nearest_time,station_count,incident_freq,efficiency,expected_served
1093.5,0,0.0,0.018453659593487656,0.0
1042.7,0,0.0,0.018453659593487656,0.0
974.4,0,0.0,0.018453659593487656,0.0
899.3,0,0.0,0.018453659593487656,0.0
936.8,0,0.0,0.018453659593487656,0.0
901.2,0,0.0,0.018453659593487656,0.0
983.3,0,0.0,0.018453659593487656,0.0
1060.6,0,0.0,0.018453659593487656,0.0
1145.7,0,0.0,0.018453659593487656,0.0
1140.4,0,0.0,0.018453659593487656,0.0
794.6,0,0.0,0.018453659593487656,0.0
749.0,0,0.0,0.01762316398945737,0.0
682.0,1,0.0,0.014595373084873785,0.0
615.0,1,0.0,0.01648393356535704,0.0
527.9,1,0.0,0.018964725215443148,0.0
702.2,1,0.0,0.014595373084873785,0.0
636.8,1,0.0,0.014755512701934552,0.0
587.0,1,0.0,0.01658194093973821,0.0
631.5,2,0.0,0.015122141597511893,0.0
732.9,1,0.0,0.015602836577982861,0.0
732.9,1,0.0,0.015602836577982861,0.0
648.6,1,0.0,0.014616623813184551,0.0
525.5,2,0.0,0.018425310684234305,0.0
563.7,2,0.0,0.018148688018075457,0.0
518.2,2,0.0,0.018301731426623186,0.0
447.5,2,0.0,0.04633533163698652,0.0
491.0,3,0.0,0.07340291591310417,0.0
542.5,3,0.0,0.05649382199939236,0.0
608.3,2,0.0,0.018155853665680743,0.0
783.7,0,0.0,0.01915152494682099,0.0
704.3,2,0.0,0.01482790569520603,0.0
707.7,2,0.0,0.015084315951872696,0.0
602.6,3,0.0,0.05950778871782602,0.0
627.3,3,0.0,0.04953310439035163,0.0
746.5,0,0.0,0.01762316398945737,0.0
896.6,0,0.0,0.018453659593487656,0.0
611.7,1,0.0,0.016586135574459607,0.0
555.5,1,0.0,0.018700125048714537,0.0
611.1,1,0.0,0.016586135574459607,0.0
522.6,1,0.0,0.01862768817877648,0.0
541.5,1,0.0,0.018575961496685146,0.0
607.2,2,0.0,0.018155853665680743,0.0
612.0,2,0.0,0.01648918699901408,0.0
571.4,2,0.0,0.01779560686488198,0.0
574.0,2,0.0,0.017747887271328523,0.0
689.7,3,0.0,0.03951664626568466,0.0
606.2,3,0.0,0.05709112205115935,0.0
641.3,3,0.0,0.0460656747717732,0.0
543.5,4,0.0,0.05670007990074894,0.0
527.9,2,0.0,0.018425310684234305,0.0
619.7,2,0.0,0.015898889751578178,0.0
525.6,2,3.4165023898434215e-06,0.013978630867537015,4.775802576567923e-08
382.5,3,3.416502389843422e-05,0.1199624627170454,4.09852040564288e-06
343.6,2,1.3666009559373686e-05,0.07723902318032329,1.0555492291389838e-06
474.8,2,0.0,0.03812974935020949,0.0
458.6,1,0.0,0.047523876980682576,0.0
371.6,1,0.0,0.2468998520188424,0.0
395.1,1,0.0,0.31420741939082075,0.0
240.3,2,0.0,0.4164009566264805,0.0
229.7,2,0.0,0.3997773488289501,0.0
303.5,2,0.0,0.2214203957463316,0.0
344.7,2,0.0,0.1599306781164286,0.0
431.7,1,0.0,0.13113401243148545,0.0
456.1,1,0.0,0.04904974393641363,0.0
493.1,1,0.0,0.09452443295639648,0.0
722.3,1,0.0,0.01752591350131619,0.0
932.8,0,0.0,0.018453659593487656,0.0
753.3,0,0.0,0.017146973512790705,0.0
703.3,1,0.0,0.014595373084873785,0.0
951.5,0,0.0,0.018453659593487656,0.0
873.2,0,0.0,0.018453659593487656,0.0
1133.8,0,0.0,0.018453659593487656,0.0
1004.7,0,0.0,0.018453659593487656,0.0
993.4,0,0.0,0.018453659593487656,0.0
933.7,0,0.0,0.018453659593487656,0.0
859.2,0,0.0,0.018453659593487656,0.0
909.7,0,0.0,0.018453659593487656,0.0
927.5,0,0.0,0.018453659593487656,0.0
1093.0,0,0.0,0.018453659593487656,0.0
1111.9,0,0.0,0.018453659593487656,0.0
1067.2,0,0.0,0.018453659593487656,0.0
795.9,0,0.0,0.018453659593487656,0.0
729.4,1,0.0,0.015602836577982861,0.0
876.3,0,0.0,0.018453659593487656,0.0
636.5,1,0.0,0.014755512701934552,0.0
626.8,1,0.0,0.01662316326137607,0.0
488.5,1,0.0,0.036711881076018964,0.0
534.6,1,0.0,0.018741956715292763,0.0
528.9,1,0.0,0.018964725215443148,0.0
574.9,1,0.0,0.017913037040294944,0.0
732.9,1,0.0,0.015602836577982861,0.0
681.0,1,0.0,0.014595373084873785,0.0
674.2,1,0.0,0.016207094699873782,0.0
685.2,1,0.0,0.014595373084873785,0.0
691.7,1,0.0,0.014595373084873785,0.0
768.1,0,0.0,0.01915152494682099,0.0
396.8,2,0.0,0.3130351414530102,0.0
461.4,2,0.0,0.04508088883551965,0.0
494.7,3,0.0,0.06699142335574772,0.0
546.4,3,0.0,0.058160488666059024,0.0
584.8,3,0.0,0.055936391133060884,0.0
591.2,3,0.0,0.05486009942135452,0.0
570.1,3,0.0,0.05590639491455562,0.0
600.8,3,0.0,0.05486009942135452,0.0
664.6,3,0.0,0.03953789699399542,0.0
561.9,3,0.0,0.05872278259237247,0.0
539.4,3,0.0,0.05649382199939236,0.0
619.7,3,0.0,0.06483763032205679,0.0
499.0,1,0.0,0.027967713034696296,0.0
469.9,3,0.0,0.07486239118116086,0.0
427.9,3,0.0,0.2228554402832149,0.0
516.6,2,0.0,0.018301731426623186,0.0
577.4,2,0.0,0.017747887271328523,0.0
573.1,2,0.0,0.01779560686488198,0.0
504.7,3,0.0,0.06096710495272928,0.0
530.4,2,0.0,0.018425310684234305,0.0
643.3,3,0.0,0.0460656747717732,0.0
607.5,3,0.0,0.05642445538449269,0.0
533.8,4,0.0,0.05637797988102324,0.0
506.1,4,0.0,0.060152287324154896,0.0
429.3,4,0.0,0.18504946800990463,0.0
430.6,3,0.0,0.19825573864593452,0.0
405.0,3,2.3915516728903952e-05,0.0655727316651648,1.5682057610981784e-06
347.8,3,5.1247535847651325e-05,0.07333887693003266,3.7584367244983375e-06
313.8,2,2.7332019118747372e-05,0.19221106926795622,5.253516620066655e-06
510.5,1,3.4165023898434215e-06,0.017750696018250748,6.064529536773779e-08
456.5,1,0.0,0.04904974393641363,0.0
325.2,2,0.0,0.12717867359955096,0.0
203.2,2,1.0249507169530265e-05,0.34067120936277656,3.4917120028163243e-06
177.1,3,3.4165023898434215e-06,0.25682739869815574,8.774514214295184e-07
287.5,2,0.0,0.26480790818702604,0.0
344.1,2,0.0,0.16190966108777785,0.0
372.1,1,0.0,0.2510286274827312,0.0
466.1,1,0.0,0.039473023477033804,0.0
450.3,1,0.0,0.04817047849338595,0.0
534.8,1,0.0,0.018741956715292763,0.0
628.0,1,0.0,0.01488960898717965,0.0
730.3,1,0.0,0.015602836577982861,0.0
642.4,1,0.0,0.014616623813184551,0.0
695.3,1,0.0,0.014595373084873785,0.0
761.4,0,0.0,0.018292913074720533,0.0
824.5,0,0.0,0.018453659593487656,0.0
1075.7,0,0.0,0.018453659593487656,0.0
984.2,0,0.0,0.018453659593487656,0.0
1160.8,0,0.0,0.018453659593487656,0.0
916.8,0,0.0,0.018453659593487656,0.0
826.5,0,0.0,0.018453659593487656,0.0
854.4,0,0.0,0.018453659593487656,0.0
767.3,0,0.0,0.01915152494682099,0.0
931.8,0,0.0,0.018453659593487656,0.0
876.4,0,0.0,0.018453659593487656,0.0
961.5,0,0.0,0.018453659593487656,0.0
855.5,0,0.0,0.018453659593487656,0.0
766.6,0,0.0,0.018292913074720533,0.0
939.9,0,0.0,0.018453659593487656,0.0
788.2,0,0.0,0.01915152494682099,0.0
701.8,1,0.0,0.014595373084873785,0.0
514.2,1,0.0,0.018841145957832036,0.0
484.0,1,0.0,0.03718807155268562,0.0
526.9,1,0.0,0.018964725215443148,0.0
598.5,1,0.0,0.017373529713071545,0.0
582.0,1,0.0,0.018754761566395575,0.0
628.0,1,0.0,0.01488960898717965,0.0
601.9,1,0.0,0.021636014288795493,0.0
592.4,2,0.0,0.016541713277438457,0.0
582.2,2,0.0,0.018589611797429156,0.0
664.0,1,0.0,0.014616623813184551,0.0
434.1,2,0.0,0.1219459920459958,0.0
358.3,3,0.0,0.18434400261212922,0.0
432.4,2,0.0,0.12742715563104937,0.0
530.8,3,0.0,0.057455633868983697,0.0
531.8,3,0.0,0.05653653679433332,0.0
525.7,3,0.0,0.05674369682815036,0.0
501.3,3,0.0,0.06913885031167073,0.0
517.9,3,3.4165023898434215e-06,0.02124850873449938,7.259558087202595e-08
504.1,3,1.708251194921711e-05,0.016257149462410834,2.777129499518416e-07
532.4,3,1.708251194921711e-05,0.059916327494843526,1.0235213803838701e-06
479.6,3,6.491354540702501e-05,0.038329543463139056,2.488106560025016e-06
517.4,3,1.708251194921711e-05,0.03387406947673668,5.786541966049648e-07
505.4,1,0.0,0.023484219971677864,0.0
446.6,3,0.0,0.08391981830016342,0.0
461.1,3,0.0,0.08268520594054735,0.0
561.8,2,0.0,0.02040439644845642,0.0
532.2,2,0.0,0.01821815065041725,0.0
478.9,4,0.0,0.07752609505706644,0.0
467.4,4,0.0,0.07545990392856827,0.0
501.4,4,0.0,0.06934510821302732,0.0
541.2,3,0.0,0.05649382199939236,0.0
526.7,4,0.0,0.05694995472950695,0.0
480.0,4,0.0,0.07443752603235776,0.0
529.5,4,0.0,0.05694995472950695,0.0
387.7,5,0.0,0.2856071736966869,0.0
506.6,2,6.833004779686843e-06,0.01710953636541515,1.1690954376310759e-07
385.5,4,0.00013666009559373687,0.08168537623743208,1.116313132521783e-05
343.6,4,9.566206691561581e-05,0.08588178043205455,8.215628626523427e-06
269.1,2,3.416502389843422e-05,0.46482796381112385,1.5880858492267564e-05
542.7,1,4.4414531067964485e-05,0.02169032711930998,9.633657077149057e-07
185.5,2,4.7831033457807905e-05,0.5728838854350958,2.740162829168506e-05
168.0,2,3.758152628827764e-05,0.5824770228578567,2.189037554685024e-05
192.8,2,3.758152628827764e-05,0.5712315973149238,2.1467755291185636e-05
159.0,3,2.049901433906053e-05,0.44854796722185225,9.194791211837201e-06
367.0,2,0.0,0.20721083878598168,0.0
250.9,2,0.0,0.4139489700803207,0.0
313.0,2,0.0,0.1621419471739256,0.0
370.8,1,0.0,0.23781780909862016,0.0
434.0,1,0.0,0.12565284884643185,0.0
601.5,1,0.0,0.020969347622128827,0.0
634.6,1,0.0,0.014755512701934552,0.0
768.4,0,0.0,0.01915152494682099,0.0
634.9,1,0.0,0.014755512701934552,0.0
658.7,1,0.0,0.014616623813184551,0.0
703.1,1,0.0,0.014595373084873785,0.0
676.6,1,0.0,0.01515092864154045,0.0
1164.0,0,0.0,0.018453659593487656,0.0
1235.2,0,0.0,0.018453659593487656,0.0
1146.3,0,0.0,0.018453659593487656,0.0
988.2,0,0.0,0.018453659593487656,0.0
929.3,0,0.0,0.018453659593487656,0.0
841.2,0,0.0,0.018453659593487656,0.0
754.3,0,0.0,0.017606743627790706,0.0
737.0,1,0.0,0.015602836577982861,0.0
854.4,0,0.0,0.018453659593487656,0.0
885.9,0,0.0,0.018453659593487656,0.0
950.2,0,0.0,0.018453659593487656,0.0
790.4,0,0.0,0.01915152494682099,0.0
668.6,2,0.0,0.014849156423516797,0.0
682.2,2,0.0,0.01482790569520603,0.0
726.7,1,0.0,0.015602836577982861,0.0
575.8,1,0.0,0.017913037040294944,0.0
547.0,1,0.0,0.020164628176492318,0.0
406.3,2,0.0,0.3288301253866068,0.0
598.6,1,0.0,0.01804019637973821,0.0
522.0,1,0.0,0.01862768817877648,0.0
488.0,1,0.0,0.036711881076018964,0.0
542.2,1,0.0,0.018575961496685146,0.0
505.1,2,0.0,0.02294480544046902,0.0
439.1,2,0.0,0.04571520316119385,0.0
420.1,2,1.0249507169530265e-05,0.03334190496243399,3.417380939582639e-07
398.9,2,0.0,0.31280423068459745,0.0
362.5,3,0.0,0.19293696364167554,0.0
448.7,2,0.0,0.04633533163698652,0.0
566.8,3,0.0,0.05646707416199152,0.0
547.4,3,2.049901433906053e-05,0.05184873128272862,1.0628478860267502e-06
507.3,3,1.0249507169530265e-05,0.011251685924923248,1.1532423555680359e-07
509.9,3,2.7332019118747372e-05,0.04247432225175914,1.1609089878409179e-06
597.8,3,2.3915516728903952e-05,0.012013744010059479,2.873148958493471e-07
510.9,3,7.516305257655528e-05,0.025480500980805024,1.915192234897216e-06
549.2,3,7.174655018671185e-05,0.03999612336825428,2.8695838725143747e-06
443.9,4,0.0004714773297983922,0.051841816940749755,2.4442241423121746e-05
503.1,3,0.00011957758364451976,0.03618680086865175,4.327130207698785e-06
413.3,3,0.0,0.2685147258960923,0.0
436.3,3,0.0,0.1462504193592258,0.0
462.6,3,0.0,0.08007978422867318,0.0
524.5,2,0.0,0.018425310684234305,0.0
489.8,3,0.0,0.07577070036353062,0.0
432.4,4,0.0,0.13925259921441893,0.0
410.2,5,0.0,0.27598437174708884,0.0
539.6,3,0.0,0.05649382199939236,0.0
439.7,4,0.0,0.08392569260066704,0.0
437.5,4,0.0,0.0878145752896906,0.0
420.5,4,3.4165023898434215e-06,0.03880670197388947,1.325831900357348e-07
447.8,3,2.7332019118747372e-05,0.026111897972895204,7.136908946219525e-07
386.1,5,1.708251194921711e-05,0.11093345986366747,1.895022153689096e-06
353.7,5,4.4414531067964485e-05,0.09550787548407796,4.241937502922864e-06
315.5,5,0.00016740861710232767,0.2056200614337147,3.442257013311384e-05
378.6,4,0.00018449112905154477,0.12201014097183675,2.2509788663632303e-05
300.4,4,9.224556452577238e-05,0.36089922114434797,3.3291352391371946e-05
224.1,4,0.0001400765979835803,0.5361673207918525,7.510449424649364e-05
219.7,2,0.00015374260754295397,0.5244985528372392,8.063777516570297e-05
84.5,3,0.00010249507169530265,0.7089688161060477,7.26658096365232e-05
99.1,3,7.174655018671185e-05,0.4924015736314315,3.532811421456339e-05
252.8,2,1.3666009559373686e-05,0.38603860208668145,5.275607226403843e-06
204.4,2,0.0,0.38819502081731155,0.0
398.6,2,0.0,0.31278003331618476,0.0
346.1,2,0.0,0.16397858822838451,0.0
389.9,1,0.0,0.30159637629687297,0.0
439.1,1,0.0,0.04793293683986121,0.0
486.0,2,0.0,0.035522843047029816,0.0
489.8,2,0.0,0.039040929897075825,0.0
513.5,1,0.0,0.01916010880421732,0.0
536.8,1,0.0,0.01861809512895943,0.0
560.4,1,0.0,0.020804922089665265,0.0
583.1,1,0.0,0.018261278347148257,0.0
637.5,1,0.0,0.014616623813184551,0.0
1190.1,0,0.0,0.018453659593487656,0.0
1171.8,0,0.0,0.018453659593487656,0.0
1052.6,0,0.0,0.018453659593487656,0.0
951.8,0,0.0,0.018453659593487656,0.0
959.3,0,0.0,0.018453659593487656,0.0
948.2,0,0.0,0.018453659593487656,0.0
820.5,0,0.0,0.018453659593487656,0.0
719.8,1,0.0,0.025009961711154903,0.0
742.9,1,0.0,0.015997498167760638,0.0
851.6,0,0.0,0.018453659593487656,0.0
811.1,0,0.0,0.018453659593487656,0.0
854.0,0,0.0,0.018453659593487656,0.0
686.2,2,0.0,0.01482790569520603,0.0
616.5,2,0.0,0.016386984989911514,0.0
665.7,1,0.0,0.014616623813184551,0.0
623.1,2,0.0,0.015594544414355956,0.0
533.4,1,0.0,0.01825386147695943,0.0
516.3,1,0.0,0.018841145957832036,0.0
367.3,3,0.0,0.19825623859897984,0.0
343.4,3,0.0,0.14921402286463545,0.0
446.4,2,3.4165023898434215e-06,0.02469669223591774,8.437630804524043e-08
483.6,1,3.416502389843422e-05,0.02809974913736923,9.60028600818226e-07
387.5,2,8.882906213592897e-05,0.10719889101521939,9.522376950893601e-06
402.1,2,8.541255974608554e-05,0.07469137727507112,6.3795817240244285e-06
363.6,2,7.174655018671185e-05,0.11165315514044648,8.010728698788767e-06
291.7,3,4.4414531067964485e-05,0.30840147220295083,1.3697506768563946e-05
316.9,3,3.416502389843422e-05,0.20830425441311134,7.11671983016947e-06
378.5,2,3.416502389843422e-05,0.10207275793442078,3.487318214208577e-06
513.8,3,5.1247535847651325e-05,0.03458771835694149,1.7725353363858265e-06
496.6,3,7.516305257655528e-05,0.04429904043716446,3.329651105469541e-06
496.9,3,9.224556452577238e-05,0.04548864566883382,4.196125799234407e-06
558.2,3,0.00011616108125467634,0.04733452684678418,5.498429819200956e-06
520.0,3,0.00010249507169530265,0.03698570738639791,3.790852730270339e-06
519.6,3,0.00016399211471248423,0.03828006670503696,6.27762909029397e-06
468.6,3,0.00013324359320389343,0.049679780814116184,6.6195125052546865e-06
404.5,4,0.00029040270313669084,0.08017688455928053,2.3283584005093475e-05
388.9,4,9.907856930545922e-05,0.123593008262305,1.2245418434786981e-05
339.3,5,3.758152628827764e-05,0.060597067135605975,2.277330271549301e-06
371.8,3,0.0,0.242912749591214,0.0
366.0,5,0.0,0.18814893011303663,0.0
386.4,5,0.0,0.2860502653291314,0.0
513.7,2,0.0,0.018620694273008467,0.0
436.6,5,0.0,0.14264042162735696,0.0
376.6,5,0.0,0.2389310405432516,0.0
444.4,5,0.0,0.08390013128152021,0.0
412.0,4,3.4165023898434215e-06,0.024859578148081506,8.493280815341976e-08
382.8,5,6.491354540702501e-05,0.10310590299289794,6.692969715661797e-06
430.7,4,6.833004779686844e-05,0.07521851849565873,5.139684964017994e-06
412.6,4,0.00013324359320389343,0.10166622847408698,1.3546373589375332e-05
353.7,5,0.0002801531959671606,0.11785292616262848,3.3016873918542164e-05
312.8,5,0.00019132413383123162,0.2101791102499211,4.021233621798509e-05
293.6,5,0.00013324359320389343,0.25922374865232173,3.4539903714218275e-05
322.8,5,0.00029040270313669084,0.12516371181015218,3.634788024428995e-05
240.9,5,0.00014690960276326714,0.3533730981073829,5.1913901470180644e-05
174.1,4,0.00020157364100076189,0.5184063092574361,0.00010449704727478837
157.8,3,0.00035189974615387244,0.6539953054878047,0.00023014078198698272
0.0,3,0.0003006522103062211,0.6666310736453119,0.0002004241057502723
121.3,3,5.808054062733817e-05,0.5247525218599335,3.0477910165184028e-05
151.9,3,6.833004779686843e-06,0.479001193494531,3.273017444623833e-06
342.0,3,0.0,0.14814531638394632,0.0
366.2,2,0.0,0.20458123901330705,0.0
417.6,2,0.0,0.23487736339151596,0.0
455.0,3,0.0,0.08449108813746077,0.0
514.6,1,0.0,0.018841145957832036,0.0
506.2,2,0.0,0.02188996015973191,0.0
1015.3,0,0.0,0.018453659593487656,0.0
670.4,1,0.0,0.015202642277298027,0.0
672.5,1,0.0,0.015739258439873782,0.0
641.0,1,0.0,0.014616623813184551,0.0
744.6,1,0.0,0.016978185956590865,0.0
682.0,1,0.0,0.014595373084873785,0.0
1180.9,0,0.0,0.018453659593487656,0.0
1148.1,0,0.0,0.018453659593487656,0.0
1113.7,0,0.0,0.018453659593487656,0.0
1008.6,0,0.0,0.018453659593487656,0.0
1080.9,0,0.0,0.018453659593487656,0.0
982.0,0,0.0,0.018453659593487656,0.0
840.2,0,0.0,0.018453659593487656,0.0
774.5,0,0.0,0.01915152494682099,0.0
718.2,1,0.0,0.01753821787115949,0.0
713.4,1,0.0,0.01572678334154045,0.0
720.8,1,0.0,0.02417662837782157,0.0
673.3,2,0.0,0.01643962731020603,0.0
670.3,2,0.0,0.015435174887630273,0.0
722.6,1,0.0,0.01752591350131619,0.0
614.0,2,0.0,0.01648918699901408,0.0
664.3,2,0.0,0.014849156423516797,0.0
707.9,1,0.0,0.014851783341540453,0.0
459.4,1,0.0,0.048452037900682574,0.0
399.4,2,3.4165023898434215e-06,0.1505328535423242,5.142958538773004e-07
353.0,3,0.0,0.18242529082954229,0.0
305.9,3,3.074852150859079e-05,0.2481907629096187,7.631499011559969e-06
369.0,2,9.224556452577238e-05,0.14034519079368515,1.294622135324072e-05
338.9,2,0.00024257166967888295,0.20656097834500192,5.01058414076507e-05
376.8,2,0.00022890566011950924,0.13280947458501402,3.040084045000782e-05
283.4,3,0.00015374260754295397,0.32528106883719704,5.000955970738978e-05
255.0,3,0.00014690960276326714,0.44000468090563144,6.464091288582443e-05
270.6,3,0.0002562376792382566,0.40955988874973565,0.00010494467540231082
303.8,3,0.0002630706840179435,0.33897356192353617,8.917400679922339e-05
412.7,3,0.0003553162485437159,0.08283551927547377,2.9432805955132004e-05
397.1,4,0.0003928977748319935,0.09741128687922668,3.827267785836913e-05
393.8,4,0.0001708251194921711,0.11663850089058524,1.9924785852021926e-05
435.7,4,8.541255974608554e-05,0.07092914905759302,6.058240181620672e-06
434.6,3,0.00019815713861091845,0.06142372143140821,1.2171548881681999e-05
486.5,3,0.0002562376792382566,0.045230483060037616,1.1589754010129318e-05
472.9,3,0.00022548915772966583,0.05254584339662537,1.1848517969699979e-05
396.0,3,0.00013324359320389343,0.10796538844390834,1.438569629792046e-05
416.2,3,0.00010932807647498949,0.048030830014588376,5.251118256992139e-06
484.6,2,4.4414531067964485e-05,0.027973045514474004,1.2424096990681903e-06
384.8,3,3.4165023898434215e-06,0.10034705845700151,3.428359650321032e-07
390.0,3,0.0,0.2934900691881057,0.0
471.4,2,0.0,0.0379841548022333,0.0
516.3,2,0.0,0.018301731426623186,0.0
402.4,4,0.0,0.31054416304531596,0.0
378.9,4,0.0,0.2457634468539729,0.0
521.2,2,0.0,0.017940620315512076,0.0
501.3,3,3.4165023898434215e-06,0.032050184530318444,1.0949953204275562e-07
372.4,4,7.516305257655528e-05,0.07374854305180882,5.543165618847457e-06
330.7,5,0.0001400765979835803,0.10435259288294423,1.46173562018084e-05
309.7,5,0.0002084066457804487,0.26540658399071954,5.53124959375528e-05
295.1,5,0.00041339678917105404,0.29338834648063694,0.00012128580041530003
252.7,5,0.00021523965056013556,0.3764915645809074,8.103591279923321e-05
276.6,5,0.00012982709081405002,0.33307044713161604,4.324156718723256e-05
296.5,5,6.833004779686844e-05,0.2592976929540172,1.7717823753165713e-05
265.1,5,7.174655018671185e-05,0.37265014797579854,2.673636254383123e-05
176.2,4,4.7831033457807905e-05,0.46868592543918736,2.2417732180885432e-05
130.6,3,0.00024257166967888295,0.5713813075514153,0.00013860091779605013
74.3,4,0.0003621492533234027,0.6827636593993389,0.0002472623494478246
170.5,3,0.00010591157408514608,0.5595704429824171,5.9264986427790274e-05
299.7,3,6.149704301718158e-05,0.34653322379292434,2.1310768570476082e-05
329.5,3,5.808054062733817e-05,0.13897592976410328,8.071797134886097e-06
438.2,2,1.3666009559373686e-05,0.027994899610236625,3.825785656872004e-07
385.8,3,3.4165023898434215e-06,0.30067162548272347,1.027245327019831e-06
426.9,3,0.0,0.21639224272999266,0.0
515.7,1,0.0,0.018841145957832036,0.0
532.0,3,0.0,0.05653653679433332,0.0
655.7,2,0.0,0.014849156423516797,0.0
651.7,2,0.0,0.014849156423516797,0.0
672.5,1,0.0,0.015739258439873782,0.0
643.7,1,0.0,0.014616623813184551,0.0
744.6,1,0.0,0.016978185956590865,0.0
682.4,1,0.0,0.014595373084873785,0.0
1304.0,0,0.0,0.018453659593487656,0.0
1091.5,0,0.0,0.018453659593487656,0.0
1065.2,0,0.0,0.018453659593487656,0.0
1062.3,0,0.0,0.018453659593487656,0.0
1087.4,0,0.0,0.018453659593487656,0.0
950.8,0,0.0,0.018453659593487656,0.0
929.7,0,0.0,0.018453659593487656,0.0
858.6,0,0.0,0.018453659593487656,0.0
852.5,0,0.0,0.018453659593487656,0.0
726.9,1,0.0,0.015602836577982861,0.0
636.0,2,0.0,0.014988045312266796,0.0
613.1,2,0.0,0.01648918699901408,0.0
692.0,2,0.0,0.01482790569520603,0.0
621.0,2,0.0,0.015594544414355956,0.0
561.4,2,0.0,0.02040439644845642,0.0
611.5,2,0.0,0.01648918699901408,0.0
643.3,2,0.0,0.014849156423516797,0.0
648.8,2,0.0,0.014849156423516797,0.0
681.9,2,3.4165023898434215e-06,0.0731684815326559,2.499802920175331e-07
379.2,3,1.0249507169530265e-05,0.17932714601170677,1.838014868738389e-06
340.8,3,2.7332019118747372e-05,0.060577593350192166,1.655707939615156e-06
288.1,3,6.149704301718158e-05,0.33376158580248744,2.052535059957831e-05
300.1,3,0.00016399211471248423,0.34978028445005216,5.736120853169832e-05
256.4,3,0.00019474063622107503,0.41506161587758433,8.082936314694823e-05
213.4,4,0.0002801531959671606,0.5615628371585664,0.00015732362356635853
219.8,3,0.0005295578704257304,0.5668512417393008,0.000300180536423645
221.2,4,0.00030406871269606455,0.5033213787406603,0.00015304428370608092
251.8,3,0.000283569698357004,0.4263800676007163,0.0001209084671549741
320.7,3,0.00032798422942496847,0.2891701625400074,9.48432529333772e-05
341.2,4,0.0004543948178491751,0.21742047259746017,9.879473604260449e-05
397.4,4,0.0002391551672890395,0.08897359077276701,2.1278493985567636e-05
388.4,4,0.00013666009559373687,0.12043336590498015,1.645843529725008e-05
440.7,3,0.0002391551672890395,0.05467513087803194,1.3075840071685859e-05
462.6,3,0.0002699036887976303,0.05439572838763843,1.4681607746657589e-05
432.8,4,0.0003109017174757514,0.06529995307542857,2.0301867562236715e-05
437.5,2,0.00013666009559373687,0.053326847971269194,7.287652141466321e-06
459.4,2,0.0002084066457804487,0.0619467632674237,1.2910117149519283e-05
424.6,2,9.566206691561581e-05,0.22506352010802316,2.1530041520837755e-05
273.5,5,0.0,0.37017908580200515,0.0
444.9,2,0.0,0.04568582531768318,0.0
471.4,2,0.0,0.0379841548022333,0.0
399.4,4,0.0,0.29561631918789977,0.0
323.6,5,0.0,0.12673656787973095,0.0
318.3,4,0.0,0.16100181088241064,0.0
437.8,4,0.0,0.08392569260066704,0.0
392.7,4,3.4165023898434215e-06,0.04757562044082727,1.625422209343699e-07
366.0,6,9.907856930545922e-05,0.07627266670971761,7.556986694710949e-06
274.0,6,0.0003143182198655948,0.20917382580899538,6.574714457075944e-05
358.3,5,0.00022207265533982242,0.16334179740623003,3.627374667798082e-05
231.2,5,0.00015374260754295397,0.5010775540933523,7.703696974755755e-05
200.5,5,0.00026648718640778687,0.6198450250953371,0.00016518075674652044
243.6,5,0.00022207265533982242,0.5073548375710778,0.00011266963597891355
318.6,5,5.808054062733817e-05,0.23132609474216248,1.3435544643835646e-05
270.5,5,0.00011274457886483292,0.36682699249909184,4.135775478556333e-05
391.2,4,0.00010591157408514608,0.10998155644057728,1.1648319762955874e-05
149.4,4,0.0002391551672890395,0.6081664491415152,0.00014544614888402021
137.9,4,0.0002528211768484132,0.5993665287011005,0.00015153255114976047
186.6,4,0.00027673669357731714,0.5886608764353745,0.00016290406458305116
236.2,3,0.00010932807647498949,0.5491798220780417,6.0040773586669265e-05
282.4,3,0.0001879076314413882,0.3780173936019821,7.103235307539544e-05
479.2,2,0.00018449112905154477,0.06350881262786182,1.171681254643723e-05
385.6,3,0.00010932807647498949,0.08580748862367567,9.381167678376005e-06
551.9,2,0.0,0.019966266074172352,0.0
482.2,3,0.0,0.07330515827847936,0.0
553.4,3,0.0,0.05828465221808841,0.0
1055.5,0,0.0,0.018453659593487656,0.0
678.8,1,0.0,0.01515092864154045,0.0
678.8,1,0.0,0.01515092864154045,0.0
678.8,1,0.0,0.01515092864154045,0.0
733.8,1,0.0,0.015602836577982861,0.0
730.3,1,0.0,0.015602836577982861,0.0
1185.7,0,0.0,0.018453659593487656,0.0
1151.1,0,0.0,0.018453659593487656,0.0
1166.5,0,0.0,0.018453659593487656,0.0
1132.4,0,0.0,0.018453659593487656,0.0
1070.0,0,0.0,0.018453659593487656,0.0
1050.8,0,0.0,0.018453659593487656,0.0
951.5,0,0.0,0.018453659593487656,0.0
897.9,0,0.0,0.018453659593487656,0.0
876.5,0,0.0,0.018453659593487656,0.0
801.3,0,0.0,0.018453659593487656,0.0
710.6,1,0.0,0.014851783341540453,0.0
657.3,2,0.0,0.014849156423516797,0.0
562.9,2,0.0,0.02040439644845642,0.0
544.9,2,0.0,0.0181754358554763,0.0
521.6,2,0.0,0.017940620315512076,0.0
579.2,2,0.0,0.01824788727132852,0.0
565.3,2,0.0,0.018148688018075457,0.0
564.9,2,0.0,0.018148688018075457,0.0
646.9,2,0.0,0.014849156423516797,0.0
392.9,3,6.833004779686843e-06,0.03185224031353526,2.1764651030612037e-07
341.9,3,1.3666009559373686e-05,0.08287925702836116,1.1326287188233723e-06
333.2,3,6.491354540702501e-05,0.16571341839836926,1.0757045509755876e-05
254.4,3,0.00021523965056013556,0.45558447456362955,9.80598431056986e-05
211.7,4,0.00022890566011950924,0.5795965684412037,0.00013267293510203605
177.7,4,0.0008848741189694462,0.6385372737611278,0.00056502510754853
128.4,4,0.0006628014636296238,0.6734669481386824,0.00044637487893249464
158.0,5,0.00032798422942496847,0.6657171742949373,0.00021834473442609243
212.7,4,0.0003177347222554382,0.5395722317484997,0.00017144083319135648
287.0,4,0.00035189974615387244,0.37642944702354014,0.00013246542685242636
303.7,4,0.00040656378439136716,0.34986351356540407,0.0001422418340956111
373.8,4,0.00032115122464528164,0.1485708547606179,4.771371195296871e-05
336.6,4,0.00016057561232264082,0.2919197981471438,4.6875200336579324e-05
366.1,4,0.0001400765979835803,0.18021533239793702,2.5243950666783117e-05
387.3,4,0.00019132413383123162,0.0996173703358827,1.9059207094057782e-05
429.6,4,0.0001708251194921711,0.06870141395611089,1.1735927248333752e-05
335.7,3,0.00011274457886483292,0.1854399057480146,2.0907344078294216e-05
349.7,3,0.00011616108125467634,0.12283720927831784,1.4268903048076362e-05
391.7,2,6.491354540702501e-05,0.07273163618554383,4.721268368057523e-06
246.9,6,3.4165023898434215e-06,0.1457322078465683,4.978944363849588e-07
280.6,5,3.758152628827764e-05,0.1442440332933423,5.420910929140938e-06
319.9,5,1.708251194921711e-05,0.12870870179700725,2.198667936415598e-06
449.9,4,0.0,0.08371248774312638,0.0
363.4,4,0.0,0.19573192717470783,0.0
294.0,5,0.0,0.2052254281144026,0.0
394.4,4,0.0,0.2949948127035906,0.0
364.5,6,0.0,0.1890525723528991,0.0
370.0,4,7.516305257655528e-05,0.07851714674154088,5.901588428695543e-06
263.2,5,0.0003143182198655948,0.32956306695039017,0.00010358767653729248
269.6,5,0.0003553162485437159,0.34280561027341167,0.00012180440342208774
197.8,6,0.0001879076314413882,0.5368319929165679,0.00010087482827091237
145.3,5,0.00027332019118747375,0.6825793901910711,0.00018656272942765278
186.1,5,0.0003860647700523067,0.5993415151074488,0.0002313846442127583
213.2,5,0.0001742416218820145,0.5031013650292514,8.766119781375218e-05
236.1,5,0.0002528211768484132,0.525331163240322,0.0001328148429255641
198.1,5,0.0003621492533234027,0.6289337107119297,0.00022776787372424232
171.3,4,0.00047489383218823563,0.6898763430905478,0.00032761802030627625
214.9,4,0.00037239876049293297,0.4936894281180133,0.0001838493310996131
220.7,4,0.0001879076314413882,0.40742388154430925,7.655805657364787e-05
287.1,3,0.00012982709081405002,0.3353798070742503,4.354138467022727e-05
425.9,3,0.00015374260754295397,0.06412216449108268,9.858308770157264e-06
428.2,2,0.0002699036887976303,0.1208785597574438,3.262556917507887e-05
471.1,3,0.00012299408603436317,0.035950734945629906,4.4217277869013914e-06
516.5,3,7.174655018671185e-05,0.03281495171417904,2.3543595800358725e-06
824.7,0,3.4165023898434215e-06,0.012881938115642918,4.401117235790909e-08
565.6,3,0.0,0.05646707416199152,0.0
607.9,4,0.0,0.05663071328584928,0.0
597.4,2,0.0,0.016541713277438457,0.0
628.5,2,0.0,0.015122141597511893,0.0
653.8,2,0.0,0.014849156423516797,0.0
748.8,0,0.0,0.01762316398945737,0.0
760.0,0,0.0,0.018292913074720533,0.0
1192.2,0,0.0,0.018453659593487656,0.0
1145.5,0,0.0,0.018453659593487656,0.0
1141.4,0,0.0,0.018453659593487656,0.0
1093.8,0,0.0,0.018453659593487656,0.0
1082.9,0,0.0,0.018453659593487656,0.0
1116.9,0,0.0,0.018453659593487656,0.0
1090.7,0,0.0,0.018453659593487656,0.0
1023.9,0,0.0,0.018453659593487656,0.0
896.1,0,0.0,0.018453659593487656,0.0
825.4,0,0.0,0.018453659593487656,0.0
766.3,0,0.0,0.018292913074720533,0.0
671.1,2,0.0,0.015435174887630273,0.0
626.7,2,0.0,0.021855695871708318,0.0
626.3,2,0.0,0.021855695871708318,0.0
591.3,2,0.0,0.016541713277438457,0.0
510.4,2,0.0,0.019970279902271595,0.0
460.2,2,0.0,0.046003778213824745,0.0
516.7,2,0.0,0.018301731426623186,0.0
466.0,2,6.833004779686843e-06,0.013903163429162611,9.500038216423544e-08
404.0,3,1.3666009559373686e-05,0.07691315700864122,1.0510959389217002e-06
322.1,4,3.416502389843422e-05,0.12686389977350465,4.33430816761035e-06
322.2,3,0.00010932807647498949,0.1933490724147759,2.11384821753309e-05
267.3,4,0.0002869862007468474,0.39084165129223974,0.00011216616059798405
263.8,4,0.00046464432501870537,0.42681052805573766,0.00019831508971933544
0.0,4,0.0009190391428678805,0.7250367987433002,0.0006663371980647145
231.4,3,0.00038948127244215006,0.5762468571009278,0.00022443735914445917
154.4,4,0.00030406871269606455,0.668991896323334,0.00020341950471913526
259.9,3,0.00029040270313669084,0.4093056321477057,0.00011886346198476577
236.5,4,0.0003416502389843422,0.498269050609406,0.00017023374021920485
273.0,4,0.0006286364397311896,0.4012933543106994,0.0002522676255416649
329.8,4,0.00039973077961168033,0.27289216632702656,0.00010908339839582266
301.8,4,0.00041339678917105404,0.3329863119475268,0.00013765547219701858
285.2,4,0.00035873275093355927,0.3448221341113364,0.0001236989927525404
440.0,4,0.000283569698357004,0.059268941051492344,1.6806875735910737e-05
378.0,4,0.00014690960276326714,0.12451541769694979,1.8292510551761177e-05
328.4,5,9.224556452577238e-05,0.09474073845166034,8.739412902061958e-06
254.2,6,0.00014690960276326714,0.2236865680970095,3.286170486261017e-05
309.2,3,4.7831033457807905e-05,0.23829557413296465,1.1397923579201376e-05
225.0,6,4.099802867812106e-05,0.26644759982776656,1.0923826338955297e-05
257.6,5,9.566206691561581e-05,0.3211567274591374,3.0722516352596194e-05
345.7,5,9.224556452577238e-05,0.0727552408984551,6.711348268886554e-06
294.4,5,1.708251194921711e-05,0.2095390672978228,3.579453620942866e-06
299.2,5,0.0,0.2082048218252068,0.0
259.8,5,0.0,0.38526842534287514,0.0
419.2,4,0.0,0.22841685039264828,0.0
365.0,5,0.0,0.18689152270629592,0.0
344.4,5,1.708251194921711e-05,0.0846713584878843,1.4463994931257291e-06
274.1,5,0.00014690960276326714,0.2981517492401124,4.3801355044038145e-05
202.1,6,0.000348483243764029,0.42540571876344874,0.00014824676479045486
158.2,6,0.0002562376792382566,0.5281962768121484,0.00013534378815263268
108.4,5,0.0003928977748319935,0.6905133933577833,0.0002713011757419621
99.3,5,0.0005705558991038514,0.6690473666762451,0.0003817289218370292
233.5,5,0.0007550470281553962,0.5588254043439906,0.00042193946080766777
212.2,5,0.0009224556452577239,0.5858217564623718,0.0005403945863635103
299.0,4,0.0005329743728155737,0.36071670615484086,0.00019225276022697592
240.9,4,0.0005842219086632251,0.5404492674840758,0.00031574230258518866
333.5,4,0.0002938192055265343,0.25469159246688605,7.48332813529083e-05
389.5,4,3.758152628827764e-05,0.1329981896975527,4.998274962411913e-06
528.2,3,5.4664038237494744e-05,0.04303334416539311,2.3523763709443204e-06
353.0,3,7.85795549663987e-05,0.11270566366358958,8.856360892877483e-06
375.9,3,0.00011957758364451976,0.1279979802090611,1.530568918477859e-05
463.9,3,0.0001708251194921711,0.04170023816532222,7.123448167443162e-06
505.0,3,0.0001742416218820145,0.03632357039799276,6.32907781869179e-06
748.8,0,1.0249507169530265e-05,0.029638061168328633,3.0377552043576085e-07
794.0,0,0.0,0.018453659593487656,0.0
623.4,2,0.0,0.015433284859022626,0.0
599.0,2,0.0,0.017875046610771796,0.0
624.2,2,0.0,0.016948965859794985,0.0
653.8,2,0.0,0.014849156423516797,0.0
731.2,1,0.0,0.015602836577982861,0.0
773.6,0,0.0,0.01915152494682099,0.0
1225.8,0,0.0,0.018453659593487656,0.0
1169.1,0,0.0,0.018453659593487656,0.0
1187.1,0,0.0,0.018453659593487656,0.0
1201.7,0,0.0,0.018453659593487656,0.0
1208.6,0,0.0,0.018453659593487656,0.0
1165.6,0,0.0,0.018453659593487656,0.0
1067.1,0,0.0,0.018453659593487656,0.0
1010.7,0,0.0,0.018453659593487656,0.0
960.1,0,0.0,0.018453659593487656,0.0
912.4,0,0.0,0.018453659593487656,0.0
709.6,1,0.0,0.014851783341540453,0.0
705.4,1,0.0,0.014851783341540453,0.0
646.6,2,0.0,0.014849156423516797,0.0
698.8,1,0.0,0.014595373084873785,0.0
652.9,2,0.0,0.014849156423516797,0.0
442.2,2,0.0,0.04571520316119385,0.0
448.2,2,0.0,0.04633533163698652,0.0
404.7,3,6.833004779686843e-06,0.29417862307841613,2.0101239375765117e-06
368.7,4,1.0249507169530265e-05,0.16383922482042806,1.6792713094472583e-06
453.3,3,3.758152628827764e-05,0.031983553602302366,1.2019907604974633e-06
329.9,4,0.0001434931003734237,0.12558732593153438,1.802091476552354e-05
257.9,4,9.566206691561581e-05,0.40415466236096215,3.866227035503247e-05
214.1,4,0.0002801531959671606,0.5294250080199662,0.00014832010802173315
161.1,4,0.0002494046744585698,0.6688120878755348,0.00016680486105055412
138.0,4,0.0003450667413741856,0.6492149023908529,0.00022402247081957158
214.3,3,0.0002357386648991961,0.5623455015660632,0.00013256657775125252
225.2,3,0.0001400765979835803,0.5907084030629829,8.274442350137616e-05
242.1,3,0.00010932807647498949,0.5310634648031245,5.806014709306888e-05
180.2,5,0.0003314007318148119,0.5566348084075052,0.00018446918285984485
251.6,4,0.0004714773297983922,0.4337999478843071,0.0002045268410951748
287.0,4,0.0005398073775952606,0.361545200880414,0.00019516476676940798
254.3,4,0.00042022979395074086,0.3952766152826216,0.00016610701059376233
237.6,4,0.00046464432501870537,0.5389411564293991,0.00025041594985393865
246.2,5,0.00046122782262886193,0.4854066497070715,0.00022388305213396327
293.5,5,0.00027332019118747375,0.3212405026369165,8.780151559788219e-05
297.6,5,0.00010591157408514608,0.26630880283233577,2.8205184500703488e-05
220.0,7,0.00010249507169530265,0.3466956873559592,3.5534599332001266e-05
210.3,7,0.00015374260754295397,0.286015044061023,4.397269867045455e-05
197.6,6,0.00023232216250935268,0.3647638158982073,8.474271851463491e-05
266.1,5,0.00011616108125467634,0.26123015178455306,3.03447768876169e-05
331.2,5,5.4664038237494744e-05,0.09622148313066761,5.25985483312327e-06
257.5,5,3.758152628827764e-05,0.31542143546278395,1.1854018968730883e-05
283.5,5,2.049901433906053e-05,0.16427093374494295,3.3673922263284477e-06
211.5,8,4.7831033457807905e-05,0.2711937819220084,1.2971478856661043e-05
290.1,5,6.491354540702501e-05,0.23862337281334836,1.5489889146296748e-05
341.6,4,4.099802867812106e-05,0.10731378722391213,4.399653726163731e-06
345.1,5,1.708251194921711e-05,0.05837541510655721,9.971987260982725e-07
298.5,5,3.074852150859079e-05,0.26192103219182566,8.053684491902653e-06
332.7,6,0.00010591157408514608,0.13728594528929766,1.454017056535676e-05
168.3,7,0.0002562376792382566,0.4697218311028898,0.00012036043188934882
89.8,6,0.00036898225810308953,0.6910442681905792,0.0002549830745261569
0.0,6,0.0007721295401046134,0.7393992911370633,0.0005709120346193378
98.2,5,0.0012265243579537885,0.7359594625027593,0.0009026722072262122
165.4,6,0.0007618800329350831,0.6514498231196768,0.0004963266126939734
203.5,6,0.0006047209230022856,0.5134189494705861,0.00031047518101071667
273.2,4,0.0007618800329350831,0.3910572445972202,0.00029793870639323295
327.5,4,0.00046122782262886193,0.2459698328561114,0.00011344813044060937
392.7,4,0.00016399211471248423,0.09616554213988729,1.5770390617992633e-05
507.9,3,2.049901433906053e-05,0.028562619498156458,5.855055466538391e-07
440.7,4,9.224556452577238e-05,0.05304985924986663,4.893614214516716e-06
459.8,4,0.0001434931003734237,0.06885007005734009,9.879510013455156e-06
454.9,3,0.00021523965056013556,0.051036780395062,1.0985138777947522e-05
474.7,3,0.00020157364100076189,0.04055656976832754,8.175135434703209e-06
733.9,1,3.074852150859079e-05,0.07900323448732313,2.429232654881697e-06
630.3,4,0.0,0.049739362291708215,0.0
657.3,2,0.0,0.014849156423516797,0.0
609.0,2,0.0,0.018155853665680743,0.0
630.5,2,0.0,0.015122141597511893,0.0
652.9,2,0.0,0.014849156423516797,0.0
718.9,2,0.0,0.018765899591851425,0.0
790.5,0,0.0,0.01915152494682099,0.0
1235.1,0,0.0,0.018453659593487656,0.0
1326.6,0,0.0,0.018453659593487656,0.0
1282.0,0,0.0,0.018453659593487656,0.0
1268.1,0,0.0,0.018453659593487656,0.0
1180.4,0,0.0,0.018453659593487656,0.0
1106.5,0,0.0,0.018453659593487656,0.0
988.6,0,0.0,0.018453659593487656,0.0
950.9,0,0.0,0.018453659593487656,0.0
934.9,0,0.0,0.018453659593487656,0.0
820.8,0,0.0,0.018453659593487656,0.0
746.6,0,0.0,0.01762316398945737,0.0
679.3,1,0.0,0.01515092864154045,0.0
648.1,1,0.0,0.014616623813184551,0.0
669.7,1,0.0,0.015202642277298027,0.0
551.9,2,0.0,0.019966266074172352,0.0
396.0,3,0.0,0.30480485939733126,0.0
409.7,3,0.0,0.284253206845856,0.0
385.7,4,0.0,0.2808380137551685,0.0
363.3,4,1.3666009559373686e-05,0.11848776283608942,1.6192548995868002e-06
353.6,4,2.7332019118747372e-05,0.10518901516337469,2.8750281735275643e-06
338.2,4,0.00010249507169530265,0.09525584999287447,9.763255174416663e-06
281.0,4,7.516305257655528e-05,0.37728005189314784,2.8357520376530176e-05
272.0,4,0.0002084066457804487,0.37314105570103273,7.776507582162781e-05
248.6,4,0.0003621492533234027,0.43433298099666745,0.00015729336476167076
181.1,4,0.00024598817206872634,0.5799758439452521,0.00014266719769610945
192.9,4,0.00012982709081405002,0.48166032358838107,6.253255857203347e-05
263.3,5,4.4414531067964485e-05,0.38795276356700775,1.7230740070349546e-05
289.7,4,0.00012299408603436317,0.3679401860594284,4.525446689969293e-05
223.4,5,0.00037239876049293297,0.5017980960473268,0.00018686898898573825
184.1,5,0.0005637228943241645,0.5689461729945039,0.00032072798335511856
235.5,5,0.0005944714158327553,0.5155690651394298,0.0003064910721130069
162.3,4,0.0005808054062733817,0.6711276231491283,0.00038979455182441846
180.7,4,0.0006730509707991541,0.5619580222227515,0.0003782263924053955
231.4,5,0.0006013044206124422,0.5084452316790563,0.0003057303654479339
264.7,5,0.00035873275093355927,0.3318696574990686,0.00011905251518601899
267.5,6,0.0001434931003734237,0.2898379478734225,4.158974574622816e-05
264.3,6,0.00010249507169530265,0.2582420983852541,2.6468542388742018e-05
174.8,7,0.0002562376792382566,0.45883229294190564,0.0001175701219030018
174.1,6,0.0005603063919343212,0.5129499913809727,0.000287409158913414
208.5,6,0.0002630706840179435,0.44634977234653034,0.00011742153992245509
255.1,5,6.833004779686844e-05,0.3061107590258757,2.091656279537376e-05
240.0,5,9.566206691561581e-05,0.3435609060795116,3.286574638696784e-05
195.4,8,0.00016399211471248423,0.3187277519126919,5.226883805371839e-05
229.6,6,0.0001434931003734237,0.3272396680959546,4.695663454025867e-05
369.7,4,0.00016399211471248423,0.1450091314575645,2.3780354120346622e-05
327.3,5,7.516305257655528e-05,0.09292850730520577,6.9847902804419826e-06
332.8,5,3.758152628827764e-05,0.09312148619195632,3.4996475813264893e-06
355.9,6,3.416502389843422e-05,0.09138158046395412,3.122053880427682e-06
271.6,7,0.0001400765979835803,0.2016949490738116,2.825274229673101e-05
278.4,7,0.00041339678917105404,0.35100276087477794,0.00014510341433580847
99.4,6,0.00046464432501870537,0.7260345119914261,0.0003373478157645413
79.5,6,0.0004851433393577659,0.7337801176335921,0.00035598853662309514
105.9,6,0.0011786933244959804,0.7265384641283941,0.0008563660376577004
156.6,6,0.0009668701763256883,0.6158490678665947,0.0005954460968381852
190.6,6,0.0008062945640030475,0.5559847137793054,0.0004482874523890442
232.5,6,0.0008643751046303856,0.5052645899982318,0.0004367381328457505
409.5,4,0.0003450667413741856,0.09523213085572656,3.2861441068505594e-05
273.7,4,0.0006047209230022856,0.38578717945699637,0.00023329357924368324
305.5,4,0.0001708251194921711,0.35825061465731933,6.119820405698032e-05
395.2,4,0.00012982709081405002,0.11958053196925675,1.5524792583565106e-05
394.3,4,0.000283569698357004,0.0988022813756903,2.8017333126688337e-05
404.4,4,0.0002699036887976303,0.09660575904933484,2.607425072651053e-05
491.3,3,0.000283569698357004,0.04829907031458974,1.3696152800031941e-05
568.9,3,7.85795549663987e-05,0.03489746678555059,2.7422274094632457e-06
664.6,2,3.074852150859079e-05,0.0191679548990355,5.893862734886913e-07
617.8,4,0.0,0.06504388822341339,0.0
689.5,1,0.0,0.014595373084873785,0.0
652.7,2,0.0,0.014849156423516797,0.0
642.8,3,0.0,0.0460656747717732,0.0
699.4,1,0.0,0.014595373084873785,0.0
678.1,1,0.0,0.01515092864154045,0.0
1235.0,0,0.0,0.018453659593487656,0.0
1257.7,0,0.0,0.018453659593487656,0.0
1173.8,0,0.0,0.018453659593487656,0.0
1257.7,0,0.0,0.018453659593487656,0.0
1013.9,0,0.0,0.018453659593487656,0.0
929.7,0,0.0,0.018453659593487656,0.0
911.3,0,0.0,0.018453659593487656,0.0
879.9,0,0.0,0.018453659593487656,0.0
797.4,0,0.0,0.018453659593487656,0.0
780.4,0,0.0,0.01915152494682099,0.0
759.7,0,0.0,0.018292913074720533,0.0
785.4,0,0.0,0.01915152494682099,0.0
586.9,1,0.0,0.01658194093973821,0.0
553.7,2,0.0,0.019966266074172352,0.0
618.1,1,0.0,0.015995838327023712,0.0
566.7,2,0.0,0.018148688018075457,0.0
484.3,2,0.0,0.035522843047029816,0.0
389.4,3,0.0,0.29423674760030905,0.0
313.4,3,0.0,0.16440078705406105,0.0
409.8,4,3.4165023898434215e-06,0.2371359340149072,8.101754852796823e-07
379.8,4,7.85795549663987e-05,0.07762812387866047,6.099983427261608e-06
380.3,4,0.00013324359320389343,0.13144313145747466,1.7513955137365643e-05
274.7,4,9.907856930545922e-05,0.3725240607100219,3.6909150967009003e-05
310.3,4,0.0002562376792382566,0.3189495628769705,8.172689578565133e-05
244.6,4,0.0006149704301718159,0.48565621656303004,0.00029866421241538316
243.1,4,0.0002391551672890395,0.4929873258705813,0.0001179004663899551
252.1,5,7.174655018671185e-05,0.3365793515771933,2.4148407339744034e-05
216.2,5,0.00014690960276326714,0.48856949648744064,7.177555065121935e-05
224.1,5,0.0004543948178491751,0.5462973638023602,0.00024823469111645796
124.1,5,0.0010659487456311475,0.6759251109788968,0.0007205015241885492
121.2,6,0.0007687130377147699,0.6919975904936051,0.0005319475698796405
0.0,5,0.0007413810185960226,0.7668904948187929,0.0005685580562003644
125.6,5,0.0006149704301718159,0.6382170545166694,0.00039248461655910544
335.0,5,0.0005773889038835383,0.248899514556677,0.00014371181788702453
277.1,6,0.0010010352002241226,0.3785840787316115,0.0003789759890547637
308.7,5,0.0006457189516804067,0.2930753824133435,0.00018924432869527847
269.0,5,0.0001571591099327974,0.31309388786508213,4.920555674227539e-05
189.7,6,0.00029723570791637767,0.5033990540169045,0.00014962817418514947
118.4,7,0.0005637228943241645,0.6414543926645851,0.0003616025268098291
153.5,6,0.0003621492533234027,0.5615099600859441,0.00020335041277877832
130.6,6,0.00022548915772966583,0.5609037461830041,0.00012647771329421986
106.8,8,0.0001742416218820145,0.49981486349445653,8.708855245601178e-05
152.1,8,0.00029040270313669084,0.4476611589149579,0.0001300020106382075
175.1,8,0.0004851433393577659,0.42836330195705025,0.00020781760276976239
184.7,10,0.0002630706840179435,0.46490295343277105,0.0001223023379615212
212.0,10,0.0001571591099327974,0.3609804025994939,5.673135877571933e-05
242.3,8,0.0001400765979835803,0.275767930711537,3.862863356704379e-05
317.8,7,0.00011616108125467634,0.19727265287833978,2.291540466032639e-05
281.9,8,0.0002562376792382566,0.24941923421497217,6.391060573262763e-05
241.9,9,0.0004099802867812106,0.3207893129994029,0.00013151729453984273
188.7,7,0.0006491354540702502,0.4915762961264187,0.00031909960219619454
140.6,7,0.0005022258513069829,0.6907491272244772,0.0003469120684598685
184.7,6,0.0006457189516804067,0.5319405937167389,0.0003434841225310257
222.1,6,0.000980536185885062,0.5325681539151488,0.0005222023463638087
230.5,6,0.0004270627987304277,0.5212201759453504,0.0002225937470939873
235.0,6,0.0005295578704257304,0.5125092927293073,0.0002714033296311292
336.4,4,0.00022207265533982242,0.2160635131703893,4.798179809179904e-05
378.9,4,0.00024257166967888295,0.15413246169695677,3.738816858554728e-05
249.0,4,0.00032115122464528164,0.43807566504091044,0.00014068853631518457
316.0,4,0.0002494046744585698,0.34496132897641923,8.603496795415944e-05
352.2,4,0.0002494046744585698,0.19906759992126838,4.964838995361275e-05
377.2,3,0.00030406871269606455,0.14127593066485356,4.295759037220049e-05
443.9,3,0.00017765812427185794,0.05710944865069,1.0145957525481575e-05
502.3,3,5.4664038237494744e-05,0.03682197954294079,2.0128380977155646e-06
542.6,4,7.516305257655528e-05,0.017745892962220376,1.3338354857372923e-06
537.9,4,2.7332019118747372e-05,0.006055875234708153,1.6551929769579197e-07
577.5,4,0.0,0.05677253131660117,0.0
611.4,1,0.0,0.016586135574459607,0.0
601.9,2,0.0,0.022137531186495748,0.0
656.6,1,0.0,0.014616623813184551,0.0
742.0,1,0.0,0.015997498167760638,0.0
1156.9,0,0.0,0.018453659593487656,0.0
1267.4,0,0.0,0.018453659593487656,0.0
1132.8,0,0.0,0.018453659593487656,0.0
1069.8,0,0.0,0.018453659593487656,0.0
1026.0,0,0.0,0.018453659593487656,0.0
950.1,0,0.0,0.018453659593487656,0.0
953.7,0,0.0,0.018453659593487656,0.0
1067.9,0,0.0,0.018453659593487656,0.0
805.0,0,0.0,0.018453659593487656,0.0
791.3,0,0.0,0.01915152494682099,0.0
736.2,1,0.0,0.015602836577982861,0.0
634.5,1,0.0,0.014755512701934552,0.0
560.4,2,0.0,0.02040439644845642,0.0
488.3,2,0.0,0.035522843047029816,0.0
523.7,2,0.0,0.018425310684234305,0.0
542.5,1,0.0,0.018575961496685146,0.0
637.9,1,0.0,0.014616623813184551,0.0
449.9,2,0.0,0.04551043712221859,0.0
330.1,4,0.0,0.13088105302937153,0.0
271.3,3,1.708251194921711e-05,0.18088294396640098,3.0899350517156137e-06
424.5,4,0.00013666009559373687,0.06328294626398123,8.64825348588899e-06
400.6,4,0.0002494046744585698,0.09574670076887104,2.3879674735742376e-05
374.6,4,0.0003860647700523067,0.12768753382100925,4.929565838315407e-05
331.0,4,0.00032115122464528164,0.25094871112507716,8.059248590097354e-05
296.7,4,0.0013324359320389344,0.3824811234984116,0.0005096315922759048
301.0,5,0.0005637228943241645,0.3380889014866976,0.00019058845408495852
267.0,5,0.00018107462666170135,0.350567416925293,6.347886413950442e-05
245.8,5,0.0001742416218820145,0.46041873261822064,8.022410671626034e-05
161.3,7,0.00021865615294997898,0.47948424745882223,0.0001048421809494618
134.8,6,0.00042022979395074086,0.6379196458077439,0.0002680728413149178
222.5,6,0.0003177347222554382,0.5156975250550316,0.00016385500989117736
153.5,5,0.00027673669357731714,0.6727598174367495,0.00018617732744912556
88.3,6,0.00030406871269606455,0.6938267001524094,0.00021097099154950152
143.8,6,0.0004543948178491751,0.5800229679676842,0.0002635594308780138
226.6,7,0.0012333573627334752,0.45686578635788144,0.000563478781385512
345.8,5,0.0011547778077670766,0.16293835156367917,0.00018815759241988663
281.0,5,0.0004236462963405843,0.34091592241925084,0.00014442776789644958
175.3,6,0.00019815713861091845,0.5106626657939368,0.00010119145264915026
118.5,7,0.00022890566011950924,0.6440843444608809,0.00014743455204145934
55.6,8,0.00036556575571324615,0.6560439787228032,0.0002398272128629263
53.6,8,0.00041339678917105404,0.6731435416913643,0.00027827537878644153
123.3,8,0.0003109017174757514,0.5509442756359557,0.00017128952152865238
172.7,8,0.0002357386648991961,0.4416140012965879,0.00010410549506644948
227.2,8,0.0002869862007468474,0.37475389676282356,0.00010754919704703901
272.9,6,0.0004407288082898014,0.24652309648414664,0.00010864983052936968
397.3,4,0.00023232216250935268,0.09816178526996237,2.280515822969638e-05
306.3,8,0.00013324359320389343,0.21176652105882263,2.8216532186165493e-05
317.5,7,0.00017765812427185794,0.20098841710311752,3.570722518290967e-05
206.0,9,0.0003450667413741856,0.3260286701873646,0.000112501650816113
233.6,9,0.0004714773297983922,0.3493916196772291,0.00016473022789935537
242.8,7,0.00040656378439136716,0.38663144997224413,0.00015719034546543713
221.5,7,0.0002528211768484132,0.42625656992359295,0.00010776668764745071
228.3,7,0.0003314007318148119,0.5083118090514901,0.00016845490550977476
248.4,6,0.00038948127244215006,0.4821758470703115,0.0001877984624578165
266.1,6,0.0005739724014936948,0.39573592173622185,0.0002271414973562601
210.8,6,0.0005739724014936948,0.5722508703971473,0.0003284562063387077
204.2,5,0.00038264826766246324,0.6196957430718534,0.0002371255025642476
174.7,5,0.00033823373659449873,0.6301813626666117,0.00021314859702694104
205.8,5,0.0004407288082898014,0.5550975661288682,0.0002446474888045453
240.6,5,0.00040656378439136716,0.46522564821333334,0.0001891439001335397
291.9,4,0.0002801531959671606,0.3652291159399729,0.00010232010409084404
349.8,3,0.00043389580351011457,0.1827153980191091,7.927944443717174e-05
438.7,3,0.00024257166967888295,0.05551742350050536,1.3466954114787241e-05
465.0,3,0.00011957758364451976,0.040404003957958026,4.8314131628562335e-06
518.3,2,3.758152628827764e-05,0.009930146587199843,3.731900650133014e-07
472.0,4,1.3666009559373686e-05,0.02151000617256535,2.939559499764651e-07
495.5,3,0.0,0.06588031224574772,0.0
525.3,1,0.0,0.018964725215443148,0.0
574.5,1,0.0,0.017913037040294944,0.0
584.6,1,0.0,0.017783154758111222,0.0
651.9,1,0.0,0.014616623813184551,0.0
1140.9,0,0.0,0.018453659593487656,0.0
1243.3,0,0.0,0.018453659593487656,0.0
1215.2,0,0.0,0.018453659593487656,0.0
1073.7,0,0.0,0.018453659593487656,0.0
980.0,0,0.0,0.018453659593487656,0.0
1028.1,0,0.0,0.018453659593487656,0.0
1004.2,0,0.0,0.018453659593487656,0.0
1031.3,0,0.0,0.018453659593487656,0.0
1050.9,0,0.0,0.018453659593487656,0.0
678.3,1,0.0,0.01515092864154045,0.0
641.2,2,0.0,0.014849156423516797,0.0
630.2,2,0.0,0.015122141597511893,0.0
508.4,2,0.0,0.020426051907271595,0.0
574.6,1,0.0,0.017913037040294944,0.0
410.0,3,0.0,0.284253206845856,0.0
522.6,1,0.0,0.01862768817877648,0.0
638.5,1,0.0,0.014616623813184551,0.0
296.2,3,0.0,0.23725730862248934,0.0
319.2,3,0.0,0.14854373770792692,0.0
302.7,3,0.0,0.23880173155369705,0.0
364.8,2,2.049901433906053e-05,0.1491918621639122,3.0582861217691783e-06
391.9,4,0.0001400765979835803,0.08936921574010376,1.251853570533437e-05
366.0,4,0.0002357386648991961,0.16553986169335946,3.9024145983190134e-05
357.3,4,0.000283569698357004,0.19689562322901588,5.583363248686635e-05
337.2,4,0.0006423024492905633,0.20655377296092436,0.00013266999428300865
358.5,5,0.0004099802867812106,0.164281382317678,6.735212823541533e-05
327.5,5,0.0002391551672890395,0.22656324899156832,5.418377171412683e-05
237.0,6,0.0002562376792382566,0.447956608188982,0.00011478336168178576
220.1,6,0.0002938192055265343,0.4658083893540789,0.00013686345088761002
350.3,4,0.000348483243764029,0.2015694077258097,7.02435610478843e-05
325.1,5,0.0002357386648991961,0.2544275758697507,5.9978417049073946e-05
172.6,6,0.0001708251194921711,0.4693524472962174,8.017718789331927e-05
194.8,7,0.00021523965056013556,0.416452804704779,8.963715615944502e-05
190.2,7,0.0005500568847647909,0.5195875032580878,0.0002858026834048594
245.7,7,0.00042022979395074086,0.44148637664446566,0.000185525729089363
330.4,6,0.000526141368035887,0.26242551620781973,0.0001380729201051061
276.6,6,0.0006013044206124422,0.3317363364030862,0.00019947452555695196
200.8,6,0.0002084066457804487,0.5034011706177179,0.00010491214945038997
184.0,7,0.00027673669357731714,0.4825057850456558,0.00013352705558546249
0.0,8,0.0004099802867812106,0.6798851571314604,0.00027873951169904453
81.4,8,0.00025965418162810004,0.6560929761439236,0.00017035728479259505
250.6,8,0.00032115122464528164,0.3270895020294149,0.00010504519414536193
178.8,9,0.00012299408603436317,0.46252952245090284,5.688839587775925e-05
296.5,8,0.0001742416218820145,0.23263032366634614,4.053388489456213e-05
285.7,6,0.0002801531959671606,0.2900335814501027,8.125383478104805e-05
332.5,6,0.00023232216250935268,0.2832298470849238,6.580057056196279e-05
280.5,8,0.00027673669357731714,0.25282501732581475,6.996595934837389e-05
260.8,9,0.000348483243764029,0.23933156073924608,8.340303862152021e-05
301.8,7,0.0003450667413741856,0.22499647554169916,7.763880063585078e-05
244.1,9,0.0003928977748319935,0.3530089489713811,0.00013869643054663638
223.2,9,0.00041339678917105404,0.35587612301763266,0.00014711804659813237
220.4,9,0.00022207265533982242,0.3327070913053269,7.388514721656269e-05
277.4,7,0.0003314007318148119,0.3005347216743023,9.95974266986246e-05
271.1,7,0.0004236462963405843,0.3021186078386949,0.0001279914292664365
273.3,6,0.0008165440711725778,0.38770425650714935,0.0003165776120192851
188.6,5,0.0005329743728155737,0.5946006439806358,0.0003169069053013156
108.6,5,0.00045097831545933166,0.7204957267394455,0.0003249279491406021
111.9,5,0.00025965418162810004,0.7238170442867741,0.00018794212228275258
171.2,5,0.000348483243764029,0.6787152254883176,0.0002365208833702033
232.6,4,0.0003416502389843422,0.5309823735141088,0.0001814102548075685
331.3,3,0.0003450667413741856,0.2323735624207884,8.018438796605237e-05
415.9,3,0.00016740861710232767,0.13221823748818842,2.2134472293604764e-05
351.3,5,0.0001400765979835803,0.12158043450242187,1.7030573646464763e-05
396.1,5,7.516305257655528e-05,0.05791475125906245,4.353049493843032e-06
435.8,5,6.833004779686843e-06,0.04949578461710704,3.382049328630429e-07
699.2,1,0.0,0.014595373084873785,0.0
791.8,0,0.0,0.01915152494682099,0.0
725.9,1,0.0,0.015602836577982861,0.0
600.7,3,0.0,0.05486009942135452,0.0
621.7,1,0.0,0.01569149298980149,0.0
609.4,1,0.0,0.018252802241126274,0.0
1206.2,0,0.0,0.018453659593487656,0.0
1239.3,0,0.0,0.018453659593487656,0.0
1137.8,0,0.0,0.018453659593487656,0.0
1105.1,0,0.0,0.018453659593487656,0.0
939.4,0,0.0,0.018453659593487656,0.0
960.1,0,0.0,0.018453659593487656,0.0
1145.4,0,0.0,0.018453659593487656,0.0
1151.2,0,0.0,0.018453659593487656,0.0
753.7,0,0.0,0.017146973512790705,0.0
748.7,0,0.0,0.01762316398945737,0.0
624.0,3,0.0,0.06588770643027361,0.0
541.4,2,0.0,0.0181754358554763,0.0
670.6,1,0.0,0.015202642277298027,0.0
534.5,1,0.0,0.018741956715292763,0.0
516.4,1,0.0,0.018841145957832036,0.0
342.6,3,0.0,0.14638459973138546,0.0
295.7,3,0.0,0.23758824226123532,0.0
405.1,3,0.0,0.3239488544482817,0.0
356.6,3,0.0,0.17782966815968473,0.0
201.5,4,0.0,0.29726000180588563,0.0
406.8,4,0.0,0.31488358457630683,0.0
355.9,4,1.708251194921711e-05,0.0697751697531414,1.19193517106669e-06
284.9,4,7.174655018671185e-05,0.17074446216003936,1.2250326123468386e-05
374.9,4,9.907856930545922e-05,0.1239658075740877,1.228235485723647e-05
379.3,4,0.00030406871269606455,0.1247787435010059,3.79413119081833e-05
382.6,4,0.00018107462666170135,0.13731268056870127,2.4863842369895038e-05
264.5,6,0.0001708251194921711,0.3046533396744379,5.2042443153574845e-05
288.9,6,0.0003109017174757514,0.267972214508614,8.331302172650857e-05
275.8,6,0.00043047930112027113,0.31542583885200404,0.00013578429466428596
296.1,7,0.0002801531959671606,0.2399949092232948,6.723534083475463e-05
346.0,5,0.0002699036887976303,0.22547619582844633,6.085685699015453e-05
275.7,6,0.0002630706840179435,0.25542645828493754,6.719521309729923e-05
277.7,8,0.00021523965056013556,0.2264532213162201,4.874171222432025e-05
273.8,6,0.0003177347222554382,0.34205624971238363,0.00010868314749810103
228.0,7,0.0004851433393577659,0.37174164097221246,0.00018034798107959484
236.7,7,0.0003792317652726198,0.4629514596179389,0.00017556589926644693
219.6,7,0.0004953928465272962,0.4679897949348904,0.00023183879665852097
184.4,7,0.000567139396714008,0.5463089196592538,0.0003098333111150307
48.0,8,0.0004270627987304277,0.6534826098796842,0.0002790781122968822
79.6,8,0.0005978879182225988,0.5880626209023042,0.000351595536195804
135.1,8,0.0006183869325616594,0.5658471727476875,0.00034991249745412983
138.2,9,0.00039973077961168033,0.4920186577673937,0.00019667500165285282
220.7,10,0.0002049901433906053,0.35727324496281876,7.323749371455507e-05
260.8,9,0.00035189974615387244,0.3084288854698286,0.00010853604650335448
228.2,10,0.00036898225810308953,0.36362174813833487,0.0001341699737234757
233.5,8,0.0004407288082898014,0.3521532985243853,0.00015520410359397502
195.5,11,0.0002699036887976303,0.4047629599785971,0.00010924701598687097
168.3,9,0.00021182314817029215,0.44295132828098666,9.382734484269115e-05
141.1,9,0.00015032610515311055,0.5198492950334747,7.81469197889725e-05
152.7,9,0.00033823373659449873,0.46605475895940135,0.00015763544258048676
196.5,9,0.0006833004779686843,0.40416968336220044,0.00027616933782184335
250.4,9,0.00025965418162810004,0.26954218789127427,6.998775621115639e-05
329.0,8,0.00027332019118747375,0.2001901921557415,5.4716021593864374e-05
302.3,7,0.0003245677270351251,0.27683267355873237,8.985095162601454e-05
222.0,6,0.00037239876049293297,0.46934112590814453,0.0001747820535365506
198.0,6,0.0006764674731889975,0.5486339965257783,0.0003711330533353744
156.5,5,0.0019269073478716898,0.6868270336412453,0.0013234520578402319
0.0,5,0.0003143182198655948,0.7582893005601025,0.0002383441430951784
102.3,5,0.0002391551672890395,0.750768539585399,0.00017955017567989397
197.8,5,0.0003416502389843422,0.6230400639620594,0.00021286178674945742
244.8,3,0.00046122782262886193,0.4963395240391957,0.0002289255979572439
350.4,3,0.00022548915772966583,0.18311201237844116,4.128977344139884e-05
363.6,3,0.00010249507169530265,0.10035545505365293,1.028593956073888e-05
383.9,6,3.758152628827764e-05,0.108684330584562,4.084523026987574e-06
443.7,5,1.0249507169530265e-05,0.011983923301631902,1.2282930779917698e-07
519.3,3,0.0,0.05662011757053924,0.0
593.4,2,0.0,0.016541713277438457,0.0
571.5,3,0.0,0.056113993008798047,0.0
744.0,1,0.0,0.016978185956590865,0.0
770.7,0,0.0,0.01915152494682099,0.0
753.9,0,0.0,0.017146973512790705,0.0
1160.3,0,0.0,0.018453659593487656,0.0
1115.6,0,0.0,0.018453659593487656,0.0
1051.1,0,0.0,0.018453659593487656,0.0
1074.4,0,0.0,0.018453659593487656,0.0
918.9,0,0.0,0.018453659593487656,0.0
884.3,0,0.0,0.018453659593487656,0.0
1151.2,0,0.0,0.018453659593487656,0.0
1151.2,0,0.0,0.018453659593487656,0.0
731.9,1,0.0,0.015602836577982861,0.0
726.8,1,0.0,0.015602836577982861,0.0
574.6,2,0.0,0.017747887271328523,0.0
683.2,1,0.0,0.014595373084873785,0.0
735.8,1,0.0,0.015602836577982861,0.0
567.5,1,0.0,0.018549213659284303,0.0
567.5,1,0.0,0.018549213659284303,0.0
308.1,3,0.0,0.16638900389557412,0.0
275.2,3,0.0,0.3982319759144688,0.0
269.7,4,0.0,0.3855817583015269,0.0
204.6,4,0.0,0.29717582366499057,0.0
306.3,3,3.4165023898434215e-06,0.20647242710534214,7.054135406421731e-07
173.3,4,0.0,0.28286393925738074,0.0
475.6,3,1.0249507169530265e-05,0.028305598400514515,2.901184337439179e-07
239.4,4,4.099802867812106e-05,0.09364694596926246,3.839340176466275e-06
349.0,6,0.00010591157408514608,0.12281824036181012,1.300787316308713e-05
304.5,6,0.00019132413383123162,0.17312309618464378,3.312262642370797e-05
291.8,6,0.0002630706840179435,0.23829562765789233,6.26885937664469e-05
269.5,6,0.00019815713861091845,0.2652084197613502,5.255294159543251e-05
193.5,7,0.00025965418162810004,0.41099833752216103,0.00010671743697982636
209.5,7,0.00014690960276326714,0.344167162048942,5.056146106077106e-05
209.2,7,0.00018107462666170135,0.34085439137160684,6.172008166361515e-05
353.5,6,0.0003006522103062211,0.2053712000745359,6.174530523565038e-05
284.9,7,0.0002494046744585698,0.30581746791327047,7.627230602865332e-05
310.4,7,0.0002084066457804487,0.24685501363470166,5.144622538569511e-05
355.8,6,0.00020157364100076189,0.2144318567732502,4.322381011633793e-05
259.1,10,0.00032115122464528164,0.27665447757647177,8.884792427728452e-05
211.5,8,0.000478310334578079,0.45761195457503734,0.0002188805270997148
168.2,9,0.0012333573627334752,0.5907692200619173,0.0007286295672396785
131.9,11,0.000720882004256962,0.6513365032043594,0.0004695367638756798
111.7,8,0.0003860647700523067,0.6024228055030602,0.00023257422188080438
217.8,9,0.00045097831545933166,0.4142438607763845,0.00018681499852230379
202.1,8,0.00042022979395074086,0.4431241149942242,0.00018621395553862724
194.5,10,0.0003314007318148119,0.44002597208318617,0.0001458249291658919
216.9,10,0.000526141368035887,0.40220760072703,0.00021161805728095136
272.7,11,0.0006252199373413461,0.29749337256000385,0.00018599878775143135
230.1,11,0.0003006522103062211,0.37188022491049694,0.00011180661158851553
233.8,10,0.0003792317652726198,0.34090981978186513,0.0001292838327546474
172.2,8,0.00016057561232264082,0.4872570953525989,7.824160644479496e-05
190.9,8,0.00017765812427185794,0.40719373921976754,7.234127592502797e-05
100.9,9,0.00030406871269606455,0.5805808842165228,0.00017653648207966097
269.9,7,0.0004236462963405843,0.33925956573102023,0.00014372605852006173
185.4,9,0.00046464432501870537,0.4792449713400101,0.00022267845622688778
215.2,9,0.0003314007318148119,0.33369035234337746,0.00011058522696613772
365.8,8,0.00033481723420465535,0.19311290108473983,6.465752743042978e-05
307.8,7,0.00040314728200152377,0.25522478335755394,0.00010289317771002562
242.7,6,0.0001571591099327974,0.35594659611992746,5.594025022981672e-05
261.9,5,0.0008677916070202291,0.37474118968430886,0.0003251972592128189
314.2,5,0.0032866752990293718,0.3023036081218517,0.000993573801621545
112.1,5,0.0005842219086632251,0.6975305355536371,0.00040751262083202745
132.0,5,0.00011274457886483292,0.6966850988839016,7.854746807506996e-05
210.9,4,0.00024257166967888295,0.5570284542424834,0.00013511932220424644
234.3,4,0.00022207265533982242,0.5382234145972773,0.00011952470284568351
315.2,4,8.541255974608554e-05,0.23748318413250571,2.028404665340828e-05
324.1,5,2.7332019118747372e-05,0.1355257162054825,3.7041914664101785e-06
354.2,5,0.0,0.17830045228396155,0.0
444.8,3,0.0,0.08327031198086007,0.0
445.2,4,0.0,0.08336316882497079,0.0
558.3,3,0.0,0.0570406965675616,0.0
569.4,3,0.0,0.05590639491455562,0.0
663.2,1,0.0,0.014616623813184551,0.0
871.0,0,0.0,0.018453659593487656,0.0
755.2,0,0.0,0.017606743627790706,0.0
1143.6,0,0.0,0.018453659593487656,0.0
1073.8,0,0.0,0.018453659593487656,0.0
1021.4,0,0.0,0.018453659593487656,0.0
939.1,0,0.0,0.018453659593487656,0.0
868.5,0,0.0,0.018453659593487656,0.0
847.1,0,0.0,0.018453659593487656,0.0
709.2,2,0.0,0.015084315951872696,0.0
681.0,2,0.0,0.01482790569520603,0.0
678.6,2,0.0,0.015383461251872692,0.0
619.8,3,0.0,0.06483763032205679,0.0
598.4,3,0.0,0.05486009942135452,0.0
678.1,1,0.0,0.01515092864154045,0.0
741.0,1,0.0,0.015997498167760638,0.0
525.6,1,0.0,0.018964725215443148,0.0
465.6,1,0.0,0.039473023477033804,0.0
376.0,2,0.0,0.261271860743497,0.0
298.7,3,0.0,0.24060837362243154,0.0
230.5,4,0.0,0.39878829658565196,0.0
347.3,2,0.0,0.1677353694582551,0.0
233.0,4,2.049901433906053e-05,0.13467178250970857,2.760638800733357e-06
136.7,5,2.049901433906053e-05,0.22466257246015875,4.605361294311019e-06
179.3,5,3.074852150859079e-05,0.36565543550626356,1.1243364023397479e-05
255.8,4,2.3915516728903952e-05,0.1623031365207793,3.8815633766162795e-06
300.9,4,9.566206691561581e-05,0.39163322862910893,3.746444412349648e-05
296.1,6,0.00022548915772966583,0.2352906382320663,5.3055487836624144e-05
238.3,6,0.00026648718640778687,0.44443951998145753,0.00011843743720828599
174.9,7,0.00022890566011950924,0.4878858608998579,0.00011167983505225704
160.2,7,0.0003109017174757514,0.4717265691366822,0.00014666060052353827
147.2,7,0.0002562376792382566,0.5088225254674147,0.00013037950306991905
192.4,7,0.00024257166967888295,0.42394085984777236,0.00010283604221837545
235.7,7,0.0003177347222554382,0.35415507929518036,0.00011252736575520683
224.6,7,0.0003621492533234027,0.3756037959440576,0.00013602463424657615
245.0,8,0.0007140489994772751,0.337102505266012,0.00024070770660647873
299.6,8,0.00037239876049293297,0.21817703857047765,8.124885873166471e-05
293.9,7,0.0002938192055265343,0.2403711485159594,7.062565988845978e-05
237.7,8,0.0005398073775952606,0.36750929840014956,0.00019838423061125884
189.2,11,0.0012196913531741015,0.4732757100316408,0.0005772502911929256
119.2,10,0.0004714773297983922,0.6652208575495677,0.00031363655364366683
161.6,10,0.0003621492533234027,0.5103622502046364,0.00018482730783606072
185.9,9,0.000478310334578079,0.4409154612940225,0.00021089442181219194
245.2,10,0.00030748521508590793,0.33765277370264085,0.00010382323574630992
226.6,10,0.00019132413383123162,0.3418007389011058,6.539473031312903e-05
290.2,9,0.0005603063919343212,0.24910951859541788,0.00013957765556069427
313.1,10,0.0010727817504108345,0.1729391491536521,0.0001855259631436153
263.2,11,0.00036556575571324615,0.2873450065324828,0.00010504349446347473
287.7,7,0.0004543948178491751,0.3388918612829191,0.00015399070557821994
183.4,8,0.00035873275093355927,0.4615699452171499,0.00016558025619600042
132.5,8,0.00021865615294997898,0.5279013514435401,0.00011542887864373932
80.0,9,0.000567139396714008,0.5601932472680532,0.0003177076602988648
109.1,9,0.0005193083632562001,0.6228640070447136,0.00032345848802958847
222.0,8,0.00024257166967888295,0.47773599376332904,0.00011588521767287113
323.1,8,0.0006183869325616594,0.22838838317656424,0.00014123239170527244
281.3,9,0.00043731230589995796,0.2960253292446219,0.00012945551933675985
316.6,8,0.0003245677270351251,0.19627356235557922,6.370406401083724e-05
310.7,7,0.00010249507169530265,0.27161547105554534,2.783924717939152e-05
314.6,6,0.0002528211768484132,0.29037506946072705,7.341296678850074e-05
232.2,7,0.0004953928465272962,0.5480756258683687,0.00027151274441116055
242.4,5,0.0003621492533234027,0.5257976916973389,0.00019041724144735998
223.6,5,0.0002938192055265343,0.5164179321466789,0.00015173350654299286
242.3,5,0.00019815713861091845,0.4712233298043368,9.33762666807365e-05
260.1,5,8.882906213592897e-05,0.26542354218056624,2.3577324320695884e-05
271.9,5,3.4165023898434215e-06,0.10523463629514918,3.595343863966804e-07
290.9,5,0.0,0.2169971444133463,0.0
367.3,5,0.0,0.19282012745126684,0.0
451.4,3,0.0,0.08352879265933008,0.0
419.9,6,0.0,0.23193696593840182,0.0
550.9,3,0.0,0.05828465221808841,0.0
513.1,3,0.0,0.05751466746379278,0.0
639.8,3,0.0,0.0460656747717732,0.0
659.1,3,0.0,0.03953789699399542,0.0
696.1,2,0.0,0.01482790569520603,0.0
1167.6,0,0.0,0.018453659593487656,0.0
1014.7,0,0.0,0.018453659593487656,0.0
951.1,0,0.0,0.018453659593487656,0.0
851.8,0,0.0,0.018453659593487656,0.0
828.0,0,0.0,0.018453659593487656,0.0
746.8,0,0.0,0.01762316398945737,0.0
683.9,2,0.0,0.01482790569520603,0.0
631.8,2,0.0,0.015122141597511893,0.0
627.3,2,0.0,0.015122141597511893,0.0
606.7,2,0.0,0.018155853665680743,0.0
628.9,2,0.0,0.015122141597511893,0.0
661.4,1,0.0,0.014616623813184551,0.0
620.6,1,0.0,0.01569149298980149,0.0
543.1,1,0.0,0.018575961496685146,0.0
459.9,1,0.0,0.04798819310312702,0.0
432.2,2,0.0,0.12742715563104937,0.0
256.8,4,0.0,0.393070428064897,0.0
239.5,4,0.0,0.40328494239318363,0.0
182.2,4,0.0,0.25396518700800175,0.0
254.9,4,2.049901433906053e-05,0.06597553947493903,1.3524335297240293e-06
141.4,4,7.174655018671185e-05,0.6043496619767995,4.336000335334079e-05
90.9,5,6.833004779686844e-05,0.4614815446485305,3.153305600320676e-05
147.8,3,4.099802867812106e-05,0.3950390010510791,1.6195820294068436e-05
235.8,5,0.00019815713861091845,0.2934545669299427,5.81501172951437e-05
241.3,6,0.00035189974615387244,0.32407908228175564,0.00011404334678872975
242.6,6,0.00014690960276326714,0.3625896330668814,5.326789895993434e-05
257.0,6,0.00016740861710232767,0.30892152891596375,5.1716125948958224e-05
140.0,7,0.0003963142772218369,0.5752107856623772,0.00022796424676998993
79.8,8,0.00033823373659449873,0.5932228640380526,0.0002006479859368808
159.9,7,0.00019815713861091845,0.4681410373308333,9.276548842382508e-05
187.6,7,0.00024257166967888295,0.43375146496990613,0.00010521581708341163
164.4,9,0.0003553162485437159,0.4440431591770472,0.0001577757495102885
265.2,6,0.00043389580351011457,0.3498053674223205,0.0001517790809698586
279.3,7,0.00040314728200152377,0.32239233643568005,0.00012997159417216524
326.3,7,0.000348483243764029,0.26458589153041767,9.220374973471748e-05
311.6,6,0.0005876384110530686,0.27023466764793425,0.00015880027070808617
229.2,10,0.0008438760902913251,0.39970745626072374,0.00033730356544959037
305.2,9,0.0003177347222554382,0.26943025774783036,8.560734811271801e-05
310.7,9,0.00021523965056013556,0.25491558391134606,5.486794120341104e-05
241.4,10,0.0002391551672890395,0.3434014367327352,8.21262280491138e-05
223.4,10,0.0002528211768484132,0.3615162048859602,9.139895236904053e-05
236.7,10,0.00022890566011950924,0.38300941130875343,8.767302212761483e-05
308.1,9,0.0003758152628827764,0.22386810671196183,8.413305137502538e-05
301.1,10,0.0005876384110530686,0.2178287558363787,0.0001280045439613564
305.5,10,0.00029040270313669084,0.20558604768716135,5.9702743975540284e-05
247.6,10,0.00040314728200152377,0.3306983100238561,0.00013332012484861485
208.2,9,0.0003143182198655948,0.32985623233936817,0.00010367982376048225
128.6,8,0.0003621492533234027,0.5710419215068356,0.00020680240549006166
0.0,8,0.0007721295401046134,0.6765142407753587,0.0005223566296040994
164.3,8,0.0007003829899179015,0.5903321113192004,0.00041345856917028904
213.1,8,0.00021523965056013556,0.42460821371846175,9.139252354572506e-05
325.6,8,0.0004168132915608974,0.25038546152391317,0.00010436398837677668
337.1,7,0.0005158918608663567,0.188069776750569,9.70236671005713e-05
437.2,6,0.0005022258513069829,0.07418139468578941,3.725581409720989e-05
326.3,8,0.0002699036887976303,0.23436356603301944,6.325559099207897e-05
288.6,8,0.0003792317652726198,0.33283136750940906,0.00012622022703869326
305.9,8,0.0007447975209858659,0.23660487269952257,0.0001762227226397808
291.8,6,0.0002528211768484132,0.3513396944123536,8.88261150148931e-05
283.7,5,0.0002391551672890395,0.3364467208411804,8.046297180662128e-05
246.8,5,5.808054062733817e-05,0.29697745276376203,1.7248611010649084e-05
288.8,4,6.833004779686843e-06,0.13413370120027213,9.165362214185463e-07
295.3,4,0.0,0.22843669572119538,0.0
400.6,4,0.0,0.30956121193132313,0.0
404.1,4,0.0,0.31564857174336297,0.0
518.4,2,0.0,0.018301731426623186,0.0
577.9,2,0.0,0.01824788727132852,0.0
517.9,3,0.0,0.05662011757053924,0.0
541.1,3,0.0,0.05649382199939236,0.0
566.6,3,0.0,0.05646707416199152,0.0
651.7,3,0.0,0.03953789699399542,0.0
676.6,3,0.0,0.04007220182235132,0.0
898.8,0,0.0,0.018453659593487656,0.0
1366.6,0,0.0,0.018453659593487656,0.0
871.9,0,0.0,0.018453659593487656,0.0
595.8,2,0.0,0.016541713277438457,0.0
774.4,0,0.0,0.01915152494682099,0.0
747.8,0,0.0,0.01762316398945737,0.0
720.4,2,0.0,0.02440916098815382,0.0
611.3,2,0.0,0.01648918699901408,0.0
681.2,2,0.0,0.01482790569520603,0.0
658.6,2,0.0,0.014849156423516797,0.0
575.3,2,0.0,0.017747887271328523,0.0
524.2,2,0.0,0.018425310684234305,0.0
575.1,1,0.0,0.017913037040294944,0.0
494.4,2,0.0,0.02853219032659857,0.0
433.7,2,0.0,0.1219459920459958,0.0
349.4,2,0.0,0.17608872189830269,0.0
254.9,4,0.0,0.399574080165225,0.0
239.5,4,0.0,0.40328494239318363,0.0
168.2,4,0.0,0.2934827740460229,0.0
151.8,5,6.833004779686843e-06,0.19746244907072555,1.3492618583089375e-06
129.3,5,5.4664038237494744e-05,0.30795817957885546,1.683423770404783e-05
0.0,5,0.00016740861710232767,0.6499036580592047,0.00010879947264543548
119.0,5,0.00015374260754295397,0.5998802191493394,9.22271491054581e-05
179.5,5,0.0001400765979835803,0.5713257772774032,8.002937122134334e-05
235.6,6,0.0001264105884242066,0.2847046709139588,3.598968497735363e-05
266.8,6,0.00015032610515311055,0.21307430814019968,3.203063085090994e-05
210.6,6,0.00018107462666170135,0.42461606974440885,7.688719630352778e-05
203.0,6,0.0002562376792382566,0.49039655446821173,0.00012565807502337188
0.0,8,0.0004168132915608974,0.6399555479549681,0.000266741978395768
101.8,8,0.0003758152628827764,0.5929076035480793,0.0002228237268926184
147.1,8,0.0003006522103062211,0.47333966175923525,0.00014231061553351317
201.4,8,0.0003860647700523067,0.36490466763991597,0.00014087683660341755
352.2,5,0.0003416502389843422,0.24223218751930356,8.275868475567005e-05
391.9,5,0.0003416502389843422,0.12039189781712357,4.1131920660998776e-05
325.1,7,0.00024598817206872634,0.2326048584493691,5.721804394426514e-05
299.5,9,0.0005090588560866698,0.20058900037749922,0.00010211160707573834
296.7,9,0.0004714773297983922,0.20750365155604972,9.78332675590623e-05
252.1,9,0.0003928977748319935,0.26737448976007805,0.0001050508420735743
279.9,9,0.0002630706840179435,0.2499988814150774,6.576737673758515e-05
218.5,10,0.00027673669357731714,0.37301377335659275,0.00010322659829750223
140.5,10,0.0004851433393577659,0.5887139926669684,0.00028561067232909637
239.9,10,0.0006013044206124422,0.3617523596815747,0.00021752329304351308
270.5,10,0.0008233770759522646,0.30676794478835406,0.0002525856933757207
224.3,12,0.0004988093489171396,0.36491963579546044,0.00018202532593821332
277.3,9,0.0004714773297983922,0.28843552645890524,0.00013599081183383814
290.9,10,0.00041339678917105404,0.22493764641945063,9.298850079349472e-05
271.9,9,0.0005603063919343212,0.2999687348992803,0.0001680743995445186
240.5,8,0.0005466403823749475,0.3741934679861824,0.00020454926042217444
155.2,10,0.0008541255974608554,0.5707767023299594,0.00048751499189431336
201.8,9,0.0008062945640030475,0.45808817825009307,0.0003693540079571091
271.1,8,0.00032115122464528164,0.2752279277902709,8.838978606642863e-05
313.1,8,0.0003006522103062211,0.19690721943964007,5.9200590749779893e-05
327.3,7,0.0008131275687827343,0.24246064796995886,0.00019715143720929905
303.2,8,0.00048172683696792246,0.2191504137994575,0.000105570635659824
310.6,7,0.00027332019118747375,0.2459774795813037,6.723061174697485e-05
388.6,5,0.00015374260754295397,0.12664090521278673,1.9470102989013905e-05
347.6,6,0.0005056423536968264,0.17105457631402815,8.649243857803862e-05
329.7,6,0.0001571591099327974,0.29884304710948817,4.696590729333221e-05
441.6,5,0.00022207265533982242,0.05792350162807118,1.2863225813126294e-05
293.6,5,9.907856930545922e-05,0.18679077877197367,1.8506963120179694e-05
382.5,4,2.7332019118747372e-05,0.0861223737524937,2.3538983659550647e-06
324.2,4,0.0,0.1298746446578209,0.0
441.3,4,0.0,0.08392569260066704,0.0
417.3,4,0.0,0.23054226668686265,0.0
448.8,4,0.0,0.0845458210764597,0.0
637.7,2,0.0,0.014849156423516797,0.0
596.5,3,0.0,0.05486009942135452,0.0
519.5,4,0.0,0.05682637547189583,0.0
631.9,3,0.0,0.04953310439035163,0.0
561.0,3,0.0,0.05872278259237247,0.0
654.0,3,0.0,0.03953789699399542,0.0
850.0,0,0.0,0.018453659593487656,0.0
801.4,0,0.0,0.018453659593487656,0.0
763.6,0,0.0,0.018292913074720533,0.0
744.5,1,0.0,0.016978185956590865,0.0
750.1,0,0.0,0.01762316398945737,0.0
556.1,2,0.0,0.018299599407505685,0.0
677.8,2,0.0,0.015383461251872692,0.0
615.1,2,0.0,0.016386984989911514,0.0
573.0,2,0.0,0.01779560686488198,0.0
610.1,2,0.0,0.01648918699901408,0.0
573.8,2,0.0,0.017747887271328523,0.0
511.0,3,0.0,0.05751466746379278,0.0
451.9,3,0.0,0.08352879265933008,0.0
440.7,3,0.0,0.08329968982437075,0.0
536.1,2,0.0,0.018217569487750586,0.0
318.0,3,0.0,0.157471240711923,0.0
325.2,3,0.0,0.1266152095597347,0.0
402.3,4,0.0,0.31054416304531596,0.0
371.7,5,0.0,0.230222038353006,0.0
145.8,5,0.0,0.2910368051823443,0.0
150.8,5,4.7831033457807905e-05,0.6400363534881987,3.06136002379074e-05
194.6,3,0.0002049901433906053,0.6175688456238679,0.00012659552621800728
158.5,5,0.0002049901433906053,0.6747470150085462,0.00013831648735898477
189.2,5,0.00014690960276326714,0.6177987876176183,9.076057447653235e-05
295.0,5,0.00015032610515311055,0.25922134351740916,3.8967734943528644e-05
267.8,5,0.00010249507169530265,0.3191757570475355,3.271394210198965e-05
231.9,6,7.85795549663987e-05,0.3007071517196231,2.3629434157341317e-05
144.2,8,0.0002391551672890395,0.42269716424046244,0.00010109021102653041
143.4,8,0.0002869862007468474,0.47794029723114545,0.00013716227008618543
124.2,9,0.00024257166967888295,0.5115512103326975,0.00012408783121665586
158.7,9,0.0002938192055265343,0.45622105774248656,0.00013404650873037252
227.0,7,0.00029723570791637767,0.34551180246204766,0.00010269844519827038
313.2,7,0.0003143182198655948,0.22084103942021235,6.941436238382879e-05
375.7,8,0.0001571591099327974,0.13343991155329463,2.0971297729226994e-05
405.1,5,0.00016399211471248423,0.09923540192429724,1.627382341590883e-05
383.6,9,0.00025965418162810004,0.12800580726468366,3.323724312895574e-05
345.7,9,0.0004885598417476093,0.19471839201199465,9.513158678672905e-05
322.5,9,0.00044414531067964484,0.19661964382017363,8.732769279023212e-05
303.3,9,0.00014690960276326714,0.21719539427661053,3.1908089095188035e-05
188.5,10,0.0002562376792382566,0.4566475862950959,0.00011701031774200688
160.2,9,0.0005295578704257304,0.5301754229722281,0.00028075856794123396
156.1,9,0.0007106324970874318,0.5505956186200069,0.00039127113934533475
127.1,8,0.0008370430855116383,0.683590513616717,0.0005721947127442224
177.9,7,0.0009737031811053752,0.6090813064867595,0.0005930644056779757
220.0,11,0.0008302100807319515,0.39023710764885244,0.000323978780645757
339.5,8,0.0006559684588499369,0.1395913721459589,9.156753725533267e-05
344.3,8,0.0005363908752054172,0.13454414974172926,7.216825423373487e-05
261.4,9,0.0005227248656460435,0.3552144157174089,0.0001856794077314204
184.5,10,0.0005739724014936948,0.5216504036437609,0.0002994129349195647
262.0,8,0.000591054913442912,0.29208083573166155,0.0001726358130817106
283.3,9,0.000478310334578079,0.2693269087241955,0.0001288218438227497
353.9,7,0.00026648718640778687,0.13658096184537022,3.6397076239042e-05
309.9,6,0.000526141368035887,0.27036996065449603,0.00014225282097456548
260.5,8,0.0005124753584765132,0.29216557289076295,0.00014972765670168958
213.6,7,0.00021523965056013556,0.345035542686593,7.4265329638689e-05
212.7,7,0.00015032610515311055,0.35493205864127136,5.335555396951776e-05
298.7,6,9.224556452577238e-05,0.23168855598497817,2.137224164099533e-05
381.6,6,0.00019474063622107503,0.12271277211676908,2.3897163314471408e-05
365.8,6,0.00030406871269606455,0.15242391696827753,4.634734421663598e-05
383.5,4,0.00024257166967888295,0.15338752989034046,3.720746923341945e-05
433.7,3,0.00020157364100076189,0.06741558879401441,1.3589205693419647e-05
430.8,3,2.7332019118747372e-05,0.0676860443264544,1.8499962576030338e-06
412.2,3,0.0,0.2685147258960923,0.0
445.9,4,0.0,0.0845458210764597,0.0
468.4,3,0.0,0.07486239118116086,0.0
584.4,3,0.0,0.055936391133060884,0.0
538.4,4,0.0,0.05670007990074894,0.0
496.7,4,0.0,0.06497545903710433,0.0
566.9,3,0.0,0.05646707416199152,0.0
527.3,3,0.0,0.05674369682815036,0.0
547.6,3,0.0,0.05828465221808841,0.0
917.3,0,0.0,0.018453659593487656,0.0
878.3,0,0.0,0.018453659593487656,0.0
858.8,0,0.0,0.018453659593487656,0.0
699.9,1,0.0,0.014595373084873785,0.0
667.6,2,0.0,0.014849156423516797,0.0
538.4,2,0.0,0.0181754358554763,0.0
577.5,2,0.0,0.01824788727132852,0.0
569.6,2,0.0,0.01758800877063956,0.0
530.0,3,0.0,0.05674369682815036,0.0
508.5,3,0.0,0.0584888824956321,0.0
501.1,3,0.0,0.07031194244960533,0.0
474.0,3,0.0,0.07508825935479396,0.0
431.4,4,0.0,0.1395246264388634,0.0
408.8,3,0.0,0.284253206845856,0.0
370.0,4,0.0,0.22477497610217714,0.0
377.9,3,0.0,0.25032622215289846,0.0
356.7,4,0.0,0.18009330977639576,0.0
402.3,4,0.0,0.31054416304531596,0.0
371.7,5,0.0,0.230222038353006,0.0
305.8,5,0.0,0.1741415520673728,0.0
210.2,4,6.833004779686843e-06,0.312024167981397,2.132062631194696e-06
249.6,3,0.00020157364100076189,0.4600473022605707,9.273340974924127e-05
203.1,5,0.0005603063919343212,0.5949825364853618,0.00033337251828204366
296.4,5,0.0003792317652726198,0.30713244240124327,0.00011647437830431471
295.0,5,0.00015374260754295397,0.2315063298748926,3.5592386817665254e-05
292.5,5,7.516305257655528e-05,0.2563255028289961,1.92662072458478e-05
146.2,9,9.907856930545922e-05,0.49874299790049104,4.94147426830963e-05
248.3,6,0.00015374260754295397,0.28049395714253317,4.312387237113463e-05
194.4,7,9.907856930545922e-05,0.36735376435510164,3.639688540127828e-05
189.9,8,0.00010932807647498949,0.3213502733459867,3.513260725962881e-05
175.6,9,0.0002357386648991961,0.3585621306938467,8.452695797317848e-05
260.4,8,0.0003109017174757514,0.23837574782820212,7.411142940435465e-05
367.3,7,0.00011957758364451976,0.16905593376352848,2.021530006021072e-05
395.1,7,5.1247535847651325e-05,0.11911944853469074,6.10457820893402e-06
457.6,7,0.00018107462666170135,0.054341043177974245,9.839784105859079e-06
391.9,9,0.0002562376792382566,0.08397120944768673,2.1516587831704813e-05
366.6,9,0.00022548915772966583,0.2084361238231728,4.700008600132357e-05
362.6,9,0.00041339678917105404,0.19073234235005812,7.884813791858828e-05
261.4,9,0.00030748521508590793,0.30708963250018195,9.442552169997087e-05
252.7,9,0.00046122782262886193,0.291527484555776,0.00013446058693812973
100.6,9,0.00029040270313669084,0.5386161376203324,0.00015641558231798842
0.0,9,0.00035189974615387244,0.685782351426773,0.00024132663538388717
90.6,8,0.0007618800329350831,0.6790084829893221,0.0005173230053831056
166.0,7,0.001441764008513924,0.6010664785373868,0.0008665960154794113
291.0,8,0.0008985401285288199,0.2661449351741124,0.00023914190425864141
412.1,8,0.0003553162485437159,0.10841791384902282,3.8522646423770565e-05
301.6,8,0.00048172683696792246,0.2252134665823722,0.00010849137089930706
250.0,9,0.0006867169803585277,0.36977659413868,0.0002539318661341752
319.3,9,0.00048172683696792246,0.2451526759388578,0.00011809662315424808
312.8,9,0.0005466403823749475,0.2115160659282677,0.00011562322315747285
297.4,10,0.00033823373659449873,0.21636301401984628,7.318127069278053e-05
311.6,8,0.0003006522103062211,0.19337459512921668,5.813849944266961e-05
203.6,8,0.0010010352002241226,0.5193877173230491,0.0005199253876044284
159.7,8,0.0008643751046303856,0.5668157503115162,0.0004899414234816674
170.2,7,0.0005739724014936948,0.5654818747001745,0.0003245709896228158
150.2,7,0.00019474063622107503,0.5343658246677279,0.00010406274067059275
286.3,6,9.224556452577238e-05,0.253954390879055,2.3426166150437093e-05
333.1,6,0.00023232216250935268,0.12741129121693132,2.960046670362638e-05
405.7,6,0.0002391551672890395,0.0897478485492643,2.1463661733630688e-05
468.4,3,0.0002699036887976303,0.04916593740047642,1.3270067867581961e-05
515.6,3,0.0002391551672890395,0.04202903549091073,1.0051461013825734e-05
470.9,4,5.808054062733817e-05,0.0317032401261532,1.8413413261652987e-06
421.3,3,0.0,0.23526902282245482,0.0
465.5,3,0.0,0.07486239118116086,0.0
487.6,2,0.0,0.035522843047029816,0.0
702.7,2,0.0,0.01482790569520603,0.0
529.9,4,0.0,0.05694995472950695,0.0
483.2,3,0.0,0.07310313807625715,0.0
490.9,4,0.0,0.07402891868940048,0.0
590.1,2,0.0,0.016541713277438457,0.0
606.2,3,0.0,0.05709112205115935,0.0
812.4,0,0.0,0.018453659593487656,0.0
721.2,1,0.0,0.01752591350131619,0.0
705.4,1,0.0,0.014851783341540453,0.0
645.9,2,0.0,0.014849156423516797,0.0
662.4,1,0.0,0.014616623813184551,0.0
575.1,2,0.0,0.017747887271328523,0.0
508.6,3,0.0,0.0584888824956321,0.0
497.9,3,0.0,0.06476920113574773,0.0
673.1,2,0.0,0.01643962731020603,0.0
547.4,2,0.0,0.0193566951286168,0.0
645.7,2,0.0,0.014849156423516797,0.0
541.6,2,0.0,0.0181754358554763,0.0
486.1,4,0.0,0.07325295037588676,0.0
568.9,2,0.0,0.01758800877063956,0.0
638.1,1,0.0,0.014616623813184551,0.0
379.2,3,0.0,0.2513489467890096,0.0
421.7,3,0.0,0.2359527835057882,0.0
391.2,4,0.0,0.2844814049144715,0.0
345.5,5,0.0,0.14900889025985722,0.0
302.7,5,0.0,0.20616058330073714,0.0
327.3,5,3.4165023898434215e-06,0.054953070648417486,1.8774729719955272e-07
247.1,8,7.516305257655528e-05,0.22873702083603958,1.7192572723303862e-05
285.0,7,0.0003006522103062211,0.3309177613869964,9.949115639058714e-05
275.4,6,0.00021865615294997898,0.23903815060558642,5.226716241969521e-05
222.7,7,8.882906213592897e-05,0.33277080146223054,2.9559718200111358e-05
199.4,8,9.224556452577238e-05,0.35556647598851554,3.279943030400011e-05
235.5,8,6.149704301718158e-05,0.27048059723957124,1.663375692375488e-05
202.9,8,0.00011957758364451976,0.29941456999187976,3.580327078759192e-05
202.3,9,0.0002357386648991961,0.2790017064245226,6.577148977711442e-05
211.4,9,0.00016740861710232767,0.3200082570376178,5.357213977199382e-05
321.1,9,0.0001742416218820145,0.18089139820247568,3.151881060730469e-05
298.6,9,0.0001571591099327974,0.13725241117001777,2.1570466775610333e-05
331.5,8,4.099802867812106e-05,0.1352493269345162,5.5449557843578655e-06
410.6,7,6.833004779686844e-05,0.06527425540729102,4.460192991885194e-06
371.6,7,0.00018107462666170135,0.12605910534751952,2.2826105438110176e-05
466.4,9,0.00016740861710232767,0.06609016044910605,1.1064062364855795e-05
366.3,9,0.00015374260754295397,0.19554827448167897,3.006410161933861e-05
331.3,10,0.00032115122464528164,0.19133032063756034,6.144596678452691e-05
251.7,11,0.00021182314817029215,0.31034649600873954,6.573857180819022e-05
164.9,10,0.0004099802867812106,0.44366561130357146,0.00018189415455719933
82.5,10,0.0003792317652726198,0.5588912643911201,0.00021194932079049097
104.1,9,0.0002562376792382566,0.5772563857818416,0.00014791483661820282
137.0,7,0.0004953928465272962,0.5896789553055098,0.00029212273620603875
169.8,9,0.0009292886500374107,0.5803201472597577,0.0005392849262365316
248.3,11,0.0005193083632562001,0.33719043281204836,0.00017510581176927455
296.0,10,0.0002699036887976303,0.2092710267942911,5.64830220902469e-05
336.9,8,0.0005363908752054172,0.23264527916449435,0.00012478880490345175
312.8,9,0.0007687130377147699,0.18942664697601683,0.0001456147332210572
473.8,6,0.0005398073775952606,0.08095469462812846,4.369994141123516e-05
430.2,7,0.0004988093489171396,0.08988088513427261,4.483342579392273e-05
247.0,10,0.0005090588560866698,0.32688804787619946,0.00016640525572026265
277.0,10,0.0003860647700523067,0.28042458962499484,0.00010826205471058609
172.1,8,0.0008848741189694462,0.5840611031010533,0.0005168205540308674
88.2,7,0.0007345480138163357,0.6815753939932075,0.0005006498519237971
85.6,7,0.0006149704301718159,0.6565051496004269,0.0004037312542597869
136.8,7,0.00037239876049293297,0.6190553186705205,0.00023053543334945948
195.9,7,0.00021523965056013556,0.4198249741802347,9.036298073897164e-05
280.3,5,0.00016057561232264082,0.39087945280733233,6.276570747887617e-05
368.7,6,0.00010932807647498949,0.17174087110004124,1.877609908950662e-05
487.3,4,0.00016399211471248423,0.050102930124990695,8.216485464489055e-06
449.9,4,0.00010932807647498949,0.05521539161978913,6.0365925576048e-06
447.9,4,1.3666009559373686e-05,0.060161290248073346,8.221647676344253e-07
502.1,3,0.0,0.06448456415059277,0.0
400.9,5,0.0,0.3107252330946565,0.0
429.3,4,0.0,0.18504946800990463,0.0
422.6,4,0.0,0.23083486717589874,0.0
486.4,4,0.0,0.07325295037588676,0.0
456.2,4,0.0,0.08498960189024135,0.0
494.3,4,0.0,0.06719768125710432,0.0
636.3,2,0.0,0.014988045312266796,0.0
648.1,2,0.0,0.014849156423516797,0.0
1001.3,0,0.0,0.018453659593487656,0.0
746.1,0,0.0,0.01762316398945737,0.0
717.5,1,0.0,0.01753821787115949,0.0
696.3,1,0.0,0.014595373084873785,0.0
636.2,2,0.0,0.014988045312266796,0.0
605.9,2,0.0,0.01949844625827334,0.0
548.6,2,0.0,0.019966266074172352,0.0
516.9,2,0.0,0.018301731426623186,0.0
614.8,2,0.0,0.016386984989911514,0.0
652.1,1,0.0,0.014616623813184551,0.0
693.4,1,0.0,0.014595373084873785,0.0
592.2,1,0.0,0.01670686304640488,0.0
506.3,4,0.0,0.06015904864944901,0.0
514.1,4,0.0,0.05682637547189583,0.0
636.9,1,0.0,0.014755512701934552,0.0
510.0,5,0.0,0.058397603369925194,0.0
494.3,5,0.0,0.0673225829017075,0.0
432.1,3,0.0,0.14306961638112264,0.0
432.1,3,0.0,0.14306961638112264,0.0
379.9,5,0.0,0.2508918825284494,0.0
264.7,5,3.4165023898434215e-06,0.13050381128201194,4.4586658312866865e-07
233.0,8,4.7831033457807905e-05,0.2594108785754384,1.2407890412461136e-05
297.4,5,8.882906213592897e-05,0.2540705906308506,2.2568852282059998e-05
317.1,4,6.491354540702501e-05,0.21164933585862603,1.3738908773625608e-05
366.9,5,7.174655018671185e-05,0.10589236787573784,7.597412086186379e-06
350.3,3,5.1247535847651325e-05,0.1441766994091906,7.388700571368545e-06
409.4,3,7.85795549663987e-05,0.07446594792398838,5.8515010480180285e-06
280.3,9,0.00024598817206872634,0.22797922326728903,5.6080192401168475e-05
294.0,9,0.00038264826766246324,0.24779018764684216,9.481648604682086e-05
273.9,10,0.0003143182198655948,0.23267119426787777,7.313279559628132e-05
286.3,10,0.00025965418162810004,0.22262664670408094,5.780593975855629e-05
327.1,9,0.00021865615294997898,0.19392870535513043,4.240370465952281e-05
313.7,9,0.00022207265533982242,0.1886169544269819,4.188666791171014e-05
332.1,8,0.00012299408603436317,0.20378856672166787,2.5064788508184377e-05
328.8,7,0.00020157364100076189,0.19789915377802875,3.989125297800694e-05
298.9,10,0.0003143182198655948,0.2582258383514272,8.116508583392145e-05
391.6,8,0.00022548915772966583,0.08338230851159399,1.8801806515834476e-05
265.7,11,0.0003006522103062211,0.1503850171391646,4.5213587799828785e-05
324.1,10,8.882906213592897e-05,0.22381407705510833,1.988119455762381e-05
223.9,9,0.00033481723420465535,0.34392047023899874,0.00011515050063178605
148.3,12,0.0005568898895444778,0.5406389005492755,0.00030107633761033395
102.7,11,0.0002869862007468474,0.6254059819552282,0.00017948288668568236
148.3,10,0.00046806082740854875,0.5253959009886792,0.00024591724013382115
238.4,9,0.0004168132915608974,0.33785993839287887,0.00014082451300809787
261.0,9,0.00017765812427185794,0.2908813462761006,5.167743436508483e-05
306.9,7,0.00019815713861091845,0.29222600360591466,5.790666870225198e-05
354.2,7,0.0002869862007468474,0.22646447999560043,6.499218071804779e-05
307.4,7,0.0004407288082898014,0.2930673727986109,0.00012916323396215473
336.7,10,0.0005090588560866698,0.1726737554873493,8.790110444457937e-05
401.3,7,0.000478310334578079,0.12150805327023138,5.811855761361542e-05
352.4,9,0.00040656378439136716,0.1513204321687009,6.15214075582442e-05
240.2,10,0.00043047930112027113,0.41996572305743757,0.00018078655095623506
346.2,7,0.000348483243764029,0.1466618447150763,5.11091953827261e-05
179.0,7,0.0004270627987304277,0.5376141548513015,0.00022959500560789035
0.0,7,0.00032798422942496847,0.707346714325716,0.0002319985670344033
117.7,6,0.0003928977748319935,0.6751194798861617,0.00026525294139300576
152.7,6,0.0004543948178491751,0.523128020391727,0.00023770666153769836
235.8,5,0.00032115122464528164,0.5302419201254365,0.00017028784200654953
306.7,5,0.0002528211768484132,0.3596323672887681,9.092267833072713e-05
482.6,4,0.0004475618130694882,0.05039202833880375,2.2553547567564037e-05
439.2,4,0.00043389580351011457,0.05622890289640984,2.4397485002729957e-05
490.3,3,1.3666009559373686e-05,0.04922759215758222,6.727447450104677e-07
371.6,5,0.0,0.22927125684522826,0.0
509.7,3,0.0,0.05830453906229876,0.0
427.6,4,0.0,0.20753808128078885,0.0
406.7,4,0.0,0.3136335845763068,0.0
422.1,4,0.0,0.23083486717589874,0.0
442.2,4,0.0,0.08392569260066704,0.0
622.6,1,0.0,0.01569149298980149,0.0
662.2,1,0.0,0.014616623813184551,0.0
623.3,2,0.0,0.015433284859022626,0.0
780.3,0,0.0,0.01915152494682099,0.0
810.4,0,0.0,0.018453659593487656,0.0
798.0,0,0.0,0.018453659593487656,0.0
694.1,1,0.0,0.014595373084873785,0.0
658.2,1,0.0,0.014616623813184551,0.0
611.8,2,0.0,0.01648918699901408,0.0
619.6,2,0.0,0.015898889751578178,0.0
538.8,2,0.0,0.0181754358554763,0.0
440.8,2,0.0,0.04571520316119385,0.0
497.9,1,0.0,0.026849382637807402,0.0
487.4,1,0.0,0.036711881076018964,0.0
649.5,1,3.4165023898434215e-06,0.009109973441801266,3.1124246035324126e-08
533.5,4,5.4664038237494744e-05,0.03587599456085666,1.961126738482822e-06
544.0,4,3.074852150859079e-05,0.052189025127555376,1.6047353616470217e-06
537.2,4,0.0,0.05674221353302323,0.0
509.4,5,0.0,0.058820042041591865,0.0
489.6,5,0.0,0.07797222206776341,0.0
481.9,5,0.0,0.07389778722547946,0.0
513.8,4,0.0,0.05714533831828111,0.0
321.9,5,0.0,0.12863988722324135,0.0
293.3,5,3.4165023898434215e-06,0.0733911560597099,2.507410600713704e-07
324.1,4,3.4165023898434215e-06,0.038561642080845074,1.3174594232549385e-07
327.4,5,3.758152628827764e-05,0.10371706718198997,3.897845686843014e-06
401.6,4,3.758152628827764e-05,0.09179368512935122,3.4497467907865932e-06
344.7,5,3.758152628827764e-05,0.08022953762924234,3.015148477509731e-06
375.2,7,3.758152628827764e-05,0.0855157576274479,3.213812693337912e-06
369.8,8,0.00010591157408514608,0.14021911194694062,1.4850826863121792e-05
301.6,9,0.0003450667413741856,0.20139620352734178,6.949513167631209e-05
290.5,10,0.00039973077961168033,0.21725850986888215,8.68449135271602e-05
216.6,11,0.00024598817206872634,0.36916732939973357,9.081079654653383e-05
213.3,11,0.00025965418162810004,0.3511352113168867,9.117372593529619e-05
229.0,9,0.0002084066457804487,0.37703873748745464,7.857737860905556e-05
239.6,8,0.0004988093489171396,0.34848677253941657,0.00017382846011662167
267.6,9,0.0004543948178491751,0.238281671620577,0.00010827395677282904
221.3,11,0.0003450667413741856,0.4057448901213086,0.00014000906706338696
259.4,11,0.00021865615294997898,0.23749602286353622,5.192996670026108e-05
255.6,11,0.00014690960276326714,0.232274881417729,3.412341056096355e-05
288.9,11,0.0002049901433906053,0.12307753148082592,2.5229680826416245e-05
356.2,10,0.00014690960276326714,0.2093195855311802,3.07510571609574e-05
302.5,8,0.00047489383218823563,0.2833482505639485,0.00013456033655414592
241.0,8,0.0009224556452577239,0.327978956033947,0.0003025460395192492
230.4,10,0.000526141368035887,0.40928455261843966,0.0002153415344306218
249.0,8,0.00042022979395074086,0.31157988400165143,0.00013093515045320972
261.7,8,0.0002391551672890395,0.24840954096157886,5.9408425324859904e-05
179.0,10,0.0002630706840179435,0.4417589758332698,0.00011621383594352445
187.5,9,0.0003621492533234027,0.4285695499763252,0.0001552061425210729
194.2,11,0.0002801531959671606,0.42966854873649957,0.00012037301713510205
561.6,2,0.0002630706840179435,0.050720934403708895,1.334319090761294e-05
307.4,8,0.00043389580351011457,0.2724927845403476,0.00011823347569884264
331.4,10,0.0006457189516804067,0.23385371956744153,0.00015100377864565214
305.6,9,0.0005500568847647909,0.21981677810393502,0.00012091173218288379
255.1,9,0.00033823373659449873,0.28944721282311014,9.790081234002365e-05
461.8,5,0.0002391551672890395,0.08304323760242603,1.9860219381031654e-05
196.5,9,0.0003245677270351251,0.44184937370530236,0.00014341004691542354
195.1,6,0.00033481723420465535,0.5244507214592136,0.00017559514003560997
178.3,6,0.0003314007318148119,0.5302825900246005,0.0001757360384028065
204.1,6,0.0003860647700523067,0.5315014230095414,0.00020519397465665237
218.3,6,0.0005398073775952606,0.5404421806410565,0.00029173467627371285
317.9,5,0.0007892120520538304,0.31594690129606784,0.0002493491023119187
355.1,4,0.0005739724014936948,0.13435774650727678,7.711763842206273e-05
347.0,4,0.000348483243764029,0.2101991829183518,7.325089309993571e-05
343.8,6,2.049901433906053e-05,0.19339999770790348,3.964509326188587e-06
515.1,3,1.0249507169530265e-05,0.14429290178534607,1.4789311313612309e-06
276.9,4,0.0,0.3743255037454496,0.0
317.3,4,0.0,0.16066184253901752,0.0
581.7,1,0.0,0.018754761566395575,0.0
429.9,4,0.0,0.18264447364411965,0.0
490.7,3,0.0,0.07340291591310417,0.0
560.6,1,0.0,0.020804922089665265,0.0
576.3,1,0.0,0.017913037040294944,0.0
639.6,1,0.0,0.014616623813184551,0.0
849.3,0,0.0,0.018453659593487656,0.0
816.2,0,0.0,0.018453659593487656,0.0
779.1,0,0.0,0.01915152494682099,0.0
707.4,1,0.0,0.014851783341540453,0.0
653.6,1,0.0,0.014616623813184551,0.0
632.9,1,0.0,0.014755512701934552,0.0
651.5,2,0.0,0.014849156423516797,0.0
608.0,1,0.0,0.018252802241126274,0.0
521.4,1,0.0,0.018480034846720925,0.0
466.9,2,0.0,0.03775828662860021,0.0
471.0,1,0.0,0.03956612212422245,0.0
493.3,2,1.3666009559373686e-05,0.06400868737983531,8.747433336157912e-07
540.3,3,0.000283569698357004,0.04045634875303014,1.1472194612522513e-05
537.8,3,0.000283569698357004,0.029556267306383995,8.381261804630289e-06
684.9,1,3.4165023898434215e-06,0.017509577119564034,5.982151207413822e-08
497.5,4,0.0,0.06497545903710433,0.0
469.0,5,0.0,0.07558480557317146,0.0
504.2,4,0.0,0.06117336285408589,0.0
513.8,4,0.0,0.05714533831828111,0.0
350.4,6,1.0249507169530265e-05,0.137396796851394,1.4082494543988561e-06
311.4,5,6.833004779686843e-06,0.09961142293674834,6.80645329038209e-07
336.8,5,3.4165023898434215e-06,0.05107005111412066,1.7448095168081892e-07
313.3,5,4.099802867812106e-05,0.20120219983798424,8.248893559058722e-06
374.9,5,0.00010932807647498949,0.08620718505541862,9.424865720432378e-06
393.9,6,8.199605735624212e-05,0.09316097365958345,7.638832539554566e-06
353.7,8,0.00012982709081405002,0.11762821738066907,1.527132926017494e-05
380.0,7,0.00011274457886483292,0.1308626585647036,1.4754055329009928e-05
286.1,9,0.00020157364100076189,0.1406950363190115,2.836041074155758e-05
248.2,10,0.0002084066457804487,0.3112647864380554,6.486965009112283e-05
218.0,11,0.00011957758364451976,0.36892005231198366,4.411456841347683e-05
184.0,11,0.00029723570791637767,0.4454558384307536,0.0001324053814814486
153.9,11,0.0004578113202390185,0.5051106189002957,0.0002312453593054921
274.2,8,0.0003450667413741856,0.3052859090737188,0.00010534401383152406
180.0,11,0.00035873275093355927,0.47034961122916824,0.00016872980993676965
266.5,9,0.0002084066457804487,0.27206994216563396,5.670118406442044e-05
300.3,11,0.00026648718640778687,0.19900300089391143,5.303174979492475e-05
214.3,12,0.0002391551672890395,0.32518489974683557,7.7769649098824e-05
333.4,9,0.00013324359320389343,0.15844198243679603,2.1111379054226878e-05
297.9,9,0.00021865615294997898,0.19877045064069923,4.346238205722898e-05
264.1,9,0.00042022979395074086,0.30299823132668596,0.00012732888431785217
256.8,8,0.0004953928465272962,0.29444639917333415,0.00014586663983619052
222.7,10,0.00033481723420465535,0.37450038146082126,0.00012538918192930057
246.4,9,0.0003006522103062211,0.3435984186437834,0.00010330362402297576
283.7,9,0.0001434931003734237,0.28981627514335506,4.158663585899723e-05
220.4,9,0.00015374260754295397,0.34372167144742927,5.284466603735028e-05
0.0,9,0.0004475618130694882,0.5866560594186904,0.0002625648496016305
192.4,8,0.00035189974615387244,0.4191836601456789,0.00014751062359711554
375.3,6,0.00027332019118747375,0.1516330192770894,4.144436581914796e-05
294.3,8,0.000348483243764029,0.2366386807330089,8.246461506187937e-05
328.0,9,0.00040314728200152377,0.2270519551284012,9.153537858314688e-05
372.7,7,0.0003109017174757514,0.13935448549496338,4.33255488783338e-05
343.7,8,0.00025965418162810004,0.20722742674041103,5.3807467901178484e-05
264.1,11,0.0005227248656460435,0.35778754662517437,0.0001870244472394718
246.2,8,0.000348483243764029,0.42700927091026275,0.0001488055758441214
246.2,5,0.00033823373659449873,0.4806028183664942,0.00016255608707394653
212.6,6,0.00032798422942496847,0.4817661993306758,0.00015801171565046746
249.8,6,0.00024257166967888295,0.31940218245187685,7.747792069643098e-05
293.3,5,0.00033823373659449873,0.3180020267299074,0.00010755901374548025
261.1,5,0.00046464432501870537,0.3830410209712891,0.0001779778366436804
615.3,1,0.00039973077961168033,0.04908822993079591,1.962207641999447e-05
251.5,4,0.0005739724014936948,0.3741989515178292,0.00021477987083911112
286.6,3,0.00035873275093355927,0.29670166008834853,0.00010643660273004709
270.0,3,8.882906213592897e-05,0.35910786136099665,3.189921453033654e-05
248.6,4,0.0,0.39548018888888226,0.0
382.8,4,0.0,0.2751555801953637,0.0
418.2,4,0.0,0.22949672086702924,0.0
421.7,4,0.0,0.2298765070813067,0.0
453.6,4,0.0,0.08511709091375706,0.0
486.4,3,0.0,0.07262694759959047,0.0
596.3,1,0.0,0.01670686304640488,0.0
690.1,1,0.0,0.014595373084873785,0.0
958.2,0,0.0,0.018453659593487656,0.0
850.4,0,0.0,0.018453659593487656,0.0
760.2,0,0.0,0.018292913074720533,0.0
718.0,1,0.0,0.01753821787115949,0.0
682.0,1,0.0,0.014595373084873785,0.0
553.8,2,0.0,0.019966266074172352,0.0
574.4,1,0.0,0.017913037040294944,0.0
543.8,1,0.0,0.018575961496685146,0.0
526.0,1,0.0,0.018964725215443148,0.0
488.2,1,6.833004779686843e-06,0.022850287396554543,1.5613612299787523e-07
435.3,3,6.491354540702501e-05,0.07052891386874044,4.5782818529266385e-06
420.0,3,0.0005842219086632251,0.07263347540955951,4.2434067636616286e-05
489.1,4,0.0004099802867812106,0.046713360192462305,1.9151556808219683e-05
466.2,5,0.00013666009559373687,0.061468818724109496,8.400334642870886e-06
431.9,5,0.0,0.14054152202235543,0.0
408.4,5,0.0,0.27598437174708884,0.0
444.9,5,0.0,0.08402121640175954,0.0
453.1,5,0.0,0.08571818303502689,0.0
518.9,4,3.4165023898434215e-06,0.036331331758882555,1.2412608178041644e-07
412.4,5,5.1247535847651325e-05,0.05788190637496616,2.966305071881476e-06
473.0,4,7.174655018671185e-05,0.05088306337593725,3.650684260155322e-06
360.8,5,0.00010932807647498949,0.094877651356735,1.0372791123296513e-05
330.3,4,0.00010932807647498949,0.11406145734526175,1.2470119731491529e-05
408.4,6,0.00012299408603436317,0.07215799653420464,8.875006833795246e-06
452.0,5,0.00019474063622107503,0.05533802980508806,1.0776563131463662e-05
435.2,6,0.0001742416218820145,0.07116342616614121,1.2399630793869434e-05
452.4,5,4.4414531067964485e-05,0.06801932853981209,3.021046580653567e-06
303.5,5,0.00016057561232264082,0.259100009966723,4.1605142753208884e-05
301.8,6,0.0002049901433906053,0.19255871296208363,3.947263818120793e-05
188.0,10,0.0002562376792382566,0.36297362803409505,9.300752007214671e-05
156.2,10,0.00022207265533982242,0.4642817166646854,0.00010310427364545776
82.2,11,0.0002869862007468474,0.5662302923119162,0.00016250028033837368
130.3,11,0.0003109017174757514,0.521097529767532,0.00016201011697709717
115.7,11,0.00015032610515311055,0.5759321906053173,8.657764304599623e-05
189.6,11,0.00024598817206872634,0.4301848223682875,0.00010582037810608477
163.1,13,0.0002801531959671606,0.48585409882214037,0.0001361135785587673
242.1,12,0.0001742416218820145,0.3526614768148319,6.144830769552276e-05
307.2,9,0.0001879076314413882,0.24628136106502296,4.627814722588979e-05
282.9,9,0.00019474063622107503,0.3536087110446076,6.886198536214117e-05
278.7,9,0.00032798422942496847,0.28770567734868635,9.436292488639749e-05
241.5,9,0.00021182314817029215,0.3249376099901857,6.882930750705171e-05
316.9,8,0.00029723570791637767,0.20557043874119268,6.110287488591876e-05
317.3,9,0.00038264826766246324,0.1886247042685025,7.217691632668691e-05
376.3,7,0.0001708251194921711,0.1330700237828265,2.2731702713527385e-05
158.6,10,0.000283569698357004,0.45218517357324345,0.00012822601327167415
147.2,10,0.0008951236261389764,0.48572677153248,0.00043478550904693165
206.2,10,0.0005090588560866698,0.3288373289293452,0.00016739755450336844
290.7,7,0.00021523965056013556,0.25963285105405187,5.588328413480585e-05
302.7,8,0.00021865615294997898,0.26047366617726503,5.6954169791097825e-05
345.9,8,0.0003621492533234027,0.1698538071422301,6.151242943069588e-05
304.1,9,0.00030406871269606455,0.25290271545613396,7.689980312608576e-05
303.9,8,0.00032798422942496847,0.27507272883447154,9.021951700259746e-05
290.3,8,0.00038948127244215006,0.28919983022113255,0.00011263791786458047
295.1,7,0.00032798422942496847,0.23929936794889534,7.848641879860043e-05
258.5,6,0.0005944714158327553,0.35186846933836813,0.00020917574715448417
294.7,5,0.0004714773297983922,0.29256826794959395,0.00013793930575661508
293.8,5,0.00022207265533982242,0.31875489091916975,7.078674502897548e-05
660.0,1,0.0004851433393577659,0.048611375609944704,2.3583485094183228e-05
219.4,4,0.0003245677270351251,0.4814310984327701,0.00015625699734234775
271.7,3,0.0003553162485437159,0.3947496675527423,0.0001402609709887194
222.2,4,0.0005705558991038514,0.5527273059951869,0.0003153618250313335
232.0,3,0.0004407288082898014,0.5624913015040885,0.0002479061209852763
199.7,4,0.0001708251194921711,0.5007825595452989,8.554624057392097e-05
358.3,3,2.049901433906053e-05,0.16949131319815594,3.474404859595198e-06
370.6,3,0.0,0.2284147265779362,0.0
384.4,4,0.0,0.2909187249009606,0.0
385.6,2,0.0,0.29581897553572695,0.0
442.9,3,0.0,0.08319552315687075,0.0
500.7,1,0.0,0.03068838548292522,0.0
558.1,1,0.0,0.019122836064854386,0.0
615.7,1,0.0,0.01648393356535704,0.0
896.0,0,0.0,0.018453659593487656,0.0
841.4,0,0.0,0.018453659593487656,0.0
744.0,1,0.0,0.016978185956590865,0.0
671.8,1,0.0,0.015202642277298027,0.0
617.7,1,0.0,0.015995838327023712,0.0
556.6,1,0.0,0.018529585791243273,0.0
493.6,1,0.0,0.029964773219260412,0.0
511.2,1,0.0,0.01995791807330779,0.0
468.3,1,1.708251194921711e-05,0.047572070431968025,8.126504616030917e-07
486.2,1,6.491354540702501e-05,0.05533432148480197,3.591946990270612e-06
391.7,2,0.00018449112905154477,0.11441329140361271,2.110823730955591e-05
432.0,2,0.0006149704301718159,0.07606528499855646,4.677790103670404e-05
416.4,4,0.0004236462963405843,0.10047263824690987,4.25648610768707e-05
429.9,5,0.00027673669357731714,0.07168542581966793,1.983798771901694e-05
445.6,4,5.1247535847651325e-05,0.06734912465506437,3.4514766800683492e-06
364.2,5,0.0,0.18671608410962923,0.0
394.2,6,0.0,0.2975821628527684,0.0
420.9,6,2.7332019118747372e-05,0.07064350863908783,1.930829728738944e-06
427.7,6,0.00013666009559373687,0.07085498281047341,9.683048724171879e-06
400.3,6,0.0002357386648991961,0.10112727035785904,2.383960769906174e-05
407.2,5,0.00030406871269606455,0.10981216009321124,3.339044215791689e-05
322.7,5,0.0003143182198655948,0.1149316520575441,3.612511228093919e-05
358.7,5,0.00011957758364451976,0.12405629155200046,1.4834351579688264e-05
371.1,7,0.00015374260754295397,0.1361617651932653,2.0933864828464038e-05
311.1,7,0.00015374260754295397,0.19769904702626862,3.0394766998575615e-05
401.8,7,0.0002357386648991961,0.08452505749209827,1.9925824203715036e-05
405.8,6,0.0001434931003734237,0.08297017048901856,1.1905647001980817e-05
309.1,6,0.00021182314817029215,0.16223846750678672,3.4365862941611215e-05
233.5,9,0.00010249507169530265,0.3625135811659499,3.715585549212495e-05
219.4,8,0.0002049901433906053,0.32492198072456163,6.660580341948738e-05
130.8,10,0.00026648718640778687,0.5766280708156399,0.00015366399219540996
76.1,10,0.0005534733871546343,0.6072764958178111,0.000336111379079681
0.0,11,0.0002869862007468474,0.6301524322932163,0.00018084505243521514
209.1,10,0.0001708251194921711,0.3305518488361437,5.646655907579232e-05
163.1,10,0.00038264826766246324,0.4291916205279075,0.0001642294300902491
210.8,10,0.0002938192055265343,0.32108537988405494,9.434105122371847e-05
225.8,11,0.00022890566011950924,0.35953764085300677,8.230020101726855e-05
251.6,8,0.0002528211768484132,0.3172017044900709,8.019530822750232e-05
161.8,9,0.00043389580351011457,0.5407451900279681,0.0002346270687214148
228.8,8,0.0005739724014936948,0.3599146736264285,0.00020658108955418054
215.4,10,0.00038948127244215006,0.35212418985441263,0.00013714577752215785
296.6,9,0.0003314007318148119,0.2198634165783918,7.28628971533839e-05
231.9,11,0.0004885598417476093,0.3667496123280374,0.000179179132559983
223.1,11,0.00033481723420465535,0.36357731802801085,0.00012173195204168497
221.5,10,0.00019474063622107503,0.3757995850383239,7.318345028197919e-05
229.7,10,0.0003621492533234027,0.39663894416560364,0.00014364249746855618
226.4,11,0.000478310334578079,0.3848616577644933,0.00018408330829160894
282.9,9,0.00033823373659449873,0.31804356091117997,0.00010757306200680846
299.2,9,0.00022890566011950924,0.20110175131251895,4.603332913538154e-05
419.1,7,0.00018449112905154477,0.0856052251246084,1.579340463595067e-05
296.3,10,0.00030406871269606455,0.3151163672046746,9.581702812538579e-05
316.5,10,0.00032798422942496847,0.3023610568990075,9.916965825514002e-05
336.8,10,0.00030748521508590793,0.2658930649805423,8.175818627539336e-05
169.8,10,0.00019815713861091845,0.5447946054426999,0.0001079549401451897
219.1,5,0.00024598817206872634,0.3996551593115446,9.831044209688247e-05
223.6,6,0.00035873275093355927,0.368946310950112,0.00013235312507392204
275.2,5,0.0004236462963405843,0.39342359472100935,0.00016667244879655467
208.1,5,0.0004099802867812106,0.5346559714969539,0.0002191984085236079
259.6,3,0.0003109017174757514,0.44394977734440544,0.00013802474824935307
168.7,3,0.0002938192055265343,0.6867772581234262,0.00020178834835551663
111.7,3,0.00044414531067964484,0.7085443495931015,0.00031469665028033495
139.7,3,0.00037239876049293297,0.665336552142481,0.0002477705073285016
251.1,3,0.00019474063622107503,0.4422303541588326,8.61202205251624e-05
283.9,3,6.491354540702501e-05,0.2974056971020048,1.9305658223138916e-05
323.3,2,1.3666009559373686e-05,0.10089056961724321,1.3787714888399021e-06
318.8,3,0.0,0.15577718590362905,0.0
373.1,2,0.0,0.25813818318006604,0.0
391.7,2,0.0,0.2990708802216622,0.0
509.0,1,0.0,0.020932133105147105,0.0
527.7,1,0.0,0.018964725215443148,0.0
562.9,1,0.0,0.020804922089665265,0.0
855.2,0,0.0,0.018453659593487656,0.0
807.1,0,0.0,0.018453659593487656,0.0
690.1,1,0.0,0.014595373084873785,0.0
642.1,1,0.0,0.014616623813184551,0.0
619.9,1,0.0,0.015995838327023712,0.0
580.3,1,0.0,0.018754761566395575,0.0
557.0,1,0.0,0.018529585791243273,0.0
418.5,2,0.0,0.23347779074234926,0.0
407.7,2,0.00023232216250935268,0.06683342928965806,1.5526886820489273e-05
389.2,2,0.0002562376792382566,0.14182969062427853,3.634211077264505e-05
351.8,3,0.0002801531959671606,0.20839040145541424,5.838123697661393e-05
421.2,2,0.00029040270313669084,0.07790218999930602,2.2623006556066552e-05
360.9,4,0.00033481723420465535,0.20993085481231227,7.028846818247746e-05
399.9,4,0.00039973077961168033,0.10177297343014047,4.0681790012628875e-05
323.8,5,0.00012982709081405002,0.13480575002552603,1.7501438350820093e-05
350.0,5,0.0,0.1606890086256183,0.0
446.9,5,0.0,0.08467072272106288,0.0
476.8,5,6.149704301718158e-05,0.03869388202542358,2.3795593274192233e-06
379.3,4,0.00038264826766246324,0.13553076720923168,5.186061328757708e-05
335.7,6,0.0005944714158327553,0.25052048410632466,0.0001489272668817941
319.4,6,0.0002357386648991961,0.21111693681042076,4.976842482129654e-05
248.8,6,0.00014690960276326714,0.31662474219273873,4.6515215100557115e-05
429.5,4,6.491354540702501e-05,0.1269978358762144,8.243879785744554e-06
327.6,7,0.00025965418162810004,0.18154059602847497,4.713777489405118e-05
328.7,7,0.00030748521508590793,0.2116810124136804,6.508878163162326e-05
354.9,8,0.0001742416218820145,0.15100607703839108,2.6311543777209692e-05
344.0,7,0.00033823373659449873,0.13126162880200334,4.439711118118167e-05
286.3,8,0.00033481723420465535,0.22731734470665435,7.610976464142826e-05
185.3,10,0.00021523965056013556,0.39873620272314414,8.582384093980491e-05
210.7,8,0.00015032610515311055,0.3160471811962516,4.75101417938519e-05
172.2,8,0.00017765812427185794,0.4480162225854797,7.959372174789952e-05
104.3,9,0.0004236462963405843,0.5512708709567636,0.0002335438627612811
93.0,10,0.0005398073775952606,0.6057867695492324,0.0003270081674522756
134.7,10,0.00018107462666170135,0.5148950081500056,9.323442137073593e-05
198.2,11,0.00019474063622107503,0.3522446636188806,6.859634989861937e-05
290.6,9,0.00010591157408514608,0.20863066785435136,2.209640243488964e-05
242.6,10,0.0002630706840179435,0.3493500961610389,9.190376875881884e-05
237.7,9,0.0005876384110530686,0.36809624504361865,0.00021630749255203304
147.1,8,0.0008609586022405423,0.5963858595839364,0.0005134635360634102
138.1,10,0.0006388859469007199,0.6346136507927242,0.00040544574320283244
155.6,12,0.0003792317652726198,0.5476599805269731,0.00020769006118441258
246.3,10,0.00030406871269606455,0.32599393085119316,9.912455490065218e-05
290.5,10,0.00033481723420465535,0.23161978775651676,7.755029672370624e-05
314.3,8,0.00033481723420465535,0.1892026399318206,6.334830460619146e-05
306.1,9,0.00024257166967888295,0.22869806379550775,5.547567118720401e-05
280.7,9,0.0006218034349515027,0.2848776345776543,0.00017713789172124443
332.5,8,0.000591054913442912,0.23659227544691608,0.00013983902688553856
306.4,9,0.00035189974615387244,0.25595548116158623,9.007066884745447e-05
338.6,10,0.00030406871269606455,0.19799433138398942,6.0203881465047674e-05
264.8,12,0.00027673669357731714,0.3330665509673184,9.217173605589668e-05
215.1,10,0.000632052942121033,0.4019535517304435,0.00025405592496722564
211.6,8,0.0005193083632562001,0.4324272399754077,0.00022456308221902504
191.9,6,0.0008985401285288199,0.5632272216515204,0.0005060822601336873
175.3,6,0.00036898225810308953,0.5911269902375316,0.00021811537168352736
144.8,6,0.0003963142772218369,0.5536803468220755,0.0002194314264627268
265.9,5,0.0006047209230022856,0.3679097719230206,0.0002224827368588494
239.5,5,0.0005193083632562001,0.4748106035615992,0.00024657311739226256
158.0,5,0.00039973077961168033,0.6843719089600461,0.00027356451671293314
226.1,3,0.00042022979395074086,0.5941797591125259,0.0002496920377415576
0.0,4,0.0006218034349515027,0.7557812467530416,0.0004699473753029705
86.3,3,0.0007584635305452396,0.7201020095145568,0.0005461711124891325
163.1,3,0.00026648718640778687,0.6907022883594259,0.0001840633094703233
181.8,4,0.00016740861710232767,0.570662135354827,9.553375891241293e-05
220.0,4,6.149704301718158e-05,0.4595242085380476,2.8259380019900634e-05
304.7,3,0.0,0.20325818816140506,0.0
346.3,2,0.0,0.1645234470252099,0.0
447.2,1,0.0,0.048553065315653884,0.0
447.2,1,0.0,0.048553065315653884,0.0
489.9,1,0.0,0.038677498790953856,0.0
589.4,1,0.0,0.01670686304640488,0.0
612.0,2,0.0,0.01648918699901408,0.0
885.5,0,0.0,0.018453659593487656,0.0
826.7,0,0.0,0.018453659593487656,0.0
689.9,1,0.0,0.014595373084873785,0.0
663.4,1,0.0,0.014616623813184551,0.0
629.1,1,0.0,0.01488960898717965,0.0
510.6,1,0.0,0.020509694433480437,0.0
480.1,1,0.0,0.03789645673248996,0.0
467.0,2,2.7332019118747372e-05,0.027235587681401874,7.444036032183964e-07
384.2,2,0.00017765812427185794,0.16052822123229174,2.851914267682679e-05
306.4,3,0.0001400765979835803,0.34677486184810413,4.857504291390848e-05
398.8,2,0.0003143182198655948,0.09895920821169754,3.110468216440953e-05
327.1,3,0.0002084066457804487,0.24480688623227143,5.10193820236236e-05
400.9,3,0.00021523965056013556,0.12388664447673492,2.666531806624017e-05
322.0,5,0.0003860647700523067,0.3518527481572324,0.0001358379503095941
314.3,5,0.0002049901433906053,0.2371057170572678,4.860433493830161e-05
434.1,3,3.4165023898434215e-06,0.06199577940040901,2.1180872848170296e-07
638.2,2,1.0249507169530265e-05,0.014816786448306581,1.5186475893131716e-07
370.7,6,3.758152628827764e-05,0.07664213611715384,2.88032845327657e-06
344.3,6,0.00012982709081405002,0.1649448339312284,2.1414307934097992e-05
272.3,7,0.00032798422942496847,0.30398375725880405,9.970187838223552e-05
263.0,5,0.00027332019118747375,0.33392141587731144,9.12674652291787e-05
212.8,8,0.00029723570791637767,0.3656699076074541,0.00010869015385141803
260.7,6,0.0001879076314413882,0.2698254400158861,5.070225933601553e-05
253.1,8,0.00041339678917105404,0.20902318653885985,8.640951417746694e-05
296.1,8,0.000283569698357004,0.21738535502463469,6.164389955156589e-05
364.7,8,0.00018449112905154477,0.17099480309385104,3.1547024284731156e-05
347.5,8,0.00022890566011950924,0.164773911112907,3.771768089377332e-05
267.4,9,0.00021865615294997898,0.22618449703247767,4.9456631978047506e-05
233.6,9,0.00022548915772966583,0.3211267127517099,7.24105919828794e-05
275.5,8,0.00038948127244215006,0.20932589752426387,8.15285169228454e-05
217.8,8,0.0002049901433906053,0.33190848717774835,6.803796837912552e-05
143.0,9,0.00024598817206872634,0.5738481942171023,0.00014115986834040446
143.5,10,0.00035189974615387244,0.5402016798640661,0.00019009683401606032
170.5,12,0.00024598817206872634,0.46280313996756006,0.00011384409842828701
217.5,11,0.0002084066457804487,0.3626402024819285,7.557662822440148e-05
239.2,9,0.0002630706840179435,0.35129541857776014,9.241552605762113e-05
285.0,8,0.00032798422942496847,0.34677091481713207,0.00011373539128328844
221.0,8,0.0007106324970874318,0.464244723195711,0.00032990738690423163
119.1,8,0.0010147012097834961,0.6807611180780501,0.0006907691300873629
0.0,7,0.0005466403823749475,0.7572856425486765,0.0004139629132098663
183.3,7,0.0003792317652726198,0.5140618187276962,0.0001949485709753577
242.5,10,0.0003860647700523067,0.3743367570498799,0.00014451823403258807
334.6,8,0.000348483243764029,0.25355943305581924,8.836121371826005e-05
322.1,8,0.00040656378439136716,0.25831419416601503,0.00010502119634214149
325.0,9,0.0004543948178491751,0.22733460215665321,0.00010329966513778712
442.3,6,0.0006081374253921291,0.06972573764082467,4.240283057245818e-05
385.3,7,0.0003621492533234027,0.127240810826274,4.6080164632999466e-05
432.2,8,0.00022890566011950924,0.08254208720183419,1.889435095857795e-05
301.1,10,0.0002357386648991961,0.24037183802139594,5.66649361745297e-05
274.5,10,0.0002528211768484132,0.26300624078988916,6.649354731497691e-05
214.9,10,0.0007482140233757093,0.42809089160896063,0.0003203036083812351
159.8,6,0.0005193083632562001,0.6270472054252164,0.0003256308579337434
152.5,6,0.001838078285735761,0.5910392640963998,0.0010863764373528362
52.7,6,0.0010796147551905212,0.7441221367420137,0.0008033652384905767
91.3,6,0.0008233770759522646,0.6847656943390668,0.000563820375117323
266.4,5,0.00044414531067964484,0.35063934836087096,0.00015573482231424725
171.6,6,0.00039973077961168033,0.6094029502470654,0.00024359711639991747
154.6,4,0.0004407288082898014,0.6862345161574916,0.00030244332051341974
99.0,4,0.0006833004779686843,0.7248454559875002,0.0004952872465296878
113.1,4,0.0006764674731889975,0.6694814087790221,0.00045288239694375536
154.4,3,0.0003758152628827764,0.6369202553272736,0.0002393643531911844
154.9,4,0.0002391551672890395,0.6672388786773825,0.00015957362565184054
227.7,4,0.0004270627987304277,0.545341263741843,0.0002328949663567798
333.3,3,4.7831033457807905e-05,0.2036858172158351,9.742503138131553e-06
381.5,2,6.833004779686843e-06,0.07709350010463839,5.267802546977823e-07
527.5,1,0.0,0.018964725215443148,0.0
533.0,1,0.0,0.0186186762916261,0.0
564.1,1,0.0,0.018549213659284303,0.0
556.9,2,0.0,0.01812906015003442,0.0
570.6,2,0.0,0.01758800877063956,0.0
601.3,2,0.0,0.019474039123003675,0.0
913.9,0,0.0,0.018453659593487656,0.0
845.2,0,0.0,0.018453659593487656,0.0
702.8,1,0.0,0.014595373084873785,0.0
643.2,1,0.0,0.014616623813184551,0.0
578.9,2,0.0,0.01824788727132852,0.0
560.7,1,0.0,0.020804922089665265,0.0
597.0,1,0.0,0.01670686304640488,0.0
430.7,2,1.708251194921711e-05,0.0673167938203448,1.1499399348190245e-06
399.3,2,5.4664038237494744e-05,0.07047316583655575,3.852347832006792e-06
391.5,2,6.491354540702501e-05,0.11492879267372771,7.460435401800587e-06
308.5,3,0.0003928977748319935,0.24571577400839117,9.654118084901787e-05
225.1,3,0.0002938192055265343,0.5887465898340738,0.00017298505528150391
367.5,4,0.00023232216250935268,0.18254635860726232,4.240956478984697e-05
282.2,4,0.00022548915772966583,0.38402616513433724,8.659373652229526e-05
261.8,4,0.0003006522103062211,0.3628127114887604,0.0001090804436362891
311.5,3,0.0001434931003734237,0.23142558435420996,3.3207974604716886e-05
315.1,3,6.833004779686844e-05,0.2623939271100373,1.792938958103686e-05
320.6,7,0.00013666009559373687,0.16685290966912647,2.2802134585475966e-05
284.2,7,0.0001400765979835803,0.25579993208111224,3.5831584250353104e-05
255.1,7,0.00021182314817029215,0.30238490057870065,6.405212159974117e-05
230.7,6,0.000348483243764029,0.380224259831194,0.00013250178342375147
181.3,7,0.00035189974615387244,0.45402886475666465,0.00015977264225440117
207.5,8,0.0003006522103062211,0.380324653894824,0.00011434544782742738
204.1,9,0.0003109017174757514,0.4270365912008514,0.00013276640962933505
251.0,9,0.0003109017174757514,0.2861411376614533,8.896177113941124e-05
254.1,9,0.0002391551672890395,0.24778324081182945,5.9258642407773435e-05
308.2,10,0.00021865615294997898,0.1537935041489413,3.362789596590414e-05
306.5,8,0.00014690960276326714,0.12818471694460126,1.883156584665321e-05
284.0,8,0.0001742416218820145,0.21815211635282755,3.801117857031061e-05
252.1,8,0.00022207265533982242,0.2044753241800263,4.540837819212944e-05
206.9,8,0.00027673669357731714,0.30447728178338324,8.426003623014257e-05
159.8,11,0.00032798422942496847,0.4860072540829457,0.00015940271472533981
166.1,11,0.00024598817206872634,0.45181324640739956,0.00011114071460019325
158.3,12,0.0002084066457804487,0.513854010698103,0.00010709059079042245
141.0,12,0.0004885598417476093,0.5682593725105847,0.000277628709105367
190.2,12,0.0003963142772218369,0.4506150132201996,0.00017858516326967188
245.9,10,0.00038948127244215006,0.3653598149080839,0.00014230080560962894
254.6,10,0.0007003829899179015,0.3765399751453315,0.0002637221936158996
311.6,7,0.0006149704301718159,0.21632197307628112,0.00013303161683833657
365.2,7,0.0005603063919343212,0.16366190333044137,9.170081055218325e-05
260.0,9,0.001995237395668558,0.31645429088069565,0.0006314014351849396
272.0,10,0.0005158918608663567,0.35384684201779243,0.00018254670579024267
345.7,8,0.000567139396714008,0.20209246651584442,0.00011461459954024187
388.1,7,0.00043731230589995796,0.1360422794214844,5.949296291369574e-05
390.4,8,0.0005056423536968264,0.12827486772415408,6.486120603619035e-05
448.9,6,0.0006491354540702502,0.06918032112739929,4.490739916776006e-05
460.9,6,0.00046806082740854875,0.061047780626297954,2.8574074711400594e-05
484.1,5,0.0002357386648991961,0.04348143482379562,1.0250255393262992e-05
374.0,8,0.0002084066457804487,0.12382196403594138,2.5805320198677896e-05
324.7,9,0.0003758152628827764,0.21862225466166788,8.21615801077e-05
272.5,8,0.0007892120520538304,0.35626312550310735,0.00028116715234941864
176.0,6,0.0006628014636296238,0.652228659235286,0.00043229810996233466
117.2,6,0.000543223879985104,0.676550733849769,0.000367518514648641
0.0,7,0.0008336265831217948,0.755986517558007,0.0006302104575180261
112.2,5,0.001127445788648329,0.6736319800328355,0.0007594835389868557
188.6,4,0.0006696344684093107,0.5836920333500074,0.00039086030446708184
228.4,3,0.0005158918608663567,0.6005158180464375,0.0003098012228516591
188.2,4,0.0005637228943241645,0.6235465604227688,0.0003515074717874008
136.9,4,0.0006901334827483712,0.6688558877522321,0.0004615998432712016
152.9,4,0.0010420332289022437,0.6880676842438866,0.0007169893907159467
224.0,4,0.0004236462963405843,0.5684960202569198,0.00024084123346620586
227.5,4,0.0003314007318148119,0.5285952233109136,0.00017517684383905067
249.2,4,0.0004578113202390185,0.44424003424431446,0.0002033781165804164
357.9,3,2.7332019118747372e-05,0.20126653784435455,5.50102086032599e-06
408.9,2,4.099802867812106e-05,0.02907562351971863,1.1920432468956757e-06
527.5,1,1.0249507169530265e-05,0.007298647908973759,7.480754407090362e-08
533.0,1,0.0,0.0186186762916261,0.0
691.1,2,0.0,0.01482790569520603,0.0
594.6,2,0.0,0.016541713277438457,0.0
602.7,2,0.0,0.02385606924057663,0.0
580.2,2,0.0,0.018589611797429156,0.0
869.1,0,0.0,0.018453659593487656,0.0
803.6,0,0.0,0.018453659593487656,0.0
733.3,1,0.0,0.015602836577982861,0.0
618.0,2,0.0,0.015898889751578178,0.0
648.6,2,0.0,0.014849156423516797,0.0
650.8,1,0.0,0.014616623813184551,0.0
662.6,1,0.0,0.014616623813184551,0.0
458.5,2,0.0,0.045539462091380295,0.0
509.7,2,1.0249507169530265e-05,0.01144636131178729,1.1731956233019768e-07
400.1,2,0.0001264105884242066,0.08599686550185688,1.0870914370727083e-05
310.3,3,0.0001434931003734237,0.30178372678467674,4.3303882598579496e-05
257.8,3,0.0002494046744585698,0.4175662281746957,0.00010414296920280285
144.3,3,0.0002528211768484132,0.67192407504652,0.0001698766354060427
136.8,3,0.0001571591099327974,0.6833171537976672,0.00010738951569265382
186.0,5,0.0002357386648991961,0.5998513096887887,0.00014140814688406926
262.1,3,0.00040314728200152377,0.4210069750594407,0.00016972781769889682
297.9,5,0.0002869862007468474,0.3040627220206443,8.72618053814495e-05
290.7,6,0.0003416502389843422,0.22276074809648003,7.610626282349324e-05
236.8,6,0.00038264826766246324,0.4218480748502291,0.0001614194350581853
193.6,7,0.0004270627987304277,0.42367331752682574,0.00018093511273041137
213.6,6,0.00030406871269606455,0.40774413628093736,0.00012398223462831333
166.8,7,0.00033823373659449873,0.5208013786566856,0.0001761525963266172
140.1,8,0.00023232216250935268,0.5434493446112542,0.000126255326954377
192.4,10,0.00032798422942496847,0.44111826452232245,0.00014467983407463332
219.9,8,0.00042022979395074086,0.3401429396010863,0.0001429381974223638
205.5,11,0.0002869862007468474,0.43314237805748046,0.00012430588546117095
256.6,10,0.0001571591099327974,0.175652364812614,2.760536931154144e-05
359.4,8,0.00013666009559373687,0.17278243047482233,2.3612463465607415e-05
346.8,7,0.00019815713861091845,0.2067669097007399,4.097233918572078e-05
308.2,8,0.00021865615294997898,0.2086023254832374,4.5612181986584056e-05
205.6,10,0.00019815713861091845,0.3371979135297551,6.681817369062817e-05
160.5,10,0.0004168132915608974,0.4684998026078182,0.0001952769448205954
213.0,6,0.0003143182198655948,0.4695284411671732,0.00014758134380393355
117.2,11,0.0003314007318148119,0.5967817511607846,0.00019777390906840897
143.6,12,0.00043731230589995796,0.49367247924612256,0.000215889050258471
282.4,8,0.000348483243764029,0.29006753747221786,0.00010108367636896251
290.8,9,0.0005124753584765132,0.27510410602131846,0.00014098407535163588
289.5,10,0.0005295578704257304,0.2833539031739926,0.00015005228954163814
277.0,10,0.00022890566011950924,0.3061647668368555,7.008284805812604e-05
403.8,7,0.00024257166967888295,0.13726837535549818,3.329741900409082e-05
400.5,7,0.0008917071237491331,0.13958400103852317,0.0001244680480874575
356.4,7,0.00021523965056013556,0.14345115850101903,3.0876377228205955e-05
331.9,8,0.00012982709081405002,0.27661831761761235,3.591255144217149e-05
392.3,8,0.0002938192055265343,0.13067400923065753,3.83945335751188e-05
417.4,7,0.0003963142772218369,0.09101153345354612,3.606917009949316e-05
520.7,5,0.0008472925926811686,0.039217849587902455,3.322899345671397e-05
519.9,5,0.0002699036887976303,0.04668086925316319,1.2599338807708627e-05
657.0,3,0.00014690960276326714,0.05770883195054588,8.477981577786834e-06
422.0,5,0.00022890566011950924,0.10214285013236338,2.338107653603674e-05
368.3,8,0.0005090588560866698,0.1597887596045705,8.134188317981054e-05
322.9,5,0.0014246814965647068,0.2575935531189052,0.00036698876876286213
229.1,5,0.0016945851853623372,0.5566356126818102,0.0009432664628956834
231.3,5,0.0012846048985811266,0.5423686150385281,0.0006967293797151544
155.2,4,0.0011308622910381726,0.6863066197758431,0.0007761182763943739
179.9,4,0.0007687130377147699,0.5973275404367064,0.00045917346811979266
164.6,5,0.0008951236261389764,0.6548575225146629,0.0005861784401577114
253.2,4,0.0007379645162061791,0.44074160756403313,0.00032525166719792536
251.2,4,0.00046122782262886193,0.4577976230923922,0.00021114900090357246
183.6,4,0.0008404595879014817,0.6174717450398225,0.000518960048376978
257.2,4,0.001110363276699112,0.3974844675809261,0.0004413521558601591
274.4,4,0.00043047930112027113,0.3785214006436508,0.00016294562800814495
359.3,3,0.00022207265533982242,0.18946167337588476,4.2074256891708864e-05
272.9,4,0.00013666009559373687,0.3335322163204616,4.558054456594521e-05
351.6,3,4.4414531067964485e-05,0.19668019613631615,8.735458681749763e-06
435.8,3,0.0001264105884242066,0.06653420412866895,8.410627894241318e-06
509.0,1,7.516305257655528e-05,0.014365541625895383,1.079757960517868e-06
571.7,2,0.0,0.01779560686488198,0.0
653.6,2,0.0,0.014849156423516797,0.0
610.7,2,0.0,0.01648918699901408,0.0
680.2,2,0.0,0.01482790569520603,0.0
541.9,2,0.0,0.0181754358554763,0.0
801.4,0,0.0,0.018453659593487656,0.0
838.9,0,0.0,0.018453659593487656,0.0
692.5,2,0.0,0.01482790569520603,0.0
627.8,2,0.0,0.015122141597511893,0.0
590.8,2,0.0,0.016541713277438457,0.0
562.1,2,0.0,0.02040439644845642,0.0
850.3,0,0.0,0.018453659593487656,0.0
712.6,1,0.0,0.01572678334154045,0.0
393.4,2,3.4165023898434215e-06,0.055479611140275,1.8954622404833325e-07
369.7,3,5.4664038237494744e-05,0.10820370560994003,5.9148515009003864e-06
298.8,3,0.0002357386648991961,0.3755471500640533,8.853098376279797e-05
261.0,3,0.0005090588560866698,0.41729707651851733,0.00021242877242082795
164.5,3,0.00027673669357731714,0.6380945788697552,0.00017658418394602665
0.0,3,0.00019474063622107503,0.7461081663743416,0.000145297579009479
173.2,4,0.0002630706840179435,0.6659912271244021,0.000175202767669566
228.3,4,0.00038948127244215006,0.5546713013399713,0.0002160340842330353
308.6,4,0.000283569698357004,0.29152797853580154,8.266850093602438e-05
263.7,5,0.00019815713861091845,0.34211173189156646,6.77918818768585e-05
203.2,6,0.0002562376792382566,0.5245684604905739,0.00013441420491768977
198.4,6,0.0006559684588499369,0.5664577863847157,0.00037157844113832873
133.5,8,0.000632052942121033,0.6108878638712228,0.0003861134716658395
113.8,8,0.00046806082740854875,0.6081823361483791,0.0002846663274728745
0.0,8,0.0002049901433906053,0.6358064640776026,0.00013033405823994148
179.2,8,0.0004543948178491751,0.46836095039096887,0.00021282078874057083
270.0,8,0.0005090588560866698,0.28911495421346073,0.00014717652786945423
238.4,10,0.0002938192055265343,0.3506733512047057,0.00010303456545029397
338.2,10,0.0001264105884242066,0.14669985776124764,1.8544415341346728e-05
368.3,10,0.00015374260754295397,0.1759748566806509,2.7054833328080883e-05
358.0,7,0.00022548915772966583,0.18456978154712272,4.161848458340912e-05
284.5,10,0.00036898225810308953,0.3179874780185617,0.00011733173768779544
249.4,9,0.0003314007318148119,0.32667445174737764,0.00010826015237428341
183.2,9,0.00038264826766246324,0.48566413957786114,0.00018583854167524932
112.0,11,0.0006149704301718159,0.6306278081267997,0.0003878174544420474
0.0,10,0.0005534733871546343,0.6556918325284461,0.0003629079794791483
181.9,10,0.00035873275093355927,0.5047741762493826,0.0001810790288461623
139.8,13,0.00020157364100076189,0.5278261960304806,0.00010639584814944587
320.2,6,0.00030748521508590793,0.33095947761909905,0.0001017651461604284
302.4,9,0.00022207265533982242,0.1911774106069984,4.2455275214487667e-05
498.0,6,6.149704301718158e-05,0.05197035010871832,3.196022856253838e-06
555.9,6,3.758152628827764e-05,0.0483370088635937,1.8165785693038557e-06
503.8,8,2.049901433906053e-05,0.05282121474792355,1.0827828385242804e-06
342.2,8,4.4414531067964485e-05,0.1637368453381494,7.272295204241732e-06
422.0,7,6.149704301718158e-05,0.10411378717717004,6.402690048716115e-06
472.0,7,0.0001879076314413882,0.06685940506383574,1.256339244512573e-05
529.6,6,0.0004578113202390185,0.04367316875963687,1.9994071048870816e-05
510.5,6,0.0004919763441374527,0.037954573619722515,1.8672752372726888e-05
515.8,5,0.0002562376792382566,0.03872496463530687,9.922795066734592e-06
530.8,5,0.0003177347222554382,0.041131457410960054,1.3068892196432778e-05
440.2,5,0.00024257166967888295,0.0609710988098888,1.478986124047088e-05
393.4,6,0.0003792317652726198,0.12380784102328912,4.695186610585381e-05
333.1,4,0.0008643751046303856,0.2488972033551855,0.00021514054619234884
298.8,3,0.0010010352002241226,0.33671094056876294,0.00033705950380990424
236.4,5,0.0011718603197162936,0.555821207196885,0.000651344817570838
230.5,4,0.0011171962814787988,0.551413333375334,0.0006160369256047524
190.0,4,0.000526141368035887,0.5778207732670674,0.0003040154121262889
193.0,4,0.0005158918608663567,0.5329967796830378,0.0002749687005064579
213.8,4,0.00040314728200152377,0.4577053145684682,0.0001845226535259304
273.6,4,0.000802878061613204,0.36166649430546677,0.00029037409389841604
279.9,4,0.0008472925926811686,0.36115296392706964,0.00030600223116025537
375.7,3,0.0007072159946975883,0.1580780612617554,0.00011179533333509863
333.9,3,0.0004578113202390185,0.2745810045273421,0.00012570629219521838
329.1,3,0.00017765812427185794,0.26914853676881073,4.78164241928621e-05
372.8,3,0.00013324359320389343,0.12472482425393554,1.6618783745318488e-05
349.6,3,0.0002562376792382566,0.20076059982449068,5.144243018150784e-05
430.3,3,0.00025965418162810004,0.06588429786838094,1.7107133445156432e-05
552.5,3,6.149704301718158e-05,0.028175009801770082,1.7326797897889676e-06
554.0,3,0.0,0.05828465221808841,0.0
668.2,2,0.0,0.014849156423516797,0.0
568.7,2,0.0,0.01758800877063956,0.0
521.9,3,0.0,0.056406659791483696,0.0
568.9,1,0.0,0.0179885344118484,0.0
778.1,0,0.0,0.01915152494682099,0.0
725.4,2,0.0,0.01666870252164844,0.0
908.4,0,0.0,0.018453659593487656,0.0
590.1,2,0.0,0.016541713277438457,0.0
691.6,2,0.0,0.01482790569520603,0.0
526.8,2,0.0,0.018425310684234305,0.0
521.5,2,0.0,0.017940620315512076,0.0
490.4,2,0.0,0.03748846076196471,0.0
421.8,2,0.0,0.23385757695662665,0.0
387.6,3,6.149704301718158e-05,0.11259534251593176,6.92428062223655e-06
334.2,3,0.00018449112905154477,0.29724470848960466,5.483901187384446e-05
251.5,3,0.0004168132915608974,0.4295767309246596,0.00017905329119467732
175.6,3,0.00046464432501870537,0.629378955083748,0.0002924373597658662
118.6,4,0.0003177347222554382,0.6752567832097132,0.00021455252646423886
160.1,4,0.0003963142772218369,0.6908575595287054,0.00027379671436786107
202.1,4,0.0008609586022405423,0.6264235847541,0.0005393247739403998
206.2,5,0.00027332019118747375,0.5045409492554892,0.0001379012287124198
267.9,5,0.0002699036887976303,0.3690916518684563,9.961919834370714e-05
285.3,5,0.0002357386648991961,0.3723046491524547,8.776660092696329e-05
250.9,5,0.0004407288082898014,0.4399246760916795,0.0001938874782311628
212.5,6,0.0006901334827483712,0.5228716313848927,0.0003608512199979785
178.8,6,0.0004578113202390185,0.5695760784782044,0.00026075837646466954
79.4,8,0.00019474063622107503,0.5674470850632495,0.00011050500636701168
174.8,7,8.541255974608554e-05,0.5100789295864228,4.3567147048519694e-05
188.8,9,0.00029723570791637767,0.4722248079094998,0.00014036207507465563
273.6,10,0.000283569698357004,0.25640576699961637,7.270890600507746e-05
318.7,9,0.00012982709081405002,0.20563942377513483,2.669756814540335e-05
335.9,12,0.0002084066457804487,0.1910684794793278,3.9819940922657205e-05
309.0,10,0.0005876384110530686,0.2350860673823874,0.00013814560309730075
262.6,9,0.00046122782262886193,0.2932365533799268,0.0001352488570306157
204.8,9,0.0004475618130694882,0.4344367331981051,0.00019443729197412944
215.4,9,0.0008131275687827343,0.42029787585495804,0.00034175578995848953
125.8,11,0.0007037994923077449,0.6033871704941705,0.00042466358425880386
116.6,11,0.0005500568847647909,0.6336449855198016,0.0003485407867818531
187.7,11,0.0005603063919343212,0.46499314960456845,0.0002605386339291118
253.0,9,0.00032115122464528164,0.318624059164832,0.00010232650680223647
200.4,12,0.0001708251194921711,0.3146851224794313,5.375612364995735e-05
339.7,8,4.099802867812106e-05,0.1490430376761538,6.110470732921231e-06
208.5,12,2.3915516728903952e-05,0.34544810492149247,8.261569932218122e-06
227.5,10,2.7332019118747372e-05,0.3607436542368296,9.859852454567818e-06
246.8,9,2.7332019118747372e-05,0.2508612350132823,6.856544071535609e-06
267.9,9,5.808054062733817e-05,0.1878029038102233,1.0907694184681757e-05
408.6,8,9.907856930545922e-05,0.04349470540221565,4.309393183613955e-06
550.8,9,0.00012982709081405002,0.03849923606926272,4.998243817435721e-06
423.2,8,0.0002084066457804487,0.08054478511304312,1.6786068500516337e-05
347.3,8,0.0001708251194921711,0.20311253208772964,3.469672256424385e-05
598.4,4,0.00025965418162810004,0.04639543516678225,1.2046768749510419e-05
544.5,5,0.0002528211768484132,0.04530659741738245,1.145446727805991e-05
480.6,3,0.00021523965056013556,0.04949651258653591,1.065361207307134e-05
390.6,6,0.00011616108125467634,0.11189820461555572,1.2998216438599968e-05
364.2,2,0.00015374260754295397,0.1787917215978308,2.7487905485544387e-05
329.3,3,0.0002391551672890395,0.2729058112221861,6.526683493699295e-05
275.3,3,0.0005808054062733817,0.38759478404318026,0.00022511714601564296
218.3,4,0.00033823373659449873,0.5371583916100953,0.00018168508993737355
215.7,4,0.00024598817206872634,0.5017747422570495,0.00012343065163806792
255.0,3,0.0001708251194921711,0.4466121816047321,7.629257928928758e-05
255.9,3,0.00018107462666170135,0.4085009541030737,7.396915775516286e-05
322.9,3,0.0007618800329350831,0.25905909229051766,0.00019737194976643234
337.0,3,0.000696966487528058,0.24020515604031373,0.00016741494389154655
352.3,3,0.0004578113202390185,0.1727076037345227,7.906749608101908e-05
413.7,3,0.0005227248656460435,0.08704312390869984,4.5499605250587034e-05
402.6,3,0.0004543948178491751,0.10178244686391578,4.6249416402972355e-05
398.7,3,0.00030406871269606455,0.10129169688069628,3.0799635877313296e-05
453.7,3,0.00022890566011950924,0.05357580611038635,1.2263805264132825e-05
431.4,3,0.0001434931003734237,0.05603752905892701,8.040998781931261e-06
458.5,3,5.1247535847651325e-05,0.04355773464309467,2.232226567564478e-06
486.8,3,0.0,0.07262694759959047,0.0
513.9,3,0.0,0.056939080416924526,0.0
543.9,3,0.0,0.05649382199939236,0.0
516.2,2,0.0,0.018301731426623186,0.0
548.7,1,0.0,0.020366791715381204,0.0
770.2,0,0.0,0.01915152494682099,0.0
675.8,2,0.0,0.01643962731020603,0.0
646.4,2,0.0,0.014849156423516797,0.0
606.7,2,0.0,0.018155853665680743,0.0
529.3,2,0.0,0.018425310684234305,0.0
535.8,2,0.0,0.018217569487750586,0.0
447.5,2,0.0,0.04633533163698652,0.0
413.9,2,0.0,0.27020116377052344,0.0
414.4,2,0.0,0.2664056997853567,0.0
353.9,3,0.00010249507169530265,0.09886440976735604,1.0133114767218936e-05
303.0,3,0.00018107462666170135,0.3549100919659956,6.426521240121274e-05
250.8,3,0.0003177347222554382,0.4445513764332601,0.00014124940811929466
202.0,3,0.00035873275093355927,0.628299487548195,0.00022539160357830956
239.8,3,0.00026648718640778687,0.5461865118817308,0.0001455517068052457
184.2,4,0.00033481723420465535,0.5840174292963127,0.00019553910040430428
232.6,4,0.00042022979395074086,0.568817011145339,0.00023903385538928207
284.3,4,0.0008848741189694462,0.3773679665426865,0.00033392314692175115
375.0,5,0.000283569698357004,0.14469190003721444,4.103023844825468e-05
436.9,4,0.00021865615294997898,0.08606458636243915,1.881855135924217e-05
296.9,6,0.0002528211768484132,0.31409694688044937,7.941035975480875e-05
258.4,6,0.0004099802867812106,0.3378061343979288,0.00013849385585691502
249.0,6,0.0004168132915608974,0.40885752370775796,0.00017041725023606824
159.1,8,0.0003963142772218369,0.47295807665713274,0.0001874400383066017
279.9,7,0.00024257166967888295,0.32866379954472025,7.972452661856848e-05
220.7,9,0.0005056423536968264,0.40384467157459314,0.00020420097026289914
292.0,9,0.0003006522103062211,0.2156293867469954,6.482945173245915e-05
340.1,9,0.00011274457886483292,0.14823565144406214,1.6712766094814948e-05
440.7,7,0.00015032610515311055,0.0701649475641203,1.0547623285586437e-05
324.5,10,0.0005739724014936948,0.19876825622379238,0.00011408749336548416
326.8,9,0.0003758152628827764,0.20425924367734452,7.676374135883832e-05
279.8,9,0.0005295578704257304,0.31570086270602027,0.00016718187654616597
230.9,9,0.0008643751046303856,0.4349022336184448,0.00037591866368793164
213.1,10,0.0006183869325616594,0.4313348459099302,0.00026673183226919776
160.1,11,0.0005398073775952606,0.5934150864197414,0.00032032984162570554
197.9,11,0.0003860647700523067,0.4631638566865963,0.00017881124782825035
263.8,9,0.00027673669357731714,0.2890749264501802,7.9997639341929e-05
199.8,11,0.00030406871269606455,0.37159899750185243,0.00011299162880953637
325.0,8,6.491354540702501e-05,0.16043717761079343,1.0414546013813175e-05
299.9,8,3.416502389843422e-05,0.17174379254952654,5.867630776862303e-06
354.3,8,3.416502389843422e-05,0.08154790935703804,2.7860862720505523e-06
406.1,8,4.099802867812106e-05,0.10959256461847972,4.493079107137267e-06
437.8,9,4.7831033457807905e-05,0.029016106934550135,1.3878703816017994e-06
437.1,8,6.491354540702501e-05,0.0711743245766473,4.62017775022053e-06
420.1,8,0.00010591157408514608,0.05026287907372051,5.323420640749088e-06
334.8,8,8.541255974608554e-05,0.10568326542265764,9.026678222074162e-06
421.9,8,0.00010249507169530265,0.09097300784248748,9.324284961153084e-06
700.2,1,0.00019815713861091845,0.062133446422970584,1.2312185955210657e-05
618.6,3,0.0003553162485437159,0.043521607121827136,1.5463934173121086e-05
516.0,4,0.00010932807647498949,0.027039223878361066,2.9561463359978205e-06
422.4,3,5.4664038237494744e-05,0.05529098972455216,3.022428776491848e-06
356.6,3,0.00014690960276326714,0.1580114878692172,2.3213404914899505e-05
278.0,4,0.0001264105884242066,0.3768442677370556,4.763710562893045e-05
230.7,3,0.0002084066457804487,0.5333326205776859,0.00011115006253989224
278.1,3,7.85795549663987e-05,0.3504112979317848,2.75351638466778e-05
284.2,3,8.541255974608554e-05,0.3205837586556609,2.7381879439801308e-05
295.3,3,5.1247535847651325e-05,0.3165812980338472,1.6224011419685573e-05
451.2,3,5.808054062733817e-05,0.08264770426662499,4.800223345413943e-06
376.8,3,0.0002562376792382566,0.14823499079079086,3.798339002213659e-05
348.0,3,0.00029723570791637767,0.22056990348460406,6.556125140729338e-05
360.1,3,0.00024598817206872634,0.18594828615990835,4.57410790117883e-05
357.8,3,0.00042022979395074086,0.20784100135630193,8.734098117447442e-05
378.8,3,0.00037239876049293297,0.11640887331470288,4.3350520132774216e-05
500.6,3,0.00010932807647498949,0.17561559378279223,1.9199715067285796e-05
513.0,3,0.00013324359320389343,0.040899754302401635,5.449630224408393e-06
512.6,3,7.85795549663987e-05,0.030013330568589756,2.3584341591391934e-06
395.1,3,2.7332019118747372e-05,0.1001999648794476,2.738667355782877e-06
532.5,3,0.0,0.05653653679433332,0.0
530.3,3,0.0,0.05674369682815036,0.0
465.0,2,3.4165023898434215e-06,0.1615672518587532,5.519949020958643e-07
471.4,2,3.758152628827764e-05,0.02677001866241833,1.0060581600993574e-06
642.8,1,6.833004779686843e-06,0.009332006190320997,6.376564290253057e-08
778.8,0,0.0,0.01915152494682099,0.0
704.3,2,0.0,0.01482790569520603,0.0
739.5,2,0.0,0.016230030778092885,0.0
565.5,2,0.0,0.018148688018075457,0.0
514.2,2,0.0,0.018301731426623186,0.0
541.6,2,0.0,0.0181754358554763,0.0
481.5,2,0.0,0.036042778252019333,0.0
491.4,2,0.0,0.0367569196982367,0.0
381.6,3,0.0,0.2649160164856209,0.0
428.4,2,6.833004779686843e-06,0.11437383221774337,7.815169422149415e-07
310.8,3,0.00012299408603436317,0.254070252917481,3.124913854610507e-05
368.4,3,0.00040656378439136716,0.21170696508886838,8.607238490854137e-05
271.2,3,0.000348483243764029,0.4197509287133365,0.0001462761652109872
260.6,3,0.0002938192055265343,0.4277955403644887,0.0001256945457976885
255.7,3,0.0004099802867812106,0.43997601781942125,0.00018038149396246134
209.8,4,0.00037239876049293297,0.5441623400573082,0.00020264538094427547
271.7,4,0.00024598817206872634,0.38277471999831275,9.41580536865035e-05
341.9,5,0.00024598817206872634,0.21879423153060373,5.38207930733949e-05
416.7,4,0.000478310334578079,0.06715083609487714,3.2118938879738427e-05
328.2,6,0.00020157364100076189,0.22286238475968,4.4923182338121405e-05
325.9,6,0.0002801531959671606,0.225825700392331,6.3265791696434e-05
310.9,6,0.0003245677270351251,0.29677219888595874,9.63226780396317e-05
214.4,9,0.0003314007318148119,0.345717029292466,0.00011457087650836599
307.5,9,0.00020157364100076189,0.3203596155003754,6.457605412601479e-05
298.6,9,0.0005876384110530686,0.24965967203123582,0.00014670961297646564
307.2,10,0.00030748521508590793,0.2855768795861491,8.781066824310948e-05
400.5,9,0.00010591157408514608,0.07992019092182423,8.464473221715807e-06
365.8,8,0.0002391551672890395,0.20519144246563129,4.9072593749147376e-05
285.4,9,0.0004988093489171396,0.3102603201637177,0.00015476074829568728
245.2,9,0.0003553162485437159,0.3517590709645261,0.00012498571348633814
305.3,9,0.0003792317652726198,0.21448574998769013,8.133980959365351e-05
216.5,9,0.0005842219086632251,0.39976468476093446,0.00023355128714718561
195.6,11,0.0007174655018671185,0.47976932330828476,0.00034421793832782637
167.7,11,0.0004270627987304277,0.5303329841320349,0.00022648548846248632
177.1,8,0.0002869862007468474,0.5668585004338441,0.00016268056740056407
176.3,9,0.0007174655018671185,0.5541177623678628,0.00039756037847074344
196.5,10,0.0005295578704257304,0.47707769391358823,0.0002526402476164982
260.3,9,0.00015374260754295397,0.2886833232186294,4.438292686579747e-05
263.6,7,0.00013324359320389343,0.18761728118114387,2.4998800691720825e-05
454.0,6,2.3915516728903952e-05,0.17402230376347388,4.161833316857765e-06
494.9,6,1.3666009559373686e-05,0.08211806832116746,1.1222263066743758e-06
550.9,6,5.1247535847651325e-05,0.07860961681109513,4.028549155496732e-06
503.9,8,0.00012982709081405002,0.02972078659180882,3.858563259919764e-06
513.8,7,0.00022207265533982242,0.05598606666036652,1.2432974485299897e-05
593.3,7,0.00011616108125467634,0.041177515626769697,4.7832247385869e-06
441.7,8,6.833004779686844e-05,0.057847237130258584,3.952704478027351e-06
671.2,1,0.00010932807647498949,0.04606286981027245,5.035964953274951e-06
575.3,3,0.0002084066457804487,0.03489705461739858,7.272778100429158e-06
492.7,3,0.00010932807647498949,0.16846524676251082,1.8417981381429758e-05
405.7,4,8.541255974608554e-05,0.07179314708501752,6.132036464758566e-06
373.2,5,0.00011274457886483292,0.0908999384255185,1.0248475276624327e-05
350.7,3,6.149704301718158e-05,0.1439859664443556,8.854711172299e-06
334.1,3,1.0249507169530265e-05,0.14751068526576258,1.511911826213756e-06
360.7,3,6.833004779686843e-06,0.08358694944684891,5.711500250897612e-07
283.6,3,3.074852150859079e-05,0.1783929100510814,5.4853182316857795e-06
677.0,1,1.3666009559373686e-05,0.010028870219022944,1.3705463628288564e-07
463.9,3,4.7831033457807905e-05,0.030031357292544084,1.4364308554430596e-06
415.2,3,0.00026648718640778687,0.06900533916957219,1.838903868241434e-05
405.7,3,0.0004270627987304277,0.08327373200628328,3.556311305133093e-05
384.7,3,0.00016740861710232767,0.12727264043598185,2.1306536730349512e-05
283.2,3,0.0001708251194921711,0.35848046692229485,6.12374685976103e-05
335.9,3,0.00021865615294997898,0.20809431159319014,4.5501101623741164e-05
373.6,3,4.7831033457807905e-05,0.10577526099758254,5.059340047783734e-06
357.7,3,1.0249507169530265e-05,0.10474870193111964,1.0736225714419994e-06
560.3,3,4.4414531067964485e-05,0.015012395787593525,6.667685191126517e-07
356.1,3,6.149704301718158e-05,0.08318898831794395,5.115876793144415e-06
406.0,2,6.491354540702501e-05,0.06045576345447175,3.924397946118215e-06
445.4,2,3.758152628827764e-05,0.08351665209422576,3.138683256188083e-06
461.3,2,5.808054062733817e-05,0.14136601205939725,8.2106144067406e-06
501.9,1,0.00013324359320389343,0.02633949011714484,3.5095683063668185e-06
758.4,0,2.049901433906053e-05,0.029695168649114104,6.087216879390107e-07
922.0,0,0.0,0.018453659593487656,0.0
775.9,0,0.0,0.01915152494682099,0.0
777.8,0,0.0,0.01915152494682099,0.0
972.6,0,0.0,0.018453659593487656,0.0
639.1,2,0.0,0.014849156423516797,0.0
630.8,2,0.0,0.015122141597511893,0.0
604.8,2,0.0,0.020165112924940002,0.0
550.9,2,0.0,0.019966266074172352,0.0
493.7,2,0.0,0.029425358688051566,0.0
474.8,2,2.3915516728903952e-05,0.05601806488805867,1.3397009679511941e-06
348.7,2,0.0002357386648991961,0.1970640287565157,4.64556110387178e-05
263.9,4,0.00035873275093355927,0.42107757793157413,0.00015105431788783378
275.1,3,0.00030406871269606455,0.4043129910904107,0.0001229389307271566
231.5,3,0.00022890566011950924,0.5460740128345924,0.00012499943238201175
255.9,2,0.00016399211471248423,0.4121896234382467,6.759584801018064e-05
135.4,5,0.00016740861710232767,0.7096790259908633,0.00011880638432765728
229.4,4,0.0001400765979835803,0.5360773844381969,7.509189626803852e-05
287.8,4,8.199605735624212e-05,0.3820680753124105,3.1328075817305446e-05
267.8,5,0.00018107462666170135,0.34596540260397435,6.264555611437985e-05
333.5,6,0.00043731230589995796,0.2545201128558092,0.00011130477745089147
361.9,6,0.0003928977748319935,0.19881605100054722,7.811438403899913e-05
275.6,7,0.0003177347222554382,0.30551667015661893,9.707325433661965e-05
245.4,10,0.0005056423536968264,0.43038086741602766,0.00021761879478632203
274.4,10,0.0006115539277819725,0.30088522486317876,0.00018400754107663898
333.2,10,0.0005603063919343212,0.2081667557846795,0.00011663716385438674
323.9,9,0.00033823373659449873,0.21472086671515128,7.262584107387495e-05
299.7,9,7.85795549663987e-05,0.23162826699802874,1.8201246138343276e-05
273.1,9,0.00027673669357731714,0.2791561812059931,7.725275857861694e-05
278.8,9,0.000696966487528058,0.295854365664709,0.00020620057805717393
294.7,8,0.00048172683696792246,0.23302302710211673,0.00011225344578659316
179.5,9,0.0010044517026139659,0.5606863609812114,0.0005631823699200065
177.2,9,0.000850709095071012,0.5906037965517137,0.0005024320213100124
163.0,11,0.0003416502389843422,0.5695388772560394,0.00019458309352539976
217.7,8,0.00030406871269606455,0.4137169185114717,0.00012579837083236584
121.5,9,0.00046806082740854875,0.6722895467393496,0.0003146724015049382
82.9,11,0.0008575420998506989,0.6766777447307258,0.0005802796541386218
135.3,10,0.0005944714158327553,0.6829807637123747,0.0004060125415906319
167.3,10,0.00046806082740854875,0.47482514011116594,0.00022224704795481242
300.4,6,8.541255974608554e-05,0.2675341679164059,2.28507781012793e-05
362.1,5,4.4414531067964485e-05,0.103527233784836,4.598113541317021e-06
437.9,4,2.7332019118747372e-05,0.0744019512679992,2.0335555545290646e-06
621.4,3,5.1247535847651325e-05,0.04674111949616093,2.3953671969388615e-06
455.8,8,0.00020157364100076189,0.05036581312610657,1.0152420333793266e-05
545.0,7,0.00015032610515311055,0.05799119791152569,8.717590915202855e-06
558.3,8,0.00013324359320389343,0.0443597013583222,5.910646002434483e-06
461.7,8,0.0001571591099327974,0.07310333338238628,1.1488854807496384e-05
686.3,3,5.808054062733817e-05,0.06125231752376714,3.5575677164577754e-06
573.3,2,6.833004779686843e-06,0.021687376772438788,1.4818994914494365e-07
495.2,7,7.174655018671185e-05,0.04503309356021134,3.2309691071805933e-06
502.2,3,0.00013666009559373687,0.033804104286962344,4.619672123316925e-06
581.2,1,8.199605735624212e-05,0.07019723783619078,5.755896739866069e-06
373.8,3,0.00012982709081405002,0.09733753815159758,1.2637049405223518e-05
404.5,3,9.224556452577238e-05,0.0394257529012508,3.636850833229488e-06
509.1,2,1.3666009559373686e-05,0.013420768150428825,1.8340834583789823e-07
367.2,3,3.758152628827764e-05,0.1510249432948607,5.675747876621446e-06
565.5,2,1.0249507169530265e-05,0.010536631642568045,1.0799528156320063e-07
411.0,3,4.4414531067964485e-05,0.057545355685962994,2.5558499879312703e-06
420.7,3,0.00015374260754295397,0.07592261513880517,1.1672540822920059e-05
385.3,3,0.00021865615294997898,0.120462362331319,2.6339836722632674e-05
296.9,3,7.174655018671185e-05,0.2766819940489397,1.985097857179176e-05
239.7,3,0.00014690960276326714,0.5012271613926594,7.363508317435558e-05
369.2,3,5.808054062733817e-05,0.09761055430340361,5.669273764875832e-06
308.1,3,3.416502389843422e-05,0.12122265429208792,4.1415748809208136e-06
357.7,3,6.833004779686843e-06,0.13094830226493048,8.947703752681474e-07
292.6,2,4.099802867812106e-05,0.21550872829896334,8.835433023186297e-06
324.8,2,8.882906213592897e-05,0.10633470242980031,9.44561188934225e-06
309.0,2,0.00011274457886483292,0.18182376531042066,2.0499643847541594e-05
430.0,2,4.4414531067964485e-05,0.0903647952002148,4.013510003870188e-06
398.8,2,7.174655018671185e-05,0.07588256557676792,5.444312299450033e-06
494.0,1,4.7831033457807905e-05,0.05720319557372922,2.7360879613805713e-06
613.7,1,0.0,0.016586135574459607,0.0
946.5,0,0.0,0.018453659593487656,0.0
952.9,0,0.0,0.018453659593487656,0.0
844.5,0,0.0,0.018453659593487656,0.0
802.7,0,0.0,0.018453659593487656,0.0
700.8,2,0.0,0.01482790569520603,0.0
704.1,2,0.0,0.01482790569520603,0.0
661.4,2,0.0,0.014849156423516797,0.0
638.2,2,0.0,0.014849156423516797,0.0
488.6,2,0.0,0.03556252558655362,0.0
419.3,2,6.833004779686844e-05,0.11134212488188626,7.608012714984183e-06
296.7,2,0.000591054913442912,0.331322953725377,0.00019583005973580262
292.1,2,0.0007994615592233607,0.3758308111812202,0.00030046228631111873
212.2,4,0.00022890566011950924,0.5592520286992783,0.000128015954802583
179.9,5,5.808054062733817e-05,0.548356794339718,3.184885907192491e-05
168.6,4,0.00017765812427185794,0.6401523737073888,0.00011372826996103212
112.1,5,0.0005056423536968264,0.7203010696440504,0.00036421472822515934
187.2,5,0.00048172683696792246,0.6236192757255181,0.0003004141411674806
189.4,6,0.00020157364100076189,0.5031146642245691,0.00010141465470862214
230.9,7,0.0002357386648991961,0.36359815770297,8.57141442567055e-05
238.9,6,0.0005534733871546343,0.45844142214676564,0.00025373512672755797
287.3,7,0.0007516305257655528,0.3657061382969602,0.00027487589700383417
299.0,6,0.00046122782262886193,0.297574983531731,0.00013724986172315975
190.2,7,0.0004988093489171396,0.5134079783845167,0.0002560926994268456
292.7,7,0.0008882906213592897,0.2815407351840426,0.0002500899945945844
387.8,5,0.0007072159946975883,0.12275361934866756,8.681332301039705e-05
298.5,9,0.0002391551672890395,0.23834805580972176,5.7002169160191335e-05
273.2,9,7.516305257655528e-05,0.21601491587242214,1.623634047903903e-05
228.0,9,0.0002528211768484132,0.43350210289281393,0.00010959851181962313
212.7,9,0.0005568898895444778,0.4060598300312885,0.00022613061389457366
172.1,8,0.00027332019118747375,0.5789157991351669,0.00015822937690107295
130.9,9,0.0006628014636296238,0.6334647321086853,0.00041986135159938415
128.3,9,0.0008917071237491331,0.6649994714978746,0.0005929847660240634
151.0,9,0.001506677553920949,0.6798368236020265,0.001024294882450089
132.0,11,0.0008917071237491331,0.6662275574495039,0.0005940798590157074
129.3,8,0.0007550470281553962,0.6658755668734552,0.0005027673678890921
0.0,10,0.0009942021954444356,0.6925921769840391,0.0006885766629051728
82.9,8,0.0007584635305452396,0.6848797915022765,0.0005194563446619042
221.5,7,0.0006286364397311896,0.4975851531821557,0.000312800159159529
229.0,7,0.0003109017174757514,0.432676919359192,0.00013451999734088996
305.3,7,0.00019132413383123162,0.13367637241388564,2.5575516165787814e-05
420.8,5,0.00017765812427185794,0.07606566432570948,1.3513683245598325e-05
488.5,5,0.0001264105884242066,0.039218987863133305,4.957695333180498e-06
490.8,7,0.00026648718640778687,0.0644451245324562,1.717379991435369e-05
586.5,7,0.00019132413383123162,0.05557203114520251,1.0632270724098097e-05
526.2,8,0.00021523965056013556,0.05519621953119756,1.1880415004135493e-05
535.3,9,0.00016057561232264082,0.04272202637637964,6.860115545051172e-06
632.9,3,0.00012299408603436317,0.04072302339488795,5.008691043010233e-06
519.9,9,7.85795549663987e-05,0.021403244129316414,1.6818573985188695e-06
585.8,3,2.7332019118747372e-05,0.01446912510339627,3.954704039575744e-07
571.7,4,3.074852150859079e-05,0.010618666192618694,3.265082858162818e-07
571.1,3,2.049901433906053e-05,0.011478915565193292,2.353064547677624e-07
525.9,3,6.833004779686844e-05,0.012697214444114374,8.676012698534235e-07
417.2,3,7.174655018671185e-05,0.03558351790160134,2.552994652947e-06
379.4,3,1.3666009559373686e-05,0.10496538164726019,1.434457908994765e-06
364.6,3,4.4414531067964485e-05,0.0685246758704893,3.043491345372043e-06
371.0,3,9.224556452577238e-05,0.06782051805276684,6.256141974207815e-06
419.6,3,0.00016399211471248423,0.07203199622268269,1.1812679387519412e-05
312.7,3,0.00013666009559373687,0.24990379863108586,3.4151877010162164e-05
355.2,3,7.174655018671185e-05,0.09411070075092928,6.752118114533169e-06
279.8,3,2.7332019118747372e-05,0.3772816444849629,1.0311869120215455e-05
377.8,3,2.7332019118747372e-05,0.09619426338827204,2.6291834460420718e-06
162.7,3,5.1247535847651325e-05,0.5320975890372452,2.7268690268635067e-05
212.8,3,6.491354540702501e-05,0.45103803724067226,2.9278478110717815e-05
212.2,3,7.174655018671185e-05,0.41020961121363425,2.9431124458010565e-05
283.2,2,4.4414531067964485e-05,0.16175826528191986,7.18441749886387e-06
238.0,2,9.566206691561581e-05,0.45502289188108963,4.3528430331265814e-05
411.5,1,0.00020157364100076189,0.09310337625068371,1.876718654031418e-05
403.4,2,0.00019132413383123162,0.09227172045496171,1.7653806993163085e-05
380.8,2,0.0001879076314413882,0.10570606400462879,1.9862976116101577e-05
437.3,1,8.199605735624212e-05,0.050077381851938274,4.1061478745819686e-06
464.0,1,1.0249507169530265e-05,0.03396370532909966,3.481112412744202e-07
947.7,0,0.0,0.018453659593487656,0.0
960.7,0,0.0,0.018453659593487656,0.0
620.1,2,0.0,0.01581750573602262,0.0
837.9,0,0.0,0.018453659593487656,0.0
846.0,0,0.0,0.018453659593487656,0.0
785.1,0,0.0,0.01915152494682099,0.0
686.4,2,0.0,0.01482790569520603,0.0
689.7,1,0.0,0.014595373084873785,0.0
478.8,2,0.0,0.03661416954654283,0.0
461.5,2,1.708251194921711e-05,0.060407693273754406,1.0319151421735516e-06
316.5,2,0.0003792317652726198,0.30699916759068774,0.00011642383626264136
271.2,3,0.0006593849612397804,0.4229057095417988,0.00027885766489430083
264.6,3,0.00040656378439136716,0.4245808311563423,0.00017261918949495463
142.2,5,0.00029040270313669084,0.6579122294273984,0.0001910594898524032
82.2,5,0.00022207265533982242,0.688476504645928,0.00015289180552580082
0.0,5,0.0004475618130694882,0.7152552826884456,0.00032012095112757006
97.7,6,0.00046806082740854875,0.6776667512284839,0.00031718926028726733
157.2,7,0.00022548915772966583,0.4908805445851297,0.00011068824054438056
268.2,5,0.00017765812427185794,0.38784438317278397,6.890370562385255e-05
298.2,7,0.00029040270313669084,0.259438832554981,7.53417382725938e-05
331.4,7,0.000567139396714008,0.246510847146351,0.00013980601313404056
236.7,7,0.0008746246117999159,0.4596504561892008,0.000402021601808134
140.9,6,0.0006696344684093107,0.6655640416699597,0.0004456846232360158
292.9,8,0.00024257166967888295,0.23606734586368575,5.726325024281659e-05
289.7,9,0.00038264826766246324,0.30308881155618816,0.00011597640868985017
293.6,9,0.0002084066457804487,0.22437382357011199,4.6760995971181226e-05
259.6,9,0.0001400765979835803,0.32780758703254986,4.591817158472599e-05
157.3,9,0.0005739724014936948,0.544667888612636,0.00031262433604349496
110.7,9,0.001281188396191283,0.6597908939411018,0.0008453164372300132
0.0,9,0.0003860647700523067,0.709072920880564,0.00027374807415007235
85.5,9,0.00043047930112027113,0.7322741438152258,0.00031522886165802333
252.6,7,0.002333471132263057,0.4115039482416582,0.0009602325840341806
242.9,10,0.0018756598120240385,0.39581006371850086,0.000742405029711466
173.9,11,0.0006013044206124422,0.6401352358354685,0.00038491614709765547
103.7,11,0.000802878061613204,0.687545595483759,0.0005520152749726965
119.8,10,0.0006833004779686843,0.6761903461948447,0.00046204118675274755
158.1,8,0.00045097831545933166,0.575211864191181,0.00025940807754516065
185.8,9,0.000567139396714008,0.48427348247354096,0.0002746505706946358
296.6,7,0.0005090588560866698,0.2663220728090441,0.00013557360973480277
319.8,7,0.00023232216250935268,0.23521413288845114,5.4645456005407225e-05
350.6,6,0.00015374260754295397,0.15185438558159517,2.3346489206147593e-05
386.9,7,0.0002801531959671606,0.08308178343047616,2.3275627154699382e-05
425.7,7,0.0002801531959671606,0.06732915201699063,1.886247711931872e-05
498.9,7,0.0002084066457804487,0.04125723145198698,8.598281221096238e-06
461.5,9,0.0002391551672890395,0.06630069326425743,1.585615338899278e-05
551.4,6,0.0001400765979835803,0.06110379619431768,8.55921189478206e-06
581.0,9,8.199605735624212e-05,0.037133026980914446,3.044761810137947e-06
533.3,9,3.074852150859079e-05,0.014425447633430307,4.4356118682758194e-07
599.7,7,6.833004779686843e-06,0.015014914054297534,1.025969794996022e-07
574.9,4,1.0249507169530265e-05,0.005870594566619645,6.017070109997346e-08
602.9,3,2.049901433906053e-05,0.03544770937533445,7.266431027718313e-07
490.9,3,6.833004779686843e-06,0.032300405368499194,2.2070882426877755e-07
457.8,4,3.758152628827764e-05,0.03422776351836397,1.2863315944543458e-06
514.6,2,3.4165023898434215e-06,0.0054012672053596065,1.8453442315293994e-08
462.0,3,2.3915516728903952e-05,0.025665123370930264,6.137946873268665e-07
359.3,3,6.833004779686844e-05,0.09639674835533828,6.586794422582963e-06
331.5,3,0.0002391551672890395,0.16136934878711676,3.8592313604506275e-05
273.3,3,0.00019474063622107503,0.42450343360946186,8.266806873913749e-05
250.9,3,7.85795549663987e-05,0.4450371467383319,3.4970820934214e-05
195.7,2,2.7332019118747372e-05,0.5214101387565415,1.4251191881202513e-05
124.7,3,4.7831033457807905e-05,0.5455645496140469,2.6094916225983376e-05
100.3,3,0.00012299408603436317,0.5916757746301458,7.277262112930862e-05
115.4,3,0.00025965418162810004,0.629650713789281,0.00016349144080050478
153.9,3,0.0002801531959671606,0.6285381278663292,0.00017608696530896795
173.2,3,0.00018107462666170135,0.6114110767161617,0.00011071103245320782
181.7,3,0.0002630706840179435,0.4913898554455376,0.00012927026539153594
332.1,1,0.00040314728200152377,0.23779071263086352,9.586467948233803e-05
339.6,2,0.00019474063622107503,0.18409123962700288,3.585004512768892e-05
454.4,1,0.00020157364100076189,0.06180350054965801,1.2457956632387154e-05
409.7,1,9.566206691561581e-05,0.06795385111948683,6.500605852966143e-06
445.6,1,6.833004779686843e-06,0.0592593153111492,4.049191847620522e-07
1035.5,0,0.0,0.018453659593487656,0.0
1056.0,0,0.0,0.018453659593487656,0.0
988.7,0,0.0,0.018453659593487656,0.0
781.6,0,0.0,0.01915152494682099,0.0
803.5,0,0.0,0.018453659593487656,0.0
664.4,1,0.0,0.014616623813184551,0.0
604.3,2,0.0,0.026424270434097515,0.0
607.0,2,0.0,0.018155853665680743,0.0
502.5,2,0.0,0.02276253030858013,0.0
414.6,2,0.0,0.2505216353775342,0.0
304.3,2,4.4414531067964485e-05,0.22572721351716274,1.0025568337643078e-05
231.0,3,0.00036898225810308953,0.4448059139149002,0.00016412549053392833
232.9,3,0.0006662179660194672,0.5495621100767923,0.00036612815117672713
157.0,4,0.00032115122464528164,0.6388002928040525,0.00020515149633778594
113.9,5,0.00017765812427185794,0.5651929701658602,0.0001004111229313069
147.3,5,0.0002801531959671606,0.6505224130368799,0.00018224593306055117
141.9,5,0.0004099802867812106,0.6339706311454275,0.00025991546116786745
257.2,6,0.0002938192055265343,0.3918622224484344,0.00011513664687566103
284.3,6,0.00037239876049293297,0.36042686528908086,0.00013422251788200703
358.1,7,0.00032798422942496847,0.20153268993737175,6.609954401304997e-05
314.8,7,0.000348483243764029,0.19483881440971476,6.789806205663504e-05
194.8,7,0.00041339678917105404,0.5263928644879844,0.0002176091200218865
0.0,6,0.0002494046744585698,0.7549196200894868,0.00018828048209080562
202.9,5,6.833004779686844e-05,0.5192918014666519,3.548323361473824e-05
331.5,8,0.00022207265533982242,0.16807370970833937,3.7324575007745415e-05
367.9,7,0.0003314007318148119,0.18455314599389966,6.116104764110418e-05
285.8,9,0.00039973077961168033,0.31030146999822056,0.00012403704851703915
208.0,11,0.00046806082740854875,0.4027481691828264,0.0001885106413049919
147.9,10,0.0010488662336819304,0.6519108616278593,0.0006837672901319549
169.8,8,0.0008404595879014817,0.6153122074707722,0.0005171450443216362
149.0,9,0.0005363908752054172,0.6510903890637908,0.0003492389436277624
220.8,9,0.0006764674731889975,0.43821443634910906,0.0002964378124720226
252.1,10,0.0004714773297983922,0.3765587900768464,0.00017753893285754485
194.8,10,0.0006081374253921291,0.4843903927127294,0.00029457592630900155
132.2,11,0.000802878061613204,0.6911515362727528,0.0005549104057236559
197.1,9,0.0007242985066468054,0.4741943237471533,0.0003434582405504549
264.7,8,0.00030748521508590793,0.3138543897534615,9.650558453899949e-05
237.3,9,0.0005295578704257304,0.3400624654458906,0.00018008275501324932
359.1,5,0.0002391551672890395,0.19946204229967376,4.770237809399195e-05
386.7,5,0.0001571591099327974,0.09929947950543867,1.56058178158648e-05
451.2,7,0.00019815713861091845,0.06403216736926902,1.268843106494977e-05
431.1,7,0.00029040270313669084,0.06887886092229761,2.000260740081141e-05
506.6,5,0.00019474063622107503,0.04839392448294681,9.424263643043721e-06
426.3,6,0.00018107462666170135,0.07956396287257192,1.4407014872876428e-05
421.5,9,0.00010932807647498949,0.05742867576673421,6.278566656082893e-06
448.6,12,0.00015032610515311055,0.09731272326261632,1.4628642669911608e-05
607.4,1,9.907856930545922e-05,0.10491863722946392,1.0395188470173775e-05
635.3,1,6.149704301718158e-05,0.0244927352892821,1.5062307956934228e-06
537.6,7,3.758152628827764e-05,0.007592167713412635,2.853252505066297e-07
562.5,5,1.708251194921711e-05,0.006787970429272699,1.1595558596898327e-07
607.0,4,1.0249507169530265e-05,0.02119450864171517,2.172332682779308e-07
561.6,3,2.049901433906053e-05,0.10404834861091963,2.13288859013081e-06
498.2,3,2.049901433906053e-05,0.029669438946062828,6.081942543872229e-07
506.6,3,6.833004779686843e-06,0.012609742593747692,8.616243141369874e-08
472.4,3,3.074852150859079e-05,0.022374220085610155,6.879741875403279e-07
341.9,3,5.1247535847651325e-05,0.1447047255098424,7.415760607890194e-06
285.5,3,0.00020157364100076189,0.3529760417270619,7.115066591696072e-05
221.8,3,0.00030748521508590793,0.5498063187162726,0.00016905731416606433
213.0,3,0.00018107462666170135,0.5807301540975588,0.00010515549584440776
150.2,2,0.00014690960276326714,0.5678989903808899,8.3429815086517e-05
67.7,3,0.0001742416218820145,0.6766202751896775,0.00011789541414730438
0.0,3,0.00016057561232264082,0.5638498623988752,9.054053691273616e-05
64.9,3,0.0002869862007468474,0.7034141711001101,0.00020187016051551344
102.2,3,0.0002562376792382566,0.681292266130535,0.00017457274915626096
203.4,1,0.0002049901433906053,0.5691213280431856,0.00011666426264222433
257.8,1,0.0002869862007468474,0.3957863238438846,0.00011358521338751782
247.1,1,0.0002699036887976303,0.4166992692323711,0.00011246866988509386
271.1,1,0.0001742416218820145,0.4075835158473579,7.10180128536174e-05
314.4,1,0.00011957758364451976,0.2529748074597967,3.0250116198980122e-05
350.8,1,4.099802867812106e-05,0.09649712671482474,3.956191968410666e-06
957.3,0,0.0,0.018453659593487656,0.0
979.9,0,0.0,0.018453659593487656,0.0
933.1,0,0.0,0.018453659593487656,0.0
870.0,0,0.0,0.018453659593487656,0.0
809.6,0,0.0,0.018453659593487656,0.0
737.5,1,0.0,0.015090016064649532,0.0
671.4,1,0.0,0.015202642277298027,0.0
582.5,2,0.0,0.018589611797429156,0.0
567.3,2,0.0,0.018148688018075457,0.0
491.4,2,0.0,0.0367569196982367,0.0
370.2,3,0.0,0.22685917102260286,0.0
318.4,2,0.0,0.1570018016675091,0.0
311.4,3,0.00012299408603436317,0.22748419240518417,2.7979210332140845e-05
276.9,3,0.0003758152628827764,0.37271508450293056,0.00014007201746284506
248.7,4,0.0002528211768484132,0.4280503647636181,0.00010822019696993047
243.2,4,0.00019474063622107503,0.4849805973612004,9.444543008499719e-05
199.7,4,0.00018107462666170135,0.47321263880370984,8.568680190298029e-05
380.8,3,0.00035189974615387244,0.1413893434453455,4.9754874067279775e-05
215.3,4,0.00033823373659449873,0.5274579883870755,0.00017840408630877825
319.0,7,0.00038264826766246324,0.26435685068143255,0.00010115569095795463
291.3,7,0.0006423024492905633,0.2957289511343998,0.0001899474296397543
235.3,7,0.0005363908752054172,0.3783219907743828,0.00020292846374092696
191.0,6,0.00017765812427185794,0.47096403407734716,8.367058689368888e-05
96.2,6,0.00016740861710232767,0.5160146844593879,8.638530472984011e-05
114.5,10,0.0001264105884242066,0.5289542817211087,6.68654220018689e-05
206.5,10,0.0001400765979835803,0.35413434493911305,4.960593426821469e-05
258.1,10,9.907856930545922e-05,0.32410322318971313,3.211168366092471e-05
307.3,10,0.00016057561232264082,0.2737369222910278,4.3955473912196936e-05
209.4,10,0.0005022258513069829,0.4448157895160913,0.0002233979885645067
182.9,10,0.0016638366638537464,0.5152931356820396,0.0008573636117799407
218.2,7,0.0010078682050038094,0.523812713299233,0.000527934179111073
171.8,11,0.0008131275687827343,0.6249728138291467,0.0005081826246641985
187.0,11,0.0005739724014936948,0.5087082628113239,0.0002919845032655012
216.3,10,0.0006935499851382146,0.4148335601428138,0.0002877078094718812
285.1,9,0.000802878061613204,0.30740658768573875,0.00024681000524825537
173.1,10,0.001831245280956074,0.6076501229842428,0.0011127564201872727
225.1,9,0.0011650273149366069,0.3956667394595767,0.00046096255908231265
258.2,8,0.0005637228943241645,0.3178914653992351,0.0001792026969558068
281.4,10,0.0004851433393577659,0.29064657234719876,0.0001410052486814085
345.5,6,0.00013324359320389343,0.17227404490133563,2.2954412758422836e-05
438.9,5,7.85795549663987e-05,0.05984959161372437,4.702954273927169e-06
355.0,5,0.0001400765979835803,0.1572145704975748,2.2022082188750028e-05
443.4,4,0.0003177347222554382,0.056630867317817496,1.7993592898311314e-05
330.5,5,0.00030406871269606455,0.34631123819489795,0.0001053024123901028
359.6,5,0.00021182314817029215,0.15049472342369996,3.187826609862553e-05
470.6,3,0.0001434931003734237,0.037427786373076276,5.370629106786894e-06
428.8,6,8.199605735624212e-05,0.13476490266150554,1.1050190688241194e-05
509.0,3,0.00010932807647498949,0.03050421192473817,3.334966814117061e-06
441.4,3,9.224556452577238e-05,0.040248259400457745,3.7127234095749496e-06
458.4,4,5.4664038237494744e-05,0.036520615631225474,1.9963643293221577e-06
554.9,2,5.1247535847651325e-05,0.01050272509621661,5.382387808663879e-07
581.6,3,4.7831033457807905e-05,0.017202331280110457,8.228052830112587e-07
561.9,3,2.7332019118747372e-05,0.006891332816525055,1.8835404029491398e-07
504.2,3,2.7332019118747372e-05,0.011376788446288283,3.1095059932389557e-07
421.3,4,2.3915516728903952e-05,0.03844090798507332,9.193341779912784e-07
376.3,4,3.758152628827764e-05,0.06661366459943431,2.50344318730215e-06
355.5,2,6.833004779686844e-05,0.16221957451397928,1.1084471280127866e-05
282.3,3,0.0001571591099327974,0.384756087996263,6.046792433071777e-05
257.7,3,0.0003450667413741856,0.40817226969037324,0.00014084667502136237
189.7,2,0.00016740861710232767,0.6058123071694896,0.00010141820056681481
145.5,2,0.00018107462666170135,0.5973934284084275,0.00010817279201920981
100.6,1,0.00018107462666170135,0.7209805336817738,0.0001305512809667814
85.3,1,7.85795549663987e-05,0.7483462709106173,5.880471692892035e-05
116.4,1,0.0001708251194921711,0.5424627949023286,9.266627175924739e-05
178.1,1,0.00012982709081405002,0.47385768715102283,6.151956498269155e-05
170.2,1,8.882906213592897e-05,0.5468893946605536,4.8579672019782904e-05
222.2,1,5.1247535847651325e-05,0.23388287386492213,1.198592096254431e-05
326.3,1,1.0249507169530265e-05,0.09444361859479578,9.68000545903741e-07
359.2,1,6.833004779686844e-05,0.14008447866219872,9.571979122587436e-06
383.8,1,6.491354540702501e-05,0.16280324678566568,1.0568135952632408e-05
410.2,1,1.0249507169530265e-05,0.03359471939632535,3.443293173109941e-07
439.1,1,0.0,0.04793293683986121,0.0
849.2,0,0.0,0.018453659593487656,0.0
680.5,2,0.0,0.01482790569520603,0.0
823.2,0,0.0,0.018453659593487656,0.0
746.9,0,0.0,0.01762316398945737,0.0
724.6,1,0.0,0.016436169911316193,0.0
638.8,2,0.0,0.014849156423516797,0.0
610.2,1,0.0,0.016586135574459607,0.0
538.6,3,0.0,0.05649382199939236,0.0
453.2,2,0.0,0.04766900854729372,0.0
403.8,2,0.0,0.33862585924578587,0.0
350.3,3,0.0,0.17021394799490425,0.0
438.4,2,0.0,0.04571520316119385,0.0
400.5,2,9.566206691561581e-05,0.08118867977162267,7.76667691710347e-06
230.9,4,0.00035189974615387244,0.5479148104048458,0.00019281108269541237
265.6,4,0.0003621492533234027,0.3932004242654369,0.00014239724005417313
409.3,3,0.0003177347222554382,0.10273317152092774,3.264189571962227e-05
417.7,3,0.00032115122464528164,0.09801388079723289,3.1477277850268e-05
302.1,4,0.0004168132915608974,0.36660373860279194,0.00015280531098556054
301.1,5,0.0003109017174757514,0.37679912648074043,0.00011714749556622507
389.3,4,0.0003928977748319935,0.13133590424784952,5.160158453452784e-05
320.4,6,0.0002357386648991961,0.24263882330832753,5.7199352259417076e-05
525.1,5,9.566206691561581e-05,0.07098651728329798,6.7907169664613695e-06
168.5,7,0.0001434931003734237,0.5203564046840308,7.46675538072795e-05
148.7,10,0.00021865615294997898,0.4882346909794233,0.0001067555192662825
136.9,10,0.0007584635305452396,0.47819677212041484,0.0003626948120777872
231.5,10,0.00025965418162810004,0.4667478247075645,0.00012119302445113855
257.7,9,0.00027332019118747375,0.2992047829298868,8.177870847460323e-05
257.8,9,0.0007174655018671185,0.3584606270444826,0.0002571831336820717
272.0,9,0.002381302165720865,0.3616564947133155,0.0008612133941078348
365.6,6,0.0015408425778193832,0.16608385787138535,0.00025590907969673344
315.4,8,0.0012436068699030055,0.20053659324473508,0.00024938868502609717
258.1,10,0.0008951236261389764,0.36590387719048767,0.00032752920536906004
206.8,10,0.0012367738651233187,0.4364299166482426,0.0005397651148684948
204.3,9,0.0006833004779686843,0.4502207508843234,0.00030763605427067814
147.4,10,0.001086447759970208,0.6652698273456265,0.0007227809136954229
187.8,8,0.000720882004256962,0.5497733738060019,0.00039632173159638264
206.6,8,0.0008370430855116383,0.4539452093234063,0.00037997169866529055
233.6,7,0.0006491354540702502,0.47142651157685367,0.00030601966265319494
304.7,6,0.00019474063622107503,0.29477520749973785,5.740471145069836e-05
340.8,5,0.00019815713861091845,0.1757077606195401,3.4817747076100285e-05
279.5,6,0.0002084066457804487,0.3227806513339366,6.726963286733424e-05
282.1,4,0.00019474063622107503,0.40653453525363,7.916879404113095e-05
266.2,4,0.00048172683696792246,0.38848586494595566,0.00018714406692716271
334.9,4,0.00021865615294997898,0.23593691258509328,5.158905764475198e-05
325.5,5,7.85795549663987e-05,0.15094596732372026,1.1861266936270499e-05
374.3,5,0.00014690960276326714,0.1053798899835279,1.5481317776716877e-05
374.6,6,0.00021523965056013556,0.10599804029252072,2.281498115262133e-05
426.8,4,0.00015032610515311055,0.05676646955444078,8.533482271411713e-06
453.4,5,5.1247535847651325e-05,0.037104305138834816,1.9015042077046304e-06
510.1,3,9.224556452577238e-05,0.01204486166172864,1.1110850636209912e-06
588.5,3,9.566206691561581e-05,0.008842961293892653,8.459359550285595e-07
608.9,3,3.074852150859079e-05,0.006621190962901897,2.0359183273527596e-07
508.1,3,3.074852150859079e-05,0.009894800473811983,3.042504851922221e-07
439.8,5,2.7332019118747372e-05,0.03217518086022006,8.794126584206891e-07
382.0,3,1.0249507169530265e-05,0.0434465175516283,4.4530539313653676e-07
353.6,2,2.049901433906053e-05,0.17825028810193885,3.653955211743315e-06
307.7,2,0.00012982709081405002,0.2229968602947677,2.8951033632736832e-05
270.7,2,0.00016057561232264082,0.45188166677355657,7.256117533953938e-05
217.6,2,2.3915516728903952e-05,0.396577559372209,9.484357255473966e-06
203.3,2,5.1247535847651325e-05,0.6015984129820657,3.083043623518856e-05
189.7,1,7.516305257655528e-05,0.5591150689941855,4.2024795327154296e-05
166.3,1,2.3915516728903952e-05,0.7982104751992655,1.9089615972814408e-05
143.9,1,3.758152628827764e-05,0.3438928431289795,1.2924017924402282e-05
213.7,1,6.491354540702501e-05,0.34077108633646147,2.2120659386303132e-05
198.6,1,1.708251194921711e-05,0.5775034065929432,9.86520884383754e-06
223.6,1,6.833004779686843e-06,0.2525116277521068,1.7254131593566504e-06
330.4,1,3.4165023898434215e-06,0.028644893664687986,9.786534766221719e-08
364.9,1,0.0,0.19821097895654952,0.0
381.5,1,1.0249507169530265e-05,0.08426363094285641,8.63660689479459e-07
552.5,1,0.0,0.020366791715381204,0.0
470.6,1,0.0,0.039473023477033804,0.0
856.6,0,0.0,0.018453659593487656,0.0
756.8,0,0.0,0.018292913074720533,0.0
754.0,0,0.0,0.017146973512790705,0.0
708.3,2,0.0,0.015084315951872696,0.0
670.4,2,0.0,0.015435174887630273,0.0
637.8,2,0.0,0.014849156423516797,0.0
678.8,1,0.0,0.01515092864154045,0.0
513.3,2,0.0,0.018620694273008467,0.0
441.5,2,0.0,0.04571520316119385,0.0
434.6,2,0.0,0.1229740294293291,0.0
397.5,2,0.0,0.3130351414530102,0.0
505.7,2,0.0,0.021883198834437793,0.0
336.6,3,0.00021865615294997898,0.28255638907710556,6.178269302703737e-05
306.8,3,0.0005056423536968264,0.32209776929402684,0.0001628662741863291
308.6,4,0.00038264826766246324,0.2938322589196453,0.00011243440485895065
340.4,4,0.00022207265533982242,0.22483704092142445,4.9930158696169044e-05
370.8,3,0.00021865615294997898,0.17225872050503416,3.766542913771643e-05
359.5,4,0.0003314007318148119,0.19234333007285556,6.374272034584225e-05
285.3,5,0.0002391551672890395,0.37517001383568477,8.972384742070446e-05
402.8,4,0.00027673669357731714,0.11785604384246372,3.2615091891066735e-05
533.7,3,0.00024257166967888295,0.04423517615425305,1.0730200538276671e-05
442.9,5,0.0002528211768484132,0.09233416232828423,2.334403158314924e-05
413.5,5,0.00015374260754295397,0.11157021872325813,1.715309635065141e-05
323.6,4,0.00018449112905154477,0.27214374877184605,5.020810747523783e-05
256.3,10,0.00045097831545933166,0.3633206638664122,0.00016384974096204065
188.7,10,0.0003928977748319935,0.4920935584893307,0.00019334246413961546
241.4,10,0.0014212649941748635,0.40733837325009553,0.0005789357706844954
206.8,8,0.0010078682050038094,0.46216028296131206,0.0004657966548122702
317.3,8,0.0021968110366693203,0.1866211860357736,0.00040997148115970585
301.1,8,0.00245646521829742,0.23874708995078242,0.0005864739224338226
285.2,9,0.001831245280956074,0.3484960785900765,0.0006381817993497747
284.2,10,0.0011069467743092685,0.3191462003826644,0.0003532778570466498
249.3,10,0.0007755460424944567,0.36846645870201117,0.00028576270383829196
238.3,10,0.0008609586022405423,0.3842908980025235,0.0003308585543980154
95.6,10,0.0011171962814787988,0.7394072648011428,0.0008260630467342463
79.4,10,0.0010181177121733396,0.7454802658569719,0.0007589866627446733
189.4,8,0.0007447975209858659,0.5337916742138928,0.00039756671567740235
177.5,8,0.0005158918608663567,0.5851254269442392,0.000301861445346485
223.7,7,0.0003416502389843422,0.42033617443701454,0.00014360795445017015
228.3,7,0.0003621492533234027,0.3627353482186606,0.0001313643355113924
668.7,2,0.00019474063622107503,0.04672295604393472,9.09885818612517e-06
520.6,2,0.00019132413383123162,0.03819536040010451,7.3076942449217195e-06
221.9,4,0.000478310334578079,0.5300432458968825,0.00025352516228578886
238.3,4,0.0003314007318148119,0.5183995900750371,0.00017179800352336581
276.3,3,0.00021523965056013556,0.41226423232806786,8.873560930473587e-05
252.6,5,0.00016057561232264082,0.357089770328901,5.733990852471445e-05
344.4,4,0.00010591157408514608,0.12534911112138455,1.3275921669039727e-05
391.3,3,0.00016057561232264082,0.1264376017122082,2.030279531554401e-05
442.1,3,4.4414531067964485e-05,0.04257291576565774,1.8908560899276409e-06
516.6,5,3.758152628827764e-05,0.06320760815397006,2.3754383874575775e-06
507.1,5,6.833004779686843e-06,0.020125499656103843,1.3751763534374347e-07
528.9,5,4.4414531067964485e-05,0.0340034008902423,1.5102451052561178e-06
521.6,4,3.758152628827764e-05,0.013815153975362978,5.19194572301707e-07
508.0,4,3.758152628827764e-05,0.009439297683106957,3.5474321402056233e-07
609.6,1,1.3666009559373686e-05,0.013489104066531987,1.843422251206126e-07
391.0,2,3.074852150859079e-05,0.05120532624502643,1.5744880753996039e-06
308.3,3,1.3666009559373686e-05,0.24221849325949274,3.3101602443413186e-06
307.5,3,5.4664038237494744e-05,0.2913452613214632,1.5926108505189364e-05
270.2,2,3.4165023898434215e-06,0.16090384039128897,5.497283552318232e-07
227.9,2,1.0249507169530265e-05,0.09342036841054299,9.57512735804019e-07
264.0,1,3.4165023898434215e-06,0.10151528999585376,3.468272308764823e-07
194.6,1,6.833004779686843e-06,0.3586954040967361,2.4509674106447014e-06
194.8,1,3.4165023898434215e-06,0.5212203833938661,1.780750685500248e-06
258.8,1,0.0,0.41646657509136825,0.0
358.9,1,0.0,0.1944764560473829,0.0
308.9,1,3.4165023898434215e-06,0.1266184950396087,4.3259239090120057e-07
340.4,1,0.0,0.14935255587000584,0.0
347.4,1,0.0,0.1659612073355072,0.0
581.0,1,0.0,0.018754761566395575,0.0
405.5,1,0.0,0.3271626893979045,0.0
593.2,1,0.0,0.01670686304640488,0.0
834.7,0,0.0,0.018453659593487656,0.0
782.7,0,0.0,0.01915152494682099,0.0
649.6,2,0.0,0.014849156423516797,0.0
647.8,2,0.0,0.014849156423516797,0.0
627.8,2,0.0,0.015122141597511893,0.0
597.8,2,0.0,0.016541713277438457,0.0
584.6,2,0.0,0.0176180049891448,0.0
500.0,2,0.0,0.030148970951716383,0.0
610.0,2,0.0,0.01648918699901408,0.0
506.6,2,0.0,0.02188996015973191,0.0
448.5,2,0.0,0.04633533163698652,0.0
435.0,2,0.0,0.1229740294293291,0.0
380.0,2,0.00022207265533982242,0.15874211174800568,3.525228227013044e-05
356.7,3,0.0007960450568335173,0.19913595004678755,0.00015852118867259145
388.8,2,0.0004270627987304277,0.14828188059447195,6.332567492768628e-05
478.8,2,7.85795549663987e-05,0.05059619659359483,3.9758266113171e-06
303.0,4,0.00019132413383123162,0.37279198846823774,7.132410429290807e-05
296.7,4,0.0002494046744585698,0.37132010249865566,9.260896928359998e-05
382.0,4,0.00029723570791637767,0.15295451701819096,4.546354414490963e-05
299.5,5,0.0006662179660194672,0.35710592315191225,0.00023791038177577113
366.1,5,0.0005295578704257304,0.2531858043075737,0.00013407653535114445
397.3,6,0.0005329743728155737,0.12441901999942374,6.63121491505212e-05
335.8,6,0.00042022979395074086,0.2459248938561978,0.00010334496747254783
333.2,5,0.0006457189516804067,0.27022348124870677,0.00017448842303134497
274.5,9,0.0006559684588499369,0.3529268719826809,0.00023150889630120817
209.0,8,0.0005295578704257304,0.4690555383373944,0.00024839205199334507
243.4,8,0.0018039132618373266,0.42971410651734354,0.0007751669755452136
116.1,9,0.0009224556452577239,0.7044198776756926,0.0006497960927936979
187.6,9,0.0015374260754295397,0.5044752089899222,0.0007755933407088729
431.2,9,0.0025897088115013137,0.08973454227963287,0.00023238633483760242
367.5,10,0.0024257166967888294,0.17858345635279727,0.0004331928718452395
430.0,9,0.0015237600658701662,0.09618458638812367,0.00014656223169046202
182.3,10,0.0004543948178491751,0.5142263426905033,0.00023366178532009872
172.1,10,0.0012367738651233187,0.607853631126913,0.0007517774847980763
110.3,10,0.0016467541519045292,0.7197786125526024,0.0011852984186730795
0.0,9,0.0012606893818522225,0.7406803783305623,0.000933767888307627
110.5,8,0.0007687130377147699,0.7098319331767695,0.0005456570616192621
160.1,7,0.0004851433393577659,0.5814804572959147,0.00028210137082382086
262.5,6,0.0003928977748319935,0.366676990192662,0.0001440665735287896
326.9,5,0.0001879076314413882,0.33899630434406414,6.369999261667707e-05
333.4,7,0.00020157364100076189,0.15411434924924544,3.106539050863344e-05
177.5,4,0.00026648718640778687,0.5967847879414206,0.00015903549902947692
172.7,4,0.00020157364100076189,0.6571638855963337,0.0001324669171538611
220.7,3,0.00024257166967888295,0.5888467153045651,0.0001428375309163542
174.4,4,0.00037239876049293297,0.6325163374402221,0.00023554830005426843
227.7,4,0.0004168132915608974,0.5505289573139881,0.00022946778679763216
281.2,5,0.0002528211768484132,0.3770144666680975,9.531724115190527e-05
317.8,4,0.00016399211471248423,0.2262072019860389,3.709619741688458e-05
417.4,3,5.808054062733817e-05,0.0956763402212316,5.556933565294271e-06
426.3,5,2.3915516728903952e-05,0.0774440851452813,1.852115313846637e-06
473.2,5,7.516305257655528e-05,0.039640258255870996,2.979482815434261e-06
543.1,5,0.00012299408603436317,0.0461033298712165,5.670436920651028e-06
584.7,5,9.907856930545922e-05,0.023467323096826084,2.325108797862487e-06
529.1,4,2.3915516728903952e-05,0.013468738291801927,3.2211183593481823e-07
693.6,1,1.3666009559373686e-05,0.0050820240477857615,6.945098921800717e-08
422.6,3,1.708251194921711e-05,0.04562183222003181,7.793354940438715e-07
377.7,4,1.708251194921711e-05,0.12074182410285889,2.0625736530073573e-06
359.9,4,2.049901433906053e-05,0.12451615361854106,2.5524584184711365e-06
322.1,2,1.708251194921711e-05,0.010431516649161839,1.7819650780776434e-07
418.5,1,6.833004779686843e-06,0.11847785088529574,8.095597213862508e-07
264.1,1,3.4165023898434215e-06,0.040284601902333336,1.3763243867321268e-07
240.0,1,3.4165023898434215e-06,0.27807605731125873,9.500475143621517e-07
273.4,1,0.0,0.41101350944709963,0.0
324.6,1,0.0,0.13165318651523367,0.0
325.4,1,0.0,0.12952378809945586,0.0
391.2,1,0.0,0.30144039608554946,0.0
327.6,1,0.0,0.130230221210567,0.0
325.1,1,0.0,0.12952378809945586,0.0
868.3,0,0.0,0.018453659593487656,0.0
441.6,1,0.0,0.04793293683986121,0.0
461.5,1,0.0,0.04706530372482194,0.0
711.7,2,0.0,0.01595931595187269,0.0
759.2,0,0.0,0.018292913074720533,0.0
626.1,2,0.0,0.021855695871708318,0.0
623.5,2,0.0,0.015433284859022626,0.0
644.1,2,0.0,0.014849156423516797,0.0
565.1,2,0.0,0.018148688018075457,0.0
542.5,2,0.0,0.0181754358554763,0.0
624.4,2,0.0,0.021855695871708318,0.0
578.4,2,0.0,0.01824788727132852,0.0
557.8,2,0.0,0.01872231042364554,0.0
531.2,2,0.0,0.01913724772506764,0.0
497.4,2,0.0,0.026309968106598566,0.0
698.7,2,0.00010249507169530265,0.0749453370418543,7.681527693333477e-06
439.3,2,0.0006730509707991541,0.05999627661355342,4.038055221908671e-05
373.9,2,0.0005603063919343212,0.1292155766443073,7.240031353128456e-05
363.0,2,0.0001571591099327974,0.18415724790654608,2.89419891686663e-05
336.6,2,0.0001400765979835803,0.21739032483597828,3.045129713756926e-05
211.9,6,0.0002630706840179435,0.4854039501728156,0.00012769554919697437
291.8,4,0.00033481723420465535,0.3607122386490203,0.00012077267408823456
226.1,6,0.0003928977748319935,0.508319692264184,0.0001997176759938816
295.0,6,0.0003963142772218369,0.32122222622074614,0.0001273049544122644
357.3,6,0.0006388859469007199,0.17590428846987224,0.00011238277790297172
327.3,7,0.0013461019415983082,0.25129739886842944,0.00033827191653539734
264.3,9,0.0013461019415983082,0.34881197124259156,0.0004695364717423857
236.9,8,0.0007584635305452396,0.4248086331234006,0.00032220185568487185
140.3,10,0.0006662179660194672,0.7083079843749851,0.0004718875046656511
0.0,9,0.000591054913442912,0.7405551589626928,0.00043770876538039625
125.3,9,0.0007003829899179015,0.6901376447011138,0.0004833606670506645
209.5,10,0.0008780411141897594,0.4489520411831835,0.0003941983504582492
288.1,9,0.000696966487528058,0.318752337236669,0.00022215969687520022
437.3,9,0.0008336265831217948,0.0766290515827728,6.388001443881065e-05
279.2,10,0.0005090588560866698,0.3493726586430911,0.00017785124595681053
278.1,11,0.00021865615294997898,0.34608794181901764,7.567425794052255e-05
397.9,5,0.0005637228943241645,0.13440578094615765,7.576761584886764e-05
129.3,10,0.000939538157206941,0.7242764323486964,0.0006804853445573119
67.4,9,0.0008985401285288199,0.7021254270846295,0.0006308878714959757
99.2,8,0.0008370430855116383,0.6700154255660453,0.0005608317791561961
209.3,6,0.0002357386648991961,0.5671923990498794,0.00013370917889299062
333.7,5,0.00019132413383123162,0.3120901535385331,5.971037830301593e-05
328.5,5,0.00013324359320389343,0.15437991370077117,2.0570134419997727e-05
331.4,4,0.00011957758364451976,0.14978889309957572,1.7911393893634542e-05
94.2,5,0.00018107462666170135,0.6988451929952013,0.00012654313241593072
154.2,4,0.00023232216250935268,0.6835067142048478,0.00015879375793373233
105.7,4,0.0003109017174757514,0.7036306661472612,0.00021875998257379054
132.5,4,0.00040656378439136716,0.6898183474677344,0.0002804551578890812
203.3,4,0.0003963142772218369,0.6117701666789322,0.00024245325143324372
243.3,4,0.0003621492533234027,0.49252507339831236,0.00017836758757425295
300.3,4,0.0002494046744585698,0.3759377294801379,9.376062703768767e-05
382.8,4,9.907856930545922e-05,0.0963935839508613,9.550538388077013e-06
433.8,4,7.85795549663987e-05,0.05836938500635072,4.586640297461425e-06
470.3,4,8.882906213592897e-05,0.05169506462020077,4.592024107268678e-06
501.5,5,0.00025965418162810004,0.046658187031031535,1.2114993369793323e-05
556.1,5,0.00019474063622107503,0.04727092698521266,9.205570395860297e-06
509.1,5,7.85795549663987e-05,0.026529986427852023,2.0847145267652097e-06
551.5,3,4.099802867812106e-05,0.015512602794874276,6.359861342565565e-07
497.7,3,1.0249507169530265e-05,0.05578876169085304,5.718073129296136e-07
401.4,4,1.0249507169530265e-05,0.11985271697510559,1.2284312819240264e-06
361.8,4,1.0249507169530265e-05,0.1756614518785002,1.8004433104387835e-06
351.8,2,1.0249507169530265e-05,0.15080853927921656,1.5457132045687167e-06
335.2,1,1.708251194921711e-05,0.0817630773747649,1.3967187462591846e-06
279.0,1,1.0249507169530265e-05,0.0648546512761111,6.647282132318859e-07
357.5,1,0.0,0.18451047165357737,0.0
273.4,1,0.0,0.41101350944709963,0.0
321.5,1,0.0,0.1395337379609769,0.0
358.8,1,0.0,0.1944764560473829,0.0
407.6,1,0.0,0.2948717202422612,0.0
405.8,1,0.0,0.3273594486551267,0.0
624.2,1,0.0,0.016716433249462734,0.0
380.2,1,0.0,0.27935547520305554,0.0
395.4,1,0.0,0.31420741939082075,0.0
466.6,1,0.0,0.039473023477033804,0.0
689.4,2,0.0,0.01482790569520603,0.0
767.1,0,0.0,0.01915152494682099,0.0
690.2,2,0.0,0.01482790569520603,0.0
770.2,0,0.0,0.01915152494682099,0.0
729.2,2,0.0,0.01583536918831511,0.0
701.9,2,0.0,0.01482790569520603,0.0
605.4,2,0.0,0.020165112924940002,0.0
628.3,2,0.0,0.015122141597511893,0.0
583.9,2,0.0,0.0176180049891448,0.0
600.0,2,0.0,0.017875046610771796,0.0
515.6,2,0.0,0.018301731426623186,0.0
465.6,2,6.833004779686843e-06,0.024692306831539824,1.687226506014057e-07
389.1,2,0.00012299408603436317,0.11428573244320873,1.4056469208620226e-05
346.0,3,0.0003792317652726198,0.23612952237621096,8.954781560371106e-05
383.8,2,0.00035189974615387244,0.14059770002154767,4.9476294947400933e-05
315.3,2,0.00021182314817029215,0.2586079143249855,5.4779142554071614e-05
211.0,5,0.0003450667413741856,0.5025660407761042,0.00017341882601593637
271.7,3,0.00038948127244215006,0.41915507577960126,0.00016325305226522492
115.8,6,0.0002699036887976303,0.6837697225416951,0.00018455197040213568
208.6,5,6.833004779686844e-05,0.5051870801917082,3.451945733585983e-05
240.5,6,0.00016057561232264082,0.4767971544598041,7.656199503107579e-05
258.1,6,0.0006013044206124422,0.4050280229757734,0.00024354514068725036
348.9,5,0.0011616108125467634,0.15704476258084563,0.00018242489426774963
340.7,5,0.0011752768221061371,0.15568772789987692,0.00018297617808709233
257.4,8,0.0009600371715460015,0.3831595246177574,0.0003678473862649423
203.8,9,0.0008848741189694462,0.45435377622094697,0.00040204589743395133
215.4,10,0.0009053731333085067,0.440246127066966,0.00039858701548955397
232.6,10,0.0007721295401046134,0.42357169913045223,0.0003270522212509257
258.7,10,0.0006354694445108764,0.36181900353988444,0.00022992492119296918
322.3,10,0.0003621492533234027,0.19751242680210307,7.152897788847486e-05
304.7,12,0.0005568898895444778,0.21161513177743446,0.00011784632736147558
341.2,10,0.000696966487528058,0.1485849696763596,0.00010355874441479535
291.1,10,0.0003177347222554382,0.2290203721992475,7.276772435156499e-05
191.1,10,0.00023232216250935268,0.4589044314586484,0.00010661366990159821
162.4,10,0.00024598817206872634,0.5416181442408888,0.000133231657261072
335.0,6,0.0002938192055265343,0.22801399410384615,6.699489059652395e-05
182.9,7,0.0003177347222554382,0.5403216195878985,0.00017167893972836945
158.5,6,0.0003245677270351251,0.535173495283874,0.00017370004493373023
192.6,6,0.0002391551672890395,0.3801589690722191,9.091698184489535e-05
263.2,4,0.00014690960276326714,0.45955384900828145,6.751287340613707e-05
163.8,5,0.00021523965056013556,0.5759432248179328,0.00012396581845228945
125.2,5,0.00038264826766246324,0.6603278154701241,0.00025267329467898165
0.0,5,0.00036898225810308953,0.71836847757973,0.0002650652230074474
102.9,4,0.000543223879985104,0.728223556433007,0.0003955884258220894
136.8,4,0.0005295578704257304,0.671261303850125,0.0003554717065660713
201.8,4,0.0006115539277819725,0.6257914925841592,0.00038270524526238565
261.2,4,0.0002494046744585698,0.4229148711254144,0.00010547694575672198
304.6,4,0.0001434931003734237,0.326633352741948,4.686963247030825e-05
325.0,5,0.00010932807647498949,0.08895462150937761,9.72523766318098e-06
385.0,4,4.7831033457807905e-05,0.12561385172764755,6.008240344749231e-06
435.0,4,6.149704301718158e-05,0.058425107101245065,3.592971324688709e-06
502.6,4,0.0001742416218820145,0.045665675265671626,7.956861322628017e-06
543.2,4,8.882906213592897e-05,0.04029787177235695,3.5796221556123934e-06
551.4,4,6.491354540702501e-05,0.023455768859351404,1.5225971169081906e-06
561.0,3,2.3915516728903952e-05,0.007279691372229732,1.7409758079381793e-07
625.2,1,0.0,0.02162316326137607,0.0
595.2,2,0.0,0.016541713277438457,0.0
420.7,2,0.0,0.23286567473463496,0.0
421.4,2,0.0,0.2331738162732933,0.0
374.5,1,6.833004779686843e-06,0.12641328926777473,8.637826097826402e-07
369.8,1,0.0,0.23534409653328686,0.0
460.7,1,0.0,0.04706003218312702,0.0
293.4,1,0.0,0.24547805767867914,0.0
367.2,1,0.0,0.2033401821049093,0.0
407.6,1,0.0,0.2948717202422612,0.0
446.4,1,0.0,0.048553065315653884,0.0
532.6,1,0.0,0.0186186762916261,0.0
510.6,1,0.0,0.020509694433480437,0.0
410.7,1,0.0,0.2872411431214014,0.0
370.8,1,0.0,0.23781780909862016,0.0
430.5,1,0.0,0.19564479899581755,0.0
738.7,2,0.0,0.016230030778092885,0.0
703.1,2,0.0,0.01482790569520603,0.0
834.9,0,0.0,0.018453659593487656,0.0
778.4,0,0.0,0.01915152494682099,0.0
774.0,0,0.0,0.01915152494682099,0.0
810.0,0,0.0,0.018453659593487656,0.0
681.8,2,0.0,0.01482790569520603,0.0
715.7,2,0.0,0.016104083814825074,0.0
613.3,2,0.0,0.01648918699901408,0.0
578.2,2,0.0,0.01824788727132852,0.0
508.3,3,0.0,0.0584888824956321,0.0
467.6,2,0.0,0.03775828662860021,0.0
433.5,3,0.00012299408603436317,0.08212531337848128,1.0100927859271962e-05
319.7,3,0.0005363908752054172,0.3193609575299389,0.00017130230351592403
260.1,4,0.00035189974615387244,0.4131101018509758,0.00014537333997495877
270.5,3,0.0004270627987304277,0.42835144399628877,0.00018293296651327514
182.4,5,0.000567139396714008,0.5525228559258764,0.0003133574791805023
96.3,6,0.0004953928465272962,0.6711502761167968,0.00033248304573308074
72.1,6,0.00032798422942496847,0.7152646410321782,0.00023459552212386567
111.8,7,0.00022548915772966583,0.6122168392273967,0.0001380482594253039
181.0,6,0.00013666009559373687,0.5145528323243641,7.031883925347566e-05
206.2,6,0.0003177347222554382,0.5528654711752614,0.00017566455692849366
229.2,6,0.0005568898895444778,0.5460509726985737,0.0003040902658717634
283.7,6,0.0008233770759522646,0.3731354187680551,0.00030723115003946494
283.7,7,0.0011684438173264501,0.3679712404523566,0.0004299537208605006
263.7,9,0.0012743553914115963,0.36861425352641686,0.00046974556133255036
279.2,9,0.001134278793428016,0.3573455011026704,0.00040532942382766676
285.0,10,0.0007174655018671185,0.2950843990596888,0.0002117128764645167
327.3,10,0.0013085204153100306,0.21044789648994042,0.0002753753689161392
379.9,10,0.00042022979395074086,0.13713087337632365,5.7626478663217624e-05
421.3,10,0.0003553162485437159,0.09006399631527848,3.20012012995998e-05
354.1,10,0.0005466403823749475,0.14892508284274822,8.140846423038062e-05
262.6,10,0.0008404595879014817,0.2874157086275038,0.00024156128802948422
233.1,9,0.00027673669357731714,0.332889489530258,9.212273665924452e-05
210.6,9,0.0002630706840179435,0.3603198110598053,9.478957916071914e-05
270.4,8,0.0005876384110530686,0.24574604765917218,0.0001444098169690076
319.4,6,0.0001742416218820145,0.2742071401168945,4.77782968255965e-05
253.4,6,0.00025965418162810004,0.34996606609025993,9.087015248827201e-05
245.0,5,0.0002049901433906053,0.46024656537608527,9.434600943147732e-05
208.6,5,0.0002869862007468474,0.5539350927101786,0.00015897172771724683
264.6,6,0.00038264826766246324,0.41872713800998335,0.0001602252139827813
247.9,3,0.00044414531067964484,0.4866656852074068,0.0002161502819535659
129.5,4,0.000567139396714008,0.6939131085964276,0.0003935454617813199
112.2,4,0.0009600371715460015,0.7216963639013163,0.0006928553359148536
172.5,4,0.0006218034349515027,0.6704304249883123,0.0004168759411537284
239.9,4,0.0007413810185960226,0.5383849266507533,0.0003991483653170804
299.7,4,0.00029723570791637767,0.35708054032050407,0.00010613708718532767
340.8,4,0.00013324359320389343,0.17367655013596492,2.3141287595372112e-05
362.5,4,6.491354540702501e-05,0.10589940975923576,6.874306143983298e-06
383.5,4,4.4414531067964485e-05,0.16570888698221767,7.359882509109522e-06
423.6,4,1.3666009559373686e-05,0.0989585608711814,1.352368638847428e-06
757.5,0,3.074852150859079e-05,0.04041813127796485,1.2427977789375483e-06
591.1,3,6.833004779686844e-05,0.03965157940590209,2.7093943160266138e-06
529.6,4,2.3915516728903952e-05,0.01808004628072328,4.323936492859953e-07
615.5,3,3.4165023898434215e-06,0.014613427806756318,4.992681102558727e-08
643.2,1,0.0,0.014616623813184551,0.0
536.9,2,0.0,0.018217569487750586,0.0
449.0,2,0.0,0.04634377045555192,0.0
444.4,2,0.0,0.045564740197443845,0.0
455.8,1,0.0,0.04904974393641363,0.0
452.9,1,0.0,0.04893436127262775,0.0
515.6,1,0.0,0.018841145957832036,0.0
458.1,1,0.0,0.04751265363611468,0.0
349.5,1,0.0,0.17322232080222147,0.0
439.8,1,0.0,0.04793293683986121,0.0
464.3,1,0.0,0.039473023477033804,0.0
516.7,1,0.0,0.018841145957832036,0.0
511.0,1,0.0,0.01995791807330779,0.0
797.8,0,0.0,0.018453659593487656,0.0
466.8,1,0.0,0.039473023477033804,0.0
402.7,1,0.0,0.3356717481920479,0.0
725.5,2,0.0,0.01666870252164844,0.0
786.4,0,0.0,0.01915152494682099,0.0
866.5,0,0.0,0.018453659593487656,0.0
853.2,0,0.0,0.018453659593487656,0.0
778.3,0,0.0,0.01915152494682099,0.0
801.2,0,0.0,0.018453659593487656,0.0
705.0,2,0.0,0.015084315951872696,0.0
661.1,2,6.833004779686843e-06,0.0067651687424179485,4.622643035232987e-08
618.1,2,0.0,0.015898889751578178,0.0
590.7,2,0.0,0.016541713277438457,0.0
521.0,3,0.0,0.056259006459428135,0.0
576.3,2,0.0,0.017747887271328523,0.0
428.8,3,2.7332019118747372e-05,0.11302247163656652,3.0891323556187185e-06
329.8,3,0.0002938192055265343,0.30337831047637454,8.913837415815062e-05
308.3,4,0.0003553162485437159,0.29991267724256415,0.00010656384736853016
247.9,4,0.0005022258513069829,0.4847466385906329,0.00024345229323437898
176.7,5,0.00038948127244215006,0.620095003652719,0.00024151539105768068
107.8,6,0.0004099802867812106,0.6962572876757623,0.0002854517624748169
0.0,6,0.0003416502389843422,0.75263045601763,0.00025713637516531774
120.6,7,0.00035189974615387244,0.6414646764306068,0.00022573125680260645
215.3,6,0.00026648718640778687,0.39103564465409235,0.00010420598872902421
214.5,7,0.0005466403823749475,0.4455146516957249,0.00024353629955659262
307.5,5,0.0007618800329350831,0.33402970153269945,0.000254490560005029
338.8,6,0.0009053731333085067,0.17320868383215715,0.0001568184887973626
303.6,8,0.0008677916070202291,0.23129922409097398,0.0002007195253764384
311.0,8,0.001093280764749895,0.20817224450947264,0.00022759071067701838
318.5,8,0.0007755460424944567,0.19830616217453562,0.00015379555927672503
319.0,8,0.001223107855563945,0.19092685578650226,0.00023352413715059536
369.1,10,0.0012743553914115963,0.14364984746069911,0.00018306095758699532
370.7,10,0.0003143182198655948,0.14982275956313346,4.709202308123513e-05
376.2,7,0.0002494046744585698,0.11690420144378488,2.915645430392623e-05
300.2,10,0.00036556575571324615,0.2224577364433179,8.132293053715965e-05
341.8,8,0.00045097831545933166,0.14402584182123793,6.495253152715403e-05
422.1,7,0.0002494046744585698,0.08981500117004239,2.2400281128310486e-05
312.8,8,0.00027332019118747375,0.19282481173281274,5.270291440850101e-05
314.0,8,0.00032115122464528164,0.20089991801437632,6.451925470145364e-05
224.3,8,0.00021865615294997898,0.33758575239710814,7.38152019098758e-05
319.0,5,0.000348483243764029,0.25445547701978893,8.867347002537939e-05
256.6,6,0.00040656378439136716,0.40259830527819784,0.00016368189058345504
228.6,6,0.0005500568847647909,0.5285361605513459,0.00029072495395841667
236.6,6,0.00022207265533982242,0.5426447171347105,0.000120506553240232
131.7,5,0.0005773889038835383,0.6710316646021149,0.0003874462372957613
177.9,5,0.0005808054062733817,0.6715295594602354,0.00039002799860688705
215.5,4,0.00046806082740854875,0.591866614215875,0.0002770295771653788
226.4,4,0.000526141368035887,0.5892151103574278,0.00031001044423087316
326.7,4,0.00039973077961168033,0.2891375104110852,0.00011557716245160343
369.9,3,0.00018449112905154477,0.1653392575548718,3.0503626302842453e-05
402.6,3,0.00016740861710232767,0.10392223201307643,1.7397477147496372e-05
455.5,3,7.516305257655528e-05,0.05298042706634321,3.982170625115907e-06
957.1,0,2.3915516728903952e-05,0.06520845802296514,1.559493968714254e-06
890.8,0,1.0249507169530265e-05,0.021102928610163475,2.1629461808795588e-07
771.5,0,2.3915516728903952e-05,0.023060733945313553,5.515093684499495e-07
725.8,2,2.3915516728903952e-05,0.018044398333109658,4.315411101984906e-07
438.4,3,1.708251194921711e-05,0.08243455345649663,1.4081892444489803e-06
472.1,3,2.3915516728903952e-05,0.08357920338982239,1.998839836857763e-06
528.5,3,3.4165023898434215e-06,0.012378401590689673,4.2290838617032876e-08
525.5,2,0.0,0.018425310684234305,0.0
522.3,2,0.0,0.01808827364756763,0.0
576.5,2,0.0,0.017747887271328523,0.0
529.1,2,0.0,0.018425310684234305,0.0
562.1,1,0.0,0.020804922089665265,0.0
508.6,1,0.0,0.020965466438480438,0.0
466.2,1,0.0,0.039473023477033804,0.0
423.7,1,0.0,0.22984219158891572,0.0
527.0,1,0.0,0.018964725215443148,0.0
441.3,1,0.0,0.04793293683986121,0.0
560.4,1,0.0,0.020804922089665265,0.0
611.6,1,0.0,0.016586135574459607,0.0
778.6,0,0.0,0.01915152494682099,0.0
587.1,1,0.0,0.01658194093973821,0.0
520.0,1,0.0,0.018841145957832036,0.0
945.9,0,0.0,0.018453659593487656,0.0
934.1,0,0.0,0.018453659593487656,0.0
958.3,0,0.0,0.018453659593487656,0.0
819.8,0,0.0,0.018453659593487656,0.0
825.5,0,6.833004779686843e-06,0.0011829002478399382,8.082763047383049e-09
681.7,1,6.833004779686843e-06,0.0005016021431293918,3.427449841504298e-09
702.7,1,1.708251194921711e-05,0.0009189356421506567,1.569772908760009e-08
640.8,1,1.3666009559373686e-05,0.004436131681903824,6.062421797153812e-08
717.4,1,3.4165023898434215e-06,0.004731653792870292,1.6165706491253043e-08
627.0,2,6.833004779686843e-06,0.003248439558070015,2.219660302681623e-08
466.3,3,0.0,0.07486239118116086,0.0
463.9,2,0.0,0.03803398191201135,0.0
413.0,3,3.074852150859079e-05,0.04747758963508161,1.4598656860703542e-06
383.3,3,0.00020157364100076189,0.13784884214409562,2.7786693018724626e-05
283.2,4,0.000348483243764029,0.33622850839752655,0.00011717000125231111
208.9,4,0.0005534733871546343,0.5359402128497376,0.0002966286449183199
150.7,5,0.0004988093489171396,0.6453034340478473,0.000321883385791401
120.6,5,0.00036556575571324615,0.6652143116782429,0.0002431795725599237
56.1,6,0.00026648718640778687,0.7565184394435072,0.00020160247039290993
122.5,6,0.00038948127244215006,0.658848036560436,0.0002566089716255708
219.2,5,0.0004851433393577659,0.4766381179544389,0.0002312378082096172
221.6,6,0.0006559684588499369,0.5235564084349474,0.0003434364903620806
332.0,6,0.0007311315114264923,0.2610278996931514,0.00019084572282713659
309.7,7,0.000696966487528058,0.27101093395405573,0.00018888553871965674
277.5,8,0.0006081374253921291,0.36848663337769905,0.0002240905125137273
379.1,7,0.0006013044206124422,0.12392572975382808,7.451708912859969e-05
253.7,8,0.0007482140233757093,0.360582010752257,0.00026979251702184947
263.5,8,0.0013085204153100306,0.3935052163140384,0.0005149096090779089
371.0,8,0.0010386167265124002,0.14675108558696734,0.00015241813212447708
379.9,10,0.0005739724014936948,0.13454298735397116,7.722396155569463e-05
351.3,9,0.0005022258513069829,0.16070666012988213,8.071103919443202e-05
332.8,8,0.000802878061613204,0.22664956653824875,0.00018197196464770206
252.1,9,0.0010898642623600515,0.4051013819364587,0.0004415055188052161
210.9,9,0.0004407288082898014,0.4338773538914081,0.00019122224912449272
343.4,9,0.0002391551672890395,0.2514809152653268,6.0142960360279996e-05
475.2,5,0.00036556575571324615,0.06631976142148266,2.4244233702766497e-05
253.6,8,0.0004543948178491751,0.333133982093433,0.00015137435511271584
247.2,7,0.0007687130377147699,0.4520068202931562,0.00034746353589534617
203.6,6,0.001093280764749895,0.5335097431644407,0.0005832759400083398
217.2,5,0.0010898642623600515,0.5504620320284923,0.0005999288964939478
157.2,6,0.00039973077961168033,0.5987746213842008,0.0002393486462175953
178.2,5,0.0005842219086632251,0.6664090277310918,0.00038933075413146253
245.3,5,0.00027673669357731714,0.5164147460928855,0.00014291090934831488
317.6,4,0.00039973077961168033,0.30978121323565744,0.00012382908587574155
255.4,5,0.0004236462963405843,0.4153928604366632,0.0001759796468503136
360.5,4,0.0003860647700523067,0.18166027745045335,7.013263324154751e-05
365.6,3,9.566206691561581e-05,0.20023544443567629,1.9154936484483737e-05
455.5,3,0.00016057561232264082,0.06288851961305109,1.0098362544930086e-05
530.4,3,0.0001264105884242066,0.06653124936962383,8.410254381411774e-06
957.1,0,1.3666009559373686e-05,0.03300571174217393,4.510563721824812e-07
953.2,0,2.049901433906053e-05,0.030812672178821443,6.316294088184322e-07
833.4,0,1.3666009559373686e-05,0.02236162822594755,3.0559422509895965e-07
833.4,0,6.833004779686843e-06,0.042081560956538214,2.875435071527089e-07
389.8,3,1.0249507169530265e-05,0.11050331950977914,1.1326045655723748e-06
480.8,3,2.3915516728903952e-05,0.03464388566578469,8.285264271943096e-07
422.8,3,5.1247535847651325e-05,0.06302780319341778,3.23001960355339e-06
493.7,2,1.708251194921711e-05,0.031389577820651916,5.362128382021667e-07
535.7,2,0.0,0.018217569487750586,0.0
605.6,2,0.0,0.020165112924940002,0.0
679.8,2,0.0,0.015383461251872692,0.0
745.3,1,0.0,0.016978185956590865,0.0
737.5,1,0.0,0.015090016064649532,0.0
605.5,1,0.0,0.01959539483371887,0.0
498.4,1,0.0,0.027164143147140742,0.0
502.0,1,0.0,0.0270205475246435,0.0
464.0,1,0.0,0.03988269005244494,0.0
627.7,1,0.0,0.01488960898717965,0.0
678.0,1,0.0,0.01515092864154045,0.0
758.6,0,0.0,0.018292913074720533,0.0
637.8,1,0.0,0.014616623813184551,0.0
543.7,1,0.0,0.018575961496685146,0.0
958.2,0,0.0,0.018453659593487656,0.0
919.7,0,0.0,0.018453659593487656,0.0
871.0,0,0.0,0.018453659593487656,0.0
830.6,0,0.0,0.018453659593487656,0.0
762.6,0,1.0249507169530265e-05,0.0039034737271448623,4.000868195244429e-08
755.4,0,1.708251194921711e-05,0.0014361762500443229,2.4533497952563963e-08
681.5,2,2.049901433906053e-05,0.002118706309308124,4.343139101476524e-08
692.5,1,2.049901433906053e-05,0.006217944351076857,1.274617304122049e-07
565.2,2,1.708251194921711e-05,0.0014492440242838724,2.475672836216074e-08
520.3,3,6.833004779686843e-06,0.0035625107525204254,2.434265299965784e-08
473.2,3,6.833004779686843e-06,0.005983806443104713,4.088737802645543e-08
413.9,3,6.833004779686843e-06,0.04971993177825518,3.397365314865214e-07
350.9,3,0.00030748521508590793,0.11996948177678587,3.6888841907879915e-05
307.3,4,0.0001742416218820145,0.3078851226495999,5.3646403123809244e-05
296.9,4,0.0003416502389843422,0.3329893457030007,0.00011376588953866993
288.2,3,0.0002084066457804487,0.31028091380448614,6.466460449568549e-05
220.3,3,0.00010249507169530265,0.5974257034371967,6.12331903064121e-05
169.7,4,0.0003792317652726198,0.6862830091652008,0.00026026031704232464
159.8,4,0.00022207265533982242,0.678352026456666,0.0001506434357703813
164.1,5,0.0002562376792382566,0.687458400998992,0.00017615274524482451
203.5,5,0.00046122782262886193,0.5912637129216894,0.0002727072749103273
252.3,5,0.0005842219086632251,0.43392551302623883,0.0002535087914378584
283.3,7,0.00044414531067964484,0.35533339301571026,0.00015781966023581498
255.4,7,0.00046122782262886193,0.3827115165561146,0.00017651719947616636
314.1,5,0.00030748521508590793,0.30894241108511106,9.499522372166436e-05
152.8,6,0.0004919763441374527,0.5536105608185942,0.00027236329978741686
187.8,7,0.0007721295401046134,0.5345400621876046,0.0004127341723844066
237.5,8,0.0008951236261389764,0.40387632636597043,0.00036151924176839613
333.8,8,0.0011206127838686423,0.20156157339224884,0.00022587247588003162
413.0,7,0.0008917071237491331,0.1150755070455637,0.0001026136494015727
365.5,8,0.0008712081094100725,0.14599157331020296,0.00012718904257338394
280.4,7,0.0009122061380881936,0.3874118535910277,0.0003533994708138601
209.6,8,0.0010591157408514607,0.4756078035597565,0.0005037237112219275
141.9,9,0.0008780411141897594,0.6686072829639429,0.0005870646836890482
417.9,8,0.00010249507169530265,0.09560173372359301,9.7987065521949e-06
272.0,9,0.00017765812427185794,0.247904954722249,4.404232925365463e-05
339.6,6,0.0005739724014936948,0.1912076262651168,0.00010974790043129797
253.0,8,0.0006218034349515027,0.4258030199502522,0.0002647657804177901
174.1,6,0.0011786933244959804,0.6313158206256955,0.000744127743420209
146.7,6,0.000980536185885062,0.655797337810836,0.0006430330203306148
88.8,5,0.00032115122464528164,0.7333102247213452,0.0002355034767141667
140.8,5,0.00041339678917105404,0.6782637649359393,0.0002803920626355879
207.9,5,0.00038948127244215006,0.5501388117153262,0.00021426876440669765
209.9,5,0.0003314007318148119,0.4908402307437177,0.00016266481167261917
325.2,4,0.0002630706840179435,0.23582928318661942,6.203977083936527e-05
352.1,4,0.00013324359320389343,0.16886673765921226,2.250041089833267e-05
316.9,5,5.4664038237494744e-05,0.20998310179972754,1.1478524306008058e-05
514.4,3,0.00010591157408514608,0.05142858770175999,5.446882676469386e-06
500.4,3,5.4664038237494744e-05,0.07819652183533726,4.274537659645969e-06
500.4,3,1.708251194921711e-05,0.15443314934604593,2.6381061190590603e-06
345.8,1,1.0249507169530265e-05,0.10626447850890773,1.0891585343434446e-06
534.3,1,3.416502389843422e-05,0.05099165432746322,1.7421310887184776e-06
581.8,1,2.7332019118747372e-05,0.07407988091247651,2.0247527214143367e-06
338.1,3,2.7332019118747372e-05,0.16496586009906689,4.5088500421683e-06
375.7,2,0.00010249507169530265,0.13873843531452348,1.4220005874456193e-05
417.6,2,0.0001264105884242066,0.07241382196085476,9.153873844117385e-06
500.1,2,0.0001708251194921711,0.06769701731771587,1.1564351072562389e-05
533.6,2,1.0249507169530265e-05,0.009937157955554903,1.0185097171021468e-07
629.8,2,0.0,0.015122141597511893,0.0
566.9,1,0.0,0.018549213659284303,0.0
705.6,1,0.0,0.014851783341540453,0.0
693.5,2,0.0,0.01482790569520603,0.0
629.9,1,0.0,0.01488960898717965,0.0
567.8,1,0.0,0.018549213659284303,0.0
609.2,1,0.0,0.018252802241126274,0.0
496.9,1,0.0,0.026849382637807402,0.0
576.2,1,0.0,0.017913037040294944,0.0
608.7,1,0.0,0.018252802241126274,0.0
544.2,1,0.0,0.018575961496685146,0.0
628.0,1,0.0,0.01488960898717965,0.0
604.2,1,0.0,0.02452121900954304,0.0
990.7,0,0.0,0.018453659593487656,0.0
1024.6,0,0.0,0.018453659593487656,0.0
845.4,0,0.0,0.018453659593487656,0.0
848.4,0,0.0,0.018453659593487656,0.0
720.5,1,2.049901433906053e-05,0.010564987126203622,2.1657182259203794e-07
675.9,2,6.833004779686843e-06,0.0005671954568993997,3.875649268010261e-09
686.0,2,6.833004779686843e-06,0.005790930644963017,3.9569456775867305e-08
665.9,2,2.049901433906053e-05,0.007407572969345001,1.5184794451624036e-07
608.9,2,2.049901433906053e-05,0.017993037594664012,3.688395356562728e-07
560.0,2,3.416502389843422e-05,0.017166477543699207,5.864931155324177e-07
608.3,2,2.7332019118747372e-05,0.010165807252339724,2.7785203817845004e-07
425.3,2,4.4414531067964485e-05,0.0596811344960184,2.650709602244776e-06
469.8,2,0.0003792317652726198,0.04752729551471017,1.8023860176677e-05
414.1,3,0.00022548915772966583,0.09547564935272797,2.1528723756239546e-05
364.1,3,0.0001434931003734237,0.1807655622077956,2.593861096194158e-05
287.6,3,0.00013666009559373687,0.363835982741492,4.9721860181893495e-05
240.6,3,0.00012299408603436317,0.5450643037034778,6.703968586396581e-05
205.5,3,0.00017765812427185794,0.6301928429529016,0.00011195887840856204
245.2,4,0.00016057561232264082,0.4825563275798952,7.748677778130652e-05
250.3,4,0.0002494046744585698,0.41741473492629744,0.0001041051860785034
249.5,4,0.00035189974615387244,0.45328922175425124,0.0001595123620696074
236.0,6,0.00043047930112027113,0.5402441425261916,0.0002325639209089951
218.4,6,0.0004919763441374527,0.5194718014902006,0.0002555678377796454
189.0,7,0.000348483243764029,0.4378084125716947,0.00015256889576016448
133.2,6,0.0002084066457804487,0.6495022690424186,0.00013536058931792102
149.6,5,0.00022890566011950924,0.5609626364202703,0.00012840752259216223
115.5,8,0.0006286364397311896,0.679593697403485,0.0004272173623994822
203.5,6,0.000567139396714008,0.5639273881900811,0.0003198254387286288
308.5,6,0.0008267935783421081,0.28331064702573117,0.0002342394236368222
345.5,8,0.0006730509707991541,0.1555447064883247,0.00010468951570463641
416.4,5,0.0005398073775952606,0.10647732481050445,5.747724547931719e-05
240.8,7,0.0008097110663928909,0.4867967146006893,0.0003941646868958799
159.5,6,0.0007277150090366488,0.6386134914416688,0.00046472862269539983
95.7,8,0.0007072159946975883,0.642098314101288,0.00045410219790078686
153.6,6,7.516305257655528e-05,0.5034703297361651,3.7842366864695e-05
416.9,5,0.00011957758364451976,0.08256636577526695,9.873086509715997e-06
313.6,6,0.0004270627987304277,0.3088576967752415,0.00013190163239426843
236.5,8,0.00036898225810308953,0.37952844849547906,0.00014003926394022398
147.4,7,0.0009839526882749053,0.627617951712174,0.0006175463707967834
103.8,6,0.0010796147551905212,0.7334387107832012,0.0007918312541894572
55.7,6,0.0008097110663928909,0.73383687739833,0.000594195840556631
112.9,5,0.0006149704301718159,0.6856184750744523,0.00042163508855028035
177.3,5,0.0003621492533234027,0.6352640029679374,0.00023006038433807442
219.4,5,0.00036556575571324615,0.48770272112368324,0.00017828741381098579
221.4,5,0.0003245677270351251,0.5313400295875997,0.00017245582568602337
245.5,5,0.0001742416218820145,0.46373088144337543,8.080122089946991e-05
288.1,5,9.907856930545922e-05,0.2684440135501276,2.659704880116195e-05
393.8,3,9.224556452577238e-05,0.08366329968421804,7.717568309459567e-06
323.3,3,3.758152628827764e-05,0.18120836940714288,6.810087098530466e-06
331.9,1,3.074852150859079e-05,0.1835747512955126,5.6446521886442746e-06
298.5,1,3.758152628827764e-05,0.326566979940147,1.227288554150407e-05
355.6,1,2.7332019118747372e-05,0.13286396293300007,3.6314403750773e-06
378.1,1,2.7332019118747372e-05,0.1351796739831172,3.694733433772596e-06
292.5,2,7.174655018671185e-05,0.27208212633986767,1.952095393235059e-05
385.1,2,0.00013666009559373687,0.13788657423174633,1.8843592415603348e-05
435.1,2,0.0001879076314413882,0.061581593922235396,1.157165145431264e-05
500.2,2,0.00019132413383123162,0.040155332196059955,7.682684151116539e-06
521.6,2,2.7332019118747372e-05,0.026583078485465452,7.265692093999037e-07
510.3,2,0.0,0.019970279902271595,0.0
522.4,2,0.0,0.01808827364756763,0.0
573.9,1,0.0,0.017913037040294944,0.0
612.6,2,0.0,0.01648918699901408,0.0
603.6,2,0.0,0.027257603767430853,0.0
707.8,2,0.0,0.015084315951872696,0.0
639.7,2,0.0,0.014849156423516797,0.0
578.4,1,0.0,0.018413037040294945,0.0
627.7,1,0.0,0.01488960898717965,0.0
751.5,0,0.0,0.017146973512790705,0.0
525.0,1,0.0,0.018964725215443148,0.0
609.7,1,0.0,0.018252802241126274,0.0
590.2,1,0.0,0.01670686304640488,0.0
805.8,0,0.0,0.018453659593487656,0.0
803.5,0,0.0,0.018453659593487656,0.0
775.8,0,0.0,0.01915152494682099,0.0
717.7,1,0.0,0.01753821787115949,0.0
670.0,1,2.3915516728903952e-05,0.008094740287581314,1.935898967637837e-07
647.2,2,2.7332019118747372e-05,0.0009855934999163578,2.6938260383027028e-08
680.0,2,3.4165023898434215e-06,0.013258042493967958,4.5296133865287166e-08
625.5,2,4.099802867812106e-05,0.020558849633489255,8.428723068629711e-07
585.6,2,0.00016057561232264082,0.02199234850501253,3.5314348276053016e-06
518.5,2,5.4664038237494744e-05,0.01670208150715793,9.13003222153035e-07
572.0,2,1.708251194921711e-05,0.07139221094402962,1.2195582965324145e-06
507.6,2,4.7831033457807905e-05,0.019691550710211697,9.418672208562567e-07
419.2,2,6.149704301718158e-05,0.06834823587154473,4.20321440154086e-06
451.5,3,0.00011957758364451976,0.05573215265917911,6.664316146292134e-06
381.5,3,0.00016399211471248423,0.14425876206770552,2.3657299457288133e-05
355.4,3,0.0001400765979835803,0.17203110143743325,2.4097531436723858e-05
298.1,3,0.00039973077961168033,0.3775604794035066,0.00015092254478252348
272.5,3,0.0002528211768484132,0.41965858989988863,0.00010609857857303546
307.1,3,0.00020157364100076189,0.35387365558145134,7.133160120980273e-05
284.5,4,0.00019815713861091845,0.37892333030814257,7.508636288678145e-05
304.6,5,0.00030748521508590793,0.3795261099380175,0.00011669866754500925
276.4,5,0.0005124753584765132,0.3842601107888587,0.00019692383802474503
204.7,5,0.0003860647700523067,0.6152913035891683,0.00023754229563533626
163.0,6,0.0003758152628827764,0.5420712639849885,0.00020371865457571734
103.5,6,0.00022890566011950924,0.7100213258407624,0.00016252790029050887
0.0,6,0.0003450667413741856,0.7332410140241853,0.00025301708735122914
117.3,6,0.0006593849612397804,0.6722822512093852,0.0004432928061558928
201.2,5,0.000591054913442912,0.6154141585969002,0.00036374356224103333
301.8,5,0.000679883975578841,0.3353714431664963,0.00022801367007565084
323.6,7,0.0006081374253921291,0.23392035392563582,0.0001422557217831518
278.3,6,0.00046464432501870537,0.3952056719641212,0.000183630072693333
197.9,6,0.0008302100807319515,0.5708250376130117,0.00047390470056051767
155.7,5,0.0007618800329350831,0.684244963096035,0.0005213125750192719
0.0,5,0.0007037994923077449,0.7189235524416575,0.000505978031216519
100.8,6,0.00018449112905154477,0.6589485113811065,0.00012157015485153504
371.5,5,0.00013666009559373687,0.14004324034872348,1.913832261331322e-05
248.9,7,0.00041339678917105404,0.38807214330650763,0.0001604277780096394
223.3,7,0.0006183869325616594,0.5051948259831894,0.0003124058787857658
218.7,6,0.0006491354540702502,0.4986782654005868,0.00032370974224577465
169.7,5,0.0007447975209858659,0.6879333904190621,0.0005123710837875193
0.0,5,0.0007687130377147699,0.7265327994034391,0.0005584952352288332
102.7,5,0.000478310334578079,0.6980703836040628,0.00033389427874070727
123.4,5,0.00043731230589995796,0.6892036486691211,0.0003013972368341578
201.9,5,0.0001742416218820145,0.6167916510389916,0.0001074707776403194
249.1,5,0.0001879076314413882,0.42663475699107084,8.016792667676436e-05
281.7,5,0.00013666009559373687,0.36854976640266024,5.036604630763694e-05
280.8,3,6.491354540702501e-05,0.41480282581746614,2.6926322068664374e-05
215.0,3,0.00011957758364451976,0.36567924673206664,4.372704071316868e-05
243.7,3,0.00016399211471248423,0.37074377518307955,6.079905570876305e-05
236.4,3,7.85795549663987e-05,0.3337732392653195,2.6227752601162117e-05
197.3,2,5.4664038237494744e-05,0.46939371380343164,2.565895591979045e-05
289.2,2,7.516305257655528e-05,0.33431708287508516,2.5128292477380613e-05
263.4,2,3.758152628827764e-05,0.42596610035705373,1.6008456198483727e-05
302.8,1,0.00021182314817029215,0.36973403351923106,7.831822696574385e-05
341.6,1,0.00012982709081405002,0.3158159442250435,4.1001465271429676e-05
411.3,1,9.907856930545922e-05,0.1079275131299363,1.0693303589610254e-05
426.4,2,4.099802867812106e-05,0.08552655830214033,3.506420290012142e-06
450.9,2,2.049901433906053e-05,0.021922670431057945,4.493931355167551e-07
518.5,2,0.0,0.018301731426623186,0.0
516.5,2,0.0,0.018301731426623186,0.0
567.0,1,0.0,0.018549213659284303,0.0
594.5,2,0.0,0.016541713277438457,0.0
658.5,1,0.0,0.014616623813184551,0.0
633.4,2,0.0,0.014988045312266796,0.0
685.3,2,0.0,0.01482790569520603,0.0
570.1,2,0.0,0.01758800877063956,0.0
565.3,1,0.0,0.018549213659284303,0.0
694.4,1,0.0,0.014595373084873785,0.0
588.3,1,0.0,0.01658194093973821,0.0
540.6,1,0.0,0.018575961496685146,0.0
603.5,1,0.0,0.025354552342876372,0.0
683.5,2,0.0,0.01482790569520603,0.0
786.6,0,0.0,0.01915152494682099,0.0
736.3,1,0.0,0.015602836577982861,0.0
696.0,1,0.0,0.014595373084873785,0.0
675.6,1,6.833004779686843e-06,0.0032519310543840598,2.2220460437818354e-08
810.8,0,2.049901433906053e-05,0.005644376050026725,1.1570414558454768e-07
557.1,1,1.3666009559373686e-05,0.0058465907295992825,7.989956480044937e-08
538.9,2,2.7332019118747372e-05,0.011886467685288272,3.2488116202867187e-07
550.3,2,4.7831033457807905e-05,0.009179841768492378,4.3908131876614146e-07
463.4,2,5.808054062733817e-05,0.023217957772634044,1.3485115396972937e-06
551.7,2,9.907856930545922e-05,0.014370561527713105,1.4238146762818889e-06
467.0,2,7.85795549663987e-05,0.03802249830590729,2.9877909955888434e-06
418.3,2,6.491354540702501e-05,0.07441062343578954,4.830257383164164e-06
378.1,3,0.00018107462666170135,0.16901022874596155,3.0603464072183735e-05
347.5,3,0.0003416502389843422,0.20462628404935868,6.991061884794128e-05
351.8,3,0.00026648718640778687,0.1756767954553876,4.681561493804252e-05
347.5,3,0.0003143182198655948,0.1947871064068229,6.122513653856277e-05
312.3,3,0.0001879076314413882,0.33258345609114925,6.249496949067879e-05
357.3,3,0.00035189974615387244,0.1704352056338645,5.997610559823997e-05
379.3,3,0.00040656378439136716,0.14387582958495482,5.849470175850666e-05
361.6,5,0.00040314728200152377,0.18653896208333656,7.520267555128244e-05
300.4,5,0.0003860647700523067,0.36017641373068765,0.0001390514243452024
226.2,5,0.0006218034349515027,0.5544065932561922,0.00034473192404646096
184.8,6,0.00036556575571324615,0.5657792892735116,0.00020682953345017459
183.2,6,0.0003109017174757514,0.5438009060230002,0.00016906863564742044
114.4,5,0.00039973077961168033,0.6623036926199299,0.00026474317139065927
204.9,5,0.0006183869325616594,0.6195774838885932,0.0003831386197461381
210.9,7,0.0006628014636296238,0.5098378630307863,0.0003379212818306048
340.4,5,0.0013426854392084647,0.15814097014136538,0.00021233357795111187
365.9,6,0.004188631929948035,0.16752787746144884,0.0007017126166914465
267.2,7,0.0006935499851382146,0.3990588943121716,0.00027676729021947896
204.6,7,0.0006628014636296238,0.5269018471911596,0.000349231315507453
154.8,7,0.000679883975578841,0.5633655111703156,0.00038302318343848014
132.3,6,0.0006833004779686843,0.6790683577796204,0.00046400773344422414
218.4,6,0.00033823373659449873,0.5050538404349134,0.0001708262476317025
332.6,7,0.00026648718640778687,0.2904403567257809,7.739863348312729e-05
363.2,5,0.0001879076314413882,0.25567085386166444,4.8042504577742664e-05
308.3,8,0.00043731230589995796,0.23918478641874774,0.00010459845048497153
248.6,8,0.00045097831545933166,0.3535064873540399,0.00015942376017087043
179.8,5,0.00046122782262886193,0.6013504231413593,0.0002773595463024339
135.1,5,0.00039973077961168033,0.6882735238798245,0.00027512411228656076
125.8,5,0.00047489383218823563,0.6783330286250795,0.00032213617146361614
192.3,5,0.0005603063919343212,0.6164869131092634,0.0003454215579589787
248.3,5,0.00010932807647498949,0.3870627806055073,4.231682927866098e-05
255.0,5,0.00015374260754295397,0.3672898425385109,5.646809811591164e-05
316.0,5,0.00015374260754295397,0.20902970813146513,3.2136772382074056e-05
230.9,3,0.00017765812427185794,0.5776914752081838,0.00010263158389332845
175.8,3,0.0004099802867812106,0.620602876780783,0.0002544349453998297
160.7,3,0.00040314728200152377,0.5835170747223922,0.00023524332267581247
147.3,3,0.0002391551672890395,0.6571988583872291,0.00015717250291976358
145.1,3,9.224556452577238e-05,0.6294830305252855,5.806701751019897e-05
226.7,2,7.516305257655528e-05,0.563033733807527,4.231933413654938e-05
209.3,2,0.00016057561232264082,0.5961986439516392,9.573496231846259e-05
298.1,1,0.0004099802867812106,0.3686840017930049,0.00015115317278674052
363.5,1,0.0002084066457804487,0.2270093033349192,4.731024746898694e-05
398.4,1,4.099802867812106e-05,0.0744068316919661,3.050533419555353e-06
425.1,1,1.0249507169530265e-05,0.04038456017496423,4.1392183905162225e-07
448.4,2,0.0,0.04633533163698652,0.0
471.7,2,6.833004779686843e-06,0.0018554809833628745,1.2678510427936564e-08
510.7,1,0.0,0.020509694433480437,0.0
523.4,1,0.0,0.018964725215443148,0.0
575.0,1,0.0,0.017913037040294944,0.0
684.4,1,0.0,0.014595373084873785,0.0
719.1,1,0.0,0.018533366981519174,0.0
669.2,1,0.0,0.014616623813184551,0.0
600.3,1,0.0,0.01804019637973821,0.0
605.8,1,0.0,0.01959539483371887,0.0
521.3,2,0.0,0.017940620315512076,0.0
666.5,1,0.0,0.014616623813184551,0.0
558.7,1,0.0,0.020516001086887482,0.0
573.8,1,0.0,0.017913037040294944,0.0
663.2,2,0.0,0.014849156423516797,0.0
729.1,1,0.0,0.015602836577982861,0.0
742.0,1,0.0,0.015997498167760638,0.0
714.8,1,0.0,0.01587155120449283,0.0
634.4,1,0.0,0.014755512701934552,0.0
589.1,1,2.049901433906053e-05,0.005595250351906036,1.1469711719435531e-07
550.6,3,1.708251194921711e-05,0.005012814861438338,8.563146976973352e-08
524.5,2,3.074852150859079e-05,0.008802924734852885,2.7067692054812983e-07
477.9,2,6.833004779686843e-06,0.023929031574334805,1.6350718712070712e-07
473.9,2,1.3666009559373686e-05,0.02183982349484887,2.984632366556387e-07
402.1,3,0.00010249507169530265,0.0546118527726985,5.597445765351045e-06
411.1,2,0.0001400765979835803,0.08904903353617186,1.2473685671472704e-05
395.4,2,0.0002391551672890395,0.10425209603566447,2.493242746764235e-05
337.5,3,0.00032115122464528164,0.19219708128143984,6.172432802678314e-05
268.0,3,0.0002391551672890395,0.42016270920559146,0.00010048408300867928
321.9,3,0.00010591157408514608,0.18128930093798332,1.9200635227137563e-05
235.4,3,0.00010591157408514608,0.36384043809742633,3.8534913514727575e-05
329.4,3,3.758152628827764e-05,0.1927501028043145,7.2438430556085635e-06
407.6,3,0.00019474063622107503,0.09092254436827449,1.7706314137116696e-05
419.2,3,0.0004851433393577659,0.08081905399042412,3.9208825736649936e-05
375.1,5,0.0006286364397311896,0.11648979588966654,7.322973055309294e-05
309.5,5,0.00040314728200152377,0.3060661436574907,0.00012338973392820527
318.1,5,0.0007721295401046134,0.302802024578729,0.00023380238798071987
254.3,5,0.0005739724014936948,0.4289813677588669,0.0002462234658486067
223.3,6,0.0003006522103062211,0.4654375531569252,0.00013993482911614884
184.4,6,0.00040656378439136716,0.5402499988574223,0.0002196460840529054
155.9,7,0.00042022979395074086,0.5599051889186848,0.00023528884217124954
252.8,6,0.000478310334578079,0.433702597669693,0.00020744443459877284
291.2,5,0.0004988093489171396,0.32255323809340963,0.00016089257068448875
283.7,7,0.0012094418460045712,0.292395988059066,0.00035363594356248735
291.0,7,0.0007174655018671185,0.30753220356011196,0.0002206437467675566
277.3,7,0.0005808054062733817,0.37922698569818164,0.0002202570834982623
211.6,6,0.0005534733871546343,0.5367272554764887,0.0002970642520667829
245.4,6,0.00043047930112027113,0.5092917895702391,0.00021923957364048874
253.4,7,0.0003792317652726198,0.3540311735032884,0.0001342598668891892
289.7,6,0.0003963142772218369,0.25527607202250724,0.00010116955197562953
307.6,6,0.00010249507169530265,0.33832956134610453,3.467711264680928e-05
349.3,6,0.00019815713861091845,0.18365424352854887,3.6392399391370026e-05
267.6,6,0.0004919763441374527,0.37403971762619753,0.0001840186928399418
243.7,5,0.0004099802867812106,0.5422188109036201,0.00022229902359243318
186.3,6,0.0002084066457804487,0.5315122781409934,0.00011077069107848935
214.8,5,0.00013666009559373687,0.5320499354246253,7.270999503577083e-05
221.3,5,0.00013324359320389343,0.48424708076125417,6.452282103912548e-05
230.0,5,7.174655018671185e-05,0.4422537104872111,3.1730178034730224e-05
304.4,3,6.833004779686844e-05,0.33535612407837284,2.291489998724776e-05
281.9,3,7.516305257655528e-05,0.39422557015449017,2.9631197256544427e-05
249.0,3,0.00010932807647498949,0.4827934046253543,5.278287426250128e-05
192.2,3,0.00046806082740854875,0.6292778013118436,0.0002945402883518539
124.1,3,0.0006047209230022856,0.6835216451398638,0.0004133398401410192
0.0,3,0.00032798422942496847,0.7333282686547358,0.00024052010711026977
198.5,2,0.0001264105884242066,0.6262935418140281,7.917013514699173e-05
188.4,2,2.7332019118747372e-05,0.5218635718919047,1.4263585124327332e-05
261.1,2,5.808054062733817e-05,0.44304259767488674,2.57321535938977e-05
280.0,2,0.0004168132915608974,0.4244979950290989,0.00017693640656908018
385.7,1,0.00043389580351011457,0.15635739090525014,6.784281576157859e-05
458.3,1,4.7831033457807905e-05,0.08211266011058628,3.927533393059061e-06
496.1,1,6.833004779686843e-06,0.019924841419078524,1.3614653665106594e-07
569.0,1,0.0,0.0179885344118484,0.0
539.8,1,0.0,0.018575961496685146,0.0
598.2,1,0.0,0.017373529713071545,0.0
578.6,1,0.0,0.018413037040294945,0.0
586.5,1,0.0,0.01658194093973821,0.0
642.2,2,0.0,0.014849156423516797,0.0
712.4,1,0.0,0.01572678334154045,0.0
642.8,2,0.0,0.014849156423516797,0.0
824.1,0,0.0,0.018453659593487656,0.0
553.0,2,0.0,0.019966266074172352,0.0
596.4,1,0.0,0.01670686304640488,0.0
550.3,1,0.0,0.020366791715381204,0.0
632.0,1,0.0,0.01488960898717965,0.0
607.1,2,0.0,0.018155853665680743,0.0
640.9,2,0.0,0.014849156423516797,0.0
796.1,0,0.0,0.018453659593487656,0.0
706.2,1,0.0,0.014851783341540453,0.0
666.7,1,0.0,0.014616623813184551,0.0
656.3,1,0.0,0.014616623813184551,0.0
635.9,1,1.3666009559373686e-05,0.000651578092952584,8.90447244696849e-09
574.3,2,3.074852150859079e-05,0.006093043700362057,1.8735208527336634e-07
603.2,2,2.7332019118747372e-05,0.022353540412507467,6.109673939263461e-07
619.5,2,3.416502389843422e-05,0.0497815742381691,1.7007886735487244e-06
428.0,3,6.833004779686843e-06,0.18648012117947843,1.2742195593359578e-06
384.0,3,9.224556452577238e-05,0.11849785540114707,1.0930901566572158e-05
388.5,2,0.0002084066457804487,0.10640656586473635,2.2175835480886094e-05
316.3,2,0.00013666009559373687,0.2716472318356061,3.712333667042793e-05
329.2,2,0.0001434931003734237,0.19051235571046268,2.733720858033882e-05
259.1,2,0.00011616108125467634,0.43798629313895,5.087696138574806e-05
250.1,3,7.174655018671185e-05,0.47467422223942046,3.4056237908238995e-05
188.9,3,3.758152628827764e-05,0.5906161656686301,2.219625695635736e-05
260.7,3,3.758152628827764e-05,0.424236352709774,1.5943449641805397e-05
334.3,3,0.00017765812427185794,0.18600961539641178,3.3046119367856225e-05
371.3,3,0.00022890566011950924,0.1726747669676563,3.9526231518713794e-05
430.6,4,0.0005739724014936948,0.09884628499069097,5.673503957483705e-05
360.2,5,0.0007311315114264923,0.1365801187897741,9.985802868157741e-05
325.3,4,0.0003758152628827764,0.21997716975362233,8.267077787916671e-05
347.6,5,0.00026648718640778687,0.20748966347727743,5.5293336628758194e-05
315.3,5,0.0002357386648991961,0.28131625762141627,6.631711898611097e-05
195.5,8,0.00026648718640778687,0.440492133211937,0.00011738550921441314
234.1,7,0.00039973077961168033,0.4070449850421455,0.00016270840920792158
317.2,4,0.0003553162485437159,0.317270552682234,0.00011273138255244276
301.3,5,0.0004270627987304277,0.3675064653785614,0.00015694833965609547
244.3,6,0.0005193083632562001,0.4738678738753943,0.00024608354998192645
316.8,6,0.0008917071237491331,0.29067868736708585,0.0002592002562472776
315.8,6,0.0005363908752054172,0.2685401459899729,0.00014404248393535207
293.3,6,0.0006423024492905633,0.26683126174605093,0.0001713863729667799
313.6,6,0.0004475618130694882,0.29496442789887406,0.0001320148141414244
346.6,6,0.0003006522103062211,0.14719689934877825,4.425507313943254e-05
304.3,6,0.00045097831545933166,0.27730951387846675,0.00012506057742975708
393.7,5,0.00015032610515311055,0.13875783459409377,2.085892483400966e-05
402.3,4,0.0001400765979835803,0.09095278408171086,1.2740356571301192e-05
336.4,7,0.0005056423536968264,0.23034496067674695,0.00011647216807879325
289.5,6,0.0003109017174757514,0.3149978911757629,9.79333853677845e-05
215.1,7,0.00022548915772966583,0.31458247797556554,7.093493799522142e-05
241.3,5,0.00010932807647498949,0.4393396881854637,4.803216302843841e-05
216.9,5,5.1247535847651325e-05,0.45886255145864907,2.351557505502187e-05
249.7,5,1.0249507169530265e-05,0.31837445879077353,3.263181297971351e-06
339.5,3,4.4414531067964485e-05,0.20525132247774017,9.116141238928388e-06
286.5,3,6.149704301718158e-05,0.302175336600619,1.8582889673659592e-05
236.4,3,7.85795549663987e-05,0.40444159976675065,3.1780840919569605e-05
201.2,3,0.00011274457886483292,0.5954329204175535,6.713183385473464e-05
197.8,3,0.0008370430855116383,0.5435853144142225,0.00045500432881609486
229.3,3,0.0017082511949217108,0.548594562176585,0.000937137316365704
313.2,2,8.541255974608554e-05,0.28037422508267457,2.3947480251136378e-05
208.8,2,1.3666009559373686e-05,0.4235842362359485,5.788706221600474e-06
295.0,1,4.099802867812106e-05,0.33252916869394755,1.3633040394426217e-05
349.9,1,0.00011274457886483292,0.28896892143777675,3.257967935252713e-05
396.5,1,0.00015374260754295397,0.11942202930750502,1.836025418380689e-05
490.3,1,2.7332019118747372e-05,0.07678784521775704,2.0987668535791495e-06
544.2,1,6.833004779686844e-05,0.023077788525973048,1.5769063930257605e-06
635.6,1,1.0249507169530265e-05,0.008606109883179199,8.820838494941047e-08
608.0,1,0.0,0.018252802241126274,0.0
672.1,1,0.0,0.015739258439873782,0.0
804.8,0,0.0,0.018453659593487656,0.0
804.8,0,0.0,0.018453659593487656,0.0
602.3,2,0.0,0.02385606924057663,0.0
610.4,2,0.0,0.01648918699901408,0.0
648.9,2,0.0,0.014849156423516797,0.0
635.1,2,0.0,0.014988045312266796,0.0
573.6,2,0.0,0.017747887271328523,0.0
718.7,1,0.0,0.018405161853185838,0.0
668.2,1,0.0,0.014616623813184551,0.0
618.0,1,0.0,0.015995838327023712,0.0
720.2,2,0.0,0.025242494321487154,0.0
630.5,2,0.0,0.015122141597511893,0.0
921.6,0,0.0,0.018453659593487656,0.0
915.7,0,0.0,0.018453659593487656,0.0
567.7,2,0.0,0.018148688018075457,0.0
672.6,1,1.0249507169530265e-05,0.0009816537928702927,1.0061467588020643e-08
752.0,0,1.3666009559373686e-05,0.02767057842062778,3.781463892096985e-07
717.8,1,1.3666009559373686e-05,0.09258710724668599,1.2652962927079674e-06
527.0,3,1.0249507169530265e-05,0.0070197839687326374,7.194932611607878e-08
498.5,3,1.0249507169530265e-05,0.0399699472689959,4.096722610993201e-07
421.3,3,2.7332019118747372e-05,0.0851335254010866,2.326871143908864e-06
450.4,3,9.907856930545922e-05,0.043970184457110095,4.356502968107608e-06
344.0,2,9.566206691561581e-05,0.19149262229914096,1.8318580048227166e-05
265.4,2,0.00011957758364451976,0.4475114496395046,5.3512337801148157e-05
228.5,2,8.541255974608554e-05,0.5150449195515333,4.399130496311316e-05
215.3,3,0.00010591157408514608,0.5964561315678037,6.317160776708308e-05
171.9,2,2.7332019118747372e-05,0.558731775038344,1.5271267557599675e-05
146.5,3,6.833004779686844e-05,0.6286899620272525,4.2958415154733566e-05
270.9,3,6.833004779686844e-05,0.43687232905140444,2.98515071252117e-05
342.1,3,0.0001742416218820145,0.21194774970274535,3.693011966244961e-05
343.6,4,0.00010591157408514608,0.1843820391377111,1.952819199810399e-05
359.9,4,0.0004919763441374527,0.19637280536080456,9.66107748694242e-05
465.8,5,0.0006354694445108764,0.05108770649365288,3.2464676466856285e-05
404.3,5,0.00022548915772966583,0.11689298018782937,2.635809964706416e-05
344.5,4,0.00027332019118747375,0.1706901713223317,4.6653070259642344e-05
281.9,7,0.00021182314817029215,0.27441199257792304,5.81268121635385e-05
251.7,7,0.00025965418162810004,0.27191122292850073,7.060288606499573e-05
283.5,8,0.0003314007318148119,0.27211728141629576,9.017986620081753e-05
235.0,7,0.00030748521508590793,0.391054589136941,0.00012024350445110367
230.4,6,0.0003792317652726198,0.4679963434045811,0.00017747907945045048
206.2,6,0.00043047930112027113,0.5338743004981689,0.00022982183576452536
263.4,5,0.0008438760902913251,0.4233349819956307,0.00035724226949002136
250.4,6,0.0003621492533234027,0.43804174616796027,0.00015863649129920632
365.5,5,0.00030406871269606455,0.1945611491074145,5.91599581497586e-05
347.2,7,0.0003621492533234027,0.1697774958713146,6.148479336091366e-05
389.4,7,0.0005603063919343212,0.13249706497718952,7.423895241925637e-05
393.2,6,0.0006218034349515027,0.14052722545381638,8.738031149138727e-05
577.6,2,0.00014690960276326714,0.041003241552892394,6.023769928541711e-06
403.0,7,9.224556452577238e-05,0.1280755459166646,1.1814401035029208e-05
354.6,7,0.00022207265533982242,0.1856032840991659,4.121741413969321e-05
314.4,7,0.00024257166967888295,0.2193454523989738,5.3206992624889015e-05
320.9,6,0.00012982709081405002,0.2290875736027589,2.9741773222495748e-05
372.3,6,6.149704301718158e-05,0.09589871519504513,5.8974874136421355e-06
246.1,5,0.00012299408603436317,0.32867796365689567,4.042544573961552e-05
345.0,4,0.00011274457886483292,0.08537252614378663,9.625289506708161e-06
362.0,4,4.7831033457807905e-05,0.0857710672184109,4.102518785835703e-06
424.3,2,7.174655018671185e-05,0.07236067745767298,5.1916289767614035e-06
328.1,2,6.149704301718158e-05,0.20391103098199923,1.2539925443977854e-05
231.8,3,0.00021182314817029215,0.5566592387406496,0.00011791331240812265
266.1,2,0.00027332019118747375,0.39158339523312763,0.00010702764845095854
235.3,3,0.0006628014636296238,0.6063227915089109,0.0004018716336441054
304.8,2,0.00022548915772966583,0.35192353516719554,7.935494153009736e-05
207.6,2,6.149704301718158e-05,0.5692886590993163,3.5009569157824274e-05
261.1,2,6.833004779686843e-06,0.2812256457675924,1.9216161817004777e-06
312.1,2,1.3666009559373686e-05,0.23468380178560339,3.2071910786322152e-06
464.7,1,5.1247535847651325e-05,0.027550489420422822,1.4118946941934572e-06
527.5,1,3.758152628827764e-05,0.012559258202097176,4.7199609228338155e-07
583.2,1,1.3666009559373686e-05,0.004815520866122677,6.580895418979597e-08
609.5,1,0.0,0.018252802241126274,0.0
647.5,1,0.0,0.014616623813184551,0.0
581.9,1,0.0,0.018754761566395575,0.0
677.4,1,0.0,0.01515092864154045,0.0
725.9,1,0.0,0.015602836577982861,0.0
583.7,2,0.0,0.0176180049891448,0.0
686.3,2,0.0,0.01482790569520603,0.0
697.6,1,0.0,0.014595373084873785,0.0
630.7,2,0.0,0.015122141597511893,0.0
633.2,2,0.0,0.014988045312266796,0.0
697.3,2,0.0,0.01482790569520603,0.0
747.6,0,0.0,0.01762316398945737,0.0
743.9,1,0.0,0.016978185956590865,0.0
753.0,0,0.0,0.017146973512790705,0.0
1005.6,0,0.0,0.018453659593487656,0.0
775.9,0,0.0,0.01915152494682099,0.0
773.6,0,6.833004779686843e-06,0.02235100710377799,1.5272453837092958e-07
745.5,1,3.4165023898434215e-06,0.0021377675979232184,7.303688107234506e-09
961.6,0,2.049901433906053e-05,0.0005236145393400646,1.0733581950072559e-08
701.6,2,2.3915516728903952e-05,0.002151002746974929,5.1442342179197266e-08
677.3,2,1.0249507169530265e-05,0.007256604767409273,7.437662259000884e-08
593.6,2,6.833004779686843e-06,0.012014337054817553,8.209402252033709e-08
507.5,3,5.1247535847651325e-05,0.03136182375236077,1.6072161869968313e-06
476.8,2,6.149704301718158e-05,0.024754701339483143,1.5223409331516775e-06
543.9,2,4.7831033457807905e-05,0.01449695748219362,6.934044583672217e-07
442.4,2,9.224556452577238e-05,0.027111655977141352,2.500930010839935e-06
252.5,2,5.808054062733817e-05,0.401213204747149,2.3302679838541336e-05
151.4,3,9.566206691561581e-05,0.6523664546534385,6.240672343856028e-05
180.3,2,0.00010249507169530265,0.5616560623764083,5.7566978381371346e-05
115.6,3,6.491354540702501e-05,0.5222993398370758,3.390430191257321e-05
115.1,4,5.808054062733817e-05,0.5824142515709578,3.3826934600307773e-05
205.8,3,6.149704301718158e-05,0.6233999775108523,3.8337255233894914e-05
255.4,5,0.00019132413383123162,0.3738860682881122,7.153342816678779e-05
328.9,4,0.00014690960276326714,0.12573699069417824,1.8471971355530342e-05
387.5,4,0.00011957758364451976,0.09518867817155155,1.1382432126069977e-05
437.8,5,0.00010249507169530265,0.06071934305635085,6.223433419852357e-06
405.9,5,0.00015374260754295397,0.09071880931649004,1.3947346297509205e-05
353.7,6,0.0001879076314413882,0.15682127309496646,2.9467913986898248e-05
326.8,5,0.00019474063622107503,0.21170779903128983,4.122811147631687e-05
316.1,6,0.0002630706840179435,0.3004780158123865,7.904695715211894e-05
289.1,6,0.0003963142772218369,0.29008296772614983,0.0001149640216887545
304.8,4,0.00016740861710232767,0.3580429688258289,5.993947827434384e-05
158.6,4,0.0003006522103062211,0.673278851831708,0.00020242277495563775
149.2,6,0.00027332019118747375,0.5658812802971455,0.00015466677972022822
190.0,5,0.00036898225810308953,0.6258692107122682,0.00023093463464581108
255.9,5,0.0004236462963405843,0.44294910114860614,0.00018765374616899785
319.9,5,0.0003314007318148119,0.339839073156822,0.00011262291754343821
394.8,6,0.0003006522103062211,0.1438529735200374,4.324971444792154e-05
358.6,7,0.0005227248656460435,0.179817341284645,9.39949955638448e-05
408.0,7,0.0005705558991038514,0.12288346372216351,7.01118851289945e-05
430.2,6,0.00029723570791637767,0.09355361772762986,2.780747579341024e-05
363.9,8,0.00022207265533982242,0.21237826914916455,4.716340616643046e-05
435.4,6,0.0005739724014936948,0.09820773596483026,5.636853005699232e-05
369.1,6,0.0002084066457804487,0.17891835131733,3.7287773466612675e-05
355.8,7,9.566206691561581e-05,0.13132290053587667,1.2562620098615793e-05
353.3,6,5.4664038237494744e-05,0.09009122287642683,4.924750052179658e-06
299.2,4,0.0001264105884242066,0.3590567908644057,4.5388580210876814e-05
330.7,4,0.0003416502389843422,0.10230046323432694,3.495097771221671e-05
333.9,4,8.199605735624212e-05,0.11110720465884744,9.110352725898586e-06
372.1,2,7.85795549663987e-05,0.1364213328112147,1.0719927620228218e-05
335.7,2,0.0003963142772218369,0.2078534872175908,8.237530455467782e-05
299.1,3,0.000283569698357004,0.3670931982502603,0.0001040965074967342
321.0,2,0.0002699036887976303,0.24253787119058245,6.546186610746272e-05
310.9,2,0.00022890566011950924,0.2516004882835173,5.7592775856929375e-05
313.5,2,0.0003245677270351251,0.24764210636458803,8.037663558094502e-05
302.4,2,3.074852150859079e-05,0.16084062716544753,4.945611483851996e-06
256.2,2,0.0,0.42168504922984973,0.0
387.5,1,1.0249507169530265e-05,0.04757217099712695,4.875913077051724e-07
396.4,1,1.708251194921711e-05,0.053641360732994435,9.163291856936429e-07
458.8,1,2.049901433906053e-05,0.03319429187508286,6.80450265122284e-07
509.4,1,3.4165023898434215e-06,0.0028090741428156317,9.597208522176967e-09
810.0,0,0.0,0.018453659593487656,0.0
788.5,0,0.0,0.01915152494682099,0.0
548.1,1,0.0,0.020366791715381204,0.0
495.4,1,0.0,0.02796049374780741,0.0
609.6,2,0.0,0.018155853665680743,0.0
540.4,1,0.0,0.018575961496685146,0.0
761.5,0,0.0,0.018292913074720533,0.0
670.6,2,0.0,0.015435174887630273,0.0
834.6,0,0.0,0.018453659593487656,0.0
685.3,2,0.0,0.01482790569520603,0.0
762.8,0,0.0,0.018292913074720533,0.0
762.8,0,0.0,0.018292913074720533,0.0
782.7,0,0.0,0.01915152494682099,0.0
782.7,0,0.0,0.01915152494682099,0.0
880.9,0,0.0,0.018453659593487656,0.0
798.1,0,6.833004779686843e-06,0.00023684775141329152,1.6183818174651023e-09
767.3,0,0.0,0.01915152494682099,0.0
786.4,0,0.0,0.01915152494682099,0.0
651.8,2,0.0,0.014849156423516797,0.0
989.7,0,1.0249507169530265e-05,0.0008573568840098409,8.787485529504992e-09
668.4,2,2.3915516728903952e-05,0.004608986808696997,1.1022630112669068e-07
574.9,2,5.4664038237494744e-05,0.02029358089495377,1.1093290820174456e-06
472.7,1,5.1247535847651325e-05,0.025124088916636533,1.2875476473949102e-06
432.4,1,5.1247535847651325e-05,0.06767300394167423,3.4680746954191997e-06
446.8,1,4.4414531067964485e-05,0.05126730304588432,2.277013223902179e-06
361.2,2,1.708251194921711e-05,0.12569175094392637,2.1471308374176433e-06
268.4,3,6.149704301718158e-05,0.4591096145637336,2.8233883716427583e-05
170.4,3,8.541255974608554e-05,0.576749552208872,4.9261655586568364e-05
86.4,3,7.85795549663987e-05,0.6240346176442485,4.9036362538111825e-05
0.0,3,0.00012299408603436317,0.7047157002956494,8.66758634719296e-05
203.4,4,7.85795549663987e-05,0.6153728264860124,4.8355722843685746e-05
238.2,4,4.4414531067964485e-05,0.5299364964134557,2.353688098400368e-05
258.1,4,5.4664038237494744e-05,0.42362876190809706,2.3157258839446776e-05
345.1,4,0.00011957758364451976,0.12269320527917416,1.467135701688468e-05
442.2,5,0.00018449112905154477,0.058613966578550815,1.081375687226635e-05
470.3,5,0.00015374260754295397,0.04842129194649998,7.444415684453544e-06
544.8,5,0.0001742416218820145,0.04178744536795346,7.281112255218285e-06
366.0,6,0.00016740861710232767,0.1688738627393134,2.827093982591676e-05
324.1,6,0.0002699036887976303,0.20728271616779215,5.5946369717679306e-05
325.8,6,0.00021865615294997898,0.3179025048992755,6.951133873443742e-05
290.6,5,0.00016399211471248423,0.33971161182424986,5.57100256154453e-05
235.0,4,0.0002357386648991961,0.542159520852937,0.0001278079616082592
218.8,5,0.00042022979395074086,0.5403716813808698,0.0002270802803234983
136.9,4,0.0006218034349515027,0.6682875027469788,0.00041554346474323325
137.9,6,0.00046122782262886193,0.6801182924115254,0.0003136894791390275
248.2,6,0.0004714773297983922,0.440621084488265,0.00020774285236739893
332.2,5,0.0003860647700523067,0.2597322118347009,0.00010027345663714081
338.6,6,0.00046122782262886193,0.21105326770773594,9.734363912354534e-05
395.3,7,0.0003758152628827764,0.12770917255401712,4.7995056255929796e-05
485.5,5,0.00015032610515311055,0.04283029864607287,6.438511978008679e-06
533.6,5,0.00015374260754295397,0.029277438003770088,4.5011896608767905e-06
435.4,6,0.0004714773297983922,0.10604578070684718,4.9998181524050163e-05
487.6,5,0.0006867169803585277,0.04984336292965263,3.422828368196523e-05
413.5,7,0.0002562376792382566,0.10768081350053571,2.75918817498648e-05
490.1,5,0.00018107462666170135,0.051101643814711224,9.253211075548075e-06
421.2,2,8.882906213592897e-05,0.06014882418422411,5.342963640863511e-06
452.9,2,8.541255974608554e-05,0.05553031823582606,4.7429866240366375e-06
452.9,2,4.4414531067964485e-05,0.051774251859119436,2.2995291177174782e-06
427.2,2,3.416502389843422e-05,0.058099278965204997,1.9849632543280253e-06
378.9,2,7.174655018671185e-05,0.08618051972258087,6.183154983393058e-06
376.1,2,0.00029040270313669084,0.13337362586699594,3.8732061478917295e-05
470.1,2,0.00021865615294997898,0.04779404961257184,1.0450463022185392e-05
392.2,2,0.0007106324970874318,0.10955119441079414,7.785063884305334e-05
366.3,2,0.00014690960276326714,0.14601712057405758,2.145131718017088e-05
347.0,2,2.3915516728903952e-05,0.12206546606989409,2.91925869581601e-06
353.0,2,3.4165023898434215e-06,0.09362812418408453,3.1988071003148147e-07
908.9,0,3.4165023898434215e-06,0.0002056447994245039,7.025859486926886e-10
424.6,2,1.0249507169530265e-05,0.1371627413318367,1.4058505006730854e-06
409.4,1,1.3666009559373686e-05,0.14738796296267387,2.0142053107845157e-06
370.1,1,6.833004779686843e-06,0.13830850950715412,9.450627065337473e-07
562.8,1,0.0,0.020804922089665265,0.0
478.7,1,0.0,0.03819613686853197,0.0
445.6,1,0.0,0.049386398648987216,0.0
462.8,1,0.0,0.045398323201836656,0.0
535.4,1,0.0,0.01861809512895943,0.0
523.4,2,0.0,0.018425310684234305,0.0
778.8,0,0.0,0.01915152494682099,0.0
738.6,1,0.0,0.015997498167760638,0.0
659.5,2,0.0,0.014849156423516797,0.0
742.3,1,0.0,0.015997498167760638,0.0
795.2,0,0.0,0.018453659593487656,0.0
972.2,0,0.0,0.018453659593487656,0.0
979.7,0,0.0,0.018453659593487656,0.0
859.6,0,0.0,0.018453659593487656,0.0
858.4,0,0.0,0.018453659593487656,0.0
826.0,0,3.4165023898434215e-06,0.0002056447994245039,7.025859486926886e-10
798.1,0,6.833004779686843e-06,0.005252304831329432,3.5889024016846306e-08
868.5,0,2.049901433906053e-05,0.0057533009251637115,1.1793699816186113e-07
628.5,2,1.0249507169530265e-05,0.01489324686352752,1.5264844050530943e-07
651.3,2,0.0,0.014849156423516797,0.0
561.3,2,3.4165023898434215e-06,0.0003276991640799919,1.1195849772289839e-09
531.8,2,3.416502389843422e-05,0.027566686862372968,9.41816515453625e-07
531.2,2,2.7332019118747372e-05,0.007446179364407476,2.035191167496073e-07
450.7,2,6.149704301718158e-05,0.024359241768513146,1.4980213389041793e-06
433.1,1,0.00010249507169530265,0.053209348830274936,5.453696023219398e-06
352.2,1,0.00016399211471248423,0.10728220100168322,1.7593435013275824e-05
290.0,2,3.074852150859079e-05,0.3048440562909349,9.373504021627875e-06
266.2,2,4.4414531067964485e-05,0.44195145853451623,1.962906678561349e-05
196.5,3,0.0001264105884242066,0.5385160130011689,6.807412607933546e-05
133.6,3,0.00024598817206872634,0.6525094280005831,0.00016050960145147364
199.1,4,0.00030748521508590793,0.580478136969481,0.000178488444798728
257.0,3,0.0001571591099327974,0.4163047456452246,6.542608328640312e-05
282.2,4,6.149704301718158e-05,0.3784748337989426,2.3275083135054223e-05
306.0,4,2.7332019118747372e-05,0.24524766550626198,6.703113882445313e-06
361.6,5,7.174655018671185e-05,0.10480355075703868,7.519293214135478e-06
419.7,4,0.00021523965056013556,0.059264995859013916,1.2756176999142037e-05
406.0,5,0.000283569698357004,0.07662676470105508,2.172902855235131e-05
418.8,5,0.0003109017174757514,0.06854209441103648,2.130985487177634e-05
374.0,5,0.00025965418162810004,0.1337050523514922,3.471707594786898e-05
410.1,5,0.0002801531959671606,0.08875838182467378,2.48659443370559e-05
338.3,6,0.0002528211768484132,0.25964118195038405,6.564278917900908e-05
332.8,5,0.00026648718640778687,0.3084800148917683,8.220597123153953e-05
168.7,5,0.00033481723420465535,0.6875972731215891,0.0002302194172332335
133.7,5,0.00035189974615387244,0.6795369622273878,0.00023912888450999136
0.0,5,0.0005808054062733817,0.7419155463375545,0.0004309085603111213
163.6,5,0.0005466403823749475,0.686322390366481,0.0003751715339024212
288.4,4,0.00032115122464528164,0.34187973108215675,0.0001097950943184342
310.9,5,0.0003143182198655948,0.27546361414128495,8.658323283463178e-05
404.4,6,0.00041339678917105404,0.10907860418871411,4.50927447388747e-05
452.4,5,0.00044414531067964484,0.06134207266724259,2.724479392252581e-05
448.0,5,9.566206691561581e-05,0.06236538925586077,5.966002040212581e-06
454.6,8,0.00015374260754295397,0.06969998892781398,1.0715858043477143e-05
501.0,4,0.00026648718640778687,0.04164958395527902,1.1099080443297209e-05
507.5,4,0.0003245677270351251,0.04052956940930645,1.3154590220890931e-05
500.4,3,0.00022548915772966583,0.04226489266988314,9.530275049666677e-06
488.5,5,0.0001571591099327974,0.0438642652273268,6.8936688809828356e-06
397.5,3,0.00010932807647498949,0.06976780247048202,7.6275796439848185e-06
372.4,4,4.099802867812106e-05,0.10610292924744467,4.3500109361193865e-06
404.7,3,1.3666009559373686e-05,0.06514186718066156,8.902293796063719e-07
450.0,2,1.708251194921711e-05,0.041473947395010355,7.084792019564662e-07
417.2,2,2.049901433906053e-05,0.061440240444541036,1.2594643698679733e-06
437.9,2,3.4165023898434215e-06,0.0936075140183271,3.1981029535091613e-07
413.9,2,6.149704301718158e-05,0.16198857343797046,9.961818269006748e-06
459.4,2,0.00023232216250935268,0.0630553680873965,1.464915947188718e-05
443.4,1,9.907856930545922e-05,0.07620765375501663,7.550545304172855e-06
370.1,2,3.074852150859079e-05,0.10309580075015012,3.1700434468113817e-06
375.8,2,6.833004779686843e-06,0.09458506481723736,6.463001999831727e-07
393.8,2,0.0,0.31322206021221133,0.0
347.0,1,0.0,0.16535514672884052,0.0
340.6,1,0.0,0.15033156736486694,0.0
438.2,1,0.0,0.04808872662829659,0.0
698.1,1,0.0,0.014595373084873785,0.0
714.7,1,0.0,0.01587155120449283,0.0
581.2,1,0.0,0.018754761566395575,0.0
705.7,1,0.0,0.014851783341540453,0.0
791.9,0,0.0,0.01915152494682099,0.0
833.2,0,0.0,0.018453659593487656,0.0
796.2,0,0.0,0.018453659593487656,0.0
734.8,1,0.0,0.015602836577982861,0.0
788.2,0,0.0,0.01915152494682099,0.0
779.8,0,0.0,0.01915152494682099,0.0
840.5,0,0.0,0.018453659593487656,0.0
961.8,0,0.0,0.018453659593487656,0.0
976.9,0,0.0,0.018453659593487656,0.0
828.9,0,0.0,0.018453659593487656,0.0
820.1,0,0.0,0.018453659593487656,0.0
769.4,0,1.3666009559373686e-05,0.0010762071877411209,1.4707457715536828e-08
723.0,1,4.4414531067964485e-05,0.00946844590711369,4.205365849068422e-07
692.2,2,2.3915516728903952e-05,0.007913547282396212,1.8925657241711901e-07
634.5,2,1.0249507169530265e-05,0.005711222394713982,5.8537214881402764e-08
610.7,2,1.708251194921711e-05,0.06283165984519705,1.0733225800947234e-06
596.0,2,1.0249507169530265e-05,0.003873819528549361,3.970474103133302e-08
568.7,2,0.0,0.01758800877063956,0.0
746.2,0,0.0,0.01762316398945737,0.0
533.5,2,1.3666009559373686e-05,0.007945965028481739,1.0858963403768045e-07
423.1,3,2.049901433906053e-05,0.18156583147240593,3.7219205828362966e-06
394.9,1,6.833004779686844e-05,0.07967095921907835,5.44392045146198e-06
353.6,2,6.491354540702501e-05,0.12886482058804552,8.365072382610224e-06
284.7,1,3.758152628827764e-05,0.28912552994296514,1.0865778704163748e-05
197.0,3,0.00010249507169530265,0.5751543458792687,5.895048591676055e-05
223.5,2,0.0006047209230022856,0.5448353227049978,0.0003294733192304144
149.0,3,0.0012538563770725358,0.6949825477119734,0.0008714082994027757
231.3,3,0.0006525519564600935,0.5999480088976531,0.00039149724698050114
219.7,4,0.0001742416218820145,0.5518163461140994,9.614937512792773e-05
308.1,4,0.00010932807647498949,0.22820033834770806,2.49487040424967e-05
371.5,4,2.7332019118747372e-05,0.08599032156823953,2.3502891131303575e-06
493.7,2,6.833004779686844e-05,0.05127289771296358,3.503479551410748e-06
461.1,5,8.199605735624212e-05,0.05772402850169913,4.7331427518586765e-06
426.3,5,0.00016399211471248423,0.06856812913246392,1.1244632498311455e-05
445.7,5,0.0003553162485437159,0.06098882443016008,2.167032029961581e-05
381.6,5,0.00014690960276326714,0.12273292360305964,1.8030645052499905e-05
310.6,5,0.00021523965056013556,0.3133111837109561,6.743698969852864e-05
232.2,6,0.0006662179660194672,0.38750657394018473,0.00025816384150960213
183.3,5,0.0003792317652726198,0.5858576366715557,0.00022217582575339916
116.8,5,0.00022207265533982242,0.689121498227416,0.000153035040963119
88.2,5,0.0002869862007468474,0.7304190911808294,0.00020962019993095134
171.3,5,0.0005158918608663567,0.6810255686335783,0.00035133554789994545
240.4,5,0.00029040270313669084,0.37726160523335545,0.00010955778994945357
282.5,4,0.0003314007318148119,0.37961625837468743,0.00012580510583417215
368.2,5,0.000283569698357004,0.23239745475128623,6.590087614275773e-05
412.4,5,0.00025965418162810004,0.10074391342775489,2.6158578395095856e-05
544.5,5,8.882906213592897e-05,0.04405893855152985,3.913714190236921e-06
555.0,4,0.0001879076314413882,0.03564544837433767,6.698051775688073e-06
491.2,2,0.00010591157408514608,0.036876419555902984,3.9056396417899485e-06
568.2,3,0.00019474063622107503,0.042706863703303705,8.3167618085881e-06
515.0,4,0.00015032610515311055,0.040436326661641285,6.078635493743416e-06
538.9,3,0.00011957758364451976,0.03375040186658849,4.03579150223814e-06
454.9,4,0.00011274457886483292,0.043202785972099485,4.870879910211868e-06
501.3,3,2.7332019118747372e-05,0.02766555056119748,7.561553568693217e-07
568.7,3,3.4165023898434215e-06,0.06714574290538458,2.294035911040584e-07
521.2,3,3.4165023898434215e-06,0.004413072359068677,1.5077272261310082e-08
513.8,2,3.4165023898434215e-06,0.0018411781112104065,6.2903894170777505e-09
477.0,2,1.0249507169530265e-05,0.0030727478276814245,3.14941508899793e-08
522.8,2,3.4165023898434215e-06,0.009261680048342925,3.164255201912874e-08
515.2,2,4.7831033457807905e-05,0.01057801867026092,5.059575649345667e-07
549.4,1,2.3915516728903952e-05,0.012546541587493019,3.0005702522557844e-07
969.2,0,3.4165023898434215e-06,0.014332760297913302,4.8967909810873706e-08
405.0,2,3.4165023898434215e-06,0.1794508191894515,6.130941526201207e-07
380.3,1,0.0,0.27935547520305554,0.0
386.7,1,0.0,0.29972961632063533,0.0
416.6,1,0.0,0.24940017279475232,0.0
414.5,1,0.0,0.25721559542447464,0.0
800.9,0,0.0,0.018453659593487656,0.0
605.1,1,0.0,0.01959539483371887,0.0
623.6,1,0.0,0.015200752248690377,0.0
687.4,1,0.0,0.014595373084873785,0.0
816.6,0,0.0,0.018453659593487656,0.0
867.2,0,0.0,0.018453659593487656,0.0
736.1,1,0.0,0.015602836577982861,0.0
729.8,2,0.0,0.01583536918831511,0.0
771.9,0,0.0,0.01915152494682099,0.0
837.7,0,0.0,0.018453659593487656,0.0
868.2,0,0.0,0.018453659593487656,0.0
942.2,0,0.0,0.018453659593487656,0.0
901.5,0,0.0,0.018453659593487656,0.0
844.5,0,0.0,0.018453659593487656,0.0
958.1,0,0.0,0.018453659593487656,0.0
781.3,0,0.0,0.01915152494682099,0.0
762.5,0,6.833004779686843e-06,0.0002056447994245039,1.4051718973853772e-09
812.1,0,0.0,0.018453659593487656,0.0
753.6,0,0.0,0.017146973512790705,0.0
597.8,2,3.4165023898434215e-06,0.00032267270905618245,1.1024120816276984e-09
598.4,2,1.3666009559373686e-05,0.024076655076444773,3.2903179843243725e-07
548.1,2,2.049901433906053e-05,0.006182432108008837,1.2673376443234136e-07
621.6,1,3.4165023898434215e-06,0.005917028030135114,2.021554040572713e-08
526.4,2,3.4165023898434215e-06,0.00594818673762942,2.0321994204345858e-08
504.6,2,3.4165023898434215e-06,0.010836782319645091,3.7023892693280393e-08
394.9,3,2.049901433906053e-05,0.033406976929190604,6.848100990961425e-07
331.2,2,1.708251194921711e-05,0.1121909228286088,1.9165027798134047e-06
270.1,2,2.7332019118747372e-05,0.1947321856404578,5.322423820960455e-06
343.0,1,8.199605735624212e-05,0.23780694658038778,1.949923203151828e-05
248.6,2,0.00025965418162810004,0.4664038037133394,0.00012110369796142014
271.9,2,0.0007892120520538304,0.43700472222928927,0.0003448893935877915
206.9,4,0.0005978879182225988,0.5790094215420136,0.0003461827376770257
279.3,4,0.0002699036887976303,0.36614457546643664,9.882377155163358e-05
324.9,4,0.00014690960276326714,0.12191602021605213,1.7910634100418667e-05
615.8,2,2.7332019118747372e-05,0.07046350857121302,1.9259099634424137e-06
671.0,2,2.049901433906053e-05,0.03252133323799849,6.666552763710968e-07
500.9,5,7.85795549663987e-05,0.04194733198319361,3.2962026792671364e-06
521.5,4,0.00012982709081405002,0.044902744899627096,5.8295927398840086e-06
423.1,5,0.00010932807647498949,0.060188135702611056,6.580253102982107e-06
464.7,5,0.00010932807647498949,0.043346498727873155,4.738989327843951e-06
489.6,5,0.00022207265533982242,0.04631055225826444,1.0284307310246395e-05
351.1,4,0.00036898225810308953,0.17395721495220462,6.418712598638899e-05
329.7,5,0.0002528211768484132,0.24503068327418723,6.194894570935082e-05
226.9,5,0.0001742416218820145,0.4755011477953302,8.285209119861782e-05
167.8,5,0.00039973077961168033,0.6763805826716927,0.00027037013762555833
172.5,5,0.0005227248656460435,0.619504707647449,0.0003238305150721042
223.4,5,0.0003450667413741856,0.3355627948921043,0.00011579156015983264
346.1,4,0.00033481723420465535,0.20614973775329154,6.902248502657209e-05
339.6,4,0.00032115122464528164,0.22992755041252386,7.384151439467177e-05
404.4,5,0.00022890566011950924,0.10769704486501147,2.4652463147745853e-05
419.1,5,0.00011616108125467634,0.06452014359515013,7.494729642719619e-06
553.4,4,0.0001708251194921711,0.042841316128860656,7.318372946914498e-06
473.7,2,6.833004779686844e-05,0.03335154691197859,2.278912794594997e-06
661.9,2,5.4664038237494744e-05,0.03177206146267473,1.7367891826796846e-06
639.0,3,2.049901433906053e-05,0.03713106736997817,7.611502824418051e-07
510.5,4,8.541255974608554e-05,0.046530572560551854,3.9742953088477035e-06
437.5,3,7.174655018671185e-05,0.03212067023410785,2.30454727898224e-06
519.9,3,2.7332019118747372e-05,0.06772580322793158,1.8510829486583484e-06
802.2,0,6.833004779686843e-06,0.011186342010066222,7.643632842199422e-08
711.5,1,0.0,0.01572678334154045,0.0
641.9,2,3.4165023898434215e-06,0.0007048091194358633,2.4079820409360642e-09
581.8,2,6.833004779686843e-06,0.0009680950875571175,6.6149983604691365e-09
644.8,2,1.708251194921711e-05,0.0006338637863747723,1.082798570492305e-08
592.0,1,2.049901433906053e-05,0.0006892749539408736,1.4129457164389253e-08
693.6,2,6.833004779686843e-06,0.0017722068768796654,1.2109498060312646e-08
607.3,1,1.708251194921711e-05,0.0037989634135850896,6.489583790720591e-08
439.1,1,0.0,0.04793293683986121,0.0
421.7,1,0.0,0.23760481914380516,0.0
459.9,1,0.0,0.04798819310312702,0.0
453.2,1,0.0,0.04988674222596108,0.0
425.3,1,0.0,0.2200465714754767,0.0
390.1,1,0.0,0.30159637629687297,0.0
529.9,1,0.0,0.018825836325443147,0.0
577.4,1,0.0,0.017913037040294944,0.0
657.2,1,0.0,0.014616623813184551,0.0
795.6,0,0.0,0.018453659593487656,0.0
844.2,0,0.0,0.018453659593487656,0.0
774.5,0,0.0,0.01915152494682099,0.0
744.5,1,0.0,0.016978185956590865,0.0
872.8,0,0.0,0.018453659593487656,0.0
1054.7,0,0.0,0.018453659593487656,0.0
924.9,0,0.0,0.018453659593487656,0.0
855.3,0,0.0,0.018453659593487656,0.0
1023.2,0,0.0,0.018453659593487656,0.0
907.3,0,0.0,0.018453659593487656,0.0
977.7,0,0.0,0.018453659593487656,0.0
855.4,0,0.0,0.018453659593487656,0.0
848.6,0,0.0,0.018453659593487656,0.0
714.7,1,0.0,0.01587155120449283,0.0
689.6,1,0.0,0.014595373084873785,0.0
693.7,1,3.4165023898434215e-06,0.0009926539635571846,3.391404638780666e-09
633.1,2,1.0249507169530265e-05,0.017996738057537216,1.8445769574888587e-07
561.2,2,5.1247535847651325e-05,0.020544548750895304,1.0528574985853274e-06
567.0,2,8.882906213592897e-05,0.020250995033848408,1.7988768961761093e-06
471.1,2,0.00011274457886483292,0.023211527504634993,2.616973893319558e-06
411.6,2,1.708251194921711e-05,0.029416643947775333,5.025101717437373e-07
504.9,2,3.4165023898434215e-06,0.003942032005597087,1.3467961767961703e-08
605.9,2,2.3915516728903952e-05,0.007856789409786851,1.8789917856523286e-07
398.8,1,3.074852150859079e-05,0.18062994857447243,5.554103858837814e-06
415.8,2,5.1247535847651325e-05,0.07935797337999952,4.0669005855884845e-06
280.3,3,6.833004779686844e-05,0.3988594364271102,2.7254084355296447e-05
281.7,3,0.00014690960276326714,0.39639967127460435,5.82349182424418e-05
273.7,3,0.00018449112905154477,0.38640700052059124,7.128866379946472e-05
410.1,2,0.00016399211471248423,0.08124632867759328,1.3323757252464074e-05
399.1,4,0.0001400765979835803,0.07026959412252755,9.843125686370647e-06
406.7,5,7.85795549663987e-05,0.10006466285945076,7.863036675358365e-06
787.2,0,1.3666009559373686e-05,0.037066061490089314,5.065451506518934e-07
641.1,2,5.808054062733817e-05,0.019312445551944925,1.1216772784929937e-06
479.3,5,5.1247535847651325e-05,0.13841683318717898,7.0935216206783286e-06
370.8,5,6.491354540702501e-05,0.07087940865472828,4.601033712131786e-06
504.3,5,3.074852150859079e-05,0.030323096138520852,9.323903738223748e-07
495.1,5,0.00010591157408514608,0.046410905035201414,4.915452006994414e-06
801.1,0,0.00013324359320389343,0.1706500140238873,2.273802104883755e-05
332.4,4,0.00013666009559373687,0.14931011483138457,2.0404734565968846e-05
214.6,5,0.00024257166967888295,0.4799860110011258,0.00011643100811104977
233.6,5,0.0004168132915608974,0.5074878374410896,0.0002115276759509422
223.8,5,0.00044414531067964484,0.49318229700306887,0.0002190446045241289
240.3,5,0.00045097831545933166,0.3494826578661061,0.00015760910032670648
475.0,3,0.0006457189516804067,0.07082583612537914,4.573358465476809e-05
402.4,4,0.0005056423536968264,0.12201453695047813,6.169571764886816e-05
299.6,5,0.00039973077961168033,0.34093532277949845,0.0001362823423718088
389.8,4,0.00011616108125467634,0.1222053789621596,1.4195508955381938e-05
422.7,4,0.00018107462666170135,0.06352595666459934,1.1502938886369745e-05
518.5,7,6.149704301718158e-05,0.024636347137576394,1.515062499705754e-06
673.4,2,6.833004779686843e-06,0.02427232020671457,1.658528799865702e-07
558.4,5,5.1247535847651325e-05,0.012631712333220918,6.473441306139583e-07
814.0,0,2.049901433906053e-05,0.02701924637698284,5.538679189123805e-07
656.6,1,4.099802867812106e-05,0.009631013705054505,3.9485257607920154e-07
715.0,1,1.0249507169530265e-05,0.04715895103466443,4.833560067373197e-07
640.6,1,2.3915516728903952e-05,0.029445625234650646,7.042073428923239e-07
728.8,1,1.3666009559373686e-05,0.15247367388121277,2.0837066848134796e-06
634.6,2,0.0,0.014988045312266796,0.0
625.7,2,6.833004779686843e-06,0.012309911101980547,8.411368139735322e-08
572.4,1,1.3666009559373686e-05,0.0006724217155224409,9.189321592260131e-09
468.4,2,3.4165023898434215e-06,0.004118384899928498,1.4070471852900774e-08
465.4,2,0.0,0.03775828662860021,0.0
498.4,1,0.0,0.027164143147140742,0.0
525.8,1,0.0,0.018964725215443148,0.0
651.0,1,0.0,0.014616623813184551,0.0
561.8,1,0.0,0.020804922089665265,0.0
632.1,1,0.0,0.01488960898717965,0.0
494.9,1,0.0,0.029071604857807413,0.0
410.7,1,0.0,0.2872411431214014,0.0
466.1,1,0.0,0.039473023477033804,0.0
622.8,1,0.0,0.01569149298980149,0.0
673.1,1,0.0,0.016207094699873782,0.0
795.4,0,0.0,0.018453659593487656,0.0
915.2,0,0.0,0.018453659593487656,0.0
730.1,1,0.0,0.015602836577982861,0.0
722.7,1,0.0,0.01752591350131619,0.0
1043.9,0,0.0,0.018453659593487656,0.0
1094.4,0,0.0,0.018453659593487656,0.0
824.5,0,0.0,0.018453659593487656,0.0
905.7,0,0.0,0.018453659593487656,0.0
1013.2,0,0.0,0.018453659593487656,0.0
1094.9,0,0.0,0.018453659593487656,0.0
1042.8,0,0.0,0.018453659593487656,0.0
992.4,0,0.0,0.018453659593487656,0.0
799.7,0,0.0,0.018453659593487656,0.0
766.3,0,0.0,0.018292913074720533,0.0
744.0,1,0.0,0.016978185956590865,0.0
689.7,1,1.3666009559373686e-05,0.00864272576385547,1.181115729078941e-07
643.7,1,8.541255974608554e-05,0.0120948024247058,1.0330480347172845e-06
638.6,1,0.0001400765979835803,0.04605415589513522,6.45110948079599e-06
579.1,2,0.0001400765979835803,0.03862334296237669,5.410226484922784e-06
525.5,2,7.516305257655528e-05,0.047189216292575255,3.5468855452452726e-06
517.2,2,3.074852150859079e-05,0.014959489988798725,4.599821996781262e-07
452.2,2,1.0249507169530265e-05,0.031825237681150045,3.261930017849521e-07
408.0,3,6.833004779686843e-06,0.02103768934298237,1.437506318341655e-07
634.6,2,6.491354540702501e-05,0.009309722130012825,6.043270702133731e-07
349.2,2,5.4664038237494744e-05,0.07622030736787222,4.16650979643097e-06
379.0,3,2.3915516728903952e-05,0.07682928678467964,1.8374120933687652e-06
299.8,3,2.049901433906053e-05,0.2641607769205855,5.415035553912451e-06
296.6,3,4.7831033457807905e-05,0.1710593369152288,8.181944867262743e-06
351.6,3,3.416502389843422e-05,0.10560512740617346,3.6080017016291068e-06
363.2,5,2.7332019118747372e-05,0.07521301757020608,2.055723634207555e-06
422.4,5,5.1247535847651325e-05,0.07531362344829041,3.8596376174827764e-06
452.5,5,3.758152628827764e-05,0.0258504119065749,9.714979346297498e-07
381.8,5,3.758152628827764e-05,0.09601721967430561,3.608473665317245e-06
469.5,5,8.882906213592897e-05,0.026858087262336537,2.3857787022782945e-06
497.6,5,4.099802867812106e-05,0.029711318859132828,1.2181055026515268e-06
529.2,3,6.833004779686843e-06,0.042267173015230704,2.8881179523692216e-07
671.9,1,1.0249507169530265e-05,0.022156578988502772,2.2709401519492278e-07
913.1,0,9.907856930545922e-05,0.16222152166842746,1.6072676277462346e-05
244.9,4,0.0002528211768484132,0.4274358648515577,0.00010806483837899012
228.5,3,0.00022890566011950924,0.5774319111462541,0.0001321774327950031
202.6,3,0.00036898225810308953,0.6391398378715945,0.00023583126062150345
157.9,3,0.00037239876049293297,0.6935332933359006,0.0002582709387988711
307.9,3,0.0005500568847647909,0.29876371441584854,0.0001643370380323393
333.9,3,0.0005978879182225988,0.23561952006196865,0.0001408740643424583
301.7,3,0.00032798422942496847,0.3671179262054412,0.00012040889013458407
357.7,4,0.0002699036887976303,0.21502231549723916,5.803531612651272e-05
347.9,4,0.0003245677270351251,0.21176287120496162,6.873139377742633e-05
398.7,5,0.00029723570791637767,0.0894708963937908,2.659394522752129e-05
434.7,2,0.00011274457886483292,0.05166888543921347,5.82538672925942e-06
580.8,3,0.0,0.05690799794134521,0.0
742.4,1,1.0249507169530265e-05,0.0011545421591210613,1.183348813743627e-08
669.1,2,1.3666009559373686e-05,0.005516986188416564,7.539518598983336e-08
605.4,3,3.074852150859079e-05,0.004780350811576812,1.4698871974837905e-07
678.4,2,6.833004779686843e-06,0.007514753468546523,5.134834636874667e-08
751.0,0,6.833004779686843e-06,0.027794910358145266,1.8992275532817395e-07
792.1,0,3.4165023898434215e-06,0.026843546351805005,9.171104026281446e-08
732.8,1,3.4165023898434215e-06,0.0005826483724236011,1.9906195568236132e-09
756.4,0,0.0,0.018292913074720533,0.0
497.9,2,0.0,0.026309968106598566,0.0
499.1,2,0.0,0.02742829850348746,0.0
593.8,1,0.0,0.01670686304640488,0.0
798.2,0,0.0,0.018453659593487656,0.0
794.9,0,0.0,0.018453659593487656,0.0
634.6,1,0.0,0.014755512701934552,0.0
603.0,1,0.0,0.025354552342876372,0.0
636.2,1,0.0,0.014755512701934552,0.0
568.9,1,0.0,0.0179885344118484,0.0
483.0,1,0.0,0.037390091754907845,0.0
443.3,1,0.0,0.04782877017236121,0.0
460.8,1,0.0,0.04706003218312702,0.0
623.9,1,0.0,0.016716433249462734,0.0
683.0,1,0.0,0.014595373084873785,0.0
710.9,1,0.0,0.014851783341540453,0.0
765.7,0,0.0,0.018292913074720533,0.0
835.6,0,0.0,0.018453659593487656,0.0
909.3,0,0.0,0.018453659593487656,0.0
847.5,0,0.0,0.018453659593487656,0.0
805.2,0,0.0,0.018453659593487656,0.0
818.9,0,0.0,0.018453659593487656,0.0
1052.4,0,0.0,0.018453659593487656,0.0
1094.9,0,0.0,0.018453659593487656,0.0
1094.9,0,0.0,0.018453659593487656,0.0
936.2,0,0.0,0.018453659593487656,0.0
846.9,0,0.0,0.018453659593487656,0.0
816.9,0,6.833004779686843e-06,0.01253447091016255,8.56480996399864e-08
790.9,0,6.833004779686843e-06,0.0002056447994245039,1.4051718973853772e-09
764.2,0,2.049901433906053e-05,0.021923958081578446,4.494195310832385e-07
719.7,1,7.516305257655528e-05,0.019413689166398053,1.4591921395188785e-06
681.9,1,7.174655018671185e-05,0.044578849541943806,3.1983786659269477e-06
578.3,2,0.00022548915772966583,0.049256680656902814,1.1106847433884139e-05
587.2,2,3.758152628827764e-05,0.03472876476894544,1.3051599861235333e-06
613.8,2,4.4414531067964485e-05,0.016424676608875744,7.294943095261813e-07
470.9,2,2.049901433906053e-05,0.029431871417946887,6.03324354221879e-07
398.9,3,3.416502389843422e-05,0.06257351139162111,2.137825512103681e-06
375.2,3,4.7831033457807905e-05,0.07317780796259589,3.5001701810279657e-06
341.1,3,3.416502389843422e-05,0.08476689874230332,2.8960631213269467e-06
488.6,2,3.4165023898434215e-06,0.11629551677294493,3.973239109828421e-07
374.3,3,1.0249507169530265e-05,0.12485424668754432,1.2796944965702858e-06
340.3,3,3.416502389843422e-05,0.05551624688130167,1.8967139014510456e-06
382.5,3,2.7332019118747372e-05,0.08352441370946986,2.2828908723893956e-06
558.4,3,1.0249507169530265e-05,0.06668213535485226,6.834590243991458e-07
543.8,4,3.4165023898434215e-06,0.008091944602499717,2.764614807292086e-08
500.1,5,3.416502389843422e-05,0.036530893650709266,1.248078854607641e-06
386.0,5,4.4414531067964485e-05,0.07635614184335017,3.391322234131379e-06
455.8,5,0.0001434931003734237,0.03689474136752916,5.29414082630237e-06
366.9,5,0.00010591157408514608,0.12874349534392265,1.3635426245098524e-05
649.6,1,1.708251194921711e-05,0.014677461674304275,2.5072791443547893e-07
368.2,3,4.4414531067964485e-05,0.11390153464579413,5.0588832492144565e-06
314.1,3,0.00010591157408514608,0.24795498353146006,2.6261302608073407e-05
220.5,4,0.00046464432501870537,0.5105590942332632,0.00023722838572217615
186.1,4,0.000591054913442912,0.49714361268343715,0.0002938391749633055
148.1,3,0.00042022979395074086,0.6651633907655652,0.00027952147464498957
108.9,3,0.0003006522103062211,0.6895969299256416,0.0002073288412025284
234.2,3,0.0004168132915608974,0.5698676119525805,0.0002375283950919033
256.0,3,0.00043389580351011457,0.46439124292990586,0.0002014974114941323
209.2,4,0.00030406871269606455,0.5587036896116377,0.0001698843116787523
219.7,4,0.0003963142772218369,0.4490082411816072,0.0001779483765705369
325.4,3,0.0004407288082898014,0.27947272605748497,0.00012317168150481747
563.9,5,0.00019815713861091845,0.04400338628261942,8.719585114954803e-06
531.8,2,1.0249507169530265e-05,0.08603776002673057,8.818446382442993e-07
555.3,2,6.833004779686843e-06,0.17057363108338838,1.165530436481333e-06
880.6,0,3.4165023898434215e-06,0.0005689930074987525,1.943965969923684e-09
782.0,0,0.0,0.01915152494682099,0.0
614.8,4,1.0249507169530265e-05,0.014032399450643815,1.4382517877508633e-07
915.6,0,0.0,0.018453659593487656,0.0
684.2,1,0.0,0.014595373084873785,0.0
714.2,1,0.0,0.01572678334154045,0.0
748.5,0,0.0,0.01762316398945737,0.0
708.6,2,0.0,0.015084315951872696,0.0
622.5,3,0.0,0.06453328498483459,0.0
523.9,2,0.0,0.018425310684234305,0.0
680.4,1,0.0,0.014595373084873785,0.0
707.3,1,0.0,0.014851783341540453,0.0
776.7,0,0.0,0.01915152494682099,0.0
834.2,0,0.0,0.018453659593487656,0.0
674.9,1,0.0,0.016207094699873782,0.0
680.9,1,0.0,0.014595373084873785,0.0
573.2,1,0.0,0.017960756633848402,0.0
545.3,1,0.0,0.020242628163351813,0.0
577.5,1,0.0,0.018413037040294945,0.0
492.7,1,0.0,0.18273467448078934,0.0
540.8,1,0.0,0.018575961496685146,0.0
559.5,1,0.0,0.020516001086887482,0.0
689.3,1,0.0,0.014595373084873785,0.0
682.1,1,0.0,0.014595373084873785,0.0
798.9,0,0.0,0.018453659593487656,0.0
770.2,0,0.0,0.01915152494682099,0.0
768.4,0,0.0,0.01915152494682099,0.0
800.8,0,0.0,0.018453659593487656,0.0
821.8,0,0.0,0.018453659593487656,0.0
1052.4,0,0.0,0.018453659593487656,0.0
1344.9,0,0.0,0.018453659593487656,0.0
1299.2,0,0.0,0.018453659593487656,0.0
976.5,0,0.0,0.018453659593487656,0.0
831.6,0,0.0,0.018453659593487656,0.0
799.3,0,6.833004779686843e-06,0.017290192686945812,1.1814396927160724e-07
767.6,0,6.833004779686843e-06,0.01574229837643465,1.0756720004943439e-07
719.9,1,1.0249507169530265e-05,0.011409320630223848,1.1693991359894888e-07
715.5,1,1.3666009559373686e-05,0.008219450979903316,1.1232709566416213e-07
684.8,2,2.3915516728903952e-05,0.05917455539610511,1.4151900695010055e-06
695.0,1,0.00016399211471248423,0.01691254412555664,2.7735238763182358e-06
596.2,2,5.1247535847651325e-05,0.0328722161805892,1.6846200771064888e-06
546.6,2,0.00016057561232264082,0.03166089883197913,5.083968216630232e-06
436.2,3,6.833004779686844e-05,0.06880738607081571,4.7016119789964174e-06
462.5,2,4.4414531067964485e-05,0.029879788396810405,1.3270967900543405e-06
429.6,3,6.833004779686843e-06,0.05462384582329416,3.7324499959544616e-07
445.6,2,2.7332019118747372e-05,0.03232956484189511,8.836322843594599e-07
532.7,3,3.4165023898434215e-06,0.021159129015346695,7.229021484793726e-08
430.4,3,3.4165023898434215e-06,0.042585707602531025,1.4549417179722043e-07
373.4,3,1.3666009559373686e-05,0.08491670507004442,1.1604725032377431e-06
452.4,3,2.049901433906053e-05,0.034203917878159,7.011466030364301e-07
491.7,3,1.0249507169530265e-05,0.014650732512674694,1.5016278792752941e-07
470.2,3,0.0,0.07499516070760531,0.0
432.0,5,3.4165023898434215e-06,0.036587277733155135,1.250005218131895e-07
241.1,4,3.4165023898434215e-06,0.3383950094269261,1.1561273584181801e-06
794.5,0,6.833004779686843e-06,0.03597027642165483,2.457850707158244e-07
766.4,0,6.833004779686844e-05,0.12821782948436308,8.761130417077257e-06
619.9,1,1.3666009559373686e-05,0.08744122747516464,1.194972650558969e-06
405.2,3,5.808054062733817e-05,0.05118190589284844,2.972672764594183e-06
255.0,4,9.907856930545922e-05,0.40666418713076474,4.029170584868371e-05
207.3,3,0.00046464432501870537,0.5754720677732257,0.00026738983049760914
135.3,3,0.0005466403823749475,0.691709660890977,0.0003781164335218889
108.0,3,0.0007516305257655528,0.7032877107945146,0.0005286125118289331
158.3,3,0.0005158918608663567,0.5783469363386561,0.0002983644772141056
185.3,3,0.0004475618130694882,0.594141380142762,0.0002659149933163026
153.6,3,0.0003143182198655948,0.6306981212384414,0.000198239910740242
238.7,3,0.00032115122464528164,0.5379769148827745,0.0001727719450454935
176.4,3,0.0001879076314413882,0.5557183153944213,0.00010442371239436404
380.7,2,9.224556452577238e-05,0.1688595031320095,1.5576540191953646e-05
658.1,1,2.049901433906053e-05,0.2032076422246127,4.165556371769018e-06
490.9,2,0.0,0.036673145446649395,0.0
460.3,4,0.0,0.08402061959962141,0.0
942.0,0,6.833004779686843e-06,0.014902390328605073,1.0182810434411746e-07
620.9,2,1.708251194921711e-05,0.0015182569258309416,2.5935642077488695e-08
614.6,4,3.4165023898434215e-06,0.0414147567061305,1.414936152612787e-07
570.1,4,0.0,0.05611265281591222,0.0
725.3,1,0.0,0.016436169911316193,0.0
673.9,1,0.0,0.016207094699873782,0.0
737.9,1,0.0,0.015090016064649532,0.0
634.7,3,0.0,0.04939900810510653,0.0
620.4,2,0.0,0.01581750573602262,0.0
611.5,2,0.0,0.01648918699901408,0.0
726.6,1,0.0,0.015602836577982861,0.0
859.3,0,0.0,0.018453659593487656,0.0
843.9,0,0.0,0.018453659593487656,0.0
811.5,0,0.0,0.018453659593487656,0.0
739.9,1,0.0,0.015997498167760638,0.0
722.3,1,0.0,0.01752591350131619,0.0
619.6,1,0.0,0.015995838327023712,0.0
666.5,1,0.0,0.014616623813184551,0.0
584.3,1,0.0,0.017783154758111222,0.0
572.9,1,0.0,0.017960756633848402,0.0
554.6,1,0.0,0.020366791715381204,0.0
534.5,1,0.0,0.018741956715292763,0.0
629.6,1,0.0,0.01488960898717965,0.0
668.1,1,0.0,0.014616623813184551,0.0
683.4,1,0.0,0.014595373084873785,0.0
709.2,1,0.0,0.014851783341540453,0.0
845.5,0,0.0,0.018453659593487656,0.0
867.5,0,0.0,0.018453659593487656,0.0
850.0,0,0.0,0.018453659593487656,0.0
1355.8,0,0.0,0.018453659593487656,0.0
1355.8,0,0.0,0.018453659593487656,0.0
1304.3,0,0.0,0.018453659593487656,0.0
938.6,0,0.0,0.018453659593487656,0.0
897.1,0,0.0,0.018453659593487656,0.0
925.5,0,0.0,0.018453659593487656,0.0
828.6,0,0.0,0.018453659593487656,0.0
811.8,0,0.0,0.018453659593487656,0.0
677.5,2,0.0,0.015383461251872692,0.0
648.9,2,1.3666009559373686e-05,0.006860111864432857,9.375035431771227e-08
614.8,2,1.3666009559373686e-05,0.013526109416210207,1.848479405830631e-07
575.0,2,3.758152628827764e-05,0.021752697395954302,8.174995690270051e-07
535.3,2,0.00027332019118747375,0.014508249057159063,3.965397406098201e-06
503.8,2,5.808054062733817e-05,0.03221521201285783,1.871076930131102e-06
471.4,2,1.3666009559373686e-05,0.05625197339195829,7.687400061081363e-07
484.7,2,3.4165023898434215e-06,0.0036319382030879305,1.2408525550613537e-08
552.1,2,1.708251194921711e-05,0.0003894838368502974,6.653362297022132e-09
293.6,3,3.074852150859079e-05,0.19198771778131138,5.903338469583912e-06
401.5,3,3.4165023898434215e-06,0.03723269818110508,1.272056023160643e-07
386.8,3,2.049901433906053e-05,0.0996518409018222,2.042764515560232e-06
341.4,3,3.074852150859079e-05,0.06510427612255523,2.0018602346556236e-06
366.6,3,6.833004779686843e-06,0.06774918217488494,4.629304856208635e-07
588.7,1,6.833004779686843e-06,0.0005931960147068122,4.053311203782835e-09
490.5,3,1.0249507169530265e-05,0.13636807713168356,1.3977055842562466e-06
207.9,5,4.7831033457807905e-05,0.34150143413174094,1.6334366521844684e-05
315.8,3,1.708251194921711e-05,0.23852157056619225,4.074547579343011e-06
343.6,2,9.224556452577238e-05,0.16017555320369528,1.477548432850276e-05
310.4,3,0.00018107462666170135,0.20265995550523896,3.6696575782388154e-05
221.2,3,0.00010249507169530265,0.531675840929583,5.4494153434737934e-05
241.7,3,7.85795549663987e-05,0.3753552327895639,2.949524714691292e-05
153.6,3,0.00022548915772966583,0.6245577348157619,0.00014083099757715415
157.8,3,0.00041339678917105404,0.695947946376048,0.0002877026464620471
0.0,3,0.0007106324970874318,0.749178390482448,0.0005323905103924851
90.9,3,0.0005398073775952606,0.6909414787986174,0.00037297530774207303
88.9,3,0.0002391551672890395,0.628143525807133,0.00015022376999593198
124.1,3,6.491354540702501e-05,0.46362965125891237,3.0095844419038577e-05
336.1,3,2.3915516728903952e-05,0.10421336285106725,2.4923164226400366e-06
465.8,3,3.4165023898434215e-06,0.0409180531693522,1.3979662644083198e-07
497.9,2,0.0,0.026309968106598566,0.0
639.7,2,0.0,0.014849156423516797,0.0
447.9,3,0.0,0.08391981830016342,0.0
464.6,3,0.0,0.07472841988916086,0.0
425.3,3,1.0249507169530265e-05,0.1374569773960994,1.4088662753232804e-06
539.0,2,0.0,0.0181754358554763,0.0
525.3,4,3.4165023898434215e-06,0.03153142404628683,1.0772718560930528e-07
512.0,4,0.0,0.057720925365149375,0.0
608.5,1,0.0,0.018252802241126274,0.0
584.7,3,0.0,0.055936391133060884,0.0
548.3,3,0.0,0.05828465221808841,0.0
673.7,1,0.0,0.016207094699873782,0.0
781.3,0,0.0,0.01915152494682099,0.0
688.5,1,0.0,0.014595373084873785,0.0
717.4,2,0.0,0.017770750481491737,0.0
811.5,0,0.0,0.018453659593487656,0.0
746.9,0,0.0,0.01762316398945737,0.0
819.7,0,0.0,0.018453659593487656,0.0
800.9,0,0.0,0.018453659593487656,0.0
745.8,0,0.0,0.01762316398945737,0.0
742.9,1,0.0,0.015997498167760638,0.0
691.4,1,0.0,0.014595373084873785,0.0
998.3,0,0.0,0.018453659593487656,0.0
565.2,1,0.0,0.018549213659284303,0.0
602.7,1,0.0,0.02335455234287637,0.0
587.7,1,0.0,0.01658194093973821,0.0
829.6,0,0.0,0.018453659593487656,0.0
643.9,1,0.0,0.014616623813184551,0.0
722.0,1,0.0,0.01752591350131619,0.0
832.0,0,0.0,0.018453659593487656,0.0
840.8,0,0.0,0.018453659593487656,0.0
839.9,0,0.0,0.018453659593487656,0.0
882.7,0,0.0,0.018453659593487656,0.0
1187.7,0,0.0,0.018453659593487656,0.0
1538.1,0,0.0,0.018453659593487656,0.0
1391.9,0,0.0,0.018453659593487656,0.0
1007.7,0,0.0,0.018453659593487656,0.0
928.0,0,0.0,0.018453659593487656,0.0
895.3,0,0.0,0.018453659593487656,0.0
871.1,0,0.0,0.018453659593487656,0.0
884.4,0,0.0,0.018453659593487656,0.0
852.2,0,0.0,0.018453659593487656,0.0
677.7,2,1.3666009559373686e-05,0.005657521225899356,7.731573915550013e-08
660.6,2,1.0249507169530265e-05,0.01773484152033439,1.8177338531315037e-07
626.0,2,0.0,0.021855695871708318,0.0
586.9,2,3.758152628827764e-05,0.008631465632888802,3.2438365258877547e-07
656.5,2,6.833004779686843e-06,0.009188628029840626,6.278593924666549e-08
564.8,2,6.833004779686843e-06,0.0012330037261018055,8.425120353825324e-09
574.0,2,0.0,0.017747887271328523,0.0
592.3,2,0.0,0.016541713277438457,0.0
505.2,3,1.3666009559373686e-05,0.0033744337264313183,4.611504356288337e-08
403.2,3,6.833004779686843e-06,0.09702780859451812,6.629914798888825e-07
433.8,3,6.833004779686843e-06,0.04181189409499319,2.8570087219884857e-07
389.2,3,3.4165023898434215e-06,0.035147998448244615,1.200832206966406e-07
322.6,3,0.0,0.13536076801407737,0.0
361.3,3,1.0249507169530265e-05,0.06633876599878388,6.79939657722326e-07
461.8,3,3.074852150859079e-05,0.028720442716613743,8.831111506080474e-07
392.8,3,4.7831033457807905e-05,0.06696623528238553,3.2030642403352185e-06
296.9,3,7.516305257655528e-05,0.18555795451923368,1.3947102291527213e-05
298.9,3,9.566206691561581e-05,0.3290809503280283,3.148056389093429e-05
259.7,3,8.882906213592897e-05,0.4111987542120412,3.652639968811799e-05
195.0,3,5.1247535847651325e-05,0.4265790904048925,2.1861127227383224e-05
234.1,3,5.808054062733817e-05,0.4234059766452696,2.4591648028403378e-05
115.3,3,0.0001264105884242066,0.5240846726223481,6.624985185029871e-05
100.2,3,0.0003314007318148119,0.6463089080849881,0.00021418724511779706
238.9,3,0.0004578113202390185,0.5290451755232898,0.00024220287027240057
110.1,3,0.00033823373659449873,0.6233095209734077,0.0002108243083337628
289.3,3,7.516305257655528e-05,0.18930751460627745,1.4228930673488638e-05
153.5,3,3.4165023898434215e-06,0.7318806152087185,2.5004718709406604e-06
316.3,3,0.0,0.1603564853136623,0.0
415.6,3,0.0,0.2475197830337909,0.0
645.4,2,0.0,0.014849156423516797,0.0
426.2,2,0.0,0.2135623276947527,0.0
650.0,5,0.0,0.04001541589126599,0.0
394.5,3,0.0,0.30657569273066465,0.0
388.1,4,0.0,0.2851024139765203,0.0
486.4,3,0.0,0.07262694759959047,0.0
532.9,3,0.0,0.05653653679433332,0.0
512.3,4,0.0,0.057720925365149375,0.0
1231.7,0,0.0,0.018453659593487656,0.0
508.9,3,0.0,0.0584888824956321,0.0
568.9,3,0.0,0.05590639491455562,0.0
651.7,1,0.0,0.014616623813184551,0.0
585.9,3,0.0,0.05473517731468786,0.0
608.0,3,0.0,0.05642445538449269,0.0
644.9,2,0.0,0.014849156423516797,0.0
655.1,1,0.0,0.014616623813184551,0.0
680.5,1,0.0,0.014595373084873785,0.0
747.5,0,0.0,0.01762316398945737,0.0
804.6,0,0.0,0.018453659593487656,0.0
780.4,0,0.0,0.01915152494682099,0.0
797.4,0,0.0,0.018453659593487656,0.0
768.7,0,0.0,0.01915152494682099,0.0
984.8,0,0.0,0.018453659593487656,0.0
1111.8,0,0.0,0.018453659593487656,0.0
1113.9,0,0.0,0.018453659593487656,0.0
651.3,1,0.0,0.014616623813184551,0.0
613.3,1,0.0,0.016586135574459607,0.0
681.4,1,0.0,0.014595373084873785,0.0
813.8,0,0.0,0.018453659593487656,0.0
876.7,0,0.0,0.018453659593487656,0.0
883.8,0,0.0,0.018453659593487656,0.0
891.9,0,0.0,0.018453659593487656,0.0
1032.9,0,0.0,0.018453659593487656,0.0
1143.0,0,0.0,0.018453659593487656,0.0
1546.9,0,0.0,0.018453659593487656,0.0
1217.7,0,0.0,0.018453659593487656,0.0
1014.4,0,0.0,0.018453659593487656,0.0
1098.2,0,0.0,0.018453659593487656,0.0
989.8,0,0.0,0.018453659593487656,0.0
885.9,0,0.0,0.018453659593487656,0.0
815.8,0,0.0,0.018453659593487656,0.0
814.6,0,1.0249507169530265e-05,0.001823757324910537,1.8692613777153884e-08
703.9,2,6.833004779686843e-06,0.0011432517355255834,7.81184457323159e-09
751.1,0,6.833004779686843e-06,0.00043050868207851245,2.941667882339159e-09
688.4,2,0.0,0.01482790569520603,0.0
645.7,2,1.708251194921711e-05,0.0006736061674470756,1.1506885404481011e-08
671.9,2,1.3666009559373686e-05,0.0332011119435714,4.537267132026826e-07
605.5,2,0.0,0.020165112924940002,0.0
620.0,2,6.833004779686843e-06,0.0012791559083269544,8.740478435562744e-09
534.6,3,1.708251194921711e-05,0.0024654388373318,4.211588839878441e-08
491.2,3,1.3666009559373686e-05,0.03301606142209186,4.5119781100717613e-07
510.8,3,1.3666009559373686e-05,0.003043001829446452,4.158569209040683e-08
577.1,2,6.833004779686843e-06,0.0003894838368502974,2.6613449188088527e-09
316.7,3,2.3915516728903952e-05,0.146241492600556,3.4974408627484806e-06
426.6,3,1.708251194921711e-05,0.10021644133505085,1.7119485566140216e-06
182.0,3,1.0249507169530265e-05,0.2988119563193215,3.06267528863625e-06
162.4,4,6.833004779686843e-06,0.48395445600234466,3.306863111014767e-06
532.6,3,2.7332019118747372e-05,0.014495257413249618,3.9618465275010313e-07
171.0,3,0.00010591157408514608,0.5642345610362278,5.9758970512588317e-05
163.6,2,9.224556452577238e-05,0.527657695947566,4.867408203905158e-05
113.4,2,2.049901433906053e-05,0.4939519172459673,1.0125527434431524e-05
171.8,3,6.833004779686843e-06,0.7333053704504948,5.0106791012582625e-06
149.3,3,6.149704301718158e-05,0.6687512033333003,4.112622151917992e-05
173.8,3,8.199605735624212e-05,0.5506129782493984,4.5148093345628965e-05
122.7,3,0.00010932807647498949,0.5919509082445871,6.47168541660037e-05
148.1,3,0.0001708251194921711,0.6080346140407384,0.00010386758559888527
884.7,0,5.808054062733817e-05,0.13997394585155698,8.129762448800188e-06
430.4,3,0.0,0.1890602563249901,0.0
187.6,3,0.0,0.3045688516659327,0.0
690.1,1,0.0,0.014595373084873785,0.0
380.8,2,0.0,0.2845317942779681,0.0
390.4,3,0.0,0.2934900691881057,0.0
359.5,3,0.0,0.18891339855560146,0.0
354.8,3,0.0,0.18529774205931965,0.0
490.9,2,0.0,0.036673145446649395,0.0
567.7,2,0.0,0.018148688018075457,0.0
470.2,3,0.0,0.07499516070760531,0.0
518.8,2,0.0,0.018301731426623186,0.0
472.5,3,0.0,0.07508825935479396,0.0
497.2,3,0.0,0.06476920113574773,0.0
589.9,2,0.0,0.016541713277438457,0.0
1187.2,0,0.0,0.018453659593487656,0.0
722.2,1,0.0,0.01752591350131619,0.0
806.0,0,0.0,0.018453659593487656,0.0
682.5,1,0.0,0.014595373084873785,0.0
668.6,1,0.0,0.014616623813184551,0.0
759.6,0,0.0,0.018292913074720533,0.0
888.5,0,0.0,0.018453659593487656,0.0
836.7,0,0.0,0.018453659593487656,0.0
751.6,0,0.0,0.017146973512790705,0.0
803.0,0,0.0,0.018453659593487656,0.0
836.5,0,0.0,0.018453659593487656,0.0
884.5,0,0.0,0.018453659593487656,0.0
934.6,0,0.0,0.018453659593487656,0.0
1071.1,0,0.0,0.018453659593487656,0.0
1180.3,0,0.0,0.018453659593487656,0.0
662.7,1,0.0,0.014616623813184551,0.0
758.1,0,0.0,0.018292913074720533,0.0
643.2,1,0.0,0.014616623813184551,0.0
767.6,0,0.0,0.01915152494682099,0.0
859.7,0,0.0,0.018453659593487656,0.0
881.4,0,0.0,0.018453659593487656,0.0
953.3,0,0.0,0.018453659593487656,0.0
990.0,0,0.0,0.018453659593487656,0.0
1223.9,0,0.0,0.018453659593487656,0.0
1171.7,0,0.0,0.018453659593487656,0.0
1175.8,0,0.0,0.018453659593487656,0.0
1044.7,0,0.0,0.018453659593487656,0.0
983.4,0,0.0,0.018453659593487656,0.0
915.4,0,0.0,0.018453659593487656,0.0
851.2,0,0.0,0.018453659593487656,0.0
770.9,0,0.0,0.01915152494682099,0.0
849.4,0,6.833004779686843e-06,0.00023684775141329152,1.6183818174651023e-09
785.4,0,6.833004779686843e-06,0.002144266239657414,1.4651781464500243e-08
697.9,2,3.4165023898434215e-06,0.00038368606034478066,1.3108643421175504e-09
688.4,2,3.4165023898434215e-06,0.0003168749325506656,1.0826039643408222e-09
737.2,1,0.0,0.015090016064649532,0.0
708.5,1,0.0,0.014851783341540453,0.0
727.3,1,0.0,0.015602836577982861,0.0
577.7,2,3.4165023898434215e-06,0.00035387566104497003,1.2090170416675606e-09
544.1,3,1.3666009559373686e-05,0.020818383789904863,2.8450423188355005e-07
523.8,3,2.049901433906053e-05,0.0025768533743608544,5.282295427067966e-08
495.1,3,1.708251194921711e-05,0.004943687267148435,8.445059681425561e-08
471.9,3,0.0,0.07508825935479396,0.0
443.5,3,6.833004779686843e-06,0.011978348537196929,8.184811280742152e-08
447.6,3,6.833004779686843e-06,0.028642877478129374,1.9571691871204263e-07
504.0,2,1.3666009559373686e-05,0.00377920885889305,5.164670439250214e-08
524.3,2,2.3915516728903952e-05,0.006739554055351766,1.6117991775611763e-07
543.5,2,6.491354540702501e-05,0.011364539624987102,7.377125589765353e-07
219.4,3,8.882906213592897e-05,0.3830261392838599,3.4023852726130974e-05
109.7,3,6.491354540702501e-05,0.5060551165480686,3.2849831786500385e-05
0.0,4,5.808054062733817e-05,0.33315892264594804,1.93500503420982e-05
813.9,0,3.416502389843422e-05,0.015559369246022631,5.315862221349256e-07
178.2,3,4.4414531067964485e-05,0.3889614818386248,1.7275541819363105e-05
238.6,3,2.049901433906053e-05,0.22760707449945997,4.665720683836048e-06
259.1,3,3.758152628827764e-05,0.3562865738809635,1.3389793242467804e-05
773.5,0,1.0249507169530265e-05,0.030540290361304952,3.1302292501773115e-07
753.5,0,0.0,0.017146973512790705,0.0
318.3,3,0.0,0.158021989486173,0.0
264.5,3,0.0,0.42367682195317996,0.0
281.7,3,0.0,0.38678652540136144,0.0
309.4,3,0.0,0.1648351149527408,0.0
304.1,3,0.0,0.21944206597111252,0.0
456.0,3,0.0,0.08436359911394506,0.0
398.3,3,0.0,0.30680544063813014,0.0
774.9,0,0.0,0.01915152494682099,0.0
581.8,2,0.0,0.018589611797429156,0.0
503.5,2,0.0,0.02276253030858013,0.0
553.9,2,0.0,0.019966266074172352,0.0
592.2,2,0.0,0.016541713277438457,0.0
579.0,2,0.0,0.01824788727132852,0.0
537.7,3,0.0,0.05653595563166665,0.0
714.7,1,0.0,0.01587155120449283,0.0
553.0,3,0.0,0.05828465221808841,0.0
802.3,0,0.0,0.018453659593487656,0.0
684.9,1,0.0,0.014595373084873785,0.0
767.7,0,0.0,0.01915152494682099,0.0
750.0,0,0.0,0.01762316398945737,0.0
1104.9,0,0.0,0.018453659593487656,0.0
986.4,0,0.0,0.018453659593487656,0.0
951.3,0,0.0,0.018453659593487656,0.0
786.5,0,0.0,0.01915152494682099,0.0
809.2,0,0.0,0.018453659593487656,0.0
834.3,0,0.0,0.018453659593487656,0.0
886.0,0,0.0,0.018453659593487656,0.0
916.0,0,0.0,0.018453659593487656,0.0
1288.7,0,0.0,0.018453659593487656,0.0
686.4,1,0.0,0.014595373084873785,0.0
953.2,0,0.0,0.018453659593487656,0.0
721.5,1,0.0,0.01752591350131619,0.0
767.5,0,0.0,0.01915152494682099,0.0
824.9,0,0.0,0.018453659593487656,0.0
922.5,0,0.0,0.018453659593487656,0.0
1046.6,0,0.0,0.018453659593487656,0.0
1018.3,0,0.0,0.018453659593487656,0.0
1082.1,0,0.0,0.018453659593487656,0.0
1122.6,0,0.0,0.018453659593487656,0.0
1143.5,0,0.0,0.018453659593487656,0.0
1004.2,0,0.0,0.018453659593487656,0.0
918.2,0,0.0,0.018453659593487656,0.0
902.6,0,3.4165023898434215e-06,0.0013375985820386885,4.569908752186351e-09
812.2,0,1.0249507169530265e-05,0.002144266239657414,2.1977672196750363e-08
790.5,0,6.833004779686843e-06,0.0005548174913288524,3.791070570103912e-09
808.5,0,0.0,0.018453659593487656,0.0
762.2,0,0.0,0.018292913074720533,0.0
757.8,0,0.0,0.018292913074720533,0.0
751.8,0,3.4165023898434215e-06,0.0011829002478399382,4.041381523691524e-09
754.6,0,0.0,0.017606743627790706,0.0
730.1,1,0.0,0.015602836577982861,0.0
683.0,1,0.0,0.014595373084873785,0.0
627.5,2,6.833004779686843e-06,0.001787600705016313,1.2214684161548037e-08
638.2,2,0.0,0.014849156423516797,0.0
591.5,2,0.0,0.016541713277438457,0.0
578.7,3,1.0249507169530265e-05,0.024038886026988057,2.4638673468113496e-07
505.5,3,3.4165023898434215e-06,0.003203792421590522,1.0945764464926262e-08
422.6,3,2.7332019118747372e-05,0.053673259527709925,1.4669985555768572e-06
402.4,3,2.049901433906053e-05,0.07075604724754324,1.4504292271026332e-06
446.1,3,2.7332019118747372e-05,0.021224107196508277,5.80097703673308e-07
517.9,2,1.0249507169530265e-05,0.006080501494639252,6.23221436636445e-08
372.0,2,2.049901433906053e-05,0.09836779550235414,2.0164428505045315e-06
184.0,3,4.4414531067964485e-05,0.47597796601592424,2.114033815928081e-05
447.1,2,1.3666009559373686e-05,0.028928068635099825,3.953312625014923e-07
595.3,2,3.4165023898434215e-06,0.007343237883007753,2.5088189776484735e-08
301.0,3,0.0,0.24963012037805535,0.0
277.3,2,0.0,0.4043594415738549,0.0
206.6,3,0.0,0.3962745759363646,0.0
237.9,2,0.0,0.4058125439325658,0.0
821.7,0,0.0,0.018453659593487656,0.0
353.0,3,0.0,0.18242529082954229,0.0
297.7,3,0.0,0.24123065352039982,0.0
376.6,3,0.0,0.2487727002017795,0.0
347.9,3,0.0,0.1647122810754118,0.0
333.1,3,0.0,0.13076869711668973,0.0
387.6,3,0.0,0.29100084516316443,0.0
421.4,3,0.0,0.23526902282245482,0.0
450.1,3,0.0,0.08308648496683009,0.0
673.8,1,0.0,0.016207094699873782,0.0
590.6,2,0.0,0.016541713277438457,0.0
631.6,2,0.0,0.015122141597511893,0.0
723.8,1,0.0,0.016692580167982862,0.0
651.2,1,0.0,0.014616623813184551,0.0
645.4,2,0.0,0.014849156423516797,0.0
626.0,2,0.0,0.021855695871708318,0.0
698.4,1,0.0,0.014595373084873785,0.0
810.3,0,0.0,0.018453659593487656,0.0
670.2,1,0.0,0.015202642277298027,0.0
720.2,1,0.0,0.025009961711154903,0.0
746.9,0,0.0,0.01762316398945737,0.0
764.4,0,0.0,0.018292913074720533,0.0
926.0,0,0.0,0.018453659593487656,0.0
1021.3,0,0.0,0.018453659593487656,0.0
1021.3,0,0.0,0.018453659593487656,0.0
802.6,0,0.0,0.018453659593487656,0.0
817.7,0,0.0,0.018453659593487656,0.0
847.3,0,0.0,0.018453659593487656,0.0
872.0,0,0.0,0.018453659593487656,0.0
815.9,0,0.0,0.018453659593487656,0.0
784.8,0,0.0,0.01915152494682099,0.0
839.9,0,0.0,0.018453659593487656,0.0
871.2,0,0.0,0.018453659593487656,0.0
777.0,0,0.0,0.01915152494682099,0.0
825.2,0,0.0,0.018453659593487656,0.0
813.1,0,0.0,0.018453659593487656,0.0
987.3,0,0.0,0.018453659593487656,0.0
1032.6,0,0.0,0.018453659593487656,0.0
1053.7,0,0.0,0.018453659593487656,0.0
1096.2,0,0.0,0.018453659593487656,0.0
1169.4,0,0.0,0.018453659593487656,0.0
1173.2,0,0.0,0.018453659593487656,0.0
979.4,0,0.0,0.018453659593487656,0.0
948.8,0,1.0249507169530265e-05,0.0011074101397299085,1.135040816677221e-08
903.2,0,6.833004779686843e-06,0.0015436009854633004,1.0547432911600052e-08
923.0,0,3.4165023898434215e-06,0.010070971282894364,3.440749745605306e-08
914.8,0,0.0,0.018453659593487656,0.0
862.7,0,0.0,0.018453659593487656,0.0
785.2,0,0.0,0.01915152494682099,0.0
866.9,0,3.4165023898434215e-06,0.000631537067995519,2.1576479020813982e-09
773.6,0,1.708251194921711e-05,0.0011829002478399382,2.0206907618457626e-08
838.2,0,3.4165023898434215e-06,0.0008535082443784692,2.916012956670103e-09
767.2,0,3.4165023898434215e-06,0.0004727041409674013,1.6149948273040081e-09
764.5,0,2.3915516728903952e-05,0.002144266239657414,5.1281235125750855e-08
670.1,2,3.4165023898434215e-06,0.0029697585705809786,1.0146187253647898e-08
732.8,1,0.0,0.015602836577982861,0.0
649.5,1,0.0,0.014616623813184551,0.0
647.0,1,3.4165023898434215e-06,0.0012645684783259906,4.320401228321406e-09
492.6,3,6.833004779686843e-06,0.16714242793428358,1.1420850089634234e-06
462.0,3,2.7332019118747372e-05,0.0248736955452177,6.798483221957914e-07
451.6,3,3.074852150859079e-05,0.011593359498186384,3.564786638868094e-07
329.0,3,6.833004779686843e-06,0.11448756452098809,7.822940755866174e-07
259.5,4,3.4165023898434215e-06,0.035062523163777774,1.197911941829871e-07
312.3,3,3.4165023898434215e-06,0.11040675202159299,3.7720493213662246e-07
255.9,4,3.758152628827764e-05,0.08097036912851266,3.0429900559747426e-06
406.9,2,1.708251194921711e-05,0.06896409428253904,1.1780799646484085e-06
216.8,3,3.4165023898434215e-06,0.05228583011604972,1.78634663546431e-07
293.1,2,0.0,0.24310461298183464,0.0
328.4,2,0.0,0.12912552197784213,0.0
380.5,2,0.0,0.28722843272789317,0.0
460.0,2,0.0,0.046003778213824745,0.0
380.9,2,0.0,0.2819065529581348,0.0
397.7,2,0.0,0.3130351414530102,0.0
416.6,2,0.0,0.24661676392174053,0.0
423.1,2,0.0,0.2279579123626261,0.0
388.0,3,0.0,0.2924284545909422,0.0
353.9,3,0.0,0.18757742028253438,0.0
366.5,3,0.0,0.1969599350998131,0.0
485.8,2,0.0,0.035522843047029816,0.0
574.5,2,0.0,0.017747887271328523,0.0
649.2,2,0.0,0.014849156423516797,0.0
621.9,2,0.0,0.015594544414355956,0.0
696.4,1,0.0,0.014595373084873785,0.0
750.3,0,0.0,0.01762316398945737,0.0
687.9,1,0.0,0.014595373084873785,0.0
782.0,0,0.0,0.01915152494682099,0.0
791.4,0,0.0,0.01915152494682099,0.0
603.4,2,0.0,0.027257603767430853,0.0
639.0,2,0.0,0.014849156423516797,0.0
794.3,0,0.0,0.018453659593487656,0.0
608.6,2,0.0,0.018155853665680743,0.0
625.1,2,0.0,0.021855695871708318,0.0
1070.7,0,0.0,0.018453659593487656,0.0
926.0,0,0.0,0.018453659593487656,0.0
997.3,0,0.0,0.018453659593487656,0.0
965.4,0,0.0,0.018453659593487656,0.0
1063.1,0,0.0,0.018453659593487656,0.0
1059.1,0,0.0,0.018453659593487656,0.0
1087.6,0,0.0,0.018453659593487656,0.0
1006.3,0,0.0,0.018453659593487656,0.0
878.8,0,0.0,0.018453659593487656,0.0
805.6,0,0.0,0.018453659593487656,0.0
822.5,0,0.0,0.018453659593487656,0.0
798.4,0,0.0,0.018453659593487656,0.0
810.3,0,0.0,0.018453659593487656,0.0
846.4,0,0.0,0.018453659593487656,0.0
860.6,0,0.0,0.018453659593487656,0.0
896.9,0,0.0,0.018453659593487656,0.0
986.7,0,0.0,0.018453659593487656,0.0
1026.2,0,0.0,0.018453659593487656,0.0
1072.0,0,0.0,0.018453659593487656,0.0
1128.5,0,0.0,0.018453659593487656,0.0
1138.6,0,0.0,0.018453659593487656,0.0
964.2,0,0.0,0.018453659593487656,0.0
996.8,0,0.0,0.018453659593487656,0.0
1052.5,0,3.4165023898434215e-06,0.00023684775141329152,8.091909087325512e-10
941.1,0,0.0,0.018453659593487656,0.0
965.5,0,0.0,0.018453659593487656,0.0
927.8,0,0.0,0.018453659593487656,0.0
844.8,0,0.0,0.018453659593487656,0.0
832.0,0,0.0,0.018453659593487656,0.0
776.0,0,3.4165023898434215e-06,0.013974106145554976,4.774256704221422e-08
747.3,0,3.4165023898434215e-06,0.00023684775141329152,8.091909087325512e-10
721.4,1,0.0,0.01752591350131619,0.0
661.7,1,0.0,0.014616623813184551,0.0
671.3,1,3.4165023898434215e-06,0.00022089596125200118,7.546915795242219e-10
744.5,1,0.0,0.016978185956590865,0.0
649.5,1,3.4165023898434215e-06,0.009577616193342376,3.272194861355728e-08
728.8,1,0.0,0.015602836577982861,0.0
520.3,3,3.4165023898434215e-06,0.006078172014939462,2.0766089214920076e-08
483.3,3,0.0,0.07310313807625715,0.0
371.8,3,0.0,0.242912749591214,0.0
283.8,3,3.4165023898434215e-06,0.015241700132910714,5.207330492936625e-08
256.5,4,3.4165023898434215e-06,0.0352031101746111,1.2027151004148008e-07
253.6,4,1.0249507169530265e-05,0.07288814203352939,7.470675343463997e-07
271.1,4,3.758152628827764e-05,0.11467385139207915,4.309618360669466e-06
243.4,4,3.4165023898434215e-06,0.08564089954704526,2.925923379708205e-07
314.8,2,0.0,0.15953426790280734,0.0
329.9,2,0.0,0.1342501662936477,0.0
422.1,2,0.0,0.23481593705121867,0.0
495.8,2,0.0,0.027421079216598566,0.0
664.7,2,0.0,0.014849156423516797,0.0
779.2,0,0.0,0.01915152494682099,0.0
512.7,2,0.0,0.019418503542098946,0.0
562.7,2,0.0,0.02040439644845642,0.0
470.6,2,0.0,0.03789105615504466,0.0
501.6,2,0.0,0.03075173598474378,0.0
552.3,2,0.0,0.019966266074172352,0.0
384.1,3,0.0,0.30158467916636394,0.0
403.4,3,0.0,0.33254198628724896,0.0
489.8,2,0.0,0.039040929897075825,0.0
709.3,1,0.0,0.014851783341540453,0.0
654.7,1,0.0,0.014616623813184551,0.0
756.8,0,0.0,0.018292913074720533,0.0
721.0,1,0.0,0.018359246834649533,0.0
700.4,1,0.0,0.014595373084873785,0.0
757.9,0,0.0,0.018292913074720533,0.0
659.5,1,0.0,0.014616623813184551,0.0
624.9,2,0.0,0.021855695871708318,0.0
645.6,2,0.0,0.014849156423516797,0.0
1013.1,0,0.0,0.018453659593487656,0.0
832.8,0,0.0,0.018453659593487656,0.0
880.3,0,0.0,0.018453659593487656,0.0
853.0,0,0.0,0.018453659593487656,0.0
865.1,0,0.0,0.018453659593487656,0.0
912.9,0,0.0,0.018453659593487656,0.0
975.8,0,0.0,0.018453659593487656,0.0
954.6,0,0.0,0.018453659593487656,0.0
1024.3,0,0.0,0.018453659593487656,0.0
1089.7,0,0.0,0.018453659593487656,0.0
975.4,0,0.0,0.018453659593487656,0.0
959.8,0,0.0,0.018453659593487656,0.0
845.5,0,0.0,0.018453659593487656,0.0
953.1,0,0.0,0.018453659593487656,0.0
947.8,0,0.0,0.018453659593487656,0.0
908.9,0,0.0,0.018453659593487656,0.0
838.8,0,0.0,0.018453659593487656,0.0
877.4,0,0.0,0.018453659593487656,0.0
1039.1,0,0.0,0.018453659593487656,0.0
998.8,0,0.0,0.018453659593487656,0.0
1066.6,0,0.0,0.018453659593487656,0.0
1206.1,0,0.0,0.018453659593487656,0.0
1135.8,0,0.0,0.018453659593487656,0.0
1156.5,0,0.0,0.018453659593487656,0.0
973.1,0,0.0,0.018453659593487656,0.0
1279.6,0,0.0,0.018453659593487656,0.0
1060.4,0,0.0,0.018453659593487656,0.0
998.2,0,0.0,0.018453659593487656,0.0
1036.4,0,6.833004779686843e-06,0.0005826483724236011,3.9812391136472264e-09
1030.8,0,0.0,0.018453659593487656,0.0
846.6,0,0.0,0.018453659593487656,0.0
864.9,0,6.833004779686843e-06,0.002144266239657414,1.4651781464500243e-08
912.7,0,0.0,0.018453659593487656,0.0
740.3,1,0.0,0.015997498167760638,0.0
703.5,1,1.0249507169530265e-05,0.02634674029176749,2.700411035142228e-07
664.5,1,6.833004779686843e-06,0.0005388657011675621,3.6820719116872536e-09
636.7,1,3.4165023898434215e-06,0.014374720105427057,4.911126559352182e-08
766.7,0,3.4165023898434215e-06,0.0005514454204348134,1.8840145967837504e-09
525.6,2,3.4165023898434215e-06,0.01716046992492556,5.8628786509344337e-08
509.8,2,1.708251194921711e-05,0.0022664716423516276,3.87170289130334e-08
399.6,2,1.708251194921711e-05,0.17807028348646983,3.041887745458099e-06
478.0,2,0.0,0.03661416954654283,0.0
374.7,2,0.0,0.25767125196339935,0.0
301.4,3,6.833004779686843e-06,0.04887205760638388,3.3394300321755176e-07
253.7,4,3.4165023898434215e-06,0.03322959278233869,1.1352898315438384e-07
408.6,2,1.3666009559373686e-05,0.14244309625631688,1.9466287151056125e-06
603.3,2,6.833004779686843e-06,0.01758270601624717,1.2014271424884554e-07
665.3,2,0.0,0.014849156423516797,0.0
951.8,0,0.0,0.018453659593487656,0.0
1054.5,0,0.0,0.018453659593487656,0.0
432.2,2,0.0,0.12742715563104937,0.0
460.8,2,0.0,0.045075617293824734,0.0
310.8,3,0.0,0.16242812311891902,0.0
575.6,2,0.0,0.017747887271328523,0.0
543.0,2,0.0,0.0181754358554763,0.0
571.8,2,0.0,0.01779560686488198,0.0
503.5,2,0.0,0.02276253030858013,0.0
637.0,2,0.0,0.014988045312266796,0.0
566.9,2,0.0,0.018148688018075457,0.0
443.2,3,0.0,0.08319552315687075,0.0
476.4,2,0.0,0.03745200826820949,0.0
443.3,3,0.0,0.08319552315687075,0.0
483.9,2,0.0,0.035999033523696475,0.0
523.8,2,0.0,0.018425310684234305,0.0
571.6,2,0.0,0.01779560686488198,0.0
654.7,1,0.0,0.014616623813184551,0.0
661.4,1,0.0,0.014616623813184551,0.0
807.5,0,0.0,0.018453659593487656,0.0
738.6,1,0.0,0.015997498167760638,0.0
757.5,0,0.0,0.018292913074720533,0.0
697.0,1,0.0,0.014595373084873785,0.0
738.8,1,0.0,0.015997498167760638,0.0
795.6,0,0.0,0.018453659593487656,0.0
796.8,0,0.0,0.018453659593487656,0.0
894.3,0,0.0,0.018453659593487656,0.0
683.8,1,0.0,0.014595373084873785,0.0
1018.1,0,0.0,0.018453659593487656,0.0
1030.6,0,0.0,0.018453659593487656,0.0
1005.2,0,0.0,0.018453659593487656,0.0
1062.2,0,0.0,0.018453659593487656,0.0
1011.3,0,0.0,0.018453659593487656,0.0
995.1,0,0.0,0.018453659593487656,0.0
930.4,0,0.0,0.018453659593487656,0.0
890.0,0,0.0,0.018453659593487656,0.0
870.1,0,0.0,0.018453659593487656,0.0
735.7,1,0.0,0.015602836577982861,0.0
934.0,0,0.0,0.018453659593487656,0.0
901.4,0,0.0,0.018453659593487656,0.0
928.5,0,0.0,0.018453659593487656,0.0
1155.2,0,0.0,0.018453659593487656,0.0
1097.5,0,0.0,0.018453659593487656,0.0
1028.5,0,0.0,0.018453659593487656,0.0
1101.3,0,0.0,0.018453659593487656,0.0
1204.3,0,0.0,0.018453659593487656,0.0
1263.7,0,0.0,0.018453659593487656,0.0
1205.7,0,0.0,0.018453659593487656,0.0
1491.3,0,0.0,0.018453659593487656,0.0
1199.9,0,0.0,0.018453659593487656,0.0
1125.9,0,0.0,0.018453659593487656,0.0
1106.3,0,0.0,0.018453659593487656,0.0
1043.0,0,0.0,0.018453659593487656,0.0
859.2,0,0.0,0.018453659593487656,0.0
860.9,0,3.4165023898434215e-06,0.0010288085350203707,3.514926818588406e-09
770.6,0,3.4165023898434215e-06,0.001166865965618064,3.986600360161067e-09
733.7,1,6.833004779686843e-06,0.018815260122460983,1.2856476234782714e-07
693.1,1,1.0249507169530265e-05,0.03990921345061372,4.09049769392379e-07
648.1,1,3.4165023898434215e-06,0.035646538811855304,1.217864850403499e-07
648.9,1,1.0249507169530265e-05,0.000617873387729472,6.3328977173951765e-09
552.9,2,1.3666009559373686e-05,0.003940080982860808,5.3845184376482265e-08
458.4,2,2.3915516728903952e-05,0.010719321195027793,2.563581053621819e-07
440.1,2,1.708251194921711e-05,0.005113939511524133,8.73589328131845e-08
467.3,2,0.0,0.03775828662860021,0.0
408.8,2,3.4165023898434215e-06,0.14725867625353628,5.031096193453854e-07
436.6,2,0.0,0.12312303524092617,0.0
297.2,3,1.708251194921711e-05,0.09013808388217508,1.53978489499679e-06
569.4,2,1.0249507169530265e-05,0.012435469003827821,1.2745742871120464e-07
337.8,2,0.0,0.14003770541580893,0.0
580.9,3,0.0,0.05690799794134521,0.0
864.9,0,0.0,0.018453659593487656,0.0
921.7,0,0.0,0.018453659593487656,0.0
1048.5,0,0.0,0.018453659593487656,0.0
1048.5,0,0.0,0.018453659593487656,0.0
340.9,3,0.0,0.1430183505626574,0.0
330.9,3,0.0,0.13066876268938205,0.0
744.8,1,0.0,0.016978185956590865,0.0
706.6,1,0.0,0.014851783341540453,0.0
630.3,2,0.0,0.015122141597511893,0.0
554.8,2,0.0,0.018299599407505685,0.0
631.3,2,0.0,0.015122141597511893,0.0
642.4,2,0.0,0.014849156423516797,0.0
627.8,2,0.0,0.015122141597511893,0.0
627.8,2,0.0,0.015122141597511893,0.0
526.9,2,0.0,0.018425310684234305,0.0
521.7,2,0.0,0.017940620315512076,0.0
611.2,2,0.0,0.01648918699901408,0.0
704.8,1,0.0,0.014851783341540453,0.0
659.3,1,0.0,0.014616623813184551,0.0
757.7,0,0.0,0.018292913074720533,0.0
779.8,0,0.0,0.01915152494682099,0.0
784.2,0,0.0,0.01915152494682099,0.0
766.5,0,0.0,0.018292913074720533,0.0
719.1,1,0.0,0.018533366981519174,0.0
823.8,0,0.0,0.018453659593487656,0.0
726.0,1,0.0,0.015602836577982861,0.0
774.2,0,0.0,0.01915152494682099,0.0
863.4,0,0.0,0.018453659593487656,0.0
898.4,0,0.0,0.018453659593487656,0.0
1001.0,0,0.0,0.018453659593487656,0.0
997.5,0,0.0,0.018453659593487656,0.0
1096.8,0,0.0,0.018453659593487656,0.0
1088.5,0,0.0,0.018453659593487656,0.0
1043.2,0,0.0,0.018453659593487656,0.0
972.8,0,0.0,0.018453659593487656,0.0
894.2,0,0.0,0.018453659593487656,0.0
867.9,0,0.0,0.018453659593487656,0.0
824.0,0,0.0,0.018453659593487656,0.0
853.3,0,0.0,0.018453659593487656,0.0
916.0,0,0.0,0.018453659593487656,0.0
953.2,0,0.0,0.018453659593487656,0.0
1224.3,0,0.0,0.018453659593487656,0.0
1190.1,0,0.0,0.018453659593487656,0.0
1096.4,0,0.0,0.018453659593487656,0.0
1058.2,0,0.0,0.018453659593487656,0.0
1132.7,0,0.0,0.018453659593487656,0.0
1290.0,0,0.0,0.018453659593487656,0.0
1480.1,0,0.0,0.018453659593487656,0.0
1139.3,0,0.0,0.018453659593487656,0.0
1415.0,0,0.0,0.018453659593487656,0.0
1321.9,0,0.0,0.018453659593487656,0.0
1200.4,0,0.0,0.018453659593487656,0.0
1032.7,0,2.049901433906053e-05,0.0011220481637797103,2.3000881398436818e-08
925.8,0,0.0,0.018453659593487656,0.0
980.3,0,3.4165023898434215e-06,0.000698348195789634,2.385908279858126e-09
827.9,0,0.0,0.018453659593487656,0.0
800.4,0,0.0,0.018453659593487656,0.0
745.5,1,3.758152628827764e-05,0.002650500332731522,9.960984793163832e-08
768.4,0,1.0249507169530265e-05,0.009403889701351616,9.638523491547521e-08
592.8,2,3.4165023898434215e-06,0.04002984923169307,1.367620755651512e-07
643.1,1,0.0,0.014616623813184551,0.0
599.9,2,2.3915516728903952e-05,0.0017338173408705227,4.1465137620452754e-08
545.7,2,3.758152628827764e-05,0.0016996961841974512,6.38771768285017e-08
485.8,2,0.0,0.035522843047029816,0.0
623.0,1,0.0,0.01569149298980149,0.0
356.3,2,0.0,0.1860008862111709,0.0
358.3,2,6.833004779686843e-06,0.1688831136279786,1.1539791226283739e-06
323.3,4,6.833004779686843e-06,0.08505296146696471,5.811672922302908e-07
422.5,2,1.3666009559373686e-05,0.16975609193917848,2.3198883752027313e-06
279.2,3,0.0,0.40192484006342605,0.0
558.3,4,0.0,0.057246954468918185,0.0
855.6,0,0.0,0.018453659593487656,0.0
882.7,0,0.0,0.018453659593487656,0.0
802.8,0,0.0,0.018453659593487656,0.0
813.8,0,0.0,0.018453659593487656,0.0
965.1,0,0.0,0.018453659593487656,0.0
716.0,1,0.0,0.01587155120449283,0.0
752.5,0,0.0,0.017146973512790705,0.0
741.5,1,0.0,0.015997498167760638,0.0
602.2,2,0.0,0.022137531186495748,0.0
600.2,2,0.0,0.017875046610771796,0.0
740.0,1,0.0,0.015997498167760638,0.0
656.5,1,0.0,0.014616623813184551,0.0
613.7,2,0.0,0.01648918699901408,0.0
604.6,2,0.0,0.020165112924940002,0.0
557.2,2,0.0,0.01812906015003442,0.0
595.4,2,0.0,0.016541713277438457,0.0
675.9,1,0.0,0.016207094699873782,0.0
740.7,1,0.0,0.015997498167760638,0.0
728.4,1,0.0,0.015602836577982861,0.0
778.4,0,0.0,0.01915152494682099,0.0
855.3,0,0.0,0.018453659593487656,0.0
895.0,0,0.0,0.018453659593487656,0.0
814.1,0,0.0,0.018453659593487656,0.0
817.0,0,0.0,0.018453659593487656,0.0
895.3,0,0.0,0.018453659593487656,0.0
993.4,0,0.0,0.018453659593487656,0.0
752.1,0,0.0,0.017146973512790705,0.0
784.3,0,0.0,0.01915152494682099,0.0
856.3,0,0.0,0.018453659593487656,0.0
828.8,0,0.0,0.018453659593487656,0.0
921.3,0,0.0,0.018453659593487656,0.0
996.6,0,0.0,0.018453659593487656,0.0
1064.8,0,0.0,0.018453659593487656,0.0
1047.0,0,0.0,0.018453659593487656,0.0
979.1,0,0.0,0.018453659593487656,0.0
934.6,0,0.0,0.018453659593487656,0.0
947.8,0,0.0,0.018453659593487656,0.0
962.4,0,0.0,0.018453659593487656,0.0
856.8,0,0.0,0.018453659593487656,0.0
836.9,0,0.0,0.018453659593487656,0.0
910.2,0,0.0,0.018453659593487656,0.0
1182.0,0,0.0,0.018453659593487656,0.0
1111.5,0,0.0,0.018453659593487656,0.0
1223.2,0,0.0,0.018453659593487656,0.0
1169.7,0,0.0,0.018453659593487656,0.0
1133.9,0,0.0,0.018453659593487656,0.0
1255.0,0,0.0,0.018453659593487656,0.0
1430.8,0,0.0,0.018453659593487656,0.0
1036.3,0,0.0,0.018453659593487656,0.0
1214.5,0,0.0,0.018453659593487656,0.0
1276.7,0,0.0,0.018453659593487656,0.0
1177.5,0,0.0,0.018453659593487656,0.0
989.0,0,2.049901433906053e-05,0.0010825719758805856,2.2191658456641214e-08
993.2,0,0.0,0.018453659593487656,0.0
891.1,0,6.833004779686843e-06,0.0007530381550700103,5.145513312879942e-09
821.4,0,0.0,0.018453659593487656,0.0
760.9,0,6.833004779686843e-06,0.010518400875151069,7.187228345456953e-08
716.1,1,4.4414531067964485e-05,0.017327571960078857,7.695959831533127e-07
694.6,1,1.3666009559373686e-05,0.023397260124486778,3.197471805243891e-07
604.7,1,3.758152628827764e-05,0.008049203568650838,3.0250135551494966e-07
541.9,2,2.049901433906053e-05,0.012148592306121343,2.4903416788258184e-07
507.9,2,1.0249507169530265e-05,0.005813273962431313,5.9583193156383356e-08
528.1,2,3.4165023898434215e-06,0.004649630006985411,1.588547203075334e-08
541.9,2,0.0,0.0181754358554763,0.0
541.9,2,0.0,0.0181754358554763,0.0
397.0,2,6.833004779686843e-06,0.18266448451752199,1.2481472957872611e-06
462.4,2,1.3666009559373686e-05,0.03288801668286085,4.4944795037681766e-07
355.6,3,1.0249507169530265e-05,0.06942838494020093,7.116067292134964e-07
358.1,3,3.4165023898434215e-06,0.05985400668925058,2.0449135689552876e-07
314.7,4,3.4165023898434215e-06,0.19368549227959833,6.617269472512473e-07
495.9,3,3.4165023898434215e-06,0.005306709476151667,1.8130385607476903e-08
471.4,3,0.0,0.07508825935479396,0.0
916.6,0,0.0,0.018453659593487656,0.0
919.0,0,0.0,0.018453659593487656,0.0
780.9,0,0.0,0.01915152494682099,0.0
868.3,0,0.0,0.018453659593487656,0.0
694.5,1,0.0,0.014595373084873785,0.0
710.8,1,0.0,0.014851783341540453,0.0
692.7,1,0.0,0.014595373084873785,0.0
669.6,1,0.0,0.015202642277298027,0.0
639.1,2,0.0,0.014849156423516797,0.0
680.7,1,0.0,0.014595373084873785,0.0
670.0,1,0.0,0.015202642277298027,0.0
684.6,1,0.0,0.014595373084873785,0.0
693.4,1,0.0,0.014595373084873785,0.0
572.2,2,0.0,0.01779560686488198,0.0
631.2,2,0.0,0.015122141597511893,0.0
751.5,0,0.0,0.017146973512790705,0.0
796.4,0,0.0,0.018453659593487656,0.0
818.6,0,0.0,0.018453659593487656,0.0
806.2,0,0.0,0.018453659593487656,0.0
897.3,0,0.0,0.018453659593487656,0.0
1055.5,0,0.0,0.018453659593487656,0.0
886.3,0,0.0,0.018453659593487656,0.0
986.5,0,0.0,0.018453659593487656,0.0
900.4,0,0.0,0.018453659593487656,0.0
1117.4,0,0.0,0.018453659593487656,0.0
1126.0,0,0.0,0.018453659593487656,0.0
1136.6,0,0.0,0.018453659593487656,0.0
902.8,0,0.0,0.018453659593487656,0.0
1022.7,0,0.0,0.018453659593487656,0.0
867.5,0,0.0,0.018453659593487656,0.0
920.2,0,0.0,0.018453659593487656,0.0
932.0,0,0.0,0.018453659593487656,0.0
1021.0,0,0.0,0.018453659593487656,0.0
1073.0,0,0.0,0.018453659593487656,0.0
967.6,0,0.0,0.018453659593487656,0.0
1060.3,0,0.0,0.018453659593487656,0.0
1041.1,0,0.0,0.018453659593487656,0.0
950.1,0,0.0,0.018453659593487656,0.0
922.7,0,0.0,0.018453659593487656,0.0
1022.5,0,0.0,0.018453659593487656,0.0
1096.9,0,0.0,0.018453659593487656,0.0
1115.9,0,0.0,0.018453659593487656,0.0
1315.7,0,0.0,0.018453659593487656,0.0
1212.7,0,0.0,0.018453659593487656,0.0
1132.7,0,0.0,0.018453659593487656,0.0
1315.5,0,0.0,0.018453659593487656,0.0
1404.8,0,0.0,0.018453659593487656,0.0
1013.4,0,0.0,0.018453659593487656,0.0
977.9,0,0.0,0.018453659593487656,0.0
948.8,0,3.4165023898434215e-06,0.004368556234012406,1.492518281366876e-08
955.3,0,3.4165023898434215e-06,0.008869143869873782,3.0301451227288906e-08
984.3,0,3.4165023898434215e-06,0.002970184314253957,1.0147641807924088e-08
946.8,0,6.833004779686843e-06,0.04726020613916022,3.229292144378672e-07
876.4,0,6.833004779686843e-06,0.0002056447994245039,1.4051718973853772e-09
805.9,0,3.4165023898434215e-06,0.046393696750676665,1.585041758223578e-07
749.0,0,2.3915516728903952e-05,0.03499153880572726,8.368407316784621e-07
736.5,1,6.491354540702501e-05,0.03140545673447254,2.0386395417615424e-06
681.6,1,0.00015032610515311055,0.020629626429465375,3.1011713919052005e-06
577.3,2,0.00018449112905154477,0.01261451670697612,2.3272664297095987e-06
728.6,1,2.3915516728903952e-05,0.011177858494029223,2.67324261807277e-07
562.0,2,1.0249507169530265e-05,0.00032267270905618245,3.3072362448830954e-09
722.8,1,0.0,0.01752591350131619,0.0
639.2,1,0.0,0.014616623813184551,0.0
460.9,2,0.0,0.045075617293824734,0.0
429.3,2,3.4165023898434215e-06,0.111399148833897,3.805954582175321e-07
566.4,2,3.4165023898434215e-06,0.0006782747832539817,2.3173274179577572e-09
521.5,2,1.0249507169530265e-05,0.009132860824220875,9.360732249617394e-08
376.6,3,0.00015032610515311055,0.0590880561198608,8.882477337567092e-06
371.9,4,5.1247535847651325e-05,0.12257547146849149,6.28169086812428e-06
418.8,4,0.0,0.22856875994036255,0.0
460.0,3,0.0,0.08339461682332511,0.0
516.7,3,0.0,0.05662011757053924,0.0
568.1,2,0.0,0.018148688018075457,0.0
619.9,1,0.0,0.015995838327023712,0.0
393.0,2,0.0,0.30895427829519545,0.0
705.4,1,0.0,0.014851783341540453,0.0
741.6,2,0.0,0.016230030778092885,0.0
737.4,1,0.0,0.015090016064649532,0.0
673.8,1,0.0,0.016207094699873782,0.0
669.2,1,0.0,0.014616623813184551,0.0
668.1,1,0.0,0.014616623813184551,0.0
861.7,0,0.0,0.018453659593487656,0.0
751.7,0,0.0,0.017146973512790705,0.0
768.0,0,0.0,0.01915152494682099,0.0
608.5,2,0.0,0.018155853665680743,0.0
774.8,0,0.0,0.01915152494682099,0.0
784.3,0,0.0,0.01915152494682099,0.0
807.8,0,0.0,0.018453659593487656,0.0
1048.4,0,0.0,0.018453659593487656,0.0
848.9,0,0.0,0.018453659593487656,0.0
1003.0,0,0.0,0.018453659593487656,0.0
1210.0,0,0.0,0.018453659593487656,0.0
972.6,0,0.0,0.018453659593487656,0.0
1034.9,0,0.0,0.018453659593487656,0.0
929.4,0,0.0,0.018453659593487656,0.0
968.9,0,0.0,0.018453659593487656,0.0
1085.6,0,0.0,0.018453659593487656,0.0
1107.2,0,0.0,0.018453659593487656,0.0
1068.6,0,0.0,0.018453659593487656,0.0
1026.8,0,0.0,0.018453659593487656,0.0
923.8,0,0.0,0.018453659593487656,0.0
949.9,0,0.0,0.018453659593487656,0.0
900.1,0,0.0,0.018453659593487656,0.0
988.0,0,0.0,0.018453659593487656,0.0
898.9,0,0.0,0.018453659593487656,0.0
923.6,0,0.0,0.018453659593487656,0.0
1015.6,0,0.0,0.018453659593487656,0.0
1013.6,0,0.0,0.018453659593487656,0.0
943.9,0,0.0,0.018453659593487656,0.0
998.2,0,0.0,0.018453659593487656,0.0
1100.3,0,0.0,0.018453659593487656,0.0
1040.9,0,0.0,0.018453659593487656,0.0
1085.7,0,0.0,0.018453659593487656,0.0
1468.5,0,0.0,0.018453659593487656,0.0
1445.1,0,0.0,0.018453659593487656,0.0
1320.2,0,0.0,0.018453659593487656,0.0
1198.0,0,0.0,0.018453659593487656,0.0
1279.1,0,0.0,0.018453659593487656,0.0
1036.4,0,0.0,0.018453659593487656,0.0
979.2,0,0.0,0.018453659593487656,0.0
955.6,0,0.0,0.018453659593487656,0.0
962.5,0,3.4165023898434215e-06,0.0010288085350203707,3.514926818588406e-09
912.4,0,0.0,0.018453659593487656,0.0
920.6,0,0.0,0.018453659593487656,0.0
852.7,0,0.0,0.018453659593487656,0.0
834.5,0,6.491354540702501e-05,0.008727874479595506,5.665572763380376e-07
732.9,2,3.416502389843422e-05,0.01802694575784809,6.158910326326574e-07
723.7,1,8.541255974608554e-05,0.020198221025710863,1.7251817601231704e-06
661.1,1,7.516305257655528e-05,0.01507842071325092,1.133340128841499e-06
703.9,1,1.3666009559373686e-05,0.017386188310802367,2.375998156564962e-07
609.5,1,3.4165023898434215e-06,0.004172062921293017,1.425386294117472e-08
647.9,1,3.4165023898434215e-06,0.0009934442697857157,3.3941047218991505e-09
665.6,1,1.708251194921711e-05,0.006296644386555702,1.0756250297330862e-07
593.9,2,3.4165023898434215e-06,0.00681331246480702,2.327769831876316e-08
513.5,3,3.4165023898434215e-06,0.02904820512082862,9.92432622159729e-08
470.3,3,1.0249507169530265e-05,0.03461457199498079,3.547823038327771e-07
506.3,3,6.833004779686843e-06,0.003566054784152817,2.436686938474133e-08
545.1,3,1.3666009559373686e-05,0.009694059248081982,1.3247910635342325e-07
433.6,3,9.566206691561581e-05,0.04311450769057701,4.12442291972981e-06
347.8,4,5.1247535847651325e-05,0.13340166113344976,6.836506411072701e-06
485.0,3,3.4165023898434215e-06,0.003784345612274711,1.2929225828330016e-08
469.2,3,0.0,0.07486239118116086,0.0
565.0,2,0.0,0.018148688018075457,0.0
613.6,1,0.0,0.016586135574459607,0.0
676.8,1,0.0,0.01515092864154045,0.0
412.8,2,0.0,0.2704790709029308,0.0
654.5,1,0.0,0.014616623813184551,0.0
764.3,0,0.0,0.018292913074720533,0.0
825.0,0,0.0,0.018453659593487656,0.0
727.4,1,0.0,0.015602836577982861,0.0
737.2,1,0.0,0.015090016064649532,0.0
801.9,0,0.0,0.018453659593487656,0.0
897.1,0,0.0,0.018453659593487656,0.0
816.4,0,0.0,0.018453659593487656,0.0
743.0,1,0.0,0.015997498167760638,0.0
660.7,1,0.0,0.014616623813184551,0.0
737.6,1,0.0,0.015090016064649532,0.0
761.2,0,0.0,0.018292913074720533,0.0
811.9,0,0.0,0.018453659593487656,0.0
899.5,0,0.0,0.018453659593487656,0.0
958.6,0,0.0,0.018453659593487656,0.0
1002.8,0,0.0,0.018453659593487656,0.0
1119.4,0,0.0,0.018453659593487656,0.0
1056.5,0,0.0,0.018453659593487656,0.0
1081.6,0,0.0,0.018453659593487656,0.0
957.5,0,0.0,0.018453659593487656,0.0
1020.9,0,0.0,0.018453659593487656,0.0
1036.0,0,0.0,0.018453659593487656,0.0
1075.3,0,0.0,0.018453659593487656,0.0
1061.8,0,0.0,0.018453659593487656,0.0
1005.6,0,0.0,0.018453659593487656,0.0
1081.7,0,0.0,0.018453659593487656,0.0
1042.4,0,0.0,0.018453659593487656,0.0
966.3,0,0.0,0.018453659593487656,0.0
865.3,0,0.0,0.018453659593487656,0.0
959.8,0,0.0,0.018453659593487656,0.0
954.7,0,0.0,0.018453659593487656,0.0
975.2,0,0.0,0.018453659593487656,0.0
1048.7,0,0.0,0.018453659593487656,0.0
1067.9,0,0.0,0.018453659593487656,0.0
1074.9,0,0.0,0.018453659593487656,0.0
1077.6,0,0.0,0.018453659593487656,0.0
1155.4,0,0.0,0.018453659593487656,0.0
1130.3,0,0.0,0.018453659593487656,0.0
1145.0,0,0.0,0.018453659593487656,0.0
1375.2,0,0.0,0.018453659593487656,0.0
1385.2,0,0.0,0.018453659593487656,0.0
1207.5,0,0.0,0.018453659593487656,0.0
1229.9,0,0.0,0.018453659593487656,0.0
1139.4,0,0.0,0.018453659593487656,0.0
1008.2,0,0.0,0.018453659593487656,0.0
1017.3,0,0.0,0.018453659593487656,0.0
931.7,0,0.0,0.018453659593487656,0.0
919.4,0,3.4165023898434215e-06,0.0005826483724236011,1.9906195568236132e-09
847.2,0,3.4165023898434215e-06,0.0030136031117686925,1.0295982233397309e-08
803.9,0,0.0,0.018453659593487656,0.0
786.4,0,3.416502389843422e-05,0.011828152196309005,4.0410910246121437e-07
709.1,1,4.7831033457807905e-05,0.008871368488806703,4.2432672300465615e-07
853.3,0,1.3666009559373686e-05,0.011004142816490823,1.5038272092287685e-07
693.0,2,3.4165023898434215e-06,0.005388593696304845,1.84101432413207e-08
670.8,2,6.833004779686843e-06,0.002118706309308124,1.4477130338255081e-08
754.8,0,6.833004779686843e-06,0.0005826483724236011,3.9812391136472264e-09
629.1,2,1.0249507169530265e-05,0.009374684940507664,9.608590050982071e-08
609.1,2,1.3666009559373686e-05,0.0036974985463447065,5.053005048011707e-08
622.1,1,0.0,0.01569149298980149,0.0
514.5,3,3.4165023898434215e-06,0.042881538454161955,1.465048786088069e-07
577.1,2,3.4165023898434215e-06,0.013444806347195287,4.59342130161747e-08
532.8,3,3.4165023898434215e-06,0.004685947241232566,1.600954994835125e-08
496.1,4,3.758152628827764e-05,0.041764539849795286,1.5695751522829006e-06
492.6,3,2.7332019118747372e-05,0.1878772011144203,5.135063252836081e-06
526.9,2,1.708251194921711e-05,0.03142868901808474,5.368809556996611e-07
549.1,3,3.4165023898434215e-06,0.000635388341762933,2.1708057881117095e-09
549.1,3,0.0,0.05828465221808841,0.0
747.3,0,0.0,0.01762316398945737,0.0
689.1,1,0.0,0.014595373084873785,0.0
720.7,1,0.0,0.02417662837782157,0.0
632.1,1,0.0,0.01488960898717965,0.0
794.6,0,0.0,0.018453659593487656,0.0
793.4,0,0.0,0.01915152494682099,0.0
813.2,0,0.0,0.018453659593487656,0.0
721.9,1,0.0,0.01752591350131619,0.0
757.5,0,0.0,0.018292913074720533,0.0
853.2,0,0.0,0.018453659593487656,0.0
918.4,0,0.0,0.018453659593487656,0.0
888.6,0,0.0,0.018453659593487656,0.0
785.3,0,0.0,0.01915152494682099,0.0
670.7,1,0.0,0.015202642277298027,0.0
678.8,1,0.0,0.01515092864154045,0.0
787.8,0,0.0,0.01915152494682099,0.0
836.8,0,0.0,0.018453659593487656,0.0
859.6,0,0.0,0.018453659593487656,0.0
1022.7,0,0.0,0.018453659593487656,0.0
987.6,0,0.0,0.018453659593487656,0.0
1058.8,0,0.0,0.018453659593487656,0.0
1123.9,0,0.0,0.018453659593487656,0.0
1104.9,0,0.0,0.018453659593487656,0.0
1014.5,0,0.0,0.018453659593487656,0.0
1063.5,0,0.0,0.018453659593487656,0.0
1139.2,0,0.0,0.018453659593487656,0.0
1140.3,0,0.0,0.018453659593487656,0.0
1064.3,0,0.0,0.018453659593487656,0.0
1055.6,0,0.0,0.018453659593487656,0.0
1096.6,0,0.0,0.018453659593487656,0.0
1159.3,0,0.0,0.018453659593487656,0.0
1021.0,0,0.0,0.018453659593487656,0.0
960.5,0,0.0,0.018453659593487656,0.0
945.7,0,0.0,0.018453659593487656,0.0
872.4,0,0.0,0.018453659593487656,0.0
1772.5,0,0.0,0.018453659593487656,0.0
1083.0,0,0.0,0.018453659593487656,0.0
1005.3,0,0.0,0.018453659593487656,0.0
1047.1,0,0.0,0.018453659593487656,0.0
1094.7,0,0.0,0.018453659593487656,0.0
1245.6,0,0.0,0.018453659593487656,0.0
1187.5,0,0.0,0.018453659593487656,0.0
1188.7,0,0.0,0.018453659593487656,0.0
1360.4,0,0.0,0.018453659593487656,0.0
1352.8,0,0.0,0.018453659593487656,0.0
1289.2,0,0.0,0.018453659593487656,0.0
1255.0,0,0.0,0.018453659593487656,0.0
1186.7,0,0.0,0.018453659593487656,0.0
968.8,0,0.0,0.018453659593487656,0.0
1007.0,0,0.0,0.018453659593487656,0.0
907.2,0,0.0,0.018453659593487656,0.0
783.6,0,0.0,0.01915152494682099,0.0
794.9,0,3.4165023898434215e-06,0.002144266239657414,7.3258907322501215e-09
823.2,0,3.4165023898434215e-06,0.0005514454204348134,1.8840145967837504e-09
746.1,0,1.0249507169530265e-05,0.0013670367602333635,1.4011453075023284e-08
774.5,0,6.833004779686843e-06,0.21445917624956706,1.4654005763609948e-06
661.4,1,3.4165023898434215e-06,0.003209039566898786,1.0963691349411802e-08
731.5,1,3.4165023898434215e-06,0.016687210817825347,5.701189563892129e-08
697.4,1,6.833004779686843e-06,0.0022963145772209544,1.5690728481815353e-08
631.7,2,0.0,0.015122141597511893,0.0
726.0,2,0.0,0.01583536918831511,0.0
650.6,2,3.4165023898434215e-06,0.0013105740062619759,4.477579224460708e-09
721.7,1,0.0,0.01752591350131619,0.0
560.6,3,1.3666009559373686e-05,0.02686936565694064,3.6719700792205783e-07
591.5,3,6.833004779686843e-06,0.03332728684508385,2.2772551030645237e-07
599.9,2,0.0,0.017875046610771796,0.0
566.7,4,1.3666009559373686e-05,0.0029484426063191597,4.02934448432223e-08
551.2,4,6.833004779686843e-06,0.006686004124967622,4.5685498142909707e-08
516.6,3,1.708251194921711e-05,0.002487560033047746,4.249377398893303e-08
490.8,4,1.3666009559373686e-05,0.009487553853876366,1.2965700166214708e-07
765.3,0,0.0,0.018292913074720533,0.0
747.3,0,0.0,0.01762316398945737,0.0
703.3,1,0.0,0.014595373084873785,0.0
789.8,0,0.0,0.01915152494682099,0.0
849.4,0,0.0,0.018453659593487656,0.0
896.7,0,0.0,0.018453659593487656,0.0
824.5,0,0.0,0.018453659593487656,0.0
879.3,0,0.0,0.018453659593487656,0.0
751.6,0,0.0,0.017146973512790705,0.0
756.6,0,0.0,0.018292913074720533,0.0
926.0,0,0.0,0.018453659593487656,0.0
1001.1,0,0.0,0.018453659593487656,0.0
889.9,0,0.0,0.018453659593487656,0.0
837.1,0,0.0,0.018453659593487656,0.0
745.2,1,0.0,0.016978185956590865,0.0
726.6,1,0.0,0.015602836577982861,0.0
770.6,0,0.0,0.01915152494682099,0.0
797.2,0,0.0,0.018453659593487656,0.0
880.2,0,0.0,0.018453659593487656,0.0
903.0,0,0.0,0.018453659593487656,0.0
953.8,0,0.0,0.018453659593487656,0.0
1045.7,0,0.0,0.018453659593487656,0.0
1186.0,0,0.0,0.018453659593487656,0.0
1196.6,0,0.0,0.018453659593487656,0.0
1104.1,0,0.0,0.018453659593487656,0.0
1087.1,0,0.0,0.018453659593487656,0.0
1168.1,0,0.0,0.018453659593487656,0.0
1207.8,0,0.0,0.018453659593487656,0.0
1127.2,0,0.0,0.018453659593487656,0.0
1118.1,0,0.0,0.018453659593487656,0.0
1182.9,0,0.0,0.018453659593487656,0.0
1272.2,0,0.0,0.018453659593487656,0.0
1000.8,0,0.0,0.018453659593487656,0.0
924.0,0,0.0,0.018453659593487656,0.0
924.0,0,0.0,0.018453659593487656,0.0
1138.2,0,0.0,0.018453659593487656,0.0
1091.4,0,0.0,0.018453659593487656,0.0
1049.5,0,0.0,0.018453659593487656,0.0
1728.2,0,0.0,0.018453659593487656,0.0
1711.6,0,0.0,0.018453659593487656,0.0
1107.5,0,0.0,0.018453659593487656,0.0
1194.2,0,0.0,0.018453659593487656,0.0
1247.6,0,0.0,0.018453659593487656,0.0
1293.5,0,0.0,0.018453659593487656,0.0
1328.1,0,0.0,0.018453659593487656,0.0
1386.0,0,0.0,0.018453659593487656,0.0
1322.3,0,0.0,0.018453659593487656,0.0
1284.6,0,0.0,0.018453659593487656,0.0
1396.7,0,0.0,0.018453659593487656,0.0
909.9,0,0.0,0.018453659593487656,0.0
958.5,0,0.0,0.018453659593487656,0.0
897.8,0,0.0,0.018453659593487656,0.0
785.0,0,0.0,0.01915152494682099,0.0
769.0,0,6.833004779686843e-06,0.002144266239657414,1.4651781464500243e-08
917.0,0,0.0,0.018453659593487656,0.0
726.2,1,1.0249507169530265e-05,0.044120034358766456,4.522086084800984e-07
611.5,1,1.3666009559373686e-05,0.0006748498014839472,9.222503838221056e-09
594.1,1,3.4165023898434215e-06,0.00915329899838901,3.1272267902947444e-08
645.0,1,0.0,0.014616623813184551,0.0
570.2,1,1.3666009559373686e-05,0.007540249260495394,1.0304511847399042e-07
678.7,1,6.833004779686843e-06,0.0004602163149138433,3.1446602794961566e-09
696.8,1,3.4165023898434215e-06,0.0004914192669026311,1.6789350997879412e-09
713.0,1,0.0,0.01572678334154045,0.0
718.7,1,0.0,0.018405161853185838,0.0
585.8,3,3.4165023898434215e-06,0.04831044577174767,1.6505275343357694e-07
599.3,3,6.833004779686843e-06,0.030522042507568715,2.0855726234002203e-07
599.9,2,0.0,0.017875046610771796,0.0
523.7,4,0.0,0.05694995472950695,0.0
555.2,4,2.3915516728903952e-05,0.004793316322557353,1.1463463669904874e-07
533.9,4,2.7332019118747372e-05,0.002145923156022745,5.865241272777637e-08
507.2,4,3.4165023898434215e-06,0.0035658381442445924,1.2182694541606481e-08
539.3,3,3.4165023898434215e-06,0.03435219553224414,1.1736435813228061e-07
598.4,3,1.0249507169530265e-05,0.031672642604996235,3.246289774578786e-07
724.6,1,1.0249507169530265e-05,0.003096518300170668,3.173778651818093e-08
787.9,0,0.0,0.01915152494682099,0.0
592.3,1,0.0,0.01670686304640488,0.0
888.4,0,0.0,0.018453659593487656,0.0
881.3,0,0.0,0.018453659593487656,0.0
920.3,0,0.0,0.018453659593487656,0.0
779.8,0,0.0,0.01915152494682099,0.0
945.3,0,0.0,0.018453659593487656,0.0
921.5,0,0.0,0.018453659593487656,0.0
1028.1,0,0.0,0.018453659593487656,0.0
922.2,0,0.0,0.018453659593487656,0.0
783.7,0,0.0,0.01915152494682099,0.0
760.6,0,0.0,0.018292913074720533,0.0
762.7,0,0.0,0.018292913074720533,0.0
897.0,0,0.0,0.018453659593487656,0.0
836.2,0,0.0,0.018453659593487656,0.0
796.3,0,0.0,0.018453659593487656,0.0
852.6,0,0.0,0.018453659593487656,0.0
862.6,0,0.0,0.018453659593487656,0.0
1179.9,0,0.0,0.018453659593487656,0.0
1249.0,0,0.0,0.018453659593487656,0.0
1263.6,0,0.0,0.018453659593487656,0.0
1106.5,0,0.0,0.018453659593487656,0.0
1119.8,0,0.0,0.018453659593487656,0.0
1216.8,0,0.0,0.018453659593487656,0.0
1188.0,0,0.0,0.018453659593487656,0.0
1232.2,0,0.0,0.018453659593487656,0.0
1144.8,0,0.0,0.018453659593487656,0.0
1107.0,0,0.0,0.018453659593487656,0.0
1096.2,0,0.0,0.018453659593487656,0.0
1020.8,0,0.0,0.018453659593487656,0.0
921.4,0,0.0,0.018453659593487656,0.0
1109.6,0,0.0,0.018453659593487656,0.0
1180.7,0,0.0,0.018453659593487656,0.0
1144.8,0,0.0,0.018453659593487656,0.0
1109.5,0,0.0,0.018453659593487656,0.0
1134.2,0,0.0,0.018453659593487656,0.0
1220.5,0,0.0,0.018453659593487656,0.0
1685.3,0,0.0,0.018453659593487656,0.0
1300.3,0,0.0,0.018453659593487656,0.0
1299.0,0,0.0,0.018453659593487656,0.0
1304.5,0,0.0,0.018453659593487656,0.0
1315.3,0,0.0,0.018453659593487656,0.0
1335.8,0,0.0,0.018453659593487656,0.0
1428.6,0,0.0,0.018453659593487656,0.0
1441.9,0,0.0,0.018453659593487656,0.0
959.1,0,0.0,0.018453659593487656,0.0
833.4,0,0.0,0.018453659593487656,0.0
964.1,0,0.0,0.018453659593487656,0.0
831.3,0,0.0,0.018453659593487656,0.0
732.2,1,0.0,0.015602836577982861,0.0
653.9,1,0.0,0.014616623813184551,0.0
623.7,1,6.833004779686843e-06,0.0006334744492042756,4.328533939222305e-09
704.6,1,6.833004779686843e-06,0.000987311634384926,6.746305116792628e-09
578.6,1,6.833004779686843e-06,0.00035387566104497003,2.4180340833351212e-09
576.4,1,6.833004779686843e-06,0.000786197311909436,5.372089990054124e-09
534.4,1,1.0249507169530265e-05,0.021567416580251488,2.2105539086753353e-07
551.0,1,6.833004779686843e-06,0.012163800500564127,8.311530695951189e-08
593.7,1,1.708251194921711e-05,0.01335095665641884,2.2806787661675455e-07
690.1,1,6.833004779686843e-06,0.0044995645473380076,3.074554605847007e-08
577.6,2,6.833004779686843e-06,0.22481992097317582,1.5361955945785287e-06
561.6,2,6.833004779686843e-06,0.0006724217155224409,4.5946607961300655e-09
553.7,2,6.833004779686843e-06,0.004856125828063877,3.31819309939212e-08
592.2,2,0.0,0.016541713277438457,0.0
592.3,4,0.0,0.055066357322711104,0.0
617.4,3,3.4165023898434215e-06,0.030764172591131313,1.0510586917915562e-07
444.6,3,3.758152628827764e-05,0.01312585010030217,4.932894806004977e-07
527.3,3,1.3666009559373686e-05,0.004103652159158056,5.608054963539846e-08
610.8,2,0.0,0.01648918699901408,0.0
552.3,3,6.833004779686843e-06,0.03445723411015185,2.354464453694561e-07
600.1,2,3.4165023898434215e-06,0.0038961274012435675,1.3311128577483087e-08
593.4,3,0.0,0.05486009942135452,0.0
633.1,1,0.0,0.014755512701934552,0.0
572.3,1,0.0,0.017960756633848402,0.0
850.9,0,0.0,0.018453659593487656,0.0
867.5,0,0.0,0.018453659593487656,0.0
893.7,0,0.0,0.018453659593487656,0.0
807.3,0,0.0,0.018453659593487656,0.0
890.9,0,0.0,0.018453659593487656,0.0
980.1,0,0.0,0.018453659593487656,0.0
1023.7,0,0.0,0.018453659593487656,0.0
857.6,0,0.0,0.018453659593487656,0.0
806.4,0,0.0,0.018453659593487656,0.0
788.7,0,0.0,0.01915152494682099,0.0
872.0,0,0.0,0.018453659593487656,0.0
854.2,0,0.0,0.018453659593487656,0.0
970.6,0,0.0,0.018453659593487656,0.0
1022.3,0,0.0,0.018453659593487656,0.0
842.1,0,0.0,0.018453659593487656,0.0
863.8,0,0.0,0.018453659593487656,0.0
1162.5,0,0.0,0.018453659593487656,0.0
1158.0,0,0.0,0.018453659593487656,0.0
1255.4,0,0.0,0.018453659593487656,0.0
1152.4,0,0.0,0.018453659593487656,0.0
1165.8,0,0.0,0.018453659593487656,0.0
1435.3,0,0.0,0.018453659593487656,0.0
1253.3,0,0.0,0.018453659593487656,0.0
1331.9,0,0.0,0.018453659593487656,0.0
1331.9,0,0.0,0.018453659593487656,0.0
1061.2,0,0.0,0.018453659593487656,0.0
1026.2,0,0.0,0.018453659593487656,0.0
981.2,0,0.0,0.018453659593487656,0.0
1025.0,0,0.0,0.018453659593487656,0.0
1033.0,0,0.0,0.018453659593487656,0.0
1102.3,0,0.0,0.018453659593487656,0.0
1181.8,0,0.0,0.018453659593487656,0.0
1122.0,0,0.0,0.018453659593487656,0.0
1149.6,0,0.0,0.018453659593487656,0.0
1231.4,0,0.0,0.018453659593487656,0.0
992.3,0,0.0,0.018453659593487656,0.0
1351.5,0,0.0,0.018453659593487656,0.0
1328.8,0,0.0,0.018453659593487656,0.0
1362.4,0,0.0,0.018453659593487656,0.0
1408.8,0,0.0,0.018453659593487656,0.0
1396.5,0,0.0,0.018453659593487656,0.0
1436.8,0,0.0,0.018453659593487656,0.0
1392.1,0,0.0,0.018453659593487656,0.0
926.0,0,0.0,0.018453659593487656,0.0
851.8,0,0.0,0.018453659593487656,0.0
758.5,0,0.0,0.018292913074720533,0.0
688.2,1,0.0,0.014595373084873785,0.0
705.5,1,0.0,0.014851783341540453,0.0
582.7,1,0.0,0.018754761566395575,0.0
554.8,1,0.0,0.018700125048714537,0.0
497.7,1,0.0,0.026849382637807402,0.0
512.2,1,0.0,0.01995791807330779,0.0
551.4,1,0.0,0.020366791715381204,0.0
489.3,1,3.4165023898434215e-06,0.033716589530091115,1.1519280870692598e-07
519.7,1,1.3666009559373686e-05,0.014814712829675409,2.0245800714972014e-07
551.0,1,3.416502389843422e-05,0.04056747598453237,1.3859887865107047e-06
692.4,1,2.3915516728903952e-05,0.04491401545246868,1.0741418879157655e-06
622.9,1,2.049901433906053e-05,0.06972078585788098,1.4292073890312708e-06
516.6,3,2.7332019118747372e-05,0.011981788039047404,3.274864597600222e-07
564.9,2,1.708251194921711e-05,0.005338370996628744,9.119278633926457e-08
618.5,2,0.0,0.015898889751578178,0.0
581.8,3,3.4165023898434215e-06,0.11196765483400692,3.8253776032554796e-07
572.7,4,2.049901433906053e-05,0.002408145371960385,4.936460651035818e-08
431.8,2,2.3915516728903952e-05,0.02902391340964923,6.941218866867259e-07
525.6,3,0.0,0.05674369682815036,0.0
610.8,2,3.4165023898434215e-06,0.00044066247409925576,1.5055243958744222e-09
598.7,3,3.4165023898434215e-06,0.02686936565694064,9.179925198051446e-08
583.7,3,0.0,0.055936391133060884,0.0
718.2,1,0.0,0.01753821787115949,0.0
646.0,1,0.0,0.014616623813184551,0.0
745.4,1,0.0,0.016978185956590865,0.0
834.6,0,0.0,0.018453659593487656,0.0
802.5,0,0.0,0.018453659593487656,0.0
833.3,0,0.0,0.018453659593487656,0.0
830.0,0,0.0,0.018453659593487656,0.0
866.4,0,0.0,0.018453659593487656,0.0
1004.9,0,0.0,0.018453659593487656,0.0
878.4,0,0.0,0.018453659593487656,0.0
856.6,0,0.0,0.018453659593487656,0.0
899.5,0,0.0,0.018453659593487656,0.0
821.5,0,0.0,0.018453659593487656,0.0
822.0,0,0.0,0.018453659593487656,0.0
843.2,0,0.0,0.018453659593487656,0.0
1019.7,0,0.0,0.018453659593487656,0.0
966.0,0,0.0,0.018453659593487656,0.0
964.2,0,0.0,0.018453659593487656,0.0
919.6,0,0.0,0.018453659593487656,0.0
906.1,0,0.0,0.018453659593487656,0.0
1093.3,0,0.0,0.018453659593487656,0.0
1178.0,0,0.0,0.018453659593487656,0.0
1251.5,0,0.0,0.018453659593487656,0.0
1216.5,0,0.0,0.018453659593487656,0.0
1317.1,0,0.0,0.018453659593487656,0.0
1265.8,0,0.0,0.018453659593487656,0.0
1288.6,0,0.0,0.018453659593487656,0.0
1289.1,0,0.0,0.018453659593487656,0.0
1198.5,0,0.0,0.018453659593487656,0.0
1228.1,0,0.0,0.018453659593487656,0.0
1010.6,0,0.0,0.018453659593487656,0.0
1090.7,0,0.0,0.018453659593487656,0.0
1104.0,0,0.0,0.018453659593487656,0.0
1263.5,0,0.0,0.018453659593487656,0.0
1223.4,0,0.0,0.018453659593487656,0.0
1205.2,0,0.0,0.018453659593487656,0.0
1191.5,0,0.0,0.018453659593487656,0.0
1231.6,0,0.0,0.018453659593487656,0.0
1289.2,0,0.0,0.018453659593487656,0.0
1020.5,0,0.0,0.018453659593487656,0.0
1628.1,0,0.0,0.018453659593487656,0.0
1378.7,0,0.0,0.018453659593487656,0.0
1494.8,0,0.0,0.018453659593487656,0.0
1414.1,0,0.0,0.018453659593487656,0.0
1450.3,0,0.0,0.018453659593487656,0.0
1467.0,0,0.0,0.018453659593487656,0.0
794.6,0,0.0,0.018453659593487656,0.0
694.5,1,0.0,0.014595373084873785,0.0
686.1,1,0.0,0.014595373084873785,0.0
667.9,1,0.0,0.014616623813184551,0.0
663.8,1,0.0,0.014616623813184551,0.0
601.4,1,0.0,0.020302680955462164,0.0
559.5,1,0.0,0.020516001086887482,0.0
566.3,1,0.0,0.018549213659284303,0.0
437.3,1,0.0,0.05822859182577587,0.0
394.8,1,1.3666009559373686e-05,0.14269545345071916,1.950077430936691e-06
407.2,1,3.416502389843422e-05,0.24247775097939306,8.284258157049546e-06
427.1,2,5.808054062733817e-05,0.08421043771437388,4.890987748915623e-06
500.9,2,0.0003621492533234027,0.037572596971644875,1.3606887938702334e-05
559.5,1,0.00016740861710232767,0.04445150204875977,7.441564486104159e-06
568.8,1,0.0002630706840179435,0.06026434792776792,1.5853783231253243e-05
471.9,3,0.00016057561232264082,0.04038596313701417,6.48500075996565e-06
559.1,3,4.099802867812106e-05,0.013943963308151194,5.716750075942504e-07
556.0,4,1.0249507169530265e-05,0.0017433827111154054,1.786881359681246e-08
529.2,4,1.3666009559373686e-05,0.022479798701001707,3.072091439406855e-07
501.6,4,2.3915516728903952e-05,0.014016304114360221,3.352071555243872e-07
437.3,2,0.0,0.05585506835867315,0.0
600.6,3,0.0,0.05486009942135452,0.0
631.9,3,3.4165023898434215e-06,0.12057469501224682,4.1194373366398294e-07
619.3,2,3.4165023898434215e-06,0.0008020317247713992,2.7401433044117267e-09
612.7,2,1.0249507169530265e-05,0.03248819034267857,3.3298793984234796e-07
816.7,0,0.0,0.018453659593487656,0.0
706.9,1,0.0,0.014851783341540453,0.0
689.0,1,0.0,0.014595373084873785,0.0
722.2,1,0.0,0.01752591350131619,0.0
776.9,0,0.0,0.01915152494682099,0.0
868.4,0,0.0,0.018453659593487656,0.0
836.1,0,0.0,0.018453659593487656,0.0
900.3,0,0.0,0.018453659593487656,0.0
917.6,0,0.0,0.018453659593487656,0.0
902.9,0,0.0,0.018453659593487656,0.0
1011.2,0,0.0,0.018453659593487656,0.0
993.4,0,0.0,0.018453659593487656,0.0
1032.3,0,0.0,0.018453659593487656,0.0
1051.1,0,0.0,0.018453659593487656,0.0
969.3,0,0.0,0.018453659593487656,0.0
874.0,0,0.0,0.018453659593487656,0.0
970.8,0,0.0,0.018453659593487656,0.0
1069.2,0,0.0,0.018453659593487656,0.0
995.5,0,0.0,0.018453659593487656,0.0
928.3,0,0.0,0.018453659593487656,0.0
1007.6,0,0.0,0.018453659593487656,0.0
1221.9,0,0.0,0.018453659593487656,0.0
1241.6,0,0.0,0.018453659593487656,0.0
1243.6,0,0.0,0.018453659593487656,0.0
1250.5,0,0.0,0.018453659593487656,0.0
1224.7,0,0.0,0.018453659593487656,0.0
1272.8,0,0.0,0.018453659593487656,0.0
1190.0,0,0.0,0.018453659593487656,0.0
1122.7,0,0.0,0.018453659593487656,0.0
1113.3,0,0.0,0.018453659593487656,0.0
1075.4,0,0.0,0.018453659593487656,0.0
1260.9,0,0.0,0.018453659593487656,0.0
1168.6,0,0.0,0.018453659593487656,0.0
1246.3,0,0.0,0.018453659593487656,0.0
1206.7,0,0.0,0.018453659593487656,0.0
1258.5,0,0.0,0.018453659593487656,0.0
1234.8,0,0.0,0.018453659593487656,0.0
1328.2,0,0.0,0.018453659593487656,0.0
1381.9,0,0.0,0.018453659593487656,0.0
1032.7,0,0.0,0.018453659593487656,0.0
1047.5,0,0.0,0.018453659593487656,0.0
1599.1,0,0.0,0.018453659593487656,0.0
1582.1,0,0.0,0.018453659593487656,0.0
1437.3,0,0.0,0.018453659593487656,0.0
1474.1,0,0.0,0.018453659593487656,0.0
1534.9,0,0.0,0.018453659593487656,0.0
636.1,1,0.0,0.014755512701934552,0.0
649.7,1,0.0,0.014616623813184551,0.0
613.6,1,0.0,0.016586135574459607,0.0
657.1,1,0.0,0.014616623813184551,0.0
665.5,1,0.0,0.014616623813184551,0.0
626.0,1,0.0,0.02162316326137607,0.0
577.0,1,0.0,0.017913037040294944,0.0
466.7,1,0.0,0.039473023477033804,0.0
366.9,1,0.0,0.20280800851796482,0.0
341.1,1,2.049901433906053e-05,0.12464516272399301,2.5551029779736656e-06
318.4,2,9.224556452577238e-05,0.21412532646476856,1.9752111619007887e-05
394.9,2,0.00014690960276326714,0.09518240094464793,1.3983208712832251e-05
477.5,2,0.00038948127244215006,0.04365767389476514,1.7003846380397564e-05
508.8,2,0.00016057561232264082,0.04994936498519516,8.020649867624787e-06
452.6,2,0.0002357386648991961,0.0675255127487633,1.5918374222027104e-05
446.9,3,0.00013324359320389343,0.050935609489427505,6.786843630401653e-06
536.6,3,3.758152628827764e-05,0.016869054145783904,6.339648018381567e-07
556.1,4,3.4165023898434215e-06,0.07843828759587913,2.6798459702654664e-07
586.6,3,6.833004779686843e-06,0.0021881532100202243,1.49516613427553e-08
379.0,2,2.049901433906053e-05,0.07901760513393445,1.6197830206787452e-06
454.7,2,6.833004779686843e-06,0.0041747824967362235,2.8526308754351587e-08
598.7,3,6.833004779686843e-06,0.04161936565694064,2.843853244614098e-07
617.4,3,1.0249507169530265e-05,0.01422129373460999,1.4576125209288094e-07
726.7,1,1.0249507169530265e-05,0.0014640044545837748,1.5005324153480645e-08
778.6,0,0.0,0.01915152494682099,0.0
774.8,0,0.0,0.01915152494682099,0.0
788.2,0,0.0,0.01915152494682099,0.0
511.5,1,0.0,0.01995791807330779,0.0
734.7,1,0.0,0.015602836577982861,0.0
819.9,0,0.0,0.018453659593487656,0.0
794.9,0,0.0,0.018453659593487656,0.0
813.2,0,0.0,0.018453659593487656,0.0
868.4,0,0.0,0.018453659593487656,0.0
941.8,0,0.0,0.018453659593487656,0.0
962.7,0,0.0,0.018453659593487656,0.0
1000.1,0,0.0,0.018453659593487656,0.0
1056.9,0,0.0,0.018453659593487656,0.0
1054.6,0,0.0,0.018453659593487656,0.0
1069.0,0,0.0,0.018453659593487656,0.0
962.3,0,0.0,0.018453659593487656,0.0
1003.8,0,0.0,0.018453659593487656,0.0
905.4,0,0.0,0.018453659593487656,0.0
1069.2,0,0.0,0.018453659593487656,0.0
1089.9,0,0.0,0.018453659593487656,0.0
1036.6,0,0.0,0.018453659593487656,0.0
973.4,0,0.0,0.018453659593487656,0.0
1005.1,0,0.0,0.018453659593487656,0.0
1181.2,0,0.0,0.018453659593487656,0.0
1197.1,0,0.0,0.018453659593487656,0.0
1203.9,0,0.0,0.018453659593487656,0.0
1340.6,0,0.0,0.018453659593487656,0.0
1216.9,0,0.0,0.018453659593487656,0.0
1194.6,0,0.0,0.018453659593487656,0.0
1161.5,0,0.0,0.018453659593487656,0.0
1076.7,0,0.0,0.018453659593487656,0.0
1091.1,0,0.0,0.018453659593487656,0.0
1228.2,0,0.0,0.018453659593487656,0.0
1226.9,0,0.0,0.018453659593487656,0.0
1248.9,0,0.0,0.018453659593487656,0.0
1235.8,0,0.0,0.018453659593487656,0.0
1388.8,0,0.0,0.018453659593487656,0.0
1298.8,0,0.0,0.018453659593487656,0.0
1308.2,0,0.0,0.018453659593487656,0.0
1380.4,0,0.0,0.018453659593487656,0.0
1460.0,0,0.0,0.018453659593487656,0.0
1509.3,0,0.0,0.018453659593487656,0.0
1074.5,0,0.0,0.018453659593487656,0.0
1091.9,0,0.0,0.018453659593487656,0.0
1555.1,0,0.0,0.018453659593487656,0.0
1539.5,0,0.0,0.018453659593487656,0.0
1556.7,0,0.0,0.018453659593487656,0.0
616.9,1,0.0,0.01648393356535704,0.0
625.0,1,0.0,0.02162316326137607,0.0
567.0,1,0.0,0.018549213659284303,0.0
646.8,1,0.0,0.014616623813184551,0.0
639.9,1,0.0,0.014616623813184551,0.0
648.1,1,0.0,0.014616623813184551,0.0
637.0,1,0.0,0.014755512701934552,0.0
465.2,1,0.0,0.039473023477033804,0.0
355.7,1,6.833004779686843e-06,0.0849416117153598,5.804064388453575e-07
370.8,1,5.1247535847651325e-05,0.1172515700941902,6.008854041595414e-06
272.0,2,0.0002562376792382566,0.3819713898904821,9.787546248094842e-05
373.8,2,0.0003928977748319935,0.1366586674883054,5.369288636766049e-05
369.6,2,0.00035189974615387244,0.1873939721903188,6.594389124453901e-05
438.5,2,0.0005329743728155737,0.06404089160223264,3.413215403625008e-05
408.2,2,0.00041339678917105404,0.10353007071976557,4.279899881820324e-05
423.8,2,0.00014690960276326714,0.07112522441506725,1.0448978465265758e-05
489.6,3,3.416502389843422e-05,0.02890655888198855,9.875932750246348e-07
557.0,3,0.0,0.05644744629395048,0.0
549.0,3,2.049901433906053e-05,0.00883684090360533,1.8114652839500226e-07
555.3,2,1.3666009559373686e-05,0.00523129350605044,7.14909070615748e-08
508.2,2,1.3666009559373686e-05,0.0023497678987364364,3.211195056644156e-08
560.3,3,6.833004779686843e-06,0.20415963480457835,1.3950237604388043e-06
626.7,3,3.4165023898434215e-06,0.02166428515665145,7.401608201194904e-08
645.3,1,2.049901433906053e-05,0.0034996476345867025,7.173932704305208e-08
709.2,1,6.833004779686843e-06,0.0010615349242895978,7.253473211475333e-09
748.7,0,3.4165023898434215e-06,0.003253902312036567,1.1116965025389966e-08
736.0,2,0.0,0.01583536918831511,0.0
491.5,1,0.0,0.037945957727225844,0.0
725.6,2,0.0,0.01666870252164844,0.0
735.4,2,0.0,0.01583536918831511,0.0
777.0,0,0.0,0.01915152494682099,0.0
820.9,0,0.0,0.018453659593487656,0.0
1022.5,0,0.0,0.018453659593487656,0.0
1023.1,0,0.0,0.018453659593487656,0.0
1022.0,0,0.0,0.018453659593487656,0.0
1064.9,0,0.0,0.018453659593487656,0.0
1084.0,0,0.0,0.018453659593487656,0.0
1108.9,0,0.0,0.018453659593487656,0.0
1176.9,0,0.0,0.018453659593487656,0.0
1035.4,0,0.0,0.018453659593487656,0.0
1015.7,0,0.0,0.018453659593487656,0.0
925.6,0,0.0,0.018453659593487656,0.0
974.9,0,0.0,0.018453659593487656,0.0
1047.7,0,0.0,0.018453659593487656,0.0
1077.5,0,0.0,0.018453659593487656,0.0
989.8,0,0.0,0.018453659593487656,0.0
1020.7,0,0.0,0.018453659593487656,0.0
1066.6,0,0.0,0.018453659593487656,0.0
1126.9,0,0.0,0.018453659593487656,0.0
1142.2,0,0.0,0.018453659593487656,0.0
1325.4,0,0.0,0.018453659593487656,0.0
1257.9,0,0.0,0.018453659593487656,0.0
1326.4,0,0.0,0.018453659593487656,0.0
1166.4,0,0.0,0.018453659593487656,0.0
1112.9,0,0.0,0.018453659593487656,0.0
1194.4,0,0.0,0.018453659593487656,0.0
1171.0,0,0.0,0.018453659593487656,0.0
1249.7,0,0.0,0.018453659593487656,0.0
1265.2,0,0.0,0.018453659593487656,0.0
1398.6,0,0.0,0.018453659593487656,0.0
1361.5,0,0.0,0.018453659593487656,0.0
1400.3,0,0.0,0.018453659593487656,0.0
1338.5,0,0.0,0.018453659593487656,0.0
1415.1,0,0.0,0.018453659593487656,0.0
1449.2,0,0.0,0.018453659593487656,0.0
1503.8,0,0.0,0.018453659593487656,0.0
1542.9,0,0.0,0.018453659593487656,0.0
1605.2,0,0.0,0.018453659593487656,0.0
1119.9,0,0.0,0.018453659593487656,0.0
1527.6,0,0.0,0.018453659593487656,0.0
1627.4,0,0.0,0.018453659593487656,0.0
562.4,1,0.0,0.020804922089665265,0.0
589.5,1,0.0,0.01670686304640488,0.0
568.8,1,0.0,0.0179885344118484,0.0
630.7,1,0.0,0.01488960898717965,0.0
583.0,1,0.0,0.018261278347148257,0.0
520.7,2,0.0,0.017940620315512076,0.0
571.3,1,0.0,0.017960756633848402,0.0
373.0,1,0.0,0.2559697407616927,0.0
260.7,2,2.3915516728903952e-05,0.2409365111549459,5.762121163129863e-06
362.5,1,8.199605735624212e-05,0.23976162792702127,1.9659508195330018e-05
223.6,2,0.00030748521508590793,0.3414121360552024,0.00010497918408787317
322.9,2,0.0004236462963405843,0.23564050753820917,9.982822828637785e-05
329.9,2,0.0004851433393577659,0.19336803434817662,9.381121390872159e-05
388.0,2,0.0008575420998506989,0.17374344868024885,0.00014899232181656274
360.3,2,0.00042022979395074086,0.18596390948252595,7.81475753641161e-05
387.2,2,0.00011274457886483292,0.10976241400123295,1.2375117141756448e-05
417.4,3,4.4414531067964485e-05,0.05945850007867519,2.640821398998888e-06
430.8,3,1.0249507169530265e-05,0.05998081045915069,6.147737468353009e-07
326.9,4,9.224556452577238e-05,0.07326420902159271,6.7582983207310055e-06
639.1,2,1.0249507169530265e-05,0.057059231564870055,5.848290030120232e-07
720.8,1,3.4165023898434215e-06,0.010118826963606855,3.4570996503574876e-08
560.9,3,0.0,0.05872278259237247,0.0
609.2,3,0.0,0.05642445538449269,0.0
650.5,3,3.4165023898434215e-06,0.08350351875264872,2.8528997137875934e-07
681.8,2,6.833004779686843e-06,0.001297959152436892,8.868961092439568e-09
700.0,2,0.0,0.01482790569520603,0.0
654.4,2,0.0,0.014849156423516797,0.0
471.7,1,0.0,0.03956612212422245,0.0
682.4,2,0.0,0.01482790569520603,0.0
697.2,2,0.0,0.01482790569520603,0.0
825.4,0,0.0,0.018453659593487656,0.0
816.6,0,0.0,0.018453659593487656,0.0
1022.5,0,0.0,0.018453659593487656,0.0
982.4,0,0.0,0.018453659593487656,0.0
1065.1,0,0.0,0.018453659593487656,0.0
1129.2,0,0.0,0.018453659593487656,0.0
1122.4,0,0.0,0.018453659593487656,0.0
1152.5,0,0.0,0.018453659593487656,0.0
1089.6,0,0.0,0.018453659593487656,0.0
1110.5,0,0.0,0.018453659593487656,0.0
1068.2,0,0.0,0.018453659593487656,0.0
955.2,0,0.0,0.018453659593487656,0.0
966.6,0,0.0,0.018453659593487656,0.0
1006.6,0,0.0,0.018453659593487656,0.0
1042.1,0,0.0,0.018453659593487656,0.0
1084.5,0,0.0,0.018453659593487656,0.0
1111.3,0,0.0,0.018453659593487656,0.0
1063.1,0,0.0,0.018453659593487656,0.0
1099.4,0,0.0,0.018453659593487656,0.0
1128.2,0,0.0,0.018453659593487656,0.0
1191.0,0,0.0,0.018453659593487656,0.0
1212.1,0,0.0,0.018453659593487656,0.0
1256.5,0,0.0,0.018453659593487656,0.0
1153.5,0,0.0,0.018453659593487656,0.0
1158.8,0,0.0,0.018453659593487656,0.0
1256.7,0,0.0,0.018453659593487656,0.0
1191.7,0,0.0,0.018453659593487656,0.0
1251.2,0,0.0,0.018453659593487656,0.0
1319.0,0,0.0,0.018453659593487656,0.0
1396.1,0,0.0,0.018453659593487656,0.0
1468.0,0,0.0,0.018453659593487656,0.0
1404.2,0,0.0,0.018453659593487656,0.0
1412.4,0,0.0,0.018453659593487656,0.0
1405.9,0,0.0,0.018453659593487656,0.0
1446.9,0,0.0,0.018453659593487656,0.0
1603.4,0,0.0,0.018453659593487656,0.0
1617.0,0,0.0,0.018453659593487656,0.0
1606.7,0,0.0,0.018453659593487656,0.0
1641.6,0,0.0,0.018453659593487656,0.0
1692.4,0,0.0,0.018453659593487656,0.0
1499.6,0,0.0,0.018453659593487656,0.0
579.0,1,0.0,0.018413037040294945,0.0
519.5,2,0.0,0.018301731426623186,0.0
549.6,2,0.0,0.019966266074172352,0.0
598.2,1,0.0,0.017373529713071545,0.0
561.9,1,0.0,0.020804922089665265,0.0
447.2,2,0.0,0.04633533163698652,0.0
411.7,1,0.0,0.2882130970633501,0.0
419.7,1,0.0,0.23614516245514675,0.0
246.4,2,1.708251194921711e-05,0.5013871978687514,8.56495279877743e-06
219.4,2,8.199605735624212e-05,0.527502008926313,4.3253084979454904e-05
177.5,2,0.000591054913442912,0.5445978704180321,0.0003218872471611241
336.8,2,0.0008541255974608554,0.21771080039962087,0.0001859523674650072
283.3,2,0.0002801531959671606,0.33352654948756355,9.343852877884028e-05
330.0,2,0.00033823373659449873,0.2129730864145543,7.203468281205779e-05
324.5,2,0.00016057561232264082,0.24886463934184358,3.99615918477697e-05
362.0,2,0.00013666009559373687,0.1798777696258728,2.4582113192259954e-05
364.1,4,6.491354540702501e-05,0.08265070595202016,5.365150353739133e-06
293.7,2,5.808054062733817e-05,0.2967640218955353,1.7236214830435914e-05
372.1,4,5.1247535847651325e-05,0.07900707450769753,4.048917883051289e-06
450.3,3,1.0249507169530265e-05,0.03227892921281214,3.308431163914779e-07
528.2,3,6.833004779686843e-06,0.005161947708612335,3.527161336544163e-08
599.9,3,1.708251194921711e-05,0.0035586173517372084,6.079012343374221e-08
637.0,3,3.4165023898434215e-06,0.0498742816661715,1.7039560250419887e-07
614.5,3,6.833004779686843e-06,0.03664232223481928,2.5037716296934564e-07
658.1,3,0.0,0.03953789699399542,0.0
703.2,2,0.0,0.01482790569520603,0.0
615.5,2,0.0,0.016386984989911514,0.0
612.6,2,0.0,0.01648918699901408,0.0
646.6,2,0.0,0.014849156423516797,0.0
762.0,0,0.0,0.018292913074720533,0.0
756.1,0,0.0,0.018292913074720533,0.0
803.4,0,0.0,0.018453659593487656,0.0
878.3,0,0.0,0.018453659593487656,0.0
918.8,0,0.0,0.018453659593487656,0.0
1034.9,0,0.0,0.018453659593487656,0.0
1046.4,0,0.0,0.018453659593487656,0.0
1090.2,0,0.0,0.018453659593487656,0.0
1068.8,0,0.0,0.018453659593487656,0.0
1069.4,0,0.0,0.018453659593487656,0.0
1028.0,0,0.0,0.018453659593487656,0.0
1072.1,0,0.0,0.018453659593487656,0.0
995.4,0,0.0,0.018453659593487656,0.0
1002.8,0,0.0,0.018453659593487656,0.0
1007.0,0,0.0,0.018453659593487656,0.0
1107.5,0,0.0,0.018453659593487656,0.0
1139.2,0,0.0,0.018453659593487656,0.0
1136.1,0,0.0,0.018453659593487656,0.0
1154.5,0,0.0,0.018453659593487656,0.0
1179.2,0,0.0,0.018453659593487656,0.0
1161.6,0,0.0,0.018453659593487656,0.0
1291.1,0,0.0,0.018453659593487656,0.0
1237.6,0,0.0,0.018453659593487656,0.0
1235.4,0,0.0,0.018453659593487656,0.0
1242.3,0,0.0,0.018453659593487656,0.0
1220.6,0,0.0,0.018453659593487656,0.0
1256.7,0,0.0,0.018453659593487656,0.0
1340.1,0,0.0,0.018453659593487656,0.0
1249.8,0,0.0,0.018453659593487656,0.0
1322.7,0,0.0,0.018453659593487656,0.0
1355.5,0,0.0,0.018453659593487656,0.0
1485.4,0,0.0,0.018453659593487656,0.0
1472.4,0,0.0,0.018453659593487656,0.0
1476.0,0,0.0,0.018453659593487656,0.0
1575.1,0,0.0,0.018453659593487656,0.0
1587.9,0,0.0,0.018453659593487656,0.0
1613.0,0,0.0,0.018453659593487656,0.0
1658.5,0,0.0,0.018453659593487656,0.0
1687.6,0,0.0,0.018453659593487656,0.0
1672.4,0,0.0,0.018453659593487656,0.0
1725.0,0,0.0,0.018453659593487656,0.0
1737.8,0,0.0,0.018453659593487656,0.0
591.8,1,0.0,0.01670686304640488,0.0
522.4,3,0.0,0.056406659791483696,0.0
427.5,2,0.0,0.21171228672808604,0.0
402.8,2,0.0,0.3333887195217719,0.0
352.6,3,0.0,0.1802659147101503,0.0
376.8,2,0.0,0.2616584138671081,0.0
351.9,2,6.833004779686843e-06,0.1015140358287762,6.936458920233292e-07
286.2,2,5.1247535847651325e-05,0.35861883132531586,1.8378331413986948e-05
487.7,1,6.491354540702501e-05,0.06438580589584093,4.179510934587569e-06
200.8,2,6.833004779686844e-05,0.5339737383206066,3.648645106171957e-05
212.4,2,0.0004919763441374527,0.5689104483664131,0.00027989048252890695
269.5,2,0.0006354694445108764,0.44689757270798597,0.00028398975228200287
254.1,2,0.00023232216250935268,0.44247508830385196,0.00010279676937126767
258.4,2,0.00019815713861091845,0.4100143253851161,8.124726550780067e-05
274.8,2,0.00016057561232264082,0.40464892483191034,6.497674888058226e-05
312.4,3,0.00012299408603436317,0.22994490079673363,2.828186291175656e-05
415.4,2,0.00016399211471248423,0.06331846869066951,1.0383729580939115e-05
385.2,4,0.00021523965056013556,0.08935365879459416,1.923245029521803e-05
462.9,3,6.491354540702501e-05,0.042702042342484696,2.771940964571585e-06
465.6,3,8.199605735624212e-05,0.029773953920216988,2.441346833364222e-06
502.4,3,3.758152628827764e-05,0.015825662793268355,5.94752562294632e-07
576.1,3,1.0249507169530265e-05,0.008058440989771027,8.25950486998947e-08
602.0,3,6.833004779686843e-06,0.0020447812733903918,1.3972000214490697e-08
624.9,3,3.4165023898434215e-06,0.04646793493983024,1.5875781077301862e-07
729.0,2,3.4165023898434215e-06,0.0022696414841832917,7.754235554799986e-09
616.8,2,0.0,0.016386984989911514,0.0
605.7,2,0.0,0.020165112924940002,0.0
607.5,2,0.0,0.018155853665680743,0.0
643.7,2,0.0,0.014849156423516797,0.0
672.5,2,0.0,0.015971791050206026,0.0
737.5,2,0.0,0.015322548674981779,0.0
773.8,0,0.0,0.01915152494682099,0.0
853.2,0,0.0,0.018453659593487656,0.0
861.2,0,0.0,0.018453659593487656,0.0
1036.6,0,0.0,0.018453659593487656,0.0
1032.7,0,0.0,0.018453659593487656,0.0
977.6,0,0.0,0.018453659593487656,0.0
1018.7,0,0.0,0.018453659593487656,0.0
1105.4,0,0.0,0.018453659593487656,0.0
955.9,0,0.0,0.018453659593487656,0.0
1026.5,0,0.0,0.018453659593487656,0.0
1018.5,0,0.0,0.018453659593487656,0.0
1030.5,0,0.0,0.018453659593487656,0.0
1147.6,0,0.0,0.018453659593487656,0.0
1183.7,0,0.0,0.018453659593487656,0.0
1203.5,0,0.0,0.018453659593487656,0.0
1244.6,0,0.0,0.018453659593487656,0.0
1170.1,0,0.0,0.018453659593487656,0.0
1185.2,0,0.0,0.018453659593487656,0.0
1210.5,0,0.0,0.018453659593487656,0.0
1291.1,0,0.0,0.018453659593487656,0.0
1227.4,0,0.0,0.018453659593487656,0.0
1208.8,0,0.0,0.018453659593487656,0.0
1410.3,0,0.0,0.018453659593487656,0.0
1300.3,0,0.0,0.018453659593487656,0.0
1300.3,0,0.0,0.018453659593487656,0.0
1385.2,0,0.0,0.018453659593487656,0.0
1277.7,0,0.0,0.018453659593487656,0.0
1458.5,0,0.0,0.018453659593487656,0.0
1505.9,0,0.0,0.018453659593487656,0.0
1545.9,0,0.0,0.018453659593487656,0.0
1612.4,0,0.0,0.018453659593487656,0.0
1591.0,0,0.0,0.018453659593487656,0.0
1612.8,0,0.0,0.018453659593487656,0.0
1638.8,0,0.0,0.018453659593487656,0.0
1900.6,0,0.0,0.018453659593487656,0.0
1866.7,0,0.0,0.018453659593487656,0.0
1797.0,0,0.0,0.018453659593487656,0.0
1771.9,0,0.0,0.018453659593487656,0.0
1739.2,0,0.0,0.018453659593487656,0.0
1711.8,0,0.0,0.018453659593487656,0.0
597.6,1,0.0,0.01670686304640488,0.0
525.4,3,0.0,0.05674369682815036,0.0
514.9,2,0.0,0.018301731426623186,0.0
414.0,2,0.0,0.27020116377052344,0.0
352.2,3,1.708251194921711e-05,0.1300097191217523,2.2208925804116936e-06
332.8,3,6.833004779686843e-06,0.07694076391259977,5.257366075675512e-07
349.9,3,2.7332019118747372e-05,0.10464941484038778,2.860279807183204e-06
371.9,2,7.516305257655528e-05,0.09764115045925438,7.339006925604282e-06
412.6,2,0.00011616108125467634,0.06440623501244337,7.4814978985882145e-06
221.6,2,0.00018449112905154477,0.5093344551196588,9.39676886898792e-05
142.3,2,0.00040314728200152377,0.6115231747766496,0.0002465339057921491
266.4,2,0.00035189974615387244,0.42109034108059157,0.00014818158413410773
205.1,2,0.00024598817206872634,0.5890207898495446,0.00014489214740556687
230.0,3,0.00021865615294997898,0.5680355572742661,0.0001242044696923885
267.8,4,0.00032798422942496847,0.3887804277196712,0.000127513849001146
341.8,4,0.0002049901433906053,0.12894263675659792,2.643196959789774e-05
335.3,5,0.00010591157408514608,0.10098406793135155,1.0695381592130764e-05
410.6,3,9.907856930545922e-05,0.038604317275741505,3.824860524694492e-06
457.6,3,2.049901433906053e-05,0.037237798259261344,7.633381604716415e-07
513.8,3,8.882906213592897e-05,0.043478310012117154,3.862137501631537e-06
549.2,3,5.4664038237494744e-05,0.015121358675572927,8.265945288443914e-07
484.9,3,2.3915516728903952e-05,0.03138500036153319,7.505885011829036e-07
518.2,3,6.833004779686843e-06,0.0073491370671688785,5.0216688706538695e-08
565.3,3,6.833004779686843e-06,0.002065715873761847,1.4115046438889682e-08
491.9,3,3.4165023898434215e-06,0.014439792208572107,4.933358458942902e-08
513.0,3,0.0,0.05751466746379278,0.0
558.8,2,0.0,0.02011547544567864,0.0
569.1,2,0.0,0.01758800877063956,0.0
621.6,2,0.0,0.015594544414355956,0.0
683.7,2,0.0,0.01482790569520603,0.0
736.0,2,0.0,0.01583536918831511,0.0
906.2,0,0.0,0.018453659593487656,0.0
839.1,0,0.0,0.018453659593487656,0.0
805.2,0,0.0,0.018453659593487656,0.0
1036.6,0,0.0,0.018453659593487656,0.0
1036.6,0,0.0,0.018453659593487656,0.0
933.8,0,0.0,0.018453659593487656,0.0
914.4,0,0.0,0.018453659593487656,0.0
943.9,0,0.0,0.018453659593487656,0.0
973.8,0,0.0,0.018453659593487656,0.0
1038.1,0,0.0,0.018453659593487656,0.0
1124.6,0,0.0,0.018453659593487656,0.0
1049.6,0,0.0,0.018453659593487656,0.0
1105.4,0,0.0,0.018453659593487656,0.0
1146.5,0,0.0,0.018453659593487656,0.0
1234.8,0,0.0,0.018453659593487656,0.0
1285.2,0,0.0,0.018453659593487656,0.0
1324.6,0,0.0,0.018453659593487656,0.0
1216.3,0,0.0,0.018453659593487656,0.0
1238.7,0,0.0,0.018453659593487656,0.0
1318.6,0,0.0,0.018453659593487656,0.0
1297.3,0,0.0,0.018453659593487656,0.0
1289.7,0,0.0,0.018453659593487656,0.0
1250.0,0,0.0,0.018453659593487656,0.0
1337.1,0,0.0,0.018453659593487656,0.0
1301.7,0,0.0,0.018453659593487656,0.0
1313.1,0,0.0,0.018453659593487656,0.0
1327.4,0,0.0,0.018453659593487656,0.0
1448.9,0,0.0,0.018453659593487656,0.0
1448.9,0,0.0,0.018453659593487656,0.0
2000.3,0,0.0,0.018453659593487656,0.0
1993.0,0,0.0,0.018453659593487656,0.0
1871.0,0,0.0,0.018453659593487656,0.0
1769.5,0,0.0,0.018453659593487656,0.0
1697.2,0,0.0,0.018453659593487656,0.0
1850.9,0,0.0,0.018453659593487656,0.0
1904.0,0,0.0,0.018453659593487656,0.0
1801.9,0,0.0,0.018453659593487656,0.0
1718.3,0,0.0,0.018453659593487656,0.0
1678.2,0,0.0,0.018453659593487656,0.0
1661.9,0,0.0,0.018453659593487656,0.0
696.2,1,0.0,0.014595373084873785,0.0
633.2,1,0.0,0.014755512701934552,0.0
496.7,3,0.0,0.06476920113574773,0.0
468.3,2,0.0,0.03775828662860021,0.0
345.8,3,6.833004779686843e-06,0.13686013562858446,9.351659608987072e-07
327.0,3,4.4414531067964485e-05,0.09790465622148188,4.34838939544739e-06
401.8,2,6.149704301718158e-05,0.08053587679471721,4.952718279671161e-06
363.7,2,4.7831033457807905e-05,0.11005427140602565,5.264009537796285e-06
271.7,2,5.4664038237494744e-05,0.43208809358350314,2.3619680069614825e-05
178.6,2,0.00015374260754295397,0.5288562585030473,8.130774019766901e-05
0.0,3,0.0001708251194921711,0.6506657752769844,0.00011115005881115701
112.3,3,0.00016740861710232767,0.6538763436515177,0.00010946453444662695
366.6,2,0.00018107462666170135,0.18678804919217432,3.382257627234047e-05
263.6,4,0.00018107462666170135,0.34789926510022157,6.299572954390288e-05
303.5,4,0.0002801531959671606,0.3306848411063518,9.264241509383714e-05
361.2,4,0.00019474063622107503,0.1459950214071189,2.8431163353931804e-05
289.6,5,0.00012982709081405002,0.2395646504622225,3.110198163139511e-05
379.0,3,4.7831033457807905e-05,0.06618958808117782,3.16591640206934e-06
387.8,3,5.808054062733817e-05,0.08560735053994091,4.972121201033818e-06
492.0,3,6.491354540702501e-05,0.040330582234705536,2.618001081184314e-06
433.9,3,5.1247535847651325e-05,0.06169785209698543,3.1618628870633503e-06
448.4,3,4.7831033457807905e-05,0.02980346247338126,1.4255304107228214e-06
468.0,3,1.708251194921711e-05,0.01905791149455213,3.2555700083280886e-07
433.8,3,3.074852150859079e-05,0.024066053635583656,7.399955678406437e-07
514.8,3,1.3666009559373686e-05,0.03474663026056442,4.748477812968963e-07
572.0,2,0.0,0.01779560686488198,0.0
612.9,2,0.0,0.01648918699901408,0.0
596.3,2,0.0,0.016541713277438457,0.0
612.1,2,0.0,0.01648918699901408,0.0
690.1,2,0.0,0.01482790569520603,0.0
679.0,2,0.0,0.015383461251872692,0.0
702.1,2,0.0,0.01482790569520603,0.0
765.4,0,0.0,0.018292913074720533,0.0
786.3,0,0.0,0.01915152494682099,0.0
765.3,0,0.0,0.018292913074720533,0.0
834.6,0,0.0,0.018453659593487656,0.0
826.7,0,0.0,0.018453659593487656,0.0
853.0,0,0.0,0.018453659593487656,0.0
900.2,0,0.0,0.018453659593487656,0.0
956.7,0,0.0,0.018453659593487656,0.0
995.5,0,0.0,0.018453659593487656,0.0
1188.1,0,0.0,0.018453659593487656,0.0
1109.4,0,0.0,0.018453659593487656,0.0
1079.9,0,0.0,0.018453659593487656,0.0
1265.7,0,0.0,0.018453659593487656,0.0
1294.7,0,0.0,0.018453659593487656,0.0
1312.9,0,0.0,0.018453659593487656,0.0
1335.0,0,0.0,0.018453659593487656,0.0
1289.6,0,0.0,0.018453659593487656,0.0
1421.2,0,0.0,0.018453659593487656,0.0
1342.0,0,0.0,0.018453659593487656,0.0
1289.1,0,0.0,0.018453659593487656,0.0
1374.5,0,0.0,0.018453659593487656,0.0
1304.7,0,0.0,0.018453659593487656,0.0
1320.9,0,0.0,0.018453659593487656,0.0
1342.0,0,0.0,0.018453659593487656,0.0
1344.3,0,0.0,0.018453659593487656,0.0
1516.7,0,0.0,0.018453659593487656,0.0
1595.8,0,0.0,0.018453659593487656,0.0
1525.2,0,0.0,0.018453659593487656,0.0
2001.0,0,0.0,0.018453659593487656,0.0
1999.0,0,0.0,0.018453659593487656,0.0
1865.8,0,0.0,0.018453659593487656,0.0
1782.4,0,0.0,0.018453659593487656,0.0
1746.3,0,0.0,0.018453659593487656,0.0
1804.7,0,0.0,0.018453659593487656,0.0
1773.3,0,0.0,0.018453659593487656,0.0
1701.4,0,0.0,0.018453659593487656,0.0
1661.9,0,0.0,0.018453659593487656,0.0
1621.8,0,0.0,0.018453659593487656,0.0
1504.3,0,0.0,0.018453659593487656,0.0
482.6,3,0.0,0.07330515827847936,0.0
617.7,1,0.0,0.015995838327023712,0.0
446.4,3,0.0,0.08391981830016342,0.0
376.3,3,0.0,0.2487727002017795,0.0
359.0,3,0.0,0.18903244617393475,0.0
341.7,3,1.0249507169530265e-05,0.09059452954018772,9.285492800423754e-07
245.5,3,6.833004779686843e-06,0.2540147461778181,1.7356839747439713e-06
221.4,4,3.758152628827764e-05,0.37067852391302175,1.3930664690937177e-05
220.4,3,7.85795549663987e-05,0.556959509610482,4.376563039949534e-05
166.8,2,6.491354540702501e-05,0.48856720478756815,3.171462943236109e-05
357.2,4,5.808054062733817e-05,0.11357678010561602,6.5966007912464846e-06
315.8,4,6.833004779686844e-05,0.24959507093036049,1.70548431265343e-05
276.6,4,0.00016740861710232767,0.3614891604026684,6.051640044049222e-05
302.4,4,0.00022548915772966583,0.34232435156859004,7.719042970555538e-05
252.9,4,0.00011957758364451976,0.38732859914623236,4.631581796232326e-05
250.2,4,0.00014690960276326714,0.4217406735498433,6.19577548203202e-05
300.3,4,0.00012299408603436317,0.33371973242904773,4.104555348174295e-05
350.6,4,0.00012982709081405002,0.10140664050095519,1.3165329125465232e-05
343.7,4,7.85795549663987e-05,0.07806146459975896,6.134035148274346e-06
419.2,3,4.7831033457807905e-05,0.0851557210485852,4.073086142598635e-06
386.7,3,0.00010591157408514608,0.07872136080290099,8.337503236759962e-06
357.6,4,0.0001400765979835803,0.07131958625398023,9.990205012054068e-06
485.6,3,4.4414531067964485e-05,0.024733172392320316,1.0985122536280322e-06
496.4,3,1.708251194921711e-05,0.01334812326883482,2.2801947523949378e-07
527.0,2,1.3666009559373686e-05,0.006194310892510668,8.465151187078335e-08
563.4,2,3.758152628827764e-05,0.050311197762715275,1.8907716013142191e-06
583.7,2,1.0249507169530265e-05,0.0035206672417430925,3.608510413577617e-08
823.2,0,0.0,0.018453659593487656,0.0
602.2,2,0.0,0.022137531186495748,0.0
649.4,2,0.0,0.014849156423516797,0.0
718.0,2,0.0,0.017770750481491737,0.0
724.8,2,0.0,0.01666870252164844,0.0
736.7,2,0.0,0.01583536918831511,0.0
747.6,0,0.0,0.01762316398945737,0.0
769.3,0,0.0,0.01915152494682099,0.0
831.4,0,0.0,0.018453659593487656,0.0
1065.5,0,0.0,0.018453659593487656,0.0
908.7,0,0.0,0.018453659593487656,0.0
910.4,0,0.0,0.018453659593487656,0.0
1033.5,0,0.0,0.018453659593487656,0.0
1159.3,0,0.0,0.018453659593487656,0.0
1174.6,0,0.0,0.018453659593487656,0.0
1061.8,0,0.0,0.018453659593487656,0.0
1052.1,0,0.0,0.018453659593487656,0.0
1352.4,0,0.0,0.018453659593487656,0.0
1292.8,0,0.0,0.018453659593487656,0.0
1307.2,0,0.0,0.018453659593487656,0.0
1299.8,0,0.0,0.018453659593487656,0.0
1247.5,0,0.0,0.018453659593487656,0.0
1231.5,0,0.0,0.018453659593487656,0.0
1282.4,0,0.0,0.018453659593487656,0.0
1281.0,0,0.0,0.018453659593487656,0.0
1411.6,0,0.0,0.018453659593487656,0.0
1384.5,0,0.0,0.018453659593487656,0.0
1726.8,0,0.0,0.018453659593487656,0.0
1440.4,0,0.0,0.018453659593487656,0.0
1394.5,0,0.0,0.018453659593487656,0.0
1384.1,0,0.0,0.018453659593487656,0.0
1494.6,0,0.0,0.018453659593487656,0.0
1525.2,0,0.0,0.018453659593487656,0.0
1898.8,0,0.0,0.018453659593487656,0.0
1840.6,0,0.0,0.018453659593487656,0.0
1858.6,0,0.0,0.018453659593487656,0.0
1896.9,0,0.0,0.018453659593487656,0.0
1860.9,0,0.0,0.018453659593487656,0.0
1816.3,0,0.0,0.018453659593487656,0.0
1748.6,0,0.0,0.018453659593487656,0.0
1680.3,0,0.0,0.018453659593487656,0.0
1672.1,0,0.0,0.018453659593487656,0.0
1555.7,0,0.0,0.018453659593487656,0.0
1504.9,0,0.0,0.018453659593487656,0.0
541.4,3,0.0,0.05649382199939236,0.0
717.7,1,0.0,0.01753821787115949,0.0
437.0,3,0.0,0.13070798057626806,0.0
392.0,3,0.0,0.2931378551359411,0.0
434.7,3,0.0,0.14336161543768502,0.0
499.2,3,0.0,0.06588753153263663,0.0
333.7,3,0.0,0.12781343889212762,0.0
306.3,3,6.491354540702501e-05,0.27115774239877016,1.760181042366896e-05
217.7,4,0.0001434931003734237,0.4939470873215341,7.087799898018917e-05
174.4,4,0.00012982709081405002,0.5014997479350467,6.51082533183865e-05
245.3,4,8.882906213592897e-05,0.3456873509177453,3.070708317427708e-05
257.7,4,0.0002357386648991961,0.3957776246714561,9.33000888370242e-05
266.8,4,0.0003450667413741856,0.3775216943871463,0.00013027018088023374
227.4,4,0.00033823373659449873,0.5479068439549118,0.00018532057913656877
223.9,4,0.00021865615294997898,0.4918911485583284,0.00010755502621391068
189.7,4,0.0003109017174757514,0.6237653778351419,0.0001939297272708566
263.2,4,0.0002562376792382566,0.3752935855314151,9.616435738957397e-05
295.4,4,0.00012982709081405002,0.3630259471579789,4.713060260953546e-05
301.4,4,0.00014690960276326714,0.37302440116486985,5.480086659613663e-05
306.0,4,0.0002049901433906053,0.30045005639226746,6.158930014156635e-05
310.6,4,0.00029040270313669084,0.21362177291359571,6.203634030296052e-05
370.7,3,9.566206691561581e-05,0.12999676627656553,1.2435759354362481e-05
413.9,2,2.049901433906053e-05,0.10520431366131315,2.15658473427428e-06
438.8,2,5.1247535847651325e-05,0.021432061531015473,1.0983403415997845e-06
463.5,2,6.491354540702501e-05,0.027540543091671376,1.787754294515339e-06
534.6,2,3.074852150859079e-05,0.013293177938274267,4.087455677525509e-07
599.3,2,1.0249507169530265e-05,0.004854000575076424,4.9751113695149835e-08
715.2,2,0.0,0.016104083814825074,0.0
578.1,2,0.0,0.01824788727132852,0.0
642.1,2,0.0,0.014849156423516797,0.0
722.7,1,0.0,0.01752591350131619,0.0
788.7,0,0.0,0.01915152494682099,0.0
755.1,0,0.0,0.017606743627790706,0.0
697.6,1,0.0,0.014595373084873785,0.0
785.9,0,0.0,0.01915152494682099,0.0
813.3,0,0.0,0.018453659593487656,0.0
906.7,0,0.0,0.018453659593487656,0.0
880.2,0,0.0,0.018453659593487656,0.0
906.3,0,0.0,0.018453659593487656,0.0
1095.4,0,0.0,0.018453659593487656,0.0
1078.8,0,0.0,0.018453659593487656,0.0
1064.2,0,0.0,0.018453659593487656,0.0
1027.1,0,0.0,0.018453659593487656,0.0
1117.1,0,0.0,0.018453659593487656,0.0
1158.9,0,0.0,0.018453659593487656,0.0
1233.0,0,0.0,0.018453659593487656,0.0
1384.4,0,0.0,0.018453659593487656,0.0
1342.8,0,0.0,0.018453659593487656,0.0
1182.1,0,0.0,0.018453659593487656,0.0
1194.1,0,0.0,0.018453659593487656,0.0
1308.2,0,0.0,0.018453659593487656,0.0
1314.5,0,0.0,0.018453659593487656,0.0
1380.9,0,0.0,0.018453659593487656,0.0
1438.6,0,0.0,0.018453659593487656,0.0
1653.4,0,0.0,0.018453659593487656,0.0
1497.5,0,0.0,0.018453659593487656,0.0
1525.1,0,0.0,0.018453659593487656,0.0
1398.5,0,0.0,0.018453659593487656,0.0
1406.7,0,0.0,0.018453659593487656,0.0
1525.2,0,0.0,0.018453659593487656,0.0
1905.8,0,0.0,0.018453659593487656,0.0
1815.5,0,0.0,0.018453659593487656,0.0
1820.6,0,0.0,0.018453659593487656,0.0
1896.9,0,0.0,0.018453659593487656,0.0
1911.7,0,0.0,0.018453659593487656,0.0
1953.3,0,0.0,0.018453659593487656,0.0
1931.1,0,0.0,0.018453659593487656,0.0
1711.4,0,0.0,0.018453659593487656,0.0
1601.0,0,0.0,0.018453659593487656,0.0
1597.2,0,0.0,0.018453659593487656,0.0
1636.8,0,0.0,0.018453659593487656,0.0
654.3,1,0.0,0.014616623813184551,0.0
649.6,1,0.0,0.014616623813184551,0.0
450.8,3,0.0,0.08352879265933008,0.0
445.5,4,0.0,0.08336316882497079,0.0
493.4,3,0.0,0.07456542370365413,0.0
490.9,3,0.0,0.07340291591310417,0.0
370.5,3,6.833004779686843e-06,0.13044399223953823,8.913244224541982e-07
336.7,3,4.7831033457807905e-05,0.13487511457993479,6.451216118098536e-06
213.9,4,0.00011616108125467634,0.5579554769342921,6.4812711492656e-05
225.1,4,0.00010932807647498949,0.3830982926520119,4.188339943649706e-05
261.0,4,0.00010249507169530265,0.34269527036564734,3.512457630576815e-05
246.6,4,0.00024257166967888295,0.42117773868439506,0.00010216578730424996
184.0,4,0.00044414531067964484,0.5847186579563433,0.00025970004999820504
237.2,4,0.0007311315114264923,0.5563906945397142,0.00040679476944245705
455.1,2,0.000679883975578841,0.054979061361182316,3.7379382811833674e-05
171.2,4,0.0004475618130694882,0.6599647681658365,0.0002953750282022862
218.5,4,0.00030748521508590793,0.5545198210041921,0.00017050664643087317
252.0,4,0.00042022979395074086,0.4091263315768007,0.00017192707401834142
255.4,4,0.0003792317652726198,0.40213257718828394,0.00015250144712074097
325.2,4,0.00030748521508590793,0.3262447529100727,0.00010031543801920259
307.1,4,0.0002630706840179435,0.35474594870862525,9.332325937937234e-05
327.6,3,0.00022890566011950924,0.16405512379255516,3.755314640772265e-05
386.3,2,0.00010249507169530265,0.09152108737856517,9.380460412498095e-06
389.7,2,4.099802867812106e-05,0.08158945097553681,3.3450066509272105e-06
688.2,1,2.049901433906053e-05,0.01544431069504159,3.1659314639456344e-07
491.0,2,3.4165023898434215e-06,0.046872694700352845,1.6014067346215656e-07
566.5,2,0.0,0.018148688018075457,0.0
734.7,1,0.0,0.015602836577982861,0.0
577.3,2,0.0,0.017747887271328523,0.0
549.8,2,0.0,0.019966266074172352,0.0
763.2,0,0.0,0.018292913074720533,0.0
727.4,1,0.0,0.015602836577982861,0.0
658.3,1,0.0,0.014616623813184551,0.0
678.7,1,0.0,0.01515092864154045,0.0
824.4,0,0.0,0.018453659593487656,0.0
841.0,0,0.0,0.018453659593487656,0.0
853.6,0,0.0,0.018453659593487656,0.0
839.4,0,0.0,0.018453659593487656,0.0
869.0,0,0.0,0.018453659593487656,0.0
1186.1,0,0.0,0.018453659593487656,0.0
1146.7,0,0.0,0.018453659593487656,0.0
1075.7,0,0.0,0.018453659593487656,0.0
1009.3,0,0.0,0.018453659593487656,0.0
1053.5,0,0.0,0.018453659593487656,0.0
1106.3,0,0.0,0.018453659593487656,0.0
1123.8,0,0.0,0.018453659593487656,0.0
1137.8,0,0.0,0.018453659593487656,0.0
1386.0,0,0.0,0.018453659593487656,0.0
1101.8,0,0.0,0.018453659593487656,0.0
1162.0,0,0.0,0.018453659593487656,0.0
1193.5,0,0.0,0.018453659593487656,0.0
1278.6,0,0.0,0.018453659593487656,0.0
1391.5,0,0.0,0.018453659593487656,0.0
1491.3,0,0.0,0.018453659593487656,0.0
1494.8,0,0.0,0.018453659593487656,0.0
1555.2,0,0.0,0.018453659593487656,0.0
1547.6,0,0.0,0.018453659593487656,0.0
1460.4,0,0.0,0.018453659593487656,0.0
1515.1,0,0.0,0.018453659593487656,0.0
1572.0,0,0.0,0.018453659593487656,0.0
1864.5,0,0.0,0.018453659593487656,0.0
1720.0,0,0.0,0.018453659593487656,0.0
1795.2,0,0.0,0.018453659593487656,0.0
1818.1,0,0.0,0.018453659593487656,0.0
1970.5,0,0.0,0.018453659593487656,0.0
1876.5,0,0.0,0.018453659593487656,0.0
1865.1,0,0.0,0.018453659593487656,0.0
1684.4,0,0.0,0.018453659593487656,0.0
1630.6,0,0.0,0.018453659593487656,0.0
1698.7,0,0.0,0.018453659593487656,0.0
1762.1,0,0.0,0.018453659593487656,0.0
541.2,3,0.0,0.05649382199939236,0.0
540.3,3,0.0,0.05649382199939236,0.0
448.1,3,0.0,0.08391981830016342,0.0
422.4,3,0.0,0.23691114360038018,0.0
417.2,4,0.0,0.23054226668686265,0.0
434.6,3,3.4165023898434215e-06,0.0687951981802002,2.350389589924058e-07
379.3,3,2.049901433906053e-05,0.1280148032689179,2.6241772878215606e-06
336.6,3,7.85795549663987e-05,0.17751873014719924,1.394934281316714e-05
352.4,4,7.85795549663987e-05,0.12071076192563546,9.485397951771338e-06
273.1,4,7.516305257655528e-05,0.3573027464988201,2.6855965120838417e-05
313.6,4,7.85795549663987e-05,0.2394244038363971,1.8813863101559408e-05
294.2,4,0.0003245677270351251,0.31294456514649804,0.0001015717061975945
233.8,4,0.0007447975209858659,0.554932989620112,0.00041331271498233467
104.1,4,0.0013085204153100306,0.6927346618211367,0.0009064574473858475
79.4,4,0.0013495184439881517,0.7512435530535367,0.0010138170307729393
212.9,4,0.0007516305257655528,0.5746460718767851,0.0004319215291338576
146.8,4,0.00043731230589995796,0.683383656364287,0.0002988520825790108
219.4,4,0.00046806082740854875,0.5718176808162518,0.0002676454568096923
247.5,4,0.0003553162485437159,0.46422786140383815,0.00016494770218348383
281.2,4,0.0003758152628827764,0.37156100539095066,0.00013963829691798882
266.4,3,0.0001571591099327974,0.42569365600081654,6.690163608112676e-05
262.0,3,0.00016399211471248423,0.42058620968787075,6.897282194562224e-05
288.4,3,0.00013666009559373687,0.3640824424221904,4.975554138541774e-05
355.2,2,0.00011616108125467634,0.14036033404538123,1.6304408167979042e-05
350.2,2,1.708251194921711e-05,0.09010984370392633,1.5393024818144076e-06
430.0,2,0.0,0.18103229937613904,0.0
464.3,2,0.0,0.037624315336600204,0.0
310.3,3,0.0,0.16270590089558568,0.0
489.4,1,0.0,0.03681329201109833,0.0
529.6,2,0.0,0.018425310684234305,0.0
652.2,1,0.0,0.014616623813184551,0.0
624.0,1,0.0,0.016716433249462734,0.0
643.6,1,0.0,0.014616623813184551,0.0
662.4,1,0.0,0.014616623813184551,0.0
844.4,0,0.0,0.018453659593487656,0.0
851.6,0,0.0,0.018453659593487656,0.0
838.0,0,0.0,0.018453659593487656,0.0
807.2,0,0.0,0.018453659593487656,0.0
850.5,0,0.0,0.018453659593487656,0.0
955.0,0,0.0,0.018453659593487656,0.0
909.0,0,0.0,0.018453659593487656,0.0
978.8,0,0.0,0.018453659593487656,0.0
984.4,0,0.0,0.018453659593487656,0.0
1054.2,0,0.0,0.018453659593487656,0.0
1067.8,0,0.0,0.018453659593487656,0.0
1130.0,0,0.0,0.018453659593487656,0.0
1052.3,0,0.0,0.018453659593487656,0.0
1073.8,0,0.0,0.018453659593487656,0.0
1352.0,0,0.0,0.018453659593487656,0.0
1215.1,0,0.0,0.018453659593487656,0.0
1212.5,0,0.0,0.018453659593487656,0.0
1289.7,0,0.0,0.018453659593487656,0.0
1333.8,0,0.0,0.018453659593487656,0.0
1491.3,0,0.0,0.018453659593487656,0.0
1622.0,0,0.0,0.018453659593487656,0.0
1619.2,0,0.0,0.018453659593487656,0.0
1660.0,0,0.0,0.018453659593487656,0.0
1645.1,0,0.0,0.018453659593487656,0.0
1507.3,0,0.0,0.018453659593487656,0.0
1563.0,0,0.0,0.018453659593487656,0.0
1586.7,0,0.0,0.018453659593487656,0.0
1651.0,0,0.0,0.018453659593487656,0.0
1636.5,0,0.0,0.018453659593487656,0.0
1817.6,0,0.0,0.018453659593487656,0.0
1745.3,0,0.0,0.018453659593487656,0.0
1804.5,0,0.0,0.018453659593487656,0.0
1792.1,0,0.0,0.018453659593487656,0.0
1633.7,0,0.0,0.018453659593487656,0.0
1619.2,0,0.0,0.018453659593487656,0.0
1744.6,0,0.0,0.018453659593487656,0.0
1769.8,0,0.0,0.018453659593487656,0.0
513.1,3,0.0,0.05751466746379278,0.0
486.7,3,0.0,0.07262694759959047,0.0
440.3,3,0.0,0.08329968982437075,0.0
412.3,3,0.0,0.2685147258960923,0.0
381.7,3,0.0,0.2649160164856209,0.0
388.9,4,6.833004779686843e-06,0.05628197274533716,3.8457498877909344e-07
379.0,3,0.00013666009559373687,0.09480940516055086,1.2956662372426211e-05
369.9,3,0.00010932807647498949,0.09787330956099127,1.0700300672544373e-05
355.9,4,8.541255974608554e-05,0.13440189989233053,1.147961030454109e-05
352.1,4,6.833004779686844e-05,0.14338830804376884,9.79772994214282e-06
319.2,4,0.00011274457886483292,0.20725439098195056,2.336680902914744e-05
279.4,4,0.0002528211768484132,0.41091800844982523,0.00010388877448449102
183.3,4,0.0005534733871546343,0.6166703901743982,0.00034131064960779404
133.1,4,0.0014315145013443938,0.7060337369692985,0.0010106975329099242
0.0,4,0.0017321667116506148,0.7565650752663665,0.001310496838573842
104.5,4,0.0008848741189694462,0.73590959823357,0.0006511873573780894
142.8,4,0.0007584635305452396,0.6699316424007791,0.0005081187187192659
219.9,4,0.00040314728200152377,0.5705781278915998,0.00023002702142901627
316.6,4,0.0003177347222554382,0.3498401269501027,0.00011115635557029812
285.9,4,0.0002938192055265343,0.3850828114258409,0.00011314472571506478
194.8,3,0.0003450667413741856,0.5902452093074035,0.00020367399098742987
218.5,3,0.00047489383218823563,0.5906100784467011,0.00028047708348254835
238.7,3,0.0002528211768484132,0.5709249695728299,0.00014434192269954736
242.6,3,0.00015032610515311055,0.5030627811406043,7.562346853635872e-05
284.3,3,6.833004779686843e-06,0.2987935404840206,2.0416576902668674e-06
392.8,2,0.0,0.30895427829519545,0.0
386.1,2,0.0,0.2988604537732666,0.0
447.3,2,0.0,0.04633533163698652,0.0
550.1,1,0.0,0.020366791715381204,0.0
593.6,1,0.0,0.01670686304640488,0.0
581.3,1,0.0,0.018754761566395575,0.0
649.9,1,0.0,0.014616623813184551,0.0
652.8,1,0.0,0.014616623813184551,0.0
643.6,1,0.0,0.014616623813184551,0.0
842.9,0,0.0,0.018453659593487656,0.0
824.9,0,0.0,0.018453659593487656,0.0
817.1,0,0.0,0.018453659593487656,0.0
794.3,0,0.0,0.018453659593487656,0.0
799.4,0,0.0,0.018453659593487656,0.0
825.8,0,0.0,0.018453659593487656,0.0
894.9,0,0.0,0.018453659593487656,0.0
950.1,0,0.0,0.018453659593487656,0.0
958.8,0,0.0,0.018453659593487656,0.0
924.0,0,0.0,0.018453659593487656,0.0
943.8,0,0.0,0.018453659593487656,0.0
1057.3,0,0.0,0.018453659593487656,0.0
1014.8,0,0.0,0.018453659593487656,0.0
1050.4,0,0.0,0.018453659593487656,0.0
1373.6,0,0.0,0.018453659593487656,0.0
1129.9,0,0.0,0.018453659593487656,0.0
1353.6,0,0.0,0.018453659593487656,0.0
1350.0,0,0.0,0.018453659593487656,0.0
1402.1,0,0.0,0.018453659593487656,0.0
1730.2,0,0.0,0.018453659593487656,0.0
1714.6,0,0.0,0.018453659593487656,0.0
1660.0,0,0.0,0.018453659593487656,0.0
1764.2,0,0.0,0.018453659593487656,0.0
1841.4,0,0.0,0.018453659593487656,0.0
1620.9,0,0.0,0.018453659593487656,0.0
1580.9,0,0.0,0.018453659593487656,0.0
1617.7,0,0.0,0.018453659593487656,0.0
1650.9,0,0.0,0.018453659593487656,0.0
1636.8,0,0.0,0.018453659593487656,0.0
1662.7,0,0.0,0.018453659593487656,0.0
1685.9,0,0.0,0.018453659593487656,0.0
1729.1,0,0.0,0.018453659593487656,0.0
1712.8,0,0.0,0.018453659593487656,0.0
1667.0,0,0.0,0.018453659593487656,0.0
1639.0,0,0.0,0.018453659593487656,0.0
1758.9,0,0.0,0.018453659593487656,0.0
1840.6,0,0.0,0.018453659593487656,0.0
626.2,1,0.0,0.02162316326137607,0.0
527.5,3,0.0,0.05674369682815036,0.0
710.0,1,0.0,0.014851783341540453,0.0
581.1,2,0.0,0.018589611797429156,0.0
517.0,3,0.0,0.05662011757053924,0.0
431.7,3,0.0,0.14306961638112264,0.0
563.9,3,7.174655018671185e-05,0.05094099032777256,3.654840319112337e-06
438.2,4,0.00012982709081405002,0.045914255060605855,5.960914161412732e-06
425.3,4,0.00017765812427185794,0.06331688606371616,1.1248759212814756e-05
391.9,4,0.0002938192055265343,0.1250970439211207,3.675591405862165e-05
319.3,4,0.00043047930112027113,0.30907665988052463,0.00013305110453795598
254.9,4,0.00021182314817029215,0.4198816326689343,8.894064929081585e-05
252.1,4,0.00039973077961168033,0.4447227291876829,0.00017776936324922666
227.4,4,0.0007072159946975883,0.552769181150075,0.00039092720628522166
183.7,4,0.0014690960276326714,0.6092223683625967,0.0008950061613064588
140.6,4,0.0018517442952951345,0.7053437561943025,0.0013061162767548417
209.0,4,0.0009292886500374107,0.572257078020086,0.0005317920075076389
268.5,4,0.00046806082740854875,0.38580405766062204,0.0001805797664462062
227.1,4,0.0004543948178491751,0.5880043936593016,0.000267186149351333
149.9,4,0.00035873275093355927,0.68959681584461,0.00024738096278296
141.0,3,0.00024598817206872634,0.6468553426553633,0.00015911876333268244
162.5,3,0.0003928977748319935,0.6961279715120564,0.00027350713100539635
217.4,3,0.0003963142772218369,0.6108641976259828,0.0002420942029628387
187.5,3,7.516305257655528e-05,0.5463777726138948,4.1067421249639336e-05
283.3,3,0.0,0.2560943789006574,0.0
351.9,2,0.0,0.1868472892238269,0.0
363.4,2,0.0,0.2043943581007648,0.0
426.4,2,0.0,0.213934508948086,0.0
494.5,1,0.0,0.029071604857807413,0.0
583.5,1,0.0,0.017783154758111222,0.0
568.3,1,0.0,0.018549213659284303,0.0
625.3,1,0.0,0.02162316326137607,0.0
616.5,1,0.0,0.01648393356535704,0.0
609.4,1,0.0,0.018252802241126274,0.0
528.0,1,0.0,0.018964725215443148,0.0
773.0,0,0.0,0.01915152494682099,0.0
773.0,0,0.0,0.01915152494682099,0.0
773.0,0,0.0,0.01915152494682099,0.0
794.4,0,0.0,0.018453659593487656,0.0
780.4,0,0.0,0.01915152494682099,0.0
916.4,0,0.0,0.018453659593487656,0.0
932.3,0,0.0,0.018453659593487656,0.0
892.0,0,0.0,0.018453659593487656,0.0
903.4,0,0.0,0.018453659593487656,0.0
941.7,0,0.0,0.018453659593487656,0.0
998.3,0,0.0,0.018453659593487656,0.0
1050.5,0,0.0,0.018453659593487656,0.0
1142.6,0,0.0,0.018453659593487656,0.0
1083.2,0,0.0,0.018453659593487656,0.0
1130.5,0,0.0,0.018453659593487656,0.0
1409.7,0,0.0,0.018453659593487656,0.0
1390.2,0,0.0,0.018453659593487656,0.0
1448.3,0,0.0,0.018453659593487656,0.0
1769.0,0,0.0,0.018453659593487656,0.0
1752.0,0,0.0,0.018453659593487656,0.0
1587.3,0,0.0,0.018453659593487656,0.0
1778.6,0,0.0,0.018453659593487656,0.0
1846.1,0,0.0,0.018453659593487656,0.0
1657.4,0,0.0,0.018453659593487656,0.0
1567.2,0,0.0,0.018453659593487656,0.0
1550.8,0,0.0,0.018453659593487656,0.0
1650.4,0,0.0,0.018453659593487656,0.0
1818.1,0,0.0,0.018453659593487656,0.0
1783.0,0,0.0,0.018453659593487656,0.0
1681.9,0,0.0,0.018453659593487656,0.0
1676.0,0,0.0,0.018453659593487656,0.0
1722.3,0,0.0,0.018453659593487656,0.0
1719.7,0,0.0,0.018453659593487656,0.0
1746.0,0,0.0,0.018453659593487656,0.0
1766.7,0,0.0,0.018453659593487656,0.0
1848.8,0,0.0,0.018453659593487656,0.0
601.0,2,0.0,0.019474039123003675,0.0
645.8,1,0.0,0.014616623813184551,0.0
638.9,2,0.0,0.014849156423516797,0.0
615.5,2,0.0,0.016386984989911514,0.0
584.2,3,0.0,0.055936391133060884,0.0
515.3,3,0.0,0.05662011757053924,0.0
423.3,3,1.0249507169530265e-05,0.07013950686564278,7.188953784867229e-07
626.3,3,6.491354540702501e-05,0.04905047625452317,3.184040317584192e-06
382.7,4,7.174655018671185e-05,0.11890804954564636,8.531242344330737e-06
388.4,4,0.00045097831545933166,0.09804607693781649,4.421665461481251e-05
314.7,4,0.0003245677270351251,0.27575317971122,8.950058276157904e-05
265.7,4,0.00015032610515311055,0.3891143645581389,5.8494046883152585e-05
254.9,4,0.00032798422942496847,0.4232607242236595,0.00013882284248035106
218.7,4,0.0006252199373413461,0.5725775386319566,0.0003579868928265341
196.3,4,0.001240190367513162,0.6097398705839343,0.0007561935141869173
201.0,4,0.0016570036590740594,0.6074313353350359,0.0010065159452863964
243.8,4,0.0006149704301718159,0.5597242152795338,0.00034421384144803696
255.4,4,0.0006115539277819725,0.45026673217396024,0.00027536238861053885
163.5,4,0.000850709095071012,0.6890715746577621,0.0005861994557162621
112.6,3,0.0006286364397311896,0.7006806672120195,0.00044047340002463845
46.2,3,0.0003006522103062211,0.7276796613067692,0.0002187784985667625
93.4,3,0.00040314728200152377,0.7102580290001609,0.00028633859391117433
175.8,3,0.00032115122464528164,0.5967965407867166,0.00019166193993772182
201.2,3,0.00022207265533982242,0.581923445792888,0.00012922928481172584
245.4,3,5.1247535847651325e-05,0.3275871097654492,1.6788032150933346e-05
268.8,3,0.0,0.4164550064022265,0.0
817.1,0,0.0,0.018453659593487656,0.0
383.3,1,0.0,0.301809903819712,0.0
439.4,1,0.0,0.04793293683986121,0.0
457.5,1,0.0,0.04904974393641363,0.0
558.2,1,0.0,0.019122836064854386,0.0
601.7,1,0.0,0.020969347622128827,0.0
609.9,1,0.0,0.016586135574459607,0.0
528.0,1,0.0,0.018964725215443148,0.0
528.0,1,0.0,0.018964725215443148,0.0
556.1,1,0.0,0.018700125048714537,0.0
706.9,1,0.0,0.014851783341540453,0.0
721.2,1,0.0,0.01752591350131619,0.0
769.3,0,0.0,0.01915152494682099,0.0
745.4,1,0.0,0.016978185956590865,0.0
872.8,0,0.0,0.018453659593487656,0.0
903.9,0,0.0,0.018453659593487656,0.0
855.7,0,0.0,0.018453659593487656,0.0
932.7,0,0.0,0.018453659593487656,0.0
905.8,0,0.0,0.018453659593487656,0.0
998.3,0,0.0,0.018453659593487656,0.0
1145.0,0,0.0,0.018453659593487656,0.0
1214.8,0,0.0,0.018453659593487656,0.0
1114.9,0,0.0,0.018453659593487656,0.0
1172.7,0,0.0,0.018453659593487656,0.0
1273.3,0,0.0,0.018453659593487656,0.0
1414.8,0,0.0,0.018453659593487656,0.0
1416.4,0,0.0,0.018453659593487656,0.0
1785.1,0,0.0,0.018453659593487656,0.0
1785.1,0,0.0,0.018453659593487656,0.0
1546.5,0,0.0,0.018453659593487656,0.0
1630.6,0,0.0,0.018453659593487656,0.0
1609.2,0,0.0,0.018453659593487656,0.0
1582.1,0,0.0,0.018453659593487656,0.0
1535.1,0,0.0,0.018453659593487656,0.0
1527.1,0,0.0,0.018453659593487656,0.0
1587.6,0,0.0,0.018453659593487656,0.0
1893.5,0,0.0,0.018453659593487656,0.0
1622.7,0,0.0,0.018453659593487656,0.0
1598.9,0,0.0,0.018453659593487656,0.0
1622.0,0,0.0,0.018453659593487656,0.0
1793.3,0,0.0,0.018453659593487656,0.0
1950.2,0,0.0,0.018453659593487656,0.0
1943.5,0,0.0,0.018453659593487656,0.0
1858.9,0,0.0,0.018453659593487656,0.0
1800.0,0,0.0,0.018453659593487656,0.0
660.9,1,0.0,0.014616623813184551,0.0
624.5,1,0.0,0.02162316326137607,0.0
607.6,2,0.0,0.018155853665680743,0.0
570.5,3,0.0,0.05590639491455562,0.0
518.8,3,0.0,0.05662011757053924,0.0
486.3,3,0.0,0.07262694759959047,0.0
458.9,3,3.4165023898434215e-06,0.01934448707270234,6.609048631418273e-08
551.5,3,2.3915516728903952e-05,0.04578314911130634,1.094927668473351e-06
543.1,3,4.7831033457807905e-05,0.038981608443404946,1.8645306176956691e-06
389.1,4,0.0001879076314413882,0.11630024178382904,2.1853702969660085e-05
271.3,4,0.00019815713861091845,0.347928785911085,6.894457265651144e-05
411.2,4,0.0002049901433906053,0.11146958755309906,2.2850166736201407e-05
272.8,4,0.0004714773297983922,0.37059091658525967,0.00017472521579915692
225.9,4,0.0008131275687827343,0.5547480129036179,0.0004510809030193717
239.1,4,0.001093280764749895,0.52668540220277,0.0005758150193028505
231.5,4,0.0012367738651233187,0.5574884332861657,0.0006894871243968745
214.4,4,0.0005193083632562001,0.5766087902300852,0.00029943776709352314
220.5,4,0.000802878061613204,0.5574645762603985,0.0004475760784059749
117.5,4,0.0008609586022405423,0.7011380842760282,0.0006036508650159008
146.4,3,0.00039973077961168033,0.6744644834661165,0.00026960421379630006
0.0,3,0.0003416502389843422,0.7421565080415695,0.0002535579483361871
48.3,3,0.0005227248656460435,0.7392770749356555,0.00038643850967094056
139.7,3,0.00038948127244215006,0.6627165736247039,0.0002581156943638515
187.4,3,0.0004236462963405843,0.5558371031099618,0.0002354783301012148
225.9,3,0.0001264105884242066,0.5396886630898701,6.822236146706387e-05
193.2,3,2.7332019118747372e-05,0.4551196464325425,1.2439338877611796e-05
254.1,3,0.0,0.40850301121071214,0.0
405.6,2,0.0,0.32464634193826336,0.0
422.3,1,0.0,0.2385631792383972,0.0
370.7,2,0.0,0.23991033483566024,0.0
443.6,1,0.0,0.04782877017236121,0.0
425.3,2,0.0,0.21577242870329816,0.0
407.1,2,0.0,0.3357153451241171,0.0
457.8,1,0.0,0.04751265363611468,0.0
528.4,1,0.0,0.018964725215443148,0.0
503.2,1,0.0,0.023301944839788973,0.0
649.2,1,0.0,0.014616623813184551,0.0
667.9,1,0.0,0.014616623813184551,0.0
675.7,1,0.0,0.016207094699873782,0.0
704.1,1,0.0,0.014595373084873785,0.0
850.2,0,0.0,0.018453659593487656,0.0
804.3,0,0.0,0.018453659593487656,0.0
936.3,0,0.0,0.018453659593487656,0.0
1114.9,0,0.0,0.018453659593487656,0.0
1107.6,0,0.0,0.018453659593487656,0.0
1188.9,0,0.0,0.018453659593487656,0.0
1198.9,0,0.0,0.018453659593487656,0.0
1095.7,0,0.0,0.018453659593487656,0.0
1164.3,0,0.0,0.018453659593487656,0.0
1191.2,0,0.0,0.018453659593487656,0.0
1182.8,0,0.0,0.018453659593487656,0.0
1359.9,0,0.0,0.018453659593487656,0.0
1342.2,0,0.0,0.018453659593487656,0.0
1348.2,0,0.0,0.018453659593487656,0.0
1568.5,0,0.0,0.018453659593487656,0.0
1507.2,0,0.0,0.018453659593487656,0.0
1413.9,0,0.0,0.018453659593487656,0.0
1499.2,0,0.0,0.018453659593487656,0.0
1526.0,0,0.0,0.018453659593487656,0.0
1498.2,0,0.0,0.018453659593487656,0.0
1502.8,0,0.0,0.018453659593487656,0.0
1576.6,0,0.0,0.018453659593487656,0.0
1553.8,0,0.0,0.018453659593487656,0.0
1561.4,0,0.0,0.018453659593487656,0.0
1607.0,0,0.0,0.018453659593487656,0.0
1859.8,0,0.0,0.018453659593487656,0.0
1870.4,0,0.0,0.018453659593487656,0.0
1978.2,0,0.0,0.018453659593487656,0.0
2017.6,0,0.0,0.018453659593487656,0.0
2002.5,0,0.0,0.018453659593487656,0.0
1957.8,0,0.0,0.018453659593487656,0.0
724.4,1,0.0,0.016692580167982862,0.0
679.8,1,0.0,0.01515092864154045,0.0
637.5,2,0.0,0.014849156423516797,0.0
620.0,2,0.0,0.015898889751578178,0.0
627.1,2,0.0,0.015257138179416657,0.0
643.8,3,0.0,0.0460656747717732,0.0
467.8,4,1.0249507169530265e-05,0.023115732168108333,2.3692486258596772e-07
458.0,4,4.099802867812106e-05,0.04545521110802024,1.8635740485766608e-06
337.6,4,8.882906213592897e-05,0.15570799215775025,1.3831394910441537e-05
300.7,4,0.0003109017174757514,0.3615751498887544,0.00011241433509696597
270.5,4,0.00021182314817029215,0.3612387952957326,7.65187388607858e-05
281.7,4,0.0002630706840179435,0.3727137992182213,9.805007410326393e-05
336.3,4,0.00033823373659449873,0.2687942268038029,9.091527570687941e-05
281.2,4,0.0005227248656460435,0.3731969703975604,0.00019507933621057522
256.8,4,0.0007345480138163357,0.3982655566960175,0.0002925451736425169
279.4,4,0.0006388859469007199,0.38857952369461474,0.00024825799694186467
244.2,4,0.0005022258513069829,0.5568719913255928,0.00027967550991251066
196.8,4,0.00039973077961168033,0.6271065095850956,0.00025067377397600994
187.8,3,0.00044414531067964484,0.6342450417401098,0.00028169696111068535
143.6,3,0.000526141368035887,0.6884480964893872,0.0003622210233086285
70.1,3,0.00027332019118747375,0.73209799680054,0.00020009716445349012
160.1,3,0.00019815713861091845,0.6889548598014623,0.00013652132365034425
128.6,3,0.0004885598417476093,0.6491111454962013,0.0003171296385202335
148.4,3,0.0003450667413741856,0.6755224325199054,0.00023310032451480695
201.5,3,9.907856930545922e-05,0.5215077450044908,5.1670241256761196e-05
223.2,3,1.3666009559373686e-05,0.5424343585216704,7.412913128889882e-06
239.2,3,0.0,0.42043721427012515,0.0
261.5,3,0.0,0.4199794277184307,0.0
366.9,2,0.0,0.20721501589375946,0.0
400.3,2,0.0,0.3191632648386875,0.0
417.5,2,0.0,0.23452333656218263,0.0
380.9,2,0.0,0.2819065529581348,0.0
360.1,2,0.0,0.19839756428957964,0.0
460.8,1,0.0,0.04706003218312702,0.0
475.6,1,0.0,0.03927207082853197,0.0
551.0,1,0.0,0.020366791715381204,0.0
596.8,1,0.0,0.01670686304640488,0.0
615.0,1,0.0,0.01648393356535704,0.0
656.4,1,0.0,0.014616623813184551,0.0
665.6,1,0.0,0.014616623813184551,0.0
815.3,0,0.0,0.018453659593487656,0.0
811.9,0,0.0,0.018453659593487656,0.0
1029.3,0,0.0,0.018453659593487656,0.0
1118.2,0,0.0,0.018453659593487656,0.0
1159.7,0,0.0,0.018453659593487656,0.0
1147.2,0,0.0,0.018453659593487656,0.0
1042.4,0,0.0,0.018453659593487656,0.0
1070.0,0,0.0,0.018453659593487656,0.0
1118.7,0,0.0,0.018453659593487656,0.0
1133.1,0,0.0,0.018453659593487656,0.0
1161.2,0,0.0,0.018453659593487656,0.0
1189.9,0,0.0,0.018453659593487656,0.0
1269.9,0,0.0,0.018453659593487656,0.0
1251.3,0,0.0,0.018453659593487656,0.0
1276.7,0,0.0,0.018453659593487656,0.0
1308.0,0,0.0,0.018453659593487656,0.0
1355.7,0,0.0,0.018453659593487656,0.0
1418.6,0,0.0,0.018453659593487656,0.0
1480.6,0,0.0,0.018453659593487656,0.0
1423.1,0,0.0,0.018453659593487656,0.0
1480.0,0,0.0,0.018453659593487656,0.0
1496.5,0,0.0,0.018453659593487656,0.0
1552.9,0,0.0,0.018453659593487656,0.0
1710.3,0,0.0,0.018453659593487656,0.0
1737.7,0,0.0,0.018453659593487656,0.0
1931.5,0,0.0,0.018453659593487656,0.0
1941.2,0,0.0,0.018453659593487656,0.0
1950.9,0,0.0,0.018453659593487656,0.0
2111.9,0,0.0,0.018453659593487656,0.0
2118.1,0,0.0,0.018453659593487656,0.0
2048.9,0,0.0,0.018453659593487656,0.0
722.0,1,0.0,0.01752591350131619,0.0
693.8,1,0.0,0.014595373084873785,0.0
760.0,0,0.0,0.018292913074720533,0.0
699.1,1,0.0,0.014595373084873785,0.0
546.9,3,0.0,0.058082488679199525,0.0
537.6,3,0.0,0.05653595563166665,0.0
445.8,4,2.049901433906053e-05,0.031031836365129663,6.36122058616173e-07
435.3,4,9.566206691561581e-05,0.07202911942170707,6.890454441992224e-06
419.5,4,0.0003450667413741856,0.0807786717511722,2.7874033033711974e-05
290.6,4,0.0003109017174757514,0.31658011577938266,9.842530171448229e-05
176.4,4,0.00022548915772966583,0.5573678461498561,0.00012568040617392902
212.6,4,0.00043047930112027113,0.5299242674441453,0.00022812142829602733
285.0,4,0.00029040270313669084,0.39121902018093435,0.00011361106097903094
209.8,3,0.0002391551672890395,0.6053121468459896,0.00014476352774104028
226.4,4,0.0003177347222554382,0.5636509831390453,0.00017909148857668923
277.0,4,0.00025965418162810004,0.39885476536988007,0.00010356430769058407
283.4,3,0.00021182314817029215,0.3606432919607047,7.639259746961429e-05
264.4,3,0.00026648718640778687,0.42584947895116193,0.0001134834294789172
217.9,3,0.00021523965056013556,0.5660027274189667,0.00012182622926574206
160.5,3,0.00043047930112027113,0.6151186631527736,0.00026479585222004146
121.4,3,0.0007003829899179015,0.6709111943684052,0.000469894788281134
144.5,3,0.0003963142772218369,0.6601507881180502,0.000261627182450431
199.8,3,0.00035873275093355927,0.5895435892557905,0.00021148859356897407
238.8,3,0.00033823373659449873,0.5667717834863333,0.0001917013381249107
315.2,3,9.224556452577238e-05,0.2625536467522507,2.421940936296159e-05
329.7,2,2.049901433906053e-05,0.11245213210681626,2.3051578685155555e-06
263.1,3,0.0,0.4221078548156159,0.0
375.4,2,0.0,0.2607163051876637,0.0
327.5,2,0.0,0.12788510671066206,0.0
345.8,2,0.0,0.16423947796775543,0.0
434.1,1,0.0,0.12565284884643185,0.0
457.8,1,0.0,0.04751265363611468,0.0
463.2,1,0.0,0.042631562741644556,0.0
438.8,2,0.0,0.04571520316119385,0.0
558.3,1,0.0,0.019122836064854386,0.0
509.0,1,0.0,0.020932133105147105,0.0
533.5,1,0.0,0.01825386147695943,0.0
556.5,1,0.0,0.018529585791243273,0.0
706.7,1,0.0,0.014851783341540453,0.0
670.8,1,0.0,0.015202642277298027,0.0
751.5,0,0.0,0.017146973512790705,0.0
834.1,0,0.0,0.018453659593487656,0.0
978.1,0,0.0,0.018453659593487656,0.0
1009.8,0,0.0,0.018453659593487656,0.0
977.5,0,0.0,0.018453659593487656,0.0
1003.5,0,0.0,0.018453659593487656,0.0
1101.8,0,0.0,0.018453659593487656,0.0
1130.4,0,0.0,0.018453659593487656,0.0
1194.2,0,0.0,0.018453659593487656,0.0
1299.8,0,0.0,0.018453659593487656,0.0
1200.1,0,0.0,0.018453659593487656,0.0
1195.5,0,0.0,0.018453659593487656,0.0
1221.9,0,0.0,0.018453659593487656,0.0
1291.5,0,0.0,0.018453659593487656,0.0
1392.8,0,0.0,0.018453659593487656,0.0
1303.0,0,0.0,0.018453659593487656,0.0
1381.3,0,0.0,0.018453659593487656,0.0
1415.1,0,0.0,0.018453659593487656,0.0
1404.3,0,0.0,0.018453659593487656,0.0
1432.0,0,0.0,0.018453659593487656,0.0
1458.0,0,0.0,0.018453659593487656,0.0
1477.6,0,0.0,0.018453659593487656,0.0
1689.6,0,0.0,0.018453659593487656,0.0
1653.7,0,0.0,0.018453659593487656,0.0
1704.5,0,0.0,0.018453659593487656,0.0
1795.9,0,0.0,0.018453659593487656,0.0
1967.3,0,0.0,0.018453659593487656,0.0
2075.1,0,0.0,0.018453659593487656,0.0
2142.7,0,0.0,0.018453659593487656,0.0
2216.3,0,0.0,0.018453659593487656,0.0
2279.3,0,0.0,0.018453659593487656,0.0
649.1,1,0.0,0.014616623813184551,0.0
702.0,1,0.0,0.014595373084873785,0.0
749.1,0,0.0,0.01762316398945737,0.0
792.6,0,0.0,0.01915152494682099,0.0
557.0,3,0.0,0.05644744629395048,0.0
503.0,4,0.0,0.061355902536863655,0.0
455.0,4,1.708251194921711e-05,0.03053154405850822,5.215554662075153e-07
464.4,3,0.0001708251194921711,0.04346693105865905,7.425243692053395e-06
349.5,4,0.0007618800329350831,0.20093179949810086,0.0001530859260193186
383.0,4,0.0010249507169530264,0.12349422267569125,0.00012657549207100645
245.4,4,0.0004475618130694882,0.3622665927508324,0.00016213669306606846
123.8,4,0.00035189974615387244,0.5651947518548077,0.00019889188970520776
158.2,4,0.00019474063622107503,0.6717591771576539,0.00013081880954702736
206.6,3,0.00022207265533982242,0.6158351136080756,0.00013676013893044656
154.4,3,0.00019474063622107503,0.6787437541132996,0.00013217899050710488
216.7,4,0.0002084066457804487,0.5426625541642611,0.00011309448270402473
262.9,3,0.00017765812427185794,0.4195651202199889,7.45391522681798e-05
357.9,3,0.0001434931003734237,0.19970147078579023,2.865578319218574e-05
331.2,3,0.00026648718640778687,0.265064278909923,7.063623390391427e-05
161.1,3,0.000526141368035887,0.6111324156691619,0.00032154204523124916
286.0,3,0.001069365248020991,0.36984544901464633,0.00039549987031498203
275.3,3,0.0014485970132936108,0.38956313412338167,0.0005643199925804291
208.7,3,0.00045097831545933166,0.4177800425049308,0.00018840973980140168
304.9,3,0.0002699036887976303,0.3053118316630968,8.240478959943097e-05
362.5,2,5.1247535847651325e-05,0.10123909742565194,5.188254274504963e-06
383.8,1,1.0249507169530265e-05,0.12425029458683634,1.2735042851840265e-06
396.1,1,0.0,0.31420741939082075,0.0
356.6,2,0.0,0.18740368136644073,0.0
472.7,1,0.0,0.03956612212422245,0.0
393.0,1,0.0,0.3121271374738048,0.0
392.7,1,0.0,0.30656686810669376,0.0
489.4,1,0.0,0.03681329201109833,0.0
507.7,1,0.0,0.020965466438480438,0.0
447.3,1,0.0,0.048553065315653884,0.0
455.0,1,0.0,0.049410551749294415,0.0
569.8,1,0.0,0.0179885344118484,0.0
519.5,1,0.0,0.018841145957832036,0.0
547.7,1,0.0,0.020366791715381204,0.0
578.3,1,0.0,0.018413037040294945,0.0
636.4,1,0.0,0.014755512701934552,0.0
773.5,0,0.0,0.01915152494682099,0.0
857.8,0,0.0,0.018453659593487656,0.0
894.4,0,0.0,0.018453659593487656,0.0
926.9,0,0.0,0.018453659593487656,0.0
1019.0,0,0.0,0.018453659593487656,0.0
1104.1,0,0.0,0.018453659593487656,0.0
1041.0,0,0.0,0.018453659593487656,0.0
1232.2,0,0.0,0.018453659593487656,0.0
1466.4,0,0.0,0.018453659593487656,0.0
1435.8,0,0.0,0.018453659593487656,0.0
1243.5,0,0.0,0.018453659593487656,0.0
1258.3,0,0.0,0.018453659593487656,0.0
1480.9,0,0.0,0.018453659593487656,0.0
1455.5,0,0.0,0.018453659593487656,0.0
1395.7,0,0.0,0.018453659593487656,0.0
1500.6,0,0.0,0.018453659593487656,0.0
1449.6,0,0.0,0.018453659593487656,0.0
1526.2,0,0.0,0.018453659593487656,0.0
1589.6,0,0.0,0.018453659593487656,0.0
1529.2,0,0.0,0.018453659593487656,0.0
1499.4,0,0.0,0.018453659593487656,0.0
1536.6,0,0.0,0.018453659593487656,0.0
1757.3,0,0.0,0.018453659593487656,0.0
1757.3,0,0.0,0.018453659593487656,0.0
1749.5,0,0.0,0.018453659593487656,0.0
1813.7,0,0.0,0.018453659593487656,0.0
1895.1,0,0.0,0.018453659593487656,0.0
1965.8,0,0.0,0.018453659593487656,0.0
2064.2,0,0.0,0.018453659593487656,0.0
2144.5,0,0.0,0.018453659593487656,0.0
2344.7,0,0.0,0.018453659593487656,0.0
689.8,1,0.0,0.014595373084873785,0.0
612.6,2,0.0,0.01648918699901408,0.0
714.9,1,0.0,0.01587155120449283,0.0
552.5,3,0.0,0.05828465221808841,0.0
536.7,3,0.0,0.05653595563166665,0.0
502.5,4,0.0,0.061355902536863655,0.0
432.7,4,1.708251194921711e-05,0.05579710459643566,9.53154706000329e-07
551.8,3,7.85795549663987e-05,0.037049639351033184,2.9113441718697603e-06
402.3,4,0.0006730509707991541,0.13162864100199073,8.85927846113632e-05
359.7,4,0.0006457189516804067,0.13013093361662867,8.402801003612206e-05
184.4,4,0.0004988093489171396,0.5798817223435542,0.00028925042437113774
209.7,4,0.00015374260754295397,0.5236550275902057,8.050808939469572e-05
92.4,4,0.00012982709081405002,0.6526066995966698,8.472602925439432e-05
0.0,4,0.00022207265533982242,0.7140184048468673,0.00015856396312584814
142.3,3,0.0002084066457804487,0.694198446738421,0.0001446755697907518
193.5,3,0.0003006522103062211,0.6427977517035343,0.0001932585648295371
215.7,3,0.0001571591099327974,0.5821936639198052,9.149703803015077e-05
276.0,3,0.00029723570791637767,0.39650187349360183,0.00011785451505804076
235.9,3,0.0007482140233757093,0.5752731805179561,0.00043042746093548064
234.8,3,0.0009668701763256883,0.5742036440413575,0.0005551803785611201
274.6,3,0.0008199605735624212,0.4093589157671072,0.0003356581713652881
367.0,3,0.0010147012097834961,0.16145949883634253,0.00016383314880027375
303.4,3,0.00022890566011950924,0.29878617735154467,6.839384716124009e-05
333.1,3,6.149704301718158e-05,0.18543554207886392,1.140373750813828e-05
276.0,3,7.174655018671185e-05,0.3825714074036259,2.744817868128523e-05
397.2,3,1.3666009559373686e-05,0.05829653196898262,7.966809631664502e-07
506.1,1,0.0,0.022422613365646635,0.0
589.7,1,0.0,0.01670686304640488,0.0
498.2,1,0.0,0.026849382637807402,0.0
440.7,1,0.0,0.04793293683986121,0.0
515.4,1,0.0,0.018841145957832036,0.0
491.9,1,0.0,0.040618085525157076,0.0
574.0,1,0.0,0.017913037040294944,0.0
492.0,1,0.0,0.041850523455323745,0.0
508.0,1,0.0,0.020965466438480438,0.0
640.8,1,0.0,0.014616623813184551,0.0
556.1,1,0.0,0.018700125048714537,0.0
610.6,1,0.0,0.016586135574459607,0.0
682.6,1,0.0,0.014595373084873785,0.0
728.6,1,0.0,0.015602836577982861,0.0
743.6,1,0.0,0.016978185956590865,0.0
865.2,0,0.0,0.018453659593487656,0.0
917.0,0,0.0,0.018453659593487656,0.0
968.8,0,0.0,0.018453659593487656,0.0
1040.2,0,0.0,0.018453659593487656,0.0
1002.7,0,0.0,0.018453659593487656,0.0
1113.9,0,0.0,0.018453659593487656,0.0
1141.8,0,0.0,0.018453659593487656,0.0
1251.8,0,0.0,0.018453659593487656,0.0
1381.4,0,0.0,0.018453659593487656,0.0
1284.9,0,0.0,0.018453659593487656,0.0
1300.5,0,0.0,0.018453659593487656,0.0
1418.6,0,0.0,0.018453659593487656,0.0
1522.0,0,0.0,0.018453659593487656,0.0
1500.2,0,0.0,0.018453659593487656,0.0
1544.4,0,0.0,0.018453659593487656,0.0
1531.9,0,0.0,0.018453659593487656,0.0
1598.7,0,0.0,0.018453659593487656,0.0
1738.0,0,0.0,0.018453659593487656,0.0
1738.0,0,0.0,0.018453659593487656,0.0
1606.6,0,0.0,0.018453659593487656,0.0
1527.7,0,0.0,0.018453659593487656,0.0
1616.9,0,0.0,0.018453659593487656,0.0
1671.8,0,0.0,0.018453659593487656,0.0
1775.2,0,0.0,0.018453659593487656,0.0
2031.4,0,0.0,0.018453659593487656,0.0
1984.0,0,0.0,0.018453659593487656,0.0
2041.7,0,0.0,0.018453659593487656,0.0
2114.0,0,0.0,0.018453659593487656,0.0
2303.5,0,0.0,0.018453659593487656,0.0
2379.6,0,0.0,0.018453659593487656,0.0
687.3,1,0.0,0.014595373084873785,0.0
586.4,2,0.0,0.016416791170771796,0.0
573.6,3,0.0,0.056066273415244595,0.0
585.4,2,0.0,0.0176180049891448,0.0
563.7,3,0.0,0.05646707416199152,0.0
437.5,4,0.0,0.0878145752896906,0.0
674.7,1,0.0,0.016207094699873782,0.0
594.8,2,3.4165023898434215e-06,0.028483831752241274,9.731507925343025e-08
318.9,4,0.00027332019118747375,0.22510424564902312,6.152553545790305e-05
288.9,4,0.00043389580351011457,0.36972041976088343,0.00016042013860624536
292.1,3,0.0003860647700523067,0.3669268776258791,0.0001416575406366459
217.7,4,0.00012299408603436317,0.5627574582744969,6.921583923949301e-05
166.9,3,6.491354540702501e-05,0.6610190302927734,4.290908883781759e-05
132.8,3,0.00041339678917105404,0.6232928218982882,0.00025766725128611794
155.5,3,0.0006696344684093107,0.67221166459701,0.00045013610068095664
190.8,3,0.0006833004779686843,0.6188526081985504,0.0004228622829742364
209.0,3,0.00024598817206872634,0.6275125156511151,0.00015436065667526582
338.6,3,0.0002391551672890395,0.20321973975607505,4.86010508577992e-05
237.6,3,0.0005363908752054172,0.5621491354789537,0.00030153166677552467
311.8,3,0.0005193083632562001,0.31599833483344314,0.00016410057805404002
428.6,3,0.00029723570791637767,0.09551043102226565,2.8389110578301492e-05
357.0,3,0.00019815713861091845,0.20002186788252432,3.963576099921219e-05
485.2,3,5.808054062733817e-05,0.05377833101557042,3.123474539420278e-06
376.1,3,1.708251194921711e-05,0.10381075483164133,1.7733484598687608e-06
388.5,3,0.0,0.2924702105680736,0.0
337.1,3,0.0,0.13179309335576173,0.0
413.6,3,0.0,0.2685147258960923,0.0
492.7,1,0.0,0.18273467448078934,0.0
545.6,1,0.0,0.020242628163351813,0.0
439.9,1,0.0,0.04793293683986121,0.0
520.5,1,0.0,0.018480034846720925,0.0
656.1,1,0.0,0.014616623813184551,0.0
613.0,1,0.0,0.016586135574459607,0.0
643.7,1,0.0,0.014616623813184551,0.0
551.6,1,0.0,0.020366791715381204,0.0
613.7,1,0.0,0.016586135574459607,0.0
645.1,1,0.0,0.014616623813184551,0.0
654.3,1,0.0,0.014616623813184551,0.0
767.9,0,0.0,0.01915152494682099,0.0
914.3,0,0.0,0.018453659593487656,0.0
801.6,0,0.0,0.018453659593487656,0.0
813.6,0,0.0,0.018453659593487656,0.0
828.6,0,0.0,0.018453659593487656,0.0
870.6,0,0.0,0.018453659593487656,0.0
909.0,0,0.0,0.018453659593487656,0.0
978.6,0,0.0,0.018453659593487656,0.0
1041.2,0,0.0,0.018453659593487656,0.0
1411.5,0,0.0,0.018453659593487656,0.0
1337.8,0,0.0,0.018453659593487656,0.0
1364.9,0,0.0,0.018453659593487656,0.0
1885.0,0,0.0,0.018453659593487656,0.0
1346.6,0,0.0,0.018453659593487656,0.0
1437.5,0,0.0,0.018453659593487656,0.0
1514.9,0,0.0,0.018453659593487656,0.0
1602.0,0,0.0,0.018453659593487656,0.0
1608.6,0,0.0,0.018453659593487656,0.0
1636.9,0,0.0,0.018453659593487656,0.0
1610.0,0,0.0,0.018453659593487656,0.0
1720.5,0,0.0,0.018453659593487656,0.0
1675.9,0,0.0,0.018453659593487656,0.0
1668.0,0,0.0,0.018453659593487656,0.0
1549.5,0,0.0,0.018453659593487656,0.0
1634.2,0,0.0,0.018453659593487656,0.0
1671.8,0,0.0,0.018453659593487656,0.0
2043.5,0,0.0,0.018453659593487656,0.0
2034.9,0,0.0,0.018453659593487656,0.0
2018.6,0,0.0,0.018453659593487656,0.0
2073.2,0,0.0,0.018453659593487656,0.0
2152.6,0,0.0,0.018453659593487656,0.0
2228.6,0,0.0,0.018453659593487656,0.0
2311.2,0,0.0,0.018453659593487656,0.0
829.3,0,0.0,0.018453659593487656,0.0
560.6,3,0.0,0.05872278259237247,0.0
605.0,2,0.0,0.020165112924940002,0.0
554.5,3,0.0,0.05828465221808841,0.0
471.4,4,0.0,0.07571426213109025,0.0
605.6,2,0.0,0.020165112924940002,0.0
725.2,1,0.0,0.016436169911316193,0.0
672.6,1,0.0,0.016207094699873782,0.0
461.5,4,2.049901433906053e-05,0.06029672523872383,1.2360234352669927e-06
405.8,2,0.00017765812427185794,0.17395640851224112,3.0904769241353817e-05
326.5,3,0.0003792317652726198,0.18073851416542802,6.854178577970567e-05
226.3,3,0.00024257166967888295,0.5562303815454199,0.00013492573237759465
180.7,4,0.00013666009559373687,0.5782103961173024,7.901828800668302e-05
225.4,3,0.0001434931003734237,0.4277215698979522,6.137509416124521e-05
261.2,3,0.00018449112905154477,0.41150154650491727,7.591838492114894e-05
260.9,3,0.00019132413383123162,0.4115324797072577,7.873609522340998e-05
245.6,3,0.0007584635305452396,0.5204283508528321,0.0003947259243836757
255.2,3,0.001182109826885824,0.4535816419884128,0.0005361833162895104
282.0,3,0.0002562376792382566,0.37250083016584384,9.54487482360198e-05
342.7,3,0.00023232216250935268,0.22031689024436432,5.1184496378906426e-05
384.8,3,0.00038948127244215006,0.17294237817690006,6.735781751151055e-05
376.7,2,0.00011274457886483292,0.08416904804354959,9.489603875123888e-06
397.2,3,4.099802867812106e-05,0.10730732082632345,4.399388616609946e-06
473.3,3,1.708251194921711e-05,0.06527283468693067,1.115023978498766e-06
379.8,3,0.0,0.2642695820810763,0.0
369.0,3,0.0,0.21974397040411595,0.0
368.5,3,0.0,0.20179453399126387,0.0
464.4,2,0.0,0.037624315336600204,0.0
581.0,1,0.0,0.018754761566395575,0.0
472.9,1,0.0,0.03956612212422245,0.0
588.6,1,0.0,0.01658194093973821,0.0
656.1,1,0.0,0.014616623813184551,0.0
701.6,1,0.0,0.014595373084873785,0.0
718.4,1,0.0,0.018405161853185838,0.0
686.8,1,0.0,0.014595373084873785,0.0
683.2,1,0.0,0.014595373084873785,0.0
704.5,1,0.0,0.014595373084873785,0.0
748.1,0,0.0,0.01762316398945737,0.0
690.3,1,0.0,0.014595373084873785,0.0
864.2,0,0.0,0.018453659593487656,0.0
856.0,0,0.0,0.018453659593487656,0.0
895.0,0,0.0,0.018453659593487656,0.0
906.0,0,0.0,0.018453659593487656,0.0
964.9,0,0.0,0.018453659593487656,0.0
954.1,0,0.0,0.018453659593487656,0.0
997.4,0,0.0,0.018453659593487656,0.0
1104.9,0,0.0,0.018453659593487656,0.0
1120.1,0,0.0,0.018453659593487656,0.0
1501.6,0,0.0,0.018453659593487656,0.0
1351.8,0,0.0,0.018453659593487656,0.0
1450.2,0,0.0,0.018453659593487656,0.0
1463.2,0,0.0,0.018453659593487656,0.0
1401.6,0,0.0,0.018453659593487656,0.0
1417.2,0,0.0,0.018453659593487656,0.0
1691.7,0,0.0,0.018453659593487656,0.0
1691.7,0,0.0,0.018453659593487656,0.0
1688.5,0,0.0,0.018453659593487656,0.0
1669.7,0,0.0,0.018453659593487656,0.0
1793.1,0,0.0,0.018453659593487656,0.0
1749.4,0,0.0,0.018453659593487656,0.0
1730.0,0,0.0,0.018453659593487656,0.0
1682.2,0,0.0,0.018453659593487656,0.0
1600.7,0,0.0,0.018453659593487656,0.0
1605.2,0,0.0,0.018453659593487656,0.0
1972.7,0,0.0,0.018453659593487656,0.0
1984.3,0,0.0,0.018453659593487656,0.0
1996.1,0,0.0,0.018453659593487656,0.0
2196.0,0,0.0,0.018453659593487656,0.0
2176.1,0,0.0,0.018453659593487656,0.0
2284.4,0,0.0,0.018453659593487656,0.0
2319.5,0,0.0,0.018453659593487656,0.0
619.6,2,0.0,0.015898889751578178,0.0
598.7,2,0.0,0.017875046610771796,0.0
562.1,3,0.0,0.05872278259237247,0.0
756.1,0,0.0,0.018292913074720533,0.0
621.2,2,0.0,0.015594544414355956,0.0
615.6,2,0.0,0.016386984989911514,0.0
667.5,1,0.0,0.014616623813184551,0.0
730.8,1,0.0,0.015602836577982861,0.0
761.2,0,0.0,0.018292913074720533,0.0
538.9,3,5.4664038237494744e-05,0.034659384941604206,1.894621943735902e-06
356.4,3,0.00015374260754295397,0.14720720100622597,2.263201893179694e-05
219.0,4,0.00016057561232264082,0.5101781174295393,8.192216359986043e-05
292.0,3,9.566206691561581e-05,0.34708315382615385,3.320269188660051e-05
228.7,3,5.808054062733817e-05,0.5488253161653934,3.187607107285585e-05
269.3,4,3.416502389843422e-05,0.4105146674910196,1.4025243425488461e-05
330.2,3,7.174655018671185e-05,0.28922337611605237,2.075077946968059e-05
443.2,3,0.0010386167265124002,0.058302245287172254,6.055368714848586e-05
429.5,3,0.0014759290324123581,0.08348054676018615,0.00012321136260501616
382.7,3,0.0002528211768484132,0.1274530991059417,3.222284250894162e-05
367.4,3,0.00014690960276326714,0.1687067973528186,2.478464858256559e-05
532.1,2,8.199605735624212e-05,0.026750819500406888,2.1934617300818434e-06
439.8,3,0.0,0.08329968982437075,0.0
433.7,3,1.0249507169530265e-05,0.06157933011053353,6.311577854627843e-07
460.8,3,0.0,0.08246645590332513,0.0
516.2,2,0.0,0.018301731426623186,0.0
663.1,1,0.0,0.014616623813184551,0.0
490.2,1,0.0,0.038677498790953856,0.0
414.4,3,0.0,0.2648580214451849,0.0
516.2,1,0.0,0.018841145957832036,0.0
556.7,1,0.0,0.018529585791243273,0.0
641.1,1,0.0,0.014616623813184551,0.0
930.9,0,0.0,0.018453659593487656,0.0
859.9,0,0.0,0.018453659593487656,0.0
765.9,0,0.0,0.018292913074720533,0.0
695.0,1,0.0,0.014595373084873785,0.0
697.4,1,0.0,0.014595373084873785,0.0
752.7,0,0.0,0.017146973512790705,0.0
763.7,0,0.0,0.018292913074720533,0.0
756.8,0,0.0,0.018292913074720533,0.0
736.5,1,0.0,0.015602836577982861,0.0
801.7,0,0.0,0.018453659593487656,0.0
909.9,0,0.0,0.018453659593487656,0.0
1057.8,0,0.0,0.018453659593487656,0.0
1045.3,0,0.0,0.018453659593487656,0.0
993.6,0,0.0,0.018453659593487656,0.0
991.1,0,0.0,0.018453659593487656,0.0
1134.4,0,0.0,0.018453659593487656,0.0
1170.2,0,0.0,0.018453659593487656,0.0
1289.2,0,0.0,0.018453659593487656,0.0
1406.9,0,0.0,0.018453659593487656,0.0
1492.9,0,0.0,0.018453659593487656,0.0
1548.0,0,0.0,0.018453659593487656,0.0
1444.2,0,0.0,0.018453659593487656,0.0
1553.5,0,0.0,0.018453659593487656,0.0
1628.5,0,0.0,0.018453659593487656,0.0
1737.5,0,0.0,0.018453659593487656,0.0
1784.4,0,0.0,0.018453659593487656,0.0
1743.5,0,0.0,0.018453659593487656,0.0
1819.0,0,0.0,0.018453659593487656,0.0
1852.5,0,0.0,0.018453659593487656,0.0
1824.0,0,0.0,0.018453659593487656,0.0
1647.7,0,0.0,0.018453659593487656,0.0
1602.7,0,0.0,0.018453659593487656,0.0
1605.9,0,0.0,0.018453659593487656,0.0
1857.6,0,0.0,0.018453659593487656,0.0
1911.7,0,0.0,0.018453659593487656,0.0
1927.7,0,0.0,0.018453659593487656,0.0
2212.2,0,0.0,0.018453659593487656,0.0
2248.1,0,0.0,0.018453659593487656,0.0
2255.3,0,0.0,0.018453659593487656,0.0
2284.4,0,0.0,0.018453659593487656,0.0
616.3,2,0.0,0.016386984989911514,0.0
557.6,3,0.0,0.0570406965675616,0.0
537.9,3,0.0,0.05653595563166665,0.0
669.6,1,0.0,0.015202642277298027,0.0
621.5,2,0.0,0.015594544414355956,0.0
613.5,2,0.0,0.01648918699901408,0.0
631.8,1,0.0,0.01488960898717965,0.0
874.4,0,0.0,0.018453659593487656,0.0
743.1,1,0.0,0.015997498167760638,0.0
560.8,3,0.0,0.05872278259237247,0.0
327.7,4,3.4165023898434215e-06,0.13135956954058856,4.4879028326422394e-07
340.5,3,5.4664038237494744e-05,0.15725926848919233,8.596426665893661e-06
329.0,3,3.074852150859079e-05,0.11254545070317029,3.4606062116404765e-06
230.6,3,1.708251194921711e-05,0.15016838808735172,2.565253283896858e-06
385.9,2,6.833004779686843e-06,0.07672774314213891,5.242810356248196e-07
300.0,4,0.0,0.23795544481502523,0.0
482.4,2,0.00023232216250935268,0.06001146223643163,1.3941992682116152e-05
522.1,2,0.0004407288082898014,0.04497163440059882,1.9820294836220556e-05
665.9,2,0.00016399211471248423,0.04304523509625712,7.05907913173125e-06
389.3,3,0.00010249507169530265,0.10035658356265477,1.0286055227349931e-05
426.6,3,4.4414531067964485e-05,0.036825393997231615,1.6355826057800764e-06
1228.7,0,0.0,0.018453659593487656,0.0
1197.4,0,0.0,0.018453659593487656,0.0
575.2,2,0.0,0.017747887271328523,0.0
523.5,2,0.0,0.018425310684234305,0.0
602.1,1,0.0,0.021636014288795493,0.0
512.3,1,0.0,0.01995791807330779,0.0
481.8,1,0.0,0.037231816281008474,0.0
460.6,2,0.0,0.045075617293824734,0.0
522.1,1,0.0,0.01862768817877648,0.0
657.6,1,0.0,0.014616623813184551,0.0
716.4,1,0.0,0.01587155120449283,0.0
709.0,1,0.0,0.014851783341540453,0.0
725.7,1,0.0,0.015602836577982861,0.0
746.6,0,0.0,0.01762316398945737,0.0
718.8,1,0.0,0.018405161853185838,0.0
772.1,0,0.0,0.01915152494682099,0.0
792.8,0,0.0,0.01915152494682099,0.0
789.2,0,0.0,0.01915152494682099,0.0
943.4,0,0.0,0.018453659593487656,0.0
833.4,0,0.0,0.018453659593487656,0.0
862.9,0,0.0,0.018453659593487656,0.0
950.8,0,0.0,0.018453659593487656,0.0
952.1,0,0.0,0.018453659593487656,0.0
1025.0,0,0.0,0.018453659593487656,0.0
1246.3,0,0.0,0.018453659593487656,0.0
1182.0,0,0.0,0.018453659593487656,0.0
1217.6,0,0.0,0.018453659593487656,0.0
1254.6,0,0.0,0.018453659593487656,0.0
1316.9,0,0.0,0.018453659593487656,0.0
1552.3,0,0.0,0.018453659593487656,0.0
1669.5,0,0.0,0.018453659593487656,0.0
1550.2,0,0.0,0.018453659593487656,0.0
1546.7,0,0.0,0.018453659593487656,0.0
1616.2,0,0.0,0.018453659593487656,0.0
1704.1,0,0.0,0.018453659593487656,0.0
1800.9,0,0.0,0.018453659593487656,0.0
1840.4,0,0.0,0.018453659593487656,0.0
1967.8,0,0.0,0.018453659593487656,0.0
1861.0,0,0.0,0.018453659593487656,0.0
1801.3,0,0.0,0.018453659593487656,0.0
1706.2,0,0.0,0.018453659593487656,0.0
1625.6,0,0.0,0.018453659593487656,0.0
1711.5,0,0.0,0.018453659593487656,0.0
1782.2,0,0.0,0.018453659593487656,0.0
1846.1,0,0.0,0.018453659593487656,0.0
1992.8,0,0.0,0.018453659593487656,0.0
2316.9,0,0.0,0.018453659593487656,0.0
2319.9,0,0.0,0.018453659593487656,0.0
2433.4,0,0.0,0.018453659593487656,0.0
2411.3,0,0.0,0.018453659593487656,0.0
590.4,2,0.0,0.016541713277438457,0.0
628.8,1,0.0,0.01488960898717965,0.0
721.9,1,0.0,0.01752591350131619,0.0
667.8,1,0.0,0.014616623813184551,0.0
556.2,3,0.0,0.056617985551421744,0.0
620.0,2,0.0,0.015898889751578178,0.0
817.3,0,0.0,0.018453659593487656,0.0
800.6,0,0.0,0.018453659593487656,0.0
670.9,1,0.0,0.015202642277298027,0.0
757.6,0,0.0,0.018292913074720533,0.0
336.3,4,0.0,0.13246247838057731,0.0
252.3,4,0.0,0.37220350138486274,0.0
462.6,1,0.0,0.045398323201836656,0.0
261.5,3,0.0,0.4199794277184307,0.0
305.1,3,0.0,0.19535962731863848,0.0
307.0,4,0.0,0.17315895680396412,0.0
324.9,4,0.0,0.12849748755565424,0.0
343.8,3,0.0,0.1547946633260243,0.0
363.0,3,1.3666009559373686e-05,0.15495257127081158,2.1175833202364432e-06
416.9,3,2.049901433906053e-05,0.026627272970681248,5.458328504360737e-07
408.9,3,0.0,0.284253206845856,0.0
422.8,3,0.0,0.23002225471438023,0.0
443.7,2,0.0,0.04561103649369385,0.0
1176.4,0,0.0,0.018453659593487656,0.0
567.5,2,0.0,0.018148688018075457,0.0
609.8,1,0.0,0.016586135574459607,0.0
526.7,1,0.0,0.018964725215443148,0.0
678.2,2,0.0,0.015383461251872692,0.0
570.5,1,0.0,0.0179885344118484,0.0
545.6,1,0.0,0.020242628163351813,0.0
603.6,1,0.0,0.025354552342876372,0.0
686.8,1,0.0,0.014595373084873785,0.0
723.3,1,0.0,0.016692580167982862,0.0
836.5,0,0.0,0.018453659593487656,0.0
770.2,0,0.0,0.01915152494682099,0.0
808.5,0,0.0,0.018453659593487656,0.0
917.7,0,0.0,0.018453659593487656,0.0
896.2,0,0.0,0.018453659593487656,0.0
896.2,0,0.0,0.018453659593487656,0.0
1263.8,0,0.0,0.018453659593487656,0.0
1263.8,0,0.0,0.018453659593487656,0.0
855.1,0,0.0,0.018453659593487656,0.0
914.5,0,0.0,0.018453659593487656,0.0
999.3,0,0.0,0.018453659593487656,0.0
1124.6,0,0.0,0.018453659593487656,0.0
1163.9,0,0.0,0.018453659593487656,0.0
1257.9,0,0.0,0.018453659593487656,0.0
1416.4,0,0.0,0.018453659593487656,0.0
1444.9,0,0.0,0.018453659593487656,0.0
1380.2,0,0.0,0.018453659593487656,0.0
1477.4,0,0.0,0.018453659593487656,0.0
1592.6,0,0.0,0.018453659593487656,0.0
1525.7,0,0.0,0.018453659593487656,0.0
1543.6,0,0.0,0.018453659593487656,0.0
1643.1,0,0.0,0.018453659593487656,0.0
1751.8,0,0.0,0.018453659593487656,0.0
1778.2,0,0.0,0.018453659593487656,0.0
1905.1,0,0.0,0.018453659593487656,0.0
1976.1,0,0.0,0.018453659593487656,0.0
1897.8,0,0.0,0.018453659593487656,0.0
1937.4,0,0.0,0.018453659593487656,0.0
1686.7,0,0.0,0.018453659593487656,0.0
1677.7,0,0.0,0.018453659593487656,0.0
1784.8,0,0.0,0.018453659593487656,0.0
1948.7,0,0.0,0.018453659593487656,0.0
1916.3,0,0.0,0.018453659593487656,0.0
1992.8,0,0.0,0.018453659593487656,0.0
2314.4,0,0.0,0.018453659593487656,0.0
2309.8,0,0.0,0.018453659593487656,0.0
2369.8,0,0.0,0.018453659593487656,0.0
2343.0,0,0.0,0.018453659593487656,0.0
