grid_idx,grid_idx,grid_idx,count,in_time_response_rate,fire_frequency
0,0,0,0,0.0,0.0
1,1,1,0,0.0,0.0
2,2,2,0,0.0,0.0
3,3,3,0,0.0,0.0
4,4,4,0,0.0,0.0
5,5,5,0,0.0,0.0
6,6,6,0,0.0,0.0
7,7,7,0,0.0,0.0
8,8,8,0,0.0,0.0
9,9,9,0,0.0,0.0
10,10,10,0,0.0,0.0
11,11,11,0,0.0,0.0
12,12,12,0,0.0,0.0
13,13,13,0,0.0,0.0
14,14,14,0,0.0,0.0
15,15,15,0,0.0,0.0
16,16,16,0,0.0,0.0
17,17,17,0,0.0,0.0
18,18,18,0,0.0,0.0
19,19,19,0,0.0,0.0
20,20,20,0,0.0,0.0
21,21,21,0,0.0,0.0
22,22,22,0,0.0,0.0
23,23,23,0,0.0,0.0
24,24,24,0,0.0,0.0
25,25,25,0,0.0,0.0
26,26,26,0,0.0,0.0
27,27,27,0,0.0,0.0
28,28,28,0,0.0,0.0
29,29,29,0,0.0,0.0
30,30,30,0,0.0,0.0
31,31,31,0,0.0,0.0
32,32,32,0,0.0,0.0
33,33,33,0,0.0,0.0
34,34,34,0,0.0,0.0
35,35,35,0,0.0,0.0
36,36,36,0,0.0,0.0
37,37,37,0,0.0,0.0
38,38,38,0,0.0,0.0
39,39,39,0,0.0,0.0
40,40,40,0,0.0,0.0
41,41,41,0,0.0,0.0
42,42,42,0,0.0,0.0
43,43,43,0,0.0,0.0
44,44,44,0,0.0,0.0
45,45,45,0,0.0,0.0
46,46,46,0,0.0,0.0
47,47,47,0,0.0,0.0
48,48,48,0,0.0,0.0
49,49,49,0,0.0,0.0
50,50,50,0,0.0,0.0
51,51,51,1,0.0,3.4165023898434215e-06
52,52,52,10,0.0,3.416502389843422e-05
53,53,53,4,0.0,1.3666009559373686e-05
54,54,54,0,0.0,0.0
55,55,55,0,0.0,0.0
56,56,56,0,0.0,0.0
57,57,57,0,0.0,0.0
58,58,58,0,0.0,0.0
59,59,59,0,0.0,0.0
60,60,60,0,0.0,0.0
61,61,61,0,0.0,0.0
62,62,62,0,0.0,0.0
63,63,63,0,0.0,0.0
64,64,64,0,0.0,0.0
65,65,65,0,0.0,0.0
66,66,66,0,0.0,0.0
67,67,67,0,0.0,0.0
68,68,68,0,0.0,0.0
69,69,69,0,0.0,0.0
70,70,70,0,0.0,0.0
71,71,71,0,0.0,0.0
72,72,72,0,0.0,0.0
73,73,73,0,0.0,0.0
74,74,74,0,0.0,0.0
75,75,75,0,0.0,0.0
76,76,76,0,0.0,0.0
77,77,77,0,0.0,0.0
78,78,78,0,0.0,0.0
79,79,79,0,0.0,0.0
80,80,80,0,0.0,0.0
81,81,81,0,0.0,0.0
82,82,82,0,0.0,0.0
83,83,83,0,0.0,0.0
84,84,84,0,0.0,0.0
85,85,85,0,0.0,0.0
86,86,86,0,0.0,0.0
87,87,87,0,0.0,0.0
88,88,88,0,0.0,0.0
89,89,89,0,0.0,0.0
90,90,90,0,0.0,0.0
91,91,91,0,0.0,0.0
92,92,92,0,0.0,0.0
93,93,93,0,0.0,0.0
94,94,94,0,0.0,0.0
95,95,95,0,0.0,0.0
96,96,96,0,0.0,0.0
97,97,97,0,0.0,0.0
98,98,98,0,0.0,0.0
99,99,99,0,0.0,0.0
100,100,100,0,0.0,0.0
101,101,101,0,0.0,0.0
102,102,102,0,0.0,0.0
103,103,103,0,0.0,0.0
104,104,104,0,0.0,0.0
105,105,105,0,0.0,0.0
106,106,106,0,0.0,0.0
107,107,107,0,0.0,0.0
108,108,108,0,0.0,0.0
109,109,109,0,0.0,0.0
110,110,110,0,0.0,0.0
111,111,111,0,0.0,0.0
112,112,112,0,0.0,0.0
113,113,113,0,0.0,0.0
114,114,114,0,0.0,0.0
115,115,115,0,0.0,0.0
116,116,116,0,0.0,0.0
117,117,117,0,0.0,0.0
118,118,118,0,0.0,0.0
119,119,119,0,0.0,0.0
120,120,120,0,0.0,0.0
121,121,121,0,0.0,0.0
122,122,122,7,0.0,2.3915516728903952e-05
123,123,123,15,0.0,5.1247535847651325e-05
124,124,124,8,0.0,2.7332019118747372e-05
125,125,125,1,0.0,3.4165023898434215e-06
126,126,126,0,0.0,0.0
127,127,127,0,0.0,0.0
128,128,128,3,0.3333333333333333,1.0249507169530265e-05
129,129,129,1,1.0,3.4165023898434215e-06
130,130,130,0,0.0,0.0
131,131,131,0,0.0,0.0
132,132,132,0,0.0,0.0
133,133,133,0,0.0,0.0
134,134,134,0,0.0,0.0
135,135,135,0,0.0,0.0
136,136,136,0,0.0,0.0
137,137,137,0,0.0,0.0
138,138,138,0,0.0,0.0
139,139,139,0,0.0,0.0
140,140,140,0,0.0,0.0
141,141,141,0,0.0,0.0
142,142,142,0,0.0,0.0
143,143,143,0,0.0,0.0
144,144,144,0,0.0,0.0
145,145,145,0,0.0,0.0
146,146,146,0,0.0,0.0
147,147,147,0,0.0,0.0
148,148,148,0,0.0,0.0
149,149,149,0,0.0,0.0
150,150,150,0,0.0,0.0
151,151,151,0,0.0,0.0
152,152,152,0,0.0,0.0
153,153,153,0,0.0,0.0
154,154,154,0,0.0,0.0
155,155,155,0,0.0,0.0
156,156,156,0,0.0,0.0
157,157,157,0,0.0,0.0
158,158,158,0,0.0,0.0
159,159,159,0,0.0,0.0
160,160,160,0,0.0,0.0
161,161,161,0,0.0,0.0
162,162,162,0,0.0,0.0
163,163,163,0,0.0,0.0
164,164,164,0,0.0,0.0
165,165,165,0,0.0,0.0
166,166,166,0,0.0,0.0
167,167,167,0,0.0,0.0
168,168,168,0,0.0,0.0
169,169,169,0,0.0,0.0
170,170,170,0,0.0,0.0
171,171,171,0,0.0,0.0
172,172,172,0,0.0,0.0
173,173,173,0,0.0,0.0
174,174,174,1,0.0,3.4165023898434215e-06
175,175,175,5,0.0,1.708251194921711e-05
176,176,176,5,0.2,1.708251194921711e-05
177,177,177,19,0.0,6.491354540702501e-05
178,178,178,5,0.0,1.708251194921711e-05
179,179,179,0,0.0,0.0
180,180,180,0,0.0,0.0
181,181,181,0,0.0,0.0
182,182,182,0,0.0,0.0
183,183,183,0,0.0,0.0
184,184,184,0,0.0,0.0
185,185,185,0,0.0,0.0
186,186,186,0,0.0,0.0
187,187,187,0,0.0,0.0
188,188,188,0,0.0,0.0
189,189,189,0,0.0,0.0
190,190,190,0,0.0,0.0
191,191,191,0,0.0,0.0
192,192,192,2,0.0,6.833004779686843e-06
193,193,193,40,0.0,0.00013666009559373687
194,194,194,28,0.0,9.566206691561581e-05
195,195,195,10,0.0,3.416502389843422e-05
196,196,196,13,0.15384615384615385,4.4414531067964485e-05
197,197,197,14,0.2857142857142857,4.7831033457807905e-05
198,198,198,11,0.6363636363636364,3.758152628827764e-05
199,199,199,11,0.36363636363636365,3.758152628827764e-05
200,200,200,6,0.16666666666666666,2.049901433906053e-05
201,201,201,0,0.0,0.0
202,202,202,0,0.0,0.0
203,203,203,0,0.0,0.0
204,204,204,0,0.0,0.0
205,205,205,0,0.0,0.0
206,206,206,0,0.0,0.0
207,207,207,0,0.0,0.0
208,208,208,0,0.0,0.0
209,209,209,0,0.0,0.0
210,210,210,0,0.0,0.0
211,211,211,0,0.0,0.0
212,212,212,0,0.0,0.0
213,213,213,0,0.0,0.0
214,214,214,0,0.0,0.0
215,215,215,0,0.0,0.0
216,216,216,0,0.0,0.0
217,217,217,0,0.0,0.0
218,218,218,0,0.0,0.0
219,219,219,0,0.0,0.0
220,220,220,0,0.0,0.0
221,221,221,0,0.0,0.0
222,222,222,0,0.0,0.0
223,223,223,0,0.0,0.0
224,224,224,0,0.0,0.0
225,225,225,0,0.0,0.0
226,226,226,0,0.0,0.0
227,227,227,0,0.0,0.0
228,228,228,0,0.0,0.0
229,229,229,0,0.0,0.0
230,230,230,0,0.0,0.0
231,231,231,0,0.0,0.0
232,232,232,0,0.0,0.0
233,233,233,0,0.0,0.0
234,234,234,0,0.0,0.0
235,235,235,0,0.0,0.0
236,236,236,0,0.0,0.0
237,237,237,3,0.3333333333333333,1.0249507169530265e-05
238,238,238,0,0.0,0.0
239,239,239,0,0.0,0.0
240,240,240,0,0.0,0.0
241,241,241,0,0.0,0.0
242,242,242,6,0.0,2.049901433906053e-05
243,243,243,3,0.0,1.0249507169530265e-05
244,244,244,8,0.125,2.7332019118747372e-05
245,245,245,7,0.0,2.3915516728903952e-05
246,246,246,22,0.09090909090909091,7.516305257655528e-05
247,247,247,21,0.0,7.174655018671185e-05
248,248,248,138,0.028985507246376812,0.0004714773297983922
249,249,249,35,0.0,0.00011957758364451976
250,250,250,0,0.0,0.0
251,251,251,0,0.0,0.0
252,252,252,0,0.0,0.0
253,253,253,0,0.0,0.0
254,254,254,0,0.0,0.0
255,255,255,0,0.0,0.0
256,256,256,0,0.0,0.0
257,257,257,0,0.0,0.0
258,258,258,0,0.0,0.0
259,259,259,0,0.0,0.0
260,260,260,1,0.0,3.4165023898434215e-06
261,261,261,8,0.0,2.7332019118747372e-05
262,262,262,5,0.0,1.708251194921711e-05
263,263,263,13,0.0,4.4414531067964485e-05
264,264,264,49,0.0,0.00016740861710232767
265,265,265,54,0.09259259259259259,0.00018449112905154477
266,266,266,27,0.14814814814814814,9.224556452577238e-05
267,267,267,41,0.34146341463414637,0.0001400765979835803
268,268,268,45,0.3111111111111111,0.00015374260754295397
269,269,269,30,0.36666666666666664,0.00010249507169530265
270,270,270,21,0.47619047619047616,7.174655018671185e-05
271,271,271,4,0.5,1.3666009559373686e-05
272,272,272,0,0.0,0.0
273,273,273,0,0.0,0.0
274,274,274,0,0.0,0.0
275,275,275,0,0.0,0.0
276,276,276,0,0.0,0.0
277,277,277,0,0.0,0.0
278,278,278,0,0.0,0.0
279,279,279,0,0.0,0.0
280,280,280,0,0.0,0.0
281,281,281,0,0.0,0.0
282,282,282,0,0.0,0.0
283,283,283,0,0.0,0.0
284,284,284,0,0.0,0.0
285,285,285,0,0.0,0.0
286,286,286,0,0.0,0.0
287,287,287,0,0.0,0.0
288,288,288,0,0.0,0.0
289,289,289,0,0.0,0.0
290,290,290,0,0.0,0.0
291,291,291,0,0.0,0.0
292,292,292,0,0.0,0.0
293,293,293,0,0.0,0.0
294,294,294,0,0.0,0.0
295,295,295,0,0.0,0.0
296,296,296,0,0.0,0.0
297,297,297,0,0.0,0.0
298,298,298,0,0.0,0.0
299,299,299,0,0.0,0.0
300,300,300,0,0.0,0.0
301,301,301,0,0.0,0.0
302,302,302,0,0.0,0.0
303,303,303,0,0.0,0.0
304,304,304,1,0.0,3.4165023898434215e-06
305,305,305,10,0.1,3.416502389843422e-05
306,306,306,26,0.07692307692307693,8.882906213592897e-05
307,307,307,25,0.12,8.541255974608554e-05
308,308,308,21,0.14285714285714285,7.174655018671185e-05
309,309,309,13,0.3076923076923077,4.4414531067964485e-05
310,310,310,10,0.3,3.416502389843422e-05
311,311,311,10,0.1,3.416502389843422e-05
312,312,312,15,0.0,5.1247535847651325e-05
313,313,313,22,0.0,7.516305257655528e-05
314,314,314,27,0.07407407407407407,9.224556452577238e-05
315,315,315,34,0.0,0.00011616108125467634
316,316,316,30,0.03333333333333333,0.00010249507169530265
317,317,317,48,0.041666666666666664,0.00016399211471248423
318,318,318,39,0.02564102564102564,0.00013324359320389343
319,319,319,85,0.03529411764705882,0.00029040270313669084
320,320,320,29,0.0,9.907856930545922e-05
321,321,321,11,0.09090909090909091,3.758152628827764e-05
322,322,322,0,0.0,0.0
323,323,323,0,0.0,0.0
324,324,324,0,0.0,0.0
325,325,325,0,0.0,0.0
326,326,326,0,0.0,0.0
327,327,327,0,0.0,0.0
328,328,328,0,0.0,0.0
329,329,329,1,0.0,3.4165023898434215e-06
330,330,330,19,0.0,6.491354540702501e-05
331,331,331,20,0.0,6.833004779686844e-05
332,332,332,39,0.02564102564102564,0.00013324359320389343
333,333,333,82,0.012195121951219513,0.0002801531959671606
334,334,334,56,0.08928571428571429,0.00019132413383123162
335,335,335,39,0.10256410256410256,0.00013324359320389343
336,336,336,85,0.09411764705882353,0.00029040270313669084
337,337,337,43,0.23255813953488372,0.00014690960276326714
338,338,338,59,0.3898305084745763,0.00020157364100076189
339,339,339,103,0.49514563106796117,0.00035189974615387244
340,340,340,88,0.48863636363636365,0.0003006522103062211
341,341,341,17,0.4117647058823529,5.808054062733817e-05
342,342,342,2,0.5,6.833004779686843e-06
343,343,343,0,0.0,0.0
344,344,344,0,0.0,0.0
345,345,345,0,0.0,0.0
346,346,346,0,0.0,0.0
347,347,347,0,0.0,0.0
348,348,348,0,0.0,0.0
349,349,349,0,0.0,0.0
350,350,350,0,0.0,0.0
351,351,351,0,0.0,0.0
352,352,352,0,0.0,0.0
353,353,353,0,0.0,0.0
354,354,354,0,0.0,0.0
355,355,355,0,0.0,0.0
356,356,356,0,0.0,0.0
357,357,357,0,0.0,0.0
358,358,358,0,0.0,0.0
359,359,359,0,0.0,0.0
360,360,360,0,0.0,0.0
361,361,361,0,0.0,0.0
362,362,362,0,0.0,0.0
363,363,363,0,0.0,0.0
364,364,364,0,0.0,0.0
365,365,365,0,0.0,0.0
366,366,366,0,0.0,0.0
367,367,367,0,0.0,0.0
368,368,368,0,0.0,0.0
369,369,369,0,0.0,0.0
370,370,370,0,0.0,0.0
371,371,371,0,0.0,0.0
372,372,372,0,0.0,0.0
373,373,373,1,0.0,3.4165023898434215e-06
374,374,374,0,0.0,0.0
375,375,375,9,0.0,3.074852150859079e-05
376,376,376,27,0.14814814814814814,9.224556452577238e-05
377,377,377,71,0.23943661971830985,0.00024257166967888295
378,378,378,67,0.47761194029850745,0.00022890566011950924
379,379,379,45,0.3111111111111111,0.00015374260754295397
380,380,380,43,0.4186046511627907,0.00014690960276326714
381,381,381,75,0.2,0.0002562376792382566
382,382,382,77,0.05194805194805195,0.0002630706840179435
383,383,383,104,0.0673076923076923,0.0003553162485437159
384,384,384,115,0.0782608695652174,0.0003928977748319935
385,385,385,50,0.08,0.0001708251194921711
386,386,386,25,0.04,8.541255974608554e-05
387,387,387,58,0.034482758620689655,0.00019815713861091845
388,388,388,75,0.10666666666666667,0.0002562376792382566
389,389,389,66,0.045454545454545456,0.00022548915772966583
390,390,390,39,0.07692307692307693,0.00013324359320389343
391,391,391,32,0.0625,0.00010932807647498949
392,392,392,13,0.0,4.4414531067964485e-05
393,393,393,1,0.0,3.4165023898434215e-06
394,394,394,0,0.0,0.0
395,395,395,0,0.0,0.0
396,396,396,0,0.0,0.0
397,397,397,0,0.0,0.0
398,398,398,0,0.0,0.0
399,399,399,0,0.0,0.0
400,400,400,1,0.0,3.4165023898434215e-06
401,401,401,22,0.09090909090909091,7.516305257655528e-05
402,402,402,41,0.07317073170731707,0.0001400765979835803
403,403,403,61,0.08196721311475409,0.0002084066457804487
404,404,404,121,0.049586776859504134,0.00041339678917105404
405,405,405,63,0.07936507936507936,0.00021523965056013556
406,406,406,38,0.05263157894736842,0.00012982709081405002
407,407,407,20,0.05,6.833004779686844e-05
408,408,408,21,0.09523809523809523,7.174655018671185e-05
409,409,409,14,0.35714285714285715,4.7831033457807905e-05
410,410,410,71,0.49295774647887325,0.00024257166967888295
411,411,411,106,0.44339622641509435,0.0003621492533234027
412,412,412,31,0.45161290322580644,0.00010591157408514608
413,413,413,18,0.3888888888888889,6.149704301718158e-05
414,414,414,17,0.058823529411764705,5.808054062733817e-05
415,415,415,4,0.0,1.3666009559373686e-05
416,416,416,1,1.0,3.4165023898434215e-06
417,417,417,0,0.0,0.0
418,418,418,0,0.0,0.0
419,419,419,0,0.0,0.0
420,420,420,0,0.0,0.0
421,421,421,0,0.0,0.0
422,422,422,0,0.0,0.0
423,423,423,0,0.0,0.0
424,424,424,0,0.0,0.0
425,425,425,0,0.0,0.0
426,426,426,0,0.0,0.0
427,427,427,0,0.0,0.0
428,428,428,0,0.0,0.0
429,429,429,0,0.0,0.0
430,430,430,0,0.0,0.0
431,431,431,0,0.0,0.0
432,432,432,0,0.0,0.0
433,433,433,0,0.0,0.0
434,434,434,0,0.0,0.0
435,435,435,0,0.0,0.0
436,436,436,0,0.0,0.0
437,437,437,0,0.0,0.0
438,438,438,0,0.0,0.0
439,439,439,0,0.0,0.0
440,440,440,0,0.0,0.0
441,441,441,0,0.0,0.0
442,442,442,0,0.0,0.0
443,443,443,0,0.0,0.0
444,444,444,1,0.0,3.4165023898434215e-06
445,445,445,3,0.3333333333333333,1.0249507169530265e-05
446,446,446,8,0.375,2.7332019118747372e-05
447,447,447,18,0.6111111111111112,6.149704301718158e-05
448,448,448,48,0.6041666666666666,0.00016399211471248423
449,449,449,57,0.5263157894736842,0.00019474063622107503
450,450,450,82,0.6341463414634146,0.0002801531959671606
451,451,451,155,0.5806451612903226,0.0005295578704257304
452,452,452,89,0.39325842696629215,0.00030406871269606455
453,453,453,83,0.30120481927710846,0.000283569698357004
454,454,454,96,0.11458333333333333,0.00032798422942496847
455,455,455,133,0.14285714285714285,0.0004543948178491751
456,456,456,70,0.17142857142857143,0.0002391551672890395
457,457,457,40,0.15,0.00013666009559373687
458,458,458,70,0.07142857142857142,0.0002391551672890395
459,459,459,79,0.02531645569620253,0.0002699036887976303
460,460,460,91,0.03296703296703297,0.0003109017174757514
461,461,461,40,0.05,0.00013666009559373687
462,462,462,61,0.04918032786885246,0.0002084066457804487
463,463,463,28,0.03571428571428571,9.566206691561581e-05
464,464,464,0,0.0,0.0
465,465,465,0,0.0,0.0
466,466,466,0,0.0,0.0
467,467,467,0,0.0,0.0
468,468,468,0,0.0,0.0
469,469,469,0,0.0,0.0
470,470,470,0,0.0,0.0
471,471,471,1,0.0,3.4165023898434215e-06
472,472,472,29,0.06896551724137931,9.907856930545922e-05
473,473,473,92,0.06521739130434782,0.0003143182198655948
474,474,474,65,0.046153846153846156,0.00022207265533982242
475,475,475,45,0.13333333333333333,0.00015374260754295397
476,476,476,78,0.3717948717948718,0.00026648718640778687
477,477,477,65,0.47692307692307695,0.00022207265533982242
478,478,478,17,0.47058823529411764,5.808054062733817e-05
479,479,479,33,0.18181818181818182,0.00011274457886483292
480,480,480,31,0.5161290322580645,0.00010591157408514608
481,481,481,70,0.6142857142857143,0.0002391551672890395
482,482,482,74,0.3783783783783784,0.0002528211768484132
483,483,483,81,0.4444444444444444,0.00027673669357731714
484,484,484,32,0.34375,0.00010932807647498949
485,485,485,55,0.18181818181818182,0.0001879076314413882
486,486,486,54,0.07407407407407407,0.00018449112905154477
487,487,487,32,0.0,0.00010932807647498949
488,488,488,0,0.0,0.0
489,489,489,0,0.0,0.0
490,490,490,0,0.0,0.0
491,491,491,0,0.0,0.0
492,492,492,0,0.0,0.0
493,493,493,0,0.0,0.0
494,494,494,0,0.0,0.0
495,495,495,0,0.0,0.0
496,496,496,0,0.0,0.0
497,497,497,0,0.0,0.0
498,498,498,0,0.0,0.0
499,499,499,0,0.0,0.0
500,500,500,0,0.0,0.0
501,501,501,0,0.0,0.0
502,502,502,0,0.0,0.0
503,503,503,0,0.0,0.0
504,504,504,0,0.0,0.0
505,505,505,0,0.0,0.0
506,506,506,0,0.0,0.0
507,507,507,0,0.0,0.0
508,508,508,0,0.0,0.0
509,509,509,0,0.0,0.0
510,510,510,0,0.0,0.0
511,511,511,0,0.0,0.0
512,512,512,0,0.0,0.0
513,513,513,0,0.0,0.0
514,514,514,0,0.0,0.0
515,515,515,0,0.0,0.0
516,516,516,2,0.0,6.833004779686843e-06
517,517,517,4,0.0,1.3666009559373686e-05
518,518,518,19,0.47368421052631576,6.491354540702501e-05
519,519,519,63,0.5873015873015873,0.00021523965056013556
520,520,520,67,0.5223880597014925,0.00022890566011950924
521,521,521,259,0.7297297297297297,0.0008848741189694462
522,522,522,194,0.654639175257732,0.0006628014636296238
523,523,523,96,0.59375,0.00032798422942496847
524,524,524,93,0.40860215053763443,0.0003177347222554382
525,525,525,103,0.23300970873786409,0.00035189974615387244
526,526,526,119,0.24369747899159663,0.00040656378439136716
527,527,527,94,0.32978723404255317,0.00032115122464528164
528,528,528,47,0.1702127659574468,0.00016057561232264082
529,529,529,41,0.2682926829268293,0.0001400765979835803
530,530,530,56,0.08928571428571429,0.00019132413383123162
531,531,531,50,0.06,0.0001708251194921711
532,532,532,33,0.030303030303030304,0.00011274457886483292
533,533,533,34,0.029411764705882353,0.00011616108125467634
534,534,534,19,0.05263157894736842,6.491354540702501e-05
535,535,535,1,0.0,3.4165023898434215e-06
536,536,536,11,0.0,3.758152628827764e-05
537,537,537,5,0.2,1.708251194921711e-05
538,538,538,0,0.0,0.0
539,539,539,0,0.0,0.0
540,540,540,0,0.0,0.0
541,541,541,0,0.0,0.0
542,542,542,0,0.0,0.0
543,543,543,22,0.0,7.516305257655528e-05
544,544,544,92,0.10869565217391304,0.0003143182198655948
545,545,545,104,0.28846153846153844,0.0003553162485437159
546,546,546,55,0.21818181818181817,0.0001879076314413882
547,547,547,80,0.4,0.00027332019118747375
548,548,548,113,0.4778761061946903,0.0003860647700523067
549,549,549,51,0.5882352941176471,0.0001742416218820145
550,550,550,74,0.5945945945945946,0.0002528211768484132
551,551,551,106,0.5754716981132075,0.0003621492533234027
552,552,552,139,0.4460431654676259,0.00047489383218823563
553,553,553,109,0.43119266055045874,0.00037239876049293297
554,554,554,55,0.32727272727272727,0.0001879076314413882
555,555,555,38,0.3157894736842105,0.00012982709081405002
556,556,556,45,0.1111111111111111,0.00015374260754295397
557,557,557,79,0.02531645569620253,0.0002699036887976303
558,558,558,36,0.0,0.00012299408603436317
559,559,559,21,0.0,7.174655018671185e-05
560,560,560,1,0.0,3.4165023898434215e-06
561,561,561,0,0.0,0.0
562,562,562,0,0.0,0.0
563,563,563,0,0.0,0.0
564,564,564,0,0.0,0.0
565,565,565,0,0.0,0.0
566,566,566,0,0.0,0.0
567,567,567,0,0.0,0.0
568,568,568,0,0.0,0.0
569,569,569,0,0.0,0.0
570,570,570,0,0.0,0.0
571,571,571,0,0.0,0.0
572,572,572,0,0.0,0.0
573,573,573,0,0.0,0.0
574,574,574,0,0.0,0.0
575,575,575,0,0.0,0.0
576,576,576,0,0.0,0.0
577,577,577,0,0.0,0.0
578,578,578,0,0.0,0.0
579,579,579,0,0.0,0.0
580,580,580,0,0.0,0.0
581,581,581,0,0.0,0.0
582,582,582,0,0.0,0.0
583,583,583,0,0.0,0.0
584,584,584,0,0.0,0.0
585,585,585,0,0.0,0.0
586,586,586,2,0.5,6.833004779686843e-06
587,587,587,4,0.0,1.3666009559373686e-05
588,588,588,10,0.3,3.416502389843422e-05
589,589,589,32,0.6875,0.00010932807647498949
590,590,590,84,0.6785714285714286,0.0002869862007468474
591,591,591,136,0.7426470588235294,0.00046464432501870537
592,592,592,269,0.79182156133829,0.0009190391428678805
593,593,593,114,0.5087719298245614,0.00038948127244215006
594,594,594,89,0.5842696629213483,0.00030406871269606455
595,595,595,85,0.25882352941176473,0.00029040270313669084
596,596,596,100,0.32,0.0003416502389843422
597,597,597,184,0.32065217391304346,0.0006286364397311896
598,598,598,117,0.3076923076923077,0.00039973077961168033
599,599,599,121,0.30578512396694213,0.00041339678917105404
600,600,600,105,0.3904761904761905,0.00035873275093355927
601,601,601,83,0.25301204819277107,0.000283569698357004
602,602,602,43,0.20930232558139536,0.00014690960276326714
603,603,603,27,0.037037037037037035,9.224556452577238e-05
604,604,604,43,0.023255813953488372,0.00014690960276326714
605,605,605,14,0.2857142857142857,4.7831033457807905e-05
606,606,606,12,0.08333333333333333,4.099802867812106e-05
607,607,607,28,0.03571428571428571,9.566206691561581e-05
608,608,608,27,0.07407407407407407,9.224556452577238e-05
609,609,609,5,0.0,1.708251194921711e-05
610,610,610,0,0.0,0.0
611,611,611,0,0.0,0.0
612,612,612,0,0.0,0.0
613,613,613,0,0.0,0.0
614,614,614,5,0.0,1.708251194921711e-05
615,615,615,43,0.046511627906976744,0.00014690960276326714
616,616,616,102,0.28431372549019607,0.000348483243764029
617,617,617,75,0.37333333333333335,0.0002562376792382566
618,618,618,115,0.6434782608695652,0.0003928977748319935
619,619,619,167,0.6347305389221557,0.0005705558991038514
620,620,620,221,0.7737556561085973,0.0007550470281553962
621,621,621,270,0.674074074074074,0.0009224556452577239
622,622,622,156,0.532051282051282,0.0005329743728155737
623,623,623,171,0.3742690058479532,0.0005842219086632251
624,624,624,86,0.19767441860465115,0.0002938192055265343
625,625,625,11,0.0,3.758152628827764e-05
626,626,626,16,0.25,5.4664038237494744e-05
627,627,627,23,0.0,7.85795549663987e-05
628,628,628,35,0.02857142857142857,0.00011957758364451976
629,629,629,50,0.02,0.0001708251194921711
630,630,630,51,0.0196078431372549,0.0001742416218820145
631,631,631,3,0.0,1.0249507169530265e-05
632,632,632,0,0.0,0.0
633,633,633,0,0.0,0.0
634,634,634,0,0.0,0.0
635,635,635,0,0.0,0.0
636,636,636,0,0.0,0.0
637,637,637,0,0.0,0.0
638,638,638,0,0.0,0.0
639,639,639,0,0.0,0.0
640,640,640,0,0.0,0.0
641,641,641,0,0.0,0.0
642,642,642,0,0.0,0.0
643,643,643,0,0.0,0.0
644,644,644,0,0.0,0.0
645,645,645,0,0.0,0.0
646,646,646,0,0.0,0.0
647,647,647,0,0.0,0.0
648,648,648,0,0.0,0.0
649,649,649,0,0.0,0.0
650,650,650,0,0.0,0.0
651,651,651,0,0.0,0.0
652,652,652,0,0.0,0.0
653,653,653,0,0.0,0.0
654,654,654,0,0.0,0.0
655,655,655,0,0.0,0.0
656,656,656,2,0.5,6.833004779686843e-06
657,657,657,3,0.3333333333333333,1.0249507169530265e-05
658,658,658,11,0.36363636363636365,3.758152628827764e-05
659,659,659,42,0.5476190476190477,0.0001434931003734237
660,660,660,28,0.6785714285714286,9.566206691561581e-05
661,661,661,82,0.6951219512195121,0.0002801531959671606
662,662,662,73,0.6986301369863014,0.0002494046744585698
663,663,663,101,0.693069306930693,0.0003450667413741856
664,664,664,69,0.391304347826087,0.0002357386648991961
665,665,665,41,0.3902439024390244,0.0001400765979835803
666,666,666,32,0.34375,0.00010932807647498949
667,667,667,97,0.5154639175257731,0.0003314007318148119
668,668,668,138,0.36231884057971014,0.0004714773297983922
669,669,669,158,0.5759493670886076,0.0005398073775952606
670,670,670,123,0.4878048780487805,0.00042022979395074086
671,671,671,136,0.5955882352941176,0.00046464432501870537
672,672,672,135,0.45185185185185184,0.00046122782262886193
673,673,673,80,0.375,0.00027332019118747375
674,674,674,31,0.22580645161290322,0.00010591157408514608
675,675,675,30,0.03333333333333333,0.00010249507169530265
676,676,676,45,0.2222222222222222,0.00015374260754295397
677,677,677,68,0.3382352941176471,0.00023232216250935268
678,678,678,34,0.14705882352941177,0.00011616108125467634
679,679,679,16,0.0,5.4664038237494744e-05
680,680,680,11,0.09090909090909091,3.758152628827764e-05
681,681,681,6,0.16666666666666666,2.049901433906053e-05
682,682,682,14,0.14285714285714285,4.7831033457807905e-05
683,683,683,19,0.0,6.491354540702501e-05
684,684,684,12,0.0,4.099802867812106e-05
685,685,685,5,0.0,1.708251194921711e-05
686,686,686,9,0.1111111111111111,3.074852150859079e-05
687,687,687,31,0.1935483870967742,0.00010591157408514608
688,688,688,75,0.36,0.0002562376792382566
689,689,689,108,0.6759259259259259,0.00036898225810308953
690,690,690,226,0.7699115044247787,0.0007721295401046134
691,691,691,359,0.7827298050139275,0.0012265243579537885
692,692,692,223,0.7174887892376681,0.0007618800329350831
693,693,693,177,0.4689265536723164,0.0006047209230022856
694,694,694,223,0.34080717488789236,0.0007618800329350831
695,695,695,135,0.17777777777777778,0.00046122782262886193
696,696,696,48,0.08333333333333333,0.00016399211471248423
697,697,697,6,0.16666666666666666,2.049901433906053e-05
698,698,698,27,0.0,9.224556452577238e-05
699,699,699,42,0.11904761904761904,0.0001434931003734237
700,700,700,63,0.047619047619047616,0.00021523965056013556
701,701,701,59,0.06779661016949153,0.00020157364100076189
702,702,702,9,0.0,3.074852150859079e-05
703,703,703,0,0.0,0.0
704,704,704,0,0.0,0.0
705,705,705,0,0.0,0.0
706,706,706,0,0.0,0.0
707,707,707,0,0.0,0.0
708,708,708,0,0.0,0.0
709,709,709,0,0.0,0.0
710,710,710,0,0.0,0.0
711,711,711,0,0.0,0.0
712,712,712,0,0.0,0.0
713,713,713,0,0.0,0.0
714,714,714,0,0.0,0.0
715,715,715,0,0.0,0.0
716,716,716,0,0.0,0.0
717,717,717,0,0.0,0.0
718,718,718,0,0.0,0.0
719,719,719,0,0.0,0.0
720,720,720,0,0.0,0.0
721,721,721,0,0.0,0.0
722,722,722,0,0.0,0.0
723,723,723,0,0.0,0.0
724,724,724,0,0.0,0.0
725,725,725,0,0.0,0.0
726,726,726,0,0.0,0.0
727,727,727,0,0.0,0.0
728,728,728,4,0.0,1.3666009559373686e-05
729,729,729,8,0.0,2.7332019118747372e-05
730,730,730,30,0.5,0.00010249507169530265
731,731,731,22,0.45454545454545453,7.516305257655528e-05
732,732,732,61,0.6721311475409836,0.0002084066457804487
733,733,733,106,0.4716981132075472,0.0003621492533234027
734,734,734,72,0.4027777777777778,0.00024598817206872634
735,735,735,38,0.2894736842105263,0.00012982709081405002
736,736,736,13,0.07692307692307693,4.4414531067964485e-05
737,737,737,36,0.08333333333333333,0.00012299408603436317
738,738,738,109,0.5412844036697247,0.00037239876049293297
739,739,739,165,0.6848484848484848,0.0005637228943241645
740,740,740,174,0.6954022988505747,0.0005944714158327553
741,741,741,170,0.6764705882352942,0.0005808054062733817
742,742,742,197,0.6345177664974619,0.0006730509707991541
743,743,743,176,0.45454545454545453,0.0006013044206124422
744,744,744,105,0.49523809523809526,0.00035873275093355927
745,745,745,42,0.23809523809523808,0.0001434931003734237
746,746,746,30,0.23333333333333334,0.00010249507169530265
747,747,747,75,0.3333333333333333,0.0002562376792382566
748,748,748,164,0.3780487804878049,0.0005603063919343212
749,749,749,77,0.37662337662337664,0.0002630706840179435
750,750,750,20,0.25,6.833004779686844e-05
751,751,751,28,0.07142857142857142,9.566206691561581e-05
752,752,752,48,0.1875,0.00016399211471248423
753,753,753,42,0.09523809523809523,0.0001434931003734237
754,754,754,48,0.10416666666666667,0.00016399211471248423
755,755,755,22,0.0,7.516305257655528e-05
756,756,756,11,0.09090909090909091,3.758152628827764e-05
757,757,757,10,0.0,3.416502389843422e-05
758,758,758,41,0.12195121951219512,0.0001400765979835803
759,759,759,121,0.19834710743801653,0.00041339678917105404
760,760,760,136,0.45588235294117646,0.00046464432501870537
761,761,761,142,0.528169014084507,0.0004851433393577659
762,762,762,345,0.6927536231884058,0.0011786933244959804
763,763,763,283,0.558303886925795,0.0009668701763256883
764,764,764,236,0.5677966101694916,0.0008062945640030475
765,765,765,253,0.36363636363636365,0.0008643751046303856
766,766,766,101,0.12871287128712872,0.0003450667413741856
767,767,767,177,0.12429378531073447,0.0006047209230022856
768,768,768,50,0.14,0.0001708251194921711
769,769,769,38,0.02631578947368421,0.00012982709081405002
770,770,770,83,0.07228915662650602,0.000283569698357004
771,771,771,79,0.06329113924050633,0.0002699036887976303
772,772,772,83,0.060240963855421686,0.000283569698357004
773,773,773,23,0.0,7.85795549663987e-05
774,774,774,9,0.1111111111111111,3.074852150859079e-05
775,775,775,0,0.0,0.0
776,776,776,0,0.0,0.0
777,777,777,0,0.0,0.0
778,778,778,0,0.0,0.0
779,779,779,0,0.0,0.0
780,780,780,0,0.0,0.0
781,781,781,0,0.0,0.0
782,782,782,0,0.0,0.0
783,783,783,0,0.0,0.0
784,784,784,0,0.0,0.0
785,785,785,0,0.0,0.0
786,786,786,0,0.0,0.0
787,787,787,0,0.0,0.0
788,788,788,0,0.0,0.0
789,789,789,0,0.0,0.0
790,790,790,0,0.0,0.0
791,791,791,0,0.0,0.0
792,792,792,0,0.0,0.0
793,793,793,0,0.0,0.0
794,794,794,0,0.0,0.0
795,795,795,0,0.0,0.0
796,796,796,0,0.0,0.0
797,797,797,0,0.0,0.0
798,798,798,0,0.0,0.0
799,799,799,0,0.0,0.0
800,800,800,1,0.0,3.4165023898434215e-06
801,801,801,23,0.17391304347826086,7.85795549663987e-05
802,802,802,39,0.1282051282051282,0.00013324359320389343
803,803,803,29,0.41379310344827586,9.907856930545922e-05
804,804,804,75,0.38666666666666666,0.0002562376792382566
805,805,805,180,0.32222222222222224,0.0006149704301718159
806,806,806,70,0.34285714285714286,0.0002391551672890395
807,807,807,21,0.0,7.174655018671185e-05
808,808,808,43,0.2558139534883721,0.00014690960276326714
809,809,809,133,0.6090225563909775,0.0004543948178491751
810,810,810,312,0.7147435897435898,0.0010659487456311475
811,811,811,225,0.7244444444444444,0.0007687130377147699
812,812,812,217,0.8433179723502304,0.0007413810185960226
813,813,813,180,0.7055555555555556,0.0006149704301718159
814,814,814,169,0.3431952662721893,0.0005773889038835383
815,815,815,293,0.4641638225255973,0.0010010352002241226
816,816,816,189,0.42857142857142855,0.0006457189516804067
817,817,817,46,0.2608695652173913,0.0001571591099327974
818,818,818,87,0.26436781609195403,0.00029723570791637767
819,819,819,165,0.49696969696969695,0.0005637228943241645
820,820,820,106,0.5,0.0003621492533234027
821,821,821,66,0.6060606060606061,0.00022548915772966583
822,822,822,51,0.6078431372549019,0.0001742416218820145
823,823,823,85,0.4588235294117647,0.00029040270313669084
824,824,824,142,0.31690140845070425,0.0004851433393577659
825,825,825,77,0.11688311688311688,0.0002630706840179435
826,826,826,46,0.021739130434782608,0.0001571591099327974
827,827,827,41,0.04878048780487805,0.0001400765979835803
828,828,828,34,0.058823529411764705,0.00011616108125467634
829,829,829,75,0.12,0.0002562376792382566
830,830,830,120,0.16666666666666666,0.0004099802867812106
831,831,831,190,0.2631578947368421,0.0006491354540702502
832,832,832,147,0.35374149659863946,0.0005022258513069829
833,833,833,189,0.3862433862433862,0.0006457189516804067
834,834,834,287,0.43902439024390244,0.000980536185885062
835,835,835,125,0.512,0.0004270627987304277
836,836,836,155,0.4967741935483871,0.0005295578704257304
837,837,837,65,0.36923076923076925,0.00022207265533982242
838,838,838,71,0.38028169014084506,0.00024257166967888295
839,839,839,94,0.46808510638297873,0.00032115122464528164
840,840,840,73,0.410958904109589,0.0002494046744585698
841,841,841,73,0.2876712328767123,0.0002494046744585698
842,842,842,89,0.2696629213483146,0.00030406871269606455
843,843,843,52,0.07692307692307693,0.00017765812427185794
844,844,844,16,0.1875,5.4664038237494744e-05
845,845,845,22,0.045454545454545456,7.516305257655528e-05
846,846,846,8,0.0,2.7332019118747372e-05
847,847,847,0,0.0,0.0
848,848,848,0,0.0,0.0
849,849,849,0,0.0,0.0
850,850,850,0,0.0,0.0
851,851,851,0,0.0,0.0
852,852,852,0,0.0,0.0
853,853,853,0,0.0,0.0
854,854,854,0,0.0,0.0
855,855,855,0,0.0,0.0
856,856,856,0,0.0,0.0
857,857,857,0,0.0,0.0
858,858,858,0,0.0,0.0
859,859,859,0,0.0,0.0
860,860,860,0,0.0,0.0
861,861,861,0,0.0,0.0
862,862,862,0,0.0,0.0
863,863,863,0,0.0,0.0
864,864,864,0,0.0,0.0
865,865,865,0,0.0,0.0
866,866,866,0,0.0,0.0
867,867,867,0,0.0,0.0
868,868,868,0,0.0,0.0
869,869,869,0,0.0,0.0
870,870,870,0,0.0,0.0
871,871,871,5,0.2,1.708251194921711e-05
872,872,872,40,0.1,0.00013666009559373687
873,873,873,73,0.0547945205479452,0.0002494046744585698
874,874,874,113,0.07079646017699115,0.0003860647700523067
875,875,875,94,0.18085106382978725,0.00032115122464528164
876,876,876,390,0.2128205128205128,0.0013324359320389344
877,877,877,165,0.10909090909090909,0.0005637228943241645
878,878,878,53,0.07547169811320754,0.00018107462666170135
879,879,879,51,0.23529411764705882,0.0001742416218820145
880,880,880,64,0.3125,0.00021865615294997898
881,881,881,123,0.5772357723577236,0.00042022979395074086
882,882,882,93,0.6989247311827957,0.0003177347222554382
883,883,883,81,0.7407407407407407,0.00027673669357731714
884,884,884,89,0.7752808988764045,0.00030406871269606455
885,885,885,133,0.556390977443609,0.0004543948178491751
886,886,886,361,0.46537396121883656,0.0012333573627334752
887,887,887,338,0.378698224852071,0.0011547778077670766
888,888,888,124,0.22580645161290322,0.0004236462963405843
889,889,889,58,0.41379310344827586,0.00019815713861091845
890,890,890,67,0.5671641791044776,0.00022890566011950924
891,891,891,107,0.6448598130841121,0.00036556575571324615
892,892,892,121,0.7272727272727273,0.00041339678917105404
893,893,893,91,0.4175824175824176,0.0003109017174757514
894,894,894,69,0.30434782608695654,0.0002357386648991961
895,895,895,84,0.25,0.0002869862007468474
896,896,896,129,0.10077519379844961,0.0004407288082898014
897,897,897,68,0.058823529411764705,0.00023232216250935268
898,898,898,39,0.1282051282051282,0.00013324359320389343
899,899,899,52,0.09615384615384616,0.00017765812427185794
900,900,900,101,0.21782178217821782,0.0003450667413741856
901,901,901,138,0.34057971014492755,0.0004714773297983922
902,902,902,119,0.14285714285714285,0.00040656378439136716
903,903,903,74,0.1891891891891892,0.0002528211768484132
904,904,904,97,0.23711340206185566,0.0003314007318148119
905,905,905,114,0.38596491228070173,0.00038948127244215006
906,906,906,168,0.6309523809523809,0.0005739724014936948
907,907,907,168,0.6547619047619048,0.0005739724014936948
908,908,908,112,0.75,0.00038264826766246324
909,909,909,99,0.7575757575757576,0.00033823373659449873
910,910,910,129,0.7209302325581395,0.0004407288082898014
911,911,911,119,0.6890756302521008,0.00040656378439136716
912,912,912,82,0.47560975609756095,0.0002801531959671606
913,913,913,127,0.31496062992125984,0.00043389580351011457
914,914,914,71,0.1267605633802817,0.00024257166967888295
915,915,915,35,0.02857142857142857,0.00011957758364451976
916,916,916,11,0.0,3.758152628827764e-05
917,917,917,4,0.0,1.3666009559373686e-05
918,918,918,0,0.0,0.0
919,919,919,0,0.0,0.0
920,920,920,0,0.0,0.0
921,921,921,0,0.0,0.0
922,922,922,0,0.0,0.0
923,923,923,0,0.0,0.0
924,924,924,0,0.0,0.0
925,925,925,0,0.0,0.0
926,926,926,0,0.0,0.0
927,927,927,0,0.0,0.0
928,928,928,0,0.0,0.0
929,929,929,0,0.0,0.0
930,930,930,0,0.0,0.0
931,931,931,0,0.0,0.0
932,932,932,0,0.0,0.0
933,933,933,0,0.0,0.0
934,934,934,0,0.0,0.0
935,935,935,0,0.0,0.0
936,936,936,0,0.0,0.0
937,937,937,0,0.0,0.0
938,938,938,0,0.0,0.0
939,939,939,0,0.0,0.0
940,940,940,0,0.0,0.0
941,941,941,0,0.0,0.0
942,942,942,0,0.0,0.0
943,943,943,6,0.16666666666666666,2.049901433906053e-05
944,944,944,41,0.024390243902439025,0.0001400765979835803
945,945,945,69,0.014492753623188406,0.0002357386648991961
946,946,946,83,0.1566265060240964,0.000283569698357004
947,947,947,188,0.06914893617021277,0.0006423024492905633
948,948,948,120,0.075,0.0004099802867812106
949,949,949,70,0.02857142857142857,0.0002391551672890395
950,950,950,75,0.14666666666666667,0.0002562376792382566
951,951,951,86,0.32558139534883723,0.0002938192055265343
952,952,952,102,0.5294117647058824,0.000348483243764029
953,953,953,69,0.5652173913043478,0.0002357386648991961
954,954,954,50,0.52,0.0001708251194921711
955,955,955,63,0.6031746031746031,0.00021523965056013556
956,956,956,161,0.639751552795031,0.0005500568847647909
957,957,957,123,0.6178861788617886,0.00042022979395074086
958,958,958,154,0.2792207792207792,0.000526141368035887
959,959,959,176,0.3068181818181818,0.0006013044206124422
960,960,960,61,0.5245901639344263,0.0002084066457804487
961,961,961,81,0.6049382716049383,0.00027673669357731714
962,962,962,120,0.775,0.0004099802867812106
963,963,963,76,0.6578947368421053,0.00025965418162810004
964,964,964,94,0.46808510638297873,0.00032115122464528164
965,965,965,36,0.19444444444444445,0.00012299408603436317
966,966,966,51,0.11764705882352941,0.0001742416218820145
967,967,967,82,0.12195121951219512,0.0002801531959671606
968,968,968,68,0.04411764705882353,0.00023232216250935268
969,969,969,81,0.2962962962962963,0.00027673669357731714
970,970,970,102,0.27450980392156865,0.000348483243764029
971,971,971,101,0.3465346534653465,0.0003450667413741856
972,972,972,115,0.34782608695652173,0.0003928977748319935
973,973,973,121,0.30578512396694213,0.00041339678917105404
974,974,974,65,0.1076923076923077,0.00022207265533982242
975,975,975,97,0.16494845360824742,0.0003314007318148119
976,976,976,124,0.33064516129032256,0.0004236462963405843
977,977,977,239,0.5732217573221757,0.0008165440711725778
978,978,978,156,0.6923076923076923,0.0005329743728155737
979,979,979,132,0.7727272727272727,0.00045097831545933166
980,980,980,76,0.868421052631579,0.00025965418162810004
981,981,981,102,0.7352941176470589,0.000348483243764029
982,982,982,100,0.73,0.0003416502389843422
983,983,983,101,0.46534653465346537,0.0003450667413741856
984,984,984,49,0.40816326530612246,0.00016740861710232767
985,985,985,41,0.0975609756097561,0.0001400765979835803
986,986,986,22,0.09090909090909091,7.516305257655528e-05
987,987,987,2,0.0,6.833004779686843e-06
988,988,988,0,0.0,0.0
989,989,989,0,0.0,0.0
990,990,990,0,0.0,0.0
991,991,991,0,0.0,0.0
992,992,992,0,0.0,0.0
993,993,993,0,0.0,0.0
994,994,994,0,0.0,0.0
995,995,995,0,0.0,0.0
996,996,996,0,0.0,0.0
997,997,997,0,0.0,0.0
998,998,998,0,0.0,0.0
999,999,999,0,0.0,0.0
1000,1000,1000,0,0.0,0.0
1001,1001,1001,0,0.0,0.0
1002,1002,1002,0,0.0,0.0
1003,1003,1003,0,0.0,0.0
1004,1004,1004,0,0.0,0.0
1005,1005,1005,0,0.0,0.0
1006,1006,1006,0,0.0,0.0
1007,1007,1007,0,0.0,0.0
1008,1008,1008,0,0.0,0.0
1009,1009,1009,0,0.0,0.0
1010,1010,1010,0,0.0,0.0
1011,1011,1011,0,0.0,0.0
1012,1012,1012,0,0.0,0.0
1013,1013,1013,0,0.0,0.0
1014,1014,1014,0,0.0,0.0
1015,1015,1015,5,0.0,1.708251194921711e-05
1016,1016,1016,21,0.0,7.174655018671185e-05
1017,1017,1017,29,0.06896551724137931,9.907856930545922e-05
1018,1018,1018,89,0.07865168539325842,0.00030406871269606455
1019,1019,1019,53,0.09433962264150944,0.00018107462666170135
1020,1020,1020,50,0.08,0.0001708251194921711
1021,1021,1021,91,0.07692307692307693,0.0003109017174757514
1022,1022,1022,126,0.2698412698412698,0.00043047930112027113
1023,1023,1023,82,0.24390243902439024,0.0002801531959671606
1024,1024,1024,79,0.2911392405063291,0.0002699036887976303
1025,1025,1025,77,0.42857142857142855,0.0002630706840179435
1026,1026,1026,63,0.4126984126984127,0.00021523965056013556
1027,1027,1027,93,0.3870967741935484,0.0003177347222554382
1028,1028,1028,142,0.5211267605633803,0.0004851433393577659
1029,1029,1029,111,0.5225225225225225,0.0003792317652726198
1030,1030,1030,145,0.5517241379310345,0.0004953928465272962
1031,1031,1031,166,0.7590361445783133,0.000567139396714008
1032,1032,1032,125,0.8,0.0004270627987304277
1033,1033,1033,175,0.6514285714285715,0.0005978879182225988
1034,1034,1034,181,0.6519337016574586,0.0006183869325616594
1035,1035,1035,117,0.48717948717948717,0.00039973077961168033
1036,1036,1036,60,0.21666666666666667,0.0002049901433906053
1037,1037,1037,103,0.0970873786407767,0.00035189974615387244
1038,1038,1038,108,0.21296296296296297,0.00036898225810308953
1039,1039,1039,129,0.21705426356589147,0.0004407288082898014
1040,1040,1040,79,0.3037974683544304,0.0002699036887976303
1041,1041,1041,62,0.3387096774193548,0.00021182314817029215
1042,1042,1042,44,0.38636363636363635,0.00015032610515311055
1043,1043,1043,99,0.45454545454545453,0.00033823373659449873
1044,1044,1044,200,0.43,0.0006833004779686843
1045,1045,1045,76,0.35526315789473684,0.00025965418162810004
1046,1046,1046,80,0.1125,0.00027332019118747375
1047,1047,1047,95,0.4631578947368421,0.0003245677270351251
1048,1048,1048,109,0.7155963302752294,0.00037239876049293297
1049,1049,1049,198,0.6464646464646465,0.0006764674731889975
1050,1050,1050,564,0.6471631205673759,0.0019269073478716898
1051,1051,1051,92,0.7608695652173914,0.0003143182198655948
1052,1052,1052,70,0.8,0.0002391551672890395
1053,1053,1053,100,0.69,0.0003416502389843422
1054,1054,1054,135,0.6148148148148148,0.00046122782262886193
1055,1055,1055,66,0.3484848484848485,0.00022548915772966583
1056,1056,1056,30,0.2,0.00010249507169530265
1057,1057,1057,11,0.09090909090909091,3.758152628827764e-05
1058,1058,1058,3,0.0,1.0249507169530265e-05
1059,1059,1059,0,0.0,0.0
1060,1060,1060,0,0.0,0.0
1061,1061,1061,0,0.0,0.0
1062,1062,1062,0,0.0,0.0
1063,1063,1063,0,0.0,0.0
1064,1064,1064,0,0.0,0.0
1065,1065,1065,0,0.0,0.0
1066,1066,1066,0,0.0,0.0
1067,1067,1067,0,0.0,0.0
1068,1068,1068,0,0.0,0.0
1069,1069,1069,0,0.0,0.0
1070,1070,1070,0,0.0,0.0
1071,1071,1071,0,0.0,0.0
1072,1072,1072,0,0.0,0.0
1073,1073,1073,0,0.0,0.0
1074,1074,1074,0,0.0,0.0
1075,1075,1075,0,0.0,0.0
1076,1076,1076,0,0.0,0.0
1077,1077,1077,0,0.0,0.0
1078,1078,1078,0,0.0,0.0
1079,1079,1079,0,0.0,0.0
1080,1080,1080,0,0.0,0.0
1081,1081,1081,0,0.0,0.0
1082,1082,1082,0,0.0,0.0
1083,1083,1083,0,0.0,0.0
1084,1084,1084,1,0.0,3.4165023898434215e-06
1085,1085,1085,0,0.0,0.0
1086,1086,1086,3,0.0,1.0249507169530265e-05
1087,1087,1087,12,0.08333333333333333,4.099802867812106e-05
1088,1088,1088,31,0.06451612903225806,0.00010591157408514608
1089,1089,1089,56,0.03571428571428571,0.00019132413383123162
1090,1090,1090,77,0.19480519480519481,0.0002630706840179435
1091,1091,1091,58,0.27586206896551724,0.00019815713861091845
1092,1092,1092,76,0.13157894736842105,0.00025965418162810004
1093,1093,1093,43,0.06976744186046512,0.00014690960276326714
1094,1094,1094,53,0.05660377358490566,0.00018107462666170135
1095,1095,1095,88,0.2159090909090909,0.0003006522103062211
1096,1096,1096,73,0.2328767123287671,0.0002494046744585698
1097,1097,1097,61,0.13114754098360656,0.0002084066457804487
1098,1098,1098,59,0.1864406779661017,0.00020157364100076189
1099,1099,1099,94,0.2127659574468085,0.00032115122464528164
1100,1100,1100,140,0.4642857142857143,0.000478310334578079
1101,1101,1101,361,0.6842105263157895,0.0012333573627334752
1102,1102,1102,211,0.7203791469194313,0.000720882004256962
1103,1103,1103,113,0.6814159292035398,0.0003860647700523067
1104,1104,1104,132,0.5378787878787878,0.00045097831545933166
1105,1105,1105,123,0.34959349593495936,0.00042022979395074086
1106,1106,1106,97,0.4639175257731959,0.0003314007318148119
1107,1107,1107,154,0.2532467532467532,0.000526141368035887
1108,1108,1108,183,0.23497267759562843,0.0006252199373413461
1109,1109,1109,88,0.4318181818181818,0.0003006522103062211
1110,1110,1110,111,0.5315315315315315,0.0003792317652726198
1111,1111,1111,47,0.5957446808510638,0.00016057561232264082
1112,1112,1112,52,0.5384615384615384,0.00017765812427185794
1113,1113,1113,89,0.6179775280898876,0.00030406871269606455
1114,1114,1114,124,0.5,0.0004236462963405843
1115,1115,1115,136,0.4485294117647059,0.00046464432501870537
1116,1116,1116,97,0.24742268041237114,0.0003314007318148119
1117,1117,1117,98,0.22448979591836735,0.00033481723420465535
1118,1118,1118,118,0.4661016949152542,0.00040314728200152377
1119,1119,1119,46,0.5217391304347826,0.0001571591099327974
1120,1120,1120,254,0.6023622047244095,0.0008677916070202291
1121,1121,1121,962,0.6548856548856549,0.0032866752990293718
1122,1122,1122,171,0.7251461988304093,0.0005842219086632251
1123,1123,1123,33,0.7878787878787878,0.00011274457886483292
1124,1124,1124,71,0.6901408450704225,0.00024257166967888295
1125,1125,1125,65,0.5384615384615384,0.00022207265533982242
1126,1126,1126,25,0.52,8.541255974608554e-05
1127,1127,1127,8,0.5,2.7332019118747372e-05
1128,1128,1128,0,0.0,0.0
1129,1129,1129,0,0.0,0.0
1130,1130,1130,0,0.0,0.0
1131,1131,1131,0,0.0,0.0
1132,1132,1132,0,0.0,0.0
1133,1133,1133,0,0.0,0.0
1134,1134,1134,0,0.0,0.0
1135,1135,1135,0,0.0,0.0
1136,1136,1136,0,0.0,0.0
1137,1137,1137,0,0.0,0.0
1138,1138,1138,0,0.0,0.0
1139,1139,1139,0,0.0,0.0
1140,1140,1140,0,0.0,0.0
1141,1141,1141,0,0.0,0.0
1142,1142,1142,0,0.0,0.0
1143,1143,1143,0,0.0,0.0
1144,1144,1144,0,0.0,0.0
1145,1145,1145,0,0.0,0.0
1146,1146,1146,0,0.0,0.0
1147,1147,1147,0,0.0,0.0
1148,1148,1148,0,0.0,0.0
1149,1149,1149,0,0.0,0.0
1150,1150,1150,0,0.0,0.0
1151,1151,1151,0,0.0,0.0
1152,1152,1152,0,0.0,0.0
1153,1153,1153,0,0.0,0.0
1154,1154,1154,0,0.0,0.0
1155,1155,1155,6,0.0,2.049901433906053e-05
1156,1156,1156,6,0.0,2.049901433906053e-05
1157,1157,1157,9,0.0,3.074852150859079e-05
1158,1158,1158,7,0.0,2.3915516728903952e-05
1159,1159,1159,28,0.03571428571428571,9.566206691561581e-05
1160,1160,1160,66,0.12121212121212122,0.00022548915772966583
1161,1161,1161,78,0.2692307692307692,0.00026648718640778687
1162,1162,1162,67,0.31343283582089554,0.00022890566011950924
1163,1163,1163,91,0.32967032967032966,0.0003109017174757514
1164,1164,1164,75,0.24,0.0002562376792382566
1165,1165,1165,71,0.2112676056338028,0.00024257166967888295
1166,1166,1166,93,0.15053763440860216,0.0003177347222554382
1167,1167,1167,106,0.1320754716981132,0.0003621492533234027
1168,1168,1168,209,0.11961722488038277,0.0007140489994772751
1169,1169,1169,109,0.11009174311926606,0.00037239876049293297
1170,1170,1170,86,0.11627906976744186,0.0002938192055265343
1171,1171,1171,158,0.20253164556962025,0.0005398073775952606
1172,1172,1172,357,0.5882352941176471,0.0012196913531741015
1173,1173,1173,138,0.6739130434782609,0.0004714773297983922
1174,1174,1174,106,0.660377358490566,0.0003621492533234027
1175,1175,1175,140,0.4357142857142857,0.000478310334578079
1176,1176,1176,90,0.3,0.00030748521508590793
1177,1177,1177,56,0.25,0.00019132413383123162
1178,1178,1178,164,0.18902439024390244,0.0005603063919343212
1179,1179,1179,314,0.22611464968152867,0.0010727817504108345
1180,1180,1180,107,0.38317757009345793,0.00036556575571324615
1181,1181,1181,133,0.40601503759398494,0.0004543948178491751
1182,1182,1182,105,0.5142857142857142,0.00035873275093355927
1183,1183,1183,64,0.640625,0.00021865615294997898
1184,1184,1184,166,0.5481927710843374,0.000567139396714008
1185,1185,1185,152,0.5921052631578947,0.0005193083632562001
1186,1186,1186,71,0.4084507042253521,0.00024257166967888295
1187,1187,1187,181,0.24861878453038674,0.0006183869325616594
1188,1188,1188,128,0.2421875,0.00043731230589995796
1189,1189,1189,95,0.2,0.0003245677270351251
1190,1190,1190,30,0.4,0.00010249507169530265
1191,1191,1191,74,0.44594594594594594,0.0002528211768484132
1192,1192,1192,145,0.5517241379310345,0.0004953928465272962
1193,1193,1193,106,0.6320754716981132,0.0003621492533234027
1194,1194,1194,86,0.6627906976744186,0.0002938192055265343
1195,1195,1195,58,0.5689655172413793,0.00019815713861091845
1196,1196,1196,26,0.5769230769230769,8.882906213592897e-05
1197,1197,1197,1,0.0,3.4165023898434215e-06
1198,1198,1198,0,0.0,0.0
1199,1199,1199,0,0.0,0.0
1200,1200,1200,0,0.0,0.0
1201,1201,1201,0,0.0,0.0
1202,1202,1202,0,0.0,0.0
1203,1203,1203,0,0.0,0.0
1204,1204,1204,0,0.0,0.0
1205,1205,1205,0,0.0,0.0
1206,1206,1206,0,0.0,0.0
1207,1207,1207,0,0.0,0.0
1208,1208,1208,0,0.0,0.0
1209,1209,1209,0,0.0,0.0
1210,1210,1210,0,0.0,0.0
1211,1211,1211,0,0.0,0.0
1212,1212,1212,0,0.0,0.0
1213,1213,1213,0,0.0,0.0
1214,1214,1214,0,0.0,0.0
1215,1215,1215,0,0.0,0.0
1216,1216,1216,0,0.0,0.0
1217,1217,1217,0,0.0,0.0
1218,1218,1218,0,0.0,0.0
1219,1219,1219,0,0.0,0.0
1220,1220,1220,0,0.0,0.0
1221,1221,1221,0,0.0,0.0
1222,1222,1222,0,0.0,0.0
1223,1223,1223,0,0.0,0.0
1224,1224,1224,0,0.0,0.0
1225,1225,1225,0,0.0,0.0
1226,1226,1226,6,0.0,2.049901433906053e-05
1227,1227,1227,21,0.047619047619047616,7.174655018671185e-05
1228,1228,1228,20,0.1,6.833004779686844e-05
1229,1229,1229,12,0.0,4.099802867812106e-05
1230,1230,1230,58,0.05172413793103448,0.00019815713861091845
1231,1231,1231,103,0.1553398058252427,0.00035189974615387244
1232,1232,1232,43,0.37209302325581395,0.00014690960276326714
1233,1233,1233,49,0.46938775510204084,0.00016740861710232767
1234,1234,1234,116,0.45689655172413796,0.0003963142772218369
1235,1235,1235,99,0.5353535353535354,0.00033823373659449873
1236,1236,1236,58,0.3448275862068966,0.00019815713861091845
1237,1237,1237,71,0.352112676056338,0.00024257166967888295
1238,1238,1238,104,0.3173076923076923,0.0003553162485437159
1239,1239,1239,127,0.11811023622047244,0.00043389580351011457
1240,1240,1240,118,0.0847457627118644,0.00040314728200152377
1241,1241,1241,102,0.06862745098039216,0.000348483243764029
1242,1242,1242,172,0.06976744186046512,0.0005876384110530686
1243,1243,1243,247,0.32388663967611336,0.0008438760902913251
1244,1244,1244,93,0.41935483870967744,0.0003177347222554382
1245,1245,1245,63,0.31746031746031744,0.00021523965056013556
1246,1246,1246,70,0.37142857142857144,0.0002391551672890395
1247,1247,1247,74,0.2972972972972973,0.0002528211768484132
1248,1248,1248,67,0.208955223880597,0.00022890566011950924
1249,1249,1249,110,0.16363636363636364,0.0003758152628827764
1250,1250,1250,172,0.23255813953488372,0.0005876384110530686
1251,1251,1251,85,0.25882352941176473,0.00029040270313669084
1252,1252,1252,118,0.3813559322033898,0.00040314728200152377
1253,1253,1253,92,0.43478260869565216,0.0003143182198655948
1254,1254,1254,106,0.44339622641509435,0.0003621492533234027
1255,1255,1255,226,0.5663716814159292,0.0007721295401046134
1256,1256,1256,205,0.6390243902439025,0.0007003829899179015
1257,1257,1257,63,0.3492063492063492,0.00021523965056013556
1258,1258,1258,122,0.26229508196721313,0.0004168132915608974
1259,1259,1259,151,0.15894039735099338,0.0005158918608663567
1260,1260,1260,147,0.14965986394557823,0.0005022258513069829
1261,1261,1261,79,0.11392405063291139,0.0002699036887976303
1262,1262,1262,111,0.1981981981981982,0.0003792317652726198
1263,1263,1263,218,0.23853211009174313,0.0007447975209858659
1264,1264,1264,74,0.47297297297297297,0.0002528211768484132
1265,1265,1265,70,0.32857142857142857,0.0002391551672890395
1266,1266,1266,17,0.47058823529411764,5.808054062733817e-05
1267,1267,1267,2,0.0,6.833004779686843e-06
1268,1268,1268,0,0.0,0.0
1269,1269,1269,0,0.0,0.0
1270,1270,1270,0,0.0,0.0
1271,1271,1271,0,0.0,0.0
1272,1272,1272,0,0.0,0.0
1273,1273,1273,0,0.0,0.0
1274,1274,1274,0,0.0,0.0
1275,1275,1275,0,0.0,0.0
1276,1276,1276,0,0.0,0.0
1277,1277,1277,0,0.0,0.0
1278,1278,1278,0,0.0,0.0
1279,1279,1279,0,0.0,0.0
1280,1280,1280,0,0.0,0.0
1281,1281,1281,0,0.0,0.0
1282,1282,1282,0,0.0,0.0
1283,1283,1283,0,0.0,0.0
1284,1284,1284,0,0.0,0.0
1285,1285,1285,0,0.0,0.0
1286,1286,1286,0,0.0,0.0
1287,1287,1287,0,0.0,0.0
1288,1288,1288,0,0.0,0.0
1289,1289,1289,0,0.0,0.0
1290,1290,1290,0,0.0,0.0
1291,1291,1291,0,0.0,0.0
1292,1292,1292,0,0.0,0.0
1293,1293,1293,0,0.0,0.0
1294,1294,1294,0,0.0,0.0
1295,1295,1295,0,0.0,0.0
1296,1296,1296,0,0.0,0.0
1297,1297,1297,2,0.0,6.833004779686843e-06
1298,1298,1298,16,0.0,5.4664038237494744e-05
1299,1299,1299,49,0.02040816326530612,0.00016740861710232767
1300,1300,1300,45,0.022222222222222223,0.00015374260754295397
1301,1301,1301,41,0.1951219512195122,0.0001400765979835803
1302,1302,1302,37,0.32432432432432434,0.0001264105884242066
1303,1303,1303,44,0.36363636363636365,0.00015032610515311055
1304,1304,1304,53,0.7735849056603774,0.00018107462666170135
1305,1305,1305,75,0.48,0.0002562376792382566
1306,1306,1306,122,0.5983606557377049,0.0004168132915608974
1307,1307,1307,110,0.6181818181818182,0.0003758152628827764
1308,1308,1308,88,0.3522727272727273,0.0003006522103062211
1309,1309,1309,113,0.2831858407079646,0.0003860647700523067
1310,1310,1310,100,0.07,0.0003416502389843422
1311,1311,1311,100,0.01,0.0003416502389843422
1312,1312,1312,72,0.09722222222222222,0.00024598817206872634
1313,1313,1313,149,0.04697986577181208,0.0005090588560866698
1314,1314,1314,138,0.07971014492753623,0.0004714773297983922
1315,1315,1315,115,0.17391304347826086,0.0003928977748319935
1316,1316,1316,77,0.2597402597402597,0.0002630706840179435
1317,1317,1317,81,0.4074074074074074,0.00027673669357731714
1318,1318,1318,142,0.43661971830985913,0.0004851433393577659
1319,1319,1319,176,0.25,0.0006013044206124422
1320,1320,1320,241,0.2946058091286307,0.0008233770759522646
1321,1321,1321,146,0.3013698630136986,0.0004988093489171396
1322,1322,1322,138,0.2463768115942029,0.0004714773297983922
1323,1323,1323,121,0.256198347107438,0.00041339678917105404
1324,1324,1324,164,0.3353658536585366,0.0005603063919343212
1325,1325,1325,160,0.39375,0.0005466403823749475
1326,1326,1326,250,0.58,0.0008541255974608554
1327,1327,1327,236,0.5889830508474576,0.0008062945640030475
1328,1328,1328,94,0.32978723404255317,0.00032115122464528164
1329,1329,1329,88,0.23863636363636365,0.0003006522103062211
1330,1330,1330,238,0.20168067226890757,0.0008131275687827343
1331,1331,1331,141,0.16312056737588654,0.00048172683696792246
1332,1332,1332,80,0.1375,0.00027332019118747375
1333,1333,1333,45,0.17777777777777778,0.00015374260754295397
1334,1334,1334,148,0.20270270270270271,0.0005056423536968264
1335,1335,1335,46,0.08695652173913043,0.0001571591099327974
1336,1336,1336,65,0.18461538461538463,0.00022207265533982242
1337,1337,1337,29,0.1724137931034483,9.907856930545922e-05
1338,1338,1338,8,0.125,2.7332019118747372e-05
1339,1339,1339,0,0.0,0.0
1340,1340,1340,0,0.0,0.0
1341,1341,1341,0,0.0,0.0
1342,1342,1342,0,0.0,0.0
1343,1343,1343,0,0.0,0.0
1344,1344,1344,0,0.0,0.0
1345,1345,1345,0,0.0,0.0
1346,1346,1346,0,0.0,0.0
1347,1347,1347,0,0.0,0.0
1348,1348,1348,0,0.0,0.0
1349,1349,1349,0,0.0,0.0
1350,1350,1350,0,0.0,0.0
1351,1351,1351,0,0.0,0.0
1352,1352,1352,0,0.0,0.0
1353,1353,1353,0,0.0,0.0
1354,1354,1354,0,0.0,0.0
1355,1355,1355,0,0.0,0.0
1356,1356,1356,0,0.0,0.0
1357,1357,1357,0,0.0,0.0
1358,1358,1358,0,0.0,0.0
1359,1359,1359,0,0.0,0.0
1360,1360,1360,0,0.0,0.0
1361,1361,1361,0,0.0,0.0
1362,1362,1362,0,0.0,0.0
1363,1363,1363,0,0.0,0.0
1364,1364,1364,0,0.0,0.0
1365,1365,1365,0,0.0,0.0
1366,1366,1366,0,0.0,0.0
1367,1367,1367,0,0.0,0.0
1368,1368,1368,0,0.0,0.0
1369,1369,1369,14,0.07142857142857142,4.7831033457807905e-05
1370,1370,1370,60,0.03333333333333333,0.0002049901433906053
1371,1371,1371,60,0.03333333333333333,0.0002049901433906053
1372,1372,1372,43,0.13953488372093023,0.00014690960276326714
1373,1373,1373,44,0.18181818181818182,0.00015032610515311055
1374,1374,1374,30,0.3,0.00010249507169530265
1375,1375,1375,23,0.6086956521739131,7.85795549663987e-05
1376,1376,1376,70,0.5,0.0002391551672890395
1377,1377,1377,84,0.5714285714285714,0.0002869862007468474
1378,1378,1378,71,0.5774647887323944,0.00024257166967888295
1379,1379,1379,86,0.3953488372093023,0.0002938192055265343
1380,1380,1380,87,0.16091954022988506,0.00029723570791637767
1381,1381,1381,92,0.13043478260869565,0.0003143182198655948
1382,1382,1382,46,0.043478260869565216,0.0001571591099327974
1383,1383,1383,48,0.041666666666666664,0.00016399211471248423
1384,1384,1384,76,0.013157894736842105,0.00025965418162810004
1385,1385,1385,143,0.13286713286713286,0.0004885598417476093
1386,1386,1386,130,0.13076923076923078,0.00044414531067964484
1387,1387,1387,43,0.20930232558139536,0.00014690960276326714
1388,1388,1388,75,0.30666666666666664,0.0002562376792382566
1389,1389,1389,155,0.5096774193548387,0.0005295578704257304
1390,1390,1390,208,0.42788461538461536,0.0007106324970874318
1391,1391,1391,245,0.39591836734693875,0.0008370430855116383
1392,1392,1392,285,0.5228070175438596,0.0009737031811053752
1393,1393,1393,243,0.2674897119341564,0.0008302100807319515
1394,1394,1394,192,0.13020833333333334,0.0006559684588499369
1395,1395,1395,157,0.1910828025477707,0.0005363908752054172
1396,1396,1396,153,0.5032679738562091,0.0005227248656460435
1397,1397,1397,168,0.5833333333333334,0.0005739724014936948
1398,1398,1398,173,0.4682080924855491,0.000591054913442912
1399,1399,1399,140,0.42142857142857143,0.000478310334578079
1400,1400,1400,78,0.20512820512820512,0.00026648718640778687
1401,1401,1401,154,0.3246753246753247,0.000526141368035887
1402,1402,1402,150,0.26666666666666666,0.0005124753584765132
1403,1403,1403,63,0.2857142857142857,0.00021523965056013556
1404,1404,1404,44,0.22727272727272727,0.00015032610515311055
1405,1405,1405,27,0.14814814814814814,9.224556452577238e-05
1406,1406,1406,57,0.12280701754385964,0.00019474063622107503
1407,1407,1407,89,0.0898876404494382,0.00030406871269606455
1408,1408,1408,71,0.056338028169014086,0.00024257166967888295
1409,1409,1409,59,0.01694915254237288,0.00020157364100076189
1410,1410,1410,8,0.0,2.7332019118747372e-05
1411,1411,1411,0,0.0,0.0
1412,1412,1412,0,0.0,0.0
1413,1413,1413,0,0.0,0.0
1414,1414,1414,0,0.0,0.0
1415,1415,1415,0,0.0,0.0
1416,1416,1416,0,0.0,0.0
1417,1417,1417,0,0.0,0.0
1418,1418,1418,0,0.0,0.0
1419,1419,1419,0,0.0,0.0
1420,1420,1420,0,0.0,0.0
1421,1421,1421,0,0.0,0.0
1422,1422,1422,0,0.0,0.0
1423,1423,1423,0,0.0,0.0
1424,1424,1424,0,0.0,0.0
1425,1425,1425,0,0.0,0.0
1426,1426,1426,0,0.0,0.0
1427,1427,1427,0,0.0,0.0
1428,1428,1428,0,0.0,0.0
1429,1429,1429,0,0.0,0.0
1430,1430,1430,0,0.0,0.0
1431,1431,1431,0,0.0,0.0
1432,1432,1432,0,0.0,0.0
1433,1433,1433,0,0.0,0.0
1434,1434,1434,0,0.0,0.0
1435,1435,1435,0,0.0,0.0
1436,1436,1436,0,0.0,0.0
1437,1437,1437,0,0.0,0.0
1438,1438,1438,0,0.0,0.0
1439,1439,1439,0,0.0,0.0
1440,1440,1440,2,0.0,6.833004779686843e-06
1441,1441,1441,59,0.05084745762711865,0.00020157364100076189
1442,1442,1442,164,0.0975609756097561,0.0005603063919343212
1443,1443,1443,111,0.24324324324324326,0.0003792317652726198
1444,1444,1444,45,0.4444444444444444,0.00015374260754295397
1445,1445,1445,22,0.5,7.516305257655528e-05
1446,1446,1446,29,0.4827586206896552,9.907856930545922e-05
1447,1447,1447,45,0.4666666666666667,0.00015374260754295397
1448,1448,1448,29,0.5172413793103449,9.907856930545922e-05
1449,1449,1449,32,0.40625,0.00010932807647498949
1450,1450,1450,69,0.2608695652173913,0.0002357386648991961
1451,1451,1451,91,0.16483516483516483,0.0003109017174757514
1452,1452,1452,35,0.05714285714285714,0.00011957758364451976
1453,1453,1453,15,0.06666666666666667,5.1247535847651325e-05
1454,1454,1454,53,0.0,0.00018107462666170135
1455,1455,1455,75,0.02666666666666667,0.0002562376792382566
1456,1456,1456,66,0.06060606060606061,0.00022548915772966583
1457,1457,1457,121,0.1652892561983471,0.00041339678917105404
1458,1458,1458,90,0.3333333333333333,0.00030748521508590793
1459,1459,1459,135,0.3037037037037037,0.00046122782262886193
1460,1460,1460,85,0.5058823529411764,0.00029040270313669084
1461,1461,1461,103,0.6893203883495146,0.00035189974615387244
1462,1462,1462,223,0.57847533632287,0.0007618800329350831
1463,1463,1463,422,0.4431279620853081,0.001441764008513924
1464,1464,1464,263,0.20912547528517111,0.0008985401285288199
1465,1465,1465,104,0.08653846153846154,0.0003553162485437159
1466,1466,1466,141,0.24113475177304963,0.00048172683696792246
1467,1467,1467,201,0.4228855721393035,0.0006867169803585277
1468,1468,1468,141,0.3333333333333333,0.00048172683696792246
1469,1469,1469,160,0.28125,0.0005466403823749475
1470,1470,1470,99,0.31313131313131315,0.00033823373659449873
1471,1471,1471,88,0.48863636363636365,0.0003006522103062211
1472,1472,1472,293,0.5733788395904437,0.0010010352002241226
1473,1473,1473,253,0.45454545454545453,0.0008643751046303856
1474,1474,1474,168,0.4523809523809524,0.0005739724014936948
1475,1475,1475,57,0.3157894736842105,0.00019474063622107503
1476,1476,1476,27,0.48148148148148145,9.224556452577238e-05
1477,1477,1477,68,0.07352941176470588,0.00023232216250935268
1478,1478,1478,70,0.1,0.0002391551672890395
1479,1479,1479,79,0.02531645569620253,0.0002699036887976303
1480,1480,1480,70,0.0,0.0002391551672890395
1481,1481,1481,17,0.0,5.808054062733817e-05
1482,1482,1482,0,0.0,0.0
1483,1483,1483,0,0.0,0.0
1484,1484,1484,0,0.0,0.0
1485,1485,1485,0,0.0,0.0
1486,1486,1486,0,0.0,0.0
1487,1487,1487,0,0.0,0.0
1488,1488,1488,0,0.0,0.0
1489,1489,1489,0,0.0,0.0
1490,1490,1490,0,0.0,0.0
1491,1491,1491,0,0.0,0.0
1492,1492,1492,0,0.0,0.0
1493,1493,1493,0,0.0,0.0
1494,1494,1494,0,0.0,0.0
1495,1495,1495,0,0.0,0.0
1496,1496,1496,0,0.0,0.0
1497,1497,1497,0,0.0,0.0
1498,1498,1498,0,0.0,0.0
1499,1499,1499,0,0.0,0.0
1500,1500,1500,0,0.0,0.0
1501,1501,1501,0,0.0,0.0
1502,1502,1502,0,0.0,0.0
1503,1503,1503,0,0.0,0.0
1504,1504,1504,0,0.0,0.0
1505,1505,1505,0,0.0,0.0
1506,1506,1506,0,0.0,0.0
1507,1507,1507,0,0.0,0.0
1508,1508,1508,0,0.0,0.0
1509,1509,1509,0,0.0,0.0
1510,1510,1510,0,0.0,0.0
1511,1511,1511,1,0.0,3.4165023898434215e-06
1512,1512,1512,22,0.045454545454545456,7.516305257655528e-05
1513,1513,1513,88,0.18181818181818182,0.0003006522103062211
1514,1514,1514,64,0.265625,0.00021865615294997898
1515,1515,1515,26,0.46153846153846156,8.882906213592897e-05
1516,1516,1516,27,0.6296296296296297,9.224556452577238e-05
1517,1517,1517,18,0.5555555555555556,6.149704301718158e-05
1518,1518,1518,35,0.34285714285714286,0.00011957758364451976
1519,1519,1519,69,0.5942028985507246,0.0002357386648991961
1520,1520,1520,49,0.42857142857142855,0.00016740861710232767
1521,1521,1521,51,0.27450980392156865,0.0001742416218820145
1522,1522,1522,46,0.15217391304347827,0.0001571591099327974
1523,1523,1523,12,0.08333333333333333,4.099802867812106e-05
1524,1524,1524,20,0.1,6.833004779686844e-05
1525,1525,1525,53,0.1509433962264151,0.00018107462666170135
1526,1526,1526,49,0.04081632653061224,0.00016740861710232767
1527,1527,1527,45,0.15555555555555556,0.00015374260754295397
1528,1528,1528,94,0.23404255319148937,0.00032115122464528164
1529,1529,1529,62,0.43548387096774194,0.00021182314817029215
1530,1530,1530,120,0.4666666666666667,0.0004099802867812106
1531,1531,1531,111,0.5045045045045045,0.0003792317652726198
1532,1532,1532,75,0.5466666666666666,0.0002562376792382566
1533,1533,1533,145,0.41379310344827586,0.0004953928465272962
1534,1534,1534,272,0.3125,0.0009292886500374107
1535,1535,1535,152,0.16447368421052633,0.0005193083632562001
1536,1536,1536,79,0.16455696202531644,0.0002699036887976303
1537,1537,1537,157,0.2484076433121019,0.0005363908752054172
1538,1538,1538,225,0.3333333333333333,0.0007687130377147699
1539,1539,1539,158,0.16455696202531644,0.0005398073775952606
1540,1540,1540,146,0.10273972602739725,0.0004988093489171396
1541,1541,1541,149,0.14093959731543623,0.0005090588560866698
1542,1542,1542,113,0.4778761061946903,0.0003860647700523067
1543,1543,1543,259,0.61003861003861,0.0008848741189694462
1544,1544,1544,215,0.4697674418604651,0.0007345480138163357
1545,1545,1545,180,0.5888888888888889,0.0006149704301718159
1546,1546,1546,109,0.6238532110091743,0.00037239876049293297
1547,1547,1547,63,0.6349206349206349,0.00021523965056013556
1548,1548,1548,47,0.2553191489361702,0.00016057561232264082
1549,1549,1549,32,0.0,0.00010932807647498949
1550,1550,1550,48,0.041666666666666664,0.00016399211471248423
1551,1551,1551,32,0.03125,0.00010932807647498949
1552,1552,1552,4,0.0,1.3666009559373686e-05
1553,1553,1553,0,0.0,0.0
1554,1554,1554,0,0.0,0.0
1555,1555,1555,0,0.0,0.0
1556,1556,1556,0,0.0,0.0
1557,1557,1557,0,0.0,0.0
1558,1558,1558,0,0.0,0.0
1559,1559,1559,0,0.0,0.0
1560,1560,1560,0,0.0,0.0
1561,1561,1561,0,0.0,0.0
1562,1562,1562,0,0.0,0.0
1563,1563,1563,0,0.0,0.0
1564,1564,1564,0,0.0,0.0
1565,1565,1565,0,0.0,0.0
1566,1566,1566,0,0.0,0.0
1567,1567,1567,0,0.0,0.0
1568,1568,1568,0,0.0,0.0
1569,1569,1569,0,0.0,0.0
1570,1570,1570,0,0.0,0.0
1571,1571,1571,0,0.0,0.0
1572,1572,1572,0,0.0,0.0
1573,1573,1573,0,0.0,0.0
1574,1574,1574,0,0.0,0.0
1575,1575,1575,0,0.0,0.0
1576,1576,1576,0,0.0,0.0
1577,1577,1577,0,0.0,0.0
1578,1578,1578,0,0.0,0.0
1579,1579,1579,0,0.0,0.0
1580,1580,1580,0,0.0,0.0
1581,1581,1581,0,0.0,0.0
1582,1582,1582,1,0.0,3.4165023898434215e-06
1583,1583,1583,14,0.35714285714285715,4.7831033457807905e-05
1584,1584,1584,26,0.2692307692307692,8.882906213592897e-05
1585,1585,1585,19,0.3684210526315789,6.491354540702501e-05
1586,1586,1586,21,0.2857142857142857,7.174655018671185e-05
1587,1587,1587,15,0.6,5.1247535847651325e-05
1588,1588,1588,23,0.30434782608695654,7.85795549663987e-05
1589,1589,1589,72,0.2638888888888889,0.00024598817206872634
1590,1590,1590,112,0.4375,0.00038264826766246324
1591,1591,1591,92,0.45652173913043476,0.0003143182198655948
1592,1592,1592,76,0.3815789473684211,0.00025965418162810004
1593,1593,1593,64,0.3125,0.00021865615294997898
1594,1594,1594,65,0.3230769230769231,0.00022207265533982242
1595,1595,1595,36,0.1388888888888889,0.00012299408603436317
1596,1596,1596,59,0.1864406779661017,0.00020157364100076189
1597,1597,1597,92,0.21739130434782608,0.0003143182198655948
1598,1598,1598,66,0.15151515151515152,0.00022548915772966583
1599,1599,1599,88,0.07954545454545454,0.0003006522103062211
1600,1600,1600,26,0.23076923076923078,8.882906213592897e-05
1601,1601,1601,98,0.30612244897959184,0.00033481723420465535
1602,1602,1602,163,0.4539877300613497,0.0005568898895444778
1603,1603,1603,84,0.40476190476190477,0.0002869862007468474
1604,1604,1604,137,0.5474452554744526,0.00046806082740854875
1605,1605,1605,122,0.5245901639344263,0.0004168132915608974
1606,1606,1606,52,0.3269230769230769,0.00017765812427185794
1607,1607,1607,58,0.1724137931034483,0.00019815713861091845
1608,1608,1608,84,0.25,0.0002869862007468474
1609,1609,1609,129,0.20155038759689922,0.0004407288082898014
1610,1610,1610,149,0.21476510067114093,0.0005090588560866698
1611,1611,1611,140,0.12857142857142856,0.000478310334578079
1612,1612,1612,119,0.2184873949579832,0.00040656378439136716
1613,1613,1613,126,0.4523809523809524,0.00043047930112027113
1614,1614,1614,102,0.5882352941176471,0.000348483243764029
1615,1615,1615,125,0.696,0.0004270627987304277
1616,1616,1616,96,0.65625,0.00032798422942496847
1617,1617,1617,115,0.6782608695652174,0.0003928977748319935
1618,1618,1618,133,0.6616541353383458,0.0004543948178491751
1619,1619,1619,94,0.425531914893617,0.00032115122464528164
1620,1620,1620,74,0.21621621621621623,0.0002528211768484132
1621,1621,1621,131,0.07633587786259542,0.0004475618130694882
1622,1622,1622,127,0.07086614173228346,0.00043389580351011457
1623,1623,1623,4,0.0,1.3666009559373686e-05
1624,1624,1624,0,0.0,0.0
1625,1625,1625,0,0.0,0.0
1626,1626,1626,0,0.0,0.0
1627,1627,1627,0,0.0,0.0
1628,1628,1628,0,0.0,0.0
1629,1629,1629,0,0.0,0.0
1630,1630,1630,0,0.0,0.0
1631,1631,1631,0,0.0,0.0
1632,1632,1632,0,0.0,0.0
1633,1633,1633,0,0.0,0.0
1634,1634,1634,0,0.0,0.0
1635,1635,1635,0,0.0,0.0
1636,1636,1636,0,0.0,0.0
1637,1637,1637,0,0.0,0.0
1638,1638,1638,0,0.0,0.0
1639,1639,1639,0,0.0,0.0
1640,1640,1640,0,0.0,0.0
1641,1641,1641,0,0.0,0.0
1642,1642,1642,0,0.0,0.0
1643,1643,1643,0,0.0,0.0
1644,1644,1644,1,0.0,3.4165023898434215e-06
1645,1645,1645,16,0.0,5.4664038237494744e-05
1646,1646,1646,9,0.1111111111111111,3.074852150859079e-05
1647,1647,1647,0,0.0,0.0
1648,1648,1648,0,0.0,0.0
1649,1649,1649,0,0.0,0.0
1650,1650,1650,0,0.0,0.0
1651,1651,1651,0,0.0,0.0
1652,1652,1652,0,0.0,0.0
1653,1653,1653,1,0.0,3.4165023898434215e-06
1654,1654,1654,1,0.0,3.4165023898434215e-06
1655,1655,1655,11,0.09090909090909091,3.758152628827764e-05
1656,1656,1656,11,0.36363636363636365,3.758152628827764e-05
1657,1657,1657,11,0.09090909090909091,3.758152628827764e-05
1658,1658,1658,11,0.09090909090909091,3.758152628827764e-05
1659,1659,1659,31,0.06451612903225806,0.00010591157408514608
1660,1660,1660,101,0.09900990099009901,0.0003450667413741856
1661,1661,1661,117,0.24786324786324787,0.00039973077961168033
1662,1662,1662,72,0.4166666666666667,0.00024598817206872634
1663,1663,1663,76,0.6842105263157895,0.00025965418162810004
1664,1664,1664,61,0.6557377049180327,0.0002084066457804487
1665,1665,1665,146,0.4863013698630137,0.0004988093489171396
1666,1666,1666,133,0.5263157894736842,0.0004543948178491751
1667,1667,1667,101,0.504950495049505,0.0003450667413741856
1668,1668,1668,64,0.375,0.00021865615294997898
1669,1669,1669,43,0.27906976744186046,0.00014690960276326714
1670,1670,1670,60,0.06666666666666667,0.0002049901433906053
1671,1671,1671,43,0.13953488372093023,0.00014690960276326714
1672,1672,1672,139,0.17985611510791366,0.00047489383218823563
1673,1673,1673,270,0.4703703703703704,0.0009224556452577239
1674,1674,1674,154,0.4025974025974026,0.000526141368035887
1675,1675,1675,123,0.37398373983739835,0.00042022979395074086
1676,1676,1676,70,0.32857142857142857,0.0002391551672890395
1677,1677,1677,77,0.5324675324675324,0.0002630706840179435
1678,1678,1678,106,0.4339622641509434,0.0003621492533234027
1679,1679,1679,82,0.35365853658536583,0.0002801531959671606
1680,1680,1680,77,0.35064935064935066,0.0002630706840179435
1681,1681,1681,127,0.31496062992125984,0.00043389580351011457
1682,1682,1682,189,0.2698412698412698,0.0006457189516804067
1683,1683,1683,161,0.2236024844720497,0.0005500568847647909
1684,1684,1684,99,0.3939393939393939,0.00033823373659449873
1685,1685,1685,70,0.5285714285714286,0.0002391551672890395
1686,1686,1686,95,0.4842105263157895,0.0003245677270351251
1687,1687,1687,98,0.5306122448979592,0.00033481723420465535
1688,1688,1688,97,0.5567010309278351,0.0003314007318148119
1689,1689,1689,113,0.4424778761061947,0.0003860647700523067
1690,1690,1690,158,0.4430379746835443,0.0005398073775952606
1691,1691,1691,231,0.329004329004329,0.0007892120520538304
1692,1692,1692,168,0.25,0.0005739724014936948
1693,1693,1693,102,0.09803921568627451,0.000348483243764029
1694,1694,1694,6,0.5,2.049901433906053e-05
1695,1695,1695,3,0.0,1.0249507169530265e-05
1696,1696,1696,0,0.0,0.0
1697,1697,1697,0,0.0,0.0
1698,1698,1698,0,0.0,0.0
1699,1699,1699,0,0.0,0.0
1700,1700,1700,0,0.0,0.0
1701,1701,1701,0,0.0,0.0
1702,1702,1702,0,0.0,0.0
1703,1703,1703,0,0.0,0.0
1704,1704,1704,0,0.0,0.0
1705,1705,1705,0,0.0,0.0
1706,1706,1706,0,0.0,0.0
1707,1707,1707,0,0.0,0.0
1708,1708,1708,0,0.0,0.0
1709,1709,1709,0,0.0,0.0
1710,1710,1710,0,0.0,0.0
1711,1711,1711,0,0.0,0.0
1712,1712,1712,0,0.0,0.0
1713,1713,1713,0,0.0,0.0
1714,1714,1714,0,0.0,0.0
1715,1715,1715,4,0.0,1.3666009559373686e-05
1716,1716,1716,83,0.060240963855421686,0.000283569698357004
1717,1717,1717,83,0.060240963855421686,0.000283569698357004
1718,1718,1718,1,0.0,3.4165023898434215e-06
1719,1719,1719,0,0.0,0.0
1720,1720,1720,0,0.0,0.0
1721,1721,1721,0,0.0,0.0
1722,1722,1722,0,0.0,0.0
1723,1723,1723,3,0.0,1.0249507169530265e-05
1724,1724,1724,2,1.0,6.833004779686843e-06
1725,1725,1725,1,0.0,3.4165023898434215e-06
1726,1726,1726,12,0.16666666666666666,4.099802867812106e-05
1727,1727,1727,32,0.03125,0.00010932807647498949
1728,1728,1728,24,0.041666666666666664,8.199605735624212e-05
1729,1729,1729,38,0.18421052631578946,0.00012982709081405002
1730,1730,1730,33,0.030303030303030304,0.00011274457886483292
1731,1731,1731,59,0.06779661016949153,0.00020157364100076189
1732,1732,1732,61,0.16393442622950818,0.0002084066457804487
1733,1733,1733,35,0.4,0.00011957758364451976
1734,1734,1734,87,0.632183908045977,0.00029723570791637767
1735,1735,1735,134,0.7761194029850746,0.0004578113202390185
1736,1736,1736,101,0.5544554455445545,0.0003450667413741856
1737,1737,1737,105,0.5523809523809524,0.00035873275093355927
1738,1738,1738,61,0.6065573770491803,0.0002084066457804487
1739,1739,1739,78,0.3076923076923077,0.00026648718640778687
1740,1740,1740,70,0.22857142857142856,0.0002391551672890395
1741,1741,1741,39,0.20512820512820512,0.00013324359320389343
1742,1742,1742,64,0.171875,0.00021865615294997898
1743,1743,1743,123,0.2764227642276423,0.00042022979395074086
1744,1744,1744,145,0.35172413793103446,0.0004953928465272962
1745,1745,1745,98,0.32653061224489793,0.00033481723420465535
1746,1746,1746,88,0.14772727272727273,0.0003006522103062211
1747,1747,1747,42,0.2619047619047619,0.0001434931003734237
1748,1748,1748,45,0.3333333333333333,0.00015374260754295397
1749,1749,1749,131,0.4122137404580153,0.0004475618130694882
1750,1750,1750,103,0.5922330097087378,0.00035189974615387244
1751,1751,1751,80,0.4625,0.00027332019118747375
1752,1752,1752,102,0.21568627450980393,0.000348483243764029
1753,1753,1753,118,0.1864406779661017,0.00040314728200152377
1754,1754,1754,91,0.31868131868131866,0.0003109017174757514
1755,1755,1755,76,0.6842105263157895,0.00025965418162810004
1756,1756,1756,153,0.47058823529411764,0.0005227248656460435
1757,1757,1757,102,0.5098039215686274,0.000348483243764029
1758,1758,1758,99,0.48484848484848486,0.00033823373659449873
1759,1759,1759,96,0.3854166666666667,0.00032798422942496847
1760,1760,1760,71,0.30985915492957744,0.00024257166967888295
1761,1761,1761,99,0.29292929292929293,0.00033823373659449873
1762,1762,1762,136,0.3602941176470588,0.00046464432501870537
1763,1763,1763,117,0.27350427350427353,0.00039973077961168033
1764,1764,1764,168,0.34523809523809523,0.0005739724014936948
1765,1765,1765,105,0.34285714285714286,0.00035873275093355927
1766,1766,1766,26,0.34615384615384615,8.882906213592897e-05
1767,1767,1767,0,0.0,0.0
1768,1768,1768,0,0.0,0.0
1769,1769,1769,0,0.0,0.0
1770,1770,1770,0,0.0,0.0
1771,1771,1771,0,0.0,0.0
1772,1772,1772,0,0.0,0.0
1773,1773,1773,0,0.0,0.0
1774,1774,1774,0,0.0,0.0
1775,1775,1775,0,0.0,0.0
1776,1776,1776,0,0.0,0.0
1777,1777,1777,0,0.0,0.0
1778,1778,1778,0,0.0,0.0
1779,1779,1779,0,0.0,0.0
1780,1780,1780,0,0.0,0.0
1781,1781,1781,0,0.0,0.0
1782,1782,1782,0,0.0,0.0
1783,1783,1783,0,0.0,0.0
1784,1784,1784,2,0.0,6.833004779686843e-06
1785,1785,1785,19,0.2631578947368421,6.491354540702501e-05
1786,1786,1786,171,0.11695906432748537,0.0005842219086632251
1787,1787,1787,120,0.06666666666666667,0.0004099802867812106
1788,1788,1788,40,0.1,0.00013666009559373687
1789,1789,1789,0,0.0,0.0
1790,1790,1790,0,0.0,0.0
1791,1791,1791,0,0.0,0.0
1792,1792,1792,0,0.0,0.0
1793,1793,1793,1,0.0,3.4165023898434215e-06
1794,1794,1794,15,0.0,5.1247535847651325e-05
1795,1795,1795,21,0.047619047619047616,7.174655018671185e-05
1796,1796,1796,32,0.0625,0.00010932807647498949
1797,1797,1797,32,0.1875,0.00010932807647498949
1798,1798,1798,36,0.1388888888888889,0.00012299408603436317
1799,1799,1799,57,0.07017543859649122,0.00019474063622107503
1800,1800,1800,51,0.11764705882352941,0.0001742416218820145
1801,1801,1801,13,0.07692307692307693,4.4414531067964485e-05
1802,1802,1802,47,0.1276595744680851,0.00016057561232264082
1803,1803,1803,60,0.23333333333333334,0.0002049901433906053
1804,1804,1804,75,0.5333333333333333,0.0002562376792382566
1805,1805,1805,65,0.6307692307692307,0.00022207265533982242
1806,1806,1806,84,0.6190476190476191,0.0002869862007468474
1807,1807,1807,91,0.6923076923076923,0.0003109017174757514
1808,1808,1808,44,0.7045454545454546,0.00015032610515311055
1809,1809,1809,72,0.5,0.00024598817206872634
1810,1810,1810,82,0.47560975609756095,0.0002801531959671606
1811,1811,1811,51,0.21568627450980393,0.0001742416218820145
1812,1812,1812,55,0.16363636363636364,0.0001879076314413882
1813,1813,1813,57,0.22807017543859648,0.00019474063622107503
1814,1814,1814,96,0.375,0.00032798422942496847
1815,1815,1815,62,0.5645161290322581,0.00021182314817029215
1816,1816,1816,87,0.26436781609195403,0.00029723570791637767
1817,1817,1817,112,0.15178571428571427,0.00038264826766246324
1818,1818,1818,50,0.28,0.0001708251194921711
1819,1819,1819,83,0.4939759036144578,0.000283569698357004
1820,1820,1820,262,0.48854961832061067,0.0008951236261389764
1821,1821,1821,149,0.4966442953020134,0.0005090588560866698
1822,1822,1822,63,0.31746031746031744,0.00021523965056013556
1823,1823,1823,64,0.265625,0.00021865615294997898
1824,1824,1824,106,0.16037735849056603,0.0003621492533234027
1825,1825,1825,89,0.16853932584269662,0.00030406871269606455
1826,1826,1826,96,0.3229166666666667,0.00032798422942496847
1827,1827,1827,114,0.41228070175438597,0.00038948127244215006
1828,1828,1828,96,0.4270833333333333,0.00032798422942496847
1829,1829,1829,174,0.3390804597701149,0.0005944714158327553
1830,1830,1830,138,0.2463768115942029,0.0004714773297983922
1831,1831,1831,65,0.3230769230769231,0.00022207265533982242
1832,1832,1832,142,0.3873239436619718,0.0004851433393577659
1833,1833,1833,95,0.3473684210526316,0.0003245677270351251
1834,1834,1834,104,0.4807692307692308,0.0003553162485437159
1835,1835,1835,167,0.49101796407185627,0.0005705558991038514
1836,1836,1836,129,0.4108527131782946,0.0004407288082898014
1837,1837,1837,50,0.38,0.0001708251194921711
1838,1838,1838,6,0.3333333333333333,2.049901433906053e-05
1839,1839,1839,0,0.0,0.0
1840,1840,1840,0,0.0,0.0
1841,1841,1841,0,0.0,0.0
1842,1842,1842,0,0.0,0.0
1843,1843,1843,0,0.0,0.0
1844,1844,1844,0,0.0,0.0
1845,1845,1845,0,0.0,0.0
1846,1846,1846,0,0.0,0.0
1847,1847,1847,0,0.0,0.0
1848,1848,1848,0,0.0,0.0
1849,1849,1849,0,0.0,0.0
1850,1850,1850,0,0.0,0.0
1851,1851,1851,0,0.0,0.0
1852,1852,1852,0,0.0,0.0
1853,1853,1853,0,0.0,0.0
1854,1854,1854,5,0.0,1.708251194921711e-05
1855,1855,1855,19,0.05263157894736842,6.491354540702501e-05
1856,1856,1856,54,0.2037037037037037,0.00018449112905154477
1857,1857,1857,180,0.12222222222222222,0.0006149704301718159
1858,1858,1858,124,0.13709677419354838,0.0004236462963405843
1859,1859,1859,81,0.07407407407407407,0.00027673669357731714
1860,1860,1860,15,0.06666666666666667,5.1247535847651325e-05
1861,1861,1861,0,0.0,0.0
1862,1862,1862,0,0.0,0.0
1863,1863,1863,8,0.125,2.7332019118747372e-05
1864,1864,1864,40,0.025,0.00013666009559373687
1865,1865,1865,69,0.07246376811594203,0.0002357386648991961
1866,1866,1866,89,0.15730337078651685,0.00030406871269606455
1867,1867,1867,92,0.2717391304347826,0.0003143182198655948
1868,1868,1868,35,0.2,0.00011957758364451976
1869,1869,1869,45,0.1111111111111111,0.00015374260754295397
1870,1870,1870,45,0.2,0.00015374260754295397
1871,1871,1871,69,0.014492753623188406,0.0002357386648991961
1872,1872,1872,42,0.07142857142857142,0.0001434931003734237
1873,1873,1873,62,0.12903225806451613,0.00021182314817029215
1874,1874,1874,30,0.3,0.00010249507169530265
1875,1875,1875,60,0.4666666666666667,0.0002049901433906053
1876,1876,1876,78,0.5641025641025641,0.00026648718640778687
1877,1877,1877,162,0.654320987654321,0.0005534733871546343
1878,1878,1878,84,0.6190476190476191,0.0002869862007468474
1879,1879,1879,50,0.6,0.0001708251194921711
1880,1880,1880,112,0.5446428571428571,0.00038264826766246324
1881,1881,1881,86,0.47674418604651164,0.0002938192055265343
1882,1882,1882,67,0.19402985074626866,0.00022890566011950924
1883,1883,1883,74,0.20270270270270271,0.0002528211768484132
1884,1884,1884,127,0.31496062992125984,0.00043389580351011457
1885,1885,1885,168,0.375,0.0005739724014936948
1886,1886,1886,114,0.5789473684210527,0.00038948127244215006
1887,1887,1887,97,0.44329896907216493,0.0003314007318148119
1888,1888,1888,143,0.34265734265734266,0.0004885598417476093
1889,1889,1889,98,0.336734693877551,0.00033481723420465535
1890,1890,1890,57,0.3157894736842105,0.00019474063622107503
1891,1891,1891,106,0.3490566037735849,0.0003621492533234027
1892,1892,1892,140,0.3142857142857143,0.000478310334578079
1893,1893,1893,99,0.36363636363636365,0.00033823373659449873
1894,1894,1894,67,0.29850746268656714,0.00022890566011950924
1895,1895,1895,54,0.24074074074074073,0.00018449112905154477
1896,1896,1896,89,0.2808988764044944,0.00030406871269606455
1897,1897,1897,96,0.2916666666666667,0.00032798422942496847
1898,1898,1898,90,0.4444444444444444,0.00030748521508590793
1899,1899,1899,58,0.5172413793103449,0.00019815713861091845
1900,1900,1900,72,0.5,0.00024598817206872634
1901,1901,1901,105,0.2761904761904762,0.00035873275093355927
1902,1902,1902,124,0.3467741935483871,0.0004236462963405843
1903,1903,1903,120,0.4583333333333333,0.0004099802867812106
1904,1904,1904,91,0.4835164835164835,0.0003109017174757514
1905,1905,1905,86,0.5697674418604651,0.0002938192055265343
1906,1906,1906,130,0.6538461538461539,0.00044414531067964484
1907,1907,1907,109,0.45871559633027525,0.00037239876049293297
1908,1908,1908,57,0.38596491228070173,0.00019474063622107503
1909,1909,1909,19,0.15789473684210525,6.491354540702501e-05
1910,1910,1910,4,0.5,1.3666009559373686e-05
1911,1911,1911,0,0.0,0.0
1912,1912,1912,0,0.0,0.0
1913,1913,1913,0,0.0,0.0
1914,1914,1914,0,0.0,0.0
1915,1915,1915,0,0.0,0.0
1916,1916,1916,0,0.0,0.0
1917,1917,1917,0,0.0,0.0
1918,1918,1918,0,0.0,0.0
1919,1919,1919,0,0.0,0.0
1920,1920,1920,0,0.0,0.0
1921,1921,1921,0,0.0,0.0
1922,1922,1922,0,0.0,0.0
1923,1923,1923,0,0.0,0.0
1924,1924,1924,0,0.0,0.0
1925,1925,1925,68,0.45588235294117646,0.00023232216250935268
1926,1926,1926,75,0.3333333333333333,0.0002562376792382566
1927,1927,1927,82,0.5609756097560976,0.0002801531959671606
1928,1928,1928,85,0.4470588235294118,0.00029040270313669084
1929,1929,1929,98,0.19387755102040816,0.00033481723420465535
1930,1930,1930,117,0.13675213675213677,0.00039973077961168033
1931,1931,1931,38,0.21052631578947367,0.00012982709081405002
1932,1932,1932,0,0.0,0.0
1933,1933,1933,0,0.0,0.0
1934,1934,1934,18,0.05555555555555555,6.149704301718158e-05
1935,1935,1935,112,0.23214285714285715,0.00038264826766246324
1936,1936,1936,174,0.25287356321839083,0.0005944714158327553
1937,1937,1937,69,0.2463768115942029,0.0002357386648991961
1938,1938,1938,43,0.5116279069767442,0.00014690960276326714
1939,1939,1939,19,0.3684210526315789,6.491354540702501e-05
1940,1940,1940,76,0.27631578947368424,0.00025965418162810004
1941,1941,1941,90,0.2,0.00030748521508590793
1942,1942,1942,51,0.21568627450980393,0.0001742416218820145
1943,1943,1943,99,0.050505050505050504,0.00033823373659449873
1944,1944,1944,98,0.14285714285714285,0.00033481723420465535
1945,1945,1945,63,0.12698412698412698,0.00021523965056013556
1946,1946,1946,44,0.2727272727272727,0.00015032610515311055
1947,1947,1947,52,0.34615384615384615,0.00017765812427185794
1948,1948,1948,124,0.5161290322580645,0.0004236462963405843
1949,1949,1949,158,0.5886075949367089,0.0005398073775952606
1950,1950,1950,53,0.5660377358490566,0.00018107462666170135
1951,1951,1951,57,0.3508771929824561,0.00019474063622107503
1952,1952,1952,31,0.25806451612903225,0.00010591157408514608
1953,1953,1953,77,0.2987012987012987,0.0002630706840179435
1954,1954,1954,172,0.3430232558139535,0.0005876384110530686
1955,1955,1955,252,0.5158730158730159,0.0008609586022405423
1956,1956,1956,187,0.5508021390374331,0.0006388859469007199
1957,1957,1957,111,0.6666666666666666,0.0003792317652726198
1958,1958,1958,89,0.4606741573033708,0.00030406871269606455
1959,1959,1959,98,0.3163265306122449,0.00033481723420465535
1960,1960,1960,98,0.19387755102040816,0.00033481723420465535
1961,1961,1961,71,0.16901408450704225,0.00024257166967888295
1962,1962,1962,182,0.19230769230769232,0.0006218034349515027
1963,1963,1963,173,0.2023121387283237,0.000591054913442912
1964,1964,1964,103,0.3592233009708738,0.00035189974615387244
1965,1965,1965,89,0.2247191011235955,0.00030406871269606455
1966,1966,1966,81,0.41975308641975306,0.00027673669357731714
1967,1967,1967,185,0.4756756756756757,0.000632052942121033
1968,1968,1968,152,0.5328947368421053,0.0005193083632562001
1969,1969,1969,263,0.6768060836501901,0.0008985401285288199
1970,1970,1970,108,0.5740740740740741,0.00036898225810308953
1971,1971,1971,116,0.43103448275862066,0.0003963142772218369
1972,1972,1972,177,0.3163841807909605,0.0006047209230022856
1973,1973,1973,152,0.40131578947368424,0.0005193083632562001
1974,1974,1974,117,0.6153846153846154,0.00039973077961168033
1975,1975,1975,123,0.7073170731707317,0.00042022979395074086
1976,1976,1976,182,0.7582417582417582,0.0006218034349515027
1977,1977,1977,222,0.6261261261261262,0.0007584635305452396
1978,1978,1978,78,0.5897435897435898,0.00026648718640778687
1979,1979,1979,49,0.46938775510204084,0.00016740861710232767
1980,1980,1980,18,0.6111111111111112,6.149704301718158e-05
1981,1981,1981,0,0.0,0.0
1982,1982,1982,0,0.0,0.0
1983,1983,1983,0,0.0,0.0
1984,1984,1984,0,0.0,0.0
1985,1985,1985,0,0.0,0.0
1986,1986,1986,0,0.0,0.0
1987,1987,1987,0,0.0,0.0
1988,1988,1988,0,0.0,0.0
1989,1989,1989,0,0.0,0.0
1990,1990,1990,0,0.0,0.0
1991,1991,1991,0,0.0,0.0
1992,1992,1992,0,0.0,0.0
1993,1993,1993,0,0.0,0.0
1994,1994,1994,0,0.0,0.0
1995,1995,1995,8,0.125,2.7332019118747372e-05
1996,1996,1996,52,0.4230769230769231,0.00017765812427185794
1997,1997,1997,41,0.4878048780487805,0.0001400765979835803
1998,1998,1998,92,0.6521739130434783,0.0003143182198655948
1999,1999,1999,61,0.5901639344262295,0.0002084066457804487
2000,2000,2000,63,0.2698412698412698,0.00021523965056013556
2001,2001,2001,113,0.39823008849557523,0.0003860647700523067
2002,2002,2002,60,0.4166666666666667,0.0002049901433906053
2003,2003,2003,1,0.0,3.4165023898434215e-06
2004,2004,2004,3,0.3333333333333333,1.0249507169530265e-05
2005,2005,2005,11,0.09090909090909091,3.758152628827764e-05
2006,2006,2006,38,0.3157894736842105,0.00012982709081405002
2007,2007,2007,96,0.4895833333333333,0.00032798422942496847
2008,2008,2008,80,0.525,0.00027332019118747375
2009,2009,2009,87,0.6206896551724138,0.00029723570791637767
2010,2010,2010,55,0.4909090909090909,0.0001879076314413882
2011,2011,2011,121,0.4297520661157025,0.00041339678917105404
2012,2012,2012,83,0.39759036144578314,0.000283569698357004
2013,2013,2013,54,0.12962962962962962,0.00018449112905154477
2014,2014,2014,67,0.11940298507462686,0.00022890566011950924
2015,2015,2015,64,0.203125,0.00021865615294997898
2016,2016,2016,66,0.12121212121212122,0.00022548915772966583
2017,2017,2017,114,0.14912280701754385,0.00038948127244215006
2018,2018,2018,60,0.18333333333333332,0.0002049901433906053
2019,2019,2019,72,0.4305555555555556,0.00024598817206872634
2020,2020,2020,103,0.42718446601941745,0.00035189974615387244
2021,2021,2021,72,0.3611111111111111,0.00024598817206872634
2022,2022,2022,61,0.2786885245901639,0.0002084066457804487
2023,2023,2023,77,0.33766233766233766,0.0002630706840179435
2024,2024,2024,96,0.4270833333333333,0.00032798422942496847
2025,2025,2025,208,0.4951923076923077,0.0007106324970874318
2026,2026,2026,297,0.5488215488215489,0.0010147012097834961
2027,2027,2027,160,0.60625,0.0005466403823749475
2028,2028,2028,111,0.7027027027027027,0.0003792317652726198
2029,2029,2029,113,0.5486725663716814,0.0003860647700523067
2030,2030,2030,102,0.4411764705882353,0.000348483243764029
2031,2031,2031,119,0.2184873949579832,0.00040656378439136716
2032,2032,2032,133,0.18796992481203006,0.0004543948178491751
2033,2033,2033,178,0.10112359550561797,0.0006081374253921291
2034,2034,2034,106,0.09433962264150944,0.0003621492533234027
2035,2035,2035,67,0.04477611940298507,0.00022890566011950924
2036,2036,2036,69,0.07246376811594203,0.0002357386648991961
2037,2037,2037,74,0.24324324324324326,0.0002528211768484132
2038,2038,2038,219,0.6164383561643836,0.0007482140233757093
2039,2039,2039,152,0.5921052631578947,0.0005193083632562001
2040,2040,2040,538,0.7973977695167286,0.001838078285735761
2041,2041,2041,316,0.7341772151898734,0.0010796147551905212
2042,2042,2042,241,0.5975103734439834,0.0008233770759522646
2043,2043,2043,130,0.5615384615384615,0.00044414531067964484
2044,2044,2044,117,0.5213675213675214,0.00039973077961168033
2045,2045,2045,129,0.6821705426356589,0.0004407288082898014
2046,2046,2046,200,0.67,0.0006833004779686843
2047,2047,2047,198,0.6111111111111112,0.0006764674731889975
2048,2048,2048,110,0.6636363636363637,0.0003758152628827764
2049,2049,2049,70,0.6428571428571429,0.0002391551672890395
2050,2050,2050,125,0.584,0.0004270627987304277
2051,2051,2051,14,0.2857142857142857,4.7831033457807905e-05
2052,2052,2052,2,0.0,6.833004779686843e-06
2053,2053,2053,0,0.0,0.0
2054,2054,2054,0,0.0,0.0
2055,2055,2055,0,0.0,0.0
2056,2056,2056,0,0.0,0.0
2057,2057,2057,0,0.0,0.0
2058,2058,2058,0,0.0,0.0
2059,2059,2059,0,0.0,0.0
2060,2060,2060,0,0.0,0.0
2061,2061,2061,0,0.0,0.0
2062,2062,2062,0,0.0,0.0
2063,2063,2063,0,0.0,0.0
2064,2064,2064,0,0.0,0.0
2065,2065,2065,0,0.0,0.0
2066,2066,2066,5,0.2,1.708251194921711e-05
2067,2067,2067,16,0.3125,5.4664038237494744e-05
2068,2068,2068,19,0.631578947368421,6.491354540702501e-05
2069,2069,2069,115,0.7739130434782608,0.0003928977748319935
2070,2070,2070,86,0.7906976744186046,0.0002938192055265343
2071,2071,2071,68,0.5441176470588235,0.00023232216250935268
2072,2072,2072,66,0.6060606060606061,0.00022548915772966583
2073,2073,2073,88,0.625,0.0003006522103062211
2074,2074,2074,42,0.6190476190476191,0.0001434931003734237
2075,2075,2075,20,0.35,6.833004779686844e-05
2076,2076,2076,40,0.1,0.00013666009559373687
2077,2077,2077,41,0.2926829268292683,0.0001400765979835803
2078,2078,2078,62,0.45161290322580644,0.00021182314817029215
2079,2079,2079,102,0.5392156862745098,0.000348483243764029
2080,2080,2080,103,0.5825242718446602,0.00035189974615387244
2081,2081,2081,88,0.625,0.0003006522103062211
2082,2082,2082,91,0.5274725274725275,0.0003109017174757514
2083,2083,2083,91,0.46153846153846156,0.0003109017174757514
2084,2084,2084,70,0.34285714285714286,0.0002391551672890395
2085,2085,2085,64,0.15625,0.00021865615294997898
2086,2086,2086,43,0.09302325581395349,0.00014690960276326714
2087,2087,2087,51,0.11764705882352941,0.0001742416218820145
2088,2088,2088,65,0.15384615384615385,0.00022207265533982242
2089,2089,2089,81,0.2839506172839506,0.00027673669357731714
2090,2090,2090,96,0.53125,0.00032798422942496847
2091,2091,2091,72,0.5,0.00024598817206872634
2092,2092,2092,61,0.4918032786885246,0.0002084066457804487
2093,2093,2093,143,0.5524475524475524,0.0004885598417476093
2094,2094,2094,116,0.4051724137931034,0.0003963142772218369
2095,2095,2095,114,0.49122807017543857,0.00038948127244215006
2096,2096,2096,205,0.5804878048780487,0.0007003829899179015
2097,2097,2097,180,0.6777777777777778,0.0006149704301718159
2098,2098,2098,164,0.6829268292682927,0.0005603063919343212
2099,2099,2099,584,0.6284246575342466,0.001995237395668558
2100,2100,2100,151,0.6423841059602649,0.0005158918608663567
2101,2101,2101,166,0.5783132530120482,0.000567139396714008
2102,2102,2102,128,0.34375,0.00043731230589995796
2103,2103,2103,148,0.17567567567567569,0.0005056423536968264
2104,2104,2104,190,0.07894736842105263,0.0006491354540702502
2105,2105,2105,137,0.072992700729927,0.00046806082740854875
2106,2106,2106,69,0.014492753623188406,0.0002357386648991961
2107,2107,2107,61,0.09836065573770492,0.0002084066457804487
2108,2108,2108,110,0.10909090909090909,0.0003758152628827764
2109,2109,2109,231,0.2683982683982684,0.0007892120520538304
2110,2110,2110,194,0.4845360824742268,0.0006628014636296238
2111,2111,2111,159,0.6918238993710691,0.000543223879985104
2112,2112,2112,244,0.7827868852459017,0.0008336265831217948
2113,2113,2113,330,0.7696969696969697,0.001127445788648329
2114,2114,2114,196,0.6581632653061225,0.0006696344684093107
2115,2115,2115,151,0.6423841059602649,0.0005158918608663567
2116,2116,2116,165,0.6060606060606061,0.0005637228943241645
2117,2117,2117,202,0.5643564356435643,0.0006901334827483712
2118,2118,2118,305,0.5475409836065573,0.0010420332289022437
2119,2119,2119,124,0.5806451612903226,0.0004236462963405843
2120,2120,2120,97,0.4742268041237113,0.0003314007318148119
2121,2121,2121,134,0.5671641791044776,0.0004578113202390185
2122,2122,2122,8,0.375,2.7332019118747372e-05
2123,2123,2123,12,0.08333333333333333,4.099802867812106e-05
2124,2124,2124,3,0.3333333333333333,1.0249507169530265e-05
2125,2125,2125,0,0.0,0.0
2126,2126,2126,0,0.0,0.0
2127,2127,2127,0,0.0,0.0
2128,2128,2128,0,0.0,0.0
2129,2129,2129,0,0.0,0.0
2130,2130,2130,0,0.0,0.0
2131,2131,2131,0,0.0,0.0
2132,2132,2132,0,0.0,0.0
2133,2133,2133,0,0.0,0.0
2134,2134,2134,0,0.0,0.0
2135,2135,2135,0,0.0,0.0
2136,2136,2136,0,0.0,0.0
2137,2137,2137,0,0.0,0.0
2138,2138,2138,3,0.0,1.0249507169530265e-05
2139,2139,2139,37,0.2702702702702703,0.0001264105884242066
2140,2140,2140,42,0.6428571428571429,0.0001434931003734237
2141,2141,2141,73,0.7534246575342466,0.0002494046744585698
2142,2142,2142,74,0.7972972972972973,0.0002528211768484132
2143,2143,2143,46,0.7608695652173914,0.0001571591099327974
2144,2144,2144,69,0.6956521739130435,0.0002357386648991961
2145,2145,2145,118,0.6186440677966102,0.00040314728200152377
2146,2146,2146,84,0.30952380952380953,0.0002869862007468474
2147,2147,2147,100,0.21,0.0003416502389843422
2148,2148,2148,112,0.35714285714285715,0.00038264826766246324
2149,2149,2149,125,0.504,0.0004270627987304277
2150,2150,2150,89,0.5393258426966292,0.00030406871269606455
2151,2151,2151,99,0.6161616161616161,0.00033823373659449873
2152,2152,2152,68,0.5,0.00023232216250935268
2153,2153,2153,96,0.5833333333333334,0.00032798422942496847
2154,2154,2154,123,0.5691056910569106,0.00042022979395074086
2155,2155,2155,84,0.5952380952380952,0.0002869862007468474
2156,2156,2156,46,0.15217391304347827,0.0001571591099327974
2157,2157,2157,40,0.025,0.00013666009559373687
2158,2158,2158,58,0.1206896551724138,0.00019815713861091845
2159,2159,2159,64,0.1875,0.00021865615294997898
2160,2160,2160,58,0.3103448275862069,0.00019815713861091845
2161,2161,2161,122,0.5737704918032787,0.0004168132915608974
2162,2162,2162,92,0.5217391304347826,0.0003143182198655948
2163,2163,2163,97,0.5876288659793815,0.0003314007318148119
2164,2164,2164,128,0.546875,0.00043731230589995796
2165,2165,2165,102,0.37254901960784315,0.000348483243764029
2166,2166,2166,150,0.47333333333333333,0.0005124753584765132
2167,2167,2167,155,0.5161290322580645,0.0005295578704257304
2168,2168,2168,67,0.4925373134328358,0.00022890566011950924
2169,2169,2169,71,0.5492957746478874,0.00024257166967888295
2170,2170,2170,261,0.6360153256704981,0.0008917071237491331
2171,2171,2171,63,0.5714285714285714,0.00021523965056013556
2172,2172,2172,38,0.6052631578947368,0.00012982709081405002
2173,2173,2173,86,0.43023255813953487,0.0002938192055265343
2174,2174,2174,116,0.35344827586206895,0.0003963142772218369
2175,2175,2175,248,0.10483870967741936,0.0008472925926811686
2176,2176,2176,79,0.06329113924050633,0.0002699036887976303
2177,2177,2177,43,0.11627906976744186,0.00014690960276326714
2178,2178,2178,67,0.05970149253731343,0.00022890566011950924
2179,2179,2179,149,0.0738255033557047,0.0005090588560866698
2180,2180,2180,417,0.20623501199040767,0.0014246814965647068
2181,2181,2181,496,0.3407258064516129,0.0016945851853623372
2182,2182,2182,376,0.5372340425531915,0.0012846048985811266
2183,2183,2183,331,0.6888217522658611,0.0011308622910381726
2184,2184,2184,225,0.7644444444444445,0.0007687130377147699
2185,2185,2185,262,0.5381679389312977,0.0008951236261389764
2186,2186,2186,216,0.4351851851851852,0.0007379645162061791
2187,2187,2187,135,0.4222222222222222,0.00046122782262886193
2188,2188,2188,246,0.4796747967479675,0.0008404595879014817
2189,2189,2189,325,0.30153846153846153,0.001110363276699112
2190,2190,2190,126,0.23015873015873015,0.00043047930112027113
2191,2191,2191,65,0.2,0.00022207265533982242
2192,2192,2192,40,0.375,0.00013666009559373687
2193,2193,2193,13,0.15384615384615385,4.4414531067964485e-05
2194,2194,2194,37,0.05405405405405406,0.0001264105884242066
2195,2195,2195,22,0.045454545454545456,7.516305257655528e-05
2196,2196,2196,0,0.0,0.0
2197,2197,2197,0,0.0,0.0
2198,2198,2198,0,0.0,0.0
2199,2199,2199,0,0.0,0.0
2200,2200,2200,0,0.0,0.0
2201,2201,2201,0,0.0,0.0
2202,2202,2202,0,0.0,0.0
2203,2203,2203,0,0.0,0.0
2204,2204,2204,0,0.0,0.0
2205,2205,2205,0,0.0,0.0
2206,2206,2206,0,0.0,0.0
2207,2207,2207,0,0.0,0.0
2208,2208,2208,0,0.0,0.0
2209,2209,2209,1,0.0,3.4165023898434215e-06
2210,2210,2210,16,0.3125,5.4664038237494744e-05
2211,2211,2211,69,0.6086956521739131,0.0002357386648991961
2212,2212,2212,149,0.6711409395973155,0.0005090588560866698
2213,2213,2213,81,0.654320987654321,0.00027673669357731714
2214,2214,2214,57,0.8070175438596491,0.00019474063622107503
2215,2215,2215,77,0.7662337662337663,0.0002630706840179435
2216,2216,2216,114,0.7105263157894737,0.00038948127244215006
2217,2217,2217,83,0.39759036144578314,0.000283569698357004
2218,2218,2218,58,0.3275862068965517,0.00019815713861091845
2219,2219,2219,75,0.41333333333333333,0.0002562376792382566
2220,2220,2220,192,0.6614583333333334,0.0006559684588499369
2221,2221,2221,185,0.6054054054054054,0.000632052942121033
2222,2222,2222,137,0.635036496350365,0.00046806082740854875
2223,2223,2223,60,0.6666666666666666,0.0002049901433906053
2224,2224,2224,133,0.6015037593984962,0.0004543948178491751
2225,2225,2225,149,0.5436241610738255,0.0005090588560866698
2226,2226,2226,86,0.5,0.0002938192055265343
2227,2227,2227,37,0.1891891891891892,0.0001264105884242066
2228,2228,2228,45,0.17777777777777778,0.00015374260754295397
2229,2229,2229,66,0.06060606060606061,0.00022548915772966583
2230,2230,2230,108,0.19444444444444445,0.00036898225810308953
2231,2231,2231,97,0.3917525773195876,0.0003314007318148119
2232,2232,2232,112,0.5357142857142857,0.00038264826766246324
2233,2233,2233,180,0.6777777777777778,0.0006149704301718159
2234,2234,2234,162,0.654320987654321,0.0005534733871546343
2235,2235,2235,105,0.4666666666666667,0.00035873275093355927
2236,2236,2236,59,0.23728813559322035,0.00020157364100076189
2237,2237,2237,90,0.5,0.00030748521508590793
2238,2238,2238,65,0.4307692307692308,0.00022207265533982242
2239,2239,2239,18,0.2777777777777778,6.149704301718158e-05
2240,2240,2240,11,0.36363636363636365,3.758152628827764e-05
2241,2241,2241,6,0.16666666666666666,2.049901433906053e-05
2242,2242,2242,13,0.5384615384615384,4.4414531067964485e-05
2243,2243,2243,18,0.2777777777777778,6.149704301718158e-05
2244,2244,2244,55,0.18181818181818182,0.0001879076314413882
2245,2245,2245,134,0.1044776119402985,0.0004578113202390185
2246,2246,2246,144,0.14583333333333334,0.0004919763441374527
2247,2247,2247,75,0.06666666666666667,0.0002562376792382566
2248,2248,2248,93,0.08602150537634409,0.0003177347222554382
2249,2249,2249,71,0.08450704225352113,0.00024257166967888295
2250,2250,2250,111,0.04504504504504504,0.0003792317652726198
2251,2251,2251,253,0.22529644268774704,0.0008643751046303856
2252,2252,2252,293,0.2696245733788396,0.0010010352002241226
2253,2253,2253,343,0.5247813411078717,0.0011718603197162936
2254,2254,2254,327,0.6452599388379205,0.0011171962814787988
2255,2255,2255,154,0.6688311688311688,0.000526141368035887
2256,2256,2256,151,0.6423841059602649,0.0005158918608663567
2257,2257,2257,118,0.3898305084745763,0.00040314728200152377
2258,2258,2258,235,0.20425531914893616,0.000802878061613204
2259,2259,2259,248,0.3064516129032258,0.0008472925926811686
2260,2260,2260,207,0.178743961352657,0.0007072159946975883
2261,2261,2261,134,0.06716417910447761,0.0004578113202390185
2262,2262,2262,52,0.057692307692307696,0.00017765812427185794
2263,2263,2263,39,0.1282051282051282,0.00013324359320389343
2264,2264,2264,75,0.06666666666666667,0.0002562376792382566
2265,2265,2265,76,0.07894736842105263,0.00025965418162810004
2266,2266,2266,18,0.0,6.149704301718158e-05
2267,2267,2267,0,0.0,0.0
2268,2268,2268,0,0.0,0.0
2269,2269,2269,0,0.0,0.0
2270,2270,2270,0,0.0,0.0
2271,2271,2271,0,0.0,0.0
2272,2272,2272,0,0.0,0.0
2273,2273,2273,0,0.0,0.0
2274,2274,2274,0,0.0,0.0
2275,2275,2275,0,0.0,0.0
2276,2276,2276,0,0.0,0.0
2277,2277,2277,0,0.0,0.0
2278,2278,2278,0,0.0,0.0
2279,2279,2279,0,0.0,0.0
2280,2280,2280,0,0.0,0.0
2281,2281,2281,18,0.2777777777777778,6.149704301718158e-05
2282,2282,2282,54,0.48148148148148145,0.00018449112905154477
2283,2283,2283,122,0.5327868852459017,0.0004168132915608974
2284,2284,2284,136,0.7205882352941176,0.00046464432501870537
2285,2285,2285,93,0.7204301075268817,0.0003177347222554382
2286,2286,2286,116,0.8017241379310345,0.0003963142772218369
2287,2287,2287,252,0.7619047619047619,0.0008609586022405423
2288,2288,2288,80,0.525,0.00027332019118747375
2289,2289,2289,79,0.3924050632911392,0.0002699036887976303
2290,2290,2290,69,0.2318840579710145,0.0002357386648991961
2291,2291,2291,129,0.5658914728682171,0.0004407288082898014
2292,2292,2292,202,0.5,0.0006901334827483712
2293,2293,2293,134,0.5970149253731343,0.0004578113202390185
2294,2294,2294,57,0.5263157894736842,0.00019474063622107503
2295,2295,2295,25,0.64,8.541255974608554e-05
2296,2296,2296,87,0.4942528735632184,0.00029723570791637767
2297,2297,2297,83,0.3614457831325301,0.000283569698357004
2298,2298,2298,38,0.2894736842105263,0.00012982709081405002
2299,2299,2299,61,0.11475409836065574,0.0002084066457804487
2300,2300,2300,172,0.12790697674418605,0.0005876384110530686
2301,2301,2301,135,0.21481481481481482,0.00046122782262886193
2302,2302,2302,131,0.3816793893129771,0.0004475618130694882
2303,2303,2303,238,0.5798319327731093,0.0008131275687827343
2304,2304,2304,206,0.6650485436893204,0.0007037994923077449
2305,2305,2305,161,0.5962732919254659,0.0005500568847647909
2306,2306,2306,164,0.4634146341463415,0.0005603063919343212
2307,2307,2307,94,0.3723404255319149,0.00032115122464528164
2308,2308,2308,50,0.54,0.0001708251194921711
2309,2309,2309,12,0.3333333333333333,4.099802867812106e-05
2310,2310,2310,7,0.14285714285714285,2.3915516728903952e-05
2311,2311,2311,8,0.25,2.7332019118747372e-05
2312,2312,2312,8,0.125,2.7332019118747372e-05
2313,2313,2313,17,0.47058823529411764,5.808054062733817e-05
2314,2314,2314,29,0.3103448275862069,9.907856930545922e-05
2315,2315,2315,38,0.13157894736842105,0.00012982709081405002
2316,2316,2316,61,0.03278688524590164,0.0002084066457804487
2317,2317,2317,50,0.06,0.0001708251194921711
2318,2318,2318,76,0.039473684210526314,0.00025965418162810004
2319,2319,2319,74,0.02702702702702703,0.0002528211768484132
2320,2320,2320,63,0.06349206349206349,0.00021523965056013556
2321,2321,2321,34,0.08823529411764706,0.00011616108125467634
2322,2322,2322,45,0.06666666666666667,0.00015374260754295397
2323,2323,2323,70,0.15714285714285714,0.0002391551672890395
2324,2324,2324,170,0.37058823529411766,0.0005808054062733817
2325,2325,2325,99,0.5656565656565656,0.00033823373659449873
2326,2326,2326,72,0.6527777777777778,0.00024598817206872634
2327,2327,2327,50,0.52,0.0001708251194921711
2328,2328,2328,53,0.39622641509433965,0.00018107462666170135
2329,2329,2329,223,0.17488789237668162,0.0007618800329350831
2330,2330,2330,204,0.28431372549019607,0.000696966487528058
2331,2331,2331,134,0.17164179104477612,0.0004578113202390185
2332,2332,2332,153,0.06535947712418301,0.0005227248656460435
2333,2333,2333,133,0.09022556390977443,0.0004543948178491751
2334,2334,2334,89,0.033707865168539325,0.00030406871269606455
2335,2335,2335,67,0.07462686567164178,0.00022890566011950924
2336,2336,2336,42,0.0,0.0001434931003734237
2337,2337,2337,15,0.06666666666666667,5.1247535847651325e-05
2338,2338,2338,0,0.0,0.0
2339,2339,2339,0,0.0,0.0
2340,2340,2340,0,0.0,0.0
2341,2341,2341,0,0.0,0.0
2342,2342,2342,0,0.0,0.0
2343,2343,2343,0,0.0,0.0
2344,2344,2344,0,0.0,0.0
2345,2345,2345,0,0.0,0.0
2346,2346,2346,0,0.0,0.0
2347,2347,2347,0,0.0,0.0
2348,2348,2348,0,0.0,0.0
2349,2349,2349,0,0.0,0.0
2350,2350,2350,0,0.0,0.0
2351,2351,2351,0,0.0,0.0
2352,2352,2352,30,0.1,0.00010249507169530265
2353,2353,2353,53,0.2830188679245283,0.00018107462666170135
2354,2354,2354,93,0.5161290322580645,0.0003177347222554382
2355,2355,2355,105,0.6285714285714286,0.00035873275093355927
2356,2356,2356,78,0.7564102564102564,0.00026648718640778687
2357,2357,2357,98,0.8061224489795918,0.00033481723420465535
2358,2358,2358,123,0.7317073170731707,0.00042022979395074086
2359,2359,2359,259,0.5405405405405406,0.0008848741189694462
2360,2360,2360,83,0.43373493975903615,0.000283569698357004
2361,2361,2361,64,0.125,0.00021865615294997898
2362,2362,2362,74,0.28378378378378377,0.0002528211768484132
2363,2363,2363,120,0.44166666666666665,0.0004099802867812106
2364,2364,2364,122,0.38524590163934425,0.0004168132915608974
2365,2365,2365,116,0.5086206896551724,0.0003963142772218369
2366,2366,2366,71,0.5633802816901409,0.00024257166967888295
2367,2367,2367,148,0.5337837837837838,0.0005056423536968264
2368,2368,2368,88,0.4090909090909091,0.0003006522103062211
2369,2369,2369,33,0.15151515151515152,0.00011274457886483292
2370,2370,2370,44,0.06818181818181818,0.00015032610515311055
2371,2371,2371,168,0.13690476190476192,0.0005739724014936948
2372,2372,2372,110,0.18181818181818182,0.0003758152628827764
2373,2373,2373,155,0.33548387096774196,0.0005295578704257304
2374,2374,2374,253,0.4782608695652174,0.0008643751046303856
2375,2375,2375,181,0.39226519337016574,0.0006183869325616594
2376,2376,2376,158,0.6265822784810127,0.0005398073775952606
2377,2377,2377,113,0.48672566371681414,0.0003860647700523067
2378,2378,2378,81,0.41975308641975306,0.00027673669357731714
2379,2379,2379,89,0.4606741573033708,0.00030406871269606455
2380,2380,2380,19,0.2631578947368421,6.491354540702501e-05
2381,2381,2381,10,0.3,3.416502389843422e-05
2382,2382,2382,10,0.0,3.416502389843422e-05
2383,2383,2383,12,0.08333333333333333,4.099802867812106e-05
2384,2384,2384,14,0.21428571428571427,4.7831033457807905e-05
2385,2385,2385,19,0.15789473684210525,6.491354540702501e-05
2386,2386,2386,31,0.2903225806451613,0.00010591157408514608
2387,2387,2387,25,0.04,8.541255974608554e-05
2388,2388,2388,30,0.13333333333333333,0.00010249507169530265
2389,2389,2389,58,0.017241379310344827,0.00019815713861091845
2390,2390,2390,104,0.038461538461538464,0.0003553162485437159
2391,2391,2391,32,0.0,0.00010932807647498949
2392,2392,2392,16,0.0625,5.4664038237494744e-05
2393,2393,2393,43,0.09302325581395349,0.00014690960276326714
2394,2394,2394,37,0.35135135135135137,0.0001264105884242066
2395,2395,2395,61,0.4098360655737705,0.0002084066457804487
2396,2396,2396,23,0.2608695652173913,7.85795549663987e-05
2397,2397,2397,25,0.44,8.541255974608554e-05
2398,2398,2398,15,0.4,5.1247535847651325e-05
2399,2399,2399,17,0.23529411764705882,5.808054062733817e-05
2400,2400,2400,75,0.09333333333333334,0.0002562376792382566
2401,2401,2401,87,0.16091954022988506,0.00029723570791637767
2402,2402,2402,72,0.125,0.00024598817206872634
2403,2403,2403,123,0.13821138211382114,0.00042022979395074086
2404,2404,2404,109,0.11009174311926606,0.00037239876049293297
2405,2405,2405,32,0.0,0.00010932807647498949
2406,2406,2406,39,0.07692307692307693,0.00013324359320389343
2407,2407,2407,23,0.043478260869565216,7.85795549663987e-05
2408,2408,2408,8,0.125,2.7332019118747372e-05
2409,2409,2409,0,0.0,0.0
2410,2410,2410,0,0.0,0.0
2411,2411,2411,1,0.0,3.4165023898434215e-06
2412,2412,2412,11,0.0,3.758152628827764e-05
2413,2413,2413,2,0.0,6.833004779686843e-06
2414,2414,2414,0,0.0,0.0
2415,2415,2415,0,0.0,0.0
2416,2416,2416,0,0.0,0.0
2417,2417,2417,0,0.0,0.0
2418,2418,2418,0,0.0,0.0
2419,2419,2419,0,0.0,0.0
2420,2420,2420,0,0.0,0.0
2421,2421,2421,0,0.0,0.0
2422,2422,2422,0,0.0,0.0
2423,2423,2423,2,0.0,6.833004779686843e-06
2424,2424,2424,36,0.2777777777777778,0.00012299408603436317
2425,2425,2425,119,0.36134453781512604,0.00040656378439136716
2426,2426,2426,102,0.39215686274509803,0.000348483243764029
2427,2427,2427,86,0.5465116279069767,0.0002938192055265343
2428,2428,2428,120,0.7083333333333334,0.0004099802867812106
2429,2429,2429,109,0.6697247706422018,0.00037239876049293297
2430,2430,2430,72,0.5555555555555556,0.00024598817206872634
2431,2431,2431,72,0.25,0.00024598817206872634
2432,2432,2432,140,0.21428571428571427,0.000478310334578079
2433,2433,2433,59,0.3050847457627119,0.00020157364100076189
2434,2434,2434,82,0.36585365853658536,0.0002801531959671606
2435,2435,2435,95,0.22105263157894736,0.0003245677270351251
2436,2436,2436,97,0.44329896907216493,0.0003314007318148119
2437,2437,2437,59,0.2711864406779661,0.00020157364100076189
2438,2438,2438,172,0.3430232558139535,0.0005876384110530686
2439,2439,2439,90,0.3,0.00030748521508590793
2440,2440,2440,31,0.06451612903225806,0.00010591157408514608
2441,2441,2441,70,0.14285714285714285,0.0002391551672890395
2442,2442,2442,146,0.23972602739726026,0.0004988093489171396
2443,2443,2443,104,0.27884615384615385,0.0003553162485437159
2444,2444,2444,111,0.3153153153153153,0.0003792317652726198
2445,2445,2445,171,0.32748538011695905,0.0005842219086632251
2446,2446,2446,210,0.4,0.0007174655018671185
2447,2447,2447,125,0.4,0.0004270627987304277
2448,2448,2448,84,0.5833333333333334,0.0002869862007468474
2449,2449,2449,210,0.6952380952380952,0.0007174655018671185
2450,2450,2450,155,0.6193548387096774,0.0005295578704257304
2451,2451,2451,45,0.4888888888888889,0.00015374260754295397
2452,2452,2452,39,0.2564102564102564,0.00013324359320389343
2453,2453,2453,7,0.5714285714285714,2.3915516728903952e-05
2454,2454,2454,4,0.0,1.3666009559373686e-05
2455,2455,2455,15,0.13333333333333333,5.1247535847651325e-05
2456,2456,2456,38,0.05263157894736842,0.00012982709081405002
2457,2457,2457,65,0.09230769230769231,0.00022207265533982242
2458,2458,2458,34,0.17647058823529413,0.00011616108125467634
2459,2459,2459,20,0.2,6.833004779686844e-05
2460,2460,2460,32,0.03125,0.00010932807647498949
2461,2461,2461,61,0.06557377049180328,0.0002084066457804487
2462,2462,2462,32,0.0,0.00010932807647498949
2463,2463,2463,25,0.04,8.541255974608554e-05
2464,2464,2464,33,0.09090909090909091,0.00011274457886483292
2465,2465,2465,18,0.2777777777777778,6.149704301718158e-05
2466,2466,2466,3,0.0,1.0249507169530265e-05
2467,2467,2467,2,0.0,6.833004779686843e-06
2468,2468,2468,9,0.3333333333333333,3.074852150859079e-05
2469,2469,2469,4,0.25,1.3666009559373686e-05
2470,2470,2470,14,0.0,4.7831033457807905e-05
2471,2471,2471,78,0.07692307692307693,0.00026648718640778687
2472,2472,2472,125,0.04,0.0004270627987304277
2473,2473,2473,49,0.22448979591836735,0.00016740861710232767
2474,2474,2474,50,0.24,0.0001708251194921711
2475,2475,2475,64,0.109375,0.00021865615294997898
2476,2476,2476,14,0.0,4.7831033457807905e-05
2477,2477,2477,3,0.0,1.0249507169530265e-05
2478,2478,2478,13,0.07692307692307693,4.4414531067964485e-05
2479,2479,2479,18,0.0,6.149704301718158e-05
2480,2480,2480,19,0.05263157894736842,6.491354540702501e-05
2481,2481,2481,11,0.0,3.758152628827764e-05
2482,2482,2482,17,0.0,5.808054062733817e-05
2483,2483,2483,39,0.0,0.00013324359320389343
2484,2484,2484,6,0.0,2.049901433906053e-05
2485,2485,2485,0,0.0,0.0
2486,2486,2486,0,0.0,0.0
2487,2487,2487,0,0.0,0.0
2488,2488,2488,0,0.0,0.0
2489,2489,2489,0,0.0,0.0
2490,2490,2490,0,0.0,0.0
2491,2491,2491,0,0.0,0.0
2492,2492,2492,0,0.0,0.0
2493,2493,2493,0,0.0,0.0
2494,2494,2494,7,0.2857142857142857,2.3915516728903952e-05
2495,2495,2495,69,0.2028985507246377,0.0002357386648991961
2496,2496,2496,105,0.2761904761904762,0.00035873275093355927
2497,2497,2497,89,0.1797752808988764,0.00030406871269606455
2498,2498,2498,67,0.43283582089552236,0.00022890566011950924
2499,2499,2499,48,0.4791666666666667,0.00016399211471248423
2500,2500,2500,49,0.6122448979591837,0.00016740861710232767
2501,2501,2501,41,0.5609756097560976,0.0001400765979835803
2502,2502,2502,24,0.375,8.199605735624212e-05
2503,2503,2503,53,0.4716981132075472,0.00018107462666170135
2504,2504,2504,128,0.515625,0.00043731230589995796
2505,2505,2505,115,0.5652173913043478,0.0003928977748319935
2506,2506,2506,93,0.24731182795698925,0.0003177347222554382
2507,2507,2507,148,0.49324324324324326,0.0005056423536968264
2508,2508,2508,179,0.329608938547486,0.0006115539277819725
2509,2509,2509,164,0.20121951219512196,0.0005603063919343212
2510,2510,2510,99,0.15151515151515152,0.00033823373659449873
2511,2511,2511,23,0.17391304347826086,7.85795549663987e-05
2512,2512,2512,81,0.43209876543209874,0.00027673669357731714
2513,2513,2513,204,0.35294117647058826,0.000696966487528058
2514,2514,2514,141,0.425531914893617,0.00048172683696792246
2515,2515,2515,294,0.7074829931972789,0.0010044517026139659
2516,2516,2516,249,0.5582329317269076,0.000850709095071012
2517,2517,2517,100,0.53,0.0003416502389843422
2518,2518,2518,89,0.5168539325842697,0.00030406871269606455
2519,2519,2519,137,0.6934306569343066,0.00046806082740854875
2520,2520,2520,251,0.7250996015936255,0.0008575420998506989
2521,2521,2521,174,0.6896551724137931,0.0005944714158327553
2522,2522,2522,137,0.635036496350365,0.00046806082740854875
2523,2523,2523,25,0.24,8.541255974608554e-05
2524,2524,2524,13,0.15384615384615385,4.4414531067964485e-05
2525,2525,2525,8,0.125,2.7332019118747372e-05
2526,2526,2526,15,0.0,5.1247535847651325e-05
2527,2527,2527,59,0.1016949152542373,0.00020157364100076189
2528,2528,2528,44,0.06818181818181818,0.00015032610515311055
2529,2529,2529,39,0.02564102564102564,0.00013324359320389343
2530,2530,2530,46,0.021739130434782608,0.0001571591099327974
2531,2531,2531,17,0.058823529411764705,5.808054062733817e-05
2532,2532,2532,2,0.0,6.833004779686843e-06
2533,2533,2533,21,0.0,7.174655018671185e-05
2534,2534,2534,40,0.1,0.00013666009559373687
2535,2535,2535,24,0.041666666666666664,8.199605735624212e-05
2536,2536,2536,38,0.10526315789473684,0.00012982709081405002
2537,2537,2537,27,0.1111111111111111,9.224556452577238e-05
2538,2538,2538,4,0.0,1.3666009559373686e-05
2539,2539,2539,11,0.18181818181818182,3.758152628827764e-05
2540,2540,2540,3,0.0,1.0249507169530265e-05
2541,2541,2541,13,0.0,4.4414531067964485e-05
2542,2542,2542,45,0.08888888888888889,0.00015374260754295397
2543,2543,2543,64,0.046875,0.00021865615294997898
2544,2544,2544,21,0.14285714285714285,7.174655018671185e-05
2545,2545,2545,43,0.5116279069767442,0.00014690960276326714
2546,2546,2546,17,0.23529411764705882,5.808054062733817e-05
2547,2547,2547,10,0.1,3.416502389843422e-05
2548,2548,2548,2,0.0,6.833004779686843e-06
2549,2549,2549,12,0.3333333333333333,4.099802867812106e-05
2550,2550,2550,26,0.07692307692307693,8.882906213592897e-05
2551,2551,2551,33,0.030303030303030304,0.00011274457886483292
2552,2552,2552,13,0.07692307692307693,4.4414531067964485e-05
2553,2553,2553,21,0.0,7.174655018671185e-05
2554,2554,2554,14,0.14285714285714285,4.7831033457807905e-05
2555,2555,2555,0,0.0,0.0
2556,2556,2556,0,0.0,0.0
2557,2557,2557,0,0.0,0.0
2558,2558,2558,0,0.0,0.0
2559,2559,2559,0,0.0,0.0
2560,2560,2560,0,0.0,0.0
2561,2561,2561,0,0.0,0.0
2562,2562,2562,0,0.0,0.0
2563,2563,2563,0,0.0,0.0
2564,2564,2564,0,0.0,0.0
2565,2565,2565,20,0.1,6.833004779686844e-05
2566,2566,2566,173,0.21965317919075145,0.000591054913442912
2567,2567,2567,234,0.41452991452991456,0.0007994615592233607
2568,2568,2568,67,0.6268656716417911,0.00022890566011950924
2569,2569,2569,17,0.47058823529411764,5.808054062733817e-05
2570,2570,2570,52,0.75,0.00017765812427185794
2571,2571,2571,148,0.8040540540540541,0.0005056423536968264
2572,2572,2572,141,0.75177304964539,0.00048172683696792246
2573,2573,2573,59,0.5932203389830508,0.00020157364100076189
2574,2574,2574,69,0.5507246376811594,0.0002357386648991961
2575,2575,2575,162,0.5925925925925926,0.0005534733871546343
2576,2576,2576,220,0.6409090909090909,0.0007516305257655528
2577,2577,2577,135,0.6444444444444445,0.00046122782262886193
2578,2578,2578,146,0.6712328767123288,0.0004988093489171396
2579,2579,2579,260,0.4230769230769231,0.0008882906213592897
2580,2580,2580,207,0.47342995169082125,0.0007072159946975883
2581,2581,2581,70,0.38571428571428573,0.0002391551672890395
2582,2582,2582,22,0.18181818181818182,7.516305257655528e-05
2583,2583,2583,74,0.4594594594594595,0.0002528211768484132
2584,2584,2584,163,0.5276073619631901,0.0005568898895444778
2585,2585,2585,80,0.65,0.00027332019118747375
2586,2586,2586,194,0.7010309278350515,0.0006628014636296238
2587,2587,2587,261,0.6168582375478927,0.0008917071237491331
2588,2588,2588,441,0.7188208616780045,0.001506677553920949
2589,2589,2589,261,0.6666666666666666,0.0008917071237491331
2590,2590,2590,221,0.6787330316742082,0.0007550470281553962
2591,2591,2591,291,0.6701030927835051,0.0009942021954444356
2592,2592,2592,222,0.6711711711711712,0.0007584635305452396
2593,2593,2593,184,0.6739130434782609,0.0006286364397311896
2594,2594,2594,91,0.5274725274725275,0.0003109017174757514
2595,2595,2595,56,0.2857142857142857,0.00019132413383123162
2596,2596,2596,52,0.057692307692307696,0.00017765812427185794
2597,2597,2597,37,0.05405405405405406,0.0001264105884242066
2598,2598,2598,78,0.05128205128205128,0.00026648718640778687
2599,2599,2599,56,0.16071428571428573,0.00019132413383123162
2600,2600,2600,63,0.015873015873015872,0.00021523965056013556
2601,2601,2601,47,0.02127659574468085,0.00016057561232264082
2602,2602,2602,36,0.027777777777777776,0.00012299408603436317
2603,2603,2603,23,0.043478260869565216,7.85795549663987e-05
2604,2604,2604,8,0.0,2.7332019118747372e-05
2605,2605,2605,9,0.0,3.074852150859079e-05
2606,2606,2606,6,0.0,2.049901433906053e-05
2607,2607,2607,20,0.1,6.833004779686844e-05
2608,2608,2608,21,0.09523809523809523,7.174655018671185e-05
2609,2609,2609,4,0.0,1.3666009559373686e-05
2610,2610,2610,13,0.15384615384615385,4.4414531067964485e-05
2611,2611,2611,27,0.0,9.224556452577238e-05
2612,2612,2612,48,0.08333333333333333,0.00016399211471248423
2613,2613,2613,40,0.175,0.00013666009559373687
2614,2614,2614,21,0.047619047619047616,7.174655018671185e-05
2615,2615,2615,8,0.375,2.7332019118747372e-05
2616,2616,2616,8,0.625,2.7332019118747372e-05
2617,2617,2617,15,0.8,5.1247535847651325e-05
2618,2618,2618,19,0.5789473684210527,6.491354540702501e-05
2619,2619,2619,21,0.42857142857142855,7.174655018671185e-05
2620,2620,2620,13,0.23076923076923078,4.4414531067964485e-05
2621,2621,2621,28,0.35714285714285715,9.566206691561581e-05
2622,2622,2622,59,0.11864406779661017,0.00020157364100076189
2623,2623,2623,56,0.10714285714285714,0.00019132413383123162
2624,2624,2624,55,0.03636363636363636,0.0001879076314413882
2625,2625,2625,24,0.041666666666666664,8.199605735624212e-05
2626,2626,2626,3,0.0,1.0249507169530265e-05
2627,2627,2627,0,0.0,0.0
2628,2628,2628,0,0.0,0.0
2629,2629,2629,0,0.0,0.0
2630,2630,2630,0,0.0,0.0
2631,2631,2631,0,0.0,0.0
2632,2632,2632,0,0.0,0.0
2633,2633,2633,0,0.0,0.0
2634,2634,2634,0,0.0,0.0
2635,2635,2635,0,0.0,0.0
2636,2636,2636,5,0.0,1.708251194921711e-05
2637,2637,2637,111,0.2702702702702703,0.0003792317652726198
2638,2638,2638,193,0.38341968911917096,0.0006593849612397804
2639,2639,2639,119,0.5462184873949579,0.00040656378439136716
2640,2640,2640,85,0.6823529411764706,0.00029040270313669084
2641,2641,2641,65,0.6615384615384615,0.00022207265533982242
2642,2642,2642,131,0.6946564885496184,0.0004475618130694882
2643,2643,2643,137,0.6715328467153284,0.00046806082740854875
2644,2644,2644,66,0.5151515151515151,0.00022548915772966583
2645,2645,2645,52,0.5769230769230769,0.00017765812427185794
2646,2646,2646,85,0.7058823529411765,0.00029040270313669084
2647,2647,2647,166,0.6867469879518072,0.000567139396714008
2648,2648,2648,256,0.6796875,0.0008746246117999159
2649,2649,2649,196,0.6938775510204082,0.0006696344684093107
2650,2650,2650,71,0.5915492957746479,0.00024257166967888295
2651,2651,2651,112,0.5892857142857143,0.00038264826766246324
2652,2652,2652,61,0.4262295081967213,0.0002084066457804487
2653,2653,2653,41,0.4634146341463415,0.0001400765979835803
2654,2654,2654,168,0.5833333333333334,0.0005739724014936948
2655,2655,2655,375,0.7546666666666667,0.001281188396191283
2656,2656,2656,113,0.7168141592920354,0.0003860647700523067
2657,2657,2657,126,0.7619047619047619,0.00043047930112027113
2658,2658,2658,683,0.46266471449487556,0.002333471132263057
2659,2659,2659,549,0.4207650273224044,0.0018756598120240385
2660,2660,2660,176,0.4772727272727273,0.0006013044206124422
2661,2661,2661,235,0.6553191489361702,0.000802878061613204
2662,2662,2662,200,0.545,0.0006833004779686843
2663,2663,2663,132,0.49242424242424243,0.00045097831545933166
2664,2664,2664,166,0.6024096385542169,0.000567139396714008
2665,2665,2665,149,0.5033557046979866,0.0005090588560866698
2666,2666,2666,68,0.25,0.00023232216250935268
2667,2667,2667,45,0.13333333333333333,0.00015374260754295397
2668,2668,2668,82,0.012195121951219513,0.0002801531959671606
2669,2669,2669,82,0.07317073170731707,0.0002801531959671606
2670,2670,2670,61,0.06557377049180328,0.0002084066457804487
2671,2671,2671,70,0.05714285714285714,0.0002391551672890395
2672,2672,2672,41,0.12195121951219512,0.0001400765979835803
2673,2673,2673,24,0.041666666666666664,8.199605735624212e-05
2674,2674,2674,9,0.0,3.074852150859079e-05
2675,2675,2675,2,0.0,6.833004779686843e-06
2676,2676,2676,3,0.0,1.0249507169530265e-05
2677,2677,2677,6,0.0,2.049901433906053e-05
2678,2678,2678,2,0.0,6.833004779686843e-06
2679,2679,2679,11,0.0,3.758152628827764e-05
2680,2680,2680,1,0.0,3.4165023898434215e-06
2681,2681,2681,7,0.0,2.3915516728903952e-05
2682,2682,2682,20,0.2,6.833004779686844e-05
2683,2683,2683,70,0.1,0.0002391551672890395
2684,2684,2684,57,0.24561403508771928,0.00019474063622107503
2685,2685,2685,23,0.5652173913043478,7.85795549663987e-05
2686,2686,2686,8,0.5,2.7332019118747372e-05
2687,2687,2687,14,0.6428571428571429,4.7831033457807905e-05
2688,2688,2688,36,0.7222222222222222,0.00012299408603436317
2689,2689,2689,76,0.6842105263157895,0.00025965418162810004
2690,2690,2690,82,0.6463414634146342,0.0002801531959671606
2691,2691,2691,53,0.6792452830188679,0.00018107462666170135
2692,2692,2692,77,0.5714285714285714,0.0002630706840179435
2693,2693,2693,118,0.3305084745762712,0.00040314728200152377
2694,2694,2694,57,0.08771929824561403,0.00019474063622107503
2695,2695,2695,59,0.03389830508474576,0.00020157364100076189
2696,2696,2696,28,0.10714285714285714,9.566206691561581e-05
2697,2697,2697,2,0.0,6.833004779686843e-06
2698,2698,2698,0,0.0,0.0
2699,2699,2699,0,0.0,0.0
2700,2700,2700,0,0.0,0.0
2701,2701,2701,0,0.0,0.0
2702,2702,2702,0,0.0,0.0
2703,2703,2703,0,0.0,0.0
2704,2704,2704,0,0.0,0.0
2705,2705,2705,0,0.0,0.0
2706,2706,2706,0,0.0,0.0
2707,2707,2707,0,0.0,0.0
2708,2708,2708,13,0.23076923076923078,4.4414531067964485e-05
2709,2709,2709,108,0.3611111111111111,0.00036898225810308953
2710,2710,2710,195,0.40512820512820513,0.0006662179660194672
2711,2711,2711,94,0.574468085106383,0.00032115122464528164
2712,2712,2712,52,0.5192307692307693,0.00017765812427185794
2713,2713,2713,82,0.6829268292682927,0.0002801531959671606
2714,2714,2714,120,0.5333333333333333,0.0004099802867812106
2715,2715,2715,86,0.6162790697674418,0.0002938192055265343
2716,2716,2716,109,0.6146788990825688,0.00037239876049293297
2717,2717,2717,96,0.5104166666666666,0.00032798422942496847
2718,2718,2718,102,0.5294117647058824,0.000348483243764029
2719,2719,2719,121,0.6776859504132231,0.00041339678917105404
2720,2720,2720,73,0.8356164383561644,0.0002494046744585698
2721,2721,2721,20,0.55,6.833004779686844e-05
2722,2722,2722,65,0.6153846153846154,0.00022207265533982242
2723,2723,2723,97,0.36082474226804123,0.0003314007318148119
2724,2724,2724,117,0.48717948717948717,0.00039973077961168033
2725,2725,2725,137,0.6277372262773723,0.00046806082740854875
2726,2726,2726,307,0.7296416938110749,0.0010488662336819304
2727,2727,2727,246,0.7560975609756098,0.0008404595879014817
2728,2728,2728,157,0.6305732484076433,0.0005363908752054172
2729,2729,2729,198,0.48484848484848486,0.0006764674731889975
2730,2730,2730,138,0.391304347826087,0.0004714773297983922
2731,2731,2731,178,0.38202247191011235,0.0006081374253921291
2732,2732,2732,235,0.502127659574468,0.000802878061613204
2733,2733,2733,212,0.33490566037735847,0.0007242985066468054
2734,2734,2734,90,0.18888888888888888,0.00030748521508590793
2735,2735,2735,155,0.432258064516129,0.0005295578704257304
2736,2736,2736,70,0.24285714285714285,0.0002391551672890395
2737,2737,2737,46,0.08695652173913043,0.0001571591099327974
2738,2738,2738,58,0.10344827586206896,0.00019815713861091845
2739,2739,2739,85,0.08235294117647059,0.00029040270313669084
2740,2740,2740,57,0.03508771929824561,0.00019474063622107503
2741,2741,2741,53,0.05660377358490566,0.00018107462666170135
2742,2742,2742,32,0.03125,0.00010932807647498949
2743,2743,2743,44,0.06818181818181818,0.00015032610515311055
2744,2744,2744,29,0.1724137931034483,9.907856930545922e-05
2745,2745,2745,18,0.0,6.149704301718158e-05
2746,2746,2746,11,0.0,3.758152628827764e-05
2747,2747,2747,5,0.0,1.708251194921711e-05
2748,2748,2748,3,0.0,1.0249507169530265e-05
2749,2749,2749,6,0.0,2.049901433906053e-05
2750,2750,2750,6,0.16666666666666666,2.049901433906053e-05
2751,2751,2751,2,0.0,6.833004779686843e-06
2752,2752,2752,9,0.1111111111111111,3.074852150859079e-05
2753,2753,2753,15,0.13333333333333333,5.1247535847651325e-05
2754,2754,2754,59,0.11864406779661017,0.00020157364100076189
2755,2755,2755,90,0.4666666666666667,0.00030748521508590793
2756,2756,2756,53,0.6037735849056604,0.00018107462666170135
2757,2757,2757,43,0.5813953488372093,0.00014690960276326714
2758,2758,2758,51,0.7058823529411765,0.0001742416218820145
2759,2759,2759,47,0.5319148936170213,0.00016057561232264082
2760,2760,2760,84,0.7142857142857143,0.0002869862007468474
2761,2761,2761,75,0.6666666666666666,0.0002562376792382566
2762,2762,2762,60,0.5833333333333334,0.0002049901433906053
2763,2763,2763,84,0.5119047619047619,0.0002869862007468474
2764,2764,2764,79,0.2911392405063291,0.0002699036887976303
2765,2765,2765,51,0.0784313725490196,0.0001742416218820145
2766,2766,2766,35,0.02857142857142857,0.00011957758364451976
2767,2767,2767,12,0.0,4.099802867812106e-05
2768,2768,2768,0,0.0,0.0
2769,2769,2769,0,0.0,0.0
2770,2770,2770,0,0.0,0.0
2771,2771,2771,0,0.0,0.0
2772,2772,2772,0,0.0,0.0
2773,2773,2773,0,0.0,0.0
2774,2774,2774,0,0.0,0.0
2775,2775,2775,0,0.0,0.0
2776,2776,2776,0,0.0,0.0
2777,2777,2777,0,0.0,0.0
2778,2778,2778,0,0.0,0.0
2779,2779,2779,0,0.0,0.0
2780,2780,2780,36,0.25,0.00012299408603436317
2781,2781,2781,110,0.33636363636363636,0.0003758152628827764
2782,2782,2782,74,0.47297297297297297,0.0002528211768484132
2783,2783,2783,57,0.45614035087719296,0.00019474063622107503
2784,2784,2784,53,0.3018867924528302,0.00018107462666170135
2785,2785,2785,103,0.3300970873786408,0.00035189974615387244
2786,2786,2786,99,0.46464646464646464,0.00033823373659449873
2787,2787,2787,112,0.48214285714285715,0.00038264826766246324
2788,2788,2788,188,0.4308510638297872,0.0006423024492905633
2789,2789,2789,157,0.35668789808917195,0.0005363908752054172
2790,2790,2790,52,0.5384615384615384,0.00017765812427185794
2791,2791,2791,49,0.6122448979591837,0.00016740861710232767
2792,2792,2792,37,0.7567567567567568,0.0001264105884242066
2793,2793,2793,41,0.7317073170731707,0.0001400765979835803
2794,2794,2794,29,0.5172413793103449,9.907856930545922e-05
2795,2795,2795,47,0.44680851063829785,0.00016057561232264082
2796,2796,2796,147,0.6870748299319728,0.0005022258513069829
2797,2797,2797,487,0.7371663244353183,0.0016638366638537464
2798,2798,2798,295,0.6440677966101694,0.0010078682050038094
2799,2799,2799,238,0.6512605042016807,0.0008131275687827343
2800,2800,2800,168,0.6071428571428571,0.0005739724014936948
2801,2801,2801,203,0.4236453201970443,0.0006935499851382146
2802,2802,2802,235,0.37446808510638296,0.000802878061613204
2803,2803,2803,536,0.4962686567164179,0.001831245280956074
2804,2804,2804,341,0.39002932551319647,0.0011650273149366069
2805,2805,2805,165,0.19393939393939394,0.0005637228943241645
2806,2806,2806,142,0.19718309859154928,0.0004851433393577659
2807,2807,2807,39,0.10256410256410256,0.00013324359320389343
2808,2808,2808,23,0.043478260869565216,7.85795549663987e-05
2809,2809,2809,41,0.21951219512195122,0.0001400765979835803
2810,2810,2810,93,0.06451612903225806,0.0003177347222554382
2811,2811,2811,89,0.0898876404494382,0.00030406871269606455
2812,2812,2812,62,0.03225806451612903,0.00021182314817029215
2813,2813,2813,42,0.023809523809523808,0.0001434931003734237
2814,2814,2814,24,0.0,8.199605735624212e-05
2815,2815,2815,32,0.03125,0.00010932807647498949
2816,2816,2816,27,0.037037037037037035,9.224556452577238e-05
2817,2817,2817,16,0.125,5.4664038237494744e-05
2818,2818,2818,15,0.0,5.1247535847651325e-05
2819,2819,2819,14,0.07142857142857142,4.7831033457807905e-05
2820,2820,2820,8,0.0,2.7332019118747372e-05
2821,2821,2821,8,0.0,2.7332019118747372e-05
2822,2822,2822,7,0.14285714285714285,2.3915516728903952e-05
2823,2823,2823,11,0.09090909090909091,3.758152628827764e-05
2824,2824,2824,20,0.3,6.833004779686844e-05
2825,2825,2825,46,0.391304347826087,0.0001571591099327974
2826,2826,2826,101,0.5544554455445545,0.0003450667413741856
2827,2827,2827,49,0.6938775510204082,0.00016740861710232767
2828,2828,2828,53,0.5660377358490566,0.00018107462666170135
2829,2829,2829,53,0.7547169811320755,0.00018107462666170135
2830,2830,2830,23,0.8695652173913043,7.85795549663987e-05
2831,2831,2831,50,0.52,0.0001708251194921711
2832,2832,2832,38,0.5526315789473685,0.00012982709081405002
2833,2833,2833,26,0.6153846153846154,8.882906213592897e-05
2834,2834,2834,15,0.26666666666666666,5.1247535847651325e-05
2835,2835,2835,3,0.0,1.0249507169530265e-05
2836,2836,2836,20,0.1,6.833004779686844e-05
2837,2837,2837,19,0.0,6.491354540702501e-05
2838,2838,2838,3,0.0,1.0249507169530265e-05
2839,2839,2839,0,0.0,0.0
2840,2840,2840,0,0.0,0.0
2841,2841,2841,0,0.0,0.0
2842,2842,2842,0,0.0,0.0
2843,2843,2843,0,0.0,0.0
2844,2844,2844,0,0.0,0.0
2845,2845,2845,0,0.0,0.0
2846,2846,2846,0,0.0,0.0
2847,2847,2847,0,0.0,0.0
2848,2848,2848,0,0.0,0.0
2849,2849,2849,0,0.0,0.0
2850,2850,2850,0,0.0,0.0
2851,2851,2851,0,0.0,0.0
2852,2852,2852,28,0.39285714285714285,9.566206691561581e-05
2853,2853,2853,103,0.36893203883495146,0.00035189974615387244
2854,2854,2854,106,0.44339622641509435,0.0003621492533234027
2855,2855,2855,93,0.12903225806451613,0.0003177347222554382
2856,2856,2856,94,0.1702127659574468,0.00032115122464528164
2857,2857,2857,122,0.4180327868852459,0.0004168132915608974
2858,2858,2858,91,0.43956043956043955,0.0003109017174757514
2859,2859,2859,115,0.22608695652173913,0.0003928977748319935
2860,2860,2860,69,0.2028985507246377,0.0002357386648991961
2861,2861,2861,28,0.21428571428571427,9.566206691561581e-05
2862,2862,2862,42,0.35714285714285715,0.0001434931003734237
2863,2863,2863,64,0.5625,0.00021865615294997898
2864,2864,2864,222,0.7792792792792793,0.0007584635305452396
2865,2865,2865,76,0.7105263157894737,0.00025965418162810004
2866,2866,2866,80,0.5125,0.00027332019118747375
2867,2867,2867,210,0.6523809523809524,0.0007174655018671185
2868,2868,2868,697,0.6384505021520803,0.002381302165720865
2869,2869,2869,451,0.4745011086474501,0.0015408425778193832
2870,2870,2870,364,0.4697802197802198,0.0012436068699030055
2871,2871,2871,262,0.4351145038167939,0.0008951236261389764
2872,2872,2872,362,0.4889502762430939,0.0012367738651233187
2873,2873,2873,200,0.435,0.0006833004779686843
2874,2874,2874,318,0.5377358490566038,0.001086447759970208
2875,2875,2875,211,0.6066350710900474,0.000720882004256962
2876,2876,2876,245,0.40408163265306124,0.0008370430855116383
2877,2877,2877,190,0.4105263157894737,0.0006491354540702502
2878,2878,2878,57,0.3333333333333333,0.00019474063622107503
2879,2879,2879,58,0.3275862068965517,0.00019815713861091845
2880,2880,2880,61,0.3770491803278688,0.0002084066457804487
2881,2881,2881,57,0.22807017543859648,0.00019474063622107503
2882,2882,2882,141,0.2198581560283688,0.00048172683696792246
2883,2883,2883,64,0.125,0.00021865615294997898
2884,2884,2884,23,0.08695652173913043,7.85795549663987e-05
2885,2885,2885,43,0.023255813953488372,0.00014690960276326714
2886,2886,2886,63,0.15873015873015872,0.00021523965056013556
2887,2887,2887,44,0.045454545454545456,0.00015032610515311055
2888,2888,2888,15,0.0,5.1247535847651325e-05
2889,2889,2889,27,0.0,9.224556452577238e-05
2890,2890,2890,28,0.0,9.566206691561581e-05
2891,2891,2891,9,0.0,3.074852150859079e-05
2892,2892,2892,9,0.0,3.074852150859079e-05
2893,2893,2893,8,0.0,2.7332019118747372e-05
2894,2894,2894,3,0.0,1.0249507169530265e-05
2895,2895,2895,6,0.3333333333333333,2.049901433906053e-05
2896,2896,2896,38,0.42105263157894735,0.00012982709081405002
2897,2897,2897,47,0.5106382978723404,0.00016057561232264082
2898,2898,2898,7,0.5714285714285714,2.3915516728903952e-05
2899,2899,2899,15,0.8666666666666667,5.1247535847651325e-05
2900,2900,2900,22,0.45454545454545453,7.516305257655528e-05
2901,2901,2901,7,1.0,2.3915516728903952e-05
2902,2902,2902,11,0.45454545454545453,3.758152628827764e-05
2903,2903,2903,19,0.42105263157894735,6.491354540702501e-05
2904,2904,2904,5,0.6,1.708251194921711e-05
2905,2905,2905,2,0.5,6.833004779686843e-06
2906,2906,2906,1,0.0,3.4165023898434215e-06
2907,2907,2907,0,0.0,0.0
2908,2908,2908,3,0.0,1.0249507169530265e-05
2909,2909,2909,0,0.0,0.0
2910,2910,2910,0,0.0,0.0
2911,2911,2911,0,0.0,0.0
2912,2912,2912,0,0.0,0.0
2913,2913,2913,0,0.0,0.0
2914,2914,2914,0,0.0,0.0
2915,2915,2915,0,0.0,0.0
2916,2916,2916,0,0.0,0.0
2917,2917,2917,0,0.0,0.0
2918,2918,2918,0,0.0,0.0
2919,2919,2919,0,0.0,0.0
2920,2920,2920,0,0.0,0.0
2921,2921,2921,0,0.0,0.0
2922,2922,2922,0,0.0,0.0
2923,2923,2923,64,0.15625,0.00021865615294997898
2924,2924,2924,148,0.21621621621621623,0.0005056423536968264
2925,2925,2925,112,0.1875,0.00038264826766246324
2926,2926,2926,65,0.2,0.00022207265533982242
2927,2927,2927,64,0.234375,0.00021865615294997898
2928,2928,2928,97,0.35051546391752575,0.0003314007318148119
2929,2929,2929,70,0.38571428571428573,0.0002391551672890395
2930,2930,2930,81,0.16049382716049382,0.00027673669357731714
2931,2931,2931,71,0.11267605633802817,0.00024257166967888295
2932,2932,2932,74,0.17567567567567569,0.0002528211768484132
2933,2933,2933,45,0.28888888888888886,0.00015374260754295397
2934,2934,2934,54,0.37037037037037035,0.00018449112905154477
2935,2935,2935,132,0.7121212121212122,0.00045097831545933166
2936,2936,2936,115,0.5565217391304348,0.0003928977748319935
2937,2937,2937,416,0.8293269230769231,0.0014212649941748635
2938,2938,2938,295,0.6338983050847458,0.0010078682050038094
2939,2939,2939,643,0.5256609642301711,0.0021968110366693203
2940,2940,2940,719,0.21557719054242003,0.00245646521829742
2941,2941,2941,536,0.23507462686567165,0.001831245280956074
2942,2942,2942,324,0.2932098765432099,0.0011069467743092685
2943,2943,2943,227,0.4845814977973568,0.0007755460424944567
2944,2944,2944,252,0.6825396825396826,0.0008609586022405423
2945,2945,2945,327,0.7431192660550459,0.0011171962814787988
2946,2946,2946,298,0.6946308724832215,0.0010181177121733396
2947,2947,2947,218,0.591743119266055,0.0007447975209858659
2948,2948,2948,151,0.5099337748344371,0.0005158918608663567
2949,2949,2949,100,0.31,0.0003416502389843422
2950,2950,2950,106,0.4811320754716981,0.0003621492533234027
2951,2951,2951,57,0.5614035087719298,0.00019474063622107503
2952,2952,2952,56,0.3392857142857143,0.00019132413383123162
2953,2953,2953,140,0.32142857142857145,0.000478310334578079
2954,2954,2954,97,0.36082474226804123,0.0003314007318148119
2955,2955,2955,63,0.4603174603174603,0.00021523965056013556
2956,2956,2956,47,0.1276595744680851,0.00016057561232264082
2957,2957,2957,31,0.1935483870967742,0.00010591157408514608
2958,2958,2958,47,0.0851063829787234,0.00016057561232264082
2959,2959,2959,13,0.0,4.4414531067964485e-05
2960,2960,2960,11,0.0,3.758152628827764e-05
2961,2961,2961,2,0.0,6.833004779686843e-06
2962,2962,2962,13,0.07692307692307693,4.4414531067964485e-05
2963,2963,2963,11,0.0,3.758152628827764e-05
2964,2964,2964,11,0.0,3.758152628827764e-05
2965,2965,2965,4,0.0,1.3666009559373686e-05
2966,2966,2966,9,0.1111111111111111,3.074852150859079e-05
2967,2967,2967,4,0.0,1.3666009559373686e-05
2968,2968,2968,16,0.5,5.4664038237494744e-05
2969,2969,2969,1,0.0,3.4165023898434215e-06
2970,2970,2970,3,0.0,1.0249507169530265e-05
2971,2971,2971,1,1.0,3.4165023898434215e-06
2972,2972,2972,2,0.0,6.833004779686843e-06
2973,2973,2973,1,1.0,3.4165023898434215e-06
2974,2974,2974,0,0.0,0.0
2975,2975,2975,0,0.0,0.0
2976,2976,2976,1,1.0,3.4165023898434215e-06
2977,2977,2977,0,0.0,0.0
2978,2978,2978,0,0.0,0.0
2979,2979,2979,0,0.0,0.0
2980,2980,2980,0,0.0,0.0
2981,2981,2981,0,0.0,0.0
2982,2982,2982,0,0.0,0.0
2983,2983,2983,0,0.0,0.0
2984,2984,2984,0,0.0,0.0
2985,2985,2985,0,0.0,0.0
2986,2986,2986,0,0.0,0.0
2987,2987,2987,0,0.0,0.0
2988,2988,2988,0,0.0,0.0
2989,2989,2989,0,0.0,0.0
2990,2990,2990,0,0.0,0.0
2991,2991,2991,0,0.0,0.0
2992,2992,2992,0,0.0,0.0
2993,2993,2993,0,0.0,0.0
2994,2994,2994,65,0.2,0.00022207265533982242
2995,2995,2995,233,0.1072961373390558,0.0007960450568335173
2996,2996,2996,125,0.024,0.0004270627987304277
2997,2997,2997,23,0.13043478260869565,7.85795549663987e-05
2998,2998,2998,56,0.5714285714285714,0.00019132413383123162
2999,2999,2999,73,0.684931506849315,0.0002494046744585698
3000,3000,3000,87,0.632183908045977,0.00029723570791637767
3001,3001,3001,195,0.49743589743589745,0.0006662179660194672
3002,3002,3002,155,0.4,0.0005295578704257304
3003,3003,3003,156,0.40384615384615385,0.0005329743728155737
3004,3004,3004,123,0.5040650406504065,0.00042022979395074086
3005,3005,3005,189,0.6613756613756614,0.0006457189516804067
3006,3006,3006,192,0.59375,0.0006559684588499369
3007,3007,3007,155,0.5870967741935483,0.0005295578704257304
3008,3008,3008,528,0.8446969696969697,0.0018039132618373266
3009,3009,3009,270,0.7111111111111111,0.0009224556452577239
3010,3010,3010,450,0.4888888888888889,0.0015374260754295397
3011,3011,3011,758,0.1662269129287599,0.0025897088115013137
3012,3012,3012,710,0.13661971830985917,0.0024257166967888294
3013,3013,3013,446,0.33856502242152464,0.0015237600658701662
3014,3014,3014,133,0.45864661654135336,0.0004543948178491751
3015,3015,3015,362,0.7928176795580111,0.0012367738651233187
3016,3016,3016,482,0.7925311203319502,0.0016467541519045292
3017,3017,3017,369,0.7777777777777778,0.0012606893818522225
3018,3018,3018,225,0.68,0.0007687130377147699
3019,3019,3019,142,0.5633802816901409,0.0004851433393577659
3020,3020,3020,115,0.4434782608695652,0.0003928977748319935
3021,3021,3021,55,0.509090909090909,0.0001879076314413882
3022,3022,3022,59,0.6271186440677966,0.00020157364100076189
3023,3023,3023,78,0.5897435897435898,0.00026648718640778687
3024,3024,3024,59,0.5084745762711864,0.00020157364100076189
3025,3025,3025,71,0.5915492957746479,0.00024257166967888295
3026,3026,3026,109,0.5137614678899083,0.00037239876049293297
3027,3027,3027,122,0.4098360655737705,0.0004168132915608974
3028,3028,3028,74,0.16216216216216217,0.0002528211768484132
3029,3029,3029,48,0.10416666666666667,0.00016399211471248423
3030,3030,3030,17,0.0,5.808054062733817e-05
3031,3031,3031,7,0.0,2.3915516728903952e-05
3032,3032,3032,22,0.045454545454545456,7.516305257655528e-05
3033,3033,3033,36,0.08333333333333333,0.00012299408603436317
3034,3034,3034,29,0.0,9.907856930545922e-05
3035,3035,3035,7,0.0,2.3915516728903952e-05
3036,3036,3036,4,0.0,1.3666009559373686e-05
3037,3037,3037,5,0.0,1.708251194921711e-05
3038,3038,3038,5,0.2,1.708251194921711e-05
3039,3039,3039,6,0.16666666666666666,2.049901433906053e-05
3040,3040,3040,5,0.0,1.708251194921711e-05
3041,3041,3041,2,0.0,6.833004779686843e-06
3042,3042,3042,1,0.0,3.4165023898434215e-06
3043,3043,3043,1,0.0,3.4165023898434215e-06
3044,3044,3044,0,0.0,0.0
3045,3045,3045,0,0.0,0.0
3046,3046,3046,0,0.0,0.0
3047,3047,3047,0,0.0,0.0
3048,3048,3048,0,0.0,0.0
3049,3049,3049,0,0.0,0.0
3050,3050,3050,0,0.0,0.0
3051,3051,3051,0,0.0,0.0
3052,3052,3052,0,0.0,0.0
3053,3053,3053,0,0.0,0.0
3054,3054,3054,0,0.0,0.0
3055,3055,3055,0,0.0,0.0
3056,3056,3056,0,0.0,0.0
3057,3057,3057,0,0.0,0.0
3058,3058,3058,0,0.0,0.0
3059,3059,3059,0,0.0,0.0
3060,3060,3060,0,0.0,0.0
3061,3061,3061,0,0.0,0.0
3062,3062,3062,0,0.0,0.0
3063,3063,3063,0,0.0,0.0
3064,3064,3064,0,0.0,0.0
3065,3065,3065,30,0.03333333333333333,0.00010249507169530265
3066,3066,3066,197,0.08121827411167512,0.0006730509707991541
3067,3067,3067,164,0.10365853658536585,0.0005603063919343212
3068,3068,3068,46,0.17391304347826086,0.0001571591099327974
3069,3069,3069,41,0.4878048780487805,0.0001400765979835803
3070,3070,3070,77,0.6363636363636364,0.0002630706840179435
3071,3071,3071,98,0.7142857142857143,0.00033481723420465535
3072,3072,3072,115,0.6521739130434783,0.0003928977748319935
3073,3073,3073,116,0.5948275862068966,0.0003963142772218369
3074,3074,3074,187,0.5561497326203209,0.0006388859469007199
3075,3075,3075,394,0.6624365482233503,0.0013461019415983082
3076,3076,3076,394,0.751269035532995,0.0013461019415983082
3077,3077,3077,222,0.6801801801801802,0.0007584635305452396
3078,3078,3078,195,0.6974358974358974,0.0006662179660194672
3079,3079,3079,173,0.7052023121387283,0.000591054913442912
3080,3080,3080,205,0.7268292682926829,0.0007003829899179015
3081,3081,3081,257,0.6186770428015564,0.0008780411141897594
3082,3082,3082,204,0.27450980392156865,0.000696966487528058
3083,3083,3083,244,0.11885245901639344,0.0008336265831217948
3084,3084,3084,149,0.33557046979865773,0.0005090588560866698
3085,3085,3085,64,0.25,0.00021865615294997898
3086,3086,3086,165,0.7757575757575758,0.0005637228943241645
3087,3087,3087,275,0.7418181818181818,0.000939538157206941
3088,3088,3088,263,0.7680608365019012,0.0008985401285288199
3089,3089,3089,245,0.7714285714285715,0.0008370430855116383
3090,3090,3090,69,0.6811594202898551,0.0002357386648991961
3091,3091,3091,56,0.3392857142857143,0.00019132413383123162
3092,3092,3092,39,0.46153846153846156,0.00013324359320389343
3093,3093,3093,35,0.6857142857142857,0.00011957758364451976
3094,3094,3094,53,0.6415094339622641,0.00018107462666170135
3095,3095,3095,68,0.6911764705882353,0.00023232216250935268
3096,3096,3096,91,0.6593406593406593,0.0003109017174757514
3097,3097,3097,119,0.5630252100840336,0.00040656378439136716
3098,3098,3098,116,0.5431034482758621,0.0003963142772218369
3099,3099,3099,106,0.4716981132075472,0.0003621492533234027
3100,3100,3100,73,0.2054794520547945,0.0002494046744585698
3101,3101,3101,29,0.20689655172413793,9.907856930545922e-05
3102,3102,3102,23,0.043478260869565216,7.85795549663987e-05
3103,3103,3103,26,0.07692307692307693,8.882906213592897e-05
3104,3104,3104,76,0.02631578947368421,0.00025965418162810004
3105,3105,3105,57,0.0,0.00019474063622107503
3106,3106,3106,23,0.0,7.85795549663987e-05
3107,3107,3107,12,0.0,4.099802867812106e-05
3108,3108,3108,3,0.0,1.0249507169530265e-05
3109,3109,3109,3,0.0,1.0249507169530265e-05
3110,3110,3110,3,0.3333333333333333,1.0249507169530265e-05
3111,3111,3111,3,0.3333333333333333,1.0249507169530265e-05
3112,3112,3112,5,0.0,1.708251194921711e-05
3113,3113,3113,3,0.0,1.0249507169530265e-05
3114,3114,3114,0,0.0,0.0
3115,3115,3115,0,0.0,0.0
3116,3116,3116,0,0.0,0.0
3117,3117,3117,0,0.0,0.0
3118,3118,3118,0,0.0,0.0
3119,3119,3119,0,0.0,0.0
3120,3120,3120,0,0.0,0.0
3121,3121,3121,0,0.0,0.0
3122,3122,3122,0,0.0,0.0
3123,3123,3123,0,0.0,0.0
3124,3124,3124,0,0.0,0.0
3125,3125,3125,0,0.0,0.0
3126,3126,3126,0,0.0,0.0
3127,3127,3127,0,0.0,0.0
3128,3128,3128,0,0.0,0.0
3129,3129,3129,0,0.0,0.0
3130,3130,3130,0,0.0,0.0
3131,3131,3131,0,0.0,0.0
3132,3132,3132,0,0.0,0.0
3133,3133,3133,0,0.0,0.0
3134,3134,3134,0,0.0,0.0
3135,3135,3135,2,0.0,6.833004779686843e-06
3136,3136,3136,36,0.05555555555555555,0.00012299408603436317
3137,3137,3137,111,0.2072072072072072,0.0003792317652726198
3138,3138,3138,103,0.1941747572815534,0.00035189974615387244
3139,3139,3139,62,0.5161290322580645,0.00021182314817029215
3140,3140,3140,101,0.7524752475247525,0.0003450667413741856
3141,3141,3141,114,0.6578947368421053,0.00038948127244215006
3142,3142,3142,79,0.759493670886076,0.0002699036887976303
3143,3143,3143,20,0.65,6.833004779686844e-05
3144,3144,3144,47,0.5106382978723404,0.00016057561232264082
3145,3145,3145,176,0.5284090909090909,0.0006013044206124422
3146,3146,3146,340,0.5117647058823529,0.0011616108125467634
3147,3147,3147,344,0.5668604651162791,0.0011752768221061371
3148,3148,3148,281,0.6298932384341637,0.0009600371715460015
3149,3149,3149,259,0.6525096525096525,0.0008848741189694462
3150,3150,3150,265,0.7433962264150943,0.0009053731333085067
3151,3151,3151,226,0.668141592920354,0.0007721295401046134
3152,3152,3152,186,0.553763440860215,0.0006354694445108764
3153,3153,3153,106,0.37735849056603776,0.0003621492533234027
3154,3154,3154,163,0.24539877300613497,0.0005568898895444778
3155,3155,3155,204,0.19607843137254902,0.000696966487528058
3156,3156,3156,93,0.23655913978494625,0.0003177347222554382
3157,3157,3157,68,0.45588235294117646,0.00023232216250935268
3158,3158,3158,72,0.4722222222222222,0.00024598817206872634
3159,3159,3159,86,0.5697674418604651,0.0002938192055265343
3160,3160,3160,93,0.5053763440860215,0.0003177347222554382
3161,3161,3161,95,0.5894736842105263,0.0003245677270351251
3162,3162,3162,70,0.4857142857142857,0.0002391551672890395
3163,3163,3163,43,0.6744186046511628,0.00014690960276326714
3164,3164,3164,63,0.6825396825396826,0.00021523965056013556
3165,3165,3165,112,0.7321428571428571,0.00038264826766246324
3166,3166,3166,108,0.7407407407407407,0.00036898225810308953
3167,3167,3167,159,0.7484276729559748,0.000543223879985104
3168,3168,3168,155,0.5419354838709678,0.0005295578704257304
3169,3169,3169,179,0.441340782122905,0.0006115539277819725
3170,3170,3170,73,0.3835616438356164,0.0002494046744585698
3171,3171,3171,42,0.35714285714285715,0.0001434931003734237
3172,3172,3172,32,0.0625,0.00010932807647498949
3173,3173,3173,14,0.0,4.7831033457807905e-05
3174,3174,3174,18,0.0,6.149704301718158e-05
3175,3175,3175,51,0.058823529411764705,0.0001742416218820145
3176,3176,3176,26,0.0,8.882906213592897e-05
3177,3177,3177,19,0.0,6.491354540702501e-05
3178,3178,3178,7,0.0,2.3915516728903952e-05
3179,3179,3179,0,0.0,0.0
3180,3180,3180,0,0.0,0.0
3181,3181,3181,0,0.0,0.0
3182,3182,3182,0,0.0,0.0
3183,3183,3183,2,0.0,6.833004779686843e-06
3184,3184,3184,0,0.0,0.0
3185,3185,3185,0,0.0,0.0
3186,3186,3186,0,0.0,0.0
3187,3187,3187,0,0.0,0.0
3188,3188,3188,0,0.0,0.0
3189,3189,3189,0,0.0,0.0
3190,3190,3190,0,0.0,0.0
3191,3191,3191,0,0.0,0.0
3192,3192,3192,0,0.0,0.0
3193,3193,3193,0,0.0,0.0
3194,3194,3194,0,0.0,0.0
3195,3195,3195,0,0.0,0.0
3196,3196,3196,0,0.0,0.0
3197,3197,3197,0,0.0,0.0
3198,3198,3198,0,0.0,0.0
3199,3199,3199,0,0.0,0.0
3200,3200,3200,0,0.0,0.0
3201,3201,3201,0,0.0,0.0
3202,3202,3202,0,0.0,0.0
3203,3203,3203,0,0.0,0.0
3204,3204,3204,0,0.0,0.0
3205,3205,3205,0,0.0,0.0
3206,3206,3206,0,0.0,0.0
3207,3207,3207,36,0.1111111111111111,0.00012299408603436317
3208,3208,3208,157,0.22929936305732485,0.0005363908752054172
3209,3209,3209,103,0.5339805825242718,0.00035189974615387244
3210,3210,3210,125,0.672,0.0004270627987304277
3211,3211,3211,166,0.6746987951807228,0.000567139396714008
3212,3212,3212,145,0.6344827586206897,0.0004953928465272962
3213,3213,3213,96,0.71875,0.00032798422942496847
3214,3214,3214,66,0.7272727272727273,0.00022548915772966583
3215,3215,3215,40,0.625,0.00013666009559373687
3216,3216,3216,93,0.6774193548387096,0.0003177347222554382
3217,3217,3217,163,0.5644171779141104,0.0005568898895444778
3218,3218,3218,241,0.48132780082987553,0.0008233770759522646
3219,3219,3219,342,0.6140350877192983,0.0011684438173264501
3220,3220,3220,373,0.6702412868632708,0.0012743553914115963
3221,3221,3221,332,0.6716867469879518,0.001134278793428016
3222,3222,3222,210,0.6047619047619047,0.0007174655018671185
3223,3223,3223,383,0.618798955613577,0.0013085204153100306
3224,3224,3224,123,0.3333333333333333,0.00042022979395074086
3225,3225,3225,104,0.2403846153846154,0.0003553162485437159
3226,3226,3226,160,0.25625,0.0005466403823749475
3227,3227,3227,246,0.2032520325203252,0.0008404595879014817
3228,3228,3228,81,0.1728395061728395,0.00027673669357731714
3229,3229,3229,77,0.5064935064935064,0.0002630706840179435
3230,3230,3230,172,0.4127906976744186,0.0005876384110530686
3231,3231,3231,51,0.27450980392156865,0.0001742416218820145
3232,3232,3232,76,0.27631578947368424,0.00025965418162810004
3233,3233,3233,60,0.48333333333333334,0.0002049901433906053
3234,3234,3234,84,0.6071428571428571,0.0002869862007468474
3235,3235,3235,112,0.625,0.00038264826766246324
3236,3236,3236,130,0.7615384615384615,0.00044414531067964484
3237,3237,3237,166,0.7108433734939759,0.000567139396714008
3238,3238,3238,281,0.800711743772242,0.0009600371715460015
3239,3239,3239,182,0.5824175824175825,0.0006218034349515027
3240,3240,3240,217,0.3870967741935484,0.0007413810185960226
3241,3241,3241,87,0.22988505747126436,0.00029723570791637767
3242,3242,3242,39,0.10256410256410256,0.00013324359320389343
3243,3243,3243,19,0.10526315789473684,6.491354540702501e-05
3244,3244,3244,13,0.23076923076923078,4.4414531067964485e-05
3245,3245,3245,4,0.0,1.3666009559373686e-05
3246,3246,3246,9,0.0,3.074852150859079e-05
3247,3247,3247,20,0.05,6.833004779686844e-05
3248,3248,3248,7,0.0,2.3915516728903952e-05
3249,3249,3249,1,0.0,3.4165023898434215e-06
3250,3250,3250,0,0.0,0.0
3251,3251,3251,0,0.0,0.0
3252,3252,3252,0,0.0,0.0
3253,3253,3253,0,0.0,0.0
3254,3254,3254,0,0.0,0.0
3255,3255,3255,0,0.0,0.0
3256,3256,3256,0,0.0,0.0
3257,3257,3257,0,0.0,0.0
3258,3258,3258,0,0.0,0.0
3259,3259,3259,0,0.0,0.0
3260,3260,3260,0,0.0,0.0
3261,3261,3261,0,0.0,0.0
3262,3262,3262,0,0.0,0.0
3263,3263,3263,0,0.0,0.0
3264,3264,3264,0,0.0,0.0
3265,3265,3265,0,0.0,0.0
3266,3266,3266,0,0.0,0.0
3267,3267,3267,0,0.0,0.0
3268,3268,3268,0,0.0,0.0
3269,3269,3269,0,0.0,0.0
3270,3270,3270,0,0.0,0.0
3271,3271,3271,0,0.0,0.0
3272,3272,3272,0,0.0,0.0
3273,3273,3273,2,0.0,6.833004779686843e-06
3274,3274,3274,0,0.0,0.0
3275,3275,3275,0,0.0,0.0
3276,3276,3276,0,0.0,0.0
3277,3277,3277,0,0.0,0.0
3278,3278,3278,8,0.5,2.7332019118747372e-05
3279,3279,3279,86,0.2441860465116279,0.0002938192055265343
3280,3280,3280,104,0.4423076923076923,0.0003553162485437159
3281,3281,3281,147,0.5782312925170068,0.0005022258513069829
3282,3282,3282,114,0.6929824561403509,0.00038948127244215006
3283,3283,3283,120,0.7833333333333333,0.0004099802867812106
3284,3284,3284,100,0.8,0.0003416502389843422
3285,3285,3285,103,0.6893203883495146,0.00035189974615387244
3286,3286,3286,78,0.6666666666666666,0.00026648718640778687
3287,3287,3287,160,0.425,0.0005466403823749475
3288,3288,3288,223,0.4125560538116592,0.0007618800329350831
3289,3289,3289,265,0.4,0.0009053731333085067
3290,3290,3290,254,0.594488188976378,0.0008677916070202291
3291,3291,3291,320,0.55,0.001093280764749895
3292,3292,3292,227,0.43171806167400884,0.0007755460424944567
3293,3293,3293,358,0.5167597765363129,0.001223107855563945
3294,3294,3294,373,0.4772117962466488,0.0012743553914115963
3295,3295,3295,92,0.2391304347826087,0.0003143182198655948
3296,3296,3296,73,0.1643835616438356,0.0002494046744585698
3297,3297,3297,107,0.34579439252336447,0.00036556575571324615
3298,3298,3298,132,0.44696969696969696,0.00045097831545933166
3299,3299,3299,73,0.3698630136986301,0.0002494046744585698
3300,3300,3300,80,0.3875,0.00027332019118747375
3301,3301,3301,94,0.22340425531914893,0.00032115122464528164
3302,3302,3302,64,0.109375,0.00021865615294997898
3303,3303,3303,102,0.17647058823529413,0.000348483243764029
3304,3304,3304,119,0.4369747899159664,0.00040656378439136716
3305,3305,3305,161,0.546583850931677,0.0005500568847647909
3306,3306,3306,65,0.6461538461538462,0.00022207265533982242
3307,3307,3307,169,0.7988165680473372,0.0005773889038835383
3308,3308,3308,170,0.7411764705882353,0.0005808054062733817
3309,3309,3309,137,0.7007299270072993,0.00046806082740854875
3310,3310,3310,154,0.6428571428571429,0.000526141368035887
3311,3311,3311,117,0.4188034188034188,0.00039973077961168033
3312,3312,3312,54,0.14814814814814814,0.00018449112905154477
3313,3313,3313,49,0.04081632653061224,0.00016740861710232767
3314,3314,3314,22,0.13636363636363635,7.516305257655528e-05
3315,3315,3315,7,0.14285714285714285,2.3915516728903952e-05
3316,3316,3316,3,0.0,1.0249507169530265e-05
3317,3317,3317,7,0.0,2.3915516728903952e-05
3318,3318,3318,7,0.0,2.3915516728903952e-05
3319,3319,3319,5,0.2,1.708251194921711e-05
3320,3320,3320,7,0.14285714285714285,2.3915516728903952e-05
3321,3321,3321,1,0.0,3.4165023898434215e-06
3322,3322,3322,0,0.0,0.0
3323,3323,3323,0,0.0,0.0
3324,3324,3324,0,0.0,0.0
3325,3325,3325,0,0.0,0.0
3326,3326,3326,0,0.0,0.0
3327,3327,3327,0,0.0,0.0
3328,3328,3328,0,0.0,0.0
3329,3329,3329,0,0.0,0.0
3330,3330,3330,0,0.0,0.0
3331,3331,3331,0,0.0,0.0
3332,3332,3332,0,0.0,0.0
3333,3333,3333,0,0.0,0.0
3334,3334,3334,0,0.0,0.0
3335,3335,3335,0,0.0,0.0
3336,3336,3336,0,0.0,0.0
3337,3337,3337,0,0.0,0.0
3338,3338,3338,0,0.0,0.0
3339,3339,3339,0,0.0,0.0
3340,3340,3340,0,0.0,0.0
3341,3341,3341,2,0.0,6.833004779686843e-06
3342,3342,3342,2,0.0,6.833004779686843e-06
3343,3343,3343,5,0.0,1.708251194921711e-05
3344,3344,3344,4,0.0,1.3666009559373686e-05
3345,3345,3345,1,0.0,3.4165023898434215e-06
3346,3346,3346,2,0.0,6.833004779686843e-06
3347,3347,3347,0,0.0,0.0
3348,3348,3348,0,0.0,0.0
3349,3349,3349,9,0.0,3.074852150859079e-05
3350,3350,3350,59,0.288135593220339,0.00020157364100076189
3351,3351,3351,102,0.35294117647058826,0.000348483243764029
3352,3352,3352,162,0.6358024691358025,0.0005534733871546343
3353,3353,3353,146,0.7465753424657534,0.0004988093489171396
3354,3354,3354,107,0.7383177570093458,0.00036556575571324615
3355,3355,3355,78,0.7307692307692307,0.00026648718640778687
3356,3356,3356,114,0.7105263157894737,0.00038948127244215006
3357,3357,3357,142,0.6197183098591549,0.0004851433393577659
3358,3358,3358,192,0.3645833333333333,0.0006559684588499369
3359,3359,3359,214,0.26635514018691586,0.0007311315114264923
3360,3360,3360,204,0.29411764705882354,0.000696966487528058
3361,3361,3361,178,0.4101123595505618,0.0006081374253921291
3362,3362,3362,176,0.4318181818181818,0.0006013044206124422
3363,3363,3363,219,0.3744292237442922,0.0007482140233757093
3364,3364,3364,383,0.381201044386423,0.0013085204153100306
3365,3365,3365,304,0.19736842105263158,0.0010386167265124002
3366,3366,3366,168,0.14285714285714285,0.0005739724014936948
3367,3367,3367,147,0.20408163265306123,0.0005022258513069829
3368,3368,3368,235,0.3191489361702128,0.000802878061613204
3369,3369,3369,319,0.5235109717868338,0.0010898642623600515
3370,3370,3370,129,0.6356589147286822,0.0004407288082898014
3371,3371,3371,70,0.42857142857142855,0.0002391551672890395
3372,3372,3372,107,0.308411214953271,0.00036556575571324615
3373,3373,3373,133,0.2932330827067669,0.0004543948178491751
3374,3374,3374,225,0.32,0.0007687130377147699
3375,3375,3375,320,0.43125,0.001093280764749895
3376,3376,3376,319,0.5830721003134797,0.0010898642623600515
3377,3377,3377,117,0.6752136752136753,0.00039973077961168033
3378,3378,3378,171,0.8011695906432749,0.0005842219086632251
3379,3379,3379,81,0.691358024691358,0.00027673669357731714
3380,3380,3380,117,0.6324786324786325,0.00039973077961168033
3381,3381,3381,124,0.6048387096774194,0.0004236462963405843
3382,3382,3382,113,0.4778761061946903,0.0003860647700523067
3383,3383,3383,28,0.2857142857142857,9.566206691561581e-05
3384,3384,3384,47,0.06382978723404255,0.00016057561232264082
3385,3385,3385,37,0.10810810810810811,0.0001264105884242066
3386,3386,3386,4,0.0,1.3666009559373686e-05
3387,3387,3387,6,0.0,2.049901433906053e-05
3388,3388,3388,4,0.0,1.3666009559373686e-05
3389,3389,3389,2,0.0,6.833004779686843e-06
3390,3390,3390,3,0.0,1.0249507169530265e-05
3391,3391,3391,7,0.14285714285714285,2.3915516728903952e-05
3392,3392,3392,15,0.06666666666666667,5.1247535847651325e-05
3393,3393,3393,5,0.0,1.708251194921711e-05
3394,3394,3394,0,0.0,0.0
3395,3395,3395,0,0.0,0.0
3396,3396,3396,0,0.0,0.0
3397,3397,3397,0,0.0,0.0
3398,3398,3398,0,0.0,0.0
3399,3399,3399,0,0.0,0.0
3400,3400,3400,0,0.0,0.0
3401,3401,3401,0,0.0,0.0
3402,3402,3402,0,0.0,0.0
3403,3403,3403,0,0.0,0.0
3404,3404,3404,0,0.0,0.0
3405,3405,3405,0,0.0,0.0
3406,3406,3406,0,0.0,0.0
3407,3407,3407,0,0.0,0.0
3408,3408,3408,0,0.0,0.0
3409,3409,3409,0,0.0,0.0
3410,3410,3410,0,0.0,0.0
3411,3411,3411,0,0.0,0.0
3412,3412,3412,3,0.0,1.0249507169530265e-05
3413,3413,3413,5,0.0,1.708251194921711e-05
3414,3414,3414,6,0.0,2.049901433906053e-05
3415,3415,3415,6,0.0,2.049901433906053e-05
3416,3416,3416,5,0.0,1.708251194921711e-05
3417,3417,3417,2,0.0,6.833004779686843e-06
3418,3418,3418,2,0.0,6.833004779686843e-06
3419,3419,3419,2,0.0,6.833004779686843e-06
3420,3420,3420,90,0.12222222222222222,0.00030748521508590793
3421,3421,3421,51,0.21568627450980393,0.0001742416218820145
3422,3422,3422,100,0.36,0.0003416502389843422
3423,3423,3423,61,0.29508196721311475,0.0002084066457804487
3424,3424,3424,30,0.6666666666666666,0.00010249507169530265
3425,3425,3425,111,0.7207207207207207,0.0003792317652726198
3426,3426,3426,65,0.7230769230769231,0.00022207265533982242
3427,3427,3427,75,0.72,0.0002562376792382566
3428,3428,3428,135,0.5777777777777777,0.00046122782262886193
3429,3429,3429,171,0.391812865497076,0.0005842219086632251
3430,3430,3430,130,0.25384615384615383,0.00044414531067964484
3431,3431,3431,135,0.35555555555555557,0.00046122782262886193
3432,3432,3432,90,0.4222222222222222,0.00030748521508590793
3433,3433,3433,144,0.3888888888888889,0.0004919763441374527
3434,3434,3434,226,0.5,0.0007721295401046134
3435,3435,3435,262,0.40458015267175573,0.0008951236261389764
3436,3436,3436,328,0.10670731707317073,0.0011206127838686423
3437,3437,3437,261,0.1111111111111111,0.0008917071237491331
3438,3438,3438,255,0.2,0.0008712081094100725
3439,3439,3439,267,0.4307116104868914,0.0009122061380881936
3440,3440,3440,310,0.6806451612903226,0.0010591157408514607
3441,3441,3441,257,0.7782101167315175,0.0008780411141897594
3442,3442,3442,30,0.5666666666666667,0.00010249507169530265
3443,3443,3443,52,0.28846153846153844,0.00017765812427185794
3444,3444,3444,168,0.42857142857142855,0.0005739724014936948
3445,3445,3445,182,0.4945054945054945,0.0006218034349515027
3446,3446,3446,345,0.6115942028985507,0.0011786933244959804
3447,3447,3447,287,0.6167247386759582,0.000980536185885062
3448,3448,3448,94,0.648936170212766,0.00032115122464528164
3449,3449,3449,121,0.6446280991735537,0.00041339678917105404
3450,3450,3450,114,0.6052631578947368,0.00038948127244215006
3451,3451,3451,97,0.5154639175257731,0.0003314007318148119
3452,3452,3452,77,0.4675324675324675,0.0002630706840179435
3453,3453,3453,39,0.46153846153846156,0.00013324359320389343
3454,3454,3454,16,0.1875,5.4664038237494744e-05
3455,3455,3455,31,0.0967741935483871,0.00010591157408514608
3456,3456,3456,16,0.0625,5.4664038237494744e-05
3457,3457,3457,5,0.4,1.708251194921711e-05
3458,3458,3458,3,0.3333333333333333,1.0249507169530265e-05
3459,3459,3459,10,0.1,3.416502389843422e-05
3460,3460,3460,8,0.125,2.7332019118747372e-05
3461,3461,3461,8,0.25,2.7332019118747372e-05
3462,3462,3462,30,0.23333333333333334,0.00010249507169530265
3463,3463,3463,37,0.05405405405405406,0.0001264105884242066
3464,3464,3464,50,0.1,0.0001708251194921711
3465,3465,3465,3,0.0,1.0249507169530265e-05
3466,3466,3466,0,0.0,0.0
3467,3467,3467,0,0.0,0.0
3468,3468,3468,0,0.0,0.0
3469,3469,3469,0,0.0,0.0
3470,3470,3470,0,0.0,0.0
3471,3471,3471,0,0.0,0.0
3472,3472,3472,0,0.0,0.0
3473,3473,3473,0,0.0,0.0
3474,3474,3474,0,0.0,0.0
3475,3475,3475,0,0.0,0.0
3476,3476,3476,0,0.0,0.0
3477,3477,3477,0,0.0,0.0
3478,3478,3478,0,0.0,0.0
3479,3479,3479,0,0.0,0.0
3480,3480,3480,0,0.0,0.0
3481,3481,3481,0,0.0,0.0
3482,3482,3482,0,0.0,0.0
3483,3483,3483,6,0.0,2.049901433906053e-05
3484,3484,3484,2,0.0,6.833004779686843e-06
3485,3485,3485,2,0.0,6.833004779686843e-06
3486,3486,3486,6,0.0,2.049901433906053e-05
3487,3487,3487,6,0.0,2.049901433906053e-05
3488,3488,3488,10,0.0,3.416502389843422e-05
3489,3489,3489,8,0.0,2.7332019118747372e-05
3490,3490,3490,13,0.07692307692307693,4.4414531067964485e-05
3491,3491,3491,111,0.12612612612612611,0.0003792317652726198
3492,3492,3492,66,0.13636363636363635,0.00022548915772966583
3493,3493,3493,42,0.19047619047619047,0.0001434931003734237
3494,3494,3494,40,0.225,0.00013666009559373687
3495,3495,3495,36,0.5277777777777778,0.00012299408603436317
3496,3496,3496,52,0.5576923076923077,0.00017765812427185794
3497,3497,3497,47,0.6595744680851063,0.00016057561232264082
3498,3498,3498,73,0.4794520547945205,0.0002494046744585698
3499,3499,3499,103,0.49514563106796117,0.00035189974615387244
3500,3500,3500,126,0.2777777777777778,0.00043047930112027113
3501,3501,3501,144,0.4027777777777778,0.0004919763441374527
3502,3502,3502,102,0.5490196078431373,0.000348483243764029
3503,3503,3503,61,0.7049180327868853,0.0002084066457804487
3504,3504,3504,67,0.582089552238806,0.00022890566011950924
3505,3505,3505,184,0.657608695652174,0.0006286364397311896
3506,3506,3506,166,0.3855421686746988,0.000567139396714008
3507,3507,3507,242,0.1859504132231405,0.0008267935783421081
3508,3508,3508,197,0.18781725888324874,0.0006730509707991541
3509,3509,3509,158,0.17721518987341772,0.0005398073775952606
3510,3510,3510,237,0.4978902953586498,0.0008097110663928909
3511,3511,3511,213,0.5915492957746479,0.0007277150090366488
3512,3512,3512,207,0.6859903381642513,0.0007072159946975883
3513,3513,3513,22,0.45454545454545453,7.516305257655528e-05
3514,3514,3514,35,0.2,0.00011957758364451976
3515,3515,3515,125,0.384,0.0004270627987304277
3516,3516,3516,108,0.49074074074074076,0.00036898225810308953
3517,3517,3517,288,0.6458333333333334,0.0009839526882749053
3518,3518,3518,316,0.7151898734177216,0.0010796147551905212
3519,3519,3519,237,0.7088607594936709,0.0008097110663928909
3520,3520,3520,180,0.6666666666666666,0.0006149704301718159
3521,3521,3521,106,0.6226415094339622,0.0003621492533234027
3522,3522,3522,107,0.4205607476635514,0.00036556575571324615
3523,3523,3523,95,0.3157894736842105,0.0003245677270351251
3524,3524,3524,51,0.3333333333333333,0.0001742416218820145
3525,3525,3525,29,0.10344827586206896,9.907856930545922e-05
3526,3526,3526,27,0.2222222222222222,9.224556452577238e-05
3527,3527,3527,11,0.18181818181818182,3.758152628827764e-05
3528,3528,3528,9,0.2222222222222222,3.074852150859079e-05
3529,3529,3529,11,0.36363636363636365,3.758152628827764e-05
3530,3530,3530,8,0.125,2.7332019118747372e-05
3531,3531,3531,8,0.125,2.7332019118747372e-05
3532,3532,3532,21,0.23809523809523808,7.174655018671185e-05
3533,3533,3533,40,0.225,0.00013666009559373687
3534,3534,3534,55,0.09090909090909091,0.0001879076314413882
3535,3535,3535,56,0.05357142857142857,0.00019132413383123162
3536,3536,3536,8,0.0,2.7332019118747372e-05
3537,3537,3537,0,0.0,0.0
3538,3538,3538,0,0.0,0.0
3539,3539,3539,0,0.0,0.0
3540,3540,3540,0,0.0,0.0
3541,3541,3541,0,0.0,0.0
3542,3542,3542,0,0.0,0.0
3543,3543,3543,0,0.0,0.0
3544,3544,3544,0,0.0,0.0
3545,3545,3545,0,0.0,0.0
3546,3546,3546,0,0.0,0.0
3547,3547,3547,0,0.0,0.0
3548,3548,3548,0,0.0,0.0
3549,3549,3549,0,0.0,0.0
3550,3550,3550,0,0.0,0.0
3551,3551,3551,0,0.0,0.0
3552,3552,3552,0,0.0,0.0
3553,3553,3553,0,0.0,0.0
3554,3554,3554,7,0.0,2.3915516728903952e-05
3555,3555,3555,8,0.0,2.7332019118747372e-05
3556,3556,3556,1,0.0,3.4165023898434215e-06
3557,3557,3557,12,0.0,4.099802867812106e-05
3558,3558,3558,47,0.0,0.00016057561232264082
3559,3559,3559,16,0.0,5.4664038237494744e-05
3560,3560,3560,5,0.0,1.708251194921711e-05
3561,3561,3561,14,0.0,4.7831033457807905e-05
3562,3562,3562,18,0.0,6.149704301718158e-05
3563,3563,3563,35,0.05714285714285714,0.00011957758364451976
3564,3564,3564,48,0.08333333333333333,0.00016399211471248423
3565,3565,3565,41,0.12195121951219512,0.0001400765979835803
3566,3566,3566,117,0.2905982905982906,0.00039973077961168033
3567,3567,3567,74,0.44594594594594594,0.0002528211768484132
3568,3568,3568,59,0.3389830508474576,0.00020157364100076189
3569,3569,3569,58,0.2413793103448276,0.00019815713861091845
3570,3570,3570,90,0.26666666666666666,0.00030748521508590793
3571,3571,3571,150,0.3333333333333333,0.0005124753584765132
3572,3572,3572,113,0.49557522123893805,0.0003860647700523067
3573,3573,3573,110,0.7090909090909091,0.0003758152628827764
3574,3574,3574,67,0.6268656716417911,0.00022890566011950924
3575,3575,3575,101,0.7425742574257426,0.0003450667413741856
3576,3576,3576,193,0.6632124352331606,0.0006593849612397804
3577,3577,3577,173,0.4682080924855491,0.000591054913442912
3578,3578,3578,199,0.21105527638190955,0.000679883975578841
3579,3579,3579,178,0.34831460674157305,0.0006081374253921291
3580,3580,3580,136,0.4117647058823529,0.00046464432501870537
3581,3581,3581,243,0.6172839506172839,0.0008302100807319515
3582,3582,3582,223,0.6547085201793722,0.0007618800329350831
3583,3583,3583,206,0.7281553398058253,0.0007037994923077449
3584,3584,3584,54,0.7222222222222222,0.00018449112905154477
3585,3585,3585,40,0.5,0.00013666009559373687
3586,3586,3586,121,0.45454545454545453,0.00041339678917105404
3587,3587,3587,181,0.5524861878453039,0.0006183869325616594
3588,3588,3588,190,0.5368421052631579,0.0006491354540702502
3589,3589,3589,218,0.6834862385321101,0.0007447975209858659
3590,3590,3590,225,0.7377777777777778,0.0007687130377147699
3591,3591,3591,140,0.6714285714285714,0.000478310334578079
3592,3592,3592,128,0.6015625,0.00043731230589995796
3593,3593,3593,51,0.5882352941176471,0.0001742416218820145
3594,3594,3594,55,0.41818181818181815,0.0001879076314413882
3595,3595,3595,40,0.425,0.00013666009559373687
3596,3596,3596,19,0.3684210526315789,6.491354540702501e-05
3597,3597,3597,35,0.22857142857142856,0.00011957758364451976
3598,3598,3598,48,0.3958333333333333,0.00016399211471248423
3599,3599,3599,23,0.5652173913043478,7.85795549663987e-05
3600,3600,3600,16,0.3125,5.4664038237494744e-05
3601,3601,3601,22,0.6363636363636364,7.516305257655528e-05
3602,3602,3602,11,0.5454545454545454,3.758152628827764e-05
3603,3603,3603,62,0.532258064516129,0.00021182314817029215
3604,3604,3604,38,0.34210526315789475,0.00012982709081405002
3605,3605,3605,29,0.2413793103448276,9.907856930545922e-05
3606,3606,3606,12,0.16666666666666666,4.099802867812106e-05
3607,3607,3607,6,0.0,2.049901433906053e-05
3608,3608,3608,0,0.0,0.0
3609,3609,3609,0,0.0,0.0
3610,3610,3610,0,0.0,0.0
3611,3611,3611,0,0.0,0.0
3612,3612,3612,0,0.0,0.0
3613,3613,3613,0,0.0,0.0
3614,3614,3614,0,0.0,0.0
3615,3615,3615,0,0.0,0.0
3616,3616,3616,0,0.0,0.0
3617,3617,3617,0,0.0,0.0
3618,3618,3618,0,0.0,0.0
3619,3619,3619,0,0.0,0.0
3620,3620,3620,0,0.0,0.0
3621,3621,3621,0,0.0,0.0
3622,3622,3622,0,0.0,0.0
3623,3623,3623,0,0.0,0.0
3624,3624,3624,0,0.0,0.0
3625,3625,3625,2,0.0,6.833004779686843e-06
3626,3626,3626,6,0.0,2.049901433906053e-05
3627,3627,3627,4,0.0,1.3666009559373686e-05
3628,3628,3628,8,0.0,2.7332019118747372e-05
3629,3629,3629,14,0.0,4.7831033457807905e-05
3630,3630,3630,17,0.058823529411764705,5.808054062733817e-05
3631,3631,3631,29,0.034482758620689655,9.907856930545922e-05
3632,3632,3632,23,0.043478260869565216,7.85795549663987e-05
3633,3633,3633,19,0.10526315789473684,6.491354540702501e-05
3634,3634,3634,53,0.1509433962264151,0.00018107462666170135
3635,3635,3635,100,0.21,0.0003416502389843422
3636,3636,3636,78,0.14102564102564102,0.00026648718640778687
3637,3637,3637,92,0.29347826086956524,0.0003143182198655948
3638,3638,3638,55,0.2545454545454545,0.0001879076314413882
3639,3639,3639,103,0.10679611650485436,0.00035189974615387244
3640,3640,3640,119,0.07563025210084033,0.00040656378439136716
3641,3641,3641,118,0.11016949152542373,0.00040314728200152377
3642,3642,3642,113,0.37168141592920356,0.0003860647700523067
3643,3643,3643,182,0.5659340659340659,0.0006218034349515027
3644,3644,3644,107,0.5981308411214953,0.00036556575571324615
3645,3645,3645,91,0.6483516483516484,0.0003109017174757514
3646,3646,3646,117,0.7008547008547008,0.00039973077961168033
3647,3647,3647,181,0.6795580110497238,0.0006183869325616594
3648,3648,3648,194,0.4587628865979381,0.0006628014636296238
3649,3649,3649,393,0.2340966921119593,0.0013426854392084647
3650,3650,3650,1226,0.2536704730831974,0.004188631929948035
3651,3651,3651,203,0.4827586206896552,0.0006935499851382146
3652,3652,3652,194,0.5309278350515464,0.0006628014636296238
3653,3653,3653,199,0.6733668341708543,0.000679883975578841
3654,3654,3654,200,0.665,0.0006833004779686843
3655,3655,3655,99,0.6565656565656566,0.00033823373659449873
3656,3656,3656,78,0.44871794871794873,0.00026648718640778687
3657,3657,3657,55,0.4909090909090909,0.0001879076314413882
3658,3658,3658,128,0.4921875,0.00043731230589995796
3659,3659,3659,132,0.6060606060606061,0.00045097831545933166
3660,3660,3660,135,0.7333333333333333,0.00046122782262886193
3661,3661,3661,117,0.6581196581196581,0.00039973077961168033
3662,3662,3662,139,0.6474820143884892,0.00047489383218823563
3663,3663,3663,164,0.6646341463414634,0.0005603063919343212
3664,3664,3664,32,0.625,0.00010932807647498949
3665,3665,3665,45,0.37777777777777777,0.00015374260754295397
3666,3666,3666,45,0.4444444444444444,0.00015374260754295397
3667,3667,3667,52,0.6730769230769231,0.00017765812427185794
3668,3668,3668,120,0.5833333333333334,0.0004099802867812106
3669,3669,3669,118,0.6101694915254238,0.00040314728200152377
3670,3670,3670,70,0.7571428571428571,0.0002391551672890395
3671,3671,3671,27,0.8518518518518519,9.224556452577238e-05
3672,3672,3672,22,0.6363636363636364,7.516305257655528e-05
3673,3673,3673,47,0.574468085106383,0.00016057561232264082
3674,3674,3674,120,0.6416666666666667,0.0004099802867812106
3675,3675,3675,61,0.36065573770491804,0.0002084066457804487
3676,3676,3676,12,0.16666666666666666,4.099802867812106e-05
3677,3677,3677,3,0.0,1.0249507169530265e-05
3678,3678,3678,0,0.0,0.0
3679,3679,3679,2,0.0,6.833004779686843e-06
3680,3680,3680,0,0.0,0.0
3681,3681,3681,0,0.0,0.0
3682,3682,3682,0,0.0,0.0
3683,3683,3683,0,0.0,0.0
3684,3684,3684,0,0.0,0.0
3685,3685,3685,0,0.0,0.0
3686,3686,3686,0,0.0,0.0
3687,3687,3687,0,0.0,0.0
3688,3688,3688,0,0.0,0.0
3689,3689,3689,0,0.0,0.0
3690,3690,3690,0,0.0,0.0
3691,3691,3691,0,0.0,0.0
3692,3692,3692,0,0.0,0.0
3693,3693,3693,0,0.0,0.0
3694,3694,3694,0,0.0,0.0
3695,3695,3695,0,0.0,0.0
3696,3696,3696,0,0.0,0.0
3697,3697,3697,6,0.0,2.049901433906053e-05
3698,3698,3698,5,0.0,1.708251194921711e-05
3699,3699,3699,9,0.0,3.074852150859079e-05
3700,3700,3700,2,0.0,6.833004779686843e-06
3701,3701,3701,4,0.0,1.3666009559373686e-05
3702,3702,3702,30,0.1,0.00010249507169530265
3703,3703,3703,41,0.07317073170731707,0.0001400765979835803
3704,3704,3704,70,0.08571428571428572,0.0002391551672890395
3705,3705,3705,94,0.23404255319148937,0.00032115122464528164
3706,3706,3706,70,0.35714285714285715,0.0002391551672890395
3707,3707,3707,31,0.3548387096774194,0.00010591157408514608
3708,3708,3708,31,0.3548387096774194,0.00010591157408514608
3709,3709,3709,11,0.45454545454545453,3.758152628827764e-05
3710,3710,3710,57,0.07017543859649122,0.00019474063622107503
3711,3711,3711,142,0.04929577464788732,0.0004851433393577659
3712,3712,3712,184,0.07065217391304347,0.0006286364397311896
3713,3713,3713,118,0.2457627118644068,0.00040314728200152377
3714,3714,3714,226,0.47345132743362833,0.0007721295401046134
3715,3715,3715,168,0.5714285714285714,0.0005739724014936948
3716,3716,3716,88,0.7045454545454546,0.0003006522103062211
3717,3717,3717,119,0.6386554621848739,0.00040656378439136716
3718,3718,3718,123,0.5772357723577236,0.00042022979395074086
3719,3719,3719,140,0.55,0.000478310334578079
3720,3720,3720,146,0.3082191780821918,0.0004988093489171396
3721,3721,3721,354,0.2288135593220339,0.0012094418460045712
3722,3722,3722,210,0.32857142857142857,0.0007174655018671185
3723,3723,3723,170,0.4470588235294118,0.0005808054062733817
3724,3724,3724,162,0.5617283950617284,0.0005534733871546343
3725,3725,3725,126,0.5634920634920635,0.00043047930112027113
3726,3726,3726,111,0.5315315315315315,0.0003792317652726198
3727,3727,3727,116,0.43103448275862066,0.0003963142772218369
3728,3728,3728,30,0.16666666666666666,0.00010249507169530265
3729,3729,3729,58,0.4482758620689655,0.00019815713861091845
3730,3730,3730,144,0.6111111111111112,0.0004919763441374527
3731,3731,3731,120,0.625,0.0004099802867812106
3732,3732,3732,61,0.6065573770491803,0.0002084066457804487
3733,3733,3733,40,0.6,0.00013666009559373687
3734,3734,3734,39,0.6153846153846154,0.00013324359320389343
3735,3735,3735,21,0.3333333333333333,7.174655018671185e-05
3736,3736,3736,20,0.35,6.833004779686844e-05
3737,3737,3737,22,0.2727272727272727,7.516305257655528e-05
3738,3738,3738,32,0.625,0.00010932807647498949
3739,3739,3739,137,0.6423357664233577,0.00046806082740854875
3740,3740,3740,177,0.7175141242937854,0.0006047209230022856
3741,3741,3741,96,0.75,0.00032798422942496847
3742,3742,3742,37,0.7837837837837838,0.0001264105884242066
3743,3743,3743,8,0.375,2.7332019118747372e-05
3744,3744,3744,17,0.5294117647058824,5.808054062733817e-05
3745,3745,3745,122,0.5737704918032787,0.0004168132915608974
3746,3746,3746,127,0.5118110236220472,0.00043389580351011457
3747,3747,3747,14,0.21428571428571427,4.7831033457807905e-05
3748,3748,3748,2,0.0,6.833004779686843e-06
3749,3749,3749,0,0.0,0.0
3750,3750,3750,0,0.0,0.0
3751,3751,3751,0,0.0,0.0
3752,3752,3752,0,0.0,0.0
3753,3753,3753,0,0.0,0.0
3754,3754,3754,0,0.0,0.0
3755,3755,3755,0,0.0,0.0
3756,3756,3756,0,0.0,0.0
3757,3757,3757,0,0.0,0.0
3758,3758,3758,0,0.0,0.0
3759,3759,3759,0,0.0,0.0
3760,3760,3760,0,0.0,0.0
3761,3761,3761,0,0.0,0.0
3762,3762,3762,0,0.0,0.0
3763,3763,3763,0,0.0,0.0
3764,3764,3764,0,0.0,0.0
3765,3765,3765,0,0.0,0.0
3766,3766,3766,0,0.0,0.0
3767,3767,3767,0,0.0,0.0
3768,3768,3768,4,0.0,1.3666009559373686e-05
3769,3769,3769,9,0.0,3.074852150859079e-05
3770,3770,3770,8,0.0,2.7332019118747372e-05
3771,3771,3771,10,0.0,3.416502389843422e-05
3772,3772,3772,2,0.0,6.833004779686843e-06
3773,3773,3773,27,0.037037037037037035,9.224556452577238e-05
3774,3774,3774,61,0.09836065573770492,0.0002084066457804487
3775,3775,3775,40,0.075,0.00013666009559373687
3776,3776,3776,42,0.2857142857142857,0.0001434931003734237
3777,3777,3777,34,0.38235294117647056,0.00011616108125467634
3778,3778,3778,21,0.3333333333333333,7.174655018671185e-05
3779,3779,3779,11,0.36363636363636365,3.758152628827764e-05
3780,3780,3780,11,0.36363636363636365,3.758152628827764e-05
3781,3781,3781,52,0.2692307692307692,0.00017765812427185794
3782,3782,3782,67,0.07462686567164178,0.00022890566011950924
3783,3783,3783,168,0.05357142857142857,0.0005739724014936948
3784,3784,3784,214,0.09813084112149532,0.0007311315114264923
3785,3785,3785,110,0.23636363636363636,0.0003758152628827764
3786,3786,3786,78,0.358974358974359,0.00026648718640778687
3787,3787,3787,69,0.4492753623188406,0.0002357386648991961
3788,3788,3788,78,0.6153846153846154,0.00026648718640778687
3789,3789,3789,117,0.42735042735042733,0.00039973077961168033
3790,3790,3790,104,0.3076923076923077,0.0003553162485437159
3791,3791,3791,125,0.28,0.0004270627987304277
3792,3792,3792,152,0.3618421052631579,0.0005193083632562001
3793,3793,3793,261,0.3218390804597701,0.0008917071237491331
3794,3794,3794,157,0.445859872611465,0.0005363908752054172
3795,3795,3795,188,0.5531914893617021,0.0006423024492905633
3796,3796,3796,131,0.5572519083969466,0.0004475618130694882
3797,3797,3797,88,0.45454545454545453,0.0003006522103062211
3798,3798,3798,132,0.36363636363636365,0.00045097831545933166
3799,3799,3799,44,0.25,0.00015032610515311055
3800,3800,3800,41,0.4146341463414634,0.0001400765979835803
3801,3801,3801,148,0.44594594594594594,0.0005056423536968264
3802,3802,3802,91,0.32967032967032966,0.0003109017174757514
3803,3803,3803,66,0.4090909090909091,0.00022548915772966583
3804,3804,3804,32,0.375,0.00010932807647498949
3805,3805,3805,15,0.4,5.1247535847651325e-05
3806,3806,3806,3,0.0,1.0249507169530265e-05
3807,3807,3807,13,0.3076923076923077,4.4414531067964485e-05
3808,3808,3808,18,0.3333333333333333,6.149704301718158e-05
3809,3809,3809,23,0.34782608695652173,7.85795549663987e-05
3810,3810,3810,33,0.5151515151515151,0.00011274457886483292
3811,3811,3811,245,0.6081632653061224,0.0008370430855116383
3812,3812,3812,500,0.592,0.0017082511949217108
3813,3813,3813,25,0.72,8.541255974608554e-05
3814,3814,3814,4,0.5,1.3666009559373686e-05
3815,3815,3815,12,0.5,4.099802867812106e-05
3816,3816,3816,33,0.5757575757575758,0.00011274457886483292
3817,3817,3817,45,0.4888888888888889,0.00015374260754295397
3818,3818,3818,8,0.25,2.7332019118747372e-05
3819,3819,3819,20,0.05,6.833004779686844e-05
3820,3820,3820,3,0.0,1.0249507169530265e-05
3821,3821,3821,0,0.0,0.0
3822,3822,3822,0,0.0,0.0
3823,3823,3823,0,0.0,0.0
3824,3824,3824,0,0.0,0.0
3825,3825,3825,0,0.0,0.0
3826,3826,3826,0,0.0,0.0
3827,3827,3827,0,0.0,0.0
3828,3828,3828,0,0.0,0.0
3829,3829,3829,0,0.0,0.0
3830,3830,3830,0,0.0,0.0
3831,3831,3831,0,0.0,0.0
3832,3832,3832,0,0.0,0.0
3833,3833,3833,0,0.0,0.0
3834,3834,3834,0,0.0,0.0
3835,3835,3835,0,0.0,0.0
3836,3836,3836,0,0.0,0.0
3837,3837,3837,0,0.0,0.0
3838,3838,3838,3,0.0,1.0249507169530265e-05
3839,3839,3839,4,0.0,1.3666009559373686e-05
3840,3840,3840,4,0.0,1.3666009559373686e-05
3841,3841,3841,3,0.0,1.0249507169530265e-05
3842,3842,3842,3,0.0,1.0249507169530265e-05
3843,3843,3843,8,0.125,2.7332019118747372e-05
3844,3844,3844,29,0.0,9.907856930545922e-05
3845,3845,3845,28,0.0,9.566206691561581e-05
3846,3846,3846,35,0.14285714285714285,0.00011957758364451976
3847,3847,3847,25,0.28,8.541255974608554e-05
3848,3848,3848,31,0.5483870967741935,0.00010591157408514608
3849,3849,3849,8,0.625,2.7332019118747372e-05
3850,3850,3850,20,0.9,6.833004779686844e-05
3851,3851,3851,20,0.3,6.833004779686844e-05
3852,3852,3852,51,0.21568627450980393,0.0001742416218820145
3853,3853,3853,31,0.16129032258064516,0.00010591157408514608
3854,3854,3854,144,0.2569444444444444,0.0004919763441374527
3855,3855,3855,186,0.20967741935483872,0.0006354694445108764
3856,3856,3856,66,0.030303030303030304,0.00022548915772966583
3857,3857,3857,80,0.075,0.00027332019118747375
3858,3858,3858,62,0.12903225806451613,0.00021182314817029215
3859,3859,3859,76,0.3815789473684211,0.00025965418162810004
3860,3860,3860,97,0.28865979381443296,0.0003314007318148119
3861,3861,3861,90,0.4111111111111111,0.00030748521508590793
3862,3862,3862,111,0.43243243243243246,0.0003792317652726198
3863,3863,3863,126,0.6428571428571429,0.00043047930112027113
3864,3864,3864,247,0.5506072874493927,0.0008438760902913251
3865,3865,3865,106,0.5188679245283019,0.0003621492533234027
3866,3866,3866,89,0.3258426966292135,0.00030406871269606455
3867,3867,3867,106,0.5283018867924528,0.0003621492533234027
3868,3868,3868,164,0.4329268292682927,0.0005603063919343212
3869,3869,3869,182,0.22527472527472528,0.0006218034349515027
3870,3870,3870,43,0.18604651162790697,0.00014690960276326714
3871,3871,3871,27,0.14814814814814814,9.224556452577238e-05
3872,3872,3872,65,0.3076923076923077,0.00022207265533982242
3873,3873,3873,71,0.39436619718309857,0.00024257166967888295
3874,3874,3874,38,0.34210526315789475,0.00012982709081405002
3875,3875,3875,18,0.2222222222222222,6.149704301718158e-05
3876,3876,3876,36,0.3611111111111111,0.00012299408603436317
3877,3877,3877,33,0.06060606060606061,0.00011274457886483292
3878,3878,3878,14,0.07142857142857142,4.7831033457807905e-05
3879,3879,3879,21,0.19047619047619047,7.174655018671185e-05
3880,3880,3880,18,0.16666666666666666,6.149704301718158e-05
3881,3881,3881,62,0.6451612903225806,0.00021182314817029215
3882,3882,3882,80,0.4875,0.00027332019118747375
3883,3883,3883,194,0.6237113402061856,0.0006628014636296238
3884,3884,3884,66,0.5,0.00022548915772966583
3885,3885,3885,18,0.6666666666666666,6.149704301718158e-05
3886,3886,3886,2,0.5,6.833004779686843e-06
3887,3887,3887,4,0.25,1.3666009559373686e-05
3888,3888,3888,15,0.0,5.1247535847651325e-05
3889,3889,3889,11,0.0,3.758152628827764e-05
3890,3890,3890,4,0.0,1.3666009559373686e-05
3891,3891,3891,0,0.0,0.0
3892,3892,3892,0,0.0,0.0
3893,3893,3893,0,0.0,0.0
3894,3894,3894,0,0.0,0.0
3895,3895,3895,0,0.0,0.0
3896,3896,3896,0,0.0,0.0
3897,3897,3897,0,0.0,0.0
3898,3898,3898,0,0.0,0.0
3899,3899,3899,0,0.0,0.0
3900,3900,3900,0,0.0,0.0
3901,3901,3901,0,0.0,0.0
3902,3902,3902,0,0.0,0.0
3903,3903,3903,0,0.0,0.0
3904,3904,3904,0,0.0,0.0
3905,3905,3905,0,0.0,0.0
3906,3906,3906,0,0.0,0.0
3907,3907,3907,2,0.0,6.833004779686843e-06
3908,3908,3908,1,0.0,3.4165023898434215e-06
3909,3909,3909,6,0.0,2.049901433906053e-05
3910,3910,3910,7,0.0,2.3915516728903952e-05
3911,3911,3911,3,0.0,1.0249507169530265e-05
3912,3912,3912,2,0.0,6.833004779686843e-06
3913,3913,3913,15,0.13333333333333333,5.1247535847651325e-05
3914,3914,3914,18,0.05555555555555555,6.149704301718158e-05
3915,3915,3915,14,0.0,4.7831033457807905e-05
3916,3916,3916,27,0.0,9.224556452577238e-05
3917,3917,3917,17,0.11764705882352941,5.808054062733817e-05
3918,3918,3918,28,0.7142857142857143,9.566206691561581e-05
3919,3919,3919,30,0.7,0.00010249507169530265
3920,3920,3920,19,0.8421052631578947,6.491354540702501e-05
3921,3921,3921,17,0.8823529411764706,5.808054062733817e-05
3922,3922,3922,18,0.7777777777777778,6.149704301718158e-05
3923,3923,3923,56,0.7142857142857143,0.00019132413383123162
3924,3924,3924,43,0.4186046511627907,0.00014690960276326714
3925,3925,3925,35,0.17142857142857143,0.00011957758364451976
3926,3926,3926,30,0.06666666666666667,0.00010249507169530265
3927,3927,3927,45,0.044444444444444446,0.00015374260754295397
3928,3928,3928,55,0.03636363636363636,0.0001879076314413882
3929,3929,3929,57,0.15789473684210525,0.00019474063622107503
3930,3930,3930,77,0.3246753246753247,0.0002630706840179435
3931,3931,3931,116,0.4396551724137931,0.0003963142772218369
3932,3932,3932,49,0.42857142857142855,0.00016740861710232767
3933,3933,3933,88,0.5568181818181818,0.0003006522103062211
3934,3934,3934,80,0.6125,0.00027332019118747375
3935,3935,3935,108,0.5277777777777778,0.00036898225810308953
3936,3936,3936,124,0.4435483870967742,0.0004236462963405843
3937,3937,3937,97,0.27835051546391754,0.0003314007318148119
3938,3938,3938,88,0.26136363636363635,0.0003006522103062211
3939,3939,3939,153,0.3660130718954248,0.0005227248656460435
3940,3940,3940,167,0.15568862275449102,0.0005705558991038514
3941,3941,3941,87,0.10344827586206896,0.00029723570791637767
3942,3942,3942,65,0.03076923076923077,0.00022207265533982242
3943,3943,3943,168,0.16071428571428573,0.0005739724014936948
3944,3944,3944,61,0.2459016393442623,0.0002084066457804487
3945,3945,3945,28,0.25,9.566206691561581e-05
3946,3946,3946,16,0.0625,5.4664038237494744e-05
3947,3947,3947,37,0.10810810810810811,0.0001264105884242066
3948,3948,3948,100,0.11,0.0003416502389843422
3949,3949,3949,24,0.125,8.199605735624212e-05
3950,3950,3950,23,0.08695652173913043,7.85795549663987e-05
3951,3951,3951,116,0.11206896551724138,0.0003963142772218369
3952,3952,3952,83,0.3493975903614458,0.000283569698357004
3953,3953,3953,79,0.21518987341772153,0.0002699036887976303
3954,3954,3954,67,0.2537313432835821,0.00022890566011950924
3955,3955,3955,95,0.4842105263157895,0.0003245677270351251
3956,3956,3956,9,0.5555555555555556,3.074852150859079e-05
3957,3957,3957,0,0.0,0.0
3958,3958,3958,3,0.0,1.0249507169530265e-05
3959,3959,3959,5,0.2,1.708251194921711e-05
3960,3960,3960,6,0.0,2.049901433906053e-05
3961,3961,3961,1,0.0,3.4165023898434215e-06
3962,3962,3962,0,0.0,0.0
3963,3963,3963,0,0.0,0.0
3964,3964,3964,0,0.0,0.0
3965,3965,3965,0,0.0,0.0
3966,3966,3966,0,0.0,0.0
3967,3967,3967,0,0.0,0.0
3968,3968,3968,0,0.0,0.0
3969,3969,3969,0,0.0,0.0
3970,3970,3970,0,0.0,0.0
3971,3971,3971,0,0.0,0.0
3972,3972,3972,0,0.0,0.0
3973,3973,3973,0,0.0,0.0
3974,3974,3974,0,0.0,0.0
3975,3975,3975,0,0.0,0.0
3976,3976,3976,0,0.0,0.0
3977,3977,3977,2,0.0,6.833004779686843e-06
3978,3978,3978,0,0.0,0.0
3979,3979,3979,0,0.0,0.0
3980,3980,3980,0,0.0,0.0
3981,3981,3981,3,0.0,1.0249507169530265e-05
3982,3982,3982,7,0.0,2.3915516728903952e-05
3983,3983,3983,16,0.0,5.4664038237494744e-05
3984,3984,3984,15,0.0,5.1247535847651325e-05
3985,3985,3985,15,0.06666666666666667,5.1247535847651325e-05
3986,3986,3986,13,0.07692307692307693,4.4414531067964485e-05
3987,3987,3987,5,0.2,1.708251194921711e-05
3988,3988,3988,18,0.2777777777777778,6.149704301718158e-05
3989,3989,3989,25,0.72,8.541255974608554e-05
3990,3990,3990,23,0.6521739130434783,7.85795549663987e-05
3991,3991,3991,36,0.75,0.00012299408603436317
3992,3992,3992,23,0.782608695652174,7.85795549663987e-05
3993,3993,3993,13,0.7692307692307693,4.4414531067964485e-05
3994,3994,3994,16,0.5625,5.4664038237494744e-05
3995,3995,3995,35,0.4,0.00011957758364451976
3996,3996,3996,54,0.05555555555555555,0.00018449112905154477
3997,3997,3997,45,0.06666666666666667,0.00015374260754295397
3998,3998,3998,51,0.0196078431372549,0.0001742416218820145
3999,3999,3999,49,0.04081632653061224,0.00016740861710232767
4000,4000,4000,79,0.189873417721519,0.0002699036887976303
4001,4001,4001,64,0.34375,0.00021865615294997898
4002,4002,4002,48,0.5625,0.00016399211471248423
4003,4003,4003,69,0.7536231884057971,0.0002357386648991961
4004,4004,4004,123,0.6747967479674797,0.00042022979395074086
4005,4005,4005,182,0.6758241758241759,0.0006218034349515027
4006,4006,4006,135,0.6,0.00046122782262886193
4007,4007,4007,138,0.427536231884058,0.0004714773297983922
4008,4008,4008,113,0.18584070796460178,0.0003860647700523067
4009,4009,4009,135,0.25925925925925924,0.00046122782262886193
4010,4010,4010,110,0.23636363636363636,0.0003758152628827764
4011,4011,4011,44,0.045454545454545456,0.00015032610515311055
4012,4012,4012,45,0.0,0.00015374260754295397
4013,4013,4013,138,0.043478260869565216,0.0004714773297983922
4014,4014,4014,201,0.029850746268656716,0.0006867169803585277
4015,4015,4015,75,0.02666666666666667,0.0002562376792382566
4016,4016,4016,53,0.07547169811320754,0.00018107462666170135
4017,4017,4017,26,0.07692307692307693,8.882906213592897e-05
4018,4018,4018,25,0.0,8.541255974608554e-05
4019,4019,4019,13,0.0,4.4414531067964485e-05
4020,4020,4020,10,0.0,3.416502389843422e-05
4021,4021,4021,21,0.0,7.174655018671185e-05
4022,4022,4022,85,0.2,0.00029040270313669084
4023,4023,4023,64,0.15625,0.00021865615294997898
4024,4024,4024,208,0.17307692307692307,0.0007106324970874318
4025,4025,4025,43,0.11627906976744186,0.00014690960276326714
4026,4026,4026,7,0.14285714285714285,2.3915516728903952e-05
4027,4027,4027,1,0.0,3.4165023898434215e-06
4028,4028,4028,1,0.0,3.4165023898434215e-06
4029,4029,4029,3,0.0,1.0249507169530265e-05
4030,4030,4030,4,0.0,1.3666009559373686e-05
4031,4031,4031,2,0.0,6.833004779686843e-06
4032,4032,4032,0,0.0,0.0
4033,4033,4033,0,0.0,0.0
4034,4034,4034,0,0.0,0.0
4035,4035,4035,0,0.0,0.0
4036,4036,4036,0,0.0,0.0
4037,4037,4037,0,0.0,0.0
4038,4038,4038,0,0.0,0.0
4039,4039,4039,0,0.0,0.0
4040,4040,4040,0,0.0,0.0
4041,4041,4041,0,0.0,0.0
4042,4042,4042,0,0.0,0.0
4043,4043,4043,0,0.0,0.0
4044,4044,4044,0,0.0,0.0
4045,4045,4045,0,0.0,0.0
4046,4046,4046,0,0.0,0.0
4047,4047,4047,1,0.0,3.4165023898434215e-06
4048,4048,4048,2,0.0,6.833004779686843e-06
4049,4049,4049,6,0.0,2.049901433906053e-05
4050,4050,4050,3,0.0,1.0249507169530265e-05
4051,4051,4051,0,0.0,0.0
4052,4052,4052,1,0.0,3.4165023898434215e-06
4053,4053,4053,10,0.0,3.416502389843422e-05
4054,4054,4054,8,0.0,2.7332019118747372e-05
4055,4055,4055,18,0.1111111111111111,6.149704301718158e-05
4056,4056,4056,30,0.06666666666666667,0.00010249507169530265
4057,4057,4057,48,0.08333333333333333,0.00016399211471248423
4058,4058,4058,9,0.2222222222222222,3.074852150859079e-05
4059,4059,4059,13,0.5384615384615384,4.4414531067964485e-05
4060,4060,4060,37,0.6216216216216216,0.0001264105884242066
4061,4061,4061,72,0.6388888888888888,0.00024598817206872634
4062,4062,4062,90,0.8,0.00030748521508590793
4063,4063,4063,46,0.782608695652174,0.0001571591099327974
4064,4064,4064,18,0.7222222222222222,6.149704301718158e-05
4065,4065,4065,8,0.25,2.7332019118747372e-05
4066,4066,4066,21,0.23809523809523808,7.174655018671185e-05
4067,4067,4067,63,0.047619047619047616,0.00021523965056013556
4068,4068,4068,83,0.08433734939759036,0.000283569698357004
4069,4069,4069,91,0.04395604395604396,0.0003109017174757514
4070,4070,4070,76,0.15789473684210525,0.00025965418162810004
4071,4071,4071,82,0.23170731707317074,0.0002801531959671606
4072,4072,4072,74,0.3918918918918919,0.0002528211768484132
4073,4073,4073,78,0.5769230769230769,0.00026648718640778687
4074,4074,4074,98,0.6122448979591837,0.00033481723420465535
4075,4075,4075,103,0.6796116504854369,0.00035189974615387244
4076,4076,4076,170,0.7705882352941177,0.0005808054062733817
4077,4077,4077,160,0.69375,0.0005466403823749475
4078,4078,4078,94,0.4574468085106383,0.00032115122464528164
4079,4079,4079,92,0.30434782608695654,0.0003143182198655948
4080,4080,4080,121,0.09917355371900827,0.00041339678917105404
4081,4081,4081,130,0.09230769230769231,0.00044414531067964484
4082,4082,4082,28,0.0,9.566206691561581e-05
4083,4083,4083,45,0.06666666666666667,0.00015374260754295397
4084,4084,4084,78,0.0641025641025641,0.00026648718640778687
4085,4085,4085,95,0.05263157894736842,0.0003245677270351251
4086,4086,4086,66,0.07575757575757576,0.00022548915772966583
4087,4087,4087,46,0.043478260869565216,0.0001571591099327974
4088,4088,4088,32,0.03125,0.00010932807647498949
4089,4089,4089,12,0.0,4.099802867812106e-05
4090,4090,4090,4,0.0,1.3666009559373686e-05
4091,4091,4091,5,0.0,1.708251194921711e-05
4092,4092,4092,6,0.0,2.049901433906053e-05
4093,4093,4093,1,0.0,3.4165023898434215e-06
4094,4094,4094,18,0.16666666666666666,6.149704301718158e-05
4095,4095,4095,68,0.08823529411764706,0.00023232216250935268
4096,4096,4096,29,0.06896551724137931,9.907856930545922e-05
4097,4097,4097,9,0.3333333333333333,3.074852150859079e-05
4098,4098,4098,2,0.5,6.833004779686843e-06
4099,4099,4099,0,0.0,0.0
4100,4100,4100,0,0.0,0.0
4101,4101,4101,0,0.0,0.0
4102,4102,4102,0,0.0,0.0
4103,4103,4103,0,0.0,0.0
4104,4104,4104,0,0.0,0.0
4105,4105,4105,0,0.0,0.0
4106,4106,4106,0,0.0,0.0
4107,4107,4107,0,0.0,0.0
4108,4108,4108,0,0.0,0.0
4109,4109,4109,0,0.0,0.0
4110,4110,4110,0,0.0,0.0
4111,4111,4111,0,0.0,0.0
4112,4112,4112,0,0.0,0.0
4113,4113,4113,0,0.0,0.0
4114,4114,4114,0,0.0,0.0
4115,4115,4115,0,0.0,0.0
4116,4116,4116,0,0.0,0.0
4117,4117,4117,0,0.0,0.0
4118,4118,4118,4,0.0,1.3666009559373686e-05
4119,4119,4119,13,0.0,4.4414531067964485e-05
4120,4120,4120,7,0.0,2.3915516728903952e-05
4121,4121,4121,3,0.0,1.0249507169530265e-05
4122,4122,4122,5,0.2,1.708251194921711e-05
4123,4123,4123,3,0.0,1.0249507169530265e-05
4124,4124,4124,0,0.0,0.0
4125,4125,4125,0,0.0,0.0
4126,4126,4126,4,0.0,1.3666009559373686e-05
4127,4127,4127,6,0.16666666666666666,2.049901433906053e-05
4128,4128,4128,20,0.05,6.833004779686844e-05
4129,4129,4129,19,0.15789473684210525,6.491354540702501e-05
4130,4130,4130,11,0.2727272727272727,3.758152628827764e-05
4131,4131,4131,30,0.43333333333333335,0.00010249507169530265
4132,4132,4132,177,0.672316384180791,0.0006047209230022856
4133,4133,4133,367,0.7411444141689373,0.0012538563770725358
4134,4134,4134,191,0.6963350785340314,0.0006525519564600935
4135,4135,4135,51,0.4117647058823529,0.0001742416218820145
4136,4136,4136,32,0.28125,0.00010932807647498949
4137,4137,4137,8,0.0,2.7332019118747372e-05
4138,4138,4138,20,0.05,6.833004779686844e-05
4139,4139,4139,24,0.041666666666666664,8.199605735624212e-05
4140,4140,4140,48,0.041666666666666664,0.00016399211471248423
4141,4141,4141,104,0.11538461538461539,0.0003553162485437159
4142,4142,4142,43,0.23255813953488372,0.00014690960276326714
4143,4143,4143,63,0.5079365079365079,0.00021523965056013556
4144,4144,4144,195,0.6974358974358974,0.0006662179660194672
4145,4145,4145,111,0.6756756756756757,0.0003792317652726198
4146,4146,4146,65,0.7076923076923077,0.00022207265533982242
4147,4147,4147,84,0.7023809523809523,0.0002869862007468474
4148,4148,4148,151,0.6490066225165563,0.0005158918608663567
4149,4149,4149,85,0.4,0.00029040270313669084
4150,4150,4150,97,0.24742268041237114,0.0003314007318148119
4151,4151,4151,83,0.20481927710843373,0.000283569698357004
4152,4152,4152,76,0.039473684210526314,0.00025965418162810004
4153,4153,4153,26,0.038461538461538464,8.882906213592897e-05
4154,4154,4154,55,0.0,0.0001879076314413882
4155,4155,4155,31,0.0,0.00010591157408514608
4156,4156,4156,57,0.017543859649122806,0.00019474063622107503
4157,4157,4157,44,0.045454545454545456,0.00015032610515311055
4158,4158,4158,35,0.05714285714285714,0.00011957758364451976
4159,4159,4159,33,0.06060606060606061,0.00011274457886483292
4160,4160,4160,8,0.0,2.7332019118747372e-05
4161,4161,4161,1,0.0,3.4165023898434215e-06
4162,4162,4162,1,0.0,3.4165023898434215e-06
4163,4163,4163,1,0.0,3.4165023898434215e-06
4164,4164,4164,3,0.0,1.0249507169530265e-05
4165,4165,4165,1,0.0,3.4165023898434215e-06
4166,4166,4166,14,0.0,4.7831033457807905e-05
4167,4167,4167,7,0.14285714285714285,2.3915516728903952e-05
4168,4168,4168,1,0.0,3.4165023898434215e-06
4169,4169,4169,1,0.0,3.4165023898434215e-06
4170,4170,4170,0,0.0,0.0
4171,4171,4171,0,0.0,0.0
4172,4172,4172,0,0.0,0.0
4173,4173,4173,0,0.0,0.0
4174,4174,4174,0,0.0,0.0
4175,4175,4175,0,0.0,0.0
4176,4176,4176,0,0.0,0.0
4177,4177,4177,0,0.0,0.0
4178,4178,4178,0,0.0,0.0
4179,4179,4179,0,0.0,0.0
4180,4180,4180,0,0.0,0.0
4181,4181,4181,0,0.0,0.0
4182,4182,4182,0,0.0,0.0
4183,4183,4183,0,0.0,0.0
4184,4184,4184,0,0.0,0.0
4185,4185,4185,0,0.0,0.0
4186,4186,4186,0,0.0,0.0
4187,4187,4187,0,0.0,0.0
4188,4188,4188,0,0.0,0.0
4189,4189,4189,0,0.0,0.0
4190,4190,4190,2,0.0,6.833004779686843e-06
4191,4191,4191,0,0.0,0.0
4192,4192,4192,0,0.0,0.0
4193,4193,4193,1,1.0,3.4165023898434215e-06
4194,4194,4194,4,0.0,1.3666009559373686e-05
4195,4195,4195,6,0.0,2.049901433906053e-05
4196,4196,4196,1,0.0,3.4165023898434215e-06
4197,4197,4197,1,0.0,3.4165023898434215e-06
4198,4198,4198,1,0.0,3.4165023898434215e-06
4199,4199,4199,6,0.16666666666666666,2.049901433906053e-05
4200,4200,4200,5,0.0,1.708251194921711e-05
4201,4201,4201,8,0.5,2.7332019118747372e-05
4202,4202,4202,24,0.4166666666666667,8.199605735624212e-05
4203,4203,4203,76,0.618421052631579,0.00025965418162810004
4204,4204,4204,231,0.670995670995671,0.0007892120520538304
4205,4205,4205,175,0.5714285714285714,0.0005978879182225988
4206,4206,4206,79,0.34177215189873417,0.0002699036887976303
4207,4207,4207,43,0.18604651162790697,0.00014690960276326714
4208,4208,4208,8,0.125,2.7332019118747372e-05
4209,4209,4209,6,0.16666666666666666,2.049901433906053e-05
4210,4210,4210,23,0.043478260869565216,7.85795549663987e-05
4211,4211,4211,38,0.07894736842105263,0.00012982709081405002
4212,4212,4212,32,0.09375,0.00010932807647498949
4213,4213,4213,32,0.21875,0.00010932807647498949
4214,4214,4214,65,0.1076923076923077,0.00022207265533982242
4215,4215,4215,108,0.4074074074074074,0.00036898225810308953
4216,4216,4216,74,0.581081081081081,0.0002528211768484132
4217,4217,4217,51,0.6862745098039216,0.0001742416218820145
4218,4218,4218,117,0.6752136752136753,0.00039973077961168033
4219,4219,4219,153,0.673202614379085,0.0005227248656460435
4220,4220,4220,101,0.2376237623762376,0.0003450667413741856
4221,4221,4221,98,0.10204081632653061,0.00033481723420465535
4222,4222,4222,94,0.18085106382978725,0.00032115122464528164
4223,4223,4223,67,0.1044776119402985,0.00022890566011950924
4224,4224,4224,34,0.058823529411764705,0.00011616108125467634
4225,4225,4225,50,0.08,0.0001708251194921711
4226,4226,4226,20,0.0,6.833004779686844e-05
4227,4227,4227,16,0.0,5.4664038237494744e-05
4228,4228,4228,6,0.0,2.049901433906053e-05
4229,4229,4229,25,0.12,8.541255974608554e-05
4230,4230,4230,21,0.047619047619047616,7.174655018671185e-05
4231,4231,4231,8,0.0,2.7332019118747372e-05
4232,4232,4232,2,0.0,6.833004779686843e-06
4233,4233,4233,0,0.0,0.0
4234,4234,4234,1,0.0,3.4165023898434215e-06
4235,4235,4235,2,0.0,6.833004779686843e-06
4236,4236,4236,5,0.0,1.708251194921711e-05
4237,4237,4237,6,0.0,2.049901433906053e-05
4238,4238,4238,2,0.0,6.833004779686843e-06
4239,4239,4239,5,0.0,1.708251194921711e-05
4240,4240,4240,0,0.0,0.0
4241,4241,4241,0,0.0,0.0
4242,4242,4242,0,0.0,0.0
4243,4243,4243,0,0.0,0.0
4244,4244,4244,0,0.0,0.0
4245,4245,4245,0,0.0,0.0
4246,4246,4246,0,0.0,0.0
4247,4247,4247,0,0.0,0.0
4248,4248,4248,0,0.0,0.0
4249,4249,4249,0,0.0,0.0
4250,4250,4250,0,0.0,0.0
4251,4251,4251,0,0.0,0.0
4252,4252,4252,0,0.0,0.0
4253,4253,4253,0,0.0,0.0
4254,4254,4254,0,0.0,0.0
4255,4255,4255,0,0.0,0.0
4256,4256,4256,0,0.0,0.0
4257,4257,4257,0,0.0,0.0
4258,4258,4258,0,0.0,0.0
4259,4259,4259,0,0.0,0.0
4260,4260,4260,0,0.0,0.0
4261,4261,4261,0,0.0,0.0
4262,4262,4262,0,0.0,0.0
4263,4263,4263,0,0.0,0.0
4264,4264,4264,1,0.0,3.4165023898434215e-06
4265,4265,4265,3,0.0,1.0249507169530265e-05
4266,4266,4266,15,0.0,5.1247535847651325e-05
4267,4267,4267,26,0.0,8.882906213592897e-05
4268,4268,4268,33,0.030303030303030304,0.00011274457886483292
4269,4269,4269,5,0.0,1.708251194921711e-05
4270,4270,4270,1,0.0,3.4165023898434215e-06
4271,4271,4271,7,0.14285714285714285,2.3915516728903952e-05
4272,4272,4272,9,0.0,3.074852150859079e-05
4273,4273,4273,15,0.13333333333333333,5.1247535847651325e-05
4274,4274,4274,20,0.6,6.833004779686844e-05
4275,4275,4275,43,0.5348837209302325,0.00014690960276326714
4276,4276,4276,54,0.24074074074074073,0.00018449112905154477
4277,4277,4277,48,0.0625,0.00016399211471248423
4278,4278,4278,41,0.0975609756097561,0.0001400765979835803
4279,4279,4279,23,0.17391304347826086,7.85795549663987e-05
4280,4280,4280,4,0.0,1.3666009559373686e-05
4281,4281,4281,17,0.11764705882352941,5.808054062733817e-05
4282,4282,4282,15,0.06666666666666667,5.1247535847651325e-05
4283,4283,4283,19,0.15789473684210525,6.491354540702501e-05
4284,4284,4284,9,0.0,3.074852150859079e-05
4285,4285,4285,31,0.12903225806451613,0.00010591157408514608
4286,4286,4286,39,0.1282051282051282,0.00013324359320389343
4287,4287,4287,40,0.35,0.00013666009559373687
4288,4288,4288,71,0.43661971830985913,0.00024257166967888295
4289,4289,4289,122,0.5655737704918032,0.0004168132915608974
4290,4290,4290,130,0.6461538461538462,0.00044414531067964484
4291,4291,4291,132,0.12878787878787878,0.00045097831545933166
4292,4292,4292,189,0.05291005291005291,0.0006457189516804067
4293,4293,4293,148,0.04054054054054054,0.0005056423536968264
4294,4294,4294,117,0.042735042735042736,0.00039973077961168033
4295,4295,4295,34,0.029411764705882353,0.00011616108125467634
4296,4296,4296,53,0.03773584905660377,0.00018107462666170135
4297,4297,4297,18,0.0,6.149704301718158e-05
4298,4298,4298,2,0.0,6.833004779686843e-06
4299,4299,4299,15,0.0,5.1247535847651325e-05
4300,4300,4300,6,0.16666666666666666,2.049901433906053e-05
4301,4301,4301,12,0.0,4.099802867812106e-05
4302,4302,4302,3,0.0,1.0249507169530265e-05
4303,4303,4303,7,0.0,2.3915516728903952e-05
4304,4304,4304,4,0.25,1.3666009559373686e-05
4305,4305,4305,0,0.0,0.0
4306,4306,4306,2,0.0,6.833004779686843e-06
4307,4307,4307,4,0.0,1.3666009559373686e-05
4308,4308,4308,1,0.0,3.4165023898434215e-06
4309,4309,4309,0,0.0,0.0
4310,4310,4310,0,0.0,0.0
4311,4311,4311,0,0.0,0.0
4312,4312,4312,0,0.0,0.0
4313,4313,4313,0,0.0,0.0
4314,4314,4314,0,0.0,0.0
4315,4315,4315,0,0.0,0.0
4316,4316,4316,0,0.0,0.0
4317,4317,4317,0,0.0,0.0
4318,4318,4318,0,0.0,0.0
4319,4319,4319,0,0.0,0.0
4320,4320,4320,0,0.0,0.0
4321,4321,4321,0,0.0,0.0
4322,4322,4322,0,0.0,0.0
4323,4323,4323,0,0.0,0.0
4324,4324,4324,0,0.0,0.0
4325,4325,4325,0,0.0,0.0
4326,4326,4326,0,0.0,0.0
4327,4327,4327,0,0.0,0.0
4328,4328,4328,0,0.0,0.0
4329,4329,4329,0,0.0,0.0
4330,4330,4330,0,0.0,0.0
4331,4331,4331,0,0.0,0.0
4332,4332,4332,0,0.0,0.0
4333,4333,4333,0,0.0,0.0
4334,4334,4334,0,0.0,0.0
4335,4335,4335,4,0.0,1.3666009559373686e-05
4336,4336,4336,25,0.0,8.541255974608554e-05
4337,4337,4337,41,0.0,0.0001400765979835803
4338,4338,4338,41,0.07317073170731707,0.0001400765979835803
4339,4339,4339,22,0.045454545454545456,7.516305257655528e-05
4340,4340,4340,9,0.0,3.074852150859079e-05
4341,4341,4341,3,0.0,1.0249507169530265e-05
4342,4342,4342,2,0.0,6.833004779686843e-06
4343,4343,4343,19,0.10526315789473684,6.491354540702501e-05
4344,4344,4344,16,0.0625,5.4664038237494744e-05
4345,4345,4345,7,0.2857142857142857,2.3915516728903952e-05
4346,4346,4346,6,0.16666666666666666,2.049901433906053e-05
4347,4347,4347,14,0.14285714285714285,4.7831033457807905e-05
4348,4348,4348,10,0.0,3.416502389843422e-05
4349,4349,4349,8,0.0,2.7332019118747372e-05
4350,4350,4350,15,0.06666666666666667,5.1247535847651325e-05
4351,4351,4351,11,0.09090909090909091,3.758152628827764e-05
4352,4352,4352,11,0.0,3.758152628827764e-05
4353,4353,4353,26,0.07692307692307693,8.882906213592897e-05
4354,4354,4354,12,0.0,4.099802867812106e-05
4355,4355,4355,2,0.0,6.833004779686843e-06
4356,4356,4356,3,0.0,1.0249507169530265e-05
4357,4357,4357,29,0.27586206896551724,9.907856930545922e-05
4358,4358,4358,74,0.2702702702702703,0.0002528211768484132
4359,4359,4359,67,0.26865671641791045,0.00022890566011950924
4360,4360,4360,108,0.3148148148148148,0.00036898225810308953
4361,4361,4361,109,0.44036697247706424,0.00037239876049293297
4362,4362,4362,161,0.13043478260869565,0.0005500568847647909
4363,4363,4363,175,0.04,0.0005978879182225988
4364,4364,4364,96,0.041666666666666664,0.00032798422942496847
4365,4365,4365,79,0.0379746835443038,0.0002699036887976303
4366,4366,4366,95,0.031578947368421054,0.0003245677270351251
4367,4367,4367,87,0.06896551724137931,0.00029723570791637767
4368,4368,4368,33,0.0,0.00011274457886483292
4369,4369,4369,0,0.0,0.0
4370,4370,4370,3,0.0,1.0249507169530265e-05
4371,4371,4371,4,0.0,1.3666009559373686e-05
4372,4372,4372,9,0.0,3.074852150859079e-05
4373,4373,4373,2,0.0,6.833004779686843e-06
4374,4374,4374,2,0.0,6.833004779686843e-06
4375,4375,4375,1,0.0,3.4165023898434215e-06
4376,4376,4376,1,0.0,3.4165023898434215e-06
4377,4377,4377,0,0.0,0.0
4378,4378,4378,0,0.0,0.0
4379,4379,4379,0,0.0,0.0
4380,4380,4380,0,0.0,0.0
4381,4381,4381,0,0.0,0.0
4382,4382,4382,0,0.0,0.0
4383,4383,4383,0,0.0,0.0
4384,4384,4384,0,0.0,0.0
4385,4385,4385,0,0.0,0.0
4386,4386,4386,0,0.0,0.0
4387,4387,4387,0,0.0,0.0
4388,4388,4388,0,0.0,0.0
4389,4389,4389,0,0.0,0.0
4390,4390,4390,0,0.0,0.0
4391,4391,4391,0,0.0,0.0
4392,4392,4392,0,0.0,0.0
4393,4393,4393,0,0.0,0.0
4394,4394,4394,0,0.0,0.0
4395,4395,4395,0,0.0,0.0
4396,4396,4396,0,0.0,0.0
4397,4397,4397,0,0.0,0.0
4398,4398,4398,0,0.0,0.0
4399,4399,4399,0,0.0,0.0
4400,4400,4400,0,0.0,0.0
4401,4401,4401,0,0.0,0.0
4402,4402,4402,0,0.0,0.0
4403,4403,4403,0,0.0,0.0
4404,4404,4404,2,0.0,6.833004779686843e-06
4405,4405,4405,2,0.0,6.833004779686843e-06
4406,4406,4406,6,0.0,2.049901433906053e-05
4407,4407,4407,22,0.0,7.516305257655528e-05
4408,4408,4408,21,0.0,7.174655018671185e-05
4409,4409,4409,66,0.06060606060606061,0.00022548915772966583
4410,4410,4410,11,0.0,3.758152628827764e-05
4411,4411,4411,13,0.0,4.4414531067964485e-05
4412,4412,4412,6,0.0,2.049901433906053e-05
4413,4413,4413,10,0.0,3.416502389843422e-05
4414,4414,4414,14,0.07142857142857142,4.7831033457807905e-05
4415,4415,4415,10,0.0,3.416502389843422e-05
4416,4416,4416,1,0.0,3.4165023898434215e-06
4417,4417,4417,3,0.3333333333333333,1.0249507169530265e-05
4418,4418,4418,10,0.4,3.416502389843422e-05
4419,4419,4419,8,0.125,2.7332019118747372e-05
4420,4420,4420,3,0.3333333333333333,1.0249507169530265e-05
4421,4421,4421,1,0.0,3.4165023898434215e-06
4422,4422,4422,10,0.0,3.416502389843422e-05
4423,4423,4423,13,0.0,4.4414531067964485e-05
4424,4424,4424,42,0.09523809523809523,0.0001434931003734237
4425,4425,4425,31,0.0967741935483871,0.00010591157408514608
4426,4426,4426,5,0.0,1.708251194921711e-05
4427,4427,4427,13,0.0,4.4414531067964485e-05
4428,4428,4428,31,0.06451612903225806,0.00010591157408514608
4429,4429,4429,136,0.014705882352941176,0.00046464432501870537
4430,4430,4430,173,0.057803468208092484,0.000591054913442912
4431,4431,4431,123,0.11382113821138211,0.00042022979395074086
4432,4432,4432,88,0.2727272727272727,0.0003006522103062211
4433,4433,4433,122,0.1557377049180328,0.0004168132915608974
4434,4434,4434,127,0.07874015748031496,0.00043389580351011457
4435,4435,4435,89,0.0898876404494382,0.00030406871269606455
4436,4436,4436,116,0.034482758620689655,0.0003963142772218369
4437,4437,4437,129,0.03875968992248062,0.0004407288082898014
4438,4438,4438,58,0.05172413793103448,0.00019815713861091845
4439,4439,4439,3,0.3333333333333333,1.0249507169530265e-05
4440,4440,4440,2,0.5,6.833004779686843e-06
4441,4441,4441,1,0.0,3.4165023898434215e-06
4442,4442,4442,0,0.0,0.0
4443,4443,4443,3,0.0,1.0249507169530265e-05
4444,4444,4444,0,0.0,0.0
4445,4445,4445,0,0.0,0.0
4446,4446,4446,0,0.0,0.0
4447,4447,4447,0,0.0,0.0
4448,4448,4448,0,0.0,0.0
4449,4449,4449,0,0.0,0.0
4450,4450,4450,0,0.0,0.0
4451,4451,4451,0,0.0,0.0
4452,4452,4452,0,0.0,0.0
4453,4453,4453,0,0.0,0.0
4454,4454,4454,0,0.0,0.0
4455,4455,4455,0,0.0,0.0
4456,4456,4456,0,0.0,0.0
4457,4457,4457,0,0.0,0.0
4458,4458,4458,0,0.0,0.0
4459,4459,4459,0,0.0,0.0
4460,4460,4460,0,0.0,0.0
4461,4461,4461,0,0.0,0.0
4462,4462,4462,0,0.0,0.0
4463,4463,4463,0,0.0,0.0
4464,4464,4464,0,0.0,0.0
4465,4465,4465,0,0.0,0.0
4466,4466,4466,0,0.0,0.0
4467,4467,4467,0,0.0,0.0
4468,4468,4468,0,0.0,0.0
4469,4469,4469,0,0.0,0.0
4470,4470,4470,0,0.0,0.0
4471,4471,4471,0,0.0,0.0
4472,4472,4472,0,0.0,0.0
4473,4473,4473,0,0.0,0.0
4474,4474,4474,0,0.0,0.0
4475,4475,4475,2,0.0,6.833004779686843e-06
4476,4476,4476,2,0.0,6.833004779686843e-06
4477,4477,4477,3,0.0,1.0249507169530265e-05
4478,4478,4478,4,0.0,1.3666009559373686e-05
4479,4479,4479,7,0.0,2.3915516728903952e-05
4480,4480,4480,48,0.041666666666666664,0.00016399211471248423
4481,4481,4481,15,0.0,5.1247535847651325e-05
4482,4482,4482,47,0.0,0.00016057561232264082
4483,4483,4483,20,0.0,6.833004779686844e-05
4484,4484,4484,13,0.07692307692307693,4.4414531067964485e-05
4485,4485,4485,2,0.0,6.833004779686843e-06
4486,4486,4486,8,0.0,2.7332019118747372e-05
4487,4487,4487,1,0.0,3.4165023898434215e-06
4488,4488,4488,1,0.0,3.4165023898434215e-06
4489,4489,4489,4,0.0,1.3666009559373686e-05
4490,4490,4490,6,0.0,2.049901433906053e-05
4491,4491,4491,3,0.0,1.0249507169530265e-05
4492,4492,4492,0,0.0,0.0
4493,4493,4493,1,0.0,3.4165023898434215e-06
4494,4494,4494,1,0.0,3.4165023898434215e-06
4495,4495,4495,2,0.0,6.833004779686843e-06
4496,4496,4496,20,0.15,6.833004779686844e-05
4497,4497,4497,4,0.25,1.3666009559373686e-05
4498,4498,4498,17,0.0,5.808054062733817e-05
4499,4499,4499,29,0.0,9.907856930545922e-05
4500,4500,4500,136,0.051470588235294115,0.00046464432501870537
4501,4501,4501,160,0.04375,0.0005466403823749475
4502,4502,4502,220,0.08181818181818182,0.0007516305257655528
4503,4503,4503,151,0.10596026490066225,0.0005158918608663567
4504,4504,4504,131,0.1450381679389313,0.0004475618130694882
4505,4505,4505,92,0.07608695652173914,0.0003143182198655948
4506,4506,4506,94,0.02127659574468085,0.00032115122464528164
4507,4507,4507,55,0.0,0.0001879076314413882
4508,4508,4508,27,0.1111111111111111,9.224556452577238e-05
4509,4509,4509,6,0.0,2.049901433906053e-05
4510,4510,4510,0,0.0,0.0
4511,4511,4511,0,0.0,0.0
4512,4512,4512,2,0.0,6.833004779686843e-06
4513,4513,4513,5,0.0,1.708251194921711e-05
4514,4514,4514,1,0.0,3.4165023898434215e-06
4515,4515,4515,0,0.0,0.0
4516,4516,4516,0,0.0,0.0
4517,4517,4517,0,0.0,0.0
4518,4518,4518,0,0.0,0.0
4519,4519,4519,0,0.0,0.0
4520,4520,4520,0,0.0,0.0
4521,4521,4521,0,0.0,0.0
4522,4522,4522,0,0.0,0.0
4523,4523,4523,0,0.0,0.0
4524,4524,4524,0,0.0,0.0
4525,4525,4525,0,0.0,0.0
4526,4526,4526,0,0.0,0.0
4527,4527,4527,0,0.0,0.0
4528,4528,4528,0,0.0,0.0
4529,4529,4529,0,0.0,0.0
4530,4530,4530,0,0.0,0.0
4531,4531,4531,0,0.0,0.0
4532,4532,4532,0,0.0,0.0
4533,4533,4533,0,0.0,0.0
4534,4534,4534,0,0.0,0.0
4535,4535,4535,0,0.0,0.0
4536,4536,4536,0,0.0,0.0
4537,4537,4537,0,0.0,0.0
4538,4538,4538,0,0.0,0.0
4539,4539,4539,0,0.0,0.0
4540,4540,4540,0,0.0,0.0
4541,4541,4541,0,0.0,0.0
4542,4542,4542,0,0.0,0.0
4543,4543,4543,0,0.0,0.0
4544,4544,4544,0,0.0,0.0
4545,4545,4545,0,0.0,0.0
4546,4546,4546,0,0.0,0.0
4547,4547,4547,0,0.0,0.0
4548,4548,4548,0,0.0,0.0
4549,4549,4549,0,0.0,0.0
4550,4550,4550,4,0.0,1.3666009559373686e-05
4551,4551,4551,4,0.0,1.3666009559373686e-05
4552,4552,4552,11,0.0,3.758152628827764e-05
4553,4553,4553,80,0.0,0.00027332019118747375
4554,4554,4554,17,0.058823529411764705,5.808054062733817e-05
4555,4555,4555,4,0.25,1.3666009559373686e-05
4556,4556,4556,1,0.0,3.4165023898434215e-06
4557,4557,4557,5,0.0,1.708251194921711e-05
4558,4558,4558,9,0.0,3.074852150859079e-05
4559,4559,4559,1,0.0,3.4165023898434215e-06
4560,4560,4560,6,0.16666666666666666,2.049901433906053e-05
4561,4561,4561,9,0.0,3.074852150859079e-05
4562,4562,4562,2,0.0,6.833004779686843e-06
4563,4563,4563,2,0.0,6.833004779686843e-06
4564,4564,4564,3,0.0,1.0249507169530265e-05
4565,4565,4565,14,0.0,4.7831033457807905e-05
4566,4566,4566,5,0.0,1.708251194921711e-05
4567,4567,4567,27,0.1111111111111111,9.224556452577238e-05
4568,4568,4568,53,0.16981132075471697,0.00018107462666170135
4569,4569,4569,30,0.13333333333333333,0.00010249507169530265
4570,4570,4570,23,0.17391304347826086,7.85795549663987e-05
4571,4571,4571,66,0.015151515151515152,0.00022548915772966583
4572,4572,4572,121,0.049586776859504134,0.00041339678917105404
4573,4573,4573,208,0.052884615384615384,0.0007106324970874318
4574,4574,4574,158,0.0759493670886076,0.0005398073775952606
4575,4575,4575,70,0.04285714285714286,0.0002391551672890395
4576,4576,4576,19,0.05263157894736842,6.491354540702501e-05
4577,4577,4577,7,0.0,2.3915516728903952e-05
4578,4578,4578,1,0.0,3.4165023898434215e-06
4579,4579,4579,0,0.0,0.0
4580,4580,4580,0,0.0,0.0
4581,4581,4581,0,0.0,0.0
4582,4582,4582,0,0.0,0.0
4583,4583,4583,3,0.0,1.0249507169530265e-05
4584,4584,4584,0,0.0,0.0
4585,4585,4585,1,0.0,3.4165023898434215e-06
4586,4586,4586,0,0.0,0.0
4587,4587,4587,0,0.0,0.0
4588,4588,4588,0,0.0,0.0
4589,4589,4589,0,0.0,0.0
4590,4590,4590,0,0.0,0.0
4591,4591,4591,0,0.0,0.0
4592,4592,4592,0,0.0,0.0
4593,4593,4593,0,0.0,0.0
4594,4594,4594,0,0.0,0.0
4595,4595,4595,0,0.0,0.0
4596,4596,4596,0,0.0,0.0
4597,4597,4597,0,0.0,0.0
4598,4598,4598,0,0.0,0.0
4599,4599,4599,0,0.0,0.0
4600,4600,4600,0,0.0,0.0
4601,4601,4601,0,0.0,0.0
4602,4602,4602,0,0.0,0.0
4603,4603,4603,0,0.0,0.0
4604,4604,4604,0,0.0,0.0
4605,4605,4605,0,0.0,0.0
4606,4606,4606,0,0.0,0.0
4607,4607,4607,0,0.0,0.0
4608,4608,4608,0,0.0,0.0
4609,4609,4609,0,0.0,0.0
4610,4610,4610,0,0.0,0.0
4611,4611,4611,0,0.0,0.0
4612,4612,4612,0,0.0,0.0
4613,4613,4613,0,0.0,0.0
4614,4614,4614,0,0.0,0.0
4615,4615,4615,0,0.0,0.0
4616,4616,4616,0,0.0,0.0
4617,4617,4617,0,0.0,0.0
4618,4618,4618,0,0.0,0.0
4619,4619,4619,0,0.0,0.0
4620,4620,4620,0,0.0,0.0
4621,4621,4621,4,0.0,1.3666009559373686e-05
4622,4622,4622,3,0.0,1.0249507169530265e-05
4623,4623,4623,0,0.0,0.0
4624,4624,4624,11,0.09090909090909091,3.758152628827764e-05
4625,4625,4625,2,0.0,6.833004779686843e-06
4626,4626,4626,2,0.0,6.833004779686843e-06
4627,4627,4627,0,0.0,0.0
4628,4628,4628,0,0.0,0.0
4629,4629,4629,4,0.0,1.3666009559373686e-05
4630,4630,4630,2,0.0,6.833004779686843e-06
4631,4631,4631,2,0.0,6.833004779686843e-06
4632,4632,4632,1,0.0,3.4165023898434215e-06
4633,4633,4633,0,0.0,0.0
4634,4634,4634,3,0.0,1.0249507169530265e-05
4635,4635,4635,9,0.0,3.074852150859079e-05
4636,4636,4636,14,0.14285714285714285,4.7831033457807905e-05
4637,4637,4637,22,0.09090909090909091,7.516305257655528e-05
4638,4638,4638,28,0.10714285714285714,9.566206691561581e-05
4639,4639,4639,26,0.11538461538461539,8.882906213592897e-05
4640,4640,4640,15,0.3333333333333333,5.1247535847651325e-05
4641,4641,4641,17,0.23529411764705882,5.808054062733817e-05
4642,4642,4642,37,0.16216216216216217,0.0001264105884242066
4643,4643,4643,97,0.041237113402061855,0.0003314007318148119
4644,4644,4644,134,0.014925373134328358,0.0004578113202390185
4645,4645,4645,99,0.04040404040404041,0.00033823373659449873
4646,4646,4646,22,0.045454545454545456,7.516305257655528e-05
4647,4647,4647,1,0.0,3.4165023898434215e-06
4648,4648,4648,0,0.0,0.0
4649,4649,4649,0,0.0,0.0
4650,4650,4650,0,0.0,0.0
4651,4651,4651,0,0.0,0.0
4652,4652,4652,0,0.0,0.0
4653,4653,4653,0,0.0,0.0
4654,4654,4654,0,0.0,0.0
4655,4655,4655,0,0.0,0.0
4656,4656,4656,0,0.0,0.0
4657,4657,4657,0,0.0,0.0
4658,4658,4658,0,0.0,0.0
4659,4659,4659,0,0.0,0.0
4660,4660,4660,0,0.0,0.0
4661,4661,4661,0,0.0,0.0
4662,4662,4662,0,0.0,0.0
4663,4663,4663,0,0.0,0.0
4664,4664,4664,0,0.0,0.0
4665,4665,4665,0,0.0,0.0
4666,4666,4666,0,0.0,0.0
4667,4667,4667,0,0.0,0.0
4668,4668,4668,0,0.0,0.0
4669,4669,4669,0,0.0,0.0
4670,4670,4670,0,0.0,0.0
4671,4671,4671,0,0.0,0.0
4672,4672,4672,0,0.0,0.0
4673,4673,4673,0,0.0,0.0
4674,4674,4674,0,0.0,0.0
4675,4675,4675,0,0.0,0.0
4676,4676,4676,0,0.0,0.0
4677,4677,4677,0,0.0,0.0
4678,4678,4678,0,0.0,0.0
4679,4679,4679,0,0.0,0.0
4680,4680,4680,0,0.0,0.0
4681,4681,4681,0,0.0,0.0
4682,4682,4682,0,0.0,0.0
4683,4683,4683,0,0.0,0.0
4684,4684,4684,0,0.0,0.0
4685,4685,4685,0,0.0,0.0
4686,4686,4686,0,0.0,0.0
4687,4687,4687,0,0.0,0.0
4688,4688,4688,0,0.0,0.0
4689,4689,4689,0,0.0,0.0
4690,4690,4690,0,0.0,0.0
4691,4691,4691,3,0.0,1.0249507169530265e-05
4692,4692,4692,2,0.0,6.833004779686843e-06
4693,4693,4693,2,0.0,6.833004779686843e-06
4694,4694,4694,0,0.0,0.0
4695,4695,4695,5,0.0,1.708251194921711e-05
4696,4696,4696,4,0.0,1.3666009559373686e-05
4697,4697,4697,0,0.0,0.0
4698,4698,4698,2,0.0,6.833004779686843e-06
4699,4699,4699,5,0.0,1.708251194921711e-05
4700,4700,4700,4,0.0,1.3666009559373686e-05
4701,4701,4701,4,0.0,1.3666009559373686e-05
4702,4702,4702,2,0.0,6.833004779686843e-06
4703,4703,4703,7,0.14285714285714285,2.3915516728903952e-05
4704,4704,4704,5,0.0,1.708251194921711e-05
4705,4705,4705,3,0.3333333333333333,1.0249507169530265e-05
4706,4706,4706,2,1.0,6.833004779686843e-06
4707,4707,4707,8,0.0,2.7332019118747372e-05
4708,4708,4708,31,0.5483870967741935,0.00010591157408514608
4709,4709,4709,27,0.4444444444444444,9.224556452577238e-05
4710,4710,4710,6,0.5,2.049901433906053e-05
4711,4711,4711,2,1.0,6.833004779686843e-06
4712,4712,4712,18,0.5555555555555556,6.149704301718158e-05
4713,4713,4713,24,0.2916666666666667,8.199605735624212e-05
4714,4714,4714,32,0.0625,0.00010932807647498949
4715,4715,4715,50,0.08,0.0001708251194921711
4716,4716,4716,17,0.0,5.808054062733817e-05
4717,4717,4717,0,0.0,0.0
4718,4718,4718,0,0.0,0.0
4719,4719,4719,0,0.0,0.0
4720,4720,4720,0,0.0,0.0
4721,4721,4721,0,0.0,0.0
4722,4722,4722,0,0.0,0.0
4723,4723,4723,0,0.0,0.0
4724,4724,4724,0,0.0,0.0
4725,4725,4725,0,0.0,0.0
4726,4726,4726,0,0.0,0.0
4727,4727,4727,0,0.0,0.0
4728,4728,4728,0,0.0,0.0
4729,4729,4729,0,0.0,0.0
4730,4730,4730,0,0.0,0.0
4731,4731,4731,0,0.0,0.0
4732,4732,4732,0,0.0,0.0
4733,4733,4733,0,0.0,0.0
4734,4734,4734,0,0.0,0.0
4735,4735,4735,0,0.0,0.0
4736,4736,4736,0,0.0,0.0
4737,4737,4737,0,0.0,0.0
4738,4738,4738,0,0.0,0.0
4739,4739,4739,0,0.0,0.0
4740,4740,4740,0,0.0,0.0
4741,4741,4741,0,0.0,0.0
4742,4742,4742,0,0.0,0.0
4743,4743,4743,0,0.0,0.0
4744,4744,4744,0,0.0,0.0
4745,4745,4745,0,0.0,0.0
4746,4746,4746,0,0.0,0.0
4747,4747,4747,0,0.0,0.0
4748,4748,4748,0,0.0,0.0
4749,4749,4749,0,0.0,0.0
4750,4750,4750,0,0.0,0.0
4751,4751,4751,0,0.0,0.0
4752,4752,4752,0,0.0,0.0
4753,4753,4753,0,0.0,0.0
4754,4754,4754,0,0.0,0.0
4755,4755,4755,0,0.0,0.0
4756,4756,4756,0,0.0,0.0
4757,4757,4757,0,0.0,0.0
4758,4758,4758,0,0.0,0.0
4759,4759,4759,0,0.0,0.0
4760,4760,4760,0,0.0,0.0
4761,4761,4761,0,0.0,0.0
4762,4762,4762,2,0.0,6.833004779686843e-06
4763,4763,4763,2,0.0,6.833004779686843e-06
4764,4764,4764,1,0.0,3.4165023898434215e-06
4765,4765,4765,1,0.0,3.4165023898434215e-06
4766,4766,4766,0,0.0,0.0
4767,4767,4767,0,0.0,0.0
4768,4768,4768,0,0.0,0.0
4769,4769,4769,1,0.0,3.4165023898434215e-06
4770,4770,4770,4,0.0,1.3666009559373686e-05
4771,4771,4771,6,0.0,2.049901433906053e-05
4772,4772,4772,5,0.0,1.708251194921711e-05
4773,4773,4773,0,0.0,0.0
4774,4774,4774,2,0.0,6.833004779686843e-06
4775,4775,4775,2,0.0,6.833004779686843e-06
4776,4776,4776,4,0.25,1.3666009559373686e-05
4777,4777,4777,7,0.14285714285714285,2.3915516728903952e-05
4778,4778,4778,19,0.21052631578947367,6.491354540702501e-05
4779,4779,4779,26,0.2692307692307692,8.882906213592897e-05
4780,4780,4780,19,0.5789473684210527,6.491354540702501e-05
4781,4781,4781,17,0.47058823529411764,5.808054062733817e-05
4782,4782,4782,10,0.5,3.416502389843422e-05
4783,4783,4783,13,0.6923076923076923,4.4414531067964485e-05
4784,4784,4784,6,0.3333333333333333,2.049901433906053e-05
4785,4785,4785,11,0.18181818181818182,3.758152628827764e-05
4786,4786,4786,3,0.3333333333333333,1.0249507169530265e-05
4787,4787,4787,0,0.0,0.0
4788,4788,4788,0,0.0,0.0
4789,4789,4789,0,0.0,0.0
4790,4790,4790,0,0.0,0.0
4791,4791,4791,0,0.0,0.0
4792,4792,4792,0,0.0,0.0
4793,4793,4793,0,0.0,0.0
4794,4794,4794,0,0.0,0.0
4795,4795,4795,0,0.0,0.0
4796,4796,4796,0,0.0,0.0
4797,4797,4797,0,0.0,0.0
4798,4798,4798,0,0.0,0.0
4799,4799,4799,0,0.0,0.0
4800,4800,4800,0,0.0,0.0
4801,4801,4801,0,0.0,0.0
4802,4802,4802,0,0.0,0.0
4803,4803,4803,0,0.0,0.0
4804,4804,4804,0,0.0,0.0
4805,4805,4805,0,0.0,0.0
4806,4806,4806,0,0.0,0.0
4807,4807,4807,0,0.0,0.0
4808,4808,4808,0,0.0,0.0
4809,4809,4809,0,0.0,0.0
4810,4810,4810,0,0.0,0.0
4811,4811,4811,0,0.0,0.0
4812,4812,4812,0,0.0,0.0
4813,4813,4813,0,0.0,0.0
4814,4814,4814,0,0.0,0.0
4815,4815,4815,0,0.0,0.0
4816,4816,4816,0,0.0,0.0
4817,4817,4817,0,0.0,0.0
4818,4818,4818,0,0.0,0.0
4819,4819,4819,0,0.0,0.0
4820,4820,4820,0,0.0,0.0
4821,4821,4821,0,0.0,0.0
4822,4822,4822,0,0.0,0.0
4823,4823,4823,0,0.0,0.0
4824,4824,4824,0,0.0,0.0
4825,4825,4825,0,0.0,0.0
4826,4826,4826,0,0.0,0.0
4827,4827,4827,0,0.0,0.0
4828,4828,4828,0,0.0,0.0
4829,4829,4829,0,0.0,0.0
4830,4830,4830,1,0.0,3.4165023898434215e-06
4831,4831,4831,3,0.0,1.0249507169530265e-05
4832,4832,4832,2,0.0,6.833004779686843e-06
4833,4833,4833,0,0.0,0.0
4834,4834,4834,0,0.0,0.0
4835,4835,4835,0,0.0,0.0
4836,4836,4836,1,0.0,3.4165023898434215e-06
4837,4837,4837,0,0.0,0.0
4838,4838,4838,0,0.0,0.0
4839,4839,4839,0,0.0,0.0
4840,4840,4840,2,0.0,6.833004779686843e-06
4841,4841,4841,0,0.0,0.0
4842,4842,4842,0,0.0,0.0
4843,4843,4843,3,0.0,1.0249507169530265e-05
4844,4844,4844,1,0.0,3.4165023898434215e-06
4845,4845,4845,8,0.0,2.7332019118747372e-05
4846,4846,4846,6,0.0,2.049901433906053e-05
4847,4847,4847,8,0.0,2.7332019118747372e-05
4848,4848,4848,3,0.0,1.0249507169530265e-05
4849,4849,4849,6,0.3333333333333333,2.049901433906053e-05
4850,4850,4850,13,0.46153846153846156,4.4414531067964485e-05
4851,4851,4851,4,0.0,1.3666009559373686e-05
4852,4852,4852,1,0.0,3.4165023898434215e-06
4853,4853,4853,0,0.0,0.0
4854,4854,4854,0,0.0,0.0
4855,4855,4855,0,0.0,0.0
4856,4856,4856,0,0.0,0.0
4857,4857,4857,0,0.0,0.0
4858,4858,4858,0,0.0,0.0
4859,4859,4859,0,0.0,0.0
4860,4860,4860,0,0.0,0.0
4861,4861,4861,0,0.0,0.0
4862,4862,4862,0,0.0,0.0
4863,4863,4863,0,0.0,0.0
4864,4864,4864,0,0.0,0.0
4865,4865,4865,0,0.0,0.0
4866,4866,4866,0,0.0,0.0
4867,4867,4867,0,0.0,0.0
4868,4868,4868,0,0.0,0.0
4869,4869,4869,0,0.0,0.0
4870,4870,4870,0,0.0,0.0
4871,4871,4871,0,0.0,0.0
4872,4872,4872,0,0.0,0.0
4873,4873,4873,0,0.0,0.0
4874,4874,4874,0,0.0,0.0
4875,4875,4875,0,0.0,0.0
4876,4876,4876,0,0.0,0.0
4877,4877,4877,0,0.0,0.0
4878,4878,4878,0,0.0,0.0
4879,4879,4879,0,0.0,0.0
4880,4880,4880,0,0.0,0.0
4881,4881,4881,0,0.0,0.0
4882,4882,4882,0,0.0,0.0
4883,4883,4883,0,0.0,0.0
4884,4884,4884,0,0.0,0.0
4885,4885,4885,0,0.0,0.0
4886,4886,4886,0,0.0,0.0
4887,4887,4887,0,0.0,0.0
4888,4888,4888,0,0.0,0.0
4889,4889,4889,0,0.0,0.0
4890,4890,4890,0,0.0,0.0
4891,4891,4891,0,0.0,0.0
4892,4892,4892,0,0.0,0.0
4893,4893,4893,0,0.0,0.0
4894,4894,4894,0,0.0,0.0
4895,4895,4895,0,0.0,0.0
4896,4896,4896,0,0.0,0.0
4897,4897,4897,0,0.0,0.0
4898,4898,4898,0,0.0,0.0
4899,4899,4899,0,0.0,0.0
4900,4900,4900,3,0.0,1.0249507169530265e-05
4901,4901,4901,2,0.0,6.833004779686843e-06
4902,4902,4902,1,0.0,3.4165023898434215e-06
4903,4903,4903,0,0.0,0.0
4904,4904,4904,0,0.0,0.0
4905,4905,4905,0,0.0,0.0
4906,4906,4906,1,0.0,3.4165023898434215e-06
4907,4907,4907,5,0.0,1.708251194921711e-05
4908,4908,4908,1,0.0,3.4165023898434215e-06
4909,4909,4909,1,0.0,3.4165023898434215e-06
4910,4910,4910,7,0.0,2.3915516728903952e-05
4911,4911,4911,1,0.0,3.4165023898434215e-06
4912,4912,4912,0,0.0,0.0
4913,4913,4913,0,0.0,0.0
4914,4914,4914,1,0.0,3.4165023898434215e-06
4915,4915,4915,2,0.0,6.833004779686843e-06
4916,4916,4916,8,0.0,2.7332019118747372e-05
4917,4917,4917,9,0.0,3.074852150859079e-05
4918,4918,4918,2,0.0,6.833004779686843e-06
4919,4919,4919,1,0.0,3.4165023898434215e-06
4920,4920,4920,1,0.0,3.4165023898434215e-06
4921,4921,4921,11,0.0,3.758152628827764e-05
4922,4922,4922,5,0.4,1.708251194921711e-05
4923,4923,4923,1,0.0,3.4165023898434215e-06
4924,4924,4924,0,0.0,0.0
4925,4925,4925,0,0.0,0.0
4926,4926,4926,0,0.0,0.0
4927,4927,4927,0,0.0,0.0
4928,4928,4928,0,0.0,0.0
4929,4929,4929,0,0.0,0.0
4930,4930,4930,0,0.0,0.0
4931,4931,4931,0,0.0,0.0
4932,4932,4932,0,0.0,0.0
4933,4933,4933,0,0.0,0.0
4934,4934,4934,0,0.0,0.0
4935,4935,4935,0,0.0,0.0
4936,4936,4936,0,0.0,0.0
4937,4937,4937,0,0.0,0.0
4938,4938,4938,0,0.0,0.0
4939,4939,4939,0,0.0,0.0
4940,4940,4940,0,0.0,0.0
4941,4941,4941,0,0.0,0.0
4942,4942,4942,0,0.0,0.0
4943,4943,4943,0,0.0,0.0
4944,4944,4944,0,0.0,0.0
4945,4945,4945,0,0.0,0.0
4946,4946,4946,0,0.0,0.0
4947,4947,4947,0,0.0,0.0
4948,4948,4948,0,0.0,0.0
4949,4949,4949,0,0.0,0.0
4950,4950,4950,0,0.0,0.0
4951,4951,4951,0,0.0,0.0
4952,4952,4952,0,0.0,0.0
4953,4953,4953,0,0.0,0.0
4954,4954,4954,0,0.0,0.0
4955,4955,4955,0,0.0,0.0
4956,4956,4956,0,0.0,0.0
4957,4957,4957,0,0.0,0.0
4958,4958,4958,0,0.0,0.0
4959,4959,4959,0,0.0,0.0
4960,4960,4960,0,0.0,0.0
4961,4961,4961,0,0.0,0.0
4962,4962,4962,0,0.0,0.0
4963,4963,4963,0,0.0,0.0
4964,4964,4964,0,0.0,0.0
4965,4965,4965,0,0.0,0.0
4966,4966,4966,0,0.0,0.0
4967,4967,4967,0,0.0,0.0
4968,4968,4968,0,0.0,0.0
4969,4969,4969,0,0.0,0.0
4970,4970,4970,0,0.0,0.0
4971,4971,4971,0,0.0,0.0
4972,4972,4972,1,0.0,3.4165023898434215e-06
4973,4973,4973,0,0.0,0.0
4974,4974,4974,0,0.0,0.0
4975,4975,4975,0,0.0,0.0
4976,4976,4976,0,0.0,0.0
4977,4977,4977,0,0.0,0.0
4978,4978,4978,1,0.0,3.4165023898434215e-06
4979,4979,4979,1,0.0,3.4165023898434215e-06
4980,4980,4980,0,0.0,0.0
4981,4981,4981,0,0.0,0.0
4982,4982,4982,1,0.0,3.4165023898434215e-06
4983,4983,4983,0,0.0,0.0
4984,4984,4984,1,0.0,3.4165023898434215e-06
4985,4985,4985,0,0.0,0.0
4986,4986,4986,1,0.0,3.4165023898434215e-06
4987,4987,4987,0,0.0,0.0
4988,4988,4988,0,0.0,0.0
4989,4989,4989,1,0.0,3.4165023898434215e-06
4990,4990,4990,1,0.0,3.4165023898434215e-06
4991,4991,4991,3,0.3333333333333333,1.0249507169530265e-05
4992,4992,4992,11,0.2727272727272727,3.758152628827764e-05
4993,4993,4993,1,0.0,3.4165023898434215e-06
4994,4994,4994,0,0.0,0.0
4995,4995,4995,0,0.0,0.0
4996,4996,4996,0,0.0,0.0
4997,4997,4997,0,0.0,0.0
4998,4998,4998,0,0.0,0.0
4999,4999,4999,0,0.0,0.0
5000,5000,5000,0,0.0,0.0
5001,5001,5001,0,0.0,0.0
5002,5002,5002,0,0.0,0.0
5003,5003,5003,0,0.0,0.0
5004,5004,5004,0,0.0,0.0
5005,5005,5005,0,0.0,0.0
5006,5006,5006,0,0.0,0.0
5007,5007,5007,0,0.0,0.0
5008,5008,5008,0,0.0,0.0
5009,5009,5009,0,0.0,0.0
5010,5010,5010,0,0.0,0.0
5011,5011,5011,0,0.0,0.0
5012,5012,5012,0,0.0,0.0
5013,5013,5013,0,0.0,0.0
5014,5014,5014,0,0.0,0.0
5015,5015,5015,0,0.0,0.0
5016,5016,5016,0,0.0,0.0
5017,5017,5017,0,0.0,0.0
5018,5018,5018,0,0.0,0.0
5019,5019,5019,0,0.0,0.0
5020,5020,5020,0,0.0,0.0
5021,5021,5021,0,0.0,0.0
5022,5022,5022,0,0.0,0.0
5023,5023,5023,0,0.0,0.0
5024,5024,5024,0,0.0,0.0
5025,5025,5025,0,0.0,0.0
5026,5026,5026,0,0.0,0.0
5027,5027,5027,0,0.0,0.0
5028,5028,5028,0,0.0,0.0
5029,5029,5029,0,0.0,0.0
5030,5030,5030,0,0.0,0.0
5031,5031,5031,0,0.0,0.0
5032,5032,5032,0,0.0,0.0
5033,5033,5033,0,0.0,0.0
5034,5034,5034,0,0.0,0.0
5035,5035,5035,0,0.0,0.0
5036,5036,5036,0,0.0,0.0
5037,5037,5037,0,0.0,0.0
5038,5038,5038,0,0.0,0.0
5039,5039,5039,0,0.0,0.0
5040,5040,5040,0,0.0,0.0
5041,5041,5041,0,0.0,0.0
5042,5042,5042,0,0.0,0.0
5043,5043,5043,0,0.0,0.0
5044,5044,5044,0,0.0,0.0
5045,5045,5045,2,0.0,6.833004779686843e-06
5046,5046,5046,0,0.0,0.0
5047,5047,5047,0,0.0,0.0
5048,5048,5048,2,0.0,6.833004779686843e-06
5049,5049,5049,0,0.0,0.0
5050,5050,5050,0,0.0,0.0
5051,5051,5051,3,0.0,1.0249507169530265e-05
5052,5052,5052,2,0.0,6.833004779686843e-06
5053,5053,5053,1,0.0,3.4165023898434215e-06
5054,5054,5054,1,0.0,3.4165023898434215e-06
5055,5055,5055,1,0.0,3.4165023898434215e-06
5056,5056,5056,5,0.0,1.708251194921711e-05
5057,5057,5057,5,0.0,1.708251194921711e-05
5058,5058,5058,0,0.0,0.0
5059,5059,5059,0,0.0,0.0
5060,5060,5060,2,0.0,6.833004779686843e-06
5061,5061,5061,1,0.0,3.4165023898434215e-06
5062,5062,5062,4,0.25,1.3666009559373686e-05
5063,5063,5063,2,0.0,6.833004779686843e-06
5064,5064,5064,0,0.0,0.0
5065,5065,5065,0,0.0,0.0
5066,5066,5066,0,0.0,0.0
5067,5067,5067,0,0.0,0.0
5068,5068,5068,0,0.0,0.0
5069,5069,5069,0,0.0,0.0
5070,5070,5070,0,0.0,0.0
5071,5071,5071,0,0.0,0.0
5072,5072,5072,0,0.0,0.0
5073,5073,5073,0,0.0,0.0
5074,5074,5074,0,0.0,0.0
5075,5075,5075,0,0.0,0.0
5076,5076,5076,0,0.0,0.0
5077,5077,5077,0,0.0,0.0
5078,5078,5078,0,0.0,0.0
5079,5079,5079,0,0.0,0.0
5080,5080,5080,0,0.0,0.0
5081,5081,5081,0,0.0,0.0
5082,5082,5082,0,0.0,0.0
5083,5083,5083,0,0.0,0.0
5084,5084,5084,0,0.0,0.0
5085,5085,5085,0,0.0,0.0
5086,5086,5086,0,0.0,0.0
5087,5087,5087,0,0.0,0.0
5088,5088,5088,0,0.0,0.0
5089,5089,5089,0,0.0,0.0
5090,5090,5090,0,0.0,0.0
5091,5091,5091,0,0.0,0.0
5092,5092,5092,0,0.0,0.0
5093,5093,5093,0,0.0,0.0
5094,5094,5094,0,0.0,0.0
5095,5095,5095,0,0.0,0.0
5096,5096,5096,0,0.0,0.0
5097,5097,5097,0,0.0,0.0
5098,5098,5098,0,0.0,0.0
5099,5099,5099,0,0.0,0.0
5100,5100,5100,0,0.0,0.0
5101,5101,5101,0,0.0,0.0
5102,5102,5102,0,0.0,0.0
5103,5103,5103,0,0.0,0.0
5104,5104,5104,0,0.0,0.0
5105,5105,5105,0,0.0,0.0
5106,5106,5106,0,0.0,0.0
5107,5107,5107,0,0.0,0.0
5108,5108,5108,0,0.0,0.0
5109,5109,5109,0,0.0,0.0
5110,5110,5110,0,0.0,0.0
5111,5111,5111,0,0.0,0.0
5112,5112,5112,0,0.0,0.0
5113,5113,5113,0,0.0,0.0
5114,5114,5114,0,0.0,0.0
5115,5115,5115,0,0.0,0.0
5116,5116,5116,0,0.0,0.0
5117,5117,5117,0,0.0,0.0
5118,5118,5118,0,0.0,0.0
5119,5119,5119,1,0.0,3.4165023898434215e-06
5120,5120,5120,1,0.0,3.4165023898434215e-06
5121,5121,5121,2,0.0,6.833004779686843e-06
5122,5122,5122,3,0.0,1.0249507169530265e-05
5123,5123,5123,1,0.0,3.4165023898434215e-06
5124,5124,5124,3,0.0,1.0249507169530265e-05
5125,5125,5125,4,0.0,1.3666009559373686e-05
5126,5126,5126,7,0.0,2.3915516728903952e-05
5127,5127,5127,5,0.0,1.708251194921711e-05
5128,5128,5128,0,0.0,0.0
5129,5129,5129,1,0.0,3.4165023898434215e-06
5130,5130,5130,0,0.0,0.0
5131,5131,5131,5,0.0,1.708251194921711e-05
5132,5132,5132,3,0.3333333333333333,1.0249507169530265e-05
5133,5133,5133,0,0.0,0.0
5134,5134,5134,0,0.0,0.0
5135,5135,5135,0,0.0,0.0
5136,5136,5136,0,0.0,0.0
5137,5137,5137,0,0.0,0.0
5138,5138,5138,0,0.0,0.0
5139,5139,5139,0,0.0,0.0
5140,5140,5140,0,0.0,0.0
5141,5141,5141,0,0.0,0.0
5142,5142,5142,0,0.0,0.0
5143,5143,5143,0,0.0,0.0
5144,5144,5144,0,0.0,0.0
5145,5145,5145,0,0.0,0.0
5146,5146,5146,0,0.0,0.0
5147,5147,5147,0,0.0,0.0
5148,5148,5148,0,0.0,0.0
5149,5149,5149,0,0.0,0.0
5150,5150,5150,0,0.0,0.0
5151,5151,5151,0,0.0,0.0
5152,5152,5152,0,0.0,0.0
5153,5153,5153,0,0.0,0.0
5154,5154,5154,0,0.0,0.0
5155,5155,5155,0,0.0,0.0
5156,5156,5156,0,0.0,0.0
5157,5157,5157,0,0.0,0.0
5158,5158,5158,0,0.0,0.0
5159,5159,5159,0,0.0,0.0
5160,5160,5160,0,0.0,0.0
5161,5161,5161,0,0.0,0.0
5162,5162,5162,0,0.0,0.0
5163,5163,5163,0,0.0,0.0
5164,5164,5164,0,0.0,0.0
5165,5165,5165,0,0.0,0.0
5166,5166,5166,0,0.0,0.0
5167,5167,5167,0,0.0,0.0
5168,5168,5168,0,0.0,0.0
5169,5169,5169,0,0.0,0.0
5170,5170,5170,0,0.0,0.0
5171,5171,5171,0,0.0,0.0
5172,5172,5172,0,0.0,0.0
5173,5173,5173,0,0.0,0.0
5174,5174,5174,0,0.0,0.0
5175,5175,5175,0,0.0,0.0
5176,5176,5176,0,0.0,0.0
5177,5177,5177,0,0.0,0.0
5178,5178,5178,0,0.0,0.0
5179,5179,5179,0,0.0,0.0
5180,5180,5180,0,0.0,0.0
5181,5181,5181,0,0.0,0.0
5182,5182,5182,0,0.0,0.0
5183,5183,5183,0,0.0,0.0
5184,5184,5184,0,0.0,0.0
5185,5185,5185,0,0.0,0.0
5186,5186,5186,0,0.0,0.0
5187,5187,5187,6,0.0,2.049901433906053e-05
5188,5188,5188,0,0.0,0.0
5189,5189,5189,1,0.0,3.4165023898434215e-06
5190,5190,5190,0,0.0,0.0
5191,5191,5191,0,0.0,0.0
5192,5192,5192,11,0.0,3.758152628827764e-05
5193,5193,5193,3,0.0,1.0249507169530265e-05
5194,5194,5194,1,0.0,3.4165023898434215e-06
5195,5195,5195,0,0.0,0.0
5196,5196,5196,7,0.0,2.3915516728903952e-05
5197,5197,5197,11,0.0,3.758152628827764e-05
5198,5198,5198,0,0.0,0.0
5199,5199,5199,0,0.0,0.0
5200,5200,5200,0,0.0,0.0
5201,5201,5201,2,0.5,6.833004779686843e-06
5202,5202,5202,2,0.0,6.833004779686843e-06
5203,5203,5203,4,0.0,1.3666009559373686e-05
5204,5204,5204,0,0.0,0.0
5205,5205,5205,0,0.0,0.0
5206,5206,5206,0,0.0,0.0
5207,5207,5207,0,0.0,0.0
5208,5208,5208,0,0.0,0.0
5209,5209,5209,0,0.0,0.0
5210,5210,5210,0,0.0,0.0
5211,5211,5211,0,0.0,0.0
5212,5212,5212,0,0.0,0.0
5213,5213,5213,0,0.0,0.0
5214,5214,5214,0,0.0,0.0
5215,5215,5215,0,0.0,0.0
5216,5216,5216,0,0.0,0.0
5217,5217,5217,0,0.0,0.0
5218,5218,5218,0,0.0,0.0
5219,5219,5219,0,0.0,0.0
5220,5220,5220,0,0.0,0.0
5221,5221,5221,0,0.0,0.0
5222,5222,5222,0,0.0,0.0
5223,5223,5223,0,0.0,0.0
5224,5224,5224,0,0.0,0.0
5225,5225,5225,0,0.0,0.0
5226,5226,5226,0,0.0,0.0
5227,5227,5227,0,0.0,0.0
5228,5228,5228,0,0.0,0.0
5229,5229,5229,0,0.0,0.0
5230,5230,5230,0,0.0,0.0
5231,5231,5231,0,0.0,0.0
5232,5232,5232,0,0.0,0.0
5233,5233,5233,0,0.0,0.0
5234,5234,5234,0,0.0,0.0
5235,5235,5235,0,0.0,0.0
5236,5236,5236,0,0.0,0.0
5237,5237,5237,0,0.0,0.0
5238,5238,5238,0,0.0,0.0
5239,5239,5239,0,0.0,0.0
5240,5240,5240,0,0.0,0.0
5241,5241,5241,0,0.0,0.0
5242,5242,5242,0,0.0,0.0
5243,5243,5243,0,0.0,0.0
5244,5244,5244,0,0.0,0.0
5245,5245,5245,0,0.0,0.0
5246,5246,5246,0,0.0,0.0
5247,5247,5247,0,0.0,0.0
5248,5248,5248,0,0.0,0.0
5249,5249,5249,0,0.0,0.0
5250,5250,5250,0,0.0,0.0
5251,5251,5251,0,0.0,0.0
5252,5252,5252,0,0.0,0.0
5253,5253,5253,0,0.0,0.0
5254,5254,5254,0,0.0,0.0
5255,5255,5255,0,0.0,0.0
5256,5256,5256,0,0.0,0.0
5257,5257,5257,0,0.0,0.0
5258,5258,5258,6,0.0,2.049901433906053e-05
5259,5259,5259,0,0.0,0.0
5260,5260,5260,2,0.0,6.833004779686843e-06
5261,5261,5261,0,0.0,0.0
5262,5262,5262,2,0.0,6.833004779686843e-06
5263,5263,5263,13,0.07692307692307693,4.4414531067964485e-05
5264,5264,5264,4,0.0,1.3666009559373686e-05
5265,5265,5265,11,0.0,3.758152628827764e-05
5266,5266,5266,6,0.0,2.049901433906053e-05
5267,5267,5267,3,0.0,1.0249507169530265e-05
5268,5268,5268,1,0.0,3.4165023898434215e-06
5269,5269,5269,0,0.0,0.0
5270,5270,5270,0,0.0,0.0
5271,5271,5271,2,0.0,6.833004779686843e-06
5272,5272,5272,4,0.0,1.3666009559373686e-05
5273,5273,5273,3,0.0,1.0249507169530265e-05
5274,5274,5274,1,0.0,3.4165023898434215e-06
5275,5275,5275,1,0.0,3.4165023898434215e-06
5276,5276,5276,1,0.0,3.4165023898434215e-06
5277,5277,5277,0,0.0,0.0
5278,5278,5278,0,0.0,0.0
5279,5279,5279,0,0.0,0.0
5280,5280,5280,0,0.0,0.0
5281,5281,5281,0,0.0,0.0
5282,5282,5282,0,0.0,0.0
5283,5283,5283,0,0.0,0.0
5284,5284,5284,0,0.0,0.0
5285,5285,5285,0,0.0,0.0
5286,5286,5286,0,0.0,0.0
5287,5287,5287,0,0.0,0.0
5288,5288,5288,0,0.0,0.0
5289,5289,5289,0,0.0,0.0
5290,5290,5290,0,0.0,0.0
5291,5291,5291,0,0.0,0.0
5292,5292,5292,0,0.0,0.0
5293,5293,5293,0,0.0,0.0
5294,5294,5294,0,0.0,0.0
5295,5295,5295,0,0.0,0.0
5296,5296,5296,0,0.0,0.0
5297,5297,5297,0,0.0,0.0
5298,5298,5298,0,0.0,0.0
5299,5299,5299,0,0.0,0.0
5300,5300,5300,0,0.0,0.0
5301,5301,5301,0,0.0,0.0
5302,5302,5302,0,0.0,0.0
5303,5303,5303,0,0.0,0.0
5304,5304,5304,0,0.0,0.0
5305,5305,5305,0,0.0,0.0
5306,5306,5306,0,0.0,0.0
5307,5307,5307,0,0.0,0.0
5308,5308,5308,0,0.0,0.0
5309,5309,5309,0,0.0,0.0
5310,5310,5310,0,0.0,0.0
5311,5311,5311,0,0.0,0.0
5312,5312,5312,0,0.0,0.0
5313,5313,5313,0,0.0,0.0
5314,5314,5314,0,0.0,0.0
5315,5315,5315,0,0.0,0.0
5316,5316,5316,0,0.0,0.0
5317,5317,5317,0,0.0,0.0
5318,5318,5318,0,0.0,0.0
5319,5319,5319,0,0.0,0.0
5320,5320,5320,0,0.0,0.0
5321,5321,5321,0,0.0,0.0
5322,5322,5322,0,0.0,0.0
5323,5323,5323,0,0.0,0.0
5324,5324,5324,0,0.0,0.0
5325,5325,5325,0,0.0,0.0
5326,5326,5326,0,0.0,0.0
5327,5327,5327,1,0.0,3.4165023898434215e-06
5328,5328,5328,1,0.0,3.4165023898434215e-06
5329,5329,5329,1,0.0,3.4165023898434215e-06
5330,5330,5330,2,0.0,6.833004779686843e-06
5331,5331,5331,2,0.0,6.833004779686843e-06
5332,5332,5332,1,0.0,3.4165023898434215e-06
5333,5333,5333,7,0.14285714285714285,2.3915516728903952e-05
5334,5334,5334,19,0.0,6.491354540702501e-05
5335,5335,5335,44,0.0,0.00015032610515311055
5336,5336,5336,54,0.0,0.00018449112905154477
5337,5337,5337,7,0.0,2.3915516728903952e-05
5338,5338,5338,3,0.0,1.0249507169530265e-05
5339,5339,5339,0,0.0,0.0
5340,5340,5340,0,0.0,0.0
5341,5341,5341,0,0.0,0.0
5342,5342,5342,1,0.0,3.4165023898434215e-06
5343,5343,5343,1,0.0,3.4165023898434215e-06
5344,5344,5344,3,0.0,1.0249507169530265e-05
5345,5345,5345,44,0.022727272727272728,0.00015032610515311055
5346,5346,5346,15,0.0,5.1247535847651325e-05
5347,5347,5347,0,0.0,0.0
5348,5348,5348,0,0.0,0.0
5349,5349,5349,0,0.0,0.0
5350,5350,5350,0,0.0,0.0
5351,5351,5351,0,0.0,0.0
5352,5352,5352,0,0.0,0.0
5353,5353,5353,0,0.0,0.0
5354,5354,5354,0,0.0,0.0
5355,5355,5355,0,0.0,0.0
5356,5356,5356,0,0.0,0.0
5357,5357,5357,0,0.0,0.0
5358,5358,5358,0,0.0,0.0
5359,5359,5359,0,0.0,0.0
5360,5360,5360,0,0.0,0.0
5361,5361,5361,0,0.0,0.0
5362,5362,5362,0,0.0,0.0
5363,5363,5363,0,0.0,0.0
5364,5364,5364,0,0.0,0.0
5365,5365,5365,0,0.0,0.0
5366,5366,5366,0,0.0,0.0
5367,5367,5367,0,0.0,0.0
5368,5368,5368,0,0.0,0.0
5369,5369,5369,0,0.0,0.0
5370,5370,5370,0,0.0,0.0
5371,5371,5371,0,0.0,0.0
5372,5372,5372,0,0.0,0.0
5373,5373,5373,0,0.0,0.0
5374,5374,5374,0,0.0,0.0
5375,5375,5375,0,0.0,0.0
5376,5376,5376,0,0.0,0.0
5377,5377,5377,0,0.0,0.0
5378,5378,5378,0,0.0,0.0
5379,5379,5379,0,0.0,0.0
5380,5380,5380,0,0.0,0.0
5381,5381,5381,0,0.0,0.0
5382,5382,5382,0,0.0,0.0
5383,5383,5383,0,0.0,0.0
5384,5384,5384,0,0.0,0.0
5385,5385,5385,0,0.0,0.0
5386,5386,5386,0,0.0,0.0
5387,5387,5387,0,0.0,0.0
5388,5388,5388,0,0.0,0.0
5389,5389,5389,0,0.0,0.0
5390,5390,5390,0,0.0,0.0
5391,5391,5391,0,0.0,0.0
5392,5392,5392,0,0.0,0.0
5393,5393,5393,0,0.0,0.0
5394,5394,5394,0,0.0,0.0
5395,5395,5395,0,0.0,0.0
5396,5396,5396,0,0.0,0.0
5397,5397,5397,0,0.0,0.0
5398,5398,5398,0,0.0,0.0
5399,5399,5399,1,0.0,3.4165023898434215e-06
5400,5400,5400,0,0.0,0.0
5401,5401,5401,0,0.0,0.0
5402,5402,5402,0,0.0,0.0
5403,5403,5403,19,0.0,6.491354540702501e-05
5404,5404,5404,10,0.0,3.416502389843422e-05
5405,5405,5405,25,0.0,8.541255974608554e-05
5406,5406,5406,22,0.0,7.516305257655528e-05
5407,5407,5407,4,0.0,1.3666009559373686e-05
5408,5408,5408,1,0.0,3.4165023898434215e-06
5409,5409,5409,1,0.0,3.4165023898434215e-06
5410,5410,5410,5,0.0,1.708251194921711e-05
5411,5411,5411,1,0.0,3.4165023898434215e-06
5412,5412,5412,1,0.0,3.4165023898434215e-06
5413,5413,5413,3,0.0,1.0249507169530265e-05
5414,5414,5414,2,0.0,6.833004779686843e-06
5415,5415,5415,4,0.0,1.3666009559373686e-05
5416,5416,5416,28,0.07142857142857142,9.566206691561581e-05
5417,5417,5417,15,0.0,5.1247535847651325e-05
5418,5418,5418,1,0.0,3.4165023898434215e-06
5419,5419,5419,0,0.0,0.0
5420,5420,5420,0,0.0,0.0
5421,5421,5421,0,0.0,0.0
5422,5422,5422,0,0.0,0.0
5423,5423,5423,0,0.0,0.0
5424,5424,5424,0,0.0,0.0
5425,5425,5425,0,0.0,0.0
5426,5426,5426,0,0.0,0.0
5427,5427,5427,0,0.0,0.0
5428,5428,5428,0,0.0,0.0
5429,5429,5429,0,0.0,0.0
5430,5430,5430,0,0.0,0.0
5431,5431,5431,0,0.0,0.0
5432,5432,5432,0,0.0,0.0
5433,5433,5433,0,0.0,0.0
5434,5434,5434,0,0.0,0.0
5435,5435,5435,0,0.0,0.0
5436,5436,5436,0,0.0,0.0
5437,5437,5437,0,0.0,0.0
5438,5438,5438,0,0.0,0.0
5439,5439,5439,0,0.0,0.0
5440,5440,5440,0,0.0,0.0
5441,5441,5441,0,0.0,0.0
5442,5442,5442,0,0.0,0.0
5443,5443,5443,0,0.0,0.0
5444,5444,5444,0,0.0,0.0
5445,5445,5445,0,0.0,0.0
5446,5446,5446,0,0.0,0.0
5447,5447,5447,0,0.0,0.0
5448,5448,5448,0,0.0,0.0
5449,5449,5449,0,0.0,0.0
5450,5450,5450,0,0.0,0.0
5451,5451,5451,0,0.0,0.0
5452,5452,5452,0,0.0,0.0
5453,5453,5453,0,0.0,0.0
5454,5454,5454,0,0.0,0.0
5455,5455,5455,0,0.0,0.0
5456,5456,5456,0,0.0,0.0
5457,5457,5457,0,0.0,0.0
5458,5458,5458,0,0.0,0.0
5459,5459,5459,0,0.0,0.0
5460,5460,5460,0,0.0,0.0
5461,5461,5461,0,0.0,0.0
5462,5462,5462,0,0.0,0.0
5463,5463,5463,0,0.0,0.0
5464,5464,5464,0,0.0,0.0
5465,5465,5465,0,0.0,0.0
5466,5466,5466,0,0.0,0.0
5467,5467,5467,0,0.0,0.0
5468,5468,5468,0,0.0,0.0
5469,5469,5469,0,0.0,0.0
5470,5470,5470,0,0.0,0.0
5471,5471,5471,1,0.0,3.4165023898434215e-06
5472,5472,5472,1,0.0,3.4165023898434215e-06
5473,5473,5473,0,0.0,0.0
5474,5474,5474,10,0.0,3.416502389843422e-05
5475,5475,5475,14,0.0,4.7831033457807905e-05
5476,5476,5476,4,0.0,1.3666009559373686e-05
5477,5477,5477,1,0.0,3.4165023898434215e-06
5478,5478,5478,2,0.0,6.833004779686843e-06
5479,5479,5479,2,0.0,6.833004779686843e-06
5480,5480,5480,3,0.3333333333333333,1.0249507169530265e-05
5481,5481,5481,4,0.0,1.3666009559373686e-05
5482,5482,5482,0,0.0,0.0
5483,5483,5483,1,0.0,3.4165023898434215e-06
5484,5484,5484,1,0.0,3.4165023898434215e-06
5485,5485,5485,1,0.0,3.4165023898434215e-06
5486,5486,5486,11,0.09090909090909091,3.758152628827764e-05
5487,5487,5487,8,0.0,2.7332019118747372e-05
5488,5488,5488,5,0.0,1.708251194921711e-05
5489,5489,5489,1,0.0,3.4165023898434215e-06
5490,5490,5490,0,0.0,0.0
5491,5491,5491,0,0.0,0.0
5492,5492,5492,0,0.0,0.0
5493,5493,5493,0,0.0,0.0
5494,5494,5494,0,0.0,0.0
5495,5495,5495,0,0.0,0.0
5496,5496,5496,0,0.0,0.0
5497,5497,5497,0,0.0,0.0
5498,5498,5498,0,0.0,0.0
5499,5499,5499,0,0.0,0.0
5500,5500,5500,0,0.0,0.0
5501,5501,5501,0,0.0,0.0
5502,5502,5502,0,0.0,0.0
5503,5503,5503,0,0.0,0.0
5504,5504,5504,0,0.0,0.0
5505,5505,5505,0,0.0,0.0
5506,5506,5506,0,0.0,0.0
5507,5507,5507,0,0.0,0.0
5508,5508,5508,0,0.0,0.0
5509,5509,5509,0,0.0,0.0
5510,5510,5510,0,0.0,0.0
5511,5511,5511,0,0.0,0.0
5512,5512,5512,0,0.0,0.0
5513,5513,5513,0,0.0,0.0
5514,5514,5514,0,0.0,0.0
5515,5515,5515,0,0.0,0.0
5516,5516,5516,0,0.0,0.0
5517,5517,5517,0,0.0,0.0
5518,5518,5518,0,0.0,0.0
5519,5519,5519,0,0.0,0.0
5520,5520,5520,0,0.0,0.0
5521,5521,5521,0,0.0,0.0
5522,5522,5522,0,0.0,0.0
5523,5523,5523,0,0.0,0.0
5524,5524,5524,0,0.0,0.0
5525,5525,5525,0,0.0,0.0
5526,5526,5526,0,0.0,0.0
5527,5527,5527,0,0.0,0.0
5528,5528,5528,0,0.0,0.0
5529,5529,5529,0,0.0,0.0
5530,5530,5530,0,0.0,0.0
5531,5531,5531,0,0.0,0.0
5532,5532,5532,0,0.0,0.0
5533,5533,5533,0,0.0,0.0
5534,5534,5534,0,0.0,0.0
5535,5535,5535,0,0.0,0.0
5536,5536,5536,0,0.0,0.0
5537,5537,5537,0,0.0,0.0
5538,5538,5538,0,0.0,0.0
5539,5539,5539,0,0.0,0.0
5540,5540,5540,0,0.0,0.0
5541,5541,5541,0,0.0,0.0
5542,5542,5542,0,0.0,0.0
5543,5543,5543,1,0.0,3.4165023898434215e-06
5544,5544,5544,1,0.0,3.4165023898434215e-06
5545,5545,5545,3,0.0,1.0249507169530265e-05
5546,5546,5546,2,0.5,6.833004779686843e-06
5547,5547,5547,1,0.0,3.4165023898434215e-06
5548,5548,5548,1,0.0,3.4165023898434215e-06
5549,5549,5549,2,0.0,6.833004779686843e-06
5550,5550,5550,0,0.0,0.0
5551,5551,5551,0,0.0,0.0
5552,5552,5552,1,0.0,3.4165023898434215e-06
5553,5553,5553,0,0.0,0.0
5554,5554,5554,4,0.0,1.3666009559373686e-05
5555,5555,5555,2,0.0,6.833004779686843e-06
5556,5556,5556,0,0.0,0.0
5557,5557,5557,4,0.0,1.3666009559373686e-05
5558,5558,5558,2,0.0,6.833004779686843e-06
5559,5559,5559,5,0.0,1.708251194921711e-05
5560,5560,5560,4,0.0,1.3666009559373686e-05
5561,5561,5561,0,0.0,0.0
5562,5562,5562,0,0.0,0.0
5563,5563,5563,0,0.0,0.0
5564,5564,5564,0,0.0,0.0
5565,5565,5565,0,0.0,0.0
5566,5566,5566,0,0.0,0.0
5567,5567,5567,0,0.0,0.0
5568,5568,5568,0,0.0,0.0
5569,5569,5569,0,0.0,0.0
5570,5570,5570,0,0.0,0.0
5571,5571,5571,0,0.0,0.0
5572,5572,5572,0,0.0,0.0
5573,5573,5573,0,0.0,0.0
5574,5574,5574,0,0.0,0.0
5575,5575,5575,0,0.0,0.0
5576,5576,5576,0,0.0,0.0
5577,5577,5577,0,0.0,0.0
5578,5578,5578,0,0.0,0.0
5579,5579,5579,0,0.0,0.0
5580,5580,5580,0,0.0,0.0
5581,5581,5581,0,0.0,0.0
5582,5582,5582,0,0.0,0.0
5583,5583,5583,0,0.0,0.0
5584,5584,5584,0,0.0,0.0
5585,5585,5585,0,0.0,0.0
5586,5586,5586,0,0.0,0.0
5587,5587,5587,0,0.0,0.0
5588,5588,5588,0,0.0,0.0
5589,5589,5589,0,0.0,0.0
5590,5590,5590,0,0.0,0.0
5591,5591,5591,0,0.0,0.0
5592,5592,5592,0,0.0,0.0
5593,5593,5593,0,0.0,0.0
5594,5594,5594,0,0.0,0.0
5595,5595,5595,0,0.0,0.0
5596,5596,5596,0,0.0,0.0
5597,5597,5597,0,0.0,0.0
5598,5598,5598,0,0.0,0.0
5599,5599,5599,0,0.0,0.0
5600,5600,5600,0,0.0,0.0
5601,5601,5601,0,0.0,0.0
5602,5602,5602,0,0.0,0.0
5603,5603,5603,0,0.0,0.0
5604,5604,5604,0,0.0,0.0
5605,5605,5605,0,0.0,0.0
5606,5606,5606,0,0.0,0.0
5607,5607,5607,0,0.0,0.0
5608,5608,5608,0,0.0,0.0
5609,5609,5609,0,0.0,0.0
5610,5610,5610,0,0.0,0.0
5611,5611,5611,0,0.0,0.0
5612,5612,5612,0,0.0,0.0
5613,5613,5613,0,0.0,0.0
5614,5614,5614,2,0.0,6.833004779686843e-06
5615,5615,5615,0,0.0,0.0
5616,5616,5616,3,0.0,1.0249507169530265e-05
5617,5617,5617,4,0.0,1.3666009559373686e-05
5618,5618,5618,1,0.0,3.4165023898434215e-06
5619,5619,5619,0,0.0,0.0
5620,5620,5620,4,0.0,1.3666009559373686e-05
5621,5621,5621,2,0.0,6.833004779686843e-06
5622,5622,5622,1,0.0,3.4165023898434215e-06
5623,5623,5623,0,0.0,0.0
5624,5624,5624,0,0.0,0.0
5625,5625,5625,1,0.0,3.4165023898434215e-06
5626,5626,5626,2,0.0,6.833004779686843e-06
5627,5627,5627,0,0.0,0.0
5628,5628,5628,0,0.0,0.0
5629,5629,5629,7,0.0,2.3915516728903952e-05
5630,5630,5630,8,0.0,2.7332019118747372e-05
5631,5631,5631,1,0.0,3.4165023898434215e-06
5632,5632,5632,1,0.0,3.4165023898434215e-06
5633,5633,5633,3,0.0,1.0249507169530265e-05
5634,5634,5634,3,0.0,1.0249507169530265e-05
5635,5635,5635,0,0.0,0.0
5636,5636,5636,0,0.0,0.0
5637,5637,5637,0,0.0,0.0
5638,5638,5638,0,0.0,0.0
5639,5639,5639,0,0.0,0.0
5640,5640,5640,0,0.0,0.0
5641,5641,5641,0,0.0,0.0
5642,5642,5642,0,0.0,0.0
5643,5643,5643,0,0.0,0.0
5644,5644,5644,0,0.0,0.0
5645,5645,5645,0,0.0,0.0
5646,5646,5646,0,0.0,0.0
5647,5647,5647,0,0.0,0.0
5648,5648,5648,0,0.0,0.0
5649,5649,5649,0,0.0,0.0
5650,5650,5650,0,0.0,0.0
5651,5651,5651,0,0.0,0.0
5652,5652,5652,0,0.0,0.0
5653,5653,5653,0,0.0,0.0
5654,5654,5654,0,0.0,0.0
5655,5655,5655,0,0.0,0.0
5656,5656,5656,0,0.0,0.0
5657,5657,5657,0,0.0,0.0
5658,5658,5658,0,0.0,0.0
5659,5659,5659,0,0.0,0.0
5660,5660,5660,0,0.0,0.0
5661,5661,5661,0,0.0,0.0
5662,5662,5662,0,0.0,0.0
5663,5663,5663,0,0.0,0.0
5664,5664,5664,0,0.0,0.0
5665,5665,5665,0,0.0,0.0
5666,5666,5666,0,0.0,0.0
5667,5667,5667,0,0.0,0.0
5668,5668,5668,0,0.0,0.0
5669,5669,5669,0,0.0,0.0
5670,5670,5670,0,0.0,0.0
5671,5671,5671,0,0.0,0.0
5672,5672,5672,0,0.0,0.0
5673,5673,5673,0,0.0,0.0
5674,5674,5674,0,0.0,0.0
5675,5675,5675,0,0.0,0.0
5676,5676,5676,0,0.0,0.0
5677,5677,5677,0,0.0,0.0
5678,5678,5678,0,0.0,0.0
5679,5679,5679,0,0.0,0.0
5680,5680,5680,0,0.0,0.0
5681,5681,5681,0,0.0,0.0
5682,5682,5682,0,0.0,0.0
5683,5683,5683,0,0.0,0.0
5684,5684,5684,0,0.0,0.0
5685,5685,5685,0,0.0,0.0
5686,5686,5686,2,0.0,6.833004779686843e-06
5687,5687,5687,2,0.0,6.833004779686843e-06
5688,5688,5688,2,0.0,6.833004779686843e-06
5689,5689,5689,2,0.0,6.833004779686843e-06
5690,5690,5690,3,0.0,1.0249507169530265e-05
5691,5691,5691,2,0.0,6.833004779686843e-06
5692,5692,5692,5,0.0,1.708251194921711e-05
5693,5693,5693,2,0.0,6.833004779686843e-06
5694,5694,5694,2,0.5,6.833004779686843e-06
5695,5695,5695,2,0.0,6.833004779686843e-06
5696,5696,5696,2,0.0,6.833004779686843e-06
5697,5697,5697,0,0.0,0.0
5698,5698,5698,0,0.0,0.0
5699,5699,5699,1,0.0,3.4165023898434215e-06
5700,5700,5700,11,0.0,3.758152628827764e-05
5701,5701,5701,4,0.0,1.3666009559373686e-05
5702,5702,5702,0,0.0,0.0
5703,5703,5703,2,0.0,6.833004779686843e-06
5704,5704,5704,1,0.0,3.4165023898434215e-06
5705,5705,5705,0,0.0,0.0
5706,5706,5706,0,0.0,0.0
5707,5707,5707,0,0.0,0.0
5708,5708,5708,0,0.0,0.0
5709,5709,5709,0,0.0,0.0
5710,5710,5710,0,0.0,0.0
5711,5711,5711,0,0.0,0.0
5712,5712,5712,0,0.0,0.0
5713,5713,5713,0,0.0,0.0
5714,5714,5714,0,0.0,0.0
5715,5715,5715,0,0.0,0.0
5716,5716,5716,0,0.0,0.0
5717,5717,5717,0,0.0,0.0
5718,5718,5718,0,0.0,0.0
5719,5719,5719,0,0.0,0.0
5720,5720,5720,0,0.0,0.0
5721,5721,5721,0,0.0,0.0
5722,5722,5722,0,0.0,0.0
5723,5723,5723,0,0.0,0.0
5724,5724,5724,0,0.0,0.0
5725,5725,5725,0,0.0,0.0
5726,5726,5726,0,0.0,0.0
5727,5727,5727,0,0.0,0.0
5728,5728,5728,0,0.0,0.0
5729,5729,5729,0,0.0,0.0
5730,5730,5730,0,0.0,0.0
5731,5731,5731,0,0.0,0.0
5732,5732,5732,0,0.0,0.0
5733,5733,5733,0,0.0,0.0
5734,5734,5734,0,0.0,0.0
5735,5735,5735,0,0.0,0.0
5736,5736,5736,0,0.0,0.0
5737,5737,5737,0,0.0,0.0
5738,5738,5738,0,0.0,0.0
5739,5739,5739,0,0.0,0.0
5740,5740,5740,0,0.0,0.0
5741,5741,5741,0,0.0,0.0
5742,5742,5742,0,0.0,0.0
5743,5743,5743,0,0.0,0.0
5744,5744,5744,0,0.0,0.0
5745,5745,5745,0,0.0,0.0
5746,5746,5746,0,0.0,0.0
5747,5747,5747,0,0.0,0.0
5748,5748,5748,0,0.0,0.0
5749,5749,5749,0,0.0,0.0
5750,5750,5750,0,0.0,0.0
5751,5751,5751,0,0.0,0.0
5752,5752,5752,0,0.0,0.0
5753,5753,5753,0,0.0,0.0
5754,5754,5754,0,0.0,0.0
5755,5755,5755,0,0.0,0.0
5756,5756,5756,0,0.0,0.0
5757,5757,5757,0,0.0,0.0
5758,5758,5758,0,0.0,0.0
5759,5759,5759,0,0.0,0.0
5760,5760,5760,0,0.0,0.0
5761,5761,5761,1,0.0,3.4165023898434215e-06
5762,5762,5762,4,0.25,1.3666009559373686e-05
5763,5763,5763,10,0.0,3.416502389843422e-05
5764,5764,5764,7,0.0,2.3915516728903952e-05
5765,5765,5765,6,0.0,2.049901433906053e-05
5766,5766,5766,8,0.0,2.7332019118747372e-05
5767,5767,5767,5,0.0,1.708251194921711e-05
5768,5768,5768,0,0.0,0.0
5769,5769,5769,1,0.0,3.4165023898434215e-06
5770,5770,5770,6,0.0,2.049901433906053e-05
5771,5771,5771,7,0.0,2.3915516728903952e-05
5772,5772,5772,0,0.0,0.0
5773,5773,5773,1,0.0,3.4165023898434215e-06
5774,5774,5774,1,0.0,3.4165023898434215e-06
5775,5775,5775,0,0.0,0.0
5776,5776,5776,0,0.0,0.0
5777,5777,5777,0,0.0,0.0
5778,5778,5778,0,0.0,0.0
5779,5779,5779,0,0.0,0.0
5780,5780,5780,0,0.0,0.0
5781,5781,5781,0,0.0,0.0
5782,5782,5782,0,0.0,0.0
5783,5783,5783,0,0.0,0.0
5784,5784,5784,0,0.0,0.0
5785,5785,5785,0,0.0,0.0
5786,5786,5786,0,0.0,0.0
5787,5787,5787,0,0.0,0.0
5788,5788,5788,0,0.0,0.0
5789,5789,5789,0,0.0,0.0
5790,5790,5790,0,0.0,0.0
5791,5791,5791,0,0.0,0.0
5792,5792,5792,0,0.0,0.0
5793,5793,5793,0,0.0,0.0
5794,5794,5794,0,0.0,0.0
5795,5795,5795,0,0.0,0.0
5796,5796,5796,0,0.0,0.0
5797,5797,5797,0,0.0,0.0
5798,5798,5798,0,0.0,0.0
5799,5799,5799,0,0.0,0.0
5800,5800,5800,0,0.0,0.0
5801,5801,5801,0,0.0,0.0
5802,5802,5802,0,0.0,0.0
5803,5803,5803,0,0.0,0.0
5804,5804,5804,0,0.0,0.0
5805,5805,5805,0,0.0,0.0
5806,5806,5806,0,0.0,0.0
5807,5807,5807,0,0.0,0.0
5808,5808,5808,0,0.0,0.0
5809,5809,5809,0,0.0,0.0
5810,5810,5810,0,0.0,0.0
5811,5811,5811,0,0.0,0.0
5812,5812,5812,0,0.0,0.0
5813,5813,5813,0,0.0,0.0
5814,5814,5814,0,0.0,0.0
5815,5815,5815,0,0.0,0.0
5816,5816,5816,0,0.0,0.0
5817,5817,5817,0,0.0,0.0
5818,5818,5818,0,0.0,0.0
5819,5819,5819,0,0.0,0.0
5820,5820,5820,0,0.0,0.0
5821,5821,5821,0,0.0,0.0
5822,5822,5822,0,0.0,0.0
5823,5823,5823,0,0.0,0.0
5824,5824,5824,0,0.0,0.0
5825,5825,5825,0,0.0,0.0
5826,5826,5826,0,0.0,0.0
5827,5827,5827,0,0.0,0.0
5828,5828,5828,0,0.0,0.0
5829,5829,5829,0,0.0,0.0
5830,5830,5830,0,0.0,0.0
5831,5831,5831,4,0.0,1.3666009559373686e-05
5832,5832,5832,10,0.4,3.416502389843422e-05
5833,5833,5833,17,0.058823529411764705,5.808054062733817e-05
5834,5834,5834,106,0.07547169811320754,0.0003621492533234027
5835,5835,5835,49,0.04081632653061224,0.00016740861710232767
5836,5836,5836,77,0.06493506493506493,0.0002630706840179435
5837,5837,5837,47,0.0,0.00016057561232264082
5838,5838,5838,12,0.0,4.099802867812106e-05
5839,5839,5839,3,0.0,1.0249507169530265e-05
5840,5840,5840,4,0.0,1.3666009559373686e-05
5841,5841,5841,7,0.0,2.3915516728903952e-05
5842,5842,5842,0,0.0,0.0
5843,5843,5843,0,0.0,0.0
5844,5844,5844,1,0.0,3.4165023898434215e-06
5845,5845,5845,1,0.0,3.4165023898434215e-06
5846,5846,5846,3,0.0,1.0249507169530265e-05
5847,5847,5847,0,0.0,0.0
5848,5848,5848,0,0.0,0.0
5849,5849,5849,0,0.0,0.0
5850,5850,5850,0,0.0,0.0
5851,5851,5851,0,0.0,0.0
5852,5852,5852,0,0.0,0.0
5853,5853,5853,0,0.0,0.0
5854,5854,5854,0,0.0,0.0
5855,5855,5855,0,0.0,0.0
5856,5856,5856,0,0.0,0.0
5857,5857,5857,0,0.0,0.0
5858,5858,5858,0,0.0,0.0
5859,5859,5859,0,0.0,0.0
5860,5860,5860,0,0.0,0.0
5861,5861,5861,0,0.0,0.0
5862,5862,5862,0,0.0,0.0
5863,5863,5863,0,0.0,0.0
5864,5864,5864,0,0.0,0.0
5865,5865,5865,0,0.0,0.0
5866,5866,5866,0,0.0,0.0
5867,5867,5867,0,0.0,0.0
5868,5868,5868,0,0.0,0.0
5869,5869,5869,0,0.0,0.0
5870,5870,5870,0,0.0,0.0
5871,5871,5871,0,0.0,0.0
5872,5872,5872,0,0.0,0.0
5873,5873,5873,0,0.0,0.0
5874,5874,5874,0,0.0,0.0
5875,5875,5875,0,0.0,0.0
5876,5876,5876,0,0.0,0.0
5877,5877,5877,0,0.0,0.0
5878,5878,5878,0,0.0,0.0
5879,5879,5879,0,0.0,0.0
5880,5880,5880,0,0.0,0.0
5881,5881,5881,0,0.0,0.0
5882,5882,5882,0,0.0,0.0
5883,5883,5883,0,0.0,0.0
5884,5884,5884,0,0.0,0.0
5885,5885,5885,0,0.0,0.0
5886,5886,5886,0,0.0,0.0
5887,5887,5887,0,0.0,0.0
5888,5888,5888,0,0.0,0.0
5889,5889,5889,0,0.0,0.0
5890,5890,5890,0,0.0,0.0
5891,5891,5891,0,0.0,0.0
5892,5892,5892,0,0.0,0.0
5893,5893,5893,0,0.0,0.0
5894,5894,5894,0,0.0,0.0
5895,5895,5895,0,0.0,0.0
5896,5896,5896,0,0.0,0.0
5897,5897,5897,0,0.0,0.0
5898,5898,5898,0,0.0,0.0
5899,5899,5899,0,0.0,0.0
5900,5900,5900,0,0.0,0.0
5901,5901,5901,0,0.0,0.0
5902,5902,5902,6,0.16666666666666666,2.049901433906053e-05
5903,5903,5903,27,0.2222222222222222,9.224556452577238e-05
5904,5904,5904,43,0.18604651162790697,0.00014690960276326714
5905,5905,5905,114,0.05263157894736842,0.00038948127244215006
5906,5906,5906,47,0.0425531914893617,0.00016057561232264082
5907,5907,5907,69,0.028985507246376812,0.0002357386648991961
5908,5908,5908,39,0.02564102564102564,0.00013324359320389343
5909,5909,5909,11,0.0,3.758152628827764e-05
5910,5910,5910,1,0.0,3.4165023898434215e-06
5911,5911,5911,2,0.0,6.833004779686843e-06
5912,5912,5912,6,0.0,2.049901433906053e-05
5913,5913,5913,2,0.0,6.833004779686843e-06
5914,5914,5914,2,0.0,6.833004779686843e-06
5915,5915,5915,3,0.0,1.0249507169530265e-05
5916,5916,5916,3,0.0,1.0249507169530265e-05
5917,5917,5917,0,0.0,0.0
5918,5918,5918,0,0.0,0.0
5919,5919,5919,0,0.0,0.0
5920,5920,5920,0,0.0,0.0
5921,5921,5921,0,0.0,0.0
5922,5922,5922,0,0.0,0.0
5923,5923,5923,0,0.0,0.0
5924,5924,5924,0,0.0,0.0
5925,5925,5925,0,0.0,0.0
5926,5926,5926,0,0.0,0.0
5927,5927,5927,0,0.0,0.0
5928,5928,5928,0,0.0,0.0
5929,5929,5929,0,0.0,0.0
5930,5930,5930,0,0.0,0.0
5931,5931,5931,0,0.0,0.0
5932,5932,5932,0,0.0,0.0
5933,5933,5933,0,0.0,0.0
5934,5934,5934,0,0.0,0.0
5935,5935,5935,0,0.0,0.0
5936,5936,5936,0,0.0,0.0
5937,5937,5937,0,0.0,0.0
5938,5938,5938,0,0.0,0.0
5939,5939,5939,0,0.0,0.0
5940,5940,5940,0,0.0,0.0
5941,5941,5941,0,0.0,0.0
5942,5942,5942,0,0.0,0.0
5943,5943,5943,0,0.0,0.0
5944,5944,5944,0,0.0,0.0
5945,5945,5945,0,0.0,0.0
5946,5946,5946,0,0.0,0.0
5947,5947,5947,0,0.0,0.0
5948,5948,5948,0,0.0,0.0
5949,5949,5949,0,0.0,0.0
5950,5950,5950,0,0.0,0.0
5951,5951,5951,0,0.0,0.0
5952,5952,5952,0,0.0,0.0
5953,5953,5953,0,0.0,0.0
5954,5954,5954,0,0.0,0.0
5955,5955,5955,0,0.0,0.0
5956,5956,5956,0,0.0,0.0
5957,5957,5957,0,0.0,0.0
5958,5958,5958,0,0.0,0.0
5959,5959,5959,0,0.0,0.0
5960,5960,5960,0,0.0,0.0
5961,5961,5961,0,0.0,0.0
5962,5962,5962,0,0.0,0.0
5963,5963,5963,0,0.0,0.0
5964,5964,5964,0,0.0,0.0
5965,5965,5965,0,0.0,0.0
5966,5966,5966,0,0.0,0.0
5967,5967,5967,0,0.0,0.0
5968,5968,5968,0,0.0,0.0
5969,5969,5969,0,0.0,0.0
5970,5970,5970,0,0.0,0.0
5971,5971,5971,0,0.0,0.0
5972,5972,5972,2,0.0,6.833004779686843e-06
5973,5973,5973,15,0.13333333333333333,5.1247535847651325e-05
5974,5974,5974,75,0.4666666666666667,0.0002562376792382566
5975,5975,5975,115,0.28695652173913044,0.0003928977748319935
5976,5976,5976,103,0.18446601941747573,0.00035189974615387244
5977,5977,5977,156,0.09615384615384616,0.0005329743728155737
5978,5978,5978,121,0.08264462809917356,0.00041339678917105404
5979,5979,5979,43,0.09302325581395349,0.00014690960276326714
5980,5980,5980,10,0.0,3.416502389843422e-05
5981,5981,5981,0,0.0,0.0
5982,5982,5982,6,0.0,2.049901433906053e-05
5983,5983,5983,4,0.0,1.3666009559373686e-05
5984,5984,5984,4,0.0,1.3666009559373686e-05
5985,5985,5985,2,0.5,6.833004779686843e-06
5986,5986,5986,1,0.0,3.4165023898434215e-06
5987,5987,5987,6,0.0,2.049901433906053e-05
5988,5988,5988,2,0.0,6.833004779686843e-06
5989,5989,5989,1,0.0,3.4165023898434215e-06
5990,5990,5990,0,0.0,0.0
5991,5991,5991,0,0.0,0.0
5992,5992,5992,0,0.0,0.0
5993,5993,5993,0,0.0,0.0
5994,5994,5994,0,0.0,0.0
5995,5995,5995,0,0.0,0.0
5996,5996,5996,0,0.0,0.0
5997,5997,5997,0,0.0,0.0
5998,5998,5998,0,0.0,0.0
5999,5999,5999,0,0.0,0.0
6000,6000,6000,0,0.0,0.0
6001,6001,6001,0,0.0,0.0
6002,6002,6002,0,0.0,0.0
6003,6003,6003,0,0.0,0.0
6004,6004,6004,0,0.0,0.0
6005,6005,6005,0,0.0,0.0
6006,6006,6006,0,0.0,0.0
6007,6007,6007,0,0.0,0.0
6008,6008,6008,0,0.0,0.0
6009,6009,6009,0,0.0,0.0
6010,6010,6010,0,0.0,0.0
6011,6011,6011,0,0.0,0.0
6012,6012,6012,0,0.0,0.0
6013,6013,6013,0,0.0,0.0
6014,6014,6014,0,0.0,0.0
6015,6015,6015,0,0.0,0.0
6016,6016,6016,0,0.0,0.0
6017,6017,6017,0,0.0,0.0
6018,6018,6018,0,0.0,0.0
6019,6019,6019,0,0.0,0.0
6020,6020,6020,0,0.0,0.0
6021,6021,6021,0,0.0,0.0
6022,6022,6022,0,0.0,0.0
6023,6023,6023,0,0.0,0.0
6024,6024,6024,0,0.0,0.0
6025,6025,6025,0,0.0,0.0
6026,6026,6026,0,0.0,0.0
6027,6027,6027,0,0.0,0.0
6028,6028,6028,0,0.0,0.0
6029,6029,6029,0,0.0,0.0
6030,6030,6030,0,0.0,0.0
6031,6031,6031,0,0.0,0.0
6032,6032,6032,0,0.0,0.0
6033,6033,6033,0,0.0,0.0
6034,6034,6034,0,0.0,0.0
6035,6035,6035,0,0.0,0.0
6036,6036,6036,0,0.0,0.0
6037,6037,6037,0,0.0,0.0
6038,6038,6038,0,0.0,0.0
6039,6039,6039,0,0.0,0.0
6040,6040,6040,0,0.0,0.0
6041,6041,6041,0,0.0,0.0
6042,6042,6042,0,0.0,0.0
6043,6043,6043,7,0.2857142857142857,2.3915516728903952e-05
6044,6044,6044,24,0.4166666666666667,8.199605735624212e-05
6045,6045,6045,90,0.4666666666666667,0.00030748521508590793
6046,6046,6046,124,0.4112903225806452,0.0004236462963405843
6047,6047,6047,142,0.29577464788732394,0.0004851433393577659
6048,6048,6048,251,0.20717131474103587,0.0008575420998506989
6049,6049,6049,123,0.17073170731707318,0.00042022979395074086
6050,6050,6050,33,0.12121212121212122,0.00011274457886483292
6051,6051,6051,13,0.0,4.4414531067964485e-05
6052,6052,6052,3,0.0,1.0249507169530265e-05
6053,6053,6053,27,0.0,9.224556452577238e-05
6054,6054,6054,3,0.0,1.0249507169530265e-05
6055,6055,6055,1,0.0,3.4165023898434215e-06
6056,6056,6056,0,0.0,0.0
6057,6057,6057,0,0.0,0.0
6058,6058,6058,1,0.0,3.4165023898434215e-06
6059,6059,6059,2,0.0,6.833004779686843e-06
6060,6060,6060,0,0.0,0.0
6061,6061,6061,0,0.0,0.0
6062,6062,6062,0,0.0,0.0
6063,6063,6063,0,0.0,0.0
6064,6064,6064,0,0.0,0.0
6065,6065,6065,0,0.0,0.0
6066,6066,6066,0,0.0,0.0
6067,6067,6067,0,0.0,0.0
6068,6068,6068,0,0.0,0.0
6069,6069,6069,0,0.0,0.0
6070,6070,6070,0,0.0,0.0
6071,6071,6071,0,0.0,0.0
6072,6072,6072,0,0.0,0.0
6073,6073,6073,0,0.0,0.0
6074,6074,6074,0,0.0,0.0
6075,6075,6075,0,0.0,0.0
6076,6076,6076,0,0.0,0.0
6077,6077,6077,0,0.0,0.0
6078,6078,6078,0,0.0,0.0
6079,6079,6079,0,0.0,0.0
6080,6080,6080,0,0.0,0.0
6081,6081,6081,0,0.0,0.0
6082,6082,6082,0,0.0,0.0
6083,6083,6083,0,0.0,0.0
6084,6084,6084,0,0.0,0.0
6085,6085,6085,0,0.0,0.0
6086,6086,6086,0,0.0,0.0
6087,6087,6087,0,0.0,0.0
6088,6088,6088,0,0.0,0.0
6089,6089,6089,0,0.0,0.0
6090,6090,6090,0,0.0,0.0
6091,6091,6091,0,0.0,0.0
6092,6092,6092,0,0.0,0.0
6093,6093,6093,0,0.0,0.0
6094,6094,6094,0,0.0,0.0
6095,6095,6095,0,0.0,0.0
6096,6096,6096,0,0.0,0.0
6097,6097,6097,0,0.0,0.0
6098,6098,6098,0,0.0,0.0
6099,6099,6099,0,0.0,0.0
6100,6100,6100,0,0.0,0.0
6101,6101,6101,0,0.0,0.0
6102,6102,6102,0,0.0,0.0
6103,6103,6103,0,0.0,0.0
6104,6104,6104,0,0.0,0.0
6105,6105,6105,0,0.0,0.0
6106,6106,6106,0,0.0,0.0
6107,6107,6107,0,0.0,0.0
6108,6108,6108,0,0.0,0.0
6109,6109,6109,0,0.0,0.0
6110,6110,6110,0,0.0,0.0
6111,6111,6111,0,0.0,0.0
6112,6112,6112,0,0.0,0.0
6113,6113,6113,0,0.0,0.0
6114,6114,6114,5,0.6,1.708251194921711e-05
6115,6115,6115,24,0.4583333333333333,8.199605735624212e-05
6116,6116,6116,173,0.4624277456647399,0.000591054913442912
6117,6117,6117,250,0.484,0.0008541255974608554
6118,6118,6118,82,0.524390243902439,0.0002801531959671606
6119,6119,6119,99,0.31313131313131315,0.00033823373659449873
6120,6120,6120,47,0.40425531914893614,0.00016057561232264082
6121,6121,6121,40,0.175,0.00013666009559373687
6122,6122,6122,19,0.05263157894736842,6.491354540702501e-05
6123,6123,6123,17,0.058823529411764705,5.808054062733817e-05
6124,6124,6124,15,0.06666666666666667,5.1247535847651325e-05
6125,6125,6125,3,0.6666666666666666,1.0249507169530265e-05
6126,6126,6126,2,0.0,6.833004779686843e-06
6127,6127,6127,5,0.0,1.708251194921711e-05
6128,6128,6128,1,0.0,3.4165023898434215e-06
6129,6129,6129,2,0.0,6.833004779686843e-06
6130,6130,6130,0,0.0,0.0
6131,6131,6131,0,0.0,0.0
6132,6132,6132,0,0.0,0.0
6133,6133,6133,0,0.0,0.0
6134,6134,6134,0,0.0,0.0
6135,6135,6135,0,0.0,0.0
6136,6136,6136,0,0.0,0.0
6137,6137,6137,0,0.0,0.0
6138,6138,6138,0,0.0,0.0
6139,6139,6139,0,0.0,0.0
6140,6140,6140,0,0.0,0.0
6141,6141,6141,0,0.0,0.0
6142,6142,6142,0,0.0,0.0
6143,6143,6143,0,0.0,0.0
6144,6144,6144,0,0.0,0.0
6145,6145,6145,0,0.0,0.0
6146,6146,6146,0,0.0,0.0
6147,6147,6147,0,0.0,0.0
6148,6148,6148,0,0.0,0.0
6149,6149,6149,0,0.0,0.0
6150,6150,6150,0,0.0,0.0
6151,6151,6151,0,0.0,0.0
6152,6152,6152,0,0.0,0.0
6153,6153,6153,0,0.0,0.0
6154,6154,6154,0,0.0,0.0
6155,6155,6155,0,0.0,0.0
6156,6156,6156,0,0.0,0.0
6157,6157,6157,0,0.0,0.0
6158,6158,6158,0,0.0,0.0
6159,6159,6159,0,0.0,0.0
6160,6160,6160,0,0.0,0.0
6161,6161,6161,0,0.0,0.0
6162,6162,6162,0,0.0,0.0
6163,6163,6163,0,0.0,0.0
6164,6164,6164,0,0.0,0.0
6165,6165,6165,0,0.0,0.0
6166,6166,6166,0,0.0,0.0
6167,6167,6167,0,0.0,0.0
6168,6168,6168,0,0.0,0.0
6169,6169,6169,0,0.0,0.0
6170,6170,6170,0,0.0,0.0
6171,6171,6171,0,0.0,0.0
6172,6172,6172,0,0.0,0.0
6173,6173,6173,0,0.0,0.0
6174,6174,6174,0,0.0,0.0
6175,6175,6175,0,0.0,0.0
6176,6176,6176,0,0.0,0.0
6177,6177,6177,0,0.0,0.0
6178,6178,6178,0,0.0,0.0
6179,6179,6179,0,0.0,0.0
6180,6180,6180,0,0.0,0.0
6181,6181,6181,0,0.0,0.0
6182,6182,6182,0,0.0,0.0
6183,6183,6183,2,0.0,6.833004779686843e-06
6184,6184,6184,15,0.5333333333333333,5.1247535847651325e-05
6185,6185,6185,19,0.3157894736842105,6.491354540702501e-05
6186,6186,6186,20,0.75,6.833004779686844e-05
6187,6187,6187,144,0.5833333333333334,0.0004919763441374527
6188,6188,6188,186,0.4838709677419355,0.0006354694445108764
6189,6189,6189,68,0.5882352941176471,0.00023232216250935268
6190,6190,6190,58,0.603448275862069,0.00019815713861091845
6191,6191,6191,47,0.3404255319148936,0.00016057561232264082
6192,6192,6192,36,0.16666666666666666,0.00012299408603436317
6193,6193,6193,48,0.10416666666666667,0.00016399211471248423
6194,6194,6194,63,0.07936507936507936,0.00021523965056013556
6195,6195,6195,19,0.05263157894736842,6.491354540702501e-05
6196,6196,6196,24,0.08333333333333333,8.199605735624212e-05
6197,6197,6197,11,0.0,3.758152628827764e-05
6198,6198,6198,3,0.0,1.0249507169530265e-05
6199,6199,6199,2,0.0,6.833004779686843e-06
6200,6200,6200,1,0.0,3.4165023898434215e-06
6201,6201,6201,1,0.0,3.4165023898434215e-06
6202,6202,6202,0,0.0,0.0
6203,6203,6203,0,0.0,0.0
6204,6204,6204,0,0.0,0.0
6205,6205,6205,0,0.0,0.0
6206,6206,6206,0,0.0,0.0
6207,6207,6207,0,0.0,0.0
6208,6208,6208,0,0.0,0.0
6209,6209,6209,0,0.0,0.0
6210,6210,6210,0,0.0,0.0
6211,6211,6211,0,0.0,0.0
6212,6212,6212,0,0.0,0.0
6213,6213,6213,0,0.0,0.0
6214,6214,6214,0,0.0,0.0
6215,6215,6215,0,0.0,0.0
6216,6216,6216,0,0.0,0.0
6217,6217,6217,0,0.0,0.0
6218,6218,6218,0,0.0,0.0
6219,6219,6219,0,0.0,0.0
6220,6220,6220,0,0.0,0.0
6221,6221,6221,0,0.0,0.0
6222,6222,6222,0,0.0,0.0
6223,6223,6223,0,0.0,0.0
6224,6224,6224,0,0.0,0.0
6225,6225,6225,0,0.0,0.0
6226,6226,6226,0,0.0,0.0
6227,6227,6227,0,0.0,0.0
6228,6228,6228,0,0.0,0.0
6229,6229,6229,0,0.0,0.0
6230,6230,6230,0,0.0,0.0
6231,6231,6231,0,0.0,0.0
6232,6232,6232,0,0.0,0.0
6233,6233,6233,0,0.0,0.0
6234,6234,6234,0,0.0,0.0
6235,6235,6235,0,0.0,0.0
6236,6236,6236,0,0.0,0.0
6237,6237,6237,0,0.0,0.0
6238,6238,6238,0,0.0,0.0
6239,6239,6239,0,0.0,0.0
6240,6240,6240,0,0.0,0.0
6241,6241,6241,0,0.0,0.0
6242,6242,6242,0,0.0,0.0
6243,6243,6243,0,0.0,0.0
6244,6244,6244,0,0.0,0.0
6245,6245,6245,0,0.0,0.0
6246,6246,6246,0,0.0,0.0
6247,6247,6247,0,0.0,0.0
6248,6248,6248,0,0.0,0.0
6249,6249,6249,0,0.0,0.0
6250,6250,6250,0,0.0,0.0
6251,6251,6251,0,0.0,0.0
6252,6252,6252,5,0.4,1.708251194921711e-05
6253,6253,6253,2,0.0,6.833004779686843e-06
6254,6254,6254,8,0.25,2.7332019118747372e-05
6255,6255,6255,22,0.22727272727272727,7.516305257655528e-05
6256,6256,6256,34,0.5882352941176471,0.00011616108125467634
6257,6257,6257,54,0.7222222222222222,0.00018449112905154477
6258,6258,6258,118,0.6440677966101694,0.00040314728200152377
6259,6259,6259,103,0.6116504854368932,0.00035189974615387244
6260,6260,6260,72,0.625,0.00024598817206872634
6261,6261,6261,64,0.5625,0.00021865615294997898
6262,6262,6262,96,0.2916666666666667,0.00032798422942496847
6263,6263,6263,60,0.11666666666666667,0.0002049901433906053
6264,6264,6264,31,0.0967741935483871,0.00010591157408514608
6265,6265,6265,29,0.0,9.907856930545922e-05
6266,6266,6266,6,0.0,2.049901433906053e-05
6267,6267,6267,26,0.11538461538461539,8.882906213592897e-05
6268,6268,6268,16,0.0,5.4664038237494744e-05
6269,6269,6269,7,0.0,2.3915516728903952e-05
6270,6270,6270,2,0.0,6.833004779686843e-06
6271,6271,6271,2,0.0,6.833004779686843e-06
6272,6272,6272,1,0.0,3.4165023898434215e-06
6273,6273,6273,0,0.0,0.0
6274,6274,6274,0,0.0,0.0
6275,6275,6275,0,0.0,0.0
6276,6276,6276,0,0.0,0.0
6277,6277,6277,0,0.0,0.0
6278,6278,6278,0,0.0,0.0
6279,6279,6279,0,0.0,0.0
6280,6280,6280,0,0.0,0.0
6281,6281,6281,0,0.0,0.0
6282,6282,6282,0,0.0,0.0
6283,6283,6283,0,0.0,0.0
6284,6284,6284,0,0.0,0.0
6285,6285,6285,0,0.0,0.0
6286,6286,6286,0,0.0,0.0
6287,6287,6287,0,0.0,0.0
6288,6288,6288,0,0.0,0.0
6289,6289,6289,0,0.0,0.0
6290,6290,6290,0,0.0,0.0
6291,6291,6291,0,0.0,0.0
6292,6292,6292,0,0.0,0.0
6293,6293,6293,0,0.0,0.0
6294,6294,6294,0,0.0,0.0
6295,6295,6295,0,0.0,0.0
6296,6296,6296,0,0.0,0.0
6297,6297,6297,0,0.0,0.0
6298,6298,6298,0,0.0,0.0
6299,6299,6299,0,0.0,0.0
6300,6300,6300,0,0.0,0.0
6301,6301,6301,0,0.0,0.0
6302,6302,6302,0,0.0,0.0
6303,6303,6303,0,0.0,0.0
6304,6304,6304,0,0.0,0.0
6305,6305,6305,0,0.0,0.0
6306,6306,6306,0,0.0,0.0
6307,6307,6307,0,0.0,0.0
6308,6308,6308,0,0.0,0.0
6309,6309,6309,0,0.0,0.0
6310,6310,6310,0,0.0,0.0
6311,6311,6311,0,0.0,0.0
6312,6312,6312,0,0.0,0.0
6313,6313,6313,0,0.0,0.0
6314,6314,6314,0,0.0,0.0
6315,6315,6315,0,0.0,0.0
6316,6316,6316,0,0.0,0.0
6317,6317,6317,0,0.0,0.0
6318,6318,6318,0,0.0,0.0
6319,6319,6319,0,0.0,0.0
6320,6320,6320,0,0.0,0.0
6321,6321,6321,0,0.0,0.0
6322,6322,6322,0,0.0,0.0
6323,6323,6323,2,0.0,6.833004779686843e-06
6324,6324,6324,13,0.15384615384615385,4.4414531067964485e-05
6325,6325,6325,18,0.2777777777777778,6.149704301718158e-05
6326,6326,6326,14,0.35714285714285715,4.7831033457807905e-05
6327,6327,6327,16,0.625,5.4664038237494744e-05
6328,6328,6328,45,0.7777777777777778,0.00015374260754295397
6329,6329,6329,50,0.66,0.0001708251194921711
6330,6330,6330,49,0.6530612244897959,0.00016740861710232767
6331,6331,6331,53,0.5094339622641509,0.00018107462666170135
6332,6332,6332,53,0.32075471698113206,0.00018107462666170135
6333,6333,6333,82,0.3048780487804878,0.0002801531959671606
6334,6334,6334,57,0.22807017543859648,0.00019474063622107503
6335,6335,6335,38,0.2631578947368421,0.00012982709081405002
6336,6336,6336,14,0.07142857142857142,4.7831033457807905e-05
6337,6337,6337,17,0.0,5.808054062733817e-05
6338,6338,6338,19,0.05263157894736842,6.491354540702501e-05
6339,6339,6339,15,0.13333333333333333,5.1247535847651325e-05
6340,6340,6340,14,0.07142857142857142,4.7831033457807905e-05
6341,6341,6341,5,0.0,1.708251194921711e-05
6342,6342,6342,9,0.0,3.074852150859079e-05
6343,6343,6343,4,0.0,1.3666009559373686e-05
6344,6344,6344,0,0.0,0.0
6345,6345,6345,0,0.0,0.0
6346,6346,6346,0,0.0,0.0
6347,6347,6347,0,0.0,0.0
6348,6348,6348,0,0.0,0.0
6349,6349,6349,0,0.0,0.0
6350,6350,6350,0,0.0,0.0
6351,6351,6351,0,0.0,0.0
6352,6352,6352,0,0.0,0.0
6353,6353,6353,0,0.0,0.0
6354,6354,6354,0,0.0,0.0
6355,6355,6355,0,0.0,0.0
6356,6356,6356,0,0.0,0.0
6357,6357,6357,0,0.0,0.0
6358,6358,6358,0,0.0,0.0
6359,6359,6359,0,0.0,0.0
6360,6360,6360,0,0.0,0.0
6361,6361,6361,0,0.0,0.0
6362,6362,6362,0,0.0,0.0
6363,6363,6363,0,0.0,0.0
6364,6364,6364,0,0.0,0.0
6365,6365,6365,0,0.0,0.0
6366,6366,6366,0,0.0,0.0
6367,6367,6367,0,0.0,0.0
6368,6368,6368,0,0.0,0.0
6369,6369,6369,0,0.0,0.0
6370,6370,6370,0,0.0,0.0
6371,6371,6371,0,0.0,0.0
6372,6372,6372,0,0.0,0.0
6373,6373,6373,0,0.0,0.0
6374,6374,6374,0,0.0,0.0
6375,6375,6375,0,0.0,0.0
6376,6376,6376,0,0.0,0.0
6377,6377,6377,0,0.0,0.0
6378,6378,6378,0,0.0,0.0
6379,6379,6379,0,0.0,0.0
6380,6380,6380,0,0.0,0.0
6381,6381,6381,0,0.0,0.0
6382,6382,6382,0,0.0,0.0
6383,6383,6383,0,0.0,0.0
6384,6384,6384,0,0.0,0.0
6385,6385,6385,0,0.0,0.0
6386,6386,6386,0,0.0,0.0
6387,6387,6387,0,0.0,0.0
6388,6388,6388,0,0.0,0.0
6389,6389,6389,0,0.0,0.0
6390,6390,6390,0,0.0,0.0
6391,6391,6391,0,0.0,0.0
6392,6392,6392,0,0.0,0.0
6393,6393,6393,0,0.0,0.0
6394,6394,6394,0,0.0,0.0
6395,6395,6395,3,0.3333333333333333,1.0249507169530265e-05
6396,6396,6396,2,0.0,6.833004779686843e-06
6397,6397,6397,11,0.45454545454545453,3.758152628827764e-05
6398,6398,6398,23,0.6956521739130435,7.85795549663987e-05
6399,6399,6399,19,0.42105263157894735,6.491354540702501e-05
6400,6400,6400,17,0.4117647058823529,5.808054062733817e-05
6401,6401,6401,20,0.35,6.833004779686844e-05
6402,6402,6402,49,0.4489795918367347,0.00016740861710232767
6403,6403,6403,66,0.22727272727272727,0.00022548915772966583
6404,6404,6404,35,0.37142857142857144,0.00011957758364451976
6405,6405,6405,43,0.23255813953488372,0.00014690960276326714
6406,6406,6406,36,0.3333333333333333,0.00012299408603436317
6407,6407,6407,38,0.05263157894736842,0.00012982709081405002
6408,6408,6408,23,0.043478260869565216,7.85795549663987e-05
6409,6409,6409,14,0.07142857142857142,4.7831033457807905e-05
6410,6410,6410,31,0.03225806451612903,0.00010591157408514608
6411,6411,6411,41,0.024390243902439025,0.0001400765979835803
6412,6412,6412,13,0.07692307692307693,4.4414531067964485e-05
6413,6413,6413,5,0.0,1.708251194921711e-05
6414,6414,6414,4,0.0,1.3666009559373686e-05
6415,6415,6415,11,0.0,3.758152628827764e-05
6416,6416,6416,3,0.0,1.0249507169530265e-05
6417,6417,6417,0,0.0,0.0
6418,6418,6418,0,0.0,0.0
6419,6419,6419,0,0.0,0.0
6420,6420,6420,0,0.0,0.0
6421,6421,6421,0,0.0,0.0
6422,6422,6422,0,0.0,0.0
6423,6423,6423,0,0.0,0.0
6424,6424,6424,0,0.0,0.0
6425,6425,6425,0,0.0,0.0
6426,6426,6426,0,0.0,0.0
6427,6427,6427,0,0.0,0.0
6428,6428,6428,0,0.0,0.0
6429,6429,6429,0,0.0,0.0
6430,6430,6430,0,0.0,0.0
6431,6431,6431,0,0.0,0.0
6432,6432,6432,0,0.0,0.0
6433,6433,6433,0,0.0,0.0
6434,6434,6434,0,0.0,0.0
6435,6435,6435,0,0.0,0.0
6436,6436,6436,0,0.0,0.0
6437,6437,6437,0,0.0,0.0
6438,6438,6438,0,0.0,0.0
6439,6439,6439,0,0.0,0.0
6440,6440,6440,0,0.0,0.0
6441,6441,6441,0,0.0,0.0
6442,6442,6442,0,0.0,0.0
6443,6443,6443,0,0.0,0.0
6444,6444,6444,0,0.0,0.0
6445,6445,6445,0,0.0,0.0
6446,6446,6446,0,0.0,0.0
6447,6447,6447,0,0.0,0.0
6448,6448,6448,0,0.0,0.0
6449,6449,6449,0,0.0,0.0
6450,6450,6450,0,0.0,0.0
6451,6451,6451,0,0.0,0.0
6452,6452,6452,0,0.0,0.0
6453,6453,6453,0,0.0,0.0
6454,6454,6454,0,0.0,0.0
6455,6455,6455,0,0.0,0.0
6456,6456,6456,0,0.0,0.0
6457,6457,6457,0,0.0,0.0
6458,6458,6458,0,0.0,0.0
6459,6459,6459,0,0.0,0.0
6460,6460,6460,0,0.0,0.0
6461,6461,6461,0,0.0,0.0
6462,6462,6462,0,0.0,0.0
6463,6463,6463,0,0.0,0.0
6464,6464,6464,0,0.0,0.0
6465,6465,6465,0,0.0,0.0
6466,6466,6466,0,0.0,0.0
6467,6467,6467,0,0.0,0.0
6468,6468,6468,19,0.21052631578947367,6.491354540702501e-05
6469,6469,6469,42,0.42857142857142855,0.0001434931003734237
6470,6470,6470,38,0.5,0.00012982709081405002
6471,6471,6471,26,0.19230769230769232,8.882906213592897e-05
6472,6472,6472,69,0.2753623188405797,0.0002357386648991961
6473,6473,6473,101,0.3564356435643564,0.0003450667413741856
6474,6474,6474,99,0.36363636363636365,0.00033823373659449873
6475,6475,6475,64,0.46875,0.00021865615294997898
6476,6476,6476,91,0.6483516483516484,0.0003109017174757514
6477,6477,6477,75,0.24,0.0002562376792382566
6478,6478,6478,38,0.21052631578947367,0.00012982709081405002
6479,6479,6479,43,0.27906976744186046,0.00014690960276326714
6480,6480,6480,60,0.25,0.0002049901433906053
6481,6481,6481,85,0.07058823529411765,0.00029040270313669084
6482,6482,6482,28,0.03571428571428571,9.566206691561581e-05
6483,6483,6483,6,0.0,2.049901433906053e-05
6484,6484,6484,15,0.0,5.1247535847651325e-05
6485,6485,6485,19,0.0,6.491354540702501e-05
6486,6486,6486,9,0.0,3.074852150859079e-05
6487,6487,6487,3,0.0,1.0249507169530265e-05
6488,6488,6488,0,0.0,0.0
6489,6489,6489,0,0.0,0.0
6490,6490,6490,0,0.0,0.0
6491,6491,6491,0,0.0,0.0
6492,6492,6492,0,0.0,0.0
6493,6493,6493,0,0.0,0.0
6494,6494,6494,0,0.0,0.0
6495,6495,6495,0,0.0,0.0
6496,6496,6496,0,0.0,0.0
6497,6497,6497,0,0.0,0.0
6498,6498,6498,0,0.0,0.0
6499,6499,6499,0,0.0,0.0
6500,6500,6500,0,0.0,0.0
6501,6501,6501,0,0.0,0.0
6502,6502,6502,0,0.0,0.0
6503,6503,6503,0,0.0,0.0
6504,6504,6504,0,0.0,0.0
6505,6505,6505,0,0.0,0.0
6506,6506,6506,0,0.0,0.0
6507,6507,6507,0,0.0,0.0
6508,6508,6508,0,0.0,0.0
6509,6509,6509,0,0.0,0.0
6510,6510,6510,0,0.0,0.0
6511,6511,6511,0,0.0,0.0
6512,6512,6512,0,0.0,0.0
6513,6513,6513,0,0.0,0.0
6514,6514,6514,0,0.0,0.0
6515,6515,6515,0,0.0,0.0
6516,6516,6516,0,0.0,0.0
6517,6517,6517,0,0.0,0.0
6518,6518,6518,0,0.0,0.0
6519,6519,6519,0,0.0,0.0
6520,6520,6520,0,0.0,0.0
6521,6521,6521,0,0.0,0.0
6522,6522,6522,0,0.0,0.0
6523,6523,6523,0,0.0,0.0
6524,6524,6524,0,0.0,0.0
6525,6525,6525,0,0.0,0.0
6526,6526,6526,0,0.0,0.0
6527,6527,6527,0,0.0,0.0
6528,6528,6528,0,0.0,0.0
6529,6529,6529,0,0.0,0.0
6530,6530,6530,0,0.0,0.0
6531,6531,6531,0,0.0,0.0
6532,6532,6532,0,0.0,0.0
6533,6533,6533,0,0.0,0.0
6534,6534,6534,0,0.0,0.0
6535,6535,6535,0,0.0,0.0
6536,6536,6536,0,0.0,0.0
6537,6537,6537,0,0.0,0.0
6538,6538,6538,2,0.0,6.833004779686843e-06
6539,6539,6539,14,0.21428571428571427,4.7831033457807905e-05
6540,6540,6540,34,0.47058823529411764,0.00011616108125467634
6541,6541,6541,32,0.40625,0.00010932807647498949
6542,6542,6542,30,0.16666666666666666,0.00010249507169530265
6543,6543,6543,71,0.4084507042253521,0.00024257166967888295
6544,6544,6544,130,0.5307692307692308,0.00044414531067964484
6545,6545,6545,214,0.5981308411214953,0.0007311315114264923
6546,6546,6546,199,0.6532663316582915,0.000679883975578841
6547,6547,6547,131,0.5572519083969466,0.0004475618130694882
6548,6548,6548,90,0.5333333333333333,0.00030748521508590793
6549,6549,6549,123,0.43089430894308944,0.00042022979395074086
6550,6550,6550,111,0.38738738738738737,0.0003792317652726198
6551,6551,6551,90,0.2777777777777778,0.00030748521508590793
6552,6552,6552,77,0.15584415584415584,0.0002630706840179435
6553,6553,6553,67,0.07462686567164178,0.00022890566011950924
6554,6554,6554,30,0.1,0.00010249507169530265
6555,6555,6555,12,0.0,4.099802867812106e-05
6556,6556,6556,6,0.0,2.049901433906053e-05
6557,6557,6557,1,0.0,3.4165023898434215e-06
6558,6558,6558,0,0.0,0.0
6559,6559,6559,0,0.0,0.0
6560,6560,6560,0,0.0,0.0
6561,6561,6561,0,0.0,0.0
6562,6562,6562,0,0.0,0.0
6563,6563,6563,0,0.0,0.0
6564,6564,6564,0,0.0,0.0
6565,6565,6565,0,0.0,0.0
6566,6566,6566,0,0.0,0.0
6567,6567,6567,0,0.0,0.0
6568,6568,6568,0,0.0,0.0
6569,6569,6569,0,0.0,0.0
6570,6570,6570,0,0.0,0.0
6571,6571,6571,0,0.0,0.0
6572,6572,6572,0,0.0,0.0
6573,6573,6573,0,0.0,0.0
6574,6574,6574,0,0.0,0.0
6575,6575,6575,0,0.0,0.0
6576,6576,6576,0,0.0,0.0
6577,6577,6577,0,0.0,0.0
6578,6578,6578,0,0.0,0.0
6579,6579,6579,0,0.0,0.0
6580,6580,6580,0,0.0,0.0
6581,6581,6581,0,0.0,0.0
6582,6582,6582,0,0.0,0.0
6583,6583,6583,0,0.0,0.0
6584,6584,6584,0,0.0,0.0
6585,6585,6585,0,0.0,0.0
6586,6586,6586,0,0.0,0.0
6587,6587,6587,0,0.0,0.0
6588,6588,6588,0,0.0,0.0
6589,6589,6589,0,0.0,0.0
6590,6590,6590,0,0.0,0.0
6591,6591,6591,0,0.0,0.0
6592,6592,6592,0,0.0,0.0
6593,6593,6593,0,0.0,0.0
6594,6594,6594,0,0.0,0.0
6595,6595,6595,0,0.0,0.0
6596,6596,6596,0,0.0,0.0
6597,6597,6597,0,0.0,0.0
6598,6598,6598,0,0.0,0.0
6599,6599,6599,0,0.0,0.0
6600,6600,6600,0,0.0,0.0
6601,6601,6601,0,0.0,0.0
6602,6602,6602,0,0.0,0.0
6603,6603,6603,0,0.0,0.0
6604,6604,6604,0,0.0,0.0
6605,6605,6605,0,0.0,0.0
6606,6606,6606,0,0.0,0.0
6607,6607,6607,0,0.0,0.0
6608,6608,6608,1,0.0,3.4165023898434215e-06
6609,6609,6609,6,0.16666666666666666,2.049901433906053e-05
6610,6610,6610,23,0.30434782608695654,7.85795549663987e-05
6611,6611,6611,23,0.30434782608695654,7.85795549663987e-05
6612,6612,6612,22,0.22727272727272727,7.516305257655528e-05
6613,6613,6613,23,0.34782608695652173,7.85795549663987e-05
6614,6614,6614,95,0.4,0.0003245677270351251
6615,6615,6615,218,0.5642201834862385,0.0007447975209858659
6616,6616,6616,383,0.6840731070496083,0.0013085204153100306
6617,6617,6617,395,0.7341772151898734,0.0013495184439881517
6618,6618,6618,220,0.6636363636363637,0.0007516305257655528
6619,6619,6619,128,0.671875,0.00043731230589995796
6620,6620,6620,137,0.5255474452554745,0.00046806082740854875
6621,6621,6621,104,0.38461538461538464,0.0003553162485437159
6622,6622,6622,110,0.2545454545454545,0.0003758152628827764
6623,6623,6623,46,0.41304347826086957,0.0001571591099327974
6624,6624,6624,48,0.3958333333333333,0.00016399211471248423
6625,6625,6625,40,0.45,0.00013666009559373687
6626,6626,6626,34,0.14705882352941177,0.00011616108125467634
6627,6627,6627,5,0.0,1.708251194921711e-05
6628,6628,6628,0,0.0,0.0
6629,6629,6629,0,0.0,0.0
6630,6630,6630,0,0.0,0.0
6631,6631,6631,0,0.0,0.0
6632,6632,6632,0,0.0,0.0
6633,6633,6633,0,0.0,0.0
6634,6634,6634,0,0.0,0.0
6635,6635,6635,0,0.0,0.0
6636,6636,6636,0,0.0,0.0
6637,6637,6637,0,0.0,0.0
6638,6638,6638,0,0.0,0.0
6639,6639,6639,0,0.0,0.0
6640,6640,6640,0,0.0,0.0
6641,6641,6641,0,0.0,0.0
6642,6642,6642,0,0.0,0.0
6643,6643,6643,0,0.0,0.0
6644,6644,6644,0,0.0,0.0
6645,6645,6645,0,0.0,0.0
6646,6646,6646,0,0.0,0.0
6647,6647,6647,0,0.0,0.0
6648,6648,6648,0,0.0,0.0
6649,6649,6649,0,0.0,0.0
6650,6650,6650,0,0.0,0.0
6651,6651,6651,0,0.0,0.0
6652,6652,6652,0,0.0,0.0
6653,6653,6653,0,0.0,0.0
6654,6654,6654,0,0.0,0.0
6655,6655,6655,0,0.0,0.0
6656,6656,6656,0,0.0,0.0
6657,6657,6657,0,0.0,0.0
6658,6658,6658,0,0.0,0.0
6659,6659,6659,0,0.0,0.0
6660,6660,6660,0,0.0,0.0
6661,6661,6661,0,0.0,0.0
6662,6662,6662,0,0.0,0.0
6663,6663,6663,0,0.0,0.0
6664,6664,6664,0,0.0,0.0
6665,6665,6665,0,0.0,0.0
6666,6666,6666,0,0.0,0.0
6667,6667,6667,0,0.0,0.0
6668,6668,6668,0,0.0,0.0
6669,6669,6669,0,0.0,0.0
6670,6670,6670,0,0.0,0.0
6671,6671,6671,0,0.0,0.0
6672,6672,6672,0,0.0,0.0
6673,6673,6673,0,0.0,0.0
6674,6674,6674,0,0.0,0.0
6675,6675,6675,0,0.0,0.0
6676,6676,6676,0,0.0,0.0
6677,6677,6677,0,0.0,0.0
6678,6678,6678,0,0.0,0.0
6679,6679,6679,2,0.0,6.833004779686843e-06
6680,6680,6680,40,0.05,0.00013666009559373687
6681,6681,6681,32,0.15625,0.00010932807647498949
6682,6682,6682,25,0.24,8.541255974608554e-05
6683,6683,6683,20,0.05,6.833004779686844e-05
6684,6684,6684,33,0.3939393939393939,0.00011274457886483292
6685,6685,6685,74,0.6756756756756757,0.0002528211768484132
6686,6686,6686,162,0.6666666666666666,0.0005534733871546343
6687,6687,6687,419,0.6801909307875895,0.0014315145013443938
6688,6688,6688,507,0.757396449704142,0.0017321667116506148
6689,6689,6689,259,0.7606177606177607,0.0008848741189694462
6690,6690,6690,222,0.7072072072072072,0.0007584635305452396
6691,6691,6691,118,0.5677966101694916,0.00040314728200152377
6692,6692,6692,93,0.23655913978494625,0.0003177347222554382
6693,6693,6693,86,0.313953488372093,0.0002938192055265343
6694,6694,6694,101,0.594059405940594,0.0003450667413741856
6695,6695,6695,139,0.6690647482014388,0.00047489383218823563
6696,6696,6696,74,0.5405405405405406,0.0002528211768484132
6697,6697,6697,44,0.2727272727272727,0.00015032610515311055
6698,6698,6698,2,0.0,6.833004779686843e-06
6699,6699,6699,0,0.0,0.0
6700,6700,6700,0,0.0,0.0
6701,6701,6701,0,0.0,0.0
6702,6702,6702,0,0.0,0.0
6703,6703,6703,0,0.0,0.0
6704,6704,6704,0,0.0,0.0
6705,6705,6705,0,0.0,0.0
6706,6706,6706,0,0.0,0.0
6707,6707,6707,0,0.0,0.0
6708,6708,6708,0,0.0,0.0
6709,6709,6709,0,0.0,0.0
6710,6710,6710,0,0.0,0.0
6711,6711,6711,0,0.0,0.0
6712,6712,6712,0,0.0,0.0
6713,6713,6713,0,0.0,0.0
6714,6714,6714,0,0.0,0.0
6715,6715,6715,0,0.0,0.0
6716,6716,6716,0,0.0,0.0
6717,6717,6717,0,0.0,0.0
6718,6718,6718,0,0.0,0.0
6719,6719,6719,0,0.0,0.0
6720,6720,6720,0,0.0,0.0
6721,6721,6721,0,0.0,0.0
6722,6722,6722,0,0.0,0.0
6723,6723,6723,0,0.0,0.0
6724,6724,6724,0,0.0,0.0
6725,6725,6725,0,0.0,0.0
6726,6726,6726,0,0.0,0.0
6727,6727,6727,0,0.0,0.0
6728,6728,6728,0,0.0,0.0
6729,6729,6729,0,0.0,0.0
6730,6730,6730,0,0.0,0.0
6731,6731,6731,0,0.0,0.0
6732,6732,6732,0,0.0,0.0
6733,6733,6733,0,0.0,0.0
6734,6734,6734,0,0.0,0.0
6735,6735,6735,0,0.0,0.0
6736,6736,6736,0,0.0,0.0
6737,6737,6737,0,0.0,0.0
6738,6738,6738,0,0.0,0.0
6739,6739,6739,0,0.0,0.0
6740,6740,6740,0,0.0,0.0
6741,6741,6741,0,0.0,0.0
6742,6742,6742,0,0.0,0.0
6743,6743,6743,0,0.0,0.0
6744,6744,6744,0,0.0,0.0
6745,6745,6745,0,0.0,0.0
6746,6746,6746,0,0.0,0.0
6747,6747,6747,0,0.0,0.0
6748,6748,6748,0,0.0,0.0
6749,6749,6749,0,0.0,0.0
6750,6750,6750,0,0.0,0.0
6751,6751,6751,21,0.09523809523809523,7.174655018671185e-05
6752,6752,6752,38,0.07894736842105263,0.00012982709081405002
6753,6753,6753,52,0.1346153846153846,0.00017765812427185794
6754,6754,6754,86,0.09302325581395349,0.0002938192055265343
6755,6755,6755,126,0.19047619047619047,0.00043047930112027113
6756,6756,6756,62,0.25806451612903225,0.00021182314817029215
6757,6757,6757,117,0.5811965811965812,0.00039973077961168033
6758,6758,6758,207,0.6521739130434783,0.0007072159946975883
6759,6759,6759,430,0.7325581395348837,0.0014690960276326714
6760,6760,6760,542,0.7527675276752768,0.0018517442952951345
6761,6761,6761,272,0.7169117647058824,0.0009292886500374107
6762,6762,6762,137,0.6715328467153284,0.00046806082740854875
6763,6763,6763,133,0.5488721804511278,0.0004543948178491751
6764,6764,6764,105,0.5904761904761905,0.00035873275093355927
6765,6765,6765,72,0.6527777777777778,0.00024598817206872634
6766,6766,6766,115,0.7043478260869566,0.0003928977748319935
6767,6767,6767,116,0.5689655172413793,0.0003963142772218369
6768,6768,6768,22,0.4090909090909091,7.516305257655528e-05
6769,6769,6769,0,0.0,0.0
6770,6770,6770,0,0.0,0.0
6771,6771,6771,0,0.0,0.0
6772,6772,6772,0,0.0,0.0
6773,6773,6773,0,0.0,0.0
6774,6774,6774,0,0.0,0.0
6775,6775,6775,0,0.0,0.0
6776,6776,6776,0,0.0,0.0
6777,6777,6777,0,0.0,0.0
6778,6778,6778,0,0.0,0.0
6779,6779,6779,0,0.0,0.0
6780,6780,6780,0,0.0,0.0
6781,6781,6781,0,0.0,0.0
6782,6782,6782,0,0.0,0.0
6783,6783,6783,0,0.0,0.0
6784,6784,6784,0,0.0,0.0
6785,6785,6785,0,0.0,0.0
6786,6786,6786,0,0.0,0.0
6787,6787,6787,0,0.0,0.0
6788,6788,6788,0,0.0,0.0
6789,6789,6789,0,0.0,0.0
6790,6790,6790,0,0.0,0.0
6791,6791,6791,0,0.0,0.0
6792,6792,6792,0,0.0,0.0
6793,6793,6793,0,0.0,0.0
6794,6794,6794,0,0.0,0.0
6795,6795,6795,0,0.0,0.0
6796,6796,6796,0,0.0,0.0
6797,6797,6797,0,0.0,0.0
6798,6798,6798,0,0.0,0.0
6799,6799,6799,0,0.0,0.0
6800,6800,6800,0,0.0,0.0
6801,6801,6801,0,0.0,0.0
6802,6802,6802,0,0.0,0.0
6803,6803,6803,0,0.0,0.0
6804,6804,6804,0,0.0,0.0
6805,6805,6805,0,0.0,0.0
6806,6806,6806,0,0.0,0.0
6807,6807,6807,0,0.0,0.0
6808,6808,6808,0,0.0,0.0
6809,6809,6809,0,0.0,0.0
6810,6810,6810,0,0.0,0.0
6811,6811,6811,0,0.0,0.0
6812,6812,6812,0,0.0,0.0
6813,6813,6813,0,0.0,0.0
6814,6814,6814,0,0.0,0.0
6815,6815,6815,0,0.0,0.0
6816,6816,6816,0,0.0,0.0
6817,6817,6817,0,0.0,0.0
6818,6818,6818,0,0.0,0.0
6819,6819,6819,0,0.0,0.0
6820,6820,6820,0,0.0,0.0
6821,6821,6821,0,0.0,0.0
6822,6822,6822,3,0.0,1.0249507169530265e-05
6823,6823,6823,19,0.0,6.491354540702501e-05
6824,6824,6824,21,0.047619047619047616,7.174655018671185e-05
6825,6825,6825,132,0.06818181818181818,0.00045097831545933166
6826,6826,6826,95,0.14736842105263157,0.0003245677270351251
6827,6827,6827,44,0.3181818181818182,0.00015032610515311055
6828,6828,6828,96,0.3020833333333333,0.00032798422942496847
6829,6829,6829,183,0.6010928961748634,0.0006252199373413461
6830,6830,6830,363,0.5482093663911846,0.001240190367513162
6831,6831,6831,485,0.5752577319587628,0.0016570036590740594
6832,6832,6832,180,0.5055555555555555,0.0006149704301718159
6833,6833,6833,179,0.6368715083798883,0.0006115539277819725
6834,6834,6834,249,0.7228915662650602,0.000850709095071012
6835,6835,6835,184,0.7119565217391305,0.0006286364397311896
6836,6836,6836,88,0.7727272727272727,0.0003006522103062211
6837,6837,6837,118,0.7203389830508474,0.00040314728200152377
6838,6838,6838,94,0.48936170212765956,0.00032115122464528164
6839,6839,6839,65,0.46153846153846156,0.00022207265533982242
6840,6840,6840,15,0.3333333333333333,5.1247535847651325e-05
6841,6841,6841,0,0.0,0.0
6842,6842,6842,0,0.0,0.0
6843,6843,6843,0,0.0,0.0
6844,6844,6844,0,0.0,0.0
6845,6845,6845,0,0.0,0.0
6846,6846,6846,0,0.0,0.0
6847,6847,6847,0,0.0,0.0
6848,6848,6848,0,0.0,0.0
6849,6849,6849,0,0.0,0.0
6850,6850,6850,0,0.0,0.0
6851,6851,6851,0,0.0,0.0
6852,6852,6852,0,0.0,0.0
6853,6853,6853,0,0.0,0.0
6854,6854,6854,0,0.0,0.0
6855,6855,6855,0,0.0,0.0
6856,6856,6856,0,0.0,0.0
6857,6857,6857,0,0.0,0.0
6858,6858,6858,0,0.0,0.0
6859,6859,6859,0,0.0,0.0
6860,6860,6860,0,0.0,0.0
6861,6861,6861,0,0.0,0.0
6862,6862,6862,0,0.0,0.0
6863,6863,6863,0,0.0,0.0
6864,6864,6864,0,0.0,0.0
6865,6865,6865,0,0.0,0.0
6866,6866,6866,0,0.0,0.0
6867,6867,6867,0,0.0,0.0
6868,6868,6868,0,0.0,0.0
6869,6869,6869,0,0.0,0.0
6870,6870,6870,0,0.0,0.0
6871,6871,6871,0,0.0,0.0
6872,6872,6872,0,0.0,0.0
6873,6873,6873,0,0.0,0.0
6874,6874,6874,0,0.0,0.0
6875,6875,6875,0,0.0,0.0
6876,6876,6876,0,0.0,0.0
6877,6877,6877,0,0.0,0.0
6878,6878,6878,0,0.0,0.0
6879,6879,6879,0,0.0,0.0
6880,6880,6880,0,0.0,0.0
6881,6881,6881,0,0.0,0.0
6882,6882,6882,0,0.0,0.0
6883,6883,6883,0,0.0,0.0
6884,6884,6884,0,0.0,0.0
6885,6885,6885,0,0.0,0.0
6886,6886,6886,0,0.0,0.0
6887,6887,6887,0,0.0,0.0
6888,6888,6888,0,0.0,0.0
6889,6889,6889,0,0.0,0.0
6890,6890,6890,0,0.0,0.0
6891,6891,6891,0,0.0,0.0
6892,6892,6892,0,0.0,0.0
6893,6893,6893,1,0.0,3.4165023898434215e-06
6894,6894,6894,7,0.2857142857142857,2.3915516728903952e-05
6895,6895,6895,14,0.0,4.7831033457807905e-05
6896,6896,6896,55,0.05454545454545454,0.0001879076314413882
6897,6897,6897,58,0.1896551724137931,0.00019815713861091845
6898,6898,6898,60,0.16666666666666666,0.0002049901433906053
6899,6899,6899,138,0.35507246376811596,0.0004714773297983922
6900,6900,6900,238,0.47058823529411764,0.0008131275687827343
6901,6901,6901,320,0.478125,0.001093280764749895
6902,6902,6902,362,0.35911602209944754,0.0012367738651233187
6903,6903,6903,152,0.4605263157894737,0.0005193083632562001
6904,6904,6904,235,0.5914893617021276,0.000802878061613204
6905,6905,6905,252,0.7380952380952381,0.0008609586022405423
6906,6906,6906,117,0.7606837606837606,0.00039973077961168033
6907,6907,6907,100,0.71,0.0003416502389843422
6908,6908,6908,153,0.7777777777777778,0.0005227248656460435
6909,6909,6909,114,0.6754385964912281,0.00038948127244215006
6910,6910,6910,124,0.5241935483870968,0.0004236462963405843
6911,6911,6911,37,0.3783783783783784,0.0001264105884242066
6912,6912,6912,8,0.375,2.7332019118747372e-05
6913,6913,6913,0,0.0,0.0
6914,6914,6914,0,0.0,0.0
6915,6915,6915,0,0.0,0.0
6916,6916,6916,0,0.0,0.0
6917,6917,6917,0,0.0,0.0
6918,6918,6918,0,0.0,0.0
6919,6919,6919,0,0.0,0.0
6920,6920,6920,0,0.0,0.0
6921,6921,6921,0,0.0,0.0
6922,6922,6922,0,0.0,0.0
6923,6923,6923,0,0.0,0.0
6924,6924,6924,0,0.0,0.0
6925,6925,6925,0,0.0,0.0
6926,6926,6926,0,0.0,0.0
6927,6927,6927,0,0.0,0.0
6928,6928,6928,0,0.0,0.0
6929,6929,6929,0,0.0,0.0
6930,6930,6930,0,0.0,0.0
6931,6931,6931,0,0.0,0.0
6932,6932,6932,0,0.0,0.0
6933,6933,6933,0,0.0,0.0
6934,6934,6934,0,0.0,0.0
6935,6935,6935,0,0.0,0.0
6936,6936,6936,0,0.0,0.0
6937,6937,6937,0,0.0,0.0
6938,6938,6938,0,0.0,0.0
6939,6939,6939,0,0.0,0.0
6940,6940,6940,0,0.0,0.0
6941,6941,6941,0,0.0,0.0
6942,6942,6942,0,0.0,0.0
6943,6943,6943,0,0.0,0.0
6944,6944,6944,0,0.0,0.0
6945,6945,6945,0,0.0,0.0
6946,6946,6946,0,0.0,0.0
6947,6947,6947,0,0.0,0.0
6948,6948,6948,0,0.0,0.0
6949,6949,6949,0,0.0,0.0
6950,6950,6950,0,0.0,0.0
6951,6951,6951,0,0.0,0.0
6952,6952,6952,0,0.0,0.0
6953,6953,6953,0,0.0,0.0
6954,6954,6954,0,0.0,0.0
6955,6955,6955,0,0.0,0.0
6956,6956,6956,0,0.0,0.0
6957,6957,6957,0,0.0,0.0
6958,6958,6958,0,0.0,0.0
6959,6959,6959,0,0.0,0.0
6960,6960,6960,0,0.0,0.0
6961,6961,6961,0,0.0,0.0
6962,6962,6962,0,0.0,0.0
6963,6963,6963,0,0.0,0.0
6964,6964,6964,3,0.0,1.0249507169530265e-05
6965,6965,6965,12,0.08333333333333333,4.099802867812106e-05
6966,6966,6966,26,0.19230769230769232,8.882906213592897e-05
6967,6967,6967,91,0.37362637362637363,0.0003109017174757514
6968,6968,6968,62,0.3709677419354839,0.00021182314817029215
6969,6969,6969,77,0.2597402597402597,0.0002630706840179435
6970,6970,6970,99,0.4444444444444444,0.00033823373659449873
6971,6971,6971,153,0.5424836601307189,0.0005227248656460435
6972,6972,6972,215,0.42790697674418604,0.0007345480138163357
6973,6973,6973,187,0.29411764705882354,0.0006388859469007199
6974,6974,6974,147,0.3469387755102041,0.0005022258513069829
6975,6975,6975,117,0.48717948717948717,0.00039973077961168033
6976,6976,6976,130,0.676923076923077,0.00044414531067964484
6977,6977,6977,154,0.7792207792207793,0.000526141368035887
6978,6978,6978,80,0.775,0.00027332019118747375
6979,6979,6979,58,0.8103448275862069,0.00019815713861091845
6980,6980,6980,143,0.6923076923076923,0.0004885598417476093
6981,6981,6981,101,0.7029702970297029,0.0003450667413741856
6982,6982,6982,29,0.6551724137931034,9.907856930545922e-05
6983,6983,6983,4,0.5,1.3666009559373686e-05
6984,6984,6984,0,0.0,0.0
6985,6985,6985,0,0.0,0.0
6986,6986,6986,0,0.0,0.0
6987,6987,6987,0,0.0,0.0
6988,6988,6988,0,0.0,0.0
6989,6989,6989,0,0.0,0.0
6990,6990,6990,0,0.0,0.0
6991,6991,6991,0,0.0,0.0
6992,6992,6992,0,0.0,0.0
6993,6993,6993,0,0.0,0.0
6994,6994,6994,0,0.0,0.0
6995,6995,6995,0,0.0,0.0
6996,6996,6996,0,0.0,0.0
6997,6997,6997,0,0.0,0.0
6998,6998,6998,0,0.0,0.0
6999,6999,6999,0,0.0,0.0
7000,7000,7000,0,0.0,0.0
7001,7001,7001,0,0.0,0.0
7002,7002,7002,0,0.0,0.0
7003,7003,7003,0,0.0,0.0
7004,7004,7004,0,0.0,0.0
7005,7005,7005,0,0.0,0.0
7006,7006,7006,0,0.0,0.0
7007,7007,7007,0,0.0,0.0
7008,7008,7008,0,0.0,0.0
7009,7009,7009,0,0.0,0.0
7010,7010,7010,0,0.0,0.0
7011,7011,7011,0,0.0,0.0
7012,7012,7012,0,0.0,0.0
7013,7013,7013,0,0.0,0.0
7014,7014,7014,0,0.0,0.0
7015,7015,7015,0,0.0,0.0
7016,7016,7016,0,0.0,0.0
7017,7017,7017,0,0.0,0.0
7018,7018,7018,0,0.0,0.0
7019,7019,7019,0,0.0,0.0
7020,7020,7020,0,0.0,0.0
7021,7021,7021,0,0.0,0.0
7022,7022,7022,0,0.0,0.0
7023,7023,7023,0,0.0,0.0
7024,7024,7024,0,0.0,0.0
7025,7025,7025,0,0.0,0.0
7026,7026,7026,0,0.0,0.0
7027,7027,7027,0,0.0,0.0
7028,7028,7028,0,0.0,0.0
7029,7029,7029,0,0.0,0.0
7030,7030,7030,0,0.0,0.0
7031,7031,7031,0,0.0,0.0
7032,7032,7032,0,0.0,0.0
7033,7033,7033,0,0.0,0.0
7034,7034,7034,0,0.0,0.0
7035,7035,7035,6,0.0,2.049901433906053e-05
7036,7036,7036,28,0.10714285714285714,9.566206691561581e-05
7037,7037,7037,101,0.2079207920792079,0.0003450667413741856
7038,7038,7038,91,0.32967032967032966,0.0003109017174757514
7039,7039,7039,66,0.4696969696969697,0.00022548915772966583
7040,7040,7040,126,0.4523809523809524,0.00043047930112027113
7041,7041,7041,85,0.36470588235294116,0.00029040270313669084
7042,7042,7042,70,0.6285714285714286,0.0002391551672890395
7043,7043,7043,93,0.6666666666666666,0.0003177347222554382
7044,7044,7044,76,0.4342105263157895,0.00025965418162810004
7045,7045,7045,62,0.25806451612903225,0.00021182314817029215
7046,7046,7046,78,0.41025641025641024,0.00026648718640778687
7047,7047,7047,63,0.4444444444444444,0.00021523965056013556
7048,7048,7048,126,0.6190476190476191,0.00043047930112027113
7049,7049,7049,205,0.6097560975609756,0.0007003829899179015
7050,7050,7050,116,0.603448275862069,0.0003963142772218369
7051,7051,7051,105,0.6857142857142857,0.00035873275093355927
7052,7052,7052,99,0.5252525252525253,0.00033823373659449873
7053,7053,7053,27,0.37037037037037035,9.224556452577238e-05
7054,7054,7054,6,0.5,2.049901433906053e-05
7055,7055,7055,0,0.0,0.0
7056,7056,7056,0,0.0,0.0
7057,7057,7057,0,0.0,0.0
7058,7058,7058,0,0.0,0.0
7059,7059,7059,0,0.0,0.0
7060,7060,7060,0,0.0,0.0
7061,7061,7061,0,0.0,0.0
7062,7062,7062,0,0.0,0.0
7063,7063,7063,0,0.0,0.0
7064,7064,7064,0,0.0,0.0
7065,7065,7065,0,0.0,0.0
7066,7066,7066,0,0.0,0.0
7067,7067,7067,0,0.0,0.0
7068,7068,7068,0,0.0,0.0
7069,7069,7069,0,0.0,0.0
7070,7070,7070,0,0.0,0.0
7071,7071,7071,0,0.0,0.0
7072,7072,7072,0,0.0,0.0
7073,7073,7073,0,0.0,0.0
7074,7074,7074,0,0.0,0.0
7075,7075,7075,0,0.0,0.0
7076,7076,7076,0,0.0,0.0
7077,7077,7077,0,0.0,0.0
7078,7078,7078,0,0.0,0.0
7079,7079,7079,0,0.0,0.0
7080,7080,7080,0,0.0,0.0
7081,7081,7081,0,0.0,0.0
7082,7082,7082,0,0.0,0.0
7083,7083,7083,0,0.0,0.0
7084,7084,7084,0,0.0,0.0
7085,7085,7085,0,0.0,0.0
7086,7086,7086,0,0.0,0.0
7087,7087,7087,0,0.0,0.0
7088,7088,7088,0,0.0,0.0
7089,7089,7089,0,0.0,0.0
7090,7090,7090,0,0.0,0.0
7091,7091,7091,0,0.0,0.0
7092,7092,7092,0,0.0,0.0
7093,7093,7093,0,0.0,0.0
7094,7094,7094,0,0.0,0.0
7095,7095,7095,0,0.0,0.0
7096,7096,7096,0,0.0,0.0
7097,7097,7097,0,0.0,0.0
7098,7098,7098,0,0.0,0.0
7099,7099,7099,0,0.0,0.0
7100,7100,7100,0,0.0,0.0
7101,7101,7101,0,0.0,0.0
7102,7102,7102,0,0.0,0.0
7103,7103,7103,0,0.0,0.0
7104,7104,7104,0,0.0,0.0
7105,7105,7105,0,0.0,0.0
7106,7106,7106,5,0.0,1.708251194921711e-05
7107,7107,7107,50,0.1,0.0001708251194921711
7108,7108,7108,223,0.14349775784753363,0.0007618800329350831
7109,7109,7109,300,0.13666666666666666,0.0010249507169530264
7110,7110,7110,131,0.24427480916030533,0.0004475618130694882
7111,7111,7111,103,0.5339805825242718,0.00035189974615387244
7112,7112,7112,57,0.47368421052631576,0.00019474063622107503
7113,7113,7113,65,0.676923076923077,0.00022207265533982242
7114,7114,7114,57,0.7894736842105263,0.00019474063622107503
7115,7115,7115,61,0.639344262295082,0.0002084066457804487
7116,7116,7116,52,0.40384615384615385,0.00017765812427185794
7117,7117,7117,42,0.38095238095238093,0.0001434931003734237
7118,7118,7118,78,0.19230769230769232,0.00026648718640778687
7119,7119,7119,154,0.4155844155844156,0.000526141368035887
7120,7120,7120,313,0.3514376996805112,0.001069365248020991
7121,7121,7121,424,0.2429245283018868,0.0014485970132936108
7122,7122,7122,132,0.3560606060606061,0.00045097831545933166
7123,7123,7123,79,0.3670886075949367,0.0002699036887976303
7124,7124,7124,15,0.3333333333333333,5.1247535847651325e-05
7125,7125,7125,3,0.0,1.0249507169530265e-05
7126,7126,7126,0,0.0,0.0
7127,7127,7127,0,0.0,0.0
7128,7128,7128,0,0.0,0.0
7129,7129,7129,0,0.0,0.0
7130,7130,7130,0,0.0,0.0
7131,7131,7131,0,0.0,0.0
7132,7132,7132,0,0.0,0.0
7133,7133,7133,0,0.0,0.0
7134,7134,7134,0,0.0,0.0
7135,7135,7135,0,0.0,0.0
7136,7136,7136,0,0.0,0.0
7137,7137,7137,0,0.0,0.0
7138,7138,7138,0,0.0,0.0
7139,7139,7139,0,0.0,0.0
7140,7140,7140,0,0.0,0.0
7141,7141,7141,0,0.0,0.0
7142,7142,7142,0,0.0,0.0
7143,7143,7143,0,0.0,0.0
7144,7144,7144,0,0.0,0.0
7145,7145,7145,0,0.0,0.0
7146,7146,7146,0,0.0,0.0
7147,7147,7147,0,0.0,0.0
7148,7148,7148,0,0.0,0.0
7149,7149,7149,0,0.0,0.0
7150,7150,7150,0,0.0,0.0
7151,7151,7151,0,0.0,0.0
7152,7152,7152,0,0.0,0.0
7153,7153,7153,0,0.0,0.0
7154,7154,7154,0,0.0,0.0
7155,7155,7155,0,0.0,0.0
7156,7156,7156,0,0.0,0.0
7157,7157,7157,0,0.0,0.0
7158,7158,7158,0,0.0,0.0
7159,7159,7159,0,0.0,0.0
7160,7160,7160,0,0.0,0.0
7161,7161,7161,0,0.0,0.0
7162,7162,7162,0,0.0,0.0
7163,7163,7163,0,0.0,0.0
7164,7164,7164,0,0.0,0.0
7165,7165,7165,0,0.0,0.0
7166,7166,7166,0,0.0,0.0
7167,7167,7167,0,0.0,0.0
7168,7168,7168,0,0.0,0.0
7169,7169,7169,0,0.0,0.0
7170,7170,7170,0,0.0,0.0
7171,7171,7171,0,0.0,0.0
7172,7172,7172,0,0.0,0.0
7173,7173,7173,0,0.0,0.0
7174,7174,7174,0,0.0,0.0
7175,7175,7175,0,0.0,0.0
7176,7176,7176,0,0.0,0.0
7177,7177,7177,5,0.0,1.708251194921711e-05
7178,7178,7178,23,0.0,7.85795549663987e-05
7179,7179,7179,197,0.08121827411167512,0.0006730509707991541
7180,7180,7180,189,0.06878306878306878,0.0006457189516804067
7181,7181,7181,146,0.2876712328767123,0.0004988093489171396
7182,7182,7182,45,0.5111111111111111,0.00015374260754295397
7183,7183,7183,38,0.5526315789473685,0.00012982709081405002
7184,7184,7184,65,0.7384615384615385,0.00022207265533982242
7185,7185,7185,61,0.7377049180327869,0.0002084066457804487
7186,7186,7186,88,0.7159090909090909,0.0003006522103062211
7187,7187,7187,46,0.6739130434782609,0.0001571591099327974
7188,7188,7188,87,0.14942528735632185,0.00029723570791637767
7189,7189,7189,219,0.2009132420091324,0.0007482140233757093
7190,7190,7190,283,0.24028268551236748,0.0009668701763256883
7191,7191,7191,240,0.12916666666666668,0.0008199605735624212
7192,7192,7192,297,0.10437710437710437,0.0010147012097834961
7193,7193,7193,67,0.2537313432835821,0.00022890566011950924
7194,7194,7194,18,0.1111111111111111,6.149704301718158e-05
7195,7195,7195,21,0.09523809523809523,7.174655018671185e-05
7196,7196,7196,4,0.25,1.3666009559373686e-05
7197,7197,7197,0,0.0,0.0
7198,7198,7198,0,0.0,0.0
7199,7199,7199,0,0.0,0.0
7200,7200,7200,0,0.0,0.0
7201,7201,7201,0,0.0,0.0
7202,7202,7202,0,0.0,0.0
7203,7203,7203,0,0.0,0.0
7204,7204,7204,0,0.0,0.0
7205,7205,7205,0,0.0,0.0
7206,7206,7206,0,0.0,0.0
7207,7207,7207,0,0.0,0.0
7208,7208,7208,0,0.0,0.0
7209,7209,7209,0,0.0,0.0
7210,7210,7210,0,0.0,0.0
7211,7211,7211,0,0.0,0.0
7212,7212,7212,0,0.0,0.0
7213,7213,7213,0,0.0,0.0
7214,7214,7214,0,0.0,0.0
7215,7215,7215,0,0.0,0.0
7216,7216,7216,0,0.0,0.0
7217,7217,7217,0,0.0,0.0
7218,7218,7218,0,0.0,0.0
7219,7219,7219,0,0.0,0.0
7220,7220,7220,0,0.0,0.0
7221,7221,7221,0,0.0,0.0
7222,7222,7222,0,0.0,0.0
7223,7223,7223,0,0.0,0.0
7224,7224,7224,0,0.0,0.0
7225,7225,7225,0,0.0,0.0
7226,7226,7226,0,0.0,0.0
7227,7227,7227,0,0.0,0.0
7228,7228,7228,0,0.0,0.0
7229,7229,7229,0,0.0,0.0
7230,7230,7230,0,0.0,0.0
7231,7231,7231,0,0.0,0.0
7232,7232,7232,0,0.0,0.0
7233,7233,7233,0,0.0,0.0
7234,7234,7234,0,0.0,0.0
7235,7235,7235,0,0.0,0.0
7236,7236,7236,0,0.0,0.0
7237,7237,7237,0,0.0,0.0
7238,7238,7238,0,0.0,0.0
7239,7239,7239,0,0.0,0.0
7240,7240,7240,0,0.0,0.0
7241,7241,7241,0,0.0,0.0
7242,7242,7242,0,0.0,0.0
7243,7243,7243,0,0.0,0.0
7244,7244,7244,0,0.0,0.0
7245,7245,7245,0,0.0,0.0
7246,7246,7246,0,0.0,0.0
7247,7247,7247,0,0.0,0.0
7248,7248,7248,0,0.0,0.0
7249,7249,7249,1,0.0,3.4165023898434215e-06
7250,7250,7250,80,0.0625,0.00027332019118747375
7251,7251,7251,127,0.12598425196850394,0.00043389580351011457
7252,7252,7252,113,0.4247787610619469,0.0003860647700523067
7253,7253,7253,36,0.6111111111111112,0.00012299408603436317
7254,7254,7254,19,0.631578947368421,6.491354540702501e-05
7255,7255,7255,121,0.768595041322314,0.00041339678917105404
7256,7256,7256,196,0.7806122448979592,0.0006696344684093107
7257,7257,7257,200,0.7,0.0006833004779686843
7258,7258,7258,72,0.5277777777777778,0.00024598817206872634
7259,7259,7259,70,0.24285714285714285,0.0002391551672890395
7260,7260,7260,157,0.12738853503184713,0.0005363908752054172
7261,7261,7261,152,0.125,0.0005193083632562001
7262,7262,7262,87,0.09195402298850575,0.00029723570791637767
7263,7263,7263,58,0.05172413793103448,0.00019815713861091845
7264,7264,7264,17,0.11764705882352941,5.808054062733817e-05
7265,7265,7265,5,0.0,1.708251194921711e-05
7266,7266,7266,0,0.0,0.0
7267,7267,7267,0,0.0,0.0
7268,7268,7268,0,0.0,0.0
7269,7269,7269,0,0.0,0.0
7270,7270,7270,0,0.0,0.0
7271,7271,7271,0,0.0,0.0
7272,7272,7272,0,0.0,0.0
7273,7273,7273,0,0.0,0.0
7274,7274,7274,0,0.0,0.0
7275,7275,7275,0,0.0,0.0
7276,7276,7276,0,0.0,0.0
7277,7277,7277,0,0.0,0.0
7278,7278,7278,0,0.0,0.0
7279,7279,7279,0,0.0,0.0
7280,7280,7280,0,0.0,0.0
7281,7281,7281,0,0.0,0.0
7282,7282,7282,0,0.0,0.0
7283,7283,7283,0,0.0,0.0
7284,7284,7284,0,0.0,0.0
7285,7285,7285,0,0.0,0.0
7286,7286,7286,0,0.0,0.0
7287,7287,7287,0,0.0,0.0
7288,7288,7288,0,0.0,0.0
7289,7289,7289,0,0.0,0.0
7290,7290,7290,0,0.0,0.0
7291,7291,7291,0,0.0,0.0
7292,7292,7292,0,0.0,0.0
7293,7293,7293,0,0.0,0.0
7294,7294,7294,0,0.0,0.0
7295,7295,7295,0,0.0,0.0
7296,7296,7296,0,0.0,0.0
7297,7297,7297,0,0.0,0.0
7298,7298,7298,0,0.0,0.0
7299,7299,7299,0,0.0,0.0
7300,7300,7300,0,0.0,0.0
7301,7301,7301,0,0.0,0.0
7302,7302,7302,0,0.0,0.0
7303,7303,7303,0,0.0,0.0
7304,7304,7304,0,0.0,0.0
7305,7305,7305,0,0.0,0.0
7306,7306,7306,0,0.0,0.0
7307,7307,7307,0,0.0,0.0
7308,7308,7308,0,0.0,0.0
7309,7309,7309,0,0.0,0.0
7310,7310,7310,0,0.0,0.0
7311,7311,7311,0,0.0,0.0
7312,7312,7312,0,0.0,0.0
7313,7313,7313,0,0.0,0.0
7314,7314,7314,0,0.0,0.0
7315,7315,7315,0,0.0,0.0
7316,7316,7316,0,0.0,0.0
7317,7317,7317,0,0.0,0.0
7318,7318,7318,0,0.0,0.0
7319,7319,7319,0,0.0,0.0
7320,7320,7320,0,0.0,0.0
7321,7321,7321,6,0.3333333333333333,2.049901433906053e-05
7322,7322,7322,52,0.17307692307692307,0.00017765812427185794
7323,7323,7323,111,0.23423423423423423,0.0003792317652726198
7324,7324,7324,71,0.5492957746478874,0.00024257166967888295
7325,7325,7325,40,0.5,0.00013666009559373687
7326,7326,7326,42,0.6666666666666666,0.0001434931003734237
7327,7327,7327,54,0.5370370370370371,0.00018449112905154477
7328,7328,7328,56,0.42857142857142855,0.00019132413383123162
7329,7329,7329,222,0.30180180180180183,0.0007584635305452396
7330,7330,7330,346,0.2023121387283237,0.001182109826885824
7331,7331,7331,75,0.16,0.0002562376792382566
7332,7332,7332,68,0.08823529411764706,0.00023232216250935268
7333,7333,7333,114,0.02631578947368421,0.00038948127244215006
7334,7334,7334,33,0.0,0.00011274457886483292
7335,7335,7335,12,0.0,4.099802867812106e-05
7336,7336,7336,5,0.0,1.708251194921711e-05
7337,7337,7337,0,0.0,0.0
7338,7338,7338,0,0.0,0.0
7339,7339,7339,0,0.0,0.0
7340,7340,7340,0,0.0,0.0
7341,7341,7341,0,0.0,0.0
7342,7342,7342,0,0.0,0.0
7343,7343,7343,0,0.0,0.0
7344,7344,7344,0,0.0,0.0
7345,7345,7345,0,0.0,0.0
7346,7346,7346,0,0.0,0.0
7347,7347,7347,0,0.0,0.0
7348,7348,7348,0,0.0,0.0
7349,7349,7349,0,0.0,0.0
7350,7350,7350,0,0.0,0.0
7351,7351,7351,0,0.0,0.0
7352,7352,7352,0,0.0,0.0
7353,7353,7353,0,0.0,0.0
7354,7354,7354,0,0.0,0.0
7355,7355,7355,0,0.0,0.0
7356,7356,7356,0,0.0,0.0
7357,7357,7357,0,0.0,0.0
7358,7358,7358,0,0.0,0.0
7359,7359,7359,0,0.0,0.0
7360,7360,7360,0,0.0,0.0
7361,7361,7361,0,0.0,0.0
7362,7362,7362,0,0.0,0.0
7363,7363,7363,0,0.0,0.0
7364,7364,7364,0,0.0,0.0
7365,7365,7365,0,0.0,0.0
7366,7366,7366,0,0.0,0.0
7367,7367,7367,0,0.0,0.0
7368,7368,7368,0,0.0,0.0
7369,7369,7369,0,0.0,0.0
7370,7370,7370,0,0.0,0.0
7371,7371,7371,0,0.0,0.0
7372,7372,7372,0,0.0,0.0
7373,7373,7373,0,0.0,0.0
7374,7374,7374,0,0.0,0.0
7375,7375,7375,0,0.0,0.0
7376,7376,7376,0,0.0,0.0
7377,7377,7377,0,0.0,0.0
7378,7378,7378,0,0.0,0.0
7379,7379,7379,0,0.0,0.0
7380,7380,7380,0,0.0,0.0
7381,7381,7381,0,0.0,0.0
7382,7382,7382,0,0.0,0.0
7383,7383,7383,0,0.0,0.0
7384,7384,7384,0,0.0,0.0
7385,7385,7385,0,0.0,0.0
7386,7386,7386,0,0.0,0.0
7387,7387,7387,0,0.0,0.0
7388,7388,7388,0,0.0,0.0
7389,7389,7389,0,0.0,0.0
7390,7390,7390,0,0.0,0.0
7391,7391,7391,0,0.0,0.0
7392,7392,7392,0,0.0,0.0
7393,7393,7393,16,0.25,5.4664038237494744e-05
7394,7394,7394,45,0.24444444444444444,0.00015374260754295397
7395,7395,7395,47,0.40425531914893614,0.00016057561232264082
7396,7396,7396,28,0.6785714285714286,9.566206691561581e-05
7397,7397,7397,17,0.5882352941176471,5.808054062733817e-05
7398,7398,7398,10,0.6,3.416502389843422e-05
7399,7399,7399,21,0.38095238095238093,7.174655018671185e-05
7400,7400,7400,304,0.13157894736842105,0.0010386167265124002
7401,7401,7401,432,0.13194444444444445,0.0014759290324123581
7402,7402,7402,74,0.12162162162162163,0.0002528211768484132
7403,7403,7403,43,0.13953488372093023,0.00014690960276326714
7404,7404,7404,24,0.041666666666666664,8.199605735624212e-05
7405,7405,7405,0,0.0,0.0
7406,7406,7406,3,0.0,1.0249507169530265e-05
7407,7407,7407,0,0.0,0.0
7408,7408,7408,0,0.0,0.0
7409,7409,7409,0,0.0,0.0
7410,7410,7410,0,0.0,0.0
7411,7411,7411,0,0.0,0.0
7412,7412,7412,0,0.0,0.0
7413,7413,7413,0,0.0,0.0
7414,7414,7414,0,0.0,0.0
7415,7415,7415,0,0.0,0.0
7416,7416,7416,0,0.0,0.0
7417,7417,7417,0,0.0,0.0
7418,7418,7418,0,0.0,0.0
7419,7419,7419,0,0.0,0.0
7420,7420,7420,0,0.0,0.0
7421,7421,7421,0,0.0,0.0
7422,7422,7422,0,0.0,0.0
7423,7423,7423,0,0.0,0.0
7424,7424,7424,0,0.0,0.0
7425,7425,7425,0,0.0,0.0
7426,7426,7426,0,0.0,0.0
7427,7427,7427,0,0.0,0.0
7428,7428,7428,0,0.0,0.0
7429,7429,7429,0,0.0,0.0
7430,7430,7430,0,0.0,0.0
7431,7431,7431,0,0.0,0.0
7432,7432,7432,0,0.0,0.0
7433,7433,7433,0,0.0,0.0
7434,7434,7434,0,0.0,0.0
7435,7435,7435,0,0.0,0.0
7436,7436,7436,0,0.0,0.0
7437,7437,7437,0,0.0,0.0
7438,7438,7438,0,0.0,0.0
7439,7439,7439,0,0.0,0.0
7440,7440,7440,0,0.0,0.0
7441,7441,7441,0,0.0,0.0
7442,7442,7442,0,0.0,0.0
7443,7443,7443,0,0.0,0.0
7444,7444,7444,0,0.0,0.0
7445,7445,7445,0,0.0,0.0
7446,7446,7446,0,0.0,0.0
7447,7447,7447,0,0.0,0.0
7448,7448,7448,0,0.0,0.0
7449,7449,7449,0,0.0,0.0
7450,7450,7450,0,0.0,0.0
7451,7451,7451,0,0.0,0.0
7452,7452,7452,0,0.0,0.0
7453,7453,7453,0,0.0,0.0
7454,7454,7454,0,0.0,0.0
7455,7455,7455,0,0.0,0.0
7456,7456,7456,0,0.0,0.0
7457,7457,7457,0,0.0,0.0
7458,7458,7458,0,0.0,0.0
7459,7459,7459,0,0.0,0.0
7460,7460,7460,0,0.0,0.0
7461,7461,7461,0,0.0,0.0
7462,7462,7462,0,0.0,0.0
7463,7463,7463,0,0.0,0.0
7464,7464,7464,0,0.0,0.0
7465,7465,7465,1,1.0,3.4165023898434215e-06
7466,7466,7466,16,0.625,5.4664038237494744e-05
7467,7467,7467,9,0.4444444444444444,3.074852150859079e-05
7468,7468,7468,5,0.2,1.708251194921711e-05
7469,7469,7469,2,0.5,6.833004779686843e-06
7470,7470,7470,0,0.0,0.0
7471,7471,7471,68,0.08823529411764706,0.00023232216250935268
7472,7472,7472,129,0.031007751937984496,0.0004407288082898014
7473,7473,7473,48,0.020833333333333332,0.00016399211471248423
7474,7474,7474,30,0.1,0.00010249507169530265
7475,7475,7475,13,0.07692307692307693,4.4414531067964485e-05
7476,7476,7476,0,0.0,0.0
7477,7477,7477,0,0.0,0.0
7478,7478,7478,0,0.0,0.0
7479,7479,7479,0,0.0,0.0
7480,7480,7480,0,0.0,0.0
7481,7481,7481,0,0.0,0.0
7482,7482,7482,0,0.0,0.0
7483,7483,7483,0,0.0,0.0
7484,7484,7484,0,0.0,0.0
7485,7485,7485,0,0.0,0.0
7486,7486,7486,0,0.0,0.0
7487,7487,7487,0,0.0,0.0
7488,7488,7488,0,0.0,0.0
7489,7489,7489,0,0.0,0.0
7490,7490,7490,0,0.0,0.0
7491,7491,7491,0,0.0,0.0
7492,7492,7492,0,0.0,0.0
7493,7493,7493,0,0.0,0.0
7494,7494,7494,0,0.0,0.0
7495,7495,7495,0,0.0,0.0
7496,7496,7496,0,0.0,0.0
7497,7497,7497,0,0.0,0.0
7498,7498,7498,0,0.0,0.0
7499,7499,7499,0,0.0,0.0
7500,7500,7500,0,0.0,0.0
7501,7501,7501,0,0.0,0.0
7502,7502,7502,0,0.0,0.0
7503,7503,7503,0,0.0,0.0
7504,7504,7504,0,0.0,0.0
7505,7505,7505,0,0.0,0.0
7506,7506,7506,0,0.0,0.0
7507,7507,7507,0,0.0,0.0
7508,7508,7508,0,0.0,0.0
7509,7509,7509,0,0.0,0.0
7510,7510,7510,0,0.0,0.0
7511,7511,7511,0,0.0,0.0
7512,7512,7512,0,0.0,0.0
7513,7513,7513,0,0.0,0.0
7514,7514,7514,0,0.0,0.0
7515,7515,7515,0,0.0,0.0
7516,7516,7516,0,0.0,0.0
7517,7517,7517,0,0.0,0.0
7518,7518,7518,0,0.0,0.0
7519,7519,7519,0,0.0,0.0
7520,7520,7520,0,0.0,0.0
7521,7521,7521,0,0.0,0.0
7522,7522,7522,0,0.0,0.0
7523,7523,7523,0,0.0,0.0
7524,7524,7524,0,0.0,0.0
7525,7525,7525,0,0.0,0.0
7526,7526,7526,0,0.0,0.0
7527,7527,7527,0,0.0,0.0
7528,7528,7528,0,0.0,0.0
7529,7529,7529,0,0.0,0.0
7530,7530,7530,0,0.0,0.0
7531,7531,7531,0,0.0,0.0
7532,7532,7532,0,0.0,0.0
7533,7533,7533,0,0.0,0.0
7534,7534,7534,0,0.0,0.0
7535,7535,7535,0,0.0,0.0
7536,7536,7536,0,0.0,0.0
7537,7537,7537,0,0.0,0.0
7538,7538,7538,0,0.0,0.0
7539,7539,7539,0,0.0,0.0
7540,7540,7540,0,0.0,0.0
7541,7541,7541,0,0.0,0.0
7542,7542,7542,0,0.0,0.0
7543,7543,7543,0,0.0,0.0
7544,7544,7544,4,0.0,1.3666009559373686e-05
7545,7545,7545,6,0.0,2.049901433906053e-05
7546,7546,7546,0,0.0,0.0
7547,7547,7547,0,0.0,0.0
7548,7548,7548,0,0.0,0.0
7549,7549,7549,0,0.0,0.0
7550,7550,7550,0,0.0,0.0
7551,7551,7551,0,0.0,0.0
7552,7552,7552,0,0.0,0.0
7553,7553,7553,0,0.0,0.0
7554,7554,7554,0,0.0,0.0
7555,7555,7555,0,0.0,0.0
7556,7556,7556,0,0.0,0.0
7557,7557,7557,0,0.0,0.0
7558,7558,7558,0,0.0,0.0
7559,7559,7559,0,0.0,0.0
7560,7560,7560,0,0.0,0.0
7561,7561,7561,0,0.0,0.0
7562,7562,7562,0,0.0,0.0
7563,7563,7563,0,0.0,0.0
7564,7564,7564,0,0.0,0.0
7565,7565,7565,0,0.0,0.0
7566,7566,7566,0,0.0,0.0
7567,7567,7567,0,0.0,0.0
7568,7568,7568,0,0.0,0.0
7569,7569,7569,0,0.0,0.0
7570,7570,7570,0,0.0,0.0
7571,7571,7571,0,0.0,0.0
7572,7572,7572,0,0.0,0.0
7573,7573,7573,0,0.0,0.0
7574,7574,7574,0,0.0,0.0
7575,7575,7575,0,0.0,0.0
7576,7576,7576,0,0.0,0.0
7577,7577,7577,0,0.0,0.0
7578,7578,7578,0,0.0,0.0
7579,7579,7579,0,0.0,0.0
7580,7580,7580,0,0.0,0.0
7581,7581,7581,0,0.0,0.0
7582,7582,7582,0,0.0,0.0
7583,7583,7583,0,0.0,0.0
7584,7584,7584,0,0.0,0.0
7585,7585,7585,0,0.0,0.0
7586,7586,7586,0,0.0,0.0
7587,7587,7587,0,0.0,0.0
7588,7588,7588,0,0.0,0.0
7589,7589,7589,0,0.0,0.0
7590,7590,7590,0,0.0,0.0
7591,7591,7591,0,0.0,0.0
7592,7592,7592,0,0.0,0.0
7593,7593,7593,0,0.0,0.0
7594,7594,7594,0,0.0,0.0
7595,7595,7595,0,0.0,0.0
7596,7596,7596,0,0.0,0.0
