nearest_time,station_count,incident_freq,efficiency,expected_served
1213.7,0,0.0,0.018453659593487656,0.0
1162.9,0,0.0,0.018453659593487656,0.0
1094.6,0,0.0,0.018453659593487656,0.0
1019.5,0,0.0,0.018453659593487656,0.0
1057.0,0,0.0,0.018453659593487656,0.0
1021.4,0,0.0,0.018453659593487656,0.0
1103.5,0,0.0,0.018453659593487656,0.0
1180.8,0,0.0,0.018453659593487656,0.0
1265.9,0,0.0,0.018453659593487656,0.0
1260.6,0,0.0,0.018453659593487656,0.0
914.8,0,0.0,0.018453659593487656,0.0
869.2,0,0.0,0.018453659593487656,0.0
821.0,0,0.0,0.018453659593487656,0.0
754.0,0,0.0,0.017146973512790705,0.0
666.9,2,0.0,0.014849156423516797,0.0
841.2,0,0.0,0.018453659593487656,0.0
775.8,0,0.0,0.01915152494682099,0.0
692.8,1,0.0,0.014595373084873785,0.0
579.9,1,0.0,0.018413037040294945,0.0
681.3,1,0.0,0.014595373084873785,0.0
681.3,1,0.0,0.014595373084873785,0.0
597.0,1,0.0,0.01670686304640488,0.0
473.9,2,0.0,0.0379841548022333,0.0
512.1,1,0.0,0.01995791807330779,0.0
466.6,2,0.0,0.03775828662860021,0.0
395.9,2,0.0,0.3110345602122113,0.0
439.4,2,0.0,0.04571520316119385,0.0
467.7,2,0.0,0.03775828662860021,0.0
533.5,2,0.0,0.017853335835750585,0.0
661.4,1,0.0,0.014616623813184551,0.0
511.2,2,0.0,0.019418503542098946,0.0
514.6,2,0.0,0.018301731426623186,0.0
409.5,2,0.0,0.28621755185269443,0.0
434.2,2,0.0,0.1219459920459958,0.0
676.3,2,0.0,0.01643962731020603,0.0
703.5,1,0.0,0.014595373084873785,0.0
564.3,3,0.0,0.05646707416199152,0.0
609.0,3,0.0,0.05642445538449269,0.0
734.0,2,0.0,0.01583536918831511,0.0
645.5,3,0.0,0.04120456366066209,0.0
664.4,2,0.0,0.014849156423516797,0.0
730.1,2,0.0,0.01583536918831511,0.0
736.1,1,0.0,0.015602836577982861,0.0
695.5,1,0.0,0.014595373084873785,0.0
698.1,1,0.0,0.014595373084873785,0.0
827.1,0,0.0,0.018453659593487656,0.0
746.0,0,0.0,0.01762316398945737,0.0
781.1,0,0.0,0.01915152494682099,0.0
683.3,1,0.0,0.014595373084873785,0.0
667.7,1,0.0,0.014616623813184551,0.0
804.6,0,0.0,0.018453659593487656,0.0
710.5,1,3.4165023898434215e-06,0.0018087184082583615,6.179490764368482e-09
587.8,1,3.416502389843422e-05,0.0034656660476043545,1.1840456334039484e-07
629.0,1,1.3666009559373686e-05,0.003192087713052685,4.362310120093728e-08
835.8,0,0.0,0.018453659593487656,0.0
819.6,0,0.0,0.018453659593487656,0.0
732.6,1,0.0,0.015602836577982861,0.0
756.1,0,0.0,0.018292913074720533,0.0
601.3,1,0.0,0.0196391888919701,0.0
590.7,1,0.0,0.01670686304640488,0.0
664.5,1,0.0,0.014616623813184551,0.0
705.7,1,0.0,0.014851783341540453,0.0
792.7,0,0.0,0.01915152494682099,0.0
800.9,0,0.0,0.018453659593487656,0.0
837.9,0,0.0,0.018453659593487656,0.0
847.6,0,0.0,0.018453659593487656,0.0
1236.3,0,0.0,0.018453659593487656,0.0
660.7,1,0.0,0.014616623813184551,0.0
837.0,0,0.0,0.018453659593487656,0.0
1085.2,0,0.0,0.018453659593487656,0.0
1006.9,0,0.0,0.018453659593487656,0.0
1254.0,0,0.0,0.018453659593487656,0.0
1124.9,0,0.0,0.018453659593487656,0.0
1113.6,0,0.0,0.018453659593487656,0.0
1053.9,0,0.0,0.018453659593487656,0.0
979.4,0,0.0,0.018453659593487656,0.0
1029.9,0,0.0,0.018453659593487656,0.0
1047.7,0,0.0,0.018453659593487656,0.0
1213.2,0,0.0,0.018453659593487656,0.0
1232.1,0,0.0,0.018453659593487656,0.0
1187.4,0,0.0,0.018453659593487656,0.0
916.1,0,0.0,0.018453659593487656,0.0
849.6,0,0.0,0.018453659593487656,0.0
1015.3,0,0.0,0.018453659593487656,0.0
775.5,0,0.0,0.01915152494682099,0.0
765.8,0,0.0,0.018292913074720533,0.0
627.5,2,0.0,0.015122141597511893,0.0
673.6,2,0.0,0.01643962731020603,0.0
667.9,2,0.0,0.014849156423516797,0.0
713.9,1,0.0,0.01572678334154045,0.0
681.3,1,0.0,0.014595373084873785,0.0
666.8,1,0.0,0.014616623813184551,0.0
667.0,1,0.0,0.014616623813184551,0.0
633.6,1,0.0,0.014755512701934552,0.0
640.1,1,0.0,0.014616623813184551,0.0
760.9,0,0.0,0.018292913074720533,0.0
345.2,3,0.0,0.154183527753129,0.0
409.8,2,0.0,0.28621755185269443,0.0
414.0,2,0.0,0.27020116377052344,0.0
421.6,2,0.0,0.23385757695662665,0.0
391.7,2,0.0,0.2990708802216622,0.0
398.1,2,0.0,0.3130351414530102,0.0
377.0,3,0.0,0.24974136116955725,0.0
407.7,2,0.0,0.2926601951909353,0.0
471.5,2,0.0,0.0379841548022333,0.0
496.0,3,0.0,0.06588031224574772,0.0
469.2,3,0.0,0.07486239118116086,0.0
549.5,3,0.0,0.05828465221808841,0.0
621.9,3,0.0,0.06453328498483459,0.0
592.8,3,0.0,0.05486009942135452,0.0
550.8,3,0.0,0.05828465221808841,0.0
639.5,3,0.0,0.0460656747717732,0.0
701.5,2,0.0,0.01482790569520603,0.0
697.2,1,0.0,0.014595373084873785,0.0
628.8,2,0.0,0.015122141597511893,0.0
654.5,2,0.0,0.014849156423516797,0.0
767.4,0,0.0,0.01915152494682099,0.0
731.6,1,0.0,0.015602836577982861,0.0
673.6,1,0.0,0.016207094699873782,0.0
645.9,1,0.0,0.014616623813184551,0.0
569.1,1,0.0,0.0179885344118484,0.0
621.0,1,0.0,0.01569149298980149,0.0
595.4,1,2.3915516728903952e-05,0.011870744189743009,2.838949812543383e-07
553.1,1,5.1247535847651325e-05,0.011035566839638303,5.655456072135162e-07
600.9,1,2.7332019118747372e-05,0.02015743056747958,5.509432776551746e-07
871.5,0,3.4165023898434215e-06,0.019157221100842604,6.545069167378758e-08
817.5,0,0.0,0.018453659593487656,0.0
756.8,0,0.0,0.018292913074720533,0.0
564.2,1,1.0249507169530265e-05,0.0013411521045358522,1.374614811087082e-08
538.1,1,3.4165023898434215e-06,0.0013355240316620031,4.562821045866555e-09
648.5,1,0.0,0.014616623813184551,0.0
705.1,1,0.0,0.014851783341540453,0.0
733.1,1,0.0,0.015602836577982861,0.0
810.9,0,0.0,0.018453659593487656,0.0
795.1,0,0.0,0.018453659593487656,0.0
879.6,0,0.0,0.018453659593487656,0.0
753.3,0,0.0,0.017146973512790705,0.0
637.7,2,0.0,0.014849156423516797,0.0
776.1,0,0.0,0.01915152494682099,0.0
829.0,0,0.0,0.018453659593487656,0.0
895.1,0,0.0,0.018453659593487656,0.0
958.2,0,0.0,0.018453659593487656,0.0
1195.9,0,0.0,0.018453659593487656,0.0
1104.4,0,0.0,0.018453659593487656,0.0
1281.0,0,0.0,0.018453659593487656,0.0
1037.0,0,0.0,0.018453659593487656,0.0
946.7,0,0.0,0.018453659593487656,0.0
974.6,0,0.0,0.018453659593487656,0.0
887.5,0,0.0,0.018453659593487656,0.0
1052.0,0,0.0,0.018453659593487656,0.0
996.6,0,0.0,0.018453659593487656,0.0
1081.7,0,0.0,0.018453659593487656,0.0
975.7,0,0.0,0.018453659593487656,0.0
886.8,0,0.0,0.018453659593487656,0.0
1078.9,0,0.0,0.018453659593487656,0.0
908.4,0,0.0,0.018453659593487656,0.0
840.8,0,0.0,0.018453659593487656,0.0
653.2,2,0.0,0.014849156423516797,0.0
623.0,2,0.0,0.015594544414355956,0.0
665.9,2,0.0,0.014849156423516797,0.0
737.5,1,0.0,0.015090016064649532,0.0
714.0,1,0.0,0.01572678334154045,0.0
620.8,1,0.0,0.01569149298980149,0.0
594.7,1,0.0,0.01670686304640488,0.0
585.2,1,0.0,0.017783154758111222,0.0
575.0,1,0.0,0.017913037040294944,0.0
656.8,1,0.0,0.014616623813184551,0.0
382.5,3,0.0,0.2795570678604756,0.0
306.7,3,0.0,0.17992368637248735,0.0
380.8,3,0.0,0.26743106244712095,0.0
377.9,3,0.0,0.25032622215289846,0.0
338.7,2,0.0,0.15259629621372572,0.0
332.6,3,0.0,0.13119925267335641,0.0
308.2,3,0.0,0.16638900389557412,0.0
324.8,3,3.4165023898434215e-06,0.019787079904740653,6.760260578256918e-08
346.5,3,1.708251194921711e-05,0.1177977692393066,2.0122818006215746e-06
435.4,3,1.708251194921711e-05,0.06281575925405702,1.0730509580565743e-06
460.3,3,6.491354540702501e-05,0.05491647147076157,3.5648228644108746e-06
523.2,3,1.708251194921711e-05,0.03387406947673668,5.786541966049648e-07
628.3,3,0.0,0.04953310439035163,0.0
569.5,3,0.0,0.05590639491455562,0.0
584.0,3,0.0,0.055936391133060884,0.0
685.9,2,0.0,0.01482790569520603,0.0
656.3,3,0.0,0.03953789699399542,0.0
603.0,4,0.0,0.06104737995251595,0.0
591.5,4,0.0,0.055066357322711104,0.0
625.5,2,0.0,0.021855695871708318,0.0
665.3,1,0.0,0.014616623813184551,0.0
701.2,1,0.0,0.014595373084873785,0.0
654.5,2,0.0,0.014849156423516797,0.0
704.0,1,0.0,0.014595373084873785,0.0
527.5,1,0.0,0.018964725215443148,0.0
631.5,1,6.833004779686843e-06,0.014436318047770683,9.864343022149651e-08
510.2,1,0.00013666009559373687,0.050489663796528084,6.899922280929164e-06
523.6,1,9.566206691561581e-05,0.033547458082275244,3.2092191799154308e-06
556.2,1,3.416502389843422e-05,0.06995070242256589,2.389867419979224e-06
903.7,0,4.4414531067964485e-05,0.03549003890292086,1.5762734354570466e-06
595.7,1,4.7831033457807905e-05,0.016739032548771668,8.006452258916332e-07
587.9,1,3.758152628827764e-05,0.04285439552714098,1.6105335920714963e-06
553.8,1,3.758152628827764e-05,0.016404376778837226,6.165015171566824e-07
520.0,1,2.049901433906053e-05,0.10031460732235653,2.056350573918213e-06
728.0,1,0.0,0.015602836577982861,0.0
611.9,1,0.0,0.016586135574459607,0.0
674.0,1,0.0,0.016207094699873782,0.0
715.6,1,0.0,0.01587155120449283,0.0
675.0,1,0.0,0.016207094699873782,0.0
813.1,0,0.0,0.018453659593487656,0.0
768.3,0,0.0,0.01915152494682099,0.0
902.1,0,0.0,0.018453659593487656,0.0
768.6,0,0.0,0.01915152494682099,0.0
792.4,0,0.0,0.01915152494682099,0.0
899.8,0,0.0,0.018453659593487656,0.0
873.3,0,0.0,0.018453659593487656,0.0
1284.2,0,0.0,0.018453659593487656,0.0
1355.4,0,0.0,0.018453659593487656,0.0
1266.5,0,0.0,0.018453659593487656,0.0
1108.4,0,0.0,0.018453659593487656,0.0
1049.5,0,0.0,0.018453659593487656,0.0
961.4,0,0.0,0.018453659593487656,0.0
874.5,0,0.0,0.018453659593487656,0.0
857.2,0,0.0,0.018453659593487656,0.0
974.6,0,0.0,0.018453659593487656,0.0
1006.1,0,0.0,0.018453659593487656,0.0
1070.4,0,0.0,0.018453659593487656,0.0
910.6,0,0.0,0.018453659593487656,0.0
788.8,0,0.0,0.01915152494682099,0.0
802.4,0,0.0,0.018453659593487656,0.0
865.7,0,0.0,0.018453659593487656,0.0
714.8,1,0.0,0.01587155120449283,0.0
686.0,1,0.0,0.014595373084873785,0.0
545.3,2,0.0,0.019842102522142968,0.0
730.6,1,0.0,0.015602836577982861,0.0
654.0,2,0.0,0.014849156423516797,0.0
620.0,2,0.0,0.015898889751578178,0.0
674.2,2,0.0,0.01643962731020603,0.0
497.9,2,0.0,0.026309968106598566,0.0
431.9,2,0.0,0.12742715563104937,0.0
412.9,2,1.0249507169530265e-05,0.03498172701439523,3.585454618365945e-07
347.3,3,0.0,0.15989325731707843,0.0
310.9,3,0.0,0.16242812311891902,0.0
397.1,2,0.0,0.3130351414530102,0.0
373.7,2,0.0,0.25813818318006604,0.0
354.3,2,2.049901433906053e-05,0.07537115933139898,1.5450344758859637e-06
314.2,2,1.0249507169530265e-05,0.23816597392753736,2.441083857308452e-06
316.8,3,2.7332019118747372e-05,0.23100953602540666,6.313957055259375e-06
404.7,2,2.3915516728903952e-05,0.0684156639833906,1.6361959565138496e-06
369.2,3,7.516305257655528e-05,0.13054230688649143,9.81195827597417e-06
442.0,3,7.174655018671185e-05,0.049736763361518214,3.5684411886417777e-06
449.7,3,0.0004714773297983922,0.050807125342569676,2.3954407791246972e-05
508.9,3,0.00011957758364451976,0.033713869654910994,4.031423068640555e-06
536.2,3,0.0,0.05653595563166665,0.0
559.2,3,0.0,0.058433861589594696,0.0
585.5,3,0.0,0.055936391133060884,0.0
648.6,2,0.0,0.014849156423516797,0.0
613.9,3,0.0,0.06542792756949269,0.0
556.5,5,0.0,0.05665370419530706,0.0
534.3,5,0.0,0.056990976763959734,0.0
714.1,1,0.0,0.01572678334154045,0.0
614.2,2,0.0,0.016386984989911514,0.0
612.0,2,0.0,0.01648918699901408,0.0
595.0,2,3.4165023898434215e-06,0.021544841384355112,7.360800207844669e-08
587.6,1,2.7332019118747372e-05,0.01348798165857709,3.686537725655429e-07
525.9,1,1.708251194921711e-05,0.02826042669454567,4.827590766995506e-07
493.5,1,4.4414531067964485e-05,0.043286759151790734,1.9225611091787056e-06
440.2,2,0.00016740861710232767,0.04856932949359468,8.130924284109983e-06
503.3,1,0.00018449112905154477,0.05229532649362184,9.648023828927455e-06
483.6,1,9.224556452577238e-05,0.05470705585410001,5.046483250804416e-06
505.9,1,0.0001400765979835803,0.057584101300476906,8.066185008112666e-06
615.5,1,0.00015374260754295397,0.05355025572077305,8.232955949103637e-06
516.1,1,0.00010249507169530265,0.050463837062277216,5.172294597718174e-06
460.1,2,7.174655018671185e-05,0.05605857594996937,4.022009432790075e-06
613.8,1,1.3666009559373686e-05,0.019032241620536954,2.600947959225677e-07
565.4,1,0.0,0.018549213659284303,0.0
614.5,1,0.0,0.01648393356535704,0.0
628.2,1,0.0,0.01488960898717965,0.0
682.0,1,0.0,0.014595373084873785,0.0
687.0,1,0.0,0.014595373084873785,0.0
597.1,1,0.0,0.01670686304640488,0.0
623.5,1,0.0,0.015200752248690377,0.0
647.2,1,0.0,0.014616623813184551,0.0
670.5,1,0.0,0.015202642277298027,0.0
694.1,1,0.0,0.014595373084873785,0.0
716.8,1,0.0,0.01587155120449283,0.0
834.2,0,0.0,0.018453659593487656,0.0
1310.3,0,0.0,0.018453659593487656,0.0
1292.0,0,0.0,0.018453659593487656,0.0
1172.8,0,0.0,0.018453659593487656,0.0
1072.0,0,0.0,0.018453659593487656,0.0
1079.5,0,0.0,0.018453659593487656,0.0
1068.4,0,0.0,0.018453659593487656,0.0
940.7,0,0.0,0.018453659593487656,0.0
840.0,0,0.0,0.018453659593487656,0.0
863.1,0,0.0,0.018453659593487656,0.0
971.8,0,0.0,0.018453659593487656,0.0
931.3,0,0.0,0.018453659593487656,0.0
974.2,0,0.0,0.018453659593487656,0.0
806.4,0,0.0,0.018453659593487656,0.0
736.7,1,0.0,0.015602836577982861,0.0
804.7,0,0.0,0.018453659593487656,0.0
762.1,0,0.0,0.018292913074720533,0.0
672.4,2,0.0,0.015971791050206026,0.0
655.3,2,0.0,0.014849156423516797,0.0
506.3,2,0.0,0.02188996015973191,0.0
482.4,2,0.0,0.036201053725918704,0.0
578.4,2,3.4165023898434215e-06,0.005761677408786947,1.9684784636627456e-08
615.6,2,3.416502389843422e-05,0.03132535187512666,1.0702313954405634e-06
474.0,2,8.882906213592897e-05,0.030432144381899125,2.703258844229279e-06
394.9,3,8.541255974608554e-05,0.07736794670924929,6.608194370735718e-06
356.4,3,7.174655018671185e-05,0.10696242456328145,7.674184962021852e-06
284.5,3,4.4414531067964485e-05,0.2869857648367067,1.2746338168403458e-05
265.3,3,3.416502389843422e-05,0.40809037264945963,1.3942417334289715e-05
326.9,3,3.416502389843422e-05,0.14540391680509487,4.967728292572007e-06
320.7,2,5.1247535847651325e-05,0.17560729236886846,8.999441010782573e-06
303.5,2,7.516305257655528e-05,0.3286422867881309,2.470175748073564e-05
303.8,2,9.224556452577238e-05,0.3367485516446983,3.106356024970141e-05
365.1,2,0.00011616108125467634,0.17995158537006098,2.090337073007948e-05
326.9,3,0.00010249507169530265,0.19167297023590718,1.964553482638092e-05
377.0,3,0.00016399211471248423,0.10797690713409726,1.7707361341034136e-05
429.6,3,0.00013324359320389343,0.07071790318545922,9.422707524275647e-06
410.3,3,0.00029040270313669084,0.07335451695514578,2.1302350011060554e-05
459.9,3,9.907856930545922e-05,0.06714822452477784,6.652950017316738e-06
462.2,3,3.758152628827764e-05,0.020780430584006,7.809602982745501e-07
494.7,3,0.0,0.06699142335574772,0.0
488.9,5,0.0,0.0734792629555693,0.0
509.3,5,0.0,0.058820042041591865,0.0
636.6,3,0.0,0.04939900810510653,0.0
559.5,5,0.0,0.05864011949095128,0.0
500.7,5,0.0,0.06893936352682531,0.0
601.0,4,0.0,0.056665349834942993,0.0
586.5,3,3.4165023898434215e-06,0.03360721427355543,1.1481912788158209e-07
557.3,3,6.491354540702501e-05,0.01775055564310355,1.1522514997385264e-06
570.5,2,6.833004779686844e-05,0.039155571864026045,2.6755020969826167e-06
552.4,1,0.00013324359320389343,0.051795593872981646,6.901431039765642e-06
493.5,1,0.0002801531959671606,0.05299733715316678,1.4847373381208813e-05
452.6,2,0.00019132413383123162,0.0605941358678797,1.1593120560174048e-05
418.3,2,0.00013324359320389343,0.06532594982091622,8.704264283596116e-06
447.5,2,0.00029040270313669084,0.053472416698973194,1.5528534352633343e-05
410.8,2,0.00014690960276326714,0.07112064568112295,1.0448305805280843e-05
487.2,1,0.00020157364100076189,0.041092430214045676,8.283150775814904e-06
486.9,1,0.00035189974615387244,0.057621919980096074,2.027713901389456e-05
431.6,2,0.0003006522103062211,0.07595712696763467,2.2836678111329637e-05
482.3,1,5.808054062733817e-05,0.05516819735236129,3.20419872766083e-06
512.9,1,6.833004779686843e-06,0.0101344268837905,6.924858733632732e-08
537.9,1,0.0,0.01861809512895943,0.0
562.1,1,0.0,0.020804922089665265,0.0
613.5,1,0.0,0.016586135574459607,0.0
612.4,1,0.0,0.016586135574459607,0.0
700.4,1,0.0,0.014595373084873785,0.0
576.9,1,0.0,0.017913037040294944,0.0
1318.8,0,0.0,0.018453659593487656,0.0
577.8,2,0.0,0.01824788727132852,0.0
806.2,0,0.0,0.018453659593487656,0.0
774.7,0,0.0,0.01915152494682099,0.0
928.1,0,0.0,0.018453659593487656,0.0
865.5,0,0.0,0.018453659593487656,0.0
1301.1,0,0.0,0.018453659593487656,0.0
1268.3,0,0.0,0.018453659593487656,0.0
1233.9,0,0.0,0.018453659593487656,0.0
1128.8,0,0.0,0.018453659593487656,0.0
1201.1,0,0.0,0.018453659593487656,0.0
1102.2,0,0.0,0.018453659593487656,0.0
960.4,0,0.0,0.018453659593487656,0.0
894.7,0,0.0,0.018453659593487656,0.0
838.4,0,0.0,0.018453659593487656,0.0
833.6,0,0.0,0.018453659593487656,0.0
841.0,0,0.0,0.018453659593487656,0.0
793.5,0,0.0,0.01915152494682099,0.0
790.5,0,0.0,0.01915152494682099,0.0
842.8,0,0.0,0.018453659593487656,0.0
734.2,1,0.0,0.015602836577982861,0.0
784.5,0,0.0,0.01915152494682099,0.0
828.1,0,0.0,0.018453659593487656,0.0
598.4,2,0.0,0.017208379944105127,0.0
538.4,2,3.4165023898434215e-06,0.00043257328522156377,1.4778876627418927e-09
492.0,2,0.0,0.04140880308269824,0.0
444.9,2,3.074852150859079e-05,0.056598256469232,1.740312706392918e-06
474.9,2,9.224556452577238e-05,0.04021290334248341,3.7094619700477012e-06
425.4,2,0.00024257166967888295,0.07397305071845729,1.7943766424016877e-05
395.4,3,0.00022890566011950924,0.09769041512379652,2.236188896126153e-05
280.8,3,0.00015374260754295397,0.38958707756237626,5.989613316947878e-05
247.8,4,0.00014690960276326714,0.4249698050166673,6.243214524138168e-05
219.0,4,0.0002562376792382566,0.5298179417399719,0.00013575931981024025
252.2,4,0.0002630706840179435,0.3814515761301191,0.00010034872705227308
219.6,3,0.0003553162485437159,0.5634688380206693,0.00020020963369679092
204.0,3,0.0003928977748319935,0.628830758590216,0.00024706620579601033
200.7,4,0.0001708251194921711,0.600361354991978,0.00010255680020498638
242.6,4,8.541255974608554e-05,0.47839883517798804,4.086126909209763e-05
287.7,4,0.00019815713861091845,0.3257718611131382,6.4554019838133e-05
339.6,3,0.0002562376792382566,0.20562578897901487,5.268907495951825e-05
416.2,3,0.00022548915772966583,0.07396961025930991,1.667934511496344e-05
401.8,3,0.00013324359320389343,0.09403891651426598,1.2530083137361751e-05
422.0,3,0.00010932807647498949,0.052443097102752356,5.733502930635009e-06
490.4,3,4.4414531067964485e-05,0.03763109271666319,1.6713673365856895e-06
507.7,3,3.4165023898434215e-06,0.03646756850601205,1.2459153495256887e-07
512.9,3,0.0,0.05751466746379278,0.0
594.3,2,0.0,0.016541713277438457,0.0
639.2,3,0.0,0.0460656747717732,0.0
526.5,5,0.0,0.057074856374110125,0.0
503.0,5,0.0,0.061480804181466835,0.0
645.3,2,0.0,0.014849156423516797,0.0
625.4,2,3.4165023898434215e-06,0.015254299075852922,5.2116349248037806e-08
546.9,3,7.516305257655528e-05,0.030420972489739722,2.2865331546762485e-06
499.5,3,0.0001400765979835803,0.04395884951927276,6.157606091931872e-06
449.5,3,0.0002084066457804487,0.056917881466712075,1.186206476140663e-05
434.9,3,0.00041339678917105404,0.06514534049320046,2.693087458934412e-05
392.5,2,0.00021523965056013556,0.09353484539743168,2.0132407438539497e-05
401.3,2,0.00012982709081405002,0.09820804376602014,1.2750064616681297e-05
421.2,2,6.833004779686844e-05,0.08898470576331809,6.080329197997799e-06
343.6,2,7.174655018671185e-05,0.1806557251807135,1.2961425053194885e-05
387.4,2,4.7831033457807905e-05,0.12820077883993286,6.1319757420098605e-06
443.7,2,0.00024257166967888295,0.09271011036557802,2.2488846267491775e-05
386.8,2,0.0003621492533234027,0.10467239999127695,3.7907031500409494e-05
481.4,1,0.00010591157408514608,0.0408529075594718,4.326795745578622e-06
495.6,1,6.149704301718158e-05,0.028877689853109446,1.7758925351334997e-06
525.4,1,5.808054062733817e-05,0.0564341269934863,3.277724605613543e-06
634.1,1,1.3666009559373686e-05,0.019911082209699907,2.7210503981523424e-07
563.7,1,3.4165023898434215e-06,0.05038944203690533,1.7215564914196364e-07
555.1,1,0.0,0.018700125048714537,0.0
701.5,1,0.0,0.014595373084873785,0.0
551.1,1,0.0,0.020366791715381204,0.0
628.3,1,0.0,0.01488960898717965,0.0
559.1,2,0.0,0.02011547544567864,0.0
806.2,0,0.0,0.018453659593487656,0.0
777.4,0,0.0,0.01915152494682099,0.0
928.1,0,0.0,0.018453659593487656,0.0
865.9,0,0.0,0.018453659593487656,0.0
1424.2,0,0.0,0.018453659593487656,0.0
1211.7,0,0.0,0.018453659593487656,0.0
1185.4,0,0.0,0.018453659593487656,0.0
1182.5,0,0.0,0.018453659593487656,0.0
1207.6,0,0.0,0.018453659593487656,0.0
1071.0,0,0.0,0.018453659593487656,0.0
1049.9,0,0.0,0.018453659593487656,0.0
978.8,0,0.0,0.018453659593487656,0.0
972.7,0,0.0,0.018453659593487656,0.0
847.1,0,0.0,0.018453659593487656,0.0
756.2,0,0.0,0.018292913074720533,0.0
733.3,1,0.0,0.015602836577982861,0.0
812.2,0,0.0,0.018453659593487656,0.0
741.2,1,0.0,0.015997498167760638,0.0
681.6,1,0.0,0.014595373084873785,0.0
731.7,1,0.0,0.015602836577982861,0.0
763.5,0,0.0,0.018292913074720533,0.0
741.4,1,0.0,0.015997498167760638,0.0
774.5,0,3.4165023898434215e-06,0.07037767003779304,2.4044547787573166e-07
518.2,2,1.0249507169530265e-05,0.03947360441251321,4.045849914332556e-07
479.8,2,2.7332019118747372e-05,0.02508108994887797,6.855168300017553e-07
427.1,2,6.149704301718158e-05,0.05939513644722972,3.652625261106656e-06
439.1,2,0.00016399211471248423,0.05593892654262615,9.173542858471578e-06
395.4,3,0.00019474063622107503,0.12159243232306888,2.3678987630262443e-05
308.1,3,0.0002801531959671606,0.318179637523003,8.913904234374197e-05
256.5,4,0.0005295578704257304,0.39332461822779674,0.00020828814721472546
169.6,4,0.00030406871269606455,0.6693790539130142,0.0002035372272290398
200.2,4,0.000283569698357004,0.5439265391876419,0.00015424108464580873
118.5,4,0.00032798422942496847,0.6870418524401416,0.00022533889255528272
152.7,4,0.0004543948178491751,0.643720390863837,0.000292503209752373
204.3,4,0.0002391551672890395,0.5453628393185925,0.00013042634107046357
249.9,4,0.00013666009559373687,0.4341002646313038,5.932418366178045e-05
346.8,4,0.0002391551672890395,0.13989605962690066,3.345686554314887e-05
399.1,3,0.0002699036887976303,0.08379959773741696,2.2617820549086394e-05
308.8,4,0.0003109017174757514,0.22617769229329027,7.031903298868596e-05
443.3,3,0.00013666009559373687,0.05266932416302199,7.1977948749761e-06
465.2,3,0.0002084066457804487,0.04130688774135922,8.608629921806209e-06
430.4,3,9.566206691561581e-05,0.27226122735055885,2.604507174933685e-05
396.4,4,0.0,0.29322397937025724,0.0
567.8,3,0.0,0.05646707416199152,0.0
594.3,2,0.0,0.016541713277438457,0.0
523.5,3,0.0,0.05674369682815036,0.0
447.7,5,0.0,0.08467072272106288,0.0
442.4,6,0.0,0.08383899597975386,0.0
561.9,3,0.0,0.05872278259237247,0.0
567.2,2,3.4165023898434215e-06,0.005087131667352502,1.7380197498957973e-08
540.5,3,9.907856930545922e-05,0.03565694407250453,3.5328390045085238e-06
448.5,3,0.0003143182198655948,0.05246287029296554,1.6490035999524525e-05
528.3,2,0.00022207265533982242,0.04490281314042033,9.971686946321012e-06
415.3,3,0.00015374260754295397,0.07626595272389718,1.1725326438519604e-05
340.3,3,0.00026648718640778687,0.22804083154163143,6.076995958362146e-05
383.4,2,0.00022207265533982242,0.16323268493578288,3.624951578193794e-05
378.7,2,5.808054062733817e-05,0.14506401670803082,8.425396515975647e-06
289.4,2,0.00011274457886483292,0.3376694325598073,3.807039796948258e-05
410.1,2,0.00010591157408514608,0.08281699724322719,8.771278539035395e-06
318.3,2,0.0002391551672890395,0.24082195005721366,5.759381375280565e-05
350.7,2,0.0002528211768484132,0.20246381278263403,5.1187139416922346e-05
382.5,2,0.00027673669357731714,0.14956840140931463,4.1391064869658674e-05
432.1,2,0.00010932807647498949,0.07263098986796512,7.940606414739077e-06
478.3,1,0.0001879076314413882,0.07533402689638113,1.4155838561040812e-05
638.3,1,0.00018449112905154477,0.05817167188292765,1.0732157424497324e-05
516.0,1,0.00010932807647498949,0.04471111112821663,4.888179776707421e-06
604.9,1,0.0,0.01959539483371887,0.0
503.0,1,0.0,0.023301944839788973,0.0
526.0,1,0.0,0.018964725215443148,0.0
1359.0,0,0.0,0.018453659593487656,0.0
651.4,1,0.0,0.014616623813184551,0.0
651.4,1,0.0,0.014616623813184551,0.0
651.4,1,0.0,0.014616623813184551,0.0
703.1,1,0.0,0.014595373084873785,0.0
706.6,1,0.0,0.014851783341540453,0.0
1305.9,0,0.0,0.018453659593487656,0.0
1271.3,0,0.0,0.018453659593487656,0.0
1286.7,0,0.0,0.018453659593487656,0.0
1252.6,0,0.0,0.018453659593487656,0.0
1190.2,0,0.0,0.018453659593487656,0.0
1171.0,0,0.0,0.018453659593487656,0.0
1071.7,0,0.0,0.018453659593487656,0.0
1018.1,0,0.0,0.018453659593487656,0.0
996.7,0,0.0,0.018453659593487656,0.0
921.5,0,0.0,0.018453659593487656,0.0
830.8,0,0.0,0.018453659593487656,0.0
777.5,0,0.0,0.01915152494682099,0.0
683.1,1,0.0,0.014595373084873785,0.0
665.1,1,0.0,0.014616623813184551,0.0
641.8,1,0.0,0.014616623813184551,0.0
687.6,1,0.0,0.014595373084873785,0.0
657.9,1,0.0,0.014616623813184551,0.0
657.5,1,0.0,0.014616623813184551,0.0
739.5,1,0.0,0.015997498167760638,0.0
480.2,2,6.833004779686843e-06,0.009368275462291763,6.401347101126258e-08
463.4,2,1.3666009559373686e-05,0.02140655995778109,2.9254225301634235e-07
472.2,2,6.491354540702501e-05,0.051212548109814356,3.324388067135887e-06
393.4,3,0.00021523965056013556,0.10149880512356162,2.18465673470667e-05
350.7,3,0.00022890566011950924,0.1820801485139967,4.167917659025469e-05
316.7,3,0.0008848741189694462,0.29539403273897236,0.0002613865344687299
257.5,4,0.0006628014636296238,0.4155648610931413,0.00027543699816557536
181.0,4,0.00032798422942496847,0.586851485293118,0.00019247803219076153
142.6,4,0.0003177347222554382,0.6882853024871622,0.00021869213941825877
0.0,4,0.00035189974615387244,0.7345247600029173,0.00025847907658876066
148.1,4,0.00040656378439136716,0.6269978899967475,0.0002549146349624798
281.6,4,0.00032115122464528164,0.37570508621171733,0.00012065814854235414
334.7,4,0.00016057561232264082,0.2929783143601492,4.704517222563611e-05
344.5,4,0.0001400765979835803,0.2023587825672495,2.8345729834119345e-05
414.5,4,0.00019132413383123162,0.07916147755152438,1.5145501125345887e-05
305.6,4,0.0001708251194921711,0.2952062731566651,5.042864688682581e-05
334.6,3,0.00011274457886483292,0.18407192196659566,2.0753111322964216e-05
355.5,3,0.00011616108125467634,0.10856204081550863,1.2610684044343788e-05
514.6,2,6.491354540702501e-05,0.03514385290776244,2.281312091505845e-06
369.8,4,3.4165023898434215e-06,0.08036491449603687,2.745669224352722e-07
403.5,4,3.758152628827764e-05,0.05850955931869163,2.1988785416509493e-06
444.0,4,1.708251194921711e-05,0.24733915637792858,4.225174094335244e-06
574.0,2,0.0,0.017747887271328523,0.0
487.5,4,0.0,0.07325295037588676,0.0
418.1,6,0.0,0.23301683641278273,0.0
518.5,4,0.0,0.05682637547189583,0.0
499.0,4,0.0,0.0660937894339932,0.0
544.5,2,7.516305257655528e-05,0.03243262053752068,2.4377347626571337e-06
437.7,3,0.0003143182198655948,0.05158115775517213,1.6212897684212124e-05
444.1,3,0.0003553162485437159,0.0524731243213713,1.864455368323767e-05
381.9,3,0.0001879076314413882,0.1323943143112536,2.4877902018534348e-05
354.3,3,0.00027332019118747375,0.19780472488609713,5.4064025223653715e-05
299.0,3,0.0003860647700523067,0.3434027482640411,0.0001325757030438872
273.3,4,0.0001742416218820145,0.38583717617204194,6.722889535859315e-05
238.5,3,0.0002528211768484132,0.5659127635245458,0.00014307473086781343
268.1,3,0.0003621492533234027,0.4329695768718106,0.0001567996089758758
258.0,3,0.00047489383218823563,0.41808869815427435,0.00019854774406107386
298.5,2,0.00037239876049293297,0.3047859608184092,0.00011350191402442322
379.6,2,0.0001879076314413882,0.1398683143891915,2.6282323670572413e-05
413.5,2,0.00012982709081405002,0.0727395178029321,9.443559983571474e-06
482.0,1,0.00015374260754295397,0.04016827211970302,6.175574896178081e-06
624.1,1,0.0002699036887976303,0.03787924742402906,1.0223748608623579e-05
527.8,1,0.00012299408603436317,0.028356775240009117,3.487715653526781e-06
513.7,1,7.174655018671185e-05,0.03774513996591118,2.7080835788687097e-06
712.7,1,3.4165023898434215e-06,0.006009540134505604,2.0531608231398356e-08
538.2,1,0.0,0.018575961496685146,0.0
515.3,2,0.0,0.018301731426623186,0.0
570.0,1,0.0,0.0179885344118484,0.0
601.1,1,0.0,0.0196391888919701,0.0
626.4,1,0.0,0.02162316326137607,0.0
636.8,1,0.0,0.014755512701934552,0.0
676.9,1,0.0,0.01515092864154045,0.0
1312.4,0,0.0,0.018453659593487656,0.0
1265.7,0,0.0,0.018453659593487656,0.0
1261.6,0,0.0,0.018453659593487656,0.0
1214.0,0,0.0,0.018453659593487656,0.0
1203.1,0,0.0,0.018453659593487656,0.0
1237.1,0,0.0,0.018453659593487656,0.0
1210.9,0,0.0,0.018453659593487656,0.0
1144.1,0,0.0,0.018453659593487656,0.0
1016.3,0,0.0,0.018453659593487656,0.0
945.6,0,0.0,0.018453659593487656,0.0
886.5,0,0.0,0.018453659593487656,0.0
791.3,0,0.0,0.01915152494682099,0.0
746.9,0,0.0,0.01762316398945737,0.0
746.5,0,0.0,0.01762316398945737,0.0
711.5,1,0.0,0.01572678334154045,0.0
630.6,1,0.0,0.01488960898717965,0.0
556.6,2,0.0,0.01812906015003442,0.0
609.3,2,0.0,0.018155853665680743,0.0
534.9,2,6.833004779686843e-06,0.0005931960147068122,4.053311203782835e-09
491.3,2,1.3666009559373686e-05,0.03828743314771615,5.232364274005698e-07
409.4,2,3.416502389843422e-05,0.06110104984244014,2.0875188280863877e-06
436.9,2,0.00010932807647498949,0.06120160950047052,6.6910542438598845e-06
381.8,2,0.0002869862007468474,0.12293275732307435,3.528000497148329e-05
414.1,2,0.00046464432501870537,0.09854076955406708,4.578640935627329e-05
312.8,3,0.0009190391428678805,0.2904583315174865,0.00026694257603666546
316.8,3,0.00038948127244215006,0.28385754706937066,0.000110557198624886
222.9,4,0.00030406871269606455,0.5284232465786757,0.00016067697634585302
328.4,3,0.00029040270313669084,0.2260194259718147,6.563665226361818e-05
102.3,4,0.0003416502389843422,0.6957971628998804,0.0002377192669893714
143.2,4,0.0006286364397311896,0.6152029025680089,0.00038673896238264707
350.9,4,0.00039973077961168033,0.24753264244805215,9.89464161450992e-05
329.0,4,0.00041339678917105404,0.24345267980050564,0.00010064255614461776
312.4,4,0.00035873275093355927,0.2749426705840987,9.863094056765311e-05
316.0,4,0.000283569698357004,0.2835474101428478,8.040545356411705e-05
254.0,4,0.00014690960276326714,0.3920886222984063,5.7601583749855555e-05
311.4,5,9.224556452577238e-05,0.20718729394118066,1.9112108892171348e-05
260.0,5,0.00014690960276326714,0.3223117454051555,4.735069048340669e-05
432.1,4,4.7831033457807905e-05,0.0792348720676634,3.7898858168935373e-06
347.9,4,4.099802867812106e-05,0.09701118531834964,3.977267357780215e-06
381.7,4,9.566206691561581e-05,0.08164871463063234,7.81068480256957e-06
469.8,4,9.224556452577238e-05,0.027046526617680033,2.494922116309224e-06
418.5,5,1.708251194921711e-05,0.07764385043384468,1.3263520028193778e-06
423.3,5,0.0,0.2228759017493537,0.0
383.9,5,0.0,0.28753980959186537,0.0
543.3,3,0.0,0.05649382199939236,0.0
539.5,2,0.0,0.0181754358554763,0.0
518.9,2,1.708251194921711e-05,0.0559642531854233,9.560100237690052e-07
448.6,3,0.00014690960276326714,0.04902840312072899,7.202743226583622e-06
376.6,3,0.000348483243764029,0.15713188944798068,5.4757830533603104e-05
332.7,5,0.0002562376792382566,0.32088062133305895,8.222170572291283e-05
328.5,3,0.0003928977748319935,0.29353290201449894,0.00011532842404147422
319.4,3,0.0005705558991038514,0.22885363189275093,0.00013057378970775035
235.9,3,0.0007550470281553962,0.5782651938730929,0.00043661741611958284
231.1,3,0.0009224556452577239,0.5997214781585312,0.0005532164631096438
317.9,2,0.0005329743728155737,0.2662411808602318,0.00014189972638665977
234.4,3,0.0005842219086632251,0.60173781184583,0.0003515484129514034
349.9,2,0.0002938192055265343,0.19845094359966967,5.8308698584446006e-05
251.3,2,3.758152628827764e-05,0.35715343204116656,1.3422371095203682e-05
374.3,2,5.4664038237494744e-05,0.1347421509217854,7.365550090190765e-06
339.8,2,7.85795549663987e-05,0.15820985450798267,1.2432059958535965e-05
362.7,2,0.00011957758364451976,0.15933454028968771,1.9052839318951237e-05
450.7,1,0.0001708251194921711,0.062437624041740844,1.0665914587737635e-05
473.7,2,0.0001742416218820145,0.038374763057067635,6.686480954401478e-06
636.8,1,1.0249507169530265e-05,0.010708561456696682,1.097574774257681e-07
682.0,1,0.0,0.014595373084873785,0.0
596.0,1,0.0,0.01670686304640488,0.0
571.6,1,0.0,0.017960756633848402,0.0
596.8,1,0.0,0.01670686304640488,0.0
626.4,1,0.0,0.02162316326137607,0.0
619.2,1,0.0,0.015995838327023712,0.0
661.6,1,0.0,0.014616623813184551,0.0
1346.0,0,0.0,0.018453659593487656,0.0
1289.3,0,0.0,0.018453659593487656,0.0
1307.3,0,0.0,0.018453659593487656,0.0
1336.7,0,0.0,0.018453659593487656,0.0
1334.0,0,0.0,0.018453659593487656,0.0
1285.8,0,0.0,0.018453659593487656,0.0
1192.2,0,0.0,0.018453659593487656,0.0
1130.9,0,0.0,0.018453659593487656,0.0
1095.1,0,0.0,0.018453659593487656,0.0
1047.4,0,0.0,0.018453659593487656,0.0
829.8,0,0.0,0.018453659593487656,0.0
825.6,0,0.0,0.018453659593487656,0.0
766.8,0,0.0,0.01915152494682099,0.0
819.0,0,0.0,0.018453659593487656,0.0
773.1,0,0.0,0.01915152494682099,0.0
562.4,2,0.0,0.02040439644845642,0.0
568.4,2,0.0,0.018148688018075457,0.0
524.9,2,6.833004779686843e-06,0.01458701539985797,9.967314594859509e-08
437.6,2,1.0249507169530265e-05,0.013886196365720813,1.4232666920796058e-07
489.3,2,3.758152628827764e-05,0.028693767077494024,1.078355561732557e-06
371.7,2,0.0001434931003734237,0.14154111128286243,2.0310172888277713e-05
369.4,3,9.566206691561581e-05,0.146098546326986,1.397608891500633e-05
328.8,3,0.0002801531959671606,0.2379061450373851,6.665016687245027e-05
338.4,3,0.0002494046744585698,0.23788719211288764,5.933017770677799e-05
403.8,3,0.0003450667413741856,0.10536888376603533,3.635929736338114e-05
345.3,3,0.0002357386648991961,0.20383840773050607,4.805259409356747e-05
293.7,4,0.0001400765979835803,0.3505577701929675,4.9104939845340634e-05
310.6,4,0.00010932807647498949,0.27625427761629334,3.0202348789777096e-05
104.3,4,0.0003314007318148119,0.6618294999195242,0.00021933078060996133
202.4,4,0.0004714773297983922,0.5470173042268154,0.00025790625795037365
232.7,4,0.0005398073775952606,0.5505538405912767,0.0002971930249145762
275.4,4,0.00042022979395074086,0.34680045390089304,0.00014573588328479567
231.3,4,0.00046464432501870537,0.5496135327241113,0.00025537480893374085
178.6,4,0.00046122782262886193,0.6248494752812963,0.0002881979629547792
169.5,5,0.00027332019118747375,0.6831100870868548,0.000186707779604671
181.2,5,0.00010591157408514608,0.4425219436449114,4.686819561865087e-05
283.3,5,0.00010249507169530265,0.22860412953503,2.3430796646535155e-05
305.0,5,0.00015374260754295397,0.23878140970839687,3.6710876561351356e-05
321.7,4,0.00023232216250935268,0.15231957160345916,3.538721226741382e-05
390.2,4,0.00011616108125467634,0.1151096180843805,1.3371257699494484e-05
455.3,3,5.4664038237494744e-05,0.06520445704827607,3.5643389333420467e-06
381.6,5,3.758152628827764e-05,0.07000842216034692,2.6310233578199163e-06
407.6,5,2.049901433906053e-05,0.133112469618008,2.728674423407305e-06
335.6,5,4.7831033457807905e-05,0.0922665003848178,4.413202066941066e-06
414.2,5,6.491354540702501e-05,0.04459650314420669,2.8949171318459945e-06
465.7,4,4.099802867812106e-05,0.02269387633937032,9.304041929792373e-07
469.2,4,1.708251194921711e-05,0.15755500026828084,2.6914351747418125e-06
473.0,3,3.074852150859079e-05,0.029703191048642618,9.13329208832969e-07
503.1,3,0.00010591157408514608,0.04407497659201585,4.668050148626366e-06
342.6,6,0.0002562376792382566,0.17693969701316184,4.533861732777288e-05
264.1,5,0.00036898225810308953,0.41505202074979075,0.00015314683184650815
220.1,4,0.0007721295401046134,0.5727396889327013,0.000442229232615266
209.9,3,0.0012265243579537885,0.610418582844288,0.0007486932604061518
134.3,3,0.0007618800329350831,0.6700141208801872,0.0005104703804831677
168.4,3,0.0006047209230022856,0.5856325313314819,0.00035414424488693867
146.2,3,0.0007618800329350831,0.6846799505128106,0.0005216439832466912
165.4,3,0.00046122782262886193,0.6891158499686434,0.0003178394030200749
238.8,2,0.00016399211471248423,0.5088725014385966,8.345107762994713e-05
354.0,2,2.049901433906053e-05,0.182718148062865,3.745541937147254e-06
286.8,2,9.224556452577238e-05,0.31400966088645094,2.8965998435017014e-05
305.9,2,0.0001434931003734237,0.31200645375060854,4.477077338519205e-05
342.9,2,0.00021523965056013556,0.2095005895270173,4.50928336819376e-05
362.7,2,0.00020157364100076189,0.15935693963221703,3.21221585404046e-05
621.9,1,3.074852150859079e-05,0.03474783017728485,1.0684444035831032e-06
518.3,2,0.0,0.018301731426623186,0.0
545.3,2,0.0,0.019842102522142968,0.0
581.6,1,0.0,0.018754761566395575,0.0
603.1,1,0.0,0.025354552342876372,0.0
611.2,2,0.0,0.01648918699901408,0.0
606.9,2,0.0,0.018155853665680743,0.0
678.5,1,0.0,0.01515092864154045,0.0
1355.6,0,0.0,0.018453659593487656,0.0
1461.6,0,0.0,0.018453659593487656,0.0
1417.0,0,0.0,0.018453659593487656,0.0
1403.1,0,0.0,0.018453659593487656,0.0
1315.4,0,0.0,0.018453659593487656,0.0
1241.5,0,0.0,0.018453659593487656,0.0
1123.6,0,0.0,0.018453659593487656,0.0
1085.9,0,0.0,0.018453659593487656,0.0
1069.9,0,0.0,0.018453659593487656,0.0
955.8,0,0.0,0.018453659593487656,0.0
866.8,0,0.0,0.018453659593487656,0.0
895.8,0,0.0,0.018453659593487656,0.0
864.6,0,0.0,0.018453659593487656,0.0
843.8,0,0.0,0.018453659593487656,0.0
672.1,1,0.0,0.015739258439873782,0.0
516.2,2,0.0,0.018301731426623186,0.0
529.9,2,0.0,0.018425310684234305,0.0
505.9,2,0.0,0.021883198834437793,0.0
428.8,2,1.3666009559373686e-05,0.058803664968847376,8.036114475904758e-07
389.4,2,2.7332019118747372e-05,0.1573902439851814,4.301793157707292e-06
374.0,2,0.00010249507169530265,0.10281204131892897,1.0537727546124043e-05
297.5,3,7.516305257655528e-05,0.36436778600905867,2.738699505700192e-05
325.5,3,0.0002084066457804487,0.17828851622010652,3.7156511646605524e-05
281.6,3,0.0003621492533234027,0.39752273662223575,0.00014396256224681836
290.4,4,0.00024598817206872634,0.36456284045341936,8.967814672731935e-05
295.7,4,0.00012982709081405002,0.32287442861477217,4.1917847765304536e-05
331.8,4,4.4414531067964485e-05,0.11636728630209123,5.1683984527589485e-06
358.2,4,0.00012299408603436317,0.1560570845853154,1.919409848775817e-05
189.0,4,0.00037239876049293297,0.5634052443033382,0.0002098114146337812
198.5,4,0.0005637228943241645,0.5555231409942494,0.0003131611129053292
273.0,4,0.0005944714158327553,0.38164493703648567,0.0002268770060654824
270.0,4,0.0005808054062733817,0.39794369289317494,0.0002311278482247503
283.2,4,0.0006730509707991541,0.31064441047700064,0.0002090795220448762
160.5,5,0.0006013044206124422,0.6416249448669601,0.0003858119157237176
97.7,5,0.00035873275093355927,0.596062906956818,0.0002138272863420735
258.3,5,0.0001434931003734237,0.29191894171472643,4.188835400437486e-05
264.6,5,0.00010249507169530265,0.31597919782589007,3.2386310535388824e-05
298.9,6,0.0002562376792382566,0.25275641498799456,6.476571718910542e-05
298.2,5,0.0005603063919343212,0.3502503794610909,0.0001962475263894707
332.6,4,0.0002630706840179435,0.29899639757544483,7.865718682907325e-05
379.2,3,6.833004779686844e-05,0.1625907448462961,1.1109833366675854e-05
364.1,5,9.566206691561581e-05,0.09670866605993887,9.251350883945815e-06
319.5,5,0.00016399211471248423,0.15734536372249328,2.580339893705667e-05
353.7,5,0.0001434931003734237,0.15228305915300883,2.1851568292214713e-05
493.8,4,0.00016399211471248423,0.07001927438444698,1.1482608876939139e-05
451.4,4,7.516305257655528e-05,0.07053006287790721,5.30125482431989e-06
456.9,4,3.758152628827764e-05,0.03509460863628878,1.3189089570415023e-06
525.3,3,3.416502389843422e-05,0.03279336219205517,1.120386003001574e-06
442.0,5,0.0001400765979835803,0.0604201179118823,8.463444566863256e-06
386.9,5,0.00041339678917105404,0.13891993906213418,5.742905676012476e-05
273.7,5,0.00046464432501870537,0.38339762863684773,0.00017814353237174038
259.9,4,0.0004851433393577659,0.38138932817846327,0.00018502849226791456
235.3,4,0.0011786933244959804,0.5502257384527833,0.000648547404880167
125.8,4,0.0009668701763256883,0.698622028926855,0.0006754768042935184
135.6,3,0.0008062945640030475,0.7035305662560525,0.000567252871182241
79.6,3,0.0008643751046303856,0.7139342805845708,0.0006171070184795074
226.8,2,0.0003450667413741856,0.5454160639972947,0.00018820494389668076
119.8,3,0.0006047209230022856,0.6583293742557803,0.00039810554683947257
151.6,3,0.0001708251194921711,0.6542417782869512,0.00011176092995263894
241.3,2,0.00012982709081405002,0.5037020484946432,6.539417159313707e-05
260.5,2,0.000283569698357004,0.43388565490653036,0.00012303682428327595
292.4,2,0.0002699036887976303,0.360597244984022,9.732652659145033e-05
379.3,2,0.000283569698357004,0.15132969655853587,4.2912516405560964e-05
456.9,2,7.85795549663987e-05,0.0470338115040702,3.69589597636332e-06
552.6,2,3.074852150859079e-05,0.021504743932421844,6.612390813428104e-07
505.8,2,0.0,0.021883198834437793,0.0
577.5,2,0.0,0.01824788727132852,0.0
540.7,2,0.0,0.0181754358554763,0.0
530.8,2,0.0,0.01913724772506764,0.0
587.4,2,0.0,0.016416791170771796,0.0
566.1,2,0.0,0.018148688018075457,0.0
1389.5,0,0.0,0.018453659593487656,0.0
1392.7,0,0.0,0.018453659593487656,0.0
1308.8,0,0.0,0.018453659593487656,0.0
1392.7,0,0.0,0.018453659593487656,0.0
1148.9,0,0.0,0.018453659593487656,0.0
1064.7,0,0.0,0.018453659593487656,0.0
1046.3,0,0.0,0.018453659593487656,0.0
1014.9,0,0.0,0.018453659593487656,0.0
932.4,0,0.0,0.018453659593487656,0.0
915.4,0,0.0,0.018453659593487656,0.0
911.3,0,0.0,0.018453659593487656,0.0
975.7,0,0.0,0.018453659593487656,0.0
803.4,0,0.0,0.018453659593487656,0.0
770.2,0,0.0,0.01915152494682099,0.0
782.9,0,0.0,0.01915152494682099,0.0
692.0,1,0.0,0.014595373084873785,0.0
609.6,1,0.0,0.018252802241126274,0.0
552.2,2,0.0,0.019966266074172352,0.0
542.9,2,0.0,0.0181754358554763,0.0
438.5,2,3.4165023898434215e-06,0.15405508631337697,5.26329570557187e-07
331.5,2,7.85795549663987e-05,0.13812938452726792,1.0854145563935273e-05
346.5,2,0.00013324359320389343,0.2203447437478228,2.9359525400551043e-05
221.4,3,9.907856930545922e-05,0.5713319665365897,5.660675384291981e-05
246.6,3,0.0002562376792382566,0.5289057184946013,0.0001355255738428993
244.8,4,0.0006149704301718159,0.4876063905894328,0.00029986351177530994
304.9,3,0.0002391551672890395,0.3600106042135251,8.609839627651379e-05
287.3,4,7.174655018671185e-05,0.34742775100351375,2.492674257363003e-05
304.3,4,0.00014690960276326714,0.3490376484268314,5.1276982279810695e-05
216.4,4,0.0004543948178491751,0.5655699383265416,0.00025699204910685806
181.1,4,0.0010659487456311475,0.5873348659121974,0.000626068863584545
247.7,4,0.0007687130377147699,0.4887164451211935,0.0003756827031102763
299.1,4,0.0007413810185960226,0.36640715353656894,0.0002716473087098107
251.4,5,0.0006149704301718159,0.4150109879042472,0.0002552194857575052
157.9,5,0.0005773889038835383,0.5660296605305395,0.00032681924525929947
50.5,6,0.0010010352002241226,0.7104809142905434,0.0007112164042922518
248.5,6,0.0006457189516804067,0.33867090181762727,0.0002186862196863362
254.4,5,0.0001571591099327974,0.3116771415099934,4.898290214610911e-05
313.8,4,0.00029723570791637767,0.29496931553286826,8.767541331602147e-05
242.5,6,0.0005637228943241645,0.4030044363066883,0.00022718282726028475
277.6,6,0.0003621492533234027,0.3583711035065654,0.00012978382754758654
254.7,5,0.00022548915772966583,0.3576922795943785,8.065573085214055e-05
230.9,5,0.0001742416218820145,0.4702166322542893,8.193130863988614e-05
276.2,5,0.00029040270313669084,0.34855801191799446,0.0001012221888609365
299.2,5,0.0004851433393577659,0.34065297116322424,0.00016526551999227133
308.8,7,0.0002630706840179435,0.2268558731312165,5.967912971811693e-05
336.1,7,0.0001571591099327974,0.1327028307507413,2.0855458766349158e-05
366.4,7,0.0001400765979835803,0.09820752185486127,1.3756575557827078e-05
441.0,6,0.00011616108125467634,0.07075819629677545,8.219348589464071e-06
405.1,6,0.0002562376792382566,0.10777477327861376,2.761595778534126e-05
349.1,6,0.0004099802867812106,0.1752817318701242,7.186205469962078e-05
295.9,5,0.0006491354540702502,0.3836968138321942,0.0002490712054722696
232.1,5,0.0005022258513069829,0.5635905879194988,0.00028304976280647327
249.0,4,0.0006457189516804067,0.48022419801800625,0.00031008986571575103
130.2,4,0.000980536185885062,0.6984421022289069,0.0006848477549810769
165.9,4,0.0004270627987304277,0.6935801812563223,0.0002962022933512823
0.0,3,0.0005295578704257304,0.730311875623189,0.0003867424016016368
155.1,3,0.00022207265533982242,0.6033496136696987,0.00013398745080588602
197.6,2,0.00024257166967888295,0.5726109183601747,0.0001388991865429861
236.8,3,0.00032115122464528164,0.5555291727260102,0.00017840887414713837
239.6,3,0.0002494046744585698,0.5483301613276471,0.00013675610538173687
303.7,2,0.0002494046744585698,0.33622205906571634,8.385535318707501e-05
350.5,2,0.00030406871269606455,0.1815226575912008,5.519536081892493e-05
343.8,2,0.00017765812427185794,0.19141843802782676,3.4007040651072584e-05
390.3,2,5.4664038237494744e-05,0.1185387943890905,6.479809189111771e-06
430.6,2,7.516305257655528e-05,0.07678207616804783,5.771175227956051e-06
425.9,2,2.7332019118747372e-05,0.03810577103477461,1.0415076624570695e-06
503.9,2,0.0,0.022579990625802352,0.0
577.8,2,0.0,0.01824788727132852,0.0
550.6,2,0.0,0.019966266074172352,0.0
605.3,2,0.0,0.020165112924940002,0.0
676.5,1,0.0,0.016207094699873782,0.0
1349.9,0,0.0,0.018453659593487656,0.0
1423.0,0,0.0,0.018453659593487656,0.0
1267.8,0,0.0,0.018453659593487656,0.0
1204.8,0,0.0,0.018453659593487656,0.0
1161.0,0,0.0,0.018453659593487656,0.0
1085.1,0,0.0,0.018453659593487656,0.0
1088.7,0,0.0,0.018453659593487656,0.0
1202.9,0,0.0,0.018453659593487656,0.0
940.0,0,0.0,0.018453659593487656,0.0
911.5,0,0.0,0.018453659593487656,0.0
916.8,0,0.0,0.018453659593487656,0.0
824.8,0,0.0,0.018453659593487656,0.0
750.7,0,0.0,0.017146973512790705,0.0
704.8,1,0.0,0.014851783341540453,0.0
740.2,1,0.0,0.015997498167760638,0.0
773.6,0,0.0,0.01915152494682099,0.0
869.0,0,0.0,0.018453659593487656,0.0
612.7,1,0.0,0.016586135574459607,0.0
488.2,2,0.0,0.035522843047029816,0.0
500.8,2,1.708251194921711e-05,0.03334504808163445,5.696171823017396e-07
403.5,2,0.00013666009559373687,0.09264732216669404,1.2661191903804145e-05
299.9,2,0.0002494046744585698,0.3179803210104219,7.930577844583579e-05
279.7,2,0.0003860647700523067,0.35632119703774784,0.00013756306099914077
162.7,4,0.00032115122464528164,0.5758568977354303,0.00018493714792816614
178.4,4,0.0013324359320389344,0.6598641285879165,0.0008792266751940998
211.1,4,0.0005637228943241645,0.5475597245304206,0.0003086719527276309
354.3,4,0.00018107462666170135,0.17796170059254382,3.222434849487635e-05
333.9,4,0.0001742416218820145,0.2973207894577975,5.18056565743676e-05
249.4,4,0.00021865615294997898,0.4638424213728571,0.00010142199943239203
222.9,4,0.00042022979395074086,0.5372612149426149,0.00022577316965305977
300.9,5,0.0003177347222554382,0.34337178805735663,0.0001091011397087574
340.1,5,0.00027673669357731714,0.20864135750821775,5.773871942030713e-05
167.4,6,0.00030406871269606455,0.6208159133895902,0.0001887706956056042
131.5,6,0.0004543948178491751,0.6097212227895017,0.00027705416396821194
0.0,6,0.0012333573627334752,0.7099259802528664,0.0008755924347406525
180.5,6,0.0011547778077670766,0.5613780301052297,0.0006482668909335171
266.4,5,0.0004236462963405843,0.35820866911190025,0.0001517537759863464
285.0,5,0.00019815713861091845,0.3297902107131067,6.535028449680109e-05
233.7,6,0.00022890566011950924,0.42510361330823154,9.730862322350934e-05
179.7,7,0.00036556575571324615,0.46368641522376813,0.00016950787479524284
177.7,7,0.00041339678917105404,0.46206446855068756,0.00019101596768888372
247.4,5,0.0003109017174757514,0.4317398441006841,0.00013422865903361584
296.8,6,0.0002357386648991961,0.29195809314527027,6.882581108458115e-05
349.8,6,0.0002869862007468474,0.19277304149873012,5.532320278613491e-05
397.0,6,0.0004407288082898014,0.09846574480462594,4.339669036511049e-05
475.8,4,0.00023232216250935268,0.05276358284688451,1.2258149668729598e-05
430.4,7,0.00013324359320389343,0.07801896213108422,1.0395526852384153e-05
440.7,6,0.00017765812427185794,0.05847241738203461,1.0388099993733452e-05
373.6,7,0.0003450667413741856,0.13982680090537455,4.8249578545194626e-05
409.3,6,0.0004714773297983922,0.11045997439971096,5.2079373779574485e-05
318.0,5,0.00040656378439136716,0.3188770873371691,0.00012964387538349597
250.4,5,0.0002528211768484132,0.44571198329485306,0.00011268542815204505
257.2,5,0.0003314007318148119,0.4147759215681799,0.00013745704394685783
204.4,4,0.00038948127244215006,0.618209291506827,0.00024078094149163905
192.4,3,0.0005739724014936948,0.6041278578848367,0.0003467527173994013
88.1,3,0.0005739724014936948,0.7051524968826448,0.0004047380720550068
155.7,3,0.00038264826766246324,0.6960096873118748,0.00026632690112618165
196.1,3,0.00033823373659449873,0.6358074592413019,0.00021505153269383998
268.4,3,0.0004407288082898014,0.41737396993272907,0.0001839487323796351
300.6,3,0.00040656378439136716,0.37014842006453935,0.00015048894244792458
313.8,3,0.0002801531959671606,0.36758094110016326,0.00010297897542582735
371.7,2,0.00043389580351011457,0.12836564838249026,5.569731614801745e-05
421.4,2,0.00024257166967888295,0.08246019034789526,2.000250605472746e-05
458.8,2,0.00011957758364451976,0.05734642925201434,6.857347440597279e-06
556.1,2,3.758152628827764e-05,0.00913115676533472,3.43162808018811e-07
509.8,2,1.3666009559373686e-05,0.011199072626739375,1.5304663357314048e-07
533.3,2,0.0,0.017853335835750585,0.0
563.1,2,0.0,0.02040439644845642,0.0
607.5,2,0.0,0.018155853665680743,0.0
620.2,2,0.0,0.01581750573602262,0.0
687.5,2,0.0,0.01482790569520603,0.0
1333.9,0,0.0,0.018453659593487656,0.0
1398.9,0,0.0,0.018453659593487656,0.0
1370.8,0,0.0,0.018453659593487656,0.0
1229.3,0,0.0,0.018453659593487656,0.0
1135.6,0,0.0,0.018453659593487656,0.0
1183.7,0,0.0,0.018453659593487656,0.0
1139.2,0,0.0,0.018453659593487656,0.0
1166.3,0,0.0,0.018453659593487656,0.0
1185.9,0,0.0,0.018453659593487656,0.0
798.5,0,0.0,0.018453659593487656,0.0
761.4,0,0.0,0.018292913074720533,0.0
750.4,0,0.0,0.017146973512790705,0.0
628.6,1,0.0,0.01488960898717965,0.0
805.7,0,0.0,0.018453659593487656,0.0
641.1,1,0.0,0.014616623813184551,0.0
753.7,0,0.0,0.017146973512790705,0.0
869.6,0,0.0,0.018453659593487656,0.0
525.7,2,0.0,0.018425310684234305,0.0
548.7,2,0.0,0.019966266074172352,0.0
528.6,2,0.0,0.018425310684234305,0.0
463.2,2,2.049901433906053e-05,0.03440218191055725,7.052108202794818e-07
230.1,3,0.0001400765979835803,0.3664248593011691,5.132754770751983e-05
192.8,3,0.0002357386648991961,0.5841438194340131,0.00013770528410249133
108.4,4,0.000283569698357004,0.7069455587397054,0.00020046833884664194
80.3,4,0.0006423024492905633,0.7113676606002437,0.00045691319074963466
126.9,4,0.0004099802867812106,0.6439591237400374,0.0002640105462263176
264.1,4,0.0002391551672890395,0.366604318651014,8.76753171558676e-05
231.5,4,0.0002562376792382566,0.5475675467380008,0.00014030743740233093
296.6,4,0.0002938192055265343,0.3735037367087428,0.00010974257118095465
396.3,4,0.000348483243764029,0.11553655335231473,4.026255288553044e-05
371.1,4,0.0002357386648991961,0.1732733830324022,4.084723597862551e-05
218.6,6,0.0001708251194921711,0.4362850405416348,7.452844418317147e-05
186.0,6,0.00021523965056013556,0.5117464615657509,0.00011014812956279806
120.3,6,0.0005500568847647909,0.6659118182800654,0.0003662893802911903
119.6,7,0.00042022979395074086,0.6677746243034736,0.00028061879277658207
199.7,6,0.000526141368035887,0.5565253562514954,0.00029281101228482114
242.9,6,0.0006013044206124422,0.37915428634453113,0.0002279871484731223
241.1,5,0.0002084066457804487,0.42609636585943655,8.880131438800408e-05
232.0,5,0.00027673669357731714,0.33561199783036144,9.287615460445196e-05
124.1,7,0.0004099802867812106,0.6468822902171094,0.00026520898685689683
205.5,6,0.00025965418162810004,0.5426372099364641,0.00014089802066700812
281.3,6,0.00032115122464528164,0.3822002943726289,0.00012274409259755692
243.0,6,0.00012299408603436317,0.4489914030807584,5.522328725920423e-05
323.4,7,0.0001742416218820145,0.22004853395845236,3.8341613449680286e-05
364.2,7,0.0002801531959671606,0.1916103818010527,5.368026084205277e-05
423.9,7,0.00023232216250935268,0.09040091180860531,2.100213532419246e-05
428.8,7,0.00027673669357731714,0.09032997687412579,2.499761913106109e-05
416.0,7,0.000348483243764029,0.07200154083540265,2.509133050632931e-05
469.4,5,0.0003450667413741856,0.05178603685898273,1.7869638987612637e-05
376.6,5,0.0003928977748319935,0.14831364423363116,5.827210079661761e-05
311.6,6,0.00041339678917105404,0.31316581030750434,0.00012946174045927366
249.3,5,0.00022207265533982242,0.4269312681231555,9.480976035970683e-05
306.3,4,0.0003314007318148119,0.3405268972215705,0.0001128508629418557
300.0,4,0.0004236462963405843,0.3428014923557616,0.0001452265826165435
209.5,3,0.0008165440711725778,0.590641740069468,0.0004822850110407789
143.6,3,0.0005329743728155737,0.6690564955891333,0.00035658996611480397
130.8,3,0.00045097831545933166,0.7020664224568077,0.00031661673254013064
217.6,3,0.00025965418162810004,0.6333148098024985,0.0001644428386522236
285.1,3,0.000348483243764029,0.39813773195510477,0.00013874432829656842
357.1,3,0.0003416502389843422,0.21251203027668977,7.260478593107881e-05
410.5,3,0.0003450667413741856,0.08886219330869558,3.0663387476394545e-05
451.7,3,0.00016740861710232767,0.08032856903350571,1.3447694655708054e-05
406.5,3,0.0001400765979835803,0.08084851579287124,1.1324985044287167e-05
451.3,3,7.516305257655528e-05,0.03457974745368532,2.599119375945353e-06
473.6,3,6.833004779686843e-06,0.017001380137420363,1.161705117402663e-07
737.0,1,0.0,0.015602836577982861,0.0
829.6,0,0.0,0.018453659593487656,0.0
743.0,1,0.0,0.015997498167760638,0.0
633.7,2,0.0,0.014988045312266796,0.0
657.3,2,0.0,0.014849156423516797,0.0
645.0,2,0.0,0.014849156423516797,0.0
1399.2,0,0.0,0.018453659593487656,0.0
1394.9,0,0.0,0.018453659593487656,0.0
1293.4,0,0.0,0.018453659593487656,0.0
1260.7,0,0.0,0.018453659593487656,0.0
1095.0,0,0.0,0.018453659593487656,0.0
1115.7,0,0.0,0.018453659593487656,0.0
1280.4,0,0.0,0.018453659593487656,0.0
1286.2,0,0.0,0.018453659593487656,0.0
873.9,0,0.0,0.018453659593487656,0.0
868.9,0,0.0,0.018453659593487656,0.0
744.2,1,0.0,0.016978185956590865,0.0
661.6,1,0.0,0.014616623813184551,0.0
790.8,0,0.0,0.01915152494682099,0.0
765.6,0,0.0,0.018292913074720533,0.0
747.5,0,0.0,0.01762316398945737,0.0
573.7,1,0.0,0.017913037040294944,0.0
526.8,1,0.0,0.018964725215443148,0.0
634.6,1,0.0,0.014755512701934552,0.0
586.1,1,0.0,0.01658194093973821,0.0
431.0,1,0.0,0.13214678039592992,0.0
363.2,1,0.0,0.19951571861926654,0.0
285.6,2,1.708251194921711e-05,0.1397843146669753,2.38786722561173e-06
189.8,3,7.174655018671185e-05,0.581108772328319,4.169254969779225e-05
138.5,4,9.907856930545922e-05,0.48694027063031164,4.82453453512644e-05
0.0,4,0.00030406871269606455,0.6432422691964962,0.000195589848746274
133.1,4,0.00018107462666170135,0.6695843342844662,0.00012124473334908355
162.7,4,0.0001708251194921711,0.5900212404746706,0.00010079044890700463
248.4,4,0.0003109017174757514,0.412898906022902,0.0001283709790263791
296.7,4,0.00043047930112027113,0.3565392476335288,0.00015348276614322875
373.2,4,0.0002801531959671606,0.16384560026955486,4.590186856067366e-05
422.5,4,0.0002699036887976303,0.09051841444069372,2.4431253961655925e-05
321.7,6,0.0002630706840179435,0.2148370602911571,5.651733240319886e-05
282.0,7,0.00021523965056013556,0.2581436116130423,5.556274075792257e-05
316.6,6,0.0003177347222554382,0.25780644155402005,8.191405810282942e-05
121.3,7,0.0004851433393577659,0.6275148639213722,0.0003044346565794486
154.7,7,0.0003792317652726198,0.5601635962830789,0.00021243182945989114
157.7,7,0.0004953928465272962,0.5615673264500108,0.00027819643636679424
169.8,7,0.000567139396714008,0.5785642731193468,0.0003281265928171849
126.0,8,0.0004270627987304277,0.6021436889188307,0.0002571531690275399
140.4,6,0.0005978879182225988,0.6528892849535466,0.0003903546154107171
254.9,5,0.0006183869325616594,0.4320732787552235,0.00026718846949130143
219.7,6,0.00039973077961168033,0.422697320983434,0.00016896512965647675
247.6,8,0.0002049901433906053,0.32225757242317016,6.605962597973402e-05
287.7,8,0.00035189974615387244,0.36795785203030856,0.00012948427472478973
306.7,7,0.00036898225810308953,0.28375470927111224,0.00010470045337424067
373.1,7,0.0004407288082898014,0.1291161103941674,5.6905189465035835e-05
343.8,7,0.0002699036887976303,0.16077264974311356,4.339313122343574e-05
366.1,7,0.00021182314817029215,0.1678953793564242,3.5564127818523256e-05
363.6,7,0.00015032610515311055,0.18758260410603025,2.8198562269737412e-05
337.8,7,0.00033823373659449873,0.21772343560612772,7.364141116925231e-05
329.1,6,0.0006833004779686843,0.2596963033846823,0.00017745060822945387
302.1,5,0.00025965418162810004,0.3474150988692521,9.020778318214111e-05
344.1,4,0.00027332019118747375,0.21698154186583868,5.930543650692387e-05
311.3,4,0.0003245677270351251,0.3158344956462918,0.00010250968437120203
231.0,3,0.00037239876049293297,0.5535843188399993,0.0002061541141643403
195.9,3,0.0006764674731889975,0.5715169659293586,0.0003866126378268756
242.0,3,0.0019269073478716898,0.5488319259652458,0.0010575482708890035
237.7,3,0.0003143182198655948,0.5659353834024387,0.00017788380227000742
291.8,3,0.0002391551672890395,0.3732917861019751,8.92746595528422e-05
304.9,3,0.0003416502389843422,0.3551849677595785,0.00012134902911870585
351.9,3,0.00046122782262886193,0.17184044625687833,7.925759486663196e-05
405.6,3,0.00022548915772966583,0.11333182299861633,2.5555097311925565e-05
418.8,3,0.00010249507169530265,0.08655252407054519,8.871207160019938e-06
390.6,4,3.758152628827764e-05,0.06328796266094842,2.378458232473967e-06
450.4,3,1.0249507169530265e-05,0.008865886262940638,9.087096481624995e-08
556.1,2,0.0,0.018299599407505685,0.0
600.1,2,0.0,0.017875046610771796,0.0
578.2,3,0.0,0.05656627341524459,0.0
774.1,0,0.0,0.01915152494682099,0.0
800.8,0,0.0,0.018453659593487656,0.0
760.6,0,0.0,0.018292913074720533,0.0
1362.6,0,0.0,0.018453659593487656,0.0
1271.2,0,0.0,0.018453659593487656,0.0
1206.7,0,0.0,0.018453659593487656,0.0
1230.0,0,0.0,0.018453659593487656,0.0
1074.5,0,0.0,0.018453659593487656,0.0
1039.9,0,0.0,0.018453659593487656,0.0
1286.2,0,0.0,0.018453659593487656,0.0
1286.2,0,0.0,0.018453659593487656,0.0
852.1,0,0.0,0.018453659593487656,0.0
847.0,0,0.0,0.018453659593487656,0.0
694.8,1,0.0,0.014595373084873785,0.0
803.4,0,0.0,0.018453659593487656,0.0
940.3,0,0.0,0.018453659593487656,0.0
798.6,0,0.0,0.018453659593487656,0.0
798.6,0,0.0,0.018453659593487656,0.0
539.2,1,0.0,0.018575961496685146,0.0
506.3,1,0.0,0.022429374690940754,0.0
499.2,1,0.0,0.027967713034696296,0.0
434.1,1,0.0,0.12565284884643185,0.0
535.8,2,3.4165023898434215e-06,0.008800451198838263,3.006676255253133e-08
402.8,3,0.0,0.32889463151112147,0.0
405.3,1,1.0249507169530265e-05,0.055141124415131165,5.651693500288472e-07
235.3,2,4.099802867812106e-05,0.19344472515334288,7.930852389467998e-06
258.0,4,0.00010591157408514608,0.23805774347248593,2.5213070334328894e-05
250.5,4,0.00019132413383123162,0.36083724746121304,6.903687382456237e-05
189.6,4,0.0002630706840179435,0.5287826900089397,0.00013910722395749995
258.7,4,0.00019815713861091845,0.3635758434252258,7.204514880119406e-05
249.7,4,0.00025965418162810004,0.3931431200345717,0.00010208125509529462
364.9,5,0.00014690960276326714,0.22383863171026103,3.28840444676277e-05
364.6,5,0.00018107462666170135,0.21111616256675703,3.8227780319026576e-05
413.5,5,0.0003006522103062211,0.10991210098030758,3.3045316099130045e-05
308.0,6,0.0002494046744585698,0.2706780802918882,6.7508378498269e-05
295.2,6,0.0002084066457804487,0.28580466597447923,5.956359178414276e-05
293.7,6,0.00020157364100076189,0.31324609491233707,6.314215588075001e-05
177.8,7,0.00032115122464528164,0.4726502647633785,0.00015179221135767562
129.1,7,0.000478310334578079,0.6489062481596597,0.0003103785646670528
117.7,7,0.0012333573627334752,0.6560872942084718,0.0008091900949079024
74.8,7,0.000720882004256962,0.6922567580818443,0.0004990354392264668
89.1,6,0.0003860647700523067,0.6751751080798204,0.0002606613228458772
114.9,7,0.00045097831545933166,0.6360804444641975,0.0002868584873410868
173.0,5,0.00042022979395074086,0.5581885822284459,0.000234567472895516
175.8,7,0.0003314007318148119,0.5045253590803687,0.00016720007321836494
235.8,8,0.000526141368035887,0.36174101382238655,0.00019032691188719915
261.3,8,0.0006252199373413461,0.3656024711693854,0.00022858195411636445
280.1,8,0.0003006522103062211,0.3103081721845118,9.329483784335691e-05
310.6,7,0.0003792317652726198,0.24161142506861405,9.162672723880381e-05
365.1,7,0.00016057561232264082,0.2003142384246715,3.216558149198509e-05
477.6,6,0.00017765812427185794,0.057515969732454146,1.021817929834476e-05
396.2,7,0.00030406871269606455,0.11793447825787769,3.586018498635488e-05
477.1,5,0.0004236462963405843,0.056389186491024264,2.388907001058094e-05
358.0,6,0.00046464432501870537,0.17592059413975258,8.174050572095495e-05
298.6,6,0.0003314007318148119,0.32786226347735314,0.00010865379405085551
301.5,4,0.00033481723420465535,0.38762880607277717,0.00012978480474733995
303.6,3,0.00040314728200152377,0.36348150624210107,0.00014653658129932295
251.7,3,0.0001571591099327974,0.4008043353378887,6.299005259890904e-05
194.6,3,0.0008677916070202291,0.5505048911276179,0.00047772352414413184
182.9,3,0.0032866752990293718,0.5852678473883163,0.0019235853773272712
217.9,3,0.0005842219086632251,0.6076811912710742,0.00035502066542312936
205.8,3,0.00011274457886483292,0.6180140235033158,6.967773081244229e-05
205.7,3,0.00024257166967888295,0.6187703835296494,0.00015009616508062984
284.3,3,0.00022207265533982242,0.35484095194897747,7.880047242261976e-05
321.9,3,8.541255974608554e-05,0.18409702167713346,1.5724197863074568e-05
330.8,3,2.7332019118747372e-05,0.1491505745189045,4.076586354322853e-06
360.9,4,0.0,0.19014978280814232,0.0
451.5,3,0.0,0.08352879265933008,0.0
451.9,5,0.0,0.08427969708022955,0.0
565.0,3,0.0,0.05646707416199152,0.0
576.1,3,0.0,0.056066273415244595,0.0
669.9,1,0.0,0.015202642277298027,0.0
901.1,0,0.0,0.018453659593487656,0.0
761.9,0,0.0,0.018292913074720533,0.0
1345.9,0,0.0,0.018453659593487656,0.0
1276.1,0,0.0,0.018453659593487656,0.0
1177.0,0,0.0,0.018453659593487656,0.0
1094.7,0,0.0,0.018453659593487656,0.0
1024.1,0,0.0,0.018453659593487656,0.0
1002.7,0,0.0,0.018453659593487656,0.0
864.8,0,0.0,0.018453659593487656,0.0
836.6,0,0.0,0.018453659593487656,0.0
834.2,0,0.0,0.018453659593487656,0.0
740.0,1,0.0,0.015997498167760638,0.0
737.3,1,0.0,0.015090016064649532,0.0
849.1,0,0.0,0.018453659593487656,0.0
945.5,0,0.0,0.018453659593487656,0.0
816.6,0,0.0,0.018453659593487656,0.0
711.3,1,0.0,0.01572678334154045,0.0
621.7,1,0.0,0.01569149298980149,0.0
529.8,1,0.0,0.018825836325443147,0.0
486.3,1,0.0,0.036711881076018964,0.0
708.6,1,0.0,0.014851783341540453,0.0
462.5,1,2.049901433906053e-05,0.006156530085394884,1.2620279849936729e-07
344.3,2,2.049901433906053e-05,0.06525568894576693,1.33767730340455e-06
295.4,2,3.074852150859079e-05,0.21077875343658065,6.481135033598655e-06
322.8,1,2.3915516728903952e-05,0.11385969732427977,2.7230134961067535e-06
299.8,4,9.566206691561581e-05,0.35799532645977855,3.424657287527306e-05
245.5,4,0.00022548915772966583,0.4784627624706433,0.00010788816531451453
197.3,4,0.00026648718640778687,0.6205063965511773,0.00016535700376495773
209.2,5,0.00022890566011950924,0.4932979826549891,0.0001129187003552625
257.4,5,0.0003109017174757514,0.36335549592826827,0.00011296784773835199
302.6,5,0.0002562376792382566,0.3271905327024526,8.383854276840535e-05
347.8,6,0.00024257166967888295,0.16422605003580729,3.983658716195355e-05
385.3,6,0.0003177347222554382,0.10712815984942675,3.40383361154938e-05
285.7,6,0.0003621492533234027,0.3953514711379102,0.00014317624007290298
273.3,7,0.0007140489994772751,0.32994290079622524,0.00023559539819817448
256.7,7,0.00037239876049293297,0.30342297685731817,0.00011299434048674117
211.5,7,0.0002938192055265343,0.36297453718608946,0.00010664889014237828
155.3,7,0.0005398073775952606,0.55902708840077,0.0003017669465943336
72.2,7,0.0012196913531741015,0.709822142556226,0.0008657639295673432
0.0,7,0.0004714773297983922,0.7129776770690673,0.00033615281139038423
58.7,7,0.0003621492533234027,0.7083622135952016,0.0002565328467360149
83.0,7,0.000478310334578079,0.6636531590686621,0.00031743216455793085
172.0,7,0.00030748521508590793,0.4942937039183243,0.00015198800586493604
140.0,8,0.00019132413383123162,0.5502372117440215,0.0001052736579386369
210.8,7,0.0005603063919343212,0.490143252075882,0.0002746303971015919
258.2,8,0.0010727817504108345,0.3402683916857034,0.0003650337208420683
268.6,8,0.00036556575571324615,0.2858026771945613,0.00010447967167349875
375.1,7,0.0004543948178491751,0.14098551000584253,6.406308513847786e-05
378.1,7,0.00035873275093355927,0.12213166583178388,4.3812628459934016e-05
419.2,8,0.00021865615294997898,0.08773922456368274,1.9184721305909168e-05
436.1,8,0.000567139396714008,0.09431307973024902,5.348866314045357e-05
439.3,7,0.0005193083632562001,0.07407671172900893,3.8468655923392984e-05
516.7,6,0.00024257166967888295,0.04812487285193234,1.1673730760777173e-05
377.8,4,0.0006183869325616594,0.15582047890765616,9.635734798199424e-05
232.5,5,0.00043731230589995796,0.4835696791398241,0.0002114709714479393
256.6,5,0.0003245677270351251,0.3640874599604005,0.00011817103932133929
188.9,3,0.00010249507169530265,0.54900417286165,5.627022205847515e-05
134.9,3,0.0002528211768484132,0.6727512524109184,0.00017008576336077227
97.0,3,0.0004953928465272962,0.726936684496789,0.0003601192333779793
115.9,4,0.0003621492533234027,0.7018935061805216,0.00025419020917582104
171.9,3,0.0002938192055265343,0.685485834392024,0.00020140890326075794
181.8,3,0.00019815713861091845,0.5376909225477211,0.00010654729466912139
221.3,4,8.882906213592897e-05,0.4074528612519379,3.6193655529610436e-05
266.9,3,3.4165023898434215e-06,0.127593058046143,4.359219877420779e-07
297.6,4,0.0,0.23647250093337974,0.0
374.0,4,0.0,0.2413035601119228,0.0
458.1,3,0.0,0.08291907735631278,0.0
426.6,5,0.0,0.21160488911344763,0.0
557.6,3,0.0,0.0570406965675616,0.0
519.8,3,0.0,0.05662011757053924,0.0
646.5,3,0.0,0.03953789699399542,0.0
665.8,2,0.0,0.014849156423516797,0.0
702.8,1,0.0,0.014595373084873785,0.0
1369.9,0,0.0,0.018453659593487656,0.0
1217.0,0,0.0,0.018453659593487656,0.0
1153.4,0,0.0,0.018453659593487656,0.0
1046.4,0,0.0,0.018453659593487656,0.0
983.6,0,0.0,0.018453659593487656,0.0
902.4,0,0.0,0.018453659593487656,0.0
839.5,0,0.0,0.018453659593487656,0.0
787.4,0,0.0,0.01915152494682099,0.0
782.9,0,0.0,0.01915152494682099,0.0
779.8,0,0.0,0.01915152494682099,0.0
794.0,0,0.0,0.018453659593487656,0.0
832.4,0,0.0,0.018453659593487656,0.0
861.0,0,0.0,0.018453659593487656,0.0
834.1,0,0.0,0.018453659593487656,0.0
750.9,0,0.0,0.017146973512790705,0.0
683.4,1,0.0,0.014595373084873785,0.0
547.8,1,0.0,0.020366791715381204,0.0
554.7,1,0.0,0.020366791715381204,0.0
531.4,2,0.0,0.01821815065041725,0.0
484.4,1,2.049901433906053e-05,0.029372090320652054,6.020989006512275e-07
413.1,1,7.174655018671185e-05,0.10291387690054797,7.383715633954251e-06
427.3,2,6.833004779686844e-05,0.07114523212897599,4.8613571118922295e-06
497.0,1,4.099802867812106e-05,0.058100803262011017,2.382018398357797e-06
385.2,4,0.00019815713861091845,0.1796378473656574,3.5596521820203586e-05
270.3,4,0.00035189974615387244,0.370304387708943,0.0001303100200344422
257.1,4,0.00014690960276326714,0.36310523989858495,5.334364655476193e-05
325.0,4,0.00016740861710232767,0.21370357676807578,3.5775820256564686e-05
316.6,5,0.0003963142772218369,0.3584539566381311,0.0001420604207423486
304.4,7,0.00033823373659449873,0.23953040773619463,8.101726483661694e-05
369.0,7,0.00019815713861091845,0.1630100845447662,3.230161191811477e-05
361.9,7,0.00024257166967888295,0.18021240943314865,4.3714425053053344e-05
275.8,7,0.0003553162485437159,0.31896845745717256,0.0001133346757074584
297.9,6,0.00043389580351011457,0.3214359709635095,0.00013946971889826582
252.0,7,0.00040314728200152377,0.2755865254279351,0.00011110195868251585
220.7,7,0.000348483243764029,0.3583846986190491,0.00012489106229016014
206.0,7,0.0005876384110530686,0.4677839743013837,0.00027488783137455457
123.6,7,0.0008438760902913251,0.6659295214456196,0.0005619620009671025
230.4,5,0.0003177347222554382,0.3513486334716513,0.00011163566047094288
235.9,5,0.00021523965056013556,0.28711014905284005,6.179748815440173e-05
159.9,6,0.0002391551672890395,0.5415355787197781,0.00012951103192169536
201.5,6,0.0002528211768484132,0.576292200779809,0.00014569887240971336
192.5,6,0.00022890566011950924,0.554685934787477,0.00012697075006153446
327.3,7,0.0003758152628827764,0.2587158351442368,9.72293595966684e-05
329.9,7,0.0005876384110530686,0.2381611330586855,0.00013995262980520437
334.5,8,0.00029040270313669084,0.19548091459152087,5.6768186009010253e-05
345.9,8,0.00040314728200152377,0.1727876794580954,6.965888333688168e-05
406.2,9,0.0003143182198655948,0.119958391750133,3.770510815284146e-05
450.9,8,0.0003621492533234027,0.07157860053391436,2.59221367372912e-05
462.5,7,0.0007721295401046134,0.07063340635360747,5.453813956383321e-05
367.4,7,0.0007003829899179015,0.15744836921596705,0.00011027415958917668
327.6,7,0.00021523965056013556,0.23936747988164883,5.152137272518637e-05
349.4,5,0.0004168132915608974,0.16580397916766584,6.910930231076926e-05
236.1,6,0.0005158918608663567,0.5591758313858981,0.00028847426020516307
212.6,3,0.0005022258513069829,0.5768115277136305,0.0002896896605496595
101.7,4,0.0002699036887976303,0.7362323060346729,0.00019871181521074409
64.0,4,0.0003792317652726198,0.7488417657021397,0.000283984584717088
0.0,4,0.0007447975209858659,0.7365403107015297,0.0005485733975166588
73.2,4,0.0002528211768484132,0.7209093542090022,0.0001822611513321495
129.1,3,0.0002391551672890395,0.6356960055865406,0.00015202998456102332
171.3,4,5.808054062733817e-05,0.6533620611369575,3.794762173622647e-05
250.0,4,6.833004779686843e-06,0.12276577336693023,8.38859116198186e-07
256.5,4,0.0,0.39207949523665764,0.0
407.3,4,0.0,0.28644141145804775,0.0
410.8,4,0.0,0.27350751515653327,0.0
525.1,3,0.0,0.05674369682815036,0.0
584.6,2,0.0,0.0176180049891448,0.0
524.6,4,0.0,0.05694995472950695,0.0
569.5,4,0.0,0.05611265281591222,0.0
573.3,4,0.0,0.05632025091015463,0.0
658.4,2,0.0,0.014849156423516797,0.0
683.3,2,0.0,0.01482790569520603,0.0
1101.1,0,0.0,0.018453659593487656,0.0
1594.6,0,0.0,0.018453659593487656,0.0
1074.2,0,0.0,0.018453659593487656,0.0
827.4,0,0.0,0.018453659593487656,0.0
976.7,0,0.0,0.018453659593487656,0.0
903.4,0,0.0,0.018453659593487656,0.0
876.0,0,0.0,0.018453659593487656,0.0
766.9,0,0.0,0.01915152494682099,0.0
836.8,0,0.0,0.018453659593487656,0.0
831.7,0,0.0,0.018453659593487656,0.0
748.4,0,0.0,0.01762316398945737,0.0
767.3,0,0.0,0.01915152494682099,0.0
818.2,0,0.0,0.018453659593487656,0.0
737.5,1,0.0,0.015090016064649532,0.0
724.7,1,0.0,0.016436169911316193,0.0
640.4,1,0.0,0.014616623813184551,0.0
545.9,1,0.0,0.020242628163351813,0.0
554.7,1,0.0,0.020366791715381204,0.0
539.4,2,0.0,0.0181754358554763,0.0
523.0,2,6.833004779686843e-06,0.02023461304618985,1.3826320765972898e-07
521.9,3,5.4664038237494744e-05,0.04626266887922458,2.5289043005824906e-06
475.4,2,0.00016740861710232767,0.04965910363293992,8.313361865731648e-06
387.6,4,0.00015374260754295397,0.15151931302731864,2.329497427793704e-05
346.1,4,0.0001400765979835803,0.150558146737951,2.1089672993764853e-05
307.6,4,0.0001264105884242066,0.2461652243011261,3.1117890853482156e-05
338.4,4,0.00015032610515311055,0.16644989130978183,2.5021763863758084e-05
358.5,4,0.00018107462666170135,0.1812030253391946,3.281127016326547e-05
381.3,4,0.0002562376792382566,0.12198352080394424,3.1256774276114266e-05
385.8,6,0.0004168132915608974,0.13567275186671773,5.655020628069151e-05
377.6,7,0.0003758152628827764,0.13931782959348327,5.235776675293276e-05
332.5,7,0.0003006522103062211,0.22161627285547417,6.66294222738249e-05
332.4,7,0.0003860647700523067,0.20220135164559885,7.806281832732372e-05
354.6,6,0.0003416502389843422,0.22785859032314798,7.784794183853883e-05
286.3,6,0.0003416502389843422,0.2991778182378674,0.00010221417309978148
219.5,7,0.00024598817206872634,0.3608594954274683,8.876716765384584e-05
193.9,7,0.0005090588560866698,0.47210779422701343,0.00024033065367880436
191.1,7,0.0004714773297983922,0.5125918016288401,0.00024167541390851267
148.8,7,0.0003928977748319935,0.5127661714638537,0.00020146468777726856
230.6,5,0.0002630706840179435,0.46372320345659573,0.00012199198032831861
205.3,6,0.00027673669357731714,0.5440718937472679,0.00015056465694396833
161.6,6,0.0004851433393577659,0.5508983572216469,0.0002672646686692172
261.0,5,0.0006013044206124422,0.35868651322164186,0.00021567978601423645
282.5,6,0.0008233770759522646,0.39422428432186135,0.0003245952384943084
274.1,8,0.0004988093489171396,0.325573517681693,0.0001623991143794681
361.1,7,0.0004714773297983922,0.13590435566832276,6.40758227184718e-05
346.4,9,0.00041339678917105404,0.14933605946166628,6.173504748891045e-05
386.6,9,0.0005603063919343212,0.12862762473473968,7.207088031820384e-05
427.6,9,0.0005466403823749475,0.09785867532069625,5.3493503696011235e-05
374.7,9,0.0008541255974608554,0.1365291854815213,0.00011661307212024832
312.6,9,0.0008062945640030475,0.19538410417218582,0.0001575371410866386
341.0,7,0.00032115122464528164,0.14771407454023344,4.7438555935940385e-05
276.0,7,0.0003006522103062211,0.3552471037634486,0.0001068058269513643
274.1,4,0.0008131275687827343,0.40305042413000297,0.00032773141146967923
217.6,4,0.00048172683696792246,0.5543741795735504,0.0002670569200226535
192.7,3,0.00027332019118747375,0.47761835121062624,0.00013054273906753434
164.0,3,0.00015374260754295397,0.6574809051222252,0.00010108282876319242
105.4,4,0.0005056423536968264,0.6987876699462732,0.0003533366421659547
111.1,4,0.0001571591099327974,0.7232518166627547,0.0001136656117639973
223.0,4,0.00022207265533982242,0.518819016202049,0.00011521551656878335
218.1,4,9.907856930545922e-05,0.40634521607652835,4.0260102652980115e-05
305.8,4,2.7332019118747372e-05,0.13200259827622388,3.6078975398100797e-06
285.4,4,0.0,0.25627029005621044,0.0
448.0,4,0.0,0.0845458210764597,0.0
424.0,4,0.0,0.22138020222220153,0.0
455.5,3,0.0,0.08436359911394506,0.0
685.4,2,0.0,0.01482790569520603,0.0
644.2,2,0.0,0.014849156423516797,0.0
567.2,4,0.0,0.05667333206334811,0.0
638.6,3,0.0,0.0460656747717732,0.0
605.5,5,0.0,0.058235307615096585,0.0
701.7,2,0.0,0.01482790569520603,0.0
1052.3,0,0.0,0.018453659593487656,0.0
1003.7,0,0.0,0.018453659593487656,0.0
965.9,0,0.0,0.018453659593487656,0.0
946.8,0,0.0,0.018453659593487656,0.0
952.4,0,0.0,0.018453659593487656,0.0
787.7,0,0.0,0.01915152494682099,0.0
880.1,0,0.0,0.018453659593487656,0.0
770.7,0,0.0,0.01915152494682099,0.0
728.6,1,0.0,0.015602836577982861,0.0
755.4,0,0.0,0.017606743627790706,0.0
719.1,1,0.0,0.018533366981519174,0.0
656.3,1,0.0,0.014616623813184551,0.0
695.0,2,0.0,0.01482790569520603,0.0
683.8,2,0.0,0.01482790569520603,0.0
790.3,0,0.0,0.01915152494682099,0.0
609.0,2,0.0,0.018155853665680743,0.0
616.2,1,0.0,0.01648393356535704,0.0
662.1,2,0.0,0.014849156423516797,0.0
621.0,2,0.0,0.015594544414355956,0.0
517.0,2,0.0,0.018301731426623186,0.0
522.0,2,4.7831033457807905e-05,0.049716588416311935,2.377995803948681e-06
573.0,1,0.0002049901433906053,0.05935465338823082,1.2167118908953112e-05
420.3,2,0.0002049901433906053,0.07671322883462123,1.572545577876532e-05
380.2,4,0.00014690960276326714,0.13208959334246703,1.9405229687103326e-05
437.1,4,0.00015032610515311055,0.062817509401487,9.443111523744447e-06
460.9,4,0.00010249507169530265,0.08043172117565844,8.243855028475704e-06
406.5,4,7.85795549663987e-05,0.10171601554703848,7.992799234641575e-06
382.4,6,0.0002391551672890395,0.12896189733927552,3.084190413208638e-05
411.1,6,0.0002869862007468474,0.08159795799704164,2.3417487954271816e-05
391.9,7,0.00024257166967888295,0.08919885926487447,2.16371162253323e-05
389.8,7,0.0002938192055265343,0.10970906867782593,3.22346313979748e-05
418.5,7,0.00029723570791637767,0.09628828530160505,2.862031664567672e-05
321.3,7,0.0003143182198655948,0.213649392470378,6.715389671665503e-05
276.5,7,0.0001571591099327974,0.24532320308048403,3.855477624199177e-05
299.5,6,0.00016399211471248423,0.27030663826592927,4.4328157230052254e-05
278.0,6,0.00025965418162810004,0.34605154631686946,8.98537310600453e-05
242.4,6,0.0004885598417476093,0.4250251744807368,0.0002076502319830588
228.2,5,0.00044414531067964484,0.5195947716396603,0.00023077558127741602
256.9,5,0.00014690960276326714,0.3907984418309372,5.7412043849886746e-05
209.6,5,0.0002562376792382566,0.4932805539004898,0.00012639706434482324
181.3,5,0.0005295578704257304,0.5816110968899066,0.0003079967338849921
0.0,5,0.0007106324970874318,0.714029394689306,0.0005074124917418889
192.1,6,0.0008370430855116383,0.5603751820710846,0.0004690581714449268
297.7,6,0.0009737031811053752,0.3141385356225536,0.0003058776914434647
339.8,8,0.0008302100807319515,0.1876862801383873,0.00015581904178597019
453.9,9,0.0006559684588499369,0.06995148211375889,4.5885965916431344e-05
455.1,9,0.0005363908752054172,0.06464084540575563,3.467275964121133e-05
464.2,8,0.0005227248656460435,0.06714638111827251,3.509908304866703e-05
350.5,9,0.0005739724014936948,0.15622517750294057,8.966894030514154e-05
380.5,7,0.000591054913442912,0.11511569559591078,6.803969749636164e-05
291.6,8,0.000478310334578079,0.25141706214410803,0.000120255379112786
308.8,6,0.00026648718640778687,0.28818895104988085,7.679866271909417e-05
281.7,4,0.000526141368035887,0.3845264815247351,0.00020231528903545036
207.3,5,0.0005124753584765132,0.4436443020025235,0.00022735677270480572
128.0,5,0.00021523965056013556,0.6100441396624028,0.0001313056874471941
127.1,5,0.00015032610515311055,0.5705542493252868,8.576919807962711e-05
159.1,4,9.224556452577238e-05,0.6658694048218543,6.142349914823201e-05
209.7,4,0.00019474063622107503,0.53656832522299,0.00010449165703000177
188.0,4,0.00030406871269606455,0.5845048970378193,0.00017772965160683547
270.1,4,0.00024257166967888295,0.3815707142265999,9.255824525051023e-05
357.0,4,0.00020157364100076189,0.1130832686489499,2.279460619783614e-05
354.1,4,2.7332019118747372e-05,0.13655395315395705,3.7322952583444872e-06
373.4,4,0.0,0.2417704913285895,0.0
442.3,4,0.0,0.08392569260066704,0.0
475.1,3,0.0,0.07523385390277015,0.0
632.1,3,0.0,0.04953310439035163,0.0
586.1,3,0.0,0.05473517731468786,0.0
544.4,4,0.0,0.05670007990074894,0.0
614.6,5,0.0,0.0658032444576607,0.0
685.9,3,0.0,0.03951664626568466,0.0
595.3,4,0.0,0.055066357322711104,0.0
1107.3,0,0.0,0.018453659593487656,0.0
1080.6,0,0.0,0.018453659593487656,0.0
813.9,0,0.0,0.018453659593487656,0.0
931.5,0,0.0,0.018453659593487656,0.0
869.9,0,0.0,0.018453659593487656,0.0
770.0,0,0.0,0.01915152494682099,0.0
779.8,0,0.0,0.01915152494682099,0.0
735.3,1,0.0,0.015602836577982861,0.0
675.3,1,0.0,0.016207094699873782,0.0
653.8,1,0.0,0.014616623813184551,0.0
646.4,1,0.0,0.014616623813184551,0.0
619.3,1,0.0,0.015995838327023712,0.0
599.5,2,0.0,0.017875046610771796,0.0
632.5,2,0.0,0.014988045312266796,0.0
660.9,2,0.0,0.014849156423516797,0.0
668.9,2,0.0,0.014849156423516797,0.0
647.7,2,0.0,0.014849156423516797,0.0
662.1,2,0.0,0.014849156423516797,0.0
621.0,2,0.0,0.015594544414355956,0.0
555.1,4,0.0,0.05682424345277834,0.0
581.4,1,6.833004779686843e-06,0.02159892202526555,1.4758553743472293e-07
594.7,1,0.00020157364100076189,0.05244632210651691,1.0571796104109362e-05
464.9,4,0.0005603063919343212,0.04623269151443536,2.5904472571865782e-05
438.5,4,0.0003792317652726198,0.05388762055757212,2.043589747038919e-05
493.5,4,0.00015374260754295397,0.05056920126504888,7.774640863853061e-06
496.0,4,7.516305257655528e-05,0.08322661540885726,6.2555664697446835e-06
440.6,8,9.907856930545922e-05,0.10267977674952528,1.017336537694692e-05
534.3,5,0.00015374260754295397,0.038526785455973975,5.923208456249393e-06
480.4,6,9.907856930545922e-05,0.05426762143604125,5.376758291493237e-06
457.6,7,0.00010932807647498949,0.05863218468789207,6.410143971453572e-06
431.4,7,0.0002357386648991961,0.07460908934384776,1.758824711126351e-05
370.2,7,0.0003109017174757514,0.1390878855892763,4.3242662509776806e-05
330.7,6,0.00011957758364451976,0.13265313445787988,1.5862341281344857e-05
358.5,6,5.1247535847651325e-05,0.1521611886798387,7.79788597149127e-06
352.0,5,0.00018107462666170135,0.16094234429087864,2.9142574906529853e-05
288.6,6,0.0002562376792382566,0.2998565161226668,7.683453779574101e-05
263.3,5,0.00022548915772966583,0.38908278758447,8.773395005953263e-05
268.4,5,0.00041339678917105404,0.3783467670085847,0.0001564073386745978
237.3,5,0.00030748521508590793,0.5166526335969553,0.0001588630461662606
276.3,5,0.00046122782262886193,0.3610923198578429,0.00016654582445603744
184.3,5,0.00029040270313669084,0.5713353124604456,0.00016591731913595927
157.9,5,0.00035189974615387244,0.6792248468265752,0.0002390190511796747
210.4,6,0.0007618800329350831,0.5494336330731503,0.00041860251446141413
285.8,6,0.001441764008513924,0.3806898802281064,0.0005488649677183603
375.1,8,0.0008985401285288199,0.1214390509561463,0.0001091178604545536
519.7,7,0.0003553162485437159,0.05075849082690914,1.803531654235797e-05
379.6,8,0.00048172683696792246,0.1158379392944191,5.580224409718273e-05
374.3,9,0.0006867169803585277,0.1329502985988335,9.129922759155554e-05
458.9,8,0.00048172683696792246,0.08190293250227484,3.945484061271811e-05
389.9,9,0.0005466403823749475,0.12564640038100772,6.868339634830981e-05
279.5,9,0.00033823373659449873,0.2921205869182275,9.880503764953014e-05
258.4,7,0.0003006522103062211,0.39189011651850264,0.00011782262972845035
175.4,6,0.0010010352002241226,0.6036119261432196,0.0006042367853444461
112.3,6,0.0008643751046303856,0.6791859874847307,0.0005870714589956058
84.6,5,0.0005739724014936948,0.7042778535784273,0.00040423605093723467
64.6,5,0.00019474063622107503,0.7000453367783696,0.00013632727426781644
187.6,4,9.224556452577238e-05,0.5916403443361811,5.457619755951338e-05
225.3,4,0.00023232216250935268,0.527927000485666,0.000122649142399906
232.1,4,0.0002391551672890395,0.5261296031371985,0.00012582661325399267
337.4,4,0.0002699036887976303,0.1556288808457535,4.2004809023715736e-05
389.5,4,0.0002391551672890395,0.11121199959491948,2.6596924367671563e-05
394.2,4,5.808054062733817e-05,0.07162274104860271,4.159887521314691e-06
382.5,4,0.0,0.2732458579720303,0.0
426.7,4,0.0,0.21031596630551108,0.0
494.3,3,0.0,0.06699142335574772,0.0
750.4,0,0.0,0.017146973512790705,0.0
622.8,4,0.0,0.06473954288619116,0.0
641.8,4,0.0,0.04627193267312979,0.0
538.6,4,0.0,0.05670007990074894,0.0
637.8,3,0.0,0.0460656747717732,0.0
653.9,2,0.0,0.014849156423516797,0.0
954.6,0,0.0,0.018453659593487656,0.0
863.4,0,0.0,0.018453659593487656,0.0
867.8,0,0.0,0.018453659593487656,0.0
877.5,0,0.0,0.018453659593487656,0.0
894.0,0,0.0,0.018453659593487656,0.0
806.7,0,0.0,0.018453659593487656,0.0
740.2,1,0.0,0.015997498167760638,0.0
714.3,1,0.0,0.01572678334154045,0.0
822.0,0,0.0,0.018453659593487656,0.0
801.9,0,0.0,0.018453659593487656,0.0
791.0,0,0.0,0.01915152494682099,0.0
636.5,1,0.0,0.014755512701934552,0.0
567.4,1,0.0,0.018549213659284303,0.0
641.2,1,0.0,0.014616623813184551,0.0
710.4,1,0.0,0.014851783341540453,0.0
670.2,2,0.0,0.015435174887630273,0.0
699.1,2,0.0,0.01482790569520603,0.0
640.5,2,0.0,0.014849156423516797,0.0
594.8,2,0.0,0.016541713277438457,0.0
552.0,4,0.0,0.058490910119444996,0.0
576.6,3,3.4165023898434215e-06,0.009154924663699803,3.1277821992366863e-08
555.9,6,7.516305257655528e-05,0.041283847048881814,3.1030199662975703e-06
549.0,5,0.0003006522103062211,0.050595155099036705,1.5211545211311459e-05
460.9,5,0.00021865615294997898,0.06120883708059884,1.3383688842585766e-05
515.5,7,8.882906213592897e-05,0.07412742479157851,6.584669622787529e-06
493.8,7,9.224556452577238e-05,0.0601440094328588,5.5480181029774395e-06
521.5,7,6.149704301718158e-05,0.053170275986555396,3.269814749580614e-06
488.9,6,0.00011957758364451976,0.05829812639374206,6.971149085166476e-06
488.3,7,0.0002357386648991961,0.05461092853363767,1.2873907381425158e-05
479.1,7,0.00016740861710232767,0.07615867587179039,1.2749618608040838e-05
423.5,6,0.0001742416218820145,0.06981969041702352,1.2165496097562324e-05
358.5,7,0.0001571591099327974,0.18264931305327212,2.870500346928912e-05
399.5,6,4.099802867812106e-05,0.10875841140604384,4.4588804698118734e-06
424.0,5,6.833004779686844e-05,0.06311705406342509,4.312791320951366e-06
379.6,5,0.00018107462666170135,0.1247476204463919,2.2588628799266034e-05
363.1,5,0.00016740861710232767,0.16781325978054737,2.80933857512951e-05
318.4,5,0.00015374260754295397,0.2912532008734964,4.477802655752309e-05
263.0,5,0.00032115122464528164,0.34872413751602854,0.00011199318382664216
258.5,5,0.00021182314817029215,0.38078998309069134,8.066013300998256e-05
171.7,5,0.0004099802867812106,0.6586409934637742,0.0002700298233861396
184.8,5,0.0003792317652726198,0.5928582284367129,0.00022483067252645271
205.8,5,0.0002562376792382566,0.4989842847421434,0.00012785857509868824
251.3,6,0.0004953928465272962,0.40028718032787836,0.00019829940569101277
289.6,8,0.0009292886500374107,0.4096234147106763,0.00038065839008019886
282.1,9,0.0005193083632562001,0.3005643701777349,0.00015608559113013015
336.5,9,0.0002699036887976303,0.18113549316021646,4.888913777612036e-05
382.5,8,0.0005363908752054172,0.13180482747716954,7.069890676677799e-05
389.9,9,0.0007687130377147699,0.13087359101845336,0.00010060423570843571
476.7,6,0.0005398073775952606,0.08100701979354157,4.372818692155904e-05
433.1,7,0.0004988093489171396,0.08410470305989853,4.1952212174177344e-05
324.1,9,0.0005090588560866698,0.27873680385423727,0.00014189343851929247
243.6,9,0.0003860647700523067,0.3857359194768824,0.00014891904905375768
143.9,6,0.0008848741189694462,0.6458534162132645,0.0005714989726551195
60.0,5,0.0007345480138163357,0.7408597260811649,0.0005441970403094342
0.0,5,0.0006149704301718159,0.7228840423655044,0.0004445523104978554
72.8,5,0.00037239876049293297,0.7192456279611414,0.0002678461803426903
128.5,5,0.00021523965056013556,0.7027569587771785,0.00015126116223590348
212.9,4,0.00016057561232264082,0.5577343510226695,8.955853492883586e-05
264.2,4,0.00010932807647498949,0.38752221019302463,4.236705783173995e-05
430.8,3,0.00016399211471248423,0.08232411644402346,1.3500505947492204e-05
393.4,4,0.00010932807647498949,0.11781161415847247,1.2880117162359432e-05
391.4,4,1.3666009559373686e-05,0.060999651192547265,8.336218163158114e-07
463.3,4,0.0,0.07767516064364607,0.0
570.7,4,0.0,0.05611265281591222,0.0
466.9,4,0.0,0.07545990392856827,0.0
470.3,4,0.0,0.07562116348390162,0.0
534.1,3,0.0,0.05665981721799998,0.0
503.9,3,0.0,0.06096710495272928,0.0
542.0,3,0.0,0.05649382199939236,0.0
684.0,1,0.0,0.014595373084873785,0.0
695.8,1,0.0,0.014595373084873785,0.0
1143.5,0,0.0,0.018453659593487656,0.0
888.3,0,0.0,0.018453659593487656,0.0
832.3,0,0.0,0.018453659593487656,0.0
878.5,0,0.0,0.018453659593487656,0.0
867.8,0,0.0,0.018453659593487656,0.0
837.5,0,0.0,0.018453659593487656,0.0
780.2,0,0.0,0.01915152494682099,0.0
748.5,0,0.0,0.01762316398945737,0.0
869.3,0,0.0,0.018453659593487656,0.0
906.6,0,0.0,0.018453659593487656,0.0
838.7,0,0.0,0.018453659593487656,0.0
846.7,0,0.0,0.018453659593487656,0.0
547.6,1,0.0,0.020366791715381204,0.0
511.4,1,0.0,0.01995791807330779,0.0
709.2,1,0.0,0.014851783341540453,0.0
448.2,1,0.0,0.048553065315653884,0.0
432.5,1,0.0,0.13113401243148545,0.0
681.4,1,0.0,0.014595373084873785,0.0
681.4,1,0.0,0.014595373084873785,0.0
629.2,2,0.0,0.015122141597511893,0.0
486.6,5,3.4165023898434215e-06,0.058990619491433936,2.0154159247082797e-07
521.5,6,4.7831033457807905e-05,0.01288080322413218,6.161021299769062e-07
573.6,4,8.882906213592897e-05,0.035449738764406054,3.148967047405875e-06
593.3,4,6.491354540702501e-05,0.03360167033150232,2.181203552815861e-06
613.6,5,7.174655018671185e-05,0.07451755682964761,5.346377630869465e-06
644.7,3,5.1247535847651325e-05,0.07851898491714653,4.02390449426266e-06
695.4,3,7.85795549663987e-05,0.041450009454084336,3.257123296254966e-06
544.9,8,0.00024598817206872634,0.06186624656957093,1.5218364906401864e-05
538.5,7,0.00038264826766246324,0.05029251258570314,1.9244342817311936e-05
453.9,8,0.0003143182198655948,0.058401097923468835,1.835652913750101e-05
439.6,7,0.00025965418162810004,0.06636002236246943,1.723065729934942e-05
461.0,6,0.00021865615294997898,0.0572452753074531,1.251703167329012e-05
442.2,6,0.00022207265533982242,0.06819686580603354,1.5144659075399407e-05
448.7,6,0.00012299408603436317,0.06748771149656548,8.300589394070854e-06
442.9,5,0.00020157364100076189,0.06087331265041168,1.2270455270721221e-05
334.2,5,0.0003143182198655948,0.1450058396451055,4.557797738736545e-05
423.7,5,0.00022548915772966583,0.06713669724725722,1.5138597315035607e-05
285.3,7,0.0003006522103062211,0.13152490961927885,3.9543254787362145e-05
330.9,5,8.882906213592897e-05,0.2454258185647674,2.180094528705095e-05
214.1,5,0.00033481723420465535,0.48999820041294934,0.0001640598422275221
107.1,7,0.0005568898895444778,0.6514230240901215,0.0003627708959322775
179.4,7,0.0002869862007468474,0.5526110771270768,0.00015859175351532284
219.4,7,0.00046806082740854875,0.4211061848970021,0.0001971033093297481
269.1,7,0.0004168132915608974,0.34559614386114884,0.0001440490662735189
313.8,7,0.00017765812427185794,0.2604424275497125,4.626971315929118e-05
401.3,7,0.00019815713861091845,0.11419393785921632,2.2628343972895337e-05
510.7,7,0.0002869862007468474,0.08283405690174636,2.377223128268036e-05
456.6,7,0.0004407288082898014,0.07154981902264601,3.153406647120174e-05
343.8,8,0.0005090588560866698,0.13534352053736884,6.889781774349568e-05
404.2,7,0.000478310334578079,0.11369310379421665,5.4380586515032035e-05
319.0,7,0.00040656378439136716,0.21299040445944342,8.659418487607924e-05
206.8,9,0.00043047930112027113,0.4444942314279654,0.0001913455660971026
312.8,6,0.000348483243764029,0.27212639730578675,9.483148964693949e-05
145.6,5,0.0004270627987304277,0.6759175187175633,0.00028865922725444885
81.7,5,0.00032798422942496847,0.7067368569926874,0.0002317985434469707
128.1,5,0.0003928977748319935,0.6869350491562299,0.0002698952522675888
154.0,5,0.0004543948178491751,0.6789361358865497,0.0003085050617973915
168.4,5,0.00032115122464528164,0.6851551287105887,0.00022003840865740114
250.2,5,0.0002528211768484132,0.4362812883318955,0.00011030114875301171
401.1,4,0.0004475618130694882,0.12424102113992866,5.5605536678991084e-05
382.7,4,0.00043389580351011457,0.12687133454073604,5.5048939642953214e-05
479.2,4,1.3666009559373686e-05,0.06334379745733071,8.656569415789121e-07
541.4,4,0.0,0.05670007990074894,0.0
534.5,3,0.0,0.05665981721799998,0.0
475.3,4,0.0,0.07585985667906645,0.0
454.4,4,0.0,0.08511709091375706,0.0
469.8,4,0.0,0.07545990392856827,0.0
489.9,3,0.0,0.0742182312284195,0.0
670.3,1,0.0,0.015202642277298027,0.0
709.9,1,0.0,0.014851783341540453,0.0
671.0,1,0.0,0.015202642277298027,0.0
922.5,0,0.0,0.018453659593487656,0.0
952.6,0,0.0,0.018453659593487656,0.0
753.1,0,0.0,0.017146973512790705,0.0
925.7,0,0.0,0.018453659593487656,0.0
891.9,0,0.0,0.018453659593487656,0.0
843.4,0,0.0,0.018453659593487656,0.0
851.2,0,0.0,0.018453659593487656,0.0
770.4,0,0.0,0.01915152494682099,0.0
695.3,1,0.0,0.014595373084873785,0.0
752.4,0,0.0,0.017146973512790705,0.0
741.9,1,0.0,0.015997498167760638,0.0
904.0,0,3.4165023898434215e-06,0.024357291558639586,8.321674482020515e-08
574.8,1,5.4664038237494744e-05,0.05508476408571717,3.0111556502850206e-06
692.9,1,3.074852150859079e-05,0.09414172800205153,2.8947189483269858e-06
475.4,1,0.0,0.03971171667219864,0.0
447.6,1,0.0,0.048553065315653884,0.0
427.8,1,0.0,0.2219585444763756,0.0
420.1,1,0.0,0.23550180581181343,0.0
559.4,1,0.0,0.020516001086887482,0.0
429.4,5,0.0,0.18407789874138952,0.0
458.0,4,3.4165023898434215e-06,0.08590335511826634,2.9348901805712507e-07
639.5,3,3.4165023898434215e-06,0.01172022118421988,4.004216368538072e-08
582.0,7,3.758152628827764e-05,0.015058248152563349,5.659119488009677e-07
622.3,3,3.758152628827764e-05,0.04904269352087233,1.843099275802607e-06
591.4,6,3.758152628827764e-05,0.055921531103157694,2.1016164912340565e-06
572.0,9,3.758152628827764e-05,0.06941646003495922,2.608776517642994e-06
623.6,7,0.00010591157408514608,0.056442761661223625,5.977941733252929e-06
538.2,9,0.0003450667413741856,0.059310348650958036,2.0466028738752914e-05
510.6,9,0.00039973077961168033,0.05041086808358402,2.0150775599952615e-05
446.2,10,0.00024598817206872634,0.07922129423494018,1.9487501357771662e-05
442.9,9,0.00025965418162810004,0.07147449902694647,1.855865255212022e-05
466.4,7,0.0002084066457804487,0.06575918125906594,1.3704650395470475e-05
445.4,7,0.0004988093489171396,0.08300487429806762,4.140360730556812e-05
431.1,6,0.0004543948178491751,0.09638342856136037,4.379613046481832e-05
390.0,7,0.0003450667413741856,0.11557273848189946,3.988030825963999e-05
371.2,7,0.00021865615294997898,0.15720123683896575,3.437301768618677e-05
311.3,7,0.00014690960276326714,0.2203200335726715,3.2367128612950846e-05
327.4,6,0.0002049901433906053,0.13797676623850486,2.828387709580314e-05
394.7,5,0.00014690960276326714,0.10761105340943483,1.5809097109316794e-05
102.1,5,0.00047489383218823563,0.6289174100186159,0.0002986689989736404
0.0,5,0.0009224556452577239,0.7221237115599112,0.0006661270943029003
189.6,7,0.000526141368035887,0.5156266040122413,0.0002712924868306992
377.4,7,0.00042022979395074086,0.12834879563417162,5.3935987943173685e-05
220.9,6,0.0002391551672890395,0.433438684439528,0.00010365910108667652
268.7,8,0.0002630706840179435,0.23899419771677344,6.287236706967121e-05
344.0,7,0.0003621492533234027,0.1822089835445638,6.598684733947995e-05
350.7,7,0.0002801531959671606,0.19329262617933934,5.4151546981027567e-05
718.1,1,0.0002630706840179435,0.06471054190021563,1.7023446520861518e-05
358.8,8,0.00043389580351011457,0.1696083580457723,7.359235479630157e-05
298.0,9,0.0006457189516804067,0.22944830846458808,0.00014815912120659638
272.2,9,0.0005500568847647909,0.27587451788122813,0.00015174667789173693
221.7,8,0.00033823373659449873,0.35227296475588027,0.00011915060117060354
464.7,4,0.0002391551672890395,0.07529893350600386,1.8008129039314615e-05
163.1,6,0.0003245677270351251,0.48845225278255183,0.0001585358374508192
205.5,4,0.00033481723420465535,0.60535581046393,0.00020268355816925062
188.7,4,0.0003314007318148119,0.5775235447000208,0.0001913917253538711
214.5,4,0.0003860647700523067,0.540888822757626,0.00020881811898178573
228.7,5,0.0005398073775952606,0.5589968190786685,0.0003017506069909484
316.9,4,0.0007892120520538304,0.3076191392551236,0.00024277673214256909
374.2,3,0.0005739724014936948,0.13097168275904644,7.517413128088023e-05
394.7,3,0.000348483243764029,0.09671337283322967,3.37029898802838e-05
513.6,4,2.049901433906053e-05,0.03825263725676369,7.8414135963328e-07
546.0,3,1.0249507169530265e-05,0.14165642286418814,1.4519085217565073e-06
324.6,3,0.0,0.1293741606829887,0.0
365.0,3,0.0,0.19259643773326815,0.0
629.4,3,0.0,0.04953310439035163,0.0
477.6,3,0.0,0.07371827409910348,0.0
538.4,3,0.0,0.05649382199939236,0.0
608.3,3,0.0,0.05642445538449269,0.0
624.0,2,0.0,0.016948965859794985,0.0
687.3,1,0.0,0.014595373084873785,0.0
991.5,0,0.0,0.018453659593487656,0.0
988.3,0,0.0,0.018453659593487656,0.0
734.2,1,0.0,0.015602836577982861,0.0
918.8,0,0.0,0.018453659593487656,0.0
905.9,0,0.0,0.018453659593487656,0.0
885.2,0,0.0,0.018453659593487656,0.0
884.5,0,0.0,0.018453659593487656,0.0
862.5,0,0.0,0.018453659593487656,0.0
775.9,0,0.0,0.01915152494682099,0.0
721.4,1,0.0,0.01752591350131619,0.0
725.5,1,0.0,0.016436169911316193,0.0
700.0,1,1.3666009559373686e-05,0.06307445004926841,8.619760373255402e-07
549.4,1,0.000283569698357004,0.04356039813107603,1.2352408958340231e-05
530.1,1,0.000283569698357004,0.02986018922833082,8.46744485236083e-06
939.4,0,3.4165023898434215e-06,0.03212586620186224,1.0975809865445234e-07
646.4,3,0.0,0.03953789699399542,0.0
407.2,1,0.0,0.3093511129835455,0.0
549.8,1,0.0,0.020366791715381204,0.0
559.4,1,0.0,0.020516001086887482,0.0
400.9,3,1.0249507169530265e-05,0.10946069838941962,1.1219182129241462e-06
439.9,5,6.833004779686843e-06,0.02649341687508434,1.8102964413768736e-07
435.5,3,3.4165023898434215e-06,0.1037626886755973,3.545054738367571e-07
628.7,4,4.099802867812106e-05,0.020798118191213986,8.526818460543423e-07
530.9,7,0.00010932807647498949,0.05875132688977339,6.423169559212252e-06
520.4,9,8.199605735624212e-05,0.0821516478987021,6.736111233011784e-06
550.5,9,0.00012982709081405002,0.04362668657854301,5.6639258003486e-06
590.7,9,0.00011274457886483292,0.04839297982087624,5.456046129919048e-06
572.9,9,0.00020157364100076189,0.05667973969085518,1.1425141500461076e-05
535.0,10,0.0002084066457804487,0.07100043935790532,1.4796963415519203e-05
546.2,9,0.00011957758364451976,0.04923419591874651,5.887306180644584e-06
448.5,10,0.00029723570791637767,0.07218678996586697,2.1456491617715337e-05
395.1,10,0.0004578113202390185,0.11373152915623633,5.206758151581898e-05
507.0,5,0.0003450667413741856,0.04927499804724126,1.70031630073809e-05
401.2,8,0.00035873275093355927,0.11944462502657449,4.2848698920010524e-05
362.7,7,0.0002084066457804487,0.17910766847708504,3.73272284208659e-05
366.1,6,0.00026648718640778687,0.16457693811436247,4.3857645185704914e-05
275.9,7,0.0002391551672890395,0.17073561647222363,4.083230491961193e-05
365.5,5,0.00013324359320389343,0.17380252788052536,2.3158073322721068e-05
171.3,4,0.00021865615294997898,0.6657679480786495,0.00014557425828427885
89.1,6,0.00042022979395074086,0.6832179292073043,0.00028710852961423734
117.1,5,0.0004953928465272962,0.678072648414857,0.00033591233945053854
181.9,7,0.00033481723420465535,0.5457799726342852,0.00018273654092170388
205.6,7,0.0003006522103062211,0.37450611215985646,0.00011259609039405039
408.8,6,0.0001434931003734237,0.10303825603861388,1.4785278816051352e-05
339.8,7,0.00015374260754295397,0.18527673268411296,2.848492799989437e-05
390.2,7,0.0004475618130694882,0.13035718292896287,5.834289713831756e-05
412.0,7,0.00035189974615387244,0.10526563496573392,3.704295022316797e-05
594.9,5,0.00027332019118747375,0.04576891771887261,1.2509569341366017e-05
387.6,8,0.000348483243764029,0.1332318255689638,4.64290587468758e-05
328.2,8,0.00040314728200152377,0.2340411567533152,9.435305622159159e-05
370.1,7,0.0003109017174757514,0.15997895170517887,4.973773084511039e-05
310.3,6,0.00025965418162810004,0.3325089610059049,8.633734215399806e-05
291.1,9,0.0005227248656460435,0.30178637266686353,0.00015775124110609305
212.8,4,0.000348483243764029,0.5511724941657524,0.00019207437864039175
248.8,4,0.00033823373659449873,0.46659433136891704,0.00015781794417272054
223.0,4,0.00032798422942496847,0.5307992572110335,0.00017409378535570647
260.2,4,0.00024257166967888295,0.34471604987578053,8.361834778347717e-05
303.7,4,0.00033823373659449873,0.3275360861241441,0.0001107837542793068
301.8,4,0.00046464432501870537,0.31392368910890606,0.00014586286063338955
622.0,2,0.00039973077961168033,0.04304404680368839,1.7206030386480015e-05
299.2,4,0.0005739724014936948,0.31088182039953666,0.00017843758503545358
334.3,3,0.00035873275093355927,0.22911416983528754,8.21907564228714e-05
317.7,3,8.882906213592897e-05,0.23208309612400507,2.061572376629802e-05
296.3,4,0.0,0.23113667574863597,0.0
430.5,3,0.0,0.19836466247026788,0.0
465.9,3,0.0,0.07486239118116086,0.0
469.4,3,0.0,0.07486239118116086,0.0
501.3,3,0.0,0.06913885031167073,0.0
534.1,3,0.0,0.05665981721799998,0.0
644.0,1,0.0,0.014616623813184551,0.0
737.8,1,0.0,0.015090016064649532,0.0
1043.7,0,0.0,0.018453659593487656,0.0
1006.9,0,0.0,0.018453659593487656,0.0
715.3,1,0.0,0.01587155120449283,0.0
929.4,0,0.0,0.018453659593487656,0.0
934.3,0,0.0,0.018453659593487656,0.0
806.1,0,0.0,0.018453659593487656,0.0
826.7,0,0.0,0.018453659593487656,0.0
796.1,0,0.0,0.018453659593487656,0.0
780.5,0,0.0,0.01915152494682099,0.0
742.7,1,6.833004779686843e-06,0.022695619127106492,1.550792739734708e-07
689.8,1,6.491354540702501e-05,0.06604471005364351,4.287196284960989e-06
636.5,2,0.0005842219086632251,0.05676851094661777,3.316540781720222e-05
576.9,1,0.0004099802867812106,0.05015389628762356,2.0562108783195e-05
458.5,1,0.00013666009559373687,0.08164611542773877,1.1157765939212054e-05
424.2,1,0.0,0.22963541486970002,0.0
400.7,1,0.0,0.3299219826066302,0.0
383.1,2,0.0,0.30104132607437045,0.0
602.0,4,0.0,0.05799550856510172,0.0
667.8,2,3.4165023898434215e-06,0.04113110645508967,1.4052452350071803e-07
561.3,7,5.1247535847651325e-05,0.02568902854776074,1.3164994113927066e-06
503.8,2,7.174655018671185e-05,0.03211865730222073,2.3044028580635786e-06
391.6,3,0.00010932807647498949,0.07728850042801111,8.449803085430857e-06
479.2,3,0.00010932807647498949,0.0679935650749224,7.43360568231829e-06
442.2,7,0.00012299408603436317,0.05505163209538267,6.771025174271605e-06
507.3,6,0.00019474063622107503,0.04303972837757941,8.381584087032072e-06
496.4,7,0.0001742416218820145,0.045336936144903514,7.899581285049314e-06
571.3,6,4.4414531067964485e-05,0.04506957857848214,2.0017441979940617e-06
605.4,9,0.00016057561232264082,0.055091301615859706,8.846319490617964e-06
630.9,8,0.0002049901433906053,0.042613934610002846,8.735436566142361e-06
532.3,10,0.0002562376792382566,0.040334649551771795,1.0335256994034393e-05
500.5,10,0.00022207265533982242,0.07034950514437525,1.562270140925391e-05
400.6,10,0.0002869862007468474,0.11867782889284902,3.405889922684317e-05
370.9,10,0.0003109017174757514,0.1954580684338353,6.076824917057234e-05
342.2,9,0.00015032610515311055,0.19229987096360307,2.8907690623404184e-05
309.6,9,0.00024598817206872634,0.21294713525761652,5.2382476549292914e-05
224.7,9,0.0002801531959671606,0.3609773668592569,0.00010112896299743102
224.1,8,0.0001742416218820145,0.3400840989257953,5.9256804973114034e-05
231.2,7,0.0001879076314413882,0.36481224306038124,6.855100451429625e-05
181.7,5,0.00019474063622107503,0.5921640954751887,0.00011531841270011565
170.3,6,0.00032798422942496847,0.5458617076405115,0.00017903403155307057
198.8,9,0.00021182314817029215,0.4178697945924132,8.851449541583829e-05
274.2,4,0.00029723570791637767,0.3919168093114266,0.00011649167026000988
281.0,6,0.00038264826766246324,0.35795340725663455,0.00013697025119062742
335.5,4,0.0001708251194921711,0.2315634722462459,3.9556857816487e-05
335.8,7,0.000283569698357004,0.19528640285346216,5.537730635038063e-05
366.8,7,0.0008951236261389764,0.21455882289298467,0.00019205667156807886
420.5,7,0.0005090588560866698,0.08671747442709715,4.414429833458312e-05
434.5,8,0.00021523965056013556,0.08594080054397628,1.8497867877943762e-05
396.1,8,0.00021865615294997898,0.1449358013662401,3.1691104751464364e-05
346.1,7,0.0003621492533234027,0.17560119543960642,6.359384181115037e-05
304.3,7,0.00030406871269606455,0.26415467368657375,8.032117158052547e-05
304.1,7,0.00032798422942496847,0.28525589006550534,9.355943329206828e-05
320.4,6,0.00038948127244215006,0.24924637164074534,9.707679397822653e-05
299.4,4,0.00032798422942496847,0.37397468236476156,0.00012265779801985365
289.4,4,0.0005944714158327553,0.334466873374063,0.00019883099576383412
305.1,4,0.0004714773297983922,0.31229605224943613,0.00014724050882114332
304.2,4,0.00022207265533982242,0.3342619607744664,7.423044120828132e-05
666.7,1,0.0004851433393577659,0.049797385959175565,2.4158870115521956e-05
266.0,4,0.0003245677270351251,0.38919717894670736,0.00012632084373921564
319.4,3,0.0003553162485437159,0.24310477383079668,8.637907624062718e-05
269.9,4,0.0005705558991038514,0.40490767692694474,0.00023102246366310473
279.7,4,0.0004407288082898014,0.40344486720892175,0.00017780977553562527
247.4,4,0.0001708251194921711,0.4017323639911793,6.862597908266557e-05
406.0,2,2.049901433906053e-05,0.10405806792403312,2.1330878264696896e-06
418.3,2,0.0,0.23347779074234926,0.0
432.1,3,0.0,0.14306961638112264,0.0
433.3,1,0.0,0.13113401243148545,0.0
490.6,3,0.0,0.07340291591310417,0.0
548.4,2,0.0,0.019966266074172352,0.0
605.8,1,0.0,0.01959539483371887,0.0
663.4,1,0.0,0.014616623813184551,0.0
987.6,0,0.0,0.018453659593487656,0.0
997.9,0,0.0,0.018453659593487656,0.0
867.2,0,0.0,0.018453659593487656,0.0
817.1,0,0.0,0.018453659593487656,0.0
870.0,0,0.0,0.018453659593487656,0.0
808.9,0,0.0,0.018453659593487656,0.0
745.9,0,0.0,0.01762316398945737,0.0
763.5,0,0.0,0.018292913074720533,0.0
722.8,1,1.708251194921711e-05,0.055298692053205215,9.446405677749553e-07
740.7,1,6.491354540702501e-05,0.09009927792625673,5.848663568806233e-06
646.2,2,0.00018449112905154477,0.053578232668617456,9.884708637619595e-06
686.5,1,0.0006149704301718159,0.057371161378179256,3.528156779219557e-05
559.6,1,0.0004236462963405843,0.05205930745529507,2.2054732793491525e-05
511.3,1,0.00027673669357731714,0.04160243466443192,1.1512920213801252e-05
574.8,1,5.1247535847651325e-05,0.03966384862108701,2.032674504064972e-06
384.2,2,0.0,0.31427622350948603,0.0
354.2,2,0.0,0.19671805602426884,0.0
368.6,2,2.7332019118747372e-05,0.11819471922215176,3.230500325514829e-06
346.6,2,0.00013666009559373687,0.2069502707974033,2.8281843790322867e-05
319.7,2,0.0002357386648991961,0.1869520342432561,4.4071822952693986e-05
347.3,2,0.00030406871269606455,0.2039050997694303,6.200116119905328e-05
315.4,3,0.0003143182198655948,0.2645279601619187,8.314595754277127e-05
392.5,3,0.00011957758364451976,0.0979505124760415,1.1712685598627428e-05
520.0,8,0.00015374260754295397,0.037286801140638,5.732570034297277e-06
551.7,3,0.00015374260754295397,0.03781932415205797,5.814441510649609e-06
463.0,6,0.0002357386648991961,0.06150041988701978,1.4498026874906012e-05
528.9,5,0.0001434931003734237,0.04153908325489721,5.9605718429149695e-06
538.7,7,0.00021182314817029215,0.035069492336672434,7.4285302714878905e-06
573.9,7,0.00010249507169530265,0.05046606276859611,5.172522721646902e-06
559.8,7,0.0002049901433906053,0.06463751564127722,1.3250053599717909e-05
469.7,10,0.00026648718640778687,0.07452459469633108,1.9859849558805945e-05
449.6,9,0.0005534733871546343,0.07340346806784956,4.0626866100409734e-05
373.5,10,0.0002869862007468474,0.1720034413817033,4.93626141575181e-05
374.5,8,0.0001708251194921711,0.14016993603079722,2.3944546071670914e-05
328.5,9,0.00038264826766246324,0.14300754254121253,5.472158841606099e-05
248.4,8,0.0002938192055265343,0.29090136644119063,8.547240837433386e-05
196.7,8,0.00022890566011950924,0.416565199524776,9.535413198003393e-05
150.4,8,0.0002528211768484132,0.49864440898639034,0.00012606786630882068
60.6,6,0.00043389580351011457,0.7310650739272876,0.00031720606766986174
127.6,7,0.0005739724014936948,0.6495548895264087,0.00037282657984344446
213.1,9,0.00038948127244215006,0.330443611583946,0.00012870159831009488
259.8,4,0.0003314007318148119,0.39316474161433695,0.0001302950830947727
235.0,9,0.0004885598417476093,0.34703635900345003,0.00016954802863539207
280.7,8,0.00033481723420465535,0.2969833110937203,9.943513082534016e-05
365.1,6,0.00019474063622107503,0.19917855914585353,3.878815932966054e-05
408.1,6,0.0003621492533234027,0.10687824818077887,3.870587777518239e-05
404.7,8,0.000478310334578079,0.1005912679943766,4.811384305002349e-05
392.6,8,0.00033823373659449873,0.11813615690690474,3.995763377753639e-05
378.2,8,0.00022890566011950924,0.1408747193131633,3.2247020618530224e-05
419.3,7,0.00018449112905154477,0.08526642839102028,1.573089964405202e-05
289.0,9,0.00030406871269606455,0.30984993668821365,9.421567137774222e-05
309.2,7,0.00032798422942496847,0.30578527395459193,0.00010029274744749971
329.5,6,0.00030748521508590793,0.29297124597931995,9.008432658393764e-05
339.6,6,0.00019815713861091845,0.18260738746712663,3.6184957389701105e-05
383.8,4,0.00024598817206872634,0.17664886573130134,4.345353157925669e-05
306.5,4,0.00035873275093355927,0.3283326168275941,0.00011778366285577707
263.7,4,0.0004236462963405843,0.42544830366983827,0.0001802395981341112
196.6,4,0.0004099802867812106,0.5727025336984719,0.00023479674900602545
266.7,4,0.0003109017174757514,0.43070260239065655,0.0001339061788045308
216.4,4,0.0002938192055265343,0.5672094136921069,0.00016665701929818616
159.4,4,0.00044414531067964484,0.6863091868151201,0.00030482100700029595
187.4,4,0.00037239876049293297,0.575652281299595,0.00021437219603089836
298.8,4,0.00019474063622107503,0.3703770523155079,7.21274628096084e-05
331.6,3,6.491354540702501e-05,0.14687230177896127,9.534001830562883e-06
371.0,2,1.3666009559373686e-05,0.1699396683039863,2.32239713155907e-06
366.5,3,0.0,0.1969599350998131,0.0
420.8,1,0.0,0.2366129169218134,0.0
439.4,3,0.0,0.08329968982437075,0.0
556.7,1,0.0,0.018529585791243273,0.0
575.4,1,0.0,0.017913037040294944,0.0
610.6,1,0.0,0.016586135574459607,0.0
893.0,0,0.0,0.018453659593487656,0.0
949.3,0,0.0,0.018453659593487656,0.0
820.8,0,0.0,0.018453659593487656,0.0
787.3,0,0.0,0.01915152494682099,0.0
854.6,0,0.0,0.018453659593487656,0.0
832.6,0,0.0,0.018453659593487656,0.0
809.3,0,0.0,0.018453659593487656,0.0
670.8,2,0.0,0.015435174887630273,0.0
662.2,2,0.00023232216250935268,0.048131429192878404,1.1181997714755299e-05
643.7,2,0.0002562376792382566,0.044794841720069874,1.147812628419574e-05
606.3,2,0.0002801531959671606,0.04483459886891738,1.2560556163032847e-05
644.9,2,0.00029040270313669084,0.045904492011115156,1.333078856614447e-05
512.7,1,0.00033481723420465535,0.032789764236833184,1.0978578171999208e-05
541.8,1,0.00039973077961168033,0.055666826178018276,2.225174382664714e-05
424.6,2,0.00012982709081405002,0.10061963941062317,1.3063155063439941e-05
398.4,1,0.0,0.31595289249479414,0.0
314.3,2,0.0,0.1598650013946998,0.0
344.2,2,6.149704301718158e-05,0.12503891508484868,7.689523539794656e-06
298.2,2,0.00038264826766246324,0.3189590879531235,0.00012204914246046195
254.6,2,0.0005944714158327553,0.4304595731422028,0.0002558959119046088
259.5,2,0.0002357386648991961,0.4091495124150128,9.645235980087218e-05
282.8,4,0.00014690960276326714,0.38038071850023547,5.588158025367573e-05
463.5,4,6.491354540702501e-05,0.10854744669347416,7.046199609753461e-06
361.6,4,0.00025965418162810004,0.1760585901025567,4.5714349131676474e-05
362.7,4,0.00030748521508590793,0.13202001227017013,4.059420186853747e-05
388.9,4,0.0001742416218820145,0.1100283835522654,1.917152400320309e-05
457.3,5,0.00033823373659449873,0.056124031954891684,1.8983041040852063e-05
470.6,7,0.00033481723420465535,0.05975060716275622,2.0005533032282906e-05
424.3,8,0.00021523965056013556,0.0694609641354296,1.4950753648079976e-05
520.9,7,0.00015032610515311055,0.04601953229002866,6.917937050127815e-06
521.0,9,0.00017765812427185794,0.058434059293714105,1.0381285367711775e-05
476.4,9,0.0004236462963405843,0.06572821844734208,2.7845516310281345e-05
417.8,10,0.0005398073775952606,0.09977929368250917,5.3861598861062626e-05
387.8,11,0.00018107462666170135,0.1285792604337106,2.3282441579471815e-05
387.8,11,0.00019474063622107503,0.10342931280252858,2.0141890179072998e-05
284.0,7,0.00010591157408514608,0.294875731032602,3.123075283317104e-05
181.8,9,0.0002630706840179435,0.45615281906726834,0.0001200004341287395
136.5,8,0.0005876384110530686,0.6291866964681448,0.00036973427056826997
0.0,6,0.0008609586022405423,0.7320573555233612,0.0006302710775713007
141.2,10,0.0006388859469007199,0.6036625291533381,0.0003856715065466138
158.7,10,0.0003792317652726198,0.5549071583963525,0.00021043842124106202
249.4,8,0.00030406871269606455,0.2943015525727796,8.948789423525826e-05
293.6,6,0.00033481723420465535,0.3085361095980051,0.00010330320686786848
354.2,6,0.00033481723420465535,0.19663334690698278,6.583623336380049e-05
375.5,6,0.00024257166967888295,0.14272885931286866,3.462197771488493e-05
424.3,6,0.0006218034349515027,0.08907392880719503,5.538647489693948e-05
440.6,6,0.000591054913442912,0.07003859668820182,4.139665670320815e-05
381.9,8,0.00035189974615387244,0.13642181791380883,4.800680309371914e-05
331.3,7,0.00030406871269606455,0.24029867527965995,7.306730885485583e-05
257.5,9,0.00027673669357731714,0.3067492201252242,8.488876493487517e-05
215.3,7,0.000632052942121033,0.430761557283289,0.0002722641096335407
260.3,6,0.0005193083632562001,0.3935658141982266,0.0002043820188048748
264.5,4,0.0008985401285288199,0.39201169229574234,0.00035223823638021656
307.9,4,0.00036898225810308953,0.3312744168251451,0.00012223438237192615
309.5,4,0.0003963142772218369,0.28029305322200193,0.00011108413879797956
281.8,4,0.0006047209230022856,0.3541309008503277,0.00021415036522584108
248.6,4,0.0005193083632562001,0.46200444401808727,0.00023992277164012362
146.5,4,0.00039973077961168033,0.6843148812819903,0.00027354172099472446
214.6,3,0.00042022979395074086,0.5983548303856201,0.00025144652708237965
90.2,4,0.0006218034349515027,0.7433491520417566,0.0004622170561078511
134.0,4,0.0007584635305452396,0.6893866903570408,0.000522874663079099
210.8,4,0.00026648718640778687,0.5495490181732879,0.00014644777164616124
229.5,4,0.00016740861710232767,0.5153613516645553,8.627593119014959e-05
267.7,4,6.149704301718158e-05,0.40752334543671725,2.5061480704827553e-05
352.4,2,0.0,0.18762109874716024,0.0
394.0,1,0.0,0.3163949193908207,0.0
494.9,1,0.0,0.029071604857807413,0.0
494.9,1,0.0,0.029071604857807413,0.0
537.6,1,0.0,0.01861809512895943,0.0
637.1,1,0.0,0.014755512701934552,0.0
659.7,1,0.0,0.014616623813184551,0.0
889.2,0,0.0,0.018453659593487656,0.0
968.9,0,0.0,0.018453659593487656,0.0
755.7,0,0.0,0.018292913074720533,0.0
749.2,0,0.0,0.01762316398945737,0.0
714.9,1,0.0,0.01587155120449283,0.0
722.0,1,0.0,0.01752591350131619,0.0
732.4,2,0.0,0.01583536918831511,0.0
657.1,2,2.7332019118747372e-05,0.015607080362382569,4.2657301885246706e-07
638.7,2,0.00017765812427185794,0.05591390537958102,9.93355955045051e-06
560.9,2,0.0001400765979835803,0.045139787152858574,6.323027818075353e-06
653.3,2,0.0003143182198655948,0.05318968629310258,1.671848751085743e-05
581.6,2,0.0002084066457804487,0.04028105621113502,8.39483981345636e-06
552.7,1,0.00021523965056013556,0.058103023628420764,1.2506074502268585e-05
463.9,2,0.0003860647700523067,0.049945745840343454,1.9282292882943148e-05
413.2,3,0.0002049901433906053,0.09055499595810883,1.856288160618841e-05
430.6,1,3.4165023898434215e-06,0.1234180420399832,4.216580355793985e-07
505.6,1,1.0249507169530265e-05,0.01693577423469874,1.7358333944009067e-07
238.1,2,3.758152628827764e-05,0.41401375612144803,1.5559268859386765e-05
263.2,2,0.00012982709081405002,0.3842664982829555,4.988820156937826e-05
191.2,3,0.00032798422942496847,0.6007080433046273,0.0001970227646926488
297.0,3,0.00027332019118747375,0.3315933598324045,9.063116050588958e-05
246.8,4,0.00029723570791637767,0.40031632711572573,0.00011898830688072695
294.7,3,0.0001879076314413882,0.2775336070321113,5.215068274278903e-05
287.1,4,0.00041339678917105404,0.2619898800866084,0.00010830577522311338
330.1,4,0.000283569698357004,0.34203390076972034,9.699045006913904e-05
398.7,4,0.00018449112905154477,0.11191763007618213,2.0647809933527964e-05
405.0,5,0.00022890566011950924,0.1114408677541203,2.550944539754784e-05
403.6,7,0.00021865615294997898,0.09643330245207236,2.1085734930431916e-05
411.3,8,0.00022548915772966583,0.08685063797736914,1.9583877205801096e-05
470.9,7,0.00038948127244215006,0.06215992325280251,2.4210126003407913e-05
482.1,9,0.0002049901433906053,0.053886623110136256,1.1046226598182337e-05
448.8,10,0.00024598817206872634,0.07507069829215797,1.8466503848810797e-05
451.6,10,0.00035189974615387244,0.07699660902476001,2.7095087170522012e-05
389.9,11,0.00024598817206872634,0.13495348771592075,3.319696175753866e-05
384.7,11,0.0002084066457804487,0.12892425402982133,2.686867134210156e-05
479.8,6,0.0002630706840179435,0.07053200610944062,1.8554903092368312e-05
222.1,7,0.00032798422942496847,0.36207605506469553,0.00011875523591362662
162.1,8,0.0007106324970874318,0.5875895869203288,0.0004175602554157658
116.3,7,0.0010147012097834961,0.6869794763225062,0.0006970789057208798
129.6,5,0.0005466403823749475,0.7063125873647954,0.00038609898283333027
211.7,8,0.0003792317652726198,0.44124245700433773,0.00016733315588298304
245.6,9,0.0003860647700523067,0.3541062739253244,0.00013670795721705949
337.7,5,0.000348483243764029,0.30386234594613876,0.00010589093597305799
362.0,6,0.00040656378439136716,0.19618711083518883,7.976257422996296e-05
423.1,5,0.0004543948178491751,0.08650754639272282,3.930858078570035e-05
508.4,4,0.0006081374253921291,0.041495455065996126,2.5234939209309666e-05
451.4,6,0.0003621492533234027,0.0652543194850823,2.3631803077649324e-05
441.4,6,0.00022890566011950924,0.06471908654057405,1.4814565226901749e-05
293.8,8,0.0002357386648991961,0.24155089958021692,5.694288657224012e-05
267.2,7,0.0002528211768484132,0.30880629403878374,7.807277067708243e-05
149.5,6,0.0007482140233757093,0.5853911589783284,0.00043799787430774456
194.5,3,0.0005193083632562001,0.5911361777028274,0.00030698196090438157
201.2,3,0.001838078285735761,0.6280081915128325,0.0011543282200839227
222.5,4,0.0010796147551905212,0.5692779888735615,0.0006146009165930823
256.0,4,0.0008233770759522646,0.4384816466130351,0.00036103573604697505
282.3,4,0.00044414531067964484,0.34734066622340726,0.00015426972811147002
160.1,4,0.00039973077961168033,0.6690772897725449,0.0002674507866612495
143.1,3,0.0004407288082898014,0.7027348539101964,0.00030971549470754854
0.0,4,0.0006833004779686843,0.7371142816146842,0.0005036705409448571
101.4,4,0.0006764674731889975,0.6884689235756507,0.0004657268331003694
142.7,4,0.0003758152628827764,0.6211235167270803,0.00023342769772146226
183.2,4,0.0002391551672890395,0.5899386404084276,0.000141086874237146
275.4,4,0.0004270627987304277,0.38090921753078577,0.00016267215650091468
333.1,1,4.7831033457807905e-05,0.25523785022096646,1.220829015361801e-05
381.3,1,6.833004779686843e-06,0.08404139896870658,5.742552808447409e-07
527.3,1,0.0,0.018964725215443148,0.0
532.8,1,0.0,0.0186186762916261,0.0
611.8,1,0.0,0.016586135574459607,0.0
604.6,1,0.0,0.01959539483371887,0.0
618.3,1,0.0,0.015995838327023712,0.0
667.8,1,0.0,0.014616623813184551,0.0
872.7,0,0.0,0.018453659593487656,0.0
987.4,0,0.0,0.018453659593487656,0.0
740.6,1,0.0,0.015997498167760638,0.0
698.3,1,0.0,0.014595373084873785,0.0
676.5,1,0.0,0.016207094699873782,0.0
760.2,0,0.0,0.018292913074720533,0.0
796.5,0,0.0,0.018453659593487656,0.0
610.7,2,1.708251194921711e-05,0.018371168577314648,3.138257067430594e-07
612.5,2,5.4664038237494744e-05,0.05136009694584144,2.8075503033289138e-06
646.0,2,6.491354540702501e-05,0.048923507699968144,3.1757983385528197e-06
563.0,2,0.0003928977748319935,0.04880993761487605,1.917731587857322e-05
479.6,3,0.0002938192055265343,0.04912832703175069,1.4434846017316747e-05
519.3,1,0.00023232216250935268,0.05505712534987395,1.2790990422831217e-05
521.2,2,0.00022548915772966583,0.04069735315542606,9.17681188484378e-06
358.2,3,0.0003006522103062211,0.18077617830756942,5.435075757888229e-05
314.0,3,0.0001434931003734237,0.23187583610539667,3.327258262444323e-05
311.6,3,6.833004779686844e-05,0.24591703091860032,1.680352247673193e-05
188.0,2,0.00013666009559373687,0.5723817157674286,7.822173999288391e-05
159.6,3,0.0001400765979835803,0.5933448552107827,8.311372874898646e-05
138.0,4,0.00021182314817029215,0.5487441325166917,0.00011623670968966163
231.2,4,0.000348483243764029,0.5043923500122959,0.00017577228226204635
215.3,4,0.00035189974615387244,0.5242879669906638,0.00018449680249554444
241.5,4,0.0003006522103062211,0.30275611715797623,9.10242958072748e-05
238.1,4,0.0003109017174757514,0.32515489336531816,0.00010109121479292222
285.0,4,0.0003109017174757514,0.3797549555650567,0.00011806646790510377
288.1,5,0.0002391551672890395,0.35335880273295234,8.450758358065393e-05
342.2,6,0.00021865615294997898,0.1518977008169208,3.3213366902574785e-05
374.8,6,0.00014690960276326714,0.1378007950389318,2.0244260059631864e-05
407.5,9,0.0001742416218820145,0.07313545538245403,1.2743240362918496e-05
405.4,9,0.00022207265533982242,0.07278571864632871,1.6163717810607443e-05
409.2,11,0.00027673669357731714,0.12019296401456935,3.326180345264938e-05
374.0,11,0.00032798422942496847,0.15442773188302925,5.064986064350098e-05
431.5,11,0.00024598817206872634,0.08638500750428382,2.1249690090121985e-05
360.0,12,0.0002084066457804487,0.20008858992351372,4.169979188489918e-05
314.0,12,0.0004885598417476093,0.19435229399066475,9.495272599536401e-05
327.4,11,0.0003963142772218369,0.21269163625069773,8.429273209182511e-05
267.7,10,0.00038948127244215006,0.2834862906148123,0.00011041260118856223
224.5,9,0.0007003829899179015,0.43886328823385706,0.0003073723819784306
281.5,8,0.0006149704301718159,0.3603940320704144,0.00022163167293369796
368.3,7,0.0005603063919343212,0.18349688063375058,0.0001028144751190996
263.1,9,0.001995237395668558,0.31806315571287946,0.0006346115024626887
275.1,8,0.0005158918608663567,0.3873490147199721,0.0001998302040086362
348.8,6,0.000567139396714008,0.20197707851732144,0.00011454915846037151
393.2,6,0.00043731230589995796,0.13965617070879552,6.107336204582153e-05
461.0,5,0.0005056423536968264,0.06605903538560877,3.340224613532116e-05
515.0,5,0.0006491354540702502,0.04679772119531573,3.0378059997574247e-05
527.0,4,0.00046806082740854875,0.042323575318598955,1.981000768251146e-05
527.4,4,0.0002357386648991961,0.03579882272493881,8.439166674140076e-06
272.7,5,0.0002084066457804487,0.3283143772259141,6.84228981191497e-05
230.8,6,0.0003758152628827764,0.5090679087867733,0.00019131548996588647
160.7,4,0.0007892120520538304,0.6819588607010286,0.0005382101518701511
115.6,3,0.0006628014636296238,0.6811285025102656,0.0004514529683836579
151.0,4,0.000543223879985104,0.6706053124168939,0.00036428881974972794
217.1,4,0.0008336265831217948,0.5636873970203115,0.00046990479872686085
305.5,3,0.001127445788648329,0.3217630742504765,0.00036277042300623935
295.8,3,0.0006696344684093107,0.3620070609884598,0.0002424124058454242
241.8,3,0.0005158918608663567,0.5529147283084987,0.00028524420808748744
129.0,3,0.0005637228943241645,0.6949998720099444,0.0003917873394043698
77.7,3,0.0006901334827483712,0.714689936819497,0.0004932314551824528
93.7,3,0.0010420332289022437,0.74271428963527,0.0007739329693804766
172.9,3,0.0004236462963405843,0.6804094577674884,0.00028825294677830166
215.8,4,0.0003314007318148119,0.5330343592633212,0.00017664797674230403
237.7,4,0.0004578113202390185,0.5138531407290171,0.0002352477847661175
357.7,1,2.7332019118747372e-05,0.2548109843818016,6.96449869679024e-06
408.7,1,4.099802867812106e-05,0.032348259093373403,1.3262148539974132e-06
527.3,1,1.0249507169530265e-05,0.007298647908973759,7.480754407090362e-08
532.8,1,0.0,0.0186186762916261,0.0
679.6,1,0.0,0.01515092864154045,0.0
642.3,1,0.0,0.014616623813184551,0.0
650.4,1,0.0,0.014616623813184551,0.0
646.7,1,0.0,0.014616623813184551,0.0
824.2,0,0.0,0.018453659593487656,0.0
759.1,0,0.0,0.018292913074720533,0.0
735.2,1,0.0,0.015602836577982861,0.0
614.6,1,0.0,0.01648393356535704,0.0
602.5,1,0.0,0.02335455234287637,0.0
850.3,0,0.0,0.018453659593487656,0.0
862.1,0,0.0,0.018453659593487656,0.0
638.5,2,0.0,0.014849156423516797,0.0
625.0,1,1.0249507169530265e-05,0.016443491839114522,1.685376874971167e-07
577.2,2,0.0001264105884242066,0.022427997855686423,2.8351364061141647e-06
526.1,2,0.0001434931003734237,0.04036671817768152,5.7923455432157615e-06
512.3,2,0.0002494046744585698,0.04044640494097213,1.0087522457322642e-05
398.8,3,0.0002528211768484132,0.11036306668329873,2.7902120399471488e-05
386.1,3,0.0001571591099327974,0.10680875168522311,1.678596834788284e-05
327.2,3,0.0002357386648991961,0.36447018077540183,8.591971381156188e-05
286.0,3,0.00040314728200152377,0.34494105076152703,0.00013906204706525926
213.1,3,0.0002869862007468474,0.5648596981786449,0.0001621069387353002
158.1,4,0.0003416502389843422,0.6092871601602443,0.00020816310387883864
104.2,4,0.00038264826766246324,0.6812356474880317,0.0002606736403812118
76.5,4,0.0004270627987304277,0.7178573552569432,0.00030657017122525304
125.0,4,0.00030406871269606455,0.6150556302445854,0.00018701917372493775
134.6,4,0.00033823373659449873,0.5405645840656157,0.00018283717913916423
174.1,4,0.00023232216250935268,0.4698059892100603,0.00010914634337312682
226.4,4,0.00032798422942496847,0.39377296208815943,0.00012915132153887228
253.9,4,0.00042022979395074086,0.41975532389896375,0.00017639369327178802
239.5,6,0.0002869862007468474,0.3923181493790722,0.00011258989517433409
290.6,8,0.0001571591099327974,0.1500698123108938,2.3584838130562033e-05
376.8,7,0.00013666009559373687,0.1418104460944621,1.9379829119459662e-05
365.0,7,0.00019815713861091845,0.18525608712021552,3.670981613399693e-05
364.8,9,0.00021865615294997898,0.17066006209333495,3.7315872639533155e-05
328.3,11,0.00019815713861091845,0.1952504511013407,3.869027070273272e-05
413.7,11,0.0004168132915608974,0.10553903269437197,4.399007160549435e-05
507.3,7,0.0003143182198655948,0.04958547510175842,1.558561826517448e-05
420.1,11,0.0003314007318148119,0.0899302338773474,2.9802945319230118e-05
363.9,11,0.00043731230589995796,0.2119594022581657,9.26924549586952e-05
459.2,7,0.000348483243764029,0.07540230588077343,2.6276440140619444e-05
367.5,9,0.0005124753584765132,0.22410729857632414,0.00011484946817510469
323.9,9,0.0005295578704257304,0.23124030007480903,0.00012245512086422273
311.8,9,0.00022890566011950924,0.26848932865728187,6.145872701133898e-05
406.9,6,0.00024257166967888295,0.14566519005007106,3.5334248364537545e-05
403.6,6,0.0008917071237491331,0.13712233851243066,0.00012227296607667453
359.5,7,0.00021523965056013556,0.13783554452424301,2.9667674438164075e-05
335.0,9,0.00012982709081405002,0.24786267445998642,3.217928994652997e-05
395.4,6,0.0002938192055265343,0.13714084674275115,4.029461463519134e-05
420.5,6,0.0003963142772218369,0.09101683971969182,3.607127304852544e-05
528.5,4,0.0008472925926811686,0.0385537958428344,3.266634563737562e-05
523.5,4,0.0002699036887976303,0.04617767645498951,1.246352521530515e-05
573.7,3,0.00014690960276326714,0.04473791967282937,6.572430007590317e-06
312.8,5,0.00022890566011950924,0.3197604016185562,7.3194965812575e-05
237.8,5,0.0005090588560866698,0.5139632172406298,0.00026163752743913957
186.6,3,0.0014246814965647068,0.6294840125318903,0.0008968142250374902
0.0,3,0.0016945851853623372,0.7418719998545305,0.0012571653003886174
112.4,3,0.0012846048985811266,0.7255543157408372,0.0009320506281873569
308.1,3,0.0011308622910381726,0.286201260429519,0.0003236542130673385
279.9,3,0.0007687130377147699,0.4145462096760712,0.0003186670761132366
254.1,3,0.0008951236261389764,0.45293833658962296,0.00040543580626545956
247.2,3,0.0007379645162061791,0.48812946174082694,0.00036022222207955195
192.0,3,0.00046122782262886193,0.6207962322284761,0.0002863284944869414
124.4,3,0.0008404595879014817,0.7043287061989101,0.0005919598141591198
198.0,3,0.001110363276699112,0.6291124772454176,0.0006985433916465174
215.2,2,0.00043047930112027113,0.5757610846290486,0.00024785322932336214
300.1,2,0.00022207265533982242,0.2969436282882325,6.5943060020209e-05
261.4,3,0.00013666009559373687,0.34152301420239856,4.667256776836094e-05
340.1,2,4.4414531067964485e-05,0.21859677939147726,9.708873449639745e-06
424.3,1,0.0001264105884242066,0.07679376932648371,9.707545567873595e-06
508.8,1,7.516305257655528e-05,0.014659465979563432,1.1018502121661495e-06
571.5,1,0.0,0.017960756633848402,0.0
642.1,1,0.0,0.014616623813184551,0.0
607.7,1,0.0,0.018252802241126274,0.0
695.6,1,0.0,0.014595373084873785,0.0
608.4,1,0.0,0.018252802241126274,0.0
756.5,0,0.0,0.018292913074720533,0.0
794.0,0,0.0,0.018453659593487656,0.0
647.6,1,0.0,0.014616623813184551,0.0
582.9,1,0.0,0.018261278347148257,0.0
545.9,1,0.0,0.020242628163351813,0.0
517.2,1,0.0,0.018841145957832036,0.0
1049.8,0,0.0,0.018453659593487656,0.0
912.1,0,0.0,0.018453659593487656,0.0
504.7,2,3.4165023898434215e-06,0.08844553104419248,3.0217436818345413e-07
454.7,2,5.4664038237494744e-05,0.05459271091605262,2.984258037003597e-06
446.8,2,0.0002357386648991961,0.06054124017410417,1.4271911129984892e-05
506.4,2,0.0005090588560866698,0.04247956545192393,2.1624598996015215e-05
419.0,3,0.00027673669357731714,0.08016789685764006,2.2185398707430703e-05
366.2,3,0.00019474063622107503,0.20789848807821712,4.0486283837751586e-05
307.7,3,0.0002630706840179435,0.3236471065916689,8.51420657114986e-05
315.9,3,0.00038948127244215006,0.31798185929251926,0.0001238479791707711
230.2,3,0.000283569698357004,0.5434806547242054,0.00015411464532300996
131.1,4,0.00019815713861091845,0.6605811175435138,0.00013089886407282548
70.6,5,0.0002562376792382566,0.6910334900998168,0.00017706881777908984
0.0,5,0.0006559684588499369,0.7404163345839906,0.00048568976190437957
37.5,5,0.000632052942121033,0.7211915411092534,0.00045583123539090557
113.2,4,0.00046806082740854875,0.640059197083888,0.000299586637377536
155.9,4,0.0002049901433906053,0.47533221803967524,9.743841953412749e-05
213.2,4,0.0004543948178491751,0.5394278222518037,0.0002451132070348856
304.0,4,0.0005090588560866698,0.36984260587436885,0.00018827165387851928
272.4,5,0.0002938192055265343,0.36759461307821434,0.00010800635717047471
372.2,6,0.0001264105884242066,0.15202102015093719,1.9217066610128138e-05
293.5,10,0.00015374260754295397,0.20883098113689255,3.210621957573929e-05
338.6,8,0.00022548915772966583,0.1848988648725413,4.169268930528064e-05
296.6,10,0.00036898225810308953,0.24370514234069332,8.992287373220388e-05
331.8,11,0.0003314007318148119,0.2282259555983294,7.563424870442113e-05
367.7,11,0.00038264826766246324,0.16475844001804824,6.304453165567601e-05
346.5,12,0.0006149704301718159,0.14710912379407481,9.04677611418411e-05
390.8,11,0.0005534733871546343,0.13261939046406326,7.34013032425281e-05
368.1,12,0.00035873275093355927,0.2178150153561493,7.81373796533469e-05
316.6,12,0.00020157364100076189,0.1761915194976458,3.551556609859719e-05
560.8,3,0.00030748521508590793,0.044047895851939835,1.3544076730115393e-05
394.7,9,0.00022207265533982242,0.07419894021250388,1.6477555676391465e-05
501.1,2,6.149704301718158e-05,0.04637938317571246,2.8521949222671372e-06
559.0,2,3.758152628827764e-05,0.04515226446551559,1.6968910139860384e-06
496.5,7,2.049901433906053e-05,0.053396475589133935,1.094575118756952e-06
345.3,8,4.4414531067964485e-05,0.1492380507666873,6.628338042299494e-06
425.1,5,6.149704301718158e-05,0.10269268238578248,6.315296306228231e-06
475.1,5,0.0001879076314413882,0.05717738819911696,1.0744067588500849e-05
532.7,4,0.0004578113202390185,0.03952671922815377,1.8095779514558075e-05
470.9,4,0.0004919763441374527,0.044091811364912414,2.1692128161707797e-05
367.9,3,0.0002562376792382566,0.21122057862461216,5.412267087413233e-05
382.9,3,0.0003177347222554382,0.12070848736320781,3.835327770622291e-05
292.3,5,0.00024257166967888295,0.3096383958941723,7.510950268874035e-05
245.5,4,0.0003792317652726198,0.4830282450905048,0.00018317965406220777
186.2,3,0.0008643751046303856,0.6303545817670773,0.0005448628075691604
140.9,3,0.0010010352002241226,0.7014884566970988,0.0007022146377046911
144.1,3,0.0011718603197162936,0.6274927327616799,0.000735333834433753
218.8,3,0.0011171962814787988,0.5900230338902931,0.0006591715394490748
268.5,3,0.000526141368035887,0.4057455919407846,0.00021347954081825515
293.0,3,0.0005158918608663567,0.27695249163973545,0.00014287753628359722
268.3,3,0.00040314728200152377,0.38827036215364574,0.0001565301411839896
224.4,3,0.000802878061613204,0.5923037294508225,0.00047554767018774806
220.7,3,0.0008472925926811686,0.5715487804507712,0.0004842690480318939
316.5,2,0.0007072159946975883,0.2599151293904553,0.0001838161367688232
274.7,2,0.0004578113202390185,0.29989799292305586,0.00013729669607713603
317.6,3,0.00017765812427185794,0.3072888376575426,5.459235850791848e-05
361.3,2,0.00013324359320389343,0.15683157890291577,2.0896803100864424e-05
338.1,2,0.0002562376792382566,0.22161873005914104,5.678706906608396e-05
418.8,1,0.00025965418162810004,0.06927378934406335,1.7987229080410165e-05
541.0,1,6.149704301718158e-05,0.029843106056103224,1.8352627768984922e-06
542.5,1,0.0,0.018575961496685146,0.0
665.2,1,0.0,0.014616623813184551,0.0
565.7,1,0.0,0.018549213659284303,0.0
563.8,1,0.0,0.018549213659284303,0.0
1001.1,0,0.0,0.018453659593487656,0.0
733.2,1,0.0,0.015602836577982861,0.0
680.5,1,0.0,0.014595373084873785,0.0
1050.6,0,0.0,0.018453659593487656,0.0
545.2,1,0.0,0.018575961496685146,0.0
646.7,1,0.0,0.014616623813184551,0.0
481.9,2,0.0,0.036042778252019333,0.0
476.6,2,0.0,0.03745200826820949,0.0
445.5,2,0.0,0.0451526793854976,0.0
480.9,2,0.0,0.035840758049797104,0.0
438.1,2,6.149704301718158e-05,0.04658384304490656,2.8647685996382535e-06
399.7,2,0.00018449112905154477,0.09795714466972495,1.8072224218783066e-05
398.2,3,0.0004168132915608974,0.10281143508166872,4.285317266648986e-05
425.9,3,0.00046464432501870537,0.07873757169174667,3.6584965852323556e-05
378.6,3,0.0003177347222554382,0.14526171602394905,4.615469099521779e-05
321.3,3,0.0003963142772218369,0.2990077550785771,0.0001185010423376903
217.9,3,0.0008609586022405423,0.6302743104661589,0.0005426400893670658
183.7,4,0.00027332019118747375,0.5593040347062664,0.0001528690856978422
154.9,5,0.0002699036887976303,0.6421037683193734,0.00017330617566025788
152.7,5,0.0002357386648991961,0.6827565967283971,0.00016095212856387115
126.6,5,0.0004407288082898014,0.6929669424835408,0.0003054104947449983
116.5,5,0.0006901334827483712,0.6699605666467373,0.0004623622191639851
132.6,5,0.0004578113202390185,0.6371322747308159,0.00029168636786140387
154.2,4,0.00019474063622107503,0.5216530768580263,0.0001015870520740134
249.6,5,8.541255974608554e-05,0.3283389958468117,2.804427409973554e-05
257.0,6,0.00029723570791637767,0.3521887731245565,0.00010468307929987808
274.0,5,0.000283569698357004,0.37594212606514427,0.00010660579528798374
349.5,7,0.00012982709081405002,0.15986482135280636,2.0754784679742672e-05
262.7,10,0.0002084066457804487,0.2373422356344005,4.946369923059829e-05
279.9,10,0.0005876384110530686,0.28628441015051637,0.0001682317158901144
274.7,11,0.00046122782262886193,0.2717934224388974,0.00012535868843633913
272.0,11,0.0004475618130694882,0.29605720053289014,0.00013250389744277736
302.8,10,0.0008131275687827343,0.21246740862403637,0.00017276310742003046
269.1,13,0.0007037994923077449,0.3024970671826943,0.00021289728230776205
299.0,15,0.0005500568847647909,0.21587437459484615,0.0001187431859901886
373.9,14,0.0005603063919343212,0.1574964571011913,8.82462716208071e-05
439.2,11,0.00032115122464528164,0.082291866847956,2.6428133816567522e-05
357.0,12,0.0001708251194921711,0.16445655035034684,2.809330986486825e-05
491.1,7,4.099802867812106e-05,0.12358430308837931,5.06671280218298e-06
365.1,12,2.3915516728903952e-05,0.1252810397851498,2.9961608027962314e-06
384.1,12,2.7332019118747372e-05,0.13969140137424702,3.818048053085532e-06
403.4,11,2.7332019118747372e-05,0.10970114434380897,2.998353774553452e-06
424.5,9,5.808054062733817e-05,0.09296026880733937,5.399182669192952e-06
411.7,7,9.907856930545922e-05,0.04420235779178837,4.379506369938409e-06
590.1,8,0.00012982709081405002,0.037789343192395394,4.90608049044242e-06
415.9,6,0.0002084066457804487,0.08198715441993899,1.7086667849743175e-05
503.9,6,0.0001708251194921711,0.06245070309200764,1.0668148818062303e-05
450.5,3,0.00025965418162810004,0.05548880194089661,1.4407899457487239e-05
396.6,3,0.0002528211768484132,0.09076929262221514,2.2948399382446424e-05
336.2,5,0.00021523965056013556,0.22043003826582483,4.744528440929345e-05
274.6,4,0.00011616108125467634,0.35872657541811276,4.1670066875355174e-05
239.1,2,0.00015374260754295397,0.4799772115536953,7.379294806546117e-05
214.3,2,0.0002391551672890395,0.6090443077652292,0.00014565609331003066
204.9,3,0.0005808054062733817,0.6328831637805784,0.000367581963063162
243.2,3,0.00033823373659449873,0.5460801715994791,0.00018470273692025688
283.7,3,0.00024598817206872634,0.3207098252417557,7.889082367570015e-05
323.0,3,0.0001708251194921711,0.24651258708582097,4.2110542145259595e-05
323.9,3,0.00018107462666170135,0.2862706908536205,5.183635847050666e-05
351.2,2,0.0007618800329350831,0.1616826547431014,0.00012318278632070576
277.8,2,0.000696966487528058,0.31249447513408024,0.00021779817670612397
293.1,2,0.0004578113202390185,0.27140288058823137,0.0001242513110787709
354.5,2,0.0005227248656460435,0.18239033249961625,9.53399620509991e-05
359.0,2,0.0004543948178491751,0.18143232567549814,8.244190857727019e-05
387.2,2,0.00030406871269606455,0.11653094681164926,3.543341498627176e-05
442.2,2,0.00022890566011950924,0.056163313359159056,1.2856100318977155e-05
419.9,2,0.0001434931003734237,0.05752080675767303,8.253838897639084e-06
447.0,2,5.1247535847651325e-05,0.04440599254985859,2.2756976950494158e-06
475.3,2,0.0,0.03812974935020949,0.0
502.4,1,0.0,0.023301944839788973,0.0
532.4,1,0.0,0.0186186762916261,0.0
619.8,1,0.0,0.015995838327023712,0.0
1004.3,0,0.0,0.018453659593487656,0.0
725.3,1,0.0,0.016436169911316193,0.0
630.9,1,0.0,0.01488960898717965,0.0
601.5,1,0.0,0.020969347622128827,0.0
561.8,1,0.0,0.020804922089665265,0.0
484.4,2,0.0,0.035522843047029816,0.0
490.9,2,0.0,0.036673145446649395,0.0
402.6,2,0.0,0.328504738149133,0.0
369.0,2,0.0,0.23123957866184,0.0
369.5,2,0.0,0.23529147202440095,0.0
314.8,2,0.00010249507169530265,0.229356544130179,2.3507915434409544e-05
366.3,3,0.00018107462666170135,0.17787444837510866,3.2208549332178874e-05
357.8,3,0.0003177347222554382,0.2060405839869117,6.546624772642967e-05
366.0,3,0.00035873275093355927,0.2013551878123688,7.223270043867455e-05
423.4,3,0.00026648718640778687,0.0924385521095932,2.4633689667295084e-05
327.4,3,0.00033481723420465535,0.25885775400631744,8.667003724882425e-05
338.9,3,0.00042022979395074086,0.17080870217783545,7.177890572118526e-05
299.9,3,0.0008848741189694462,0.37146761339276557,0.00032870207712660626
356.2,5,0.000283569698357004,0.22812113667262598,6.468824191511343e-05
418.1,5,0.00021865615294997898,0.09623991772718617,2.1043450170449012e-05
164.3,5,0.0002528211768484132,0.6728499811996989,0.00017011072408934058
162.4,5,0.0004099802867812106,0.5659471994998951,0.00023202719515399002
202.8,5,0.0004168132915608974,0.5083763076934896,0.000211898002161299
183.5,5,0.0003963142772218369,0.5557912079848896,0.00022026799087878314
227.1,4,0.00024257166967888295,0.39038615044977826,9.469662033411432e-05
219.2,6,0.0005056423536968264,0.45083370826875174,0.00022796061737488004
224.6,6,0.0003006522103062211,0.4609351082068081,0.00013858115909011405
315.4,7,0.00011274457886483292,0.20129602619740197,2.269503570079046e-05
381.8,7,0.00015032610515311055,0.117255945229607,1.7626629552413273e-05
182.2,13,0.0005739724014936948,0.487273320049845,0.0002796814376928153
183.5,13,0.0003758152628827764,0.48757659721110014,0.0001832387270563792
170.2,14,0.0005295578704257304,0.5779522846934216,0.0003060591810899338
233.0,11,0.0008643751046303856,0.38052515709657014,0.00032891647247984177
289.0,13,0.0006183869325616594,0.36617389172046716,0.0002264371496851849
277.5,15,0.0005398073775952606,0.319759214263472,0.00017260838291348587
344.3,11,0.0003860647700523067,0.1514281830200386,5.8461086657069814e-05
412.9,9,0.00027673669357731714,0.10611892660789149,2.9367000875441872e-05
348.9,12,0.00030406871269606455,0.19172190023175995,5.8296631399114564e-05
474.1,7,6.491354540702501e-05,0.056282951181395306,3.653525907154876e-06
449.0,7,3.416502389843422e-05,0.07644794366715661,2.6118458223745585e-06
503.4,7,3.416502389843422e-05,0.025232291308368612,8.620618355626677e-07
490.2,8,4.099802867812106e-05,0.1489609592759359,6.107105680315243e-06
440.9,7,4.7831033457807905e-05,0.027894157194587692,1.334206366051677e-06
440.2,6,6.491354540702501e-05,0.05523262682401673,3.5853456292900775e-06
423.2,7,0.00010591157408514608,0.05418230274750117,5.738532971545784e-06
491.4,6,8.541255974608554e-05,0.08311197730417996,7.098806727108577e-06
414.6,6,0.00010249507169530265,0.08610800722980126,8.82564637455812e-06
552.3,1,0.00019815713861091845,0.0398074225877336,7.888124955460932e-06
470.7,3,0.0003553162485437159,0.045337814388921226,1.610926212584279e-05
368.1,4,0.00010932807647498949,0.18499267013204612,2.0224892787508843e-05
306.4,2,5.4664038237494744e-05,0.26905820052626617,1.4707807761679342e-05
292.8,2,0.00014690960276326714,0.31351724034067774,4.605869323788472e-05
214.2,2,0.0001264105884242066,0.550525407635315,6.959224072165637e-05
254.3,3,0.0002084066457804487,0.44093391096638196,9.189355739535868e-05
346.1,2,7.85795549663987e-05,0.16602967716136321,1.3046538142554773e-05
352.2,2,8.541255974608554e-05,0.13069779761472514,1.1163233447449507e-05
363.3,2,5.1247535847651325e-05,0.10805189062462107,5.537393138191768e-06
394.9,2,5.808054062733817e-05,0.11331165606310593,6.5812022435241935e-06
320.5,2,0.0002562376792382566,0.27612699659491785,7.075414078251173e-05
290.7,2,0.00029723570791637767,0.3705208631432445,0.00011013203105416957
373.3,2,0.00024598817206872634,0.1273255480098783,3.132057881259882e-05
419.4,2,0.00042022979395074086,0.0774552688598997,3.2549011673394886e-05
422.5,2,0.00037239876049293297,0.09091882890593984,3.3858059190041045e-05
487.3,2,0.00010932807647498949,0.18945325268760435,2.0712559698265915e-05
501.5,2,0.00013324359320389343,0.04509611835176432,6.008768848737118e-06
501.1,2,7.85795549663987e-05,0.03610105434023837,2.836804783873708e-06
468.7,2,2.7332019118747372e-05,0.02093261001416605,5.721304971124692e-07
521.0,1,0.0,0.018480034846720925,0.0
518.8,1,0.0,0.018841145957832036,0.0
632.7,1,3.4165023898434215e-06,0.06427745268187249,2.196040707006648e-07
611.1,1,3.758152628827764e-05,0.005451772956807204,2.0488594869397107e-07
914.2,0,6.833004779686843e-06,0.021061399069467922,1.4391264050856635e-07
733.9,1,0.0,0.015602836577982861,0.0
659.4,1,0.0,0.014616623813184551,0.0
694.6,1,0.0,0.014595373084873785,0.0
520.6,1,0.0,0.018480034846720925,0.0
469.3,2,0.0,0.03775828662860021,0.0
496.7,2,0.0,0.026309968106598566,0.0
436.6,2,0.0,0.12312303524092617,0.0
446.5,2,0.0,0.04633533163698652,0.0
336.7,2,0.0,0.13855825438223748,0.0
378.3,2,6.833004779686843e-06,0.10046109956623432,6.86451173508675e-07
260.7,3,0.00012299408603436317,0.41751036191732466,5.135130537389753e-05
359.2,2,0.00040656378439136716,0.17867796649205933,7.264399024436554e-05
400.2,3,0.000348483243764029,0.10907696551283948,3.801149476185142e-05
358.2,3,0.0002938192055265343,0.19232414768916622,5.650852827759866e-05
417.6,3,0.0004099802867812106,0.09709820135089467,3.9808348435779526e-05
367.7,4,0.00037239876049293297,0.24270611713818724,9.038345718631352e-05
384.0,5,0.00024598817206872634,0.1601091819881262,3.938496500867821e-05
350.8,5,0.00024598817206872634,0.21906510924061698,5.388742578613522e-05
320.7,5,0.000478310334578079,0.22228401515325832,0.00010632074165931378
232.2,6,0.00020157364100076189,0.4009562079682468,8.08222027220182e-05
231.0,6,0.0002801531959671606,0.39199195244271723,0.00010981779827023444
264.7,5,0.0003245677270351251,0.4026733117716812,0.00013069476153944085
138.2,7,0.0003314007318148119,0.6081351806366904,0.00020153644390533202
126.3,9,0.00020157364100076189,0.5790482963725918,0.00011672087341511159
171.4,9,0.0005876384110530686,0.48819186136682824,0.0002868802897026429
231.1,9,0.00030748521508590793,0.36564145513389834,0.00011242934147617109
255.9,10,0.00010591157408514608,0.22888870330779984,2.4241962857637063e-05
239.2,12,0.0002391551672890395,0.39568459888055707,9.463001643897612e-05
119.3,13,0.0004988093489171396,0.5346571827811286,0.00026669200123692686
115.1,13,0.0003553162485437159,0.6384880553080513,0.00022686518055202936
212.8,12,0.0003792317652726198,0.40152633409124433,0.0001522715404808663
194.6,14,0.0005842219086632251,0.4598652659082839,0.00026866336337685913
224.7,14,0.0007174655018671185,0.3756417543702293,0.00026950999982148144
273.4,14,0.0004270627987304277,0.31134897907586895,0.00013296556638600195
326.2,10,0.0002869862007468474,0.2213508956772255,6.35246525823187e-05
325.4,9,0.0007174655018671185,0.2175294412318767,0.0001560698697243023
332.0,9,0.0005295578704257304,0.2452001873815784,0.00012984768905777868
349.1,7,0.00015374260754295397,0.1724769151406822,2.6517050674693276e-05
352.4,7,0.00013324359320389343,0.08163358561390989,1.0877152273315016e-05
603.1,5,2.3915516728903952e-05,0.06703436136648455,1.603161390671554e-06
505.0,5,1.3666009559373686e-05,0.060197282337507145,8.226566358726894e-07
468.7,5,5.1247535847651325e-05,0.0868473071069333,4.450710484234548e-06
421.7,7,0.00012982709081405002,0.0577871861517173,7.502342264407416e-06
448.5,7,0.00022207265533982242,0.0643004968291259,1.427938207051382e-05
525.5,5,0.00011616108125467634,0.0393304668322478,4.56866955348509e-06
434.4,6,6.833004779686844e-05,0.07138243333322324,4.877565081515919e-06
555.2,1,0.00010932807647498949,0.036881154570228294,4.032145687339827e-06
459.3,2,0.0002084066457804487,0.06180326342545489,1.2880210828784539e-05
376.7,6,0.00010932807647498949,0.09269725314547982,1.0134412380910478e-05
289.7,6,8.541255974608554e-05,0.1690506748637265,1.443905086691412e-05
279.1,2,0.00011274457886483292,0.41065404329727057,4.629901717069163e-05
286.9,2,6.149704301718158e-05,0.3249811912424914,1.998538229761441e-05
288.9,2,1.0249507169530265e-05,0.3221764372823313,3.3021497037789723e-06
428.7,2,6.833004779686843e-06,0.058533378306160865,3.9995885373721535e-07
351.6,2,3.074852150859079e-05,0.08112945185763581,2.494610695424696e-06
745.0,1,1.3666009559373686e-05,0.019636815106945957,2.6835690296717704e-07
407.6,2,4.7831033457807905e-05,0.053633197332418545,2.565331256056125e-06
358.9,2,0.00026648718640778687,0.1566927486052311,4.1756609706310706e-05
353.8,2,0.0004270627987304277,0.17482817823116661,7.466261109234404e-05
371.0,2,0.00016740861710232767,0.15416309123206248,2.5808229911379557e-05
422.3,2,0.0001708251194921711,0.08216072797674503,1.4035116174191234e-05
475.0,2,0.00021865615294997898,0.045376747786315196,9.921905104337155e-06
494.5,2,4.7831033457807905e-05,0.14780568580849598,7.069698703160415e-06
621.5,1,1.0249507169530265e-05,0.011645356679177876,1.193591667749708e-07
548.8,1,4.4414531067964485e-05,0.01255877187994521,5.577919638373052e-07
507.7,1,6.149704301718158e-05,0.01958633645913396,1.2045017757763532e-06
600.2,1,6.491354540702501e-05,0.07072360469182026,4.590919924510962e-06
679.4,1,3.758152628827764e-05,0.025145194168616408,9.449947756717031e-07
659.5,1,5.808054062733817e-05,0.06172863340103741,3.5852324001190172e-06
738.3,1,0.00013324359320389343,0.015774584661531556,2.1018623416014876e-06
1075.0,0,2.049901433906053e-05,0.0282203825942848,5.784900274540183e-07
877.1,0,0.0,0.018453659593487656,0.0
731.0,1,0.0,0.015602836577982861,0.0
732.9,1,0.0,0.015602836577982861,0.0
1114.8,0,0.0,0.018453659593487656,0.0
594.2,1,0.0,0.01670686304640488,0.0
585.9,1,0.0,0.01658194093973821,0.0
559.9,1,0.0,0.020516001086887482,0.0
487.2,1,0.0,0.036711881076018964,0.0
410.9,2,0.0,0.28502961807007543,0.0
424.7,2,2.3915516728903952e-05,0.12824448518498746,3.0670331308312427e-06
243.5,2,0.0002357386648991961,0.48458468918456976,0.00011423534765896239
213.8,3,0.00035873275093355927,0.5993694389398494,0.00021501344765639615
267.3,3,0.00030406871269606455,0.42445288632657635,0.00012906284274545108
290.3,3,0.00022890566011950924,0.3561800025794251,8.153161861181182e-05
387.4,3,0.00016399211471248423,0.12343544157844936,2.0242439094919215e-05
349.5,4,0.00016740861710232767,0.2163430391171748,3.621768899832102e-05
400.2,5,0.0001400765979835803,0.13322688870187532,1.8661969329295785e-05
364.5,5,8.199605735624212e-05,0.18269403813637294,1.498019082967352e-05
311.1,5,0.00018107462666170135,0.2889277722515693,5.2317488492649984e-05
230.7,7,0.00043731230589995796,0.3598655795605784,0.00015737364641166133
233.5,7,0.0003928977748319935,0.3702295562085554,0.00014546236881137788
147.2,9,0.0003177347222554382,0.4915164100968489,0.00015617183004611233
55.2,11,0.0005056423536968264,0.6149724022795039,0.00031095609294719994
0.0,12,0.0006115539277819725,0.6695587676972488,0.00040947129426610975
78.6,13,0.0005603063919343212,0.624218478247751,0.0003497536033257299
157.7,12,0.00033823373659449873,0.5081930147402919,0.0001718880222868321
175.9,12,7.85795549663987e-05,0.48008498319919074,3.772486432584341e-05
149.3,13,0.00027673669357731714,0.47766027063709476,0.00013218612394935608
119.7,13,0.000696966487528058,0.553023961328716,0.0003854391678461278
128.6,13,0.00048172683696792246,0.5931065226927856,0.0002857153291618389
117.2,15,0.0010044517026139659,0.6542720368236733,0.000657184661360246
174.7,15,0.000850709095071012,0.5844538741605514,0.0004972002263978698
206.6,15,0.0003416502389843422,0.39307702978911807,0.00013429486116670758
310.9,13,0.00030406871269606455,0.2668473611727837,8.113993359815013e-05
270.6,10,0.00046806082740854875,0.327819524589791,0.0001534394779201747
232.0,11,0.0008575420998506989,0.3831302307667678,0.00032855030260801687
299.6,9,0.0005944714158327553,0.24143205804833154,0.0001435244573754076
256.1,10,0.00046806082740854875,0.290871392406684,0.00013614550459934918
389.2,7,8.541255974608554e-05,0.11064956640208097,9.4508627011962e-06
359.5,5,4.4414531067964485e-05,0.10228162128517732,4.542790246252286e-06
403.0,4,2.7332019118747372e-05,0.09262666502044424,2.5316737792445906e-06
539.2,3,5.1247535847651325e-05,0.03946938453945918,2.0227086990706693e-06
373.6,7,0.00020157364100076189,0.1325396997750507,2.671650986080483e-05
462.8,6,0.00015032610515311055,0.06133619058906806,9.220430636183475e-06
515.5,9,0.00013324359320389343,0.041529009541602144,5.533474453521845e-06
454.4,5,0.0001571591099327974,0.06561161221310112,1.0311462576666833e-05
613.5,3,5.808054062733817e-05,0.041327310198079344,2.4003125189781545e-06
457.3,1,6.833004779686843e-06,0.05355299941234717,3.659279009511349e-07
379.2,8,7.174655018671185e-05,0.09288466100692312,6.664153992508927e-06
386.2,4,0.00013666009559373687,0.11151980445239133,1.5240307137058643e-05
465.2,1,8.199605735624212e-05,0.05424922573810517,4.448222625153398e-06
328.6,2,0.00012982709081405002,0.15598530949033593,2.025111894085954e-05
359.3,2,9.224556452577238e-05,0.06431655524084565,5.932916946544831e-06
577.1,2,1.3666009559373686e-05,0.010656430769294649,1.4563088476198456e-07
435.2,2,3.758152628827764e-05,0.07615610991865936,2.862062846921058e-06
633.5,1,1.0249507169530265e-05,0.016041714828669437,1.6441967114800734e-07
403.4,2,4.4414531067964485e-05,0.08263571810483782,3.6702266690908745e-06
503.5,2,0.00015374260754295397,0.040141059901000274,6.171391218717692e-06
444.1,2,0.00021865615294997898,0.04996663791011125,1.0925512821269504e-05
484.8,2,7.174655018671185e-05,0.0432395373988025,3.1022876400333875e-06
442.5,2,0.00014690960276326714,0.043028773353062565,6.321340000689076e-06
505.8,2,5.808054062733817e-05,0.023737347019305733,1.3786779479400113e-06
556.5,2,3.416502389843422e-05,0.01523064440387255,5.20355330046859e-07
621.5,1,6.833004779686843e-06,0.009971972787091004,6.813853771709996e-08
690.3,1,4.099802867812106e-05,0.04196943217760144,1.7206639840217606e-06
647.1,1,8.882906213592897e-05,0.054480811158679074,4.839479359630116e-06
572.9,1,0.00011274457886483292,0.05370608967433823,6.0550704628102154e-06
680.6,1,4.4414531067964485e-05,0.044441076808353124,1.9738295865983958e-06
678.9,1,7.174655018671185e-05,0.04578250026355691,3.2847364528324345e-06
760.7,0,4.7831033457807905e-05,0.11335369851809989,5.421824546385506e-06
930.3,0,0.0,0.018453659593487656,0.0
892.1,0,0.0,0.018453659593487656,0.0
898.5,0,0.0,0.018453659593487656,0.0
790.1,0,0.0,0.01915152494682099,0.0
650.9,1,0.0,0.014616623813184551,0.0
655.9,1,0.0,0.014616623813184551,0.0
659.2,1,0.0,0.014616623813184551,0.0
616.5,1,0.0,0.01648393356535704,0.0
593.3,1,0.0,0.01670686304640488,0.0
385.9,2,0.0,0.2965967533123936,0.0
316.6,2,6.833004779686844e-05,0.18492801335157494,1.263613999129304e-05
177.5,3,0.000591054913442912,0.6030531012174233,0.00035643749854154374
172.9,3,0.0007994615592233607,0.6766692294482779,0.0005409710372531902
204.4,4,0.00022890566011950924,0.6186106796543628,0.0001416034859832602
242.9,4,5.808054062733817e-05,0.4820385703848927,2.799706077118377e-05
300.1,3,0.00017765812427185794,0.3314796158889262,5.889004679318259e-05
326.2,4,0.0005056423536968264,0.31003607900508146,0.0001567673727190646
395.6,5,0.00048172683696792246,0.13771247543310958,6.633979520141461e-05
331.3,5,0.00020157364100076189,0.338335949424721,6.819960920699064e-05
278.7,6,0.0002357386648991961,0.3249536206018125,7.660413267483118e-05
204.2,8,0.0005534733871546343,0.39090904875434956,0.00021635775528346593
158.9,8,0.0007516305257655528,0.5558667915428162,0.00041780644878293785
172.0,8,0.00046122782262886193,0.5673269808025826,0.0002616669880741813
150.8,11,0.0004988093489171396,0.5434417594515073,0.00027107383020639114
253.3,9,0.0008882906213592897,0.31949875419950424,0.00028380774689139656
361.3,8,0.0007072159946975883,0.14952968159164606,0.00010574978250364963
199.4,12,0.0002391551672890395,0.4364774366911986,0.00010438583438977475
174.1,12,7.516305257655528e-05,0.4849202167217537,3.644808374489175e-05
128.9,13,0.0002528211768484132,0.572483550579375,0.00014473596498383565
0.0,14,0.0005568898895444778,0.6625889477370849,0.0003689890859186969
81.2,12,0.00027332019118747375,0.6541620321755144,0.00017879569170179796
174.5,14,0.0006628014636296238,0.6184009215315802,0.0004098770359010395
171.9,15,0.0008917071237491331,0.6330778366770582,0.000564520016852623
194.6,16,0.001506677553920949,0.47797107014658397,0.0007201482828134335
226.8,14,0.0008917071237491331,0.3727071783090876,0.0003323456459706518
253.8,12,0.0007550470281553962,0.34559752078105854,0.00026094238100361105
203.5,13,0.0009942021954444356,0.4551934253936334,0.00045255430287822324
220.8,10,0.0007584635305452396,0.4294908672679851,0.00032575315952501285
251.3,9,0.0006286364397311896,0.3397901733891142,0.00021360448485497637
258.8,9,0.0003109017174757514,0.3754123209718338,0.00011671633535170116
318.4,7,0.00019132413383123162,0.20395555659314646,3.902162020525049e-05
338.6,4,0.00017765812427185794,0.12143600590662842,2.157409302843787e-05
406.3,4,0.0001264105884242066,0.11356053124665622,1.4355253576655314e-05
408.6,7,0.00026648718640778687,0.07918784029810082,2.110254475875005e-05
518.4,8,0.00019132413383123162,0.06000851790723496,1.1481077711097681e-05
483.4,9,0.00021523965056013556,0.061292621395992224,1.3192602411188055e-05
569.0,9,0.00016057561232264082,0.044647453751048775,7.169292224721444e-06
560.1,5,0.00012299408603436317,0.03863334473217553,4.751672925784408e-06
479.9,9,7.85795549663987e-05,0.05685508872609052,4.467647569671305e-06
469.8,5,2.7332019118747372e-05,0.03212781141656639,8.781179558811028e-07
455.7,2,3.074852150859079e-05,0.02754249667767268,8.468910514937089e-07
494.5,2,2.049901433906053e-05,0.022087999093258304,4.5278221013385797e-07
480.7,3,6.833004779686844e-05,0.025424776957114315,1.7372762247043403e-06
372.0,2,7.174655018671185e-05,0.08367801736958048,6.003609072731152e-06
410.3,2,1.3666009559373686e-05,0.024191658021351682,3.306034297768912e-07
432.6,2,4.4414531067964485e-05,0.05211586008303593,2.3147014867916897e-06
439.0,2,9.224556452577238e-05,0.04883210125263468,4.504544747028963e-06
461.7,2,0.00016399211471248423,0.05102531954141484,8.367750055476866e-06
555.3,2,0.00013666009559373687,0.04624905089841597,6.320399716897129e-06
501.6,2,7.174655018671185e-05,0.03889150432134908,2.7903312666283925e-06
515.2,2,2.7332019118747372e-05,0.0326830321342389,8.932932591516523e-07
565.7,2,2.7332019118747372e-05,0.05082231531357866,1.3890764938097393e-06
496.0,2,5.1247535847651325e-05,0.030744612944577938,1.5755856539994228e-06
571.2,2,6.491354540702501e-05,0.03682287340161262,2.3903032645727143e-06
658.6,1,7.174655018671185e-05,0.046100941848802805,3.307583538009815e-06
680.9,1,4.4414531067964485e-05,0.060306710963418414,2.6784942876915016e-06
658.9,1,9.566206691561581e-05,0.04229535529287283,4.046061108246546e-06
734.4,1,0.00020157364100076189,0.09840219224412508,1.9835288173105223e-05
671.8,1,0.00019132413383123162,0.042286286895111255,8.090387213146121e-06
724.1,1,0.0001879076314413882,0.05575600494971719,1.0476978828735675e-05
753.1,0,8.199605735624212e-05,0.12249811490711143,1.0044362455955046e-05
919.6,0,1.0249507169530265e-05,0.026663327925376824,2.732859707346863e-07
902.8,0,0.0,0.018453659593487656,0.0
906.3,0,0.0,0.018453659593487656,0.0
575.2,1,0.0,0.017913037040294944,0.0
715.1,1,0.0,0.01587155120449283,0.0
731.8,1,0.0,0.015602836577982861,0.0
691.3,1,0.0,0.014595373084873785,0.0
567.2,1,0.0,0.018549213659284303,0.0
570.5,1,0.0,0.0179885344118484,0.0
365.8,2,0.0,0.20237697476027003,0.0
358.8,2,1.708251194921711e-05,0.17283473632388918,2.9524514484926252e-06
197.3,2,0.0003792317652726198,0.5844264691486346,0.00022163308156728098
152.0,3,0.0006593849612397804,0.6347409162699541,0.0004185386144719664
156.6,3,0.00040656378439136716,0.6712234337076124,0.00027289513938033485
165.9,4,0.00029040270313669084,0.6741539403196949,0.00019577612659909074
222.0,4,0.00022207265533982242,0.49832050024962293,0.0001106633567007024
242.7,5,0.0004475618130694882,0.508722245418906,0.0002276846505084667
302.3,5,0.00046806082740854875,0.35088972499613613,0.00016423773501084962
340.4,7,0.00022548915772966583,0.18599118352342178,4.193899531784008e-05
359.5,6,0.00017765812427185794,0.18850806581761465,3.348998938327336e-05
296.5,8,0.00029040270313669084,0.23382689011361288,6.790396095503915e-05
327.1,8,0.000567139396714008,0.21582563633134857,0.00012240322118437793
293.1,9,0.0008746246117999159,0.21621293189017166,0.00018910515162056304
194.3,11,0.0006696344684093107,0.463350912179091,0.00031027574176401484
310.7,8,0.00024257166967888295,0.22006812587893265,5.3382292737555284e-05
274.3,13,0.00038264826766246324,0.2956093945222386,0.00011311442271868425
194.5,12,0.0002084066457804487,0.45042720793751434,9.387202357451007e-05
160.5,13,0.0001400765979835803,0.5079440149556091,7.115106958110255e-05
58.2,13,0.0005739724014936948,0.6623459194729424,0.00038016827801943414
0.0,14,0.001281188396191283,0.6731527790643811,0.0008624355294011995
116.9,13,0.0003860647700523067,0.6673307015180557,0.0002576328738304127
129.1,14,0.00043047930112027113,0.6882927162798097,0.00029629576747030554
296.2,12,0.002333471132263057,0.2171793295082153,0.0005067816959316668
252.9,15,0.0018756598120240385,0.33320272927951483,0.0006249749685663114
171.9,16,0.0006013044206124422,0.629073889041893,0.0003782649103727512
136.1,17,0.000802878061613204,0.6603707377609943,0.0005301971778796286
112.7,14,0.0006833004779686843,0.6682810992150305,0.0004566367945110681
128.6,12,0.00045097831545933166,0.6257677838720117,0.00028220770103931897
193.3,11,0.000567139396714008,0.4628940200027523,0.0002625254352468829
261.9,8,0.0005090588560866698,0.31820669152077474,0.0001619859343846894
237.6,9,0.00023232216250935268,0.3220244580455176,7.481341847403696e-05
268.4,9,0.00015374260754295397,0.21623147905354376,3.324399142256145e-05
304.7,9,0.0002801531959671606,0.18692135288537054,5.236661440534199e-05
343.5,9,0.0002801531959671606,0.145755039362749,4.0833740105793424e-05
416.7,9,0.0002084066457804487,0.0668725572936696,1.3936685360334562e-05
476.4,9,0.0002391551672890395,0.06263229223713312,1.4978836327667584e-05
573.1,8,0.0001400765979835803,0.05998506810995745,8.402504270656192e-06
618.3,8,8.199605735624212e-05,0.045205810476967014,3.706698228704798e-06
539.8,9,3.074852150859079e-05,0.01400792101235131,4.3072286053892517e-07
606.2,7,6.833004779686843e-06,0.016582444620610308,1.1330792335152261e-07
603.5,4,1.0249507169530265e-05,0.011153284664731356,1.1431567113497598e-07
543.4,2,2.049901433906053e-05,0.0515800181446479,1.0573395315561396e-06
445.7,3,6.833004779686843e-06,0.02538103974926378,1.7342876592014116e-07
412.6,3,3.758152628827764e-05,0.03538239343600679,1.3297243490574715e-06
528.3,2,3.4165023898434215e-06,0.005295705384895126,1.8092790103400873e-08
617.2,2,2.3915516728903952e-05,0.015207326656972369,3.636910750667297e-07
491.9,2,6.833004779686844e-05,0.04188992005870848,2.862340239818548e-06
505.0,2,0.0002391551672890395,0.04765989576663969,1.13981103450489e-05
541.4,2,0.00019474063622107503,0.04527645254155298,8.817165173775337e-06
602.6,2,7.85795549663987e-05,0.036225863200314984,2.8466122085543913e-06
708.8,1,2.7332019118747372e-05,0.04359599018255121,1.1915664371702124e-06
630.6,1,4.7831033457807905e-05,0.04664053107989606,2.230864802572438e-06
608.0,2,0.00012299408603436317,0.035193194371496525,4.328554776351909e-06
561.9,2,0.00025965418162810004,0.050269679567937445,1.305273250891962e-05
608.7,2,0.0002801531959671606,0.040305575172628325,1.1291735699906465e-05
678.1,1,0.00018107462666170135,0.056786006368763096,1.0282504902832774e-05
685.7,1,0.0002630706840179435,0.07103732309611305,1.8687837177698116e-05
778.5,0,0.00040314728200152377,0.15467136170245552,6.235533907381951e-05
685.3,1,0.00019474063622107503,0.062131645655416116,1.2099556204398127e-05
842.9,0,0.00020157364100076189,0.13282402829168538,2.677382299514323e-05
802.0,0,9.566206691561581e-05,0.12388060989936522,1.1850675193740374e-05
901.2,0,6.833004779686843e-06,0.03733834388498314,2.551330822316808e-07
981.1,0,0.0,0.018453659593487656,0.0
1001.6,0,0.0,0.018453659593487656,0.0
865.9,0,0.0,0.018453659593487656,0.0
658.8,1,0.0,0.014616623813184551,0.0
680.7,1,0.0,0.014595373084873785,0.0
545.2,1,0.0,0.018575961496685146,0.0
485.1,1,0.0,0.036711881076018964,0.0
487.8,1,0.0,0.036711881076018964,0.0
383.3,1,0.0,0.301809903819712,0.0
295.4,1,0.0,0.23941980330928725,0.0
185.1,2,4.4414531067964485e-05,0.5894360192368997,2.6179524388974593e-05
111.8,4,0.00036898225810308953,0.5751808578306364,0.00021223153174002035
0.0,4,0.0006662179660194672,0.7345097762141765,0.0004893436091308227
158.8,4,0.00032115122464528164,0.6393384616340798,0.00020532432991661513
228.4,4,0.00017765812427185794,0.3859004466735763,6.855834951169971e-05
261.8,6,0.0002801531959671606,0.2949777508257817,8.263895963304748e-05
346.5,6,0.0004099802867812106,0.19719815545529115,8.084735632628602e-05
432.7,7,0.0002938192055265343,0.07992517723548705,2.3483552076898247e-05
437.7,9,0.00037239876049293297,0.07094752350515958,2.6420769813364656e-05
386.0,9,0.00032798422942496847,0.13391574457960348,4.392225229381215e-05
370.7,9,0.000348483243764029,0.1539935912006411,5.366418618047124e-05
336.2,11,0.00041339678917105404,0.1803122029239349,7.454048573711423e-05
248.9,11,0.0002494046744585698,0.3287172877440606,8.198362813871145e-05
347.9,9,6.833004779686844e-05,0.19760713633972435,1.3502505071095663e-05
330.7,12,0.00022207265533982242,0.17239451743350856,3.828410825248655e-05
367.1,11,0.0003314007318148119,0.18182530404021857,6.025703882137911e-05
187.3,13,0.00039973077961168033,0.4592783185305216,0.00018358768032494704
109.5,13,0.00046806082740854875,0.6745714872144656,0.000315740488451818
100.8,15,0.0010488662336819304,0.696302461502084,0.0007303281402991482
142.9,12,0.0008404595879014817,0.6778018735806206,0.0005696650833484206
122.1,14,0.0005363908752054172,0.6739924544485595,0.0003615234025235101
204.7,14,0.0006764674731889975,0.4679684821764301,0.0003165654566699801
180.1,15,0.0004714773297983922,0.5882956549590239,0.00027736806453207684
198.1,12,0.0006081374253921291,0.4766685500889646,0.00028987998481650205
96.9,16,0.000802878061613204,0.7038476690276628,0.0005651038521799019
0.0,13,0.0007242985066468054,0.7177703482173434,0.0005198799913291793
119.2,12,0.00030748521508590793,0.6353469430674507,0.00019535979144326917
155.5,12,0.0005295578704257304,0.49913086029606357,0.00026431867544214616
245.8,7,0.0002391551672890395,0.38545605330846044,9.218380691155779e-05
273.4,7,0.0001571591099327974,0.23491794928866971,3.691949581744537e-05
381.8,6,0.00019815713861091845,0.12643367968850858,2.505373619112426e-05
348.9,7,0.00029040270313669084,0.15130804050572802,4.394026396917933e-05
443.7,8,0.00019474063622107503,0.06831258521274378,1.3303236306236126e-05
487.0,6,0.00018107462666170135,0.058703473299036864,1.0629709511368255e-05
450.7,9,0.00010932807647498949,0.048217502227455925,5.271526770956277e-06
520.0,12,0.00015032610515311055,0.06738961055646978,1.0130417682739044e-05
636.6,2,9.907856930545922e-05,0.10793428083795371,1.0693974124438097e-05
664.5,1,6.149704301718158e-05,0.024916015714976546,1.532261290240685e-06
566.8,7,3.758152628827764e-05,0.007593655616461132,2.853811681741612e-07
591.7,4,1.708251194921711e-05,0.00573401269721173,9.7951340417082e-08
561.8,2,1.0249507169530265e-05,0.03804488120981684,3.8994128272394493e-07
516.4,2,2.049901433906053e-05,0.10039148863897009,2.05792656512988e-06
453.0,3,2.049901433906053e-05,0.028933164288248575,5.931013496192015e-07
461.4,3,6.833004779686843e-06,0.03610374537539472,2.466970647146689e-07
627.6,2,3.074852150859079e-05,0.007717255649110901,2.372942013139803e-07
599.5,2,5.1247535847651325e-05,0.03480375161815776,1.7836065086842928e-06
547.5,2,0.00020157364100076189,0.044362330713835565,8.942276525267763e-06
590.8,2,0.00030748521508590793,0.03920285677875241,1.205429884859673e-05
637.0,2,0.00018107462666170135,0.05828487562681638,1.0553912094149472e-05
723.0,1,0.00014690960276326714,0.05311215313669569,7.802685319213776e-06
678.6,1,0.0001742416218820145,0.0656623478698839,1.144111398942961e-05
658.0,1,0.00016057561232264082,0.06765399655292666,1.086358192256003e-05
655.8,1,0.0002869862007468474,0.061929412496078556,1.777288680673392e-05
631.6,1,0.0002562376792382566,0.061470327622024167,1.5751014091882774e-05
708.3,1,0.0002049901433906053,0.06497180759169571,1.3318580154568522e-05
762.7,0,0.0002869862007468474,0.16223278059719112,4.655856934018474e-05
752.0,0,0.0002699036887976303,0.15705651502044865,4.239013275371952e-05
755.9,0,0.0001742416218820145,0.15134602087268376,2.6370776142245637e-05
770.0,0,0.00011957758364451976,0.1309982750838697,1.5664457196129237e-05
806.4,0,4.099802867812106e-05,0.029030127668254142,1.190178006672599e-06
944.9,0,0.0,0.018453659593487656,0.0
857.1,0,0.0,0.018453659593487656,0.0
810.3,0,0.0,0.018453659593487656,0.0
747.2,0,0.0,0.01762316398945737,0.0
686.8,1,0.0,0.014595373084873785,0.0
618.3,1,0.0,0.015995838327023712,0.0
552.2,1,0.0,0.020366791715381204,0.0
459.7,1,0.0,0.048452037900682574,0.0
408.7,2,0.0,0.28621755185269443,0.0
319.6,1,0.0,0.14768810816188402,0.0
251.0,2,0.0,0.4139489700803207,0.0
199.2,2,0.0,0.38037256221300075,0.0
139.6,3,0.00012299408603436317,0.5981547778126771,7.35695002041578e-05
107.3,3,0.0003758152628827764,0.6339675644742134,0.00023825468690203002
150.9,5,0.0002528211768484132,0.6560946080931843,0.00016587461094201732
276.8,4,0.00019474063622107503,0.3627143556406858,7.063522438398443e-05
301.2,6,0.00018107462666170135,0.27608520923556773,4.999202618914813e-05
443.9,4,0.00035189974615387244,0.05937748080610794,2.0894920422925817e-05
390.8,6,0.00033823373659449873,0.13206149732694203,4.466765370115601e-05
482.1,10,0.00038264826766246324,0.06789463137903846,2.5979763080770585e-05
481.5,10,0.0006423024492905633,0.07716883682392463,4.95657329009106e-05
446.7,11,0.0005363908752054172,0.07805685528198958,4.1868984920488984e-05
394.4,10,0.00017765812427185794,0.10077221028756705,1.790300185841839e-05
345.1,12,0.00016740861710232767,0.13378562546590186,2.2396866547416583e-05
333.5,13,0.0001264105884242066,0.22634317417874494,2.8612173833737837e-05
294.0,13,0.0001400765979835803,0.34926311733026466,4.892358927676351e-05
208.2,13,9.907856930545922e-05,0.38967578846921513,3.86085196145066e-05
208.8,13,0.00016057561232264082,0.36937582698806926,5.9312749595791055e-05
182.5,13,0.0005022258513069829,0.5261625679656012,0.0002642524436223923
156.0,15,0.0016638366638537464,0.6238591079773351,0.0010379996569317834
191.3,13,0.0010078682050038094,0.4805097351116394,0.00048429048421382394
144.9,15,0.0008131275687827343,0.6615439112936797,0.0005379195922332507
160.1,15,0.0005739724014936948,0.5960321830374666,0.0003421060234655442
141.9,16,0.0006935499851382146,0.598132840859715,0.0004148350228889334
210.7,14,0.000802878061613204,0.40303700344173377,0.00032358956808169344
133.5,16,0.001831245280956074,0.6935424708893322,0.0012700463769587049
151.5,13,0.0011650273149366069,0.6293366741337326,0.0007331944156571569
122.7,12,0.0005637228943241645,0.6730689797548682,0.0003794243933472268
158.4,13,0.0004851433393577659,0.5330155214061713,0.00025858892998451065
262.4,9,0.00013324359320389343,0.29770716378017764,3.966757222461087e-05
325.6,6,7.85795549663987e-05,0.13110084218623824,1.030184583471467e-05
395.5,6,0.0001400765979835803,0.09507483487292198,1.3317759422849572e-05
454.1,5,0.0003177347222554382,0.06133795535468344,1.948919820833681e-05
391.2,5,0.00030406871269606455,0.13034229297267197,3.963301323405367e-05
420.3,5,0.00021182314817029215,0.061961323252568486,1.3124842556156183e-05
509.1,3,0.0001434931003734237,0.027362968680682425,3.9263972114120124e-06
458.0,8,8.199605735624212e-05,0.06390184244491244,5.239699138282587e-06
538.2,3,0.00010932807647498949,0.03165737902632825,3.4610403551881433e-06
470.6,2,9.224556452577238e-05,0.03036592387843197,2.8011217905125886e-06
487.6,4,5.4664038237494744e-05,0.03626014638247723,1.982126028348892e-06
584.1,2,5.1247535847651325e-05,0.00998600335070123,5.117580646898276e-07
600.3,2,4.7831033457807905e-05,0.01771251753450097,8.47208018814725e-07
516.7,2,2.7332019118747372e-05,0.007317551459369424,2.0000345638990283e-07
491.2,2,2.7332019118747372e-05,0.044643369709071325,1.2201934344136448e-06
575.1,3,2.3915516728903952e-05,0.007857473138117127,1.8791553028155358e-07
600.6,3,3.758152628827764e-05,0.011108964429149692,4.1749183872963033e-07
666.5,2,6.833004779686844e-05,0.07641193927115211,5.221231462649232e-06
624.6,2,0.0001571591099327974,0.04940765566110713,7.764863187565735e-06
673.4,2,0.0003450667413741856,0.05543925227957123,1.9130242128333037e-05
702.8,2,0.00016740861710232767,0.06603096722017501,1.1054152908258629e-05
725.5,1,0.00018107462666170135,0.06251502978159197,1.1319885678446908e-05
711.5,1,0.00018107462666170135,0.0604072891975499,1.0938227339091773e-05
696.2,1,7.85795549663987e-05,0.0745973110984485,5.861823507806078e-06
733.4,1,0.0001708251194921711,0.08956380790168025,1.5299748186978386e-05
723.2,1,0.00012982709081405002,0.0514128269556544,6.674777754178782e-06
699.6,1,8.882906213592897e-05,0.044056879418390066,3.9135312793713015e-06
748.3,0,5.1247535847651325e-05,0.13652876289709803,6.9967626708045195e-06
855.7,0,1.0249507169530265e-05,0.15673859813687277,1.6064933853460005e-06
812.1,0,6.833004779686844e-05,0.13898691812832104,9.496982758847617e-06
836.7,0,6.491354540702501e-05,0.056349014191483124,3.6578142913599363e-06
865.8,0,1.0249507169530265e-05,0.015905434582536158,1.6302286578819897e-07
894.7,0,0.0,0.018453659593487656,0.0
697.4,1,0.0,0.014595373084873785,0.0
635.6,1,0.0,0.014755512701934552,0.0
671.4,1,0.0,0.015202642277298027,0.0
619.2,1,0.0,0.015995838327023712,0.0
601.8,1,0.0,0.020969347622128827,0.0
516.0,1,0.0,0.018841145957832036,0.0
438.4,1,0.0,0.04793293683986121,0.0
366.8,2,0.0,0.20721501589375946,0.0
281.4,2,0.0,0.393725014695287,0.0
232.0,2,0.0,0.4013321151630893,0.0
178.5,2,0.0,0.386844596563461,0.0
266.6,2,0.0,0.42641188690957266,0.0
230.9,1,9.566206691561581e-05,0.4940969088704139,4.726633155916046e-05
188.2,5,0.00035189974615387244,0.623623984171003,0.0002194531217252425
273.3,5,0.0003621492533234027,0.35325529624857294,0.0001279311417689581
417.0,4,0.0003177347222554382,0.09434374349413752,2.9976283135648088e-05
453.3,4,0.00032115122464528164,0.07105970737092294,2.282091204510725e-05
477.6,5,0.0004168132915608974,0.05755592974520918,2.3990076525948402e-05
476.6,9,0.0003109017174757514,0.05794743878526372,1.801595824165946e-05
523.7,9,0.0003928977748319935,0.05504615687031286,2.1627512547398775e-05
416.9,11,0.0002357386648991961,0.10739707035776244,2.5317641980223947e-05
399.2,7,9.566206691561581e-05,0.14787331871814183,1.4145867310249067e-05
359.3,13,0.0001434931003734237,0.1747285847914533,2.5072346355586284e-05
281.7,14,0.00021865615294997898,0.2686783176931938,5.874816732786602e-05
278.4,14,0.0007584635305452396,0.257841362791083,0.00019556327034312077
268.1,14,0.00025965418162810004,0.31003031515507734,8.050066776149355e-05
244.5,13,0.00027332019118747375,0.3467315412376015,9.476873114178868e-05
230.9,12,0.0007174655018671185,0.37022425398322373,0.00026562313018745314
208.1,14,0.002381302165720865,0.4249952547077963,0.001012042120456766
286.9,12,0.0015408425778193832,0.34118542907090615,0.0005257130360440274
288.5,14,0.0012436068699030055,0.34312384954156416,0.00042671117651745444
223.6,14,0.0008951236261389764,0.3866569872169865,0.0003461058044696408
132.4,16,0.0012367738651233187,0.6945654479410935,0.0008590203936312155
129.9,15,0.0006833004779686843,0.6729065556898782,0.0004597973711311549
89.8,16,0.001086447759970208,0.7118285722422409,0.000773364557795374
148.2,13,0.000720882004256962,0.6559313523879569,0.00047284910796441
204.0,12,0.0008370430855116383,0.4583965795119528,0.000383697687302666
231.8,12,0.0006491354540702502,0.3580070404961018,0.0002323950627927835
329.6,10,0.00019474063622107503,0.2459878706224679,4.790383442768689e-05
387.1,6,0.00019815713861091845,0.1097930102970081,2.175626875993423e-05
320.0,10,0.0002084066457804487,0.1672939904667076,3.4865179412392893e-05
348.2,6,0.00019474063622107503,0.18148073778635648,3.534167433838515e-05
332.3,6,0.00048172683696792246,0.2789728069255641,0.00013438868788031493
373.4,5,0.00021865615294997898,0.15822243561076507,3.459630908102565e-05
364.0,5,7.85795549663987e-05,0.1592719768121304,1.2515521056515781e-05
412.8,4,0.00014690960276326714,0.0727706258724972,1.0690703739762895e-05
403.8,4,0.00021523965056013556,0.10768244608883075,2.317753206762057e-05
436.4,5,0.00015032610515311055,0.07725871982787368,1.1614002440839646e-05
482.6,3,5.1247535847651325e-05,0.03057637728822335,1.566963991169538e-06
539.3,2,9.224556452577238e-05,0.009557684848218074,8.816540343832974e-07
617.7,2,9.566206691561581e-05,0.0076778792487950005,7.344817984682454e-07
623.7,2,3.074852150859079e-05,0.0063559901364502805,1.9543729941903236e-07
527.4,2,3.074852150859079e-05,0.006732314991678144,2.0700873232422365e-07
602.6,3,2.7332019118747372e-05,0.02360836640060978,6.452643218238596e-07
653.0,3,1.0249507169530265e-05,0.004411674965528299,4.521749418881948e-08
730.2,1,2.049901433906053e-05,0.017966298067135216,3.6829140169804025e-07
718.7,2,0.00012982709081405002,0.07811691644007186,1.0141692004778766e-05
699.8,2,0.00016057561232264082,0.03862990327116828,6.203020371732233e-06
741.0,1,2.3915516728903952e-05,0.12094219746816728,2.89239514678036e-06
762.9,0,5.1247535847651325e-05,0.1558251418806065,7.985654544491736e-06
797.7,0,7.516305257655528e-05,0.04116927475884672,3.094408363237846e-06
777.2,0,2.3915516728903952e-05,0.08947545168449285,2.139851661586726e-06
760.9,0,3.758152628827764e-05,0.03529173565629558,1.3263172913260175e-06
768.8,0,6.491354540702501e-05,0.0791411250039363,5.137331011506061e-06
728.0,1,1.708251194921711e-05,0.014434448483838779,2.465766387055347e-07
753.0,0,6.833004779686843e-06,0.008957281434128552,6.120514685240062e-08
859.8,0,3.4165023898434215e-06,0.13245549442517687,4.525345132515088e-07
894.3,0,0.0,0.018453659593487656,0.0
834.4,0,1.0249507169530265e-05,0.06830741112624744,7.001173000705245e-07
1008.1,0,0.0,0.018453659593487656,0.0
926.2,0,0.0,0.018453659593487656,0.0
704.8,1,0.0,0.014851783341540453,0.0
605.0,2,0.0,0.020165112924940002,0.0
602.2,2,0.0,0.022137531186495748,0.0
556.5,2,0.0,0.01812906015003442,0.0
518.6,2,0.0,0.018301731426623186,0.0
466.0,2,0.0,0.03775828662860021,0.0
507.0,2,0.0,0.021759385240604927,0.0
341.5,2,0.0,0.15113821874792202,0.0
269.7,2,0.0,0.42232684145854416,0.0
262.8,2,0.0,0.4262111160360732,0.0
225.7,2,0.0,0.40360565690653205,0.0
333.9,2,0.0,0.13221637942588743,0.0
293.9,3,0.00021865615294997898,0.29376409929999,6.423332782775142e-05
264.1,3,0.0005056423536968264,0.431904793348758,0.0002183893562818074
316.3,5,0.00038264826766246324,0.29225871207089443,0.00011183228988319039
348.1,4,0.00022207265533982242,0.21428778491844966,4.758745740372887e-05
378.5,4,0.00021865615294997898,0.14321873022425555,3.1315656581216595e-05
451.1,5,0.0003314007318148119,0.06955374168567095,2.3050160895089743e-05
448.3,6,0.0002391551672890395,0.0713774756461695,1.707029212882901e-05
455.2,9,0.00027673669357731714,0.06759446901969532,1.870586986062488e-05
551.8,4,0.00024257166967888295,0.04892500093065419,1.186781916478969e-05
329.8,9,0.0002528211768484132,0.2179351985568002,5.509863337582284e-05
382.9,8,0.00015374260754295397,0.11664579999289325,1.7933429449841288e-05
320.5,10,0.00018449112905154477,0.26008361124383833,4.7983119086178775e-05
254.3,13,0.00045097831545933166,0.3527826378188601,0.00015909731972684903
175.5,14,0.0003928977748319935,0.579926231412419,0.00022785172588864314
230.3,14,0.0014212649941748635,0.3819858990878348,0.0005429031866419515
187.4,14,0.0010078682050038094,0.4914093049300692,0.0004952758140820384
175.2,13,0.0021968110366693203,0.6257282421937831,0.001374606708406996
124.8,14,0.00245646521829742,0.6818080474237205,0.0016748377540516473
258.3,14,0.001831245280956074,0.3481479692553848,0.0006375443257733638
183.9,16,0.0011069467743092685,0.5064292610477884,0.0005605902369326759
149.0,16,0.0007755460424944567,0.6675231424846827,0.000517694931427459
178.2,16,0.0008609586022405423,0.6528860652773402,0.0005621078741835062
0.0,16,0.0011171962814787988,0.7258435215569894,0.0008109096832189449
104.3,16,0.0010181177121733396,0.7064569359449208,0.0007192563193732303
214.3,13,0.0007447975209858659,0.40451593710541883,0.00030128246715539043
202.4,13,0.0005158918608663567,0.45610926932736323,0.00023530305971168768
248.6,12,0.0003416502389843422,0.3593613991865156,0.00012277590791382064
253.2,12,0.0003621492533234027,0.2654626412904469,9.613709732859363e-05
709.2,1,0.00019474063622107503,0.06175933083689218,1.2027051379764242e-05
561.1,4,0.00019132413383123162,0.04473865536728167,8.559584486919148e-06
288.0,6,0.000478310334578079,0.29159057007644495,0.00013947078313307718
276.8,6,0.0003314007318148119,0.305129245569029,0.00010112005527967765
314.8,6,0.00021523965056013556,0.2900123440737349,6.242215559655649e-05
291.1,6,0.00016057561232264082,0.27318433290187777,4.3866741532671174e-05
331.8,4,0.00010591157408514608,0.14146546051661965,1.498282960199527e-05
378.7,3,0.00016057561232264082,0.13134350044507329,2.109056300856669e-05
429.5,2,4.4414531067964485e-05,0.048860681545026624,2.170124258483504e-06
504.0,2,3.758152628827764e-05,0.0853986239664399,3.2094106315774976e-06
488.9,3,6.833004779686843e-06,0.05674392831119396,3.877315333685959e-07
510.7,3,4.4414531067964485e-05,0.03463448509436761,1.5382744142467431e-06
570.8,2,3.758152628827764e-05,0.01204596636327555,4.527058015491483e-07
680.0,2,3.758152628827764e-05,0.006017162930754362,2.2613416686299478e-07
759.3,0,1.3666009559373686e-05,0.018720629836897634,2.558363063085393e-07
767.6,0,3.074852150859079e-05,0.01673734739483416,5.146486863668143e-07
719.3,3,1.3666009559373686e-05,0.020234234116564158,2.76521236863571e-07
718.5,3,5.4664038237494744e-05,0.01970538875186942,1.077176124216889e-06
793.6,0,3.4165023898434215e-06,0.047027594187452525,1.6066988793001815e-07
801.2,0,1.0249507169530265e-05,0.01104523895958476,1.13208255905439e-07
837.3,0,3.4165023898434215e-06,0.008104283788939555,2.768830493288129e-08
805.5,0,6.833004779686843e-06,0.011359880433711906,7.76221173002245e-08
811.8,0,3.4165023898434215e-06,0.14700052953586792,5.022276604675412e-07
875.8,0,0.0,0.018453659593487656,0.0
973.1,0,0.0,0.018453659593487656,0.0
838.3,0,3.4165023898434215e-06,0.00023684775141329152,8.091909087325512e-10
869.8,0,0.0,0.018453659593487656,0.0
876.8,0,0.0,0.018453659593487656,0.0
1036.6,0,0.0,0.018453659593487656,0.0
861.1,0,0.0,0.018453659593487656,0.0
1048.8,0,0.0,0.018453659593487656,0.0
682.9,1,0.0,0.014595373084873785,0.0
630.9,1,0.0,0.01488960898717965,0.0
497.8,2,0.0,0.026309968106598566,0.0
496.0,2,0.0,0.027421079216598566,0.0
476.0,2,0.0,0.03745200826820949,0.0
426.0,2,0.0,0.2135623276947527,0.0
412.8,2,0.0,0.2704790709029308,0.0
328.2,2,0.0,0.12933417459739768,0.0
458.2,2,0.0,0.045539462091380295,0.0
334.8,2,0.0,0.13486736498325658,0.0
276.7,2,0.0,0.4018126702984551,0.0
398.1,4,0.0,0.29522456061105606,0.0
337.3,3,0.00022207265533982242,0.26903763289502985,5.9745901523339635e-05
314.0,3,0.0007960450568335173,0.3005226855005191,0.00023922959825902195
396.5,4,0.0004270627987304277,0.14712484915557636,6.283154984317244e-05
520.5,4,7.85795549663987e-05,0.04058463070688823,3.1891222194229167e-06
430.1,4,0.00019132413383123162,0.07423777946942536,1.4203478854541798e-05
457.9,4,0.0002494046744585698,0.05613979971281934,1.4001528471545017e-05
435.2,6,0.00029723570791637767,0.09782344479278884,2.907662086380328e-05
334.2,8,0.0006662179660194672,0.19531714139420167,0.00013012378866838171
269.2,11,0.0005295578704257304,0.2822052491131429,0.00014944401074331866
208.0,12,0.0005329743728155737,0.40048257835293033,0.0002134469510212169
221.4,12,0.00042022979395074086,0.376583374209109,0.0001582515537491686
0.0,14,0.0006457189516804067,0.6697847480911079,0.00043249270538891544
190.9,14,0.0006559684588499369,0.45117587069651033,0.0002959571405710683
195.8,13,0.0005295578704257304,0.48661104188647497,0.00025768870706704755
230.2,13,0.0018039132618373266,0.3825805088356444,0.0006901420536090914
92.5,14,0.0009224556452577239,0.7098074860024868,0.0006547659225091867
0.0,13,0.0015374260754295397,0.7168450545631628,0.0011020962789281177
254.7,14,0.0025897088115013137,0.3762323509775077,0.0009743322344983065
214.1,15,0.0024257166967888294,0.4071524705846889,0.0009876365460361025
253.5,14,0.0015237600658701662,0.3639572180154703,0.0005545834744971755
126.6,16,0.0004543948178491751,0.6839451993811438,0.0003107811542916126
114.8,17,0.0012367738651233187,0.6984334488353576,0.0008638042360475149
109.7,17,0.0016467541519045292,0.7106965776532186,0.0011703425399947774
105.2,15,0.0012606893818522225,0.6978470845912115,0.00087976840970067
215.7,13,0.0007687130377147699,0.4123292474340826,0.0003169628683336986
243.5,13,0.0004851433393577659,0.35195076935055775,0.00017074657153226443
287.4,12,0.0003928977748319935,0.3089959618269159,0.00012140382583386687
355.5,9,0.0001879076314413882,0.17049333952439216,3.2036999606560946e-05
315.7,13,0.00020157364100076189,0.2223407520194555,4.481803492740915e-05
243.6,6,0.00026648718640778687,0.38261208963718496,0.00010196121925301736
238.8,6,0.00020157364100076189,0.4099193262238093,8.262893110351233e-05
259.2,6,0.00024257166967888295,0.35998836014085805,8.732297758433098e-05
212.9,6,0.00037239876049293297,0.49791023563888104,0.00018542115458866347
266.2,6,0.0004168132915608974,0.35124170634546725,0.00014640221175532035
268.6,6,0.0002528211768484132,0.3396693619129193,8.587560781817384e-05
305.1,5,0.00016399211471248423,0.22882565347004027,3.752560281301801e-05
404.8,3,5.808054062733817e-05,0.1628207342544246,9.456716270837139e-06
408.1,4,2.3915516728903952e-05,0.13363955744734285,3.1960590717752487e-06
455.0,3,7.516305257655528e-05,0.0433010400543745,3.2546383502264764e-06
524.9,3,0.00012299408603436317,0.04294130383415649,5.281526418205972e-06
561.0,2,9.907856930545922e-05,0.02460231976647627,2.4375626440578885e-06
606.4,2,2.3915516728903952e-05,0.013243340656878367,3.1672133502614845e-07
843.3,0,1.3666009559373686e-05,0.012777071602256409,1.7461158265723814e-07
654.0,1,1.708251194921711e-05,0.006102652369940809,1.0424863203143197e-07
662.5,1,1.708251194921711e-05,0.007234156961662276,1.2357757274010796e-07
721.8,1,2.049901433906053e-05,0.09018306444301136,1.8486639311577096e-06
759.9,0,1.708251194921711e-05,0.08144332274583352,1.3912565339896467e-06
825.8,0,6.833004779686843e-06,0.05444589574437628,3.7202906585565466e-07
797.8,0,3.4165023898434215e-06,0.0007218352030812225,2.4661516964001083e-09
821.9,0,3.4165023898434215e-06,0.0032162160845691456,1.0988209939183338e-08
860.1,0,0.0,0.018453659593487656,0.0
941.6,0,0.0,0.018453659593487656,0.0
939.5,0,0.0,0.018453659593487656,0.0
920.6,0,0.0,0.018453659593487656,0.0
857.0,0,0.0,0.018453659593487656,0.0
854.5,0,0.0,0.018453659593487656,0.0
855.9,0,0.0,0.018453659593487656,0.0
916.2,0,0.0,0.018453659593487656,0.0
936.1,0,0.0,0.018453659593487656,0.0
559.9,2,0.0,0.02011547544567864,0.0
714.3,1,0.0,0.01572678334154045,0.0
474.3,2,0.0,0.03812974935020949,0.0
471.7,2,0.0,0.0379841548022333,0.0
492.3,2,0.0,0.09461363236378666,0.0
413.3,2,0.0,0.2704790709029308,0.0
505.6,2,0.0,0.021868967699110998,0.0
452.6,2,0.0,0.04671662759396039,0.0
406.6,2,0.0,0.3293099519005384,0.0
402.7,2,0.0,0.3333887195217719,0.0
359.4,2,0.0,0.19959854880791297,0.0
414.3,3,0.0,0.26785277847146266,0.0
546.9,2,0.00010249507169530265,0.048447722007072314,4.965652740588969e-06
415.0,4,0.0006730509707991541,0.09092715205996418,6.119860796596119e-05
349.6,4,0.0005603063919343212,0.19109213853092433,0.00010707014666727567
365.2,4,0.0001571591099327974,0.20079856193000215,3.155732326870484e-05
443.0,4,0.0001400765979835803,0.0547801408743975,7.673415770746872e-06
358.5,7,0.0002630706840179435,0.17564924204540683,4.620816625211849e-05
429.1,5,0.00033481723420465535,0.09260269893765773,3.100497953819294e-05
339.1,9,0.0003928977748319935,0.18457399096043833,7.25187103402167e-05
306.6,11,0.0003963142772218369,0.2643693983762797,0.00010477336703706716
220.6,12,0.0006388859469007199,0.37794465632410335,0.0002414635296316919
120.0,14,0.0013461019415983082,0.6673305616576012,0.0008982949647351865
84.7,15,0.0013461019415983082,0.6916081775266061,0.0009309751105938318
153.6,15,0.0007584635305452396,0.6108110381982106,0.000463277896527818
190.1,16,0.0006662179660194672,0.4759749578993936,0.00031710306832793554
194.8,16,0.000591054913442912,0.47888893667840476,0.0002830496590172227
129.8,15,0.0007003829899179015,0.6877115834846368,0.00048166149504214447
99.2,16,0.0008780411141897594,0.7074279303329395,0.0006211508081584897
0.0,15,0.000696966487528058,0.7238867879352279,0.000504524831955184
260.8,14,0.0008336265831217948,0.3446717659315107,0.00028732754653204036
102.7,16,0.0005090588560866698,0.6978013552082531,0.0003552219596580413
101.6,16,0.00021865615294997898,0.6818538438291103,0.000149091538365829
0.0,11,0.0005637228943241645,0.6750035552172775,0.00038051495782618467
158.7,16,0.000939538157206941,0.595433097308866,0.0005594321149855931
163.7,16,0.0008985401285288199,0.5906558275708385,0.0005307279632217977
204.4,13,0.0008370430855116383,0.4425868089320424,0.0003704642281552267
314.5,11,0.0002357386648991961,0.18885910463210506,4.452139318003003e-05
367.6,9,0.00019132413383123162,0.19440290033896773,3.719396652163225e-05
380.5,9,0.00013324359320389343,0.12165301869094186,1.6209485334481503e-05
419.2,6,0.00011957758364451976,0.07114183948467395,8.506969261603598e-06
182.0,6,0.00018107462666170135,0.4586534710947427,8.305050604557396e-05
228.3,6,0.00023232216250935268,0.48319783056238635,0.00011225756491608138
144.2,6,0.0003109017174757514,0.5966547654439711,0.00018550099131662222
171.0,7,0.00040656378439136716,0.5599637777549356,0.00022766099260613306
199.7,7,0.0003963142772218369,0.42818353108689583,0.00016969524664099705
230.6,6,0.0003621492533234027,0.4312362296842372,0.0001561718785861459
287.6,6,0.0002494046744585698,0.1985853277081704,4.952810900930463e-05
366.9,5,9.907856930545922e-05,0.09954860890336842,9.863133746494443e-06
415.6,3,7.85795549663987e-05,0.059176912883446654,4.650095478666584e-06
446.6,4,8.882906213592897e-05,0.05424741617604952,4.818747102215901e-06
477.8,3,0.00025965418162810004,0.04978058738728882,1.2925737679012597e-05
532.4,3,0.00019474063622107503,0.044688353182823465,8.702638330495145e-06
566.1,2,7.85795549663987e-05,0.024534103047094257,1.9278788989404333e-06
630.1,1,4.099802867812106e-05,0.008522079263274505,3.493884500329489e-07
688.5,1,1.0249507169530265e-05,0.007271582730452831,7.453013932960876e-08
720.6,1,1.0249507169530265e-05,0.014077687987340867,1.442893639566603e-07
700.1,1,1.0249507169530265e-05,0.008511741971493842,8.72411603620178e-08
738.0,1,1.0249507169530265e-05,0.0026315993278372618,2.697259617799904e-08
777.5,0,1.708251194921711e-05,0.004444450132797499,7.592237250121284e-08
782.9,0,1.0249507169530265e-05,0.0007403054452392298,7.587765968621782e-09
910.9,0,0.0,0.018453659593487656,0.0
860.1,0,0.0,0.018453659593487656,0.0
937.2,0,0.0,0.018453659593487656,0.0
975.8,0,0.0,0.018453659593487656,0.0
988.0,0,0.0,0.018453659593487656,0.0
935.2,0,0.0,0.018453659593487656,0.0
1079.8,0,0.0,0.018453659593487656,0.0
854.8,0,0.0,0.018453659593487656,0.0
870.0,0,0.0,0.018453659593487656,0.0
941.2,0,0.0,0.018453659593487656,0.0
537.6,2,0.0,0.018217569487750586,0.0
615.3,2,0.0,0.016386984989911514,0.0
538.4,2,0.0,0.0181754358554763,0.0
618.4,1,0.0,0.015995838327023712,0.0
577.4,2,0.0,0.017747887271328523,0.0
550.1,2,0.0,0.019966266074172352,0.0
453.6,2,0.0,0.04719281807062706,0.0
483.0,2,0.0,0.036201053725918704,0.0
439.3,2,0.0,0.04571520316119385,0.0
494.1,2,0.0,0.029425358688051566,0.0
491.3,3,0.0,0.07348669016469148,0.0
441.3,3,6.833004779686843e-06,0.029960872532426793,2.0472278521766053e-07
364.8,3,0.00012299408603436317,0.16645877355507707,2.0473444715807726e-05
321.7,4,0.0003792317652726198,0.2829503645394143,0.00010730376622881338
359.5,4,0.00035189974615387244,0.18732857216813853,6.592087699333533e-05
291.0,5,0.00021182314817029215,0.3468266868007847,7.346592066761413e-05
325.9,5,0.0003450667413741856,0.23406325090960436,8.076744326682557e-05
393.2,5,0.00038948127244215006,0.11865048044336758,4.621214009895525e-05
283.3,9,0.0002699036887976303,0.31667313247830076,8.547124659899404e-05
376.1,7,6.833004779686844e-05,0.12107660523742288,8.273170222955677e-06
221.4,11,0.00016057561232264082,0.3570991666674854,5.734141734753624e-05
171.4,12,0.0006013044206124422,0.5851953607291711,0.00035188055732834336
173.6,12,0.0011616108125467634,0.6101095686956467,0.0007087098718351055
151.4,14,0.0011752768221061371,0.659375103666399,0.0007749482764129501
147.0,15,0.0009600371715460015,0.6806297555786465,0.0006534298654157702
217.8,15,0.0008848741189694462,0.3762251129725831,0.0003329118653757948
209.4,16,0.0009053731333085067,0.40515651978616485,0.00036681782779917005
184.4,16,0.0007721295401046134,0.49296717352320696,0.0003806345169791449
189.4,17,0.0006354694445108764,0.45861588053618674,0.000291436378848197
140.0,15,0.0003621492533234027,0.6617721224055153,0.00023966027999940083
128.2,15,0.0005568898895444778,0.6459986150909408,0.00035975009740387966
164.7,15,0.000696966487528058,0.5529080147381111,0.00038535835695813306
136.6,16,0.0003177347222554382,0.5921347015522863,0.00018814175493552248
117.4,16,0.00023232216250935268,0.5933912626519224,0.0001378579413534499
159.8,16,0.00024598817206872634,0.5408428116566335,0.0001330409346159257
274.2,13,0.0002938192055265343,0.279486464458695,8.211849094267372e-05
288.1,14,0.0003177347222554382,0.33168206892973906,0.00010538691004849974
263.7,14,0.0003245677270351251,0.2959661132945261,9.606104867142465e-05
294.2,13,0.0002391551672890395,0.2096183248889614,5.0131305555667795e-05
351.0,6,0.00014690960276326714,0.16792488520917598,2.4669778180147278e-05
251.6,6,0.00021523965056013556,0.2990525297857526,6.436796201020993e-05
213.0,6,0.00038264826766246324,0.46212114991622316,0.00017682985746562827
104.2,7,0.00036898225810308953,0.6745616674418943,0.0002489012872824955
72.5,7,0.000543223879985104,0.7153251854361443,0.0003885817226836863
101.9,7,0.0005295578704257304,0.6763813743621153,0.00035818308020283047
147.0,6,0.0006115539277819725,0.614482233957796,0.0003757890237291311
222.6,5,0.0002494046744585698,0.5187971727964541,0.000129390439991326
249.5,5,0.0001434931003734237,0.3845213002857578,5.517615353762364e-05
306.8,4,0.00010932807647498949,0.24139783013188468,2.639156043355521e-05
361.3,4,4.7831033457807905e-05,0.10160828723210091,4.860029386189174e-06
411.3,4,6.149704301718158e-05,0.06173381452120933,3.7964470472255194e-06
478.9,2,0.0001742416218820145,0.05356686175318913,9.333576871005324e-06
519.5,2,8.882906213592897e-05,0.04113810294802679,3.6542591029245144e-06
558.0,3,6.491354540702501e-05,0.024295271202788786,1.577092190398217e-06
631.5,1,2.3915516728903952e-05,0.006095310501673197,1.457725002706293e-07
733.5,1,0.0,0.015602836577982861,0.0
854.9,0,0.0,0.018453659593487656,0.0
739.9,1,0.0,0.015997498167760638,0.0
805.0,0,0.0,0.018453659593487656,0.0
858.4,0,6.833004779686843e-06,0.06450574688520158,4.407680767838521e-07
853.7,0,0.0,0.018453659593487656,0.0
1014.1,0,0.0,0.018453659593487656,0.0
880.1,0,0.0,0.018453659593487656,0.0
962.7,0,0.0,0.018453659593487656,0.0
1002.1,0,0.0,0.018453659593487656,0.0
1063.4,0,0.0,0.018453659593487656,0.0
1062.0,0,0.0,0.018453659593487656,0.0
993.7,0,0.0,0.018453659593487656,0.0
893.8,0,0.0,0.018453659593487656,0.0
845.4,0,0.0,0.018453659593487656,0.0
905.1,0,0.0,0.018453659593487656,0.0
586.9,2,0.0,0.016416791170771796,0.0
551.3,2,0.0,0.019966266074172352,0.0
683.1,1,0.0,0.014595373084873785,0.0
626.6,2,0.0,0.021855695871708318,0.0
622.2,2,0.0,0.015594544414355956,0.0
658.2,2,0.0,0.014849156423516797,0.0
530.0,2,0.0,0.018425310684234305,0.0
563.9,2,0.0,0.018148688018075457,0.0
483.3,2,0.0,0.035999033523696475,0.0
456.7,2,0.0,0.04706532904711135,0.0
425.6,3,0.0,0.21823016248520483,0.0
443.3,3,0.0,0.08319552315687075,0.0
363.7,3,0.00012299408603436317,0.16940236442370604,2.0835488984353842e-05
295.4,5,0.0005363908752054172,0.32566737925870676,0.00017468501058643226
235.8,5,0.00035189974615387244,0.5322005217185897,0.00018728122849573017
246.2,5,0.0004270627987304277,0.4074649231622246,0.00017401311047013832
262.6,6,0.000567139396714008,0.34802441357395203,0.00019737835595607758
287.0,8,0.0004953928465272962,0.3116491632891023,0.00015438876611963853
292.4,9,0.00032798422942496847,0.2740367906118584,8.987974560292182e-05
217.7,10,0.00022548915772966583,0.3466390662166301,7.816335107738578e-05
178.6,11,0.00013666009559373687,0.4860931385802811,6.64295347858408e-05
119.6,12,0.0003177347222554382,0.6319774607557688,0.00020080118296493128
51.4,13,0.0005568898895444778,0.7208795943308954,0.0004014505576618003
0.0,14,0.0008233770759522646,0.7123057118772749,0.0005864961942296068
72.5,14,0.0011684438173264501,0.7149926402807559,0.0008354287299699639
146.1,15,0.0012743553914115963,0.6533463836702069,0.0008325954864893975
115.6,16,0.001134278793428016,0.6819011912156004,0.0007734660604091581
144.4,17,0.0007174655018671185,0.6607411917104218,0.00047405901071479573
205.6,17,0.0013085204153100306,0.41704320259882677,0.000545709544666842
234.0,15,0.00042022979395074086,0.3417260563829824,0.00014360347026141996
268.3,15,0.0003553162485437159,0.30452770822052927,0.00010820364286253376
231.8,15,0.0005466403823749475,0.3658749762642443,0.00020000203692651134
188.1,16,0.0008404595879014817,0.4296354773455885,0.00036109125623772967
175.9,16,0.00027673669357731714,0.4655229397199959,0.00012882727912250438
196.1,16,0.0002630706840179435,0.43969876182344175,0.00011567185403473564
255.9,16,0.0005876384110530686,0.27431262594406847,0.00016119663564156714
344.3,13,0.0001742416218820145,0.20216854750318536,3.522617561048611e-05
358.6,13,0.00025965418162810004,0.1690636939694593,4.389809510066351e-05
319.1,7,0.0002049901433906053,0.25845504086248416,5.298073588642538e-05
286.2,6,0.0002869862007468474,0.30288483516337394,8.692376810737182e-05
262.7,6,0.00038264826766246324,0.4162075719813606,0.0001592611064066676
335.7,6,0.00044414531067964484,0.23238927970910941,0.00010321460883502129
153.1,6,0.000567139396714008,0.5726797525355511,0.0003247892493633399
0.0,7,0.0009600371715460015,0.7405327171549587,0.0007109389352147218
60.3,6,0.0006218034349515027,0.7296545098910913,0.00045370168057813577
135.2,5,0.0007413810185960226,0.6636218775885017,0.0004919966635691683
225.4,5,0.00029723570791637767,0.5324367630940539,0.00015825921819896576
266.5,4,0.00013324359320389343,0.3443141193429961,4.587765045209499e-05
294.6,4,6.491354540702501e-05,0.3034993983167588,1.9701221973639695e-05
359.8,4,4.4414531067964485e-05,0.11184570629090843,4.967574596875983e-06
399.9,4,1.3666009559373686e-05,0.11121259837013732,1.519832432449083e-06
746.8,0,3.074852150859079e-05,0.03740089579951656,1.150022248931998e-06
580.4,2,6.833004779686844e-05,0.030726068086505277,2.0995137009607396e-06
559.2,2,2.3915516728903952e-05,0.018321254344876237,4.3816226477939187e-07
663.3,1,3.4165023898434215e-06,0.010764311770097188,3.677629688755671e-08
751.5,0,0.0,0.017146973512790705,0.0
796.6,0,0.0,0.018453659593487656,0.0
725.6,1,0.0,0.016436169911316193,0.0
772.7,0,0.0,0.01915152494682099,0.0
939.7,0,0.0,0.018453659593487656,0.0
936.8,0,0.0,0.018453659593487656,0.0
999.5,0,0.0,0.018453659593487656,0.0
1044.8,0,0.0,0.018453659593487656,0.0
936.2,0,0.0,0.018453659593487656,0.0
1006.5,0,0.0,0.018453659593487656,0.0
1002.0,0,0.0,0.018453659593487656,0.0
1054.4,0,0.0,0.018453659593487656,0.0
994.1,0,0.0,0.018453659593487656,0.0
785.4,0,0.0,0.01915152494682099,0.0
863.5,0,0.0,0.018453659593487656,0.0
877.3,0,0.0,0.018453659593487656,0.0
573.7,2,0.0,0.017747887271328523,0.0
991.8,0,0.0,0.018453659593487656,0.0
714.7,1,0.0,0.01587155120449283,0.0
705.1,2,0.0,0.015084315951872696,0.0
630.2,2,0.0,0.015122141597511893,0.0
653.1,2,0.0,0.014849156423516797,0.0
554.5,2,0.0,0.019966266074172352,0.0
539.6,2,6.833004779686843e-06,0.006946720582861096,4.746697494583884e-08
496.6,2,0.0,0.026309968106598566,0.0
469.2,2,0.0,0.03775828662860021,0.0
372.9,2,0.0,0.25813818318006604,0.0
428.2,2,0.0,0.22354341233993263,0.0
321.7,4,2.7332019118747372e-05,0.15225714840434204,4.161495291153432e-06
290.6,5,0.0002938192055265343,0.3351443129298919,9.847183576179702e-05
218.1,5,0.0003553162485437159,0.4697941098480062,0.00016692548069912791
178.3,5,0.0005022258513069829,0.6234890665610282,0.0003131323272342085
196.7,5,0.00038948127244215006,0.5653118336866979,0.00022017837231090023
207.4,7,0.0004099802867812106,0.3589261765506599,0.00014715265679552297
285.9,9,0.0003416502389843422,0.34134357430610973,0.00011662011373745196
230.9,10,0.00035189974615387244,0.4063504181443635,0.00014299460899452144
211.7,11,0.00026648718640778687,0.3706362231953046,9.876980430012523e-05
147.0,12,0.0005466403823749475,0.49440634163781977,0.0002702624716414967
123.0,12,0.0007618800329350831,0.6697239359710799,0.0005102492943950598
125.3,13,0.0009053731333085067,0.6926254941592463,0.0006270845138563097
170.9,15,0.0008677916070202291,0.617738162894106,0.0005360679930956003
187.1,15,0.001093280764749895,0.5027195594954467,0.0005496136244599123
216.3,13,0.0007755460424944567,0.38402412876796793,0.00029782839328837917
0.0,15,0.001223107855563945,0.7190834916067567,0.0008795166673905741
144.5,16,0.0012743553914115963,0.6540033893487073,0.0008334327452179824
181.3,15,0.0003143182198655948,0.5474397261844804,0.00017207028021801453
262.2,14,0.0002494046744585698,0.3005155723934164,7.494998850251078e-05
232.3,16,0.00036556575571324615,0.36644734291702,0.00013396059984257147
258.1,16,0.00045097831545933166,0.33545940730931695,0.00015128491841334156
364.9,13,0.0002494046744585698,0.15711990253708494,3.918643814322388e-05
255.6,16,0.00027332019118747375,0.33207765126679545,9.076352713332776e-05
256.8,16,0.00032115122464528164,0.3272345603830041,0.00010509177981326213
206.6,16,0.00021865615294997898,0.33627995010061107,7.352968020321051e-05
258.2,12,0.000348483243764029,0.3026413950713399,0.00010546545505173155
242.7,12,0.00040656378439136716,0.3542896574213132,0.0001440413438919301
226.7,8,0.0005500568847647909,0.45894497475009655,0.00025244584308949374
234.7,7,0.00022207265533982242,0.5006018097500184,0.0001111699731591072
158.4,8,0.0005773889038835383,0.534102682138147,0.0003083849622010026
127.1,7,0.0005808054062733817,0.693656667906991,0.0004028795428179601
113.8,7,0.00046806082740854875,0.6560786590431433,0.0003070847199968248
124.7,5,0.000526141368035887,0.6994816682619546,0.00036802624185536926
221.3,4,0.00039973077961168033,0.5732432211647174,0.00022914295970328336
295.6,4,0.00018449112905154477,0.3583833178723457,6.611854294750772e-05
328.3,4,0.00016740861710232767,0.12958698373448457,2.1693977741451893e-05
381.2,4,7.516305257655528e-05,0.0820237997841689,6.165159175706331e-06
946.4,0,2.3915516728903952e-05,0.06520845802296514,1.559493968714254e-06
880.1,0,1.0249507169530265e-05,0.021102928610163475,2.1629461808795588e-07
760.8,0,2.3915516728903952e-05,0.023060733945313553,5.515093684499495e-07
715.1,1,2.3915516728903952e-05,0.016419531150593143,3.926815719127699e-07
591.3,2,1.708251194921711e-05,0.016926837330301186,2.8915290095732426e-07
612.5,2,2.3915516728903952e-05,0.06842816302270191,1.6364948774975944e-06
682.5,2,3.4165023898434215e-06,0.008344720922302385,2.8509758973622502e-08
679.5,1,0.0,0.01515092864154045,0.0
726.2,1,0.0,0.015602836577982861,0.0
846.1,0,0.0,0.018453659593487656,0.0
893.5,0,0.0,0.018453659593487656,0.0
960.3,0,0.0,0.018453659593487656,0.0
1023.3,0,0.0,0.018453659593487656,0.0
1052.9,0,0.0,0.018453659593487656,0.0
1010.4,0,0.0,0.018453659593487656,0.0
1030.9,0,0.0,0.018453659593487656,0.0
950.3,0,0.0,0.018453659593487656,0.0
1069.2,0,0.0,0.018453659593487656,0.0
1084.0,0,0.0,0.018453659593487656,0.0
766.2,0,0.0,0.018292913074720533,0.0
786.6,0,0.0,0.01915152494682099,0.0
953.1,0,0.0,0.018453659593487656,0.0
794.1,0,0.0,0.018453659593487656,0.0
782.3,0,0.0,0.01915152494682099,0.0
835.9,0,0.0,0.018453659593487656,0.0
671.7,1,0.0,0.015202642277298027,0.0
677.4,1,6.833004779686843e-06,0.001166948457678648,7.97376438896639e-09
533.6,2,6.833004779686843e-06,0.0012062990157001392,8.242646940010585e-09
554.6,2,1.708251194921711e-05,0.0006352486752769587,1.0851643086142987e-08
492.7,2,1.3666009559373686e-05,0.1615431562494295,2.2076503175561006e-06
569.3,2,3.4165023898434215e-06,0.0013806607301971982,4.717030684281691e-09
478.9,2,6.833004779686843e-06,0.016573428949690803,1.1324631922903755e-07
318.2,4,0.0,0.1597904126928273,0.0
315.8,4,0.0,0.15908086634137036,0.0
267.7,4,3.074852150859079e-05,0.365554068267757,1.1240247130683992e-05
235.2,4,0.00020157364100076189,0.491476238342316,9.90686548280189e-05
178.9,5,0.000348483243764029,0.6156161430405329,0.00021453191044026537
104.6,5,0.0005534733871546343,0.6909762832575844,0.0003824369839380953
141.8,6,0.0004988093489171396,0.6210069610835705,0.0003097640779311072
197.8,8,0.00036556575571324615,0.4041639619419458,0.00014774850417936707
294.9,8,0.00026648718640778687,0.24637531434694546,6.565586432065154e-05
254.5,10,0.00038948127244215006,0.2889772639694561,0.00011255123247767485
275.2,8,0.0004851433393577659,0.27387960247290744,0.00013287086492568375
225.8,10,0.0006559684588499369,0.4032847337110202,0.0002645420652501251
222.6,12,0.0007311315114264923,0.37894256746505073,0.0002770568520945581
192.6,13,0.000696966487528058,0.46784692568288494,0.0003260736284940007
220.3,14,0.0006081374253921291,0.3734612994592344,0.00022711579313673775
276.9,12,0.0006013044206124422,0.32237594630154875,0.00019384608161024055
110.6,14,0.0007482140233757093,0.6799877974758747,0.0005087764057958112
108.1,16,0.0013085204153100306,0.69408740487828,0.0009082275392927883
96.9,16,0.0010386167265124002,0.710860974685898,0.0007383120985336816
125.3,17,0.0005739724014936948,0.6829332266823034,0.0003919848241786795
208.1,15,0.0005022258513069829,0.38938924467094266,0.00019556134489464726
328.0,14,0.000802878061613204,0.21745226190149514,0.0001745876505288792
266.0,16,0.0010898642623600515,0.3534811148733828,0.000385246434519688
325.8,14,0.0004407288082898014,0.1886704612832098,8.315250756083617e-05
315.3,15,0.0002391551672890395,0.2388140318464783,5.711360973721452e-05
447.1,12,0.00036556575571324615,0.09972589890859761,3.645637359870427e-05
235.9,15,0.0004543948178491751,0.359116110358697,0.0001631804995531444
186.4,13,0.0007687130377147699,0.48953486844466293,0.00037631183578939705
142.8,12,0.001093280764749895,0.6347384244838142,0.0006939473101358079
165.3,8,0.0010898642623600515,0.5825405788764765,0.0006348901582920084
171.3,10,0.00039973077961168033,0.5758448286814392,0.00023018290230418617
192.3,9,0.0005842219086632251,0.43301589822874237,0.0002529773745447167
208.8,6,0.00027673669357731714,0.5762649297240855,0.00015947365127640844
215.9,4,0.00039973077961168033,0.5372140961790445,0.00021474100948403366
153.7,6,0.0004236462963405843,0.5413648078313393,0.00022934719580687906
258.8,4,0.0003860647700523067,0.3858120633654583,0.00014894844552659165
300.1,4,9.566206691561581e-05,0.3812968988637884,3.647564945382452e-05
381.2,4,0.00016057561232264082,0.098879355416405,1.5877613042057264e-05
541.1,4,0.0001264105884242066,0.06657003028196055,8.415156699359887e-06
946.4,0,1.3666009559373686e-05,0.03300571174217393,4.510563721824812e-07
942.5,0,2.049901433906053e-05,0.030812672178821443,6.316294088184322e-07
822.7,0,1.3666009559373686e-05,0.02236162822594755,3.0559422509895965e-07
822.7,0,6.833004779686843e-06,0.042081560956538214,2.875435071527089e-07
543.8,2,1.0249507169530265e-05,0.22742551983357065,2.33099949606833e-06
634.8,2,2.3915516728903952e-05,0.018383622819415985,4.3965383907560346e-07
576.8,2,5.1247535847651325e-05,0.020656382223483902,1.0585886884807788e-06
647.7,2,1.708251194921711e-05,0.013354369144521643,2.2812617048554723e-07
689.7,1,0.0,0.014595373084873785,0.0
817.2,0,0.0,0.018453659593487656,0.0
899.4,0,0.0,0.018453659593487656,0.0
899.3,0,0.0,0.018453659593487656,0.0
891.5,0,0.0,0.018453659593487656,0.0
926.9,0,0.0,0.018453659593487656,0.0
1023.7,0,0.0,0.018453659593487656,0.0
1020.1,0,0.0,0.018453659593487656,0.0
927.6,0,0.0,0.018453659593487656,0.0
1001.9,0,0.0,0.018453659593487656,0.0
1017.6,0,0.0,0.018453659593487656,0.0
746.2,0,0.0,0.01762316398945737,0.0
837.3,0,0.0,0.018453659593487656,0.0
930.4,0,0.0,0.018453659593487656,0.0
823.5,0,0.0,0.018453659593487656,0.0
884.5,0,0.0,0.018453659593487656,0.0
835.8,0,0.0,0.018453659593487656,0.0
795.4,0,0.0,0.018453659593487656,0.0
614.5,2,1.0249507169530265e-05,0.003924460574518951,4.0223786795070846e-08
607.3,2,1.708251194921711e-05,0.0017514320392263887,2.991885873832647e-08
533.4,2,2.049901433906053e-05,0.00241873120907545,4.958160573717086e-08
544.4,2,2.049901433906053e-05,0.007014730347754079,1.4379505798325392e-07
417.1,2,1.708251194921711e-05,0.03717450927231302,6.350339988505695e-07
372.2,3,6.833004779686843e-06,0.08466959914557005,5.785477756558492e-07
325.1,4,6.833004779686843e-06,0.06171352620267415,4.216888195142017e-07
265.8,4,6.833004779686843e-06,0.37304301483848745,2.549004703420175e-06
202.8,4,0.00030748521508590793,0.528406476521895,0.00016247717908612165
159.2,5,0.0001742416218820145,0.6533790516720118,0.0001138458256670639
0.0,5,0.0003416502389843422,0.7076953058866434,0.00024178427038426886
292.4,4,0.0002084066457804487,0.3015895763947038,6.28532720187666e-05
229.9,5,0.00010249507169530265,0.5250921067721208,5.3819353130246034e-05
229.3,6,0.0003792317652726198,0.4611355662007298,0.0001748772548002918
334.9,6,0.00022207265533982242,0.25556420890720216,5.675382248184348e-05
339.2,8,0.0002562376792382566,0.1800127597566938,4.612605179332906e-05
285.3,9,0.00046122782262886193,0.3299120061047623,0.00015216459623481932
260.8,11,0.0005842219086632251,0.33075180740202237,0.00019323245221422093
294.4,12,0.00044414531067964484,0.20907356406931038,9.285904306846448e-05
292.2,14,0.00046122782262886193,0.2354306323191634,0.0001085871579247039
314.6,12,0.00030748521508590793,0.2727912616066213,8.387927974866813e-05
287.0,13,0.0004919763441374527,0.3330573615683427,0.00016385634313245898
204.1,12,0.0007721295401046134,0.4486330419607656,0.00034640282436489963
103.4,13,0.0008951236261389764,0.6911587828886046,0.0006186725559770492
0.0,17,0.0011206127838686423,0.7089175590471264,0.0007944220793771629
97.1,17,0.0008917071237491331,0.7070074100797686,0.0006304435441115543
174.9,16,0.0008712081094100725,0.5870876986104893,0.0005114755639643548
253.0,15,0.0009122061380881936,0.3598539455366781,0.0003282609779338123
292.0,15,0.0010591157408514607,0.2580239326799754,0.0002732772086177596
328.7,15,0.0008780411141897594,0.20861715145686807,0.00018317443610428222
373.7,14,0.00010249507169530265,0.16688050404797228,1.7104429226945163e-05
254.3,16,0.00017765812427185794,0.27249691242826424,4.8411290331878155e-05
260.0,14,0.0005739724014936948,0.30984508415139994,0.00017784252704139498
192.2,13,0.0006218034349515027,0.4560997743051599,0.0002836044063435536
113.3,14,0.0011786933244959804,0.6922046126042065,0.0008158969560619044
85.9,12,0.000980536185885062,0.7057687180446556,0.0006920317669084963
102.9,10,0.00032115122464528164,0.7078412585332909,0.0002273240870324238
154.9,9,0.00041339678917105404,0.5317899158084657,0.00021984024370876488
222.0,7,0.00038948127244215006,0.3805405358006749,0.0001482134120994644
214.0,6,0.0003314007318148119,0.4535121098602404,0.00015029424509456303
223.5,4,0.0002630706840179435,0.5134198304821667,0.00013506570599332017
274.4,5,0.00013324359320389343,0.36169125884413006,4.819304295883139e-05
304.8,5,5.4664038237494744e-05,0.2382567744909941,1.3024077431117864e-05
525.1,4,0.00010591157408514608,0.06907086262944927,7.315403784503864e-06
511.1,4,5.4664038237494744e-05,0.08049406059843281,4.40013040644395e-06
511.1,4,1.708251194921711e-05,0.15387577634931154,2.628584788182174e-06
499.8,1,1.0249507169530265e-05,0.23461442402507415,2.404682221120211e-06
688.3,1,3.416502389843422e-05,0.03741845182277941,1.278402300767668e-06
735.8,1,2.7332019118747372e-05,0.06848535744522456,1.8718430990471255e-06
492.1,2,2.7332019118747372e-05,0.14183594487365017,3.876662757012205e-06
529.7,2,0.00010249507169530265,0.07867889544764019,8.064199029813102e-06
571.6,1,0.0001264105884242066,0.05860339483235696,7.4080896244143515e-06
654.1,1,0.0001708251194921711,0.07793683310147881,1.3313568827401512e-05
687.6,1,1.0249507169530265e-05,0.011090659544957769,1.1367379452086392e-07
783.8,0,0.0,0.01915152494682099,0.0
720.9,1,0.0,0.018359246834649533,0.0
859.6,0,0.0,0.018453659593487656,0.0
847.5,0,0.0,0.018453659593487656,0.0
902.5,0,0.0,0.018453659593487656,0.0
951.2,0,0.0,0.018453659593487656,0.0
909.8,0,0.0,0.018453659593487656,0.0
894.7,0,0.0,0.018453659593487656,0.0
974.7,0,0.0,0.018453659593487656,0.0
912.9,0,0.0,0.018453659593487656,0.0
743.7,1,0.0,0.016978185956590865,0.0
855.9,0,0.0,0.018453659593487656,0.0
879.7,0,0.0,0.018453659593487656,0.0
912.2,0,0.0,0.018453659593487656,0.0
989.4,0,0.0,0.018453659593487656,0.0
810.2,0,0.0,0.018453659593487656,0.0
813.2,0,0.0,0.018453659593487656,0.0
685.3,1,2.049901433906053e-05,0.0009816537928702927,2.0122935176041286e-08
593.7,2,6.833004779686843e-06,0.0006041961853937042,4.128475422663739e-09
537.9,2,6.833004779686843e-06,0.006125206175788305,4.1853563075728857e-08
517.8,1,2.049901433906053e-05,0.00843916083526249,1.7299447897168383e-07
460.8,2,2.049901433906053e-05,0.027377031111818752,5.612021533220788e-07
467.1,1,3.416502389843422e-05,0.0406177742913643,1.3877072293656685e-06
460.2,1,2.7332019118747372e-05,0.031833708636765955,8.700795330807205e-07
277.2,4,4.4414531067964485e-05,0.36576656580358197,1.624535050050587e-05
321.7,3,0.0003792317652726198,0.20804898005759903,7.889878197041136e-05
266.0,4,0.00022548915772966583,0.37427368568373764,8.439465814520369e-05
256.4,4,0.0001434931003734237,0.39130757690390333,5.614993740955302e-05
296.0,5,0.00013666009559373687,0.29436296171770054,4.022767048759647e-05
312.8,5,0.00012299408603436317,0.3220265837191908,3.9607365343310206e-05
277.7,6,0.00017765812427185794,0.3181178071320354,5.651621291255408e-05
324.6,7,0.00016057561232264082,0.2548120026352507,4.091659335031375e-05
385.1,7,0.0002494046744585698,0.11424647640489695,2.8493605255801997e-05
379.8,8,0.00035189974615387244,0.14134915013724553,4.974073005236231e-05
261.3,12,0.00043047930112027113,0.31641272864783515,0.00013620913029387807
264.0,13,0.0004919763441374527,0.32361052689010134,0.00015920872394378687
330.3,13,0.000348483243764029,0.231665333176817,8.073148677313171e-05
330.7,12,0.0002084066457804487,0.20935542311893543,4.363106150816394e-05
410.5,11,0.00022890566011950924,0.10520523198595794,2.408207307577181e-05
211.8,14,0.0006286364397311896,0.41188845984705513,0.00025892809496461577
182.5,12,0.000567139396714008,0.5145894128311831,0.0002918439291484928
90.1,13,0.0008267935783421081,0.6913691005126545,0.0005716195325680222
128.5,17,0.0006730509707991541,0.6729620902324629,0.0004529377881419871
236.1,14,0.0005398073775952606,0.35946658622851013,0.0001940427152451327
187.4,14,0.0008097110663928909,0.4906065622536667,0.0003972495627017667
238.0,13,0.0007277150090366488,0.3547597000601956,0.00025816395833514404
290.6,14,0.0007072159946975883,0.26591214034709826,0.00018805731883773778
348.5,12,7.516305257655528e-05,0.24661952322922948,1.853667619088357e-05
337.3,12,0.00011957758364451976,0.22176070570693723,2.6517609335739015e-05
234.0,14,0.0004270627987304277,0.367971203510314,0.00015714681202331848
156.6,14,0.00036898225810308953,0.5712795245043494,0.0002107920089596741
86.6,13,0.0009839526882749053,0.7006575087494222,0.000689413839293992
0.0,13,0.0010796147551905212,0.7168818458690841,0.0007739562185284802
69.8,12,0.0008097110663928909,0.6699049521949378,0.0005424294532236418
124.2,9,0.0006149704301718159,0.6489927294196651,0.0003991113379895924
188.6,8,0.0003621492533234027,0.42716975742898244,0.00015469920869524504
230.7,6,0.00036556575571324615,0.4182067210843106,0.00015288205603754477
232.7,6,0.0003245677270351251,0.45462921631464864,0.00014755797138300573
233.8,6,0.0001742416218820145,0.39213735966809843,6.832664954910033e-05
298.8,6,9.907856930545922e-05,0.1824416873893072,1.80760613682064e-05
404.5,4,9.224556452577238e-05,0.08813356167698694,8.129930150560639e-06
433.8,3,3.758152628827764e-05,0.1285938359248003,4.832752625318344e-06
485.9,1,3.074852150859079e-05,0.2465960576748298,7.5824641833482e-06
452.5,1,3.758152628827764e-05,0.07171525373299519,2.6951686934370596e-06
509.6,1,2.7332019118747372e-05,0.022290247152122456,6.092374613234151e-07
532.1,1,2.7332019118747372e-05,0.035376072697072325,9.668994953025777e-07
446.5,2,7.174655018671185e-05,0.052358362173317456,3.7565318593619562e-06
539.1,1,0.00013666009559373687,0.05870657788055232,8.022846545137438e-06
589.1,1,0.0001879076314413882,0.04676492529640072,8.787486346980118e-06
654.2,1,0.00019132413383123162,0.044840170555184265,8.579006792315325e-06
675.6,1,2.7332019118747372e-05,0.032052984284403084,8.760727792742141e-07
664.3,1,0.0,0.014616623813184551,0.0
676.4,1,0.0,0.016207094699873782,0.0
727.9,1,0.0,0.015602836577982861,0.0
766.6,0,0.0,0.018292913074720533,0.0
757.6,0,0.0,0.018292913074720533,0.0
861.8,0,0.0,0.018453659593487656,0.0
856.7,0,0.0,0.018453659593487656,0.0
833.8,0,0.0,0.018453659593487656,0.0
842.6,0,0.0,0.018453659593487656,0.0
1207.1,0,0.0,0.018453659593487656,0.0
724.5,1,0.0,0.016436169911316193,0.0
809.2,0,0.0,0.018453659593487656,0.0
879.2,0,0.0,0.018453659593487656,0.0
654.0,1,0.0,0.014616623813184551,0.0
780.8,0,0.0,0.01915152494682099,0.0
753.1,0,0.0,0.017146973512790705,0.0
682.5,1,0.0,0.014595373084873785,0.0
634.8,1,2.3915516728903952e-05,0.007499545357366514,1.7935550245327282e-07
569.5,1,2.7332019118747372e-05,0.001022594228410662,2.7949565001640934e-08
536.7,1,3.4165023898434215e-06,0.01293984604151267,4.4209014925033975e-08
563.3,1,4.099802867812106e-05,0.014571350943000943,5.97396663840119e-07
570.3,1,0.00016057561232264082,0.022845829049380994,3.6684829886227283e-06
452.7,1,5.4664038237494744e-05,0.030654704665720692,1.6757099480060645e-06
423.9,1,1.708251194921711e-05,0.11309998742442519,1.932031886634048e-06
359.5,2,4.7831033457807905e-05,0.10611944596939386,5.0758027706861164e-06
319.8,3,6.149704301718158e-05,0.20670726626544028,1.2711885645489789e-05
337.5,3,0.00011957758364451976,0.19168420236688358,2.2921133741859072e-05
266.8,4,0.00016399211471248423,0.3769214632248473,6.181214783476657e-05
364.1,3,0.0001400765979835803,0.17729829048673793,2.4835341359686827e-05
370.3,5,0.00039973077961168033,0.14725568414713516,5.886262942638569e-05
316.4,5,0.0002528211768484132,0.35688238778146086,9.02274252753807e-05
271.5,7,0.00020157364100076189,0.24483828412610664,4.935294438767836e-05
244.3,7,0.00019815713861091845,0.40365454697130315,7.998703001512e-05
236.0,9,0.00030748521508590793,0.3432741073983793,0.00010555171274681372
211.7,11,0.0005124753584765132,0.3579910198918557,0.00018346157625045132
252.5,11,0.0003860647700523067,0.3327323044885622,0.00012845622062135088
234.5,13,0.0003758152628827764,0.3644469030642879,0.00013696470868191908
281.6,13,0.00022890566011950924,0.33481098885509497,7.664013041914117e-05
309.0,14,0.0003450667413741856,0.22975879580068034,7.928211896899769e-05
310.6,13,0.0006593849612397804,0.20428671364788986,0.00013470358676051598
229.6,12,0.000591054913442912,0.3824276905468212,0.0002260357655343241
172.3,12,0.000679883975578841,0.6297189434667789,0.00042813581878150105
127.7,15,0.0006081374253921291,0.6817067317041512,0.0004145713766910454
172.6,14,0.00046464432501870537,0.6240811106674026,0.00028997574642297924
217.1,13,0.0008302100807319515,0.3713961900470736,0.00030833686092252016
217.5,11,0.0007618800329350831,0.391537561134271,0.00029830464997230053
293.0,12,0.0007037994923077449,0.20922247373116865,0.00014725067079136698
323.9,13,0.00018449112905154477,0.2852686015779328,5.262952638806811e-05
365.8,9,0.00013666009559373687,0.17340331871230846,2.3697314111495295e-05
169.3,13,0.00041339678917105404,0.4908160953997929,0.0002029017979117481
143.7,13,0.0006183869325616594,0.5597546188862302,0.0003461449417602766
0.0,12,0.0006491354540702502,0.6652618155855811,0.0004318450307357452
136.4,9,0.0007447975209858659,0.6664645781350276,0.0004963811656198595
108.4,10,0.0007687130377147699,0.6660331314837536,0.0005119883517215569
192.6,8,0.000478310334578079,0.5036271292163655,0.00024089006067807723
134.7,9,0.00043731230589995796,0.592127407339328,0.00025894460189012524
213.2,7,0.0001742416218820145,0.383312223475854,6.678894350563398e-05
260.4,6,0.0001879076314413882,0.3063339283692454,5.756248291000078e-05
295.3,6,0.00013666009559373687,0.17727621090613732,2.4226583928928185e-05
359.6,4,6.491354540702501e-05,0.18873003751076653,1.2251135859624676e-05
325.5,4,0.00011957758364451976,0.16373759230828716,1.9579345639996483e-05
354.2,4,0.00016399211471248423,0.19836939958904362,3.2531017332853066e-05
346.9,4,7.85795549663987e-05,0.16019815441950122,1.2588299680722824e-05
351.3,3,5.4664038237494744e-05,0.14093452639667642,7.704050339931131e-06
443.2,1,7.516305257655528e-05,0.03338933212387138,2.5096441259226107e-06
417.4,3,3.758152628827764e-05,0.06351611982310408,2.3870327268613784e-06
456.8,1,0.00021182314817029215,0.06628122001659144,1.4039896688482183e-05
495.6,1,0.00012982709081405002,0.06279529002217664,8.152529820403735e-06
565.3,1,9.907856930545922e-05,0.06167416488786234,6.110588020198389e-06
580.4,1,4.099802867812106e-05,0.06260113971944913,2.5665233215010383e-06
604.9,1,2.049901433906053e-05,0.010819478045910486,2.2178863560426965e-07
672.5,1,0.0,0.015739258439873782,0.0
670.5,1,0.0,0.015202642277298027,0.0
721.0,1,0.0,0.018359246834649533,0.0
748.5,0,0.0,0.01762316398945737,0.0
812.5,0,0.0,0.018453659593487656,0.0
787.4,0,0.0,0.01915152494682099,0.0
853.0,0,0.0,0.018453659593487656,0.0
785.0,0,0.0,0.01915152494682099,0.0
780.2,0,0.0,0.01915152494682099,0.0
768.8,0,0.0,0.01915152494682099,0.0
787.8,0,0.0,0.01915152494682099,0.0
740.1,1,0.0,0.015997498167760638,0.0
803.0,0,0.0,0.018453659593487656,0.0
888.9,0,0.0,0.018453659593487656,0.0
837.2,0,0.0,0.018453659593487656,0.0
713.6,1,0.0,0.01572678334154045,0.0
673.3,1,0.0,0.016207094699873782,0.0
700.9,1,6.833004779686843e-06,0.0036685977210507265,2.5067545762687875e-08
775.6,0,2.049901433906053e-05,0.005644376050026725,1.1570414558454768e-07
655.8,1,1.3666009559373686e-05,0.005215801741390747,7.127919645764388e-08
648.7,1,2.7332019118747372e-05,0.010974630732527805,2.999588170026424e-07
535.0,1,4.7831033457807905e-05,0.00960344890337856,4.5934288580784853e-07
542.9,2,5.808054062733817e-05,0.016039617110731215,9.315896332467729e-07
562.3,1,9.907856930545922e-05,0.014487219081508653,1.4353729398106265e-06
429.2,2,7.85795549663987e-05,0.061291097632552485,4.816227175368068e-06
373.5,2,6.491354540702501e-05,0.15349012686467856,9.963588319760341e-06
357.9,3,0.00018107462666170135,0.1967283483342955,3.562251222840569e-05
403.1,3,0.0003416502389843422,0.12238760681854949,4.181375511827914e-05
374.3,3,0.00026648718640778687,0.1299486673940993,3.462965475129484e-05
419.7,4,0.0003143182198655948,0.06766718668348114,2.1269029661664674e-05
226.0,5,0.0001879076314413882,0.5142430265386021,9.663018910211965e-05
220.2,5,0.00035189974615387244,0.5331130392537428,0.0001876023431847115
318.4,5,0.00040656378439136716,0.31394300360396166,0.00012763785562841927
135.9,8,0.00040314728200152377,0.5541670442743379,0.00022341093767401743
120.8,10,0.0003860647700523067,0.6213996831838028,0.00023990052579893104
173.5,11,0.0006218034349515027,0.5327052984167367,0.0003312379843723922
208.2,12,0.00036556575571324615,0.39005760965314173,0.00014259170484455313
314.4,12,0.0003109017174757514,0.19208752142468774,5.972034031659561e-05
327.1,13,0.00039973077961168033,0.22999012241560532,9.193413093617571e-05
283.3,11,0.0006183869325616594,0.3252539840753509,0.00020113281351581504
171.7,14,0.0006628014636296238,0.5711863163808786,0.0003785831265024597
166.0,14,0.0013426854392084647,0.6457845131290916,0.0008670854626447588
144.5,14,0.004188631929948035,0.6375662539074818,0.0026705303685742345
105.7,14,0.0006935499851382146,0.6957222395355218,0.00048251814889018656
94.2,13,0.0006628014636296238,0.6639306998316654,0.00044005423959706826
157.2,11,0.000679883975578841,0.5782893011375273,0.00039316962909209164
248.9,10,0.0006833004779686843,0.39800180439652233,0.00027195482317654253
288.8,11,0.00033823373659449873,0.3057329498484254,0.00010340919802729141
314.9,13,0.00026648718640778687,0.23782366141679315,6.337695839215935e-05
289.1,12,0.0001879076314413882,0.35054899204268924,6.587083079890778e-05
162.7,11,0.00043731230589995796,0.4821078629021348,0.00021083170121823338
103.0,13,0.00045097831545933166,0.5837682610877329,0.0002632668270039691
169.3,8,0.00046122782262886193,0.5510719440090635,0.00025416971284715446
206.4,8,0.00039973077961168033,0.46580341969687805,0.00018619596410121979
215.7,8,0.00047489383218823563,0.33222766073563986,0.00015777286696568103
282.2,6,0.0005603063919343212,0.3339583577775089,0.00018711900250262714
297.8,6,0.00010932807647498949,0.2710115074049543,2.9629166807171022e-05
268.7,6,0.00015374260754295397,0.23847293254153332,3.666345047735029e-05
329.1,5,0.00015374260754295397,0.10687991099925465,1.6431996210984256e-05
317.8,4,0.00017765812427185794,0.23798418201613525,4.227982338335902e-05
262.7,4,0.0004099802867812106,0.3885158372291953,0.00015928383436626762
247.6,4,0.00040314728200152377,0.4266569585257582,0.00017200559317669627
257.8,4,0.0002391551672890395,0.37238018125420136,8.905664454297139e-05
299.1,4,9.224556452577238e-05,0.3557187387513307,3.2813475868512244e-05
380.7,3,7.516305257655528e-05,0.12741155455969438,9.57664137423095e-06
363.3,3,0.00016057561232264082,0.17990091703734395,2.888769991067611e-05
452.1,1,0.0004099802867812106,0.07594598934787739,3.113635849272554e-05
468.6,1,0.0002084066457804487,0.0633359330985625,1.3199629374446313e-05
549.1,1,4.099802867812106e-05,0.031240157846029765,1.2807848872805568e-06
575.8,1,1.0249507169530265e-05,0.034585137229769095,3.544806119957064e-07
599.1,1,0.0,0.01804019637973821,0.0
622.4,1,6.833004779686843e-06,0.0006276213814727349,4.288539899436857e-09
661.4,1,0.0,0.014616623813184551,0.0
674.1,1,0.0,0.016207094699873782,0.0
633.7,1,0.0,0.014755512701934552,0.0
838.4,0,0.0,0.018453659593487656,0.0
712.5,1,0.0,0.01572678334154045,0.0
762.4,0,0.0,0.018292913074720533,0.0
722.5,1,0.0,0.01752591350131619,0.0
706.2,1,0.0,0.014851783341540453,0.0
665.5,1,0.0,0.014616623813184551,0.0
740.9,1,0.0,0.015997498167760638,0.0
758.2,0,0.0,0.018292913074720533,0.0
753.8,0,0.0,0.017146973512790705,0.0
868.6,0,0.0,0.018453659593487656,0.0
779.7,0,0.0,0.01915152494682099,0.0
736.3,1,0.0,0.015602836577982861,0.0
739.2,1,0.0,0.015997498167760638,0.0
744.2,1,0.0,0.016978185956590865,0.0
698.9,1,2.049901433906053e-05,0.006924638317830829,1.4194826017002213e-07
660.4,1,1.708251194921711e-05,0.004104690631390747,7.011842675857197e-08
634.3,1,3.074852150859079e-05,0.007355188460769232,2.2616117058570154e-07
587.7,2,6.833004779686843e-06,0.006491691932975108,4.435776200627343e-08
583.7,2,1.3666009559373686e-05,0.010113121662677652,1.382060173172619e-07
518.2,2,0.00010249507169530265,0.03856533079826656,3.952756345121394e-06
482.8,2,0.0001400765979835803,0.045183330068363434,6.32912716154556e-06
455.2,2,0.0002391551672890395,0.051788088579089495,1.2385388987711744e-05
403.8,3,0.00032115122464528164,0.13164339788143506,4.2277438446088946e-05
431.3,3,0.0002391551672890395,0.07501463583704017,1.794013778273372e-05
438.0,3,0.00010591157408514608,0.051688470626861514,5.47440728614474e-06
333.6,3,0.00010591157408514608,0.19931660595205292,2.110993547769072e-05
380.0,3,3.758152628827764e-05,0.1675145192125869,6.295451307456024e-06
198.7,5,0.00019474063622107503,0.5021499532354535,9.77890013714553e-05
172.6,3,0.0004851433393577659,0.6803829913185834,0.0003300832764505234
82.2,8,0.0006286364397311896,0.5701606740529384,0.00035842377621137444
65.0,8,0.00040314728200152377,0.6724600013797274,0.000271100421810978
165.4,8,0.0007721295401046134,0.5545901068943119,0.0004282154041828734
203.9,11,0.0005739724014936948,0.4078139068895473,0.00023407392749991948
275.1,11,0.0003006522103062211,0.2856813109542127,8.58907175815629e-05
307.3,12,0.00040656378439136716,0.2732199491894491,0.00011108133651367947
234.6,11,0.00042022979395074086,0.3689809864389169,0.00015505680390296716
215.3,10,0.000478310334578079,0.4344206699455854,0.0002077878959893062
157.6,12,0.0004988093489171396,0.6542234577044065,0.0003263327769838548
55.9,14,0.0012094418460045712,0.6879005051204541,0.0008319756567803589
0.0,14,0.0007174655018671185,0.6982368673330561,0.0005009608644432358
87.1,13,0.0005808054062733817,0.6737051143926817,0.0003912915726732966
155.1,12,0.0005534733871546343,0.5571415537868764,0.0003083630228990183
181.0,11,0.00043047930112027113,0.5382164183054698,0.00023169102760359415
279.9,12,0.0003792317652726198,0.312642025917995,0.0001185637873872894
368.2,11,0.0003963142772218369,0.1964731569317149,7.786511718288513e-05
325.0,12,0.00010249507169530265,0.2531408911470475,2.5945693787129438e-05
235.9,11,0.00019815713861091845,0.3657152665722126,7.246909077027892e-05
181.2,10,0.0004919763441374527,0.47791422542244616,0.0002351224934346175
315.0,7,0.0004099802867812106,0.2535817857253599,0.00010396353323417454
276.2,8,0.0002084066457804487,0.3099544260758195,6.459656228326559e-05
304.7,6,0.00013666009559373687,0.2891089626867543,3.950965847777795e-05
311.2,6,0.00013324359320389343,0.1582519684437698,2.1086060907037044e-05
319.9,6,7.174655018671185e-05,0.1432063071271972,1.0274558501355125e-05
377.3,4,6.833004779686844e-05,0.09992513711938142,6.827889395475965e-06
368.8,4,7.516305257655528e-05,0.132501260360469,9.95919919893377e-06
314.9,4,0.00010932807647498949,0.2427754353300184,2.6542171360009117e-05
240.9,4,0.00046806082740854875,0.5145892481928133,0.00024085906928467124
158.7,4,0.0006047209230022856,0.6767658203518365,0.0004092544515395616
241.9,4,0.00032798422942496847,0.5507753805751757,0.00018064563878419275
352.5,3,0.0001264105884242066,0.2335537871972364,2.9523671668304585e-05
342.4,3,2.7332019118747372e-05,0.1934346695166928,5.286960085458827e-06
413.1,3,5.808054062733817e-05,0.0746593570176123,4.336255818472376e-06
361.7,3,0.0004168132915608974,0.19564329285947699,8.154672486857122e-05
407.6,1,0.00043389580351011457,0.1028313901379319,4.461810864996003e-05
480.2,1,4.7831033457807905e-05,0.05957386732717687,2.849479641337206e-06
615.2,1,6.833004779686843e-06,0.005090318882379514,3.478217325342941e-08
688.9,1,0.0,0.014595373084873785,0.0
690.5,1,0.0,0.014595373084873785,0.0
748.9,0,0.0,0.01762316398945737,0.0
693.0,1,0.0,0.014595373084873785,0.0
622.2,1,0.0,0.01569149298980149,0.0
592.7,1,0.0,0.01670686304640488,0.0
662.9,1,0.0,0.014616623813184551,0.0
619.4,1,0.0,0.015995838327023712,0.0
1279.7,0,0.0,0.018453659593487656,0.0
633.8,1,0.0,0.014755512701934552,0.0
711.5,1,0.0,0.01572678334154045,0.0
723.3,1,0.0,0.016692580167982862,0.0
706.4,1,0.0,0.014851783341540453,0.0
681.5,1,0.0,0.014595373084873785,0.0
846.3,0,0.0,0.018453659593487656,0.0
840.0,0,0.0,0.018453659593487656,0.0
816.0,0,0.0,0.018453659593487656,0.0
776.5,0,0.0,0.01915152494682099,0.0
766.1,0,0.0,0.018292913074720533,0.0
745.7,0,1.3666009559373686e-05,0.0005286409943638743,7.2244128824535164e-09
684.1,1,3.074852150859079e-05,0.006189070919435078,1.9030478028444328e-07
725.8,1,2.7332019118747372e-05,0.017223486737021412,4.70752668787761e-07
751.7,0,3.416502389843422e-05,0.09972607402603707,3.4071437023965765e-06
560.2,2,6.833004779686843e-06,0.17677818609194193,1.2079261905106095e-06
516.2,2,9.224556452577238e-05,0.038555960637346114,3.556616354825451e-06
562.8,2,0.0002084066457804487,0.044641726320372305,9.303632444277566e-06
475.2,2,0.00013666009559373687,0.047350509020412795,6.470925089141713e-06
486.3,2,0.0001434931003734237,0.050535263796150275,7.251461680298436e-06
454.3,3,0.00011616108125467634,0.05241837555899508,6.088975182546568e-06
406.2,3,7.174655018671185e-05,0.07634187242667302,5.477265981407849e-06
294.5,3,3.758152628827764e-05,0.3407032704308285,1.2804148914198346e-05
320.4,3,3.758152628827764e-05,0.1811093449354812,6.80636560774553e-06
233.5,3,0.00017765812427185794,0.5397058774931749,9.58831338539346e-05
174.4,3,0.00022890566011950924,0.5935986150274399,0.0001358780828188826
95.9,6,0.0005739724014936948,0.6685415368419887,0.0003837243913994817
0.0,8,0.0007311315114264923,0.6854478961979514,0.0005011525563513176
112.2,7,0.0003758152628827764,0.6305256923580835,0.00023696117882789777
168.3,7,0.00026648718640778687,0.5006322986222479,0.0001334120926847058
247.6,9,0.0002357386648991961,0.4032497338121943,9.50615538698429e-05
342.7,11,0.00026648718640778687,0.1942316998438425,5.1760259202587365e-05
282.7,11,0.00039973077961168033,0.3083069037228015,0.0001232397589847787
269.6,11,0.0003553162485437159,0.29029747288643787,0.00010314740902773018
170.6,12,0.0004270627987304277,0.5816319593094124,0.0002483933723737399
102.1,14,0.0005193083632562001,0.6706791067926074,0.0003482892692185992
141.3,12,0.0008917071237491331,0.6317983022736975,0.0005633790469100642
0.0,11,0.0005363908752054172,0.6809104031886336,0.0003652341271028247
129.2,11,0.0006423024492905633,0.531479701400613,0.0003413707139578309
249.2,9,0.0004475618130694882,0.3592371505947854,0.00016078083044211892
310.2,9,0.0003006522103062211,0.2222510370082814,6.682026551938954e-05
382.5,11,0.00045097831545933166,0.13435919342421174,6.059308271692552e-05
426.4,9,0.00015032610515311055,0.10458540855459382,1.57219171238589e-05
256.7,9,0.0001400765979835803,0.2188751949379448,3.065929268990026e-05
215.7,10,0.0005056423536968264,0.36000629946465385,0.0001820344326069921
322.4,8,0.0003109017174757514,0.23124829466527128,7.189549197477147e-05
305.0,8,0.00022548915772966583,0.1560116103505253,3.5178926613988766e-05
331.2,5,0.00010932807647498949,0.11223264638488831,1.2270179346957522e-05
306.8,6,5.1247535847651325e-05,0.17125165233861592,8.77622519219274e-06
339.6,5,1.0249507169530265e-05,0.06534426494362475,6.69746512027367e-07
412.4,4,4.4414531067964485e-05,0.06608300888758192,2.9350458513020806e-06
335.2,4,6.149704301718158e-05,0.08702515937363173,5.351789969577314e-06
285.1,4,7.85795549663987e-05,0.2875576054469381,2.2596148663223664e-05
200.3,4,0.00011274457886483292,0.5821427859678598,6.563344324314692e-05
216.8,4,0.0008370430855116383,0.5247516722862737,0.0004392397588978946
174.5,3,0.0017082511949217108,0.6093420485816897,0.0010409092826057147
203.9,3,8.541255974608554e-05,0.6389604389727642,5.457524666914627e-05
249.6,3,1.3666009559373686e-05,0.38477504906621074,5.258339498747315e-06
328.3,1,4.099802867812106e-05,0.1677650923806641,6.878038068610095e-06
329.6,1,0.00011274457886483292,0.2663148678074219,3.0025557616391434e-05
407.6,1,0.00015374260754295397,0.08565293674807023,1.3168505839360021e-05
489.6,1,2.7332019118747372e-05,0.07599402360217304,2.0770701060051328e-06
543.5,1,6.833004779686844e-05,0.023077788525973048,1.5769063930257605e-06
622.3,1,1.0249507169530265e-05,0.008599413805888134,8.813975345720797e-08
649.9,1,0.0,0.014616623813184551,0.0
822.8,0,0.0,0.018453659593487656,0.0
955.5,0,0.0,0.018453659593487656,0.0
955.5,0,0.0,0.018453659593487656,0.0
552.8,1,0.0,0.020366791715381204,0.0
560.9,1,0.0,0.020804922089665265,0.0
625.5,1,0.0,0.02162316326137607,0.0
611.7,1,0.0,0.016586135574459607,0.0
613.2,1,0.0,0.016586135574459607,0.0
819.8,0,0.0,0.018453659593487656,0.0
769.3,0,0.0,0.01915152494682099,0.0
719.1,1,0.0,0.018533366981519174,0.0
670.7,1,0.0,0.015202642277298027,0.0
835.9,0,0.0,0.018453659593487656,0.0
1031.4,0,0.0,0.018453659593487656,0.0
765.4,0,0.0,0.018292913074720533,0.0
773.1,0,0.0,0.01915152494682099,0.0
782.4,0,1.0249507169530265e-05,0.000997605583031583,1.022496557564563e-08
945.6,0,1.3666009559373686e-05,0.02767057842062778,3.781463892096985e-07
911.4,0,1.3666009559373686e-05,0.1128277859161709,1.5419056008933593e-06
659.2,1,1.0249507169530265e-05,0.005363833272739349,5.4976647585106934e-08
630.7,1,1.0249507169530265e-05,0.024970524199443195,2.55935566809122e-07
553.5,2,2.7332019118747372e-05,0.0274095274696827,7.491577288371988e-07
666.9,1,9.907856930545922e-05,0.07459506233627886,7.390772053530055e-06
564.4,2,9.566206691561581e-05,0.04230905056100416,4.047371225902953e-06
485.8,2,0.00011957758364451976,0.04924926562533361,5.8891081797445015e-06
533.4,2,8.541255974608554e-05,0.04184467541763567,3.5740608391643635e-06
410.5,2,0.00010591157408514608,0.06488353414233958,6.871917233222503e-06
431.6,2,2.7332019118747372e-05,0.061144181654344765,1.6711939419767134e-06
348.8,3,6.833004779686844e-05,0.15506006777118733,1.059526184219089e-05
292.0,2,6.833004779686844e-05,0.31644700434478834,2.162283893205522e-05
288.4,2,0.0001742416218820145,0.316003250180504,5.506091883143901e-05
153.4,4,0.00010591157408514608,0.6757038072748,7.156485384380024e-05
89.4,7,0.0004919763441374527,0.6720697514222795,0.0003306424193100997
161.5,8,0.0006354694445108764,0.46476479427927625,0.0002953438256488634
100.0,8,0.00022548915772966583,0.6359764570308549,0.00014340579563178448
189.7,7,0.00027332019118747375,0.32493101933170215,8.881020832648157e-05
238.5,10,0.00021182314817029215,0.326812528094197,6.922645856240485e-05
268.7,10,0.00025965418162810004,0.24806373438507903,6.441078594336807e-05
307.6,10,0.0003314007318148119,0.26198850393343776,8.6823181930609e-05
255.1,12,0.00030748521508590793,0.3221111452709908,9.904441478521874e-05
166.8,12,0.0003792317652726198,0.5132740083522733,0.000194649808255986
176.3,12,0.00043047930112027113,0.5641095774002689,0.00024283749663451924
136.5,10,0.0008438760902913251,0.5888397060152698,0.0004969077489204592
102.3,11,0.0003621492533234027,0.6536891508987839,0.0002367330379036037
207.4,8,0.00030406871269606455,0.38570345474700685,0.00011728035296734715
203.4,9,0.0003621492533234027,0.40752067414719895,0.0001475833078562578
298.9,9,0.0005603063919343212,0.22795867572421807,0.00012772670310516254
330.4,8,0.0006218034349515027,0.23985143293091415,0.0001491404448744824
809.1,0,0.00014690960276326714,0.15361335405414672,2.2567276823227805e-05
257.4,8,9.224556452577238e-05,0.2539540522873435,2.342613491685352e-05
318.3,9,0.00022207265533982242,0.18598079151133629,4.1301248213124353e-05
278.1,9,0.00024257166967888295,0.24782366002778886,6.0114998998872586e-05
371.4,8,0.00012982709081405002,0.16061016642612225,2.0851550662263862e-05
377.7,8,6.149704301718158e-05,0.09351341481959602,5.750798493844242e-06
336.0,7,0.00012299408603436317,0.08912052494467612,1.0961297512473103e-05
322.1,5,0.00011274457886483292,0.1105938789818066,1.2468860310832082e-05
330.2,4,4.7831033457807905e-05,0.1086995656477369,5.19921256134609e-06
297.7,3,7.174655018671185e-05,0.33084102862171605,2.3736702463831323e-05
218.7,4,6.149704301718158e-05,0.328307283799756,2.0189927154687635e-05
158.4,4,0.00021182314817029215,0.6681522810036875,0.0001415301196193628
91.3,4,0.00027332019118747375,0.6544799299170435,0.00017888257957329075
0.0,4,0.0006628014636296238,0.7266017171586263,0.0004815926816085355
145.3,3,0.00022548915772966583,0.6893710277220207,0.00015544569240427258
186.2,3,6.149704301718158e-05,0.5371103906366553,3.3030700797957595e-05
204.6,3,6.833004779686843e-06,0.5117034186654292,3.496471905522976e-06
255.6,1,1.3666009559373686e-05,0.3495492331870365,4.776943162205783e-06
408.2,1,5.1247535847651325e-05,0.06757983190281922,3.4632998580179783e-06
471.0,1,3.758152628827764e-05,0.022598690358298756,8.492932757810511e-07
533.7,1,1.3666009559373686e-05,0.005256210365153737,7.183142109627003e-08
560.0,1,0.0,0.020516001086887482,0.0
598.0,1,0.0,0.01670686304640488,0.0
532.4,1,0.0,0.0186186762916261,0.0
627.9,1,0.0,0.01488960898717965,0.0
702.5,1,0.0,0.014595373084873785,0.0
534.2,1,0.0,0.018741956715292763,0.0
662.9,1,0.0,0.014616623813184551,0.0
648.1,1,0.0,0.014616623813184551,0.0
581.2,1,0.0,0.018754761566395575,0.0
583.7,1,0.0,0.017783154758111222,0.0
647.8,1,0.0,0.014616623813184551,0.0
698.1,1,0.0,0.014595373084873785,0.0
694.4,1,0.0,0.014595373084873785,0.0
703.5,1,0.0,0.014595373084873785,0.0
1121.4,0,0.0,0.018453659593487656,0.0
885.7,0,0.0,0.018453659593487656,0.0
883.4,0,6.833004779686843e-06,0.02235100710377799,1.5272453837092958e-07
855.3,0,3.4165023898434215e-06,0.0021377675979232184,7.303688107234506e-09
811.3,0,2.049901433906053e-05,0.0005236145393400646,1.0733581950072559e-08
895.2,0,2.3915516728903952e-05,0.0025045990910539735,5.989878146129893e-08
870.9,0,1.0249507169530265e-05,0.011176825259009072,1.1455695062480045e-07
725.8,1,6.833004779686843e-06,0.013836548488697446,9.454520195763841e-08
639.7,1,5.1247535847651325e-05,0.02255558085853624,1.1559179386124341e-06
675.7,1,6.149704301718158e-05,0.018122993263564792,1.114510496329536e-06
691.0,1,4.7831033457807905e-05,0.02283559286324599,1.0922500062707984e-06
662.8,1,9.224556452577238e-05,0.018625571482651516,1.7181263560323164e-06
559.7,2,5.808054062733817e-05,0.043018837541556214,2.4985573415732162e-06
490.2,2,9.566206691561581e-05,0.05009745766263878,4.792426347225581e-06
558.4,2,0.00010249507169530265,0.06407148442430251,6.567011389693353e-06
432.8,2,6.491354540702501e-05,0.058433802718573846,3.793145306077285e-06
394.9,2,5.808054062733817e-05,0.0847315955385528,4.921256877096102e-06
320.6,2,6.149704301718158e-05,0.18569705117518384,1.141981954428405e-05
202.4,3,0.00019132413383123162,0.563958404802604,0.00010789885331570129
210.7,3,0.00014690960276326714,0.5744284438074577,8.438905449567533e-05
169.3,4,0.00011957758364451976,0.6684732369224613,7.993441440221848e-05
160.8,8,0.00010249507169530265,0.43001436890793976,4.4074353571229605e-05
158.5,8,0.00015374260754295397,0.4406780515698945,6.775099273530392e-05
211.5,7,0.0001879076314413882,0.3197595340760594,6.008525667903418e-05
285.7,7,0.00019474063622107503,0.22717001975053583,4.4239234176573526e-05
359.3,9,0.0002630706840179435,0.17200834235370246,4.5250352279781107e-05
337.5,7,0.0003963142772218369,0.22497180989886176,8.915954023535589e-05
366.6,6,0.00016740861710232767,0.21570945018319784,3.6111620751072595e-05
245.4,11,0.0003006522103062211,0.33641445044678253,0.00010114374810577786
187.6,12,0.00027332019118747375,0.4762705675249103,0.00013017436257287512
209.9,10,0.00036898225810308953,0.4401259497103068,0.00016239866677387582
139.2,9,0.0004236462963405843,0.6263925434939802,0.0002653688811065831
199.6,7,0.0003314007318148119,0.43700848957380695,0.00014482493325404522
257.1,8,0.0003006522103062211,0.4512672492812344,0.0001356744959352116
268.1,10,0.0005227248656460435,0.26993825472474614,0.00014110343793372038
317.5,9,0.0005705558991038514,0.22553802869477688,0.00012868205274405866
365.3,10,0.00029723570791637767,0.19963501845112486,5.933865603421922e-05
285.2,10,0.00022207265533982242,0.3244221246484765,7.204528267167402e-05
356.7,8,0.0005739724014936948,0.19122815869102067,0.00010975968547710249
332.8,8,0.0002084066457804487,0.22140631065311445,4.614254655783961e-05
319.5,8,9.566206691561581e-05,0.14348892313506229,1.3726446966595982e-05
362.2,8,5.4664038237494744e-05,0.10280320931334105,5.619638564841651e-06
359.2,7,0.0001264105884242066,0.09047761413208244,1.1437328441654852e-05
294.7,5,0.0003416502389843422,0.23009067714781628,7.861053483562056e-05
230.2,5,8.199605735624212e-05,0.5090074292315295,4.173660236202184e-05
245.5,4,7.85795549663987e-05,0.4882475680508586,3.8366276610862936e-05
209.1,4,0.0003963142772218369,0.5150935357244327,0.000204138922312269
178.4,4,0.000283569698357004,0.6228629026127508,0.00017662504541166572
146.2,4,0.0002699036887976303,0.6876448556860197,0.00018559788313237088
136.1,3,0.00022890566011950924,0.6695800208150924,0.00015327065666751347
138.7,3,0.0003245677270351251,0.4911809079154997,0.0001594214708451828
197.8,1,3.074852150859079e-05,0.5687672061821476,1.748875067267286e-05
206.7,3,0.0,0.3962745759363646,0.0
331.0,1,1.0249507169530265e-05,0.021414873211666696,2.194918965175594e-07
339.9,1,1.708251194921711e-05,0.07278338841517501,1.2433231023067373e-06
402.3,1,2.049901433906053e-05,0.03313802524201902,6.792968546042976e-07
459.9,1,3.4165023898434215e-06,0.00712615231270307,2.4346516406738264e-08
786.6,0,0.0,0.01915152494682099,0.0
765.1,0,0.0,0.018292913074720533,0.0
498.6,1,0.0,0.027164143147140742,0.0
445.9,1,0.0,0.048553065315653884,0.0
560.1,1,0.0,0.020516001086887482,0.0
490.9,1,0.0,0.037862183475638536,0.0
712.0,1,0.0,0.01572678334154045,0.0
621.1,1,0.0,0.01569149298980149,0.0
785.1,0,0.0,0.01915152494682099,0.0
635.8,1,0.0,0.014755512701934552,0.0
713.3,1,0.0,0.01572678334154045,0.0
713.3,1,0.0,0.01572678334154045,0.0
733.2,1,0.0,0.015602836577982861,0.0
733.2,1,0.0,0.015602836577982861,0.0
996.7,0,0.0,0.018453659593487656,0.0
907.9,0,6.833004779686843e-06,0.00023684775141329152,1.6183818174651023e-09
877.1,0,0.0,0.018453659593487656,0.0
896.2,0,0.0,0.018453659593487656,0.0
845.4,0,0.0,0.018453659593487656,0.0
839.4,0,1.0249507169530265e-05,0.0008573568840098409,8.787485529504992e-09
862.0,0,2.3915516728903952e-05,0.009569927510497485,2.2886976147170075e-07
768.5,0,5.4664038237494744e-05,0.02901886006957085,1.5862880764515303e-06
748.3,0,5.1247535847651325e-05,0.029366165740979475,1.5049436315189159e-06
742.6,1,5.1247535847651325e-05,0.10536639774088626,5.399768245363956e-06
714.4,1,4.4414531067964485e-05,0.06787494830369781,3.0146340001710697e-06
638.9,2,1.708251194921711e-05,0.020351282632392477,3.4765102874973913e-07
578.6,2,6.149704301718158e-05,0.028752584268456706,1.7681989116124205e-06
548.5,2,8.541255974608554e-05,0.04249660826857662,3.629744092745793e-06
464.5,2,7.85795549663987e-05,0.04981248032458609,3.914242535678467e-06
438.2,2,0.00012299408603436317,0.05242265039186379,6.447675972446237e-06
331.8,2,7.85795549663987e-05,0.1890649886089742,1.4856642664620432e-05
285.7,2,4.4414531067964485e-05,0.342883654748244,1.5229016736513091e-05
298.4,2,5.4664038237494744e-05,0.3473538957933277,1.898776664158923e-05
228.6,2,0.00011957758364451976,0.5068263186789951,6.060506651508156e-05
257.2,2,0.00018449112905154477,0.4353401681336591,8.03163991404681e-05
263.2,5,0.00015374260754295397,0.3529533498865042,5.4263968352571725e-05
263.4,3,0.0001742416218820145,0.4139251903114094,7.212299649768149e-05
245.1,7,0.00016740861710232767,0.32457253352227133,5.433623898636233e-05
287.1,8,0.0002699036887976303,0.22893181974973367,6.178954263360732e-05
346.1,7,0.00021865615294997898,0.17357735539282465,3.795375676942633e-05
418.7,6,0.00016399211471248423,0.08496310394550062,1.393327908855926e-05
359.4,6,0.0002357386648991961,0.19815875541990455,4.671368044077464e-05
371.4,6,0.00042022979395074086,0.17553280828821896,7.376411585855315e-05
293.4,8,0.0006218034349515027,0.2840114993085337,0.0001765993258357726
220.8,8,0.00046122782262886193,0.45089242195225265,0.00020796413001689156
194.0,8,0.0004714773297983922,0.4164197193046493,0.00019633245733315205
296.6,6,0.0003860647700523067,0.30418425559808787,0.00011743482469100788
289.9,8,0.00046122782262886193,0.2910048346536195,0.0001342195262617609
321.5,9,0.0003758152628827764,0.24636980225328078,9.258953200019436e-05
395.0,7,0.00015032610515311055,0.14397922832857055,2.164383661758441e-05
454.3,7,0.00015374260754295397,0.061030339596524014,9.382963548801595e-06
366.5,10,0.0004714773297983922,0.2279563265408386,0.00010747624014812495
418.7,7,0.0006867169803585277,0.09134341018362324,6.272707081694814e-05
334.8,9,0.0002562376792382566,0.21087365504567457,5.403377598139233e-05
411.4,6,0.00018107462666170135,0.08434862881381366,1.5273396471887734e-05
461.2,4,8.882906213592897e-05,0.05182849436857883,4.603876546678133e-06
429.7,4,8.541255974608554e-05,0.06364750576914302,5.436296389196253e-06
378.4,4,4.4414531067964485e-05,0.10652851612039135,4.731414088853277e-06
300.6,4,3.416502389843422e-05,0.3664048785471462,1.2518231432066138e-05
252.3,4,7.174655018671185e-05,0.39539854675007274,2.8368481678157027e-05
249.5,4,0.00029040270313669084,0.315914818214397,9.174251717039718e-05
343.5,3,0.00021865615294997898,0.2084243247454242,4.557326103003156e-05
217.4,3,0.0007106324970874318,0.5897664470393758,0.00041910720295797415
191.5,1,0.00014690960276326714,0.5778896730240892,8.489754230496329e-05
172.2,3,2.3915516728903952e-05,0.6896394515778167,1.6493083841121423e-05
178.2,2,3.4165023898434215e-06,0.7107585736194802,2.428308365372656e-06
885.5,0,3.4165023898434215e-06,0.0002056447994245039,7.025859486926886e-10
375.1,2,1.0249507169530265e-05,0.13514920597742905,1.3852127556219815e-06
359.9,1,1.3666009559373686e-05,0.04909619178449801,6.709490262557936e-07
320.6,1,6.833004779686843e-06,0.07584118892235842,5.182232064036079e-07
513.3,1,0.0,0.01916010880421732,0.0
429.2,1,0.0,0.18771143651410252,0.0
396.1,1,0.0,0.31420741939082075,0.0
413.3,1,0.0,0.27326247977594265,0.0
485.9,1,0.0,0.036711881076018964,0.0
473.9,1,0.0,0.03956612212422245,0.0
729.3,1,0.0,0.015602836577982861,0.0
689.1,1,0.0,0.014595373084873785,0.0
610.0,1,0.0,0.016586135574459607,0.0
692.8,1,0.0,0.014595373084873785,0.0
745.7,0,0.0,0.01762316398945737,0.0
922.7,0,0.0,0.018453659593487656,0.0
930.2,0,0.0,0.018453659593487656,0.0
954.5,0,0.0,0.018453659593487656,0.0
953.3,0,0.0,0.018453659593487656,0.0
941.8,0,3.4165023898434215e-06,0.0002056447994245039,7.025859486926886e-10
937.1,0,6.833004779686843e-06,0.005252304831329432,3.5889024016846306e-08
978.3,0,2.049901433906053e-05,0.0057533009251637115,1.1793699816186113e-07
822.1,0,1.0249507169530265e-05,0.01337337597774402,1.3707051296471113e-07
844.9,0,0.0,0.018453659593487656,0.0
754.9,0,3.4165023898434215e-06,0.0002106712544483134,7.197588442939743e-10
725.4,1,3.416502389843422e-05,0.02821783865677899,9.640631320710151e-07
724.8,1,2.7332019118747372e-05,0.008144547354365922,2.226069240030727e-07
680.0,1,6.149704301718158e-05,0.009271011418537228,5.701397880185656e-07
743.3,1,0.00010249507169530265,0.029902776369549824,3.064887207885611e-06
662.4,2,0.00016399211471248423,0.012289442161116278,2.015371608638221e-06
600.2,2,3.074852150859079e-05,0.021516594232558358,6.616034605514412e-07
576.4,2,4.4414531067964485e-05,0.022715262486660465,1.0088877314307493e-06
506.7,2,0.0001264105884242066,0.04338501061455901,5.484324720576854e-06
443.8,2,0.00024598817206872634,0.058919174701227345,1.449342008455286e-05
406.5,2,0.00030748521508590793,0.10670948802256004,3.281158987632399e-05
374.8,1,0.0001571591099327974,0.1961525159569943,3.082715481888006e-05
337.7,1,6.149704301718158e-05,0.25498476842119616,1.5680809272324384e-05
395.1,2,2.7332019118747372e-05,0.08837592243398236,2.4154924016025406e-06
325.3,2,7.174655018671185e-05,0.16173298914684656,1.1603784022671149e-05
307.7,5,0.00021523965056013556,0.19241208639356053,4.1414710238896585e-05
320.5,6,0.000283569698357004,0.16172052327444617,4.585904000307154e-05
298.6,6,0.0003109017174757514,0.2752343771237343,8.557084055613764e-05
333.1,7,0.00025965418162810004,0.23472660228241551,6.094774382198512e-05
419.8,6,0.0002801531959671606,0.07361813517970983,2.0624355851738167e-05
388.6,7,0.0002528211768484132,0.13550087073711292,3.4257489603741603e-05
458.8,6,0.00026648718640778687,0.07951946205516165,2.11909177077408e-05
320.1,6,0.00033481723420465535,0.28819785254822444,9.649360789391759e-05
285.1,6,0.00035189974615387244,0.39605936589343654,0.000139373190319764
213.2,6,0.0005808054062733817,0.5014707022162918,0.00029125689493493133
224.0,8,0.0005466403823749475,0.38996959268992176,0.00021317312726262135
241.4,3,0.00032115122464528164,0.49511241756913726,0.0001590059592394145
307.3,6,0.0003143182198655948,0.31459271432020636,9.888222194781288e-05
355.7,6,0.00041339678917105404,0.2021082773068765,8.355091290355575e-05
402.9,6,0.00044414531067964484,0.09537437766982501,4.236008260104221e-05
403.3,6,9.566206691561581e-05,0.10611030913637536,1.0150731493040618e-05
385.3,14,0.00015374260754295397,0.13082803961680617,2.0113843950420665e-05
432.1,7,0.00026648718640778687,0.09854007667572819,2.625966778172239e-05
438.6,7,0.0003245677270351251,0.07896197681543167,2.5628509337184902e-05
421.7,6,0.00022548915772966583,0.08070973592497699,1.8199170374306812e-05
409.8,6,0.0001571591099327974,0.06763161734682234,1.062892478554214e-05
411.4,6,0.00010932807647498949,0.0649105404437975,7.0965445296723915e-06
338.4,5,4.099802867812106e-05,0.12283259951809405,5.035894437650979e-06
306.1,4,1.3666009559373686e-05,0.10056218442503218,1.3742837736639894e-06
323.4,3,1.708251194921711e-05,0.15587540850801038,2.6627435284271857e-06
290.6,3,2.049901433906053e-05,0.1462710705023772,2.9984127716179637e-06
311.3,3,3.4165023898434215e-06,0.11520744754440375,3.9360651986321606e-07
293.2,3,6.149704301718158e-05,0.2511290858004077,1.5443696192333157e-05
284.6,2,0.00023232216250935268,0.2956451257070461,6.868491493961037e-05
268.6,1,9.907856930545922e-05,0.26398838657219825,2.6155591654829905e-05
195.3,1,3.074852150859079e-05,0.5790225502191148,1.7804087339371542e-05
201.0,1,6.833004779686843e-06,0.3276869544248295,2.2390865258258847e-06
344.3,2,0.0,0.16096832714976195,0.0
297.5,1,0.0,0.24418363873603635,0.0
291.1,2,0.0,0.25159672617745216,0.0
388.7,1,0.0,0.2999487712861001,0.0
648.6,1,0.0,0.014616623813184551,0.0
665.2,1,0.0,0.014616623813184551,0.0
531.7,1,0.0,0.0186186762916261,0.0
656.2,1,0.0,0.014616623813184551,0.0
742.4,1,0.0,0.015997498167760638,0.0
783.7,0,0.0,0.01915152494682099,0.0
746.7,0,0.0,0.01762316398945737,0.0
685.3,1,0.0,0.014595373084873785,0.0
738.7,1,0.0,0.015997498167760638,0.0
730.3,1,0.0,0.015602836577982861,0.0
791.0,0,0.0,0.01915152494682099,0.0
912.3,0,0.0,0.018453659593487656,0.0
927.4,0,0.0,0.018453659593487656,0.0
872.3,0,0.0,0.018453659593487656,0.0
912.6,0,0.0,0.018453659593487656,0.0
944.7,0,1.3666009559373686e-05,0.0010762071877411209,1.4707457715536828e-08
916.6,0,4.4414531067964485e-05,0.011274888616135488,5.007688907291887e-07
885.8,0,2.3915516728903952e-05,0.014453495710936893,3.4566281846605277e-07
828.1,0,1.0249507169530265e-05,0.012435601664238908,1.2745878841503918e-07
826.6,0,1.708251194921711e-05,0.060509232069681326,1.0336496798682823e-06
866.9,0,1.0249507169530265e-05,0.0007337477463208859,7.520552786542593e-09
762.3,0,0.0,0.018292913074720533,0.0
1056.4,0,0.0,0.018453659593487656,0.0
727.1,1,1.3666009559373686e-05,0.008602176372181332,1.1755742453364855e-07
652.4,1,2.049901433906053e-05,0.045131812213857196,9.251576657196458e-07
705.1,1,6.833004779686844e-05,0.051790309809444636,3.538834344693976e-06
663.8,2,6.491354540702501e-05,0.014347292515548222,9.313336241759096e-07
594.9,2,3.758152628827764e-05,0.017461070660022192,6.562136860310974e-07
507.2,1,0.00010249507169530265,0.042379456695510805,4.343685452414354e-06
533.7,1,0.0006047209230022856,0.05325876113202855,3.220668718971856e-05
418.3,2,0.0012538563770725358,0.08066360906476008,0.00010114058062353543
437.8,1,0.0006525519564600935,0.0694979634396451,4.5351032012532456e-05
417.6,1,0.0001742416218820145,0.08096803520306362,1.410800177438185e-05
432.5,1,0.00010932807647498949,0.06637741251666764,7.256914831834164e-06
370.2,2,2.7332019118747372e-05,0.12393697763010249,3.3874478421057267e-06
496.8,1,6.833004779686844e-05,0.053619504850706955,3.6638233292932252e-06
375.6,6,8.199605735624212e-05,0.12244735991793043,1.0040200746951045e-05
373.2,6,0.00016399211471248423,0.14193090227391014,2.327554880694946e-05
450.1,6,0.0003553162485437159,0.0626151688666859,2.2248186903642107e-05
408.6,6,0.00014690960276326714,0.08161186250352835,1.1989566301163726e-05
392.9,6,0.00021523965056013556,0.11090273745455793,2.387066645588151e-05
334.0,6,0.0006662179660194672,0.21565427453283018,0.0001436727521426659
334.7,6,0.0003792317652726198,0.20646928940735343,7.829971309653406e-05
268.2,6,0.00022207265533982242,0.40004666201043737,8.883942449249029e-05
166.9,7,0.0002869862007468474,0.5244099408112516,0.0001504984165473002
147.8,5,0.0005158918608663567,0.6796024076432394,0.0003506013507283271
193.4,4,0.00029040270313669084,0.5014886998858116,0.00014563367403934438
235.5,6,0.0003314007318148119,0.3556169716031651,0.0001178517246350561
321.2,5,0.000283569698357004,0.3123168723881079,8.856360129489868e-05
407.8,5,0.00025965418162810004,0.09440719394521245,2.451322268364946e-05
508.8,5,8.882906213592897e-05,0.042350998360092006,3.7619994648472387e-06
480.8,5,0.0001879076314413882,0.040979327454285584,7.700328359995856e-06
722.7,1,0.00010591157408514608,0.06322711003104386,6.696482748242585e-06
499.3,4,0.00019474063622107503,0.0426904510657292,8.313565601104775e-06
436.3,6,0.00015032610515311055,0.0887635723086066,1.3343482104629327e-05
460.2,5,0.00011957758364451976,0.06387367108434447,7.637859246770743e-06
424.3,7,0.00011274457886483292,0.05740927107631035,6.472584090435644e-06
492.7,5,2.7332019118747372e-05,0.18385119585798357,5.025024400194975e-06
560.1,3,3.4165023898434215e-06,0.06714574290538458,2.294035911040584e-07
490.6,5,3.4165023898434215e-06,0.021143955956443847,7.223837605593444e-08
464.3,2,3.4165023898434215e-06,0.00495296493718389,1.6921816544699434e-08
356.3,3,1.0249507169530265e-05,0.056017526182477774,5.741520362266552e-07
402.1,3,3.4165023898434215e-06,0.11785275055499009,4.0264420392074425e-07
340.4,1,4.7831033457807905e-05,0.1716331834988324,8.209392542402736e-06
374.6,1,2.3915516728903952e-05,0.07104169796741173,1.6989989161893773e-06
945.8,0,3.4165023898434215e-06,0.014332760297913302,4.8967909810873706e-08
230.2,1,3.4165023898434215e-06,0.09924971201913134,3.3908687830463355e-07
265.4,1,0.0,0.42486185278753186,0.0
337.2,1,0.0,0.1365376417870055,0.0
367.1,1,0.0,0.20280383141018704,0.0
365.0,1,0.0,0.19821097895654952,0.0
751.4,0,0.0,0.017146973512790705,0.0
555.6,1,0.0,0.018700125048714537,0.0
574.1,1,0.0,0.017913037040294944,0.0
637.9,1,0.0,0.014616623813184551,0.0
767.1,0,0.0,0.01915152494682099,0.0
817.7,0,0.0,0.018453659593487656,0.0
686.6,1,0.0,0.014595373084873785,0.0
680.3,1,0.0,0.014595373084873785,0.0
722.4,1,0.0,0.01752591350131619,0.0
788.2,0,0.0,0.01915152494682099,0.0
818.7,0,0.0,0.018453659593487656,0.0
892.7,0,0.0,0.018453659593487656,0.0
872.9,0,0.0,0.018453659593487656,0.0
856.7,0,0.0,0.018453659593487656,0.0
1008.8,0,0.0,0.018453659593487656,0.0
974.9,0,0.0,0.018453659593487656,0.0
956.1,0,6.833004779686843e-06,0.0002056447994245039,1.4051718973853772e-09
1015.9,0,0.0,0.018453659593487656,0.0
1024.6,0,0.0,0.018453659593487656,0.0
839.5,0,3.4165023898434215e-06,0.0002056447994245039,7.025859486926886e-10
869.4,0,1.3666009559373686e-05,0.028633688798075606,3.9130826483463247e-07
797.6,0,2.049901433906053e-05,0.010876351199911207,2.22954479203638e-07
931.8,0,3.4165023898434215e-06,0.01868573745839196,6.383986668258288e-08
836.6,0,3.4165023898434215e-06,0.013296704083196028,4.542822127728001e-08
814.8,0,3.4165023898434215e-06,0.014042061397615093,4.7974736323280024e-08
624.2,1,2.049901433906053e-05,0.008433888586532046,1.7288640306935933e-07
641.4,2,1.708251194921711e-05,0.011899197146222354,2.0326817743643349e-07
580.3,1,2.7332019118747372e-05,0.013623947720164533,3.7236999956035167e-07
653.2,1,8.199605735624212e-05,0.041689863363602364,3.4184044275358362e-06
517.9,1,0.00025965418162810004,0.042305513329026795,1.0984803441805131e-05
518.9,1,0.0007892120520538304,0.06241944698716873,4.926217984480871e-05
400.8,1,0.0005978879182225988,0.13018817692915013,7.783793808136494e-05
472.0,1,0.0002699036887976303,0.050025776536963835,1.3502141622292483e-05
459.0,1,0.00014690960276326714,0.07549822586216863,1.1091414370742615e-05
618.9,1,2.7332019118747372e-05,0.08165852376525248,2.2318923327605677e-06
714.7,1,2.049901433906053e-05,0.036215005368917946,7.423719143466031e-07
415.4,6,7.85795549663987e-05,0.06232335939150426,4.89734184499533e-06
451.3,6,0.00012982709081405002,0.062396773635570675,8.100791597288956e-06
382.2,6,0.00010932807647498949,0.08921201318784891,9.753377800288917e-06
483.0,6,0.00010932807647498949,0.04455611849085072,4.871234729796421e-06
516.6,4,0.00022207265533982242,0.03675247310816365,8.161719293435319e-06
325.8,6,0.00036898225810308953,0.2207884390150646,8.14670167908348e-05
263.3,6,0.0002528211768484132,0.2709250622030025,6.849559306389265e-05
220.2,5,0.0001742416218820145,0.4736181687416336,8.252399787433185e-05
194.1,5,0.00039973077961168033,0.5721116481425698,0.00022869063513695275
72.5,5,0.0005227248656460435,0.6935537441969977,0.00036253778775368603
94.6,4,0.0003450667413741856,0.6143315868898673,0.0002119853988113189
299.1,4,0.00033481723420465535,0.388540381015615,0.00013009001574847118
292.6,4,0.00032115122464528164,0.3846295846619703,0.0001235242621489978
386.4,5,0.00022890566011950924,0.12364635173142752,2.830334976445144e-05
469.8,5,0.00011616108125467634,0.04546078136252973,5.280773517753891e-06
534.2,5,0.0001708251194921711,0.041787845677867794,7.138413731242171e-06
705.2,1,6.833004779686844e-05,0.043892616019029565,2.9991845505098834e-06
631.3,3,5.4664038237494744e-05,0.03497266490442649,1.9117470916026602e-06
599.4,3,2.049901433906053e-05,0.033373206507257176,6.84117838732693e-07
483.1,5,8.541255974608554e-05,0.04264020199137238,3.6420088001732493e-06
451.4,6,7.174655018671185e-05,0.035109839384299166,2.5190098534330126e-06
520.9,4,2.7332019118747372e-05,0.06772580322793158,1.8510829486583484e-06
803.2,0,6.833004779686843e-06,0.011186342010066222,7.643632842199422e-08
590.8,1,0.0,0.01670686304640488,0.0
521.2,1,3.4165023898434215e-06,0.0016584765145968342,5.6661889756192724e-09
461.1,2,6.833004779686843e-06,0.010310156964640915,7.044935181871297e-08
486.8,1,1.708251194921711e-05,0.002847637426517913,4.8644800365530106e-08
417.2,1,2.049901433906053e-05,0.031167285678541906,6.388986360340264e-07
649.0,1,6.833004779686843e-06,0.001553091220186308,1.0612279730822713e-08
460.6,1,1.708251194921711e-05,0.005795053026932326,9.899406257891824e-08
292.4,1,0.0,0.2498241734034828,0.0
291.9,1,0.0,0.25153256462181617,0.0
410.4,1,0.0,0.2884290769040204,0.0
403.7,1,0.0,0.3393191029681754,0.0
375.8,1,0.0,0.25975448841919263,0.0
340.6,1,0.0,0.15033156736486694,0.0
480.4,1,0.0,0.03789645673248996,0.0
527.9,1,0.0,0.018964725215443148,0.0
607.7,1,0.0,0.018252802241126274,0.0
746.1,0,0.0,0.01762316398945737,0.0
794.7,0,0.0,0.018453659593487656,0.0
725.0,1,0.0,0.016436169911316193,0.0
695.0,1,0.0,0.014595373084873785,0.0
823.3,0,0.0,0.018453659593487656,0.0
1005.2,0,0.0,0.018453659593487656,0.0
875.4,0,0.0,0.018453659593487656,0.0
805.8,0,0.0,0.018453659593487656,0.0
973.7,0,0.0,0.018453659593487656,0.0
891.9,0,0.0,0.018453659593487656,0.0
962.3,0,0.0,0.018453659593487656,0.0
1026.1,0,0.0,0.018453659593487656,0.0
1072.2,0,0.0,0.018453659593487656,0.0
985.7,0,0.0,0.018453659593487656,0.0
960.6,0,0.0,0.018453659593487656,0.0
964.7,0,3.4165023898434215e-06,0.0011878172232405778,4.058180381898611e-09
904.1,0,1.0249507169530265e-05,0.036072290322644335,3.697231982833203e-07
871.4,0,5.1247535847651325e-05,0.03634002030290576,1.8623364931775397e-06
877.2,0,8.882906213592897e-05,0.044658475116100764,3.966970460983953e-06
781.3,0,0.00011274457886483292,0.03167300991091071,3.570960163787307e-06
721.8,1,1.708251194921711e-05,0.008380949536660643,1.4316767060579102e-07
734.2,1,3.4165023898434215e-06,0.000641671291937334,2.1922715023978175e-09
799.5,0,2.3915516728903952e-05,0.009733453188056695,2.3278056254897338e-07
709.0,1,3.074852150859079e-05,0.04340935562776201,1.334773505194307e-06
685.1,1,5.1247535847651325e-05,0.06660865587628978,3.4135294797840314e-06
549.6,1,6.833004779686844e-05,0.03146153427095728,2.149768140497325e-06
475.6,1,0.00014690960276326714,0.0625004619837238,9.181918042549543e-06
467.6,1,0.00018449112905154477,0.0454668186328041,8.388224703947842e-06
597.3,1,0.00016399211471248423,0.049610162540328136,8.13567546621848e-06
555.8,1,0.0001400765979835803,0.056306364162584,7.887203936719352e-06
540.8,1,7.85795549663987e-05,0.02067300048854297,1.6244751782098497e-06
842.7,0,1.3666009559373686e-05,0.03565890888740027,4.873149897320473e-07
795.9,0,5.808054062733817e-05,0.03904240926622954,2.267604237576409e-06
474.9,6,5.1247535847651325e-05,0.06627888866846697,3.3966297229797523e-06
566.6,2,6.491354540702501e-05,0.06002405285084766,3.896374080247168e-06
508.7,4,3.074852150859079e-05,0.02778359664805008,8.543045191185789e-07
522.1,4,0.00010591157408514608,0.03715614986225396,3.9352663188549004e-06
996.9,0,0.00013324359320389343,0.1716743299048873,2.28745045773978e-05
263.4,4,0.00013666009559373687,0.38493980298966957,5.260591027440248e-05
145.6,5,0.00024257166967888295,0.6674546446119157,0.00016190558757843784
89.6,5,0.0004168132915608974,0.7221449673053383,0.0003009996208066747
0.0,4,0.00044414531067964484,0.7150235820405944,0.0003175743709886923
71.3,4,0.00045097831545933166,0.6570254974310302,0.00029630425204527544
428.0,3,0.0006457189516804067,0.18016688787951,0.00011633717396907856
355.4,4,0.0005056423536968264,0.20131912820090417,0.00010179547782769833
386.0,5,0.00039973077961168033,0.13157066929365233,5.259284621078221e-05
435.2,4,0.00011616108125467634,0.07183840607695378,8.344826925511462e-06
512.5,4,0.00018107462666170135,0.038708890438239246,7.009197884592873e-06
449.2,10,6.149704301718158e-05,0.059599573976263344,3.665197564623963e-06
642.8,3,6.833004779686843e-06,0.029237320766436627,1.9977875254229887e-07
527.8,6,5.1247535847651325e-05,0.014149589006175696,7.251315698235221e-07
783.4,0,2.049901433906053e-05,0.02840894225059397,5.823553145524683e-07
670.5,2,4.099802867812106e-05,0.010315480761135627,4.229143760736445e-07
716.0,2,1.0249507169530265e-05,0.05549228436799775,5.687685664834052e-07
641.6,3,2.3915516728903952e-05,0.04376284113903468,1.04661095936495e-06
608.1,1,1.3666009559373686e-05,0.14214605369785402,1.9425693286621184e-06
513.9,1,0.0,0.01916010880421732,0.0
505.0,1,6.833004779686843e-06,0.007653347413970678,5.229535946026558e-08
425.7,1,1.3666009559373686e-05,0.11647242639907851,1.591713292573255e-06
418.9,3,3.4165023898434215e-06,0.14278500516009152,4.878253113632579e-07
318.7,1,0.0,0.1685279052428877,0.0
351.7,1,0.0,0.1819900180940985,0.0
379.1,1,0.0,0.2625472382730894,0.0
601.5,1,0.0,0.020969347622128827,0.0
512.3,1,0.0,0.01995791807330779,0.0
582.6,1,0.0,0.018754761566395575,0.0
445.4,1,0.0,0.04737041306416497,0.0
361.2,1,0.0,0.19589876525793848,0.0
416.6,1,0.0,0.24940017279475232,0.0
573.3,1,0.0,0.017960756633848402,0.0
623.6,1,0.0,0.015200752248690377,0.0
745.9,0,0.0,0.01762316398945737,0.0
865.7,0,0.0,0.018453659593487656,0.0
680.6,1,0.0,0.014595373084873785,0.0
673.2,1,0.0,0.016207094699873782,0.0
994.4,0,0.0,0.018453659593487656,0.0
1044.9,0,0.0,0.018453659593487656,0.0
775.0,0,0.0,0.01915152494682099,0.0
856.2,0,0.0,0.018453659593487656,0.0
963.7,0,0.0,0.018453659593487656,0.0
1079.5,0,0.0,0.018453659593487656,0.0
1027.4,0,0.0,0.018453659593487656,0.0
1163.1,0,0.0,0.018453659593487656,0.0
1070.7,0,0.0,0.018453659593487656,0.0
1037.3,0,0.0,0.018453659593487656,0.0
1015.0,0,0.0,0.018453659593487656,0.0
960.7,0,1.3666009559373686e-05,0.015086516491236233,2.0617247858688312e-07
952.0,0,8.541255974608554e-05,0.03386515398947439,2.892509488436369e-06
948.8,0,0.0001400765979835803,0.1209650852145728,1.6944377611651246e-05
889.3,0,0.0001400765979835803,0.13727359660786795,1.922881840580049e-05
835.7,0,7.516305257655528e-05,0.1214461454966605,9.128263019185475e-06
754.5,0,3.074852150859079e-05,0.03049668827949054,9.377280755027036e-07
681.5,1,1.0249507169530265e-05,0.006899090348589185,7.07122759911019e-08
637.3,1,6.833004779686843e-06,0.006650342993729754,4.544182546271232e-08
828.2,0,6.491354540702501e-05,0.02311744567528585,1.5006353595371018e-06
618.5,1,5.4664038237494744e-05,0.013668931616275115,7.471990005377637e-07
608.3,1,2.3915516728903952e-05,0.0414783305482105,9.91975708112736e-07
493.7,1,2.049901433906053e-05,0.12346347135610758,2.530879469679038e-06
490.5,1,4.7831033457807905e-05,0.06625420989014076,3.16900732997595e-06
545.5,1,3.416502389843422e-05,0.0627811835743971,2.144920637191263e-06
557.1,1,2.7332019118747372e-05,0.02172672172689042,5.938351736270729e-07
616.3,1,5.1247535847651325e-05,0.018562431856258662,9.512788919732007e-07
607.3,1,3.758152628827764e-05,0.01322717152676133,4.970972944525384e-07
536.6,3,3.758152628827764e-05,0.01127197322336035,4.2361795801447863e-07
465.1,6,8.882906213592897e-05,0.02920289509784592,2.5940657831955705e-06
660.7,1,4.099802867812106e-05,0.0171146278876026,7.016660049513018e-07
692.3,1,6.833004779686843e-06,0.03894466629033688,2.66109090905181e-07
867.7,0,1.0249507169530265e-05,0.045869800487282966,4.7014284895932957e-07
1247.2,0,9.907856930545922e-05,0.16222152166842746,1.6072676277462346e-05
215.0,5,0.0002528211768484132,0.48709383277088875,0.00012314763603674028
173.7,3,0.00022890566011950924,0.5392432100233248,0.00012343582295535233
164.5,3,0.00036898225810308953,0.6954708161897221,0.0002566163922024824
158.1,3,0.00037239876049293297,0.6936919976258311,0.00025833004007972613
326.6,3,0.0005500568847647909,0.2271591306892356,0.00012495044377279895
352.6,3,0.0005978879182225988,0.13339310593166245,7.975412641072826e-05
380.1,3,0.00032798422942496847,0.13523002715406465,4.4353316251243455e-05
447.5,4,0.0002699036887976303,0.059875144572123666,1.616052238730759e-05
437.7,4,0.0003245677270351251,0.06742743132095379,2.1884768123658974e-05
500.4,5,0.00029723570791637767,0.04601497526391016,1.3677293747322942e-05
666.2,1,0.00011274457886483292,0.04745515280413065,5.350311217868005e-06
669.6,3,0.0,0.040123915458108894,0.0
711.8,1,1.0249507169530265e-05,0.0032219237022931032,3.3023130086332654e-08
638.5,3,1.3666009559373686e-05,0.00809291417274781,1.1059784244796237e-07
574.8,3,3.074852150859079e-05,0.0018908919677802143,5.814213234171149e-08
647.8,3,6.833004779686843e-06,0.0117700569905979,8.042485567394199e-08
720.4,1,6.833004779686843e-06,0.030278958567983977,2.068962686189744e-07
682.3,1,3.4165023898434215e-06,0.019321337051795638,6.601139421243005e-08
612.1,1,3.4165023898434215e-06,0.0005483956806571062,1.8735951535448134e-09
621.4,1,0.0,0.01569149298980149,0.0
448.4,3,0.0,0.08391981830016342,0.0
352.4,1,0.0,0.18331100164176517,0.0
447.1,1,0.0,0.048553065315653884,0.0
651.5,1,0.0,0.014616623813184551,0.0
648.2,1,0.0,0.014616623813184551,0.0
585.1,1,0.0,0.017783154758111222,0.0
553.5,1,0.0,0.020366791715381204,0.0
586.7,1,0.0,0.01658194093973821,0.0
519.4,1,0.0,0.018841145957832036,0.0
433.5,1,0.0,0.1307615906313135,0.0
393.8,1,0.0,0.3163949193908207,0.0
411.3,1,0.0,0.2872411431214014,0.0
574.4,1,0.0,0.017913037040294944,0.0
633.5,1,0.0,0.014755512701934552,0.0
661.4,1,0.0,0.014616623813184551,0.0
716.2,1,0.0,0.01587155120449283,0.0
786.1,0,0.0,0.01915152494682099,0.0
859.8,0,0.0,0.018453659593487656,0.0
798.0,0,0.0,0.018453659593487656,0.0
755.7,0,0.0,0.018292913074720533,0.0
769.4,0,0.0,0.01915152494682099,0.0
1002.9,0,0.0,0.018453659593487656,0.0
1079.5,0,0.0,0.018453659593487656,0.0
1079.5,0,0.0,0.018453659593487656,0.0
1165.5,0,0.0,0.018453659593487656,0.0
1076.2,0,0.0,0.018453659593487656,0.0
1069.8,0,6.833004779686843e-06,0.01253447091016255,8.56480996399864e-08
1061.9,0,6.833004779686843e-06,0.0002056447994245039,1.4051718973853772e-09
1074.4,0,2.049901433906053e-05,0.020479973765983213,4.1981927589247333e-07
1001.9,0,7.516305257655528e-05,0.032362479948448014,2.432462781872914e-06
942.0,0,7.174655018671185e-05,0.12093697908419555,8.676811039293558e-06
838.4,0,0.00022548915772966583,0.1289504247688224,2.9076922670004403e-05
816.5,0,3.758152628827764e-05,0.12848942818166006,4.82882882297482e-06
843.1,0,4.4414531067964485e-05,0.035608391314254244,1.5815300023071818e-06
700.2,1,2.049901433906053e-05,0.01575409914928189,3.229435043601107e-07
628.2,1,3.416502389843422e-05,0.016857213599300067,5.759271054810971e-07
604.5,1,4.7831033457807905e-05,0.017553032963281236,8.395797069527098e-07
828.7,0,3.416502389843422e-05,0.017895852232008787,6.114122191894275e-07
717.9,1,3.4165023898434215e-06,0.010207573359573379,3.487419877748449e-08
568.2,1,1.0249507169530265e-05,0.031459888669626894,3.224483544719648e-07
534.2,1,3.416502389843422e-05,0.008692765400960818,2.969885376673085e-07
576.4,1,2.7332019118747372e-05,0.006258305384069414,1.7105212240834482e-07
854.0,0,1.0249507169530265e-05,0.0646004827475231,6.621231110758542e-07
698.6,1,3.4165023898434215e-06,0.006208861236826646,2.1212589253824418e-08
654.9,1,3.416502389843422e-05,0.004624073961304493,1.5798159739609538e-07
540.8,3,4.4414531067964485e-05,0.009709486445499092,4.312422873875995e-07
618.9,1,0.0001434931003734237,0.014986209621152723,2.1504176813852355e-06
530.0,3,0.00010591157408514608,0.023294664237269974,2.4671745571542216e-06
995.3,0,1.708251194921711e-05,0.03250375130565186,5.552457200731791e-07
408.6,3,4.4414531067964485e-05,0.0734209023059873,3.2609549465072584e-06
359.9,3,0.00010591157408514608,0.1628695028570909,1.7249765418059694e-05
310.3,4,0.00046464432501870537,0.29822760931781805,0.00013856976623341974
208.0,4,0.000591054913442912,0.4586719698868528,0.0002711003214601637
190.2,3,0.00042022979395074086,0.6235886084944845,0.0002620505124576664
176.0,3,0.0003006522103062211,0.6661517133828115,0.00020027998502781857
176.4,3,0.0004168132915608974,0.6099940830199018,0.0002542536415761966
274.7,3,0.00043389580351011457,0.41264509287191437,0.00017904497413616513
299.0,3,0.00030406871269606455,0.3744407938593629,0.00011385573016970896
309.5,4,0.0003963142772218369,0.2809671898402199,0.00011135130876457738
415.2,4,0.0004407288082898014,0.06914526111008643,3.047430852793554e-05
494.6,8,0.00019815713861091845,0.048358514907926115,9.58258494162808e-06
654.7,4,1.0249507169530265e-05,0.12193461411054372,1.249769701539924e-06
678.2,4,6.833004779686843e-06,0.18409526680144153,1.2579238379719746e-06
850.0,0,3.4165023898434215e-06,0.0005689930074987525,1.943965969923684e-09
751.4,0,0.0,0.017146973512790705,0.0
648.6,4,1.0249507169530265e-05,0.005634982280226547,5.7755791281357995e-08
885.0,0,0.0,0.018453659593487656,0.0
753.4,0,0.0,0.017146973512790705,0.0
693.0,1,0.0,0.014595373084873785,0.0
727.3,1,0.0,0.015602836577982861,0.0
561.9,1,0.0,0.020804922089665265,0.0
577.9,2,0.0,0.01824788727132852,0.0
377.2,1,0.0,0.26014104154280376,0.0
533.7,1,0.0,0.01825386147695943,0.0
560.6,1,0.0,0.020804922089665265,0.0
630.0,1,0.0,0.01488960898717965,0.0
784.7,0,0.0,0.01915152494682099,0.0
625.4,1,0.0,0.02162316326137607,0.0
631.4,1,0.0,0.01488960898717965,0.0
523.7,1,0.0,0.018964725215443148,0.0
495.8,1,0.0,0.02796049374780741,0.0
528.0,1,0.0,0.018964725215443148,0.0
443.2,1,0.0,0.04782877017236121,0.0
491.3,1,0.0,0.037945957727225844,0.0
510.0,1,0.0,0.020509694433480437,0.0
639.8,1,0.0,0.014616623813184551,0.0
632.6,1,0.0,0.014755512701934552,0.0
749.4,0,0.0,0.01762316398945737,0.0
720.7,1,0.0,0.02417662837782157,0.0
718.9,1,0.0,0.018533366981519174,0.0
751.3,0,0.0,0.017146973512790705,0.0
772.3,0,0.0,0.01915152494682099,0.0
1002.9,0,0.0,0.018453659593487656,0.0
1444.8,0,0.0,0.018453659593487656,0.0
1399.1,0,0.0,0.018453659593487656,0.0
1169.6,0,0.0,0.018453659593487656,0.0
1060.9,0,0.0,0.018453659593487656,0.0
1028.6,0,6.833004779686843e-06,0.017290192686945812,1.1814396927160724e-07
996.9,0,6.833004779686843e-06,0.01574229837643465,1.0756720004943439e-07
949.2,0,1.0249507169530265e-05,0.0011878172232405778,1.2174541145695833e-08
953.2,0,1.3666009559373686e-05,0.013775758033787578,1.8825964097735988e-07
936.0,0,2.3915516728903952e-05,0.1148096540275669,2.7457322015359513e-06
955.1,0,0.00016399211471248423,0.03153302077125601,5.171166759550964e-06
825.5,0,5.1247535847651325e-05,0.1354782800584629,6.9429280138742235e-06
775.9,0,0.00016057561232264082,0.11981403499501908,1.9239212034171504e-05
665.5,1,6.833004779686844e-05,0.05432833252163369,3.712257557927392e-06
691.8,1,4.4414531067964485e-05,0.01448327863413642,6.432680288618382e-07
658.9,1,6.833004779686843e-06,0.038820589520099806,2.6526127374110295e-07
674.9,1,2.7332019118747372e-05,0.007792700076522481,2.1299022747817655e-07
730.7,1,3.4165023898434215e-06,0.003450546000791237,1.1788798657967922e-08
624.3,1,3.4165023898434215e-06,0.004246068656433136,1.4506703712143055e-08
567.3,1,1.3666009559373686e-05,0.013359220619140176,1.825672366869517e-07
743.8,1,2.049901433906053e-05,0.033689719158650565,6.906060361121001e-07
852.1,0,1.0249507169530265e-05,0.0005564718754586229,5.703562477155108e-09
830.6,0,0.0,0.018453659593487656,0.0
556.4,2,3.4165023898434215e-06,0.004905246380474972,1.6758785981663536e-08
651.1,2,3.4165023898434215e-06,0.011301337509227394,3.8611046608702495e-08
1052.4,0,6.833004779686843e-06,0.03513004337832149,2.400437543146769e-07
1024.3,0,6.833004779686844e-05,0.12532816280949058,8.563679355066201e-06
965.6,0,1.3666009559373686e-05,0.13693616522678234,1.871370943013182e-06
445.6,1,5.808054062733817e-05,0.04735222805701836,2.7502430054606373e-06
332.1,3,9.907856930545922e-05,0.15243786851548066,1.5103325920487531e-05
406.9,2,0.00046464432501870537,0.11035566439867725,5.127613319651416e-05
284.7,3,0.0005466403823749475,0.3677263594171276,0.000201014077721126
277.8,3,0.0007516305257655528,0.40989045522663,0.00030808617836827366
214.9,3,0.0005158918608663567,0.462932728851556,0.00023882322694316976
236.0,3,0.0004475618130694882,0.5580899915299105,0.00024977976846506203
276.5,4,0.0003143182198655948,0.37563962531715733,0.00011807037834066792
328.5,4,0.00032115122464528164,0.13570702019102795,4.358247572731059e-05
299.3,4,0.0001879076314413882,0.37804149077345967,7.103688111781222e-05
612.2,1,9.224556452577238e-05,0.06095334668309402,5.622675874517123e-06
781.0,0,2.049901433906053e-05,0.25428838226015316,5.212661194207385e-06
613.8,1,0.0,0.016586135574459607,0.0
583.2,4,0.0,0.056620772623454496,0.0
911.4,0,6.833004779686843e-06,0.014902390328605073,1.0182810434411746e-07
742.2,2,1.708251194921711e-05,0.0014020159045332959,2.394995344218246e-08
683.8,3,3.4165023898434215e-06,0.017598521957116066,6.012539232419897e-08
639.3,3,0.0,0.0460656747717732,0.0
704.1,1,0.0,0.014595373084873785,0.0
652.7,1,0.0,0.014616623813184551,0.0
627.6,1,0.0,0.01488960898717965,0.0
539.0,1,0.0,0.018575961496685146,0.0
473.7,1,0.0,0.03956612212422245,0.0
464.8,1,0.0,0.039473023477033804,0.0
579.9,1,0.0,0.018413037040294945,0.0
712.6,1,0.0,0.01572678334154045,0.0
697.2,1,0.0,0.014595373084873785,0.0
762.0,0,0.0,0.018292913074720533,0.0
690.4,1,0.0,0.014595373084873785,0.0
672.8,1,0.0,0.016207094699873782,0.0
570.1,1,0.0,0.0179885344118484,0.0
617.0,1,0.0,0.01648393356535704,0.0
534.8,1,0.0,0.018741956715292763,0.0
523.4,1,0.0,0.018964725215443148,0.0
505.1,1,0.0,0.023484219971677864,0.0
485.0,1,0.0,0.036711881076018964,0.0
580.1,1,0.0,0.018754761566395575,0.0
618.6,1,0.0,0.015995838327023712,0.0
633.9,1,0.0,0.014755512701934552,0.0
659.7,1,0.0,0.014616623813184551,0.0
796.0,0,0.0,0.018453659593487656,0.0
818.0,0,0.0,0.018453659593487656,0.0
800.5,0,0.0,0.018453659593487656,0.0
1455.7,0,0.0,0.018453659593487656,0.0
1455.7,0,0.0,0.018453659593487656,0.0
1404.2,0,0.0,0.018453659593487656,0.0
1167.9,0,0.0,0.018453659593487656,0.0
1126.4,0,0.0,0.018453659593487656,0.0
1154.8,0,0.0,0.018453659593487656,0.0
1057.9,0,0.0,0.018453659593487656,0.0
1041.1,0,0.0,0.018453659593487656,0.0
906.8,0,0.0,0.018453659593487656,0.0
878.2,0,1.3666009559373686e-05,0.014781292902473613,2.020012901051068e-07
844.1,0,1.3666009559373686e-05,0.027335824923018587,3.735716447113375e-07
804.3,0,3.758152628827764e-05,0.11458130376281052,4.306140279507189e-06
764.6,0,0.00027332019118747375,0.0376345739621234,1.028628895058669e-05
733.1,1,5.808054062733817e-05,0.0887776205202752,5.1562521954262545e-06
700.7,1,1.3666009559373686e-05,0.017797761389058725,2.4322437727832843e-07
714.0,1,3.4165023898434215e-06,0.002284026513283439,7.803382041098606e-09
781.4,0,1.708251194921711e-05,0.0002724559272186189,4.654231632347084e-09
781.2,0,3.074852150859079e-05,0.0014232267109530086,4.3762117133339516e-08
663.5,1,3.4165023898434215e-06,0.0004305758538411329,1.4710634336571022e-09
648.8,1,2.049901433906053e-05,0.003555257148594541,7.287926726808694e-08
636.4,2,3.074852150859079e-05,0.0013396583383136506,4.119251322980029e-08
727.0,1,6.833004779686843e-06,0.0015551685364145556,1.0626474042539251e-08
949.1,0,6.833004779686843e-06,0.0005514454204348134,3.768029193567501e-09
850.9,0,1.0249507169530265e-05,0.0632317099241593,6.480938642093287e-07
617.9,2,4.7831033457807905e-05,0.014300798760571358,6.840219839902664e-07
661.5,1,1.708251194921711e-05,0.0214543507243231,3.6649420261094405e-07
689.3,1,9.224556452577238e-05,0.025219887613563176,2.3264227701896694e-06
581.9,1,0.00018107462666170135,0.08460044275344102,1.531899358699397e-05
492.7,1,0.00010249507169530265,0.17860002972169225,1.8305622851108033e-05
374.7,3,7.85795549663987e-05,0.15373077244649944,1.2080095683486634e-05
361.7,3,0.00022548915772966583,0.15962470992625866,3.599364139411429e-05
307.2,3,0.00041339678917105404,0.33505226647445585,0.00013850953116502444
249.6,3,0.0007106324970874318,0.5006256960388473,0.00035576088848221965
285.2,3,0.0005398073775952606,0.32599213860439624,0.00017597296145670986
270.0,4,0.0002391551672890395,0.3513325907377736,8.40230045119839e-05
247.0,4,6.491354540702501e-05,0.35720663843642325,2.3187549343833525e-05
567.6,1,2.3915516728903952e-05,0.04256984266880912,1.0180797844927138e-06
588.7,1,3.4165023898434215e-06,0.06464755077387589,2.208685117164709e-07
620.8,1,0.0,0.01569149298980149,0.0
708.9,1,0.0,0.014851783341540453,0.0
570.8,1,0.0,0.0179885344118484,0.0
587.5,1,0.0,0.01658194093973821,0.0
548.2,3,1.0249507169530265e-05,0.03212820034756038,3.2929821980642483e-07
661.9,2,0.0,0.014849156423516797,0.0
594.5,3,3.4165023898434215e-06,0.03129723128496899,1.0692706548057885e-07
581.2,4,0.0,0.05711425584270181,0.0
559.0,1,0.0,0.020516001086887482,0.0
563.5,2,0.0,0.018148688018075457,0.0
503.7,2,0.0,0.022524435070246797,0.0
637.6,1,0.0,0.014616623813184551,0.0
677.3,1,0.0,0.01515092864154045,0.0
541.8,1,0.0,0.018575961496685146,0.0
570.7,1,0.0,0.0179885344118484,0.0
672.7,1,0.0,0.016207094699873782,0.0
710.8,1,0.0,0.014851783341540453,0.0
783.6,0,0.0,0.01915152494682099,0.0
764.8,0,0.0,0.018292913074720533,0.0
696.3,1,0.0,0.014595373084873785,0.0
693.4,1,0.0,0.014595373084873785,0.0
641.9,1,0.0,0.014616623813184551,0.0
948.8,0,0.0,0.018453659593487656,0.0
515.7,1,0.0,0.018841145957832036,0.0
553.2,1,0.0,0.020366791715381204,0.0
538.2,1,0.0,0.018575961496685146,0.0
780.1,0,0.0,0.01915152494682099,0.0
594.4,1,0.0,0.01670686304640488,0.0
672.5,1,0.0,0.015739258439873782,0.0
782.5,0,0.0,0.01915152494682099,0.0
791.3,0,0.0,0.01915152494682099,0.0
790.4,0,0.0,0.01915152494682099,0.0
833.2,0,0.0,0.018453659593487656,0.0
1138.2,0,0.0,0.018453659593487656,0.0
1638.0,0,0.0,0.018453659593487656,0.0
1491.8,0,0.0,0.018453659593487656,0.0
1237.0,0,0.0,0.018453659593487656,0.0
1157.3,0,0.0,0.018453659593487656,0.0
1124.6,0,0.0,0.018453659593487656,0.0
1100.4,0,0.0,0.018453659593487656,0.0
1113.7,0,0.0,0.018453659593487656,0.0
1081.5,0,0.0,0.018453659593487656,0.0
907.0,0,1.3666009559373686e-05,0.012039705945226142,1.6453473653950864e-07
889.9,0,1.0249507169530265e-05,0.01443597400749787,1.4796161908900197e-07
855.3,0,0.0,0.018453659593487656,0.0
816.2,0,3.758152628827764e-05,0.024721002411206176,9.290530019893198e-07
885.8,0,6.833004779686843e-06,0.024616520778821375,1.6820480414094694e-07
794.1,0,6.833004779686843e-06,0.0011912531318298064,8.139838343609988e-09
826.7,0,0.0,0.018453659593487656,0.0
854.3,0,0.0,0.018453659593487656,0.0
767.2,0,1.3666009559373686e-05,0.0006356975762742516,8.687449154234604e-09
665.2,1,6.833004779686843e-06,0.0008461155584510409,5.781511655063364e-09
695.8,1,6.833004779686843e-06,0.0004712164856007353,3.219824498377061e-09
651.2,1,3.4165023898434215e-06,0.00026750430774422047,9.139291067015393e-10
715.7,1,0.0,0.01587155120449283,0.0
721.7,1,1.0249507169530265e-05,0.0048757691599171085,4.997423096154496e-08
822.2,0,3.074852150859079e-05,0.010295540137757984,3.165726373684112e-07
781.4,0,4.7831033457807905e-05,0.03304101979292472,1.5803861231954754e-06
659.0,1,7.516305257655528e-05,0.03487315883097892,2.6211730707234313e-06
644.7,1,9.566206691561581e-05,0.0672596465673319,6.434196810644773e-06
531.2,1,8.882906213592897e-05,0.028910139675939542,2.568060593632419e-06
466.5,1,5.1247535847651325e-05,0.07000086198984806,3.5873716841912316e-06
581.2,1,5.808054062733817e-05,0.03726078195158274,2.1641263599452902e-06
364.9,2,0.0001264105884242066,0.18182142353724606,2.2984153137470165e-05
349.8,1,0.0003314007318148119,0.24037727319947913,7.966120424995635e-05
463.3,1,0.0004578113202390185,0.06903738208077849,3.160609503624676e-05
334.5,2,0.00033823373659449873,0.20612195696657637,6.97173996989756e-05
520.8,1,7.516305257655528e-05,0.045687305482423585,3.433997344056546e-06
276.4,4,3.4165023898434215e-06,0.08769790657688106,2.996201074041793e-07
439.2,1,0.0,0.04793293683986121,0.0
538.5,1,0.0,0.018575961496685146,0.0
714.6,1,0.0,0.01572678334154045,0.0
957.1,0,0.0,0.018453659593487656,0.0
580.7,6,0.0,0.05864079221415224,0.0
517.4,2,0.0,0.018301731426623186,0.0
511.0,3,0.0,0.05751466746379278,0.0
609.3,2,0.0,0.018155853665680743,0.0
602.1,5,0.0,0.05826676956101571,0.0
581.5,5,0.0,0.05711425584270181,0.0
1182.2,0,0.0,0.018453659593487656,0.0
626.5,4,0.0,0.0725284721214602,0.0
532.8,2,0.0,0.01821815065041725,0.0
615.6,1,0.0,0.01648393356535704,0.0
549.8,2,0.0,0.019966266074172352,0.0
571.9,2,0.0,0.01779560686488198,0.0
608.8,1,0.0,0.018252802241126274,0.0
619.0,1,0.0,0.015995838327023712,0.0
644.4,1,0.0,0.014616623813184551,0.0
711.4,1,0.0,0.01572678334154045,0.0
768.5,0,0.0,0.01915152494682099,0.0
744.3,1,0.0,0.016978185956590865,0.0
747.9,0,0.0,0.01762316398945737,0.0
719.2,1,0.0,0.02446292449968537,0.0
935.3,0,0.0,0.018453659593487656,0.0
1062.3,0,0.0,0.018453659593487656,0.0
1064.4,0,0.0,0.018453659593487656,0.0
601.8,1,0.0,0.020969347622128827,0.0
563.8,1,0.0,0.018549213659284303,0.0
631.9,1,0.0,0.01488960898717965,0.0
764.3,0,0.0,0.018292913074720533,0.0
827.2,0,0.0,0.018453659593487656,0.0
834.3,0,0.0,0.018453659593487656,0.0
842.4,0,0.0,0.018453659593487656,0.0
983.4,0,0.0,0.018453659593487656,0.0
1093.5,0,0.0,0.018453659593487656,0.0
1646.8,0,0.0,0.018453659593487656,0.0
1168.2,0,0.0,0.018453659593487656,0.0
1243.7,0,0.0,0.018453659593487656,0.0
1327.5,0,0.0,0.018453659593487656,0.0
1219.1,0,0.0,0.018453659593487656,0.0
1115.2,0,0.0,0.018453659593487656,0.0
1045.1,0,0.0,0.018453659593487656,0.0
1043.9,0,1.0249507169530265e-05,0.001823757324910537,1.8692613777153884e-08
933.2,0,6.833004779686843e-06,0.0007218352030812225,4.9323033928002165e-09
980.4,0,6.833004779686843e-06,0.00043050868207851245,2.941667882339159e-09
917.7,0,0.0,0.018453659593487656,0.0
875.0,0,1.708251194921711e-05,0.0006688563016693812,1.1425745765576369e-08
901.2,0,1.3666009559373686e-05,0.029868633782041864,4.0818503479081594e-07
834.8,0,0.0,0.018453659593487656,0.0
882.0,0,6.833004779686843e-06,0.0012174296287947846,8.318702472487142e-09
796.6,0,1.708251194921711e-05,0.0011557562139722648,1.974321933556314e-08
753.2,0,1.3666009559373686e-05,0.023690431420131698,3.2375366225320654e-07
772.8,0,1.3666009559373686e-05,0.0012190205789132575,1.665914688450182e-08
839.1,0,6.833004779686843e-06,0.0002724559272186189,1.8616926529388336e-09
709.8,2,2.3915516728903952e-05,0.013186696524318076,3.1536666132630855e-07
787.0,0,1.708251194921711e-05,0.009620729338441807,1.6434622388411578e-07
698.8,2,1.0249507169530265e-05,0.004157350239742661,4.261079108849077e-08
679.2,2,6.833004779686843e-06,0.2737658966850286,1.8706436805640549e-06
893.0,0,2.7332019118747372e-05,0.02954548891255665,8.075378678307369e-07
701.9,1,0.00010591157408514608,0.05088781139027838,5.389608206092408e-06
694.5,1,9.224556452577238e-05,0.06393761689383598,5.897961564804461e-06
644.3,1,2.049901433906053e-05,0.01278789283233581,2.6213919853642114e-07
573.3,1,6.833004779686843e-06,0.011314936580196635,7.731501573433711e-08
488.0,1,6.149704301718158e-05,0.05319080509482603,3.2710772290350377e-06
512.5,1,8.199605735624212e-05,0.04606710599685409,3.777321065554133e-06
372.3,1,0.00010932807647498949,0.19526842111316878,2.1348320876610967e-05
380.2,1,0.0001708251194921711,0.16765769001980083,2.8640144931413855e-05
1005.7,0,5.808054062733817e-05,0.13997394585155698,8.129762448800188e-06
553.3,1,0.0,0.020366791715381204,0.0
310.5,3,0.0,0.16270590089558568,0.0
759.3,0,0.0,0.018292913074720533,0.0
911.7,0,0.0,0.018453659593487656,0.0
513.3,1,0.0,0.01916010880421732,0.0
482.4,2,0.0,0.036201053725918704,0.0
477.7,2,0.0,0.03661416954654283,0.0
613.8,1,0.0,0.016586135574459607,0.0
690.6,1,0.0,0.014595373084873785,0.0
593.1,2,0.0,0.016541713277438457,0.0
641.7,2,0.0,0.014849156423516797,0.0
595.4,2,0.0,0.016541713277438457,0.0
614.8,4,0.0,0.06553198346174673,0.0
707.5,2,0.0,0.015084315951872696,0.0
1137.7,0,0.0,0.018453659593487656,0.0
686.1,1,0.0,0.014595373084873785,0.0
769.9,0,0.0,0.01915152494682099,0.0
646.4,1,0.0,0.014616623813184551,0.0
632.5,1,0.0,0.014755512701934552,0.0
723.5,1,0.0,0.016692580167982862,0.0
852.4,0,0.0,0.018453659593487656,0.0
800.6,0,0.0,0.018453659593487656,0.0
715.5,1,0.0,0.01587155120449283,0.0
766.9,0,0.0,0.01915152494682099,0.0
800.4,0,0.0,0.018453659593487656,0.0
835.0,0,0.0,0.018453659593487656,0.0
885.1,0,0.0,0.018453659593487656,0.0
1021.6,0,0.0,0.018453659593487656,0.0
1130.8,0,0.0,0.018453659593487656,0.0
613.2,1,0.0,0.016586135574459607,0.0
708.6,1,0.0,0.014851783341540453,0.0
593.7,1,0.0,0.01670686304640488,0.0
718.1,1,0.0,0.01753821787115949,0.0
810.2,0,0.0,0.018453659593487656,0.0
831.9,0,0.0,0.018453659593487656,0.0
903.8,0,0.0,0.018453659593487656,0.0
940.5,0,0.0,0.018453659593487656,0.0
1174.4,0,0.0,0.018453659593487656,0.0
1122.2,0,0.0,0.018453659593487656,0.0
1126.3,0,0.0,0.018453659593487656,0.0
1274.0,0,0.0,0.018453659593487656,0.0
1212.7,0,0.0,0.018453659593487656,0.0
1144.7,0,0.0,0.018453659593487656,0.0
1080.5,0,0.0,0.018453659593487656,0.0
1000.2,0,0.0,0.018453659593487656,0.0
1078.7,0,6.833004779686843e-06,0.00023684775141329152,1.6183818174651023e-09
1014.7,0,6.833004779686843e-06,0.002144266239657414,1.4651781464500243e-08
927.2,0,3.4165023898434215e-06,0.0003036588792074066,1.0374512865092795e-09
917.7,0,3.4165023898434215e-06,0.00023684775141329152,8.091909087325512e-10
966.5,0,0.0,0.018453659593487656,0.0
937.8,0,0.0,0.018453659593487656,0.0
956.6,0,0.0,0.018453659593487656,0.0
839.7,0,3.4165023898434215e-06,0.00023684775141329152,8.091909087325512e-10
806.1,0,1.3666009559373686e-05,0.005748274470139902,7.855597385883561e-08
785.8,0,2.049901433906053e-05,0.0015434208586660267,3.1638606313e-08
791.0,0,1.708251194921711e-05,0.002106564645934431,3.598541573597323e-08
767.8,0,0.0,0.01915152494682099,0.0
705.5,1,6.833004779686843e-06,0.0006113861309536897,4.177604355040808e-09
832.0,0,6.833004779686843e-06,0.014333144801225836,9.793844693471977e-08
733.3,1,1.3666009559373686e-05,0.00021664497011139586,2.9606722325325624e-09
753.6,0,2.3915516728903952e-05,0.008998627422702228,2.1520682466480898e-07
772.8,0,6.491354540702501e-05,0.028852706303861945,1.8729314607712992e-06
750.3,0,8.882906213592897e-05,0.03776961267763476,3.3550392713915887e-06
640.6,1,6.491354540702501e-05,0.04163216991453697,2.7024917521402764e-06
530.9,1,5.808054062733817e-05,0.006395135317407414,3.714329166200065e-07
744.6,1,3.416502389843422e-05,0.012312333147892096,4.2065115624321726e-07
559.3,1,4.4414531067964485e-05,0.006087048791335247,2.70353417654975e-07
769.5,0,2.049901433906053e-05,0.0338525938853747,6.939448074706887e-07
790.0,0,3.758152628827764e-05,0.05699656319598343,2.142017838091329e-06
842.7,0,1.0249507169530265e-05,0.02768073274613181,2.8371386873932915e-07
822.7,0,0.0,0.018453659593487656,0.0
849.2,0,0.0,0.018453659593487656,0.0
387.4,1,0.0,0.29784304224452424,0.0
483.9,1,0.0,0.03718807155268562,0.0
432.3,1,0.0,0.13113401243148545,0.0
427.0,1,0.0,0.21820865172026457,0.0
578.9,1,0.0,0.018413037040294945,0.0
521.2,1,0.0,0.018480034846720925,0.0
897.8,0,0.0,0.018453659593487656,0.0
704.7,1,0.0,0.014851783341540453,0.0
626.4,2,0.0,0.021855695871708318,0.0
676.8,1,0.0,0.01515092864154045,0.0
715.1,1,0.0,0.01587155120449283,0.0
696.6,2,0.0,0.01482790569520603,0.0
655.3,2,0.0,0.014849156423516797,0.0
832.3,0,0.0,0.018453659593487656,0.0
670.6,2,0.0,0.015435174887630273,0.0
766.2,0,0.0,0.018292913074720533,0.0
648.8,1,0.0,0.014616623813184551,0.0
731.6,1,0.0,0.015602836577982861,0.0
713.9,1,0.0,0.01572678334154045,0.0
1068.8,0,0.0,0.018453659593487656,0.0
950.3,0,0.0,0.018453659593487656,0.0
915.2,0,0.0,0.018453659593487656,0.0
750.4,0,0.0,0.017146973512790705,0.0
773.1,0,0.0,0.01915152494682099,0.0
798.2,0,0.0,0.018453659593487656,0.0
836.5,0,0.0,0.018453659593487656,0.0
866.5,0,0.0,0.018453659593487656,0.0
1239.2,0,0.0,0.018453659593487656,0.0
636.9,1,0.0,0.014755512701934552,0.0
903.7,0,0.0,0.018453659593487656,0.0
672.0,1,0.0,0.015202642277298027,0.0
718.0,1,0.0,0.01753821787115949,0.0
775.4,0,0.0,0.01915152494682099,0.0
873.0,0,0.0,0.018453659593487656,0.0
997.1,0,0.0,0.018453659593487656,0.0
968.8,0,0.0,0.018453659593487656,0.0
1032.6,0,0.0,0.018453659593487656,0.0
1073.1,0,0.0,0.018453659593487656,0.0
1094.0,0,0.0,0.018453659593487656,0.0
1233.5,0,0.0,0.018453659593487656,0.0
1147.5,0,0.0,0.018453659593487656,0.0
1131.9,0,3.4165023898434215e-06,0.0013375985820386885,4.569908752186351e-09
1041.5,0,1.0249507169530265e-05,0.002144266239657414,2.1977672196750363e-08
1019.8,0,6.833004779686843e-06,0.0005548174913288524,3.791070570103912e-09
1037.8,0,0.0,0.018453659593487656,0.0
991.5,0,0.0,0.018453659593487656,0.0
987.1,0,0.0,0.018453659593487656,0.0
981.1,0,3.4165023898434215e-06,0.0011829002478399382,4.041381523691524e-09
1016.6,0,0.0,0.018453659593487656,0.0
979.6,0,0.0,0.018453659593487656,0.0
945.0,0,0.0,0.018453659593487656,0.0
889.5,0,6.833004779686843e-06,0.001740186135321481,1.1890700180196455e-08
900.2,0,0.0,0.018453659593487656,0.0
853.5,0,0.0,0.018453659593487656,0.0
874.6,0,1.0249507169530265e-05,0.016668131297049107,1.708401312317766e-07
801.4,0,3.4165023898434215e-06,0.0007141289482742515,2.4398232584353494e-09
739.9,1,2.7332019118747372e-05,0.0028360484716845142,7.75149310497754e-08
795.3,0,2.049901433906053e-05,0.039709725310574866,8.14010228541629e-07
839.0,0,2.7332019118747372e-05,0.0013525964108241167,3.6969190960593833e-08
910.8,0,1.0249507169530265e-05,0.00900214030026337,9.226750154866674e-08
888.8,0,2.049901433906053e-05,0.021537516200668648,4.414978534252551e-07
703.9,1,4.4414531067964485e-05,0.009995684283253849,4.439536301441424e-07
828.2,0,1.3666009559373686e-05,0.022597714930571763,3.088205882611952e-07
976.4,0,3.4165023898434215e-06,0.011582511084698195,3.95716768012593e-08
532.5,1,0.0,0.0186186762916261,0.0
658.4,1,0.0,0.014616623813184551,0.0
587.7,1,0.0,0.01658194093973821,0.0
619.0,1,0.0,0.015995838327023712,0.0
942.7,0,0.0,0.018453659593487656,0.0
583.7,1,0.0,0.017783154758111222,0.0
528.4,1,0.0,0.018964725215443148,0.0
521.2,1,0.0,0.018480034846720925,0.0
470.8,1,0.0,0.039473023477033804,0.0
456.0,1,0.0,0.04904974393641363,0.0
510.5,1,0.0,0.020509694433480437,0.0
544.3,1,0.0,0.018575961496685146,0.0
573.0,1,0.0,0.017960756633848402,0.0
796.7,0,0.0,0.018453659593487656,0.0
713.5,1,0.0,0.01572678334154045,0.0
754.5,0,0.0,0.017606743627790706,0.0
846.7,0,0.0,0.018453659593487656,0.0
774.1,0,0.0,0.01915152494682099,0.0
763.0,0,0.0,0.018292913074720533,0.0
743.6,1,0.0,0.016978185956590865,0.0
816.0,0,0.0,0.018453659593487656,0.0
927.9,0,0.0,0.018453659593487656,0.0
688.6,1,0.0,0.014595373084873785,0.0
684.1,1,0.0,0.014595373084873785,0.0
710.8,1,0.0,0.014851783341540453,0.0
728.3,1,0.0,0.015602836577982861,0.0
1043.6,0,0.0,0.018453659593487656,0.0
1138.9,0,0.0,0.018453659593487656,0.0
1138.9,0,0.0,0.018453659593487656,0.0
766.5,0,0.0,0.018292913074720533,0.0
781.6,0,0.0,0.01915152494682099,0.0
811.2,0,0.0,0.018453659593487656,0.0
822.5,0,0.0,0.018453659593487656,0.0
766.4,0,0.0,0.018292913074720533,0.0
735.3,1,0.0,0.015602836577982861,0.0
790.4,0,0.0,0.01915152494682099,0.0
821.7,0,0.0,0.018453659593487656,0.0
727.5,1,0.0,0.015602836577982861,0.0
775.7,0,0.0,0.01915152494682099,0.0
763.6,0,0.0,0.018292913074720533,0.0
937.8,0,0.0,0.018453659593487656,0.0
983.1,0,0.0,0.018453659593487656,0.0
1004.2,0,0.0,0.018453659593487656,0.0
1046.7,0,0.0,0.018453659593487656,0.0
1119.9,0,0.0,0.018453659593487656,0.0
1123.7,0,0.0,0.018453659593487656,0.0
1208.7,0,0.0,0.018453659593487656,0.0
1178.1,0,1.0249507169530265e-05,0.0011074101397299085,1.135040816677221e-08
1132.5,0,6.833004779686843e-06,0.0015436009854633004,1.0547432911600052e-08
1152.3,0,3.4165023898434215e-06,0.010070971282894364,3.440749745605306e-08
1144.1,0,0.0,0.018453659593487656,0.0
1092.0,0,0.0,0.018453659593487656,0.0
1014.5,0,0.0,0.018453659593487656,0.0
1096.2,0,3.4165023898434215e-06,0.000631537067995519,2.1576479020813982e-09
1002.9,0,1.708251194921711e-05,0.0011829002478399382,2.0206907618457626e-08
1100.2,0,3.4165023898434215e-06,0.0008535082443784692,2.916012956670103e-09
1029.2,0,3.4165023898434215e-06,0.0004727041409674013,1.6149948273040081e-09
1026.5,0,2.3915516728903952e-05,0.002144266239657414,5.1281235125750855e-08
932.1,0,3.4165023898434215e-06,0.00321899659885004,1.0997709572869007e-08
994.8,0,0.0,0.018453659593487656,0.0
1042.4,0,0.0,0.018453659593487656,0.0
942.9,0,3.4165023898434215e-06,0.001452021768679823,4.960835842799287e-09
825.3,0,6.833004779686843e-06,0.0006688563016693812,4.5702983062305466e-09
794.7,0,2.7332019118747372e-05,0.005996489030960945,1.6389615283958347e-07
844.5,0,3.074852150859079e-05,0.01015172646250399,3.1215057948163424e-07
721.9,1,6.833004779686843e-06,0.00302324722066909,2.0657862709006855e-08
652.4,1,3.4165023898434215e-06,0.0026614822088682163,9.09296032712401e-09
731.8,1,3.4165023898434215e-06,0.006216736476995306,2.1239495030681235e-08
637.0,1,3.758152628827764e-05,0.02038873808075287,7.662398961666213e-07
788.0,0,1.708251194921711e-05,0.08715308240662696,1.4887935716223085e-06
597.9,1,3.4165023898434215e-06,0.0007094777352427691,2.4239323779976193e-09
674.2,1,0.0,0.016207094699873782,0.0
709.5,1,0.0,0.014851783341540453,0.0
761.6,0,0.0,0.018292913074720533,0.0
690.7,1,0.0,0.014595373084873785,0.0
611.6,1,0.0,0.016586135574459607,0.0
628.4,1,0.0,0.01488960898717965,0.0
647.3,1,0.0,0.014616623813184551,0.0
653.8,1,0.0,0.014616623813184551,0.0
510.9,1,0.0,0.020509694433480437,0.0
476.8,1,0.0,0.03903397559019864,0.0
489.4,1,0.0,0.03681329201109833,0.0
608.7,1,0.0,0.018252802241126274,0.0
697.4,1,0.0,0.014595373084873785,0.0
772.1,0,0.0,0.01915152494682099,0.0
744.8,1,0.0,0.016978185956590865,0.0
819.3,0,0.0,0.018453659593487656,0.0
873.2,0,0.0,0.018453659593487656,0.0
810.8,0,0.0,0.018453659593487656,0.0
904.9,0,0.0,0.018453659593487656,0.0
909.0,0,0.0,0.018453659593487656,0.0
721.0,2,0.0,0.01859177944498178,0.0
719.8,1,0.0,0.025009961711154903,0.0
804.7,0,0.0,0.018453659593487656,0.0
726.2,2,0.0,0.01583536918831511,0.0
742.7,1,0.0,0.015997498167760638,0.0
1021.2,0,0.0,0.018453659593487656,0.0
1043.6,0,0.0,0.018453659593487656,0.0
1114.9,0,0.0,0.018453659593487656,0.0
1083.0,0,0.0,0.018453659593487656,0.0
1081.8,0,0.0,0.018453659593487656,0.0
1077.8,0,0.0,0.018453659593487656,0.0
1049.2,0,0.0,0.018453659593487656,0.0
956.8,0,0.0,0.018453659593487656,0.0
829.3,0,0.0,0.018453659593487656,0.0
756.1,0,0.0,0.018292913074720533,0.0
773.0,0,0.0,0.01915152494682099,0.0
748.9,0,0.0,0.01762316398945737,0.0
760.8,0,0.0,0.018292913074720533,0.0
796.9,0,0.0,0.018453659593487656,0.0
811.1,0,0.0,0.018453659593487656,0.0
847.4,0,0.0,0.018453659593487656,0.0
937.2,0,0.0,0.018453659593487656,0.0
976.7,0,0.0,0.018453659593487656,0.0
1022.5,0,0.0,0.018453659593487656,0.0
1079.0,0,0.0,0.018453659593487656,0.0
1089.1,0,0.0,0.018453659593487656,0.0
1193.5,0,0.0,0.018453659593487656,0.0
1226.1,0,0.0,0.018453659593487656,0.0
1281.8,0,3.4165023898434215e-06,0.00023684775141329152,8.091909087325512e-10
1170.4,0,0.0,0.018453659593487656,0.0
1194.8,0,0.0,0.018453659593487656,0.0
1157.1,0,0.0,0.018453659593487656,0.0
1074.1,0,0.0,0.018453659593487656,0.0
1061.3,0,0.0,0.018453659593487656,0.0
1026.8,0,3.4165023898434215e-06,0.013974106145554976,4.774256704221422e-08
1055.5,0,3.4165023898434215e-06,0.00023684775141329152,8.091909087325512e-10
1081.4,0,0.0,0.018453659593487656,0.0
961.3,0,0.0,0.018453659593487656,0.0
982.7,0,3.4165023898434215e-06,0.00023684775141329152,8.091909087325512e-10
1055.9,0,0.0,0.018453659593487656,0.0
1042.4,0,3.4165023898434215e-06,0.015748231459042104,5.38038704156247e-08
1121.7,0,0.0,0.018453659593487656,0.0
853.0,0,3.4165023898434215e-06,0.002489744861204154,8.50621926840437e-09
816.0,0,0.0,0.018453659593487656,0.0
764.7,0,0.0,0.018292913074720533,0.0
676.7,1,3.4165023898434215e-06,0.0005394420157294721,1.843004935921694e-09
649.4,1,3.4165023898434215e-06,0.059851939485129325,2.044842942877082e-07
646.5,1,1.0249507169530265e-05,0.0005504421864163641,5.6417611360864376e-09
652.2,1,3.758152628827764e-05,0.009018625991873534,3.389337297977392e-07
636.3,2,3.4165023898434215e-06,0.000779336330801946,2.662604436676652e-09
695.9,1,0.0,0.014595373084873785,0.0
711.0,1,0.0,0.01572678334154045,0.0
803.2,0,0.0,0.018453659593487656,0.0
778.7,0,0.0,0.01915152494682099,0.0
895.4,0,0.0,0.018453659593487656,0.0
900.2,0,0.0,0.018453659593487656,0.0
743.4,1,0.0,0.016978185956590865,0.0
685.6,1,0.0,0.014595373084873785,0.0
593.5,1,0.0,0.01670686304640488,0.0
624.5,1,0.0,0.02162316326137607,0.0
675.2,1,0.0,0.016207094699873782,0.0
507.0,1,0.0,0.02229879977181377,0.0
526.3,1,0.0,0.018964725215443148,0.0
612.7,1,0.0,0.016586135574459607,0.0
832.2,0,0.0,0.018453659593487656,0.0
777.6,0,0.0,0.01915152494682099,0.0
879.7,0,0.0,0.018453659593487656,0.0
843.9,0,0.0,0.018453659593487656,0.0
823.3,0,0.0,0.018453659593487656,0.0
880.8,0,0.0,0.018453659593487656,0.0
777.1,0,0.0,0.01915152494682099,0.0
742.5,1,0.0,0.015997498167760638,0.0
763.2,0,0.0,0.018292913074720533,0.0
1023.5,0,0.0,0.018453659593487656,0.0
950.4,0,0.0,0.018453659593487656,0.0
997.9,0,0.0,0.018453659593487656,0.0
970.6,0,0.0,0.018453659593487656,0.0
982.7,0,0.0,0.018453659593487656,0.0
1030.5,0,0.0,0.018453659593487656,0.0
1093.4,0,0.0,0.018453659593487656,0.0
1052.8,0,0.0,0.018453659593487656,0.0
1043.0,0,0.0,0.018453659593487656,0.0
1040.2,0,0.0,0.018453659593487656,0.0
925.9,0,0.0,0.018453659593487656,0.0
910.3,0,0.0,0.018453659593487656,0.0
796.0,0,0.0,0.018453659593487656,0.0
903.6,0,0.0,0.018453659593487656,0.0
898.3,0,0.0,0.018453659593487656,0.0
859.4,0,0.0,0.018453659593487656,0.0
789.3,0,0.0,0.01915152494682099,0.0
827.9,0,0.0,0.018453659593487656,0.0
989.6,0,0.0,0.018453659593487656,0.0
949.3,0,0.0,0.018453659593487656,0.0
1017.1,0,0.0,0.018453659593487656,0.0
1156.6,0,0.0,0.018453659593487656,0.0
1086.3,0,0.0,0.018453659593487656,0.0
1107.0,0,0.0,0.018453659593487656,0.0
1202.4,0,0.0,0.018453659593487656,0.0
1469.0,0,0.0,0.018453659593487656,0.0
1289.7,0,0.0,0.018453659593487656,0.0
1227.5,0,0.0,0.018453659593487656,0.0
1265.7,0,6.833004779686843e-06,0.0005826483724236011,3.9812391136472264e-09
1260.1,0,0.0,0.018453659593487656,0.0
1122.8,0,0.0,0.018453659593487656,0.0
1094.2,0,6.833004779686843e-06,0.002144266239657414,1.4651781464500243e-08
1149.7,0,0.0,0.018453659593487656,0.0
1080.2,0,0.0,0.018453659593487656,0.0
1096.4,0,1.0249507169530265e-05,0.02658094605081767,2.724415971207529e-07
1057.4,0,6.833004779686843e-06,0.0005548174913288524,3.791070570103912e-09
1029.6,0,3.4165023898434215e-06,0.014251783006838346,4.8691250702393074e-08
1078.1,0,3.4165023898434215e-06,0.0005514454204348134,1.8840145967837504e-09
918.5,0,3.4165023898434215e-06,0.01614428915728362,5.5157002488182724e-08
902.7,0,1.708251194921711e-05,0.000997605583031583,1.704160929274272e-08
792.5,0,1.708251194921711e-05,0.0011074101397299085,1.8917346944620352e-08
870.9,0,0.0,0.018453659593487656,0.0
767.6,0,0.0,0.01915152494682099,0.0
694.3,1,6.833004779686843e-06,0.012765622070180923,8.72275566212221e-08
646.6,1,3.4165023898434215e-06,0.0009934442697857157,3.3941047218991505e-09
804.9,0,1.3666009559373686e-05,0.013141006011452632,1.7958511377229874e-07
700.9,1,6.833004779686843e-06,0.003527479370816763,2.410328340103768e-08
762.9,0,0.0,0.018292913074720533,0.0
1049.4,0,0.0,0.018453659593487656,0.0
1152.1,0,0.0,0.018453659593487656,0.0
813.3,0,0.0,0.018453659593487656,0.0
813.7,0,0.0,0.018453659593487656,0.0
542.3,1,0.0,0.018575961496685146,0.0
806.3,0,0.0,0.018453659593487656,0.0
773.7,0,0.0,0.01915152494682099,0.0
694.7,1,0.0,0.014595373084873785,0.0
626.4,1,0.0,0.02162316326137607,0.0
759.9,0,0.0,0.018292913074720533,0.0
689.8,1,0.0,0.014595373084873785,0.0
566.1,1,0.0,0.018549213659284303,0.0
599.3,1,0.0,0.01804019637973821,0.0
566.2,1,0.0,0.018549213659284303,0.0
606.8,1,0.0,0.018252802241126274,0.0
646.7,1,0.0,0.014616623813184551,0.0
694.5,1,0.0,0.014595373084873785,0.0
777.6,0,0.0,0.01915152494682099,0.0
784.3,0,0.0,0.01915152494682099,0.0
925.1,0,0.0,0.018453659593487656,0.0
856.2,0,0.0,0.018453659593487656,0.0
875.1,0,0.0,0.018453659593487656,0.0
814.6,0,0.0,0.018453659593487656,0.0
856.4,0,0.0,0.018453659593487656,0.0
913.2,0,0.0,0.018453659593487656,0.0
914.4,0,0.0,0.018453659593487656,0.0
1011.9,0,0.0,0.018453659593487656,0.0
801.4,0,0.0,0.018453659593487656,0.0
968.6,0,0.0,0.018453659593487656,0.0
1143.0,0,0.0,0.018453659593487656,0.0
1117.6,0,0.0,0.018453659593487656,0.0
1109.8,0,0.0,0.018453659593487656,0.0
961.8,0,0.0,0.018453659593487656,0.0
945.6,0,0.0,0.018453659593487656,0.0
880.9,0,0.0,0.018453659593487656,0.0
840.5,0,0.0,0.018453659593487656,0.0
820.6,0,0.0,0.018453659593487656,0.0
686.2,1,0.0,0.014595373084873785,0.0
884.5,0,0.0,0.018453659593487656,0.0
851.9,0,0.0,0.018453659593487656,0.0
879.0,0,0.0,0.018453659593487656,0.0
1105.7,0,0.0,0.018453659593487656,0.0
1048.0,0,0.0,0.018453659593487656,0.0
979.0,0,0.0,0.018453659593487656,0.0
1051.8,0,0.0,0.018453659593487656,0.0
1154.8,0,0.0,0.018453659593487656,0.0
1214.2,0,0.0,0.018453659593487656,0.0
1395.1,0,0.0,0.018453659593487656,0.0
1634.6,0,0.0,0.018453659593487656,0.0
1453.5,0,0.0,0.018453659593487656,0.0
1365.9,0,0.0,0.018453659593487656,0.0
1359.9,0,0.0,0.018453659593487656,0.0
1296.6,0,0.0,0.018453659593487656,0.0
1152.8,0,0.0,0.018453659593487656,0.0
1169.2,0,3.4165023898434215e-06,0.0010288085350203707,3.514926818588406e-09
1163.5,0,3.4165023898434215e-06,0.001166865965618064,3.986600360161067e-09
1126.6,0,6.833004779686843e-06,0.01990774178217745,1.3602969475039e-07
1086.0,0,1.0249507169530265e-05,0.040377567135576144,4.1385016384427726e-07
1041.0,0,3.4165023898434215e-06,0.04260578594142889,1.4556276949004906e-07
1041.8,0,1.0249507169530265e-05,0.000709102493250442,7.267951088502191e-09
945.8,0,1.3666009559373686e-05,0.002902477767907753,3.966528892209695e-08
851.3,0,2.3915516728903952e-05,0.014638680896122077,3.500916178602942e-07
833.0,0,1.708251194921711e-05,0.0014700159416898364,2.511156488945627e-08
860.2,0,0.0,0.018453659593487656,0.0
801.7,0,3.4165023898434215e-06,0.0010288085350203707,3.514926818588406e-09
829.5,0,0.0,0.018453659593487656,0.0
690.1,1,1.708251194921711e-05,0.013469607236403433,2.300947265671229e-07
965.7,0,1.0249507169530265e-05,0.017773829140991796,1.8217298921060136e-07
734.1,1,0.0,0.015602836577982861,0.0
678.5,1,0.0,0.01515092864154045,0.0
962.5,0,0.0,0.018453659593487656,0.0
1019.3,0,0.0,0.018453659593487656,0.0
1146.1,0,0.0,0.018453659593487656,0.0
1146.1,0,0.0,0.018453659593487656,0.0
572.4,1,0.0,0.017960756633848402,0.0
562.4,1,0.0,0.020804922089665265,0.0
865.8,0,0.0,0.018453659593487656,0.0
829.5,0,0.0,0.018453659593487656,0.0
753.2,0,0.0,0.017146973512790705,0.0
677.7,1,0.0,0.01515092864154045,0.0
754.2,0,0.0,0.017606743627790706,0.0
765.3,0,0.0,0.018292913074720533,0.0
750.7,0,0.0,0.017146973512790705,0.0
750.7,0,0.0,0.017146973512790705,0.0
649.8,1,0.0,0.014616623813184551,0.0
644.6,1,0.0,0.014616623813184551,0.0
734.1,1,0.0,0.015602836577982861,0.0
827.7,0,0.0,0.018453659593487656,0.0
782.2,0,0.0,0.01915152494682099,0.0
880.6,0,0.0,0.018453659593487656,0.0
902.7,0,0.0,0.018453659593487656,0.0
901.8,0,0.0,0.018453659593487656,0.0
884.1,0,0.0,0.018453659593487656,0.0
836.7,0,0.0,0.018453659593487656,0.0
941.4,0,0.0,0.018453659593487656,0.0
843.6,0,0.0,0.018453659593487656,0.0
891.8,0,0.0,0.018453659593487656,0.0
981.0,0,0.0,0.018453659593487656,0.0
1016.0,0,0.0,0.018453659593487656,0.0
951.5,0,0.0,0.018453659593487656,0.0
1104.7,0,0.0,0.018453659593487656,0.0
1138.1,0,0.0,0.018453659593487656,0.0
1129.8,0,0.0,0.018453659593487656,0.0
993.7,0,0.0,0.018453659593487656,0.0
923.3,0,0.0,0.018453659593487656,0.0
844.7,0,0.0,0.018453659593487656,0.0
818.4,0,0.0,0.018453659593487656,0.0
774.5,0,0.0,0.01915152494682099,0.0
803.8,0,0.0,0.018453659593487656,0.0
866.5,0,0.0,0.018453659593487656,0.0
903.7,0,0.0,0.018453659593487656,0.0
1174.8,0,0.0,0.018453659593487656,0.0
1140.6,0,0.0,0.018453659593487656,0.0
1046.9,0,0.0,0.018453659593487656,0.0
1008.7,0,0.0,0.018453659593487656,0.0
1083.2,0,0.0,0.018453659593487656,0.0
1240.5,0,0.0,0.018453659593487656,0.0
1430.6,0,0.0,0.018453659593487656,0.0
1282.6,0,0.0,0.018453659593487656,0.0
1558.3,0,0.0,0.018453659593487656,0.0
1465.2,0,0.0,0.018453659593487656,0.0
1343.7,0,0.0,0.018453659593487656,0.0
1286.3,0,2.049901433906053e-05,0.0011220481637797103,2.3000881398436818e-08
1219.4,0,0.0,0.018453659593487656,0.0
1273.9,0,3.4165023898434215e-06,0.000698348195789634,2.385908279858126e-09
1166.4,0,0.0,0.018453659593487656,0.0
1155.8,0,0.0,0.018453659593487656,0.0
1116.0,0,3.758152628827764e-05,0.0024552102506734414,9.227054857893267e-08
1114.0,0,1.0249507169530265e-05,0.008127785604302802,8.330579682370645e-08
985.7,0,3.4165023898434215e-06,0.023911047924280192,8.169215237696386e-08
1036.0,0,0.0,0.018453659593487656,0.0
992.8,0,2.3915516728903952e-05,0.0004626675674276136,1.106493394873639e-08
938.6,0,3.758152628827764e-05,0.0012386410501723378,4.6550021188791534e-08
878.7,0,0.0,0.018453659593487656,0.0
1015.9,0,0.0,0.018453659593487656,0.0
749.2,0,0.0,0.01762316398945737,0.0
751.2,0,6.833004779686843e-06,0.014411194691490624,9.84717622079531e-08
716.2,1,6.833004779686843e-06,0.007128111067308899,4.8706416993060395e-08
815.4,0,1.3666009559373686e-05,0.030961345324993506,4.23118041182431e-07
675.5,1,0.0,0.016207094699873782,0.0
655.9,1,0.0,0.014616623813184551,0.0
970.6,0,0.0,0.018453659593487656,0.0
997.7,0,0.0,0.018453659593487656,0.0
1036.9,0,0.0,0.018453659593487656,0.0
1047.9,0,0.0,0.018453659593487656,0.0
1199.2,0,0.0,0.018453659593487656,0.0
837.0,0,0.0,0.018453659593487656,0.0
875.4,0,0.0,0.018453659593487656,0.0
864.4,0,0.0,0.018453659593487656,0.0
725.1,1,0.0,0.016436169911316193,0.0
723.1,1,0.0,0.01752591350131619,0.0
862.9,0,0.0,0.018453659593487656,0.0
779.4,0,0.0,0.01915152494682099,0.0
736.6,1,0.0,0.015602836577982861,0.0
727.5,1,0.0,0.015602836577982861,0.0
680.1,1,0.0,0.014595373084873785,0.0
718.3,1,0.0,0.01753821787115949,0.0
798.8,0,0.0,0.018453659593487656,0.0
863.6,0,0.0,0.018453659593487656,0.0
851.3,0,0.0,0.018453659593487656,0.0
901.3,0,0.0,0.018453659593487656,0.0
978.2,0,0.0,0.018453659593487656,0.0
1017.9,0,0.0,0.018453659593487656,0.0
931.7,0,0.0,0.018453659593487656,0.0
934.6,0,0.0,0.018453659593487656,0.0
1012.9,0,0.0,0.018453659593487656,0.0
1111.0,0,0.0,0.018453659593487656,0.0
869.7,0,0.0,0.018453659593487656,0.0
901.9,0,0.0,0.018453659593487656,0.0
973.9,0,0.0,0.018453659593487656,0.0
946.4,0,0.0,0.018453659593487656,0.0
1028.5,0,0.0,0.018453659593487656,0.0
1037.9,0,0.0,0.018453659593487656,0.0
1064.7,0,0.0,0.018453659593487656,0.0
1000.2,0,0.0,0.018453659593487656,0.0
929.6,0,0.0,0.018453659593487656,0.0
885.1,0,0.0,0.018453659593487656,0.0
898.3,0,0.0,0.018453659593487656,0.0
914.6,0,0.0,0.018453659593487656,0.0
807.3,0,0.0,0.018453659593487656,0.0
787.4,0,0.0,0.01915152494682099,0.0
860.7,0,0.0,0.018453659593487656,0.0
1132.5,0,0.0,0.018453659593487656,0.0
1062.0,0,0.0,0.018453659593487656,0.0
1173.7,0,0.0,0.018453659593487656,0.0
1120.2,0,0.0,0.018453659593487656,0.0
1084.4,0,0.0,0.018453659593487656,0.0
1205.5,0,0.0,0.018453659593487656,0.0
1381.3,0,0.0,0.018453659593487656,0.0
1179.6,0,0.0,0.018453659593487656,0.0
1357.8,0,0.0,0.018453659593487656,0.0
1420.0,0,0.0,0.018453659593487656,0.0
1320.8,0,0.0,0.018453659593487656,0.0
1162.6,0,2.049901433906053e-05,0.0010825719758805856,2.2191658456641214e-08
1206.6,0,0.0,0.018453659593487656,0.0
1173.5,0,6.833004779686843e-06,0.0007530381550700103,5.145513312879942e-09
1103.8,0,0.0,0.018453659593487656,0.0
1099.1,0,6.833004779686843e-06,0.009669647204768919,6.607274556807154e-08
1061.7,0,4.4414531067964485e-05,0.03206082082860469,1.4239663227565057e-06
1065.7,0,1.3666009559373686e-05,0.043772666176250294,5.981976744039098e-07
997.6,0,3.758152628827764e-05,0.025692353245625143,9.655578489081766e-07
934.8,0,2.049901433906053e-05,0.024084402754753164,4.93706517417394e-07
900.8,0,1.0249507169530265e-05,0.002311339950806245,2.3690095397010337e-08
921.0,0,3.4165023898434215e-06,0.003471942231769452,1.1861898932238636e-08
934.8,0,0.0,0.018453659593487656,0.0
934.8,0,0.0,0.018453659593487656,0.0
789.9,0,6.833004779686843e-06,0.0038444316467351205,2.626901981732044e-08
855.3,0,1.3666009559373686e-05,0.024941656529606785,3.408529165602214e-07
748.5,0,1.0249507169530265e-05,0.018387115387694854,1.8845887099315866e-07
732.8,1,3.4165023898434215e-06,0.0069248014512732145,2.3658600707466133e-08
705.8,2,3.4165023898434215e-06,0.007398940481641725,2.5278497837838192e-08
730.0,1,3.4165023898434215e-06,0.0002056447994245039,7.025859486926886e-10
705.5,1,0.0,0.014851783341540453,0.0
1150.7,0,0.0,0.018453659593487656,0.0
1153.1,0,0.0,0.018453659593487656,0.0
1015.0,0,0.0,0.018453659593487656,0.0
1102.4,0,0.0,0.018453659593487656,0.0
815.5,0,0.0,0.018453659593487656,0.0
833.7,0,0.0,0.018453659593487656,0.0
815.6,0,0.0,0.018453659593487656,0.0
792.5,0,0.0,0.01915152494682099,0.0
762.0,0,0.0,0.018292913074720533,0.0
803.6,0,0.0,0.018453659593487656,0.0
792.9,0,0.0,0.01915152494682099,0.0
807.5,0,0.0,0.018453659593487656,0.0
816.3,0,0.0,0.018453659593487656,0.0
695.1,1,0.0,0.014595373084873785,0.0
754.1,0,0.0,0.017606743627790706,0.0
874.4,0,0.0,0.018453659593487656,0.0
919.3,0,0.0,0.018453659593487656,0.0
941.5,0,0.0,0.018453659593487656,0.0
929.1,0,0.0,0.018453659593487656,0.0
1020.2,0,0.0,0.018453659593487656,0.0
1173.1,0,0.0,0.018453659593487656,0.0
1003.9,0,0.0,0.018453659593487656,0.0
1104.1,0,0.0,0.018453659593487656,0.0
1018.0,0,0.0,0.018453659593487656,0.0
1235.0,0,0.0,0.018453659593487656,0.0
1243.6,0,0.0,0.018453659593487656,0.0
1254.2,0,0.0,0.018453659593487656,0.0
1020.4,0,0.0,0.018453659593487656,0.0
1092.3,0,0.0,0.018453659593487656,0.0
941.7,0,0.0,0.018453659593487656,0.0
961.5,0,0.0,0.018453659593487656,0.0
920.6,0,0.0,0.018453659593487656,0.0
1009.6,0,0.0,0.018453659593487656,0.0
1033.5,0,0.0,0.018453659593487656,0.0
918.1,0,0.0,0.018453659593487656,0.0
1010.8,0,0.0,0.018453659593487656,0.0
991.6,0,0.0,0.018453659593487656,0.0
900.6,0,0.0,0.018453659593487656,0.0
873.2,0,0.0,0.018453659593487656,0.0
973.0,0,0.0,0.018453659593487656,0.0
1047.4,0,0.0,0.018453659593487656,0.0
1066.4,0,0.0,0.018453659593487656,0.0
1266.2,0,0.0,0.018453659593487656,0.0
1163.2,0,0.0,0.018453659593487656,0.0
1083.2,0,0.0,0.018453659593487656,0.0
1266.0,0,0.0,0.018453659593487656,0.0
1355.3,0,0.0,0.018453659593487656,0.0
1156.7,0,0.0,0.018453659593487656,0.0
1121.2,0,0.0,0.018453659593487656,0.0
1092.1,0,3.4165023898434215e-06,0.004368556234012406,1.492518281366876e-08
1098.6,0,3.4165023898434215e-06,0.008869143869873782,3.0301451227288906e-08
1127.6,0,3.4165023898434215e-06,0.002970184314253957,1.0147641807924088e-08
1221.6,0,6.833004779686843e-06,0.04726020613916022,3.229292144378672e-07
1158.8,0,6.833004779686843e-06,0.0002056447994245039,1.4051718973853772e-09
1088.3,0,3.4165023898434215e-06,0.046393696750676665,1.585041758223578e-07
1029.8,0,2.3915516728903952e-05,0.03159586154167298,7.556313552640132e-07
1082.1,0,6.491354540702501e-05,0.04235355846181465,2.7493196403600934e-06
1074.5,0,0.00015032610515311055,0.035798960184528376,5.38151825307143e-06
970.2,0,0.00018449112905154477,0.03219912929898293,5.940453718846035e-06
1121.5,0,2.3915516728903952e-05,0.02044431942095958,4.889364631230147e-07
954.9,0,1.0249507169530265e-05,0.0002056447994245039,2.1077578460780657e-09
1028.9,0,0.0,0.018453659593487656,0.0
945.3,0,0.0,0.018453659593487656,0.0
853.8,0,0.0,0.018453659593487656,0.0
822.2,0,3.4165023898434215e-06,0.0007530381550700103,2.572756656439971e-09
959.3,0,3.4165023898434215e-06,0.0005236145393400646,1.788930325012093e-09
847.5,0,1.0249507169530265e-05,0.02165729357282806,2.2197658574732294e-07
702.6,1,0.00015032610515311055,0.010016401274534042,1.505726591251355e-06
628.2,1,5.1247535847651325e-05,0.006966167108538482,3.569988986155554e-07
652.9,1,0.0,0.014616623813184551,0.0
694.1,1,0.0,0.014595373084873785,0.0
750.8,0,0.0,0.017146973512790705,0.0
802.2,0,0.0,0.018453659593487656,0.0
854.0,0,0.0,0.018453659593487656,0.0
624.5,1,0.0,0.02162316326137607,0.0
903.7,0,0.0,0.018453659593487656,0.0
867.5,0,0.0,0.018453659593487656,0.0
860.3,0,0.0,0.018453659593487656,0.0
796.7,0,0.0,0.018453659593487656,0.0
792.1,0,0.0,0.01915152494682099,0.0
791.0,0,0.0,0.01915152494682099,0.0
984.6,0,0.0,0.018453659593487656,0.0
874.6,0,0.0,0.018453659593487656,0.0
890.9,0,0.0,0.018453659593487656,0.0
731.4,1,0.0,0.015602836577982861,0.0
897.7,0,0.0,0.018453659593487656,0.0
907.2,0,0.0,0.018453659593487656,0.0
930.7,0,0.0,0.018453659593487656,0.0
1171.3,0,0.0,0.018453659593487656,0.0
971.8,0,0.0,0.018453659593487656,0.0
1125.9,0,0.0,0.018453659593487656,0.0
1327.6,0,0.0,0.018453659593487656,0.0
1090.2,0,0.0,0.018453659593487656,0.0
1152.5,0,0.0,0.018453659593487656,0.0
1047.0,0,0.0,0.018453659593487656,0.0
1086.5,0,0.0,0.018453659593487656,0.0
1203.2,0,0.0,0.018453659593487656,0.0
1224.8,0,0.0,0.018453659593487656,0.0
1113.0,0,0.0,0.018453659593487656,0.0
1071.2,0,0.0,0.018453659593487656,0.0
968.2,0,0.0,0.018453659593487656,0.0
967.7,0,0.0,0.018453659593487656,0.0
888.7,0,0.0,0.018453659593487656,0.0
976.6,0,0.0,0.018453659593487656,0.0
849.4,0,0.0,0.018453659593487656,0.0
874.1,0,0.0,0.018453659593487656,0.0
966.1,0,0.0,0.018453659593487656,0.0
964.1,0,0.0,0.018453659593487656,0.0
894.4,0,0.0,0.018453659593487656,0.0
948.7,0,0.0,0.018453659593487656,0.0
1050.8,0,0.0,0.018453659593487656,0.0
991.4,0,0.0,0.018453659593487656,0.0
1036.2,0,0.0,0.018453659593487656,0.0
1419.0,0,0.0,0.018453659593487656,0.0
1395.6,0,0.0,0.018453659593487656,0.0
1270.7,0,0.0,0.018453659593487656,0.0
1148.5,0,0.0,0.018453659593487656,0.0
1229.6,0,0.0,0.018453659593487656,0.0
1179.7,0,0.0,0.018453659593487656,0.0
1122.5,0,0.0,0.018453659593487656,0.0
1098.9,0,0.0,0.018453659593487656,0.0
1105.8,0,3.4165023898434215e-06,0.0010288085350203707,3.514926818588406e-09
1055.7,0,0.0,0.018453659593487656,0.0
1063.9,0,0.0,0.018453659593487656,0.0
1063.6,0,0.0,0.018453659593487656,0.0
1089.2,0,6.491354540702501e-05,0.008727874479595506,5.665572763380376e-07
980.1,0,3.416502389843422e-05,0.031043983605165783,1.060618441773089e-06
1027.5,0,8.541255974608554e-05,0.03152595424202597,2.692712450249402e-06
938.5,0,7.516305257655528e-05,0.0337399217401692,2.5359955116851983e-06
1096.8,0,1.3666009559373686e-05,0.03247903740635127,4.4385883567445196e-07
957.7,0,3.4165023898434215e-06,0.012335285167795114,4.214353125517212e-08
918.7,0,3.4165023898434215e-06,0.0010093960599470058,3.448604051107479e-09
971.7,0,1.708251194921711e-05,0.013663839582073463,2.3341270293295563e-07
900.0,0,3.4165023898434215e-06,0.007926250353421208,2.7080053274960823e-08
819.6,0,3.4165023898434215e-06,0.0006618740732392298,2.2612943529972285e-09
830.7,0,1.0249507169530265e-05,0.0005826483724236011,5.971858670470839e-09
736.5,1,6.833004779686843e-06,0.0009263444932851188,6.329716350253803e-09
775.3,0,1.3666009559373686e-05,0.02541322008462965,3.472973086110162e-07
734.3,1,9.566206691561581e-05,0.01725051854093877,1.6502202589923557e-06
653.0,2,5.1247535847651325e-05,0.012684384156732509,6.500434317775298e-07
719.1,1,3.4165023898434215e-06,0.005209052835109377,1.7796741459971836e-08
703.3,1,0.0,0.014595373084873785,0.0
799.1,0,0.0,0.018453659593487656,0.0
847.7,0,0.0,0.018453659593487656,0.0
910.9,0,0.0,0.018453659593487656,0.0
644.3,1,0.0,0.014616623813184551,0.0
775.5,0,0.0,0.01915152494682099,0.0
887.2,0,0.0,0.018453659593487656,0.0
947.9,0,0.0,0.018453659593487656,0.0
850.3,0,0.0,0.018453659593487656,0.0
860.1,0,0.0,0.018453659593487656,0.0
924.8,0,0.0,0.018453659593487656,0.0
1020.0,0,0.0,0.018453659593487656,0.0
939.3,0,0.0,0.018453659593487656,0.0
865.9,0,0.0,0.018453659593487656,0.0
783.6,0,0.0,0.01915152494682099,0.0
860.5,0,0.0,0.018453659593487656,0.0
884.1,0,0.0,0.018453659593487656,0.0
934.8,0,0.0,0.018453659593487656,0.0
1022.4,0,0.0,0.018453659593487656,0.0
1081.5,0,0.0,0.018453659593487656,0.0
1125.7,0,0.0,0.018453659593487656,0.0
1237.0,0,0.0,0.018453659593487656,0.0
1174.1,0,0.0,0.018453659593487656,0.0
1199.2,0,0.0,0.018453659593487656,0.0
1075.1,0,0.0,0.018453659593487656,0.0
1138.5,0,0.0,0.018453659593487656,0.0
1153.6,0,0.0,0.018453659593487656,0.0
1182.3,0,0.0,0.018453659593487656,0.0
1106.2,0,0.0,0.018453659593487656,0.0
1050.0,0,0.0,0.018453659593487656,0.0
1126.1,0,0.0,0.018453659593487656,0.0
1031.0,0,0.0,0.018453659593487656,0.0
954.9,0,0.0,0.018453659593487656,0.0
853.9,0,0.0,0.018453659593487656,0.0
948.4,0,0.0,0.018453659593487656,0.0
943.3,0,0.0,0.018453659593487656,0.0
925.7,0,0.0,0.018453659593487656,0.0
999.2,0,0.0,0.018453659593487656,0.0
1018.4,0,0.0,0.018453659593487656,0.0
1025.4,0,0.0,0.018453659593487656,0.0
1028.1,0,0.0,0.018453659593487656,0.0
1105.9,0,0.0,0.018453659593487656,0.0
1080.8,0,0.0,0.018453659593487656,0.0
1095.5,0,0.0,0.018453659593487656,0.0
1325.7,0,0.0,0.018453659593487656,0.0
1335.7,0,0.0,0.018453659593487656,0.0
1158.0,0,0.0,0.018453659593487656,0.0
1180.4,0,0.0,0.018453659593487656,0.0
1282.7,0,0.0,0.018453659593487656,0.0
1148.6,0,0.0,0.018453659593487656,0.0
1157.7,0,0.0,0.018453659593487656,0.0
1075.0,0,0.0,0.018453659593487656,0.0
1062.7,0,3.4165023898434215e-06,0.0005826483724236011,1.9906195568236132e-09
990.5,0,3.4165023898434215e-06,0.0030136031117686925,1.0295982233397309e-08
975.3,0,0.0,0.018453659593487656,0.0
997.8,0,3.416502389843422e-05,0.011130286842975673,3.802665159866918e-07
956.3,0,4.7831033457807905e-05,0.016101391018505214,7.701461725233706e-07
1130.7,0,1.3666009559373686e-05,0.011004142816490823,1.5038272092287685e-07
936.4,0,3.4165023898434215e-06,0.011455341488433296,3.913720157170486e-08
863.6,0,6.833004779686843e-06,0.0025471558070992873,1.7404727804516527e-08
947.6,0,6.833004779686843e-06,0.0005826483724236011,3.9812391136472264e-09
888.1,0,1.0249507169530265e-05,0.013397712852646636,1.3731995393850946e-07
854.0,0,1.3666009559373686e-05,0.0010288085350203707,1.4059707274353623e-08
928.2,0,0.0,0.018453659593487656,0.0
815.9,0,3.4165023898434215e-06,0.0006618740732392298,2.2612943529972285e-09
809.3,0,3.4165023898434215e-06,0.01704498093680725,5.823421810543754e-08
763.0,0,3.4165023898434215e-06,0.009625755793465618,3.288641767242444e-08
655.6,1,3.758152628827764e-05,0.0398474640955168,1.497528519426864e-06
752.2,0,2.7332019118747372e-05,0.022119152669129737,6.045611036431459e-07
559.4,1,1.708251194921711e-05,0.03034036822541573,5.182897027543113e-07
689.1,1,3.4165023898434215e-06,0.00019471946428702304,6.65259515085645e-10
689.1,1,0.0,0.014595373084873785,0.0
892.9,0,0.0,0.018453659593487656,0.0
923.2,0,0.0,0.018453659593487656,0.0
954.8,0,0.0,0.018453659593487656,0.0
753.1,0,0.0,0.017146973512790705,0.0
917.5,0,0.0,0.018453659593487656,0.0
916.3,0,0.0,0.018453659593487656,0.0
936.1,0,0.0,0.018453659593487656,0.0
844.8,0,0.0,0.018453659593487656,0.0
880.4,0,0.0,0.018453659593487656,0.0
976.1,0,0.0,0.018453659593487656,0.0
1041.3,0,0.0,0.018453659593487656,0.0
1011.5,0,0.0,0.018453659593487656,0.0
908.2,0,0.0,0.018453659593487656,0.0
793.6,0,0.0,0.01915152494682099,0.0
801.7,0,0.0,0.018453659593487656,0.0
910.7,0,0.0,0.018453659593487656,0.0
959.7,0,0.0,0.018453659593487656,0.0
982.5,0,0.0,0.018453659593487656,0.0
1145.6,0,0.0,0.018453659593487656,0.0
1110.5,0,0.0,0.018453659593487656,0.0
1181.7,0,0.0,0.018453659593487656,0.0
1241.5,0,0.0,0.018453659593487656,0.0
1222.5,0,0.0,0.018453659593487656,0.0
1132.1,0,0.0,0.018453659593487656,0.0
1181.1,0,0.0,0.018453659593487656,0.0
1256.8,0,0.0,0.018453659593487656,0.0
1189.2,0,0.0,0.018453659593487656,0.0
1108.7,0,0.0,0.018453659593487656,0.0
1100.0,0,0.0,0.018453659593487656,0.0
1141.0,0,0.0,0.018453659593487656,0.0
1147.9,0,0.0,0.018453659593487656,0.0
1009.6,0,0.0,0.018453659593487656,0.0
949.1,0,0.0,0.018453659593487656,0.0
934.3,0,0.0,0.018453659593487656,0.0
870.4,0,0.0,0.018453659593487656,0.0
1770.5,0,0.0,0.018453659593487656,0.0
1033.5,0,0.0,0.018453659593487656,0.0
955.8,0,0.0,0.018453659593487656,0.0
997.6,0,0.0,0.018453659593487656,0.0
1045.2,0,0.0,0.018453659593487656,0.0
1196.1,0,0.0,0.018453659593487656,0.0
1138.0,0,0.0,0.018453659593487656,0.0
1139.2,0,0.0,0.018453659593487656,0.0
1310.9,0,0.0,0.018453659593487656,0.0
1303.3,0,0.0,0.018453659593487656,0.0
1239.7,0,0.0,0.018453659593487656,0.0
1205.5,0,0.0,0.018453659593487656,0.0
1330.0,0,0.0,0.018453659593487656,0.0
1109.2,0,0.0,0.018453659593487656,0.0
1147.4,0,0.0,0.018453659593487656,0.0
1047.6,0,0.0,0.018453659593487656,0.0
924.0,0,0.0,0.018453659593487656,0.0
935.3,0,3.4165023898434215e-06,0.002144266239657414,7.3258907322501215e-09
963.6,0,3.4165023898434215e-06,0.0005514454204348134,1.8840145967837504e-09
993.3,0,1.0249507169530265e-05,0.0013670367602333635,1.4011453075023284e-08
1021.7,0,6.833004779686843e-06,0.21410203339206701,1.462960217508666e-06
908.6,0,3.4165023898434215e-06,0.010581423853489147,3.615145988339186e-08
935.9,0,3.4165023898434215e-06,0.016134777879100597,5.512450718353996e-08
890.2,0,6.833004779686843e-06,0.0027646682621833727,1.8890991449747503e-08
824.5,0,0.0,0.018453659593487656,0.0
918.8,0,0.0,0.018453659593487656,0.0
812.5,0,3.4165023898434215e-06,0.0011074101397299085,3.7834693889240696e-09
1027.8,0,0.0,0.018453659593487656,0.0
782.3,0,1.3666009559373686e-05,0.0005826483724236011,7.962478227294453e-09
802.1,0,6.833004779686843e-06,0.004607622464161136,3.148390632060551e-08
669.7,1,0.0,0.015202642277298027,0.0
633.4,1,1.3666009559373686e-05,0.002032505825701683,2.7776244043521905e-08
653.6,1,6.833004779686843e-06,0.004027118916724075,2.7517322806342905e-08
721.2,1,1.708251194921711e-05,0.003954127517352919,6.754643056390942e-08
630.8,1,1.3666009559373686e-05,0.003988945984223439,5.451297395222279e-08
910.9,0,0.0,0.018453659593487656,0.0
892.9,0,0.0,0.018453659593487656,0.0
848.9,0,0.0,0.018453659593487656,0.0
935.4,0,0.0,0.018453659593487656,0.0
1044.0,0,0.0,0.018453659593487656,0.0
996.7,0,0.0,0.018453659593487656,0.0
929.8,0,0.0,0.018453659593487656,0.0
978.5,0,0.0,0.018453659593487656,0.0
874.5,0,0.0,0.018453659593487656,0.0
879.5,0,0.0,0.018453659593487656,0.0
943.9,0,0.0,0.018453659593487656,0.0
1042.4,0,0.0,0.018453659593487656,0.0
1012.8,0,0.0,0.018453659593487656,0.0
960.0,0,0.0,0.018453659593487656,0.0
868.1,0,0.0,0.018453659593487656,0.0
849.5,0,0.0,0.018453659593487656,0.0
893.5,0,0.0,0.018453659593487656,0.0
920.1,0,0.0,0.018453659593487656,0.0
1003.1,0,0.0,0.018453659593487656,0.0
1025.9,0,0.0,0.018453659593487656,0.0
1076.7,0,0.0,0.018453659593487656,0.0
1168.6,0,0.0,0.018453659593487656,0.0
1308.9,0,0.0,0.018453659593487656,0.0
1319.5,0,0.0,0.018453659593487656,0.0
1221.7,0,0.0,0.018453659593487656,0.0
1204.7,0,0.0,0.018453659593487656,0.0
1285.7,0,0.0,0.018453659593487656,0.0
1252.2,0,0.0,0.018453659593487656,0.0
1171.6,0,0.0,0.018453659593487656,0.0
1162.5,0,0.0,0.018453659593487656,0.0
1227.3,0,0.0,0.018453659593487656,0.0
1260.8,0,0.0,0.018453659593487656,0.0
989.4,0,0.0,0.018453659593487656,0.0
912.6,0,0.0,0.018453659593487656,0.0
912.6,0,0.0,0.018453659593487656,0.0
1088.7,0,0.0,0.018453659593487656,0.0
1041.9,0,0.0,0.018453659593487656,0.0
1000.0,0,0.0,0.018453659593487656,0.0
1726.2,0,0.0,0.018453659593487656,0.0
1709.6,0,0.0,0.018453659593487656,0.0
1058.0,0,0.0,0.018453659593487656,0.0
1144.7,0,0.0,0.018453659593487656,0.0
1198.1,0,0.0,0.018453659593487656,0.0
1244.0,0,0.0,0.018453659593487656,0.0
1278.6,0,0.0,0.018453659593487656,0.0
1336.5,0,0.0,0.018453659593487656,0.0
1272.8,0,0.0,0.018453659593487656,0.0
1235.1,0,0.0,0.018453659593487656,0.0
1540.0,0,0.0,0.018453659593487656,0.0
1050.3,0,0.0,0.018453659593487656,0.0
1098.9,0,0.0,0.018453659593487656,0.0
1038.2,0,0.0,0.018453659593487656,0.0
925.4,0,0.0,0.018453659593487656,0.0
909.4,0,6.833004779686843e-06,0.002144266239657414,1.4651781464500243e-08
1057.4,0,0.0,0.018453659593487656,0.0
1055.2,0,1.0249507169530265e-05,0.04985831182031333,5.11023124462977e-07
858.7,0,1.3666009559373686e-05,0.000709102493250442,9.690601451336254e-09
841.3,0,3.4165023898434215e-06,0.011810047203284754,4.034905449418598e-08
849.4,0,0.0,0.018453659593487656,0.0
763.0,0,1.3666009559373686e-05,0.011085349951732704,1.5149249840938177e-07
839.8,0,6.833004779686843e-06,0.0005514454204348134,3.768029193567501e-09
857.9,0,3.4165023898434215e-06,0.0005826483724236011,1.9906195568236132e-09
863.0,0,0.0,0.018453659593487656,0.0
868.7,0,0.0,0.018453659593487656,0.0
744.6,1,3.4165023898434215e-06,0.005971827903008408,2.0402764302361856e-08
774.5,0,6.833004779686843e-06,0.002144266239657414,1.4651781464500243e-08
669.7,1,0.0,0.015202642277298027,0.0
556.2,1,0.0,0.018700125048714537,0.0
587.7,1,2.3915516728903952e-05,0.0019413692971138267,4.642884990210623e-08
577.5,1,2.7332019118747372e-05,0.0014424094156386545,3.942396172529693e-08
604.2,1,3.4165023898434215e-06,0.011057160492087558,3.7776815246099406e-08
684.9,1,3.4165023898434215e-06,0.003386009352805551,1.1568309045892342e-08
744.0,1,1.0249507169530265e-05,0.000698348195789634,7.157724839574378e-09
870.2,0,1.0249507169530265e-05,0.0013933070005040017,1.4280710091022472e-08
933.5,0,0.0,0.018453659593487656,0.0
713.3,3,0.0,0.040606389855684655,0.0
934.8,0,0.0,0.018453659593487656,0.0
949.5,0,0.0,0.018453659593487656,0.0
1019.5,0,0.0,0.018453659593487656,0.0
902.7,0,0.0,0.018453659593487656,0.0
946.9,0,0.0,0.018453659593487656,0.0
923.1,0,0.0,0.018453659593487656,0.0
1031.6,0,0.0,0.018453659593487656,0.0
1045.1,0,0.0,0.018453659593487656,0.0
906.6,0,0.0,0.018453659593487656,0.0
883.5,0,0.0,0.018453659593487656,0.0
885.6,0,0.0,0.018453659593487656,0.0
1019.9,0,0.0,0.018453659593487656,0.0
959.1,0,0.0,0.018453659593487656,0.0
919.2,0,0.0,0.018453659593487656,0.0
975.5,0,0.0,0.018453659593487656,0.0
985.5,0,0.0,0.018453659593487656,0.0
1302.8,0,0.0,0.018453659593487656,0.0
1371.9,0,0.0,0.018453659593487656,0.0
1386.5,0,0.0,0.018453659593487656,0.0
1224.1,0,0.0,0.018453659593487656,0.0
1237.4,0,0.0,0.018453659593487656,0.0
1286.0,0,0.0,0.018453659593487656,0.0
1232.4,0,0.0,0.018453659593487656,0.0
1276.6,0,0.0,0.018453659593487656,0.0
1133.4,0,0.0,0.018453659593487656,0.0
1095.6,0,0.0,0.018453659593487656,0.0
1084.8,0,0.0,0.018453659593487656,0.0
1009.4,0,0.0,0.018453659593487656,0.0
910.0,0,0.0,0.018453659593487656,0.0
1098.2,0,0.0,0.018453659593487656,0.0
1169.3,0,0.0,0.018453659593487656,0.0
1109.7,0,0.0,0.018453659593487656,0.0
1060.0,0,0.0,0.018453659593487656,0.0
1084.7,0,0.0,0.018453659593487656,0.0
1171.0,0,0.0,0.018453659593487656,0.0
1683.3,0,0.0,0.018453659593487656,0.0
1250.8,0,0.0,0.018453659593487656,0.0
1249.5,0,0.0,0.018453659593487656,0.0
1255.0,0,0.0,0.018453659593487656,0.0
1265.8,0,0.0,0.018453659593487656,0.0
1286.3,0,0.0,0.018453659593487656,0.0
1379.1,0,0.0,0.018453659593487656,0.0
1392.4,0,0.0,0.018453659593487656,0.0
1099.5,0,0.0,0.018453659593487656,0.0
973.8,0,0.0,0.018453659593487656,0.0
1104.5,0,0.0,0.018453659593487656,0.0
971.7,0,0.0,0.018453659593487656,0.0
872.6,0,0.0,0.018453659593487656,0.0
999.4,0,0.0,0.018453659593487656,0.0
969.2,0,6.833004779686843e-06,0.0005548174913288524,3.791070570103912e-09
1050.1,0,6.833004779686843e-06,0.0006618740732392298,4.522588705994457e-09
914.2,0,6.833004779686843e-06,0.00023684775141329152,1.6183818174651023e-09
829.4,0,6.833004779686843e-06,0.000631537067995519,4.3152958041627964e-09
781.6,0,1.0249507169530265e-05,0.030929367354437923,3.170107724483468e-07
712.1,1,6.833004779686843e-06,0.014118188466488919,9.646964927203845e-08
754.8,0,1.708251194921711e-05,0.016368240973425385,2.796106720162042e-07
851.2,0,6.833004779686843e-06,0.005956723916764588,4.070232299452736e-08
727.6,1,6.833004779686843e-06,0.19967334188842958,1.3643688994996844e-06
711.6,1,6.833004779686843e-06,0.0026644420157294715,1.8206145028677926e-08
703.7,1,6.833004779686843e-06,0.00347314612827091,2.373202409502598e-08
742.2,1,0.0,0.015997498167760638,0.0
638.6,1,0.0,0.014616623813184551,0.0
663.7,1,3.4165023898434215e-06,0.0014225187063443816,4.860038559822552e-09
749.8,0,3.758152628827764e-05,0.01809894927514244,6.801861379739691e-07
559.8,1,1.3666009559373686e-05,0.00454305714257517,6.208546233921318e-08
756.4,0,0.0,0.018292913074720533,0.0
697.9,1,6.833004779686843e-06,0.0029209317449407353,1.9958740574319076e-08
745.7,0,3.4165023898434215e-06,0.0026321408155457466,8.992715386716456e-09
739.0,1,0.0,0.015997498167760638,0.0
778.7,0,0.0,0.01915152494682099,0.0
693.3,3,0.0,0.03951664626568466,0.0
915.7,0,0.0,0.018453659593487656,0.0
913.9,0,0.0,0.018453659593487656,0.0
940.1,0,0.0,0.018453659593487656,0.0
889.5,0,0.0,0.018453659593487656,0.0
892.5,0,0.0,0.018453659593487656,0.0
981.7,0,0.0,0.018453659593487656,0.0
1025.3,0,0.0,0.018453659593487656,0.0
980.5,0,0.0,0.018453659593487656,0.0
929.3,0,0.0,0.018453659593487656,0.0
911.6,0,0.0,0.018453659593487656,0.0
994.9,0,0.0,0.018453659593487656,0.0
977.1,0,0.0,0.018453659593487656,0.0
1093.5,0,0.0,0.018453659593487656,0.0
1145.2,0,0.0,0.018453659593487656,0.0
965.0,0,0.0,0.018453659593487656,0.0
986.7,0,0.0,0.018453659593487656,0.0
1285.4,0,0.0,0.018453659593487656,0.0
1280.9,0,0.0,0.018453659593487656,0.0
1378.3,0,0.0,0.018453659593487656,0.0
1270.0,0,0.0,0.018453659593487656,0.0
1283.4,0,0.0,0.018453659593487656,0.0
1493.8,0,0.0,0.018453659593487656,0.0
1297.7,0,0.0,0.018453659593487656,0.0
1320.5,0,0.0,0.018453659593487656,0.0
1320.5,0,0.0,0.018453659593487656,0.0
1049.8,0,0.0,0.018453659593487656,0.0
1014.8,0,0.0,0.018453659593487656,0.0
969.8,0,0.0,0.018453659593487656,0.0
1013.6,0,0.0,0.018453659593487656,0.0
1021.6,0,0.0,0.018453659593487656,0.0
1090.9,0,0.0,0.018453659593487656,0.0
1132.3,0,0.0,0.018453659593487656,0.0
1072.5,0,0.0,0.018453659593487656,0.0
1100.1,0,0.0,0.018453659593487656,0.0
1181.9,0,0.0,0.018453659593487656,0.0
990.3,0,0.0,0.018453659593487656,0.0
1302.0,0,0.0,0.018453659593487656,0.0
1279.3,0,0.0,0.018453659593487656,0.0
1312.9,0,0.0,0.018453659593487656,0.0
1359.3,0,0.0,0.018453659593487656,0.0
1347.0,0,0.0,0.018453659593487656,0.0
1387.3,0,0.0,0.018453659593487656,0.0
1342.6,0,0.0,0.018453659593487656,0.0
1066.4,0,0.0,0.018453659593487656,0.0
992.2,0,0.0,0.018453659593487656,0.0
898.9,0,0.0,0.018453659593487656,0.0
828.6,0,0.0,0.018453659593487656,0.0
845.9,0,0.0,0.018453659593487656,0.0
928.2,0,0.0,0.018453659593487656,0.0
900.3,0,0.0,0.018453659593487656,0.0
843.2,0,0.0,0.018453659593487656,0.0
857.7,0,0.0,0.018453659593487656,0.0
854.4,0,0.0,0.018453659593487656,0.0
736.5,1,3.4165023898434215e-06,0.06230663851739635,2.1287077939779483e-07
766.9,0,1.3666009559373686e-05,0.03400803505353132,4.6475413213707437e-07
712.1,1,3.416502389843422e-05,0.06843839995956422,2.338199570189111e-06
853.5,0,2.3915516728903952e-05,0.08843949052424353,2.115076115128289e-06
772.9,0,2.049901433906053e-05,0.14014531400436453,2.872840801327609e-06
666.6,1,2.7332019118747372e-05,0.01746547553940596,4.773667113610582e-07
714.9,1,1.708251194921711e-05,0.0060217034019905535,1.0286582031914495e-07
692.4,1,0.0,0.014595373084873785,0.0
670.4,1,3.4165023898434215e-06,0.09111229190131731,3.11285363024962e-07
640.4,1,2.049901433906053e-05,0.0014543877379835925,2.981351509547947e-08
464.3,2,2.3915516728903952e-05,0.003559817431956723,8.513487334580491e-08
558.1,1,0.0,0.019122836064854386,0.0
756.4,0,3.4165023898434215e-06,0.0003036588792074066,1.0374512865092795e-09
704.0,1,3.4165023898434215e-06,0.0009080859335692974,3.102477762222699e-09
719.0,1,0.0,0.018533366981519174,0.0
899.4,0,0.0,0.018453659593487656,0.0
791.6,0,0.0,0.01915152494682099,0.0
920.4,0,0.0,0.018453659593487656,0.0
881.0,0,0.0,0.018453659593487656,0.0
848.9,0,0.0,0.018453659593487656,0.0
879.7,0,0.0,0.018453659593487656,0.0
866.8,0,0.0,0.018453659593487656,0.0
868.0,0,0.0,0.018453659593487656,0.0
1006.5,0,0.0,0.018453659593487656,0.0
935.5,0,0.0,0.018453659593487656,0.0
957.3,0,0.0,0.018453659593487656,0.0
1022.4,0,0.0,0.018453659593487656,0.0
944.4,0,0.0,0.018453659593487656,0.0
944.9,0,0.0,0.018453659593487656,0.0
966.1,0,0.0,0.018453659593487656,0.0
1142.6,0,0.0,0.018453659593487656,0.0
1088.9,0,0.0,0.018453659593487656,0.0
1087.1,0,0.0,0.018453659593487656,0.0
1042.5,0,0.0,0.018453659593487656,0.0
1029.0,0,0.0,0.018453659593487656,0.0
1216.2,0,0.0,0.018453659593487656,0.0
1300.9,0,0.0,0.018453659593487656,0.0
1369.1,0,0.0,0.018453659593487656,0.0
1334.1,0,0.0,0.018453659593487656,0.0
1375.6,0,0.0,0.018453659593487656,0.0
1330.5,0,0.0,0.018453659593487656,0.0
1277.2,0,0.0,0.018453659593487656,0.0
1277.7,0,0.0,0.018453659593487656,0.0
1187.1,0,0.0,0.018453659593487656,0.0
1216.7,0,0.0,0.018453659593487656,0.0
999.2,0,0.0,0.018453659593487656,0.0
1079.3,0,0.0,0.018453659593487656,0.0
1092.6,0,0.0,0.018453659593487656,0.0
1214.0,0,0.0,0.018453659593487656,0.0
1173.9,0,0.0,0.018453659593487656,0.0
1155.7,0,0.0,0.018453659593487656,0.0
1142.0,0,0.0,0.018453659593487656,0.0
1182.1,0,0.0,0.018453659593487656,0.0
1239.7,0,0.0,0.018453659593487656,0.0
1018.5,0,0.0,0.018453659593487656,0.0
1626.1,0,0.0,0.018453659593487656,0.0
1329.2,0,0.0,0.018453659593487656,0.0
1445.3,0,0.0,0.018453659593487656,0.0
1364.6,0,0.0,0.018453659593487656,0.0
1400.8,0,0.0,0.018453659593487656,0.0
1417.5,0,0.0,0.018453659593487656,0.0
935.0,0,0.0,0.018453659593487656,0.0
834.9,0,0.0,0.018453659593487656,0.0
826.5,0,0.0,0.018453659593487656,0.0
808.3,0,0.0,0.018453659593487656,0.0
842.2,0,0.0,0.018453659593487656,0.0
904.6,0,0.0,0.018453659593487656,0.0
905.0,0,0.0,0.018453659593487656,0.0
911.8,0,0.0,0.018453659593487656,0.0
782.8,0,0.0,0.01915152494682099,0.0
740.3,1,1.3666009559373686e-05,0.008331285828459654,1.1385543177360415e-07
748.6,0,3.416502389843422e-05,0.028578850188841105,9.763970996915277e-07
674.3,1,5.808054062733817e-05,0.07469967147549211,4.338597303981134e-06
662.0,1,0.0003621492533234027,0.04687950771990209,1.6977378716931235e-05
720.3,1,0.00016740861710232767,0.06700554310091117,1.1217305308713952e-05
718.8,1,0.0002630706840179435,0.07125906604335977,1.8746171246506463e-05
621.9,1,0.00016057561232264082,0.0563510967763573,9.048611869915964e-06
633.0,1,4.099802867812106e-05,0.012206923770647726,5.004598108206531e-07
625.7,1,1.0249507169530265e-05,0.007276772041017401,7.458332720544523e-08
658.1,1,1.3666009559373686e-05,0.004708865320282459,6.435139848078332e-08
648.9,1,2.3915516728903952e-05,0.0009866802478941021,2.35969679745905e-08
469.8,2,0.0,0.03775828662860021,0.0
633.1,1,0.0,0.014755512701934552,0.0
664.4,1,3.4165023898434215e-06,0.09856102157149942,3.367339657444368e-07
683.4,1,3.4165023898434215e-06,0.0006490763397182598,2.217570865838255e-09
690.0,1,1.0249507169530265e-05,0.028242269927894317,2.894693481097618e-07
818.3,0,0.0,0.018453659593487656,0.0
795.8,0,0.0,0.018453659593487656,0.0
864.0,0,0.0,0.018453659593487656,0.0
858.1,0,0.0,0.018453659593487656,0.0
823.3,0,0.0,0.018453659593487656,0.0
870.0,0,0.0,0.018453659593487656,0.0
837.7,0,0.0,0.018453659593487656,0.0
901.9,0,0.0,0.018453659593487656,0.0
919.2,0,0.0,0.018453659593487656,0.0
911.0,0,0.0,0.018453659593487656,0.0
1012.8,0,0.0,0.018453659593487656,0.0
1077.0,0,0.0,0.018453659593487656,0.0
1143.6,0,0.0,0.018453659593487656,0.0
1174.0,0,0.0,0.018453659593487656,0.0
1092.2,0,0.0,0.018453659593487656,0.0
996.9,0,0.0,0.018453659593487656,0.0
1093.7,0,0.0,0.018453659593487656,0.0
1192.1,0,0.0,0.018453659593487656,0.0
1118.4,0,0.0,0.018453659593487656,0.0
1051.2,0,0.0,0.018453659593487656,0.0
1130.5,0,0.0,0.018453659593487656,0.0
1344.8,0,0.0,0.018453659593487656,0.0
1364.5,0,0.0,0.018453659593487656,0.0
1366.5,0,0.0,0.018453659593487656,0.0
1373.4,0,0.0,0.018453659593487656,0.0
1347.6,0,0.0,0.018453659593487656,0.0
1261.4,0,0.0,0.018453659593487656,0.0
1178.6,0,0.0,0.018453659593487656,0.0
1111.3,0,0.0,0.018453659593487656,0.0
1101.9,0,0.0,0.018453659593487656,0.0
1064.0,0,0.0,0.018453659593487656,0.0
1249.5,0,0.0,0.018453659593487656,0.0
1157.2,0,0.0,0.018453659593487656,0.0
1234.9,0,0.0,0.018453659593487656,0.0
1157.2,0,0.0,0.018453659593487656,0.0
1209.0,0,0.0,0.018453659593487656,0.0
1185.3,0,0.0,0.018453659593487656,0.0
1278.7,0,0.0,0.018453659593487656,0.0
1332.4,0,0.0,0.018453659593487656,0.0
1030.7,0,0.0,0.018453659593487656,0.0
1045.5,0,0.0,0.018453659593487656,0.0
1597.1,0,0.0,0.018453659593487656,0.0
1580.1,0,0.0,0.018453659593487656,0.0
1387.8,0,0.0,0.018453659593487656,0.0
1424.6,0,0.0,0.018453659593487656,0.0
1485.4,0,0.0,0.018453659593487656,0.0
776.5,0,0.0,0.01915152494682099,0.0
790.1,0,0.0,0.01915152494682099,0.0
754.0,0,0.0,0.017146973512790705,0.0
797.5,0,0.0,0.018453659593487656,0.0
840.5,0,0.0,0.018453659593487656,0.0
880.0,0,0.0,0.018453659593487656,0.0
922.5,0,0.0,0.018453659593487656,0.0
823.9,0,0.0,0.018453659593487656,0.0
724.1,1,0.0,0.016692580167982862,0.0
698.3,1,2.049901433906053e-05,0.018017944855934585,3.6935010996220495e-07
675.6,1,9.224556452577238e-05,0.053098045214911245,4.898059156064475e-06
635.1,1,0.00014690960276326714,0.061454001131633226,9.028182894461607e-06
638.3,1,0.00038948127244215006,0.042837006295521986,1.6684211719592296e-05
669.6,1,0.00016057561232264082,0.05607121584601908,9.003669818149474e-06
602.6,1,0.0002357386648991961,0.06393765966573182,1.5072578526378801e-05
596.9,1,0.00013324359320389343,0.05622947864614948,7.492217778794554e-06
579.9,1,3.758152628827764e-05,0.015870907733074698,5.964529361893756e-07
625.8,1,3.4165023898434215e-06,0.054485856914386135,1.8615106036066694e-07
702.2,1,6.833004779686843e-06,0.0009993203178388875,6.828360508231293e-09
411.5,2,2.049901433906053e-05,0.028404539665299804,5.822650658933943e-07
487.2,1,6.833004779686843e-06,0.00300053585619642,2.050267584701189e-08
631.2,1,6.833004779686843e-06,0.0006303081556526311,4.306898640250027e-09
649.9,1,1.0249507169530265e-05,0.0017243031462677802,1.7673257460115207e-08
759.2,0,1.0249507169530265e-05,0.000630671121250442,6.464068178872097e-09
805.9,0,0.0,0.018453659593487656,0.0
776.4,0,0.0,0.01915152494682099,0.0
789.8,0,0.0,0.01915152494682099,0.0
632.5,3,0.0,0.04939900810510653,0.0
845.6,0,0.0,0.018453659593487656,0.0
847.6,0,0.0,0.018453659593487656,0.0
796.5,0,0.0,0.018453659593487656,0.0
814.8,0,0.0,0.018453659593487656,0.0
870.0,0,0.0,0.018453659593487656,0.0
943.4,0,0.0,0.018453659593487656,0.0
964.3,0,0.0,0.018453659593487656,0.0
1001.7,0,0.0,0.018453659593487656,0.0
1058.5,0,0.0,0.018453659593487656,0.0
1165.9,0,0.0,0.018453659593487656,0.0
1191.9,0,0.0,0.018453659593487656,0.0
1085.2,0,0.0,0.018453659593487656,0.0
1126.7,0,0.0,0.018453659593487656,0.0
1028.3,0,0.0,0.018453659593487656,0.0
1192.1,0,0.0,0.018453659593487656,0.0
1212.8,0,0.0,0.018453659593487656,0.0
1159.5,0,0.0,0.018453659593487656,0.0
1096.3,0,0.0,0.018453659593487656,0.0
1128.0,0,0.0,0.018453659593487656,0.0
1304.1,0,0.0,0.018453659593487656,0.0
1320.0,0,0.0,0.018453659593487656,0.0
1326.8,0,0.0,0.018453659593487656,0.0
1449.4,0,0.0,0.018453659593487656,0.0
1215.3,0,0.0,0.018453659593487656,0.0
1183.2,0,0.0,0.018453659593487656,0.0
1150.1,0,0.0,0.018453659593487656,0.0
1065.3,0,0.0,0.018453659593487656,0.0
1079.7,0,0.0,0.018453659593487656,0.0
1216.8,0,0.0,0.018453659593487656,0.0
1215.5,0,0.0,0.018453659593487656,0.0
1199.4,0,0.0,0.018453659593487656,0.0
1186.3,0,0.0,0.018453659593487656,0.0
1339.3,0,0.0,0.018453659593487656,0.0
1249.3,0,0.0,0.018453659593487656,0.0
1258.7,0,0.0,0.018453659593487656,0.0
1330.9,0,0.0,0.018453659593487656,0.0
1410.5,0,0.0,0.018453659593487656,0.0
1459.8,0,0.0,0.018453659593487656,0.0
1072.5,0,0.0,0.018453659593487656,0.0
1089.9,0,0.0,0.018453659593487656,0.0
1553.1,0,0.0,0.018453659593487656,0.0
1537.5,0,0.0,0.018453659593487656,0.0
1507.2,0,0.0,0.018453659593487656,0.0
757.3,0,0.0,0.018292913074720533,0.0
765.4,0,0.0,0.018292913074720533,0.0
707.4,1,0.0,0.014851783341540453,0.0
787.2,0,0.0,0.01915152494682099,0.0
780.3,0,0.0,0.01915152494682099,0.0
817.1,0,0.0,0.018453659593487656,0.0
806.0,0,0.0,0.018453659593487656,0.0
822.4,0,0.0,0.018453659593487656,0.0
712.9,1,6.833004779686843e-06,0.006399041266835779,4.3724679561702226e-08
728.0,1,5.1247535847651325e-05,0.07611904454301303,3.900913463907029e-06
629.2,1,0.0002562376792382566,0.04622264014443303,1.1843982038874594e-05
614.0,1,0.0003928977748319935,0.04975037943581992,1.9546813377381014e-05
529.3,1,0.00035189974615387244,0.058836193681360754,2.0704441621130924e-05
598.2,1,0.0005329743728155737,0.05998159262823635,3.1968651711513514e-05
558.2,1,0.00041339678917105404,0.045404612953898,1.877012120869588e-05
573.8,1,0.00014690960276326714,0.05314793249569346,7.807941650631263e-06
532.9,1,3.416502389843422e-05,0.011518047382093693,3.935143640725287e-07
710.5,1,0.0,0.014851783341540453,0.0
702.5,1,2.049901433906053e-05,0.005690752087331459,1.1665480863824622e-07
587.8,1,1.3666009559373686e-05,0.004892522352947842,6.686125724483465e-08
540.7,1,1.3666009559373686e-05,0.0005931960147068122,8.10662240756567e-09
592.8,1,6.833004779686843e-06,0.13859622251841652,9.470286509148814e-07
659.2,2,3.4165023898434215e-06,0.0005561952862125078,1.900242524564679e-09
677.8,1,2.049901433906053e-05,0.0034996476345867025,7.173932704305208e-08
741.7,1,6.833004779686843e-06,0.0007360973631439016,5.029756800677161e-09
735.8,1,3.4165023898434215e-06,0.002533356073761315,8.65521708032988e-09
737.6,2,0.0,0.015322548674981779,0.0
612.5,3,0.0,0.06542792756949269,0.0
727.2,2,0.0,0.01583536918831511,0.0
737.0,2,0.0,0.01583536918831511,0.0
778.6,0,0.0,0.01915152494682099,0.0
822.5,0,0.0,0.018453659593487656,0.0
1024.1,0,0.0,0.018453659593487656,0.0
1024.7,0,0.0,0.018453659593487656,0.0
1023.6,0,0.0,0.018453659593487656,0.0
1066.5,0,0.0,0.018453659593487656,0.0
1085.6,0,0.0,0.018453659593487656,0.0
1110.5,0,0.0,0.018453659593487656,0.0
1178.5,0,0.0,0.018453659593487656,0.0
1158.3,0,0.0,0.018453659593487656,0.0
1138.6,0,0.0,0.018453659593487656,0.0
1048.5,0,0.0,0.018453659593487656,0.0
1097.8,0,0.0,0.018453659593487656,0.0
1170.6,0,0.0,0.018453659593487656,0.0
1200.4,0,0.0,0.018453659593487656,0.0
1112.7,0,0.0,0.018453659593487656,0.0
1143.6,0,0.0,0.018453659593487656,0.0
1189.5,0,0.0,0.018453659593487656,0.0
1249.8,0,0.0,0.018453659593487656,0.0
1265.1,0,0.0,0.018453659593487656,0.0
1428.4,0,0.0,0.018453659593487656,0.0
1360.9,0,0.0,0.018453659593487656,0.0
1315.0,0,0.0,0.018453659593487656,0.0
1155.0,0,0.0,0.018453659593487656,0.0
1101.5,0,0.0,0.018453659593487656,0.0
1183.0,0,0.0,0.018453659593487656,0.0
1159.6,0,0.0,0.018453659593487656,0.0
1238.3,0,0.0,0.018453659593487656,0.0
1215.7,0,0.0,0.018453659593487656,0.0
1349.1,0,0.0,0.018453659593487656,0.0
1312.0,0,0.0,0.018453659593487656,0.0
1350.8,0,0.0,0.018453659593487656,0.0
1289.0,0,0.0,0.018453659593487656,0.0
1365.6,0,0.0,0.018453659593487656,0.0
1399.7,0,0.0,0.018453659593487656,0.0
1454.3,0,0.0,0.018453659593487656,0.0
1493.4,0,0.0,0.018453659593487656,0.0
1555.7,0,0.0,0.018453659593487656,0.0
1117.9,0,0.0,0.018453659593487656,0.0
1525.6,0,0.0,0.018453659593487656,0.0
1577.9,0,0.0,0.018453659593487656,0.0
702.8,1,0.0,0.014595373084873785,0.0
729.9,1,0.0,0.015602836577982861,0.0
709.2,1,0.0,0.014851783341540453,0.0
771.1,0,0.0,0.01915152494682099,0.0
723.4,1,0.0,0.016692580167982862,0.0
661.1,1,0.0,0.014616623813184551,0.0
718.1,1,0.0,0.01753821787115949,0.0
730.2,1,0.0,0.015602836577982861,0.0
617.9,1,2.3915516728903952e-05,0.006539445486470543,1.5639421792944172e-07
719.7,1,8.199605735624212e-05,0.058513828094755325,4.797903204590849e-06
580.8,1,0.00030748521508590793,0.06599601954533973,2.029280026471257e-05
563.1,1,0.0004236462963405843,0.06204782365185497,2.6286330686102066e-05
489.6,2,0.0004851433393577659,0.04705985849948451,2.2830776902143858e-05
541.7,1,0.0008575420998506989,0.06353314252664638,5.448234445241407e-05
510.3,1,0.00042022979395074086,0.057442502695377144,2.4139051071693214e-05
500.1,1,0.00011274457886483292,0.050397359265539066,5.682029046292887e-06
425.5,2,4.4414531067964485e-05,0.061059611715156496,2.7119340215206664e-06
438.9,2,1.0249507169530265e-05,0.025321939374125656,2.595373991615116e-07
359.4,2,9.224556452577238e-05,0.07418557816587931,6.843290537582351e-06
647.2,1,1.0249507169530265e-05,0.04872589823153673,4.994164432659377e-07
728.9,1,3.4165023898434215e-06,0.0005514454204348134,1.8840145967837504e-09
593.4,2,0.0,0.016541713277438457,0.0
641.7,2,0.0,0.014849156423516797,0.0
637.6,2,3.4165023898434215e-06,0.08495351121849767,2.902438741035872e-07
668.9,2,6.833004779686843e-06,0.001297959152436892,8.868961092439568e-09
701.6,2,0.0,0.01482790569520603,0.0
656.0,2,0.0,0.014849156423516797,0.0
592.7,3,0.0,0.05486009942135452,0.0
684.0,2,0.0,0.01482790569520603,0.0
698.8,2,0.0,0.01482790569520603,0.0
827.0,0,0.0,0.018453659593487656,0.0
818.2,0,0.0,0.018453659593487656,0.0
1024.1,0,0.0,0.018453659593487656,0.0
984.0,0,0.0,0.018453659593487656,0.0
1066.7,0,0.0,0.018453659593487656,0.0
1130.8,0,0.0,0.018453659593487656,0.0
1170.6,0,0.0,0.018453659593487656,0.0
1154.1,0,0.0,0.018453659593487656,0.0
1138.7,0,0.0,0.018453659593487656,0.0
1159.6,0,0.0,0.018453659593487656,0.0
1155.9,0,0.0,0.018453659593487656,0.0
1078.1,0,0.0,0.018453659593487656,0.0
1089.5,0,0.0,0.018453659593487656,0.0
1129.5,0,0.0,0.018453659593487656,0.0
1165.0,0,0.0,0.018453659593487656,0.0
1207.4,0,0.0,0.018453659593487656,0.0
1234.2,0,0.0,0.018453659593487656,0.0
1186.0,0,0.0,0.018453659593487656,0.0
1222.3,0,0.0,0.018453659593487656,0.0
1251.1,0,0.0,0.018453659593487656,0.0
1289.6,0,0.0,0.018453659593487656,0.0
1268.5,0,0.0,0.018453659593487656,0.0
1245.1,0,0.0,0.018453659593487656,0.0
1142.1,0,0.0,0.018453659593487656,0.0
1147.4,0,0.0,0.018453659593487656,0.0
1245.3,0,0.0,0.018453659593487656,0.0
1180.3,0,0.0,0.018453659593487656,0.0
1239.8,0,0.0,0.018453659593487656,0.0
1307.6,0,0.0,0.018453659593487656,0.0
1384.7,0,0.0,0.018453659593487656,0.0
1430.3,0,0.0,0.018453659593487656,0.0
1354.7,0,0.0,0.018453659593487656,0.0
1362.9,0,0.0,0.018453659593487656,0.0
1356.4,0,0.0,0.018453659593487656,0.0
1397.4,0,0.0,0.018453659593487656,0.0
1553.9,0,0.0,0.018453659593487656,0.0
1567.5,0,0.0,0.018453659593487656,0.0
1557.2,0,0.0,0.018453659593487656,0.0
1592.1,0,0.0,0.018453659593487656,0.0
1642.9,0,0.0,0.018453659593487656,0.0
1497.6,0,0.0,0.018453659593487656,0.0
719.4,1,0.0,0.02446292449968537,0.0
659.9,1,0.0,0.014616623813184551,0.0
690.0,1,0.0,0.014595373084873785,0.0
738.6,1,0.0,0.015997498167760638,0.0
702.3,1,0.0,0.014595373084873785,0.0
587.6,1,0.0,0.01658194093973821,0.0
743.6,1,0.0,0.016978185956590865,0.0
734.3,1,0.0,0.015602836577982861,0.0
603.6,1,1.708251194921711e-05,0.016142579263156164,2.757558031540495e-07
576.6,1,8.199605735624212e-05,0.0526190440131899,4.314554150936147e-06
534.7,2,0.000591054913442912,0.0408558569884187,2.4148055015925802e-05
562.1,1,0.0008541255974608554,0.05731220439674632,4.895182082216961e-05
443.0,2,0.0002801531959671606,0.05996676522090479,1.679988092844885e-05
480.0,2,0.00033823373659449873,0.04957934200019893,1.6769406102623854e-05
474.5,2,0.00016057561232264082,0.05372135420150402,8.62633934570798e-06
495.7,1,0.00013666009559373687,0.053601690519042046,7.325212150318185e-06
372.2,2,6.491354540702501e-05,0.10291860985892945,6.680811854305508e-06
443.7,2,5.808054062733817e-05,0.042772634079944465,2.4842577114184835e-06
380.2,2,5.1247535847651325e-05,0.09599356748968518,4.919433791071578e-06
458.4,2,1.0249507169530265e-05,0.02938597521163555,3.0119176361529723e-07
536.3,2,6.833004779686843e-06,0.004655550275884007,3.181139728718782e-08
608.0,2,1.708251194921711e-05,0.0029568906950239284,5.051112063027514e-08
658.5,2,3.4165023898434215e-06,0.04134182530463341,1.4124444495376928e-07
601.6,2,6.833004779686843e-06,0.004099746355866677,2.801358644514072e-08
645.2,2,0.0,0.014849156423516797,0.0
704.8,2,0.0,0.015084315951872696,0.0
617.1,2,0.0,0.016386984989911514,0.0
844.1,0,0.0,0.018453659593487656,0.0
648.2,2,0.0,0.014849156423516797,0.0
763.6,0,0.0,0.018292913074720533,0.0
757.7,0,0.0,0.018292913074720533,0.0
805.0,0,0.0,0.018453659593487656,0.0
879.9,0,0.0,0.018453659593487656,0.0
920.4,0,0.0,0.018453659593487656,0.0
1084.0,0,0.0,0.018453659593487656,0.0
1095.5,0,0.0,0.018453659593487656,0.0
1139.3,0,0.0,0.018453659593487656,0.0
1117.9,0,0.0,0.018453659593487656,0.0
1118.5,0,0.0,0.018453659593487656,0.0
1077.1,0,0.0,0.018453659593487656,0.0
1121.2,0,0.0,0.018453659593487656,0.0
1075.6,0,0.0,0.018453659593487656,0.0
1083.0,0,0.0,0.018453659593487656,0.0
1129.9,0,0.0,0.018453659593487656,0.0
1230.4,0,0.0,0.018453659593487656,0.0
1262.1,0,0.0,0.018453659593487656,0.0
1259.0,0,0.0,0.018453659593487656,0.0
1277.4,0,0.0,0.018453659593487656,0.0
1302.1,0,0.0,0.018453659593487656,0.0
1284.5,0,0.0,0.018453659593487656,0.0
1414.0,0,0.0,0.018453659593487656,0.0
1243.0,0,0.0,0.018453659593487656,0.0
1224.0,0,0.0,0.018453659593487656,0.0
1230.9,0,0.0,0.018453659593487656,0.0
1209.2,0,0.0,0.018453659593487656,0.0
1245.3,0,0.0,0.018453659593487656,0.0
1328.7,0,0.0,0.018453659593487656,0.0
1238.4,0,0.0,0.018453659593487656,0.0
1311.3,0,0.0,0.018453659593487656,0.0
1344.1,0,0.0,0.018453659593487656,0.0
1447.7,0,0.0,0.018453659593487656,0.0
1422.9,0,0.0,0.018453659593487656,0.0
1426.5,0,0.0,0.018453659593487656,0.0
1525.6,0,0.0,0.018453659593487656,0.0
1538.4,0,0.0,0.018453659593487656,0.0
1563.5,0,0.0,0.018453659593487656,0.0
1609.0,0,0.0,0.018453659593487656,0.0
1638.1,0,0.0,0.018453659593487656,0.0
1622.9,0,0.0,0.018453659593487656,0.0
1675.5,0,0.0,0.018453659593487656,0.0
1735.8,0,0.0,0.018453659593487656,0.0
732.2,1,0.0,0.015602836577982861,0.0
662.8,2,0.0,0.014849156423516797,0.0
567.9,2,0.0,0.018148688018075457,0.0
543.2,2,0.0,0.0181754358554763,0.0
493.0,3,0.0,0.21226677196458082,0.0
517.2,2,0.0,0.018301731426623186,0.0
559.0,1,6.833004779686843e-06,0.013264099179880131,9.063365309436127e-08
579.4,1,5.1247535847651325e-05,0.01574057576210253,8.06665720631021e-07
756.6,0,6.491354540702501e-05,0.12299317886255313,7.983923300848692e-06
558.0,1,6.833004779686844e-05,0.053061998854205844,3.6257289179052635e-06
547.3,1,0.0004919763441374527,0.05664939939169555,2.7870164410308812e-05
548.1,1,0.0006354694445108764,0.050559168696501275,3.212880684649736e-05
413.8,2,0.00023232216250935268,0.09975599743085334,2.3175529046413277e-05
408.4,2,0.00019815713861091845,0.10293015796007753,2.0396345578138814e-05
424.8,2,0.00016057561232264082,0.06987559045161387,1.1220315723173972e-05
361.5,2,0.00012299408603436317,0.20590151401898815,2.5324668529857063e-05
439.1,2,0.00016399211471248423,0.05066062963896514,8.30794378715985e-06
305.8,3,0.00021523965056013556,0.2851302233003418,6.1371329627299e-05
471.0,2,6.491354540702501e-05,0.04267976110786449,2.7704946106363417e-06
473.7,2,8.199605735624212e-05,0.02724557060785705,2.2340293702653912e-06
510.5,3,3.758152628827764e-05,0.012169905796456687,4.573636346153994e-07
563.2,3,1.0249507169530265e-05,0.008680381023140293,8.896962753093088e-08
589.1,2,6.833004779686843e-06,0.00032267270905618245,2.2048241632553968e-09
612.0,2,3.4165023898434215e-06,0.0006443746519557706,2.201507538361413e-09
716.1,2,3.4165023898434215e-06,0.0035036896940220017,1.1970364212895935e-08
618.4,2,0.0,0.015898889751578178,0.0
607.3,2,0.0,0.018155853665680743,0.0
609.1,2,0.0,0.018155853665680743,0.0
645.3,2,0.0,0.014849156423516797,0.0
674.1,2,0.0,0.01643962731020603,0.0
739.1,2,0.0,0.016230030778092885,0.0
775.4,0,0.0,0.01915152494682099,0.0
897.3,0,0.0,0.018453659593487656,0.0
889.3,0,0.0,0.018453659593487656,0.0
1085.7,0,0.0,0.018453659593487656,0.0
1081.8,0,0.0,0.018453659593487656,0.0
1026.7,0,0.0,0.018453659593487656,0.0
1067.8,0,0.0,0.018453659593487656,0.0
1154.5,0,0.0,0.018453659593487656,0.0
1005.0,0,0.0,0.018453659593487656,0.0
1075.6,0,0.0,0.018453659593487656,0.0
1098.7,0,0.0,0.018453659593487656,0.0
1110.7,0,0.0,0.018453659593487656,0.0
1227.8,0,0.0,0.018453659593487656,0.0
1263.9,0,0.0,0.018453659593487656,0.0
1290.4,0,0.0,0.018453659593487656,0.0
1338.8,0,0.0,0.018453659593487656,0.0
1293.0,0,0.0,0.018453659593487656,0.0
1308.1,0,0.0,0.018453659593487656,0.0
1333.4,0,0.0,0.018453659593487656,0.0
1414.0,0,0.0,0.018453659593487656,0.0
1216.0,0,0.0,0.018453659593487656,0.0
1197.4,0,0.0,0.018453659593487656,0.0
1398.9,0,0.0,0.018453659593487656,0.0
1288.9,0,0.0,0.018453659593487656,0.0
1288.9,0,0.0,0.018453659593487656,0.0
1373.8,0,0.0,0.018453659593487656,0.0
1266.3,0,0.0,0.018453659593487656,0.0
1447.1,0,0.0,0.018453659593487656,0.0
1494.5,0,0.0,0.018453659593487656,0.0
1534.5,0,0.0,0.018453659593487656,0.0
1562.9,0,0.0,0.018453659593487656,0.0
1541.5,0,0.0,0.018453659593487656,0.0
1563.3,0,0.0,0.018453659593487656,0.0
1589.3,0,0.0,0.018453659593487656,0.0
1851.1,0,0.0,0.018453659593487656,0.0
1817.2,0,0.0,0.018453659593487656,0.0
1747.5,0,0.0,0.018453659593487656,0.0
1722.4,0,0.0,0.018453659593487656,0.0
1689.7,0,0.0,0.018453659593487656,0.0
1709.8,0,0.0,0.018453659593487656,0.0
738.0,1,0.0,0.015557852324093974,0.0
665.8,2,0.0,0.014849156423516797,0.0
655.3,2,0.0,0.014849156423516797,0.0
554.4,1,0.0,0.020366791715381204,0.0
492.6,3,1.708251194921711e-05,0.1610289249567159,2.7507785347426843e-06
473.2,3,6.833004779686843e-06,0.029038189395920268,1.98418086935775e-07
490.3,3,2.7332019118747372e-05,0.1387796606060201,3.7931283369770127e-06
640.8,1,7.516305257655528e-05,0.0231768982572716,1.7420464222727777e-06
681.5,1,0.00011616108125467634,0.047192928096332555,5.481981555244184e-06
578.8,1,0.00018449112905154477,0.04351455169235011,8.028048771893481e-06
499.5,3,0.00040314728200152377,0.03992656910110561,1.609628781275675e-05
490.6,2,0.00035189974615387244,0.0499923083763679,1.7592280627289974e-05
386.0,2,0.00024598817206872634,0.11113223213138326,2.7337214639916344e-05
336.5,2,0.00021865615294997898,0.2601984080272856,5.68939829029552e-05
316.1,3,0.00032798422942496847,0.26040510223168134,8.540876679378814e-05
319.7,3,0.0002049901433906053,0.2117863424353407,4.3414112703992326e-05
255.9,3,0.00010591157408514608,0.4274890093413532,4.527603388344243e-05
331.2,2,9.907856930545922e-05,0.13251109431668634,1.3129009641998052e-05
378.2,2,2.049901433906053e-05,0.1206940832384326,2.474109742944395e-06
434.4,3,8.882906213592897e-05,0.04955418386651411,4.401851677773831e-06
557.3,2,5.4664038237494744e-05,0.013868161017465483,7.580896841424672e-07
472.0,3,2.3915516728903952e-05,0.03194438885121834,7.639665659659252e-07
505.3,3,6.833004779686843e-06,0.011353849896488502,7.75809106105529e-08
566.9,3,6.833004779686843e-06,0.002065715873761847,1.4115046438889682e-08
493.5,3,3.4165023898434215e-06,0.015609309980475619,5.3329244852101724e-08
514.6,3,0.0,0.05662011757053924,0.0
560.4,3,0.0,0.05872278259237247,0.0
570.7,3,0.0,0.05590639491455562,0.0
623.2,2,0.0,0.015433284859022626,0.0
685.3,2,0.0,0.01482790569520603,0.0
739.2,2,0.0,0.016230030778092885,0.0
955.3,0,0.0,0.018453659593487656,0.0
888.2,0,0.0,0.018453659593487656,0.0
854.3,0,0.0,0.018453659593487656,0.0
1085.7,0,0.0,0.018453659593487656,0.0
1085.7,0,0.0,0.018453659593487656,0.0
982.9,0,0.0,0.018453659593487656,0.0
963.5,0,0.0,0.018453659593487656,0.0
993.0,0,0.0,0.018453659593487656,0.0
1022.9,0,0.0,0.018453659593487656,0.0
1087.2,0,0.0,0.018453659593487656,0.0
1204.8,0,0.0,0.018453659593487656,0.0
1129.8,0,0.0,0.018453659593487656,0.0
1185.6,0,0.0,0.018453659593487656,0.0
1226.7,0,0.0,0.018453659593487656,0.0
1315.0,0,0.0,0.018453659593487656,0.0
1379.4,0,0.0,0.018453659593487656,0.0
1418.8,0,0.0,0.018453659593487656,0.0
1339.2,0,0.0,0.018453659593487656,0.0
1361.6,0,0.0,0.018453659593487656,0.0
1375.4,0,0.0,0.018453659593487656,0.0
1285.9,0,0.0,0.018453659593487656,0.0
1287.5,0,0.0,0.018453659593487656,0.0
1238.6,0,0.0,0.018453659593487656,0.0
1325.7,0,0.0,0.018453659593487656,0.0
1290.3,0,0.0,0.018453659593487656,0.0
1301.7,0,0.0,0.018453659593487656,0.0
1316.0,0,0.0,0.018453659593487656,0.0
1437.5,0,0.0,0.018453659593487656,0.0
1437.5,0,0.0,0.018453659593487656,0.0
1950.8,0,0.0,0.018453659593487656,0.0
1943.5,0,0.0,0.018453659593487656,0.0
1821.5,0,0.0,0.018453659593487656,0.0
1720.0,0,0.0,0.018453659593487656,0.0
1647.7,0,0.0,0.018453659593487656,0.0
1801.4,0,0.0,0.018453659593487656,0.0
1854.5,0,0.0,0.018453659593487656,0.0
1776.0,0,0.0,0.018453659593487656,0.0
1716.3,0,0.0,0.018453659593487656,0.0
1676.2,0,0.0,0.018453659593487656,0.0
1659.9,0,0.0,0.018453659593487656,0.0
836.6,0,0.0,0.018453659593487656,0.0
767.2,0,0.0,0.01915152494682099,0.0
605.6,2,0.0,0.020165112924940002,0.0
608.7,1,0.0,0.018252802241126274,0.0
486.2,3,6.833004779686843e-06,0.003924637134299565,2.6817064297205404e-08
467.4,3,4.4414531067964485e-05,0.11376693810884612,5.052905207142539e-06
542.2,2,6.149704301718158e-05,0.017937858334426324,1.1031252456283249e-06
504.1,2,4.7831033457807905e-05,0.05781025425727864,2.7651242055842766e-06
628.9,1,5.4664038237494744e-05,0.04439125692511328,2.426605365964846e-06
525.4,2,0.00015374260754295397,0.028038110028438906,4.310652146348445e-06
443.6,3,0.0001708251194921711,0.04509262885144694,7.702953711764546e-06
474.6,3,0.00016740861710232767,0.05076306856645491,8.498175108580856e-06
500.6,2,0.00018107462666170135,0.040418067983395506,7.318686570480606e-06
271.3,4,0.00018107462666170135,0.34743224411682033,6.291116389369033e-05
273.2,4,0.0002801531959671606,0.3674600739417859,0.00010294511410512046
290.7,3,0.00019474063622107503,0.346775921439018,6.753136356718389e-05
210.2,3,0.00012982709081405002,0.5721298604107805,7.427795534498016e-05
299.6,3,4.7831033457807905e-05,0.23305083314966177,1.114706219775148e-05
308.4,3,5.808054062733817e-05,0.11477621782805306,6.666264782614452e-06
412.6,3,6.491354540702501e-05,0.05649603705858292,3.6673580669192903e-06
385.6,3,5.1247535847651325e-05,0.1050545273237365,5.383785654981252e-06
435.5,3,4.7831033457807905e-05,0.047108405622660596,2.253243725481465e-06
469.6,3,1.708251194921711e-05,0.018986726729414077,3.2434098623173586e-07
435.4,3,3.074852150859079e-05,0.027445280957068333,8.439018118177329e-07
516.4,3,1.3666009559373686e-05,0.03474663026056442,4.748477812968963e-07
573.6,3,0.0,0.056066273415244595,0.0
614.5,2,0.0,0.016386984989911514,0.0
597.9,2,0.0,0.016541713277438457,0.0
613.7,2,0.0,0.01648918699901408,0.0
693.3,2,0.0,0.01482790569520603,0.0
682.2,2,0.0,0.01482790569520603,0.0
705.3,2,0.0,0.015084315951872696,0.0
768.6,0,0.0,0.01915152494682099,0.0
835.4,0,0.0,0.018453659593487656,0.0
814.4,0,0.0,0.018453659593487656,0.0
883.7,0,0.0,0.018453659593487656,0.0
875.8,0,0.0,0.018453659593487656,0.0
902.1,0,0.0,0.018453659593487656,0.0
949.3,0,0.0,0.018453659593487656,0.0
1005.8,0,0.0,0.018453659593487656,0.0
1044.6,0,0.0,0.018453659593487656,0.0
1268.3,0,0.0,0.018453659593487656,0.0
1189.6,0,0.0,0.018453659593487656,0.0
1164.6,0,0.0,0.018453659593487656,0.0
1345.9,0,0.0,0.018453659593487656,0.0
1392.2,0,0.0,0.018453659593487656,0.0
1407.1,0,0.0,0.018453659593487656,0.0
1429.2,0,0.0,0.018453659593487656,0.0
1410.6,0,0.0,0.018453659593487656,0.0
1474.9,0,0.0,0.018453659593487656,0.0
1375.4,0,0.0,0.018453659593487656,0.0
1277.7,0,0.0,0.018453659593487656,0.0
1363.1,0,0.0,0.018453659593487656,0.0
1293.3,0,0.0,0.018453659593487656,0.0
1309.5,0,0.0,0.018453659593487656,0.0
1330.6,0,0.0,0.018453659593487656,0.0
1332.9,0,0.0,0.018453659593487656,0.0
1505.3,0,0.0,0.018453659593487656,0.0
1584.4,0,0.0,0.018453659593487656,0.0
1513.8,0,0.0,0.018453659593487656,0.0
1951.5,0,0.0,0.018453659593487656,0.0
1949.5,0,0.0,0.018453659593487656,0.0
1816.3,0,0.0,0.018453659593487656,0.0
1732.9,0,0.0,0.018453659593487656,0.0
1696.8,0,0.0,0.018453659593487656,0.0
1755.2,0,0.0,0.018453659593487656,0.0
1771.3,0,0.0,0.018453659593487656,0.0
1699.4,0,0.0,0.018453659593487656,0.0
1659.9,0,0.0,0.018453659593487656,0.0
1619.8,0,0.0,0.018453659593487656,0.0
1502.3,0,0.0,0.018453659593487656,0.0
524.7,3,0.0,0.05674369682815036,0.0
702.1,2,0.0,0.01482790569520603,0.0
555.3,2,0.0,0.018299599407505685,0.0
516.7,3,0.0,0.05662011757053924,0.0
499.4,3,0.0,0.06789432082715523,0.0
482.1,3,1.0249507169530265e-05,0.08746561343133466,8.964794319518272e-07
385.9,3,6.833004779686843e-06,0.0920332502298397,6.288636387106099e-07
361.8,3,3.758152628827764e-05,0.11370008158526126,4.273022605075809e-06
404.7,3,7.85795549663987e-05,0.06424677161905412,5.048482721853128e-06
497.0,3,6.491354540702501e-05,0.026844260054284495,1.7425560939517844e-06
303.5,4,5.808054062733817e-05,0.3316595154115319,1.9262963959302767e-05
262.1,4,6.833004779686844e-05,0.40127516638088695,2.741915129850234e-05
289.3,4,0.00016740861710232767,0.30542104870215236,5.1130115397169996e-05
238.8,4,0.00022548915772966583,0.48555793373105294,0.00010948804950597203
181.6,5,0.00011957758364451976,0.5777981416304926,6.90917056104683e-05
170.8,5,0.00014690960276326714,0.5900614965758169,8.668570006785217e-05
220.9,3,0.00012299408603436317,0.5590841081173537,6.8764038894231e-05
271.2,3,0.00012982709081405002,0.42432644358461763,5.5089067726063026e-05
264.3,3,7.85795549663987e-05,0.3661643490797098,2.8773031595244657e-05
372.0,3,4.7831033457807905e-05,0.12290375476318566,5.878613606168151e-06
388.3,4,0.00010591157408514608,0.07527699097327939,7.972704606373352e-06
359.2,4,0.0001400765979835803,0.06703704263861253,9.390320871697058e-06
487.2,3,4.4414531067964485e-05,0.024733172392320316,1.0985122536280322e-06
498.0,3,1.708251194921711e-05,0.01334812326883482,2.2801947523949378e-07
559.5,3,1.3666009559373686e-05,0.007947368365322928,1.0860881205236716e-07
595.9,3,3.758152628827764e-05,0.07026590483680413,2.6406999497939694e-06
616.2,3,1.0249507169530265e-05,0.03209320826252202,3.289395681799474e-07
1054.7,0,0.0,0.018453659593487656,0.0
637.4,2,0.0,0.014849156423516797,0.0
652.6,2,0.0,0.014849156423516797,0.0
721.2,2,0.0,0.01775844611164844,0.0
728.0,2,0.0,0.01583536918831511,0.0
739.9,2,0.0,0.016230030778092885,0.0
762.5,0,0.0,0.018292913074720533,0.0
818.4,0,0.0,0.018453659593487656,0.0
880.5,0,0.0,0.018453659593487656,0.0
1114.6,0,0.0,0.018453659593487656,0.0
985.1,0,0.0,0.018453659593487656,0.0
983.4,0,0.0,0.018453659593487656,0.0
1082.6,0,0.0,0.018453659593487656,0.0
1208.4,0,0.0,0.018453659593487656,0.0
1223.7,0,0.0,0.018453659593487656,0.0
1182.8,0,0.0,0.018453659593487656,0.0
1173.1,0,0.0,0.018453659593487656,0.0
1449.9,0,0.0,0.018453659593487656,0.0
1413.8,0,0.0,0.018453659593487656,0.0
1428.2,0,0.0,0.018453659593487656,0.0
1420.8,0,0.0,0.018453659593487656,0.0
1368.5,0,0.0,0.018453659593487656,0.0
1352.5,0,0.0,0.018453659593487656,0.0
1366.1,0,0.0,0.018453659593487656,0.0
1343.6,0,0.0,0.018453659593487656,0.0
1427.4,0,0.0,0.018453659593487656,0.0
1373.1,0,0.0,0.018453659593487656,0.0
1715.4,0,0.0,0.018453659593487656,0.0
1429.0,0,0.0,0.018453659593487656,0.0
1383.1,0,0.0,0.018453659593487656,0.0
1372.7,0,0.0,0.018453659593487656,0.0
1483.2,0,0.0,0.018453659593487656,0.0
1513.8,0,0.0,0.018453659593487656,0.0
1887.4,0,0.0,0.018453659593487656,0.0
1829.2,0,0.0,0.018453659593487656,0.0
1809.1,0,0.0,0.018453659593487656,0.0
1847.4,0,0.0,0.018453659593487656,0.0
1811.4,0,0.0,0.018453659593487656,0.0
1786.6,0,0.0,0.018453659593487656,0.0
1746.6,0,0.0,0.018453659593487656,0.0
1678.3,0,0.0,0.018453659593487656,0.0
1670.1,0,0.0,0.018453659593487656,0.0
1553.7,0,0.0,0.018453659593487656,0.0
1502.9,0,0.0,0.018453659593487656,0.0
625.8,2,0.0,0.021855695871708318,0.0
759.8,0,0.0,0.018292913074720533,0.0
545.9,3,0.0,0.058160488666059024,0.0
517.2,3,0.0,0.05662011757053924,0.0
575.1,2,0.0,0.017747887271328523,0.0
639.6,2,0.0,0.014849156423516797,0.0
482.2,3,0.0,0.07330515827847936,0.0
454.8,3,6.491354540702501e-05,0.037276808920361004,2.419769828480849e-06
366.2,3,0.0001434931003734237,0.15944969510787088,2.2879931104625522e-05
295.2,4,0.00012982709081405002,0.2953725349526501,3.8347356919273864e-05
299.3,4,8.882906213592897e-05,0.33817357633530487,3.0039641625018116e-05
204.0,5,0.0002357386648991961,0.5812278645646554,0.00013701788079468262
213.1,5,0.0003450667413741856,0.5279320488674695,0.00018217179176969502
173.7,5,0.00033823373659449873,0.6306836956758579,0.00021331850299767313
149.6,5,0.00021865615294997898,0.6262410606428066,0.00013693146113947057
110.3,5,0.0003109017174757514,0.7207629670736623,0.00022408644435612004
183.8,5,0.0002562376792382566,0.6174745568703175,0.00015822024744112105
216.0,3,0.00012982709081405002,0.6039976929437301,7.841526333328235e-05
306.7,4,0.00014690960276326714,0.29524819511058875,4.3374795060268186e-05
311.3,4,0.0002049901433906053,0.23612380659185536,4.840305297119998e-05
312.2,4,0.00029040270313669084,0.218443357009567,6.343654135783145e-05
372.3,4,9.566206691561581e-05,0.12250113566028326,1.1718711836772948e-05
446.4,4,2.049901433906053e-05,0.04320619347583946,8.856843795974566e-07
471.3,3,5.1247535847651325e-05,0.02042864047239992,1.0469174849280955e-06
496.0,3,6.491354540702501e-05,0.018514110327945848,1.2018165414437835e-06
588.9,3,3.074852150859079e-05,0.013454955961601197,4.1372000278243634e-07
631.8,2,1.0249507169530265e-05,0.0035477738242345436,3.636293324736376e-08
946.7,0,0.0,0.018453659593487656,0.0
661.5,4,0.0,0.03974415489535201,0.0
731.9,1,0.0,0.015602836577982861,0.0
812.5,0,0.0,0.018453659593487656,0.0
920.3,0,0.0,0.018453659593487656,0.0
886.7,0,0.0,0.018453659593487656,0.0
815.2,0,0.0,0.018453659593487656,0.0
835.0,0,0.0,0.018453659593487656,0.0
862.4,0,0.0,0.018453659593487656,0.0
955.8,0,0.0,0.018453659593487656,0.0
1001.2,0,0.0,0.018453659593487656,0.0
1027.3,0,0.0,0.018453659593487656,0.0
1144.5,0,0.0,0.018453659593487656,0.0
1127.9,0,0.0,0.018453659593487656,0.0
1185.2,0,0.0,0.018453659593487656,0.0
1148.1,0,0.0,0.018453659593487656,0.0
1238.1,0,0.0,0.018453659593487656,0.0
1279.9,0,0.0,0.018453659593487656,0.0
1354.0,0,0.0,0.018453659593487656,0.0
1505.4,0,0.0,0.018453659593487656,0.0
1463.8,0,0.0,0.018453659593487656,0.0
1303.1,0,0.0,0.018453659593487656,0.0
1315.1,0,0.0,0.018453659593487656,0.0
1410.7,0,0.0,0.018453659593487656,0.0
1411.0,0,0.0,0.018453659593487656,0.0
1404.4,0,0.0,0.018453659593487656,0.0
1462.1,0,0.0,0.018453659593487656,0.0
1642.0,0,0.0,0.018453659593487656,0.0
1486.1,0,0.0,0.018453659593487656,0.0
1513.7,0,0.0,0.018453659593487656,0.0
1387.1,0,0.0,0.018453659593487656,0.0
1395.3,0,0.0,0.018453659593487656,0.0
1513.8,0,0.0,0.018453659593487656,0.0
1894.4,0,0.0,0.018453659593487656,0.0
1804.1,0,0.0,0.018453659593487656,0.0
1809.2,0,0.0,0.018453659593487656,0.0
1847.4,0,0.0,0.018453659593487656,0.0
1862.2,0,0.0,0.018453659593487656,0.0
1912.8,0,0.0,0.018453659593487656,0.0
1935.0,0,0.0,0.018453659593487656,0.0
1709.4,0,0.0,0.018453659593487656,0.0
1599.0,0,0.0,0.018453659593487656,0.0
1595.2,0,0.0,0.018453659593487656,0.0
1634.8,0,0.0,0.018453659593487656,0.0
738.7,1,0.0,0.015997498167760638,0.0
734.0,1,0.0,0.015602836577982861,0.0
559.7,2,0.0,0.02011547544567864,0.0
452.1,4,0.0,0.08415479543562637,0.0
595.9,2,0.0,0.016541713277438457,0.0
575.3,2,0.0,0.017747887271328523,0.0
519.0,2,6.833004779686843e-06,0.09439735602816228,6.450175849302335e-07
485.2,3,4.7831033457807905e-05,0.02707780793249402,1.2951595371832176e-06
362.4,3,0.00011616108125467634,0.17234295048118017,2.001954347451503e-05
316.1,4,0.00010932807647498949,0.2214998845910608,2.421615632177284e-05
272.4,4,0.00010249507169530265,0.3346360768672817,3.429854869034684e-05
192.9,5,0.00024257166967888295,0.552548408118136,0.00013403258993562508
130.3,5,0.00044414531067964484,0.6665593615114902,0.00029604921470494653
183.5,5,0.0007311315114264923,0.6165931708301855,0.0004508106969243269
375.7,2,0.000679883975578841,0.131750355685504,8.957495560738681e-05
91.8,5,0.0004475618130694882,0.7464086625552692,0.0003340640143040081
139.1,5,0.00030748521508590793,0.690243789770129,0.00021223976015918034
211.7,5,0.00042022979395074086,0.553326414519094,0.0002325242451608611
260.7,5,0.0003792317652726198,0.34883299074330626,0.00013228855086491148
330.5,4,0.00030748521508590793,0.34555802029151594,0.00010625398219399732
303.2,4,0.0002630706840179435,0.37578942225130396,9.885918035835832e-05
355.0,4,0.00022890566011950924,0.12435772371518486,2.846618683798394e-05
428.1,4,0.00010249507169530265,0.11850568834591305,1.2146249023315549e-05
431.5,4,4.099802867812106e-05,0.06589246672149526,2.7014612403200005e-06
786.8,0,2.049901433906053e-05,0.03621312903615385,7.423334513743669e-07
580.8,3,3.4165023898434215e-06,0.07418646198635519,2.5345822467041065e-07
656.3,3,0.0,0.03953789699399542,0.0
966.2,0,0.0,0.018453659593487656,0.0
667.1,4,0.0,0.03974415489535201,0.0
639.6,4,0.0,0.04627193267312979,0.0
853.0,0,0.0,0.018453659593487656,0.0
859.0,0,0.0,0.018453659593487656,0.0
789.9,0,0.0,0.01915152494682099,0.0
810.3,0,0.0,0.018453659593487656,0.0
873.5,0,0.0,0.018453659593487656,0.0
890.1,0,0.0,0.018453659593487656,0.0
902.7,0,0.0,0.018453659593487656,0.0
960.4,0,0.0,0.018453659593487656,0.0
990.0,0,0.0,0.018453659593487656,0.0
1235.2,0,0.0,0.018453659593487656,0.0
1200.2,0,0.0,0.018453659593487656,0.0
1196.7,0,0.0,0.018453659593487656,0.0
1130.3,0,0.0,0.018453659593487656,0.0
1174.5,0,0.0,0.018453659593487656,0.0
1227.3,0,0.0,0.018453659593487656,0.0
1244.8,0,0.0,0.018453659593487656,0.0
1258.8,0,0.0,0.018453659593487656,0.0
1507.0,0,0.0,0.018453659593487656,0.0
1222.8,0,0.0,0.018453659593487656,0.0
1283.0,0,0.0,0.018453659593487656,0.0
1314.5,0,0.0,0.018453659593487656,0.0
1399.6,0,0.0,0.018453659593487656,0.0
1512.5,0,0.0,0.018453659593487656,0.0
1514.8,0,0.0,0.018453659593487656,0.0
1518.3,0,0.0,0.018453659593487656,0.0
1548.2,0,0.0,0.018453659593487656,0.0
1536.2,0,0.0,0.018453659593487656,0.0
1449.0,0,0.0,0.018453659593487656,0.0
1503.7,0,0.0,0.018453659593487656,0.0
1560.6,0,0.0,0.018453659593487656,0.0
1853.1,0,0.0,0.018453659593487656,0.0
1708.6,0,0.0,0.018453659593487656,0.0
1783.8,0,0.0,0.018453659593487656,0.0
1806.7,0,0.0,0.018453659593487656,0.0
2007.7,0,0.0,0.018453659593487656,0.0
1913.7,0,0.0,0.018453659593487656,0.0
1902.3,0,0.0,0.018453659593487656,0.0
1682.4,0,0.0,0.018453659593487656,0.0
1628.6,0,0.0,0.018453659593487656,0.0
1696.7,0,0.0,0.018453659593487656,0.0
1760.1,0,0.0,0.018453659593487656,0.0
625.6,2,0.0,0.021855695871708318,0.0
624.7,2,0.0,0.021855695871708318,0.0
532.5,2,0.0,0.01821815065041725,0.0
506.8,2,0.0,0.021759385240604927,0.0
423.8,5,0.0,0.2228759017493537,0.0
519.0,2,3.4165023898434215e-06,0.005129308991626945,1.7524296428138806e-08
464.8,4,2.049901433906053e-05,0.026019158289522646,5.333670988672104e-07
432.0,4,7.85795549663987e-05,0.05818290285846954,4.5719866132717435e-06
386.6,4,7.85795549663987e-05,0.10461947659380133,8.220951911558475e-06
280.4,5,7.516305257655528e-05,0.30112145849482636,2.263320801677564e-05
258.4,5,7.85795549663987e-05,0.33947296417925227,2.6675634448329852e-05
239.0,4,0.0003245677270351251,0.4438101284940199,0.00014404644464047084
178.6,5,0.0007447975209858659,0.6600431945726676,0.0004915985350613144
50.4,5,0.0013085204153100306,0.7350335772163874,0.0009618064417260047
0.0,5,0.0013495184439881517,0.7634216098173713,0.0010302515429876688
133.5,5,0.0007516305257655528,0.6740870482217803,0.0005066644024666863
153.9,5,0.00043731230589995796,0.6810461299627317,0.0002978298535182447
226.5,5,0.00046806082740854875,0.5636750429473482,0.00026383420699148505
254.6,5,0.0003553162485437159,0.4315500990049965,0.00015333676223712453
277.3,4,0.0003758152628827764,0.3614761480761094,0.00013584825361507647
292.1,4,0.0001571591099327974,0.359718131118366,5.6532981313251714e-05
309.3,4,0.00016399211471248423,0.33458186135887363,5.48687869886809e-05
330.2,4,0.00013666009559373687,0.12683552654364447,1.7333355182136403e-05
417.1,4,0.00011616108125467634,0.05315392199646767,6.174417052036409e-06
448.8,4,1.708251194921711e-05,0.03135024422516252,5.355409215872134e-07
519.8,4,0.0,0.05682637547189583,0.0
554.1,3,0.0,0.05828465221808841,0.0
431.3,4,0.0,0.1395246264388634,0.0
579.2,3,0.0,0.05656627341524459,0.0
619.4,4,0.0,0.06504388822341339,0.0
783.8,0,0.0,0.01915152494682099,0.0
755.6,0,0.0,0.018292913074720533,0.0
775.2,0,0.0,0.01915152494682099,0.0
794.0,0,0.0,0.018453659593487656,0.0
893.5,0,0.0,0.018453659593487656,0.0
914.4,0,0.0,0.018453659593487656,0.0
928.0,0,0.0,0.018453659593487656,0.0
928.2,0,0.0,0.018453659593487656,0.0
971.5,0,0.0,0.018453659593487656,0.0
1076.0,0,0.0,0.018453659593487656,0.0
1030.0,0,0.0,0.018453659593487656,0.0
1099.8,0,0.0,0.018453659593487656,0.0
1105.4,0,0.0,0.018453659593487656,0.0
1175.2,0,0.0,0.018453659593487656,0.0
1188.8,0,0.0,0.018453659593487656,0.0
1251.0,0,0.0,0.018453659593487656,0.0
1173.3,0,0.0,0.018453659593487656,0.0
1194.8,0,0.0,0.018453659593487656,0.0
1473.0,0,0.0,0.018453659593487656,0.0
1336.1,0,0.0,0.018453659593487656,0.0
1333.5,0,0.0,0.018453659593487656,0.0
1410.7,0,0.0,0.018453659593487656,0.0
1454.8,0,0.0,0.018453659593487656,0.0
1514.8,0,0.0,0.018453659593487656,0.0
1644.4,0,0.0,0.018453659593487656,0.0
1641.6,0,0.0,0.018453659593487656,0.0
1648.6,0,0.0,0.018453659593487656,0.0
1633.7,0,0.0,0.018453659593487656,0.0
1495.9,0,0.0,0.018453659593487656,0.0
1551.6,0,0.0,0.018453659593487656,0.0
1575.3,0,0.0,0.018453659593487656,0.0
1639.6,0,0.0,0.018453659593487656,0.0
1625.1,0,0.0,0.018453659593487656,0.0
1806.2,0,0.0,0.018453659593487656,0.0
1733.9,0,0.0,0.018453659593487656,0.0
1841.7,0,0.0,0.018453659593487656,0.0
1829.3,0,0.0,0.018453659593487656,0.0
1631.7,0,0.0,0.018453659593487656,0.0
1617.2,0,0.0,0.018453659593487656,0.0
1742.6,0,0.0,0.018453659593487656,0.0
1767.8,0,0.0,0.018453659593487656,0.0
597.5,2,0.0,0.016541713277438457,0.0
571.1,2,0.0,0.01779560686488198,0.0
524.7,2,0.0,0.018425310684234305,0.0
496.7,3,0.0,0.06476920113574773,0.0
466.1,4,0.0,0.07545990392856827,0.0
395.5,5,6.833004779686843e-06,0.043008541748000985,2.9387757133145184e-07
463.4,4,0.00013666009559373687,0.03215446447915903,4.39423218948729e-06
454.3,4,0.00010932807647498949,0.04578292970128692,5.005359639631364e-06
327.1,5,8.541255974608554e-05,0.11629407109044848,9.932974295128451e-06
296.9,5,6.833004779686844e-05,0.2742575140003908,1.8740029040297016e-05
264.0,5,0.00011274457886483292,0.34934674865811566,3.9386952055257885e-05
224.2,5,0.0002528211768484132,0.5220188584760073,0.00013197742213696942
126.6,5,0.0005534733871546343,0.6993322826958054,0.0003870618072502296
140.5,5,0.0014315145013443938,0.7060043704286815,0.0010106554942811766
118.7,5,0.0017321667116506148,0.7113955579155441,0.0012322557042374225
111.6,5,0.0008848741189694462,0.7259611948869418,0.000642384272731589
149.9,5,0.0007584635305452396,0.676193728287167,0.000512868282489233
227.0,5,0.00040314728200152377,0.5659723709688288,0.00022817022304404144
323.7,4,0.0003177347222554382,0.31829815580403414,0.00010113437612881299
282.0,4,0.0002938192055265343,0.41003134985730033,0.00012047508545604441
220.5,5,0.0003450667413741856,0.530406824774241,0.00018302575462747598
244.2,5,0.00047489383218823563,0.45305621293340165,0.00021515360115663239
280.5,4,0.0002528211768484132,0.3975618476787574,0.00010051205420017304
320.8,4,0.00015032610515311055,0.14245113298319423,2.141412399601139e-05
382.9,4,6.833004779686843e-06,0.0835824232276824,5.711190974125625e-07
482.6,4,0.0,0.07393116105477565,0.0
475.9,4,0.0,0.07518211559706645,0.0
537.1,4,0.0,0.05674221353302323,0.0
639.9,3,0.0,0.0460656747717732,0.0
683.4,3,0.0,0.03951664626568466,0.0
712.9,3,0.0,0.040606389855684655,0.0
781.5,0,0.0,0.01915152494682099,0.0
784.4,0,0.0,0.01915152494682099,0.0
775.2,0,0.0,0.01915152494682099,0.0
923.1,0,0.0,0.018453659593487656,0.0
941.1,0,0.0,0.018453659593487656,0.0
938.1,0,0.0,0.018453659593487656,0.0
915.3,0,0.0,0.018453659593487656,0.0
920.4,0,0.0,0.018453659593487656,0.0
946.8,0,0.0,0.018453659593487656,0.0
1015.9,0,0.0,0.018453659593487656,0.0
1071.1,0,0.0,0.018453659593487656,0.0
1079.8,0,0.0,0.018453659593487656,0.0
1045.0,0,0.0,0.018453659593487656,0.0
1064.8,0,0.0,0.018453659593487656,0.0
1178.3,0,0.0,0.018453659593487656,0.0
1135.8,0,0.0,0.018453659593487656,0.0
1171.4,0,0.0,0.018453659593487656,0.0
1494.6,0,0.0,0.018453659593487656,0.0
1250.9,0,0.0,0.018453659593487656,0.0
1474.6,0,0.0,0.018453659593487656,0.0
1471.0,0,0.0,0.018453659593487656,0.0
1523.1,0,0.0,0.018453659593487656,0.0
1824.7,0,0.0,0.018453659593487656,0.0
1809.1,0,0.0,0.018453659593487656,0.0
1709.8,0,0.0,0.018453659593487656,0.0
1862.7,0,0.0,0.018453659593487656,0.0
1939.9,0,0.0,0.018453659593487656,0.0
1609.5,0,0.0,0.018453659593487656,0.0
1601.5,0,0.0,0.018453659593487656,0.0
1606.3,0,0.0,0.018453659593487656,0.0
1639.5,0,0.0,0.018453659593487656,0.0
1625.4,0,0.0,0.018453659593487656,0.0
1651.3,0,0.0,0.018453659593487656,0.0
1674.5,0,0.0,0.018453659593487656,0.0
1766.3,0,0.0,0.018453659593487656,0.0
1710.8,0,0.0,0.018453659593487656,0.0
1665.0,0,0.0,0.018453659593487656,0.0
1637.0,0,0.0,0.018453659593487656,0.0
1780.0,0,0.0,0.018453659593487656,0.0
1838.6,0,0.0,0.018453659593487656,0.0
710.6,1,0.0,0.014851783341540453,0.0
611.9,2,0.0,0.01648918699901408,0.0
794.4,0,0.0,0.018453659593487656,0.0
665.5,2,0.0,0.014849156423516797,0.0
601.4,2,0.0,0.020137531186495743,0.0
514.1,2,0.0,0.018301731426623186,0.0
672.8,2,7.174655018671185e-05,0.05232270011873335,3.7539732299729763e-06
386.7,5,0.00012982709081405002,0.07306341983215921,9.485611241734797e-06
396.5,5,0.00017765812427185794,0.09081719258825406,1.6134412086865294e-05
335.2,5,0.0002938192055265343,0.1494852095672843,4.3921625513026956e-05
262.6,5,0.00043047930112027113,0.3501922978295014,0.0001507505356273456
198.2,5,0.00021182314817029215,0.6314022677385628,0.00013374561611424407
199.8,5,0.00039973077961168033,0.6182263703464997,0.00024712410899510573
186.9,5,0.0007072159946975883,0.6178580577170504,0.0004369591008702837
183.7,5,0.0014690960276326714,0.6097688451748294,0.0008958089882205034
140.6,5,0.0018517442952951345,0.7060282128967761,0.0013073837155490237
208.6,5,0.0009292886500374107,0.561871098631282,0.000522140434742101
172.1,5,0.00046806082740854875,0.6796168155988549,0.00031810200902996315
124.9,5,0.0004543948178491751,0.6857515116684395,0.00031160193323437704
102.2,5,0.00035873275093355927,0.7362295760398272,0.00026410966113141524
166.7,5,0.00024598817206872634,0.6491958316445517,0.00015969449594087988
256.4,5,0.0003928977748319935,0.3930664065064271,0.000154434916477583
305.9,4,0.0003963142772218369,0.3697615983580769,0.00014654180059767242
296.7,5,7.516305257655528e-05,0.2733210408527788,2.0543643763896225e-05
373.1,4,0.0,0.2417704913285895,0.0
441.7,4,0.0,0.08392569260066704,0.0
488.9,4,0.0,0.07335436131096613,0.0
535.7,4,0.0,0.05674221353302323,0.0
633.8,3,0.0,0.04939900810510653,0.0
708.3,3,0.0,0.03977305652235132,0.0
699.9,3,0.0,0.03951664626568466,0.0
746.3,0,0.0,0.01762316398945737,0.0
737.5,1,0.0,0.015090016064649532,0.0
730.4,2,0.0,0.01583536918831511,0.0
649.0,3,0.0,0.03953789699399542,0.0
894.0,0,0.0,0.018453659593487656,0.0
894.0,0,0.0,0.018453659593487656,0.0
894.0,0,0.0,0.018453659593487656,0.0
915.4,0,0.0,0.018453659593487656,0.0
901.4,0,0.0,0.018453659593487656,0.0
1037.4,0,0.0,0.018453659593487656,0.0
1053.3,0,0.0,0.018453659593487656,0.0
1013.0,0,0.0,0.018453659593487656,0.0
1024.4,0,0.0,0.018453659593487656,0.0
1062.7,0,0.0,0.018453659593487656,0.0
1119.3,0,0.0,0.018453659593487656,0.0
1171.5,0,0.0,0.018453659593487656,0.0
1263.6,0,0.0,0.018453659593487656,0.0
1204.2,0,0.0,0.018453659593487656,0.0
1251.5,0,0.0,0.018453659593487656,0.0
1530.7,0,0.0,0.018453659593487656,0.0
1511.2,0,0.0,0.018453659593487656,0.0
1569.3,0,0.0,0.018453659593487656,0.0
1863.5,0,0.0,0.018453659593487656,0.0
1846.5,0,0.0,0.018453659593487656,0.0
1708.3,0,0.0,0.018453659593487656,0.0
1877.1,0,0.0,0.018453659593487656,0.0
1944.6,0,0.0,0.018453659593487656,0.0
1680.9,0,0.0,0.018453659593487656,0.0
1615.2,0,0.0,0.018453659593487656,0.0
1631.7,0,0.0,0.018453659593487656,0.0
1664.2,0,0.0,0.018453659593487656,0.0
1806.7,0,0.0,0.018453659593487656,0.0
1771.6,0,0.0,0.018453659593487656,0.0
1692.2,0,0.0,0.018453659593487656,0.0
1723.9,0,0.0,0.018453659593487656,0.0
1743.4,0,0.0,0.018453659593487656,0.0
1740.8,0,0.0,0.018453659593487656,0.0
1767.1,0,0.0,0.018453659593487656,0.0
1787.8,0,0.0,0.018453659593487656,0.0
1869.9,0,0.0,0.018453659593487656,0.0
612.9,2,0.0,0.01648918699901408,0.0
596.1,2,0.0,0.016541713277438457,0.0
558.1,2,0.0,0.01872231042364554,0.0
534.7,2,0.0,0.018341431074083918,0.0
503.4,2,0.0,0.02276253030858013,0.0
444.1,3,0.0,0.08319552315687075,0.0
436.0,3,1.0249507169530265e-05,0.07911713456683502,8.109116379754662e-07
449.2,3,6.491354540702501e-05,0.06507544988895758,4.224278171249428e-06
345.3,5,7.174655018671185e-05,0.1311036452928829,9.406234266666691e-06
331.7,5,0.00045097831545933166,0.1378405757469518,6.216311065230472e-05
258.0,5,0.0003245677270351251,0.3428363284216104,0.00011127360786086973
244.6,5,0.00015032610515311055,0.3741317747476035,5.624177251182812e-05
233.8,5,0.00032798422942496847,0.46281759559705743,0.00015179687245621756
197.6,5,0.0006252199373413461,0.6182954963633781,0.00038657067149474775
196.3,5,0.001240190367513162,0.6070239481032284,0.0007528252532874334
201.0,5,0.0016570036590740594,0.6024531087676511,0.0009982670056485402
195.9,5,0.0006149704301718159,0.5746239902154349,0.00035337676244983127
129.4,5,0.0006115539277819725,0.6681193813330581,0.0004085910318814932
0.0,5,0.000850709095071012,0.7444301399249513,0.0006332934906791422
107.7,5,0.0006286364397311896,0.702252485092927,0.000441461502021198
155.4,5,0.0003006522103062211,0.6672031702293131,0.0002005961078527609
232.7,5,0.00040314728200152377,0.4919504743710433,0.00019832849662204639
285.0,5,0.00032115122464528164,0.38120097580143514,0.00012242316021460726
310.4,5,0.00022207265533982242,0.34332544922318464,7.624319415472998e-05
354.6,4,5.1247535847651325e-05,0.12259826060405783,6.282858755166153e-06
389.8,4,0.0,0.2831882599013506,0.0
1048.6,0,0.0,0.018453659593487656,0.0
522.6,3,0.0,0.056406659791483696,0.0
576.2,3,0.0,0.056066273415244595,0.0
578.5,3,0.0,0.05656627341524459,0.0
679.2,3,0.0,0.04007220182235132,0.0
722.7,3,0.0,0.04146001070713291,0.0
730.9,2,0.0,0.01583536918831511,0.0
649.0,3,0.0,0.03953789699399542,0.0
649.0,3,0.0,0.03953789699399542,0.0
677.1,3,0.0,0.04007220182235132,0.0
827.9,0,0.0,0.018453659593487656,0.0
842.2,0,0.0,0.018453659593487656,0.0
890.3,0,0.0,0.018453659593487656,0.0
866.4,0,0.0,0.018453659593487656,0.0
993.8,0,0.0,0.018453659593487656,0.0
1024.9,0,0.0,0.018453659593487656,0.0
976.7,0,0.0,0.018453659593487656,0.0
1053.7,0,0.0,0.018453659593487656,0.0
1026.8,0,0.0,0.018453659593487656,0.0
1119.3,0,0.0,0.018453659593487656,0.0
1266.0,0,0.0,0.018453659593487656,0.0
1335.8,0,0.0,0.018453659593487656,0.0
1235.9,0,0.0,0.018453659593487656,0.0
1293.7,0,0.0,0.018453659593487656,0.0
1394.3,0,0.0,0.018453659593487656,0.0
1535.8,0,0.0,0.018453659593487656,0.0
1537.4,0,0.0,0.018453659593487656,0.0
1879.6,0,0.0,0.018453659593487656,0.0
1879.6,0,0.0,0.018453659593487656,0.0
1667.5,0,0.0,0.018453659593487656,0.0
1751.6,0,0.0,0.018453659593487656,0.0
1730.2,0,0.0,0.018453659593487656,0.0
1703.1,0,0.0,0.018453659593487656,0.0
1647.4,0,0.0,0.018453659593487656,0.0
1648.1,0,0.0,0.018453659593487656,0.0
1653.2,0,0.0,0.018453659593487656,0.0
1882.1,0,0.0,0.018453659593487656,0.0
1743.7,0,0.0,0.018453659593487656,0.0
1719.9,0,0.0,0.018453659593487656,0.0
1743.0,0,0.0,0.018453659593487656,0.0
1814.4,0,0.0,0.018453659593487656,0.0
1971.3,0,0.0,0.018453659593487656,0.0
1964.6,0,0.0,0.018453659593487656,0.0
1880.0,0,0.0,0.018453659593487656,0.0
1821.1,0,0.0,0.018453659593487656,0.0
625.8,2,0.0,0.021855695871708318,0.0
569.1,2,0.0,0.01758800877063956,0.0
504.8,2,0.0,0.022579990625802352,0.0
467.7,3,0.0,0.07486239118116086,0.0
416.0,3,0.0,0.24523674199590204,0.0
415.1,3,0.0,0.2475197830337909,0.0
357.9,4,3.4165023898434215e-06,0.18295414963825038,6.250632894708534e-07
374.4,5,2.3915516728903952e-05,0.07871196932920521,1.882437419257582e-06
475.2,4,4.7831033457807905e-05,0.044770859942673706,2.141436499852858e-06
351.7,5,0.0001879076314413882,0.15299007297524517,2.8748002246823455e-05
233.9,5,0.00019815713861091845,0.3476153619423692,6.888246545969864e-05
373.8,5,0.0002049901433906053,0.1610768202077872,3.301916047129705e-05
272.8,5,0.0004714773297983922,0.3504134067295471,0.0001652119773304048
225.9,5,0.0008131275687827343,0.545442420326127,0.0004435142691507539
239.1,5,0.001093280764749895,0.5148780030542461,0.000562906216932045
231.5,5,0.0012367738651233187,0.5406505693840664,0.0006686624943782548
209.1,5,0.0005193083632562001,0.5709859438589477,0.0002965177759476867
149.4,5,0.000802878061613204,0.6671483965107424,0.0005356388113989021
83.9,5,0.0008609586022405423,0.7450052394283051,0.0006414186696000741
194.6,5,0.00039973077961168033,0.6072114898527019,0.00024272112222799045
157.1,5,0.0003416502389843422,0.6859186882652198,0.00023434428376963885
187.6,5,0.0005227248656460435,0.632513360220049,0.0003306304612403526
279.0,5,0.00038948127244215006,0.38644998486213883,0.00015051503183935547
326.7,5,0.0004236462963405843,0.22751012941247167,9.638382370556066e-05
365.2,4,0.0001264105884242066,0.13045102970545025,1.6490391425609623e-05
332.5,4,2.7332019118747372e-05,0.1273184415039318,3.4798700773545825e-06
393.4,4,0.0,0.2944974011608525,0.0
526.6,4,0.0,0.05694995472950695,0.0
561.6,3,0.0,0.05872278259237247,0.0
491.7,4,0.0,0.07615881796262268,0.0
564.6,3,0.0,0.05646707416199152,0.0
546.3,4,0.0,0.058366746567415626,0.0
528.1,4,0.0,0.05694995472950695,0.0
578.8,3,0.0,0.05656627341524459,0.0
649.4,3,0.0,0.03953789699399542,0.0
624.2,3,0.0,0.06588770643027361,0.0
770.2,0,0.0,0.01915152494682099,0.0
788.9,0,0.0,0.01915152494682099,0.0
796.7,0,0.0,0.018453659593487656,0.0
825.1,0,0.0,0.018453659593487656,0.0
971.2,0,0.0,0.018453659593487656,0.0
925.3,0,0.0,0.018453659593487656,0.0
1057.3,0,0.0,0.018453659593487656,0.0
1235.9,0,0.0,0.018453659593487656,0.0
1228.6,0,0.0,0.018453659593487656,0.0
1309.9,0,0.0,0.018453659593487656,0.0
1319.9,0,0.0,0.018453659593487656,0.0
1216.7,0,0.0,0.018453659593487656,0.0
1285.3,0,0.0,0.018453659593487656,0.0
1312.2,0,0.0,0.018453659593487656,0.0
1303.8,0,0.0,0.018453659593487656,0.0
1480.9,0,0.0,0.018453659593487656,0.0
1463.2,0,0.0,0.018453659593487656,0.0
1469.2,0,0.0,0.018453659593487656,0.0
1689.5,0,0.0,0.018453659593487656,0.0
1628.2,0,0.0,0.018453659593487656,0.0
1534.9,0,0.0,0.018453659593487656,0.0
1620.2,0,0.0,0.018453659593487656,0.0
1647.0,0,0.0,0.018453659593487656,0.0
1619.2,0,0.0,0.018453659593487656,0.0
1623.8,0,0.0,0.018453659593487656,0.0
1697.6,0,0.0,0.018453659593487656,0.0
1674.8,0,0.0,0.018453659593487656,0.0
1682.4,0,0.0,0.018453659593487656,0.0
1728.0,0,0.0,0.018453659593487656,0.0
1880.9,0,0.0,0.018453659593487656,0.0
1891.5,0,0.0,0.018453659593487656,0.0
1999.3,0,0.0,0.018453659593487656,0.0
2038.7,0,0.0,0.018453659593487656,0.0
2023.6,0,0.0,0.018453659593487656,0.0
1978.9,0,0.0,0.018453659593487656,0.0
568.8,1,0.0,0.0179885344118484,0.0
577.0,1,0.0,0.017913037040294944,0.0
534.7,2,0.0,0.018341431074083918,0.0
517.2,2,0.0,0.018301731426623186,0.0
450.0,2,0.0,0.04551043712221859,0.0
480.9,3,0.0,0.07294486260235777,0.0
327.3,5,1.0249507169530265e-05,0.09453160903999157,9.689024046026256e-07
280.9,5,4.099802867812106e-05,0.17760433257825797,7.281427520401971e-06
198.7,5,8.882906213592897e-05,0.40667277140473046,3.612436088010124e-05
216.3,5,0.0003109017174757514,0.4749291425939867,0.0001476562861117565
233.1,5,0.00021182314817029215,0.4545898973571635,9.629266318460434e-05
296.6,5,0.0002630706840179435,0.3328316990429781,8.755826273009055e-05
333.8,5,0.00033823373659449873,0.27225699433286943,9.208650050719369e-05
312.2,5,0.0005227248656460435,0.31654798927635086,0.00016546750516500573
268.7,5,0.0007345480138163357,0.38369614238035643,0.00028184323929448076
274.1,5,0.0006388859469007199,0.39269657596292246,0.0002508883237787422
238.9,5,0.0005022258513069829,0.5517356207138393,0.0002770958918093946
206.9,5,0.00039973077961168033,0.5637865918452483,0.0002253628538929133
197.9,5,0.00044414531067964484,0.6252795768789403,0.00027771499193453384
129.1,5,0.000526141368035887,0.6872208739689141,0.0003615753307728223
130.0,5,0.00027332019118747375,0.6868046392019745,0.00018771757529512762
251.4,5,0.00019815713861091845,0.4528370927563165,8.973290255747875e-05
202.7,5,0.0004885598417476093,0.5510389755933911,0.0002692155147126719
287.7,5,0.0003450667413741856,0.337593596353369,0.00011649232220244919
340.8,4,9.907856930545922e-05,0.14568586888276092,1.4434347456926672e-05
362.5,4,1.3666009559373686e-05,0.059791450637529685,8.171105359813006e-07
378.5,4,0.0,0.24503428018730622,0.0
400.8,4,0.0,0.30956121193132313,0.0
506.2,4,0.0,0.06015904864944901,0.0
521.3,4,0.0,0.05646526436078473,0.0
538.5,4,0.0,0.05670007990074894,0.0
501.9,4,0.0,0.06843867405726302,0.0
481.1,4,0.0,0.07357086537865407,0.0
581.8,3,0.0,0.05690799794134521,0.0
596.6,3,0.0,0.05486009942135452,0.0
672.0,3,0.0,0.040123915458108894,0.0
717.8,3,0.0,0.0424178243853037,0.0
736.0,1,0.0,0.015602836577982861,0.0
777.4,0,0.0,0.01915152494682099,0.0
786.6,0,0.0,0.01915152494682099,0.0
936.3,0,0.0,0.018453659593487656,0.0
932.9,0,0.0,0.018453659593487656,0.0
1150.3,0,0.0,0.018453659593487656,0.0
1239.2,0,0.0,0.018453659593487656,0.0
1280.7,0,0.0,0.018453659593487656,0.0
1268.2,0,0.0,0.018453659593487656,0.0
1163.4,0,0.0,0.018453659593487656,0.0
1191.0,0,0.0,0.018453659593487656,0.0
1239.7,0,0.0,0.018453659593487656,0.0
1254.1,0,0.0,0.018453659593487656,0.0
1282.2,0,0.0,0.018453659593487656,0.0
1310.9,0,0.0,0.018453659593487656,0.0
1390.9,0,0.0,0.018453659593487656,0.0
1372.3,0,0.0,0.018453659593487656,0.0
1397.7,0,0.0,0.018453659593487656,0.0
1429.0,0,0.0,0.018453659593487656,0.0
1476.7,0,0.0,0.018453659593487656,0.0
1539.6,0,0.0,0.018453659593487656,0.0
1601.6,0,0.0,0.018453659593487656,0.0
1544.1,0,0.0,0.018453659593487656,0.0
1601.0,0,0.0,0.018453659593487656,0.0
1617.5,0,0.0,0.018453659593487656,0.0
1673.9,0,0.0,0.018453659593487656,0.0
1831.3,0,0.0,0.018453659593487656,0.0
1858.7,0,0.0,0.018453659593487656,0.0
1952.6,0,0.0,0.018453659593487656,0.0
1962.3,0,0.0,0.018453659593487656,0.0
1972.0,0,0.0,0.018453659593487656,0.0
2133.0,0,0.0,0.018453659593487656,0.0
2139.2,0,0.0,0.018453659593487656,0.0
2070.0,0,0.0,0.018453659593487656,0.0
544.9,1,0.0,0.018575961496685146,0.0
516.7,1,0.0,0.018841145957832036,0.0
657.2,1,0.0,0.014616623813184551,0.0
522.0,1,0.0,0.01862768817877648,0.0
369.8,3,0.0,0.22653377419593615,0.0
360.5,3,0.0,0.18853661189893478,0.0
268.7,5,2.049901433906053e-05,0.2990348581915945,6.129919845948427e-06
367.9,5,9.566206691561581e-05,0.1733965281315194,1.6587470277052867e-05
242.4,5,0.0003450667413741856,0.4217722680083154,0.00014553958212362906
193.4,5,0.0003109017174757514,0.4972712482039491,0.0001546024851179184
197.1,5,0.00022548915772966583,0.5195396080104029,0.0001171505486174665
291.2,5,0.00043047930112027113,0.33040692437135694,0.00014223334188868
358.4,5,0.00029040270313669084,0.2152382924415058,6.250578194353886e-05
364.8,5,0.0002391551672890395,0.2139829244529769,5.1175122094549596e-05
302.7,5,0.0003177347222554382,0.37051620428358634,0.0001177258632591845
250.1,5,0.00025965418162810004,0.43239326806181405,0.00011227272016009002
289.5,5,0.00021182314817029215,0.35642067737619754,7.549814995481419e-05
240.9,5,0.00026648718640778687,0.48860350112426604,0.00013020657228359958
177.6,5,0.00021523965056013556,0.5528861447383613,0.00011900302059302541
97.4,5,0.00043047930112027113,0.7018206604021252,0.000302119267401674
82.6,5,0.0007003829899179015,0.7001907883408788,0.0004904017178511572
96.8,5,0.0003963142772218369,0.6973565706141585,0.00027637236524884906
152.1,5,0.00035873275093355927,0.6616697788802556,0.00023736261998731395
210.0,5,0.00033823373659449873,0.5425517242092485,0.00018350929697508208
361.7,4,9.224556452577238e-05,0.15274297976726156,1.4089862395979671e-05
426.6,4,2.049901433906053e-05,0.11099059113501894,2.2751977191775577e-06
402.4,4,0.0,0.31054416304531596,0.0
514.7,4,0.0,0.05682637547189583,0.0
466.8,4,0.0,0.07545990392856827,0.0
485.1,4,0.0,0.07325295037588676,0.0
573.4,3,0.0,0.056113993008798047,0.0
578.8,3,0.0,0.05656627341524459,0.0
584.2,3,0.0,0.055936391133060884,0.0
559.8,4,0.0,0.05864011949095128,0.0
679.3,3,0.0,0.04007220182235132,0.0
630.0,3,0.0,0.04953310439035163,0.0
654.5,3,0.0,0.03953789699399542,0.0
677.5,3,0.0,0.04007220182235132,0.0
827.7,0,0.0,0.018453659593487656,0.0
791.8,0,0.0,0.01915152494682099,0.0
872.5,0,0.0,0.018453659593487656,0.0
955.1,0,0.0,0.018453659593487656,0.0
1099.1,0,0.0,0.018453659593487656,0.0
1130.8,0,0.0,0.018453659593487656,0.0
1098.5,0,0.0,0.018453659593487656,0.0
1124.5,0,0.0,0.018453659593487656,0.0
1222.8,0,0.0,0.018453659593487656,0.0
1239.8,0,0.0,0.018453659593487656,0.0
1315.2,0,0.0,0.018453659593487656,0.0
1420.8,0,0.0,0.018453659593487656,0.0
1321.1,0,0.0,0.018453659593487656,0.0
1316.5,0,0.0,0.018453659593487656,0.0
1342.9,0,0.0,0.018453659593487656,0.0
1412.5,0,0.0,0.018453659593487656,0.0
1513.8,0,0.0,0.018453659593487656,0.0
1424.0,0,0.0,0.018453659593487656,0.0
1502.3,0,0.0,0.018453659593487656,0.0
1536.1,0,0.0,0.018453659593487656,0.0
1525.3,0,0.0,0.018453659593487656,0.0
1553.0,0,0.0,0.018453659593487656,0.0
1579.0,0,0.0,0.018453659593487656,0.0
1598.6,0,0.0,0.018453659593487656,0.0
1810.6,0,0.0,0.018453659593487656,0.0
1774.7,0,0.0,0.018453659593487656,0.0
1825.5,0,0.0,0.018453659593487656,0.0
1916.9,0,0.0,0.018453659593487656,0.0
2033.5,0,0.0,0.018453659593487656,0.0
2196.1,0,0.0,0.018453659593487656,0.0
2263.7,0,0.0,0.018453659593487656,0.0
2241.1,0,0.0,0.018453659593487656,0.0
2277.3,0,0.0,0.018453659593487656,0.0
472.0,2,0.0,0.0379841548022333,0.0
524.9,1,0.0,0.018964725215443148,0.0
646.3,1,0.0,0.014616623813184551,0.0
689.8,1,0.0,0.014595373084873785,0.0
379.9,3,0.0,0.2642695820810763,0.0
325.9,5,0.0,0.12215277913862269,0.0
277.9,5,1.708251194921711e-05,0.30915866938654174,5.281206663999661e-06
397.0,4,0.0001708251194921711,0.08444217086949174,1.4424843928959255e-05
127.9,5,0.0007618800329350831,0.6899096104686755,0.0005256283567461049
0.0,5,0.0010249507169530264,0.7204299921654245,0.000738405236984415
301.5,5,0.0004475618130694882,0.3118783433626596,0.00013958483681250034
249.7,5,0.00035189974615387244,0.3626052560059347,0.00012760069754254834
370.5,5,0.00019474063622107503,0.1503594964643193,2.928110400334202e-05
425.7,5,0.00022207265533982242,0.08019623213689263,1.780939021888855e-05
280.4,5,0.00019474063622107503,0.3483266108262782,6.783334580504021e-05
196.8,5,0.0002084066457804487,0.6139298127610882,0.0001279470530221573
232.4,5,0.00017765812427185794,0.5084984131670556,9.033887427847533e-05
230.1,5,0.0001434931003734237,0.5215605589170027,7.484034163149643e-05
267.6,5,0.00026648718640778687,0.37861466922327874,0.00010089595793402644
0.0,5,0.000526141368035887,0.7109238135342641,0.00037404642782220757
149.6,4,0.001069365248020991,0.604856548085508,0.0006468125725605798
219.9,5,0.0014485970132936108,0.5185079901739338,0.0007511091259348334
161.0,5,0.00045097831545933166,0.4947865812494378,0.0002231380189237532
425.9,4,0.0002699036887976303,0.09321459838566709,2.5158963954081184e-05
409.0,4,5.1247535847651325e-05,0.07397551580253563,3.7910628979389415e-06
450.4,3,1.0249507169530265e-05,0.03556387673596683,3.645122095815826e-07
491.5,3,0.0,0.07348669016469148,0.0
495.9,4,0.0,0.06608657014710433,0.0
612.0,2,0.0,0.01648918699901408,0.0
532.3,3,0.0,0.05653653679433332,0.0
532.0,3,0.0,0.05653653679433332,0.0
628.7,3,0.0,0.04953310439035163,0.0
633.1,3,0.0,0.04939900810510653,0.0
568.3,3,0.0,0.05646707416199152,0.0
576.0,3,0.0,0.056066273415244595,0.0
690.8,3,0.0,0.03951664626568466,0.0
640.5,3,0.0,0.0460656747717732,0.0
668.7,3,0.0,0.03953789699399542,0.0
699.3,3,0.0,0.03951664626568466,0.0
757.4,0,0.0,0.018292913074720533,0.0
894.5,0,0.0,0.018453659593487656,0.0
978.8,0,0.0,0.018453659593487656,0.0
1015.4,0,0.0,0.018453659593487656,0.0
1047.9,0,0.0,0.018453659593487656,0.0
1140.0,0,0.0,0.018453659593487656,0.0
1225.1,0,0.0,0.018453659593487656,0.0
1150.4,0,0.0,0.018453659593487656,0.0
1341.6,0,0.0,0.018453659593487656,0.0
1587.4,0,0.0,0.018453659593487656,0.0
1556.8,0,0.0,0.018453659593487656,0.0
1364.5,0,0.0,0.018453659593487656,0.0
1379.3,0,0.0,0.018453659593487656,0.0
1601.9,0,0.0,0.018453659593487656,0.0
1576.5,0,0.0,0.018453659593487656,0.0
1516.7,0,0.0,0.018453659593487656,0.0
1621.6,0,0.0,0.018453659593487656,0.0
1570.6,0,0.0,0.018453659593487656,0.0
1647.2,0,0.0,0.018453659593487656,0.0
1710.6,0,0.0,0.018453659593487656,0.0
1650.2,0,0.0,0.018453659593487656,0.0
1620.4,0,0.0,0.018453659593487656,0.0
1657.6,0,0.0,0.018453659593487656,0.0
1878.3,0,0.0,0.018453659593487656,0.0
1878.3,0,0.0,0.018453659593487656,0.0
1870.5,0,0.0,0.018453659593487656,0.0
1934.7,0,0.0,0.018453659593487656,0.0
2016.1,0,0.0,0.018453659593487656,0.0
2086.8,0,0.0,0.018453659593487656,0.0
2185.2,0,0.0,0.018453659593487656,0.0
2265.5,0,0.0,0.018453659593487656,0.0
2342.7,0,0.0,0.018453659593487656,0.0
512.7,1,0.0,0.01995791807330779,0.0
435.5,2,0.0,0.12295383930075768,0.0
537.8,1,0.0,0.01861809512895943,0.0
375.4,3,0.0,0.24879925249011284,0.0
359.6,3,0.0,0.18733932448504587,0.0
325.4,5,0.0,0.12260238035999022,0.0
255.6,5,1.708251194921711e-05,0.15929815932669622,2.721212710186579e-06
374.7,3,7.85795549663987e-05,0.11537581566084053,9.066180248514103e-06
171.4,5,0.0006730509707991541,0.5840202252597302,0.00039307537957740206
135.0,5,0.0006457189516804067,0.6941040662872412,0.0004481961500401049
242.1,5,0.0004988093489171396,0.4707864220951316,0.00023483266868430224
323.4,5,0.00015374260754295397,0.24553246560211625,3.774880149812e-05
310.4,5,0.00012982709081405002,0.2598642911588935,3.37374249276144e-05
288.9,5,0.00022207265533982242,0.2899606066427603,6.439232186110353e-05
273.9,5,0.0002084066457804487,0.38878263371930627,8.102488463112939e-05
201.1,5,0.0003006522103062211,0.62715289592836,0.00018855490436080888
186.4,5,0.0001571591099327974,0.6106821825987645,9.597426826903989e-05
152.5,5,0.00029723570791637767,0.607434825779295,0.00018055132045357027
99.5,5,0.0007482140233757093,0.6859918309934614,0.0005132687078704874
98.4,5,0.0009668701763256883,0.7414604939666293,0.0007168960385400468
138.2,5,0.0008199605735624212,0.6763257699704461,0.0005545604662600132
230.6,4,0.0010147012097834961,0.5596113082662771,0.0005678382715063164
255.7,4,0.00022890566011950924,0.37526663756646406,8.590065739298009e-05
285.4,4,6.149704301718158e-05,0.17988349523344774,1.1062303044452313e-05
228.3,5,7.174655018671185e-05,0.3544383252741025,2.5429727092372496e-05
349.5,4,1.3666009559373686e-05,0.09167261134434228,1.25279878296453e-06
458.4,3,0.0,0.08293030070088069,0.0
729.0,2,0.0,0.01583536918831511,0.0
637.5,2,0.0,0.014849156423516797,0.0
580.0,3,0.0,0.05656627341524459,0.0
654.7,3,0.0,0.03953789699399542,0.0
631.2,3,0.0,0.04953310439035163,0.0
713.3,3,0.0,0.040606389855684655,0.0
613.0,3,0.0,0.06542792756949269,0.0
629.0,3,0.0,0.04953310439035163,0.0
761.8,0,0.0,0.018292913074720533,0.0
677.1,3,0.0,0.04007220182235132,0.0
731.6,2,0.0,0.01583536918831511,0.0
803.6,0,0.0,0.018453659593487656,0.0
849.6,0,0.0,0.018453659593487656,0.0
864.6,0,0.0,0.018453659593487656,0.0
986.2,0,0.0,0.018453659593487656,0.0
1038.0,0,0.0,0.018453659593487656,0.0
1089.8,0,0.0,0.018453659593487656,0.0
1161.2,0,0.0,0.018453659593487656,0.0
1112.1,0,0.0,0.018453659593487656,0.0
1223.3,0,0.0,0.018453659593487656,0.0
1251.2,0,0.0,0.018453659593487656,0.0
1361.2,0,0.0,0.018453659593487656,0.0
1490.8,0,0.0,0.018453659593487656,0.0
1405.9,0,0.0,0.018453659593487656,0.0
1421.5,0,0.0,0.018453659593487656,0.0
1539.6,0,0.0,0.018453659593487656,0.0
1643.0,0,0.0,0.018453659593487656,0.0
1621.2,0,0.0,0.018453659593487656,0.0
1665.4,0,0.0,0.018453659593487656,0.0
1652.9,0,0.0,0.018453659593487656,0.0
1719.7,0,0.0,0.018453659593487656,0.0
1859.0,0,0.0,0.018453659593487656,0.0
1859.0,0,0.0,0.018453659593487656,0.0
1727.6,0,0.0,0.018453659593487656,0.0
1648.7,0,0.0,0.018453659593487656,0.0
1737.9,0,0.0,0.018453659593487656,0.0
1792.8,0,0.0,0.018453659593487656,0.0
1896.2,0,0.0,0.018453659593487656,0.0
2152.4,0,0.0,0.018453659593487656,0.0
2105.0,0,0.0,0.018453659593487656,0.0
2162.7,0,0.0,0.018453659593487656,0.0
2235.0,0,0.0,0.018453659593487656,0.0
2424.5,0,0.0,0.018453659593487656,0.0
2411.5,0,0.0,0.018453659593487656,0.0
510.2,1,0.0,0.020509694433480437,0.0
409.3,3,0.0,0.284253206845856,0.0
396.5,3,0.0,0.3044140307239079,0.0
408.3,3,0.0,0.284253206845856,0.0
386.6,3,0.0,0.2928715462233866,0.0
260.4,5,0.0,0.3839150817597798,0.0
497.6,1,0.0,0.026849382637807402,0.0
417.7,3,3.4165023898434215e-06,0.072059761193128,2.461923463278681e-07
362.2,5,0.00027332019118747375,0.16340336569192596,4.466143915159389e-05
158.1,5,0.00043389580351011457,0.674942462696232,0.0002928547021746771
296.4,5,0.0003860647700523067,0.36278091517496946,0.00014005693059638996
298.8,5,0.00012299408603436317,0.3538188054883863,4.351762060281419e-05
362.4,5,6.491354540702501e-05,0.15179732276940527,9.85370240425662e-06
350.7,5,0.00041339678917105404,0.16815055229817197,6.95128984174037e-05
275.0,5,0.0006696344684093107,0.3374167446960262,0.00022594588246692364
197.3,5,0.0006833004779686843,0.6127961148494084,0.00041872387817395355
131.2,5,0.00024598817206872634,0.6951004263228254,0.0001709864832753442
131.3,5,0.0002391551672890395,0.6212509319578184,0.00014857537056084378
101.2,5,0.0005363908752054172,0.6630487076953019,0.00035565327662450384
175.4,5,0.0005193083632562001,0.588061313190036,0.00030538515804700927
226.1,4,0.00029723570791637767,0.5792144101977066,0.0001721632052504825
216.8,4,0.00019815713861091845,0.50893632252326,0.00010084936540637273
230.0,5,5.808054062733817e-05,0.38453407098816783,2.2333946732624023e-05
328.4,4,1.708251194921711e-05,0.0965168562351874,1.6487503499384585e-06
340.8,4,0.0,0.14266237525875136,0.0
289.4,4,0.0,0.2504924476546698,0.0
365.9,4,0.0,0.1958765644662634,0.0
445.0,3,0.0,0.08327031198086007,0.0
650.4,2,0.0,0.014849156423516797,0.0
569.7,3,0.0,0.05590639491455562,0.0
636.7,2,0.0,0.014988045312266796,0.0
717.7,1,0.0,0.01753821787115949,0.0
752.3,0,0.0,0.017146973512790705,0.0
783.0,0,0.0,0.01915152494682099,0.0
672.6,3,0.0,0.041128367880684656,0.0
734.7,1,0.0,0.015602836577982861,0.0
766.1,0,0.0,0.018292913074720533,0.0
775.3,0,0.0,0.01915152494682099,0.0
888.9,0,0.0,0.018453659593487656,0.0
1035.3,0,0.0,0.018453659593487656,0.0
922.6,0,0.0,0.018453659593487656,0.0
934.6,0,0.0,0.018453659593487656,0.0
949.6,0,0.0,0.018453659593487656,0.0
991.6,0,0.0,0.018453659593487656,0.0
1030.0,0,0.0,0.018453659593487656,0.0
1088.0,0,0.0,0.018453659593487656,0.0
1150.6,0,0.0,0.018453659593487656,0.0
1520.9,0,0.0,0.018453659593487656,0.0
1447.2,0,0.0,0.018453659593487656,0.0
1474.3,0,0.0,0.018453659593487656,0.0
1994.4,0,0.0,0.018453659593487656,0.0
1467.6,0,0.0,0.018453659593487656,0.0
1558.5,0,0.0,0.018453659593487656,0.0
1635.9,0,0.0,0.018453659593487656,0.0
1723.0,0,0.0,0.018453659593487656,0.0
1729.6,0,0.0,0.018453659593487656,0.0
1757.9,0,0.0,0.018453659593487656,0.0
1731.0,0,0.0,0.018453659593487656,0.0
1841.5,0,0.0,0.018453659593487656,0.0
1796.9,0,0.0,0.018453659593487656,0.0
1789.0,0,0.0,0.018453659593487656,0.0
1670.5,0,0.0,0.018453659593487656,0.0
1755.2,0,0.0,0.018453659593487656,0.0
1792.8,0,0.0,0.018453659593487656,0.0
2164.5,0,0.0,0.018453659593487656,0.0
2155.9,0,0.0,0.018453659593487656,0.0
2139.6,0,0.0,0.018453659593487656,0.0
2194.2,0,0.0,0.018453659593487656,0.0
2273.6,0,0.0,0.018453659593487656,0.0
2349.6,0,0.0,0.018453659593487656,0.0
2405.2,0,0.0,0.018453659593487656,0.0
652.2,1,0.0,0.014616623813184551,0.0
383.5,3,0.0,0.30446919133937983,0.0
427.9,2,0.0,0.2203977065013083,0.0
377.4,3,0.0,0.24981553839206516,0.0
294.3,5,0.0,0.20498944422646326,0.0
428.5,2,0.0,0.19773834443070182,0.0
548.1,1,0.0,0.020366791715381204,0.0
495.5,1,0.0,0.02796049374780741,0.0
284.4,5,2.049901433906053e-05,0.1611300374798978,3.3030069487537854e-06
275.0,4,0.00017765812427185794,0.2996540374015448,5.323597421524761e-05
264.3,4,0.0003792317652726198,0.3651115297069808,0.0001384618899321649
298.0,5,0.00024257166967888295,0.30366647344268677,7.36608834884907e-05
302.0,5,0.00013666009559373687,0.24852933660460153,3.3964042898232854e-05
276.3,5,0.0001434931003734237,0.26840183075430135,3.8513810840837644e-05
249.4,5,0.00018449112905154477,0.3636770312637765,6.709518610796807e-05
186.9,5,0.00019132413383123162,0.5734374959654964,0.00010971243222194898
92.9,5,0.0007584635305452396,0.6640062208070389,0.0005036245025373086
0.0,5,0.001182109826885824,0.7002579278382555,0.000827781777852306
57.9,5,0.0002562376792382566,0.7348312595265697,0.00018829145657281327
140.2,5,0.00023232216250935268,0.7069632716968528,0.0001642432360952999
182.3,5,0.00038948127244215006,0.6001626639116164,0.00023375211801256684
497.7,4,0.00011274457886483292,0.03480127237357591,3.92365479771916e-06
281.0,4,4.099802867812106e-05,0.13791687167287972,5.654319860041465e-06
357.1,4,1.708251194921711e-05,0.11997111629039293,2.049408027591553e-06
332.1,4,0.0,0.1318675985588452,0.0
321.3,4,0.0,0.13734907405360378,0.0
320.8,4,0.0,0.13936020895657672,0.0
416.7,4,0.0,0.23859865700808724,0.0
685.8,2,0.0,0.01482790569520603,0.0
536.7,3,0.0,0.05653595563166665,0.0
650.2,2,0.0,0.014849156423516797,0.0
717.7,1,0.0,0.01753821787115949,0.0
840.9,0,0.0,0.018453659593487656,0.0
857.7,0,0.0,0.018453659593487656,0.0
807.8,0,0.0,0.018453659593487656,0.0
804.2,0,0.0,0.018453659593487656,0.0
825.5,0,0.0,0.018453659593487656,0.0
869.1,0,0.0,0.018453659593487656,0.0
811.3,0,0.0,0.018453659593487656,0.0
985.2,0,0.0,0.018453659593487656,0.0
977.0,0,0.0,0.018453659593487656,0.0
1016.0,0,0.0,0.018453659593487656,0.0
1027.0,0,0.0,0.018453659593487656,0.0
1085.9,0,0.0,0.018453659593487656,0.0
1075.1,0,0.0,0.018453659593487656,0.0
1106.8,0,0.0,0.018453659593487656,0.0
1214.3,0,0.0,0.018453659593487656,0.0
1229.5,0,0.0,0.018453659593487656,0.0
1611.0,0,0.0,0.018453659593487656,0.0
1461.2,0,0.0,0.018453659593487656,0.0
1571.2,0,0.0,0.018453659593487656,0.0
1584.2,0,0.0,0.018453659593487656,0.0
1522.6,0,0.0,0.018453659593487656,0.0
1538.2,0,0.0,0.018453659593487656,0.0
1812.7,0,0.0,0.018453659593487656,0.0
1812.7,0,0.0,0.018453659593487656,0.0
1809.5,0,0.0,0.018453659593487656,0.0
1790.7,0,0.0,0.018453659593487656,0.0
1914.1,0,0.0,0.018453659593487656,0.0
1870.4,0,0.0,0.018453659593487656,0.0
1851.0,0,0.0,0.018453659593487656,0.0
1803.2,0,0.0,0.018453659593487656,0.0
1721.7,0,0.0,0.018453659593487656,0.0
1726.2,0,0.0,0.018453659593487656,0.0
2093.7,0,0.0,0.018453659593487656,0.0
2105.3,0,0.0,0.018453659593487656,0.0
2117.1,0,0.0,0.018453659593487656,0.0
2317.0,0,0.0,0.018453659593487656,0.0
2297.1,0,0.0,0.018453659593487656,0.0
2405.4,0,0.0,0.018453659593487656,0.0
2355.6,0,0.0,0.018453659593487656,0.0
442.5,2,0.0,0.04561103649369385,0.0
421.6,3,0.0,0.2359527835057882,0.0
385.0,3,0.0,0.2957330343039773,0.0
579.0,1,0.0,0.018413037040294945,0.0
444.1,2,0.0,0.04561103649369385,0.0
438.5,2,0.0,0.04571520316119385,0.0
490.4,1,0.0,0.038677498790953856,0.0
553.7,1,0.0,0.020366791715381204,0.0
584.1,1,0.0,0.017783154758111222,0.0
361.8,3,5.4664038237494744e-05,0.1313970424061365,7.182692950382764e-06
446.5,4,0.00015374260754295397,0.04229610536429128,6.502713527617664e-06
326.2,5,0.00016057561232264082,0.10454881841097292,1.678799053395056e-05
403.7,5,9.566206691561581e-05,0.07686162359214722,7.3527417793148624e-06
305.1,5,5.808054062733817e-05,0.22137248269493226,1.285743347493773e-05
192.4,5,3.416502389843422e-05,0.3744983541179171,1.2794745218362918e-05
211.4,5,7.174655018671185e-05,0.44984978316977353,3.22751700446716e-05
261.7,5,0.0010386167265124002,0.33523591102282013,0.0003481816245159237
248.0,5,0.0014759290324123581,0.4826852370773843,0.0007124091549193535
127.5,5,0.0002528211768484132,0.6867049432187408,0.00017361355189218482
112.2,5,0.00014690960276326714,0.5341111321775107,7.846605425963698e-05
276.9,3,8.199605735624212e-05,0.3458272457491813,2.8356470677801107e-05
184.6,5,0.0,0.2478466100277098,0.0
317.5,4,1.0249507169530265e-05,0.03875171873649999,3.971860190213769e-07
344.6,4,0.0,0.15293239577941395,0.0
400.0,3,0.0,0.31455623336906385,0.0
615.4,2,0.0,0.016386984989911514,0.0
442.5,3,0.0,0.08319552315687075,0.0
366.7,4,0.0,0.20011273689093803,0.0
468.5,3,0.0,0.07486239118116086,0.0
531.4,3,0.0,0.05653653679433332,0.0
593.4,3,0.0,0.05486009942135452,0.0
957.1,0,0.0,0.018453659593487656,0.0
886.1,0,0.0,0.018453659593487656,0.0
774.3,0,0.0,0.01915152494682099,0.0
786.1,0,0.0,0.01915152494682099,0.0
818.4,0,0.0,0.018453659593487656,0.0
873.7,0,0.0,0.018453659593487656,0.0
884.7,0,0.0,0.018453659593487656,0.0
877.8,0,0.0,0.018453659593487656,0.0
857.5,0,0.0,0.018453659593487656,0.0
922.7,0,0.0,0.018453659593487656,0.0
1030.9,0,0.0,0.018453659593487656,0.0
1178.8,0,0.0,0.018453659593487656,0.0
1079.9,0,0.0,0.018453659593487656,0.0
1046.9,0,0.0,0.018453659593487656,0.0
1100.5,0,0.0,0.018453659593487656,0.0
1243.8,0,0.0,0.018453659593487656,0.0
1279.6,0,0.0,0.018453659593487656,0.0
1398.6,0,0.0,0.018453659593487656,0.0
1516.3,0,0.0,0.018453659593487656,0.0
1554.1,0,0.0,0.018453659593487656,0.0
1610.8,0,0.0,0.018453659593487656,0.0
1565.2,0,0.0,0.018453659593487656,0.0
1609.1,0,0.0,0.018453659593487656,0.0
1684.1,0,0.0,0.018453659593487656,0.0
1858.5,0,0.0,0.018453659593487656,0.0
1869.9,0,0.0,0.018453659593487656,0.0
1864.5,0,0.0,0.018453659593487656,0.0
1940.0,0,0.0,0.018453659593487656,0.0
1973.5,0,0.0,0.018453659593487656,0.0
1945.0,0,0.0,0.018453659593487656,0.0
1768.7,0,0.0,0.018453659593487656,0.0
1723.7,0,0.0,0.018453659593487656,0.0
1726.9,0,0.0,0.018453659593487656,0.0
1978.6,0,0.0,0.018453659593487656,0.0
2032.7,0,0.0,0.018453659593487656,0.0
2048.7,0,0.0,0.018453659593487656,0.0
2333.2,0,0.0,0.018453659593487656,0.0
2307.8,0,0.0,0.018453659593487656,0.0
2300.6,0,0.0,0.018453659593487656,0.0
2405.4,0,0.0,0.018453659593487656,0.0
439.2,2,0.0,0.04571520316119385,0.0
380.5,3,0.0,0.2706730225348238,0.0
360.8,3,0.0,0.18853661189893478,0.0
492.5,1,0.0,0.18273467448078934,0.0
444.4,2,0.0,0.045564740197443845,0.0
436.4,2,0.0,0.12553109103459217,0.0
454.7,2,0.0,0.04719281807062706,0.0
734.7,1,0.0,0.015602836577982861,0.0
649.1,1,0.0,0.014616623813184551,0.0
383.7,3,0.0,0.30446919133937983,0.0
376.7,5,3.4165023898434215e-06,0.09033101910499562,3.086161426492093e-07
263.6,5,5.4664038237494744e-05,0.36522090288584147,1.9964449400483993e-05
429.6,4,3.074852150859079e-05,0.04464159422167204,1.3726630201028653e-06
307.0,5,1.708251194921711e-05,0.19211696248639124,3.281840307321073e-06
462.3,3,6.833004779686843e-06,0.0387833868073129,2.650070674268127e-07
223.1,5,0.0,0.3862123470404785,0.0
245.2,4,0.00023232216250935268,0.34558167457213185,8.028628196020105e-05
340.6,3,0.0004407288082898014,0.24290765241237977,0.00010705640017218144
410.7,2,0.00016399211471248423,0.10269608252651036,1.6841347746210235e-05
134.1,5,0.00010249507169530265,0.5003731930233964,5.128578629334053e-05
171.4,5,4.4414531067964485e-05,0.3796001425013434,1.6859762322529662e-05
1029.8,0,0.0,0.018453659593487656,0.0
998.5,0,0.0,0.018453659593487656,0.0
459.0,3,0.0,0.08293030070088069,0.0
407.3,3,0.0,0.29847702399327003,0.0
554.4,3,0.0,0.05828465221808841,0.0
464.6,3,0.0,0.07472841988916086,0.0
434.1,3,0.0,0.14233357805435168,0.0
412.9,4,0.0,0.2589569679893886,0.0
474.4,3,0.0,0.07523385390277015,0.0
609.9,2,0.0,0.01648918699901408,0.0
668.7,2,0.0,0.014849156423516797,0.0
661.3,2,0.0,0.014849156423516797,0.0
707.6,2,0.0,0.015084315951872696,0.0
797.5,0,0.0,0.018453659593487656,0.0
839.8,0,0.0,0.018453659593487656,0.0
893.1,0,0.0,0.018453659593487656,0.0
913.8,0,0.0,0.018453659593487656,0.0
910.2,0,0.0,0.018453659593487656,0.0
1064.4,0,0.0,0.018453659593487656,0.0
954.4,0,0.0,0.018453659593487656,0.0
983.9,0,0.0,0.018453659593487656,0.0
1071.8,0,0.0,0.018453659593487656,0.0
986.7,0,0.0,0.018453659593487656,0.0
1059.6,0,0.0,0.018453659593487656,0.0
1355.7,0,0.0,0.018453659593487656,0.0
1291.4,0,0.0,0.018453659593487656,0.0
1327.0,0,0.0,0.018453659593487656,0.0
1364.0,0,0.0,0.018453659593487656,0.0
1426.3,0,0.0,0.018453659593487656,0.0
1471.9,0,0.0,0.018453659593487656,0.0
1589.1,0,0.0,0.018453659593487656,0.0
1608.2,0,0.0,0.018453659593487656,0.0
1602.3,0,0.0,0.018453659593487656,0.0
1671.8,0,0.0,0.018453659593487656,0.0
1759.7,0,0.0,0.018453659593487656,0.0
1856.5,0,0.0,0.018453659593487656,0.0
1850.7,0,0.0,0.018453659593487656,0.0
1876.7,0,0.0,0.018453659593487656,0.0
1982.0,0,0.0,0.018453659593487656,0.0
1922.3,0,0.0,0.018453659593487656,0.0
1827.2,0,0.0,0.018453659593487656,0.0
1746.6,0,0.0,0.018453659593487656,0.0
1832.5,0,0.0,0.018453659593487656,0.0
1903.2,0,0.0,0.018453659593487656,0.0
1967.1,0,0.0,0.018453659593487656,0.0
2113.8,0,0.0,0.018453659593487656,0.0
2239.0,0,0.0,0.018453659593487656,0.0
2236.0,0,0.0,0.018453659593487656,0.0
2287.9,0,0.0,0.018453659593487656,0.0
2212.4,0,0.0,0.018453659593487656,0.0
413.3,3,0.0,0.2685147258960923,0.0
451.7,2,0.0,0.045952744814718595,0.0
544.8,1,0.0,0.018575961496685146,0.0
490.7,1,0.0,0.037862183475638536,0.0
379.1,3,0.0,0.2513489467890096,0.0
442.9,2,0.0,0.04561103649369385,0.0
866.3,0,0.0,0.018453659593487656,0.0
849.6,0,0.0,0.018453659593487656,0.0
719.9,2,0.0,0.025242494321487154,0.0
806.6,0,0.0,0.018453659593487656,0.0
385.3,4,0.0,0.2792269026435018,0.0
301.3,5,0.0,0.21203553108834672,0.0
539.0,3,0.0,0.05649382199939236,0.0
337.9,5,0.0,0.12804400773540395,0.0
381.5,5,0.0,0.2537342074407718,0.0
230.1,5,0.0,0.38643424935577386,0.0
248.0,5,0.0,0.38724606702936254,0.0
266.9,5,0.0,0.38389099325446085,0.0
286.1,5,1.3666009559373686e-05,0.17204526270309625,2.3511722047454703e-06
179.7,5,2.049901433906053e-05,0.3436755102837095,7.045009213289705e-06
153.7,5,0.0,0.2715336647868821,0.0
223.9,5,0.0,0.3877757188527007,0.0
244.8,4,0.0,0.4118357456108489,0.0
977.5,0,0.0,0.018453659593487656,0.0
451.3,3,0.0,0.08352879265933008,0.0
493.6,3,0.0,0.06788459171720072,0.0
479.0,3,0.0,0.08663244788715899,0.0
475.8,2,0.0,0.03745200826820949,0.0
522.8,3,0.0,0.056406659791483696,0.0
497.9,3,0.0,0.06476920113574773,0.0
555.9,3,0.0,0.056617985551421744,0.0
639.1,2,0.0,0.014849156423516797,0.0
675.6,2,0.0,0.01643962731020603,0.0
860.5,0,0.0,0.018453659593487656,0.0
891.2,0,0.0,0.018453659593487656,0.0
929.5,0,0.0,0.018453659593487656,0.0
1038.7,0,0.0,0.018453659593487656,0.0
1017.2,0,0.0,0.018453659593487656,0.0
1017.2,0,0.0,0.018453659593487656,0.0
1157.2,0,0.0,0.018453659593487656,0.0
1157.2,0,0.0,0.018453659593487656,0.0
976.1,0,0.0,0.018453659593487656,0.0
1008.9,0,0.0,0.018453659593487656,0.0
1033.9,0,0.0,0.018453659593487656,0.0
1159.2,0,0.0,0.018453659593487656,0.0
1198.5,0,0.0,0.018453659593487656,0.0
1367.3,0,0.0,0.018453659593487656,0.0
1406.0,0,0.0,0.018453659593487656,0.0
1509.6,0,0.0,0.018453659593487656,0.0
1438.5,0,0.0,0.018453659593487656,0.0
1397.0,0,0.0,0.018453659593487656,0.0
1512.2,0,0.0,0.018453659593487656,0.0
1488.1,0,0.0,0.018453659593487656,0.0
1470.2,0,0.0,0.018453659593487656,0.0
1513.1,0,0.0,0.018453659593487656,0.0
1605.6,0,0.0,0.018453659593487656,0.0
1632.0,0,0.0,0.018453659593487656,0.0
1767.7,0,0.0,0.018453659593487656,0.0
1838.7,0,0.0,0.018453659593487656,0.0
2012.3,0,0.0,0.018453659593487656,0.0
1972.7,0,0.0,0.018453659593487656,0.0
1807.7,0,0.0,0.018453659593487656,0.0
1798.7,0,0.0,0.018453659593487656,0.0
1905.8,0,0.0,0.018453659593487656,0.0
2069.7,0,0.0,0.018453659593487656,0.0
2037.3,0,0.0,0.018453659593487656,0.0
2113.8,0,0.0,0.018453659593487656,0.0
2168.9,0,0.0,0.018453659593487656,0.0
2164.3,0,0.0,0.018453659593487656,0.0
2224.3,0,0.0,0.018453659593487656,0.0
2203.1,0,0.0,0.018453659593487656,0.0
