iter,fitness,moved_station,old_cell,new_cell,layout,allowed_count
1,0.38131369252224445,3,3284,3212,"[2759 3017 4781 3212 1255 7184 1976 2720  812 6329 6688 1306  962 3590
 1051 6907 1376 1299 2591 3575 3079 2642 2656 2214 1878 3166 4076 2234
 3991  592 3741  340 1461 2112 3583 1749 2027 1616  690 2223]",1051
2,0.38221967598535783,30,3741,3740,"[2759 3017 4781 3212 1255 7184 1976 2720  812 6329 6688 1306  962 3590
 1051 6907 1376 1299 2591 3575 3079 2642 2656 2214 1878 3166 4076 2234
 3991  592 3740  340 1461 2112 3583 1749 2027 1616  690 2223]",1080
3,0.38420959112332637,34,3583,3582,"[2759 3017 4781 3212 1255 7184 1976 2720  812 6329 6688 1306  962 3590
 1051 6907 1376 1299 2591 3575 3079 2642 2656 2214 1878 3166 4076 2234
 3991  592 3740  340 1461 2112 3582 1749 2027 1616  690 2223]",1019
4,0.38531945661430267,22,2656,2655,"[2759 3017 4781 3212 1255 7184 1976 2720  812 6329 6688 1306  962 3590
 1051 6907 1376 1299 2591 3575 3079 2642 2655 2214 1878 3166 4076 2234
 3991  592 3740  340 1461 2112 3582 1749 2027 1616  690 2223]",1002
5,0.38938129073309563,7,2720,4436,"[2759 3017 4781 3212 1255 7184 1976 4436  812 6329 6688 1306  962 3590
 1051 6907 1376 1299 2591 3575 3079 2642 2655 2214 1878 3166 4076 2234
 3991  592 3740  340 1461 2112 3582 1749 2027 1616  690 2223]",1002
6,0.3904918645715687,19,3575,3573,"[2759 3017 4781 3212 1255 7184 1976 4436  812 6329 6688 1306  962 3590
 1051 6907 1376 1299 2591 3573 3079 2642 2655 2214 1878 3166 4076 2234
 3991  592 3740  340 1461 2112 3582 1749 2027 1616  690 2223]",987
7,0.39309253096595853,1,3017,3085,"[2759 3085 4781 3212 1255 7184 1976 4436  812 6329 6688 1306  962 3590
 1051 6907 1376 1299 2591 3573 3079 2642 2655 2214 1878 3166 4076 2234
 3991  592 3740  340 1461 2112 3582 1749 2027 1616  690 2223]",968
8,0.3953694401500669,4,1255,1326,"[2759 3085 4781 3212 1326 7184 1976 4436  812 6329 6688 1306  962 3590
 1051 6907 1376 1299 2591 3573 3079 2642 2655 2214 1878 3166 4076 2234
 3991  592 3740  340 1461 2112 3582 1749 2027 1616  690 2223]",978
9,0.390622458436724,10,6688,6756,"[2759 3085 4781 3212 1326 7184 1976 4436  812 6329 6756 1306  962 3590
 1051 6907 1376 1299 2591 3573 3079 2642 2655 2214 1878 3166 4076 2234
 3991  592 3740  340 1461 2112 3582 1749 2027 1616  690 2223]",972
10,0.3937232312810201,9,6329,6118,"[2759 3085 4781 3212 1326 7184 1976 4436  812 6118 6756 1306  962 3590
 1051 6907 1376 1299 2591 3573 3079 2642 2655 2214 1878 3166 4076 2234
 3991  592 3740  340 1461 2112 3582 1749 2027 1616  690 2223]",1006
11,0.39239449128929854,9,6118,6046,"[2759 3085 4781 3212 1326 7184 1976 4436  812 6046 6756 1306  962 3590
 1051 6907 1376 1299 2591 3573 3079 2642 2655 2214 1878 3166 4076 2234
 3991  592 3740  340 1461 2112 3582 1749 2027 1616  690 2223]",1006
12,0.39721734732358605,11,1306,2247,"[2759 3085 4781 3212 1326 7184 1976 4436  812 6046 6756 2247  962 3590
 1051 6907 1376 1299 2591 3573 3079 2642 2655 2214 1878 3166 4076 2234
 3991  592 3740  340 1461 2112 3582 1749 2027 1616  690 2223]",924
13,0.39544972911946014,14,1051,840,"[2759 3085 4781 3212 1326 7184 1976 4436  812 6046 6756 2247  962 3590
  840 6907 1376 1299 2591 3573 3079 2642 2655 2214 1878 3166 4076 2234
 3991  592 3740  340 1461 2112 3582 1749 2027 1616  690 2223]",938
14,0.39603982750298905,31,340,6406,"[2759 3085 4781 3212 1326 7184 1976 4436  812 6046 6756 2247  962 3590
  840 6907 1376 1299 2591 3573 3079 2642 2655 2214 1878 3166 4076 2234
 3991  592 3740 6406 1461 2112 3582 1749 2027 1616  690 2223]",906
15,0.3956118555857976,29,592,521,"[2759 3085 4781 3212 1326 7184 1976 4436  812 6046 6756 2247  962 3590
  840 6907 1376 1299 2591 3573 3079 2642 2655 2214 1878 3166 4076 2234
 3991  521 3740 6406 1461 2112 3582 1749 2027 1616  690 2223]",942
16,0.3965230448841994,24,1878,1786,"[2759 3085 4781 3212 1326 7184 1976 4436  812 6046 6756 2247  962 3590
  840 6907 1376 1299 2591 3573 3079 2642 2655 2214 1786 3166 4076 2234
 3991  521 3740 6406 1461 2112 3582 1749 2027 1616  690 2223]",899
17,0.40008977927720135,34,3582,3652,"[2759 3085 4781 3212 1326 7184 1976 4436  812 6046 6756 2247  962 3590
  840 6907 1376 1299 2591 3573 3079 2642 2655 2214 1786 3166 4076 2234
 3991  521 3740 6406 1461 2112 3652 1749 2027 1616  690 2223]",904
18,0.4005563165238533,33,2112,2254,"[2759 3085 4781 3212 1326 7184 1976 4436  812 6046 6756 2247  962 3590
  840 6907 1376 1299 2591 3573 3079 2642 2655 2214 1786 3166 4076 2234
 3991  521 3740 6406 1461 2254 3652 1749 2027 1616  690 2223]",905
19,0.40016237071483396,21,2642,2853,"[2759 3085 4781 3212 1326 7184 1976 4436  812 6046 6756 2247  962 3590
  840 6907 1376 1299 2591 3573 3079 2853 2655 2214 1786 3166 4076 2234
 3991  521 3740 6406 1461 2254 3652 1749 2027 1616  690 2223]",907
20,0.3990905641782758,30,3740,3811,"[2759 3085 4781 3212 1326 7184 1976 4436  812 6046 6756 2247  962 3590
  840 6907 1376 1299 2591 3573 3079 2853 2655 2214 1786 3166 4076 2234
 3991  521 3811 6406 1461 2254 3652 1749 2027 1616  690 2223]",958
21,0.400434223397488,37,1616,1549,"[2759 3085 4781 3212 1326 7184 1976 4436  812 6046 6756 2247  962 3590
  840 6907 1376 1299 2591 3573 3079 2853 2655 2214 1786 3166 4076 2234
 3991  521 3811 6406 1461 2254 3652 1749 2027 1549  690 2223]",909
22,0.4022584089989081,27,2234,2160,"[2759 3085 4781 3212 1326 7184 1976 4436  812 6046 6756 2247  962 3590
  840 6907 1376 1299 2591 3573 3079 2853 2655 2214 1786 3166 4076 2160
 3991  521 3811 6406 1461 2254 3652 1749 2027 1549  690 2223]",896
23,0.40190590438490315,24,1786,2649,"[2759 3085 4781 3212 1326 7184 1976 4436  812 6046 6756 2247  962 3590
  840 6907 1376 1299 2591 3573 3079 2853 2655 2214 2649 3166 4076 2160
 3991  521 3811 6406 1461 2254 3652 1749 2027 1549  690 2223]",868
24,0.40254314836619,26,4076,4147,"[2759 3085 4781 3212 1326 7184 1976 4436  812 6046 6756 2247  962 3590
  840 6907 1376 1299 2591 3573 3079 2853 2655 2214 2649 3166 4147 2160
 3991  521 3811 6406 1461 2254 3652 1749 2027 1549  690 2223]",888
25,0.4011743552332163,12,962,1172,"[2759 3085 4781 3212 1326 7184 1976 4436  812 6046 6756 2247 1172 3590
  840 6907 1376 1299 2591 3573 3079 2853 2655 2214 2649 3166 4147 2160
 3991  521 3811 6406 1461 2254 3652 1749 2027 1549  690 2223]",911
26,0.40288841793084246,5,7184,7329,"[2759 3085 4781 3212 1326 7329 1976 4436  812 6046 6756 2247 1172 3590
  840 6907 1376 1299 2591 3573 3079 2853 2655 2214 2649 3166 4147 2160
 3991  521 3811 6406 1461 2254 3652 1749 2027 1549  690 2223]",920
27,0.4023044045264585,30,3811,3671,"[2759 3085 4781 3212 1326 7329 1976 4436  812 6046 6756 2247 1172 3590
  840 6907 1376 1299 2591 3573 3079 2853 2655 2214 2649 3166 4147 2160
 3991  521 3671 6406 1461 2254 3652 1749 2027 1549  690 2223]",965
28,0.40250487110991084,27,2160,7251,"[2759 3085 4781 3212 1326 7329 1976 4436  812 6046 6756 2247 1172 3590
  840 6907 1376 1299 2591 3573 3079 2853 2655 2214 2649 3166 4147 7251
 3991  521 3671 6406 1461 2254 3652 1749 2027 1549  690 2223]",911
29,0.40253896911891107,39,2223,2154,"[2759 3085 4781 3212 1326 7329 1976 4436  812 6046 6756 2247 1172 3590
  840 6907 1376 1299 2591 3573 3079 2853 2655 2214 2649 3166 4147 7251
 3991  521 3671 6406 1461 2254 3652 1749 2027 1549  690 2154]",945
30,0.40067497944702984,7,4436,4013,"[2759 3085 4781 3212 1326 7329 1976 4013  812 6046 6756 2247 1172 3590
  840 6907 1376 1299 2591 3573 3079 2853 2655 2214 2649 3166 4147 7251
 3991  521 3671 6406 1461 2254 3652 1749 2027 1549  690 2154]",916
31,0.4029786252469466,14,840,1050,"[2759 3085 4781 3212 1326 7329 1976 4013  812 6046 6756 2247 1172 3590
 1050 6907 1376 1299 2591 3573 3079 2853 2655 2214 2649 3166 4147 7251
 3991  521 3671 6406 1461 2254 3652 1749 2027 1549  690 2154]",948
32,0.40228799420587785,5,7329,7330,"[2759 3085 4781 3212 1326 7330 1976 4013  812 6046 6756 2247 1172 3590
 1050 6907 1376 1299 2591 3573 3079 2853 2655 2214 2649 3166 4147 7251
 3991  521 3671 6406 1461 2254 3652 1749 2027 1549  690 2154]",932
33,0.4027329192340908,29,521,592,"[2759 3085 4781 3212 1326 7330 1976 4013  812 6046 6756 2247 1172 3590
 1050 6907 1376 1299 2591 3573 3079 2853 2655 2214 2649 3166 4147 7251
 3991  592 3671 6406 1461 2254 3652 1749 2027 1549  690 2154]",977
34,0.40269199771907055,29,592,733,"[2759 3085 4781 3212 1326 7330 1976 4013  812 6046 6756 2247 1172 3590
 1050 6907 1376 1299 2591 3573 3079 2853 2655 2214 2649 3166 4147 7251
 3991  733 3671 6406 1461 2254 3652 1749 2027 1549  690 2154]",977
35,0.401543736998853,14,1050,767,"[2759 3085 4781 3212 1326 7330 1976 4013  812 6046 6756 2247 1172 3590
  767 6907 1376 1299 2591 3573 3079 2853 2655 2214 2649 3166 4147 7251
 3991  733 3671 6406 1461 2254 3652 1749 2027 1549  690 2154]",953
36,0.40229598190301963,16,1376,1734,"[2759 3085 4781 3212 1326 7330 1976 4013  812 6046 6756 2247 1172 3590
  767 6907 1734 1299 2591 3573 3079 2853 2655 2214 2649 3166 4147 7251
 3991  733 3671 6406 1461 2254 3652 1749 2027 1549  690 2154]",931
37,0.40022072916877566,13,3590,3587,"[2759 3085 4781 3212 1326 7330 1976 4013  812 6046 6756 2247 1172 3587
  767 6907 1734 1299 2591 3573 3079 2853 2655 2214 2649 3166 4147 7251
 3991  733 3671 6406 1461 2254 3652 1749 2027 1549  690 2154]",885
38,0.40022589659228724,26,4147,4148,"[2759 3085 4781 3212 1326 7330 1976 4013  812 6046 6756 2247 1172 3587
  767 6907 1734 1299 2591 3573 3079 2853 2655 2214 2649 3166 4148 7251
 3991  733 3671 6406 1461 2254 3652 1749 2027 1549  690 2154]",930
39,0.4008432717043676,3,3212,3284,"[2759 3085 4781 3284 1326 7330 1976 4013  812 6046 6756 2247 1172 3587
  767 6907 1734 1299 2591 3573 3079 2853 2655 2214 2649 3166 4148 7251
 3991  733 3671 6406 1461 2254 3652 1749 2027 1549  690 2154]",913
40,0.401056036951491,18,2591,2661,"[2759 3085 4781 3284 1326 7330 1976 4013  812 6046 6756 2247 1172 3587
  767 6907 1734 1299 2661 3573 3079 2853 2655 2214 2649 3166 4148 7251
 3991  733 3671 6406 1461 2254 3652 1749 2027 1549  690 2154]",923
41,0.3999367230575469,38,690,619,"[2759 3085 4781 3284 1326 7330 1976 4013  812 6046 6756 2247 1172 3587
  767 6907 1734 1299 2661 3573 3079 2853 2655 2214 2649 3166 4148 7251
 3991  733 3671 6406 1461 2254 3652 1749 2027 1549  619 2154]",944
42,0.40152564913762556,13,3587,3592,"[2759 3085 4781 3284 1326 7330 1976 4013  812 6046 6756 2247 1172 3592
  767 6907 1734 1299 2661 3573 3079 2853 2655 2214 2649 3166 4148 7251
 3991  733 3671 6406 1461 2254 3652 1749 2027 1549  619 2154]",890
43,0.40255136069588504,23,2214,2285,"[2759 3085 4781 3284 1326 7330 1976 4013  812 6046 6756 2247 1172 3592
  767 6907 1734 1299 2661 3573 3079 2853 2655 2285 2649 3166 4148 7251
 3991  733 3671 6406 1461 2254 3652 1749 2027 1549  619 2154]",949
44,0.40429767420468365,6,1976,2118,"[2759 3085 4781 3284 1326 7330 2118 4013  812 6046 6756 2247 1172 3592
  767 6907 1734 1299 2661 3573 3079 2853 2655 2285 2649 3166 4148 7251
 3991  733 3671 6406 1461 2254 3652 1749 2027 1549  619 2154]",911
45,0.40415390825510894,18,2661,2591,"[2759 3085 4781 3284 1326 7330 2118 4013  812 6046 6756 2247 1172 3592
  767 6907 1734 1299 2591 3573 3079 2853 2655 2285 2649 3166 4148 7251
 3991  733 3671 6406 1461 2254 3652 1749 2027 1549  619 2154]",907
46,0.40378178404985193,18,2591,2520,"[2759 3085 4781 3284 1326 7330 2118 4013  812 6046 6756 2247 1172 3592
  767 6907 1734 1299 2520 3573 3079 2853 2655 2285 2649 3166 4148 7251
 3991  733 3671 6406 1461 2254 3652 1749 2027 1549  619 2154]",907
47,0.40327473879919273,0,2759,2829,"[2829 3085 4781 3284 1326 7330 2118 4013  812 6046 6756 2247 1172 3592
  767 6907 1734 1299 2520 3573 3079 2853 2655 2285 2649 3166 4148 7251
 3991  733 3671 6406 1461 2254 3652 1749 2027 1549  619 2154]",944
48,0.40364686300444974,18,2520,2591,"[2829 3085 4781 3284 1326 7330 2118 4013  812 6046 6756 2247 1172 3592
  767 6907 1734 1299 2591 3573 3079 2853 2655 2285 2649 3166 4148 7251
 3991  733 3671 6406 1461 2254 3652 1749 2027 1549  619 2154]",907
49,0.40232158020425857,21,2853,2924,"[2829 3085 4781 3284 1326 7330 2118 4013  812 6046 6756 2247 1172 3592
  767 6907 1734 1299 2591 3573 3079 2924 2655 2285 2649 3166 4148 7251
 3991  733 3671 6406 1461 2254 3652 1749 2027 1549  619 2154]",892
50,0.4026431648869766,30,3671,3811,"[2829 3085 4781 3284 1326 7330 2118 4013  812 6046 6756 2247 1172 3592
  767 6907 1734 1299 2591 3573 3079 2924 2655 2285 2649 3166 4148 7251
 3991  733 3811 6406 1461 2254 3652 1749 2027 1549  619 2154]",948
51,0.40623746888913354,35,1749,4575,"[2829 3085 4781 3284 1326 7330 2118 4013  812 6046 6756 2247 1172 3592
  767 6907 1734 1299 2591 3573 3079 2924 2655 2285 2649 3166 4148 7251
 3991  733 3811 6406 1461 2254 3652 4575 2027 1549  619 2154]",887
52,0.40810302480154925,20,3079,3077,"[2829 3085 4781 3284 1326 7330 2118 4013  812 6046 6756 2247 1172 3592
  767 6907 1734 1299 2591 3573 3077 2924 2655 2285 2649 3166 4148 7251
 3991  733 3811 6406 1461 2254 3652 4575 2027 1549  619 2154]",878
53,0.4086312659620428,16,1734,1858,"[2829 3085 4781 3284 1326 7330 2118 4013  812 6046 6756 2247 1172 3592
  767 6907 1858 1299 2591 3573 3077 2924 2655 2285 2649 3166 4148 7251
 3991  733 3811 6406 1461 2254 3652 4575 2027 1549  619 2154]",941
54,0.4071873362818351,4,1326,1185,"[2829 3085 4781 3284 1185 7330 2118 4013  812 6046 6756 2247 1172 3592
  767 6907 1858 1299 2591 3573 3077 2924 2655 2285 2649 3166 4148 7251
 3991  733 3811 6406 1461 2254 3652 4575 2027 1549  619 2154]",986
55,0.4058899145572594,37,1549,1682,"[2829 3085 4781 3284 1185 7330 2118 4013  812 6046 6756 2247 1172 3592
  767 6907 1858 1299 2591 3573 3077 2924 2655 2285 2649 3166 4148 7251
 3991  733 3811 6406 1461 2254 3652 4575 2027 1682  619 2154]",988
56,0.40868391355735667,21,2924,1263,"[2829 3085 4781 3284 1185 7330 2118 4013  812 6046 6756 2247 1172 3592
  767 6907 1858 1299 2591 3573 3077 1263 2655 2285 2649 3166 4148 7251
 3991  733 3811 6406 1461 2254 3652 4575 2027 1682  619 2154]",979
57,0.40902548779174414,39,2154,2782,"[2829 3085 4781 3284 1185 7330 2118 4013  812 6046 6756 2247 1172 3592
  767 6907 1858 1299 2591 3573 3077 1263 2655 2285 2649 3166 4148 7251
 3991  733 3811 6406 1461 2254 3652 4575 2027 1682  619 2782]",1005
58,0.40996089689294274,8,812,740,"[2829 3085 4781 3284 1185 7330 2118 4013  740 6046 6756 2247 1172 3592
  767 6907 1858 1299 2591 3573 3077 1263 2655 2285 2649 3166 4148 7251
 3991  733 3811 6406 1461 2254 3652 4575 2027 1682  619 2782]",1035
59,0.41136509942890254,9,6046,2221,"[2829 3085 4781 3284 1185 7330 2118 4013  740 2221 6756 2247 1172 3592
  767 6907 1858 1299 2591 3573 3077 1263 2655 2285 2649 3166 4148 7251
 3991  733 3811 6406 1461 2254 3652 4575 2027 1682  619 2782]",1038
60,0.41192152793718895,39,2782,6047,"[2829 3085 4781 3284 1185 7330 2118 4013  740 2221 6756 2247 1172 3592
  767 6907 1858 1299 2591 3573 3077 1263 2655 2285 2649 3166 4148 7251
 3991  733 3811 6406 1461 2254 3652 4575 2027 1682  619 6047]",1023
61,0.41362313456086897,8,740,810,"[2829 3085 4781 3284 1185 7330 2118 4013  810 2221 6756 2247 1172 3592
  767 6907 1858 1299 2591 3573 3077 1263 2655 2285 2649 3166 4148 7251
 3991  733 3811 6406 1461 2254 3652 4575 2027 1682  619 6047]",1020
62,0.4141712875613949,28,3991,4133,"[2829 3085 4781 3284 1185 7330 2118 4013  810 2221 6756 2247 1172 3592
  767 6907 1858 1299 2591 3573 3077 1263 2655 2285 2649 3166 4148 7251
 4133  733 3811 6406 1461 2254 3652 4575 2027 1682  619 6047]",1069
63,0.41300481401366534,1,3085,3016,"[2829 3016 4781 3284 1185 7330 2118 4013  810 2221 6756 2247 1172 3592
  767 6907 1858 1299 2591 3573 3077 1263 2655 2285 2649 3166 4148 7251
 4133  733 3811 6406 1461 2254 3652 4575 2027 1682  619 6047]",992
64,0.40971055632089376,33,2254,2395,"[2829 3016 4781 3284 1185 7330 2118 4013  810 2221 6756 2247 1172 3592
  767 6907 1858 1299 2591 3573 3077 1263 2655 2285 2649 3166 4148 7251
 4133  733 3811 6406 1461 2395 3652 4575 2027 1682  619 6047]",989
65,0.40982219858387264,39,6047,5976,"[2829 3016 4781 3284 1185 7330 2118 4013  810 2221 6756 2247 1172 3592
  767 6907 1858 1299 2591 3573 3077 1263 2655 2285 2649 3166 4148 7251
 4133  733 3811 6406 1461 2395 3652 4575 2027 1682  619 5976]",1011
66,0.41237789222011173,10,6756,6901,"[2829 3016 4781 3284 1185 7330 2118 4013  810 2221 6901 2247 1172 3592
  767 6907 1858 1299 2591 3573 3077 1263 2655 2285 2649 3166 4148 7251
 4133  733 3811 6406 1461 2395 3652 4575 2027 1682  619 5976]",987
67,0.4125006572324969,16,1858,2091,"[2829 3016 4781 3284 1185 7330 2118 4013  810 2221 6901 2247 1172 3592
  767 6907 2091 1299 2591 3573 3077 1263 2655 2285 2649 3166 4148 7251
 4133  733 3811 6406 1461 2395 3652 4575 2027 1682  619 5976]",995
68,0.41050724364477886,15,6907,2783,"[2829 3016 4781 3284 1185 7330 2118 4013  810 2221 6901 2247 1172 3592
  767 2783 2091 1299 2591 3573 3077 1263 2655 2285 2649 3166 4148 7251
 4133  733 3811 6406 1461 2395 3652 4575 2027 1682  619 5976]",982
69,0.40935798980953275,37,1682,1969,"[2829 3016 4781 3284 1185 7330 2118 4013  810 2221 6901 2247 1172 3592
  767 2783 2091 1299 2591 3573 3077 1263 2655 2285 2649 3166 4148 7251
 4133  733 3811 6406 1461 2395 3652 4575 2027 1969  619 5976]",995
70,0.41044968342763116,4,1185,1326,"[2829 3016 4781 3284 1326 7330 2118 4013  810 2221 6901 2247 1172 3592
  767 2783 2091 1299 2591 3573 3077 1263 2655 2285 2649 3166 4148 7251
 4133  733 3811 6406 1461 2395 3652 4575 2027 1969  619 5976]",1003
71,0.40967826199836527,10,6901,6831,"[2829 3016 4781 3284 1326 7330 2118 4013  810 2221 6831 2247 1172 3592
  767 2783 2091 1299 2591 3573 3077 1263 2655 2285 2649 3166 4148 7251
 4133  733 3811 6406 1461 2395 3652 4575 2027 1969  619 5976]",984
72,0.41044075753162507,38,619,690,"[2829 3016 4781 3284 1326 7330 2118 4013  810 2221 6831 2247 1172 3592
  767 2783 2091 1299 2591 3573 3077 1263 2655 2285 2649 3166 4148 7251
 4133  733 3811 6406 1461 2395 3652 4575 2027 1969  690 5976]",1024
73,0.41093989115932283,10,6831,6902,"[2829 3016 4781 3284 1326 7330 2118 4013  810 2221 6902 2247 1172 3592
  767 2783 2091 1299 2591 3573 3077 1263 2655 2285 2649 3166 4148 7251
 4133  733 3811 6406 1461 2395 3652 4575 2027 1969  690 5976]",993
74,0.41149029897333866,6,2118,2188,"[2829 3016 4781 3284 1326 7330 2188 4013  810 2221 6902 2247 1172 3592
  767 2783 2091 1299 2591 3573 3077 1263 2655 2285 2649 3166 4148 7251
 4133  733 3811 6406 1461 2395 3652 4575 2027 1969  690 5976]",1033
75,0.4110014967120005,38,690,688,"[2829 3016 4781 3284 1326 7330 2188 4013  810 2221 6902 2247 1172 3592
  767 2783 2091 1299 2591 3573 3077 1263 2655 2285 2649 3166 4148 7251
 4133  733 3811 6406 1461 2395 3652 4575 2027 1969  688 5976]",1039
76,0.41267934693316155,33,2395,6908,"[2829 3016 4781 3284 1326 7330 2188 4013  810 2221 6902 2247 1172 3592
  767 2783 2091 1299 2591 3573 3077 1263 2655 2285 2649 3166 4148 7251
 4133  733 3811 6406 1461 6908 3652 4575 2027 1969  688 5976]",996
77,0.4119861707793689,27,7251,1690,"[2829 3016 4781 3284 1326 7330 2188 4013  810 2221 6902 2247 1172 3592
  767 2783 2091 1299 2591 3573 3077 1263 2655 2285 2649 3166 4148 1690
 4133  733 3811 6406 1461 6908 3652 4575 2027 1969  688 5976]",993
78,0.4106581431594438,21,1263,1193,"[2829 3016 4781 3284 1326 7330 2188 4013  810 2221 6902 2247 1172 3592
  767 2783 2091 1299 2591 3573 3077 1193 2655 2285 2649 3166 4148 1690
 4133  733 3811 6406 1461 6908 3652 4575 2027 1969  688 5976]",994
79,0.41047297156259277,23,2285,2424,"[2829 3016 4781 3284 1326 7330 2188 4013  810 2221 6902 2247 1172 3592
  767 2783 2091 1299 2591 3573 3077 1193 2655 2424 2649 3166 4148 1690
 4133  733 3811 6406 1461 6908 3652 4575 2027 1969  688 5976]",1023
80,0.4152187727112367,37,1969,2182,"[2829 3016 4781 3284 1326 7330 2188 4013  810 2221 6902 2247 1172 3592
  767 2783 2091 1299 2591 3573 3077 1193 2655 2424 2649 3166 4148 1690
 4133  733 3811 6406 1461 6908 3652 4575 2027 2182  688 5976]",1006
81,0.41657545713723404,15,2783,7038,"[2829 3016 4781 3284 1326 7330 2188 4013  810 2221 6902 2247 1172 3592
  767 7038 2091 1299 2591 3573 3077 1193 2655 2424 2649 3166 4148 1690
 4133  733 3811 6406 1461 6908 3652 4575 2027 2182  688 5976]",1007
82,0.4168084203726465,0,2829,2689,"[2689 3016 4781 3284 1326 7330 2188 4013  810 2221 6902 2247 1172 3592
  767 7038 2091 1299 2591 3573 3077 1193 2655 2424 2649 3166 4148 1690
 4133  733 3811 6406 1461 6908 3652 4575 2027 2182  688 5976]",1043
83,0.41566874980699986,33,6908,1858,"[2689 3016 4781 3284 1326 7330 2188 4013  810 2221 6902 2247 1172 3592
  767 7038 2091 1299 2591 3573 3077 1193 2655 2424 2649 3166 4148 1690
 4133  733 3811 6406 1461 1858 3652 4575 2027 2182  688 5976]",1003
84,0.41543070255035663,35,4575,7051,"[2689 3016 4781 3284 1326 7330 2188 4013  810 2221 6902 2247 1172 3592
  767 7038 2091 1299 2591 3573 3077 1193 2655 2424 2649 3166 4148 1690
 4133  733 3811 6406 1461 1858 3652 7051 2027 2182  688 5976]",982
85,0.414970789919996,32,1461,1320,"[2689 3016 4781 3284 1326 7330 2188 4013  810 2221 6902 2247 1172 3592
  767 7038 2091 1299 2591 3573 3077 1193 2655 2424 2649 3166 4148 1690
 4133  733 3811 6406 1320 1858 3652 7051 2027 2182  688 5976]",971
86,0.41439318138941805,32,1320,1178,"[2689 3016 4781 3284 1326 7330 2188 4013  810 2221 6902 2247 1172 3592
  767 7038 2091 1299 2591 3573 3077 1193 2655 2424 2649 3166 4148 1690
 4133  733 3811 6406 1178 1858 3652 7051 2027 2182  688 5976]",971
87,0.4108055691268936,22,2655,4576,"[2689 3016 4781 3284 1326 7330 2188 4013  810 2221 6902 2247 1172 3592
  767 7038 2091 1299 2591 3573 3077 1193 4576 2424 2649 3166 4148 1690
 4133  733 3811 6406 1178 1858 3652 7051 2027 2182  688 5976]",960
88,0.41349982611519326,21,1193,2655,"[2689 3016 4781 3284 1326 7330 2188 4013  810 2221 6902 2247 1172 3592
  767 7038 2091 1299 2591 3573 3077 2655 4576 2424 2649 3166 4148 1690
 4133  733 3811 6406 1178 1858 3652 7051 2027 2182  688 5976]",963
89,0.4157709715882062,26,4148,1263,"[2689 3016 4781 3284 1326 7330 2188 4013  810 2221 6902 2247 1172 3592
  767 7038 2091 1299 2591 3573 3077 2655 4576 2424 2649 3166 1263 1690
 4133  733 3811 6406 1178 1858 3652 7051 2027 2182  688 5976]",978
90,0.4150052914031761,27,1690,1764,"[2689 3016 4781 3284 1326 7330 2188 4013  810 2221 6902 2247 1172 3592
  767 7038 2091 1299 2591 3573 3077 2655 4576 2424 2649 3166 1263 1764
 4133  733 3811 6406 1178 1858 3652 7051 2027 2182  688 5976]",988
91,0.41438062592041247,19,3573,3574,"[2689 3016 4781 3284 1326 7330 2188 4013  810 2221 6902 2247 1172 3592
  767 7038 2091 1299 2591 3574 3077 2655 4576 2424 2649 3166 1263 1764
 4133  733 3811 6406 1178 1858 3652 7051 2027 2182  688 5976]",1000
92,0.4122657089693911,37,2182,2040,"[2689 3016 4781 3284 1326 7330 2188 4013  810 2221 6902 2247 1172 3592
  767 7038 2091 1299 2591 3574 3077 2655 4576 2424 2649 3166 1263 1764
 4133  733 3811 6406 1178 1858 3652 7051 2027 2040  688 5976]",989
93,0.4127694832926342,25,3166,3168,"[2689 3016 4781 3284 1326 7330 2188 4013  810 2221 6902 2247 1172 3592
  767 7038 2091 1299 2591 3574 3077 2655 4576 2424 2649 3168 1263 1764
 4133  733 3811 6406 1178 1858 3652 7051 2027 2040  688 5976]",1006
94,0.41344527948411336,35,7051,6980,"[2689 3016 4781 3284 1326 7330 2188 4013  810 2221 6902 2247 1172 3592
  767 7038 2091 1299 2591 3574 3077 2655 4576 2424 2649 3168 1263 1764
 4133  733 3811 6406 1178 1858 3652 6980 2027 2040  688 5976]",974
95,0.41391409983077576,12,1172,1243,"[2689 3016 4781 3284 1326 7330 2188 4013  810 2221 6902 2247 1243 3592
  767 7038 2091 1299 2591 3574 3077 2655 4576 2424 2649 3168 1263 1764
 4133  733 3811 6406 1178 1858 3652 6980 2027 2040  688 5976]",986
96,0.4132173889678823,35,6980,4148,"[2689 3016 4781 3284 1326 7330 2188 4013  810 2221 6902 2247 1243 3592
  767 7038 2091 1299 2591 3574 3077 2655 4576 2424 2649 3168 1263 1764
 4133  733 3811 6406 1178 1858 3652 4148 2027 2040  688 5976]",969
97,0.4111451533915845,21,2655,6908,"[2689 3016 4781 3284 1326 7330 2188 4013  810 2221 6902 2247 1243 3592
  767 7038 2091 1299 2591 3574 3077 6908 4576 2424 2649 3168 1263 1764
 4133  733 3811 6406 1178 1858 3652 4148 2027 2040  688 5976]",954
98,0.4113112997197331,28,4133,4061,"[2689 3016 4781 3284 1326 7330 2188 4013  810 2221 6902 2247 1243 3592
  767 7038 2091 1299 2591 3574 3077 6908 4576 2424 2649 3168 1263 1764
 4061  733 3811 6406 1178 1858 3652 4148 2027 2040  688 5976]",1025
99,0.4100965262303941,1,3016,3017,"[2689 3017 4781 3284 1326 7330 2188 4013  810 2221 6902 2247 1243 3592
  767 7038 2091 1299 2591 3574 3077 6908 4576 2424 2649 3168 1263 1764
 4061  733 3811 6406 1178 1858 3652 4148 2027 2040  688 5976]",960
100,0.41042566778435724,15,7038,7108,"[2689 3017 4781 3284 1326 7330 2188 4013  810 2221 6902 2247 1243 3592
  767 7108 2091 1299 2591 3574 3077 6908 4576 2424 2649 3168 1263 1764
 4061  733 3811 6406 1178 1858 3652 4148 2027 2040  688 5976]",962
101,0.4098880804799829,12,1243,2727,"[2689 3017 4781 3284 1326 7330 2188 4013  810 2221 6902 2247 2727 3592
  767 7108 2091 1299 2591 3574 3077 6908 4576 2424 2649 3168 1263 1764
 4061  733 3811 6406 1178 1858 3652 4148 2027 2040  688 5976]",972
102,0.4111353854834141,36,2027,1313,"[2689 3017 4781 3284 1326 7330 2188 4013  810 2221 6902 2247 2727 3592
  767 7108 2091 1299 2591 3574 3077 6908 4576 2424 2649 3168 1263 1764
 4061  733 3811 6406 1178 1858 3652 4148 1313 2040  688 5976]",1005
103,0.411507997284628,0,2689,1888,"[1888 3017 4781 3284 1326 7330 2188 4013  810 2221 6902 2247 2727 3592
  767 7108 2091 1299 2591 3574 3077 6908 4576 2424 2649 3168 1263 1764
 4061  733 3811 6406 1178 1858 3652 4148 1313 2040  688 5976]",1018
104,0.41126844475517255,19,3574,3717,"[1888 3017 4781 3284 1326 7330 2188 4013  810 2221 6902 2247 2727 3592
  767 7108 2091 1299 2591 3717 3077 6908 4576 2424 2649 3168 1263 1764
 4061  733 3811 6406 1178 1858 3652 4148 1313 2040  688 5976]",1000
105,0.4092032700617983,8,810,812,"[1888 3017 4781 3284 1326 7330 2188 4013  812 2221 6902 2247 2727 3592
  767 7108 2091 1299 2591 3717 3077 6908 4576 2424 2649 3168 1263 1764
 4061  733 3811 6406 1178 1858 3652 4148 1313 2040  688 5976]",1013
106,0.4088390325855769,33,1858,2761,"[1888 3017 4781 3284 1326 7330 2188 4013  812 2221 6902 2247 2727 3592
  767 7108 2091 1299 2591 3717 3077 6908 4576 2424 2649 3168 1263 1764
 4061  733 3811 6406 1178 2761 3652 4148 1313 2040  688 5976]",983
107,0.41094899836231047,37,2040,2182,"[1888 3017 4781 3284 1326 7330 2188 4013  812 2221 6902 2247 2727 3592
  767 7108 2091 1299 2591 3717 3077 6908 4576 2424 2649 3168 1263 1764
 4061  733 3811 6406 1178 2761 3652 4148 1313 2182  688 5976]",934
108,0.4105339759401586,37,2182,2111,"[1888 3017 4781 3284 1326 7330 2188 4013  812 2221 6902 2247 2727 3592
  767 7108 2091 1299 2591 3717 3077 6908 4576 2424 2649 3168 1263 1764
 4061  733 3811 6406 1178 2761 3652 4148 1313 2111  688 5976]",934
109,0.40961620173646224,1,3017,3087,"[1888 3087 4781 3284 1326 7330 2188 4013  812 2221 6902 2247 2727 3592
  767 7108 2091 1299 2591 3717 3077 6908 4576 2424 2649 3168 1263 1764
 4061  733 3811 6406 1178 2761 3652 4148 1313 2111  688 5976]",940
110,0.41036183109324403,27,1764,1786,"[1888 3087 4781 3284 1326 7330 2188 4013  812 2221 6902 2247 2727 3592
  767 7108 2091 1299 2591 3717 3077 6908 4576 2424 2649 3168 1263 1786
 4061  733 3811 6406 1178 2761 3652 4148 1313 2111  688 5976]",930
111,0.4110185735577738,35,4148,1764,"[1888 3087 4781 3284 1326 7330 2188 4013  812 2221 6902 2247 2727 3592
  767 7108 2091 1299 2591 3717 3077 6908 4576 2424 2649 3168 1263 1786
 4061  733 3811 6406 1178 2761 3652 1764 1313 2111  688 5976]",914
112,0.411842096456707,30,3811,3883,"[1888 3087 4781 3284 1326 7330 2188 4013  812 2221 6902 2247 2727 3592
  767 7108 2091 1299 2591 3717 3077 6908 4576 2424 2649 3168 1263 1786
 4061  733 3883 6406 1178 2761 3652 1764 1313 2111  688 5976]",963
113,0.41095607803623624,29,733,452,"[1888 3087 4781 3284 1326 7330 2188 4013  812 2221 6902 2247 2727 3592
  767 7108 2091 1299 2591 3717 3077 6908 4576 2424 2649 3168 1263 1786
 4061  452 3883 6406 1178 2761 3652 1764 1313 2111  688 5976]",947
114,0.4115604724592943,29,452,592,"[1888 3087 4781 3284 1326 7330 2188 4013  812 2221 6902 2247 2727 3592
  767 7108 2091 1299 2591 3717 3077 6908 4576 2424 2649 3168 1263 1786
 4061  592 3883 6406 1178 2761 3652 1764 1313 2111  688 5976]",947
115,0.4125055780399116,4,1326,1613,"[1888 3087 4781 3284 1613 7330 2188 4013  812 2221 6902 2247 2727 3592
  767 7108 2091 1299 2591 3717 3077 6908 4576 2424 2649 3168 1263 1786
 4061  592 3883 6406 1178 2761 3652 1764 1313 2111  688 5976]",910
116,0.41340686512506697,32,1178,1393,"[1888 3087 4781 3284 1613 7330 2188 4013  812 2221 6902 2247 2727 3592
  767 7108 2091 1299 2591 3717 3077 6908 4576 2424 2649 3168 1263 1786
 4061  592 3883 6406 1393 2761 3652 1764 1313 2111  688 5976]",937
117,0.4125055780399116,32,1393,1178,"[1888 3087 4781 3284 1613 7330 2188 4013  812 2221 6902 2247 2727 3592
  767 7108 2091 1299 2591 3717 3077 6908 4576 2424 2649 3168 1263 1786
 4061  592 3883 6406 1178 2761 3652 1764 1313 2111  688 5976]",937
118,0.41460228865886706,17,1299,1235,"[1888 3087 4781 3284 1613 7330 2188 4013  812 2221 6902 2247 2727 3592
  767 7108 2091 1235 2591 3717 3077 6908 4576 2424 2649 3168 1263 1786
 4061  592 3883 6406 1178 2761 3652 1764 1313 2111  688 5976]",946
119,0.41431070961612104,14,767,765,"[1888 3087 4781 3284 1613 7330 2188 4013  812 2221 6902 2247 2727 3592
  765 7108 2091 1235 2591 3717 3077 6908 4576 2424 2649 3168 1263 1786
 4061  592 3883 6406 1178 2761 3652 1764 1313 2111  688 5976]",953
120,0.4135811261742487,38,688,1042,"[1888 3087 4781 3284 1613 7330 2188 4013  812 2221 6902 2247 2727 3592
  765 7108 2091 1235 2591 3717 3077 6908 4576 2424 2649 3168 1263 1786
 4061  592 3883 6406 1178 2761 3652 1764 1313 2111 1042 5976]",964
121,0.4140037191686048,22,4576,4361,"[1888 3087 4781 3284 1613 7330 2188 4013  812 2221 6902 2247 2727 3592
  765 7108 2091 1235 2591 3717 3077 6908 4361 2424 2649 3168 1263 1786
 4061  592 3883 6406 1178 2761 3652 1764 1313 2111 1042 5976]",977
122,0.4113874410540313,18,2591,2853,"[1888 3087 4781 3284 1613 7330 2188 4013  812 2221 6902 2247 2727 3592
  765 7108 2091 1235 2853 3717 3077 6908 4361 2424 2649 3168 1263 1786
 4061  592 3883 6406 1178 2761 3652 1764 1313 2111 1042 5976]",954
123,0.4104240319871917,34,3652,3723,"[1888 3087 4781 3284 1613 7330 2188 4013  812 2221 6902 2247 2727 3592
  765 7108 2091 1235 2853 3717 3077 6908 4361 2424 2649 3168 1263 1786
 4061  592 3883 6406 1178 2761 3723 1764 1313 2111 1042 5976]",955
124,0.41119251470218066,5,7330,2520,"[1888 3087 4781 3284 1613 2520 2188 4013  812 2221 6902 2247 2727 3592
  765 7108 2091 1235 2853 3717 3077 6908 4361 2424 2649 3168 1263 1786
 4061  592 3883 6406 1178 2761 3723 1764 1313 2111 1042 5976]",961
125,0.40824931927648034,39,5976,747,"[1888 3087 4781 3284 1613 2520 2188 4013  812 2221 6902 2247 2727 3592
  765 7108 2091 1235 2853 3717 3077 6908 4361 2424 2649 3168 1263 1786
 4061  592 3883 6406 1178 2761 3723 1764 1313 2111 1042  747]",991
126,0.40906983603235597,10,6902,6830,"[1888 3087 4781 3284 1613 2520 2188 4013  812 2221 6830 2247 2727 3592
  765 7108 2091 1235 2853 3717 3077 6908 4361 2424 2649 3168 1263 1786
 4061  592 3883 6406 1178 2761 3723 1764 1313 2111 1042  747]",979
127,0.4090355493205615,10,6830,6901,"[1888 3087 4781 3284 1613 2520 2188 4013  812 2221 6901 2247 2727 3592
  765 7108 2091 1235 2853 3717 3077 6908 4361 2424 2649 3168 1263 1786
 4061  592 3883 6406 1178 2761 3723 1764 1313 2111 1042  747]",979
128,0.40813447874699704,37,2111,2253,"[1888 3087 4781 3284 1613 2520 2188 4013  812 2221 6901 2247 2727 3592
  765 7108 2091 1235 2853 3717 3077 6908 4361 2424 2649 3168 1263 1786
 4061  592 3883 6406 1178 2761 3723 1764 1313 2253 1042  747]",964
129,0.40908499365316997,26,1263,7329,"[1888 3087 4781 3284 1613 2520 2188 4013  812 2221 6901 2247 2727 3592
  765 7108 2091 1235 2853 3717 3077 6908 4361 2424 2649 3168 7329 1786
 4061  592 3883 6406 1178 2761 3723 1764 1313 2253 1042  747]",970
130,0.4128606618110574,7,4013,6046,"[1888 3087 4781 3284 1613 2520 2188 6046  812 2221 6901 2247 2727 3592
  765 7108 2091 1235 2853 3717 3077 6908 4361 2424 2649 3168 7329 1786
 4061  592 3883 6406 1178 2761 3723 1764 1313 2253 1042  747]",986
131,0.416763905814294,2,4781,1263,"[1888 3087 1263 3284 1613 2520 2188 6046  812 2221 6901 2247 2727 3592
  765 7108 2091 1235 2853 3717 3077 6908 4361 2424 2649 3168 7329 1786
 4061  592 3883 6406 1178 2761 3723 1764 1313 2253 1042  747]",983
132,0.4163533131636673,0,1888,1955,"[1955 3087 1263 3284 1613 2520 2188 6046  812 2221 6901 2247 2727 3592
  765 7108 2091 1235 2853 3717 3077 6908 4361 2424 2649 3168 7329 1786
 4061  592 3883 6406 1178 2761 3723 1764 1313 2253 1042  747]",1008
133,0.415385505943598,7,6046,5906,"[1955 3087 1263 3284 1613 2520 2188 5906  812 2221 6901 2247 2727 3592
  765 7108 2091 1235 2853 3717 3077 6908 4361 2424 2649 3168 7329 1786
 4061  592 3883 6406 1178 2761 3723 1764 1313 2253 1042  747]",1033
134,0.41416719435318256,39,747,748,"[1955 3087 1263 3284 1613 2520 2188 5906  812 2221 6901 2247 2727 3592
  765 7108 2091 1235 2853 3717 3077 6908 4361 2424 2649 3168 7329 1786
 4061  592 3883 6406 1178 2761 3723 1764 1313 2253 1042  748]",997
135,0.41453859831792056,23,2424,2357,"[1955 3087 1263 3284 1613 2520 2188 5906  812 2221 6901 2247 2727 3592
  765 7108 2091 1235 2853 3717 3077 6908 4361 2357 2649 3168 7329 1786
 4061  592 3883 6406 1178 2761 3723 1764 1313 2253 1042  748]",989
136,0.41435233786030967,28,4061,4134,"[1955 3087 1263 3284 1613 2520 2188 5906  812 2221 6901 2247 2727 3592
  765 7108 2091 1235 2853 3717 3077 6908 4361 2357 2649 3168 7329 1786
 4134  592 3883 6406 1178 2761 3723 1764 1313 2253 1042  748]",1073
137,0.41377597090946305,21,6908,6978,"[1955 3087 1263 3284 1613 2520 2188 5906  812 2221 6901 2247 2727 3592
  765 7108 2091 1235 2853 3717 3077 6978 4361 2357 2649 3168 7329 1786
 4134  592 3883 6406 1178 2761 3723 1764 1313 2253 1042  748]",1015
138,0.4138589959014477,29,592,523,"[1955 3087 1263 3284 1613 2520 2188 5906  812 2221 6901 2247 2727 3592
  765 7108 2091 1235 2853 3717 3077 6978 4361 2357 2649 3168 7329 1786
 4134  523 3883 6406 1178 2761 3723 1764 1313 2253 1042  748]",1044
139,0.4134309586952989,22,4361,4502,"[1955 3087 1263 3284 1613 2520 2188 5906  812 2221 6901 2247 2727 3592
  765 7108 2091 1235 2853 3717 3077 6978 4502 2357 2649 3168 7329 1786
 4134  523 3883 6406 1178 2761 3723 1764 1313 2253 1042  748]",1072
140,0.4139701054507866,36,1313,1677,"[1955 3087 1263 3284 1613 2520 2188 5906  812 2221 6901 2247 2727 3592
  765 7108 2091 1235 2853 3717 3077 6978 4502 2357 2649 3168 7329 1786
 4134  523 3883 6406 1178 2761 3723 1764 1677 2253 1042  748]",1006
141,0.41540631655038096,39,748,1172,"[1955 3087 1263 3284 1613 2520 2188 5906  812 2221 6901 2247 2727 3592
  765 7108 2091 1235 2853 3717 3077 6978 4502 2357 2649 3168 7329 1786
 4134  523 3883 6406 1178 2761 3723 1764 1677 2253 1042 1172]",1030
142,0.4150843644914173,39,1172,1243,"[1955 3087 1263 3284 1613 2520 2188 5906  812 2221 6901 2247 2727 3592
  765 7108 2091 1235 2853 3717 3077 6978 4502 2357 2649 3168 7329 1786
 4134  523 3883 6406 1178 2761 3723 1764 1677 2253 1042 1243]",1030
143,0.4132509364317454,26,7329,946,"[1955 3087 1263 3284 1613 2520 2188 5906  812 2221 6901 2247 2727 3592
  765 7108 2091 1235 2853 3717 3077 6978 4502 2357 2649 3168  946 1786
 4134  523 3883 6406 1178 2761 3723 1764 1677 2253 1042 1243]",1026
144,0.4125005113411171,30,3883,3741,"[1955 3087 1263 3284 1613 2520 2188 5906  812 2221 6901 2247 2727 3592
  765 7108 2091 1235 2853 3717 3077 6978 4502 2357 2649 3168  946 1786
 4134  523 3741 6406 1178 2761 3723 1764 1677 2253 1042 1243]",1072
145,0.4120590188881297,16,2091,7328,"[1955 3087 1263 3284 1613 2520 2188 5906  812 2221 6901 2247 2727 3592
  765 7108 7328 1235 2853 3717 3077 6978 4502 2357 2649 3168  946 1786
 4134  523 3741 6406 1178 2761 3723 1764 1677 2253 1042 1243]",1043
146,0.4130589116997869,8,812,815,"[1955 3087 1263 3284 1613 2520 2188 5906  815 2221 6901 2247 2727 3592
  765 7108 7328 1235 2853 3717 3077 6978 4502 2357 2649 3168  946 1786
 4134  523 3741 6406 1178 2761 3723 1764 1677 2253 1042 1243]",1051
147,0.4117254488844446,18,2853,2091,"[1955 3087 1263 3284 1613 2520 2188 5906  815 2221 6901 2247 2727 3592
  765 7108 7328 1235 2091 3717 3077 6978 4502 2357 2649 3168  946 1786
 4134  523 3741 6406 1178 2761 3723 1764 1677 2253 1042 1243]",1027
148,0.41142040466819907,6,2188,2259,"[1955 3087 1263 3284 1613 2520 2259 5906  815 2221 6901 2247 2727 3592
  765 7108 7328 1235 2091 3717 3077 6978 4502 2357 2649 3168  946 1786
 4134  523 3741 6406 1178 2761 3723 1764 1677 2253 1042 1243]",1004
149,0.41160988167651147,30,3741,3812,"[1955 3087 1263 3284 1613 2520 2259 5906  815 2221 6901 2247 2727 3592
  765 7108 7328 1235 2091 3717 3077 6978 4502 2357 2649 3168  946 1786
 4134  523 3812 6406 1178 2761 3723 1764 1677 2253 1042 1243]",1054
150,0.4101455573106505,2,1263,1335,"[1955 3087 1335 3284 1613 2520 2259 5906  815 2221 6901 2247 2727 3592
  765 7108 7328 1235 2091 3717 3077 6978 4502 2357 2649 3168  946 1786
 4134  523 3812 6406 1178 2761 3723 1764 1677 2253 1042 1243]",1000
151,0.4110074973860631,38,1042,2781,"[1955 3087 1335 3284 1613 2520 2259 5906  815 2221 6901 2247 2727 3592
  765 7108 7328 1235 2091 3717 3077 6978 4502 2357 2649 3168  946 1786
 4134  523 3812 6406 1178 2761 3723 1764 1677 2253 2781 1243]",1006
152,0.4060862734106302,34,3723,3938,"[1955 3087 1335 3284 1613 2520 2259 5906  815 2221 6901 2247 2727 3592
  765 7108 7328 1235 2091 3717 3077 6978 4502 2357 2649 3168  946 1786
 4134  523 3812 6406 1178 2761 3938 1764 1677 2253 2781 1243]",1041
153,0.40485982077495974,29,523,3510,"[1955 3087 1335 3284 1613 2520 2259 5906  815 2221 6901 2247 2727 3592
  765 7108 7328 1235 2091 3717 3077 6978 4502 2357 2649 3168  946 1786
 4134 3510 3812 6406 1178 2761 3938 1764 1677 2253 2781 1243]",1018
154,0.4086598358608014,31,6406,452,"[1955 3087 1335 3284 1613 2520 2259 5906  815 2221 6901 2247 2727 3592
  765 7108 7328 1235 2091 3717 3077 6978 4502 2357 2649 3168  946 1786
 4134 3510 3812  452 1178 2761 3938 1764 1677 2253 2781 1243]",1059
155,0.40734600625282025,31,452,525,"[1955 3087 1335 3284 1613 2520 2259 5906  815 2221 6901 2247 2727 3592
  765 7108 7328 1235 2091 3717 3077 6978 4502 2357 2649 3168  946 1786
 4134 3510 3812  525 1178 2761 3938 1764 1677 2253 2781 1243]",1059
156,0.4077382776067918,4,1613,1327,"[1955 3087 1335 3284 1327 2520 2259 5906  815 2221 6901 2247 2727 3592
  765 7108 7328 1235 2091 3717 3077 6978 4502 2357 2649 3168  946 1786
 4134 3510 3812  525 1178 2761 3938 1764 1677 2253 2781 1243]",1046
157,0.4072106322594237,2,1335,1334,"[1955 3087 1334 3284 1327 2520 2259 5906  815 2221 6901 2247 2727 3592
  765 7108 7328 1235 2091 3717 3077 6978 4502 2357 2649 3168  946 1786
 4134 3510 3812  525 1178 2761 3938 1764 1677 2253 2781 1243]",1042
158,0.4085134395180269,18,2091,6402,"[1955 3087 1334 3284 1327 2520 2259 5906  815 2221 6901 2247 2727 3592
  765 7108 7328 1235 6402 3717 3077 6978 4502 2357 2649 3168  946 1786
 4134 3510 3812  525 1178 2761 3938 1764 1677 2253 2781 1243]",1058
159,0.40861503509017333,38,2781,2782,"[1955 3087 1334 3284 1327 2520 2259 5906  815 2221 6901 2247 2727 3592
  765 7108 7328 1235 6402 3717 3077 6978 4502 2357 2649 3168  946 1786
 4134 3510 3812  525 1178 2761 3938 1764 1677 2253 2782 1243]",1032
160,0.40870415478763816,30,3812,3885,"[1955 3087 1334 3284 1327 2520 2259 5906  815 2221 6901 2247 2727 3592
  765 7108 7328 1235 6402 3717 3077 6978 4502 2357 2649 3168  946 1786
 4134 3510 3885  525 1178 2761 3938 1764 1677 2253 2782 1243]",1089
161,0.40880013895445483,8,815,2090,"[1955 3087 1334 3284 1327 2520 2259 5906 2090 2221 6901 2247 2727 3592
  765 7108 7328 1235 6402 3717 3077 6978 4502 2357 2649 3168  946 1786
 4134 3510 3885  525 1178 2761 3938 1764 1677 2253 2782 1243]",1037
162,0.40904721182475623,18,6402,6332,"[1955 3087 1334 3284 1327 2520 2259 5906 2090 2221 6901 2247 2727 3592
  765 7108 7328 1235 6332 3717 3077 6978 4502 2357 2649 3168  946 1786
 4134 3510 3885  525 1178 2761 3938 1764 1677 2253 2782 1243]",1030
163,0.40732534678811094,9,2221,744,"[1955 3087 1334 3284 1327 2520 2259 5906 2090  744 6901 2247 2727 3592
  765 7108 7328 1235 6332 3717 3077 6978 4502 2357 2649 3168  946 1786
 4134 3510 3885  525 1178 2761 3938 1764 1677 2253 2782 1243]",1028
164,0.40639235153466746,4,1327,688,"[1955 3087 1334 3284  688 2520 2259 5906 2090  744 6901 2247 2727 3592
  765 7108 7328 1235 6332 3717 3077 6978 4502 2357 2649 3168  946 1786
 4134 3510 3885  525 1178 2761 3938 1764 1677 2253 2782 1243]",1015
165,0.4071392857336604,13,3592,3518,"[1955 3087 1334 3284  688 2520 2259 5906 2090  744 6901 2247 2727 3518
  765 7108 7328 1235 6332 3717 3077 6978 4502 2357 2649 3168  946 1786
 4134 3510 3885  525 1178 2761 3938 1764 1677 2253 2782 1243]",1015
166,0.40997008980737576,16,7328,2221,"[1955 3087 1334 3284  688 2520 2259 5906 2090  744 6901 2247 2727 3518
  765 7108 2221 1235 6332 3717 3077 6978 4502 2357 2649 3168  946 1786
 4134 3510 3885  525 1178 2761 3938 1764 1677 2253 2782 1243]",1000
167,0.410946199513432,11,2247,1541,"[1955 3087 1334 3284  688 2520 2259 5906 2090  744 6901 1541 2727 3518
  765 7108 2221 1235 6332 3717 3077 6978 4502 2357 2649 3168  946 1786
 4134 3510 3885  525 1178 2761 3938 1764 1677 2253 2782 1243]",997
168,0.4111077869949695,39,1243,6552,"[1955 3087 1334 3284  688 2520 2259 5906 2090  744 6901 1541 2727 3518
  765 7108 2221 1235 6332 3717 3077 6978 4502 2357 2649 3168  946 1786
 4134 3510 3885  525 1178 2761 3938 1764 1677 2253 2782 6552]",993
169,0.4114430845977469,26,946,875,"[1955 3087 1334 3284  688 2520 2259 5906 2090  744 6901 1541 2727 3518
  765 7108 2221 1235 6332 3717 3077 6978 4502 2357 2649 3168  875 1786
 4134 3510 3885  525 1178 2761 3938 1764 1677 2253 2782 6552]",997
170,0.41178739870063696,14,765,767,"[1955 3087 1334 3284  688 2520 2259 5906 2090  744 6901 1541 2727 3518
  767 7108 2221 1235 6332 3717 3077 6978 4502 2357 2649 3168  875 1786
 4134 3510 3885  525 1178 2761 3938 1764 1677 2253 2782 6552]",1000
171,0.4139383798023848,1,3087,3016,"[1955 3016 1334 3284  688 2520 2259 5906 2090  744 6901 1541 2727 3518
  767 7108 2221 1235 6332 3717 3077 6978 4502 2357 2649 3168  875 1786
 4134 3510 3885  525 1178 2761 3938 1764 1677 2253 2782 6552]",951
172,0.4146662526639766,0,1955,7329,"[7329 3016 1334 3284  688 2520 2259 5906 2090  744 6901 1541 2727 3518
  767 7108 2221 1235 6332 3717 3077 6978 4502 2357 2649 3168  875 1786
 4134 3510 3885  525 1178 2761 3938 1764 1677 2253 2782 6552]",975
173,0.4135615217695935,25,3168,3097,"[7329 3016 1334 3284  688 2520 2259 5906 2090  744 6901 1541 2727 3518
  767 7108 2221 1235 6332 3717 3077 6978 4502 2357 2649 3097  875 1786
 4134 3510 3885  525 1178 2761 3938 1764 1677 2253 2782 6552]",1030
174,0.411928991871613,16,2221,2007,"[7329 3016 1334 3284  688 2520 2259 5906 2090  744 6901 1541 2727 3518
  767 7108 2007 1235 6332 3717 3077 6978 4502 2357 2649 3097  875 1786
 4134 3510 3885  525 1178 2761 3938 1764 1677 2253 2782 6552]",991
175,0.4114933212927363,24,2649,2099,"[7329 3016 1334 3284  688 2520 2259 5906 2090  744 6901 1541 2727 3518
  767 7108 2007 1235 6332 3717 3077 6978 4502 2357 2099 3097  875 1786
 4134 3510 3885  525 1178 2761 3938 1764 1677 2253 2782 6552]",963
176,0.4139847953121417,7,5906,2507,"[7329 3016 1334 3284  688 2520 2259 2507 2090  744 6901 1541 2727 3518
  767 7108 2007 1235 6332 3717 3077 6978 4502 2357 2099 3097  875 1786
 4134 3510 3885  525 1178 2761 3938 1764 1677 2253 2782 6552]",967
177,0.4130762527603299,38,2782,2925,"[7329 3016 1334 3284  688 2520 2259 2507 2090  744 6901 1541 2727 3518
  767 7108 2007 1235 6332 3717 3077 6978 4502 2357 2099 3097  875 1786
 4134 3510 3885  525 1178 2761 3938 1764 1677 2253 2925 6552]",963
178,0.41259029256266777,24,2099,1956,"[7329 3016 1334 3284  688 2520 2259 2507 2090  744 6901 1541 2727 3518
  767 7108 2007 1235 6332 3717 3077 6978 4502 2357 1956 3097  875 1786
 4134 3510 3885  525 1178 2761 3938 1764 1677 2253 2925 6552]",986
179,0.4128883142221048,33,2761,2760,"[7329 3016 1334 3284  688 2520 2259 2507 2090  744 6901 1541 2727 3518
  767 7108 2007 1235 6332 3717 3077 6978 4502 2357 1956 3097  875 1786
 4134 3510 3885  525 1178 2760 3938 1764 1677 2253 2925 6552]",1015
180,0.4139501825754832,34,3938,4009,"[7329 3016 1334 3284  688 2520 2259 2507 2090  744 6901 1541 2727 3518
  767 7108 2007 1235 6332 3717 3077 6978 4502 2357 1956 3097  875 1786
 4134 3510 3885  525 1178 2760 4009 1764 1677 2253 2925 6552]",983
181,0.4128883142221048,34,4009,3938,"[7329 3016 1334 3284  688 2520 2259 2507 2090  744 6901 1541 2727 3518
  767 7108 2007 1235 6332 3717 3077 6978 4502 2357 1956 3097  875 1786
 4134 3510 3885  525 1178 2760 3938 1764 1677 2253 2925 6552]",983
182,0.4129521042529102,31,525,453,"[7329 3016 1334 3284  688 2520 2259 2507 2090  744 6901 1541 2727 3518
  767 7108 2007 1235 6332 3717 3077 6978 4502 2357 1956 3097  875 1786
 4134 3510 3885  453 1178 2760 3938 1764 1677 2253 2925 6552]",977
183,0.41259829640224543,13,3518,3517,"[7329 3016 1334 3284  688 2520 2259 2507 2090  744 6901 1541 2727 3517
  767 7108 2007 1235 6332 3717 3077 6978 4502 2357 1956 3097  875 1786
 4134 3510 3885  453 1178 2760 3938 1764 1677 2253 2925 6552]",985
184,0.4130103695446524,29,3510,3438,"[7329 3016 1334 3284  688 2520 2259 2507 2090  744 6901 1541 2727 3517
  767 7108 2007 1235 6332 3717 3077 6978 4502 2357 1956 3097  875 1786
 4134 3438 3885  453 1178 2760 3938 1764 1677 2253 2925 6552]",954
185,0.41371635026429554,24,1956,2174,"[7329 3016 1334 3284  688 2520 2259 2507 2090  744 6901 1541 2727 3517
  767 7108 2007 1235 6332 3717 3077 6978 4502 2357 2174 3097  875 1786
 4134 3438 3885  453 1178 2760 3938 1764 1677 2253 2925 6552]",990
186,0.4146441591966702,25,3097,3239,"[7329 3016 1334 3284  688 2520 2259 2507 2090  744 6901 1541 2727 3517
  767 7108 2007 1235 6332 3717 3077 6978 4502 2357 2174 3239  875 1786
 4134 3438 3885  453 1178 2760 3938 1764 1677 2253 2925 6552]",1025
187,0.4155238738092771,3,3284,3497,"[7329 3016 1334 3497  688 2520 2259 2507 2090  744 6901 1541 2727 3517
  767 7108 2007 1235 6332 3717 3077 6978 4502 2357 2174 3239  875 1786
 4134 3438 3885  453 1178 2760 3938 1764 1677 2253 2925 6552]",983
188,0.4163726616422211,10,6901,6830,"[7329 3016 1334 3497  688 2520 2259 2507 2090  744 6830 1541 2727 3517
  767 7108 2007 1235 6332 3717 3077 6978 4502 2357 2174 3239  875 1786
 4134 3438 3885  453 1178 2760 3938 1764 1677 2253 2925 6552]",946
189,0.414738425940112,14,767,694,"[7329 3016 1334 3497  688 2520 2259 2507 2090  744 6830 1541 2727 3517
  694 7108 2007 1235 6332 3717 3077 6978 4502 2357 2174 3239  875 1786
 4134 3438 3885  453 1178 2760 3938 1764 1677 2253 2925 6552]",1005
190,0.41741306173072623,32,1178,1176,"[7329 3016 1334 3497  688 2520 2259 2507 2090  744 6830 1541 2727 3517
  694 7108 2007 1235 6332 3717 3077 6978 4502 2357 2174 3239  875 1786
 4134 3438 3885  453 1176 2760 3938 1764 1677 2253 2925 6552]",1008
191,0.416676766176575,11,1541,1327,"[7329 3016 1334 3497  688 2520 2259 2507 2090  744 6830 1327 2727 3517
  694 7108 2007 1235 6332 3717 3077 6978 4502 2357 2174 3239  875 1786
 4134 3438 3885  453 1176 2760 3938 1764 1677 2253 2925 6552]",973
192,0.4154504395682891,6,2259,2189,"[7329 3016 1334 3497  688 2520 2189 2507 2090  744 6830 1327 2727 3517
  694 7108 2007 1235 6332 3717 3077 6978 4502 2357 2174 3239  875 1786
 4134 3438 3885  453 1176 2760 3938 1764 1677 2253 2925 6552]",966
193,0.41563851578165384,20,3077,3148,"[7329 3016 1334 3497  688 2520 2189 2507 2090  744 6830 1327 2727 3517
  694 7108 2007 1235 6332 3717 3148 6978 4502 2357 2174 3239  875 1786
 4134 3438 3885  453 1176 2760 3938 1764 1677 2253 2925 6552]",965
194,0.4147837553091384,9,744,815,"[7329 3016 1334 3497  688 2520 2189 2507 2090  815 6830 1327 2727 3517
  694 7108 2007 1235 6332 3717 3148 6978 4502 2357 2174 3239  875 1786
 4134 3438 3885  453 1176 2760 3938 1764 1677 2253 2925 6552]",996
195,0.4145673159306903,8,2090,2160,"[7329 3016 1334 3497  688 2520 2189 2507 2160  815 6830 1327 2727 3517
  694 7108 2007 1235 6332 3717 3148 6978 4502 2357 2174 3239  875 1786
 4134 3438 3885  453 1176 2760 3938 1764 1677 2253 2925 6552]",1020
196,0.41290643286780637,5,2520,2450,"[7329 3016 1334 3497  688 2450 2189 2507 2160  815 6830 1327 2727 3517
  694 7108 2007 1235 6332 3717 3148 6978 4502 2357 2174 3239  875 1786
 4134 3438 3885  453 1176 2760 3938 1764 1677 2253 2925 6552]",993
197,0.4125153687291637,23,2357,2355,"[7329 3016 1334 3497  688 2450 2189 2507 2160  815 6830 1327 2727 3517
  694 7108 2007 1235 6332 3717 3148 6978 4502 2355 2174 3239  875 1786
 4134 3438 3885  453 1176 2760 3938 1764 1677 2253 2925 6552]",990
198,0.41261742332345064,36,1677,5904,"[7329 3016 1334 3497  688 2450 2189 2507 2160  815 6830 1327 2727 3517
  694 7108 2007 1235 6332 3717 3148 6978 4502 2355 2174 3239  875 1786
 4134 3438 3885  453 1176 2760 3938 1764 5904 2253 2925 6552]",981
199,0.4123592946916961,35,1764,1760,"[7329 3016 1334 3497  688 2450 2189 2507 2160  815 6830 1327 2727 3517
  694 7108 2007 1235 6332 3717 3148 6978 4502 2355 2174 3239  875 1786
 4134 3438 3885  453 1176 2760 3938 1760 5904 2253 2925 6552]",947
200,0.41182075268079144,19,3717,3931,"[7329 3016 1334 3497  688 2450 2189 2507 2160  815 6830 1327 2727 3517
  694 7108 2007 1235 6332 3931 3148 6978 4502 2355 2174 3239  875 1786
 4134 3438 3885  453 1176 2760 3938 1760 5904 2253 2925 6552]",960
201,0.41120128783644655,17,1235,1238,"[7329 3016 1334 3497  688 2450 2189 2507 2160  815 6830 1327 2727 3517
  694 7108 2007 1238 6332 3931 3148 6978 4502 2355 2174 3239  875 1786
 4134 3438 3885  453 1176 2760 3938 1760 5904 2253 2925 6552]",980
202,0.41229774417052645,30,3885,3740,"[7329 3016 1334 3497  688 2450 2189 2507 2160  815 6830 1327 2727 3517
  694 7108 2007 1238 6332 3931 3148 6978 4502 2355 2174 3239  875 1786
 4134 3438 3740  453 1176 2760 3938 1760 5904 2253 2925 6552]",1016
203,0.41012228454040645,0,7329,1884,"[1884 3016 1334 3497  688 2450 2189 2507 2160  815 6830 1327 2727 3517
  694 7108 2007 1238 6332 3931 3148 6978 4502 2355 2174 3239  875 1786
 4134 3438 3740  453 1176 2760 3938 1760 5904 2253 2925 6552]",955
204,0.4116681955785571,6,2189,2188,"[1884 3016 1334 3497  688 2450 2188 2507 2160  815 6830 1327 2727 3517
  694 7108 2007 1238 6332 3931 3148 6978 4502 2355 2174 3239  875 1786
 4134 3438 3740  453 1176 2760 3938 1760 5904 2253 2925 6552]",942
205,0.41142230804579083,10,6830,6901,"[1884 3016 1334 3497  688 2450 2188 2507 2160  815 6901 1327 2727 3517
  694 7108 2007 1238 6332 3931 3148 6978 4502 2355 2174 3239  875 1786
 4134 3438 3740  453 1176 2760 3938 1760 5904 2253 2925 6552]",924
206,0.4080269694968889,1,3016,2948,"[1884 2948 1334 3497  688 2450 2188 2507 2160  815 6901 1327 2727 3517
  694 7108 2007 1238 6332 3931 3148 6978 4502 2355 2174 3239  875 1786
 4134 3438 3740  453 1176 2760 3938 1760 5904 2253 2925 6552]",931
207,0.4095324731154386,1,2948,2875,"[1884 2875 1334 3497  688 2450 2188 2507 2160  815 6901 1327 2727 3517
  694 7108 2007 1238 6332 3931 3148 6978 4502 2355 2174 3239  875 1786
 4134 3438 3740  453 1176 2760 3938 1760 5904 2253 2925 6552]",931
208,0.4099484157462375,21,6978,7329,"[1884 2875 1334 3497  688 2450 2188 2507 2160  815 6901 1327 2727 3517
  694 7108 2007 1238 6332 3931 3148 7329 4502 2355 2174 3239  875 1786
 4134 3438 3740  453 1176 2760 3938 1760 5904 2253 2925 6552]",949
209,0.41022968205991783,19,3931,3929,"[1884 2875 1334 3497  688 2450 2188 2507 2160  815 6901 1327 2727 3517
  694 7108 2007 1238 6332 3929 3148 7329 4502 2355 2174 3239  875 1786
 4134 3438 3740  453 1176 2760 3938 1760 5904 2253 2925 6552]",953
210,0.41017491055545996,4,688,617,"[1884 2875 1334 3497  617 2450 2188 2507 2160  815 6901 1327 2727 3517
  694 7108 2007 1238 6332 3929 3148 7329 4502 2355 2174 3239  875 1786
 4134 3438 3740  453 1176 2760 3938 1760 5904 2253 2925 6552]",960
211,0.41035370187998943,36,5904,7122,"[1884 2875 1334 3497  617 2450 2188 2507 2160  815 6901 1327 2727 3517
  694 7108 2007 1238 6332 3929 3148 7329 4502 2355 2174 3239  875 1786
 4134 3438 3740  453 1176 2760 3938 1760 7122 2253 2925 6552]",954
212,0.40825813921965204,9,815,459,"[1884 2875 1334 3497  617 2450 2188 2507 2160  459 6901 1327 2727 3517
  694 7108 2007 1238 6332 3929 3148 7329 4502 2355 2174 3239  875 1786
 4134 3438 3740  453 1176 2760 3938 1760 7122 2253 2925 6552]",968
213,0.4085435008525478,19,3929,3717,"[1884 2875 1334 3497  617 2450 2188 2507 2160  459 6901 1327 2727 3517
  694 7108 2007 1238 6332 3717 3148 7329 4502 2355 2174 3239  875 1786
 4134 3438 3740  453 1176 2760 3938 1760 7122 2253 2925 6552]",954
214,0.40685383556047733,32,1176,1178,"[1884 2875 1334 3497  617 2450 2188 2507 2160  459 6901 1327 2727 3517
  694 7108 2007 1238 6332 3717 3148 7329 4502 2355 2174 3239  875 1786
 4134 3438 3740  453 1178 2760 3938 1760 7122 2253 2925 6552]",1000
215,0.4056494843056282,30,3740,3811,"[1884 2875 1334 3497  617 2450 2188 2507 2160  459 6901 1327 2727 3517
  694 7108 2007 1238 6332 3717 3148 7329 4502 2355 2174 3239  875 1786
 4134 3438 3811  453 1178 2760 3938 1760 7122 2253 2925 6552]",1012
216,0.4062609644550522,19,3717,3930,"[1884 2875 1334 3497  617 2450 2188 2507 2160  459 6901 1327 2727 3517
  694 7108 2007 1238 6332 3930 3148 7329 4502 2355 2174 3239  875 1786
 4134 3438 3811  453 1178 2760 3938 1760 7122 2253 2925 6552]",954
217,0.40681441888484837,30,3811,3883,"[1884 2875 1334 3497  617 2450 2188 2507 2160  459 6901 1327 2727 3517
  694 7108 2007 1238 6332 3930 3148 7329 4502 2355 2174 3239  875 1786
 4134 3438 3883  453 1178 2760 3938 1760 7122 2253 2925 6552]",1003
218,0.4075739817281081,8,2160,2302,"[1884 2875 1334 3497  617 2450 2188 2507 2302  459 6901 1327 2727 3517
  694 7108 2007 1238 6332 3930 3148 7329 4502 2355 2174 3239  875 1786
 4134 3438 3883  453 1178 2760 3938 1760 7122 2253 2925 6552]",958
219,0.4081332508075314,11,1327,1397,"[1884 2875 1334 3497  617 2450 2188 2507 2302  459 6901 1397 2727 3517
  694 7108 2007 1238 6332 3930 3148 7329 4502 2355 2174 3239  875 1786
 4134 3438 3883  453 1178 2760 3938 1760 7122 2253 2925 6552]",963
220,0.40684363851667416,14,694,553,"[1884 2875 1334 3497  617 2450 2188 2507 2302  459 6901 1397 2727 3517
  553 7108 2007 1238 6332 3930 3148 7329 4502 2355 2174 3239  875 1786
 4134 3438 3883  453 1178 2760 3938 1760 7122 2253 2925 6552]",967
221,0.4064543534995208,10,6901,6902,"[1884 2875 1334 3497  617 2450 2188 2507 2302  459 6902 1397 2727 3517
  553 7108 2007 1238 6332 3930 3148 7329 4502 2355 2174 3239  875 1786
 4134 3438 3883  453 1178 2760 3938 1760 7122 2253 2925 6552]",906
222,0.4062264378930961,23,2355,2284,"[1884 2875 1334 3497  617 2450 2188 2507 2302  459 6902 1397 2727 3517
  553 7108 2007 1238 6332 3930 3148 7329 4502 2284 2174 3239  875 1786
 4134 3438 3883  453 1178 2760 3938 1760 7122 2253 2925 6552]",935
223,0.40612016517125116,15,7108,7180,"[1884 2875 1334 3497  617 2450 2188 2507 2302  459 6902 1397 2727 3517
  553 7180 2007 1238 6332 3930 3148 7329 4502 2284 2174 3239  875 1786
 4134 3438 3883  453 1178 2760 3938 1760 7122 2253 2925 6552]",936
224,0.40520964098557044,19,3930,3929,"[1884 2875 1334 3497  617 2450 2188 2507 2302  459 6902 1397 2727 3517
  553 7180 2007 1238 6332 3929 3148 7329 4502 2284 2174 3239  875 1786
 4134 3438 3883  453 1178 2760 3938 1760 7122 2253 2925 6552]",942
225,0.4081708679381273,5,2450,912,"[1884 2875 1334 3497  617  912 2188 2507 2302  459 6902 1397 2727 3517
  553 7180 2007 1238 6332 3929 3148 7329 4502 2284 2174 3239  875 1786
 4134 3438 3883  453 1178 2760 3938 1760 7122 2253 2925 6552]",916
226,0.4076042274917225,29,3438,3507,"[1884 2875 1334 3497  617  912 2188 2507 2302  459 6902 1397 2727 3517
  553 7180 2007 1238 6332 3929 3148 7329 4502 2284 2174 3239  875 1786
 4134 3507 3883  453 1178 2760 3938 1760 7122 2253 2925 6552]",906
227,0.407928076382734,10,6902,6901,"[1884 2875 1334 3497  617  912 2188 2507 2302  459 6901 1397 2727 3517
  553 7180 2007 1238 6332 3929 3148 7329 4502 2284 2174 3239  875 1786
 4134 3507 3883  453 1178 2760 3938 1760 7122 2253 2925 6552]",897
228,0.407176351934832,8,2302,2301,"[1884 2875 1334 3497  617  912 2188 2507 2301  459 6901 1397 2727 3517
  553 7180 2007 1238 6332 3929 3148 7329 4502 2284 2174 3239  875 1786
 4134 3507 3883  453 1178 2760 3938 1760 7122 2253 2925 6552]",934
229,0.40753755056778096,13,3517,3590,"[1884 2875 1334 3497  617  912 2188 2507 2301  459 6901 1397 2727 3590
  553 7180 2007 1238 6332 3929 3148 7329 4502 2284 2174 3239  875 1786
 4134 3507 3883  453 1178 2760 3938 1760 7122 2253 2925 6552]",928
230,0.40746425673552855,22,4502,4361,"[1884 2875 1334 3497  617  912 2188 2507 2301  459 6901 1397 2727 3590
  553 7180 2007 1238 6332 3929 3148 7329 4361 2284 2174 3239  875 1786
 4134 3507 3883  453 1178 2760 3938 1760 7122 2253 2925 6552]",949
231,0.4066541359283222,3,3497,3354,"[1884 2875 1334 3354  617  912 2188 2507 2301  459 6901 1397 2727 3590
  553 7180 2007 1238 6332 3929 3148 7329 4361 2284 2174 3239  875 1786
 4134 3507 3883  453 1178 2760 3938 1760 7122 2253 2925 6552]",936
232,0.40833891071986794,1,2875,3016,"[1884 3016 1334 3354  617  912 2188 2507 2301  459 6901 1397 2727 3590
  553 7180 2007 1238 6332 3929 3148 7329 4361 2284 2174 3239  875 1786
 4134 3507 3883  453 1178 2760 3938 1760 7122 2253 2925 6552]",950
233,0.410672128863667,29,3507,3508,"[1884 3016 1334 3354  617  912 2188 2507 2301  459 6901 1397 2727 3590
  553 7180 2007 1238 6332 3929 3148 7329 4361 2284 2174 3239  875 1786
 4134 3508 3883  453 1178 2760 3938 1760 7122 2253 2925 6552]",917
234,0.40863546892165503,3,3354,3498,"[1884 3016 1334 3498  617  912 2188 2507 2301  459 6901 1397 2727 3590
  553 7180 2007 1238 6332 3929 3148 7329 4361 2284 2174 3239  875 1786
 4134 3508 3883  453 1178 2760 3938 1760 7122 2253 2925 6552]",947
235,0.40808922118740376,17,1238,1243,"[1884 3016 1334 3498  617  912 2188 2507 2301  459 6901 1397 2727 3590
  553 7180 2007 1243 6332 3929 3148 7329 4361 2284 2174 3239  875 1786
 4134 3508 3883  453 1178 2760 3938 1760 7122 2253 2925 6552]",1005
236,0.40847619303840005,20,3148,3219,"[1884 3016 1334 3498  617  912 2188 2507 2301  459 6901 1397 2727 3590
  553 7180 2007 1243 6332 3929 3219 7329 4361 2284 2174 3239  875 1786
 4134 3508 3883  453 1178 2760 3938 1760 7122 2253 2925 6552]",967
237,0.4096561718518079,8,2301,2520,"[1884 3016 1334 3498  617  912 2188 2507 2520  459 6901 1397 2727 3590
  553 7180 2007 1243 6332 3929 3219 7329 4361 2284 2174 3239  875 1786
 4134 3508 3883  453 1178 2760 3938 1760 7122 2253 2925 6552]",997
238,0.40933232296079636,10,6901,6902,"[1884 3016 1334 3498  617  912 2188 2507 2520  459 6902 1397 2727 3590
  553 7180 2007 1243 6332 3929 3219 7329 4361 2284 2174 3239  875 1786
 4134 3508 3883  453 1178 2760 3938 1760 7122 2253 2925 6552]",966
239,0.40953488641362223,0,1884,1876,"[1876 3016 1334 3498  617  912 2188 2507 2520  459 6902 1397 2727 3590
  553 7180 2007 1243 6332 3929 3219 7329 4361 2284 2174 3239  875 1786
 4134 3508 3883  453 1178 2760 3938 1760 7122 2253 2925 6552]",1013
240,0.40874608789167755,39,6552,884,"[1876 3016 1334 3498  617  912 2188 2507 2520  459 6902 1397 2727 3590
  553 7180 2007 1243 6332 3929 3219 7329 4361 2284 2174 3239  875 1786
 4134 3508 3883  453 1178 2760 3938 1760 7122 2253 2925  884]",961
241,0.40708599579462584,16,2007,6410,"[1876 3016 1334 3498  617  912 2188 2507 2520  459 6902 1397 2727 3590
  553 7180 6410 1243 6332 3929 3219 7329 4361 2284 2174 3239  875 1786
 4134 3508 3883  453 1178 2760 3938 1760 7122 2253 2925  884]",991
242,0.4072287330785268,25,3239,3167,"[1876 3016 1334 3498  617  912 2188 2507 2520  459 6902 1397 2727 3590
  553 7180 6410 1243 6332 3929 3219 7329 4361 2284 2174 3167  875 1786
 4134 3508 3883  453 1178 2760 3938 1760 7122 2253 2925  884]",999
243,0.40828110307370025,5,912,2148,"[1876 3016 1334 3498  617 2148 2188 2507 2520  459 6902 1397 2727 3590
  553 7180 6410 1243 6332 3929 3219 7329 4361 2284 2174 3167  875 1786
 4134 3508 3883  453 1178 2760 3938 1760 7122 2253 2925  884]",964
244,0.4082783134772332,13,3590,3518,"[1876 3016 1334 3498  617 2148 2188 2507 2520  459 6902 1397 2727 3518
  553 7180 6410 1243 6332 3929 3219 7329 4361 2284 2174 3167  875 1786
 4134 3508 3883  453 1178 2760 3938 1760 7122 2253 2925  884]",976
245,0.41150006437188424,2,1334,1050,"[1876 3016 1050 3498  617 2148 2188 2507 2520  459 6902 1397 2727 3518
  553 7180 6410 1243 6332 3929 3219 7329 4361 2284 2174 3167  875 1786
 4134 3508 3883  453 1178 2760 3938 1760 7122 2253 2925  884]",989
246,0.41266943119996,9,459,1743,"[1876 3016 1050 3498  617 2148 2188 2507 2520 1743 6902 1397 2727 3518
  553 7180 6410 1243 6332 3929 3219 7329 4361 2284 2174 3167  875 1786
 4134 3508 3883  453 1178 2760 3938 1760 7122 2253 2925  884]",967
247,0.41422593466876845,35,1760,1690,"[1876 3016 1050 3498  617 2148 2188 2507 2520 1743 6902 1397 2727 3518
  553 7180 6410 1243 6332 3929 3219 7329 4361 2284 2174 3167  875 1786
 4134 3508 3883  453 1178 2760 3938 1690 7122 2253 2925  884]",975
248,0.4143608079522011,19,3929,3930,"[1876 3016 1050 3498  617 2148 2188 2507 2520 1743 6902 1397 2727 3518
  553 7180 6410 1243 6332 3930 3219 7329 4361 2284 2174 3167  875 1786
 4134 3508 3883  453 1178 2760 3938 1690 7122 2253 2925  884]",952
249,0.41703379258310797,3,3498,3353,"[1876 3016 1050 3353  617 2148 2188 2507 2520 1743 6902 1397 2727 3518
  553 7180 6410 1243 6332 3930 3219 7329 4361 2284 2174 3167  875 1786
 4134 3508 3883  453 1178 2760 3938 1690 7122 2253 2925  884]",961
250,0.416732649463434,7,2507,2649,"[1876 3016 1050 3353  617 2148 2188 2649 2520 1743 6902 1397 2727 3518
  553 7180 6410 1243 6332 3930 3219 7329 4361 2284 2174 3167  875 1786
 4134 3508 3883  453 1178 2760 3938 1690 7122 2253 2925  884]",945
251,0.4165225157748825,33,2760,2759,"[1876 3016 1050 3353  617 2148 2188 2649 2520 1743 6902 1397 2727 3518
  553 7180 6410 1243 6332 3930 3219 7329 4361 2284 2174 3167  875 1786
 4134 3508 3883  453 1178 2759 3938 1690 7122 2253 2925  884]",996
252,0.416896960329312,26,875,876,"[1876 3016 1050 3353  617 2148 2188 2649 2520 1743 6902 1397 2727 3518
  553 7180 6410 1243 6332 3930 3219 7329 4361 2284 2174 3167  876 1786
 4134 3508 3883  453 1178 2759 3938 1690 7122 2253 2925  884]",979
253,0.41742863651913775,15,7180,7251,"[1876 3016 1050 3353  617 2148 2188 2649 2520 1743 6902 1397 2727 3518
  553 7251 6410 1243 6332 3930 3219 7329 4361 2284 2174 3167  876 1786
 4134 3508 3883  453 1178 2759 3938 1690 7122 2253 2925  884]",956
254,0.41630450657780316,30,3883,3739,"[1876 3016 1050 3353  617 2148 2188 2649 2520 1743 6902 1397 2727 3518
  553 7251 6410 1243 6332 3930 3219 7329 4361 2284 2174 3167  876 1786
 4134 3508 3739  453 1178 2759 3938 1690 7122 2253 2925  884]",1023
255,0.4151199084185381,31,453,387,"[1876 3016 1050 3353  617 2148 2188 2649 2520 1743 6902 1397 2727 3518
  553 7251 6410 1243 6332 3930 3219 7329 4361 2284 2174 3167  876 1786
 4134 3508 3739  387 1178 2759 3938 1690 7122 2253 2925  884]",981
256,0.4149712269903092,13,3518,3517,"[1876 3016 1050 3353  617 2148 2188 2649 2520 1743 6902 1397 2727 3517
  553 7251 6410 1243 6332 3930 3219 7329 4361 2284 2174 3167  876 1786
 4134 3508 3739  387 1178 2759 3938 1690 7122 2253 2925  884]",958
257,0.41428767176176207,4,617,547,"[1876 3016 1050 3353  547 2148 2188 2649 2520 1743 6902 1397 2727 3517
  553 7251 6410 1243 6332 3930 3219 7329 4361 2284 2174 3167  876 1786
 4134 3508 3739  387 1178 2759 3938 1690 7122 2253 2925  884]",990
258,0.4151791409296588,37,2253,2110,"[1876 3016 1050 3353  547 2148 2188 2649 2520 1743 6902 1397 2727 3517
  553 7251 6410 1243 6332 3930 3219 7329 4361 2284 2174 3167  876 1786
 4134 3508 3739  387 1178 2759 3938 1690 7122 2110 2925  884]",976
259,0.41715233244284255,19,3930,3713,"[1876 3016 1050 3353  547 2148 2188 2649 2520 1743 6902 1397 2727 3517
  553 7251 6410 1243 6332 3713 3219 7329 4361 2284 2174 3167  876 1786
 4134 3508 3739  387 1178 2759 3938 1690 7122 2110 2925  884]",984
260,0.41703368802382856,15,7251,7181,"[1876 3016 1050 3353  547 2148 2188 2649 2520 1743 6902 1397 2727 3517
  553 7181 6410 1243 6332 3713 3219 7329 4361 2284 2174 3167  876 1786
 4134 3508 3739  387 1178 2759 3938 1690 7122 2110 2925  884]",986
261,0.4165114520027575,33,2759,450,"[1876 3016 1050 3353  547 2148 2188 2649 2520 1743 6902 1397 2727 3517
  553 7181 6410 1243 6332 3713 3219 7329 4361 2284 2174 3167  876 1786
 4134 3508 3739  387 1178  450 3938 1690 7122 2110 2925  884]",1032
262,0.4156375086206041,35,1690,1762,"[1876 3016 1050 3353  547 2148 2188 2649 2520 1743 6902 1397 2727 3517
  553 7181 6410 1243 6332 3713 3219 7329 4361 2284 2174 3167  876 1786
 4134 3508 3739  387 1178  450 3938 1762 7122 2110 2925  884]",1051
263,0.41543492574772156,10,6902,6831,"[1876 3016 1050 3353  547 2148 2188 2649 2520 1743 6831 1397 2727 3517
  553 7181 6410 1243 6332 3713 3219 7329 4361 2284 2174 3167  876 1786
 4134 3508 3739  387 1178  450 3938 1762 7122 2110 2925  884]",1017
264,0.41570703975194623,8,2520,2376,"[1876 3016 1050 3353  547 2148 2188 2649 2376 1743 6831 1397 2727 3517
  553 7181 6410 1243 6332 3713 3219 7329 4361 2284 2174 3167  876 1786
 4134 3508 3739  387 1178  450 3938 1762 7122 2110 2925  884]",1051
265,0.4155594969604262,34,3938,3940,"[1876 3016 1050 3353  547 2148 2188 2649 2376 1743 6831 1397 2727 3517
  553 7181 6410 1243 6332 3713 3219 7329 4361 2284 2174 3167  876 1786
 4134 3508 3739  387 1178  450 3940 1762 7122 2110 2925  884]",1040
266,0.41709068954995016,30,3739,3740,"[1876 3016 1050 3353  547 2148 2188 2649 2376 1743 6831 1397 2727 3517
  553 7181 6410 1243 6332 3713 3219 7329 4361 2284 2174 3167  876 1786
 4134 3508 3740  387 1178  450 3940 1762 7122 2110 2925  884]",1088
267,0.4162261613292179,1,3016,3017,"[1876 3017 1050 3353  547 2148 2188 2649 2376 1743 6831 1397 2727 3517
  553 7181 6410 1243 6332 3713 3219 7329 4361 2284 2174 3167  876 1786
 4134 3508 3740  387 1178  450 3940 1762 7122 2110 2925  884]",1020
268,0.4158792021315669,22,4361,4290,"[1876 3017 1050 3353  547 2148 2188 2649 2376 1743 6831 1397 2727 3517
  553 7181 6410 1243 6332 3713 3219 7329 4290 2284 2174 3167  876 1786
 4134 3508 3740  387 1178  450 3940 1762 7122 2110 2925  884]",1072
269,0.41730897754969437,17,1243,2692,"[1876 3017 1050 3353  547 2148 2188 2649 2376 1743 6831 1397 2727 3517
  553 7181 6410 2692 6332 3713 3219 7329 4290 2284 2174 3167  876 1786
 4134 3508 3740  387 1178  450 3940 1762 7122 2110 2925  884]",1010
270,0.41771930484255526,9,1743,3746,"[1876 3017 1050 3353  547 2148 2188 2649 2376 3746 6831 1397 2727 3517
  553 7181 6410 2692 6332 3713 3219 7329 4290 2284 2174 3167  876 1786
 4134 3508 3740  387 1178  450 3940 1762 7122 2110 2925  884]",984
271,0.4167656750593334,25,3167,3026,"[1876 3017 1050 3353  547 2148 2188 2649 2376 3746 6831 1397 2727 3517
  553 7181 6410 2692 6332 3713 3219 7329 4290 2284 2174 3026  876 1786
 4134 3508 3740  387 1178  450 3940 1762 7122 2110 2925  884]",1002
272,0.4163553590793285,27,1786,1787,"[1876 3017 1050 3353  547 2148 2188 2649 2376 3746 6831 1397 2727 3517
  553 7181 6410 2692 6332 3713 3219 7329 4290 2284 2174 3026  876 1787
 4134 3508 3740  387 1178  450 3940 1762 7122 2110 2925  884]",940
273,0.4161856679049113,16,6410,1308,"[1876 3017 1050 3353  547 2148 2188 2649 2376 3746 6831 1397 2727 3517
  553 7181 1308 2692 6332 3713 3219 7329 4290 2284 2174 3026  876 1787
 4134 3508 3740  387 1178  450 3940 1762 7122 2110 2925  884]",975
274,0.4158652078292344,31,387,1743,"[1876 3017 1050 3353  547 2148 2188 2649 2376 3746 6831 1397 2727 3517
  553 7181 1308 2692 6332 3713 3219 7329 4290 2284 2174 3026  876 1787
 4134 3508 3740 1743 1178  450 3940 1762 7122 2110 2925  884]",976
275,0.41526971714424793,20,3219,3218,"[1876 3017 1050 3353  547 2148 2188 2649 2376 3746 6831 1397 2727 3517
  553 7181 1308 2692 6332 3713 3218 7329 4290 2284 2174 3026  876 1787
 4134 3508 3740 1743 1178  450 3940 1762 7122 2110 2925  884]",944
276,0.4156266244476051,28,4134,4205,"[1876 3017 1050 3353  547 2148 2188 2649 2376 3746 6831 1397 2727 3517
  553 7181 1308 2692 6332 3713 3218 7329 4290 2284 2174 3026  876 1787
 4205 3508 3740 1743 1178  450 3940 1762 7122 2110 2925  884]",1014
277,0.4162219891579545,20,3218,3219,"[1876 3017 1050 3353  547 2148 2188 2649 2376 3746 6831 1397 2727 3517
  553 7181 1308 2692 6332 3713 3219 7329 4290 2284 2174 3026  876 1787
 4205 3508 3740 1743 1178  450 3940 1762 7122 2110 2925  884]",938
278,0.4157105286310702,34,3940,3868,"[1876 3017 1050 3353  547 2148 2188 2649 2376 3746 6831 1397 2727 3517
  553 7181 1308 2692 6332 3713 3219 7329 4290 2284 2174 3026  876 1787
 4205 3508 3740 1743 1178  450 3868 1762 7122 2110 2925  884]",956
279,0.4161888209683231,32,1178,1175,"[1876 3017 1050 3353  547 2148 2188 2649 2376 3746 6831 1397 2727 3517
  553 7181 1308 2692 6332 3713 3219 7329 4290 2284 2174 3026  876 1787
 4205 3508 3740 1743 1175  450 3868 1762 7122 2110 2925  884]",991
280,0.41703588573819667,25,3026,3239,"[1876 3017 1050 3353  547 2148 2188 2649 2376 3746 6831 1397 2727 3517
  553 7181 1308 2692 6332 3713 3219 7329 4290 2284 2174 3239  876 1787
 4205 3508 3740 1743 1175  450 3868 1762 7122 2110 2925  884]",1022
281,0.41615519712425786,37,2110,2253,"[1876 3017 1050 3353  547 2148 2188 2649 2376 3746 6831 1397 2727 3517
  553 7181 1308 2692 6332 3713 3219 7329 4290 2284 2174 3239  876 1787
 4205 3508 3740 1743 1175  450 3868 1762 7122 2253 2925  884]",1003
282,0.4165068661326864,2,1050,1049,"[1876 3017 1049 3353  547 2148 2188 2649 2376 3746 6831 1397 2727 3517
  553 7181 1308 2692 6332 3713 3219 7329 4290 2284 2174 3239  876 1787
 4205 3508 3740 1743 1175  450 3868 1762 7122 2253 2925  884]",1015
283,0.41651614386127805,33,450,453,"[1876 3017 1049 3353  547 2148 2188 2649 2376 3746 6831 1397 2727 3517
  553 7181 1308 2692 6332 3713 3219 7329 4290 2284 2174 3239  876 1787
 4205 3508 3740 1743 1175  453 3868 1762 7122 2253 2925  884]",1002
284,0.41703888140600903,27,1787,1858,"[1876 3017 1049 3353  547 2148 2188 2649 2376 3746 6831 1397 2727 3517
  553 7181 1308 2692 6332 3713 3219 7329 4290 2284 2174 3239  876 1858
 4205 3508 3740 1743 1175  453 3868 1762 7122 2253 2925  884]",983
285,0.41726735485194644,7,2649,2507,"[1876 3017 1049 3353  547 2148 2188 2507 2376 3746 6831 1397 2727 3517
  553 7181 1308 2692 6332 3713 3219 7329 4290 2284 2174 3239  876 1858
 4205 3508 3740 1743 1175  453 3868 1762 7122 2253 2925  884]",991
286,0.4119771288852194,29,3508,3578,"[1876 3017 1049 3353  547 2148 2188 2507 2376 3746 6831 1397 2727 3517
  553 7181 1308 2692 6332 3713 3219 7329 4290 2284 2174 3239  876 1858
 4205 3578 3740 1743 1175  453 3868 1762 7122 2253 2925  884]",974
287,0.41166633321181545,30,3740,3882,"[1876 3017 1049 3353  547 2148 2188 2507 2376 3746 6831 1397 2727 3517
  553 7181 1308 2692 6332 3713 3219 7329 4290 2284 2174 3239  876 1858
 4205 3578 3882 1743 1175  453 3868 1762 7122 2253 2925  884]",998
288,0.41602376158972154,12,2727,2797,"[1876 3017 1049 3353  547 2148 2188 2507 2376 3746 6831 1397 2797 3517
  553 7181 1308 2692 6332 3713 3219 7329 4290 2284 2174 3239  876 1858
 4205 3578 3882 1743 1175  453 3868 1762 7122 2253 2925  884]",949
289,0.4184593926797886,29,3578,3648,"[1876 3017 1049 3353  547 2148 2188 2507 2376 3746 6831 1397 2797 3517
  553 7181 1308 2692 6332 3713 3219 7329 4290 2284 2174 3239  876 1858
 4205 3648 3882 1743 1175  453 3868 1762 7122 2253 2925  884]",958
290,0.4186108311427344,17,2692,2758,"[1876 3017 1049 3353  547 2148 2188 2507 2376 3746 6831 1397 2797 3517
  553 7181 1308 2758 6332 3713 3219 7329 4290 2284 2174 3239  876 1858
 4205 3648 3882 1743 1175  453 3868 1762 7122 2253 2925  884]",1015
291,0.4191972669123638,8,2376,2520,"[1876 3017 1049 3353  547 2148 2188 2507 2520 3746 6831 1397 2797 3517
  553 7181 1308 2758 6332 3713 3219 7329 4290 2284 2174 3239  876 1858
 4205 3648 3882 1743 1175  453 3868 1762 7122 2253 2925  884]",985
292,0.41894318548879783,18,6332,6116,"[1876 3017 1049 3353  547 2148 2188 2507 2520 3746 6831 1397 2797 3517
  553 7181 1308 2758 6116 3713 3219 7329 4290 2284 2174 3239  876 1858
 4205 3648 3882 1743 1175  453 3868 1762 7122 2253 2925  884]",1011
293,0.41856402908338,17,2758,2762,"[1876 3017 1049 3353  547 2148 2188 2507 2520 3746 6831 1397 2797 3517
  553 7181 1308 2762 6116 3713 3219 7329 4290 2284 2174 3239  876 1858
 4205 3648 3882 1743 1175  453 3868 1762 7122 2253 2925  884]",1003
294,0.4197783287054117,1,3017,3016,"[1876 3016 1049 3353  547 2148 2188 2507 2520 3746 6831 1397 2797 3517
  553 7181 1308 2762 6116 3713 3219 7329 4290 2284 2174 3239  876 1858
 4205 3648 3882 1743 1175  453 3868 1762 7122 2253 2925  884]",957
295,0.41941724538313335,6,2188,2259,"[1876 3016 1049 3353  547 2148 2259 2507 2520 3746 6831 1397 2797 3517
  553 7181 1308 2762 6116 3713 3219 7329 4290 2284 2174 3239  876 1858
 4205 3648 3882 1743 1175  453 3868 1762 7122 2253 2925  884]",957
296,0.42178072319374954,29,3648,3508,"[1876 3016 1049 3353  547 2148 2259 2507 2520 3746 6831 1397 2797 3517
  553 7181 1308 2762 6116 3713 3219 7329 4290 2284 2174 3239  876 1858
 4205 3508 3882 1743 1175  453 3868 1762 7122 2253 2925  884]",942
297,0.42179286755469797,15,7181,7108,"[1876 3016 1049 3353  547 2148 2259 2507 2520 3746 6831 1397 2797 3517
  553 7108 1308 2762 6116 3713 3219 7329 4290 2284 2174 3239  876 1858
 4205 3508 3882 1743 1175  453 3868 1762 7122 2253 2925  884]",961
298,0.41992215093429813,35,1762,1693,"[1876 3016 1049 3353  547 2148 2259 2507 2520 3746 6831 1397 2797 3517
  553 7108 1308 2762 6116 3713 3219 7329 4290 2284 2174 3239  876 1858
 4205 3508 3882 1743 1175  453 3868 1693 7122 2253 2925  884]",982
299,0.4186696073077381,37,2253,2180,"[1876 3016 1049 3353  547 2148 2259 2507 2520 3746 6831 1397 2797 3517
  553 7108 1308 2762 6116 3713 3219 7329 4290 2284 2174 3239  876 1858
 4205 3508 3882 1743 1175  453 3868 1693 7122 2180 2925  884]",972
300,0.41878588242775827,22,4290,4573,"[1876 3016 1049 3353  547 2148 2259 2507 2520 3746 6831 1397 2797 3517
  553 7108 1308 2762 6116 3713 3219 7329 4573 2284 2174 3239  876 1858
 4205 3508 3882 1743 1175  453 3868 1693 7122 2180 2925  884]",1007
301,0.4183681954752668,30,3882,3952,"[1876 3016 1049 3353  547 2148 2259 2507 2520 3746 6831 1397 2797 3517
  553 7108 1308 2762 6116 3713 3219 7329 4573 2284 2174 3239  876 1858
 4205 3508 3952 1743 1175  453 3868 1693 7122 2180 2925  884]",985
302,0.4181757087249065,28,4205,4133,"[1876 3016 1049 3353  547 2148 2259 2507 2520 3746 6831 1397 2797 3517
  553 7108 1308 2762 6116 3713 3219 7329 4573 2284 2174 3239  876 1858
 4133 3508 3952 1743 1175  453 3868 1693 7122 2180 2925  884]",1006
303,0.42108785222831174,0,1876,6481,"[6481 3016 1049 3353  547 2148 2259 2507 2520 3746 6831 1397 2797 3517
  553 7108 1308 2762 6116 3713 3219 7329 4573 2284 2174 3239  876 1858
 4133 3508 3952 1743 1175  453 3868 1693 7122 2180 2925  884]",985
304,0.42205566522954296,34,3868,3867,"[6481 3016 1049 3353  547 2148 2259 2507 2520 3746 6831 1397 2797 3517
  553 7108 1308 2762 6116 3713 3219 7329 4573 2284 2174 3239  876 1858
 4133 3508 3952 1743 1175  453 3867 1693 7122 2180 2925  884]",968
305,0.42138917431650835,24,2174,2102,"[6481 3016 1049 3353  547 2148 2259 2507 2520 3746 6831 1397 2797 3517
  553 7108 1308 2762 6116 3713 3219 7329 4573 2284 2102 3239  876 1858
 4133 3508 3952 1743 1175  453 3867 1693 7122 2180 2925  884]",956
306,0.42156728977468194,33,453,451,"[6481 3016 1049 3353  547 2148 2259 2507 2520 3746 6831 1397 2797 3517
  553 7108 1308 2762 6116 3713 3219 7329 4573 2284 2102 3239  876 1858
 4133 3508 3952 1743 1175  451 3867 1693 7122 2180 2925  884]",965
307,0.42025831487879417,14,553,842,"[6481 3016 1049 3353  547 2148 2259 2507 2520 3746 6831 1397 2797 3517
  842 7108 1308 2762 6116 3713 3219 7329 4573 2284 2102 3239  876 1858
 4133 3508 3952 1743 1175  451 3867 1693 7122 2180 2925  884]",968
308,0.42024492977302014,26,876,946,"[6481 3016 1049 3353  547 2148 2259 2507 2520 3746 6831 1397 2797 3517
  842 7108 1308 2762 6116 3713 3219 7329 4573 2284 2102 3239  946 1858
 4133 3508 3952 1743 1175  451 3867 1693 7122 2180 2925  884]",958
309,0.4190894423193413,15,7108,7036,"[6481 3016 1049 3353  547 2148 2259 2507 2520 3746 6831 1397 2797 3517
  842 7036 1308 2762 6116 3713 3219 7329 4573 2284 2102 3239  946 1858
 4133 3508 3952 1743 1175  451 3867 1693 7122 2180 2925  884]",949
310,0.41957598676907937,15,7036,6967,"[6481 3016 1049 3353  547 2148 2259 2507 2520 3746 6831 1397 2797 3517
  842 6967 1308 2762 6116 3713 3219 7329 4573 2284 2102 3239  946 1858
 4133 3508 3952 1743 1175  451 3867 1693 7122 2180 2925  884]",949
311,0.4201758058963455,9,3746,4074,"[6481 3016 1049 3353  547 2148 2259 2507 2520 4074 6831 1397 2797 3517
  842 6967 1308 2762 6116 3713 3219 7329 4573 2284 2102 3239  946 1858
 4133 3508 3952 1743 1175  451 3867 1693 7122 2180 2925  884]",959
312,0.420327988596113,10,6831,6902,"[6481 3016 1049 3353  547 2148 2259 2507 2520 4074 6902 1397 2797 3517
  842 6967 1308 2762 6116 3713 3219 7329 4573 2284 2102 3239  946 1858
 4133 3508 3952 1743 1175  451 3867 1693 7122 2180 2925  884]",951
313,0.42017447707940897,20,3219,3218,"[6481 3016 1049 3353  547 2148 2259 2507 2520 4074 6902 1397 2797 3517
  842 6967 1308 2762 6116 3713 3218 7329 4573 2284 2102 3239  946 1858
 4133 3508 3952 1743 1175  451 3867 1693 7122 2180 2925  884]",957
314,0.41990471408947583,28,4133,4134,"[6481 3016 1049 3353  547 2148 2259 2507 2520 4074 6902 1397 2797 3517
  842 6967 1308 2762 6116 3713 3218 7329 4573 2284 2102 3239  946 1858
 4134 3508 3952 1743 1175  451 3867 1693 7122 2180 2925  884]",1030
315,0.41990901399809216,28,4134,4203,"[6481 3016 1049 3353  547 2148 2259 2507 2520 4074 6902 1397 2797 3517
  842 6967 1308 2762 6116 3713 3218 7329 4573 2284 2102 3239  946 1858
 4203 3508 3952 1743 1175  451 3867 1693 7122 2180 2925  884]",1030
316,0.4201365030068571,20,3218,3217,"[6481 3016 1049 3353  547 2148 2259 2507 2520 4074 6902 1397 2797 3517
  842 6967 1308 2762 6116 3713 3217 7329 4573 2284 2102 3239  946 1858
 4203 3508 3952 1743 1175  451 3867 1693 7122 2180 2925  884]",948
317,0.420291061180742,18,6116,5976,"[6481 3016 1049 3353  547 2148 2259 2507 2520 4074 6902 1397 2797 3517
  842 6967 1308 2762 5976 3713 3217 7329 4573 2284 2102 3239  946 1858
 4203 3508 3952 1743 1175  451 3867 1693 7122 2180 2925  884]",1018
318,0.4214251771411991,38,2925,2711,"[6481 3016 1049 3353  547 2148 2259 2507 2520 4074 6902 1397 2797 3517
  842 6967 1308 2762 5976 3713 3217 7329 4573 2284 2102 3239  946 1858
 4203 3508 3952 1743 1175  451 3867 1693 7122 2180 2711  884]",959
319,0.4209831132124705,31,1743,1603,"[6481 3016 1049 3353  547 2148 2259 2507 2520 4074 6902 1397 2797 3517
  842 6967 1308 2762 5976 3713 3217 7329 4573 2284 2102 3239  946 1858
 4203 3508 3952 1603 1175  451 3867 1693 7122 2180 2711  884]",972
320,0.4200130483312079,38,2711,2784,"[6481 3016 1049 3353  547 2148 2259 2507 2520 4074 6902 1397 2797 3517
  842 6967 1308 2762 5976 3713 3217 7329 4573 2284 2102 3239  946 1858
 4203 3508 3952 1603 1175  451 3867 1693 7122 2180 2784  884]",978
321,0.4205976442765358,4,547,760,"[6481 3016 1049 3353  760 2148 2259 2507 2520 4074 6902 1397 2797 3517
  842 6967 1308 2762 5976 3713 3217 7329 4573 2284 2102 3239  946 1858
 4203 3508 3952 1603 1175  451 3867 1693 7122 2180 2784  884]",1034
322,0.4206244199312197,14,842,555,"[6481 3016 1049 3353  760 2148 2259 2507 2520 4074 6902 1397 2797 3517
  555 6967 1308 2762 5976 3713 3217 7329 4573 2284 2102 3239  946 1858
 4203 3508 3952 1603 1175  451 3867 1693 7122 2180 2784  884]",1020
323,0.41929180198674143,7,2507,2371,"[6481 3016 1049 3353  760 2148 2259 2371 2520 4074 6902 1397 2797 3517
  555 6967 1308 2762 5976 3713 3217 7329 4573 2284 2102 3239  946 1858
 4203 3508 3952 1603 1175  451 3867 1693 7122 2180 2784  884]",987
324,0.4149528940285225,12,2797,3081,"[6481 3016 1049 3353  760 2148 2259 2371 2520 4074 6902 1397 3081 3517
  555 6967 1308 2762 5976 3713 3217 7329 4573 2284 2102 3239  946 1858
 4203 3508 3952 1603 1175  451 3867 1693 7122 2180 2784  884]",957
325,0.41451837166951777,9,4074,2648,"[6481 3016 1049 3353  760 2148 2259 2371 2520 2648 6902 1397 3081 3517
  555 6967 1308 2762 5976 3713 3217 7329 4573 2284 2102 3239  946 1858
 4203 3508 3952 1603 1175  451 3867 1693 7122 2180 2784  884]",966
326,0.4141033472241636,18,5976,6119,"[6481 3016 1049 3353  760 2148 2259 2371 2520 2648 6902 1397 3081 3517
  555 6967 1308 2762 6119 3713 3217 7329 4573 2284 2102 3239  946 1858
 4203 3508 3952 1603 1175  451 3867 1693 7122 2180 2784  884]",1041
327,0.41485585352098325,39,884,810,"[6481 3016 1049 3353  760 2148 2259 2371 2520 2648 6902 1397 3081 3517
  555 6967 1308 2762 6119 3713 3217 7329 4573 2284 2102 3239  946 1858
 4203 3508 3952 1603 1175  451 3867 1693 7122 2180 2784  810]",991
328,0.4148656428184381,18,6119,6046,"[6481 3016 1049 3353  760 2148 2259 2371 2520 2648 6902 1397 3081 3517
  555 6967 1308 2762 6046 3713 3217 7329 4573 2284 2102 3239  946 1858
 4203 3508 3952 1603 1175  451 3867 1693 7122 2180 2784  810]",1050
329,0.41505919367781663,17,2762,2833,"[6481 3016 1049 3353  760 2148 2259 2371 2520 2648 6902 1397 3081 3517
  555 6967 1308 2833 6046 3713 3217 7329 4573 2284 2102 3239  946 1858
 4203 3508 3952 1603 1175  451 3867 1693 7122 2180 2784  810]",1031
330,0.41526934668279025,17,2833,2761,"[6481 3016 1049 3353  760 2148 2259 2371 2520 2648 6902 1397 3081 3517
  555 6967 1308 2761 6046 3713 3217 7329 4573 2284 2102 3239  946 1858
 4203 3508 3952 1603 1175  451 3867 1693 7122 2180 2784  810]",1031
331,0.4161382518666855,9,2648,2578,"[6481 3016 1049 3353  760 2148 2259 2371 2520 2578 6902 1397 3081 3517
  555 6967 1308 2761 6046 3713 3217 7329 4573 2284 2102 3239  946 1858
 4203 3508 3952 1603 1175  451 3867 1693 7122 2180 2784  810]",972
332,0.41578531482836734,18,6046,6117,"[6481 3016 1049 3353  760 2148 2259 2371 2520 2578 6902 1397 3081 3517
  555 6967 1308 2761 6117 3713 3217 7329 4573 2284 2102 3239  946 1858
 4203 3508 3952 1603 1175  451 3867 1693 7122 2180 2784  810]",1049
333,0.41567739985790064,33,451,378,"[6481 3016 1049 3353  760 2148 2259 2371 2520 2578 6902 1397 3081 3517
  555 6967 1308 2761 6117 3713 3217 7329 4573 2284 2102 3239  946 1858
 4203 3508 3952 1603 1175  378 3867 1693 7122 2180 2784  810]",995
334,0.41439727557445827,17,2761,2550,"[6481 3016 1049 3353  760 2148 2259 2371 2520 2578 6902 1397 3081 3517
  555 6967 1308 2550 6117 3713 3217 7329 4573 2284 2102 3239  946 1858
 4203 3508 3952 1603 1175  378 3867 1693 7122 2180 2784  810]",1031
335,0.4131792345282902,4,760,475,"[6481 3016 1049 3353  475 2148 2259 2371 2520 2578 6902 1397 3081 3517
  555 6967 1308 2550 6117 3713 3217 7329 4573 2284 2102 3239  946 1858
 4203 3508 3952 1603 1175  378 3867 1693 7122 2180 2784  810]",1016
336,0.41433459979396736,7,2371,2443,"[6481 3016 1049 3353  475 2148 2259 2443 2520 2578 6902 1397 3081 3517
  555 6967 1308 2550 6117 3713 3217 7329 4573 2284 2102 3239  946 1858
 4203 3508 3952 1603 1175  378 3867 1693 7122 2180 2784  810]",989
337,0.41337375213842714,22,4573,4430,"[6481 3016 1049 3353  475 2148 2259 2443 2520 2578 6902 1397 3081 3517
  555 6967 1308 2550 6117 3713 3217 7329 4430 2284 2102 3239  946 1858
 4203 3508 3952 1603 1175  378 3867 1693 7122 2180 2784  810]",1036
338,0.41102445192837844,1,3016,2946,"[6481 2946 1049 3353  475 2148 2259 2443 2520 2578 6902 1397 3081 3517
  555 6967 1308 2550 6117 3713 3217 7329 4430 2284 2102 3239  946 1858
 4203 3508 3952 1603 1175  378 3867 1693 7122 2180 2784  810]",962
339,0.41328168757510175,37,2180,2182,"[6481 2946 1049 3353  475 2148 2259 2443 2520 2578 6902 1397 3081 3517
  555 6967 1308 2550 6117 3713 3217 7329 4430 2284 2102 3239  946 1858
 4203 3508 3952 1603 1175  378 3867 1693 7122 2182 2784  810]",997
340,0.41427279944502193,38,2784,2781,"[6481 2946 1049 3353  475 2148 2259 2443 2520 2578 6902 1397 3081 3517
  555 6967 1308 2550 6117 3713 3217 7329 4430 2284 2102 3239  946 1858
 4203 3508 3952 1603 1175  378 3867 1693 7122 2182 2781  810]",972
341,0.4139388066211107,5,2148,2078,"[6481 2946 1049 3353  475 2078 2259 2443 2520 2578 6902 1397 3081 3517
  555 6967 1308 2550 6117 3713 3217 7329 4430 2284 2102 3239  946 1858
 4203 3508 3952 1603 1175  378 3867 1693 7122 2182 2781  810]",979
342,0.41300349819172805,19,3713,3715,"[6481 2946 1049 3353  475 2078 2259 2443 2520 2578 6902 1397 3081 3517
  555 6967 1308 2550 6117 3715 3217 7329 4430 2284 2102 3239  946 1858
 4203 3508 3952 1603 1175  378 3867 1693 7122 2182 2781  810]",976
343,0.4126344108522691,9,2578,2504,"[6481 2946 1049 3353  475 2078 2259 2443 2520 2504 6902 1397 3081 3517
  555 6967 1308 2550 6117 3715 3217 7329 4430 2284 2102 3239  946 1858
 4203 3508 3952 1603 1175  378 3867 1693 7122 2182 2781  810]",965
344,0.4109110397307264,21,7329,7328,"[6481 2946 1049 3353  475 2078 2259 2443 2520 2504 6902 1397 3081 3517
  555 6967 1308 2550 6117 3715 3217 7328 4430 2284 2102 3239  946 1858
 4203 3508 3952 1603 1175  378 3867 1693 7122 2182 2781  810]",952
345,0.41064946811291014,14,555,843,"[6481 2946 1049 3353  475 2078 2259 2443 2520 2504 6902 1397 3081 3517
  843 6967 1308 2550 6117 3715 3217 7328 4430 2284 2102 3239  946 1858
 4203 3508 3952 1603 1175  378 3867 1693 7122 2182 2781  810]",986
346,0.4107796274581614,28,4203,4134,"[6481 2946 1049 3353  475 2078 2259 2443 2520 2504 6902 1397 3081 3517
  843 6967 1308 2550 6117 3715 3217 7328 4430 2284 2102 3239  946 1858
 4134 3508 3952 1603 1175  378 3867 1693 7122 2182 2781  810]",1046
347,0.4120357310444713,5,2078,623,"[6481 2946 1049 3353  475  623 2259 2443 2520 2504 6902 1397 3081 3517
  843 6967 1308 2550 6117 3715 3217 7328 4430 2284 2102 3239  946 1858
 4134 3508 3952 1603 1175  378 3867 1693 7122 2182 2781  810]",992
348,0.4133529857678053,14,843,2080,"[6481 2946 1049 3353  475  623 2259 2443 2520 2504 6902 1397 3081 3517
 2080 6967 1308 2550 6117 3715 3217 7328 4430 2284 2102 3239  946 1858
 4134 3508 3952 1603 1175  378 3867 1693 7122 2182 2781  810]",1004
349,0.4129816734801853,11,1397,1470,"[6481 2946 1049 3353  475  623 2259 2443 2520 2504 6902 1470 3081 3517
 2080 6967 1308 2550 6117 3715 3217 7328 4430 2284 2102 3239  946 1858
 4134 3508 3952 1603 1175  378 3867 1693 7122 2182 2781  810]",1015
350,0.41253763444542496,26,946,804,"[6481 2946 1049 3353  475  623 2259 2443 2520 2504 6902 1470 3081 3517
 2080 6967 1308 2550 6117 3715 3217 7328 4430 2284 2102 3239  804 1858
 4134 3508 3952 1603 1175  378 3867 1693 7122 2182 2781  810]",993
351,0.41126986282945005,13,3517,3446,"[6481 2946 1049 3353  475  623 2259 2443 2520 2504 6902 1470 3081 3446
 2080 6967 1308 2550 6117 3715 3217 7328 4430 2284 2102 3239  804 1858
 4134 3508 3952 1603 1175  378 3867 1693 7122 2182 2781  810]",990
352,0.4098790940073519,20,3217,3075,"[6481 2946 1049 3353  475  623 2259 2443 2520 2504 6902 1470 3081 3446
 2080 6967 1308 2550 6117 3715 3075 7328 4430 2284 2102 3239  804 1858
 4134 3508 3952 1603 1175  378 3867 1693 7122 2182 2781  810]",979
353,0.4117282695528854,1,2946,3017,"[6481 3017 1049 3353  475  623 2259 2443 2520 2504 6902 1470 3081 3446
 2080 6967 1308 2550 6117 3715 3075 7328 4430 2284 2102 3239  804 1858
 4134 3508 3952 1603 1175  378 3867 1693 7122 2182 2781  810]",981
354,0.4119551641130807,30,3952,3812,"[6481 3017 1049 3353  475  623 2259 2443 2520 2504 6902 1470 3081 3446
 2080 6967 1308 2550 6117 3715 3075 7328 4430 2284 2102 3239  804 1858
 4134 3508 3812 1603 1175  378 3867 1693 7122 2182 2781  810]",1061
355,0.4133117305063285,32,1175,1176,"[6481 3017 1049 3353  475  623 2259 2443 2520 2504 6902 1470 3081 3446
 2080 6967 1308 2550 6117 3715 3075 7328 4430 2284 2102 3239  804 1858
 4134 3508 3812 1603 1176  378 3867 1693 7122 2182 2781  810]",1025
356,0.4135380182503289,33,378,3534,"[6481 3017 1049 3353  475  623 2259 2443 2520 2504 6902 1470 3081 3446
 2080 6967 1308 2550 6117 3715 3075 7328 4430 2284 2102 3239  804 1858
 4134 3508 3812 1603 1176 3534 3867 1693 7122 2182 2781  810]",986
357,0.41501028680824587,18,6117,6118,"[6481 3017 1049 3353  475  623 2259 2443 2520 2504 6902 1470 3081 3446
 2080 6967 1308 2550 6118 3715 3075 7328 4430 2284 2102 3239  804 1858
 4134 3508 3812 1603 1176 3534 3867 1693 7122 2182 2781  810]",1034
358,0.4142003227074061,25,3239,3097,"[6481 3017 1049 3353  475  623 2259 2443 2520 2504 6902 1470 3081 3446
 2080 6967 1308 2550 6118 3715 3075 7328 4430 2284 2102 3097  804 1858
 4134 3508 3812 1603 1176 3534 3867 1693 7122 2182 2781  810]",1005
359,0.41317268049289746,19,3715,3714,"[6481 3017 1049 3353  475  623 2259 2443 2520 2504 6902 1470 3081 3446
 2080 6967 1308 2550 6118 3714 3075 7328 4430 2284 2102 3097  804 1858
 4134 3508 3812 1603 1176 3534 3867 1693 7122 2182 2781  810]",965
360,0.4129643223619568,28,4134,4276,"[6481 3017 1049 3353  475  623 2259 2443 2520 2504 6902 1470 3081 3446
 2080 6967 1308 2550 6118 3714 3075 7328 4430 2284 2102 3097  804 1858
 4276 3508 3812 1603 1176 3534 3867 1693 7122 2182 2781  810]",1019
361,0.4141224612218546,33,3534,4436,"[6481 3017 1049 3353  475  623 2259 2443 2520 2504 6902 1470 3081 3446
 2080 6967 1308 2550 6118 3714 3075 7328 4430 2284 2102 3097  804 1858
 4276 3508 3812 1603 1176 4436 3867 1693 7122 2182 2781  810]",964
362,0.4138800653214764,14,2080,1735,"[6481 3017 1049 3353  475  623 2259 2443 2520 2504 6902 1470 3081 3446
 1735 6967 1308 2550 6118 3714 3075 7328 4430 2284 2102 3097  804 1858
 4276 3508 3812 1603 1176 4436 3867 1693 7122 2182 2781  810]",988
363,0.413913386211146,11,1470,1397,"[6481 3017 1049 3353  475  623 2259 2443 2520 2504 6902 1397 3081 3446
 1735 6967 1308 2550 6118 3714 3075 7328 4430 2284 2102 3097  804 1858
 4276 3508 3812 1603 1176 4436 3867 1693 7122 2182 2781  810]",993
364,0.4140646962994781,33,4436,4294,"[6481 3017 1049 3353  475  623 2259 2443 2520 2504 6902 1397 3081 3446
 1735 6967 1308 2550 6118 3714 3075 7328 4430 2284 2102 3097  804 1858
 4276 3508 3812 1603 1176 4294 3867 1693 7122 2182 2781  810]",962
365,0.41393445709408927,26,804,590,"[6481 3017 1049 3353  475  623 2259 2443 2520 2504 6902 1397 3081 3446
 1735 6967 1308 2550 6118 3714 3075 7328 4430 2284 2102 3097  590 1858
 4276 3508 3812 1603 1176 4294 3867 1693 7122 2182 2781  810]",991
366,0.4158892733831463,19,3714,3643,"[6481 3017 1049 3353  475  623 2259 2443 2520 2504 6902 1397 3081 3446
 1735 6967 1308 2550 6118 3643 3075 7328 4430 2284 2102 3097  590 1858
 4276 3508 3812 1603 1176 4294 3867 1693 7122 2182 2781  810]",972
367,0.41532700696549946,38,2781,2710,"[6481 3017 1049 3353  475  623 2259 2443 2520 2504 6902 1397 3081 3446
 1735 6967 1308 2550 6118 3643 3075 7328 4430 2284 2102 3097  590 1858
 4276 3508 3812 1603 1176 4294 3867 1693 7122 2182 2710  810]",950
368,0.4136986797464295,7,2443,2442,"[6481 3017 1049 3353  475  623 2259 2442 2520 2504 6902 1397 3081 3446
 1735 6967 1308 2550 6118 3643 3075 7328 4430 2284 2102 3097  590 1858
 4276 3508 3812 1603 1176 4294 3867 1693 7122 2182 2710  810]",978
369,0.41301984269852465,0,6481,6478,"[6478 3017 1049 3353  475  623 2259 2442 2520 2504 6902 1397 3081 3446
 1735 6967 1308 2550 6118 3643 3075 7328 4430 2284 2102 3097  590 1858
 4276 3508 3812 1603 1176 4294 3867 1693 7122 2182 2710  810]",992
370,0.4119789645166344,34,3867,3868,"[6478 3017 1049 3353  475  623 2259 2442 2520 2504 6902 1397 3081 3446
 1735 6967 1308 2550 6118 3643 3075 7328 4430 2284 2102 3097  590 1858
 4276 3508 3812 1603 1176 4294 3868 1693 7122 2182 2710  810]",966
371,0.4117643194245652,4,475,913,"[6478 3017 1049 3353  913  623 2259 2442 2520 2504 6902 1397 3081 3446
 1735 6967 1308 2550 6118 3643 3075 7328 4430 2284 2102 3097  590 1858
 4276 3508 3812 1603 1176 4294 3868 1693 7122 2182 2710  810]",1002
372,0.41040774067165475,39,810,740,"[6478 3017 1049 3353  913  623 2259 2442 2520 2504 6902 1397 3081 3446
 1735 6967 1308 2550 6118 3643 3075 7328 4430 2284 2102 3097  590 1858
 4276 3508 3812 1603 1176 4294 3868 1693 7122 2182 2710  740]",1019
373,0.41129721329376084,35,1693,1620,"[6478 3017 1049 3353  913  623 2259 2442 2520 2504 6902 1397 3081 3446
 1735 6967 1308 2550 6118 3643 3075 7328 4430 2284 2102 3097  590 1858
 4276 3508 3812 1603 1176 4294 3868 1620 7122 2182 2710  740]",1008
374,0.4125142711848208,31,1603,2826,"[6478 3017 1049 3353  913  623 2259 2442 2520 2504 6902 1397 3081 3446
 1735 6967 1308 2550 6118 3643 3075 7328 4430 2284 2102 3097  590 1858
 4276 3508 3812 2826 1176 4294 3868 1620 7122 2182 2710  740]",970
375,0.41303619278869597,30,3812,3881,"[6478 3017 1049 3353  913  623 2259 2442 2520 2504 6902 1397 3081 3446
 1735 6967 1308 2550 6118 3643 3075 7328 4430 2284 2102 3097  590 1858
 4276 3508 3881 2826 1176 4294 3868 1620 7122 2182 2710  740]",1004
376,0.41334291094450115,28,4276,4133,"[6478 3017 1049 3353  913  623 2259 2442 2520 2504 6902 1397 3081 3446
 1735 6967 1308 2550 6118 3643 3075 7328 4430 2284 2102 3097  590 1858
 4133 3508 3881 2826 1176 4294 3868 1620 7122 2182 2710  740]",1004
377,0.4130612850590831,35,1620,1760,"[6478 3017 1049 3353  913  623 2259 2442 2520 2504 6902 1397 3081 3446
 1735 6967 1308 2550 6118 3643 3075 7328 4430 2284 2102 3097  590 1858
 4133 3508 3881 2826 1176 4294 3868 1760 7122 2182 2710  740]",962
378,0.41138296550283304,3,3353,3139,"[6478 3017 1049 3139  913  623 2259 2442 2520 2504 6902 1397 3081 3446
 1735 6967 1308 2550 6118 3643 3075 7328 4430 2284 2102 3097  590 1858
 4133 3508 3881 2826 1176 4294 3868 1760 7122 2182 2710  740]",963
379,0.41237756173733486,8,2520,2591,"[6478 3017 1049 3139  913  623 2259 2442 2591 2504 6902 1397 3081 3446
 1735 6967 1308 2550 6118 3643 3075 7328 4430 2284 2102 3097  590 1858
 4133 3508 3881 2826 1176 4294 3868 1760 7122 2182 2710  740]",970
380,0.4130760350978946,17,2550,2692,"[6478 3017 1049 3139  913  623 2259 2442 2591 2504 6902 1397 3081 3446
 1735 6967 1308 2692 6118 3643 3075 7328 4430 2284 2102 3097  590 1858
 4133 3508 3881 2826 1176 4294 3868 1760 7122 2182 2710  740]",994
381,0.4140405378438171,34,3868,3867,"[6478 3017 1049 3139  913  623 2259 2442 2591 2504 6902 1397 3081 3446
 1735 6967 1308 2692 6118 3643 3075 7328 4430 2284 2102 3097  590 1858
 4133 3508 3881 2826 1176 4294 3867 1760 7122 2182 2710  740]",952
382,0.41522849243905285,3,3139,3209,"[6478 3017 1049 3209  913  623 2259 2442 2591 2504 6902 1397 3081 3446
 1735 6967 1308 2692 6118 3643 3075 7328 4430 2284 2102 3097  590 1858
 4133 3508 3881 2826 1176 4294 3867 1760 7122 2182 2710  740]",973
383,0.41395461700866154,22,4430,4500,"[6478 3017 1049 3209  913  623 2259 2442 2591 2504 6902 1397 3081 3446
 1735 6967 1308 2692 6118 3643 3075 7328 4500 2284 2102 3097  590 1858
 4133 3508 3881 2826 1176 4294 3867 1760 7122 2182 2710  740]",993
384,0.41455134754858497,3,3209,3353,"[6478 3017 1049 3353  913  623 2259 2442 2591 2504 6902 1397 3081 3446
 1735 6967 1308 2692 6118 3643 3075 7328 4500 2284 2102 3097  590 1858
 4133 3508 3881 2826 1176 4294 3867 1760 7122 2182 2710  740]",965
385,0.41436330844359803,16,1308,1231,"[6478 3017 1049 3353  913  623 2259 2442 2591 2504 6902 1397 3081 3446
 1735 6967 1231 2692 6118 3643 3075 7328 4500 2284 2102 3097  590 1858
 4133 3508 3881 2826 1176 4294 3867 1760 7122 2182 2710  740]",954
386,0.4122546827932917,36,7122,6909,"[6478 3017 1049 3353  913  623 2259 2442 2591 2504 6902 1397 3081 3446
 1735 6967 1231 2692 6118 3643 3075 7328 4500 2284 2102 3097  590 1858
 4133 3508 3881 2826 1176 4294 3867 1760 6909 2182 2710  740]",921
387,0.4150185119320509,24,2102,1957,"[6478 3017 1049 3353  913  623 2259 2442 2591 2504 6902 1397 3081 3446
 1735 6967 1231 2692 6118 3643 3075 7328 4500 2284 1957 3097  590 1858
 4133 3508 3881 2826 1176 4294 3867 1760 6909 2182 2710  740]",967
388,0.41351205342293573,34,3867,3943,"[6478 3017 1049 3353  913  623 2259 2442 2591 2504 6902 1397 3081 3446
 1735 6967 1231 2692 6118 3643 3075 7328 4500 2284 1957 3097  590 1858
 4133 3508 3881 2826 1176 4294 3943 1760 6909 2182 2710  740]",891
389,0.4135100481909192,2,1049,1263,"[6478 3017 1263 3353  913  623 2259 2442 2591 2504 6902 1397 3081 3446
 1735 6967 1231 2692 6118 3643 3075 7328 4500 2284 1957 3097  590 1858
 4133 3508 3881 2826 1176 4294 3943 1760 6909 2182 2710  740]",887
390,0.41427958563879513,31,2826,175,"[6478 3017 1263 3353  913  623 2259 2442 2591 2504 6902 1397 3081 3446
 1735 6967 1231 2692 6118 3643 3075 7328 4500 2284 1957 3097  590 1858
 4133 3508 3881  175 1176 4294 3943 1760 6909 2182 2710  740]",927
391,0.41362071574640025,18,6118,6045,"[6478 3017 1263 3353  913  623 2259 2442 2591 2504 6902 1397 3081 3446
 1735 6967 1231 2692 6045 3643 3075 7328 4500 2284 1957 3097  590 1858
 4133 3508 3881  175 1176 4294 3943 1760 6909 2182 2710  740]",966
392,0.4135302210077714,17,2692,2764,"[6478 3017 1263 3353  913  623 2259 2442 2591 2504 6902 1397 3081 3446
 1735 6967 1231 2764 6045 3643 3075 7328 4500 2284 1957 3097  590 1858
 4133 3508 3881  175 1176 4294 3943 1760 6909 2182 2710  740]",964
393,0.4127393481788669,38,2710,2924,"[6478 3017 1263 3353  913  623 2259 2442 2591 2504 6902 1397 3081 3446
 1735 6967 1231 2764 6045 3643 3075 7328 4500 2284 1957 3097  590 1858
 4133 3508 3881  175 1176 4294 3943 1760 6909 2182 2924  740]",917
394,0.411748003621405,20,3075,3074,"[6478 3017 1263 3353  913  623 2259 2442 2591 2504 6902 1397 3081 3446
 1735 6967 1231 2764 6045 3643 3074 7328 4500 2284 1957 3097  590 1858
 4133 3508 3881  175 1176 4294 3943 1760 6909 2182 2924  740]",910
395,0.41238111452750464,1,3017,3016,"[6478 3016 1263 3353  913  623 2259 2442 2591 2504 6902 1397 3081 3446
 1735 6967 1231 2764 6045 3643 3074 7328 4500 2284 1957 3097  590 1858
 4133 3508 3881  175 1176 4294 3943 1760 6909 2182 2924  740]",905
396,0.4116200907722643,27,1858,3933,"[6478 3016 1263 3353  913  623 2259 2442 2591 2504 6902 1397 3081 3446
 1735 6967 1231 2764 6045 3643 3074 7328 4500 2284 1957 3097  590 3933
 4133 3508 3881  175 1176 4294 3943 1760 6909 2182 2924  740]",923
397,0.4124497157280926,25,3097,3169,"[6478 3016 1263 3353  913  623 2259 2442 2591 2504 6902 1397 3081 3446
 1735 6967 1231 2764 6045 3643 3074 7328 4500 2284 1957 3169  590 3933
 4133 3508 3881  175 1176 4294 3943 1760 6909 2182 2924  740]",989
398,0.4124239652767489,22,4500,1787,"[6478 3016 1263 3353  913  623 2259 2442 2591 2504 6902 1397 3081 3446
 1735 6967 1231 2764 6045 3643 3074 7328 1787 2284 1957 3169  590 3933
 4133 3508 3881  175 1176 4294 3943 1760 6909 2182 2924  740]",966
399,0.41136306192513356,8,2591,2520,"[6478 3016 1263 3353  913  623 2259 2442 2520 2504 6902 1397 3081 3446
 1735 6967 1231 2764 6045 3643 3074 7328 1787 2284 1957 3169  590 3933
 4133 3508 3881  175 1176 4294 3943 1760 6909 2182 2924  740]",981
400,0.41400532041687965,33,4294,4505,"[6478 3016 1263 3353  913  623 2259 2442 2520 2504 6902 1397 3081 3446
 1735 6967 1231 2764 6045 3643 3074 7328 1787 2284 1957 3169  590 3933
 4133 3508 3881  175 1176 4505 3943 1760 6909 2182 2924  740]",982
401,0.4139058120349819,25,3169,3239,"[6478 3016 1263 3353  913  623 2259 2442 2520 2504 6902 1397 3081 3446
 1735 6967 1231 2764 6045 3643 3074 7328 1787 2284 1957 3239  590 3933
 4133 3508 3881  175 1176 4505 3943 1760 6909 2182 2924  740]",1008
402,0.41536083878017005,13,3446,3518,"[6478 3016 1263 3353  913  623 2259 2442 2520 2504 6902 1397 3081 3518
 1735 6967 1231 2764 6045 3643 3074 7328 1787 2284 1957 3239  590 3933
 4133 3508 3881  175 1176 4505 3943 1760 6909 2182 2924  740]",953
403,0.41341253237491576,29,3508,3510,"[6478 3016 1263 3353  913  623 2259 2442 2520 2504 6902 1397 3081 3518
 1735 6967 1231 2764 6045 3643 3074 7328 1787 2284 1957 3239  590 3933
 4133 3510 3881  175 1176 4505 3943 1760 6909 2182 2924  740]",954
404,0.4141920962237719,20,3074,3075,"[6478 3016 1263 3353  913  623 2259 2442 2520 2504 6902 1397 3081 3518
 1735 6967 1231 2764 6045 3643 3075 7328 1787 2284 1957 3239  590 3933
 4133 3510 3881  175 1176 4505 3943 1760 6909 2182 2924  740]",954
405,0.4175380373951494,7,2442,2655,"[6478 3016 1263 3353  913  623 2259 2655 2520 2504 6902 1397 3081 3518
 1735 6967 1231 2764 6045 3643 3075 7328 1787 2284 1957 3239  590 3933
 4133 3510 3881  175 1176 4505 3943 1760 6909 2182 2924  740]",991
406,0.416039629311376,24,1957,2029,"[6478 3016 1263 3353  913  623 2259 2655 2520 2504 6902 1397 3081 3518
 1735 6967 1231 2764 6045 3643 3075 7328 1787 2284 2029 3239  590 3933
 4133 3510 3881  175 1176 4505 3943 1760 6909 2182 2924  740]",1045
407,0.41577995705356513,4,913,914,"[6478 3016 1263 3353  914  623 2259 2655 2520 2504 6902 1397 3081 3518
 1735 6967 1231 2764 6045 3643 3075 7328 1787 2284 2029 3239  590 3933
 4133 3510 3881  175 1176 4505 3943 1760 6909 2182 2924  740]",987
408,0.4104021686392261,10,6902,6543,"[6478 3016 1263 3353  914  623 2259 2655 2520 2504 6543 1397 3081 3518
 1735 6967 1231 2764 6045 3643 3075 7328 1787 2284 2029 3239  590 3933
 4133 3510 3881  175 1176 4505 3943 1760 6909 2182 2924  740]",957
409,0.4095205298671436,33,4505,6902,"[6478 3016 1263 3353  914  623 2259 2655 2520 2504 6543 1397 3081 3518
 1735 6967 1231 2764 6045 3643 3075 7328 1787 2284 2029 3239  590 3933
 4133 3510 3881  175 1176 6902 3943 1760 6909 2182 2924  740]",1001
410,0.4110562448581382,24,2029,1957,"[6478 3016 1263 3353  914  623 2259 2655 2520 2504 6543 1397 3081 3518
 1735 6967 1231 2764 6045 3643 3075 7328 1787 2284 1957 3239  590 3933
 4133 3510 3881  175 1176 6902 3943 1760 6909 2182 2924  740]",1089
411,0.41180154162961374,30,3881,4432,"[6478 3016 1263 3353  914  623 2259 2655 2520 2504 6543 1397 3081 3518
 1735 6967 1231 2764 6045 3643 3075 7328 1787 2284 1957 3239  590 3933
 4133 3510 4432  175 1176 6902 3943 1760 6909 2182 2924  740]",1084
412,0.41500560479148907,34,3943,3740,"[6478 3016 1263 3353  914  623 2259 2655 2520 2504 6543 1397 3081 3518
 1735 6967 1231 2764 6045 3643 3075 7328 1787 2284 1957 3239  590 3933
 4133 3510 4432  175 1176 6902 3740 1760 6909 2182 2924  740]",1075
413,0.41536044588761256,6,2259,2188,"[6478 3016 1263 3353  914  623 2188 2655 2520 2504 6543 1397 3081 3518
 1735 6967 1231 2764 6045 3643 3075 7328 1787 2284 1957 3239  590 3933
 4133 3510 4432  175 1176 6902 3740 1760 6909 2182 2924  740]",1041
414,0.414377069027994,29,3510,3868,"[6478 3016 1263 3353  914  623 2188 2655 2520 2504 6543 1397 3081 3518
 1735 6967 1231 2764 6045 3643 3075 7328 1787 2284 1957 3239  590 3933
 4133 3868 4432  175 1176 6902 3740 1760 6909 2182 2924  740]",1011
415,0.4151665187033067,26,590,592,"[6478 3016 1263 3353  914  623 2188 2655 2520 2504 6543 1397 3081 3518
 1735 6967 1231 2764 6045 3643 3075 7328 1787 2284 1957 3239  592 3933
 4133 3868 4432  175 1176 6902 3740 1760 6909 2182 2924  740]",1038
416,0.4183555489796033,15,6967,3507,"[6478 3016 1263 3353  914  623 2188 2655 2520 2504 6543 1397 3081 3518
 1735 3507 1231 2764 6045 3643 3075 7328 1787 2284 1957 3239  592 3933
 4133 3868 4432  175 1176 6902 3740 1760 6909 2182 2924  740]",1009
417,0.41672679567963183,34,3740,3954,"[6478 3016 1263 3353  914  623 2188 2655 2520 2504 6543 1397 3081 3518
 1735 3507 1231 2764 6045 3643 3075 7328 1787 2284 1957 3239  592 3933
 4133 3868 4432  175 1176 6902 3954 1760 6909 2182 2924  740]",1085
418,0.4167240738619209,37,2182,2181,"[6478 3016 1263 3353  914  623 2188 2655 2520 2504 6543 1397 3081 3518
 1735 3507 1231 2764 6045 3643 3075 7328 1787 2284 1957 3239  592 3933
 4133 3868 4432  175 1176 6902 3954 1760 6909 2181 2924  740]",1049
419,0.41567205193421886,8,2520,2590,"[6478 3016 1263 3353  914  623 2188 2655 2590 2504 6543 1397 3081 3518
 1735 3507 1231 2764 6045 3643 3075 7328 1787 2284 1957 3239  592 3933
 4133 3868 4432  175 1176 6902 3954 1760 6909 2181 2924  740]",1029
420,0.4136001413159855,1,3016,3087,"[6478 3087 1263 3353  914  623 2188 2655 2590 2504 6543 1397 3081 3518
 1735 3507 1231 2764 6045 3643 3075 7328 1787 2284 1957 3239  592 3933
 4133 3868 4432  175 1176 6902 3954 1760 6909 2181 2924  740]",1007
421,0.41387119707183695,4,914,7251,"[6478 3087 1263 3353 7251  623 2188 2655 2590 2504 6543 1397 3081 3518
 1735 3507 1231 2764 6045 3643 3075 7328 1787 2284 1957 3239  592 3933
 4133 3868 4432  175 1176 6902 3954 1760 6909 2181 2924  740]",1023
422,0.412905239667844,14,1735,2088,"[6478 3087 1263 3353 7251  623 2188 2655 2590 2504 6543 1397 3081 3518
 2088 3507 1231 2764 6045 3643 3075 7328 1787 2284 1957 3239  592 3933
 4133 3868 4432  175 1176 6902 3954 1760 6909 2181 2924  740]",1088
423,0.4135968401056446,34,3954,3812,"[6478 3087 1263 3353 7251  623 2188 2655 2590 2504 6543 1397 3081 3518
 2088 3507 1231 2764 6045 3643 3075 7328 1787 2284 1957 3239  592 3933
 4133 3868 4432  175 1176 6902 3812 1760 6909 2181 2924  740]",1102
424,0.414573081983862,8,2590,2663,"[6478 3087 1263 3353 7251  623 2188 2655 2663 2504 6543 1397 3081 3518
 2088 3507 1231 2764 6045 3643 3075 7328 1787 2284 1957 3239  592 3933
 4133 3868 4432  175 1176 6902 3812 1760 6909 2181 2924  740]",1047
425,0.4141313849510537,4,7251,830,"[6478 3087 1263 3353  830  623 2188 2655 2663 2504 6543 1397 3081 3518
 2088 3507 1231 2764 6045 3643 3075 7328 1787 2284 1957 3239  592 3933
 4133 3868 4432  175 1176 6902 3812 1760 6909 2181 2924  740]",1022
426,0.4145614264242874,31,175,7109,"[6478 3087 1263 3353  830  623 2188 2655 2663 2504 6543 1397 3081 3518
 2088 3507 1231 2764 6045 3643 3075 7328 1787 2284 1957 3239  592 3933
 4133 3868 4432 7109 1176 6902 3812 1760 6909 2181 2924  740]",1011
427,0.41441592503739577,35,1760,1692,"[6478 3087 1263 3353  830  623 2188 2655 2663 2504 6543 1397 3081 3518
 2088 3507 1231 2764 6045 3643 3075 7328 1787 2284 1957 3239  592 3933
 4133 3868 4432 7109 1176 6902 3812 1692 6909 2181 2924  740]",1008
428,0.4155734489332761,4,830,688,"[6478 3087 1263 3353  688  623 2188 2655 2663 2504 6543 1397 3081 3518
 2088 3507 1231 2764 6045 3643 3075 7328 1787 2284 1957 3239  592 3933
 4133 3868 4432 7109 1176 6902 3812 1692 6909 2181 2924  740]",1025
429,0.4156781320631958,23,2284,2355,"[6478 3087 1263 3353  688  623 2188 2655 2663 2504 6543 1397 3081 3518
 2088 3507 1231 2764 6045 3643 3075 7328 1787 2355 1957 3239  592 3933
 4133 3868 4432 7109 1176 6902 3812 1692 6909 2181 2924  740]",1003
430,0.4157393551571361,7,2655,2657,"[6478 3087 1263 3353  688  623 2188 2657 2663 2504 6543 1397 3081 3518
 2088 3507 1231 2764 6045 3643 3075 7328 1787 2355 1957 3239  592 3933
 4133 3868 4432 7109 1176 6902 3812 1692 6909 2181 2924  740]",993
431,0.415618625086542,8,2663,2664,"[6478 3087 1263 3353  688  623 2188 2657 2664 2504 6543 1397 3081 3518
 2088 3507 1231 2764 6045 3643 3075 7328 1787 2355 1957 3239  592 3933
 4133 3868 4432 7109 1176 6902 3812 1692 6909 2181 2924  740]",1014
432,0.4132905511789883,24,1957,2100,"[6478 3087 1263 3353  688  623 2188 2657 2664 2504 6543 1397 3081 3518
 2088 3507 1231 2764 6045 3643 3075 7328 1787 2355 2100 3239  592 3933
 4133 3868 4432 7109 1176 6902 3812 1692 6909 2181 2924  740]",1069
433,0.41321062886391524,10,6543,2080,"[6478 3087 1263 3353  688  623 2188 2657 2664 2504 2080 1397 3081 3518
 2088 3507 1231 2764 6045 3643 3075 7328 1787 2355 2100 3239  592 3933
 4133 3868 4432 7109 1176 6902 3812 1692 6909 2181 2924  740]",1002
434,0.41318199467582484,39,740,882,"[6478 3087 1263 3353  688  623 2188 2657 2664 2504 2080 1397 3081 3518
 2088 3507 1231 2764 6045 3643 3075 7328 1787 2355 2100 3239  592 3933
 4133 3868 4432 7109 1176 6902 3812 1692 6909 2181 2924  882]",1024
435,0.4102992486373166,15,3507,2758,"[6478 3087 1263 3353  688  623 2188 2657 2664 2504 2080 1397 3081 3518
 2088 2758 1231 2764 6045 3643 3075 7328 1787 2355 2100 3239  592 3933
 4133 3868 4432 7109 1176 6902 3812 1692 6909 2181 2924  882]",968
436,0.4090765758005437,4,688,912,"[6478 3087 1263 3353  912  623 2188 2657 2664 2504 2080 1397 3081 3518
 2088 2758 1231 2764 6045 3643 3075 7328 1787 2355 2100 3239  592 3933
 4133 3868 4432 7109 1176 6902 3812 1692 6909 2181 2924  882]",975
437,0.40785988108716853,21,7328,7400,"[6478 3087 1263 3353  912  623 2188 2657 2664 2504 2080 1397 3081 3518
 2088 2758 1231 2764 6045 3643 3075 7400 1787 2355 2100 3239  592 3933
 4133 3868 4432 7109 1176 6902 3812 1692 6909 2181 2924  882]",965
438,0.40876073318323547,17,2764,388,"[6478 3087 1263 3353  912  623 2188 2657 2664 2504 2080 1397 3081 3518
 2088 2758 1231  388 6045 3643 3075 7400 1787 2355 2100 3239  592 3933
 4133 3868 4432 7109 1176 6902 3812 1692 6909 2181 2924  882]",976
439,0.40737942411835015,2,1263,1191,"[6478 3087 1191 3353  912  623 2188 2657 2664 2504 2080 1397 3081 3518
 2088 2758 1231  388 6045 3643 3075 7400 1787 2355 2100 3239  592 3933
 4133 3868 4432 7109 1176 6902 3812 1692 6909 2181 2924  882]",938
440,0.4073830794997815,9,2504,3507,"[6478 3087 1191 3353  912  623 2188 2657 2664 3507 2080 1397 3081 3518
 2088 2758 1231  388 6045 3643 3075 7400 1787 2355 2100 3239  592 3933
 4133 3868 4432 7109 1176 6902 3812 1692 6909 2181 2924  882]",944
441,0.4063707112023516,9,3507,2578,"[6478 3087 1191 3353  912  623 2188 2657 2664 2578 2080 1397 3081 3518
 2088 2758 1231  388 6045 3643 3075 7400 1787 2355 2100 3239  592 3933
 4133 3868 4432 7109 1176 6902 3812 1692 6909 2181 2924  882]",944
442,0.40937176487128507,9,2578,3508,"[6478 3087 1191 3353  912  623 2188 2657 2664 3508 2080 1397 3081 3518
 2088 2758 1231  388 6045 3643 3075 7400 1787 2355 2100 3239  592 3933
 4133 3868 4432 7109 1176 6902 3812 1692 6909 2181 2924  882]",944
443,0.40892769168750753,11,1397,1467,"[6478 3087 1191 3353  912  623 2188 2657 2664 3508 2080 1467 3081 3518
 2088 2758 1231  388 6045 3643 3075 7400 1787 2355 2100 3239  592 3933
 4133 3868 4432 7109 1176 6902 3812 1692 6909 2181 2924  882]",1006
444,0.4100904041877359,31,7109,7181,"[6478 3087 1191 3353  912  623 2188 2657 2664 3508 2080 1467 3081 3518
 2088 2758 1231  388 6045 3643 3075 7400 1787 2355 2100 3239  592 3933
 4133 3868 4432 7181 1176 6902 3812 1692 6909 2181 2924  882]",980
445,0.4096970840215533,5,623,620,"[6478 3087 1191 3353  912  620 2188 2657 2664 3508 2080 1467 3081 3518
 2088 2758 1231  388 6045 3643 3075 7400 1787 2355 2100 3239  592 3933
 4133 3868 4432 7181 1176 6902 3812 1692 6909 2181 2924  882]",1008
446,0.4092328784557854,19,3643,3854,"[6478 3087 1191 3353  912  620 2188 2657 2664 3508 2080 1467 3081 3518
 2088 2758 1231  388 6045 3854 3075 7400 1787 2355 2100 3239  592 3933
 4133 3868 4432 7181 1176 6902 3812 1692 6909 2181 2924  882]",947
447,0.4127096752342945,10,2080,2221,"[6478 3087 1191 3353  912  620 2188 2657 2664 3508 2221 1467 3081 3518
 2088 2758 1231  388 6045 3854 3075 7400 1787 2355 2100 3239  592 3933
 4133 3868 4432 7181 1176 6902 3812 1692 6909 2181 2924  882]",989
448,0.41329338715569036,34,3812,3810,"[6478 3087 1191 3353  912  620 2188 2657 2664 3508 2221 1467 3081 3518
 2088 2758 1231  388 6045 3854 3075 7400 1787 2355 2100 3239  592 3933
 4133 3868 4432 7181 1176 6902 3810 1692 6909 2181 2924  882]",1010
449,0.4145549258742087,38,2924,2782,"[6478 3087 1191 3353  912  620 2188 2657 2664 3508 2221 1467 3081 3518
 2088 2758 1231  388 6045 3854 3075 7400 1787 2355 2100 3239  592 3933
 4133 3868 4432 7181 1176 6902 3810 1692 6909 2181 2782  882]",951
450,0.41428859374945426,6,2188,2117,"[6478 3087 1191 3353  912  620 2117 2657 2664 3508 2221 1467 3081 3518
 2088 2758 1231  388 6045 3854 3075 7400 1787 2355 2100 3239  592 3933
 4133 3868 4432 7181 1176 6902 3810 1692 6909 2181 2782  882]",957
451,0.41337286243286997,10,2221,2220,"[6478 3087 1191 3353  912  620 2117 2657 2664 3508 2220 1467 3081 3518
 2088 2758 1231  388 6045 3854 3075 7400 1787 2355 2100 3239  592 3933
 4133 3868 4432 7181 1176 6902 3810 1692 6909 2181 2782  882]",997
452,0.4133323686538979,0,6478,6264,"[6264 3087 1191 3353  912  620 2117 2657 2664 3508 2220 1467 3081 3518
 2088 2758 1231  388 6045 3854 3075 7400 1787 2355 2100 3239  592 3933
 4133 3868 4432 7181 1176 6902 3810 1692 6909 2181 2782  882]",977
453,0.41289232539583703,39,882,881,"[6264 3087 1191 3353  912  620 2117 2657 2664 3508 2220 1467 3081 3518
 2088 2758 1231  388 6045 3854 3075 7400 1787 2355 2100 3239  592 3933
 4133 3868 4432 7181 1176 6902 3810 1692 6909 2181 2782  881]",958
454,0.41255582839484833,23,2355,2212,"[6264 3087 1191 3353  912  620 2117 2657 2664 3508 2220 1467 3081 3518
 2088 2758 1231  388 6045 3854 3075 7400 1787 2212 2100 3239  592 3933
 4133 3868 4432 7181 1176 6902 3810 1692 6909 2181 2782  881]",942
455,0.4126805196125292,27,3933,3603,"[6264 3087 1191 3353  912  620 2117 2657 2664 3508 2220 1467 3081 3518
 2088 2758 1231  388 6045 3854 3075 7400 1787 2212 2100 3239  592 3603
 4133 3868 4432 7181 1176 6902 3810 1692 6909 2181 2782  881]",932
456,0.41190062870779404,18,6045,5975,"[6264 3087 1191 3353  912  620 2117 2657 2664 3508 2220 1467 3081 3518
 2088 2758 1231  388 5975 3854 3075 7400 1787 2212 2100 3239  592 3603
 4133 3868 4432 7181 1176 6902 3810 1692 6909 2181 2782  881]",927
457,0.41175092619921216,28,4133,4275,"[6264 3087 1191 3353  912  620 2117 2657 2664 3508 2220 1467 3081 3518
 2088 2758 1231  388 5975 3854 3075 7400 1787 2212 2100 3239  592 3603
 4275 3868 4432 7181 1176 6902 3810 1692 6909 2181 2782  881]",945
458,0.4128044293814304,35,1692,1620,"[6264 3087 1191 3353  912  620 2117 2657 2664 3508 2220 1467 3081 3518
 2088 2758 1231  388 5975 3854 3075 7400 1787 2212 2100 3239  592 3603
 4275 3868 4432 7181 1176 6902 3810 1620 6909 2181 2782  881]",891
459,0.41253275135619805,31,7181,7251,"[6264 3087 1191 3353  912  620 2117 2657 2664 3508 2220 1467 3081 3518
 2088 2758 1231  388 5975 3854 3075 7400 1787 2212 2100 3239  592 3603
 4275 3868 4432 7251 1176 6902 3810 1620 6909 2181 2782  881]",896
460,0.41002084213493767,9,3508,3507,"[6264 3087 1191 3353  912  620 2117 2657 2664 3507 2220 1467 3081 3518
 2088 2758 1231  388 5975 3854 3075 7400 1787 2212 2100 3239  592 3603
 4275 3868 4432 7251 1176 6902 3810 1620 6909 2181 2782  881]",889
461,0.41007357700741137,15,2758,2689,"[6264 3087 1191 3353  912  620 2117 2657 2664 3507 2220 1467 3081 3518
 2088 2689 1231  388 5975 3854 3075 7400 1787 2212 2100 3239  592 3603
 4275 3868 4432 7251 1176 6902 3810 1620 6909 2181 2782  881]",954
462,0.41372662499682805,21,7400,7329,"[6264 3087 1191 3353  912  620 2117 2657 2664 3507 2220 1467 3081 3518
 2088 2689 1231  388 5975 3854 3075 7329 1787 2212 2100 3239  592 3603
 4275 3868 4432 7251 1176 6902 3810 1620 6909 2181 2782  881]",889
463,0.4139712437969437,22,1787,2646,"[6264 3087 1191 3353  912  620 2117 2657 2664 3507 2220 1467 3081 3518
 2088 2689 1231  388 5975 3854 3075 7329 2646 2212 2100 3239  592 3603
 4275 3868 4432 7251 1176 6902 3810 1620 6909 2181 2782  881]",881
464,0.41386634910108633,31,7251,7038,"[6264 3087 1191 3353  912  620 2117 2657 2664 3507 2220 1467 3081 3518
 2088 2689 1231  388 5975 3854 3075 7329 2646 2212 2100 3239  592 3603
 4275 3868 4432 7038 1176 6902 3810 1620 6909 2181 2782  881]",903
465,0.4141424210945466,27,3603,1786,"[6264 3087 1191 3353  912  620 2117 2657 2664 3507 2220 1467 3081 3518
 2088 2689 1231  388 5975 3854 3075 7329 2646 2212 2100 3239  592 1786
 4275 3868 4432 7038 1176 6902 3810 1620 6909 2181 2782  881]",919
466,0.4144292512321114,24,2100,1956,"[6264 3087 1191 3353  912  620 2117 2657 2664 3507 2220 1467 3081 3518
 2088 2689 1231  388 5975 3854 3075 7329 2646 2212 1956 3239  592 1786
 4275 3868 4432 7038 1176 6902 3810 1620 6909 2181 2782  881]",991
467,0.41487216995889475,23,2212,2355,"[6264 3087 1191 3353  912  620 2117 2657 2664 3507 2220 1467 3081 3518
 2088 2689 1231  388 5975 3854 3075 7329 2646 2355 1956 3239  592 1786
 4275 3868 4432 7038 1176 6902 3810 1620 6909 2181 2782  881]",915
468,0.41214137205147,37,2181,2040,"[6264 3087 1191 3353  912  620 2117 2657 2664 3507 2220 1467 3081 3518
 2088 2689 1231  388 5975 3854 3075 7329 2646 2355 1956 3239  592 1786
 4275 3868 4432 7038 1176 6902 3810 1620 6909 2040 2782  881]",971
469,0.4099970113007265,3,3353,3208,"[6264 3087 1191 3208  912  620 2117 2657 2664 3507 2220 1467 3081 3518
 2088 2689 1231  388 5975 3854 3075 7329 2646 2355 1956 3239  592 1786
 4275 3868 4432 7038 1176 6902 3810 1620 6909 2040 2782  881]",962
470,0.41217457126389767,20,3075,3217,"[6264 3087 1191 3208  912  620 2117 2657 2664 3507 2220 1467 3081 3518
 2088 2689 1231  388 5975 3854 3217 7329 2646 2355 1956 3239  592 1786
 4275 3868 4432 7038 1176 6902 3810 1620 6909 2040 2782  881]",943
471,0.41215703497899414,29,3868,4082,"[6264 3087 1191 3208  912  620 2117 2657 2664 3507 2220 1467 3081 3518
 2088 2689 1231  388 5975 3854 3217 7329 2646 2355 1956 3239  592 1786
 4275 4082 4432 7038 1176 6902 3810 1620 6909 2040 2782  881]",959
472,0.4099642197954978,34,3810,3745,"[6264 3087 1191 3208  912  620 2117 2657 2664 3507 2220 1467 3081 3518
 2088 2689 1231  388 5975 3854 3217 7329 2646 2355 1956 3239  592 1786
 4275 4082 4432 7038 1176 6902 3745 1620 6909 2040 2782  881]",983
473,0.4099326410744499,27,1786,4024,"[6264 3087 1191 3208  912  620 2117 2657 2664 3507 2220 1467 3081 3518
 2088 2689 1231  388 5975 3854 3217 7329 2646 2355 1956 3239  592 4024
 4275 4082 4432 7038 1176 6902 3745 1620 6909 2040 2782  881]",923
474,0.4094030226647012,21,7329,7330,"[6264 3087 1191 3208  912  620 2117 2657 2664 3507 2220 1467 3081 3518
 2088 2689 1231  388 5975 3854 3217 7330 2646 2355 1956 3239  592 4024
 4275 4082 4432 7038 1176 6902 3745 1620 6909 2040 2782  881]",896
475,0.40702796712568123,19,3854,4069,"[6264 3087 1191 3208  912  620 2117 2657 2664 3507 2220 1467 3081 3518
 2088 2689 1231  388 5975 4069 3217 7330 2646 2355 1956 3239  592 4024
 4275 4082 4432 7038 1176 6902 3745 1620 6909 2040 2782  881]",930
476,0.4068298119052005,33,6902,6831,"[6264 3087 1191 3208  912  620 2117 2657 2664 3507 2220 1467 3081 3518
 2088 2689 1231  388 5975 4069 3217 7330 2646 2355 1956 3239  592 4024
 4275 4082 4432 7038 1176 6831 3745 1620 6909 2040 2782  881]",881
477,0.4068620097194141,27,4024,1786,"[6264 3087 1191 3208  912  620 2117 2657 2664 3507 2220 1467 3081 3518
 2088 2689 1231  388 5975 4069 3217 7330 2646 2355 1956 3239  592 1786
 4275 4082 4432 7038 1176 6831 3745 1620 6909 2040 2782  881]",920
478,0.4077025175179895,8,2664,3568,"[6264 3087 1191 3208  912  620 2117 2657 3568 3507 2220 1467 3081 3518
 2088 2689 1231  388 5975 4069 3217 7330 2646 2355 1956 3239  592 1786
 4275 4082 4432 7038 1176 6831 3745 1620 6909 2040 2782  881]",937
479,0.4085789257114882,35,1620,1690,"[6264 3087 1191 3208  912  620 2117 2657 3568 3507 2220 1467 3081 3518
 2088 2689 1231  388 5975 4069 3217 7330 2646 2355 1956 3239  592 1786
 4275 4082 4432 7038 1176 6831 3745 1690 6909 2040 2782  881]",935
480,0.41093521132097693,34,3745,3810,"[6264 3087 1191 3208  912  620 2117 2657 3568 3507 2220 1467 3081 3518
 2088 2689 1231  388 5975 4069 3217 7330 2646 2355 1956 3239  592 1786
 4275 4082 4432 7038 1176 6831 3810 1690 6909 2040 2782  881]",1001
481,0.411093364274182,31,7038,7108,"[6264 3087 1191 3208  912  620 2117 2657 3568 3507 2220 1467 3081 3518
 2088 2689 1231  388 5975 4069 3217 7330 2646 2355 1956 3239  592 1786
 4275 4082 4432 7108 1176 6831 3810 1690 6909 2040 2782  881]",967
482,0.4081429018395417,21,7330,7333,"[6264 3087 1191 3208  912  620 2117 2657 3568 3507 2220 1467 3081 3518
 2088 2689 1231  388 5975 4069 3217 7333 2646 2355 1956 3239  592 1786
 4275 4082 4432 7108 1176 6831 3810 1690 6909 2040 2782  881]",955
483,0.4098085157543956,33,6831,6688,"[6264 3087 1191 3208  912  620 2117 2657 3568 3507 2220 1467 3081 3518
 2088 2689 1231  388 5975 4069 3217 7333 2646 2355 1956 3239  592 1786
 4275 4082 4432 7108 1176 6688 3810 1690 6909 2040 2782  881]",958
484,0.40822633419525756,10,2220,2007,"[6264 3087 1191 3208  912  620 2117 2657 3568 3507 2007 1467 3081 3518
 2088 2689 1231  388 5975 4069 3217 7333 2646 2355 1956 3239  592 1786
 4275 4082 4432 7108 1176 6688 3810 1690 6909 2040 2782  881]",964
485,0.4086218730125454,16,1231,1377,"[6264 3087 1191 3208  912  620 2117 2657 3568 3507 2007 1467 3081 3518
 2088 2689 1377  388 5975 4069 3217 7333 2646 2355 1956 3239  592 1786
 4275 4082 4432 7108 1176 6688 3810 1690 6909 2040 2782  881]",976
486,0.41007018577052623,36,6909,6765,"[6264 3087 1191 3208  912  620 2117 2657 3568 3507 2007 1467 3081 3518
 2088 2689 1377  388 5975 4069 3217 7333 2646 2355 1956 3239  592 1786
 4275 4082 4432 7108 1176 6688 3810 1690 6765 2040 2782  881]",938
487,0.4133328911385207,21,7333,7330,"[6264 3087 1191 3208  912  620 2117 2657 3568 3507 2007 1467 3081 3518
 2088 2689 1377  388 5975 4069 3217 7330 2646 2355 1956 3239  592 1786
 4275 4082 4432 7108 1176 6688 3810 1690 6765 2040 2782  881]",948
488,0.4135503110264946,13,3518,3590,"[6264 3087 1191 3208  912  620 2117 2657 3568 3507 2007 1467 3081 3590
 2088 2689 1377  388 5975 4069 3217 7330 2646 2355 1956 3239  592 1786
 4275 4082 4432 7108 1176 6688 3810 1690 6765 2040 2782  881]",927
489,0.4121711634789164,20,3217,3075,"[6264 3087 1191 3208  912  620 2117 2657 3568 3507 2007 1467 3081 3590
 2088 2689 1377  388 5975 4069 3075 7330 2646 2355 1956 3239  592 1786
 4275 4082 4432 7108 1176 6688 3810 1690 6765 2040 2782  881]",910
490,0.4135503110264946,20,3075,3217,"[6264 3087 1191 3208  912  620 2117 2657 3568 3507 2007 1467 3081 3590
 2088 2689 1377  388 5975 4069 3217 7330 2646 2355 1956 3239  592 1786
 4275 4082 4432 7108 1176 6688 3810 1690 6765 2040 2782  881]",910
491,0.4148623052915568,2,1191,1263,"[6264 3087 1263 3208  912  620 2117 2657 3568 3507 2007 1467 3081 3590
 2088 2689 1377  388 5975 4069 3217 7330 2646 2355 1956 3239  592 1786
 4275 4082 4432 7108 1176 6688 3810 1690 6765 2040 2782  881]",919
492,0.41844600440035995,9,3507,3722,"[6264 3087 1263 3208  912  620 2117 2657 3568 3722 2007 1467 3081 3590
 2088 2689 1377  388 5975 4069 3217 7330 2646 2355 1956 3239  592 1786
 4275 4082 4432 7108 1176 6688 3810 1690 6765 2040 2782  881]",939
493,0.41548796040410313,13,3590,3516,"[6264 3087 1263 3208  912  620 2117 2657 3568 3722 2007 1467 3081 3516
 2088 2689 1377  388 5975 4069 3217 7330 2646 2355 1956 3239  592 1786
 4275 4082 4432 7108 1176 6688 3810 1690 6765 2040 2782  881]",919
494,0.41585215465426956,24,1956,1888,"[6264 3087 1263 3208  912  620 2117 2657 3568 3722 2007 1467 3081 3516
 2088 2689 1377  388 5975 4069 3217 7330 2646 2355 1888 3239  592 1786
 4275 4082 4432 7108 1176 6688 3810 1690 6765 2040 2782  881]",996
495,0.4167494826450003,22,2646,2575,"[6264 3087 1263 3208  912  620 2117 2657 3568 3722 2007 1467 3081 3516
 2088 2689 1377  388 5975 4069 3217 7330 2575 2355 1888 3239  592 1786
 4275 4082 4432 7108 1176 6688 3810 1690 6765 2040 2782  881]",956
496,0.41696747518458527,15,2689,2760,"[6264 3087 1263 3208  912  620 2117 2657 3568 3722 2007 1467 3081 3516
 2088 2760 1377  388 5975 4069 3217 7330 2575 2355 1888 3239  592 1786
 4275 4082 4432 7108 1176 6688 3810 1690 6765 2040 2782  881]",1002
497,0.4157826825673533,20,3217,3146,"[6264 3087 1263 3208  912  620 2117 2657 3568 3722 2007 1467 3081 3516
 2088 2760 1377  388 5975 4069 3146 7330 2575 2355 1888 3239  592 1786
 4275 4082 4432 7108 1176 6688 3810 1690 6765 2040 2782  881]",932
498,0.4163110190447329,17,388,2664,"[6264 3087 1263 3208  912  620 2117 2657 3568 3722 2007 1467 3081 3516
 2088 2760 1377 2664 5975 4069 3146 7330 2575 2355 1888 3239  592 1786
 4275 4082 4432 7108 1176 6688 3810 1690 6765 2040 2782  881]",972
499,0.4163242285574484,19,4069,388,"[6264 3087 1263 3208  912  620 2117 2657 3568 3722 2007 1467 3081 3516
 2088 2760 1377 2664 5975  388 3146 7330 2575 2355 1888 3239  592 1786
 4275 4082 4432 7108 1176 6688 3810 1690 6765 2040 2782  881]",961
500,0.41650476083530374,3,3208,4140,"[6264 3087 1263 4140  912  620 2117 2657 3568 3722 2007 1467 3081 3516
 2088 2760 1377 2664 5975  388 3146 7330 2575 2355 1888 3239  592 1786
 4275 4082 4432 7108 1176 6688 3810 1690 6765 2040 2782  881]",926
501,0.41681573876742495,19,388,387,"[6264 3087 1263 4140  912  620 2117 2657 3568 3722 2007 1467 3081 3516
 2088 2760 1377 2664 5975  387 3146 7330 2575 2355 1888 3239  592 1786
 4275 4082 4432 7108 1176 6688 3810 1690 6765 2040 2782  881]",938
502,0.4147097200670806,9,3722,3652,"[6264 3087 1263 4140  912  620 2117 2657 3568 3652 2007 1467 3081 3516
 2088 2760 1377 2664 5975  387 3146 7330 2575 2355 1888 3239  592 1786
 4275 4082 4432 7108 1176 6688 3810 1690 6765 2040 2782  881]",927
503,0.41233809138808697,1,3087,3746,"[6264 3746 1263 4140  912  620 2117 2657 3568 3652 2007 1467 3081 3516
 2088 2760 1377 2664 5975  387 3146 7330 2575 2355 1888 3239  592 1786
 4275 4082 4432 7108 1176 6688 3810 1690 6765 2040 2782  881]",896
504,0.4124818421163225,21,7330,7260,"[6264 3746 1263 4140  912  620 2117 2657 3568 3652 2007 1467 3081 3516
 2088 2760 1377 2664 5975  387 3146 7260 2575 2355 1888 3239  592 1786
 4275 4082 4432 7108 1176 6688 3810 1690 6765 2040 2782  881]",896
505,0.41260113646015234,33,6688,6830,"[6264 3746 1263 4140  912  620 2117 2657 3568 3652 2007 1467 3081 3516
 2088 2760 1377 2664 5975  387 3146 7260 2575 2355 1888 3239  592 1786
 4275 4082 4432 7108 1176 6830 3810 1690 6765 2040 2782  881]",867
506,0.41473702401924106,13,3516,3518,"[6264 3746 1263 4140  912  620 2117 2657 3568 3652 2007 1467 3081 3518
 2088 2760 1377 2664 5975  387 3146 7260 2575 2355 1888 3239  592 1786
 4275 4082 4432 7108 1176 6830 3810 1690 6765 2040 2782  881]",885
507,0.41734478652894746,14,2088,3087,"[6264 3746 1263 4140  912  620 2117 2657 3568 3652 2007 1467 3081 3518
 3087 2760 1377 2664 5975  387 3146 7260 2575 2355 1888 3239  592 1786
 4275 4082 4432 7108 1176 6830 3810 1690 6765 2040 2782  881]",925
508,0.4162648839310472,14,3087,3088,"[6264 3746 1263 4140  912  620 2117 2657 3568 3652 2007 1467 3081 3518
 3088 2760 1377 2664 5975  387 3146 7260 2575 2355 1888 3239  592 1786
 4275 4082 4432 7108 1176 6830 3810 1690 6765 2040 2782  881]",925
509,0.41635752615734317,28,4275,4203,"[6264 3746 1263 4140  912  620 2117 2657 3568 3652 2007 1467 3081 3518
 3088 2760 1377 2664 5975  387 3146 7260 2575 2355 1888 3239  592 1786
 4203 4082 4432 7108 1176 6830 3810 1690 6765 2040 2782  881]",991
510,0.41545817273744184,22,2575,2434,"[6264 3746 1263 4140  912  620 2117 2657 3568 3652 2007 1467 3081 3518
 3088 2760 1377 2664 5975  387 3146 7260 2434 2355 1888 3239  592 1786
 4203 4082 4432 7108 1176 6830 3810 1690 6765 2040 2782  881]",944
511,0.4145748053944414,36,6765,6694,"[6264 3746 1263 4140  912  620 2117 2657 3568 3652 2007 1467 3081 3518
 3088 2760 1377 2664 5975  387 3146 7260 2434 2355 1888 3239  592 1786
 4203 4082 4432 7108 1176 6830 3810 1690 6694 2040 2782  881]",943
512,0.41429109650743096,6,2117,2118,"[6264 3746 1263 4140  912  620 2118 2657 3568 3652 2007 1467 3081 3518
 3088 2760 1377 2664 5975  387 3146 7260 2434 2355 1888 3239  592 1786
 4203 4082 4432 7108 1176 6830 3810 1690 6694 2040 2782  881]",941
513,0.41568068954572096,10,2007,2090,"[6264 3746 1263 4140  912  620 2118 2657 3568 3652 2090 1467 3081 3518
 3088 2760 1377 2664 5975  387 3146 7260 2434 2355 1888 3239  592 1786
 4203 4082 4432 7108 1176 6830 3810 1690 6694 2040 2782  881]",938
514,0.41844740434783195,37,2040,2181,"[6264 3746 1263 4140  912  620 2118 2657 3568 3652 2090 1467 3081 3518
 3088 2760 1377 2664 5975  387 3146 7260 2434 2355 1888 3239  592 1786
 4203 4082 4432 7108 1176 6830 3810 1690 6694 2181 2782  881]",907
515,0.4184102158959531,11,1467,1397,"[6264 3746 1263 4140  912  620 2118 2657 3568 3652 2090 1397 3081 3518
 3088 2760 1377 2664 5975  387 3146 7260 2434 2355 1888 3239  592 1786
 4203 4082 4432 7108 1176 6830 3810 1690 6694 2181 2782  881]",887
516,0.41866697699123395,16,1377,1307,"[6264 3746 1263 4140  912  620 2118 2657 3568 3652 2090 1397 3081 3518
 3088 2760 1307 2664 5975  387 3146 7260 2434 2355 1888 3239  592 1786
 4203 4082 4432 7108 1176 6830 3810 1690 6694 2181 2782  881]",905
517,0.41835834023785645,30,4432,4501,"[6264 3746 1263 4140  912  620 2118 2657 3568 3652 2090 1397 3081 3518
 3088 2760 1307 2664 5975  387 3146 7260 2434 2355 1888 3239  592 1786
 4203 4082 4501 7108 1176 6830 3810 1690 6694 2181 2782  881]",891
518,0.4148836255746172,13,3518,3662,"[6264 3746 1263 4140  912  620 2118 2657 3568 3652 2090 1397 3081 3662
 3088 2760 1307 2664 5975  387 3146 7260 2434 2355 1888 3239  592 1786
 4203 4082 4501 7108 1176 6830 3810 1690 6694 2181 2782  881]",852
519,0.41355949107772105,37,2181,2253,"[6264 3746 1263 4140  912  620 2118 2657 3568 3652 2090 1397 3081 3662
 3088 2760 1307 2664 5975  387 3146 7260 2434 2355 1888 3239  592 1786
 4203 4082 4501 7108 1176 6830 3810 1690 6694 2253 2782  881]",905
520,0.41150347349027705,7,2657,2516,"[6264 3746 1263 4140  912  620 2118 2516 3568 3652 2090 1397 3081 3662
 3088 2760 1307 2664 5975  387 3146 7260 2434 2355 1888 3239  592 1786
 4203 4082 4501 7108 1176 6830 3810 1690 6694 2253 2782  881]",852
521,0.41021270322484693,33,6830,6687,"[6264 3746 1263 4140  912  620 2118 2516 3568 3652 2090 1397 3081 3662
 3088 2760 1307 2664 5975  387 3146 7260 2434 2355 1888 3239  592 1786
 4203 4082 4501 7108 1176 6687 3810 1690 6694 2253 2782  881]",849
522,0.4105007869565437,20,3146,3075,"[6264 3746 1263 4140  912  620 2118 2516 3568 3652 2090 1397 3081 3662
 3088 2760 1307 2664 5975  387 3075 7260 2434 2355 1888 3239  592 1786
 4203 4082 4501 7108 1176 6687 3810 1690 6694 2253 2782  881]",849
523,0.41072049925273063,28,4203,4133,"[6264 3746 1263 4140  912  620 2118 2516 3568 3652 2090 1397 3081 3662
 3088 2760 1307 2664 5975  387 3075 7260 2434 2355 1888 3239  592 1786
 4133 4082 4501 7108 1176 6687 3810 1690 6694 2253 2782  881]",905
524,0.4106667146729215,19,387,3208,"[6264 3746 1263 4140  912  620 2118 2516 3568 3652 2090 1397 3081 3662
 3088 2760 1307 2664 5975 3208 3075 7260 2434 2355 1888 3239  592 1786
 4133 4082 4501 7108 1176 6687 3810 1690 6694 2253 2782  881]",890
525,0.4099302845804134,6,2118,2189,"[6264 3746 1263 4140  912  620 2189 2516 3568 3652 2090 1397 3081 3662
 3088 2760 1307 2664 5975 3208 3075 7260 2434 2355 1888 3239  592 1786
 4133 4082 4501 7108 1176 6687 3810 1690 6694 2253 2782  881]",908
526,0.4099849622077463,25,3239,3238,"[6264 3746 1263 4140  912  620 2189 2516 3568 3652 2090 1397 3081 3662
 3088 2760 1307 2664 5975 3208 3075 7260 2434 2355 1888 3238  592 1786
 4133 4082 4501 7108 1176 6687 3810 1690 6694 2253 2782  881]",929
527,0.4095555962650468,0,6264,5336,"[5336 3746 1263 4140  912  620 2189 2516 3568 3652 2090 1397 3081 3662
 3088 2760 1307 2664 5975 3208 3075 7260 2434 2355 1888 3238  592 1786
 4133 4082 4501 7108 1176 6687 3810 1690 6694 2253 2782  881]",906
528,0.4102920263575548,6,2189,2118,"[5336 3746 1263 4140  912  620 2118 2516 3568 3652 2090 1397 3081 3662
 3088 2760 1307 2664 5975 3208 3075 7260 2434 2355 1888 3238  592 1786
 4133 4082 4501 7108 1176 6687 3810 1690 6694 2253 2782  881]",872
529,0.41086426422987316,1,3746,387,"[5336  387 1263 4140  912  620 2118 2516 3568 3652 2090 1397 3081 3662
 3088 2760 1307 2664 5975 3208 3075 7260 2434 2355 1888 3238  592 1786
 4133 4082 4501 7108 1176 6687 3810 1690 6694 2253 2782  881]",883
530,0.4102437424306564,31,7108,7179,"[5336  387 1263 4140  912  620 2118 2516 3568 3652 2090 1397 3081 3662
 3088 2760 1307 2664 5975 3208 3075 7260 2434 2355 1888 3238  592 1786
 4133 4082 4501 7179 1176 6687 3810 1690 6694 2253 2782  881]",877
531,0.41017414985853906,34,3810,3883,"[5336  387 1263 4140  912  620 2118 2516 3568 3652 2090 1397 3081 3662
 3088 2760 1307 2664 5975 3208 3075 7260 2434 2355 1888 3238  592 1786
 4133 4082 4501 7179 1176 6687 3883 1690 6694 2253 2782  881]",900
532,0.41302526314610927,5,620,763,"[5336  387 1263 4140  912  763 2118 2516 3568 3652 2090 1397 3081 3662
 3088 2760 1307 2664 5975 3208 3075 7260 2434 2355 1888 3238  592 1786
 4133 4082 4501 7179 1176 6687 3883 1690 6694 2253 2782  881]",907
533,0.4131460803610368,27,1786,1929,"[5336  387 1263 4140  912  763 2118 2516 3568 3652 2090 1397 3081 3662
 3088 2760 1307 2664 5975 3208 3075 7260 2434 2355 1888 3238  592 1929
 4133 4082 4501 7179 1176 6687 3883 1690 6694 2253 2782  881]",874
534,0.41464190421171515,37,2253,2254,"[5336  387 1263 4140  912  763 2118 2516 3568 3652 2090 1397 3081 3662
 3088 2760 1307 2664 5975 3208 3075 7260 2434 2355 1888 3238  592 1929
 4133 4082 4501 7179 1176 6687 3883 1690 6694 2254 2782  881]",915
535,0.41508823282739554,10,2090,1806,"[5336  387 1263 4140  912  763 2118 2516 3568 3652 1806 1397 3081 3662
 3088 2760 1307 2664 5975 3208 3075 7260 2434 2355 1888 3238  592 1929
 4133 4082 4501 7179 1176 6687 3883 1690 6694 2254 2782  881]",915
536,0.41510071896852563,27,1929,1858,"[5336  387 1263 4140  912  763 2118 2516 3568 3652 1806 1397 3081 3662
 3088 2760 1307 2664 5975 3208 3075 7260 2434 2355 1888 3238  592 1858
 4133 4082 4501 7179 1176 6687 3883 1690 6694 2254 2782  881]",876
537,0.41529171804763954,18,5975,5977,"[5336  387 1263 4140  912  763 2118 2516 3568 3652 1806 1397 3081 3662
 3088 2760 1307 2664 5977 3208 3075 7260 2434 2355 1888 3238  592 1858
 4133 4082 4501 7179 1176 6687 3883 1690 6694 2254 2782  881]",917
538,0.4156787138738005,23,2355,2285,"[5336  387 1263 4140  912  763 2118 2516 3568 3652 1806 1397 3081 3662
 3088 2760 1307 2664 5977 3208 3075 7260 2434 2285 1888 3238  592 1858
 4133 4082 4501 7179 1176 6687 3883 1690 6694 2254 2782  881]",848
539,0.4150429300951253,19,3208,3420,"[5336  387 1263 4140  912  763 2118 2516 3568 3652 1806 1397 3081 3662
 3088 2760 1307 2664 5977 3420 3075 7260 2434 2285 1888 3238  592 1858
 4133 4082 4501 7179 1176 6687 3883 1690 6694 2254 2782  881]",854
540,0.41480390570366676,28,4133,4275,"[5336  387 1263 4140  912  763 2118 2516 3568 3652 1806 1397 3081 3662
 3088 2760 1307 2664 5977 3420 3075 7260 2434 2285 1888 3238  592 1858
 4275 4082 4501 7179 1176 6687 3883 1690 6694 2254 2782  881]",876
541,0.415077041829773,24,1888,2173,"[5336  387 1263 4140  912  763 2118 2516 3568 3652 1806 1397 3081 3662
 3088 2760 1307 2664 5977 3420 3075 7260 2434 2285 2173 3238  592 1858
 4275 4082 4501 7179 1176 6687 3883 1690 6694 2254 2782  881]",893
542,0.41142927214880576,2,1263,340,"[5336  387  340 4140  912  763 2118 2516 3568 3652 1806 1397 3081 3662
 3088 2760 1307 2664 5977 3420 3075 7260 2434 2285 2173 3238  592 1858
 4275 4082 4501 7179 1176 6687 3883 1690 6694 2254 2782  881]",809
543,0.4133050584090425,10,1806,1262,"[5336  387  340 4140  912  763 2118 2516 3568 3652 1262 1397 3081 3662
 3088 2760 1307 2664 5977 3420 3075 7260 2434 2285 2173 3238  592 1858
 4275 4082 4501 7179 1176 6687 3883 1690 6694 2254 2782  881]",840
544,0.4125877263241715,11,1397,1466,"[5336  387  340 4140  912  763 2118 2516 3568 3652 1262 1466 3081 3662
 3088 2760 1307 2664 5977 3420 3075 7260 2434 2285 2173 3238  592 1858
 4275 4082 4501 7179 1176 6687 3883 1690 6694 2254 2782  881]",894
545,0.4127751501439696,16,1307,1589,"[5336  387  340 4140  912  763 2118 2516 3568 3652 1262 1466 3081 3662
 3088 2760 1589 2664 5977 3420 3075 7260 2434 2285 2173 3238  592 1858
 4275 4082 4501 7179 1176 6687 3883 1690 6694 2254 2782  881]",894
546,0.4136257591379249,8,3568,3644,"[5336  387  340 4140  912  763 2118 2516 3644 3652 1262 1466 3081 3662
 3088 2760 1589 2664 5977 3420 3075 7260 2434 2285 2173 3238  592 1858
 4275 4082 4501 7179 1176 6687 3883 1690 6694 2254 2782  881]",823
547,0.41368111495433,13,3662,3516,"[5336  387  340 4140  912  763 2118 2516 3644 3652 1262 1466 3081 3516
 3088 2760 1589 2664 5977 3420 3075 7260 2434 2285 2173 3238  592 1858
 4275 4082 4501 7179 1176 6687 3883 1690 6694 2254 2782  881]",819
548,0.4134397248389012,23,2285,2284,"[5336  387  340 4140  912  763 2118 2516 3644 3652 1262 1466 3081 3516
 3088 2760 1589 2664 5977 3420 3075 7260 2434 2284 2173 3238  592 1858
 4275 4082 4501 7179 1176 6687 3883 1690 6694 2254 2782  881]",816
549,0.4143116501870685,18,5977,6047,"[5336  387  340 4140  912  763 2118 2516 3644 3652 1262 1466 3081 3516
 3088 2760 1589 2664 6047 3420 3075 7260 2434 2284 2173 3238  592 1858
 4275 4082 4501 7179 1176 6687 3883 1690 6694 2254 2782  881]",885
550,0.4109058737372401,10,1262,1259,"[5336  387  340 4140  912  763 2118 2516 3644 3652 1259 1466 3081 3516
 3088 2760 1589 2664 6047 3420 3075 7260 2434 2284 2173 3238  592 1858
 4275 4082 4501 7179 1176 6687 3883 1690 6694 2254 2782  881]",819
551,0.40934667689549853,27,1858,3462,"[5336  387  340 4140  912  763 2118 2516 3644 3652 1259 1466 3081 3516
 3088 2760 1589 2664 6047 3420 3075 7260 2434 2284 2173 3238  592 3462
 4275 4082 4501 7179 1176 6687 3883 1690 6694 2254 2782  881]",828
552,0.41121228041676905,0,5336,1786,"[1786  387  340 4140  912  763 2118 2516 3644 3652 1259 1466 3081 3516
 3088 2760 1589 2664 6047 3420 3075 7260 2434 2284 2173 3238  592 3462
 4275 4082 4501 7179 1176 6687 3883 1690 6694 2254 2782  881]",845
553,0.41086215279758276,15,2760,2764,"[1786  387  340 4140  912  763 2118 2516 3644 3652 1259 1466 3081 3516
 3088 2764 1589 2664 6047 3420 3075 7260 2434 2284 2173 3238  592 3462
 4275 4082 4501 7179 1176 6687 3883 1690 6694 2254 2782  881]",907
554,0.4111509798357724,32,1176,1032,"[1786  387  340 4140  912  763 2118 2516 3644 3652 1259 1466 3081 3516
 3088 2764 1589 2664 6047 3420 3075 7260 2434 2284 2173 3238  592 3462
 4275 4082 4501 7179 1032 6687 3883 1690 6694 2254 2782  881]",918
555,0.4111109619772133,25,3238,3167,"[1786  387  340 4140  912  763 2118 2516 3644 3652 1259 1466 3081 3516
 3088 2764 1589 2664 6047 3420 3075 7260 2434 2284 2173 3167  592 3462
 4275 4082 4501 7179 1032 6687 3883 1690 6694 2254 2782  881]",897
556,0.4134362372502214,24,2173,1957,"[1786  387  340 4140  912  763 2118 2516 3644 3652 1259 1466 3081 3516
 3088 2764 1589 2664 6047 3420 3075 7260 2434 2284 1957 3167  592 3462
 4275 4082 4501 7179 1032 6687 3883 1690 6694 2254 2782  881]",915
557,0.4145826879387615,11,1466,1535,"[1786  387  340 4140  912  763 2118 2516 3644 3652 1259 1535 3081 3516
 3088 2764 1589 2664 6047 3420 3075 7260 2434 2284 1957 3167  592 3462
 4275 4082 4501 7179 1032 6687 3883 1690 6694 2254 2782  881]",876
558,0.41447765564084305,18,6047,5976,"[1786  387  340 4140  912  763 2118 2516 3644 3652 1259 1535 3081 3516
 3088 2764 1589 2664 5976 3420 3075 7260 2434 2284 1957 3167  592 3462
 4275 4082 4501 7179 1032 6687 3883 1690 6694 2254 2782  881]",910
559,0.41405845988305756,24,1957,2172,"[1786  387  340 4140  912  763 2118 2516 3644 3652 1259 1535 3081 3516
 3088 2764 1589 2664 5976 3420 3075 7260 2434 2284 2172 3167  592 3462
 4275 4082 4501 7179 1032 6687 3883 1690 6694 2254 2782  881]",898
560,0.4151945043786027,33,6687,6688,"[1786  387  340 4140  912  763 2118 2516 3644 3652 1259 1535 3081 3516
 3088 2764 1589 2664 5976 3420 3075 7260 2434 2284 2172 3167  592 3462
 4275 4082 4501 7179 1032 6688 3883 1690 6694 2254 2782  881]",867
561,0.4163981476348807,19,3420,3354,"[1786  387  340 4140  912  763 2118 2516 3644 3652 1259 1535 3081 3516
 3088 2764 1589 2664 5976 3354 3075 7260 2434 2284 2172 3167  592 3462
 4275 4082 4501 7179 1032 6688 3883 1690 6694 2254 2782  881]",905
562,0.41544032149022614,6,2118,2261,"[1786  387  340 4140  912  763 2261 2516 3644 3652 1259 1535 3081 3516
 3088 2764 1589 2664 5976 3354 3075 7260 2434 2284 2172 3167  592 3462
 4275 4082 4501 7179 1032 6688 3883 1690 6694 2254 2782  881]",902
563,0.41582375659227255,22,2434,2293,"[1786  387  340 4140  912  763 2261 2516 3644 3652 1259 1535 3081 3516
 3088 2764 1589 2664 5976 3354 3075 7260 2293 2284 2172 3167  592 3462
 4275 4082 4501 7179 1032 6688 3883 1690 6694 2254 2782  881]",920
564,0.41611709647403905,8,3644,3573,"[1786  387  340 4140  912  763 2261 2516 3573 3652 1259 1535 3081 3516
 3088 2764 1589 2664 5976 3354 3075 7260 2293 2284 2172 3167  592 3462
 4275 4082 4501 7179 1032 6688 3883 1690 6694 2254 2782  881]",849
565,0.415989890347488,30,4501,4430,"[1786  387  340 4140  912  763 2261 2516 3573 3652 1259 1535 3081 3516
 3088 2764 1589 2664 5976 3354 3075 7260 2293 2284 2172 3167  592 3462
 4275 4082 4430 7179 1032 6688 3883 1690 6694 2254 2782  881]",890
566,0.41559233292262365,34,3883,3812,"[1786  387  340 4140  912  763 2261 2516 3573 3652 1259 1535 3081 3516
 3088 2764 1589 2664 5976 3354 3075 7260 2293 2284 2172 3167  592 3462
 4275 4082 4430 7179 1032 6688 3812 1690 6694 2254 2782  881]",909
567,0.4154250687468503,35,1690,1762,"[1786  387  340 4140  912  763 2261 2516 3573 3652 1259 1535 3081 3516
 3088 2764 1589 2664 5976 3354 3075 7260 2293 2284 2172 3167  592 3462
 4275 4082 4430 7179 1032 6688 3812 1762 6694 2254 2782  881]",893
568,0.41572055613588127,28,4275,4205,"[1786  387  340 4140  912  763 2261 2516 3573 3652 1259 1535 3081 3516
 3088 2764 1589 2664 5976 3354 3075 7260 2293 2284 2172 3167  592 3462
 4205 4082 4430 7179 1032 6688 3812 1762 6694 2254 2782  881]",919
569,0.41621730852400557,2,340,4409,"[1786  387 4409 4140  912  763 2261 2516 3573 3652 1259 1535 3081 3516
 3088 2764 1589 2664 5976 3354 3075 7260 2293 2284 2172 3167  592 3462
 4205 4082 4430 7179 1032 6688 3812 1762 6694 2254 2782  881]",893
570,0.41707913175445493,14,3088,3087,"[1786  387 4409 4140  912  763 2261 2516 3573 3652 1259 1535 3081 3516
 3087 2764 1589 2664 5976 3354 3075 7260 2293 2284 2172 3167  592 3462
 4205 4082 4430 7179 1032 6688 3812 1762 6694 2254 2782  881]",824
571,0.4170177547874785,17,2664,1826,"[1786  387 4409 4140  912  763 2261 2516 3573 3652 1259 1535 3081 3516
 3087 2764 1589 1826 5976 3354 3075 7260 2293 2284 2172 3167  592 3462
 4205 4082 4430 7179 1032 6688 3812 1762 6694 2254 2782  881]",841
572,0.41566109286468955,11,1535,1323,"[1786  387 4409 4140  912  763 2261 2516 3573 3652 1259 1323 3081 3516
 3087 2764 1589 1826 5976 3354 3075 7260 2293 2284 2172 3167  592 3462
 4205 4082 4430 7179 1032 6688 3812 1762 6694 2254 2782  881]",880
573,0.4144591372702523,22,2293,2578,"[1786  387 4409 4140  912  763 2261 2516 3573 3652 1259 1323 3081 3516
 3087 2764 1589 1826 5976 3354 3075 7260 2578 2284 2172 3167  592 3462
 4205 4082 4430 7179 1032 6688 3812 1762 6694 2254 2782  881]",919
574,0.4135814688278156,19,3354,3210,"[1786  387 4409 4140  912  763 2261 2516 3573 3652 1259 1323 3081 3516
 3087 2764 1589 1826 5976 3210 3075 7260 2578 2284 2172 3167  592 3462
 4205 4082 4430 7179 1032 6688 3812 1762 6694 2254 2782  881]",909
575,0.4168938540536506,13,3516,3590,"[1786  387 4409 4140  912  763 2261 2516 3573 3652 1259 1323 3081 3590
 3087 2764 1589 1826 5976 3210 3075 7260 2578 2284 2172 3167  592 3462
 4205 4082 4430 7179 1032 6688 3812 1762 6694 2254 2782  881]",894
576,0.41603623348871166,32,1032,1101,"[1786  387 4409 4140  912  763 2261 2516 3573 3652 1259 1323 3081 3590
 3087 2764 1589 1826 5976 3210 3075 7260 2578 2284 2172 3167  592 3462
 4205 4082 4430 7179 1101 6688 3812 1762 6694 2254 2782  881]",933
577,0.4169049975653072,20,3075,3145,"[1786  387 4409 4140  912  763 2261 2516 3573 3652 1259 1323 3081 3590
 3087 2764 1589 1826 5976 3210 3145 7260 2578 2284 2172 3167  592 3462
 4205 4082 4430 7179 1101 6688 3812 1762 6694 2254 2782  881]",869
578,0.41675055059798494,32,1101,962,"[1786  387 4409 4140  912  763 2261 2516 3573 3652 1259 1323 3081 3590
 3087 2764 1589 1826 5976 3210 3145 7260 2578 2284 2172 3167  592 3462
 4205 4082 4430 7179  962 6688 3812 1762 6694 2254 2782  881]",933
579,0.4169049975653072,32,962,1101,"[1786  387 4409 4140  912  763 2261 2516 3573 3652 1259 1323 3081 3590
 3087 2764 1589 1826 5976 3210 3145 7260 2578 2284 2172 3167  592 3462
 4205 4082 4430 7179 1101 6688 3812 1762 6694 2254 2782  881]",933
580,0.4165912965545593,36,6694,2155,"[1786  387 4409 4140  912  763 2261 2516 3573 3652 1259 1323 3081 3590
 3087 2764 1589 1826 5976 3210 3145 7260 2578 2284 2172 3167  592 3462
 4205 4082 4430 7179 1101 6688 3812 1762 2155 2254 2782  881]",912
581,0.4152060473602612,32,1101,1174,"[1786  387 4409 4140  912  763 2261 2516 3573 3652 1259 1323 3081 3590
 3087 2764 1589 1826 5976 3210 3145 7260 2578 2284 2172 3167  592 3462
 4205 4082 4430 7179 1174 6688 3812 1762 2155 2254 2782  881]",945
582,0.4153423079140638,30,4430,4503,"[1786  387 4409 4140  912  763 2261 2516 3573 3652 1259 1323 3081 3590
 3087 2764 1589 1826 5976 3210 3145 7260 2578 2284 2172 3167  592 3462
 4205 4082 4503 7179 1174 6688 3812 1762 2155 2254 2782  881]",931
583,0.41455983760712,24,2172,1956,"[1786  387 4409 4140  912  763 2261 2516 3573 3652 1259 1323 3081 3590
 3087 2764 1589 1826 5976 3210 3145 7260 2578 2284 1956 3167  592 3462
 4205 4082 4503 7179 1174 6688 3812 1762 2155 2254 2782  881]",982
584,0.41548022528392914,36,2155,2148,"[1786  387 4409 4140  912  763 2261 2516 3573 3652 1259 1323 3081 3590
 3087 2764 1589 1826 5976 3210 3145 7260 2578 2284 1956 3167  592 3462
 4205 4082 4503 7179 1174 6688 3812 1762 2148 2254 2782  881]",917
585,0.41546060494298276,28,4205,4203,"[1786  387 4409 4140  912  763 2261 2516 3573 3652 1259 1323 3081 3590
 3087 2764 1589 1826 5976 3210 3145 7260 2578 2284 1956 3167  592 3462
 4203 4082 4503 7179 1174 6688 3812 1762 2148 2254 2782  881]",937
586,0.4190358376677183,2,4409,6836,"[1786  387 6836 4140  912  763 2261 2516 3573 3652 1259 1323 3081 3590
 3087 2764 1589 1826 5976 3210 3145 7260 2578 2284 1956 3167  592 3462
 4203 4082 4503 7179 1174 6688 3812 1762 2148 2254 2782  881]",933
587,0.41955099807232044,26,592,662,"[1786  387 6836 4140  912  763 2261 2516 3573 3652 1259 1323 3081 3590
 3087 2764 1589 1826 5976 3210 3145 7260 2578 2284 1956 3167  662 3462
 4203 4082 4503 7179 1174 6688 3812 1762 2148 2254 2782  881]",953
588,0.4200122949621191,17,1826,2034,"[1786  387 6836 4140  912  763 2261 2516 3573 3652 1259 1323 3081 3590
 3087 2764 1589 2034 5976 3210 3145 7260 2578 2284 1956 3167  662 3462
 4203 4082 4503 7179 1174 6688 3812 1762 2148 2254 2782  881]",915
589,0.4186537913638989,18,5976,6258,"[1786  387 6836 4140  912  763 2261 2516 3573 3652 1259 1323 3081 3590
 3087 2764 1589 2034 6258 3210 3145 7260 2578 2284 1956 3167  662 3462
 4203 4082 4503 7179 1174 6688 3812 1762 2148 2254 2782  881]",958
590,0.4190127733908818,19,3210,3209,"[1786  387 6836 4140  912  763 2261 2516 3573 3652 1259 1323 3081 3590
 3087 2764 1589 2034 6258 3209 3145 7260 2578 2284 1956 3167  662 3462
 4203 4082 4503 7179 1174 6688 3812 1762 2148 2254 2782  881]",923
591,0.41959019145744114,3,4140,4141,"[1786  387 6836 4141  912  763 2261 2516 3573 3652 1259 1323 3081 3590
 3087 2764 1589 2034 6258 3209 3145 7260 2578 2284 1956 3167  662 3462
 4203 4082 4503 7179 1174 6688 3812 1762 2148 2254 2782  881]",938
592,0.41932459259265914,7,2516,2515,"[1786  387 6836 4141  912  763 2261 2515 3573 3652 1259 1323 3081 3590
 3087 2764 1589 2034 6258 3209 3145 7260 2578 2284 1956 3167  662 3462
 4203 4082 4503 7179 1174 6688 3812 1762 2148 2254 2782  881]",955
593,0.41746103598945644,13,3590,3446,"[1786  387 6836 4141  912  763 2261 2515 3573 3652 1259 1323 3081 3446
 3087 2764 1589 2034 6258 3209 3145 7260 2578 2284 1956 3167  662 3462
 4203 4082 4503 7179 1174 6688 3812 1762 2148 2254 2782  881]",923
594,0.41696264307126646,23,2284,2283,"[1786  387 6836 4141  912  763 2261 2515 3573 3652 1259 1323 3081 3446
 3087 2764 1589 2034 6258 3209 3145 7260 2578 2283 1956 3167  662 3462
 4203 4082 4503 7179 1174 6688 3812 1762 2148 2254 2782  881]",913
595,0.4145758858689381,2,6836,6838,"[1786  387 6838 4141  912  763 2261 2515 3573 3652 1259 1323 3081 3446
 3087 2764 1589 2034 6258 3209 3145 7260 2578 2283 1956 3167  662 3462
 4203 4082 4503 7179 1174 6688 3812 1762 2148 2254 2782  881]",937
596,0.4154368332228645,30,4503,4573,"[1786  387 6838 4141  912  763 2261 2515 3573 3652 1259 1323 3081 3446
 3087 2764 1589 2034 6258 3209 3145 7260 2578 2283 1956 3167  662 3462
 4203 4082 4573 7179 1174 6688 3812 1762 2148 2254 2782  881]",939
597,0.4159352261410545,23,2283,2284,"[1786  387 6838 4141  912  763 2261 2515 3573 3652 1259 1323 3081 3446
 3087 2764 1589 2034 6258 3209 3145 7260 2578 2284 1956 3167  662 3462
 4203 4082 4573 7179 1174 6688 3812 1762 2148 2254 2782  881]",904
598,0.4153266626206302,20,3145,3144,"[1786  387 6838 4141  912  763 2261 2515 3573 3652 1259 1323 3081 3446
 3087 2764 1589 2034 6258 3209 3144 7260 2578 2284 1956 3167  662 3462
 4203 4082 4573 7179 1174 6688 3812 1762 2148 2254 2782  881]",899
599,0.4188316508146156,14,3087,2945,"[1786  387 6838 4141  912  763 2261 2515 3573 3652 1259 1323 3081 3446
 2945 2764 1589 2034 6258 3209 3144 7260 2578 2284 1956 3167  662 3462
 4203 4082 4573 7179 1174 6688 3812 1762 2148 2254 2782  881]",910
600,0.4171097870150371,23,2284,4409,"[1786  387 6838 4141  912  763 2261 2515 3573 3652 1259 1323 3081 3446
 2945 2764 1589 2034 6258 3209 3144 7260 2578 4409 1956 3167  662 3462
 4203 4082 4573 7179 1174 6688 3812 1762 2148 2254 2782  881]",896
601,0.4165584783174785,39,881,811,"[1786  387 6838 4141  912  763 2261 2515 3573 3652 1259 1323 3081 3446
 2945 2764 1589 2034 6258 3209 3144 7260 2578 4409 1956 3167  662 3462
 4203 4082 4573 7179 1174 6688 3812 1762 2148 2254 2782  811]",880
602,0.41846617194905167,39,811,810,"[1786  387 6838 4141  912  763 2261 2515 3573 3652 1259 1323 3081 3446
 2945 2764 1589 2034 6258 3209 3144 7260 2578 4409 1956 3167  662 3462
 4203 4082 4573 7179 1174 6688 3812 1762 2148 2254 2782  810]",880
603,0.4181341204889911,30,4573,4361,"[1786  387 6838 4141  912  763 2261 2515 3573 3652 1259 1323 3081 3446
 2945 2764 1589 2034 6258 3209 3144 7260 2578 4409 1956 3167  662 3462
 4203 4082 4361 7179 1174 6688 3812 1762 2148 2254 2782  810]",892
604,0.4194915571302424,27,3462,2355,"[1786  387 6838 4141  912  763 2261 2515 3573 3652 1259 1323 3081 3446
 2945 2764 1589 2034 6258 3209 3144 7260 2578 4409 1956 3167  662 2355
 4203 4082 4361 7179 1174 6688 3812 1762 2148 2254 2782  810]",905
605,0.4181236454507795,14,2945,3016,"[1786  387 6838 4141  912  763 2261 2515 3573 3652 1259 1323 3081 3446
 3016 2764 1589 2034 6258 3209 3144 7260 2578 4409 1956 3167  662 2355
 4203 4082 4361 7179 1174 6688 3812 1762 2148 2254 2782  810]",919
606,0.4186854977280752,18,6258,6048,"[1786  387 6838 4141  912  763 2261 2515 3573 3652 1259 1323 3081 3446
 3016 2764 1589 2034 6048 3209 3144 7260 2578 4409 1956 3167  662 2355
 4203 4082 4361 7179 1174 6688 3812 1762 2148 2254 2782  810]",962
607,0.4171584280735054,25,3167,3311,"[1786  387 6838 4141  912  763 2261 2515 3573 3652 1259 1323 3081 3446
 3016 2764 1589 2034 6048 3209 3144 7260 2578 4409 1956 3311  662 2355
 4203 4082 4361 7179 1174 6688 3812 1762 2148 2254 2782  810]",936
608,0.4189045059575625,25,3311,3168,"[1786  387 6838 4141  912  763 2261 2515 3573 3652 1259 1323 3081 3446
 3016 2764 1589 2034 6048 3209 3144 7260 2578 4409 1956 3168  662 2355
 4203 4082 4361 7179 1174 6688 3812 1762 2148 2254 2782  810]",936
609,0.4213678562116485,13,3446,3519,"[1786  387 6838 4141  912  763 2261 2515 3573 3652 1259 1323 3081 3519
 3016 2764 1589 2034 6048 3209 3144 7260 2578 4409 1956 3168  662 2355
 4203 4082 4361 7179 1174 6688 3812 1762 2148 2254 2782  810]",892
610,0.42147019169563005,4,912,982,"[1786  387 6838 4141  982  763 2261 2515 3573 3652 1259 1323 3081 3519
 3016 2764 1589 2034 6048 3209 3144 7260 2578 4409 1956 3168  662 2355
 4203 4082 4361 7179 1174 6688 3812 1762 2148 2254 2782  810]",918
611,0.4207726551242087,26,662,521,"[1786  387 6838 4141  982  763 2261 2515 3573 3652 1259 1323 3081 3519
 3016 2764 1589 2034 6048 3209 3144 7260 2578 4409 1956 3168  521 2355
 4203 4082 4361 7179 1174 6688 3812 1762 2148 2254 2782  810]",926
612,0.42049287702641275,9,3652,3579,"[1786  387 6838 4141  982  763 2261 2515 3573 3579 1259 1323 3081 3519
 3016 2764 1589 2034 6048 3209 3144 7260 2578 4409 1956 3168  521 2355
 4203 4082 4361 7179 1174 6688 3812 1762 2148 2254 2782  810]",905
613,0.4187059402213799,35,1762,1836,"[1786  387 6838 4141  982  763 2261 2515 3573 3579 1259 1323 3081 3519
 3016 2764 1589 2034 6048 3209 3144 7260 2578 4409 1956 3168  521 2355
 4203 4082 4361 7179 1174 6688 3812 1836 2148 2254 2782  810]",926
614,0.4181311805008213,34,3812,3953,"[1786  387 6838 4141  982  763 2261 2515 3573 3579 1259 1323 3081 3519
 3016 2764 1589 2034 6048 3209 3144 7260 2578 4409 1956 3168  521 2355
 4203 4082 4361 7179 1174 6688 3953 1836 2148 2254 2782  810]",980
615,0.4171787527168262,33,6688,6830,"[1786  387 6838 4141  982  763 2261 2515 3573 3579 1259 1323 3081 3519
 3016 2764 1589 2034 6048 3209 3144 7260 2578 4409 1956 3168  521 2355
 4203 4082 4361 7179 1174 6830 3953 1836 2148 2254 2782  810]",944
616,0.41602177025584963,22,2578,2718,"[1786  387 6838 4141  982  763 2261 2515 3573 3579 1259 1323 3081 3519
 3016 2764 1589 2034 6048 3209 3144 7260 2718 4409 1956 3168  521 2355
 4203 4082 4361 7179 1174 6830 3953 1836 2148 2254 2782  810]",925
617,0.4163968409355523,3,4141,3605,"[1786  387 6838 3605  982  763 2261 2515 3573 3579 1259 1323 3081 3519
 3016 2764 1589 2034 6048 3209 3144 7260 2718 4409 1956 3168  521 2355
 4203 4082 4361 7179 1174 6830 3953 1836 2148 2254 2782  810]",946
618,0.41687112554953987,17,2034,1753,"[1786  387 6838 3605  982  763 2261 2515 3573 3579 1259 1323 3081 3519
 3016 2764 1589 1753 6048 3209 3144 7260 2718 4409 1956 3168  521 2355
 4203 4082 4361 7179 1174 6830 3953 1836 2148 2254 2782  810]",937
619,0.41665702128058435,17,1753,1894,"[1786  387 6838 3605  982  763 2261 2515 3573 3579 1259 1323 3081 3519
 3016 2764 1589 1894 6048 3209 3144 7260 2718 4409 1956 3168  521 2355
 4203 4082 4361 7179 1174 6830 3953 1836 2148 2254 2782  810]",937
620,0.41866918131586484,12,3081,2939,"[1786  387 6838 3605  982  763 2261 2515 3573 3579 1259 1323 2939 3519
 3016 2764 1589 1894 6048 3209 3144 7260 2718 4409 1956 3168  521 2355
 4203 4082 4361 7179 1174 6830 3953 1836 2148 2254 2782  810]",906
621,0.42111712842697135,33,6830,6760,"[1786  387 6838 3605  982  763 2261 2515 3573 3579 1259 1323 2939 3519
 3016 2764 1589 1894 6048 3209 3144 7260 2718 4409 1956 3168  521 2355
 4203 4082 4361 7179 1174 6760 3953 1836 2148 2254 2782  810]",939
622,0.4218054200449878,36,2148,2222,"[1786  387 6838 3605  982  763 2261 2515 3573 3579 1259 1323 2939 3519
 3016 2764 1589 1894 6048 3209 3144 7260 2718 4409 1956 3168  521 2355
 4203 4082 4361 7179 1174 6760 3953 1836 2222 2254 2782  810]",942
623,0.4220803912464044,3,3605,4141,"[1786  387 6838 4141  982  763 2261 2515 3573 3579 1259 1323 2939 3519
 3016 2764 1589 1894 6048 3209 3144 7260 2718 4409 1956 3168  521 2355
 4203 4082 4361 7179 1174 6760 3953 1836 2222 2254 2782  810]",940
624,0.42179896448759546,34,3953,3668,"[1786  387 6838 4141  982  763 2261 2515 3573 3579 1259 1323 2939 3519
 3016 2764 1589 1894 6048 3209 3144 7260 2718 4409 1956 3168  521 2355
 4203 4082 4361 7179 1174 6760 3668 1836 2222 2254 2782  810]",984
625,0.4220060646905759,0,1786,1858,"[1858  387 6838 4141  982  763 2261 2515 3573 3579 1259 1323 2939 3519
 3016 2764 1589 1894 6048 3209 3144 7260 2718 4409 1956 3168  521 2355
 4203 4082 4361 7179 1174 6760 3668 1836 2222 2254 2782  810]",947
626,0.423220501416265,32,1174,962,"[1858  387 6838 4141  982  763 2261 2515 3573 3579 1259 1323 2939 3519
 3016 2764 1589 1894 6048 3209 3144 7260 2718 4409 1956 3168  521 2355
 4203 4082 4361 7179  962 6760 3668 1836 2222 2254 2782  810]",990
627,0.4236871253278273,30,4361,4573,"[1858  387 6838 4141  982  763 2261 2515 3573 3579 1259 1323 2939 3519
 3016 2764 1589 1894 6048 3209 3144 7260 2718 4409 1956 3168  521 2355
 4203 4082 4573 7179  962 6760 3668 1836 2222 2254 2782  810]",957
628,0.42247274821947584,12,2939,2938,"[1858  387 6838 4141  982  763 2261 2515 3573 3579 1259 1323 2938 3519
 3016 2764 1589 1894 6048 3209 3144 7260 2718 4409 1956 3168  521 2355
 4203 4082 4573 7179  962 6760 3668 1836 2222 2254 2782  810]",921
629,0.42065597582182535,24,1956,1884,"[1858  387 6838 4141  982  763 2261 2515 3573 3579 1259 1323 2938 3519
 3016 2764 1589 1894 6048 3209 3144 7260 2718 4409 1884 3168  521 2355
 4203 4082 4573 7179  962 6760 3668 1836 2222 2254 2782  810]",1000
630,0.42071264965365207,38,2782,2781,"[1858  387 6838 4141  982  763 2261 2515 3573 3579 1259 1323 2938 3519
 3016 2764 1589 1894 6048 3209 3144 7260 2718 4409 1884 3168  521 2355
 4203 4082 4573 7179  962 6760 3668 1836 2222 2254 2781  810]",907
631,0.420630004615991,25,3168,3098,"[1858  387 6838 4141  982  763 2261 2515 3573 3579 1259 1323 2938 3519
 3016 2764 1589 1894 6048 3209 3144 7260 2718 4409 1884 3098  521 2355
 4203 4082 4573 7179  962 6760 3668 1836 2222 2254 2781  810]",960
632,0.4209292406867079,27,2355,2285,"[1858  387 6838 4141  982  763 2261 2515 3573 3579 1259 1323 2938 3519
 3016 2764 1589 1894 6048 3209 3144 7260 2718 4409 1884 3098  521 2285
 4203 4082 4573 7179  962 6760 3668 1836 2222 2254 2781  810]",902
633,0.4204428477081523,3,4141,4072,"[1858  387 6838 4072  982  763 2261 2515 3573 3579 1259 1323 2938 3519
 3016 2764 1589 1894 6048 3209 3144 7260 2718 4409 1884 3098  521 2285
 4203 4082 4573 7179  962 6760 3668 1836 2222 2254 2781  810]",938
634,0.4186947204640607,26,521,1161,"[1858  387 6838 4072  982  763 2261 2515 3573 3579 1259 1323 2938 3519
 3016 2764 1589 1894 6048 3209 3144 7260 2718 4409 1884 3098 1161 2285
 4203 4082 4573 7179  962 6760 3668 1836 2222 2254 2781  810]",942
635,0.42017647227417987,34,3668,3740,"[1858  387 6838 4072  982  763 2261 2515 3573 3579 1259 1323 2938 3519
 3016 2764 1589 1894 6048 3209 3144 7260 2718 4409 1884 3098 1161 2285
 4203 4082 4573 7179  962 6760 3740 1836 2222 2254 2781  810]",977
636,0.42134375594569906,24,1884,2173,"[1858  387 6838 4072  982  763 2261 2515 3573 3579 1259 1323 2938 3519
 3016 2764 1589 1894 6048 3209 3144 7260 2718 4409 2173 3098 1161 2285
 4203 4082 4573 7179  962 6760 3740 1836 2222 2254 2781  810]",991
637,0.42151622465245575,35,1836,1691,"[1858  387 6838 4072  982  763 2261 2515 3573 3579 1259 1323 2938 3519
 3016 2764 1589 1894 6048 3209 3144 7260 2718 4409 2173 3098 1161 2285
 4203 4082 4573 7179  962 6760 3740 1691 2222 2254 2781  810]",958
638,0.41964780111976197,37,2254,2253,"[1858  387 6838 4072  982  763 2261 2515 3573 3579 1259 1323 2938 3519
 3016 2764 1589 1894 6048 3209 3144 7260 2718 4409 2173 3098 1161 2285
 4203 4082 4573 7179  962 6760 3740 1691 2222 2253 2781  810]",951
639,0.4213551175804201,22,2718,521,"[1858  387 6838 4072  982  763 2261 2515 3573 3579 1259 1323 2938 3519
 3016 2764 1589 1894 6048 3209 3144 7260  521 4409 2173 3098 1161 2285
 4203 4082 4573 7179  962 6760 3740 1691 2222 2253 2781  810]",919
640,0.42032529221943815,36,2222,2292,"[1858  387 6838 4072  982  763 2261 2515 3573 3579 1259 1323 2938 3519
 3016 2764 1589 1894 6048 3209 3144 7260  521 4409 2173 3098 1161 2285
 4203 4082 4573 7179  962 6760 3740 1691 2292 2253 2781  810]",947
641,0.42211463227540247,36,2292,2221,"[1858  387 6838 4072  982  763 2261 2515 3573 3579 1259 1323 2938 3519
 3016 2764 1589 1894 6048 3209 3144 7260  521 4409 2173 3098 1161 2285
 4203 4082 4573 7179  962 6760 3740 1691 2221 2253 2781  810]",947
642,0.42300151066975045,31,7179,7251,"[1858  387 6838 4072  982  763 2261 2515 3573 3579 1259 1323 2938 3519
 3016 2764 1589 1894 6048 3209 3144 7260  521 4409 2173 3098 1161 2285
 4203 4082 4573 7251  962 6760 3740 1691 2221 2253 2781  810]",925
643,0.42377966826544855,23,4409,6470,"[1858  387 6838 4072  982  763 2261 2515 3573 3579 1259 1323 2938 3519
 3016 2764 1589 1894 6048 3209 3144 7260  521 6470 2173 3098 1161 2285
 4203 4082 4573 7251  962 6760 3740 1691 2221 2253 2781  810]",938
644,0.42416088825790854,22,521,520,"[1858  387 6838 4072  982  763 2261 2515 3573 3579 1259 1323 2938 3519
 3016 2764 1589 1894 6048 3209 3144 7260  520 6470 2173 3098 1161 2285
 4203 4082 4573 7251  962 6760 3740 1691 2221 2253 2781  810]",941
645,0.42488042014931837,3,4072,4069,"[1858  387 6838 4069  982  763 2261 2515 3573 3579 1259 1323 2938 3519
 3016 2764 1589 1894 6048 3209 3144 7260  520 6470 2173 3098 1161 2285
 4203 4082 4573 7251  962 6760 3740 1691 2221 2253 2781  810]",935
646,0.42270370039486005,20,3144,2858,"[1858  387 6838 4069  982  763 2261 2515 3573 3579 1259 1323 2938 3519
 3016 2764 1589 1894 6048 3209 2858 7260  520 6470 2173 3098 1161 2285
 4203 4082 4573 7251  962 6760 3740 1691 2221 2253 2781  810]",907
647,0.4253907056390022,20,2858,3145,"[1858  387 6838 4069  982  763 2261 2515 3573 3579 1259 1323 2938 3519
 3016 2764 1589 1894 6048 3209 3145 7260  520 6470 2173 3098 1161 2285
 4203 4082 4573 7251  962 6760 3740 1691 2221 2253 2781  810]",907
648,0.42412369164681474,13,3519,3447,"[1858  387 6838 4069  982  763 2261 2515 3573 3579 1259 1323 2938 3447
 3016 2764 1589 1894 6048 3209 3145 7260  520 6470 2173 3098 1161 2285
 4203 4082 4573 7251  962 6760 3740 1691 2221 2253 2781  810]",934
649,0.4242482587299556,18,6048,5977,"[1858  387 6838 4069  982  763 2261 2515 3573 3579 1259 1323 2938 3447
 3016 2764 1589 1894 5977 3209 3145 7260  520 6470 2173 3098 1161 2285
 4203 4082 4573 7251  962 6760 3740 1691 2221 2253 2781  810]",965
650,0.423301150386647,23,6470,1740,"[1858  387 6838 4069  982  763 2261 2515 3573 3579 1259 1323 2938 3447
 3016 2764 1589 1894 5977 3209 3145 7260  520 1740 2173 3098 1161 2285
 4203 4082 4573 7251  962 6760 3740 1691 2221 2253 2781  810]",934
651,0.4226448652151425,13,3447,3520,"[1858  387 6838 4069  982  763 2261 2515 3573 3579 1259 1323 2938 3520
 3016 2764 1589 1894 5977 3209 3145 7260  520 1740 2173 3098 1161 2285
 4203 4082 4573 7251  962 6760 3740 1691 2221 2253 2781  810]",897
652,0.4230625313343604,7,2515,2588,"[1858  387 6838 4069  982  763 2261 2588 3573 3579 1259 1323 2938 3520
 3016 2764 1589 1894 5977 3209 3145 7260  520 1740 2173 3098 1161 2285
 4203 4082 4573 7251  962 6760 3740 1691 2221 2253 2781  810]",919
653,0.42456903999220685,2,6838,6837,"[1858  387 6837 4069  982  763 2261 2588 3573 3579 1259 1323 2938 3520
 3016 2764 1589 1894 5977 3209 3145 7260  520 1740 2173 3098 1161 2285
 4203 4082 4573 7251  962 6760 3740 1691 2221 2253 2781  810]",902
654,0.4248548424015326,8,3573,3643,"[1858  387 6837 4069  982  763 2261 2588 3643 3579 1259 1323 2938 3520
 3016 2764 1589 1894 5977 3209 3145 7260  520 1740 2173 3098 1161 2285
 4203 4082 4573 7251  962 6760 3740 1691 2221 2253 2781  810]",878
655,0.42543304813033056,26,1161,2756,"[1858  387 6837 4069  982  763 2261 2588 3643 3579 1259 1323 2938 3520
 3016 2764 1589 1894 5977 3209 3145 7260  520 1740 2173 3098 2756 2285
 4203 4082 4573 7251  962 6760 3740 1691 2221 2253 2781  810]",889
656,0.42396819480227094,0,1858,2717,"[2717  387 6837 4069  982  763 2261 2588 3643 3579 1259 1323 2938 3520
 3016 2764 1589 1894 5977 3209 3145 7260  520 1740 2173 3098 2756 2285
 4203 4082 4573 7251  962 6760 3740 1691 2221 2253 2781  810]",858
657,0.424733735181881,16,1589,1378,"[2717  387 6837 4069  982  763 2261 2588 3643 3579 1259 1323 2938 3520
 3016 2764 1378 1894 5977 3209 3145 7260  520 1740 2173 3098 2756 2285
 4203 4082 4573 7251  962 6760 3740 1691 2221 2253 2781  810]",944
658,0.4238303889499328,31,7251,7179,"[2717  387 6837 4069  982  763 2261 2588 3643 3579 1259 1323 2938 3520
 3016 2764 1378 1894 5977 3209 3145 7260  520 1740 2173 3098 2756 2285
 4203 4082 4573 7179  962 6760 3740 1691 2221 2253 2781  810]",921
659,0.42544259370759785,6,2261,2117,"[2717  387 6837 4069  982  763 2117 2588 3643 3579 1259 1323 2938 3520
 3016 2764 1378 1894 5977 3209 3145 7260  520 1740 2173 3098 2756 2285
 4203 4082 4573 7179  962 6760 3740 1691 2221 2253 2781  810]",910
660,0.42343995901514303,32,962,1099,"[2717  387 6837 4069  982  763 2117 2588 3643 3579 1259 1323 2938 3520
 3016 2764 1378 1894 5977 3209 3145 7260  520 1740 2173 3098 2756 2285
 4203 4082 4573 7179 1099 6760 3740 1691 2221 2253 2781  810]",955
661,0.4221224291776983,20,3145,1857,"[2717  387 6837 4069  982  763 2117 2588 3643 3579 1259 1323 2938 3520
 3016 2764 1378 1894 5977 3209 1857 7260  520 1740 2173 3098 2756 2285
 4203 4082 4573 7179 1099 6760 3740 1691 2221 2253 2781  810]",918
662,0.4229876775332289,28,4203,3216,"[2717  387 6837 4069  982  763 2117 2588 3643 3579 1259 1323 2938 3520
 3016 2764 1378 1894 5977 3209 1857 7260  520 1740 2173 3098 2756 2285
 3216 4082 4573 7179 1099 6760 3740 1691 2221 2253 2781  810]",982
663,0.42044631552109213,9,3579,3436,"[2717  387 6837 4069  982  763 2117 2588 3643 3436 1259 1323 2938 3520
 3016 2764 1378 1894 5977 3209 1857 7260  520 1740 2173 3098 2756 2285
 3216 4082 4573 7179 1099 6760 3740 1691 2221 2253 2781  810]",1020
664,0.4222466938169657,0,2717,4205,"[4205  387 6837 4069  982  763 2117 2588 3643 3436 1259 1323 2938 3520
 3016 2764 1378 1894 5977 3209 1857 7260  520 1740 2173 3098 2756 2285
 3216 4082 4573 7179 1099 6760 3740 1691 2221 2253 2781  810]",998
665,0.4249773784706897,17,1894,3934,"[4205  387 6837 4069  982  763 2117 2588 3643 3436 1259 1323 2938 3520
 3016 2764 1378 3934 5977 3209 1857 7260  520 1740 2173 3098 2756 2285
 3216 4082 4573 7179 1099 6760 3740 1691 2221 2253 2781  810]",950
666,0.42420639730613474,30,4573,4501,"[4205  387 6837 4069  982  763 2117 2588 3643 3436 1259 1323 2938 3520
 3016 2764 1378 3934 5977 3209 1857 7260  520 1740 2173 3098 2756 2285
 3216 4082 4501 7179 1099 6760 3740 1691 2221 2253 2781  810]",994
667,0.4261115231066064,31,7179,7111,"[4205  387 6837 4069  982  763 2117 2588 3643 3436 1259 1323 2938 3520
 3016 2764 1378 3934 5977 3209 1857 7260  520 1740 2173 3098 2756 2285
 3216 4082 4501 7111 1099 6760 3740 1691 2221 2253 2781  810]",986
668,0.4269746969520075,8,3643,1682,"[4205  387 6837 4069  982  763 2117 2588 1682 3436 1259 1323 2938 3520
 3016 2764 1378 3934 5977 3209 1857 7260  520 1740 2173 3098 2756 2285
 3216 4082 4501 7111 1099 6760 3740 1691 2221 2253 2781  810]",946
669,0.427597513455601,0,4205,4061,"[4061  387 6837 4069  982  763 2117 2588 1682 3436 1259 1323 2938 3520
 3016 2764 1378 3934 5977 3209 1857 7260  520 1740 2173 3098 2756 2285
 3216 4082 4501 7111 1099 6760 3740 1691 2221 2253 2781  810]",995
670,0.4284076038201317,35,1691,2649,"[4061  387 6837 4069  982  763 2117 2588 1682 3436 1259 1323 2938 3520
 3016 2764 1378 3934 5977 3209 1857 7260  520 1740 2173 3098 2756 2285
 3216 4082 4501 7111 1099 6760 3740 2649 2221 2253 2781  810]",938
671,0.42789107357745054,1,387,1620,"[4061 1620 6837 4069  982  763 2117 2588 1682 3436 1259 1323 2938 3520
 3016 2764 1378 3934 5977 3209 1857 7260  520 1740 2173 3098 2756 2285
 3216 4082 4501 7111 1099 6760 3740 2649 2221 2253 2781  810]",966
672,0.42765575945248574,6,2117,2118,"[4061 1620 6837 4069  982  763 2118 2588 1682 3436 1259 1323 2938 3520
 3016 2764 1378 3934 5977 3209 1857 7260  520 1740 2173 3098 2756 2285
 3216 4082 4501 7111 1099 6760 3740 2649 2221 2253 2781  810]",971
673,0.42853341658027977,3,4069,3855,"[4061 1620 6837 3855  982  763 2118 2588 1682 3436 1259 1323 2938 3520
 3016 2764 1378 3934 5977 3209 1857 7260  520 1740 2173 3098 2756 2285
 3216 4082 4501 7111 1099 6760 3740 2649 2221 2253 2781  810]",976
674,0.42857438325837277,25,3098,3169,"[4061 1620 6837 3855  982  763 2118 2588 1682 3436 1259 1323 2938 3520
 3016 2764 1378 3934 5977 3209 1857 7260  520 1740 2173 3169 2756 2285
 3216 4082 4501 7111 1099 6760 3740 2649 2221 2253 2781  810]",1009
675,0.4256125356678535,21,7260,7401,"[4061 1620 6837 3855  982  763 2118 2588 1682 3436 1259 1323 2938 3520
 3016 2764 1378 3934 5977 3209 1857 7401  520 1740 2173 3169 2756 2285
 3216 4082 4501 7111 1099 6760 3740 2649 2221 2253 2781  810]",973
676,0.42484583185244945,14,3016,3017,"[4061 1620 6837 3855  982  763 2118 2588 1682 3436 1259 1323 2938 3520
 3017 2764 1378 3934 5977 3209 1857 7401  520 1740 2173 3169 2756 2285
 3216 4082 4501 7111 1099 6760 3740 2649 2221 2253 2781  810]",983
677,0.42416705356201084,36,2221,2149,"[4061 1620 6837 3855  982  763 2118 2588 1682 3436 1259 1323 2938 3520
 3017 2764 1378 3934 5977 3209 1857 7401  520 1740 2173 3169 2756 2285
 3216 4082 4501 7111 1099 6760 3740 2649 2149 2253 2781  810]",987
678,0.42394454313726654,27,2285,2284,"[4061 1620 6837 3855  982  763 2118 2588 1682 3436 1259 1323 2938 3520
 3017 2764 1378 3934 5977 3209 1857 7401  520 1740 2173 3169 2756 2284
 3216 4082 4501 7111 1099 6760 3740 2649 2149 2253 2781  810]",952
679,0.4246227312321266,20,1857,1858,"[4061 1620 6837 3855  982  763 2118 2588 1682 3436 1259 1323 2938 3520
 3017 2764 1378 3934 5977 3209 1858 7401  520 1740 2173 3169 2756 2284
 3216 4082 4501 7111 1099 6760 3740 2649 2149 2253 2781  810]",963
680,0.424578111025754,4,982,912,"[4061 1620 6837 3855  912  763 2118 2588 1682 3436 1259 1323 2938 3520
 3017 2764 1378 3934 5977 3209 1858 7401  520 1740 2173 3169 2756 2284
 3216 4082 4501 7111 1099 6760 3740 2649 2149 2253 2781  810]",991
681,0.4232653183640917,7,2588,2447,"[4061 1620 6837 3855  912  763 2118 2447 1682 3436 1259 1323 2938 3520
 3017 2764 1378 3934 5977 3209 1858 7401  520 1740 2173 3169 2756 2284
 3216 4082 4501 7111 1099 6760 3740 2649 2149 2253 2781  810]",988
682,0.42523796339986725,32,1099,1102,"[4061 1620 6837 3855  912  763 2118 2447 1682 3436 1259 1323 2938 3520
 3017 2764 1378 3934 5977 3209 1858 7401  520 1740 2173 3169 2756 2284
 3216 4082 4501 7111 1102 6760 3740 2649 2149 2253 2781  810]",959
683,0.4252500974039938,4,912,911,"[4061 1620 6837 3855  911  763 2118 2447 1682 3436 1259 1323 2938 3520
 3017 2764 1378 3934 5977 3209 1858 7401  520 1740 2173 3169 2756 2284
 3216 4082 4501 7111 1102 6760 3740 2649 2149 2253 2781  810]",961
684,0.42523222579430553,26,2756,4407,"[4061 1620 6837 3855  911  763 2118 2447 1682 3436 1259 1323 2938 3520
 3017 2764 1378 3934 5977 3209 1858 7401  520 1740 2173 3169 4407 2284
 3216 4082 4501 7111 1102 6760 3740 2649 2149 2253 2781  810]",970
685,0.4247743348351254,23,1740,3746,"[4061 1620 6837 3855  911  763 2118 2447 1682 3436 1259 1323 2938 3520
 3017 2764 1378 3934 5977 3209 1858 7401  520 3746 2173 3169 4407 2284
 3216 4082 4501 7111 1102 6760 3740 2649 2149 2253 2781  810]",965
686,0.42451815431174944,34,3740,3882,"[4061 1620 6837 3855  911  763 2118 2447 1682 3436 1259 1323 2938 3520
 3017 2764 1378 3934 5977 3209 1858 7401  520 3746 2173 3169 4407 2284
 3216 4082 4501 7111 1102 6760 3882 2649 2149 2253 2781  810]",958
687,0.4238657918511992,27,2284,2283,"[4061 1620 6837 3855  911  763 2118 2447 1682 3436 1259 1323 2938 3520
 3017 2764 1378 3934 5977 3209 1858 7401  520 3746 2173 3169 4407 2283
 3216 4082 4501 7111 1102 6760 3882 2649 2149 2253 2781  810]",921
688,0.42451815431174944,27,2283,2284,"[4061 1620 6837 3855  911  763 2118 2447 1682 3436 1259 1323 2938 3520
 3017 2764 1378 3934 5977 3209 1858 7401  520 3746 2173 3169 4407 2284
 3216 4082 4501 7111 1102 6760 3882 2649 2149 2253 2781  810]",921
689,0.42498173106653164,19,3209,3352,"[4061 1620 6837 3855  911  763 2118 2447 1682 3436 1259 1323 2938 3520
 3017 2764 1378 3934 5977 3352 1858 7401  520 3746 2173 3169 4407 2284
 3216 4082 4501 7111 1102 6760 3882 2649 2149 2253 2781  810]",943
690,0.42449375421386204,21,7401,7400,"[4061 1620 6837 3855  911  763 2118 2447 1682 3436 1259 1323 2938 3520
 3017 2764 1378 3934 5977 3352 1858 7400  520 3746 2173 3169 4407 2284
 3216 4082 4501 7111 1102 6760 3882 2649 2149 2253 2781  810]",932
691,0.4224340408817053,37,2253,2180,"[4061 1620 6837 3855  911  763 2118 2447 1682 3436 1259 1323 2938 3520
 3017 2764 1378 3934 5977 3352 1858 7400  520 3746 2173 3169 4407 2284
 3216 4082 4501 7111 1102 6760 3882 2649 2149 2180 2781  810]",960
692,0.4201598258023441,37,2180,2393,"[4061 1620 6837 3855  911  763 2118 2447 1682 3436 1259 1323 2938 3520
 3017 2764 1378 3934 5977 3352 1858 7400  520 3746 2173 3169 4407 2284
 3216 4082 4501 7111 1102 6760 3882 2649 2149 2393 2781  810]",960
693,0.4197603122372954,25,3169,3099,"[4061 1620 6837 3855  911  763 2118 2447 1682 3436 1259 1323 2938 3520
 3017 2764 1378 3934 5977 3352 1858 7400  520 3746 2173 3099 4407 2284
 3216 4082 4501 7111 1102 6760 3882 2649 2149 2393 2781  810]",957
694,0.419770288996441,16,1378,1235,"[4061 1620 6837 3855  911  763 2118 2447 1682 3436 1259 1323 2938 3520
 3017 2764 1235 3934 5977 3352 1858 7400  520 3746 2173 3099 4407 2284
 3216 4082 4501 7111 1102 6760 3882 2649 2149 2393 2781  810]",950
695,0.4198879494851163,22,520,733,"[4061 1620 6837 3855  911  763 2118 2447 1682 3436 1259 1323 2938 3520
 3017 2764 1235 3934 5977 3352 1858 7400  733 3746 2173 3099 4407 2284
 3216 4082 4501 7111 1102 6760 3882 2649 2149 2393 2781  810]",950
696,0.4202121364972935,16,1235,1378,"[4061 1620 6837 3855  911  763 2118 2447 1682 3436 1259 1323 2938 3520
 3017 2764 1378 3934 5977 3352 1858 7400  733 3746 2173 3099 4407 2284
 3216 4082 4501 7111 1102 6760 3882 2649 2149 2393 2781  810]",952
697,0.4206116500623422,25,3099,3169,"[4061 1620 6837 3855  911  763 2118 2447 1682 3436 1259 1323 2938 3520
 3017 2764 1378 3934 5977 3352 1858 7400  733 3746 2173 3169 4407 2284
 3216 4082 4501 7111 1102 6760 3882 2649 2149 2393 2781  810]",959
698,0.42099963160268533,2,6837,6980,"[4061 1620 6980 3855  911  763 2118 2447 1682 3436 1259 1323 2938 3520
 3017 2764 1378 3934 5977 3352 1858 7400  733 3746 2173 3169 4407 2284
 3216 4082 4501 7111 1102 6760 3882 2649 2149 2393 2781  810]",940
699,0.4208088178268111,30,4501,4574,"[4061 1620 6980 3855  911  763 2118 2447 1682 3436 1259 1323 2938 3520
 3017 2764 1378 3934 5977 3352 1858 7400  733 3746 2173 3169 4407 2284
 3216 4082 4574 7111 1102 6760 3882 2649 2149 2393 2781  810]",962
700,0.4208806532066457,26,4407,2755,"[4061 1620 6980 3855  911  763 2118 2447 1682 3436 1259 1323 2938 3520
 3017 2764 1378 3934 5977 3352 1858 7400  733 3746 2173 3169 2755 2284
 3216 4082 4574 7111 1102 6760 3882 2649 2149 2393 2781  810]",973
701,0.42142514779173934,3,3855,3712,"[4061 1620 6980 3712  911  763 2118 2447 1682 3436 1259 1323 2938 3520
 3017 2764 1378 3934 5977 3352 1858 7400  733 3746 2173 3169 2755 2284
 3216 4082 4574 7111 1102 6760 3882 2649 2149 2393 2781  810]",945
702,0.42119372459337,27,2284,2355,"[4061 1620 6980 3712  911  763 2118 2447 1682 3436 1259 1323 2938 3520
 3017 2764 1378 3934 5977 3352 1858 7400  733 3746 2173 3169 2755 2355
 3216 4082 4574 7111 1102 6760 3882 2649 2149 2393 2781  810]",927
703,0.4216076232397831,27,2355,2285,"[4061 1620 6980 3712  911  763 2118 2447 1682 3436 1259 1323 2938 3520
 3017 2764 1378 3934 5977 3352 1858 7400  733 3746 2173 3169 2755 2285
 3216 4082 4574 7111 1102 6760 3882 2649 2149 2393 2781  810]",927
704,0.42047386916344326,24,2173,2102,"[4061 1620 6980 3712  911  763 2118 2447 1682 3436 1259 1323 2938 3520
 3017 2764 1378 3934 5977 3352 1858 7400  733 3746 2102 3169 2755 2285
 3216 4082 4574 7111 1102 6760 3882 2649 2149 2393 2781  810]",984
705,0.42159470977384794,10,1259,1188,"[4061 1620 6980 3712  911  763 2118 2447 1682 3436 1188 1323 2938 3520
 3017 2764 1378 3934 5977 3352 1858 7400  733 3746 2102 3169 2755 2285
 3216 4082 4574 7111 1102 6760 3882 2649 2149 2393 2781  810]",925
706,0.41715915277693016,33,6760,6619,"[4061 1620 6980 3712  911  763 2118 2447 1682 3436 1188 1323 2938 3520
 3017 2764 1378 3934 5977 3352 1858 7400  733 3746 2102 3169 2755 2285
 3216 4082 4574 7111 1102 6619 3882 2649 2149 2393 2781  810]",963
707,0.4171887845938919,22,733,662,"[4061 1620 6980 3712  911  763 2118 2447 1682 3436 1188 1323 2938 3520
 3017 2764 1378 3934 5977 3352 1858 7400  662 3746 2102 3169 2755 2285
 3216 4082 4574 7111 1102 6619 3882 2649 2149 2393 2781  810]",965
708,0.4170476164808081,30,4574,4575,"[4061 1620 6980 3712  911  763 2118 2447 1682 3436 1188 1323 2938 3520
 3017 2764 1378 3934 5977 3352 1858 7400  662 3746 2102 3169 2755 2285
 3216 4082 4575 7111 1102 6619 3882 2649 2149 2393 2781  810]",954
709,0.4169594049376992,36,2149,2153,"[4061 1620 6980 3712  911  763 2118 2447 1682 3436 1188 1323 2938 3520
 3017 2764 1378 3934 5977 3352 1858 7400  662 3746 2102 3169 2755 2285
 3216 4082 4575 7111 1102 6619 3882 2649 2153 2393 2781  810]",950
710,0.41645738043221053,15,2764,246,"[4061 1620 6980 3712  911  763 2118 2447 1682 3436 1188 1323 2938 3520
 3017  246 1378 3934 5977 3352 1858 7400  662 3746 2102 3169 2755 2285
 3216 4082 4575 7111 1102 6619 3882 2649 2153 2393 2781  810]",935
711,0.4149733304266593,38,2781,2784,"[4061 1620 6980 3712  911  763 2118 2447 1682 3436 1188 1323 2938 3520
 3017  246 1378 3934 5977 3352 1858 7400  662 3746 2102 3169 2755 2285
 3216 4082 4575 7111 1102 6619 3882 2649 2153 2393 2784  810]",914
712,0.4180080918511043,12,2938,2939,"[4061 1620 6980 3712  911  763 2118 2447 1682 3436 1188 1323 2939 3520
 3017  246 1378 3934 5977 3352 1858 7400  662 3746 2102 3169 2755 2285
 3216 4082 4575 7111 1102 6619 3882 2649 2153 2393 2784  810]",902
713,0.41699683826686185,9,3436,3438,"[4061 1620 6980 3712  911  763 2118 2447 1682 3438 1188 1323 2939 3520
 3017  246 1378 3934 5977 3352 1858 7400  662 3746 2102 3169 2755 2285
 3216 4082 4575 7111 1102 6619 3882 2649 2153 2393 2784  810]",912
714,0.41654524312853536,7,2447,2588,"[4061 1620 6980 3712  911  763 2118 2588 1682 3438 1188 1323 2939 3520
 3017  246 1378 3934 5977 3352 1858 7400  662 3746 2102 3169 2755 2285
 3216 4082 4575 7111 1102 6619 3882 2649 2153 2393 2784  810]",956
715,0.4157936588820294,9,3438,3368,"[4061 1620 6980 3712  911  763 2118 2588 1682 3368 1188 1323 2939 3520
 3017  246 1378 3934 5977 3352 1858 7400  662 3746 2102 3169 2755 2285
 3216 4082 4575 7111 1102 6619 3882 2649 2153 2393 2784  810]",935
716,0.41242527501484116,39,810,1811,"[4061 1620 6980 3712  911  763 2118 2588 1682 3368 1188 1323 2939 3520
 3017  246 1378 3934 5977 3352 1858 7400  662 3746 2102 3169 2755 2285
 3216 4082 4575 7111 1102 6619 3882 2649 2153 2393 2784 1811]",929
717,0.4114878986585916,7,2588,2446,"[4061 1620 6980 3712  911  763 2118 2446 1682 3368 1188 1323 2939 3520
 3017  246 1378 3934 5977 3352 1858 7400  662 3746 2102 3169 2755 2285
 3216 4082 4575 7111 1102 6619 3882 2649 2153 2393 2784 1811]",913
718,0.4093475140567674,31,7111,7040,"[4061 1620 6980 3712  911  763 2118 2446 1682 3368 1188 1323 2939 3520
 3017  246 1378 3934 5977 3352 1858 7400  662 3746 2102 3169 2755 2285
 3216 4082 4575 7040 1102 6619 3882 2649 2153 2393 2784 1811]",901
719,0.41148817930154713,10,1188,597,"[4061 1620 6980 3712  911  763 2118 2446 1682 3368  597 1323 2939 3520
 3017  246 1378 3934 5977 3352 1858 7400  662 3746 2102 3169 2755 2285
 3216 4082 4575 7040 1102 6619 3882 2649 2153 2393 2784 1811]",858
720,0.40952905750694096,12,2939,2797,"[4061 1620 6980 3712  911  763 2118 2446 1682 3368  597 1323 2797 3520
 3017  246 1378 3934 5977 3352 1858 7400  662 3746 2102 3169 2755 2285
 3216 4082 4575 7040 1102 6619 3882 2649 2153 2393 2784 1811]",841
721,0.40939344482898743,29,4082,3940,"[4061 1620 6980 3712  911  763 2118 2446 1682 3368  597 1323 2797 3520
 3017  246 1378 3934 5977 3352 1858 7400  662 3746 2102 3169 2755 2285
 3216 3940 4575 7040 1102 6619 3882 2649 2153 2393 2784 1811]",879
722,0.4074218482311677,14,3017,2946,"[4061 1620 6980 3712  911  763 2118 2446 1682 3368  597 1323 2797 3520
 2946  246 1378 3934 5977 3352 1858 7400  662 3746 2102 3169 2755 2285
 3216 3940 4575 7040 1102 6619 3882 2649 2153 2393 2784 1811]",873
723,0.40838800094917604,39,1811,6541,"[4061 1620 6980 3712  911  763 2118 2446 1682 3368  597 1323 2797 3520
 2946  246 1378 3934 5977 3352 1858 7400  662 3746 2102 3169 2755 2285
 3216 3940 4575 7040 1102 6619 3882 2649 2153 2393 2784 6541]",896
724,0.4081131527440092,25,3169,3096,"[4061 1620 6980 3712  911  763 2118 2446 1682 3368  597 1323 2797 3520
 2946  246 1378 3934 5977 3352 1858 7400  662 3746 2102 3096 2755 2285
 3216 3940 4575 7040 1102 6619 3882 2649 2153 2393 2784 6541]",927
725,0.40861391593548235,23,3746,2834,"[4061 1620 6980 3712  911  763 2118 2446 1682 3368  597 1323 2797 3520
 2946  246 1378 3934 5977 3352 1858 7400  662 2834 2102 3096 2755 2285
 3216 3940 4575 7040 1102 6619 3882 2649 2153 2393 2784 6541]",916
726,0.40733069515559966,16,1378,1234,"[4061 1620 6980 3712  911  763 2118 2446 1682 3368  597 1323 2797 3520
 2946  246 1234 3934 5977 3352 1858 7400  662 2834 2102 3096 2755 2285
 3216 3940 4575 7040 1102 6619 3882 2649 2153 2393 2784 6541]",960
727,0.4096741794317238,12,2797,2939,"[4061 1620 6980 3712  911  763 2118 2446 1682 3368  597 1323 2939 3520
 2946  246 1234 3934 5977 3352 1858 7400  662 2834 2102 3096 2755 2285
 3216 3940 4575 7040 1102 6619 3882 2649 2153 2393 2784 6541]",884
728,0.408994761329207,34,3882,3955,"[4061 1620 6980 3712  911  763 2118 2446 1682 3368  597 1323 2939 3520
 2946  246 1234 3934 5977 3352 1858 7400  662 2834 2102 3096 2755 2285
 3216 3940 4575 7040 1102 6619 3955 2649 2153 2393 2784 6541]",963
729,0.40935744493176807,36,2153,2220,"[4061 1620 6980 3712  911  763 2118 2446 1682 3368  597 1323 2939 3520
 2946  246 1234 3934 5977 3352 1858 7400  662 2834 2102 3096 2755 2285
 3216 3940 4575 7040 1102 6619 3955 2649 2220 2393 2784 6541]",942
730,0.41043677821545343,38,2784,1261,"[4061 1620 6980 3712  911  763 2118 2446 1682 3368  597 1323 2939 3520
 2946  246 1234 3934 5977 3352 1858 7400  662 2834 2102 3096 2755 2285
 3216 3940 4575 7040 1102 6619 3955 2649 2220 2393 1261 6541]",929
731,0.40717524542499695,7,2446,2233,"[4061 1620 6980 3712  911  763 2118 2233 1682 3368  597 1323 2939 3520
 2946  246 1234 3934 5977 3352 1858 7400  662 2834 2102 3096 2755 2285
 3216 3940 4575 7040 1102 6619 3955 2649 2220 2393 1261 6541]",989
732,0.4080559518535358,6,2118,2188,"[4061 1620 6980 3712  911  763 2188 2233 1682 3368  597 1323 2939 3520
 2946  246 1234 3934 5977 3352 1858 7400  662 2834 2102 3096 2755 2285
 3216 3940 4575 7040 1102 6619 3955 2649 2220 2393 1261 6541]",944
733,0.40781504119072043,30,4575,4574,"[4061 1620 6980 3712  911  763 2188 2233 1682 3368  597 1323 2939 3520
 2946  246 1234 3934 5977 3352 1858 7400  662 2834 2102 3096 2755 2285
 3216 3940 4574 7040 1102 6619 3955 2649 2220 2393 1261 6541]",953
734,0.4103462758737847,9,3368,3366,"[4061 1620 6980 3712  911  763 2188 2233 1682 3366  597 1323 2939 3520
 2946  246 1234 3934 5977 3352 1858 7400  662 2834 2102 3096 2755 2285
 3216 3940 4574 7040 1102 6619 3955 2649 2220 2393 1261 6541]",919
735,0.41156813214283233,1,1620,2924,"[4061 2924 6980 3712  911  763 2188 2233 1682 3366  597 1323 2939 3520
 2946  246 1234 3934 5977 3352 1858 7400  662 2834 2102 3096 2755 2285
 3216 3940 4574 7040 1102 6619 3955 2649 2220 2393 1261 6541]",924
736,0.412258947501851,15,246,1735,"[4061 2924 6980 3712  911  763 2188 2233 1682 3366  597 1323 2939 3520
 2946 1735 1234 3934 5977 3352 1858 7400  662 2834 2102 3096 2755 2285
 3216 3940 4574 7040 1102 6619 3955 2649 2220 2393 1261 6541]",925
737,0.4131364777099276,3,3712,3784,"[4061 2924 6980 3784  911  763 2188 2233 1682 3366  597 1323 2939 3520
 2946 1735 1234 3934 5977 3352 1858 7400  662 2834 2102 3096 2755 2285
 3216 3940 4574 7040 1102 6619 3955 2649 2220 2393 1261 6541]",905
738,0.4127273884493256,8,1682,1969,"[4061 2924 6980 3784  911  763 2188 2233 1969 3366  597 1323 2939 3520
 2946 1735 1234 3934 5977 3352 1858 7400  662 2834 2102 3096 2755 2285
 3216 3940 4574 7040 1102 6619 3955 2649 2220 2393 1261 6541]",901
739,0.4141563458627002,1,2924,2711,"[4061 2711 6980 3784  911  763 2188 2233 1969 3366  597 1323 2939 3520
 2946 1735 1234 3934 5977 3352 1858 7400  662 2834 2102 3096 2755 2285
 3216 3940 4574 7040 1102 6619 3955 2649 2220 2393 1261 6541]",889
740,0.4120139816887718,11,1323,1534,"[4061 2711 6980 3784  911  763 2188 2233 1969 3366  597 1534 2939 3520
 2946 1735 1234 3934 5977 3352 1858 7400  662 2834 2102 3096 2755 2285
 3216 3940 4574 7040 1102 6619 3955 2649 2220 2393 1261 6541]",939
741,0.41318521821405696,14,2946,2805,"[4061 2711 6980 3784  911  763 2188 2233 1969 3366  597 1534 2939 3520
 2805 1735 1234 3934 5977 3352 1858 7400  662 2834 2102 3096 2755 2285
 3216 3940 4574 7040 1102 6619 3955 2649 2220 2393 1261 6541]",918
742,0.412143295078083,22,662,590,"[4061 2711 6980 3784  911  763 2188 2233 1969 3366  597 1534 2939 3520
 2805 1735 1234 3934 5977 3352 1858 7400  590 2834 2102 3096 2755 2285
 3216 3940 4574 7040 1102 6619 3955 2649 2220 2393 1261 6541]",919
743,0.41169149617135053,0,4061,4060,"[4060 2711 6980 3784  911  763 2188 2233 1969 3366  597 1534 2939 3520
 2805 1735 1234 3934 5977 3352 1858 7400  590 2834 2102 3096 2755 2285
 3216 3940 4574 7040 1102 6619 3955 2649 2220 2393 1261 6541]",948
744,0.41213309043223,26,2755,1110,"[4060 2711 6980 3784  911  763 2188 2233 1969 3366  597 1534 2939 3520
 2805 1735 1234 3934 5977 3352 1858 7400  590 2834 2102 3096 1110 2285
 3216 3940 4574 7040 1102 6619 3955 2649 2220 2393 1261 6541]",911
745,0.41317914763662833,35,2649,1690,"[4060 2711 6980 3784  911  763 2188 2233 1969 3366  597 1534 2939 3520
 2805 1735 1234 3934 5977 3352 1858 7400  590 2834 2102 3096 1110 2285
 3216 3940 4574 7040 1102 6619 3955 1690 2220 2393 1261 6541]",898
746,0.41355112118697057,13,3520,3447,"[4060 2711 6980 3784  911  763 2188 2233 1969 3366  597 1534 2939 3447
 2805 1735 1234 3934 5977 3352 1858 7400  590 2834 2102 3096 1110 2285
 3216 3940 4574 7040 1102 6619 3955 1690 2220 2393 1261 6541]",921
747,0.4141196072312141,21,7400,7401,"[4060 2711 6980 3784  911  763 2188 2233 1969 3366  597 1534 2939 3447
 2805 1735 1234 3934 5977 3352 1858 7401  590 2834 2102 3096 1110 2285
 3216 3940 4574 7040 1102 6619 3955 1690 2220 2393 1261 6541]",901
748,0.41492396924992747,22,590,733,"[4060 2711 6980 3784  911  763 2188 2233 1969 3366  597 1534 2939 3447
 2805 1735 1234 3934 5977 3352 1858 7401  733 2834 2102 3096 1110 2285
 3216 3940 4574 7040 1102 6619 3955 1690 2220 2393 1261 6541]",934
749,0.41491354997109225,27,2285,2649,"[4060 2711 6980 3784  911  763 2188 2233 1969 3366  597 1534 2939 3447
 2805 1735 1234 3934 5977 3352 1858 7401  733 2834 2102 3096 1110 2649
 3216 3940 4574 7040 1102 6619 3955 1690 2220 2393 1261 6541]",894
750,0.4146273028478216,39,6541,2285,"[4060 2711 6980 3784  911  763 2188 2233 1969 3366  597 1534 2939 3447
 2805 1735 1234 3934 5977 3352 1858 7401  733 2834 2102 3096 1110 2649
 3216 3940 4574 7040 1102 6619 3955 1690 2220 2393 1261 2285]",907
751,0.41400350760331805,35,1690,1764,"[4060 2711 6980 3784  911  763 2188 2233 1969 3366  597 1534 2939 3447
 2805 1735 1234 3934 5977 3352 1858 7401  733 2834 2102 3096 1110 2649
 3216 3940 4574 7040 1102 6619 3955 1764 2220 2393 1261 2285]",924
752,0.41406862366686853,4,911,842,"[4060 2711 6980 3784  842  763 2188 2233 1969 3366  597 1534 2939 3447
 2805 1735 1234 3934 5977 3352 1858 7401  733 2834 2102 3096 1110 2649
 3216 3940 4574 7040 1102 6619 3955 1764 2220 2393 1261 2285]",946
753,0.415594955153197,16,1234,6470,"[4060 2711 6980 3784  842  763 2188 2233 1969 3366  597 1534 2939 3447
 2805 1735 6470 3934 5977 3352 1858 7401  733 2834 2102 3096 1110 2649
 3216 3940 4574 7040 1102 6619 3955 1764 2220 2393 1261 2285]",946
754,0.4156590599697797,37,2393,1162,"[4060 2711 6980 3784  842  763 2188 2233 1969 3366  597 1534 2939 3447
 2805 1735 6470 3934 5977 3352 1858 7401  733 2834 2102 3096 1110 2649
 3216 3940 4574 7040 1102 6619 3955 1764 2220 1162 1261 2285]",957
755,0.416135576523184,23,2834,2689,"[4060 2711 6980 3784  842  763 2188 2233 1969 3366  597 1534 2939 3447
 2805 1735 6470 3934 5977 3352 1858 7401  733 2689 2102 3096 1110 2649
 3216 3940 4574 7040 1102 6619 3955 1764 2220 1162 1261 2285]",970
756,0.4161918306328579,38,1261,1262,"[4060 2711 6980 3784  842  763 2188 2233 1969 3366  597 1534 2939 3447
 2805 1735 6470 3934 5977 3352 1858 7401  733 2689 2102 3096 1110 2649
 3216 3940 4574 7040 1102 6619 3955 1764 2220 1162 1262 2285]",936
757,0.4166500152823596,0,4060,4061,"[4061 2711 6980 3784  842  763 2188 2233 1969 3366  597 1534 2939 3447
 2805 1735 6470 3934 5977 3352 1858 7401  733 2689 2102 3096 1110 2649
 3216 3940 4574 7040 1102 6619 3955 1764 2220 1162 1262 2285]",982
758,0.4173070789514132,13,3447,3590,"[4061 2711 6980 3784  842  763 2188 2233 1969 3366  597 1534 2939 3590
 2805 1735 6470 3934 5977 3352 1858 7401  733 2689 2102 3096 1110 2649
 3216 3940 4574 7040 1102 6619 3955 1764 2220 1162 1262 2285]",940
759,0.4175995658876157,4,842,912,"[4061 2711 6980 3784  912  763 2188 2233 1969 3366  597 1534 2939 3590
 2805 1735 6470 3934 5977 3352 1858 7401  733 2689 2102 3096 1110 2649
 3216 3940 4574 7040 1102 6619 3955 1764 2220 1162 1262 2285]",940
760,0.41961278351788645,26,1110,2394,"[4061 2711 6980 3784  912  763 2188 2233 1969 3366  597 1534 2939 3590
 2805 1735 6470 3934 5977 3352 1858 7401  733 2689 2102 3096 2394 2649
 3216 3940 4574 7040 1102 6619 3955 1764 2220 1162 1262 2285]",935
761,0.41944957805865873,0,4061,4205,"[4205 2711 6980 3784  912  763 2188 2233 1969 3366  597 1534 2939 3590
 2805 1735 6470 3934 5977 3352 1858 7401  733 2689 2102 3096 2394 2649
 3216 3940 4574 7040 1102 6619 3955 1764 2220 1162 1262 2285]",970
762,0.4193956394535561,10,597,741,"[4205 2711 6980 3784  912  763 2188 2233 1969 3366  741 1534 2939 3590
 2805 1735 6470 3934 5977 3352 1858 7401  733 2689 2102 3096 2394 2649
 3216 3940 4574 7040 1102 6619 3955 1764 2220 1162 1262 2285]",941
763,0.4184104628063403,9,3366,3364,"[4205 2711 6980 3784  912  763 2188 2233 1969 3364  741 1534 2939 3590
 2805 1735 6470 3934 5977 3352 1858 7401  733 2689 2102 3096 2394 2649
 3216 3940 4574 7040 1102 6619 3955 1764 2220 1162 1262 2285]",923
764,0.4171573756724685,26,2394,1541,"[4205 2711 6980 3784  912  763 2188 2233 1969 3364  741 1534 2939 3590
 2805 1735 6470 3934 5977 3352 1858 7401  733 2689 2102 3096 1541 2649
 3216 3940 4574 7040 1102 6619 3955 1764 2220 1162 1262 2285]",951
765,0.41556238781431604,10,741,668,"[4205 2711 6980 3784  912  763 2188 2233 1969 3364  668 1534 2939 3590
 2805 1735 6470 3934 5977 3352 1858 7401  733 2689 2102 3096 1541 2649
 3216 3940 4574 7040 1102 6619 3955 1764 2220 1162 1262 2285]",989
766,0.4154733550726895,0,4205,4133,"[4133 2711 6980 3784  912  763 2188 2233 1969 3364  668 1534 2939 3590
 2805 1735 6470 3934 5977 3352 1858 7401  733 2689 2102 3096 1541 2649
 3216 3940 4574 7040 1102 6619 3955 1764 2220 1162 1262 2285]",1025
767,0.4145770959346009,25,3096,3242,"[4133 2711 6980 3784  912  763 2188 2233 1969 3364  668 1534 2939 3590
 2805 1735 6470 3934 5977 3352 1858 7401  733 2689 2102 3242 1541 2649
 3216 3940 4574 7040 1102 6619 3955 1764 2220 1162 1262 2285]",1001
768,0.41696804720789493,7,2233,2376,"[4133 2711 6980 3784  912  763 2188 2376 1969 3364  668 1534 2939 3590
 2805 1735 6470 3934 5977 3352 1858 7401  733 2689 2102 3242 1541 2649
 3216 3940 4574 7040 1102 6619 3955 1764 2220 1162 1262 2285]",973
769,0.4161130605414639,22,733,3228,"[4133 2711 6980 3784  912  763 2188 2376 1969 3364  668 1534 2939 3590
 2805 1735 6470 3934 5977 3352 1858 7401 3228 2689 2102 3242 1541 2649
 3216 3940 4574 7040 1102 6619 3955 1764 2220 1162 1262 2285]",960
770,0.41472482219477136,3,3784,517,"[4133 2711 6980  517  912  763 2188 2376 1969 3364  668 1534 2939 3590
 2805 1735 6470 3934 5977 3352 1858 7401 3228 2689 2102 3242 1541 2649
 3216 3940 4574 7040 1102 6619 3955 1764 2220 1162 1262 2285]",976
771,0.414524304752604,28,3216,3784,"[4133 2711 6980  517  912  763 2188 2376 1969 3364  668 1534 2939 3590
 2805 1735 6470 3934 5977 3352 1858 7401 3228 2689 2102 3242 1541 2649
 3784 3940 4574 7040 1102 6619 3955 1764 2220 1162 1262 2285]",936
772,0.41112350746356563,2,6980,3216,"[4133 2711 3216  517  912  763 2188 2376 1969 3364  668 1534 2939 3590
 2805 1735 6470 3934 5977 3352 1858 7401 3228 2689 2102 3242 1541 2649
 3784 3940 4574 7040 1102 6619 3955 1764 2220 1162 1262 2285]",940
773,0.4192427586572271,27,2649,6978,"[4133 2711 3216  517  912  763 2188 2376 1969 3364  668 1534 2939 3590
 2805 1735 6470 3934 5977 3352 1858 7401 3228 2689 2102 3242 1541 6978
 3784 3940 4574 7040 1102 6619 3955 1764 2220 1162 1262 2285]",958
774,0.4205516469063129,11,1534,1677,"[4133 2711 3216  517  912  763 2188 2376 1969 3364  668 1677 2939 3590
 2805 1735 6470 3934 5977 3352 1858 7401 3228 2689 2102 3242 1541 6978
 3784 3940 4574 7040 1102 6619 3955 1764 2220 1162 1262 2285]",962
775,0.4188214334599871,14,2805,2877,"[4133 2711 3216  517  912  763 2188 2376 1969 3364  668 1677 2939 3590
 2877 1735 6470 3934 5977 3352 1858 7401 3228 2689 2102 3242 1541 6978
 3784 3940 4574 7040 1102 6619 3955 1764 2220 1162 1262 2285]",972
776,0.41867672197397465,6,2188,2259,"[4133 2711 3216  517  912  763 2259 2376 1969 3364  668 1677 2939 3590
 2877 1735 6470 3934 5977 3352 1858 7401 3228 2689 2102 3242 1541 6978
 3784 3940 4574 7040 1102 6619 3955 1764 2220 1162 1262 2285]",953
777,0.4196224625386554,25,3242,3098,"[4133 2711 3216  517  912  763 2259 2376 1969 3364  668 1677 2939 3590
 2877 1735 6470 3934 5977 3352 1858 7401 3228 2689 2102 3098 1541 6978
 3784 3940 4574 7040 1102 6619 3955 1764 2220 1162 1262 2285]",1008
778,0.4186183355134439,32,1102,1101,"[4133 2711 3216  517  912  763 2259 2376 1969 3364  668 1677 2939 3590
 2877 1735 6470 3934 5977 3352 1858 7401 3228 2689 2102 3098 1541 6978
 3784 3940 4574 7040 1101 6619 3955 1764 2220 1162 1262 2285]",1024
779,0.4168875321243082,1,2711,2719,"[4133 2719 3216  517  912  763 2259 2376 1969 3364  668 1677 2939 3590
 2877 1735 6470 3934 5977 3352 1858 7401 3228 2689 2102 3098 1541 6978
 3784 3940 4574 7040 1101 6619 3955 1764 2220 1162 1262 2285]",973
780,0.4170486776961416,23,2689,2759,"[4133 2719 3216  517  912  763 2259 2376 1969 3364  668 1677 2939 3590
 2877 1735 6470 3934 5977 3352 1858 7401 3228 2759 2102 3098 1541 6978
 3784 3940 4574 7040 1101 6619 3955 1764 2220 1162 1262 2285]",1014
781,0.4173594156532612,0,4133,4061,"[4061 2719 3216  517  912  763 2259 2376 1969 3364  668 1677 2939 3590
 2877 1735 6470 3934 5977 3352 1858 7401 3228 2759 2102 3098 1541 6978
 3784 3940 4574 7040 1101 6619 3955 1764 2220 1162 1262 2285]",1027
782,0.4153722380797502,6,2259,2189,"[4061 2719 3216  517  912  763 2189 2376 1969 3364  668 1677 2939 3590
 2877 1735 6470 3934 5977 3352 1858 7401 3228 2759 2102 3098 1541 6978
 3784 3940 4574 7040 1101 6619 3955 1764 2220 1162 1262 2285]",977
783,0.41731042634930793,26,1541,2853,"[4061 2719 3216  517  912  763 2189 2376 1969 3364  668 1677 2939 3590
 2877 1735 6470 3934 5977 3352 1858 7401 3228 2759 2102 3098 2853 6978
 3784 3940 4574 7040 1101 6619 3955 1764 2220 1162 1262 2285]",957
784,0.418700670854312,34,3955,3740,"[4061 2719 3216  517  912  763 2189 2376 1969 3364  668 1677 2939 3590
 2877 1735 6470 3934 5977 3352 1858 7401 3228 2759 2102 3098 2853 6978
 3784 3940 4574 7040 1101 6619 3740 1764 2220 1162 1262 2285]",1026
785,0.4181935821287944,31,7040,7180,"[4061 2719 3216  517  912  763 2189 2376 1969 3364  668 1677 2939 3590
 2877 1735 6470 3934 5977 3352 1858 7401 3228 2759 2102 3098 2853 6978
 3784 3940 4574 7180 1101 6619 3740 1764 2220 1162 1262 2285]",992
786,0.41770887610269714,0,4061,4274,"[4274 2719 3216  517  912  763 2189 2376 1969 3364  668 1677 2939 3590
 2877 1735 6470 3934 5977 3352 1858 7401 3228 2759 2102 3098 2853 6978
 3784 3940 4574 7180 1101 6619 3740 1764 2220 1162 1262 2285]",1027
787,0.417208022502499,6,2189,2190,"[4274 2719 3216  517  912  763 2190 2376 1969 3364  668 1677 2939 3590
 2877 1735 6470 3934 5977 3352 1858 7401 3228 2759 2102 3098 2853 6978
 3784 3940 4574 7180 1101 6619 3740 1764 2220 1162 1262 2285]",962
788,0.41673750371418306,11,1677,1252,"[4274 2719 3216  517  912  763 2190 2376 1969 3364  668 1252 2939 3590
 2877 1735 6470 3934 5977 3352 1858 7401 3228 2759 2102 3098 2853 6978
 3784 3940 4574 7180 1101 6619 3740 1764 2220 1162 1262 2285]",983
789,0.41538614747315156,38,1262,1188,"[4274 2719 3216  517  912  763 2190 2376 1969 3364  668 1252 2939 3590
 2877 1735 6470 3934 5977 3352 1858 7401 3228 2759 2102 3098 2853 6978
 3784 3940 4574 7180 1101 6619 3740 1764 2220 1162 1188 2285]",933
790,0.419687662453479,8,1969,2181,"[4274 2719 3216  517  912  763 2190 2376 2181 3364  668 1252 2939 3590
 2877 1735 6470 3934 5977 3352 1858 7401 3228 2759 2102 3098 2853 6978
 3784 3940 4574 7180 1101 6619 3740 1764 2220 1162 1188 2285]",969
791,0.4203229346496209,35,1764,1618,"[4274 2719 3216  517  912  763 2190 2376 2181 3364  668 1252 2939 3590
 2877 1735 6470 3934 5977 3352 1858 7401 3228 2759 2102 3098 2853 6978
 3784 3940 4574 7180 1101 6619 3740 1618 2220 1162 1188 2285]",937
792,0.41912553550646814,11,1252,1324,"[4274 2719 3216  517  912  763 2190 2376 2181 3364  668 1324 2939 3590
 2877 1735 6470 3934 5977 3352 1858 7401 3228 2759 2102 3098 2853 6978
 3784 3940 4574 7180 1101 6619 3740 1618 2220 1162 1188 2285]",949
793,0.4191827455167063,27,6978,7050,"[4274 2719 3216  517  912  763 2190 2376 2181 3364  668 1324 2939 3590
 2877 1735 6470 3934 5977 3352 1858 7401 3228 2759 2102 3098 2853 7050
 3784 3940 4574 7180 1101 6619 3740 1618 2220 1162 1188 2285]",918
794,0.4162247389546436,38,1188,337,"[4274 2719 3216  517  912  763 2190 2376 2181 3364  668 1324 2939 3590
 2877 1735 6470 3934 5977 3352 1858 7401 3228 2759 2102 3098 2853 7050
 3784 3940 4574 7180 1101 6619 3740 1618 2220 1162  337 2285]",890
795,0.41666586150134066,6,2190,2189,"[4274 2719 3216  517  912  763 2189 2376 2181 3364  668 1324 2939 3590
 2877 1735 6470 3934 5977 3352 1858 7401 3228 2759 2102 3098 2853 7050
 3784 3940 4574 7180 1101 6619 3740 1618 2220 1162  337 2285]",901
796,0.41295069849843313,12,2939,2799,"[4274 2719 3216  517  912  763 2189 2376 2181 3364  668 1324 2799 3590
 2877 1735 6470 3934 5977 3352 1858 7401 3228 2759 2102 3098 2853 7050
 3784 3940 4574 7180 1101 6619 3740 1618 2220 1162  337 2285]",867
797,0.41150250480971584,5,763,832,"[4274 2719 3216  517  912  832 2189 2376 2181 3364  668 1324 2799 3590
 2877 1735 6470 3934 5977 3352 1858 7401 3228 2759 2102 3098 2853 7050
 3784 3940 4574 7180 1101 6619 3740 1618 2220 1162  337 2285]",885
798,0.41107268736675745,19,3352,3420,"[4274 2719 3216  517  912  832 2189 2376 2181 3364  668 1324 2799 3590
 2877 1735 6470 3934 5977 3420 1858 7401 3228 2759 2102 3098 2853 7050
 3784 3940 4574 7180 1101 6619 3740 1618 2220 1162  337 2285]",871
799,0.4121084791430723,24,2102,2101,"[4274 2719 3216  517  912  832 2189 2376 2181 3364  668 1324 2799 3590
 2877 1735 6470 3934 5977 3420 1858 7401 3228 2759 2101 3098 2853 7050
 3784 3940 4574 7180 1101 6619 3740 1618 2220 1162  337 2285]",891
800,0.41105012405354674,24,2101,2099,"[4274 2719 3216  517  912  832 2189 2376 2181 3364  668 1324 2799 3590
 2877 1735 6470 3934 5977 3420 1858 7401 3228 2759 2099 3098 2853 7050
 3784 3940 4574 7180 1101 6619 3740 1618 2220 1162  337 2285]",891
801,0.4110616407058827,0,4274,4205,"[4205 2719 3216  517  912  832 2189 2376 2181 3364  668 1324 2799 3590
 2877 1735 6470 3934 5977 3420 1858 7401 3228 2759 2099 3098 2853 7050
 3784 3940 4574 7180 1101 6619 3740 1618 2220 1162  337 2285]",905
802,0.41108738626500174,17,3934,3862,"[4205 2719 3216  517  912  832 2189 2376 2181 3364  668 1324 2799 3590
 2877 1735 6470 3862 5977 3420 1858 7401 3228 2759 2099 3098 2853 7050
 3784 3940 4574 7180 1101 6619 3740 1618 2220 1162  337 2285]",844
803,0.41129575714425426,17,3862,3792,"[4205 2719 3216  517  912  832 2189 2376 2181 3364  668 1324 2799 3590
 2877 1735 6470 3792 5977 3420 1858 7401 3228 2759 2099 3098 2853 7050
 3784 3940 4574 7180 1101 6619 3740 1618 2220 1162  337 2285]",844
804,0.4149548266331178,11,1324,1535,"[4205 2719 3216  517  912  832 2189 2376 2181 3364  668 1535 2799 3590
 2877 1735 6470 3792 5977 3420 1858 7401 3228 2759 2099 3098 2853 7050
 3784 3940 4574 7180 1101 6619 3740 1618 2220 1162  337 2285]",908
805,0.4160889093399266,24,2099,1957,"[4205 2719 3216  517  912  832 2189 2376 2181 3364  668 1535 2799 3590
 2877 1735 6470 3792 5977 3420 1858 7401 3228 2759 1957 3098 2853 7050
 3784 3940 4574 7180 1101 6619 3740 1618 2220 1162  337 2285]",892
806,0.41511141882047886,24,1957,2032,"[4205 2719 3216  517  912  832 2189 2376 2181 3364  668 1535 2799 3590
 2877 1735 6470 3792 5977 3420 1858 7401 3228 2759 2032 3098 2853 7050
 3784 3940 4574 7180 1101 6619 3740 1618 2220 1162  337 2285]",892
807,0.4148737848392948,18,5977,6119,"[4205 2719 3216  517  912  832 2189 2376 2181 3364  668 1535 2799 3590
 2877 1735 6470 3792 6119 3420 1858 7401 3228 2759 2032 3098 2853 7050
 3784 3940 4574 7180 1101 6619 3740 1618 2220 1162  337 2285]",915
808,0.4138632195991051,15,1735,1876,"[4205 2719 3216  517  912  832 2189 2376 2181 3364  668 1535 2799 3590
 2877 1876 6470 3792 6119 3420 1858 7401 3228 2759 2032 3098 2853 7050
 3784 3940 4574 7180 1101 6619 3740 1618 2220 1162  337 2285]",936
809,0.4134304851616277,15,1876,604,"[4205 2719 3216  517  912  832 2189 2376 2181 3364  668 1535 2799 3590
 2877  604 6470 3792 6119 3420 1858 7401 3228 2759 2032 3098 2853 7050
 3784 3940 4574 7180 1101 6619 3740 1618 2220 1162  337 2285]",936
810,0.41733695590400643,33,6619,6760,"[4205 2719 3216  517  912  832 2189 2376 2181 3364  668 1535 2799 3590
 2877  604 6470 3792 6119 3420 1858 7401 3228 2759 2032 3098 2853 7050
 3784 3940 4574 7180 1101 6760 3740 1618 2220 1162  337 2285]",934
811,0.4188487103622993,6,2189,2259,"[4205 2719 3216  517  912  832 2259 2376 2181 3364  668 1535 2799 3590
 2877  604 6470 3792 6119 3420 1858 7401 3228 2759 2032 3098 2853 7050
 3784 3940 4574 7180 1101 6760 3740 1618 2220 1162  337 2285]",956
812,0.4194002110425895,22,3228,1877,"[4205 2719 3216  517  912  832 2259 2376 2181 3364  668 1535 2799 3590
 2877  604 6470 3792 6119 3420 1858 7401 1877 2759 2032 3098 2853 7050
 3784 3940 4574 7180 1101 6760 3740 1618 2220 1162  337 2285]",922
813,0.41744808137056993,25,3098,2956,"[4205 2719 3216  517  912  832 2259 2376 2181 3364  668 1535 2799 3590
 2877  604 6470 3792 6119 3420 1858 7401 1877 2759 2032 2956 2853 7050
 3784 3940 4574 7180 1101 6760 3740 1618 2220 1162  337 2285]",912
814,0.417175580751758,17,3792,3934,"[4205 2719 3216  517  912  832 2259 2376 2181 3364  668 1535 2799 3590
 2877  604 6470 3934 6119 3420 1858 7401 1877 2759 2032 2956 2853 7050
 3784 3940 4574 7180 1101 6760 3740 1618 2220 1162  337 2285]",852
815,0.41728140341373543,35,1618,1471,"[4205 2719 3216  517  912  832 2259 2376 2181 3364  668 1535 2799 3590
 2877  604 6470 3934 6119 3420 1858 7401 1877 2759 2032 2956 2853 7050
 3784 3940 4574 7180 1101 6760 3740 1471 2220 1162  337 2285]",915
816,0.41968586014602516,22,1877,1335,"[4205 2719 3216  517  912  832 2259 2376 2181 3364  668 1535 2799 3590
 2877  604 6470 3934 6119 3420 1858 7401 1335 2759 2032 2956 2853 7050
 3784 3940 4574 7180 1101 6760 3740 1471 2220 1162  337 2285]",935
817,0.41932816585183247,17,3934,3863,"[4205 2719 3216  517  912  832 2259 2376 2181 3364  668 1535 2799 3590
 2877  604 6470 3863 6119 3420 1858 7401 1335 2759 2032 2956 2853 7050
 3784 3940 4574 7180 1101 6760 3740 1471 2220 1162  337 2285]",930
818,0.4196149951010399,20,1858,1806,"[4205 2719 3216  517  912  832 2259 2376 2181 3364  668 1535 2799 3590
 2877  604 6470 3863 6119 3420 1806 7401 1335 2759 2032 2956 2853 7050
 3784 3940 4574 7180 1101 6760 3740 1471 2220 1162  337 2285]",932
819,0.4195074264736258,24,2032,2102,"[4205 2719 3216  517  912  832 2259 2376 2181 3364  668 1535 2799 3590
 2877  604 6470 3863 6119 3420 1806 7401 1335 2759 2102 2956 2853 7050
 3784 3940 4574 7180 1101 6760 3740 1471 2220 1162  337 2285]",901
820,0.4188665471063886,26,2853,2710,"[4205 2719 3216  517  912  832 2259 2376 2181 3364  668 1535 2799 3590
 2877  604 6470 3863 6119 3420 1806 7401 1335 2759 2102 2956 2710 7050
 3784 3940 4574 7180 1101 6760 3740 1471 2220 1162  337 2285]",862
821,0.41793986208954303,27,7050,6908,"[4205 2719 3216  517  912  832 2259 2376 2181 3364  668 1535 2799 3590
 2877  604 6470 3863 6119 3420 1806 7401 1335 2759 2102 2956 2710 6908
 3784 3940 4574 7180 1101 6760 3740 1471 2220 1162  337 2285]",873
822,0.4167425801037534,29,3940,4015,"[4205 2719 3216  517  912  832 2259 2376 2181 3364  668 1535 2799 3590
 2877  604 6470 3863 6119 3420 1806 7401 1335 2759 2102 2956 2710 6908
 3784 4015 4574 7180 1101 6760 3740 1471 2220 1162  337 2285]",864
823,0.41793986208954303,29,4015,3940,"[4205 2719 3216  517  912  832 2259 2376 2181 3364  668 1535 2799 3590
 2877  604 6470 3863 6119 3420 1806 7401 1335 2759 2102 2956 2710 6908
 3784 3940 4574 7180 1101 6760 3740 1471 2220 1162  337 2285]",864
824,0.4174902439677419,14,2877,3159,"[4205 2719 3216  517  912  832 2259 2376 2181 3364  668 1535 2799 3590
 3159  604 6470 3863 6119 3420 1806 7401 1335 2759 2102 2956 2710 6908
 3784 3940 4574 7180 1101 6760 3740 1471 2220 1162  337 2285]",872
825,0.41600490795630085,35,1471,1470,"[4205 2719 3216  517  912  832 2259 2376 2181 3364  668 1535 2799 3590
 3159  604 6470 3863 6119 3420 1806 7401 1335 2759 2102 2956 2710 6908
 3784 3940 4574 7180 1101 6760 3740 1470 2220 1162  337 2285]",857
826,0.41575413697812624,39,2285,1786,"[4205 2719 3216  517  912  832 2259 2376 2181 3364  668 1535 2799 3590
 3159  604 6470 3863 6119 3420 1806 7401 1335 2759 2102 2956 2710 6908
 3784 3940 4574 7180 1101 6760 3740 1470 2220 1162  337 1786]",867
827,0.4164400386597206,19,3420,3281,"[4205 2719 3216  517  912  832 2259 2376 2181 3364  668 1535 2799 3590
 3159  604 6470 3863 6119 3281 1806 7401 1335 2759 2102 2956 2710 6908
 3784 3940 4574 7180 1101 6760 3740 1470 2220 1162  337 1786]",894
828,0.41662350252398295,3,517,1764,"[4205 2719 3216 1764  912  832 2259 2376 2181 3364  668 1535 2799 3590
 3159  604 6470 3863 6119 3281 1806 7401 1335 2759 2102 2956 2710 6908
 3784 3940 4574 7180 1101 6760 3740 1470 2220 1162  337 1786]",905
829,0.4160538577268691,7,2376,2304,"[4205 2719 3216 1764  912  832 2259 2304 2181 3364  668 1535 2799 3590
 3159  604 6470 3863 6119 3281 1806 7401 1335 2759 2102 2956 2710 6908
 3784 3940 4574 7180 1101 6760 3740 1470 2220 1162  337 1786]",932
830,0.4173492709578558,20,1806,733,"[4205 2719 3216 1764  912  832 2259 2304 2181 3364  668 1535 2799 3590
 3159  604 6470 3863 6119 3281  733 7401 1335 2759 2102 2956 2710 6908
 3784 3940 4574 7180 1101 6760 3740 1470 2220 1162  337 1786]",954
831,0.41595717566103163,17,3863,3933,"[4205 2719 3216 1764  912  832 2259 2304 2181 3364  668 1535 2799 3590
 3159  604 6470 3933 6119 3281  733 7401 1335 2759 2102 2956 2710 6908
 3784 3940 4574 7180 1101 6760 3740 1470 2220 1162  337 1786]",935
832,0.4178645975864027,21,7401,7330,"[4205 2719 3216 1764  912  832 2259 2304 2181 3364  668 1535 2799 3590
 3159  604 6470 3933 6119 3281  733 7330 1335 2759 2102 2956 2710 6908
 3784 3940 4574 7180 1101 6760 3740 1470 2220 1162  337 1786]",938
833,0.41572623344147364,33,6760,6901,"[4205 2719 3216 1764  912  832 2259 2304 2181 3364  668 1535 2799 3590
 3159  604 6470 3933 6119 3281  733 7330 1335 2759 2102 2956 2710 6908
 3784 3940 4574 7180 1101 6901 3740 1470 2220 1162  337 1786]",927
834,0.41478181698979344,36,2220,2222,"[4205 2719 3216 1764  912  832 2259 2304 2181 3364  668 1535 2799 3590
 3159  604 6470 3933 6119 3281  733 7330 1335 2759 2102 2956 2710 6908
 3784 3940 4574 7180 1101 6901 3740 1470 2222 1162  337 1786]",978
835,0.4156505253072539,5,832,834,"[4205 2719 3216 1764  912  834 2259 2304 2181 3364  668 1535 2799 3590
 3159  604 6470 3933 6119 3281  733 7330 1335 2759 2102 2956 2710 6908
 3784 3940 4574 7180 1101 6901 3740 1470 2222 1162  337 1786]",953
836,0.4170426206040781,17,3933,3863,"[4205 2719 3216 1764  912  834 2259 2304 2181 3364  668 1535 2799 3590
 3159  604 6470 3863 6119 3281  733 7330 1335 2759 2102 2956 2710 6908
 3784 3940 4574 7180 1101 6901 3740 1470 2222 1162  337 1786]",943
837,0.4172253119809778,18,6119,5977,"[4205 2719 3216 1764  912  834 2259 2304 2181 3364  668 1535 2799 3590
 3159  604 6470 3863 5977 3281  733 7330 1335 2759 2102 2956 2710 6908
 3784 3940 4574 7180 1101 6901 3740 1470 2222 1162  337 1786]",992
838,0.4186480036379316,26,2710,2641,"[4205 2719 3216 1764  912  834 2259 2304 2181 3364  668 1535 2799 3590
 3159  604 6470 3863 5977 3281  733 7330 1335 2759 2102 2956 2641 6908
 3784 3940 4574 7180 1101 6901 3740 1470 2222 1162  337 1786]",965
839,0.4190018892639015,30,4574,4502,"[4205 2719 3216 1764  912  834 2259 2304 2181 3364  668 1535 2799 3590
 3159  604 6470 3863 5977 3281  733 7330 1335 2759 2102 2956 2641 6908
 3784 3940 4502 7180 1101 6901 3740 1470 2222 1162  337 1786]",979
840,0.4188506648432298,18,5977,6048,"[4205 2719 3216 1764  912  834 2259 2304 2181 3364  668 1535 2799 3590
 3159  604 6470 3863 6048 3281  733 7330 1335 2759 2102 2956 2641 6908
 3784 3940 4502 7180 1101 6901 3740 1470 2222 1162  337 1786]",982
841,0.4173396709953166,36,2222,2292,"[4205 2719 3216 1764  912  834 2259 2304 2181 3364  668 1535 2799 3590
 3159  604 6470 3863 6048 3281  733 7330 1335 2759 2102 2956 2641 6908
 3784 3940 4502 7180 1101 6901 3740 1470 2292 1162  337 1786]",978
842,0.41456063015713734,11,1535,1463,"[4205 2719 3216 1764  912  834 2259 2304 2181 3364  668 1463 2799 3590
 3159  604 6470 3863 6048 3281  733 7330 1335 2759 2102 2956 2641 6908
 3784 3940 4502 7180 1101 6901 3740 1470 2292 1162  337 1786]",960
843,0.41568238637268484,15,604,1806,"[4205 2719 3216 1764  912  834 2259 2304 2181 3364  668 1463 2799 3590
 3159 1806 6470 3863 6048 3281  733 7330 1335 2759 2102 2956 2641 6908
 3784 3940 4502 7180 1101 6901 3740 1470 2292 1162  337 1786]",954
844,0.4170069899369847,14,3159,2948,"[4205 2719 3216 1764  912  834 2259 2304 2181 3364  668 1463 2799 3590
 2948 1806 6470 3863 6048 3281  733 7330 1335 2759 2102 2956 2641 6908
 3784 3940 4502 7180 1101 6901 3740 1470 2292 1162  337 1786]",924
845,0.41660404873508683,13,3590,3448,"[4205 2719 3216 1764  912  834 2259 2304 2181 3364  668 1463 2799 3448
 2948 1806 6470 3863 6048 3281  733 7330 1335 2759 2102 2956 2641 6908
 3784 3940 4502 7180 1101 6901 3740 1470 2292 1162  337 1786]",921
846,0.41736989912975503,33,6901,6830,"[4205 2719 3216 1764  912  834 2259 2304 2181 3364  668 1463 2799 3448
 2948 1806 6470 3863 6048 3281  733 7330 1335 2759 2102 2956 2641 6908
 3784 3940 4502 7180 1101 6830 3740 1470 2292 1162  337 1786]",895
847,0.4177990192371957,24,2102,2173,"[4205 2719 3216 1764  912  834 2259 2304 2181 3364  668 1463 2799 3448
 2948 1806 6470 3863 6048 3281  733 7330 1335 2759 2173 2956 2641 6908
 3784 3940 4502 7180 1101 6830 3740 1470 2292 1162  337 1786]",951
848,0.41752257548301014,24,2173,2103,"[4205 2719 3216 1764  912  834 2259 2304 2181 3364  668 1463 2799 3448
 2948 1806 6470 3863 6048 3281  733 7330 1335 2759 2103 2956 2641 6908
 3784 3940 4502 7180 1101 6830 3740 1470 2292 1162  337 1786]",951
849,0.41737751171226795,23,2759,2689,"[4205 2719 3216 1764  912  834 2259 2304 2181 3364  668 1463 2799 3448
 2948 1806 6470 3863 6048 3281  733 7330 1335 2689 2103 2956 2641 6908
 3784 3940 4502 7180 1101 6830 3740 1470 2292 1162  337 1786]",961
850,0.41535795033848044,8,2181,2180,"[4205 2719 3216 1764  912  834 2259 2304 2180 3364  668 1463 2799 3448
 2948 1806 6470 3863 6048 3281  733 7330 1335 2689 2103 2956 2641 6908
 3784 3940 4502 7180 1101 6830 3740 1470 2292 1162  337 1786]",930
851,0.4155253168414433,20,733,661,"[4205 2719 3216 1764  912  834 2259 2304 2180 3364  668 1463 2799 3448
 2948 1806 6470 3863 6048 3281  661 7330 1335 2689 2103 2956 2641 6908
 3784 3940 4502 7180 1101 6830 3740 1470 2292 1162  337 1786]",931
852,0.4153038091941329,38,337,483,"[4205 2719 3216 1764  912  834 2259 2304 2180 3364  668 1463 2799 3448
 2948 1806 6470 3863 6048 3281  661 7330 1335 2689 2103 2956 2641 6908
 3784 3940 4502 7180 1101 6830 3740 1470 2292 1162  483 1786]",937
853,0.4159014872329417,26,2641,2357,"[4205 2719 3216 1764  912  834 2259 2304 2180 3364  668 1463 2799 3448
 2948 1806 6470 3863 6048 3281  661 7330 1335 2689 2103 2956 2357 6908
 3784 3940 4502 7180 1101 6830 3740 1470 2292 1162  483 1786]",949
854,0.4153933142878917,3,1764,3512,"[4205 2719 3216 3512  912  834 2259 2304 2180 3364  668 1463 2799 3448
 2948 1806 6470 3863 6048 3281  661 7330 1335 2689 2103 2956 2357 6908
 3784 3940 4502 7180 1101 6830 3740 1470 2292 1162  483 1786]",925
855,0.41564768154695214,13,3448,3590,"[4205 2719 3216 3512  912  834 2259 2304 2180 3364  668 1463 2799 3590
 2948 1806 6470 3863 6048 3281  661 7330 1335 2689 2103 2956 2357 6908
 3784 3940 4502 7180 1101 6830 3740 1470 2292 1162  483 1786]",945
856,0.41550422546275084,24,2103,2029,"[4205 2719 3216 3512  912  834 2259 2304 2180 3364  668 1463 2799 3590
 2948 1806 6470 3863 6048 3281  661 7330 1335 2689 2029 2956 2357 6908
 3784 3940 4502 7180 1101 6830 3740 1470 2292 1162  483 1786]",967
857,0.4161099888619008,19,3281,3209,"[4205 2719 3216 3512  912  834 2259 2304 2180 3364  668 1463 2799 3590
 2948 1806 6470 3863 6048 3209  661 7330 1335 2689 2029 2956 2357 6908
 3784 3940 4502 7180 1101 6830 3740 1470 2292 1162  483 1786]",953
858,0.41780397918446055,15,1806,1833,"[4205 2719 3216 3512  912  834 2259 2304 2180 3364  668 1463 2799 3590
 2948 1833 6470 3863 6048 3209  661 7330 1335 2689 2029 2956 2357 6908
 3784 3940 4502 7180 1101 6830 3740 1470 2292 1162  483 1786]",966
859,0.4179737098339103,35,1470,1541,"[4205 2719 3216 3512  912  834 2259 2304 2180 3364  668 1463 2799 3590
 2948 1833 6470 3863 6048 3209  661 7330 1335 2689 2029 2956 2357 6908
 3784 3940 4502 7180 1101 6830 3740 1541 2292 1162  483 1786]",975
860,0.4175102339760351,6,2259,2258,"[4205 2719 3216 3512  912  834 2258 2304 2180 3364  668 1463 2799 3590
 2948 1833 6470 3863 6048 3209  661 7330 1335 2689 2029 2956 2357 6908
 3784 3940 4502 7180 1101 6830 3740 1541 2292 1162  483 1786]",968
861,0.4170448138030235,4,912,1735,"[4205 2719 3216 3512 1735  834 2258 2304 2180 3364  668 1463 2799 3590
 2948 1833 6470 3863 6048 3209  661 7330 1335 2689 2029 2956 2357 6908
 3784 3940 4502 7180 1101 6830 3740 1541 2292 1162  483 1786]",972
862,0.4164084291011824,15,1833,1764,"[4205 2719 3216 3512 1735  834 2258 2304 2180 3364  668 1463 2799 3590
 2948 1764 6470 3863 6048 3209  661 7330 1335 2689 2029 2956 2357 6908
 3784 3940 4502 7180 1101 6830 3740 1541 2292 1162  483 1786]",930
863,0.4165039887464309,13,3590,3518,"[4205 2719 3216 3512 1735  834 2258 2304 2180 3364  668 1463 2799 3518
 2948 1764 6470 3863 6048 3209  661 7330 1335 2689 2029 2956 2357 6908
 3784 3940 4502 7180 1101 6830 3740 1541 2292 1162  483 1786]",934
864,0.41683753885388775,5,834,690,"[4205 2719 3216 3512 1735  690 2258 2304 2180 3364  668 1463 2799 3518
 2948 1764 6470 3863 6048 3209  661 7330 1335 2689 2029 2956 2357 6908
 3784 3940 4502 7180 1101 6830 3740 1541 2292 1162  483 1786]",954
865,0.41954930155124426,22,1335,1122,"[4205 2719 3216 3512 1735  690 2258 2304 2180 3364  668 1463 2799 3518
 2948 1764 6470 3863 6048 3209  661 7330 1122 2689 2029 2956 2357 6908
 3784 3940 4502 7180 1101 6830 3740 1541 2292 1162  483 1786]",926
866,0.41873948712494946,2,3216,3145,"[4205 2719 3145 3512 1735  690 2258 2304 2180 3364  668 1463 2799 3518
 2948 1764 6470 3863 6048 3209  661 7330 1122 2689 2029 2956 2357 6908
 3784 3940 4502 7180 1101 6830 3740 1541 2292 1162  483 1786]",881
867,0.41821153830279184,23,2689,2829,"[4205 2719 3145 3512 1735  690 2258 2304 2180 3364  668 1463 2799 3518
 2948 1764 6470 3863 6048 3209  661 7330 1122 2829 2029 2956 2357 6908
 3784 3940 4502 7180 1101 6830 3740 1541 2292 1162  483 1786]",949
868,0.41575551145542317,9,3364,3435,"[4205 2719 3145 3512 1735  690 2258 2304 2180 3435  668 1463 2799 3518
 2948 1764 6470 3863 6048 3209  661 7330 1122 2829 2029 2956 2357 6908
 3784 3940 4502 7180 1101 6830 3740 1541 2292 1162  483 1786]",880
869,0.4171082668190641,24,2029,1957,"[4205 2719 3145 3512 1735  690 2258 2304 2180 3435  668 1463 2799 3518
 2948 1764 6470 3863 6048 3209  661 7330 1122 2829 1957 2956 2357 6908
 3784 3940 4502 7180 1101 6830 3740 1541 2292 1162  483 1786]",939
870,0.4168638889303436,15,1764,1691,"[4205 2719 3145 3512 1735  690 2258 2304 2180 3435  668 1463 2799 3518
 2948 1691 6470 3863 6048 3209  661 7330 1122 2829 1957 2956 2357 6908
 3784 3940 4502 7180 1101 6830 3740 1541 2292 1162  483 1786]",925
871,0.41639201809270276,30,4502,4504,"[4205 2719 3145 3512 1735  690 2258 2304 2180 3435  668 1463 2799 3518
 2948 1691 6470 3863 6048 3209  661 7330 1122 2829 1957 2956 2357 6908
 3784 3940 4504 7180 1101 6830 3740 1541 2292 1162  483 1786]",959
872,0.4193916703718757,12,2799,2939,"[4205 2719 3145 3512 1735  690 2258 2304 2180 3435  668 1463 2939 3518
 2948 1691 6470 3863 6048 3209  661 7330 1122 2829 1957 2956 2357 6908
 3784 3940 4504 7180 1101 6830 3740 1541 2292 1162  483 1786]",925
873,0.4204570762513081,1,2719,2781,"[4205 2781 3145 3512 1735  690 2258 2304 2180 3435  668 1463 2939 3518
 2948 1691 6470 3863 6048 3209  661 7330 1122 2829 1957 2956 2357 6908
 3784 3940 4504 7180 1101 6830 3740 1541 2292 1162  483 1786]",904
874,0.42193684699306705,10,668,597,"[4205 2781 3145 3512 1735  690 2258 2304 2180 3435  597 1463 2939 3518
 2948 1691 6470 3863 6048 3209  661 7330 1122 2829 1957 2956 2357 6908
 3784 3940 4504 7180 1101 6830 3740 1541 2292 1162  483 1786]",944
875,0.42425609135487935,7,2304,2515,"[4205 2781 3145 3512 1735  690 2258 2515 2180 3435  597 1463 2939 3518
 2948 1691 6470 3863 6048 3209  661 7330 1122 2829 1957 2956 2357 6908
 3784 3940 4504 7180 1101 6830 3740 1541 2292 1162  483 1786]",952
876,0.4261984568805559,9,3435,3364,"[4205 2781 3145 3512 1735  690 2258 2515 2180 3364  597 1463 2939 3518
 2948 1691 6470 3863 6048 3209  661 7330 1122 2829 1957 2956 2357 6908
 3784 3940 4504 7180 1101 6830 3740 1541 2292 1162  483 1786]",897
877,0.4217878447769641,9,3364,2764,"[4205 2781 3145 3512 1735  690 2258 2515 2180 2764  597 1463 2939 3518
 2948 1691 6470 3863 6048 3209  661 7330 1122 2829 1957 2956 2357 6908
 3784 3940 4504 7180 1101 6830 3740 1541 2292 1162  483 1786]",897
878,0.4266408968823851,3,3512,3364,"[4205 2781 3145 3364 1735  690 2258 2515 2180 2764  597 1463 2939 3518
 2948 1691 6470 3863 6048 3209  661 7330 1122 2829 1957 2956 2357 6908
 3784 3940 4504 7180 1101 6830 3740 1541 2292 1162  483 1786]",875
879,0.4267272858047267,2,3145,3287,"[4205 2781 3287 3364 1735  690 2258 2515 2180 2764  597 1463 2939 3518
 2948 1691 6470 3863 6048 3209  661 7330 1122 2829 1957 2956 2357 6908
 3784 3940 4504 7180 1101 6830 3740 1541 2292 1162  483 1786]",889
880,0.4277471503486686,30,4504,4573,"[4205 2781 3287 3364 1735  690 2258 2515 2180 2764  597 1463 2939 3518
 2948 1691 6470 3863 6048 3209  661 7330 1122 2829 1957 2956 2357 6908
 3784 3940 4573 7180 1101 6830 3740 1541 2292 1162  483 1786]",934
881,0.4258226954816483,0,4205,3706,"[3706 2781 3287 3364 1735  690 2258 2515 2180 2764  597 1463 2939 3518
 2948 1691 6470 3863 6048 3209  661 7330 1122 2829 1957 2956 2357 6908
 3784 3940 4573 7180 1101 6830 3740 1541 2292 1162  483 1786]",945
882,0.42716152331480073,8,2180,2181,"[3706 2781 3287 3364 1735  690 2258 2515 2181 2764  597 1463 2939 3518
 2948 1691 6470 3863 6048 3209  661 7330 1122 2829 1957 2956 2357 6908
 3784 3940 4573 7180 1101 6830 3740 1541 2292 1162  483 1786]",954
883,0.42720147083654036,37,1162,4275,"[3706 2781 3287 3364 1735  690 2258 2515 2181 2764  597 1463 2939 3518
 2948 1691 6470 3863 6048 3209  661 7330 1122 2829 1957 2956 2357 6908
 3784 3940 4573 7180 1101 6830 3740 1541 2292 4275  483 1786]",961
884,0.42551135041863086,24,1957,1956,"[3706 2781 3287 3364 1735  690 2258 2515 2181 2764  597 1463 2939 3518
 2948 1691 6470 3863 6048 3209  661 7330 1122 2829 1956 2956 2357 6908
 3784 3940 4573 7180 1101 6830 3740 1541 2292 4275  483 1786]",958
885,0.42385072075944374,26,2357,2215,"[3706 2781 3287 3364 1735  690 2258 2515 2181 2764  597 1463 2939 3518
 2948 1691 6470 3863 6048 3209  661 7330 1122 2829 1956 2956 2215 6908
 3784 3940 4573 7180 1101 6830 3740 1541 2292 4275  483 1786]",907
886,0.4235685550335814,20,661,946,"[3706 2781 3287 3364 1735  690 2258 2515 2181 2764  597 1463 2939 3518
 2948 1691 6470 3863 6048 3209  946 7330 1122 2829 1956 2956 2215 6908
 3784 3940 4573 7180 1101 6830 3740 1541 2292 4275  483 1786]",950
887,0.4240933778355924,32,1101,1029,"[3706 2781 3287 3364 1735  690 2258 2515 2181 2764  597 1463 2939 3518
 2948 1691 6470 3863 6048 3209  946 7330 1122 2829 1956 2956 2215 6908
 3784 3940 4573 7180 1029 6830 3740 1541 2292 4275  483 1786]",950
888,0.4255110467812283,7,2515,2517,"[3706 2781 3287 3364 1735  690 2258 2517 2181 2764  597 1463 2939 3518
 2948 1691 6470 3863 6048 3209  946 7330 1122 2829 1956 2956 2215 6908
 3784 3940 4573 7180 1029 6830 3740 1541 2292 4275  483 1786]",930
889,0.42703096904806803,33,6830,6760,"[3706 2781 3287 3364 1735  690 2258 2517 2181 2764  597 1463 2939 3518
 2948 1691 6470 3863 6048 3209  946 7330 1122 2829 1956 2956 2215 6908
 3784 3940 4573 7180 1029 6760 3740 1541 2292 4275  483 1786]",890
890,0.4247088861095598,10,597,521,"[3706 2781 3287 3364 1735  690 2258 2517 2181 2764  521 1463 2939 3518
 2948 1691 6470 3863 6048 3209  946 7330 1122 2829 1956 2956 2215 6908
 3784 3940 4573 7180 1029 6760 3740 1541 2292 4275  483 1786]",933
891,0.4277343039809349,19,3209,810,"[3706 2781 3287 3364 1735  690 2258 2517 2181 2764  521 1463 2939 3518
 2948 1691 6470 3863 6048  810  946 7330 1122 2829 1956 2956 2215 6908
 3784 3940 4573 7180 1029 6760 3740 1541 2292 4275  483 1786]",893
892,0.42848750623799686,9,2764,3210,"[3706 2781 3287 3364 1735  690 2258 2517 2181 3210  521 1463 2939 3518
 2948 1691 6470 3863 6048  810  946 7330 1122 2829 1956 2956 2215 6908
 3784 3940 4573 7180 1029 6760 3740 1541 2292 4275  483 1786]",909
893,0.42727561351369214,4,1735,1660,"[3706 2781 3287 3364 1660  690 2258 2517 2181 3210  521 1463 2939 3518
 2948 1691 6470 3863 6048  810  946 7330 1122 2829 1956 2956 2215 6908
 3784 3940 4573 7180 1029 6760 3740 1541 2292 4275  483 1786]",988
894,0.4272028322353039,28,3784,3854,"[3706 2781 3287 3364 1660  690 2258 2517 2181 3210  521 1463 2939 3518
 2948 1691 6470 3863 6048  810  946 7330 1122 2829 1956 2956 2215 6908
 3854 3940 4573 7180 1029 6760 3740 1541 2292 4275  483 1786]",911
895,0.4268207660678613,22,1122,1050,"[3706 2781 3287 3364 1660  690 2258 2517 2181 3210  521 1463 2939 3518
 2948 1691 6470 3863 6048  810  946 7330 1050 2829 1956 2956 2215 6908
 3854 3940 4573 7180 1029 6760 3740 1541 2292 4275  483 1786]",928
896,0.4268919643190107,22,1050,979,"[3706 2781 3287 3364 1660  690 2258 2517 2181 3210  521 1463 2939 3518
 2948 1691 6470 3863 6048  810  946 7330  979 2829 1956 2956 2215 6908
 3854 3940 4573 7180 1029 6760 3740 1541 2292 4275  483 1786]",928
897,0.42757349459997857,15,1691,1833,"[3706 2781 3287 3364 1660  690 2258 2517 2181 3210  521 1463 2939 3518
 2948 1833 6470 3863 6048  810  946 7330  979 2829 1956 2956 2215 6908
 3854 3940 4573 7180 1029 6760 3740 1541 2292 4275  483 1786]",936
898,0.4260535723331389,33,6760,6830,"[3706 2781 3287 3364 1660  690 2258 2517 2181 3210  521 1463 2939 3518
 2948 1833 6470 3863 6048  810  946 7330  979 2829 1956 2956 2215 6908
 3854 3940 4573 7180 1029 6830 3740 1541 2292 4275  483 1786]",909
899,0.4255774627893749,20,946,388,"[3706 2781 3287 3364 1660  690 2258 2517 2181 3210  521 1463 2939 3518
 2948 1833 6470 3863 6048  810  388 7330  979 2829 1956 2956 2215 6908
 3854 3940 4573 7180 1029 6830 3740 1541 2292 4275  483 1786]",929
900,0.425258329490486,35,1541,1470,"[3706 2781 3287 3364 1660  690 2258 2517 2181 3210  521 1463 2939 3518
 2948 1833 6470 3863 6048  810  388 7330  979 2829 1956 2956 2215 6908
 3854 3940 4573 7180 1029 6830 3740 1470 2292 4275  483 1786]",927
901,0.42557793785781645,22,979,1122,"[3706 2781 3287 3364 1660  690 2258 2517 2181 3210  521 1463 2939 3518
 2948 1833 6470 3863 6048  810  388 7330 1122 2829 1956 2956 2215 6908
 3854 3940 4573 7180 1029 6830 3740 1470 2292 4275  483 1786]",924
902,0.4270413618291562,4,1660,1735,"[3706 2781 3287 3364 1735  690 2258 2517 2181 3210  521 1463 2939 3518
 2948 1833 6470 3863 6048  810  388 7330 1122 2829 1956 2956 2215 6908
 3854 3940 4573 7180 1029 6830 3740 1470 2292 4275  483 1786]",977
903,0.425476163635496,13,3518,3446,"[3706 2781 3287 3364 1735  690 2258 2517 2181 3210  521 1463 2939 3446
 2948 1833 6470 3863 6048  810  388 7330 1122 2829 1956 2956 2215 6908
 3854 3940 4573 7180 1029 6830 3740 1470 2292 4275  483 1786]",933
904,0.4247312044073203,28,3854,3712,"[3706 2781 3287 3364 1735  690 2258 2517 2181 3210  521 1463 2939 3446
 2948 1833 6470 3863 6048  810  388 7330 1122 2829 1956 2956 2215 6908
 3712 3940 4573 7180 1029 6830 3740 1470 2292 4275  483 1786]",919
905,0.42451640488457393,4,1735,1806,"[3706 2781 3287 3364 1806  690 2258 2517 2181 3210  521 1463 2939 3446
 2948 1833 6470 3863 6048  810  388 7330 1122 2829 1956 2956 2215 6908
 3712 3940 4573 7180 1029 6830 3740 1470 2292 4275  483 1786]",984
906,0.42387635190173717,24,1956,2102,"[3706 2781 3287 3364 1806  690 2258 2517 2181 3210  521 1463 2939 3446
 2948 1833 6470 3863 6048  810  388 7330 1122 2829 2102 2956 2215 6908
 3712 3940 4573 7180 1029 6830 3740 1470 2292 4275  483 1786]",962
907,0.42432576845338554,18,6048,5976,"[3706 2781 3287 3364 1806  690 2258 2517 2181 3210  521 1463 2939 3446
 2948 1833 6470 3863 5976  810  388 7330 1122 2829 2102 2956 2215 6908
 3712 3940 4573 7180 1029 6830 3740 1470 2292 4275  483 1786]",965
908,0.42456846314684515,15,1833,1762,"[3706 2781 3287 3364 1806  690 2258 2517 2181 3210  521 1463 2939 3446
 2948 1762 6470 3863 5976  810  388 7330 1122 2829 2102 2956 2215 6908
 3712 3940 4573 7180 1029 6830 3740 1470 2292 4275  483 1786]",939
909,0.4245592945864032,16,6470,946,"[3706 2781 3287 3364 1806  690 2258 2517 2181 3210  521 1463 2939 3446
 2948 1762  946 3863 5976  810  388 7330 1122 2829 2102 2956 2215 6908
 3712 3940 4573 7180 1029 6830 3740 1470 2292 4275  483 1786]",936
910,0.4250508953654276,0,3706,3604,"[3604 2781 3287 3364 1806  690 2258 2517 2181 3210  521 1463 2939 3446
 2948 1762  946 3863 5976  810  388 7330 1122 2829 2102 2956 2215 6908
 3712 3940 4573 7180 1029 6830 3740 1470 2292 4275  483 1786]",930
911,0.4226461320665028,7,2517,2376,"[3604 2781 3287 3364 1806  690 2258 2376 2181 3210  521 1463 2939 3446
 2948 1762  946 3863 5976  810  388 7330 1122 2829 2102 2956 2215 6908
 3712 3940 4573 7180 1029 6830 3740 1470 2292 4275  483 1786]",941
912,0.4208626651411105,26,2215,6335,"[3604 2781 3287 3364 1806  690 2258 2376 2181 3210  521 1463 2939 3446
 2948 1762  946 3863 5976  810  388 7330 1122 2829 2102 2956 6335 6908
 3712 3940 4573 7180 1029 6830 3740 1470 2292 4275  483 1786]",900
913,0.4219945350931218,18,5976,2357,"[3604 2781 3287 3364 1806  690 2258 2376 2181 3210  521 1463 2939 3446
 2948 1762  946 3863 2357  810  388 7330 1122 2829 2102 2956 6335 6908
 3712 3940 4573 7180 1029 6830 3740 1470 2292 4275  483 1786]",920
914,0.4189895067445316,5,690,830,"[3604 2781 3287 3364 1806  830 2258 2376 2181 3210  521 1463 2939 3446
 2948 1762  946 3863 2357  810  388 7330 1122 2829 2102 2956 6335 6908
 3712 3940 4573 7180 1029 6830 3740 1470 2292 4275  483 1786]",964
915,0.42026663396879504,33,6830,6760,"[3604 2781 3287 3364 1806  830 2258 2376 2181 3210  521 1463 2939 3446
 2948 1762  946 3863 2357  810  388 7330 1122 2829 2102 2956 6335 6908
 3712 3940 4573 7180 1029 6760 3740 1470 2292 4275  483 1786]",916
916,0.42031406049734543,1,2781,5905,"[3604 5905 3287 3364 1806  830 2258 2376 2181 3210  521 1463 2939 3446
 2948 1762  946 3863 2357  810  388 7330 1122 2829 2102 2956 6335 6908
 3712 3940 4573 7180 1029 6760 3740 1470 2292 4275  483 1786]",908
917,0.4212136367255581,11,1463,1677,"[3604 5905 3287 3364 1806  830 2258 2376 2181 3210  521 1677 2939 3446
 2948 1762  946 3863 2357  810  388 7330 1122 2829 2102 2956 6335 6908
 3712 3940 4573 7180 1029 6760 3740 1470 2292 4275  483 1786]",899
918,0.4173885782279303,12,2939,2868,"[3604 5905 3287 3364 1806  830 2258 2376 2181 3210  521 1677 2868 3446
 2948 1762  946 3863 2357  810  388 7330 1122 2829 2102 2956 6335 6908
 3712 3940 4573 7180 1029 6760 3740 1470 2292 4275  483 1786]",906
919,0.419631130619482,25,2956,3167,"[3604 5905 3287 3364 1806  830 2258 2376 2181 3210  521 1677 2868 3446
 2948 1762  946 3863 2357  810  388 7330 1122 2829 2102 3167 6335 6908
 3712 3940 4573 7180 1029 6760 3740 1470 2292 4275  483 1786]",945
920,0.4217053340680085,14,2948,3017,"[3604 5905 3287 3364 1806  830 2258 2376 2181 3210  521 1677 2868 3446
 3017 1762  946 3863 2357  810  388 7330 1122 2829 2102 3167 6335 6908
 3712 3940 4573 7180 1029 6760 3740 1470 2292 4275  483 1786]",934
921,0.4227986765250095,13,3446,3518,"[3604 5905 3287 3364 1806  830 2258 2376 2181 3210  521 1677 2868 3518
 3017 1762  946 3863 2357  810  388 7330 1122 2829 2102 3167 6335 6908
 3712 3940 4573 7180 1029 6760 3740 1470 2292 4275  483 1786]",932
922,0.4217053340680085,13,3518,3446,"[3604 5905 3287 3364 1806  830 2258 2376 2181 3210  521 1677 2868 3446
 3017 1762  946 3863 2357  810  388 7330 1122 2829 2102 3167 6335 6908
 3712 3940 4573 7180 1029 6760 3740 1470 2292 4275  483 1786]",932
923,0.4208385509875067,29,3940,4011,"[3604 5905 3287 3364 1806  830 2258 2376 2181 3210  521 1677 2868 3446
 3017 1762  946 3863 2357  810  388 7330 1122 2829 2102 3167 6335 6908
 3712 4011 4573 7180 1029 6760 3740 1470 2292 4275  483 1786]",952
924,0.4200102965925255,37,4275,2717,"[3604 5905 3287 3364 1806  830 2258 2376 2181 3210  521 1677 2868 3446
 3017 1762  946 3863 2357  810  388 7330 1122 2829 2102 3167 6335 6908
 3712 4011 4573 7180 1029 6760 3740 1470 2292 2717  483 1786]",997
925,0.4193117016655594,25,3167,3099,"[3604 5905 3287 3364 1806  830 2258 2376 2181 3210  521 1677 2868 3446
 3017 1762  946 3863 2357  810  388 7330 1122 2829 2102 3099 6335 6908
 3712 4011 4573 7180 1029 6760 3740 1470 2292 2717  483 1786]",1032
926,0.42008642550321296,25,3099,3168,"[3604 5905 3287 3364 1806  830 2258 2376 2181 3210  521 1677 2868 3446
 3017 1762  946 3863 2357  810  388 7330 1122 2829 2102 3168 6335 6908
 3712 4011 4573 7180 1029 6760 3740 1470 2292 2717  483 1786]",1032
927,0.42093480368024694,29,4011,4205,"[3604 5905 3287 3364 1806  830 2258 2376 2181 3210  521 1677 2868 3446
 3017 1762  946 3863 2357  810  388 7330 1122 2829 2102 3168 6335 6908
 3712 4205 4573 7180 1029 6760 3740 1470 2292 2717  483 1786]",1019
928,0.42063567614250263,24,2102,4153,"[3604 5905 3287 3364 1806  830 2258 2376 2181 3210  521 1677 2868 3446
 3017 1762  946 3863 2357  810  388 7330 1122 2829 4153 3168 6335 6908
 3712 4205 4573 7180 1029 6760 3740 1470 2292 2717  483 1786]",982
929,0.42123918032807955,14,3017,2803,"[3604 5905 3287 3364 1806  830 2258 2376 2181 3210  521 1677 2868 3446
 2803 1762  946 3863 2357  810  388 7330 1122 2829 4153 3168 6335 6908
 3712 4205 4573 7180 1029 6760 3740 1470 2292 2717  483 1786]",954
930,0.4219436327750907,28,3712,3784,"[3604 5905 3287 3364 1806  830 2258 2376 2181 3210  521 1677 2868 3446
 2803 1762  946 3863 2357  810  388 7330 1122 2829 4153 3168 6335 6908
 3784 4205 4573 7180 1029 6760 3740 1470 2292 2717  483 1786]",956
931,0.4221049516314097,2,3287,3216,"[3604 5905 3216 3364 1806  830 2258 2376 2181 3210  521 1677 2868 3446
 2803 1762  946 3863 2357  810  388 7330 1122 2829 4153 3168 6335 6908
 3784 4205 4573 7180 1029 6760 3740 1470 2292 2717  483 1786]",928
932,0.422377520840879,29,4205,4061,"[3604 5905 3216 3364 1806  830 2258 2376 2181 3210  521 1677 2868 3446
 2803 1762  946 3863 2357  810  388 7330 1122 2829 4153 3168 6335 6908
 3784 4061 4573 7180 1029 6760 3740 1470 2292 2717  483 1786]",1008
933,0.422439008552643,32,1029,1174,"[3604 5905 3216 3364 1806  830 2258 2376 2181 3210  521 1677 2868 3446
 2803 1762  946 3863 2357  810  388 7330 1122 2829 4153 3168 6335 6908
 3784 4061 4573 7180 1174 6760 3740 1470 2292 2717  483 1786]",991
934,0.42055232156530664,18,2357,2566,"[3604 5905 3216 3364 1806  830 2258 2376 2181 3210  521 1677 2868 3446
 2803 1762  946 3863 2566  810  388 7330 1122 2829 4153 3168 6335 6908
 3784 4061 4573 7180 1174 6760 3740 1470 2292 2717  483 1786]",945
935,0.4185160001265774,21,7330,7401,"[3604 5905 3216 3364 1806  830 2258 2376 2181 3210  521 1677 2868 3446
 2803 1762  946 3863 2566  810  388 7401 1122 2829 4153 3168 6335 6908
 3784 4061 4573 7180 1174 6760 3740 1470 2292 2717  483 1786]",927
936,0.4182889539890087,29,4061,4203,"[3604 5905 3216 3364 1806  830 2258 2376 2181 3210  521 1677 2868 3446
 2803 1762  946 3863 2566  810  388 7401 1122 2829 4153 3168 6335 6908
 3784 4203 4573 7180 1174 6760 3740 1470 2292 2717  483 1786]",986
937,0.41751567053391325,17,3863,3864,"[3604 5905 3216 3364 1806  830 2258 2376 2181 3210  521 1677 2868 3446
 2803 1762  946 3864 2566  810  388 7401 1122 2829 4153 3168 6335 6908
 3784 4203 4573 7180 1174 6760 3740 1470 2292 2717  483 1786]",919
938,0.4186820366887105,6,2258,2188,"[3604 5905 3216 3364 1806  830 2188 2376 2181 3210  521 1677 2868 3446
 2803 1762  946 3864 2566  810  388 7401 1122 2829 4153 3168 6335 6908
 3784 4203 4573 7180 1174 6760 3740 1470 2292 2717  483 1786]",920
939,0.4167654229097433,7,2376,2303,"[3604 5905 3216 3364 1806  830 2188 2303 2181 3210  521 1677 2868 3446
 2803 1762  946 3864 2566  810  388 7401 1122 2829 4153 3168 6335 6908
 3784 4203 4573 7180 1174 6760 3740 1470 2292 2717  483 1786]",930
940,0.4157492717515352,29,4203,2099,"[3604 5905 3216 3364 1806  830 2188 2303 2181 3210  521 1677 2868 3446
 2803 1762  946 3864 2566  810  388 7401 1122 2829 4153 3168 6335 6908
 3784 2099 4573 7180 1174 6760 3740 1470 2292 2717  483 1786]",981
941,0.4170631575667092,7,2303,2304,"[3604 5905 3216 3364 1806  830 2188 2304 2181 3210  521 1677 2868 3446
 2803 1762  946 3864 2566  810  388 7401 1122 2829 4153 3168 6335 6908
 3784 2099 4573 7180 1174 6760 3740 1470 2292 2717  483 1786]",954
942,0.41745335084120966,13,3446,3592,"[3604 5905 3216 3364 1806  830 2188 2304 2181 3210  521 1677 2868 3592
 2803 1762  946 3864 2566  810  388 7401 1122 2829 4153 3168 6335 6908
 3784 2099 4573 7180 1174 6760 3740 1470 2292 2717  483 1786]",982
943,0.4208471356836615,5,830,690,"[3604 5905 3216 3364 1806  690 2188 2304 2181 3210  521 1677 2868 3592
 2803 1762  946 3864 2566  810  388 7401 1122 2829 4153 3168 6335 6908
 3784 2099 4573 7180 1174 6760 3740 1470 2292 2717  483 1786]",1015
944,0.4216809429752071,39,1786,2142,"[3604 5905 3216 3364 1806  690 2188 2304 2181 3210  521 1677 2868 3592
 2803 1762  946 3864 2566  810  388 7401 1122 2829 4153 3168 6335 6908
 3784 2099 4573 7180 1174 6760 3740 1470 2292 2717  483 2142]",1003
945,0.4213527187917142,3,3364,3437,"[3604 5905 3216 3437 1806  690 2188 2304 2181 3210  521 1677 2868 3592
 2803 1762  946 3864 2566  810  388 7401 1122 2829 4153 3168 6335 6908
 3784 2099 4573 7180 1174 6760 3740 1470 2292 2717  483 2142]",979
946,0.4224768970672189,38,483,4133,"[3604 5905 3216 3437 1806  690 2188 2304 2181 3210  521 1677 2868 3592
 2803 1762  946 3864 2566  810  388 7401 1122 2829 4153 3168 6335 6908
 3784 2099 4573 7180 1174 6760 3740 1470 2292 2717 4133 2142]",1000
947,0.42248531676764295,26,6335,6330,"[3604 5905 3216 3437 1806  690 2188 2304 2181 3210  521 1677 2868 3592
 2803 1762  946 3864 2566  810  388 7401 1122 2829 4153 3168 6330 6908
 3784 2099 4573 7180 1174 6760 3740 1470 2292 2717 4133 2142]",952
948,0.42160610939558896,27,6908,6980,"[3604 5905 3216 3437 1806  690 2188 2304 2181 3210  521 1677 2868 3592
 2803 1762  946 3864 2566  810  388 7401 1122 2829 4153 3168 6330 6980
 3784 2099 4573 7180 1174 6760 3740 1470 2292 2717 4133 2142]",958
949,0.421676946967655,26,6330,6335,"[3604 5905 3216 3437 1806  690 2188 2304 2181 3210  521 1677 2868 3592
 2803 1762  946 3864 2566  810  388 7401 1122 2829 4153 3168 6335 6980
 3784 2099 4573 7180 1174 6760 3740 1470 2292 2717 4133 2142]",955
950,0.41990954248031503,38,4133,485,"[3604 5905 3216 3437 1806  690 2188 2304 2181 3210  521 1677 2868 3592
 2803 1762  946 3864 2566  810  388 7401 1122 2829 4153 3168 6335 6980
 3784 2099 4573 7180 1174 6760 3740 1470 2292 2717  485 2142]",1002
951,0.42234860644862,21,7401,7329,"[3604 5905 3216 3437 1806  690 2188 2304 2181 3210  521 1677 2868 3592
 2803 1762  946 3864 2566  810  388 7329 1122 2829 4153 3168 6335 6980
 3784 2099 4573 7180 1174 6760 3740 1470 2292 2717  485 2142]",975
952,0.4225871160396172,32,1174,1172,"[3604 5905 3216 3437 1806  690 2188 2304 2181 3210  521 1677 2868 3592
 2803 1762  946 3864 2566  810  388 7329 1122 2829 4153 3168 6335 6980
 3784 2099 4573 7180 1172 6760 3740 1470 2292 2717  485 2142]",1039
953,0.4234435754874555,31,7180,4061,"[3604 5905 3216 3437 1806  690 2188 2304 2181 3210  521 1677 2868 3592
 2803 1762  946 3864 2566  810  388 7329 1122 2829 4153 3168 6335 6980
 3784 2099 4573 4061 1172 6760 3740 1470 2292 2717  485 2142]",997
954,0.4243431020504664,27,6980,6908,"[3604 5905 3216 3437 1806  690 2188 2304 2181 3210  521 1677 2868 3592
 2803 1762  946 3864 2566  810  388 7329 1122 2829 4153 3168 6335 6908
 3784 2099 4573 4061 1172 6760 3740 1470 2292 2717  485 2142]",952
955,0.42207934497505567,8,2181,2252,"[3604 5905 3216 3437 1806  690 2188 2304 2252 3210  521 1677 2868 3592
 2803 1762  946 3864 2566  810  388 7329 1122 2829 4153 3168 6335 6908
 3784 2099 4573 4061 1172 6760 3740 1470 2292 2717  485 2142]",970
956,0.4225568452792632,14,2803,2945,"[3604 5905 3216 3437 1806  690 2188 2304 2252 3210  521 1677 2868 3592
 2945 1762  946 3864 2566  810  388 7329 1122 2829 4153 3168 6335 6908
 3784 2099 4573 4061 1172 6760 3740 1470 2292 2717  485 2142]",945
957,0.42402516317831723,16,946,7251,"[3604 5905 3216 3437 1806  690 2188 2304 2252 3210  521 1677 2868 3592
 2945 1762 7251 3864 2566  810  388 7329 1122 2829 4153 3168 6335 6908
 3784 2099 4573 4061 1172 6760 3740 1470 2292 2717  485 2142]",935
958,0.4247919217615048,18,2566,2711,"[3604 5905 3216 3437 1806  690 2188 2304 2252 3210  521 1677 2868 3592
 2945 1762 7251 3864 2711  810  388 7329 1122 2829 4153 3168 6335 6908
 3784 2099 4573 4061 1172 6760 3740 1470 2292 2717  485 2142]",919
959,0.42538955833803427,2,3216,3217,"[3604 5905 3217 3437 1806  690 2188 2304 2252 3210  521 1677 2868 3592
 2945 1762 7251 3864 2711  810  388 7329 1122 2829 4153 3168 6335 6908
 3784 2099 4573 4061 1172 6760 3740 1470 2292 2717  485 2142]",914
960,0.42322820932936334,19,810,1092,"[3604 5905 3217 3437 1806  690 2188 2304 2252 3210  521 1677 2868 3592
 2945 1762 7251 3864 2711 1092  388 7329 1122 2829 4153 3168 6335 6908
 3784 2099 4573 4061 1172 6760 3740 1470 2292 2717  485 2142]",935
961,0.4243595486411955,11,1677,1535,"[3604 5905 3217 3437 1806  690 2188 2304 2252 3210  521 1535 2868 3592
 2945 1762 7251 3864 2711 1092  388 7329 1122 2829 4153 3168 6335 6908
 3784 2099 4573 4061 1172 6760 3740 1470 2292 2717  485 2142]",896
962,0.42618115837421494,36,2292,2221,"[3604 5905 3217 3437 1806  690 2188 2304 2252 3210  521 1535 2868 3592
 2945 1762 7251 3864 2711 1092  388 7329 1122 2829 4153 3168 6335 6908
 3784 2099 4573 4061 1172 6760 3740 1470 2221 2717  485 2142]",906
963,0.42847799100046946,19,1092,810,"[3604 5905 3217 3437 1806  690 2188 2304 2252 3210  521 1535 2868 3592
 2945 1762 7251 3864 2711  810  388 7329 1122 2829 4153 3168 6335 6908
 3784 2099 4573 4061 1172 6760 3740 1470 2221 2717  485 2142]",920
964,0.4278755131169254,23,2829,2826,"[3604 5905 3217 3437 1806  690 2188 2304 2252 3210  521 1535 2868 3592
 2945 1762 7251 3864 2711  810  388 7329 1122 2826 4153 3168 6335 6908
 3784 2099 4573 4061 1172 6760 3740 1470 2221 2717  485 2142]",968
965,0.4277832866801997,18,2711,2567,"[3604 5905 3217 3437 1806  690 2188 2304 2252 3210  521 1535 2868 3592
 2945 1762 7251 3864 2567  810  388 7329 1122 2826 4153 3168 6335 6908
 3784 2099 4573 4061 1172 6760 3740 1470 2221 2717  485 2142]",902
966,0.42894510326232227,8,2252,2253,"[3604 5905 3217 3437 1806  690 2188 2304 2253 3210  521 1535 2868 3592
 2945 1762 7251 3864 2567  810  388 7329 1122 2826 4153 3168 6335 6908
 3784 2099 4573 4061 1172 6760 3740 1470 2221 2717  485 2142]",956
967,0.42865792545957376,31,4061,4133,"[3604 5905 3217 3437 1806  690 2188 2304 2253 3210  521 1535 2868 3592
 2945 1762 7251 3864 2567  810  388 7329 1122 2826 4153 3168 6335 6908
 3784 2099 4573 4133 1172 6760 3740 1470 2221 2717  485 2142]",983
968,0.4286072794730193,38,485,2834,"[3604 5905 3217 3437 1806  690 2188 2304 2253 3210  521 1535 2868 3592
 2945 1762 7251 3864 2567  810  388 7329 1122 2826 4153 3168 6335 6908
 3784 2099 4573 4133 1172 6760 3740 1470 2221 2717 2834 2142]",949
969,0.43001870548626825,5,690,692,"[3604 5905 3217 3437 1806  692 2188 2304 2253 3210  521 1535 2868 3592
 2945 1762 7251 3864 2567  810  388 7329 1122 2826 4153 3168 6335 6908
 3784 2099 4573 4133 1172 6760 3740 1470 2221 2717 2834 2142]",989
970,0.42959752633812776,14,2945,2874,"[3604 5905 3217 3437 1806  692 2188 2304 2253 3210  521 1535 2868 3592
 2874 1762 7251 3864 2567  810  388 7329 1122 2826 4153 3168 6335 6908
 3784 2099 4573 4133 1172 6760 3740 1470 2221 2717 2834 2142]",958
971,0.42955467810260767,20,388,771,"[3604 5905 3217 3437 1806  692 2188 2304 2253 3210  521 1535 2868 3592
 2874 1762 7251 3864 2567  810  771 7329 1122 2826 4153 3168 6335 6908
 3784 2099 4573 4133 1172 6760 3740 1470 2221 2717 2834 2142]",960
972,0.43042240768378565,14,2874,2732,"[3604 5905 3217 3437 1806  692 2188 2304 2253 3210  521 1535 2868 3592
 2732 1762 7251 3864 2567  810  771 7329 1122 2826 4153 3168 6335 6908
 3784 2099 4573 4133 1172 6760 3740 1470 2221 2717 2834 2142]",970
973,0.43131006808586236,24,4153,4013,"[3604 5905 3217 3437 1806  692 2188 2304 2253 3210  521 1535 2868 3592
 2732 1762 7251 3864 2567  810  771 7329 1122 2826 4013 3168 6335 6908
 3784 2099 4573 4133 1172 6760 3740 1470 2221 2717 2834 2142]",977
974,0.43029091453599966,30,4573,4504,"[3604 5905 3217 3437 1806  692 2188 2304 2253 3210  521 1535 2868 3592
 2732 1762 7251 3864 2567  810  771 7329 1122 2826 4013 3168 6335 6908
 3784 2099 4504 4133 1172 6760 3740 1470 2221 2717 2834 2142]",999
975,0.42840336937641876,1,5905,1231,"[3604 1231 3217 3437 1806  692 2188 2304 2253 3210  521 1535 2868 3592
 2732 1762 7251 3864 2567  810  771 7329 1122 2826 4013 3168 6335 6908
 3784 2099 4504 4133 1172 6760 3740 1470 2221 2717 2834 2142]",1000
976,0.4286404957984552,18,2567,6045,"[3604 1231 3217 3437 1806  692 2188 2304 2253 3210  521 1535 2868 3592
 2732 1762 7251 3864 6045  810  771 7329 1122 2826 4013 3168 6335 6908
 3784 2099 4504 4133 1172 6760 3740 1470 2221 2717 2834 2142]",946
977,0.4272314333926507,36,2221,2149,"[3604 1231 3217 3437 1806  692 2188 2304 2253 3210  521 1535 2868 3592
 2732 1762 7251 3864 6045  810  771 7329 1122 2826 4013 3168 6335 6908
 3784 2099 4504 4133 1172 6760 3740 1470 2149 2717 2834 2142]",947
978,0.4272732489043286,32,1172,1101,"[3604 1231 3217 3437 1806  692 2188 2304 2253 3210  521 1535 2868 3592
 2732 1762 7251 3864 6045  810  771 7329 1122 2826 4013 3168 6335 6908
 3784 2099 4504 4133 1101 6760 3740 1470 2149 2717 2834 2142]",964
979,0.42853332256987603,31,4133,2568,"[3604 1231 3217 3437 1806  692 2188 2304 2253 3210  521 1535 2868 3592
 2732 1762 7251 3864 6045  810  771 7329 1122 2826 4013 3168 6335 6908
 3784 2099 4504 2568 1101 6760 3740 1470 2149 2717 2834 2142]",973
980,0.4293946932067152,17,3864,3862,"[3604 1231 3217 3437 1806  692 2188 2304 2253 3210  521 1535 2868 3592
 2732 1762 7251 3862 6045  810  771 7329 1122 2826 4013 3168 6335 6908
 3784 2099 4504 2568 1101 6760 3740 1470 2149 2717 2834 2142]",979
981,0.42784310978654,19,810,881,"[3604 1231 3217 3437 1806  692 2188 2304 2253 3210  521 1535 2868 3592
 2732 1762 7251 3862 6045  881  771 7329 1122 2826 4013 3168 6335 6908
 3784 2099 4504 2568 1101 6760 3740 1470 2149 2717 2834 2142]",984
982,0.42807647821954375,17,3862,3865,"[3604 1231 3217 3437 1806  692 2188 2304 2253 3210  521 1535 2868 3592
 2732 1762 7251 3865 6045  881  771 7329 1122 2826 4013 3168 6335 6908
 3784 2099 4504 2568 1101 6760 3740 1470 2149 2717 2834 2142]",983
983,0.4278625762872068,27,6908,4205,"[3604 1231 3217 3437 1806  692 2188 2304 2253 3210  521 1535 2868 3592
 2732 1762 7251 3865 6045  881  771 7329 1122 2826 4013 3168 6335 4205
 3784 2099 4504 2568 1101 6760 3740 1470 2149 2717 2834 2142]",1003
984,0.4278151226732152,34,3740,3883,"[3604 1231 3217 3437 1806  692 2188 2304 2253 3210  521 1535 2868 3592
 2732 1762 7251 3865 6045  881  771 7329 1122 2826 4013 3168 6335 4205
 3784 2099 4504 2568 1101 6760 3883 1470 2149 2717 2834 2142]",948
985,0.4274127491693791,15,1762,1693,"[3604 1231 3217 3437 1806  692 2188 2304 2253 3210  521 1535 2868 3592
 2732 1693 7251 3865 6045  881  771 7329 1122 2826 4013 3168 6335 4205
 3784 2099 4504 2568 1101 6760 3883 1470 2149 2717 2834 2142]",936
986,0.42843848146904534,24,4013,6981,"[3604 1231 3217 3437 1806  692 2188 2304 2253 3210  521 1535 2868 3592
 2732 1693 7251 3865 6045  881  771 7329 1122 2826 6981 3168 6335 4205
 3784 2099 4504 2568 1101 6760 3883 1470 2149 2717 2834 2142]",941
987,0.4285436799858997,30,4504,4436,"[3604 1231 3217 3437 1806  692 2188 2304 2253 3210  521 1535 2868 3592
 2732 1693 7251 3865 6045  881  771 7329 1122 2826 6981 3168 6335 4205
 3784 2099 4436 2568 1101 6760 3883 1470 2149 2717 2834 2142]",969
988,0.42811487594868425,25,3168,3096,"[3604 1231 3217 3437 1806  692 2188 2304 2253 3210  521 1535 2868 3592
 2732 1693 7251 3865 6045  881  771 7329 1122 2826 6981 3096 6335 4205
 3784 2099 4436 2568 1101 6760 3883 1470 2149 2717 2834 2142]",975
989,0.42735301480813215,35,1470,1545,"[3604 1231 3217 3437 1806  692 2188 2304 2253 3210  521 1535 2868 3592
 2732 1693 7251 3865 6045  881  771 7329 1122 2826 6981 3096 6335 4205
 3784 2099 4436 2568 1101 6760 3883 1545 2149 2717 2834 2142]",950
990,0.42530242111286076,22,1122,1121,"[3604 1231 3217 3437 1806  692 2188 2304 2253 3210  521 1535 2868 3592
 2732 1693 7251 3865 6045  881  771 7329 1121 2826 6981 3096 6335 4205
 3784 2099 4436 2568 1101 6760 3883 1545 2149 2717 2834 2142]",925
991,0.4276628286298123,12,2868,2939,"[3604 1231 3217 3437 1806  692 2188 2304 2253 3210  521 1535 2939 3592
 2732 1693 7251 3865 6045  881  771 7329 1121 2826 6981 3096 6335 4205
 3784 2099 4436 2568 1101 6760 3883 1545 2149 2717 2834 2142]",936
992,0.4270097423255282,34,3883,3954,"[3604 1231 3217 3437 1806  692 2188 2304 2253 3210  521 1535 2939 3592
 2732 1693 7251 3865 6045  881  771 7329 1121 2826 6981 3096 6335 4205
 3784 2099 4436 2568 1101 6760 3954 1545 2149 2717 2834 2142]",958
993,0.42681680725275056,35,1545,1544,"[3604 1231 3217 3437 1806  692 2188 2304 2253 3210  521 1535 2939 3592
 2732 1693 7251 3865 6045  881  771 7329 1121 2826 6981 3096 6335 4205
 3784 2099 4436 2568 1101 6760 3954 1544 2149 2717 2834 2142]",942
994,0.42769029859965246,24,6981,7051,"[3604 1231 3217 3437 1806  692 2188 2304 2253 3210  521 1535 2939 3592
 2732 1693 7251 3865 6045  881  771 7329 1121 2826 7051 3096 6335 4205
 3784 2099 4436 2568 1101 6760 3954 1544 2149 2717 2834 2142]",949
995,0.42660451781499065,5,692,690,"[3604 1231 3217 3437 1806  690 2188 2304 2253 3210  521 1535 2939 3592
 2732 1693 7251 3865 6045  881  771 7329 1121 2826 7051 3096 6335 4205
 3784 2099 4436 2568 1101 6760 3954 1544 2149 2717 2834 2142]",974
996,0.4233315203549525,11,1535,1536,"[3604 1231 3217 3437 1806  690 2188 2304 2253 3210  521 1536 2939 3592
 2732 1693 7251 3865 6045  881  771 7329 1121 2826 7051 3096 6335 4205
 3784 2099 4436 2568 1101 6760 3954 1544 2149 2717 2834 2142]",963
997,0.4227280077761708,31,2568,2638,"[3604 1231 3217 3437 1806  690 2188 2304 2253 3210  521 1536 2939 3592
 2732 1693 7251 3865 6045  881  771 7329 1121 2826 7051 3096 6335 4205
 3784 2099 4436 2638 1101 6760 3954 1544 2149 2717 2834 2142]",910
998,0.42403724278226207,15,1693,4501,"[3604 1231 3217 3437 1806  690 2188 2304 2253 3210  521 1536 2939 3592
 2732 4501 7251 3865 6045  881  771 7329 1121 2826 7051 3096 6335 4205
 3784 2099 4436 2638 1101 6760 3954 1544 2149 2717 2834 2142]",914
999,0.42317437375879,15,4501,4359,"[3604 1231 3217 3437 1806  690 2188 2304 2253 3210  521 1536 2939 3592
 2732 4359 7251 3865 6045  881  771 7329 1121 2826 7051 3096 6335 4205
 3784 2099 4436 2638 1101 6760 3954 1544 2149 2717 2834 2142]",914
1000,0.4234286566326289,25,3096,3168,"[3604 1231 3217 3437 1806  690 2188 2304 2253 3210  521 1536 2939 3592
 2732 4359 7251 3865 6045  881  771 7329 1121 2826 7051 3168 6335 4205
 3784 2099 4436 2638 1101 6760 3954 1544 2149 2717 2834 2142]",938
