grid_id,in_time_response_rate,nearest_station_travel_time,"Accommodation, eating and drinking",Attractions,Commercial services,Education and health,Manufacturing and production,Public infrastructure,Retail,Sport and entertainment,Transport,building_count,total_rent,below_14,above_65,IMD,node_count,connectivity,road_length,neighbour_frequency_per_month,station_count,Agriculture - mainly crops,Agriculture - mixed use,Business parks,Coniferous and undifferentiated woodland,Deciduous woodland,Farms,Glasshouses,High density residential with retail and commercial sites,Industrial areas,Inland Water,Large complex buildings various use (travel/recreation/ retail),Low density residential with amenities (suburbs and small villages / hamlets),Medium density residential with high streets and amenities,Mining and spoil areas,Open or heath and moor land,Orchards,Principle Transport,Recreational land,Retail parks,Urban centres - mainly commercial/retail with residential pockets,Wetlands
0_51,0,458,0,0,0,0,0,0,0,0,0,0,2.75653778,4.295945441,9.6097935,7.712966199,0,1,353.2873128,0.177777778,5,97.35999998,0,0,0,0,0,0,0,0,1.08,0,1.560000017,0,0,0,0,1.34E-09,0,0,0,0
0_52,0,436.1,0,0,0,1,0,1,0,1,0,81,5.180922862,13.80676449,39.55158885,7.553945128,7,1.571428571,1328.092389,0.194444444,5,59.35999998,0,0,0,1.600000003,0,0,0,0,0,0,29.52000002,3.960000003,0,0,0,5.559999998,0,0,0,0
0_53,0,408.25,0,1,0,1,1,1,0,0,7,47,5.540563256,19.35458475,42.6069564,7.48299683,1,3,768.9839715,0.188888889,5,56.88000003,0,0,0,0.399999999,0.119999999,0,0,0,2.12,0,40.47999998,0,0,0,0,0,0,0,0,0
100_10,0.244274809,288.519084,0,2,1,2,0,4,0,2,2,19,170.7210621,162.762178,53.08406845,34.37633049,11,1.545454545,734.3047188,5.922222222,4,15.44000005,0,0,0,37.56000001,0,0,0,0,0,0,5.199999972,1.79E-09,0,0,0,9.840000007,31.95999995,0,0,0
100_11,0.533980583,160.5145631,0,1,3,0,0,1,0,1,7,280,78.99912444,268.1497144,95.12630908,37.46006307,20,1.8,2987.218972,3.855555556,4,21.31999996,0,0,0,10.27999999,0,0,3.679999999,0,0.4,0,17.16000006,31.92000001,0,0,0,6.919999994,8.32,0,0,0
100_12,0.473684211,190.0526316,0,0,4,1,0,1,0,1,0,363,96.60664599,338.932015,78.4889824,31.70105395,39,1.358974359,3132.172889,3.316666667,4,1.679999996,0,0,0,2.880000002,0,0,4.640000032,0,0,0,75.95999996,2.520000013,0,0,0,0,12.32,0,0,0
100_13,0.676923077,134.6,3,0,8,2,2,7,3,0,5,765,154.2850289,390.0694133,163.8215777,20.56428788,73,1.534246575,6076.937244,2.922222222,4,1.44,0,0,0,0.08,0,0,47.59999996,0,0,0,8.839999975,35.68000006,0,0,0,6.36,0,0,0,0
100_14,0.789473684,159.877193,1,0,4,5,0,4,4,1,4,824,155.3711355,338.1789483,284.238915,15.18619344,95,1.463157895,7210.593013,3.216666667,4,0,0,0,0,6,0,0,6.360000012,0,0,0,14.72,69.99999999,0,0,0,0.32,2.6,0,0,0
100_15,0.639344262,215.0819672,3,1,11,4,0,4,0,1,4,623,153.7465138,295.1065768,243.4941335,17.10216771,53,1.641509434,5039.741203,2.972222222,4,1.24,0,0,0,0,0,0,1.319999988,0.719999999,0,0,40.00000006,38.75999996,0,0,0,7.359999995,10.6,0,0,0
100_16,0.403846154,260.3076923,6,0,21,7,2,7,8,1,8,891,163.7798617,404.3662849,274.3329331,18.98301883,111,1.423423423,6899.918849,3,4,2.52,0,0,0,1.12,0,0,1.760000024,0,0,0,19.35999995,75.24000002,0,0,0,0,0,0,0,0
100_17,0.380952381,314.5952381,3,1,8,4,2,2,1,1,4,476,86.69003933,292.524076,223.8250647,21.32158432,57,1.561403509,4756.826813,3.805555556,4,7.45E-10,0,0,0,0,0,0,3.879999974,0,0,24.51999999,50.52000005,21.07999999,0,0,0,0,0,0,0,0
100_18,0.192307692,371.7051282,0,0,1,0,0,1,0,0,1,450,103.5034865,182.5076553,271.3218898,23.92474858,48,1.208333333,3457.370378,5.844444444,4,23.72000005,0,0,0,4.000000008,1.799999992,0,0,0,0,3.040000025,39.11999993,27.88,0,0,0,0,0.439999995,0,0,0
100_19,0.415584416,283.7012987,0,2,1,2,0,5,0,0,5,401,206.0490766,253.4977974,119.2229785,41.27233706,35,1.428571429,3363.869551,8.483333333,4,15.55999997,0,0,0,0,0,0,5.200000023,0,0,19.87999997,46.96000005,12.39999999,0,0,0,0,0,0,0,0
100_20,0.3514377,332.3067093,0,3,0,3,0,7,0,0,9,361,442.6557912,503.8990478,115.2391471,65.18761232,44,1.613636364,3942.653451,10.25,4,21.59999998,0,0,0,0,0,0,26.04000003,0,0,0,50.11999996,0.720000024,0,0,0,0,1.52,0,0,0
100_21,0.242924528,356.5754717,0,0,3,0,0,3,1,0,11,421,273.9378644,406.1573878,93.48281055,55.60277871,45,1.6,4060.727212,8.194444444,4,12.04000001,0,0,0,4.240000058,0,0,37.15999997,0,0.400000004,0,20.36,25.79999996,0,0,0,0,0,0,0,0
100_22,0.356060606,309.6363636,0,0,1,1,0,0,0,0,1,50,151.5470789,121.97275,71.67067218,39.16800126,4,2,1059.964046,6.694444444,4,38.12000003,0,0,0,32.11999999,0,0,0,0,12.84,0,4.519999967,12.40000001,0,0,0,0,0,0,0,0
100_23,0.367088608,384.3797468,1,0,3,0,1,6,3,0,8,128,59.51669135,83.38146296,38.5834166,32.6684709,14,1.642857143,2193.417038,2.688888889,4,31.59999999,0,0,0,28.36000001,0,0,0,0,0.520000002,0,30.44000001,0.559999987,0,0,0,8.520000008,0,0,0,0
100_24,0.333333333,390.1333333,0,0,2,0,2,11,0,0,1,16,87.4722047,58.63570608,23.4796552,26.94334736,8,1.25,1428.268952,1.427777778,4,52.24000001,0,0,0,24.91999996,0,0,0,1.04,2.640000002,0,8.160000028,0,0,10.64,0,0.359999992,0,0,0,0
100_25,0,429.6666667,1,0,5,0,2,5,1,0,3,228,45.58585624,61.25364431,43.54340787,14.63413285,24,1.416666667,1866.449144,0.405555556,4,28.32000005,0,0,0,20.4,0,0,0,0,4.839999999,0,44.75999995,1.679999999,0,0,0,0,0,0,0,0
100_6,0,420,0,0,4,1,3,1,1,2,1,10,3.099658346,3.614905085,2.427998593,12.89718373,5,2,498.0998714,0.622222222,4,4.400000012,0,2.759999985,0,7.320000004,0,0,0,22.79999995,0,0,3.080000002,0,0,0,0,59.64000005,0,0,0,0
100_7,0.1,358.92,1,0,6,0,1,3,3,0,6,174,84.77004837,68.67899857,62.00859526,24.4031385,37,1.648648649,4162.067323,3.266666667,4,28.75999998,0,0,0,2.799999992,0,0,11.72000005,8.519999996,0,0,15.80000003,5.920000002,0,0,0,24.35999993,0,2.120000019,0,0
100_8,0.143497758,325.9775785,1,0,14,2,0,6,4,0,10,595,260.2675424,245.1154883,258.5142402,43.85437944,73,1.424657534,5499.880157,5.438888889,4,0.56,0,0,0,0.360000001,0,0,23.48,0,0,0,36.67999998,37.64000003,0,0,0,0,0.52,0.759999982,0,0
100_9,0.136666667,346.1866667,0,0,3,3,0,6,1,1,5,517,415.1460799,399.8055297,164.4354517,54.63887278,45,1.377777778,3910.964277,6.355555556,4,0,0,0,0,0.880000001,0,0,9.999999959,0,0,0,36.08000003,48.59999997,0,0,0,0,4.440000038,0,0,0
101_10,0.287671233,271.6849315,0,0,4,1,0,10,0,0,6,447,219.5435462,399.5114868,219.9690055,35.65556205,40,1.35,3562.515049,5.8,4,9.680000013,0,0,0,5.839999999,0,0,10.15999996,0,0,3.280000027,26.48,35.63999999,0,0,0,8.88,0.04,0,0,0
101_11,0.511111111,195.5333333,0,1,1,2,0,4,0,0,4,219,125.0002985,87.64631428,138.8565224,33.58261827,12,1.5,1653.002123,3.572222222,4,1.959999984,0,0,0,7.439999999,0,0,0,0,0,23.47999998,1.319999994,29.51999996,0,0,0,0.600000006,35.68000008,0,0,0
101_12,0.552631579,99.28947368,0,0,3,0,0,7,1,5,1,66,13.30249819,124.4346637,53.16475347,32.37285444,6,2,1211.011695,2.838888889,4,2.800000014,0,0,0,10.44,0,0,0,0,0,0,14.52000001,1.840000003,0,0,0,7.08,63.31999997,0,0,0
101_13,0.738461538,85.06153846,1,0,10,3,2,7,2,1,6,511,83.95421338,224.9853122,174.3171077,19.63438378,64,1.578125,5332.469285,3.411111111,4,4.719999983,0,0,0,6.2,0,0,0,0,0,0,30.72000002,40.16000004,0,0,0,10.15999999,8.039999957,0,0,0
101_14,0.737704918,107.5081967,6,0,18,6,0,8,4,1,8,790,130.6327987,334.4694571,248.1303206,15.80425789,91,1.384615385,6253.440776,4.738888889,4,0.44,0,0,0,0,0,0,0,0,0,0,35.11999999,63.6,0,0,0,0,0.840000009,0,0,0
101_15,0.715909091,162.9772727,0,0,14,4,0,5,1,1,7,807,139.9443574,397.8044187,265.6967665,18.14812648,75,1.586666667,6546.833201,4.138888889,4,0,0,0,0,0,0,0,0,0,0,0,23.31999997,71.72000003,0,0,0,3.720000008,1.239999991,0,0,0
101_16,0.673913043,204.4347826,2,0,9,3,0,6,5,2,3,727,161.7471227,361.157179,224.0556135,18.5090057,73,1.630136986,6381.511403,3.733333333,4,8.68000004,0,0,0,1.2,0,0,0,0,0,0,6.200000017,80.55999995,0,0,0,3.359999994,0,0,0,0
101_17,0.149425287,278.1149425,0,1,2,1,0,3,0,1,3,204,96.01803813,115.4255452,131.2904151,23.16462724,29,1.655172414,2392.777447,4.088888889,4,13.92,0,0,0,8.760000034,0,0,0.440000016,0,0,0,9.319999997,23.27999994,0,0,0,0,44.28000002,0,0,0
101_18,0.200913242,320.9908676,0,0,1,1,0,7,0,0,9,444,253.2215568,349.8179799,319.4696864,52.69630915,48,1.395833333,3943.724756,5.683333333,4,5.199999961,0,0,0,2.919999962,0,0,10.43999999,0,0,0,50.08000006,30.64000004,0,0,0,0,0.719999994,0,0,0
101_19,0.240282686,335.540636,1,1,10,3,1,5,5,0,5,494,307.7745002,503.1289372,174.1758795,50.07404821,52,1.346153846,4367.429269,7.777777778,4,3.04,0,0,0,0,0,0,10.36,0,0,0,28.87999995,52.03999996,0,0,0,0,5.680000091,0,0,0
101_20,0.129166667,394.075,1,0,7,8,5,9,1,4,7,273,380.927794,433.0024665,143.1490694,52.79694444,33,1.393939394,2631.771758,9.822222222,4,0.760000002,0,0,0,2.599999999,0,0,29.52000006,7.479999998,0,22.88,3.079999976,11.76000009,0,0,0,0,21.91999988,0,0,0
101_21,0.104377104,411.8922559,0,0,7,2,8,8,0,1,1,424,208.0492804,332.1072914,99.62620371,46.79666717,43,1.488372093,4207.177793,7.433333333,4,0.320000017,0,0,0,2.840000026,0,0,38.23999997,31.76000008,0,0,0.520000005,25.95999991,0,0,0,0,0.359999998,0,0,0
101_22,0.253731343,356.3134328,0,0,3,0,7,4,0,0,3,30,43.42765046,69.45774483,21.83316206,35.464,7,1.857142857,1277.634209,5.722222222,4,15.12000002,0.04,0,0,44.08000003,0,0,0,28.67999994,0.96,0,6.639999996,0,0,0,0,4.480000012,0,0,0,0
101_23,0.111111111,396.3333333,0,0,1,0,0,6,0,0,4,34,42.61999216,38.74855439,43.63012731,35.18030632,13,1.384615385,978.7719192,1.866666667,4,61.63999996,0,0,0,13.51999995,0,0,0,0,2.959999997,0,17.60000011,0,0,0,0,4.279999988,0,0,0,0
101_24,0.095238095,372,1,0,2,1,0,5,0,0,3,92,38.57858121,39.58246133,39.2975218,23.58802564,21,1.333333333,2468.354421,0.688888889,4,14.52,0.68,0,0,27.76000004,0,0,0,7.52,4.10E-19,0,40.7199999,0,0,8.800000063,0,0,0,0,0,0
101_25,0.25,445.75,0,0,0,0,2,7,0,0,1,9,6.503085146,5.607566086,4.653293955,10.22242868,0,1,517.6409763,0.216666667,4,40.16000009,0,0,0,26.95999999,1.12,0,0,0,4.120000001,0,5.159999985,0,0.48,21.99999994,0,0,0,0,0,0
101_6,0,396.2,1,0,2,0,3,5,1,0,5,11,20.81278121,8.645310912,6.51673319,14.26361504,4,2.25,1105.497745,0.438888889,4,54.35999999,0,0,0,22.11999998,0,0,0,9.080000009,0.76,0,1.400000006,0,0,0.239999999,0,7.360000007,4.12,0.560000011,0,0
101_7,0,389.7391304,3,0,5,0,1,4,14,0,3,35,89.13771421,27.26176493,50.8752378,20.2194442,11,1.818181818,2555.431579,3.116666667,4,28.71999994,0,0,0,24.40000002,3.8,0,1.080000002,1.399999989,0.04,0,13.44,0,0,0,1.280000013,16.32,0,9.520000032,0,0
101_8,0.081218274,379.3502538,0,1,8,1,2,8,5,0,7,328,252.0526761,183.7522522,97.28335231,45.3130463,19,1.684210526,2182.244944,5.516666667,4,2.64,0,0,0,22.07999999,0,0,1.759999995,12.08,0,0,14.28,37.72000007,0,0,1.719999989,2.319999992,0,5.39999996,0,0
101_9,0.068783069,348.2010582,1,1,9,8,0,11,8,2,11,514,335.8279564,339.6468206,224.150419,51.31260841,44,1.318181818,3954.452527,7.316666667,4,0,0,0,0,0.319999999,0,0,6.080000039,0,0,0,14.95999998,76.15999998,0,0,0,0,0,2.48,0,0
102_10,0.424778761,253.5663717,1,0,9,4,0,5,3,2,2,622,216.2734287,336.9482109,257.693301,29.52755869,41,1.463414634,3620.599805,4.316666667,4,0,0,0,0,2.16,0,0,0.12,0,0,0.560000008,5.119999997,88.80000001,0,0,0,3.239999985,0,0,0,0
102_11,0.611111111,242.25,0,0,5,0,0,4,0,1,6,562,98.96329656,180.1293878,342.7966094,16.09590472,51,1.31372549,4191.73124,3.238888889,4,0,0,0,0,0.28,0,0,0,0,0,10.03999999,44.92,36,0,0,0,0,8.760000011,0,0,0
102_12,0.631578947,157.1052632,1,0,8,3,0,7,2,1,8,551,63.03115814,169.721263,256.2037597,8.807319779,55,1.381818182,4575.402396,2.544444444,4,8.60E-18,0,0,0,2.319999999,0,0,0,0,0,0,44.28000005,41.43999997,0,0,0,4.720000009,7.239999979,0,0,0
102_13,0.768595041,86.79338843,0,1,5,1,0,4,1,0,3,594,111.478082,130.0035604,269.3630192,17.33468494,32,1.28125,2640.880426,2.861111111,4,4.080000001,0,0,0,16.68000002,0,0,0,0,7.760000002,0,51.71999999,5.279999996,0,0,0,0.399999991,14.08,0,0,0
102_14,0.780612245,140.1989796,0,0,1,3,0,2,0,0,5,263,271.4101542,282.7400775,188.8750567,46.25885686,16,1.4375,2211.72953,3.816666667,4,1.24,0,0,0,5.039999988,0,0,0,0,0,0,58.39999996,14.92000002,0,0,0,0,20.40000003,0,0,0
102_15,0.7,185.79,1,1,10,4,0,8,3,1,6,550,148.4804627,289.784292,178.4222455,26.88198712,68,1.411764706,4890.066577,4.416666667,4,2.04,0,0,0,1.320000001,0.720000002,0,5.24,0,0.48,17.6,14.43999997,48.88000002,0,0,0,0,9.280000006,0,0,0
102_16,0.527777778,211.8888889,0,2,7,2,1,3,1,1,4,533,134.8296544,260.8676941,152.6826269,20.7370395,59,1.508474576,4462.279657,6.194444444,4,2.800000035,0,0,0,0,0.039999998,0,0,0,0,0,20.92000002,45.19999995,0,0,0,6.640000006,24.39999999,0,0,0
102_17,0.242857143,296.0714286,1,1,5,2,0,0,1,0,1,372,123.3403447,117.8928421,149.1612196,18.36732405,43,1.395348837,2857.923131,6.8,4,7.399999955,0,0,0,12.88,0,0,0,0,0,0,20.40000004,25.36,0,0,0,1.039999994,32.92000001,0,0,0
102_18,0.127388535,344.2484076,0,0,8,1,4,6,4,0,6,334,298.8696053,306.4611163,170.4371092,51.18117257,19,1.473684211,2430.068707,7.222222222,4,12.40000004,0,0,0,3.759999984,0,0,9.519999999,14.68,0,0,28.59999993,18.92000007,0,0,0,0,12.11999997,0,0,0
102_19,0.125,391.8947368,0,2,1,1,0,1,0,0,0,312,312.0110248,197.2615352,130.7299131,44.75957086,17,1.529411765,2107.290591,6.905555556,4,20.35999996,0,0,0,0,0,0,0,0,0,20.24000004,9.120000001,41.39999997,0,0,0,0,8.880000031,0,0,0
102_20,0.091954023,457.6666667,4,0,18,3,0,8,8,0,4,611,193.7865467,238.3733091,221.1978399,24.63096252,66,1.606060606,5336.151305,6.916666667,4,0.6,0,0,0,0,0,0,27.9600001,0,0,13.07999995,13.84000001,32.15999995,0,0,0,0,12.35999999,0,0,0
102_21,0.051724138,436.5862069,0,0,14,2,5,6,7,0,5,478,68.26843759,141.8513243,162.3849004,27.80150856,54,1.481481481,4203.719687,4.816666667,4,10.72,0,0,0,4.400000015,2,0,37.15999996,9.560000035,0,0,27.47999998,6.840000002,0,0,0,0.560000016,1.279999996,0,0,0
102_22,0.117647059,457.7647059,0,1,2,0,2,3,1,0,3,25,43.42765046,42.51304174,24.08247503,35.464,13,1.846153846,1555.105869,2.75,4,48.40000008,7.480000001,0,0,14.51999999,0.800000015,0,10.51999995,7.759999977,1.8,0,0.279999998,0,0,0,0,8.439999985,0,0,0,0
102_23,0,455.2,0,0,1,0,0,1,0,0,2,37,20.53808289,19.83464186,20.06894919,27.42393457,2,2.5,1245.725049,0.777777778,4,79,0,0,0,3.359999998,3.039999986,0,0,0,0,0,14.60000001,0,0,0,0,0,0,0,0,0
102_7,0,348,0,1,0,0,0,0,0,0,0,13,3.201962235,1.566838601,2.761884991,7.148,4,1.5,843.3440318,1.727777778,4,69.31999997,0,0,0,18.32000002,3.92,0,0,0,0.88,0,6.319999999,0,0,0,1.240000014,0,0,0,0,0
102_8,0.0625,372.475,0,0,0,1,0,0,0,1,2,120,172.4787693,90.79772682,20.68324302,38.1961118,8,1.5,1367.327235,3.305555556,4,17.27999997,0,0,0,59.63999998,0,0,0,0.08,0,0,2.600000014,9.400000052,0,0,3.559999984,7.44,0,0,0,0
102_9,0.125984252,318.9133858,3,0,11,0,0,8,4,0,10,693,278.6924038,342.7745467,135.6224778,50.5441933,45,1.422222222,3945.417562,4.966666667,4,1.4,0,0,0,4.199999993,0,0,1.720000003,0,0,0,48.16000001,39.07999998,0,0,0,5.440000015,0,0,0,0
103_10,0.234234234,277.2072072,0,0,9,0,8,10,2,1,7,516,80.81795463,150.7889205,148.8107952,30.83400871,38,1.315789474,3692.314795,2.816666667,4,0.719999999,0,0,0,7.719999985,0,0,35.43999997,14.72000001,0,0,27.76000004,9.880000013,0,0,0,0,3.759999978,0,0,0
103_11,0.549295775,229.2535211,0,0,4,0,0,5,1,1,6,666,111.5037015,250.3289503,268.0813333,19.77707589,61,1.213114754,4135.452043,2.438888889,4,0,0,0,0,8.36,0,0,0,1.759999995,0,0,35.11999996,53.44000004,0,0,0,0,1.320000009,0,0,0
103_12,0.5,190.725,5,0,14,7,1,6,2,0,5,430,90.39775364,150.480228,258.9317515,14.24861996,50,1.42,3827.119132,2.116666667,4,4.320000023,0,11.76000004,0,0,3.49E-09,0,0,0,0,0,2.520000027,68.27999992,0,0,0,6.4,6.719999991,0,0,0
103_13,0.666666667,187.4285714,0,0,5,3,0,6,1,0,4,371,198.5876297,155.3311958,207.5839046,28.25777807,30,1.266666667,2549.071654,2.694444444,4,5.919999976,0,1.999999969,0,24.36000002,1.319999997,0,0,0,2.559999998,0,22.47999998,40.40000006,0,0,0,0,0.959999998,0,0,0
103_14,0.537037037,229.1481481,0,0,3,2,0,6,0,1,6,244,94.65531287,100.5406121,121.7641352,19.23199907,21,1.380952381,1892.221946,3.683333333,4,3.800000019,0,0,0,8.519999988,0,0,0,0,0,0,15.39999999,20.11999995,0,0,0,0,52.16000005,0,0,0
103_15,0.428571429,253.1428571,0,0,3,1,0,3,1,0,9,367,79.81120748,135.7567304,131.5169835,15.4920285,30,1.333333333,2775.076453,5.994444444,4,8.599999985,0,0,0,13.31999999,0,0,0,0.640000026,0,10.16,0,58.52000005,0,0,0,0,8.759999957,0,0,0
103_16,0.301801802,293.2927928,0,1,13,1,37,4,2,2,3,205,136.3827419,135.0559826,105.0472515,20.74069754,28,1.535714286,2768.692237,8.338888889,4,1.360000009,0,0,0,18.92000001,0,0,0,37.43999998,0,10.32000006,1.48,22.51999998,0,0,0,0,7.95999996,0,0,0
103_17,0.202312139,287.4132948,2,1,6,3,1,8,6,0,9,239,105.1830609,131.7453087,118.0456433,19.38372897,44,1.522727273,3591.596008,7.811111111,4,2.999999991,0,0,0,15.08000002,0,0,14.60000003,0.079999997,0,23.47999996,23.00000001,9.799999985,0,0,0,9.480000005,1.480000003,0,0,0
103_18,0.16,323.6666667,0,0,8,2,0,5,2,2,5,409,191.3142854,225.2312692,194.0284273,20.86599707,30,1.4,2820.935672,7.455555556,4,3.200000008,0,0,0,6.479999967,0,0,5.759999974,0,0,0,23.67999998,55.68000009,0,0,0,0.83999999,4.359999995,0,0,0
103_19,0.088235294,370.3970588,0,0,3,1,0,4,0,0,3,646,212.0761299,248.0822206,260.0998541,20.53666702,40,1.275,3559.287064,4.033333333,4,0.319999993,0,0,0,0,0,0,0,0,0,0,0,98.24000001,0,0,0,0,1.439999997,0,0,0
103_20,0.026315789,405.0175439,1,0,3,4,0,12,1,0,6,446,139.3796986,185.2164338,209.5316289,17.83074349,42,1.380952381,3757.071527,2.583333333,4,3.280000006,0,0,0,0,3.12,0,0,0,0,14.60000008,11.04000004,67.95999988,0,0,0,0,0,0,0,0
103_21,0,465.7878788,0,0,0,2,0,4,0,0,2,75,39.74209836,44.15082612,36.6997812,25.52085612,8,1.125,1263.288018,1.75,4,34.5600001,0,0,0,9.240000022,0,0,0,0,1.439999997,27.31999992,18.43999997,0,0,0,0,9,0,0,0,0
103_22,0,502.5,0,1,1,0,0,2,0,1,3,22,27.18498474,28.72632781,16.51005915,29.75868928,9,1.777777778,2138.611234,0.672222222,4,81.76000002,0,0,0,4.07999998,0,0,0,0,0,0,14.16,0,0,0,0,0,0,0,0,0
103_23,0,532.2,0,0,0,0,0,3,0,0,0,0,1.656127605,6.850907347,4.848004414,20.79156131,0,1,130.6687643,0.205555556,4,100,0,0,0,0,0,0,0,0,0,0,0,0,0,0,0,0,0,0,0,0
103_8,0.333333333,359.6666667,0,0,0,0,0,0,0,0,0,22,26.25927976,25.0484087,7.251531219,11.38281752,4,2.5,657.6838674,1.533333333,4,77.15999996,0,0,0,10.16000001,0,0,0,0,1.640000002,0,6.68000002,0,0,0,0,4.360000007,0,0,0,0
103_9,0.173076923,367.7692308,0,1,0,0,0,1,0,0,1,167,94.13734243,110.2162484,63.22905603,32.32602366,18,1.722222222,1725.018812,2.766666667,4,1.679999987,0,0,0,33.76000001,0,0,10.00000002,0,0,0,11.83999997,7.519999997,0,0,0,13.03999999,22.16000002,0,0,0
104_10,0.244444444,334.0666667,0,0,30,1,33,8,9,0,2,53,59.65856318,33.66855843,27.05049476,27.10501883,15,1.8,1738.349636,1.744444444,4,8.159999983,0.079999997,6.000000013,0,20.91999997,0,0,2.679999994,56.44000005,0,0,0,0,0,0.479999999,0,5.239999995,0,0,0,0
104_11,0.404255319,234.2765957,3,0,20,2,14,12,14,0,12,87,48.69371622,62.1172509,49.65150734,19.42438772,25,1.68,2642.756898,1.783333333,4,0,0,2.960000004,0,4.079999999,0,0,0.04,63.51999996,0,0,0.559999998,13.36000003,0,0,0,5.640000006,1.920000001,7.920000001,0,0
104_12,0.678571429,242.2142857,0,0,17,6,5,6,4,0,4,317,38.55958689,135.7342123,142.141147,8.108499334,38,1.368421053,3202.960708,1.372222222,4,0,0,40.87999998,0,1.96,0,0,14.44000003,0.159999995,0,0,0,39.84000001,0,0,0,2.719999993,0,0,0,0
104_13,0.588235294,234.4705882,1,1,7,1,1,5,2,1,5,524,109.1182613,233.8124478,190.4819689,10.8469729,59,1.186440678,4262.9995,1.055555556,4,0.800000008,0,0,0,8.120000034,0,0,4.679999975,0,0,0,0,84.39999998,0,0,0,2.000000007,0,0,0,0
104_14,0.6,269,0,0,1,2,0,4,0,0,3,84,33.24430928,50.05711223,89.20407188,14.47357298,16,1.4375,1975.427028,1.094444444,4,37.92000003,0,0,0,30.27999998,1.560000022,0,0,0,0.840000004,0,1,20.39999997,0,0,0,7.999999995,0,0,0,0
104_15,0.380952381,303.3809524,0,0,3,1,0,4,2,0,2,321,60.38991987,103.9731744,96.91909176,14.09041481,17,1.235294118,1478.791746,3.977777778,4,43.51999997,0,0,0,7.799999993,2.599999978,0,0,0,0,0,0.240000012,34.04000003,0,0,0,0,6.600000014,5.199999999,0,0
104_16,0.131578947,422.7039474,0,0,2,2,1,3,0,0,6,190,125.3805226,123.4742805,112.1693639,21.23560035,11,1.727272727,2014.334384,7.077777778,4,17.76,0,0,0,12.83999999,0,0,0,0,0,31.36000008,6.999999989,18.15999995,0,0,0,0,12.87999999,0,0,0
104_17,0.131944444,390.4722222,2,1,5,11,1,8,5,1,15,289,87.12550703,154.3894018,185.2105916,20.59709512,45,1.466666667,4101.895273,7.033333333,4,0,0,0,0,0.92,0,0,19.08000006,0,0,40.71999993,15.99999999,23.28000002,0,0,0,0,0,0,0,0
104_18,0.121621622,347.2162162,2,0,9,1,0,11,3,0,16,567,235.2336976,267.7383946,288.2818282,20.25754089,41,1.365853659,3754.063587,6.505555556,4,2.160000018,0,0,0,4.64E-09,0,0,17.39999996,0,0,0,0,72.28000001,0,0,0,7.080000008,0,1.080000007,0,0
104_19,0.139534884,363.6046512,1,0,6,2,1,6,2,1,6,354,63.9298245,106.4085226,102.0579089,12.48994525,33,1.666666667,3240.106329,2.477777778,4,17.48000002,0,0,0,8.88,0,0,4.919999966,8.80000003,0,0,0,51.56,0,0,0,5.199999994,0,3.159999993,0,0
104_20,0.041666667,438.75,0,0,3,0,1,4,1,0,1,54,20.93682702,64.28534066,113.3839962,11.30578613,7,2,951.7069885,1.672222222,4,35.56000001,0,0,0,7.200000008,0,0,0,44.83999997,0,0,0,8.79999997,0,0,0,3.60000004,0,0,0,0
104_22,0,510.3333333,0,0,0,0,1,3,0,0,1,9,0.720733943,4.899658027,4.206247747,20.463,1,2,182.0308959,0.277777778,4,90.52,0,0,0,0,8.84,0,0,0,0.64,0,0,0,0,0,0,0,0,0,0,0
104_9,0.25,355.375,1,0,2,0,0,5,2,0,1,3,19.23367962,10.65029989,18.51039697,10.58229499,2,3,744.031111,1.194444444,4,4.16000002,1.000000003,0,0,53.16,0,0,0.040000006,0,0,0,4.28,0,0,30.71999997,0,6.639999993,0,0,0,0
105_10,1,479,0,0,4,0,1,1,1,0,0,2,22.64800156,15.69521523,30.60818357,9.379860599,2,4,1159.745673,0.688888889,4,46.52,0,2.96,0,40.07999997,0,0,0.040000002,2.840000007,0,0,2.400000004,0,0,0,0,4.640000005,0,0.520000009,0,0
105_11,0.625,263.5625,9,0,13,2,2,14,18,3,2,35,14.8129333,41.59838286,31.65442772,6.747032118,27,1.444444444,3302.92641,0.722222222,4,2.759999991,0,0,0,16.23999998,0,0,5.079999997,10.56,0,0,3.759999997,11.28000003,0,0.52,0,16.24,15.72000001,17.83999999,0,0
105_12,0.444444444,295.2222222,0,1,2,0,1,5,0,1,0,245,15.31670441,101.9786261,53.5812084,6.887280202,31,1.387096774,3590.215799,0.627777778,4,17.96000004,0,0,0,8.44,0,0,9.600000004,0.79999999,0,0,0,30.19999997,0,0,0,6.640000001,26.36,0,0,0
105_13,0.2,272.2,0,0,1,0,0,2,0,0,1,30,4.960808303,22.57803167,20.70088829,15.58168096,6,2.666666667,1494.32829,0.366666667,4,28.75999998,0,0,0,31.96000002,0,0,1.279999992,0,15.36000002,0,5.920000004,4.59999999,0,2,0,5.919999993,4.200000001,0,0,0
105_14,0.5,288,0,0,0,0,0,0,0,0,2,6,0.730180508,0.320412148,0.611247727,20.46094841,1,3,310.9344128,0.294444444,4,20.12000005,0,0,0,24.91999998,0,0,0,0,41.91999998,0,2.199999996,0,0,0,0,1.040000003,9.799999997,0,0,0
105_16,0.088235294,552.8823529,0,0,0,0,0,0,0,0,2,0,35.42292247,22.381812,11.97990954,20.52903506,0,1,525.7785541,4.922222222,4,83.83999999,0,0,0,3.479999997,0,0,0,0,0,5.080000013,0,0,0,0,0,7.600000004,0,0,0,0
105_17,0.031007752,513.8449612,0,0,1,0,1,4,0,1,2,103,51.14002662,35.85778047,19.49956626,20.55894325,12,1.583333333,1619.381239,5.166666667,4,64.27999999,0,0,0,1.960000025,0,0,13.52000001,0,0,15.43999997,0.559999999,0.880000007,0,0,0,3.359999996,0,0,0,0
105_18,0.020833333,479.75,0,0,10,3,2,3,5,1,2,114,63.80885189,52.21578788,100.663179,20.19538427,17,1.294117647,2059.838717,3.988888889,4,10.71999994,0,0,0,10.04,0,0,22.91999999,30.40000006,0,0,0,12.47999999,0,0,0,0,0,13.44000002,0,0
105_19,0.1,433.4333333,6,1,9,1,2,9,7,2,4,27,26.06108079,28.21393458,34.95921733,12.09408198,25,1.72,2375.458726,1.177777778,4,11.12000002,0,0,0,4.519999977,0,0,8.559999985,56.35999996,0,0,0,0,0,0,0,4.360000016,4.040000001,11.04000004,2.31E-09,0
105_20,0.076923077,447.8461538,11,0,2,1,1,6,0,3,3,13,13.62878655,14.3363308,19.91158652,15.83566983,21,1.80952381,4078.555771,0.572222222,4,31.16000005,0,0,0,7.080000003,0,0,0,17.19999999,0,5.240000001,0,0,0,0,0,31.48000001,0,7.239999947,0.599999998,0
106_18,0,536,0,0,0,0,2,2,0,0,0,1,15.11699554,10.26041687,6.424070726,20.49039475,1,4,1065.778573,1.183333333,4,68.99999996,0,0,0,11.19999999,0,0,0,11.80000004,0,0,0,0,0,0,0,8.000000001,0,0,0,0
106_19,0,445.3333333,0,0,1,0,0,7,3,0,2,6,25.3225331,17.36912487,10.812221,20.12256471,10,2.2,2540.115278,0.527777778,4,36.51999998,0,0,0,4.919999999,0,0,0,39.64,0,0,0,0,0,0,0,18.92000002,0,2.10E-10,0,0
10_18,0,269,0,1,0,1,0,2,0,1,2,119,5.188918662,50.28674449,77.69678563,5.996053127,17,1.470588235,1550.514883,0.138888889,5,63.44000001,0,0,0,0.48,1.32,0,0,0,0,0,28.35999999,0,0,0,0,6.399999998,0,0,0,0
10_19,0,244.5,0,0,0,1,0,2,1,0,2,111,8.239438994,40.61003482,96.2766636,4.714989759,18,1.444444444,2349.321675,0.633333333,6,47.39999997,0,0,0,0,0.88,0,0,0,0,0,27.83999999,17.52000002,0,0,0,5.959999997,0.400000016,0,0,0
10_20,0.5,218.9,1,0,4,0,0,11,2,2,4,336,20.24061116,88.54712807,210.0142466,5.011665419,32,1.71875,3808.64933,0.966666667,7,7.119999969,0,0,0,0.400000002,0,0,21.16,1.199999997,0,0,22.31999999,34.44000005,0,0,0,8.280000003,5.079999984,0,0,0
10_21,0.454545455,222.5909091,0,0,4,2,0,4,1,0,4,394,33.59788447,105.3584137,215.871124,4.389608164,20,1.6,2972.401931,1.855555556,7,0,0,0,0,7.199999993,0,0,0,0,0,0,36.16000002,51.43999999,0,0,0,5.2,0,0,0,0
10_22,0.672131148,171.1639344,0,1,5,2,1,7,0,0,8,477,86.05233173,170.112074,239.1177489,11.32964552,36,1.277777778,3751.424475,2.522222222,7,0.839999999,0,0,0,5.400000001,0,0,0,0,0,0,24.95999997,59.96000002,0,0,0,8.840000015,0,0,0,0
10_23,0.471698113,180.4811321,3,0,12,2,18,11,7,1,8,463,188.2682571,233.0089806,174.7986068,26.35491872,37,1.324324324,3501.490129,3.738888889,7,0,0,0,0,0,0,0,26.87999999,20.36000002,0,0,15.31999999,27.43999998,0,0,0,10.00000001,0,0,0,0
10_24,0.402777778,175.1527778,1,0,14,3,2,6,6,0,9,430,208.5996229,168.3906444,197.824284,31.63403243,30,1.566666667,3257.247086,3.955555556,8,0.52,0,0,0,5.280000014,1.000000001,0,8.120000009,2.919999988,0,0,27.56000004,31.63999994,0,0,0,20.27999999,2.680000009,0,0,0
10_25,0.289473684,233.7368421,0,0,8,3,6,4,0,0,2,531,111.328464,109.6610546,199.955774,19.45674103,27,1.481481481,3080.328892,3.15,8,0,0,0,0,21.91999999,0,0,7.559999992,9.599999979,0,0,32.99999996,20.56000009,0,0,0,0,7.359999992,0,0,0
10_26,0.076923077,311.3846154,1,0,10,4,0,6,0,0,9,522,40.92554264,143.4534955,271.9370257,6.285994339,42,1.476190476,3812.982247,1.944444444,8,0,0,0,0,0,0,0,4.839999992,0,0,0,1.119999989,93.00000001,0,0,0,0,1.040000008,0,0,0
10_27,0.083333333,329.8055556,1,1,7,3,0,5,4,1,5,385,37.50172616,151.7564416,212.1089951,6.181489622,41,1.243902439,2998.240607,2.716666667,8,0,0,0,0,0.800000006,0,0,0,0,0,0,39.48000004,50.71999992,0,0,0,0,2.960000031,6.04,0,0
10_28,0.541284404,216.9082569,2,0,32,1,19,2,12,1,3,324,108.8070468,140.607052,84.92960794,23.83383506,26,1.423076923,2651.374562,5.311111111,8,0,0,0,0,8.639999996,0,0,0,18.24,0,0,49.63999995,6.680000053,0,0,0,3.160000007,13.63999999,0,0,0
10_29,0.684848485,187.6787879,1,0,17,1,5,6,6,4,2,321,215.9252698,217.2909861,114.2897407,40.77221978,25,1.4,2403.044433,7.477777778,9,0,0,0,0,9.640000006,0,0,6.680000015,17.36000006,0.320000001,0,6.519999982,28.39999996,0,0,0,12.2,18.87999997,0,0,0
10_30,0.695402299,138.9252874,1,1,8,2,2,8,0,2,8,420,240.436318,222.3700517,124.1273709,42.12737805,27,1.444444444,3047.88291,8.377777778,9,0.64,0,0,0,5.56,0,0,3.759999975,10.07999996,0,0,52.52000002,15.40000007,0,0,0,7.839999984,4.200000004,0,0,0
10_31,0.676470588,82.5,5,0,19,2,2,7,10,2,6,655,185.1853955,294.7905654,217.289928,39.74651394,44,1.477272727,4219.796423,7.833333333,9,1.479999994,0,0,0,4.360000013,0,0,0,0,0.88,0,63.32000005,27.99999992,0,0,0,0,1.960000022,0,0,0
10_32,0.634517766,124.5228426,1,2,9,0,3,3,0,2,8,334,181.9789049,186.5267677,98.83377604,46.95055729,11,2,2033.943479,7.255555556,12,0,0,0,0,15.6,0,0,0,3.36,12.32000003,0,34.28,24.71999998,0,0,0,0,9.71999999,0,0,0
10_33,0.454545455,170.2045455,0,0,7,1,0,5,3,1,6,550,183.3442935,231.3028227,161.0253052,46.13217744,31,1.419354839,3266.781125,7.194444444,12,0.800000001,0,0,0,10.03999999,0,0,5.36000004,0,8.799999968,0,52.31999999,22.68000001,0,0,0,0,0,0,0,0
10_34,0.495238095,202.447619,2,0,8,5,3,13,4,0,7,345,165.2432825,110.3374933,138.3985074,41.6756852,24,1.458333333,2268.092359,6.194444444,12,9.760000015,0,0,0,31.56000006,0,0,15.47999997,0,0,0,27.11999998,10.67999998,0,0,0,5.4,0,0,0,0
10_35,0.238095238,270.452381,0,0,0,0,1,5,0,0,0,1,82.6154572,35.22486801,53.34451777,32.35817909,1,3,198.3227852,4.466666667,12,56.40000002,0,0,0,38.27999997,0,0,0,0,4.120000001,0,1.200000012,0,0,0,0,0,0,0,0,0
10_36,0.233333333,286.4666667,2,0,1,0,2,7,0,1,3,174,23.14640692,45.02647522,61.7329357,9.240261315,37,1.351351351,3277.187734,3.027777778,12,25.79999998,4.480000014,0,0,23.32,0,0,0,7.800000001,0,0,38.6,0,0,0,0,0,0,0,0,0
10_37,0.333333333,193.72,1,0,8,3,2,4,2,0,8,460,135.7099102,110.2424729,244.4114666,18.23006552,34,1.647058824,3847.031067,3.527777778,13,3.559999983,3.799999986,0,0,7.839999977,0,0,9.560000048,0,0,0,33.12,42.12000001,0,0,0,0,3.51E-10,0,0,0
10_38,0.37804878,191.2621951,11,1,38,9,6,11,23,2,12,746,173.6007738,227.8594774,256.111128,29.7310324,41,1.658536585,4274.198559,3.65,14,0,0,0,0,0.439999999,0,0,39.11999995,0,0,0,15.11999999,35.72000006,0,0,0,0,9.599999999,0,0,0
10_39,0.376623377,230.3116883,0,0,6,0,0,3,1,0,9,717,182.0516231,305.1728068,173.0112992,35.49515439,32,1.59375,4055.944676,3.55,15,0.200000001,1.200000001,0,0,2.240000018,0,0,0,0,0,0.120000019,0,96.23999996,0,0,0,0,0,0,0,0
10_40,0.25,272.9,0,0,0,2,3,1,0,0,0,20,123.8386328,60.74846222,99.40261155,22.82802522,3,1.666666667,369.8709744,2.161111111,14,15.84000006,0,0,0,44.32,0,0,0,0,0,32.75999998,0,4.59999994,0,0,0,0,2.480000018,0,0,0
10_41,0.071428571,261.3214286,0,3,0,0,0,3,0,0,3,63,33.21105738,34.39681404,130.430943,8.155855184,9,1.444444444,1196.137372,1.683333333,14,41.55999992,0,0,0,13.19999999,1.28,0,1.12000003,0,1.08,0,18.68000005,0,0,0,0,0,23.08,0,0,0
10_42,0.1875,238.0208333,0,0,7,1,0,7,1,0,4,491,31.59955723,116.4391993,279.9551327,7.677824616,28,1.5,3665.459292,2.105555556,14,0.079999998,0,0,0,0,0,0,19.51999998,0,0,0,52.75999996,26.36000006,0,0,0,1.280000007,0,0,0,0
10_43,0.095238095,235.4761905,1,0,9,1,0,2,2,0,3,515,66.31084913,153.6787908,294.28194,9.72797348,36,1.416666667,3738.88449,2.438888889,14,0.919999999,0,0,0,10.48000003,0,0,3.080000003,0,0,0,43.92000003,37.67999995,0,0,0,3.919999993,0,0,0,0
10_44,0.104166667,319.8333333,0,1,5,4,1,2,4,0,5,251,95.82542511,120.2033255,177.4777817,16.12370192,13,1.538461538,1484.732361,2.077777778,13,0,0,0,0,31.63999997,0,0,0.320000011,0,0,0,60.44,5.200000023,0,0,0,0,2.400000001,0,0,0
10_45,0,340.2727273,0,1,3,1,0,5,3,0,4,525,48.29949731,100.3181091,282.5958983,8.434653189,32,1.375,3006.787738,1.438888889,11,0.840000005,0,0,0,31.24000002,0,0,12.92000003,0,0,0,50.39999997,4.599999977,0,0,0,0,0,0,0,0
10_46,0.090909091,320.3636364,0,0,1,0,0,4,0,0,2,169,36.80377954,33.24872586,154.29315,16.51058193,7,1.714285714,891.9400352,0.994444444,11,45.68000007,0,0,0,23.92,0,0,4.679999968,0,0,0,25.71999996,0,0,0,0,0,0,0,0,0
10_47,0,359.9,1,1,0,0,0,1,0,0,1,41,30.14452542,23.08181892,36.99019705,20.09390416,1,3,228.5256645,1.372222222,9,74.59999992,0,0.560000003,0,5.719999991,1.039999999,0,1.67E-09,0,0,0,15.48000006,2.600000021,0,0,0,0,0,0,0,0
10_48,0.12195122,291.3658537,0,0,2,0,0,7,0,0,8,509,53.08511927,209.4093408,223.3495247,18.73520074,11,2.454545455,3224.280066,2.638888889,10,0,0,0,0,0,0,0,44.32,0.560000006,0,0,4.999999938,47.92000006,0,0,0,0,2.2,0,0,0
10_49,0.198347107,211.6446281,5,0,6,4,1,9,5,0,8,684,246.6729932,428.7248973,271.1327601,31.19377512,32,1.5,3612.657694,4.311111111,11,0,0,0,0,0,0,0,63.00000004,2.44000001,0,0,0,29.31999995,0,0,0,5.24,0,0,0,0
10_50,0.455882353,152.0955882,2,5,19,4,22,13,8,2,9,408,209.3820884,281.6219111,130.3355077,37.94905206,27,1.777777778,3834.761718,6.272222222,11,3.08,0,0,0,0,0,0,52.72000001,31.16,0,0,0,11.59999998,0,0,0,0.960000001,0.440000011,0.040000006,0,0
10_51,0.528169014,127.2887324,7,3,36,6,48,11,13,2,2,188,152.7120782,67.61973734,90.78724649,34.73989506,33,1.818181818,4270.270728,9.444444444,10,0,0,0,0,0,0,0,17.95999994,47.52000003,0,0,0.24,2.679999995,0,0,0,1.920000007,8.839999989,9.160000021,11.68000002,0
10_52,0.692753623,140.4434783,26,4,84,21,22,26,76,4,30,148,47.16021132,96.91001301,33.463567,33.99035382,58,1.74137931,6282.039189,10.31111111,10,3.680000001,0,0,0,0,0,0,4.880000019,6.679999974,0,0,0.599999999,0,0,0,0,12.04,0,7.119999975,65.00000004,0
10_53,0.558303887,197.7879859,38,40,184,15,11,46,73,8,26,178,20.23744665,75.23921043,14.20690315,34.15690986,40,1.775,4157.786901,10.78333333,10,0,0,0,0,0,0,0,11.48000001,0,0,13.20000002,0,5.200000015,0,0,0,6.280000005,1.36,0,62.47999996,0
10_54,0.56779661,217.4745763,4,1,17,5,0,10,7,2,9,307,369.9379852,211.6149437,78.32430802,35.33420762,27,1.592592593,3102.721623,9.588888889,10,0,0,0,0,0,0,0,58.76000001,0,0,22.23999999,1.760000011,4.919999993,0,0,0,2.319999994,0,9.84,0.160000001,0
10_55,0.363636364,256.6363636,3,1,7,3,3,15,6,2,11,301,425.7103667,310.9080717,101.1569668,35.92192121,34,1.647058824,4422.42831,6.761111111,10,0,0,0,0,7.720000003,0,0,36.51999996,1.680000012,0,0,18.79999999,19.99999999,0,0,0,10.36000002,0,4.920000019,0,0
10_56,0.128712871,287.1584158,1,2,23,3,10,8,13,0,10,175,117.5696336,116.4899829,31.35827532,42.46240609,24,1.583333333,3190.152859,6.261111111,10,1.12,0,0,0,9.479999994,0,0,18.03999998,40.00000001,0.64,0,3.960000019,0.680000006,0,0,0,19.72,0,4.999999981,1.360000013,0
10_57,0.124293785,251.8474576,2,0,25,3,10,9,2,2,14,353,75.69514209,117.106425,83.03153214,44.16473376,32,1.625,4014.250219,3.166666667,10,0,0,0,0,2.680000002,0,0,0,15.43999999,0,0,36.87999999,26.28000002,0,0,0,9.91999999,6.280000019,0,2.51999999,0
10_58,0.14,266.5,2,2,7,1,0,10,4,1,5,343,50.98197432,160.6755695,96.23916549,46.6359847,31,1.612903226,3667.912832,2.966666667,9,0.64,0,0,0,2.479999998,0,0,0.600000014,16.04,0,0,28.19999999,35.08000002,0,0,0,7.360000001,9.599999973,0,0,0
10_59,0.026315789,341.7105263,0,1,3,2,1,4,0,1,2,554,28.88380674,230.2693677,98.82830848,40.98863492,33,1.606060606,3978.468844,2.488888889,8,0,0,0,0,0.320000005,0,0,17.59999998,0,0.72,0,0,66.31999998,0,0,0,6.159999999,8.880000028,0,0,0
10_60,0.072289157,344.626506,7,0,29,7,0,5,10,2,5,511,108.6543765,233.1090522,147.3049477,33.68736746,29,1.275862069,2963.205765,2.688888889,6,0,0,0,0,2.079999995,0,0,0,0,0,0,5.42E-18,82.68000003,0,0,0,6.24,8.999999977,0,0,0
10_61,0.063291139,353.9113924,7,0,14,6,1,5,11,2,7,604,119.1333606,225.4829263,172.723811,25.30910517,22,1.772727273,3475.701583,3.022222222,6,0.04,0,0,0,0.480000002,0,0,0,0,0,0,43.60000001,48.99999999,0,0,0,6.76,0.119999998,0,0,0
10_62,0.060240964,403.5180723,2,0,6,2,1,6,4,0,7,563,96.40648919,173.2113705,161.3176883,28.53462785,21,1.857142857,3719.740326,2.166666667,6,0.279999999,0,0,0,0.279999999,0,0,0,10.20000007,0,0,2.079999994,82.99999994,0,0,0,4.159999999,0,0,0,0
10_63,0,469,0,1,3,0,2,3,1,4,2,20,95.90494294,20.18305193,21.4475604,29.77904018,4,2,908.0234099,1.388888889,6,32.28000003,0.600000005,0,0,2.400000004,0,0,3.16,59.83999995,0.400000003,0,1.320000006,0,0,0,0,0,0,0,0,0
10_64,0.111111111,530.7777778,0,0,4,0,8,7,2,0,4,26,53.22369127,14.14038229,20.77436282,20.83308795,9,1.666666667,1851.324381,0.433333333,6,13.79999996,17.75999999,0,0,4.199999996,0,0,0,45.87999999,3.479999997,0,0.159999994,0,0,0,0,13.52000007,0,1.200000002,0,0
11_19,0,292,0,1,0,0,0,0,0,0,0,1,9.560273122,24.83754047,43.10532477,6.052290224,0,0,0,0.611111111,8,58.28,0,0,1.479999984,36.48000001,0,0,0,0,0,0,3.760000003,0,0,0,0,0,0,0,0,0
11_20,0.173913043,272.9565217,0,0,2,0,1,2,1,0,4,198,71.89709902,67.39444001,86.07671396,11.37670545,14,1.928571429,2167.428769,1.211111111,8,49.71999993,0,0,0,2.27999999,0,0,9.560000028,4.200000003,0,0,19.56000004,14.68000001,0,0,0,0,0,0,0,0
11_21,0.128205128,285.3076923,0,0,2,0,0,2,0,0,2,477,30.92507807,118.4480796,334.8027252,6.372591895,15,1.733333333,2865.318272,2.172222222,8,0,0,0,0,12.6,0,0,6.239999972,0,0,0,29.51999999,51.64000004,0,0,0,0,0,0,0,0
11_22,0.413793103,210.9310345,0,0,3,0,0,4,2,1,4,306,19.41783538,84.20557869,248.9616445,7.110971222,38,1.368421053,3752.939723,3.238888889,8,1.520000001,0,0,0,2.56,0,0,7.919999999,0,0,0,30.08,39.47999995,0,0,0,0,18.44000005,0,0,0
11_23,0.386666667,214.2133333,1,0,4,2,1,3,1,0,3,399,51.64302519,152.2252906,229.5792031,13.25745597,30,1.433333333,3121.595998,5.805555556,8,1.2,0,0,0,1.16000001,0,0,7.920000026,0,0,0,47.12000001,17.76000001,0,0,0,5.240000011,19.59999993,0,0,0
11_24,0.322222222,230.4277778,2,0,7,1,4,5,9,1,5,359,229.2170732,143.9348039,158.3404709,44.71667013,34,1.441176471,3179.588391,5.611111111,9,0,0,0,0,6.51999999,0,0,5.439999996,9.240000055,0,0,51.11999997,10.91999999,0,0,0,9.840000004,6.919999996,0,0,0
11_25,0.342857143,260.2285714,0,0,8,0,23,9,4,0,4,59,192.3002538,60.94383895,84.29732281,42.98108141,9,1.777777778,1598.19891,5.177777778,9,0,0,0,0,12.68,3.440000028,0,1.079999988,52.11999993,0,0,14.32000003,0,0,0,0,6.319999986,10.04000003,0,0,0
11_26,0,274.5714286,2,0,9,0,1,4,1,0,3,551,63.36980096,168.5352665,299.7368283,14.85378442,37,1.432432432,3789.293869,2.605555556,8,0.56,0,0,0,7.359999995,9.519999968,0,50.59999999,0.159999999,0,2.680000029,1.519999983,23.48000007,0,0,0,0,4.119999967,0,0,0
11_27,0.255813953,290.4186047,0,0,7,1,2,7,0,1,3,523,46.66116326,161.9076518,245.471209,11.5537094,34,1.235294118,3171.36281,2.666666667,8,0,0,0,0,4.32000002,0,0,4.959999996,0,0,4.759999963,22.52000006,63.43999996,0,0,0,0,0,0,0,0
11_28,0.609022556,225.887218,1,0,14,3,1,6,4,0,12,457,77.45951486,140.3850948,231.1920544,17.51956212,42,1.380952381,3629.481881,5.016666667,8,0,0,0,0,3.639999986,0,0,0,3.880000006,1.480000006,0,42.76000005,48.23999995,0,0,0,0,0,0,0,0
11_29,0.71474359,159.0961538,17,5,39,7,8,7,22,6,17,194,215.0267583,317.5879726,159.7468915,42.58003931,38,1.631578947,4441.841856,6.033333333,9,0,0,0,0,4.75999999,0,0,33.7600001,0.799999995,1.479999994,0,46.19999992,0.439999998,0,0,0,7.839999998,1.440000001,3.28,0,0
11_30,0.724444444,119.4577778,18,1,41,16,6,21,38,7,20,470,204.2906756,223.1134732,164.6274602,42.876344,34,1.794117647,4103.15313,7.416666667,10,0,0,2.120000002,0,0.119999998,0,0,81.15999996,2.160000013,0,0,0,9.800000008,0,0,0,3.760000017,0.88,0,0,0
11_31,0.843317972,102.4423963,7,0,19,3,2,9,4,7,7,447,154.8308071,199.2163908,254.6869872,41.76467736,31,1.612903226,3380.559992,6.716666667,11,0.640000006,0,6.439999982,0,0,0,0,23.67999994,1.119999997,0,10.6,1.520000005,39.68000008,0,0,0,14.35999998,0,1.960000006,0,0
11_32,0.705555556,176.5111111,1,0,19,1,26,8,2,0,3,216,161.6355452,128.1255966,47.10642964,41.95076471,20,1.4,2129.631493,6.844444444,12,0,0,0,0,17.84000001,0,0,0,45.44,5.28000003,0,18.92000003,10.47999995,0,0,0,0,0,2.039999981,0,0
11_33,0.343195266,233.1893491,0,0,0,1,0,5,0,1,4,299,126.7306387,191.3296206,104.3507166,42.81261068,10,2,1700.390185,8.522222222,12,0,0,0,0,23.11999999,0,0,0,0.479999989,23.83999996,0,24.4,21.40000006,0,0,0,0,6.760000001,0,0,0
11_34,0.464163823,276.5051195,1,1,9,2,1,2,6,0,8,452,120.9247435,148.000897,96.99914396,44.59513251,41,1.56097561,4248.423085,8.405555556,12,1.440000007,0,0,0,9.320000008,0,0,0,0,0.119999999,22.60000002,29.36000001,32.07999996,0,0,0,5.08,0,0,0,0
11_35,0.428571429,324.7619048,0,1,0,3,1,3,0,0,0,144,130.5221794,76.91161247,61.56861295,42.07177825,7,1.571428571,648.8915764,7.438888889,12,31.12000002,0,0,0,38.08000002,0,0,0,0,0,12.59999997,9.239999985,8.960000011,0,0,0,0,0,0,0,0
11_36,0.260869565,262.8695652,0,0,1,0,1,4,0,0,1,74,51.6197901,76.0913297,83.47931459,17.00490398,7,2.142857143,984.6712561,5.238888889,12,47.27999998,0,0,0,29.07999997,3.28,0,2.2,2.279999999,0,0,10.48000003,5.400000007,0,0,0,0,0,0,0,0
11_37,0.264367816,211.0689655,2,0,3,1,1,5,0,1,8,563,263.7199796,214.8387536,218.1972854,28.92815371,35,1.342857143,3725.49465,4.05,13,0.039999999,0,0,0,4.599999992,0,0,0,0,0,0,39.76000001,49.64,0,0,0,0,5.959999999,0,0,0
11_38,0.496969697,144.6121212,4,0,6,1,0,8,2,0,8,440,233.3727811,199.454759,253.2547327,30.12993616,32,1.5,3299.633107,4.116666667,15,0,0,0,0,6.2,0,0,0.04,0,0,0,56.47999996,34.92000004,0,0,0,0,2.360000001,0,0,0
11_39,0.5,144.3301887,0,0,10,3,1,4,0,1,5,509,195.8829109,257.7366425,180.4070656,28.10554285,35,1.485714286,3372.44797,4.372222222,15,0,0,0,0,14.56,0,0,14.12000003,0,0,0,36.96,34.35999997,0,0,0,0,0,0,0,0
11_40,0.606060606,138.1666667,0,1,8,1,1,9,1,2,0,542,91.94658739,123.4921968,188.6422251,13.99393121,33,1.272727273,3254.214763,3.338888889,14,0.800000018,0,0,0,12.56000003,0,0,13.67999996,0,0,0,11.36,54.6,0,0,0,0,6.999999994,0,0,0
11_41,0.607843137,141.745098,0,0,6,0,0,3,1,0,0,295,74.19051322,60.8610171,164.0329543,13.11216246,19,1.526315789,2522.140168,2.933333333,14,32.40000004,0,0,0,8.559999983,1.36,0,0,0,0,0,23.19999999,34.39999999,0,0,0,0,0.079999998,0,0,0
11_42,0.458823529,180.3647059,1,1,7,7,2,11,4,1,3,262,45.91504059,43.03737981,157.4602269,10.61697211,26,1.269230769,2372.60028,3.083333333,14,5.759999962,0,0,0,1.719999999,1.32,0,0.359999998,0,0,0,54.88000004,23.95999999,0,0,0,3.120000009,8.879999999,0,0,0
11_43,0.316901408,187.2323944,25,1,66,12,4,17,25,3,12,378,129.9970692,136.984124,202.2368642,20.39976062,37,1.72972973,4444.00461,3.233333333,14,1.800000001,0,0,0,0.52000001,0,0,20.44,0,0,6.55999999,34.68000002,25.04,0,0,0,10.95999999,0,0,0,0
11_44,0.116883117,226.3506494,1,0,4,1,0,5,0,2,2,454,129.9916155,162.6871816,221.1438354,26.44923544,28,1.714285714,3439.651326,3.227777778,13,5.03E-09,0,0,0,15.64000001,0,0,0,0,0,0,43.32000001,35.51999998,0,0,0,4.72,0.800000003,0,0,0
11_45,0.02173913,310.4565217,0,0,2,1,1,1,1,1,2,195,95.40187923,53.73076647,106.658796,25.47643382,26,1.307692308,1908.824435,2.416666667,14,24.12000001,0,0,0,25.24000001,0,0,0,0,0,0,40.88,0.319999988,0,0,0,5.079999998,4.35999999,0,0,0
11_46,0.048780488,279.8780488,0,0,6,3,1,5,1,0,7,217,77.71273039,59.59935501,152.8480821,20.78129663,17,1.470588235,2019.132575,1.566666667,12,24.16000001,0,0,0,10.79999997,1.48,0,0,0,0,0,56.28000001,1.240000004,0,0,0,6.040000003,0,0,0,0
11_47,0.058823529,278.2647059,0,0,0,0,0,1,0,0,3,129,33.45525096,51.41151704,102.3194555,20.32874524,13,1.615384615,1291.132368,2.055555556,11,60.11999999,0,0,0,8.839999997,6.19E-10,0,0.20000002,0,0,0,23.51999997,4.400000038,0,0,0,2.91999999,0,0,0,0
11_48,0.12,248.0666667,0,0,7,3,0,3,1,1,11,526,100.8361387,236.0462058,256.6656986,25.61226117,29,1.793103448,3373.88864,3.427777778,12,2.8,0,0,0,0,0,0,47.40000005,0,0,0,3.559999982,40.95999996,0,0,0,3.600000003,1.68,0,0,0
11_49,0.166666667,214.825,7,3,26,8,4,4,27,3,11,552,278.0335166,471.5989918,281.3487307,35.73322664,33,1.515151515,2990.156781,5.116666667,11,0,0,0,0,5.960000007,0,0,38.79999996,3.679999999,0,0,0,20.00000004,0,0,0,10.64,20.92,0,0,0
11_50,0.263157895,206.4526316,12,0,42,11,15,8,34,3,11,762,334.06179,594.5869748,223.5240232,41.38811186,35,1.628571429,4176.571635,5.538888889,11,0.4,0,0,0,1.79999999,0,0,51.92000004,0,0,0,0,34.87999996,0,0,0,11.00000001,0,0,0,0
11_51,0.353741497,182.7414966,7,0,24,10,5,9,15,0,12,601,275.9474407,337.2307434,164.6818936,42.17987222,51,1.509803922,5014.963369,7.177777778,11,0.4,0,0.880000014,0,0,0,0,55.83999997,1.16E-08,0,0,0,17.55999999,0,0,0,11.6,4.44,6.880000012,2.4,0
11_52,0.386243386,182.8730159,10,6,36,15,7,17,34,1,21,131,134.7094736,149.5065727,42.5503419,40.78587892,44,1.704545455,4475.469903,8.272222222,10,0.8,0,2.119999986,0,0,0,0,30.51999999,19.11999999,0,0,0,3.959999999,0,0,0,19.04000001,3.28,2.079999992,19.08000004,0
11_53,0.43902439,214.3414634,79,15,110,15,7,25,47,13,65,183,13.42578005,54.835026,16.65075315,34.44007792,47,1.914893617,5607.288527,8.65,10,0.24,0,0.04,0,0,0,0,6.319999994,0,0.440000001,2.079999999,7.560000032,3.999999988,0,0,0,31.76000002,4.44,0,43.11999997,0
11_54,0.512,214.664,2,1,1,2,2,7,4,2,14,81,7.34723804,59.03218543,18.08504069,33.66390504,34,1.794117647,3673.996132,9.244444444,10,0.44,0,0,0,0,0,0,13.67999999,32.32000003,0.959999999,0,30.24,1.560000001,0,0,0,20.55999999,0,0,0.239999995,0
11_55,0.496774194,205.283871,1,0,11,0,13,9,9,2,18,158,15.53799253,85.70916262,35.97580956,34.89818551,16,1.875,2405.962765,6.822222222,10,0,0,0,0,4.640000016,0,0,8.160000001,23.32,1.32,0,27.47999997,0.719999997,0,0,0,16.11999999,18.24000002,0,0,0
11_56,0.369230769,236.0153846,0,1,4,0,3,3,2,3,8,9,93.85927153,116.919543,35.36735047,41.10484028,2,4,762.251402,6.311111111,10,0,0,0,0,14.43999998,0,0,0,24.79999999,1.44,0,3.75E-10,0,0,0,0,15.00000001,43.36000001,0,0.960000008,0
11_57,0.38028169,187.6056338,1,1,34,2,18,14,4,2,2,213,174.0703922,220.4222392,45.8746718,48.0651033,21,1.619047619,2429.369939,4.594444444,10,5.88000001,0,0,0,2.920000002,0,0,10.08000001,33.79999999,0,0,5.88,10.04000001,0,0,0,22.56,3.759999978,0,5.079999989,0
11_58,0.468085106,197.8404255,1,0,9,2,10,5,0,3,5,383,209.9809935,322.3276638,66.66202407,51.18292676,29,1.551724138,3296.145319,4.2,10,0.959999992,0,0,0,1.359999998,0,0,5.799999996,31.03999999,0,0,25.12000001,19.76000001,0,0,0,10.31999999,5.640000013,0,0,0
11_59,0.410958904,264.9041096,0,1,9,2,8,3,0,0,3,438,46.42570162,314.422323,100.3549908,50.66183981,23,1.826086957,3438.636753,3.711111111,8,0,0,0,0,0,0,0,4.959999991,24.08,0,0,7.559999996,52.28000002,0,0,0,7.439999999,3.679999996,0,0,0
11_60,0.287671233,280.5890411,1,1,10,0,4,3,1,2,9,601,177.7714627,250.9775968,194.0440862,31.64545398,20,1.9,3292.564411,3.833333333,8,0.68,0,0,0,4.6,0,0,18.76,4.679999987,0,0,2.760000025,55.72,0,0,0,7.320000001,5.479999988,0,0,0
11_61,0.269662921,317.3820225,0,1,3,0,5,4,1,0,3,415,136.5374218,172.4497349,178.5833529,39.20233491,14,1.571428571,2394.00859,3.611111111,7,0.88,0,0,0,3.600000006,0,0,1.399999999,9.960000012,0,0,56.07999999,15.07999998,0,0,0,7.559999999,5.440000014,0,0,0
11_62,0.076923077,368.9615385,0,0,3,1,4,6,1,0,9,459,119.8202611,157.2445529,256.4229092,18.25747214,29,1.724137931,3615.588788,2.905555556,6,0.440000006,0,0,0,3.079999992,0,0,12.16000003,5.919999992,0,0,22.23999998,41.36000001,0,0,0,10.4,4.399999986,0,0,0
11_63,0.1875,433,4,1,6,1,0,5,4,0,3,439,66.84261341,130.1749171,211.5784051,17.63329749,28,1.714285714,3893.384816,1.7,6,4.479999998,0,0,0,0,0,0,11.35999997,14.8,0,0,27.64000003,31.96000001,0,0,0,9.759999999,0,0,0,0
11_64,0.045454545,476.1818182,3,0,18,2,1,11,4,2,7,128,31.69722771,29.24985167,41.33990236,15.24637244,31,1.774193548,4404.280908,0.588888889,6,9.96,0,0,0,10.48,0,0,9.12,10.91999998,0,0,8.559999968,27.83999999,0,0,0,15.76000007,3.84,3.519999999,0,0
11_65,0,482.375,1,0,0,0,0,2,0,0,4,39,3.382646934,4.638086345,8.139735064,10.609,9,2,1474.389503,0.255555556,6,60.00000007,0,0,0,8.4,1.639999999,0,0,0,0,0,14.08,0,0,0,0,15.87999993,0,0,0,0
12_19,0.2,327.4,0,1,0,0,0,0,0,0,0,0,5.786191989,5.611527837,11.13653154,6.506533839,0,0,0,0.388888889,9,69.99999997,0,0,16.76000001,13.16000002,0,0,0,0,0,0,0.079999998,0,0,0,0,0,0,0,0,0
12_20,0.1,319.425,0,0,0,1,0,0,0,0,0,119,159.9612173,84.45566035,73.24227171,21.02682104,0,1,1199.900344,1.044444444,8,69.99999996,0,0,2.879999984,8.559999996,0,0,7.360000019,0,0,0,6.440000007,4.760000039,0,0,0,0,0,0,0,0
12_21,0.054794521,299.3561644,2,0,8,3,1,5,7,0,5,626,217.7638874,302.5335873,283.8470812,32.0061108,29,1.482758621,3650.228579,2,8,3.159999991,0,0,0,2.080000002,0,0,2.959999982,0,0,0,36.72000005,55.07999997,0,0,0,0,0,0,0,0
12_22,0.07079646,274.8849558,0,1,1,0,1,8,0,4,4,234,94.56214187,78.91559019,144.5070277,24.68729567,12,1.833333333,2069.814113,2.794444444,8,0.399999992,0,0,0,23.95999999,0,0,0.080000001,0,0,0,42.67999992,1.519999999,0,0,0,0,31.3600001,0,0,0
12_23,0.180851064,268.1914894,0,0,0,1,1,5,0,0,6,102,166.2972686,111.1101539,134.184734,32.97900136,13,1.923076923,1913.622793,6.261111111,9,17.20000002,0,0,0,9.799999996,0,0,0.040000005,0,0,0,22.12000003,0.040000005,0,0,0,0,50.79999994,0,0,0
12_24,0.212820513,272.2076923,29,2,40,14,6,19,26,0,12,482,228.8853499,377.447002,174.9047677,44.00591552,43,1.651162791,4406.185783,5.416666667,9,0.839999983,0,0,0,0.400000003,0,0,63.08000004,0.480000011,0,0,13.23999994,9.519999989,0,0,0,10.60000003,1.840000002,0,0,0
12_25,0.109090909,295.0060606,8,0,17,2,27,13,12,3,14,105,202.7022928,109.3524644,52.85375179,48.97499754,29,1.482758621,2993.729222,6.066666667,9,0,0,0,0,10.2,0.120000008,0,16.03999996,39.88000002,0,0,3.440000014,10.24000001,0,0,0,17.39999998,2.680000014,0,0,0
12_26,0.075471698,312.1132075,1,0,5,6,8,6,2,0,6,280,70.27342173,125.4775843,163.685427,23.4166816,14,1.428571429,1745.3311,3.416666667,9,0,0,0,0,6.559999991,1.399999995,0,12.56000001,35.43999997,0,6.720000042,6.399999987,24.00000002,0,0,0,6.64,0.279999987,0,0,0
12_27,0.235294118,295.1568627,0,0,13,1,0,6,0,2,4,513,116.6354039,172.1527948,291.8970922,21.0449057,30,1.3,3067.079658,3.027777778,10,0,0,0,0,1.159999999,0,0,1.400000003,0.799999979,0,13.91999997,0,75.64000007,0,0,0,3.63999999,3.439999991,0,0,0
12_28,0.3125,206.21875,3,0,8,1,9,8,2,0,8,613,127.4437882,182.4210894,189.2813552,26.73495112,28,1.678571429,3756.651327,5.138888889,11,0,0,0,0,1.520000002,0,0,8.240000029,8.439999995,0,0,3.600000046,72.47999991,0,0,0,4.480000005,0,1.240000012,0,0
12_29,0.577235772,157.8861789,4,1,8,8,7,10,10,1,10,68,201.0786191,51.54231596,44.73445557,43.356,21,1.619047619,2071.806439,6.022222222,11,0,0,0,0,11.08000001,0,0,11.79999998,15.68,1.680000002,0,11.79999996,3.280000033,0,0,0,5.000000002,9.400000024,30.28,0,0
12_30,0.698924731,133.6344086,9,0,31,7,6,10,23,2,12,33,205.7571613,44.77980546,26.28975641,42.92297353,24,1.75,2344.94583,6.55,12,4.68,0,11.40000004,0,5.239999987,0,0,4.439999997,20.16,2.360000002,0,2.640000019,13.95999996,0,0,0,3.879999993,2.679999975,21.51999999,7.040000037,0
12_31,0.740740741,174.6666667,5,0,47,11,9,12,2,1,8,33,158.79013,24.39430415,13.29671249,44.82418285,23,1.739130435,2315.971642,5.477777778,12,0.400000001,0,56.75999996,0,5.000000012,0,0,0,18.96000003,4.280000011,0,2.799999983,1.520000003,0,0,0,8.640000024,0,0.640000014,0.999999963,0
12_32,0.775280899,183.1348315,0,0,20,1,24,9,5,0,4,315,146.9795301,101.9522513,134.1641671,48.4994749,37,1.540540541,3596.523945,5.855555556,13,0,0,0,0,4.88000001,0,0,4.76,35.47999996,1.839999991,0,32.60000006,9.64,0,0,0,9.519999981,0,1.279999999,0,0
12_33,0.556390977,233.6917293,0,0,0,0,0,0,1,0,2,144,118.8615472,98.32170172,53.48733932,46.97702236,6,2.166666667,745.7749928,7.994444444,13,0,0,0,0,50.00000005,0,0,0,11.20000004,5.440000013,0,23.19999994,6.35999997,0,0,0,3.799999987,0,0,0,0
12_34,0.465373961,332.6232687,0,0,6,4,2,8,2,0,11,123,151.0387036,99.31599322,53.90699347,39.24558487,26,1.538461538,2847.946812,8.666666667,13,0,0,0,0,15.79999996,0,0,0,17.99999996,0.400000002,35.92000008,15.67999999,6.76000001,0,0,0,7.439999999,0,0,0,0
12_35,0.378698225,373.8017751,2,1,4,1,1,4,1,1,5,371,261.985421,197.1496706,176.3249972,35.44551091,27,1.518518519,2897.410418,8.144444444,13,2.200000003,0,0,0,6.080000007,0,0,0,0,0,22.95999997,47.04000003,21.71999999,0,0,0,0,0,0,0,0
12_36,0.225806452,300.6451613,0,0,6,2,0,3,1,0,8,476,164.1400653,209.3292156,165.3469953,29.3304278,15,1.933333333,3593.726356,6.161111111,13,5.960000011,0,0,0,10.28000001,0,0,16.36000001,0,2.240000008,0.839999977,31.72,32.59999998,0,0,0,0,0,0,0,0
12_37,0.413793103,206.637931,0,0,3,4,0,1,1,1,7,416,37.61228909,157.7514297,136.8324665,8.529970505,40,1.275,3119.577117,4.483333333,14,7.559999982,0,0,0,3.799999978,0,0,0,0,0.199999992,0,44.95999999,34.96000007,0,0,0,0,8.519999988,0,0,0
12_38,0.567164179,165.5074627,0,0,4,1,5,4,2,1,7,476,128.9623117,277.8091773,192.4982399,11.28677088,48,1.25,4070.293618,4.361111111,16,0,0,0,0,5.76,0,0,0,5.000000031,0,0,10.28,78.95999997,0,0,0,0,0,0,0,0
12_39,0.644859813,93.07476636,1,0,9,1,5,7,2,1,7,468,195.0361733,184.0755488,159.8455766,24.5297235,28,1.428571429,3152.032143,4.455555556,15,1.640000001,0,0,0,4.599999995,0,0,5.959999999,14.23999997,0,0,28.92000006,43.71999998,0,0,0,0.920000005,0,0,0,0
12_40,0.727272727,96.81818182,7,1,11,4,2,8,6,3,4,626,269.6186844,237.4145877,245.5017793,35.0346497,45,1.4,4270.319423,3.95,14,1.439999997,0,0,0,1.2,0,0,0,0,0,0,12.31999997,76.40000002,0,0,0,6.039999999,2.600000008,0,0,0
12_41,0.417582418,146.4835165,2,1,7,0,0,5,7,0,3,620,306.0263919,342.3695269,222.5858779,35.29113971,41,1.365853659,3874.424392,3.322222222,14,0,0,0,0,0.560000004,0,0,9.800000005,0,0,0,56.68000003,27.83999996,0,0,0,5.120000001,6.89E-10,0,0,0
12_42,0.304347826,160.5797101,0,0,5,2,0,1,0,0,5,516,224.7930944,207.5721772,220.8602908,28.05766931,38,1.342105263,3596.086236,3.522222222,14,0,0,0,0,1.399999991,1.239999994,0,17.16000005,0,0,0,68.95999994,0.480000017,0,0,0,10.76000001,6.76E-10,0,0,0
12_43,0.25,228.7857143,3,0,10,5,4,11,3,1,2,543,99.02464899,134.9527168,175.0323888,20.95141861,23,1.52173913,3082.970113,3.727777778,15,0,0,0,0,0,0,0,34.31999999,0,0,11.64000002,25.87999995,19.04000005,0,0,0,4.999999999,4.119999995,0,0,0
12_44,0.100775194,272.8527132,0,0,6,1,0,7,0,0,0,532,149.0339722,231.4710463,225.7472444,30.36518544,29,1.586206897,3381.332865,3.433333333,14,8.840000049,0,0,0,3.720000011,0,0,0.679999982,0,0,0,36.08000002,47.79999991,0,0,0,0,2.880000027,0,0,0
12_45,0.058823529,352.5294118,0,1,2,0,0,4,0,1,2,287,87.69681721,114.7210191,233.1993983,20.90317972,19,1.631578947,2692.592248,3.127777778,14,24.03999996,0,0,0,19.04000002,0,0,7.36,0,0,0,17.48000001,25.52000003,0,0,0,0,6.559999986,0,0,0
12_46,0.128205128,296.1794872,0,0,7,2,0,7,3,0,2,462,59.95608641,156.821081,291.8665116,14.61297516,15,1.8,2938.379137,2.733333333,13,1.28,0,0,0,11.96000001,0,0,0,0,0,0,29.16000001,56.79999996,0,0,0,0,0.800000017,0,0,0
12_47,0.096153846,271.3269231,0,1,6,1,0,5,3,1,3,420,151.4205765,286.0793543,205.9498884,28.79163191,20,1.95,3594.55296,3.188888889,13,1.000000005,0,0,0,13.15999998,0,0,8.12,0,0,0,33.36000001,33.24000002,0,0,0,3.560000014,7.559999983,0,0,0
12_48,0.217821782,222.7524752,3,0,5,8,4,8,1,0,4,320,228.5679931,227.8055341,131.6136602,39.80961293,29,1.75862069,3357.127342,4.094444444,12,0.719999995,0,0,0,6.719999997,0,0,12.16000004,2.600000012,0,0,44.07999998,24.43999998,0,0,0,9.279999999,0,0,0,0
12_49,0.34057971,195.0144928,0,0,5,5,1,6,2,0,4,630,174.500329,455.9229091,164.1235934,39.46195848,33,1.636363636,4073.656057,5.233333333,12,0.56,0,0,0,2.600000018,0,0,6.879999952,3.39999999,0,0,7.880000011,67.40000003,0,0,0,10.68,0.600000003,0,0,0
12_50,0.142857143,265.0084034,1,1,4,1,1,6,1,3,5,471,56.53821223,357.5361273,150.7534984,40.38530587,34,1.470588235,3510.815412,5.388888889,12,8.68,0,0,0,3.359999986,0,0,2.360000005,5.240000015,0,0,19.35999999,49.12000002,0,0,0,0.759999996,11.11999999,0,0,0
12_51,0.189189189,245.8513514,1,1,12,9,4,11,10,4,5,488,158.7397023,358.7479387,128.6323024,41.36786927,31,1.548387097,3676.410947,5.694444444,11,0,0,0,0,0,0,0,44.76000003,15.83999996,0,0,0,27.19999996,0,0,0,0.840000008,2.400000001,8.960000042,0,0
12_52,0.237113402,236.5154639,1,2,13,2,15,9,8,0,17,247,185.063955,162.5613765,46.41914291,45.97260675,33,1.666666667,3572.161063,6.094444444,10,0,0,0,0,0,0,0,13.40000004,44.52000001,2.880000006,0,0,23.55999999,0,0,0,8.599999997,0,7.039999958,0,0
12_53,0.385964912,251.5175439,3,2,11,0,4,10,2,1,15,119,182.3253556,149.1562415,21.55087672,37.71955575,25,1.72,2413.436453,7.366666667,10,0.2,0,3.880000004,0,0.719999999,0,0,18.52000002,36.63999998,2.439999992,0,10.40000001,0.960000001,0,0,0,24.16,0,0,2.080000001,0
12_54,0.630952381,237.9047619,0,2,6,0,2,9,5,1,5,440,384.5528116,271.4658789,136.542095,38.30591887,29,1.655172414,3494.449426,7.6,10,4.239999997,0,0,0,1.400000004,0,0,14.4,13.75999994,0,0,7.960000007,45.52000005,0,0,0,6.16,6.560000002,0,0,0
12_55,0.654761905,154.1190476,0,0,19,2,3,9,6,1,6,642,268.9773478,489.9932649,123.6286827,40.23923726,41,1.487804878,4140.710365,6.4,10,0,0,0,0,1.559999996,0,0,43.40000002,2.90E-09,0,0,21.28,16.19999997,0,0,0,7.480000008,10.08000001,0,0,0
12_56,0.75,147.7678571,0,2,8,1,7,8,6,0,4,302,218.8659541,202.2421809,54.47526255,48.64819759,19,2.052631579,2557.062823,5.122222222,10,0.56,0,0,0,0,0,0,23.39999999,35.64000003,0,0,9.159999993,0.440000014,0,0,0,15.56,15.23999998,0,0,0
12_57,0.757575758,112.5050505,2,0,4,0,0,7,1,1,7,773,399.74851,573.6602916,162.681053,47.72198458,35,1.657142857,4050.487261,4.338888889,10,0.720000011,0,0,0,1.04,0,0,15.27999997,5.519999973,0,0,6.160000001,71.12000005,0,0,0,0.159999997,9.00E-11,0,0,0
12_58,0.720930233,139,1,1,9,5,0,4,10,0,5,574,436.9278165,469.6607979,185.8358166,51.93541886,37,1.756756757,4352.874576,4.077777778,10,5.719999987,0,0,0,0,0,0,2.360000003,0,0,0,24.76000003,63.31999997,0,0,0,0,3.840000011,0,0,0
12_59,0.68907563,187.6386555,0,1,2,2,0,8,0,0,12,593,403.8992349,486.6191488,140.5126436,54.45639203,23,2.130434783,4452.486266,4.188888889,8,0.440000001,0,0,0,0.52,0,0,0,0,0,0,63.63999998,34.44000003,0,0,0,0,0.959999988,0,0,0
12_60,0.475609756,250.6097561,7,2,18,3,1,9,5,1,8,473,225.6049191,224.7508083,198.1900255,41.14764744,24,1.708333333,3282.219078,4.061111111,8,7.480000007,0.960000001,0,0,1.440000003,1.79E-10,0,1.679999998,0,0,0,9.000000004,69.47999999,0,0,0,0,9.96,0,0,0
12_61,0.31496063,299.7165354,1,2,7,6,1,5,7,0,5,382,212.0994473,165.6542068,175.4831474,44.42302902,22,1.727272727,3548.280735,3.1,8,7.919999997,0,0,0,5.76,0,0,9.92000001,0,0,0,8.039999984,60.35999997,0,0,0,0,8.000000041,0,0,0
12_62,0.126760563,358.5915493,0,1,5,0,0,4,0,1,9,413,180.1676535,226.7665157,228.5332376,41.8544363,28,1.714285714,3692.595793,2.394444444,7,3.040000007,0,0,0,0,0,0,0.319999989,0,0,0,21.88,63.80000005,0,0,0,0,10.95999996,0,0,0
12_63,0.028571429,420.8285714,0,0,2,2,0,5,0,0,7,482,39.21035593,143.0099032,280.234092,12.73718839,43,1.302325581,3450.499308,1.316666667,7,5.079999995,0,0,0,1.880000002,0,0,5.680000002,2.400000011,0,0,0,80.75999999,0,0,0,4.200000001,0,0,0,0
12_64,0,468.1818182,0,0,4,0,1,11,0,1,3,61,24.64106226,48.69147398,67.35180621,13.26666034,10,1.9,2134.985306,0.605555556,6,29.28,0,0,0,11.24,0,0,0,6.59999999,0,0,6.4,13.59999995,0,0,0,9.840000064,23.04,0,0,0
12_65,0,498.75,0,0,1,0,0,4,0,0,2,16,8.100000046,5.306061927,16.08033749,17.58494223,3,2.666666667,1259.956403,0.238888889,6,67.28000005,0,0,0,6.240000008,0.88,0,0,5.16,0.840000003,0,8.360000004,0,0,0,0,11.23999994,0,0,0,0
13_20,0.166666667,334.6666667,0,0,0,1,0,0,0,0,0,1,35.34566891,7.218748795,9.877829936,9.848650604,0,1,465.1145159,0.911111111,9,80.20000002,0,0,0.279999997,14.40000001,1.759999989,0,0,0,0,0,1.479999992,0,0,0,0,0,1.879999999,0,0,0
13_21,0.024390244,343.0731707,0,0,4,3,1,2,0,0,6,225,102.7040627,124.1721774,128.5086745,24.48697279,10,2.2,1645.916246,1.816666667,9,50.39999991,0,0,0,13.28,0,0,0,0,0,0,26.64000008,9.680000005,0,0,0,0,0,0,0,0
13_22,0.014492754,339.1449275,4,0,8,0,0,5,2,1,3,606,88.91556481,198.9024857,177.835701,29.06754837,24,1.625,3768.64734,2.55,8,0.199999996,0,0,0,5.439999988,0,0,0,0,0,0,89,5.360000012,0,0,0,0,0,0,0,0
13_23,0.156626506,311.939759,0,0,6,1,6,4,0,0,5,563,130.4687965,258.9925253,201.876956,30.58478986,34,1.5,3896.653116,5.516666667,9,1.39999999,0,0,0,0,0,0,42.44000006,0,0,0,52.43999994,3.520000009,0,0,0,0,0.200000003,0,0,0
13_24,0.069148936,336.1489362,1,0,27,1,30,5,5,0,5,583,138.5060221,395.5801274,162.8375474,40.49726958,47,1.510638298,4851.795318,5.683333333,9,0,0,0,0,0.880000001,0,0,58.07999996,20.32000004,0,0,0,13.04,0,0,0,7.680000003,0,0,0,0
13_25,0.075,376.925,0,0,22,1,48,11,7,0,2,148,116.2538923,111.747463,51.81457607,40.42831421,11,2,2238.241629,5.877777778,10,0,0,0,0,16.56000003,0,0,11.31999999,54.99999995,0,0,0,9.320000031,0,0,0,7.799999998,0,0,0,0
13_26,0.028571429,337.5571429,0,0,5,2,0,5,0,0,0,431,67.03224524,127.2386436,133.4539258,27.38649558,26,1.461538462,2918.392812,3.655555556,10,3.36,0,0,0,10.79999997,0,0,7.319999983,16.92000001,0,0,0,60.04000001,0,0,0,0,1.560000027,0,0,0
13_27,0.146666667,263.56,0,4,4,2,1,2,0,2,3,500,110.3188324,235.468757,195.1584679,25.61540738,31,1.516129032,3145.9609,3.283333333,11,0,0,0,0,0,0,0,27.91999998,5.37E-10,0,0,1.96000002,39.56000001,0,0,0,3.80000001,26.75999998,0,0,0
13_28,0.325581395,217.1976744,9,0,24,2,20,10,9,4,14,369,203.7687235,193.0233026,157.1325785,30.44124169,44,1.545454545,3964.265549,3.966666667,12,0,0,0,0,2.879999994,0,0,27.31999999,19.20000001,0,0,12.44000001,21.95999994,0,0,0,12.4,0,3.800000052,0,0
13_29,0.529411765,228.5686275,15,1,19,0,0,14,46,3,12,181,190.538211,82.78839654,99.40119103,38.64840685,28,1.607142857,3962.293146,4.011111111,13,3.240000011,0,0,0,5.920000016,0,0,0,0,0,0,26.95999996,0,0,0,0,7.800000002,0,56.08000001,0,0
13_30,0.565217391,233.3768116,32,1,37,5,11,18,87,0,6,40,148.4466679,36.66753764,12.78096714,42.08135385,28,1.642857143,3500.518011,3.816666667,13,8.879999982,0,2.040000025,0,6.119999989,0,0,0.640000008,20.56000004,0,0,15.92000002,0,0,0,0,6.560000001,0,39.27999993,0,0
13_31,0.52,214.68,0,0,14,1,17,12,12,0,4,28,118.9325758,32.33474494,12.26720209,42.87643351,19,1.473684211,2447.551144,3.411111111,12,0.56,0,15.43999998,0,3.44,0,0,0.319999992,50.92000006,1.160000002,0,13.15999997,8.439999999,0,0,0,6.559999998,0,0,0,0
13_32,0.603174603,236.0793651,0,0,8,0,13,9,4,0,7,109,144.8780649,123.6294583,50.46747515,48.73137854,18,1.611111111,1942.114653,4.15,13,0,0,0,0,8.840000011,0,0,10.72,51.59999991,2.839999997,0,1.56000002,10.76000005,0,0,0,13.68000001,0,0,0,0
13_33,0.639751553,266.4906832,3,1,9,5,0,7,5,0,6,502,163.9600602,234.6151646,96.16314667,49.62994487,22,2,3372.264975,5.927777778,13,0.88,0,0,0,2.919999992,0,0,6.679999995,1.799999986,0,0,28.96000005,49.15999998,0,0,0,9.6,0,0,0,0
13_34,0.617886179,289.495935,2,0,7,7,0,6,3,0,5,480,188.8982935,228.5334261,247.6915489,42.67433358,43,1.651162791,4434.493753,8.294444444,13,0,0,0,0,3.320000014,0,0,0,0,0,0,39.92000005,40.51999996,0,0,0,16.23999998,0,0,0,0
13_35,0.279220779,334.0909091,0,0,6,2,0,7,0,0,9,505,456.8522085,236.5934814,291.1594276,46.54402716,19,1.578947368,2892.649056,8.444444444,13,0,0,0,0,5.560000005,0,0,0.559999998,0,0,3.040000028,49.03999993,41.80000004,0,0,0,0,0,0,0,0
13_36,0.306818182,289.4318182,1,0,5,1,0,3,6,0,6,417,265.1649661,178.1905064,221.6628411,33.59696827,21,1.571428571,3171.373127,6.427777778,13,2.520000012,0,0,0,26.52000002,0,0,10.23999998,0,0,0.719999996,12.16,41.44,0,0,0,0,6.399999989,0,0,0
13_37,0.524590164,184.2295082,0,1,8,0,1,3,0,0,3,521,57.99431505,192.6434129,151.1931461,8.421516557,30,1.233333333,2828.73447,5.233333333,15,6.24,0,0,0,13.51999999,0,0,0,0,0,0,0.320000005,76.75999999,0,0,0,0,3.160000014,0,0,0
13_38,0.604938272,114.1975309,1,0,6,1,0,1,2,1,8,312,79.8391453,152.7806064,143.8544083,7.687904341,23,1.52173913,2264.061558,4.883333333,16,0.559999998,0,0,0,32.08000001,0,0,4.119999991,0,0,0,1.64E-09,56.43999998,0,0,0,0,6.800000024,0,0,0
13_39,0.775,55.90833333,0,0,8,1,5,5,9,0,8,594,172.8354304,266.713197,175.6826724,23.27659607,25,1.76,3385.826135,5.183333333,16,1.280000009,0,0,0,4.43999999,0,0,0,6.080000005,0,0,0.839999995,78.04000002,0,0,0,7.28,2.039999978,0,0,0
13_40,0.657894737,99.21052632,0,0,4,1,0,4,2,1,6,567,174.9353277,276.416141,178.2931997,30.92403222,29,1.75862069,4190.80797,5.588888889,16,10.59999999,0,0,0,0,0,0,0,0,0,0,20.40000008,68.99999994,0,0,0,0,0,0,0,0
13_41,0.468085106,200.3085106,0,0,0,1,0,1,0,1,0,278,75.72702606,110.3258492,131.9261468,18.99037267,20,1.5,1711.043606,4.172222222,15,0,0,0,0,0.280000009,0,0,0,0,0,0,92.27999994,7.44000005,0,0,0,0,0,0,0,0
13_42,0.194444444,207.1666667,0,0,2,1,0,4,0,0,5,156,68.81395352,65.54480931,98.04239159,17.94249704,16,1.375,1344.006206,3.716666667,15,0,0,0,0,0.479999996,27.00000001,0,0,0,0,0,51.96000005,15.19999995,0,0,0,5.359999999,0,0,0,0
13_43,0.117647059,260.8431373,0,0,0,0,0,2,0,0,2,52,56.93511881,77.45332466,71.43103025,17.0074477,5,1.4,600.6666642,3.727777778,15,2.92,0,0,0,29.12000001,0,0,0,0.68,0,0,53.43999995,0.280000025,0,0,0,1.760000022,11.79999999,0,0,0
13_44,0.12195122,244.4756098,3,1,8,0,1,6,5,1,8,499,177.2463371,204.3812638,170.290917,34.44351848,44,1.431818182,3988.210185,4.111111111,14,3.28000001,0,0,0,11.71999999,0,0,0.999999993,0,0,0,44.2,35.76000003,0,0,0,4.039999977,0,0,0,0
13_45,0.044117647,257.1764706,1,0,7,3,0,7,1,0,15,547,171.0393861,273.4546788,279.0876516,30.82298577,41,1.609756098,4356.717446,3.972222222,14,3.239999998,0,0,0,0,0.84,0,0,0,0,0,17.51999999,78.40000001,0,0,0,0,0,0,0,0
13_46,0.296296296,214.9753086,1,1,2,1,0,9,1,0,4,621,102.309656,255.9181376,269.0385699,21.93988511,23,1.826086957,3435.104637,3.327777778,14,0,0,0,0,4.200000011,0,0,12.2,0,0,0,36.52000004,43.39999995,0,0,0,3.400000003,0.279999997,0,0,0
13_47,0.274509804,233.6568627,0,1,10,2,7,6,3,1,9,435,148.4187101,263.5709984,167.5719565,32.78728718,29,1.724137931,4434.151129,3.105555556,14,0,0,0,1.679999993,3.240000002,0,0,6.320000013,1.720000013,0,0,17.87999994,54.16000004,0,0,0,7.159999997,7.84,0,0,0
13_48,0.346534653,219.4554455,0,0,6,4,2,7,0,0,1,387,228.411968,259.4864767,120.3642958,34.22735548,24,1.75,3006.858028,3.961111111,12,1.12,0,0,0,5.439999997,0,0,27.56000004,18.87999995,0,0,0,43.52000001,0,0,0,0,3.479999992,0,0,0
13_49,0.347826087,192.3565217,3,2,11,1,1,4,4,1,10,585,263.1313331,342.870084,166.586231,37.37528616,39,1.512820513,4113.041038,5.127777778,12,1.24,0,0,0,2.839999999,0,0,10.39999998,0.039999997,0,0,26.27999998,40.60000004,0,0,0,5.679999997,12.92,0,0,0
13_50,0.305785124,215.214876,0,0,14,0,12,2,2,0,5,244,155.6171375,187.7166443,112.8882274,40.67520781,11,1.818181818,1979.895916,4.922222222,12,0,0,0,0,1.08,0,0,5.039999981,53.88000005,3.600000003,0,5.199999993,20.59999996,0,0,0,7.52,3.080000015,0,0,0
13_51,0.107692308,241.8461538,4,0,22,0,15,9,22,0,7,134,73.39153589,55.38411795,35.76460001,43.10801366,29,1.448275862,2909.54249,4.8,11,0,0,0,0,6.599999998,0,0,15.88,50.59999998,2.919999997,0,0,1.960000025,0,0,0,16.56,0,5.480000005,0,0
13_52,0.164948454,284.7835052,1,1,10,1,13,6,8,0,8,76,128.5294286,88.3321072,29.67015137,53.83894203,18,1.5,2238.299246,4.027777778,10,1.560000007,0,0,0,3.439999995,0,0,18.48000001,58.55999996,2.80E-09,0,0.479999995,6.200000025,0,0,0,11.12000001,0,0.159999995,0,0
13_53,0.330645161,276.8306452,0,1,11,1,10,6,1,0,8,253,298.8663545,175.3513593,37.86687295,52.46000556,19,1.578947368,2262.915408,5.55,10,1.359999993,0,0,0,9.880000004,0,0,15.51999998,42.60000007,2.84,0,1.63E-09,21.27999994,0,0,0,6.520000004,0,0,0,0
13_54,0.573221757,216.3598326,2,5,6,2,2,9,2,2,11,303,522.2590904,539.0301276,145.1945408,46.46738739,31,1.419354839,3328.337543,6.288888889,10,2.240000004,0,0,0,4.679999998,0,0,22.96000006,14.15999992,0.88,0,38,0,0,0,0,13.20000001,3.880000001,0,0,0
13_55,0.692307692,157.2884615,0,0,6,3,4,8,4,1,2,425,511.8602654,422.6486273,136.1154309,45.6950639,11,3,3646.008439,9.388888889,10,0,0,0,0,1.679999998,0,0,33.75999998,18.96,0,0,30.04000001,4.36E-09,0,0,0,10.39999998,5.160000018,0,0,0
13_56,0.772727273,96.59090909,0,3,25,2,16,9,15,2,12,417,300.6544795,414.401966,131.8526571,34.12094949,29,1.689655172,3920.557856,8.138888889,10,1.560000002,0,0,0,0,0,0,28.56,28.64000001,0,0,19.11999998,7.200000006,0,0,0,6.879999999,8.039999999,0,0,0
13_57,0.868421053,60.27631579,8,0,12,3,0,6,3,1,4,645,216.2466439,330.2677388,185.4178374,34.25712896,31,1.806451613,4090.533456,7.222222222,10,0.039999999,0,0,0,0,0,0,26.35999997,0.47999999,0,0,15.00000002,54.48000004,0,0,0,2.319999999,1.319999986,0,0,0
13_58,0.735294118,97.50980392,0,0,3,3,0,8,0,0,3,501,300.1411569,365.4387408,164.3184669,43.93504667,24,2.125,3626.567834,4.361111111,10,1.4,0,0,0,1.24,0,0,6.719999997,0,0,9.080000029,21.24000001,56.35999997,0,0,0,0.759999999,3.2,0,0,0
13_59,0.73,171.09,1,0,6,2,0,4,2,0,3,564,283.9423592,410.1076145,197.1786694,44.80160711,26,1.653846154,3117.032259,4.655555556,9,1.719999999,0,0,0,1.000000002,0,0,0,0,0,14.03999997,41.68,41.56000003,0,0,0,0,0,0,0,0
13_60,0.465346535,259.5247525,0,4,0,2,0,3,0,0,5,163,177.1773162,197.1442941,101.2594616,43.48961701,9,1.666666667,1218.818085,4.322222222,8,17.96000004,4.199999999,0,0,11.4,1.440000014,0,0,0,0,35.04,12.35999999,15.15999996,0,0,0,0,2.440000002,0,0,0
13_61,0.408163265,318.2653061,0,1,0,0,0,1,0,0,0,47,86.39594404,86.64672077,71.74296655,41.31525085,8,2.5,1239.777225,3.627777778,8,73.67999999,0,0,0,4.520000011,6.719999986,0,0,0,0,0,8.840000002,5.48,0,0,0,0,0.760000014,0,0,0
13_62,0.097560976,337,1,1,1,1,0,2,1,1,4,190,50.48838449,82.38786113,72.31244167,38.27542341,17,1.823529412,2496.041171,2.283333333,7,24.72,9.200000021,0,0,3.719999991,0,0,2.200000028,0,0,0,10.99999998,16.87999999,0,0,0,0,32.27999999,0,0,0
13_63,0.090909091,375.4545455,0,0,4,0,0,3,0,0,8,265,50.60059858,62.84454379,134.7964858,27.49999324,25,1.44,2150.801612,1.133333333,7,38.88000002,3.559999986,0,0,18.04,0.200000004,0,7.759999971,0,0,0,0.440000005,31.12000001,0,0,0,0,0,0,0,0
13_64,0,392,0,0,0,0,0,2,0,0,2,19,19.48681603,18.81224758,19.83641174,22.46806788,4,2.5,970.5047991,0.477777778,7,82.79999996,0,0,0,7.080000001,0.719999996,0,0,1.159999999,0,0,0.759999998,3.55999998,0,0,0,1.560000067,2.359999999,0,0,0
14_21,0,376.8,0,1,5,1,3,1,0,0,0,11,11.50056913,11.03201803,7.329324745,8.952200676,1,3,888.550355,0.844444444,9,88.60000002,0,0,0,0.44,1.64,0,0,0,0,0,9.319999979,0,0,0,0,0,0,0,0,0
14_22,0,324,0,0,0,0,0,0,0,0,0,71,77.79400178,58.39722001,28.85073744,27.70510734,4,1.75,1034.98833,1.516666667,10,78.31999996,0,0,0,1.160000001,6.520000008,0,0,0,0,0,14.00000003,0,0,0,0,0,0,0,0,0
14_23,0.068965517,347.0344828,0,0,2,0,0,3,0,0,2,101,109.2094867,93.52972067,69.72678547,27.47121582,9,1.444444444,1404.40254,3.05,11,57.55999996,0,0,0,20.08,0.959999992,0,19.08000006,0,0,0,2.319999987,0,0,0,0,0,0,0,0,0
14_24,0.078651685,354.8426966,2,0,5,0,9,8,6,1,4,90,117.7386821,112.1626655,80.12599249,28.07319667,16,1.5,1800.553373,3.538888889,10,14.99999994,3.799999997,0,0,21.71999999,0,0,14.27999997,40.00000011,0,0,0,0,0,0,0,5.04,0.159999998,0,0,0
14_25,0.094339623,344.3396226,1,0,33,2,40,15,11,0,4,136,117.2282646,86.11266973,79.94156983,24.58572245,11,1.545454545,2230.002382,3.933333333,10,0,0,0,0,3.640000001,0,0,7.600000005,85.07999997,0,0,0.200000002,7.53E-09,0,0,0,3.480000012,0,0,0,0
14_26,0.08,290.4,0,1,26,5,29,8,7,0,9,260,95.64596351,113.2986695,144.2739133,20.98269132,22,1.454545455,2630.85094,3.444444444,11,0,0,0,0,14.68000002,0,0,28.92000003,35.43999997,0,0,0.640000004,12.43999999,0,0,0,7.559999987,0.320000004,0,0,0
14_27,0.076923077,263.0549451,2,0,17,4,10,8,4,1,10,652,174.8617586,235.7135387,254.2451964,22.03749642,38,1.578947368,4148.757504,3.244444444,11,0.599999997,0,0,0,5.959999985,0,0,69.76000001,6.799999964,0,0,7.239999982,5.520000041,0,0,0,4.120000021,0,0,0,0
14_28,0.26984127,266.7063492,2,0,17,4,2,7,7,0,6,566,207.3433287,217.1668819,255.4855649,31.81858766,40,1.475,3808.983217,3.377777778,12,0,0,0,0,5.360000001,0,0,23.67999999,0,0,0,27.12000006,41.79999997,0,0,0,2.039999978,0,0,0,0
14_29,0.243902439,290.3658537,1,0,1,1,0,4,1,0,6,380,139.8842149,292.8796894,191.1186195,28.94039157,23,1.652173913,2890.700432,3.588888889,13,1.4,0,0,0,39.12000007,0,0,0,0,0,0,48.39999996,11.07999998,0,0,0,0,0,0,0,0
14_30,0.291139241,247.1518987,0,1,1,0,0,3,2,1,3,38,52.15804001,41.56984512,16.97732237,39.42317904,7,1.714285714,1043.301848,3.3,13,0,0,4.520000045,0,71.63999994,0,0,0,3.279999994,0,0,13.27999999,1.080000028,0,0,0,0,6.2,0,0,0
14_31,0.428571429,260.7792208,0,0,7,0,12,8,4,0,2,69,51.13889108,45.93503629,10.83460689,39.38891197,15,1.533333333,2074.271404,3.033333333,13,0.68,0,44.84,0,33.8,0,0,0,3.400000012,3.64,0,4.120000003,9.519999979,0,0,0,0,0,0,0,0
14_32,0.412698413,272.2222222,0,0,7,0,17,7,4,1,5,31,104.2656777,58.37073469,37.1339668,44.5445715,14,1.5,2017.244717,3.538888889,13,0,0,10.11999994,0,21.47999998,0,0,0.04,58.40000007,2.400000004,0,3.599999998,0,0,0,0,0,3.960000007,0,0,0
14_33,0.387096774,309.7311828,0,0,7,0,13,11,2,0,14,140,148.4434237,57.76294121,30.82132023,53.23348611,15,1.533333333,2214.916671,4.255555556,13,0,0,0,0,9.799999992,0,0,15.32,59.63999994,3.04000001,0,1.28,8.76000004,0,0,0,0,2.160000019,0,0,0
14_34,0.521126761,292.6408451,0,0,10,0,6,5,2,1,6,280,156.6985132,189.3952427,114.7272468,52.62538585,32,1.8125,3832.546402,5.194444444,13,4.760000009,0,0,0,11,0,0,3.96000003,26.79999995,1.719999987,0,3.040000002,31.36000003,0,0,0,11.04000002,6.319999982,0,0,0
14_35,0.522522523,242.4234234,1,0,2,2,2,7,2,0,8,618,211.478997,237.5930206,226.365161,44.02791729,37,1.351351351,4091.965445,7.416666667,13,9.039999989,0,0,0,5.879999999,0,0,14.72000001,0,0,0,5.440000019,60.31999999,0,0,0,4.599999988,0,0,0,0
14_36,0.551724138,198.0758621,0,2,0,2,0,5,0,1,4,186,94.34282065,131.3602626,123.9266618,47.50025606,12,1.833333333,1618.872994,7.666666667,13,11.35999999,0,0,0,26.44000001,0,0,11.99999996,0,0,0,15.64000001,5.520000013,0,0,0,0,29.04000003,0,0,0
14_37,0.759036145,134.0060241,2,0,2,4,2,8,0,1,7,719,146.69007,303.9745648,267.9559032,22.2918685,46,1.608695652,4620.505009,7.072222222,15,0,0,0,0,3.23999999,0,0,15.80000003,0,0,0,4.799999984,74.36000003,0,0,0,0,1.799999973,0,0,0
14_38,0.8,63.864,2,2,6,5,3,5,1,0,10,524,144.3269325,245.8555195,175.9575746,21.61768294,31,1.709677419,3770.150731,5.883333333,15,0.6,0,0,0,1.76,0,0,15.47999999,5,0,11.56,10.84000002,49.79999999,0,0,0,4.960000005,0,0,0,0
14_39,0.651428571,102.0514286,1,0,3,3,0,6,4,1,9,739,320.8679312,497.453919,175.1386609,55.67868803,26,1.769230769,4080.498676,5.283333333,16,0,0,0,0,3.359999991,0,0,0.719999989,0,0,0,14.87999997,80.00000005,0,0,0,1.039999995,0,0,0,0
14_40,0.651933702,146.839779,2,0,9,3,0,3,6,0,10,622,173.8326522,359.7694071,182.9163652,48.89491034,40,1.725,5065.455435,5.188888889,16,9.680000008,0,0,0,1.920000007,0,0,10.88000001,0,0,0,11.6,65.91999998,0,0,0,0,0,0,0,0
14_41,0.487179487,182.8205128,0,0,5,2,0,4,0,2,8,394,111.5406881,205.3450655,204.9891633,26.67412512,35,1.485714286,3332.761195,4.561111111,16,5.279999993,0,0,0,9.639999985,0,0,1.679999989,0,6.799999999,0,40.72000003,29.03999999,0,0,0,4.12000001,2.72,0,0,0
14_42,0.216666667,252.7333333,1,1,3,4,1,1,0,0,0,411,57.66147306,110.0774925,275.6612018,12.79354773,20,1.5,2560.002074,4.638888889,16,0,0,0,0,11.08,0,0,7.039999985,0,0,0,53.40000005,27.07999998,0,0,0,1.39999999,0,0,0,0
14_43,0.097087379,239.961165,0,1,6,1,2,8,1,1,4,509,163.1037539,197.5403595,248.7018157,18.31441406,35,1.457142857,3135.365338,4.233333333,14,0,0,0,0,3.56,0,0,9.080000034,0,0,0,27.67999998,57.23999997,0,0,0,0,2.440000013,0,0,0
14_44,0.212962963,209.3055556,1,0,13,0,0,10,7,1,3,670,217.6354013,255.0749432,343.9527597,30.54010638,39,1.461538462,4206.839042,4.527777778,14,1.640000009,0,0,0,0,0,0,24.99999996,0,0,0,15.40000005,48.51999999,0,0,0,7.519999997,1.92,0,0,0
14_45,0.217054264,207.9534884,1,1,8,4,1,3,4,1,3,445,152.5818247,214.2040854,203.3003414,32.40555353,26,1.653846154,3159.616546,3.688888889,15,0.239999993,0,0,0,7.760000003,0,0,0,0,0,0,49.88000002,36.2,0,0,0,5.919999984,0,0,0,0
14_46,0.303797468,172.9240506,1,0,10,0,0,4,8,1,6,492,106.4930597,230.1353275,189.7180634,25.56510905,38,1.315789474,3636.753516,3.622222222,15,0,0,0,0,8.719999997,0,0,29.67999999,0.720000009,0,0,40.88,6.839999997,0,0,0,12.2,0.960000003,0,0,0
14_47,0.338709677,183.8064516,4,0,19,1,13,8,4,0,7,262,135.9196568,83.09088524,65.51078377,37.61401502,17,1.529411765,2639.421949,3.305555556,14,0,0,0,4.320000008,2.679999984,0,0,4.319999971,56.68000004,1.959999998,0,7.919999974,15.84000002,0,0,0,6.280000003,0,0,0,0
14_48,0.386363636,157.4318182,2,0,16,2,7,13,6,1,7,36,192.9478162,121.1940587,48.05385257,38.57243063,9,1.555555556,1789.01264,4.133333333,13,0,0,0,0,2.799999999,0,0,4.52,69.47999996,0,0,0,2.640000015,0,0,0,16.20000001,4.360000009,0,0,0
14_49,0.454545455,154.1313131,2,0,16,5,15,8,8,1,4,422,268.8683602,321.2076288,87.16308596,42.1332083,41,1.536585366,3982.623532,5.166666667,12,0,0,0,0,3.600000004,0,0,16.51999998,29.15999998,4.640000003,0,20.80000002,10.92000003,0,0,0,14.35999998,0,0,0,0
14_50,0.43,178.935,3,1,13,1,12,4,3,3,12,377,226.7161518,190.563913,136.3241246,43.7658153,50,1.42,4197.495931,4.627777778,12,0.64,0,0,0,2.200000007,0,0,13.32,21.88000007,0.519999995,0,22.39999997,17.47999996,0,0,0,18.6,2.96,0,0,0
14_51,0.355263158,237.3289474,1,5,19,0,14,8,10,7,2,68,126.2573854,55.90193898,37.55883622,44.4398936,8,1.75,1438.381612,4.966666667,11,0,0,0,0,14.56000001,0,0,3.599999979,47.83999998,0.52,0,0,0,0,0,0,0.399999997,33.08000003,0,0,0
14_52,0.1125,309.2625,4,0,11,2,6,13,5,3,5,335,163.2252442,124.7531991,60.57982438,51.04890679,27,1.518518519,3247.860718,4.277777778,11,0.400000007,0,0,0,8.199999983,0,0,0,17.64000001,0,0,22.52,30.52000005,0,0,0,5.6,15.11999995,0,0,0
14_53,0.463157895,264.3473684,1,0,5,1,0,4,4,0,6,619,193.8252729,338.5795031,177.7838511,54.76196552,25,1.64,3462.926774,5.061111111,10,0.199999998,0,0,0,0,0,0,4.840000012,1.440000024,0,0,23.24000005,70.27999992,0,0,0,0,0,0,0,0
14_54,0.71559633,176.7522936,6,1,16,1,7,6,7,3,7,270,263.7630468,293.6373132,131.4090529,51.52497693,13,1.692307692,2201.347267,6.833333333,10,0.879999995,0,0,0,13.96000002,0,0,0.96,26.52000002,1,0,28.39999994,14.8,0,0,0,13.48000003,0,0,0,0
14_55,0.646464646,129.9545455,0,3,4,2,1,8,0,1,4,256,368.6304055,183.4444039,104.3465744,41.6136454,28,2.142857143,3561.453176,13.67777778,10,0,0,0,0,7.319999975,0,0,3.960000036,0.319999986,0,0.120000002,53.88,8.400000038,0,0,0,7.799999964,18.2,0,0,0
14_56,0.647163121,151.9308511,1,0,8,5,1,5,1,2,9,543,339.6877471,291.5546311,174.8115702,35.67042544,29,1.896551724,4796.652824,11.33888889,10,0,0,0,0,0,0,0,44.72000005,0,0,26.83999996,6.640000009,21.79999998,0,0,0,0,0,0,0,0
14_57,0.760869565,62.43478261,0,0,4,1,0,7,4,0,6,527,145.4408738,200.2473812,238.6264844,21.44537145,32,1.78125,3758.196272,11.72222222,10,0.240000009,0,0,0,0,0,0,21.71999995,0,0,1.959999989,0,73.00000005,0,0,0,3.08,0,0,0,0
14_58,0.8,101.3571429,0,0,4,3,0,5,0,0,8,574,123.5641211,284.114,171.9065716,24.17676392,13,2.076923077,3101.925286,4.138888889,10,1.799999991,0,0,0,0,0,0,0,0,0,0,11.28000002,81.35999999,0,0,0,5.560000003,0,0,0,0
14_59,0.69,171.3,12,0,21,10,1,4,9,2,7,613,224.6565709,402.1865022,169.9780216,45.75212278,27,1.703703704,3883.769205,3.761111111,9,0,0,0,0,0.439999999,0,0,2.68,0,0,0,33.51999999,57.20000001,0,0,0,6.159999997,0,0,0,0
14_60,0.614814815,227.1703704,0,0,3,0,0,4,0,2,4,504,258.6180026,327.7285975,158.2130589,56.65888315,22,1.681818182,3453.397352,3.205555556,8,8.200000009,0,0,0,7.640000024,0,0,7.92,0,0,1.999999997,11.84000002,59.47999995,0,0,0,0,2.919999998,0,0,0
14_61,0.348484848,274.0151515,0,0,1,0,0,1,0,0,0,193,179.5327133,124.6033324,57.82498507,52.02566039,11,1.818181818,2538.462108,2.522222222,8,63.72000004,0,0,0,4.31999999,0,0,0,0,0,0,11.11999998,20.84,0,0,0,0,0,0,0,0
14_62,0.2,315.5,0,0,0,0,0,1,0,0,5,0,104.9879006,32.93049065,34.45822087,42.47004762,4,1.75,329.0030326,1.233333333,8,49.83999996,21.84000001,0,0,28.20000003,0,0,0,0,0,0,0.079999997,0,0,0,0,0,0.04,0,0,0
14_63,0.090909091,348.4545455,0,0,0,0,0,0,0,0,2,2,40.82306403,12.62391362,27.19528366,32.9807829,0,1,312.0021016,0.588888889,7,41.80000004,2.199999987,0,0,47.03999995,1.200000018,0,0,0,6.48,0,1.280000005,0,0,0,0,0,0,0,0,0
14_64,0,354.6666667,0,1,0,0,0,5,0,0,1,13,15.87061003,10.64472839,9.032512163,22.38961194,3,1.333333333,762.9527842,0.194444444,7,75.79999999,0,0,0,13.64000003,4.479999982,0,0,0,0,0,6.079999993,0,0,0,0,5.26E-09,0,0,0,0
15_19,0,154,0,0,0,0,1,0,0,0,2,1,3.75504593,4.348895801,4.403945115,6.751,4,2.25,952.1060628,0.066666667,9,7.119999991,0,0,40.51999991,16.68000002,0.079999996,0,0,0,0,0,2.079999996,0,0,0,0,7.919999998,25.60000008,0,0,0
15_21,0,295,1,0,0,0,0,0,0,1,0,15,4.574103828,7.436471503,9.94154216,6.338855588,4,1.25,738.1651415,0.333333333,10,64.64000004,0,0,0,14.95999997,6.160000002,0,0,0,6.879999994,0,5.360000015,0,0,0,0,0,1.999999982,0,0,0
15_22,0.083333333,299,0,0,0,0,0,0,0,0,0,5,57.45346711,37.43819411,29.75336554,18.33000135,3,2.666666667,951.3174292,0.738888889,11,94.60000002,0,0,0,0,1.159999998,0,0,0,0,0,4.239999979,0,0,0,0,0,0,0,0,0
15_23,0.064516129,334.8709677,0,0,1,0,0,2,0,0,0,88,154.8213416,74.06050454,82.77309719,32.68087753,8,1.25,1282.941979,1.711111111,11,65.95999996,5.71E-09,0,0,15.56000001,0,0,0,0,0,0,17.28000003,0,0,0,0,0,1.199999996,0,0,0
15_24,0.035714286,306.6785714,1,0,5,0,1,5,0,0,3,224,119.6783862,103.5077119,86.27553379,27.0785243,17,1.705882353,2136.550877,2.505555556,11,6.039999974,21.28,0,0,22.68000002,0,0,0,3.000000046,0,0,28.39999995,14.2,0,0,0,2.680000011,1.720000002,0,0,0
15_25,0.194805195,303.1038961,0,0,6,2,6,6,1,2,3,348,125.2565219,98.39462042,147.3116933,20.44243098,19,1.526315789,2871.055936,2.872222222,12,0,0,0,0,11.91999999,0,0,1.680000002,20.47999998,0,0,24.20000004,26.27999999,0,0,0,3.359999989,12.08000001,0,0,0
15_26,0.275862069,286.6551724,0,0,3,0,3,5,3,1,6,526,109.3735108,101.2915975,260.7409371,14.89370509,38,1.394736842,4051.824399,3.238888889,11,0.759999997,0,0,0,5.919999984,0,0,13.68000007,0.520000008,0,0,63.19999993,12.24000001,0,0,0,1.200000013,2.479999979,0,0,0
15_27,0.131578947,220.2894737,0,0,0,2,13,7,4,0,17,279,156.1337831,127.4677696,168.9127989,35.80995456,29,1.379310345,2298.028866,3.338888889,11,0.320000003,0,0,0,19.48000002,0,0,8.559999934,22.43999997,1.64,0,34.56000009,0,0,0,0,12.99999999,0,0,0,0
15_28,0.069767442,247.7674419,0,0,1,0,3,4,0,0,3,260,140.3247338,149.231013,167.1891369,29.86414188,19,1.736842105,1976.375831,3.694444444,13,1.680000004,0,0,0,42.15999999,0,0,6.520000007,3.76,0,0,40.67999998,5.200000014,0,0,0,0,0,0,0,0
15_29,0.056603774,264.1320755,0,0,8,2,1,5,4,0,7,533,129.1197255,179.9667834,168.759555,24.81822341,32,1.5625,3850.26765,3.65,13,0.959999995,0,0,0,25.60000004,0,0,27.39999995,0,0,0,36.47999999,9.560000019,0,0,0,0,0,0,0,0
15_30,0.215909091,285.3068182,0,0,0,0,0,0,0,2,4,149,68.51559951,129.3470554,83.15472637,37.76683925,10,1.8,1402.997724,3.522222222,13,0,0,0,0,39.31999999,0,0,0,0,20.28000004,0,34.59999999,4.239999986,0,0,0,0,1.56,0,0,0
15_31,0.232876712,262,0,0,4,3,1,4,0,3,4,244,62.32808213,83.92844687,96.13949349,34.68735256,11,1.727272727,1880.534519,4.311111111,13,0,0,0,0,28.79999997,0,0,0,0,4.759999963,0,41.36000008,13.43999999,0,0,0,0,11.64,0,0,0
15_32,0.131147541,255.147541,0,1,1,0,0,4,1,0,3,142,80.65699269,65.37178717,80.07503096,33.5259183,7,2,1195.594804,4.383333333,13,0,0,0,0,36.76000007,0,0,3.360000009,5.680000015,0.840000001,0,34.67999991,0,0,0,0,0,18.67999999,0,0,0
15_33,0.186440678,305.7457627,0,0,7,0,18,9,1,0,3,29,80.54148344,34.41763553,18.01233517,46.61854162,9,1.444444444,1309.379798,4.761111111,14,0,0,0,0,25.03999992,0,0,7.45E-12,67.32000007,1.999999998,0,5.240000001,0,0,0,0,0.400000006,0,0,0,0
15_34,0.212765957,260.3617021,1,0,12,0,13,12,5,0,10,170,105.2480102,118.3638861,47.50457692,47.4642249,32,1.78125,4031.694013,4.988888889,13,2.760000026,0,0,0,5.199999999,0,0,12.92000005,47.11999993,0,0,21.84000001,0,0,0,0,10.15999999,0,0,0,0
15_35,0.464285714,205.1428571,4,1,14,7,8,6,1,1,5,343,142.7596086,266.8102736,99.91742677,47.9786949,44,1.840909091,4622.841574,8.077777778,13,8.799999995,0,0,0,3.240000001,0,0,36.75999996,8.279999979,0,0,11.52,25.52000006,0,0,0,5.880000003,0,0,0,0
15_36,0.684210526,157.8891967,9,0,25,7,6,10,22,0,13,459,38.33061595,243.7524061,162.0370778,55.52502943,45,1.666666667,4511.383929,7.922222222,14,0.279999997,0,0,0,2.080000014,0,0,48.28000001,2.399999993,0,0,7.920000015,29.71999996,0,0,0,0,9.320000011,0,0,0
15_37,0.720379147,123.042654,1,2,5,5,1,4,3,2,4,484,153.5890745,336.18381,196.0565706,37.20215957,31,1.64516129,3932.637032,8.394444444,15,0,0,0,0,7.559999996,0,0,30.04,0,0,7.319999986,21.84,22.36000002,0,0,0,2.280000006,8.6,0,0,0
15_38,0.681415929,115.5663717,0,0,3,6,0,3,1,0,11,578,212.9036923,351.5713958,183.5568122,43.92424561,19,1.789473684,3365.044743,6.627777778,15,0,0,0,0,15.76000004,0,0,15.63999995,0,0,0,26.48000002,37.96,0,0,0,4.159999994,0,0,0,0
15_39,0.537878788,181.3257576,0,4,1,0,0,0,0,0,0,84,28.90235367,307.6601816,74.16078075,55.489955,5,2,546.3574923,5.85,16,0,0,0,0,68.96,0,0,0,0,0,0,22.56000002,4.039999979,0,0,0,0,4.44,0,0,0
15_40,0.349593496,219.0406504,1,1,0,1,1,2,0,0,5,179,16.95391631,209.9933462,105.6109049,39.01946096,11,1.545454545,1758.179415,5.488888889,17,0,0,0,0,52.71999999,0.280000007,0,0,0,0,0,44.07999998,2.920000016,0,0,0,0,0,0,0,0
15_41,0.463917526,225.5670103,2,0,8,1,2,5,3,0,7,509,82.33151384,169.0435738,181.0508731,19.89965644,34,1.470588235,3350.968765,5.25,16,0,0,0,0,19.51999996,0.999999992,0,1.359999998,4.879999999,0,0,25.19999999,42.72000005,0,0,0,5.32,0,0,0,0
15_42,0.253246753,262.1493506,1,2,9,0,1,7,4,1,6,542,149.6315923,241.4669327,193.1127267,25.53492726,35,1.457142857,4023.511813,6.077777778,16,2.32,0,0,0,4.19999999,0,0,3.480000015,0,0,0,1.760000023,80.03999998,0,0,0,0,8.199999989,0,0,0
15_43,0.234972678,232.9398907,4,0,11,1,0,6,2,1,6,637,135.8242687,216.6135545,275.3367413,23.95259086,36,1.5,4151.954202,6.1,15,0,0,0,0,0,0,0,7.800000005,0,0,0,8.240000001,80,0,0,0,3.479999999,0.479999999,0,0,0
15_44,0.431818182,190.9431818,0,0,2,1,0,4,1,1,6,329,124.4372873,167.2803094,229.7241706,24.41849244,34,1.470588235,3126.979788,6.6,16,1.48,0,0,0,7.48000003,0,0,3.680000019,0,0,0,57.43999995,18.32,0,0,0,11.28000001,0.319999995,0,0,0
15_45,0.531531532,156,1,1,7,2,16,17,3,0,9,231,147.135026,94.66971657,114.4629181,32.86398745,17,1.823529412,2746.128046,4.422222222,15,0,0,0,0,3.839999982,0,0,19.55999999,42.16000003,1.8,0,12.39999998,12.07999999,0,0,0,8.160000026,0,0,0,0
15_46,0.595744681,140.7446809,1,0,5,1,3,10,2,1,3,275,66.03448338,124.9891457,120.0797159,20.87241929,32,1.15625,2352.63143,4.083333333,15,0,0,0,0,25.11999999,0,0,42.88000003,14,4.319999997,0,0,0,0,0,0,13.67999999,0,0,0,0
15_47,0.538461538,154.5192308,0,0,0,0,7,7,1,1,3,83,76.71283682,63.75337386,57.96155921,28.70162555,11,1.545454545,896.7750376,3.644444444,14,0,0,0,0,18.27999999,0,0,18.80000004,47.55999994,3.72,0,0,4.200000029,0,0,0,7.439999997,0,0,0,0
15_48,0.617977528,110.8426966,0,1,6,4,7,8,3,0,6,251,107.3433967,122.6344878,43.71772854,36.2001821,30,1.7,3495.087425,4.238888889,13,0,0,0,0,2.560000001,0,0,34.55999996,20.12000006,4.200000002,0,17.88000002,14.83999996,0,0,0,5.84,0,0,0,0
15_49,0.5,183.766129,0,3,0,2,0,5,0,1,1,305,222.3889815,313.8960668,92.56565613,51.95108041,48,1.5,3747.602456,5.316666667,13,0,0,0,0,0.8,0,0,16.72000004,1.199999973,0.239999997,0,58.59999999,0.079999998,0,0,0,8.720000006,13.64,0,0,0
15_50,0.448529412,160.375,3,0,9,5,0,4,6,0,8,434,160.0192761,290.3930348,156.8493003,41.68912916,28,1.678571429,3222.368656,5.555555556,12,0,0,0,0,3.360000003,0,0,25.68000001,0,0,0,58.99999999,5.880000001,0,0,0,6.079999996,0,0,0,0
15_51,0.24742268,214.0103093,0,2,4,1,1,2,0,1,7,220,147.2200761,138.1149693,107.3673203,42.89825999,25,1.72,2431.879734,5.388888889,11,0,0,10.68000001,0,28.23999999,0,0,3.159999973,4.480000014,0.279999997,1.59999999,37.03999996,4.760000036,0,0,0,0,9.760000015,0,0,0
15_52,0.224489796,309.0408163,2,0,5,3,0,7,4,0,2,512,270.8170873,289.8077525,231.503513,42.27280994,50,1.54,5045.020448,4.833333333,11,1,0,1.719999987,0,0,0,0,16.6,0,0,0,1.200000002,73.72000001,0,0,0,5.56,0.199999998,0,0,0
15_53,0.466101695,249.5084746,2,0,11,7,0,4,4,0,7,642,403.2352215,308.2136152,296.1435082,36.29345228,30,1.6,3887.501963,3.783333333,11,0,0,0,0,0,0,0,0,0,0,0,44.2,55.67999999,0,0,0,0.120000009,0,0,0,0
15_54,0.52173913,199.9130435,0,0,3,0,1,4,0,0,0,309,130.8096275,128.8288662,167.9367688,36.20322185,10,2.2,2442.419128,5.405555556,10,0,0,0,0,41.36000007,0,0,0,3.319999994,0.839999994,0,33.31999997,3.559999959,0,0,0,15.91999999,1.680000022,0,0,0
15_55,0.602362205,205.7480315,12,0,4,2,2,8,6,4,8,165,130.0124415,72.45215253,22.08766389,38.52873705,39,1.820512821,4647.950088,11.82222222,10,0.68,0,0,0,16.63999994,0,0,2.720000021,12.67999998,1.639999999,17.60000006,21.64000002,2.160000011,0,0,0,7.039999998,6.559999977,10.63999998,0,0
15_56,0.654885655,228.7370062,1,1,5,7,1,9,1,0,2,205,252.1869868,220.8117318,113.3011785,31.92853174,28,1.892857143,3652.733937,8.911111111,10,0,0,0,0,3.64,0,0,0.879999975,0,0,64.84000003,0,30.63999999,0,0,0,0,0,0,0,0
15_57,0.725146199,144.2807018,0,0,4,1,0,3,0,0,6,497,113.1524072,172.4893479,224.8060563,18.71553674,23,1.434782609,2561.788542,11.43333333,10,0.4,0,0,0,2.84,0,0,6.880000004,0,0,6.199999953,30.04000001,53.64000004,0,0,0,0,0,0,0,0
15_58,0.787878788,169.4848485,4,0,7,2,0,5,3,1,2,524,119.7386132,204.8990054,238.2468723,17.16253022,18,1.777777778,2804.880926,4.188888889,10,0,0,0,0,0,0,0,0,0,0,0,10.43999996,89.56000004,0,0,0,0,0,0,0,0
15_59,0.690140845,193.028169,0,0,8,1,0,4,4,0,11,614,186.4388578,300.6775296,248.5255683,27.80802004,32,1.75,3903.611936,3.183333333,9,0.56,0,0,0,0,0,0,14.76000001,0,0,0,1.280000021,82.39999996,0,0,0,0.800000004,0.199999999,0,0,0
15_60,0.538461538,213.3384615,2,0,11,7,0,9,0,0,7,372,114.0315217,184.3042427,174.150528,27.37955755,21,1.904761905,3221.608665,2.677777778,9,20.12000001,0,0,0,0.48,0,0,1.639999987,0,0,0,43.28000002,28.55999998,0,0,0,5.92,0,0,0,0
15_61,0.52,248.88,0,1,3,2,0,2,0,0,2,222,30.89778558,47.3871737,41.94633508,17.44560707,11,1.727272727,2005.782946,1.838888889,8,23.28000001,0,0,0,1.920000003,6.32,0,0,0,0,0,53.24000001,10.39999998,0,0,0,4.84,0,0,0,0
15_62,0.5,312.125,0,0,2,0,1,3,0,1,2,106,5.524239176,13.57739125,15.49098645,10.76549334,1,3,878.925756,0.738888889,8,55.96000002,0,0,0,7.32,0.480000005,0,0,0,0,0,29.63999998,0,0,0,0,5.079999999,1.52,0,0,0
16_19,0,169.5,0,0,2,0,1,3,2,0,2,142,13.76105199,44.67252215,57.79030706,7.88146574,8,2,1579.08661,0.188888889,9,45.51999997,0,0,0,8.599999987,3.599999995,0,0,0,0,0,28.72000001,7.320000039,0,0,0,6.24,0,0,0,0
16_20,0,190.6666667,0,1,1,1,1,1,0,0,4,238,19.8888948,77.41084557,152.8895425,8.536925077,21,1.142857143,2095.808855,0.366666667,10,37.40000002,0,0,0,11.32000003,3.279999995,0,10.64,0,0,0,15.8,20.71999996,0,0,0,0,0.840000011,0,0,0
16_21,0,181.2222222,0,0,0,0,0,0,0,0,3,21,8.082353218,32.77874855,72.55315868,5.576728914,2,2,721.4608017,0.45,10,69.79999998,0,0,0,17.00000002,2.720000021,0,0,0,0,0,10.39999998,0,0,0,0,0,0.079999999,0,0,0
16_22,0,273.5714286,0,0,1,0,0,0,0,0,0,14,8.077014469,16.13076923,25.09614828,5.579809117,2,1.5,272.7922623,0.961111111,11,82.16000006,0,0,0,5.119999957,8.919999976,0,0,0,0,0,3.800000003,0,0,0,0,0,0,0,0,0
16_23,0.035714286,329.9642857,0,0,1,1,0,4,1,1,2,329,137.2256495,215.4747862,115.1679774,33.23117623,22,1.681818182,2970.505469,1.916666667,11,31.27999991,1.04,0,0,2.879999998,0,0,0,0,0,0,36.84000002,24.44000007,0,0,0,0,3.520000003,0,0,0
16_24,0.121212121,277.4090909,0,0,12,3,1,5,4,0,10,689,139.7553777,294.7956285,258.5642342,27.20451156,34,1.470588235,3972.126668,2.633333333,12,0,0,0,0,0,0,0,24.32000003,0,0,0,21.23999999,53.35999997,0,0,0,1.080000006,0,0,0,0
16_25,0.269230769,235.8589744,4,1,14,5,3,9,5,3,12,552,193.8058131,228.0341907,234.9750775,23.83677697,39,1.512820513,4043.524656,2.883333333,12,0,0,0,0,0,0,0,25.07999996,0,0,0,8.240000032,53.27999999,0,0,0,4.839999994,8.560000026,0,0,0
16_26,0.313432836,226.7164179,0,3,16,4,17,6,5,2,7,346,176.2604425,148.6531029,176.631926,24.8204155,43,1.348837209,3356.029917,3.266666667,12,0.720000003,0,0,0,13.71999999,0,0,14.16000002,24.40000006,0,0,31.83999999,13.43999995,0,0,0,0,1.719999983,0,0,0
16_27,0.32967033,178.2197802,20,1,50,6,30,10,34,3,12,212,162.0897334,73.35144952,73.93900418,39.8537999,26,1.769230769,3635.980208,3.238888889,11,0,0,0,0,0.599999999,0,0,39.08000001,37.35999993,0,0,0,5.680000036,0,0,0,11.96000001,5.320000015,0,0,0
16_28,0.24,172.04,2,1,16,4,16,10,1,0,9,545,126.9947862,228.0948305,135.8439405,30.68819196,35,1.457142857,3640.290518,3.372222222,13,0.84,0,0,0,8.960000025,0.92,0,19.43999998,11.63999999,0,0,16.96000001,37.32000003,0,0,0,2.519999993,1.279999985,0.119999999,0,0
16_29,0.211267606,213.0422535,3,1,11,4,0,3,5,3,7,464,168.1267039,218.4432414,225.7662005,28.08000191,32,1.5,3460.343804,3.222222222,13,10.28,0,0,0,1.919999977,0,0,12.72000001,1.119999997,0,0,1.400000027,72.07999999,0,0,0,0,0.48,0,0,0
16_30,0.150537634,241.5376344,0,1,4,0,4,4,1,1,4,574,230.3045018,323.2575035,240.525011,41.85906371,24,1.416666667,3343.434523,3.466666667,13,0,0,0,0,3.88,0,0,4.560000017,9.360000029,3.36,0,48.35999999,26.99999997,0,0,0,0,3.48,0,0,0
16_31,0.132075472,206.7641509,0,0,6,3,1,10,3,0,9,691,201.0665136,315.2203773,250.9984337,34.12374626,37,1.567567568,4322.433303,4.588888889,13,0,0,0,0,2.159999997,0,0,30.36000002,4.719999972,0,0,24.27999999,38.36000002,0,0,0,0.120000009,0,0,0,0
16_32,0.119617225,200.5311005,11,0,29,4,7,12,9,4,11,532,171.8900313,191.3339239,228.8897698,37.81483042,41,1.56097561,4374.145891,4.205555556,13,1.040000013,0,0,0,1.640000003,0,0,48.96000002,0,0,0,25.48000002,16.19999994,0,0,0,5.96,0.720000003,0,0,0
16_33,0.110091743,224.4862385,4,0,7,0,5,8,3,0,7,415,124.5755266,215.9071322,106.7717168,42.75094945,17,1.705882353,2535.421733,4.755555556,15,0.639999996,0,0,0,7.919999996,0,0,46.91999999,17.16000005,0,0,21.39999997,0,0,0,0,5.959999996,0,0,0,0
16_34,0.11627907,267.6976744,0,1,18,0,22,15,3,2,5,124,128.590542,138.9562507,80.7458468,40.57373597,11,2,2593.453106,5.288888889,15,0.440000005,0,0,0,7.440000013,0,0,11.07999998,50.68,0,0,2.239999993,10.36,0,0,0,10.96000001,6.8,0,0,0
16_35,0.202531646,227.6075949,0,0,25,4,22,9,4,2,4,284,229.4848133,134.510865,45.03891853,48.08127398,33,1.636363636,3714.565048,8.661111111,15,1.679999994,0,0,0,3.719999985,0,0,36.88000003,29.67999996,0,0,8.919999998,6.800000016,0,0,0,7.479999984,1.880000003,0,2.960000021,0
16_36,0.588235294,172.2072829,66,3,148,26,6,46,73,9,22,272,61.03852659,151.9510435,92.73330849,56.14891897,41,1.756097561,4896.810881,8.444444444,15,1.200000001,0,0,0,0.4,0,0,28.44000001,3.079999981,0,0,3.600000002,17.88000004,0,0,0,1.680000003,0.119999996,0,43.59999997,0
16_37,0.673913043,145.5869565,0,1,2,10,0,8,0,2,6,124,81.74435852,84.43576767,114.3581949,39.66842535,21,1.666666667,2768.451352,8.616666667,15,0,0,0,0,7.280000001,0,0,8.119999997,0,0,28.04,26.64000004,14.23999997,0,0,0,11.8,3.159999999,0,0.71999999,0
16_38,0.660377358,154.3490566,0,4,6,2,5,4,2,5,6,528,99.00635373,195.7780655,141.5436102,39.27087344,14,2,3060.460849,5.333333333,16,0,0,0,0,9.199999993,0,0,6.35999999,0,0,0,45.79999996,33.84000006,0,0,0,4.8,0,0,0,0
16_39,0.435714286,185.7357143,3,0,6,0,0,2,5,0,9,576,44.89872241,302.2663608,115.4315026,51.08467795,35,1.742857143,4455.39497,4.283333333,16,0,0,0,0,21.95999999,0,0,15.32000002,0.119999999,0,0,14.32000002,39.79999997,0,0,0,7.280000004,1.200000001,0,0,0
16_40,0.3,223.6888889,0,0,1,1,0,3,1,2,5,237,37.25341856,123.1058186,163.2053865,22.99942017,15,1.933333333,2027.056775,4.216666667,17,0,0,0,0,22.32000001,0,0,1.639999981,2.760000005,1.4,0,20.95999998,31.56000003,0,0,0,9.759999994,9.6,0,0,0
16_41,0.25,244.8571429,0,0,7,1,4,5,5,0,11,302,146.9349964,116.8564158,149.6043833,37.39760583,24,1.666666667,3104.457486,4.883333333,16,0,0,0,0,3.679999992,0,0,15.68,35.80000003,0,0,2.199999995,30.23999998,0,0,0,12.4,0,0,0,0
16_42,0.18902439,264.8719512,0,0,5,0,5,3,1,1,7,365,161.5025362,144.920104,117.2405657,43.20953599,18,1.555555556,2727.887021,6.405555556,16,0.960000005,0,0,0,7.640000018,0,0,3.839999999,25.99999995,0.799999997,0,4.400000015,43.12,0,0,0,8.480000002,4.760000019,0,0,0
16_43,0.22611465,254.8216561,10,1,24,15,0,13,12,4,12,288,137.830488,183.6910142,196.497264,41.21672176,47,1.446808511,4090.967725,5.905555556,16,3.599999994,0,0,0,9.839999997,0,0,11.68,0,0,0,22.76000002,36.31999998,0,0,0,11.52,4.280000015,0,0,0
16_44,0.38317757,237.7009346,0,0,12,1,9,5,1,1,13,356,80.29919673,118.9654486,133.0985588,20.88369127,17,1.588235294,2411.849419,6.688888889,16,0,0,0,0,10.15999999,0,0,4.32000002,22.68000003,2.520000003,0,48.35999998,0,0,0,0,8.2,3.75999998,0,0,0
16_45,0.406015038,193.5488722,0,0,5,1,9,8,2,0,9,200,211.5549344,144.959618,70.08752612,29.01660703,24,1.5,2753.882351,4.183333333,16,0,0,0,0,12.64000003,0,0,2.63999998,23.92,3.920000012,0,44.67999998,0,0,0,0,7.96,4.23999999,0,0,0
16_46,0.514285714,111.6190476,0,0,15,0,5,4,0,0,5,177,71.83533883,32.02765467,26.55556843,29.05300249,22,1.363636364,2632.645963,4.016666667,15,1.12,0,0,0,20.47999997,0.799999993,0,1.12,36.28000004,3.359999992,0,15.55999997,15.56000003,0,0,0,5.72000001,0,0,0,0
16_47,0.640625,83.921875,0,1,7,0,8,6,11,0,4,118,71.43982589,42.89933731,38.98480924,29.038,23,1.565217391,2696.168226,4.905555556,14,1,0,12.48,0,9.719999986,0,0,17.68000004,25.51999999,0,0,3.679999997,11.59999994,0,0,0,8.640000004,0,9.680000037,0,0
16_48,0.548192771,63.43975904,1,0,22,1,11,8,8,2,5,320,116.0667051,176.2040905,113.0594888,38.26616233,38,1.578947368,3560.560633,5.655555556,13,0.52,0,0,0,5.039999995,0,0,9.199999977,23.28,0,0,19.68000008,26.63999999,0,0,0,8.839999984,3.600000013,2.279999963,0.919999997,0
16_49,0.592105263,105.5328947,0,5,6,2,2,8,1,0,9,372,204.3295278,219.822425,192.9606826,49.70210823,34,1.470588235,3484.869985,6,13,0,0,0,0,0.92,0,0,4.2,0,0,0,35.31999999,28.40000003,0,0,0,13.08,18.07999998,0,0,0
16_50,0.408450704,188.9014085,0,0,9,1,0,7,1,0,4,506,196.2109074,240.1679758,209.5068968,37.74851544,32,1.78125,4024.258005,6,12,0.96,0,0,0,0,0,0,0,0,0,0,40.95999997,58.08000003,0,0,0,0,0,0,0,0
16_51,0.248618785,275.2541436,0,0,4,2,1,5,0,1,6,290,216.2490535,227.8896311,212.0207755,41.32439509,37,1.621621622,2903.188803,4.811111111,11,1.719999997,0,0,0,13.16000004,0,0,0,0,0.320000003,14.16000001,17.23999999,33.5199999,0,0,0,0,19.88000005,0,0,0
16_52,0.2421875,300.7421875,2,1,6,0,0,6,0,0,7,446,144.6449686,204.0696297,225.8891489,39.15070771,44,1.431818182,4372.550945,5.605555556,11,2.96,0,0,0,6.199999963,0,0,0,0,0,0,22.04000005,57.72000003,0,0,0,5.680000001,5.399999954,0,0,0
16_53,0.2,303.6,0,1,4,1,3,2,1,0,2,158,145.1016789,99.58083794,111.1171582,36.96706743,13,1.692307692,1399.458595,4.427777778,11,0,0,0,0,7.160000001,0,0,0,7.320000033,0,0,67.91999995,5.639999997,0,0,0,11.96000002,0,0,0,0
16_54,0.4,323.6333333,0,0,16,2,26,10,3,0,5,73,61.43894226,32.47569254,26.57891966,37.7765566,16,1.375,2621.65958,5.133333333,11,0,0,0,0,10.36,0,0,0,74.76,0.880000006,0,10.16000001,0,0,0,0,3.839999982,0,0,0,0
16_55,0.445945946,243.3378378,5,1,9,2,9,10,23,1,3,45,55.24583722,41.00733931,11.63356402,38.0248333,20,1.7,2940.679612,10.25,10,0,0,0,0,1.920000001,0,0,6.880000042,66.0799999,0.320000001,0,0,0,0,0,0,5.120000003,8.50E-10,19.68000005,0,0
16_56,0.551724138,240.4827586,9,2,29,8,3,14,15,4,14,355,182.3481261,361.408044,220.2441272,35.79266193,31,1.580645161,3754.598304,10.94444444,10,0,0,0,0,0,0,0,10.83999996,0,0,0,13.79999999,56.28000006,0,0,0,0,12.76000002,6.319999968,0,0
16_57,0.632075472,228.6603774,0,0,5,1,1,7,0,2,4,393,181.7132488,190.0142961,222.5803401,33.39962138,17,1.823529412,2777.409757,9.772222222,10,2.960000002,0,0,0,0,0,0,5.15999999,0,0,0,26.80000004,39.35999998,0,0,0,0,25.71999999,0,0,0
16_58,0.662790698,212.1744186,4,0,10,1,0,2,1,1,10,465,215.4349889,181.3027778,206.057991,27.22927334,29,1.551724138,3523.89198,3.333333333,10,2.080000003,0,0,0,0.76,0,0,0,0,0,0,21.15999997,67.12000006,0,0,0,0,8.879999976,0,0,0
16_59,0.568965517,234.5517241,5,1,13,1,0,6,3,2,4,383,187.0577764,204.0139131,185.2155749,25.06831481,27,1.777777778,3366.383933,2.055555556,9,19.28000001,0,0,0,0,1.15999999,0,0,0,0,0,18.88,56.32,0,0,0,0,4.360000005,0,0,0
16_60,0.576923077,235.0769231,0,0,2,0,1,1,0,0,2,117,43.96049477,38.12891113,55.51443932,15.29419288,4,2.25,1415.009602,1.327777778,9,71.20000003,0,0,0,0,2.8,0,0,0,0,0,16.44000001,9.55999996,0,0,0,0,0,0,0,0
16_61,0,239,0,0,1,0,0,4,0,0,0,20,5.06276247,18.94533701,21.61885091,10.644,3,2,248.7338973,0.7,8,89.6,0,0,0,0,0,0,0,0,0,0,10.4,0,0,0,0,0,0,0,0,0
17_19,0,199.8333333,1,0,2,2,0,1,0,0,2,53,17.29798079,59.60786798,73.14769984,13.10967724,4,1.75,660.4430914,0.283333333,10,70.35999999,0,0,0,10.71999998,3.039999984,0,0,0,0,0,13.76000002,0.480000014,0,0,0,1.640000012,0,0,0,0
17_20,0.047619048,136,1,0,12,5,0,9,2,0,5,534,77.23890655,203.1454881,286.0492226,10.69735939,44,1.340909091,3779.916255,0.633333333,10,3.439999983,0,0,0,0.08,0,0,13.96,0,0,0,8.359999989,66.56000002,0,0,0,6.039999988,1.560000016,0,0,0
17_21,0.1,111.3,0,0,3,1,0,3,0,0,5,487,13.12936543,122.4505758,223.6032725,5.541298212,33,1.303030303,3253.730494,0.916666667,10,0.160000001,0,0,0,14.52000003,0,0,0,0,0,0,19.32,64.03999998,0,0,0,0,1.959999983,0,0,0
17_22,0,144.0833333,0,0,3,0,2,2,0,0,5,237,13.44381637,116.3103416,169.0154547,4.76399961,10,1.6,1858.049807,1.427777778,11,26.56000006,0,0,0,28.23999998,0,0,0,0,0,0,18.28,26.91999997,0,0,0,0,0,0,0,0
17_23,0.051724138,259.5517241,0,0,1,0,0,0,0,0,2,139,71.70845198,131.1624202,110.3415391,16.54779612,12,1.75,1349.914335,1.883333333,12,42.23999995,2.4,0,0,23.47999999,1.64,0,0,0,0,0,19.32000001,10.92000005,0,0,0,0,0,0,0,0
17_24,0.155339806,265.3786408,0,3,8,5,0,3,2,1,9,527,173.065011,216.9056086,217.759622,30.70227006,45,1.466666667,4248.301404,2.194444444,12,0.68,0.04,0,0,5.599999997,0,0,3.040000026,0,0,0,9.319999965,69.32000001,0,0,0,6.36,5.64,0,0,0
17_25,0.372093023,200.1860465,0,0,4,2,2,5,1,0,5,738,208.6981668,337.7635197,240.7433334,23.73084073,37,1.459459459,3808.030771,2.761111111,12,0.48,0,0,0,6.880000026,0,0,57.92,2.079999996,0,0,6.040000026,26.59999995,0,0,0,0,0,0,0,0
17_26,0.469387755,191.7959184,0,0,11,1,20,8,3,0,6,134,112.289451,91.37512138,99.10325165,32.31023776,19,1.473684211,2602.387506,3.15,12,0,0,6.8,0,18.19999998,0,0,6.639999984,48.40000007,0,0,18.43999998,1.51999999,0,0,0,0,0,0,0,0
17_27,0.456896552,167,1,0,18,1,35,8,9,0,10,325,209.3160066,149.1684456,94.19215629,41.69761698,26,1.653846154,3047.111648,3.505555556,13,0,0,0,0,0,0,0,34.40000004,48.95999999,0,0,1.599999973,7.6,0,0,0,7.44,0,0,0,0
17_28,0.535353535,127.0909091,7,1,39,11,26,18,14,3,10,300,281.9828967,159.8552903,177.7118389,38.66156702,39,1.564102564,3763.787057,3.988888889,13,0,0,0,0,2.320000003,0,0,23.44,30.96000001,0,0,4.56,27.63999999,0,0,0,5.84,0.64,4.600000001,0,0
17_29,0.344827586,162.0862069,0,1,12,1,14,6,0,1,0,502,174.1226183,211.8545584,184.9696141,27.96225549,22,1.909090909,3009.327037,4.05,14,0,0,0,0,4.960000001,0,0,4.519999963,14.99999998,0,0,11.08,64.44000006,0,0,0,0,0,0,0,0
17_30,0.352112676,162.6056338,0,1,10,2,11,11,4,0,12,416,175.4331631,151.5516665,230.1146729,29.35500817,34,1.411764706,4089.135913,4.127777778,14,3.76,0,0,0,1.6,0,0,28.88,28.40000006,3.4,0,6.800000002,25.95999992,0,0,0,0.560000005,0.64000001,0,0,0
17_31,0.317307692,165.4038462,6,1,26,5,27,6,12,0,7,354,118.6105515,140.143189,112.0090493,23.240747,30,1.5,3389.333295,5.038888889,14,0,0,0,0,6.160000009,0,0,13.96000003,42.39999992,1.8,0,10.52000007,17.87999999,0,0,0,6.919999992,0.35999999,0,0,0
17_32,0.118110236,205.6377953,1,1,6,4,1,7,1,2,2,393,204.659323,139.8967829,194.8679627,33.65298543,27,1.481481481,2449.575974,5.327777778,14,3.600000015,0,0,0,17.35999999,0,0,11.91999996,0,0,0,49.56000002,0.079999995,0,0,0,0,17.48000001,0,0,0
17_33,0.084745763,250.6440678,0,0,6,0,0,4,1,0,6,502,182.7307457,182.1275112,168.7669744,35.76760465,31,1.419354839,3830.177438,5.027777778,14,5.199999986,0,0,0,15.44000001,0,0,6.92000002,0,0,0,58.75999998,13.52000001,0,0,0,0,0.15999999,0,0,0
17_34,0.068627451,294.9313725,0,1,9,2,1,6,2,3,4,519,164.6633321,345.6462388,199.5087774,37.48887609,24,1.833333333,3666.498329,5.355555556,15,1.36000001,0,0,0,7.720000006,0,0,24.67999999,0,0,0,30.75999996,22.92,0,0,0,0,12.56000004,0,0,0
17_35,0.069767442,283.0639535,0,1,7,4,11,8,5,2,8,340,229.249045,201.0932825,101.1379393,47.73615176,36,1.555555556,3605.347879,7.272222222,16,4.199999992,0,0,0,8.599999994,0,0,29.68000001,24.16000002,0,0,20.80000001,0,0,0,0,5.560000007,6.999999964,0,0,0
17_36,0.32388664,237.8582996,20,2,46,15,9,10,45,6,38,243,244.1084735,161.5809147,61.60797555,56.79106676,42,1.928571429,5116.859941,7.333333333,16,1.359999993,0,0,0,3.599999993,0,0,34.04000001,5.159999979,0,7.28,17.63999999,0.519999997,0,0,0,13.00000001,0,0,17.40000003,0
17_37,0.419354839,222.2903226,5,5,10,1,2,6,1,3,6,110,72.47761808,34.81490585,36.60310768,39.74980118,10,1.9,1229.340174,6.894444444,15,0,0,0,0,37.16000004,0,0,6.479999965,3.039999995,0,3.520000012,10.16000002,0,0,0,0,6.519999973,32.52000001,0,0.599999988,0
17_38,0.317460317,247.7777778,0,4,1,0,3,0,0,0,2,23,52.45443973,44.32766561,41.47941022,37.404,5,1.4,561.5846864,4.555555556,17,0,0,0,0,59.24000003,0,0,0,8.479999998,0,0,12.28,0,0,0,0,0,19.99999997,0,0,0
17_39,0.371428571,269.2285714,0,8,3,0,2,6,1,0,5,273,116.88928,128.619693,174.4577456,34.28643845,20,1.45,2600.889564,4.294444444,17,0,0,0,0,20.55999996,0,0,2.400000037,14.35999999,1.24,0,12.39999999,30.00000003,0,0,0,6.999999999,12.03999999,0,0,0
17_40,0.297297297,228.8513514,1,0,14,2,8,4,3,0,8,666,195.7205471,293.8153142,336.9151442,27.3539265,40,1.575,4399.184249,4.566666667,17,0,0,0,0,0,0,0,11.99999999,4.200000028,0,0,14.47999999,61.51999997,0,0,0,7.800000018,0,0,0,0
17_41,0.208955224,256.4328358,1,0,11,0,7,10,0,0,3,167,93.86372858,134.1432348,67.13495191,46.11907909,17,1.705882353,1949.268636,5.85,17,0,0,0,0,4.040000011,0,0,18.39999998,63.48000002,2.880000003,0,2.68,1.679999995,0,0,0,6.839999992,0,0,0,0
17_42,0.163636364,303.0454545,0,1,2,0,5,6,1,0,5,135,148.5651924,78.32743944,48.0129674,53.08267664,8,1.875,1106.624038,7.422222222,17,0,0,0,0,9.439999991,0,0,2.64,47.59999997,2.72,0,1.200000005,28.32000004,0,0,0,8.079999997,0,0,0,0
17_43,0.23255814,300.3430233,1,0,9,1,1,7,3,0,11,651,185.8873587,302.0342942,240.2519975,34.11079263,36,1.472222222,4161.852434,7.25,16,0.88,0,0,0,0.640000002,0,0,3.080000007,1.199999991,0,0,20.40000004,73.79999996,0,0,0,0,0,0,0,0
17_44,0.258823529,243.4352941,0,1,9,2,0,10,3,4,9,569,150.4915664,252.5121371,205.1580947,23.15455176,31,1.483870968,3560.951198,6.938888889,16,0.48,0,0,0,1.719999999,0,0,20.75999999,0,0,0,33.36000002,37.52,0,0,0,0,6.16,0,0,0
17_45,0.381355932,195.3813559,1,1,8,0,3,6,3,1,7,707,244.5383219,234.6689629,253.5263424,27.97566418,55,1.290909091,4266.969957,5.25,16,0,0,0,0,2.000000004,0,0,0,0,0.480000005,0,25.56000002,67.87999996,0,0,0,0,4.08000001,0,0,0
17_46,0.434782609,145.2717391,0,1,2,0,4,3,0,0,3,373,184.552554,182.4574613,180.7788187,31.78696712,28,1.535714286,3077.519052,5.394444444,16,1.32,0,0,0,16.32000002,1.680000007,0,18.39999999,3.239999992,5.679999995,0,37.60000003,15.75999996,0,0,0,0,0,0,0,0
17_47,0.443396226,77.27358491,0,0,0,2,0,2,0,0,2,232,128.6238456,141.1357181,79.03597732,40.75030063,34,1.470588235,3474.953382,6.816666667,14,0,0,0,0,14.40000001,0,0,6.96,0,0.400000005,0,71.79999996,4.560000013,0,0,0,2.53E-09,0.92,0.960000016,0,0
17_48,0.566371681,95.49557522,30,3,49,14,9,16,63,8,11,225,173.7992903,90.22265717,83.81169661,53.47534895,44,1.568181818,4326.867586,7.438888889,14,0,0,0,0,0.640000003,0,0,6.360000009,0,0.119999995,0,21.51999995,25.04000008,0,0,0,10.52000001,0,9.279999961,26.52,0
17_49,0.63902439,152.1219512,2,0,15,17,0,17,3,5,10,403,152.2479886,150.4801258,197.0644555,41.67421022,34,1.764705882,4234.431669,6.988888889,13,0,0,0,0,1.199999989,0,0,23.39999999,0,0,0,6.799999995,47.16000002,0,0,0,12.95999999,7.680000024,0,0.799999987,0
17_50,0.349206349,206.968254,0,0,3,2,0,4,0,1,4,580,232.906347,265.827529,220.6879768,35.05267256,57,1.578947368,5147.811842,6.383333333,13,0.72,0,0,0,1.039999983,0,0,1.639999993,0,0,0,19.44000009,73.95999995,0,0,0,0,3.199999989,0,0,0
17_51,0.262295082,291.9918033,0,0,0,0,0,5,0,0,11,387,238.0034476,227.8869145,246.1172577,35.26275238,23,1.565217391,3738.872025,5.633333333,11,5.760000003,0,0,0,5.679999999,0,0,0,0,2.88,0,72.79999997,10.92000002,0,0,0,0,1.96000001,0,0,0
17_52,0.158940397,335.0596026,1,0,8,1,0,5,2,0,7,620,191.1327936,264.1102826,285.9182765,37.23145687,46,1.434782609,4217.588656,6.333333333,11,0,0,0,0,1.359999999,0,0,6.999999994,0.480000008,0,0,30.79999999,53.76000001,0,0,0,6.28,0.319999992,0,0,0
17_53,0.149659864,342.585034,0,0,16,0,11,2,3,0,1,146,95.41587907,76.87162208,41.18609259,38.51105063,10,1.3,1173.620861,5.233333333,11,0,0,0,0,11.68000001,0,0,0,46.12000007,0,0,21.67999998,11.39999995,0,0,0,9.120000002,0,0,0,0
17_54,0.113924051,313.164557,0,0,29,2,21,7,7,1,6,53,54.52869792,12.49293066,6.352337625,38.02,8,1.875,2096.602067,4.016666667,11,0,0,0,0,0,0,0,0,90.87999999,0,0,9.120000009,0,0,0,0,0,0,0,0,0
17_55,0.198198198,272.5225225,0,0,6,3,8,7,3,0,5,182,54.52869792,53.41591693,20.18664286,38.02,20,1.5,2400.262901,4.55,11,0,0,0,0,7.03999999,0,0,22.96000009,54.75999993,0,0,6.239999992,0,0,0,0,8.999999998,0,0,0,0
17_56,0.23853211,303.059633,8,0,22,15,2,9,13,5,14,496,85.00011264,277.9118244,135.0108635,37.92575791,34,1.558823529,4012.984475,4.161111111,10,0.8,0,0,0,0.119999997,0,0,29.67999992,0,1.760000002,0,13.48000005,54.16000003,0,0,0,0,0,0,0,0
17_57,0.472972973,280.2567568,5,0,18,7,2,2,4,0,8,576,175.523646,294.8532033,217.2893339,33.6496144,39,1.461538462,3541.239794,4.911111111,10,0,0,0,0,3.000000002,0,0,0,0,1.640000002,0,19.64,75.71999999,0,0,0,0,8.61E-09,0,0,0
17_58,0.328571429,281.2857143,2,0,7,4,0,8,3,0,11,578,159.8975448,256.088665,349.0811613,24.09948731,43,1.465116279,3940.277283,2.672222222,10,1.73E-09,0,0,0,0.399999998,0,0,5.439999994,0,0.199999997,0,0.080000009,92.2,0,0,0,0,1.680000001,0,0,0
17_59,0.470588235,246.5882353,3,0,1,0,0,2,0,0,2,108,31.61603991,51.64259105,67.16247073,12.93278238,7,1.714285714,1057.836919,1.911111111,9,75.20000007,0,0,0,0,3.400000009,0,0.519999986,0,0,0,2.679999999,18.19999993,0,0,0,0,0,0,0,0
17_60,0,239,0,0,0,0,0,4,0,0,0,2,5.06276247,2.983661847,3.52072098,10.644,0,1,403.3073737,0.772222222,9,97.55999999,0,0,0,0,2.040000008,0,0,0,0,0,0.400000004,0,0,0,0,0,0,0,0,0
18_19,0,253,0,0,0,0,0,2,0,0,1,11,16.56724378,6.865849903,11.48031515,17.22363069,1,3,822.7047206,0.316666667,10,37.68000005,0,0,17.47999999,34.75999994,0,0,0,0,0,0,10.08000001,0,0,0,0,0,0,0,0,0
18_20,0,113.75,0,0,8,0,0,2,0,0,2,306,78.70334271,89.2815782,131.2549603,12.64812329,16,1.8125,2879.240717,0.955555556,12,37.07999995,0,0,0,1.52,0,0,1.920000021,0,0,0,4.839999987,46.96000004,0,0,0,7.68,0,0,0,0
18_21,0.020408163,81.02040816,1,0,8,1,0,4,1,0,8,679,59.37716876,235.8675,301.7549342,11.53836189,35,1.571428571,3975.788794,1.377777778,11,0.439999997,0,0,0,2.4,0,0,43.43999998,0,0,0,0,53.72000002,0,0,0,0,0,0,0,0
18_22,0.022222222,149.0222222,0,1,5,2,1,4,1,2,7,413,43.2372608,205.8272391,277.9711502,7.698637749,13,2.153846154,3032.074653,1.905555556,12,0,0,0,0,3.44,0,0,0,0,0,0,33.36000004,50.47999996,0,0,0,0,12.72,0,0,0
18_23,0.195121951,195.7317073,0,0,4,1,1,3,0,0,5,562,101.8404224,246.6482261,220.5417212,18.3589907,20,1.85,3237.864934,2.233333333,13,0.68,0.240000003,0,0,6.24000001,0,0,0,0,0,0,44.95999996,47.88000003,0,0,0,0,0,0,0,0
18_24,0.324324324,231.7837838,1,0,4,0,0,7,0,0,10,335,160.0638206,147.1726382,204.180642,17.56936613,35,1.342857143,3271.304004,2.255555556,13,0.440000004,2.919999996,0,0,23.52,0,0,0,0,0,0,51.88000004,16.11999996,0,0,0,5.12,0,0,0,0
18_25,0.363636364,202.1818182,0,0,2,0,5,8,0,0,5,311,133.4329724,202.841466,179.165352,23.82431012,20,1.65,2983.149419,2.122222222,13,1.079999996,0,0,0,36.72000001,0,0,9.800000001,1.840000003,0,0,44.79999999,2.480000006,0,0,0,0,3.28,0,0,0
18_26,0.773584906,127.5849057,2,0,4,3,1,4,1,0,8,517,88.80463135,191.0593064,152.280014,30.76975796,25,1.56,3263.52865,2.5,13,0,0,0,0,12.47999998,0,0,0,0,0,0,43.88000003,43.64,0,0,0,0,0,0,0,0
18_27,0.48,123.24,0,0,3,1,1,5,1,2,5,627,390.6474011,414.6098649,183.5273791,44.43569762,24,1.708333333,3383.373484,3.422222222,15,0,0,0,0,9.360000002,0,0,5.640000001,0,0,0,32.19999994,45.24000006,0,0,0,7.56,0,0,0,0
18_28,0.598360656,73.95081967,6,1,14,9,2,6,2,4,9,734,437.5863475,373.4110171,265.8830568,44.7445782,34,1.647058824,4226.000034,3.794444444,16,0,0,0,0,0.839999996,0,0,56.92000006,0.040000003,0,0,0,40.95999994,0,0,0,1.240000005,0,0,0,0
18_29,0.618181818,80.30909091,7,2,22,5,5,7,11,1,11,557,180.3357643,295.5552366,267.3148393,32.28208623,49,1.428571429,3908.517787,3.772222222,15,0,0,0,0,1.92,0,0,28.83999995,2.919999999,0,0,31.52000002,21.88000003,0,0,0,8.200000001,4.72,0,0,0
18_30,0.352272727,117.4545455,0,0,11,0,5,4,4,1,6,494,191.6499695,236.758119,204.6747909,31.38181643,23,1.565217391,3161.578502,3.888888889,15,0,0,0,0,9.680000013,0,0,3.559999994,6.800000002,0,0,5.399999976,61.04000002,0,0,0,6.479999994,7.039999999,0,0,0
18_31,0.283185841,159.3539823,4,1,15,2,0,11,3,0,7,612,251.4529737,237.8742882,268.6470574,25.00369028,31,1.580645161,4187.794112,4.194444444,15,2.76,0,0,0,6.239999985,0,0,39.55999998,3.680000015,1.320000004,0,8.760000025,37.67999999,0,0,0,0,0,0,0,0
18_32,0.07,232.83,0,1,2,1,1,3,0,0,11,202,131.7279217,126.2010277,133.8376087,26.0515296,9,1.666666667,1097.114838,4.372222222,15,0,0,0,0,30.24000003,0,0,0,1.399999984,9.279999996,0,24.04000001,3.239999947,0,0,0,0,31.80000003,0,0,0
18_33,0.01,335.31,0,0,0,2,1,3,0,1,1,328,196.2427176,236.07779,101.8852139,38.38078665,20,1.55,2470.881605,3.916666667,15,0,0,0,0,11.87999997,0,0,0,0,0,0,54.16000006,4.239999998,0,0,0,0,29.71999997,0,0,0
18_34,0.097222222,323.4722222,1,0,7,1,0,3,1,1,6,552,150.1985006,282.3168381,216.3469112,25.62115709,40,1.45,3821.325182,4.505555556,15,0,0,0,0,4.319999998,0,0,1.44000001,0,0,0,73.83999992,20.40000007,0,0,0,0,0,0,0,0
18_35,0.046979866,314.2281879,2,0,19,4,2,5,1,0,6,468,216.6219559,278.7181237,221.3310379,39.65236464,67,1.28358209,4568.492599,5.544444444,16,3.080000002,0,0,0,2.44,0,0,8.999999996,0,0,0,0.839999997,84.64,0,0,0,0,0,0,0,0
18_36,0.079710145,310.8695652,0,2,12,4,1,9,6,2,6,577,329.3324746,382.802785,158.2937436,58.77518195,30,1.633333333,3869.952928,6.25,16,0,0,0,0,7.920000001,0,0,22.28000002,0,0,0,14.68000003,49.71999993,0,0,0,2.520000017,2.88,0,0,0
18_37,0.173913043,263.3478261,17,0,20,1,2,8,1,2,9,139,114.4245455,118.5865369,47.66161099,41.37337305,42,1.5,3610.540916,5.188888889,16,1.72,0,0,0,5.600000007,0,0,22.27999996,2.000000008,0,0,25.67999999,4.319999997,0,0,0,19.16,5.320000043,13.92,0,0
18_38,0.25974026,246.2857143,1,0,1,2,1,11,1,1,3,192,67.41951026,66.83902755,32.04421751,36.92128946,21,1.380952381,2231.076158,3.722222222,17,0,0,0,0,10.31999999,0,0,42.48000003,13.79999998,0,0,4.080000002,7.40000002,0,0,0,10.48,11.31999998,0.119999997,0,0
18_39,0.407407407,202.2716049,3,1,8,1,0,6,1,0,6,600,191.3941875,229.3504674,202.2857875,37.08527875,23,1.695652174,3442.728579,3.883333333,17,0,0,0,0,0.160000002,0,0,7.239999974,6.280000019,3.160000001,0,0.520000003,70.36,0,0,0,11.12,1.160000002,0,0,0
18_40,0.436619718,155.7887324,9,8,19,8,11,11,7,1,13,461,241.8815437,201.682894,217.4330542,38.3728062,55,1.509090909,4791.797174,5.033333333,17,0,0,0,0,0,0,0,51.60000005,10.87999998,3.2,0,0,24.15999998,0,0,0,8.75999999,1.4,0,0,0
18_41,0.25,214.2613636,2,3,16,2,22,5,2,1,16,167,11.02854435,114.8204088,97.77944881,35.79698448,20,1.7,2194.395713,6.9,16,0,0,0,0,25.32000002,0,0,11.71999995,18.80000002,4.199999997,0,4.880000002,9.519999995,0,0,0,14.4,11.16000002,0,0,0
18_42,0.294605809,264.2033195,0,1,8,1,7,4,3,0,3,358,10.42131315,277.0376338,116.3179412,36.98051535,36,1.416666667,3076.368846,7.827777778,17,0,0,0,0,5.719999992,0,0,0,26.32000001,0,0,30.76,13.04000002,0,0,0,5.319999998,18.83999998,0,0,0
18_43,0.301369863,245.2945205,1,0,17,4,12,11,5,1,4,279,217.0064382,186.1278993,178.0766704,42.09380533,21,1.476190476,2378.318765,8.438888889,17,0,0,0,0,6.760000013,0,0,0,33.51999998,0,0,1.159999992,52.68000002,0,0,0,4.039999995,1.839999999,0,0,0
18_44,0.246376812,277.5724638,0,1,12,0,5,7,2,0,6,539,224.3989085,302.1061188,136.708559,33.59377016,35,1.228571429,3200.734197,7.566666667,17,0,0,0,0,7.999999989,0,0,10.64000001,17.72000001,0,0,4.680000002,58.39999999,0,0,0,0,0.559999996,0,0,0
18_45,0.256198347,234.3966942,0,0,1,1,1,3,0,0,4,374,190.4601695,263.2047954,145.0550716,41.90278505,33,1.424242424,3301.002534,6.605555556,16,3.92,0,0,0,7.159999995,0,0,0,3.839999978,0,0,47.00000001,35.40000002,0,0,0,0,2.68,0,0,0
18_46,0.335365854,192.6219512,3,2,16,5,6,7,4,1,10,527,172.5300088,189.4747589,149.9156832,42.08331926,46,1.586956522,4461.902175,6.105555556,16,0,0,0,0,0.799999998,0,0,13.16000003,17.80000001,0.080000005,0,7.400000038,60.75999992,0,0,0,0,0,0,0,0
18_47,0.39375,169.40625,5,2,18,0,5,4,6,2,7,290,150.8271415,148.7749957,66.76306182,45.25615034,23,1.347826087,2339.294192,7.311111111,15,0,0,0,0,4.16000001,0,0,4.19999998,22.19999998,3.719999995,0,49.64000005,6.759999961,0,0,0,1.680000003,6.4,1.240000025,0,0
18_48,0.58,141.516,8,2,17,4,8,13,14,0,17,247,186.8585068,204.008151,117.6737032,52.85508692,40,1.575,4060.245677,7.927777778,14,0.8,0,0,0,2.399999991,0,0,7.560000013,3.12,0,0,32.71999995,17.04000002,0,0,0,22.04,0,10.12,4.200000031,0
18_49,0.588983051,182.1864407,7,2,10,5,13,14,9,4,7,464,279.6576579,277.6616508,216.258836,47.63986874,29,1.551724138,3298.763566,7.327777778,13,0,0,0,0,6.680000033,0,0,41.71999996,25.08000005,0,0,0,16.39999997,0,0,0,1.239999998,3.52,0,5.359999984,0
18_50,0.329787234,238.2021277,0,0,9,0,4,10,3,0,2,456,156.4869827,199.7762685,187.5784684,34.44263049,34,1.441176471,3806.623255,6.138888889,12,0,0,0,0,10.32,0,0,16.92,13.15999995,0,0,8.88000006,50.71999999,0,0,0,0,0,0,0,0
18_51,0.238636364,301.4659091,0,0,1,1,0,3,0,1,5,542,182.588893,209.0578199,227.6120823,32.68924373,33,1.606060606,3150.426146,5.777777778,11,0.88,0,0,0,3.480000005,0,0,5.880000034,0,0,0,51.39999998,35.07999998,0,0,0,0,3.28,0,0,0
18_52,0.201680672,335.4537815,5,0,13,3,1,6,7,0,10,508,313.5475477,297.6903198,257.4961823,47.23577856,45,1.377777778,3911.147197,5.727777778,11,0.48,0,0,0,0,0,0,13.19999997,7.160000064,0,0,7.799999992,60.55999997,0,0,0,10.8,0,0,0,0
18_53,0.163120567,336.4042553,0,0,3,0,0,8,2,0,7,480,176.908789,205.8840911,170.9482898,44.94217828,26,1.346153846,3078.101724,5.9,11,0,0,0,0,3.919999992,0,0,28.4,10.63999997,0,0,3.239999998,46.04000005,0,0,0,3.99999999,3.759999998,0,0,0
18_54,0.1375,331.1875,0,0,7,1,4,4,2,0,3,86,119.6012151,72.98671081,60.83555971,40.91443156,11,1.454545455,1389.210043,4.333333333,11,0,0,0,0,26.72000001,0,0,0,48.60000007,3.039999998,0,5.999999981,14.55999996,0,0,0,0,1.07999998,0,0,0
18_55,0.177777778,309.1777778,0,0,4,1,10,3,3,0,6,17,55.68858647,17.30960198,9.866121593,37.85829493,18,2.166666667,3069.843145,4.277777778,11,1.839999998,0,0,0,8.959999972,0,0,0.320000024,65.91999996,0.839999998,0,20.76000004,0,0,0,0,1.360000011,0,0,0,0
18_56,0.202702703,338.0743243,0,0,3,1,1,5,2,1,4,374,120.9911314,154.4556703,158.6475197,29.42643958,48,1.583333333,4315.665336,3.455555556,11,0.4,0,0,0,3.520000003,0,0,8.079999992,1.27999998,0.56,14.52000004,4.279999956,61.76000003,0,0,0,5.599999997,0,0,0,0
18_57,0.086956522,346.173913,0,0,2,2,0,6,0,0,4,435,173.5705616,199.0915287,189.406143,36.30942301,35,1.685714286,3977.980715,4.155555556,10,0.4,0,0,0,0,0,0,0,0,0,16.27999996,26.11999998,48.84000006,0,0,0,8.360000003,0,0,0,0
18_58,0.184615385,370.4461538,0,1,9,2,0,7,3,0,3,501,156.1744005,187.1921474,293.8856702,31.51564771,30,1.7,3433.240758,2.516666667,9,1.279999997,0,0,0,2.679999998,0,0,11.52000006,0,3.079999999,0,20.15999997,60.91999999,0,0,0,0.359999991,0,0,0,0
18_59,0.172413793,314.0344828,0,0,4,0,0,3,0,0,2,179,38.7362767,50.12457735,125.5750288,12.4782951,14,1.642857143,1679.609736,2.116666667,9,68.04000009,0,0,0,0,0,0,13.63999995,0,0,0,3.799999996,14.51999997,0,0,0,0,0,0,0,0
18_60,0.125,375.875,0,0,0,0,0,0,0,0,0,11,15.96230511,8.17900557,15.63369361,11.62813099,1,3,281.7438055,1.033333333,10,93.64000001,0,0,0,0,2.360000019,0,0,0,0,0,1.999999993,1.99999998,0,0,0,0,0,0,0,0
19_20,0.071428571,198.0714286,0,0,0,0,0,0,0,0,1,32,34.75890189,13.60503569,18.82182335,12.708,4,2.25,845.5740979,1.044444444,12,79.91999996,0,0,0,0,5.96,0,1.440000022,0,0.119999996,0,6.520000009,1.600000005,0,0,0,4.44000001,0,0,0,0
19_21,0.033333333,81.46666667,4,1,10,6,1,5,5,0,4,595,91.76939746,186.7710315,325.3667253,17.17230926,42,1.476190476,3967.913904,2.272222222,13,1.479999986,0,0,0,0,8.48E-11,0,75.64000002,0,0,0,4.279999987,16.56000002,0,0,0,2.03999999,0,0,0,0
19_22,0.033333333,113.7833333,0,0,7,4,0,7,0,1,9,582,176.101579,307.1681994,249.5026895,27.12149086,33,1.666666667,3944.470334,3.177777778,15,1.080000004,0,0,0,0,0,0,14.67999996,0,0,0,43.32000003,40.92,0,0,0,0,0,0,0,0
19_23,0.139534884,171,9,0,18,5,1,7,8,0,5,697,176.1853162,257.4517887,236.5750415,21.72012619,31,1.483870968,3318.892551,3.038888889,15,0.519999996,0,0,0,0.28,0,0,31.80000002,0,0,11.56,4.439999985,48.23999999,0,0,0,3.160000006,0,0,0,0
19_24,0.181818182,232.1136364,0,0,4,2,0,2,0,1,5,552,106.25677,218.0435799,255.0708512,11.76761187,21,1.714285714,2809.126579,2.072222222,14,0,0,0,0,8.160000003,0,0,13.79999998,0,0,0,50.04000004,13.39999998,0,0,0,2.079999993,12.52,0,0,0
19_25,0.3,214.0333333,0,0,7,0,12,2,1,1,3,112,66.80410122,68.88344486,108.3538624,15.1300936,12,1.583333333,1589.232301,1.65,15,0,0,0,0,51.44000004,0,0,3.04,15.64,0,0,19.95999996,0,0,0,0,0,9.92,0,0,0
19_26,0.608695652,143.7391304,0,2,1,0,0,4,1,2,1,241,67.18513526,120.8195216,118.142602,19.9518205,18,1.555555556,2045.427332,2.044444444,15,0,0,0,0,46.95999998,0,0,0,0,1.72,0,22.11999999,18.52,0,0,0,0,10.68000003,0,0,0
19_27,0.5,55.94285714,1,5,7,2,1,6,2,6,10,396,247.8554111,285.645886,145.5836527,23.15745354,31,1.483870968,3299.191738,2.555555556,16,0,0,0,0,7.87999998,0,0,2.68000001,0,0.44,0,23.71999999,38.80000005,0,0,0,11.04,15.43999997,0,0,0
19_28,0.571428571,53.3452381,6,0,21,9,4,11,5,3,5,504,229.2221441,252.6531983,183.8144292,32.4313639,50,1.32,4185.72038,3.077777778,17,1.96,0,0,0,2.600000005,0,0,14.00000002,0.320000001,0,8.04000002,0,66.83999996,0,0,0,6.240000001,0,0,0,0
19_29,0.577464789,88.77464789,3,0,11,2,11,6,3,1,6,537,164.7193472,188.2929619,176.8170385,32.41897749,36,1.416666667,3403.447973,3.444444444,16,0,0,0,0,7.959999997,0,0,48.31999999,19.32000004,0,6.919999978,0,10.68,0,0,0,6.799999996,0,0,0,0
19_30,0.395348837,145.1395349,1,0,17,0,32,7,4,1,10,134,177.0851565,116.5018807,80.47545144,37.58446376,5,3.2,1831.220293,3.672222222,15,0,0,0,0,9.480000006,0,0,2.03999998,67.68000001,1.800000001,0,0,14.32,0,0,0,0,4.680000001,0,0,0
19_31,0.16091954,197.7931034,0,1,10,1,11,7,9,1,5,302,213.731978,186.685395,156.4900652,36.87610953,30,1.5,3289.363796,3.744444444,15,1.24,0,0,0,10.84000003,0,0,41.16000004,29.31999996,1.480000001,0,0.560000003,15.31999998,0,0,0,0,0.079999998,0,0,0
19_32,0.130434783,291.6195652,0,1,8,0,0,4,0,0,2,475,128.7362594,200.7852436,144.6230779,30.37706536,34,1.352941176,3545.487182,3.261111111,15,0,0,0,0,19.39999998,0,0,26.23999995,0.479999985,2.680000013,0,20.28000005,17.44,0,0,0,0,13.48000002,0,0,0
19_33,0.043478261,331.0652174,0,0,2,0,3,2,0,1,5,217,35.12895735,50.83387426,76.09721974,17.41888024,21,1.285714286,1960.437698,2.861111111,15,0,0,0,0,30.16000002,0,0,0,0,3.159999985,0,57.28000001,0,0,0,0,0,9.399999984,0,0,0
19_34,0.041666667,377.5208333,0,0,3,0,2,1,0,0,5,254,119.345052,133.0392561,138.3151941,21.43105904,15,1.466666667,1945.697898,3.255555556,15,0,0,0,0,26.31999999,0,0,0,0,0,0,58.35999994,12.76000008,0,0,0,0,2.559999995,0,0,0
19_35,0.013157895,384.9473684,0,0,0,1,0,4,0,1,0,609,220.2940136,342.0315783,195.1971501,30.01251829,29,1.379310345,3412.194415,4.133333333,17,0,0,0,0,10.56000001,0,0,0,0,0,0,5.200000022,76.99999996,0,0,0,0,7.24000001,0,0,0
19_36,0.132867133,330.1538462,0,0,4,0,0,3,2,0,4,702,347.7210881,527.1808168,223.9658074,43.67232931,39,1.58974359,4398.478651,4.833333333,17,0.56,0,0,0,6.199999995,0,0,24.68000006,0,0,0,12.63999998,55.19999998,0,0,0,0,0.719999991,0,0,0
19_37,0.130769231,290.4076923,3,0,27,4,11,12,12,1,9,179,218.4371869,186.7912572,95.32303975,33.78190541,33,1.666666667,3433.823857,4.405555556,17,0,0,0,0,3.040000005,0,0,25.07999996,26.20000006,0,0,5.919999999,6.679999971,0,0,0,17.6,0,15.48,0,0
19_38,0.209302326,289.3488372,0,0,10,0,12,3,2,0,1,122,187.7146718,89.9690482,52.99148773,34.22369738,12,1.5,1612.185612,4.577777778,17,0,0,0,0,5.440000011,0,0,0.59999999,64.47999996,1.320000005,0,0,23.84000003,0,0,0,3.199999997,1.120000008,0,0,0
19_39,0.306666667,210.88,1,2,2,2,1,4,0,4,4,271,237.0392845,110.6686609,177.1827731,44.63704313,18,1.722222222,2125.729146,4.488888889,17,0,0,0,0,14.12000001,0,0,0,5.039999993,4.480000002,0,10.96,40.16000001,0,0,0,6.16,19.07999999,0,0,0
19_40,0.509677419,156.0064516,6,5,16,4,2,10,8,3,21,283,266.7927671,171.6549755,153.0129046,47.35754699,34,1.617647059,3499.222553,5.583333333,17,0,0,0,0,8.119999992,0,0,9.559999999,7.400000023,5.639999995,0,30.76,24.56,0,0,0,7.160000011,6.799999982,0,0,0
19_41,0.427884615,132.0769231,0,0,2,1,0,3,0,0,6,372,111.1826193,178.3542948,160.1340656,40.2036202,22,1.681818182,3320.756509,7.611111111,16,1.440000003,0,0,0,8.039999994,0,0,2.079999993,3.159999982,0.719999996,0,40.80000003,27.44000001,0,0,0,3.319999989,13,0,0,0
19_42,0.395918367,152.3795918,4,1,4,1,0,3,0,0,6,761,387.2450421,579.638432,186.3211826,58.54280981,32,1.6875,4132.575869,10.02222222,16,0.079999997,0,0,0,1.319999996,0,0,0,0,0,0,16.35999997,76.12000004,0,0,0,0,6.120000001,0,0,0
19_43,0.522807018,198.9894737,9,1,15,2,3,12,15,3,12,390,412.6699434,349.9338429,190.627441,62.37266492,49,1.469387755,4147.391915,10.67222222,17,0,0,0,0,1.040000002,0,0,18,6.600000003,0,0,7.999999993,59.07999999,0,0,0,5.599999999,1.680000019,0,0,0
19_44,0.267489712,254.3621399,0,0,0,0,0,1,1,1,6,334,235.032886,208.2090001,121.0303099,41.00810758,17,1.823529412,1960.241998,9.283333333,17,0,0,0,0,14.36000001,0,0,0,0,0,0,52.32000003,28.95999998,0,0,0,0,4.359999982,0,0,0
19_45,0.130208333,277.734375,2,0,2,0,2,4,2,1,6,405,240.5972701,209.1003787,192.0819466,48.15777909,23,1.739130435,2719.211255,7.394444444,17,0,0,0,0,5.639999991,0,0,5.479999989,16.92000002,1.879999991,0,41.19999997,27.16000004,0,0,0,0,1.719999996,0,0,0
19_46,0.191082803,256.7961783,1,2,5,1,3,5,3,0,11,573,213.5900706,297.9681329,215.2966903,36.57882346,32,1.875,3549.31836,6.866666667,17,0.84,0,0,0,3.68,0,0,10.16,6.67999998,3.320000003,0,1.599999976,73.60000004,0,0,0,0.120000005,0,0,0,0
19_47,0.503267974,203.4509804,1,0,25,0,9,7,2,1,10,282,188.1007102,210.8026034,69.30729413,43.09606042,22,1.863636364,2946.913497,7.677777778,15,0,0,0,0,1.479999998,0,0,2.559999997,36.48000002,1.799999998,0,19.76000005,24.79999993,0,0,0,13.12,0,0,0,0
19_48,0.583333333,170.5416667,1,0,12,1,17,9,7,0,3,121,164.3479329,77.09521366,74.43165197,58.01566021,23,2.086956522,3366.265552,8.188888889,15,0,0,0,0,1.760000009,0,0,5.200000013,62.31999994,0,0,16.88000001,4.400000017,0,0,0,9.440000004,0,0,0,0
19_49,0.468208092,212.5086705,0,1,8,1,3,4,2,4,9,535,332.8078153,325.1651862,174.5423927,59.84050515,31,1.677419355,3786.226255,7.155555556,13,0,0,0,0.479999996,6.999999989,0,0,8.000000022,6.559999966,0,0,7.839999955,63.12000009,0,0,0,4.23999999,2.759999991,0,0,0
19_50,0.421428571,232.1071429,2,0,8,0,1,4,4,2,7,674,305.9282244,451.0983417,215.7302412,43.87934911,30,1.666666667,3801.53196,5.644444444,12,0.84,0,0,0,0.439999998,0,0,5.76,0,0,0,18.60000001,69.83999999,0,0,0,0,4.520000008,0,0,0
19_51,0.205128205,322.9871795,0,0,4,0,1,4,0,0,5,687,100.8340517,191.297857,305.19899,23.98789794,40,1.3,3724.4577,6.633333333,12,0,0,0,0,7.040000003,0,0,0,0.480000009,0.319999997,0,22.84,64.68,0,0,0,1.600000007,3.039999981,0,0,0
19_52,0.324675325,298.4415584,0,1,4,2,5,9,3,1,4,257,154.0459205,143.8801089,112.5496816,41.26513888,36,1.388888889,3328.432656,7.383333333,11,0.76,0,0,0,8.040000002,0,0,19.40000003,28.6,0,0,12.47999998,14.87999998,0,0,0,15.84,0,0,0,0
19_53,0.266666667,271.3866667,0,3,1,0,3,3,1,3,3,233,139.8743585,152.9851636,116.3421398,42.44676947,12,1.916666667,1296.704143,7.722222222,11,0,0,0,0,28.08000002,0,0,13.23999995,1.719999981,0.76,0,15.52000001,4.75999999,0,0,0,0,35.92000005,0,0,0
19_54,0.285714286,249.4920635,1,0,5,3,5,0,2,1,2,112,88.16156433,61.82929989,102.8301417,35.03769836,7,2.285714286,1436.43741,5.211111111,11,0.64,0,0,0,21.76000003,0,0,1.199999992,27.31999998,0.320000004,0,33.16000002,0,0,0,0,0,15.59999997,0,0,0
19_55,0.227272727,251.2954545,1,0,1,0,0,1,0,0,4,136,76.43963478,46.35475955,77.2675803,28.75564817,13,1.769230769,2002.588039,3.416666667,12,1.040000002,0,0,0,28.75999996,0,0,1.53E-08,16.40000004,0,0,51.51999998,0,0,0,0,0,2.28,0,0,0
19_56,0.148148148,297,0,0,6,2,0,5,2,0,5,666,52.97552607,188.5381062,340.5578832,10.42362298,46,1.434782609,4659.278782,2.733333333,12,0.4,0,0,0,0.52,0,0,52.03999998,0,0,0,17.31999998,29.72000004,0,0,0,0,0,0,0,0
19_57,0.122807018,325.1403509,1,1,3,2,0,3,0,0,1,313,151.2757171,159.0639606,169.4809245,26.08106942,18,1.611111111,2057.15896,3,11,2.08,0,0,0,3.40000001,0,0,8.16,0,0,0,61.4,23.19999999,0,0,0,8.64E-10,1.76,0,0,0
19_58,0.08988764,355.2696629,7,0,11,0,5,9,8,2,9,498,164.3211654,152.8159751,242.5134078,29.27996711,29,1.620689655,3815.004634,2.694444444,10,0.520000003,0,0,0,1.999999995,0,0,23.96000005,8.639999998,2.399999999,0,13.63999999,43.35999997,0,0,0,5.48,0,0,0,0
19_59,0.056338028,387.6478873,1,2,9,5,3,12,8,1,7,547,235.8810817,247.2243507,245.8406602,32.9574335,41,1.463414634,4128.628649,2.605555556,10,7.280000026,0,0,0,0.599999997,0,0,4.759999956,0,0,0,20.04000005,60.39999998,0,0,0,0,6.919999992,0,0,0
19_60,0.016949153,423.4237288,0,0,8,2,0,3,0,0,2,577,244.6441294,197.9461421,237.9586478,32.82169573,33,1.515151515,3682.440459,1.566666667,10,12.80000005,0,0,0,0,0,0,5.8,0,0,0,40.27999996,37.44000002,0,0,0,0,3.679999972,0,0,0
19_61,0,433.625,0,0,0,0,0,1,0,0,0,53,95.78575415,41.83208727,52.27881043,25.90876353,4,2.75,1002.560859,0.855555556,9,73.68000007,0,0,0,10.91999999,0,0,0,0,0,0,2.480000001,8.559999956,0,0,0,0,4.359999984,0,0,0
1_51,0,453.8571429,1,0,1,1,0,2,0,3,1,146,16.53570023,48.64036627,58.12645353,8.616822665,8,1.625,1695.956837,0.533333333,5,49.07999998,0,0,0,0.279999995,1.76,0,0,0,1.640000001,0,28.72000001,12.24000003,0,0,0,0,6.279999993,0,0,0
1_52,0,410.4666667,0,3,2,2,1,3,0,1,5,117,15.66601933,44.51023354,104.0615518,6.233121863,10,1.8,1812.002567,0.6,5,26.95999998,0,0,0,14.44000002,0,0,0,0,1.319999999,0,35.68,13.59999998,0,0,0.640000007,5.6,1.760000014,0,0,0
1_53,0,364,0,0,2,0,0,2,0,0,0,267,14.03919943,65.04568871,137.4738012,5.830192743,32,1.28125,2994.355887,0.45,5,0.080000005,0,0,0,1.879999978,0.160000007,0,0,0,0.52,0,77.00000003,18.64,0,0,0.479999993,0,1.239999987,0,0,0
1_54,0,395,0,0,8,1,3,3,0,0,2,453,66.49567357,144.7616439,271.4181879,5.799274786,42,1.261904762,3131.911385,0.272222222,5,8.319999992,0,0,0,0,2.999999993,0,28.36000003,0,0,0,49.79999999,10.52,0,0,0,0,0,0,0,0
1_57,0.333333333,243,0,0,0,0,1,0,0,0,0,29,4.316409819,20.38967493,39.21353128,8.835292451,9,1.777777778,1505.345299,0.161111111,4,56.63999996,20.04000002,0,0,4.840000013,0.360000002,0,0,0,0,0,16.71999999,0.4,0,0,0,1.000000007,0,0,0,0
1_58,1,252,0,0,0,0,0,1,0,0,2,10,2.708513904,4.861107515,14.37609965,6.907880218,2,2.5,670.8756568,0.111111111,4,63.64,3.559999982,0,0,13.60000001,0.039999998,0,0,0,3.480000022,0,9.799999999,0,0,0,0,5.879999992,0,0,0,0
20_20,0,221,0,0,0,0,0,0,0,1,0,4,4.655230559,6.238939453,13.22471933,20.1908293,1,1,188.6748973,0.866666667,13,83.84000001,0,0,0,1.92,4.439999987,0,0,0,0,0,0.720000004,0,0,0,0,0,9.08,0,0,0
20_21,0.050847458,131.559322,4,0,17,6,2,3,5,0,4,489,70.08040495,123.7994419,264.1709455,9.642767586,22,1.681818182,3390.672878,2.283333333,14,16.07999994,0,0,0,2.32,1.159999995,0,62.40000006,0,0,0,11.76,0,0,0,0,6.28,0,0,0,0
20_22,0.097560976,154.195122,0,1,9,2,0,7,3,2,11,372,459.7678459,358.5496985,264.523627,40.65824122,49,1.428571429,4376.634773,2.816666667,15,2.720000017,0,0,0,0,0,0,28.15999994,0,0,0,42.44000004,14.88,0,0,0,0.64,11.16,0,0,0
20_23,0.243243243,201.7747748,4,0,17,5,1,11,14,3,6,476,294.184422,192.2641519,254.2466772,33.00147152,41,1.317073171,4232.600912,2.966666667,16,2.879999983,0,0,0,4.48,0,0,29.16,0,0,6.119999999,25.95999998,20.88000002,0,0,0,5.8,4.72000002,0,0,0
20_24,0.444444444,252.3333333,1,0,4,2,0,4,0,2,5,589,48.42533873,173.4079408,251.1320003,18.55671488,23,1.47826087,2800.383433,2.038888889,16,0.72,0,0,0,0.560000022,0,0,19.52,0,0,4.480000001,47.4,15.23999998,0,0,0,0,12.07999999,0,0,0
20_25,0.5,181.7272727,0,0,8,0,14,4,0,0,6,353,64.06277187,125.7376737,183.7736117,7.302561753,15,1.6,2399.747122,1.344444444,15,0,0,0,0,37.16,0,0,21.12,18.8,0,0,20.88000001,0,0,0,0,1.360000004,0.679999991,0,0,0
20_26,0.482758621,124.9310345,0,0,5,0,0,4,0,0,4,417,45.12910076,117.1181051,238.4193049,10.89607662,28,1.392857143,3233.213873,1.5,16,0,0,0,0,27.88,0,0,9.50E-09,0,0,0,63.07999999,2.839999999,0,0,0,6.199999999,0,0,0,0
20_27,0.466666667,82.04444444,1,0,7,0,3,6,4,0,15,322,67.14260735,123.2445124,127.3807277,15.71969059,24,1.833333333,2683.213437,1.983333333,16,0,0,0,0,23.15999997,0,0,12.28000001,19.12000004,0.760000001,0,3.239999977,31.4,0,0,0,10.04,0,0,0,0
20_28,0.517241379,91.17241379,1,0,8,1,14,9,5,0,5,284,139.6454827,107.5963892,131.0919836,25.46515068,22,1.272727273,2355.869404,2.527777778,17,0,0,0,0,22.48000004,0,0,34.99999998,35.99999999,3.120000001,0,0,3.399999987,0,0,0,0,0,0,0,0
20_29,0.40625,138.21875,0,1,13,1,11,10,2,0,10,77,132.3522031,102.9759807,95.25162048,24.44281327,13,1.769230769,2318.039322,2.822222222,17,1.32,0,0,0,12.75999997,0,0,13.2,46.43999999,1.919999998,0,14.52000002,2.20000001,0,0,0,7.4,0.080000005,0.160000003,0,0
20_30,0.260869565,159.4202899,0,0,5,1,0,7,1,1,2,433,172.5386479,228.8048523,106.406887,40.31264263,23,1.695652174,3429.413898,2.85,16,0,0,0,0,1.599999998,0,0,0.119999996,3.679999983,0.96,0,41.31999998,33.08000002,0,0,0,0,18.08000003,1.159999995,0,0
20_31,0.164835165,218.7582418,0,1,10,2,0,3,2,0,8,548,149.5687791,307.8203216,148.1809961,37.49624292,25,1.36,3346.777313,2.655555556,16,0,0,0,0,3.760000013,0,0,20.20000003,1.760000012,0,0,27.76,43.15999998,0,0,0,0,3.35999997,0,0,0
20_32,0.057142857,306.0571429,2,0,2,2,0,7,2,1,3,319,69.99213541,102.6254177,158.4608283,23.57714531,21,1.523809524,2284.8818,2.272222222,15,0.72,0,0,0,12,0,0,17.39999998,9.599999985,0,0,55.24000001,0,0,0,0,0,5.040000026,0,0,0
20_33,0.066666667,395.1333333,0,0,0,0,0,1,0,0,0,92,23.86025695,37.15636977,99.32084045,16.50019264,6,1.333333333,673.6294707,1.994444444,15,0,0,0,0,28.83999999,0,0,3.599999986,0,0,0,15.39999997,0,0,0,0,0,52.16000005,0,0,0
20_34,0,414.754717,0,0,4,1,0,2,0,0,3,197,20.9950635,54.39629944,186.9820215,15.39839459,16,1.3125,1799.828927,2.122222222,15,0,0,0,0,18.47999999,0,0,1.200000001,0,0,0,48.84000005,0.520000028,0,0,0,0,30.95999993,0,0,0
20_35,0.026666667,408.9333333,2,0,7,6,2,5,3,0,9,647,193.8561015,334.0480105,253.5189638,23.52610582,32,1.5625,3952.546824,2.961111111,17,0,0,0,0,7.279999994,0,0,9.88,0,0,0,4.39999995,78.44000006,0,0,0,0,0,0,0,0
20_36,0.060606061,349.1666667,1,0,9,1,0,4,3,0,7,682,190.8453374,306.4280826,296.8216253,22.32468864,26,1.730769231,3521.999833,4.072222222,18,0,0,0,0,0,0,0,1.07E-09,0,0,0,2.840000025,92.87999995,0,0,0,4.280000021,0,0,0,0
20_37,0.165289256,295.3636364,1,0,3,5,0,7,5,0,7,796,238.9829371,443.2359398,189.0356998,30.55853698,50,1.46,4503.979583,3.738888889,18,0,0,0,0,0,0,0,31.56000003,0,0.040000005,0,10.59999998,50.08,0,0,0,7.719999987,0,0,0,0
20_38,0.333333333,252.6,5,5,18,7,8,10,5,1,10,514,230.1595792,303.4958162,98.36088319,32.37120925,39,1.461538462,4098.306983,4.333333333,19,0,0,0,0,0.680000002,0,0,21.91999997,9.480000001,4.959999995,0,0,48.12000002,0,0,0,9.880000005,4.960000006,0,0,0
20_39,0.303703704,222.0592593,0,2,8,5,2,13,5,0,7,512,317.1532235,410.273702,202.012831,46.1291686,35,1.714285714,4220.891402,4.116666667,17,0.76,0,0,0,4.120000001,0,0,25.76000002,3.799999998,0.440000005,0,4.760000029,42.39999994,0,0,0,6.639999998,11.32000001,0,0,0
20_40,0.505882353,132.8588235,1,0,5,0,3,8,2,0,1,498,135.8059934,271.0840845,121.5794022,23.76209604,43,1.348837209,3403.260592,5.455555556,16,0.200000007,0,0,0,9.04,0.72,0,9.040000005,0.560000012,1.679999995,0,12.87999997,56.08000003,0,0,0,9.559999986,0.239999992,0,0,0
20_41,0.689320388,61.7961165,2,0,15,2,1,2,4,3,8,496,280.0508889,269.8423641,139.5594908,46.46975244,40,1.7,4042.85739,6.927777778,16,0.239999993,0,0,0,1.559999996,0,0,49,7.799999983,0,0,13.76000001,24.84000002,0,0,0,0,2.8,0,0,0
20_42,0.578475336,116.7399103,0,0,3,0,1,7,0,0,2,561,329.5874376,304.7950951,211.6440805,50.83942788,29,1.724137931,3996.375476,9.75,16,0,0,0,0,3.6,0,0,9.35999998,5.679999999,0,0,2.320000001,79.04000002,0,0,0,0,0,0,0,0
20_43,0.443127962,193.7085308,1,2,3,7,0,9,2,0,7,492,425.5245166,337.9797167,207.7674072,59.61932527,61,1.393442623,4932.842343,10.15555556,16,0,0,0,0,0.920000009,0,0,7.280000003,0,0,0,44.60000004,46.27999994,0,0,0,0.840000004,0.080000004,1.05E-09,0,0
20_44,0.209125475,250.4220532,1,1,6,3,0,4,4,1,5,329,197.1256408,159.6190173,199.9673774,39.1112407,26,1.692307692,2820.930753,9.716666667,17,0,0,0,0,3.999999994,0,0,10.72,0,0,0,53.64000001,9.400000005,0,0,0,6.079999995,0.279999997,15.87999999,0,0
20_45,0.086538462,317.8461538,1,1,8,3,0,5,1,2,4,500,207.6667199,273.7288631,191.1011008,32.53549765,40,1.5,3473.507348,7.688888889,17,0.96,0,0,0,0,0,0,15.40000002,0,6.400000008,0,64.11999996,9.760000013,0,0,0,0,3.360000003,0,0,0
20_46,0.241134752,282.7092199,2,1,3,1,0,3,1,0,11,424,194.5713674,276.3153777,178.1631438,32.48382426,38,1.552631579,3351.102988,7.044444444,17,0,0,0,0,1.520000002,0,0,7.03999998,0,0,0,32.71999997,32.12000001,0,0,0,12.88,13.72000003,0,0,0
20_47,0.422885572,233.800995,1,0,7,0,14,8,6,0,6,363,210.0898841,253.3639212,157.0867481,41.40472349,33,1.696969697,3752.661436,7.222222222,16,0,0,0,0,0.76,0,0,16.36000002,24.76000007,0,0,25.71999997,18.11999999,0,0,0,9.559999992,4.719999965,0,0,0
20_48,0.333333333,253.5106383,0,0,11,0,15,4,1,1,2,200,159.263456,124.4719346,72.35413513,49.72388337,14,1.642857143,2125.439165,7.688888889,15,0,0,0,0,15.56000004,0,0,30.35999997,38.76000002,0.96,0,0.919999998,10.07999996,0,0,0,3.360000001,0,0,0,0
20_49,0.28125,260.54375,0,0,0,0,3,5,0,0,1,139,185.0370079,86.82199996,28.01953806,55.00966621,20,1.6,3172.288213,6.522222222,13,2.12,0,0,3.680000003,11.51999996,0,0,1.760000001,31.51999998,3.040000007,0.279999994,20.20000002,6.040000033,0,0,0,19.51999999,0.320000009,0,0,0
20_50,0.313131313,264.7575758,0,0,6,1,2,1,0,0,5,481,248.522994,332.6323562,124.3984777,40.98933597,20,1.7,2782.629471,5.816666667,12,1.12,0,0,0,6.159999982,0,0,4.280000019,0,1.439999981,0,64.16000001,22.80000001,0,0,0,0.039999997,3.67E-17,0,0,0
20_51,0.488636364,272.2159091,1,0,1,0,1,6,2,0,8,209,153.0202511,157.9291788,91.33660599,33.67383367,28,1.75,4015.481328,7.138888889,12,1.88,0,0,0,2.440000003,0,0,22.55999999,10.92000006,0.080000003,0,41.59999994,4.159999988,0,0,0,9.68,6.68000001,0,0,0
20_52,0.57337884,230.2969283,18,2,61,15,19,19,24,6,14,280,162.1071004,92.31377906,92.79224481,42.94871983,31,1.709677419,3412.707681,7.277777778,11,0,0,0,0,0.039999999,0,0,34.60000007,38.99999995,0,0,6.999999968,11.88000001,0,0,0,7.480000001,0,0,0,0
20_53,0.454545455,217.3003953,19,3,49,12,24,19,26,1,11,377,167.7699843,203.6828423,140.1453503,42.72753718,34,1.676470588,4099.415048,8.233333333,12,0,0,0,0,3.880000006,0,0,56.95999994,18.48,0,0,18.36000004,1.40000002,0,0,0,0,0.919999995,0,0,0
20_54,0.452380952,197.7797619,2,0,13,1,7,8,5,0,7,648,151.5892856,309.7629106,165.4380625,39.50325131,44,1.5,4531.916451,5.95,12,0,0,0,0,0.040000004,0,0,34.19999996,9.479999993,0,0,16.00000002,40.28000002,0,0,0,0,0,0,0,0
20_55,0.315789474,195.1578947,0,0,0,0,0,0,0,1,0,162,79.99669828,117.2708379,81.01206449,28.17070691,6,2.333333333,864.2169669,3.783333333,12,0,0,0,0,24.72000001,0,0,0,0,0,0,40.72000004,7.839999945,0,0,0,0,26.72000001,0,0,0
20_56,0.481481481,243.962963,0,0,5,0,0,3,0,0,1,460,66.925473,176.2632597,251.4435344,16.0644498,25,1.56,2917.954113,2.622222222,12,0,0,0,0,1.479999997,0,0,0.880000009,0,0,2.519999984,43.95999995,50.28000008,0,0,0,0,0.87999998,0,0,0
20_57,0.073529412,283.7205882,3,0,10,1,1,4,7,0,8,613,220.9831845,259.4592753,325.129613,28.23882835,33,1.545454545,3878.940447,2.288888889,12,0.76,0,0,0,0.320000003,0,0,7.000000026,0,0.080000003,0,0,91.83999997,0,0,0,0,0,0,0,0
20_58,0.1,372.4857143,0,0,2,0,0,5,0,0,9,484,116.18426,206.1785739,235.0559506,21.64983138,42,1.428571429,3573.258718,2.727777778,10,1.72,0,0,0,1.119999997,0,0,9.879999963,0.160000002,0.959999998,17.96,17.20000001,45.84000004,0,0,0,5.160000001,0,0,0,0
20_59,0.025316456,453.3924051,2,1,7,7,0,7,4,1,5,497,232.3795688,217.6786243,240.9949389,34.81630982,37,1.594594595,3928.798579,2.616666667,10,0.4,0,0,0,0,0,0,0,0,0,4.799999973,19.36,65.47999998,0,0,0,0,9.960000049,0,0,0
20_60,0,506.7857143,1,1,4,1,0,4,1,3,2,547,247.8835562,260.5454194,238.0978226,36.25520718,42,1.452380952,3927.113082,1.766666667,10,0.48,0,0,0,0.240000014,0,0,9.079999984,0,0,0,32.72,40.00000001,0,0,0,0,17.47999999,0,0,0
20_61,0,467.2941176,0,0,0,0,0,3,0,0,1,178,153.5125483,87.03646795,121.8379956,31.81622934,10,1.7,1810.415382,0.961111111,9,24.68000001,0,0,0,19.31999999,0,0,0,0,0,0,20.75999995,18.96000003,0,0,0,0,16.28000002,0,0,0
21_20,0,172,0,0,0,0,0,0,0,0,0,9,4.209783915,7.159127896,17.43652005,20.14831627,4,1.5,318.9535465,0.544444444,12,90.80000003,0,0,0,1.29E-09,0,0,0,0,0,0,9.199999965,0,0,0,0,0,0,0,0,0
21_21,0.045454545,187.6818182,0,0,2,1,0,2,0,1,1,263,63.29455977,104.1972034,216.8504851,8.120407401,17,1.470588235,2403.305963,1.972222222,15,30.99999994,0,0,0,8.719999999,0,0,29.08000003,0,0,0,11.08000002,0,0,0,0,8,12.12000001,0,0,0
21_22,0.181818182,184.5113636,21,1,74,21,13,26,48,8,12,375,216.3533713,161.0113834,188.2315733,18.0156391,52,1.442307692,4324.799359,2.661111111,16,0,0,0,0,3.320000001,0,0,53.64,4.240000012,0,0,4.279999997,20.64,0,0,0,10.8,3.079999986,0,0,0
21_23,0.265625,218.5,16,3,47,7,4,15,7,5,9,231,83.77307468,93.6023529,112.0385114,20.58161133,43,1.720930233,4300.796671,2.777777778,16,1.4,0,0,0,10.12000002,0,0,29.15999996,4.599999988,0,0,36.64000002,1.24,0,0,0,13.08000001,3.76,0,0,0
21_24,0.461538462,173.3461538,4,0,15,5,7,5,2,2,8,178,45.57800095,34.86606389,39.32897507,22.15565645,21,1.380952381,2276.665505,1.8,16,0,0,0,0,27.52000001,0,0,0,17.52000003,0,12.24,30.35999997,0,0,0,0,6.199999999,6.159999998,0,0,0
21_25,0.62962963,162.8148148,1,0,6,1,11,6,4,0,8,226,55.88387158,54.99289836,86.13503562,14.50561074,28,1.535714286,2722.354834,1.105555556,16,0,0,0,0,14.67999998,0,0,2.320000013,42.11999999,0,0,30.84000002,0,0,0,0,10.04,0,0,0,0
21_26,0.555555556,156.9444444,2,0,25,5,22,6,3,0,10,473,55.14702539,125.9822057,188.4866695,10.54986104,32,1.5625,3265.440485,1.488888889,17,0,0,0,0,8.880000001,0,0,11.03999999,22.56,0.44,0,27.32000001,24.16,0,0,0,5.600000001,0,0,0,0
21_27,0.342857143,131.9142857,2,0,10,1,8,8,4,0,10,548,131.6820811,227.3397641,166.3182191,27.29661937,27,1.703703704,3553.852985,2.205555556,16,0,0,0,0,7.960000002,0,0,0.039999999,7.079999984,0,0,17.35999997,57.16000005,0,0,0,10.39999999,0,0,0,0
21_28,0.594202899,115.9130435,4,0,8,3,2,3,5,1,10,627,203.1813602,268.954826,264.1563701,28.69476602,24,1.666666667,3670.493042,2.588888889,16,1.24,0,0,0,2.119999984,0,0,44.88000006,0,0,0,0,48.15999995,0,0,0,3.600000006,0,0,0,0
21_29,0.428571429,172.4285714,1,1,6,2,0,7,1,0,2,560,107.1768756,199.7126347,179.4714463,18.65612474,40,1.35,4013.207517,2.944444444,17,0,0,0,0,13.96,1.2,0,43.27999995,0,0,0,33.32000004,0,0,0,0,2.399999994,3.159999999,2.680000016,0,0
21_30,0.274509804,214.1764706,0,0,4,2,0,4,0,2,4,225,92.61460279,120.9680284,154.4218881,30.09006773,22,1.5,2339.056164,2.883333333,17,0,0,0,0,16.56000001,0,0,0,0,0,33.80000002,45.63999999,0,0,0,0,0,0.039999999,3.959999984,0,0
21_31,0.152173913,274.0869565,1,0,2,0,1,5,0,0,6,251,91.35228082,89.52917394,96.41500632,33.47417256,17,1.470588235,2265.605653,2.572222222,16,0,0,0,0,13.99999999,0,0,0,8.040000044,0,1.799999985,41.63999998,7.6,0,0,0,0,26.92,0,0,0
21_32,0.083333333,297.1666667,0,0,1,0,2,0,2,0,1,43,74.33002789,54.16782597,23.98959978,30.93576756,5,1.8,1290.281131,2.066666667,16,0,0,0,0,32.24,0,0,0,39.28000001,0,0,28.47999999,0,0,0,0,0,0,0,0,0
21_33,0.1,336.2,0,0,1,0,0,5,1,0,2,16,72.18597774,58.38526016,52.20205413,26.4082975,4,1.75,967.9593804,1.822222222,15,0,0,0,0,15.56,0,0,0,35.43999994,0.52,0,9.600000031,4.80E-09,0,0,0,0,38.88000003,0,0,0
21_34,0.150943396,353.2830189,0,0,1,1,1,6,0,0,6,485,148.6816103,188.9863516,150.514969,27.38585065,19,1.842105263,3110.829965,2.216666667,15,0,0,0,0,9.84,0.6,0,11.8,3.16,0,0,54.00000002,14.88000001,0,0,0,0,5.719999968,0,0,0
21_35,0.040816327,398.8163265,0,0,4,1,0,2,1,0,2,446,166.7612392,332.515873,139.1647066,21.57325307,24,1.458333333,2744.106789,2.827777778,16,0,0,0,0,11.76,0,0,7.400000003,0,0,0,59.79999997,21.04000002,0,0,0,0,0,0,0,0
21_36,0.155555556,332.3111111,0,1,4,1,0,4,0,2,5,512,134.5704363,228.7963617,189.6715861,22.34473524,23,1.652173913,3034.489332,3.616666667,18,2.72,0,0,0,3.440000001,0,0,8.559999999,0,0,0,14.64,40.83999995,0,0,0,7.48,22.32000005,0,0,0
21_37,0.234042553,280.0425532,0,1,9,1,13,9,3,1,11,372,164.8976595,170.567967,79.06552329,28.98363189,29,1.448275862,2818.824486,3.133333333,18,0,0,0,0,6.080000002,0,0,30.16000001,16.48000003,2.400000007,0,20.11999997,3.280000019,0,0,0,5.880000009,15.59999995,0,0,0
21_38,0.435483871,257.2096774,0,0,9,0,8,6,4,0,3,91,129.2829038,131.1857263,81.67853399,25.63903626,30,1.333333333,3311.032747,4.288888889,18,0,0,0,0,3.120000003,0,0,10.68,56.87999999,0.799999994,0,0,21.76000002,0,0,0,6.759999991,0,0,0,0
21_39,0.466666667,187.35,5,1,10,2,2,6,4,2,15,406,183.5498803,244.6236468,116.974673,31.56319163,34,1.529411765,3298.974626,4.277777778,18,0.959999999,0,0,0,5.200000001,0,0,3.920000002,6.67999999,0,0,13.92000001,47.47999999,0,0,0,21.84000001,0,0,0,0
21_40,0.504504505,122.027027,1,0,8,3,6,10,5,0,6,550,261.2495184,313.7689364,150.4989998,27.35544165,55,1.509090909,4205.411746,4.794444444,17,0,0,0,0,1.840000011,0,0,23.48,9.600000015,0,0,4.519999986,57.56,0,0,0,2.999999987,0,0,0,0
21_41,0.546666667,83.05333333,0,1,3,2,1,5,2,1,5,125,185.1979611,126.2808986,76.97738771,28.43260732,23,1.782608696,2820.174342,5.838888889,16,14.48,0,0,0,17.63999999,0,0,1.319999998,4.359999962,0,23.44,13.76000001,19.87999998,0,0,0,0,5.120000054,0,0,0
21_42,0.413793103,140.9310345,2,3,4,1,0,3,3,0,4,319,200.0544941,181.4969271,142.4064488,46.10780157,19,1.684210526,2143.989356,7.988888889,16,0,0,0,0,15.03999999,0,0,9.399999996,0,0,0,28.32000001,17.88000001,0,0,0,0,29.36,0,0,0
21_43,0.3125,189.25,1,0,5,7,0,3,1,0,5,657,416.8769122,493.4488596,189.6470999,59.24895198,30,1.8,3800.3407,8.422222222,16,0,0,0,0,0,0,0,0,0,0,0,46.84000005,45.44,0,0,0,0,7.719999952,0,0,0
21_44,0.164473684,216.8092105,1,1,1,0,0,5,1,6,4,361,181.3644472,193.9233665,187.4554946,34.93951465,33,1.393939394,2975.861407,7.622222222,16,0,0,0,0,8.920000001,0,0,5.98E-09,0,0,9.639999999,54.15999999,11.36,0,0,0,9.560000002,5.519999993,0.840000004,0,0
21_45,0.164556962,259.8860759,0,0,4,2,0,4,1,0,7,360,90.25919323,140.6829231,175.0360947,19.74446016,25,1.48,2747.695037,5.616666667,17,0,0,0,0,7.800000002,0,0,11.72,4.63999999,0.879999999,0,57.23999997,5.32000004,0,0,0,12.40000001,0,0,0,0
21_46,0.248407643,274.1719745,1,0,3,1,0,4,1,0,4,326,170.1807057,216.4122307,122.2480321,35.14281515,29,1.551724138,3391.072856,5.672222222,17,1.96,0,0,0,25.71999996,0,0,0,5.999999995,0.679999997,0,19.44000007,39.31999998,0,0,0,6.159999994,0.72,0,0,0
21_47,0.333333333,231.1911111,1,2,6,2,2,11,5,2,7,339,255.7580571,228.915538,150.4058885,40.40335282,45,1.6,4192.488914,6.444444444,16,0.64,0,0,0,5.760000039,0,0,4.520000008,19.47999999,2.280000002,0,26.51999993,24.44000002,0,0,0,11.76,4.6,0,0,0
21_48,0.164556962,305.2848101,0,0,1,0,0,4,0,0,1,218,160.3111733,172.109546,68.37487288,40.85046308,15,1.866666667,1994.054461,7.172222222,15,0,0,0,0,26.87999997,0.240000007,0,2.760000001,8.559999992,4.08,0,44.68000002,8.640000015,0,0,0,4.160000002,0,0,0,0
21_49,0.102739726,349,0,2,2,1,0,3,0,0,5,310,167.2292776,198.1063848,76.02839171,41.49124046,11,2.272727273,1935.297736,6.194444444,13,0,0,0,0,10.48000002,0.199999993,0,0.599999995,0,3.040000015,33.12,44.31999995,1.559999975,0,0,0,0.600000015,6.080000036,0,0,0
21_50,0.140939597,288.295302,0,0,3,0,2,9,1,3,7,180,302.0141579,248.8882598,99.89858493,44.56465629,17,1.823529412,2926.050747,5.505555556,12,0,0,0,0,22.44000004,0,0,1.359999991,2.8,4.479999992,0,40.88000001,7.99999999,0,0,0,13.12000002,6.919999962,0,0,0
21_51,0.477876106,217.7610619,2,1,2,2,1,9,11,1,1,282,190.9030655,159.9335457,53.71884404,40.27476499,24,1.833333333,3207.132594,6.861111111,13,0,0,0,0,9.359999965,0,0,6.120000004,25.44000001,0,0,30.00000006,6.760000014,0,0,0,12.31999996,2.880000005,0,7.119999983,0
21_52,0.61003861,186.0810811,6,0,29,6,7,7,2,1,7,490,160.4081501,299.998852,144.4422513,38.28051432,33,1.484848485,3475.661227,7.305555556,12,0,0,0,0,0.840000001,0,0,15.96000003,3.959999981,0,0,34.91999996,31.16000005,0,0,0,9.63999999,3.519999995,0,0,0
21_53,0.469767442,148.2651163,4,0,39,7,47,13,9,1,8,322,261.7579307,218.8923125,97.1019292,40.72302655,35,1.8,4334.031532,8.2,12,0,0,0,0,4.160000011,0,0,43.87999997,40.48000004,0,0,0.319999996,9.919999982,0,0,0,0,1.240000005,0,0,0
21_54,0.588888889,145.6,1,0,19,0,16,7,2,0,6,371,237.8326418,190.2357517,97.62572542,41.58431829,40,1.35,3286.443854,6.322222222,12,0,0,0,0,11.08,0,0,42.92000001,29.55999999,0,0,0.920000015,15.51999998,0,0,0,0,0,0,0,0
21_55,0.623853211,109.8256881,2,0,13,2,19,11,5,0,6,334,82.98605037,153.6518716,91.97663619,26.62636914,23,1.652173913,3377.451097,4.661111111,12,0,0,0,0,2.199999981,0.56,0,17.23999997,39.91999994,0,0,11.68000002,27.20000008,0,0,0,0,1.200000009,0,0,0
21_56,0.634920635,151.3968254,1,0,6,3,0,2,2,0,3,576,76.53236864,195.9262561,256.3698527,24.0646171,39,1.769230769,4324.751914,3.611111111,12,0.48,0,0,0,0.56,0,0,27.68000004,0,0,10.68000002,11.99999999,48.59999995,0,0,0,0,0,0,0,0
21_57,0.255319149,231.4042553,0,1,3,1,0,4,0,0,1,556,50.33114587,112.567979,362.5101263,18.85357082,37,1.216216216,2679.592328,3.116666667,12,0,0,0,0,1.840000005,0,0,19.07999997,0,4.72,0,0,73.88000003,0,0,0,0,0.48,0,0,0
21_58,0,319.53125,3,1,11,0,0,5,1,1,4,387,73.79588166,134.5275766,258.6411693,14.99790684,28,1.428571429,2986.083122,3.394444444,10,0,0,0,0,5.079999995,2.800000005,0,10.03999999,0,0,11.92000005,13.40000003,51.59999993,0,0,0,5.159999999,0,0,0,0
21_59,0.041666667,426.9375,0,0,3,1,0,1,0,1,4,399,101.143091,143.1366627,196.9195262,18.45470018,32,1.4375,2791.813263,3.416666667,10,0,0,0,0,4.28,0.359999995,0,4.599999985,0,0,4.679999983,66.00000005,10.99999998,0,0,0,0,9.08,0,0,0
21_60,0.03125,440.09375,2,1,7,2,0,2,1,0,6,560,79.85448819,206.1392823,237.1706802,15.05090474,43,1.302325581,3828.824174,2.666666667,10,0,0,0,0,0.240000001,0,0,20.51999999,0,0,0,65.92000002,4.559999994,0,0,0,2.6,1.84,4.319999996,0,0
21_61,0,381.25,0,0,3,0,0,2,0,0,4,122,60.60401169,61.76678157,75.57011171,20.85597878,24,1.416666667,2314.102399,1.388888889,9,53.76000005,0,0,0,5.720000022,0,0,0,3.52,0,0,27.07999994,4.479999984,0,0,0,5.439999998,0,0,0,0
22_20,0,183,0,0,1,1,1,1,0,0,6,37,1.124808273,5.010866994,11.86210418,19.65913402,2,2,1032.739599,0.216666667,12,70.11999999,0,0,0,1.720000004,7.8,0,0,0,0,0,20.36000001,0,0,0,0,0,0,0,0,0
22_21,0.357142857,221.6428571,0,0,0,1,0,3,0,5,3,56,6.200290477,8.378726722,17.11929868,9.396880731,14,1.5,1478.080844,0.838888889,16,45.47999998,0,0,0,11.12,0,0,0,0,0,0,23.24,0,0,0,0,4.480000014,15.68,0,0,0
22_22,0.269230769,225.6153846,0,1,5,3,6,7,1,0,4,446,81.88303639,126.7591876,257.1247198,10.77263528,34,1.558823529,3648.312449,1.277777778,16,5.719999975,0,0,0,3.519999995,0,0,15.24000002,8.080000009,0.52,0,56.20000002,0.44,0,0,0,9.35999999,0.919999996,0,0,0
22_23,0.368421053,251.4736842,0,0,17,5,18,6,10,2,7,229,57.7416793,55.93478861,130.4539884,12.14033903,38,1.526315789,3694.533424,1.433333333,16,0.88,0,0,0,13.6,0,0,11.79999998,37.76000003,0.759999999,0,20.07999996,2.720000017,0,0,0,12.40000001,0,0,0,0
22_24,0.285714286,230.4285714,0,2,21,3,29,8,14,1,6,72,42.74935605,19.66686375,22.10571507,21.35367301,19,1.526315789,2625.617993,1.022222222,16,0,0,0,0,6.719999998,0,0,0,77.00000003,3.4,0,6.679999998,2.079999987,0,0,0,2.719999991,0,1.399999997,0,0
22_25,0.6,247.0666667,1,0,10,0,6,7,0,0,2,20,44.49592683,19.81977259,21.35671362,21.94948005,5,1.8,1291.448161,0.933333333,16,0,0,0,0,29.16000002,0,0,0,67.87999996,1.040000003,0,0.800000018,0,0,0,0,0,0,1.119999994,0,0
22_26,0.304347826,252.9565217,1,0,3,0,2,4,1,2,1,88,51.95570197,40.22444345,31.97064639,21.94234145,5,2.4,1087.34319,1.722222222,17,0,0,0,0,22.39999998,0,0,0,28.84,2.879999998,0,34,5.080000016,0,0,0,0,6.800000001,0,0,0
22_27,0.263888889,199.6944444,1,0,15,4,10,6,2,0,5,569,189.1704843,239.7019872,200.4004999,30.65288781,35,1.428571429,3174.313859,2.811111111,17,0,0,0,0,5.479999988,0,0,19.88000003,14.07999999,0,0,41.67999881,16.44000043,0,0,0,2.440000652,0,0,0,0
22_28,0.4375,186.3392857,41,1,62,22,7,19,39,6,13,603,364.559055,201.2443034,262.4724446,39.03755405,69,1.405797101,5486.706571,3.372222222,16,0.96,0,0,0,0.560000001,0,0,70.79999999,0,0,0,0,10.76,0,0,0,8.48000001,0,8.44,0,0
22_29,0.456521739,195.9565217,1,2,8,1,2,4,1,4,3,550,254.7114656,215.8004515,202.4024527,41.11649109,33,1.575757576,3746.800942,3.455555556,17,1.92,0,0,0,1.200000001,0,0,4.639999978,0,0,0,11.64000003,61.59999998,0,0,0,2.039999986,16.96000003,0,0,0
22_30,0.381578947,251.6710526,4,2,8,1,4,8,3,1,5,701,374.0647484,343.1614736,277.2013868,37.78188,37,1.378378378,4140.369981,2.838888889,17,1.28,0,0,0,2.400000004,0,0,18.96,0,0,0,27.91999998,47.32000004,0,0,0,0,2.119999976,0,0,0
22_31,0.3125,309.65625,1,0,6,1,0,4,1,0,9,558,207.2861328,224.1726745,258.9987116,32.30203122,32,1.34375,3346.524539,2.961111111,16,2.28,0,0,0,6.320000002,0,0,0,0.040000002,0,0,15.44000001,68.35999997,0,0,0,0,7.560000021,0,0,0
22_32,0.323076923,293.6461538,4,1,5,4,1,7,2,0,9,397,242.3451086,241.6367272,143.657525,36.82878938,26,1.461538462,2778.918362,2.877777778,16,0,0,0,0,10.44000001,0,0,2.919999997,9.560000024,0,0,23.80000001,48.19999997,0,0,0,0,5.079999985,0,0,0
22_33,0.138888889,303.3333333,0,0,1,0,0,3,0,0,2,322,88.97822949,139.9011675,168.9004226,21.84886729,20,1.3,2181.929051,3.272222222,16,0,0,0,0,10.59999999,0,0,0,5.75999998,0,0,41.43999998,8.199999984,0,0,0,0,34.00000006,0,0,0
22_34,0.186440678,313.1864407,1,0,3,1,0,4,1,0,5,425,181.8122033,193.0626487,161.4979872,31.97868442,32,1.1875,2755.164449,3.044444444,16,0,0,0,0,12.64000003,0,0,0.04,0,0,0,51.08000004,17.52,0,0,0,0,18.71999994,0,0,0
22_35,0.217391304,277.9782609,3,0,3,1,0,7,3,0,8,626,270.2425557,392.2504544,185.3881182,34.5835621,27,1.777777778,3786.51398,2.666666667,17,0.360000003,0,0,0,11.35999997,0,0,4.039999998,0,0,0,64.76000002,17.56,0,0,0,1.920000006,0,0,0,0
22_36,0.151515152,288.7878788,0,0,6,2,22,4,2,2,1,128,86.24881144,131.0821329,74.59722432,25.53737114,11,1.818181818,1833.37134,2.972222222,17,0.759999997,0,0,0,11.16000001,0,0,0,17.16000007,0,38.56,22.11999993,1.399999999,0,0,0,6.039999993,2.799999998,0,0,0
22_37,0.079545455,248.2159091,0,0,15,2,16,16,1,0,8,351,113.4886428,155.5497415,130.1063721,26.1494068,39,1.512820513,4124.596391,2.438888889,18,1.48,0,0,0,2.39999999,0,0,15.04,37.95999996,3.24,0,6.039999993,22.72000006,0,0,0,11.12,0,0,0,0
22_38,0.230769231,298.7307692,0,0,4,0,1,1,0,0,0,113,55.62891979,92.93361521,56.40297498,21.2612952,6,1.5,1388.574126,3.911111111,18,0,0,0,0,13.80000004,0,0,0,48.19999998,14.28,0,0,21.59999996,0,0,0,2.120000014,0,0,0,0
22_39,0.306122449,205.7653061,0,0,1,1,3,3,0,0,2,257,176.7906738,162.8270397,88.6906311,34.23786732,10,1.6,1670.092088,5.188888889,18,0,0,0,0,18.23999997,0,0,0.800000013,2.959999997,9.119999998,0,20.24000006,19.07999998,0,0,0,8.199999986,21.36,0,0,0
22_40,0.45398773,156.8650307,1,0,9,5,6,7,0,0,5,584,194.4879517,321.9223642,216.2908326,30.19587479,39,1.461538462,3937.021069,5.838888889,18,0,0,0,0,2.319999993,0,0,17.64000001,0,0,0,33.51999995,37.68000005,0,0,0,5.92,2.919999995,0,0,0
22_41,0.404761905,118.6309524,2,0,6,3,1,4,1,1,4,605,177.3838909,267.1892773,203.1560817,19.20194847,48,1.375,4262.584851,6.544444444,17,10.12,0,0,0,2.360000003,0,0,9.51999998,0,0,0,3.44000003,72.71999999,0,0,0,0,1.84,0,0,0
22_42,0.547445255,152.5766423,2,1,12,3,11,8,3,0,8,481,192.2258821,233.3466012,181.3785693,35.69841362,43,1.488372093,4471.345984,5.805555556,16,0.52,0,0,0,1.479999996,0,0,3.280000006,21.52,3.280000006,0,11.07999998,55.83999999,0,0,0,0,3.000000016,0,0,0
22_43,0.524590164,175.0327869,2,0,11,5,0,7,6,0,9,559,293.4113173,440.1913885,201.2066419,43.24425118,43,1.465116279,4204.460052,5.711111111,16,0,0,0,0,1.840000006,0,0,8.280000006,0.960000003,4.57E-10,0,27.64000003,55.79999996,0,0,0,4.640000015,0.839999982,0,0,0
22_44,0.326923077,181.8269231,0,0,4,0,0,1,4,0,8,609,84.4049877,166.551818,300.2344152,30.93650254,41,1.414634146,3847.186759,5.2,16,0,0,0,0,1.560000002,0,0,28.35999998,3.279999999,0,0,47.92000002,8.440000002,0,0,0,2.319999989,8.120000011,0,0,0
22_45,0.172413793,232.8103448,0,0,3,0,6,4,0,0,2,288,38.57228053,77.10297956,84.94276741,13.07895989,18,1.277777778,1685.512254,4.383333333,16,0,0,0,0,8.960000006,0,0,0.439999993,38.56000004,0.280000005,0,39.07999996,4.400000006,0,0,0,7.84,0.439999993,0,0,0
22_46,0.25,283.547619,0,0,4,0,10,9,0,0,4,20,140.3679448,83.24743086,38.69732028,32.95433784,4,2.75,1137.757878,5.072222222,16,0.239999999,0,0,0,27.80000001,0,0,0.959999996,53.12,8.319999994,0,0,9.560000005,0,0,0,0,0,0,0,0
22_47,0.201550388,255.1007752,1,0,8,0,6,4,1,0,2,431,184.7189222,236.9196819,103.2766243,36.45536346,23,1.608695652,3783.187759,5.883333333,16,0,0,0,0,0.6,0,0,1.000000003,29.95999996,0,0,35.48000002,25.48000001,0,0,0,7.480000008,0,0,0,0
22_48,0.214765101,281.0402685,0,1,18,3,3,6,6,0,11,524,226.5549114,288.9278687,201.7464554,39.71124127,38,1.578947368,3916.204953,6.616666667,14,0.480000007,0,0,0,0.240000002,0,0,16.27999997,0,0,0,49.28,26.72000003,0,0,0,6.99999999,0,0,0,0
22_49,0.128571429,309.2571429,1,0,6,2,5,4,2,1,11,665,349.8941933,391.5506208,199.6157995,38.62980301,42,1.523809524,4107.515473,6.655555556,14,0.559999993,0,0,0,0,0,0,48.35999999,3.52000001,0,1.79E-09,18.88000008,28.67999992,0,0,0,0,0,0,0,0
22_50,0.218487395,300.1428571,4,0,10,3,0,6,2,1,9,599,421.8088574,456.0108661,199.6153507,43.78831245,36,1.555555556,3336.25848,6.238888889,14,1.12,0,0,0,0,0,0,11.32000003,0.71999999,0.040000006,0,30.19999997,56.6,0,0,0,3.67E-17,2.59E-09,0,0,0
22_51,0.452380952,248.2460317,0,0,5,1,5,7,4,0,7,322,252.6866637,225.8539903,106.7701502,40.45559171,27,1.518518519,3511.576308,5.955555556,13,0,0,0,0,3.84,0,0,6.679999977,28.36000007,2.239999996,0,16.47999997,13.67999996,0,0,0,19.88000001,0,0,8.840000013,0
22_52,0.588235294,189.1960784,1,0,10,1,10,3,2,0,7,244,131.7208626,96.63035442,80.18572119,36.69420512,15,1.8,1735.253843,6.122222222,12,1.800000014,0,0,0,3.079999999,0,0,14.80000006,42.99999992,0,0,24.92,2.58E-09,0,0,0,12.40000001,0,0,0,0
22_53,0.696,110.728,10,0,11,2,4,8,13,0,7,637,261.8787296,350.8751415,133.5902857,35.84384565,48,1.645833333,4491.807882,6.194444444,12,3.999999977,0,0,0,0,0,0,40.16000003,0,0,0,14.71999999,35.04,0,0,0,6.08,0,0,0,0
22_54,0.65625,71.40625,3,0,4,0,4,6,4,3,8,351,189.4357211,175.869153,181.2694291,25.56091781,23,1.47826087,2756.06849,5.744444444,12,0.999999997,0,0,0,3.360000004,0,0,26.31999998,28.60000005,0,0,0,33.51999997,0,0,0,5.84,1.360000003,0,0,0
22_55,0.67826087,78.92173913,1,0,15,3,4,8,4,0,8,402,175.0295976,162.9555671,170.8856564,28.75338309,38,1.526315789,3752.774515,4.938888889,12,0,0,0,0,0,0,0,10.12,32.79999999,0,0,1.49E-08,51.88,0,0,0,5.119999999,0.079999997,0,0,0
22_56,0.661654135,116.8421053,3,1,14,1,2,6,6,0,7,637,234.6380758,283.6686987,252.9457073,34.59949556,24,2.166666667,4195.216546,4.422222222,12,1.64,0,0,0,0.240000006,0,0,40.96000003,5.800000027,1.080000002,0,4.92,40.71999994,0,0,0,3.999999994,0.64,0,0,0
22_57,0.425531915,192.0425532,1,2,5,1,9,9,3,5,7,509,143.4947622,206.4640953,325.9208131,25.63620079,38,1.473684211,3898.759354,4.727777778,11,0,0,0,0,0.319999993,0,0,36.48000001,12.75999996,0.879999997,0,5.600000012,37.64000004,0,0,0,4.519999994,1.8,0,0,0
22_58,0.216216216,257.3243243,3,0,5,3,2,4,1,0,6,654,113.3444971,281.9205345,324.3283897,18.56027359,50,1.44,4732.392449,5.05,11,0,0,0,0,0,0,0,31.28,0,0,0,11.27999996,48.04000002,0,0,0,9.400000011,0,0,0,0
22_59,0.076335878,327.0229008,1,0,5,1,1,5,0,1,5,578,164.0466869,266.0786797,267.1966612,22.33262089,32,1.65625,3767.923899,4.522222222,10,0,0,0,0,0,0,0,17.6,0,0,0,0.440000005,68.36000001,0,0,0,6.91999999,6.679999993,0,0,0
22_60,0.070866142,387.1338583,1,0,6,3,0,4,3,0,6,552,117.8126577,289.4322066,313.9642732,17.83635533,43,1.325581395,3706.6556,2.75,10,0.880000013,0,0,0,2.800000006,0,0,21.55999999,0,0,0,7.720000027,64.11999996,0,0,0,2.88,0,0.040000004,0,0
22_61,0,431,0,0,1,0,0,1,0,0,0,29,3.02642629,13.99780229,22.1873699,14.52833936,2,4.5,1696.924007,1.522222222,9,75.44000002,0,0,0,5.720000013,0,0,0,0,0,0,11.95999998,2.519999983,0,0,0,4.360000004,0,0,0,0
23_11,0,497,0,0,0,0,0,2,0,0,1,21,13.43989379,16.25371212,35.18709666,13.72630716,5,2,1300.944626,0.572222222,8,71.60000004,0,0,0,8.68,0,0,0,0,0,0,3.599999992,7.999999981,0,0,0,0,8.119999992,0,0,0
23_12,0,532.0625,0,0,0,0,0,2,1,0,0,119,57.76364977,49.60090448,65.15491438,23.17168575,25,1.28,1842.881288,1,8,48.19999999,0,0,0,13.96000001,0,0,0,0,0,0,15.92,3.320000001,0,0,0,0,18.6,0,0,0
23_13,0.111111111,512.3333333,0,0,0,0,0,1,0,0,0,14,1.361144677,2.700584558,6.517832573,21.20023691,3,2.333333333,1189.980173,1.016666667,9,75.08000002,0,0,0.6,3.559999994,4.999999998,0,0,0,0,0,6.119999994,0,0,0,0,9.639999998,0,0,0,0
23_20,0,215,0,0,0,0,0,0,0,0,0,0,3.226135802,3.497481876,10.61427401,8.283060618,0,1,332.8973301,0.122222222,14,100,0,0,0,0,0,0,0,0,0,0,0,0,0,0,0,0,0,0,0,0
23_21,0,304,0,3,1,0,0,0,0,0,2,7,3.244902955,3.483965691,10.60312952,8.181459838,1,1,241.5649152,0.377777778,14,91.24,0,0,0,0,6.52,0,0,0,0,0,2.16,0,0,0,0,0,0.08,0,0,0
23_22,0.090909091,252.1818182,1,0,3,0,1,6,2,0,4,284,15.09027281,52.68430826,149.3152303,7.844562296,28,1.607142857,2972.643334,0.644444444,16,30.79999993,0,0,0,0.36,0,0,13.56000001,1.800000001,0,0,46.56000006,0,0,0,0,6.8,0.12,0,0,0
23_23,0.363636364,304.5454545,0,3,1,0,0,0,0,0,5,97,3.360484837,29.68133812,75.54164037,7.854397268,12,1.583333333,1144.189805,0.866666667,16,0,0,0,0,34.88000002,0,0,0.359999995,6.600000024,3.04,0,34.03999994,0,0,0,0,0,21.08000002,0,0,0
23_24,0.090909091,314.6363636,0,0,1,0,0,2,1,1,9,41,28.37826763,23.22529615,56.05809428,9.365664305,13,1.384615385,1261.058111,0.95,16,0,0,0,0,22.91999999,0,0,0,2.999999978,0,0,18.80000002,0,0,0,0,5.440000006,40.59999998,9.240000025,0,0
23_25,0.090909091,304,0,0,5,0,1,2,1,0,0,64,51.99975658,45.71796149,66.41666587,14.59994372,6,1.833333333,872.05478,1.088888889,16,0,0,0,0,12.24,11.56,0,0,5.160000005,0,0,49.36000003,1.159999997,0,0,0,5.079999995,4.199999993,11.23999998,0,0
23_26,0.064516129,274.3225806,0,0,4,3,1,2,0,0,1,407,48.11641813,122.7635269,137.5858964,20.74875122,15,1.6,2155.355775,1.955555556,17,0,0,0,0,13.43999999,0,0,13.84000003,0,0,0,54.35999995,15.08000003,0,0,0,0,3.279999986,0,0,0
23_27,0.099009901,245.3168317,7,1,49,6,19,6,18,1,5,717,203.4400504,299.7681864,213.8737498,28.76721136,34,1.647058824,3742.610544,2.822222222,17,0,0,0,0,0,0,0,72.00000001,8.520000011,0,0,0,13.91999997,0,0,0,5.560000003,0,0,0,0
23_28,0.247863248,246.3589744,3,1,12,8,8,12,14,6,9,484,170.7391031,183.7404901,171.3214076,27.82376673,34,1.558823529,3747.272113,3.355555556,17,1.360000002,0,0,0,0.6,0,0,46.07999998,8.040000016,0,0,17.6,6.4,0,0,0,14.40000001,5.52,0,0,0
23_29,0.416666667,230.1666667,3,0,14,3,9,10,8,2,10,466,185.2760304,181.9289134,143.4213182,36.90343009,29,1.655172414,3753.977586,3.644444444,17,0.239999997,0,0,0,0,0,0,11.63999998,24.83999997,0,0,27.84000004,25.48000002,0,0,0,9.959999992,0,0,0,0
23_30,0.684210526,263.5657895,0,1,10,1,2,7,1,0,4,773,298.6309785,402.4455523,273.9267046,34.65336308,46,1.413043478,4300.03779,3.45,18,0,0,0,0,0.160000001,0,0,0,0,0,0,34.67999996,62.68000004,0,0,0,2.479999999,0,0,0,0
23_31,0.655737705,284.3770492,1,1,9,3,0,3,2,0,4,798,183.4778357,244.5819861,389.2505901,25.23011664,40,1.4,4195.247197,4.161111111,18,0,0,0,0,5.159999999,0,0,4.720000029,0,0,0,0,89.83999998,0,0,0,0.279999996,0,0,0,0
23_32,0.48630137,250.369863,2,1,6,6,0,10,1,1,11,464,449.5497947,482.2269027,244.7222047,44.35203275,37,1.486486486,3764.067253,3.883333333,17,0,0,0,0,2.48,0,0,25.83999998,0,0,0,7.760000017,58.96,0,0,0,0,4.960000011,0,0,0
23_33,0.526315789,221.2406015,0,1,6,0,0,5,2,0,4,527,281.2440197,418.7828671,158.6997081,38.59990754,29,1.482758621,3701.744375,3.744444444,17,0.76,0,0,0,3.920000007,0,0,0.079999997,0,0,0,49.08,26.11999997,0,0,0,0,20.04000003,0,0,0
23_34,0.504950495,224.1881188,4,1,0,1,0,2,0,3,4,122,165.2864709,134.3657281,118.1715554,25.486002,7,2,985.0003578,3.488888889,17,0,0,0.879999999,0,27.83999999,0,0,0,0,1.32,0,16.88000003,4.360000017,0,0,0,3.600000005,45.11999996,0,0,0
23_35,0.375,248.453125,3,0,6,1,0,4,4,0,6,635,128.2743658,294.0524081,200.4029973,28.81866615,39,1.333333333,4278.948127,3.166666667,19,0,0,0,0,0.320000003,0,0,10.64,0,0,0,35.91999995,46.60000005,0,0,0,6.479999994,0.039999999,0,0,0
23_36,0.279069767,236.9069767,0,1,9,0,19,6,1,2,5,135,52.02905259,90.33721293,51.31974962,24.67864828,13,1.615384615,1554.088449,3.094444444,18,0,0,0,0,23.60000002,0,0,4.66E-09,34.76000001,3.280000005,1.919999999,4.12,28.63999995,0,0,0,3.680000008,0,0,0,0
23_37,0.066666667,267.0333333,1,0,5,1,0,4,0,0,3,618,219.7993312,290.0967012,187.2088515,28.56316562,48,1.270833333,3958.030934,2.438888889,19,0,0,0,0,11.96000003,0,0,10.56,0.919999984,1.359999996,0,0,72.88,0,0,0,2.319999992,0,0,0,0
23_38,0.139534884,311.8604651,0,0,0,0,0,3,0,0,1,60,61.90601631,141.9525913,72.9023999,29.35623354,2,1.5,240.1894359,3.538888889,18,0,0,0,0,64.51999997,0,0,0,0,2.280000016,0,2.92000002,10.15999997,0,0,0,9.72,10.40000002,0,0,0
23_39,0.179856115,267.5179856,0,0,0,0,0,1,0,1,2,166,223.8961992,143.6233779,79.23992319,53.5552126,6,2,1002.951203,5.177777778,18,0,0,0,0,26.31999999,0,0,0,0,17.51999999,0,21.76,4.60000002,0,0,0,0,29.8,0,0,0
23_40,0.47037037,199.7888889,22,0,36,6,6,9,27,7,15,308,267.8545118,219.5407156,153.6727339,53.52517875,40,1.65,4009.111384,5.577777778,19,0,0,0.120000002,0,12.03999998,0,0,18.64,2.08000001,0,0,12.95999999,40.44000002,0,0,0,2.320000006,9.119999977,0,2.280000011,0
23_41,0.402597403,153.2337662,2,2,9,0,5,8,7,0,15,264,147.1264751,183.532952,59.75196492,34.74463022,41,1.634146341,3488.554763,6.155555556,17,0,0,0.319999999,0,8.520000014,0,0,0,26.24000001,2.680000002,0,6.840000011,41.47999998,0,0,0,11.72,0,0,2.199999989,0
23_42,0.37398374,180.195122,0,0,6,0,5,6,2,1,5,149,123.1836172,79.82045155,39.47122907,39.80670083,19,1.421052632,2435.798755,4.416666667,17,0,0,0,0,9.079999989,0,0,0,52.56000006,5.439999997,0,5.359999975,18.31999998,0,0,0,6.600000001,2.639999997,0,0,0
23_43,0.328571429,185.8285714,0,1,2,0,1,8,2,0,7,115,144.3791762,82.14729426,59.79208504,41.36470429,21,1.476190476,2698.90334,3.811111111,16,0,0,0,0,7.920000007,0,0,0,56.04000002,4.879999995,0,9.63999999,13.91999999,0,0,0,7.600000001,0,0,0,0
23_44,0.532467532,126.8831169,1,0,9,1,8,9,3,0,6,363,65.74659844,83.50803649,158.0662868,33.621,33,1.515151515,3511.746355,3.477777778,16,0.8,0,0,0,1.919999991,0,0,18.64000002,43.43999996,2.839999999,0,9.120000027,14.32000001,0,0,0,8.919999993,0,0,0,0
23_45,0.433962264,133.2924528,0,1,4,0,7,7,1,1,9,84,101.2912311,53.31938475,59.5818155,35.95923093,11,1.818181818,1872.597629,3.511111111,16,0,0,0,0,18.28,0,0,1.679999989,52.84000004,3.559999999,0,10.91999998,1.679999994,0,0,0,9.200000003,1.839999999,0,0,0
23_46,0.353658537,166.0121951,0,0,4,0,11,7,6,0,3,24,125.7826771,41.61814278,40.76551654,39.52067695,24,1.666666667,2944.185443,4.266666667,16,0.960000001,0,0,0,7.920000014,0,0,1.000000001,73.95999999,0,0,0,4.759999993,0,0,0,11.4,0,0,0,0
23_47,0.350649351,240.025974,1,0,10,0,7,6,3,0,5,271,189.3195427,217.7002991,84.87058067,39.78069749,21,1.380952381,2751.208018,4.755555556,15,0,0,0,0,4.479999983,0,0,38.12000005,50.23999996,0,0,4.160000007,2.160000007,0,0,0,0.839999995,0,0,0,0
23_48,0.31496063,240.9291339,3,0,12,6,10,5,3,1,3,439,330.9407182,363.5865095,144.4755518,46.36656499,31,1.677419355,3464.844225,5.466666667,14,0,0,0,0,0.519999997,0,0,59.75999998,22.95999999,0,0,0,8.160000016,0,0,0,6.800000009,1.800000011,0,0,0
23_49,0.26984127,257.3068783,21,6,48,8,5,17,21,6,12,381,242.2365422,228.0083949,169.2210742,41.26252504,48,1.520833333,4866.958223,5.594444444,15,0,0,0,0,0.64,0,0,39.19999997,0,0,0,4.600000017,24.20000002,0,0,0,11.19999999,13.55999999,6.6,0,0
23_50,0.223602484,268.4285714,0,2,7,2,2,6,1,1,4,479,233.9862201,384.6689887,228.7826777,38.55478959,56,1.321428571,4578.057097,5.322222222,15,2.56,0,0,0,1.88,0,0,14.87999999,6.800000014,0,0,1.759999994,59.92000001,0,0,0,6.60000001,5.599999989,0,0,0
23_51,0.393939394,223.1414141,3,2,23,0,14,8,3,1,10,362,176.5139096,181.3689233,86.54013192,38.53045663,39,1.435897436,3476.651248,4.988888889,13,0,0,0,0,2.720000013,0,0,22.07999999,35.48000001,3.6,0,3.560000001,29.47999999,0,0,0,3.080000001,0,0,0,0
23_52,0.528571429,246.2428571,0,0,3,1,6,6,0,0,5,170,130.4352805,103.3255419,80.4210335,35.00221214,13,1.538461538,2289.159941,4.877777778,13,0.800000011,0,0,0,31.43999999,0,0,0,28.47999996,0.919999998,0,23.00000006,0,0,0,0,14.27999999,1.079999996,0,0,0
23_53,0.484210526,143.4315789,2,0,6,3,1,5,3,0,10,521,173.2161951,287.8439222,186.0995833,26.77268911,42,1.476190476,4069.619793,4.694444444,12,5.599999986,0,0,0,1.079999991,0,0,0,0,0,0,50.55999997,42.76000006,0,0,0,0,0,0,0,0
23_54,0.530612245,105.622449,0,1,2,5,0,4,0,2,2,558,215.9670384,221.3241087,366.9856518,28.07832171,38,1.342105263,3279.32661,4.583333333,12,0.800000003,0,0,0,1.119999995,0,0,0,0,0,0,17.75999997,62.84000005,0,0,0,0,17.47999998,0,0,0
23_55,0.556701031,132.6701031,2,0,7,4,1,3,3,0,5,611,193.6721867,268.9559039,362.7867315,30.12072374,48,1.5,4026.178026,4.561111111,12,0,0,0,0,4.24,0,0,3.760000013,0,0,0,3.959999982,88.04,0,0,0,0,0,0,0,0
23_56,0.442477876,154.3097345,2,0,12,3,2,6,3,0,13,649,198.3096372,219.363713,276.9977712,33.32069504,42,1.571428571,4407.125429,4.794444444,12,4.03999999,0.039999999,0,0,0.120000006,0,0,47.47999999,1.480000013,1.280000005,0,0,41.59999999,0,0,0,2.440000012,1.519999994,0,0,0
23_57,0.443037975,179.7974684,1,0,8,5,4,7,3,4,7,473,83.16600808,141.3202715,226.3498664,21.38149235,33,1.424242424,3581.105888,5.283333333,11,0,0,0,0,1.319999993,0,0,0.840000001,2.8,1.799999994,0,14.40000005,76.03999996,0,0,0,2.2,0.6,0,0,0
23_58,0.329004329,259.4675325,1,2,7,2,2,2,0,1,2,497,142.6841458,241.4895187,198.4598983,31.54352649,28,1.5,3110.689176,5.427777778,11,0,0,0,0,6.960000004,0,0,10.27999997,0,0,0,59.87999999,14.08000003,0,0,0,0,8.8,0,0,0
23_59,0.25,322.8333333,4,1,6,5,0,13,4,1,10,378,318.4654233,270.2778392,197.2763533,42.68379311,30,1.733333333,3783.128052,6.033333333,10,2.400000001,0,0,0,0.439999996,0,0,0,0,0,0,50.19999996,39.16000004,0,0,0,6.999999999,0.800000007,0,0,0
23_60,0.098039216,385.5196078,0,1,2,0,0,0,0,0,3,343,151.9962872,186.1130373,118.3532663,31.67733619,16,2,3276.835633,4.588888889,10,18.08000004,0,0,0,9.479999993,0,0,5.200000012,0,0.479999995,0,28.91999997,32.11999997,0,0,0,5.640000004,0.080000006,0,0,0
23_61,0.5,482.3333333,0,1,0,0,0,3,0,1,2,13,28.82869492,18.13773148,19.79482895,26.13463396,1,5,1396.82857,2.972222222,9,48.16000002,0,0,0,21.36000002,5.44,0,0,0,11.55999998,0,3.799999984,0,0,0,0,6.799999995,2.879999994,0,0,0
23_62,0,463.6666667,0,0,0,0,0,0,0,0,0,0,2.147831398,5.97937515,9.417565735,14.701,0,0,0,0.783333333,9,58.80000006,0,0,0,41.19999994,0,0,0,0,0,0,0,0,0,0,0,0,0,0,0,0
24_11,0,508.75,0,0,2,0,1,6,1,2,5,445,50.90967365,170.0471644,262.1116829,12.39087252,21,1.571428571,2840.371706,2.277777778,7,11.08000001,0,0,0,7.119999982,0,0,0,0,0,0,0,74.04,0,0,0,0,7.760000009,0,0,0
24_12,0.060240964,495.5301205,1,1,3,1,0,7,2,0,11,450,263.1877015,252.7751883,254.5620774,46.56513425,43,1.348837209,4055.316894,2.466666667,8,6.479999978,0,0,0,4.280000001,0,0,0,0,0,0,8.000000013,76.60000003,0,0,0,0,4.639999976,0,0,0
24_13,0.060240964,489.5903614,0,0,0,0,0,2,0,1,6,272,136.0998141,98.12694979,137.6778771,41.46396282,27,1.407407407,2120.585678,1.494444444,9,41.16000003,0,0,0,10.68,0,0,0,0,0,0,23.07999997,15.99999998,0,0,0,0.640000007,8.440000006,0,0,0
24_14,0,458,0,0,0,0,0,2,0,0,2,0,0.854226052,0.35824731,1.430267924,21.124,0,1,1178.244163,0.733333333,10,68.28,0,0,0,22.04,9.73E-11,0,0,0,0,0,1.120000006,0,0,0,0,8.559999994,0,0,0,0
24_19,0,304.6666667,2,0,0,0,0,1,1,1,0,36,3.037058919,3.109332106,9.580791625,9.306676627,2,3.5,1337.731057,0.222222222,12,66.19999999,0,0,0,0.16,7.400000019,0,0,0,0,0,18.99999999,0,0,0,0,0,7.24,0,0,0
24_20,1,234.5,0,0,1,0,0,0,0,0,1,5,3.301695295,3.443063604,10.56940455,7.874,1,1,22.1353919,0.411111111,14,86.20000002,0,0,0,9.919999998,3.87999998,0,0,0,0,0,0,0,0,0,0,0,0,0,0,0
24_21,0,321,0,0,1,0,0,2,0,0,0,6,3.301695295,3.443063604,10.56940455,7.874,1,2,129.8526759,0.622222222,15,94.84,0,0,0,0.52,0.599999998,0,0,0,0,0,4.039999997,0,0,0,0,0,0,0,0,0
24_22,0.166666667,293.4166667,0,0,4,0,1,3,1,1,1,170,8.098826664,52.52203379,110.5987678,6.274448874,13,1.923076923,2403.684829,0.866666667,17,46.35999993,0,0,0,5.199999997,0,0,0,0,0,0,10.44000001,31.08000006,0,0,0,6.92,0,0,0,0
24_23,0.03125,289.8125,0,0,2,0,0,2,1,0,3,243,9.254536537,76.28451586,140.3517104,5.889090024,17,1.588235294,2234.314807,1.077777778,17,0,0,0,0,14.32000001,0,0,0,0,1.2,0,55.44000002,18.31999993,0,0,0,0,10.72000004,0,0,0
24_24,0.041666667,327.7916667,1,0,2,1,0,0,2,1,2,95,37.54044053,46.67051179,110.1938489,5.968959903,7,1.285714286,594.8254439,1.372222222,17,0,0,0,0,43.04000001,0,0,0,0,0.88,0,29.44,0.040000001,0,0,0,0,26.59999998,0,0,0
24_25,0.184210526,343.1052632,6,0,12,6,2,7,5,2,7,390,57.79920628,82.21541711,174.8278737,7.964598394,40,1.35,3437.091036,1.283333333,17,0.76,0,0,0,1.079999989,0,0,10.12000004,0,0,0,41.87999997,32.8,0,0,0,7.120000002,6.240000008,0,0,0
24_26,0.03030303,313.9393939,0,0,9,4,0,7,2,1,10,614,77.66229031,216.1463901,204.0961889,13.58398434,25,1.68,3663.52654,1.95,18,1.039999998,0,0,0,0,0,0,66.24000002,0,0,0,9.719999987,12.2,0,0,0,5.119999999,5.679999993,0,0,0
24_27,0.06779661,303.6610169,0,0,7,3,2,3,0,0,3,711,165.6708616,268.5627776,247.7075589,18.31965013,42,1.452380952,3752.276451,2.572222222,19,0,0,0,0,0.48,0,0,98.79999999,0,0,0,0,0.080000016,0,0,0,0.639999997,0,0,0,0
24_28,0.163934426,300.8032787,2,1,9,2,7,6,2,1,5,607,135.9989616,174.3903666,166.1503344,18.2120328,38,1.447368421,3811.952401,3.144444444,19,0,0,0,0,2.279999999,0,0,70.07999999,14.64000003,0,0,0.880000001,11.79999998,0,0,0,0,0.319999999,0,0,0
24_29,0.4,271.4857143,0,0,4,1,9,11,6,0,4,236,108.8722191,71.60920718,95.21287766,28.12856971,18,1.5,2418.377231,3.405555556,19,6.119999999,0,0,0,3.319999996,0,0,28.03999996,33.71999998,0,0,0,20.48000006,0,0,0,8.320000009,0,0,0,0
24_30,0.632183908,244.3333333,1,0,9,1,5,4,1,2,10,579,196.2543326,329.5279188,259.3466651,37.31814088,39,1.333333333,3753.977337,3.344444444,19,0,0,0,0,2.800000006,0.4,0,22.84000001,3.759999984,0,0,9.080000007,43.19999999,0,0,0,13.76,4.16,0,0,0
24_31,0.776119403,205.5597015,7,1,12,2,1,12,7,1,7,459,269.9398936,230.6394619,254.0698063,37.75932945,32,1.46875,3594.506115,3.95,18,0,0,0,0,15.92,0,0,14.99999998,4.600000002,0,0,17.36000002,37.55999999,0,0,0,9.559999996,0,0,0,0
24_32,0.554455446,177.3168317,1,0,7,0,1,6,2,0,2,333,193.721369,193.8004224,129.0973014,40.27809222,24,1.458333333,2222.23199,4.433333333,17,0,0,1.720000013,0,4.159999994,0,0,0,0.159999997,2.279999998,0,25.55999997,14.11999999,0,0,0,5.239999992,35.48000005,11.28,0,0
24_33,0.552380952,181.5714286,0,0,9,4,3,9,0,1,4,231,188.9490403,75.4258347,80.23195953,38.10415138,24,1.416666667,2517.259826,4.161111111,17,3.24,0,10.63999998,0,10.27999999,0,0,0,13.20000003,0,0,38.68,7.960000008,0,0,0,6.320000004,9.559999979,0.119999996,0,0
24_34,0.606557377,185.3442623,1,0,8,4,9,15,4,1,11,81,112.996436,84.54740251,45.82227223,29.5508713,10,1.9,2324.260502,3.772222222,18,0,0,17.88,0,4.720000001,0,0,1.72,46.83999999,0,0,5.679999998,13.64000003,0,0,0,4.319999995,5.199999984,0,0,0
24_35,0.307692308,212.0512821,7,0,10,2,5,10,8,0,4,347,74.6705305,161.0344991,72.16462175,27.49088954,28,1.5,2568.68663,3.022222222,19,0,0,0,0,0.76,0,0,16.16000003,52.19999997,3.160000003,0,0,26.88,0,0,0,0.840000005,0,0,0,0
24_36,0.228571429,194.4142857,1,0,7,1,11,5,6,0,9,431,43.65613532,98.38310884,54.08240822,24.75723575,39,1.487179487,3851.255909,2.622222222,19,0,0,0,0,8.120000018,0.8,0,9.839999974,16.76000001,1.679999997,0,0,57.12000001,0,0,0,5.679999994,0,0,0,0
24_37,0.205128205,271.8461538,0,1,7,0,7,7,1,0,7,44,37.77271779,76.04210654,43.75321926,24.34712488,7,1.285714286,882.890358,2.461111111,17,0,0,0,0,21.43999999,0,0,0,49.00000001,2.680000008,0,0,24.79999998,0,0,0,2.08000001,0,0,0,0
24_38,0.171875,291.140625,1,0,4,1,4,4,0,0,4,475,63.54686198,160.4021869,108.0157812,40.16684676,17,1.529411765,2274.808934,3.4,18,0,0,0,0,8.239999992,0,0,8.800000001,14.43999998,3.039999993,0,31.20000006,27.23999999,0,0,0,7.03999999,0,0,0,0
24_39,0.276422764,253.5121951,1,1,14,2,11,11,2,4,11,205,218.8580024,87.35381132,59.76751856,55.71511165,19,1.631578947,2239.53886,4.866666667,18,5.12,0,0,0,3.6,0,0,11.68,35.92000006,1.4,0,31.23999996,0.719999989,0,0,0,0,10.32,0,0,0
24_40,0.351724138,230.3448276,4,0,32,8,34,4,12,2,13,90,133.658555,41.28789519,38.56366557,48.15443513,14,1.857142857,2347.578976,5.716666667,19,0,0,7.92000001,0,4.16,0,0,10.24,65.91999996,1.4,0,3.039999983,1.279999999,0,0,0,1.92E-08,0,0,6.040000033,0
24_41,0.326530612,240.4489796,2,0,7,2,16,10,3,0,6,147,77.43550932,76.29701125,31.75760818,45.3453011,20,1.45,2578.318324,5.783333333,18,0.68,0,1.959999988,0,5.920000003,0,0,13.68000003,53.56000002,0,0,0,5.320000015,0,0,0,9.43999998,0,0,9.439999966,0
24_42,0.147727273,250,0,0,13,0,18,7,1,0,10,312,77.87312322,85.4147086,33.19429581,46.38,32,1.34375,2793.710023,4.088888889,18,0,0,0,0,0.680000003,0,0,28.19999999,61.40000002,0,0,0,9.719999991,0,0,0,0,0,0,0,0
24_43,0.261904762,208.9761905,0,0,0,2,2,14,1,0,1,25,75.37339519,45.88888467,24.64372509,42.37888483,4,2.25,1089.111444,3.6,18,0,0,0,0,4.680000006,0,0,0,94.67999999,0.640000004,0,0,0,0,0,0,0,0,0,0,0
24_44,0.333333333,134.3111111,0,0,2,0,5,3,0,0,7,17,69.77549085,39.14071049,37.23676126,28.51204773,19,1.526315789,1820.831857,4.561111111,16,0.52,0,0,0,8.639999993,0,0,0,61.63999997,3.519999997,0,0,2.160000006,0,0,0,23.52000004,0,0,0,0
24_45,0.41221374,76.45038168,2,1,17,2,13,9,4,1,14,67,122.7326591,49.40502195,76.8275487,36.04090902,36,1.861111111,3891.866732,5.038888889,16,0.720000003,0,0,0,5.04,0,0,4.320000014,38.44000001,0,0,0,13.4,0,0,0,26.87999997,4.200000006,0,7,0
24_46,0.59223301,76.66019417,0,1,2,2,3,6,0,3,8,523,125.8313971,196.3433123,156.079358,39.51391441,46,1.456521739,4200.931261,5.277777778,16,0.359999997,0,0,0,1.360000006,0,0,40.27999999,9.760000008,0,0,0,35.23999999,0,0,0,2.920000003,9.280000001,0,0.8,0
24_47,0.4625,162.7625,0,0,12,0,13,6,4,0,7,158,171.4659947,176.0777295,88.39290456,37.33352141,21,1.476190476,3079.709792,4.261111111,15,0,0,0,0,1.879999994,0,0,20.28000004,61.43999997,0.64,0,6.16000001,3.279999998,0,0,0,5.799999999,0.519999992,0,0,0
24_48,0.215686275,213.4901961,0,1,0,5,0,7,1,2,6,347,270.2713733,317.1537497,160.9572378,43.39404105,30,1.433333333,2805.600559,4.577777778,14,3.96,0,0,0,13.08,0,0,50.35999997,3.20000003,0,0,16.67999998,7.360000029,0,0,0,0.319999998,5.039999996,0,0,0
24_49,0.186440678,267.4915254,1,0,8,3,8,11,3,1,9,506,193.2146608,367.8611113,188.5758094,41.07376869,31,1.741935484,4163.546646,5.161111111,14,0,0,0,0,0.320000004,0,0,62.28,28.60000001,0,0,0,2.599999981,0,0,0,5.48,0.720000011,0,0,0
24_50,0.318681319,289.7472527,0,1,9,1,9,6,4,1,2,140,169.5733711,163.0144866,45.58580527,41.58627907,20,1.5,1955.28907,5.188888889,14,0.44,0,0,0,6.239999996,0,0,32.12000001,58.16,0,0,0,1.800000006,0,0,0,0,1.239999993,0,0,0
24_51,0.684210526,266.4342105,0,0,6,0,6,10,0,0,14,73,118.3644926,71.00785973,28.46484789,41.57991386,1,5,962.9203359,4.85,14,12.16,0,0,0,0.879999999,0,0,15.24,62.27999998,2.160000001,0,0.320000003,0.440000012,0,0,0,6.520000007,0,0,0,0
24_52,0.470588235,266.9673203,3,1,3,2,0,7,2,3,8,151,109.4629126,141.218168,58.0901711,40.90946578,26,1.769230769,4084.090394,4.155555556,12,3.799999999,0,0,0,20.52,0,0,13.24000001,10.95999998,0.680000002,0,21.80000003,7.119999983,0,0,0,10.99999999,10.87999999,0,0,0
24_53,0.509803922,216.6372549,2,0,4,1,3,4,0,0,7,534,142.2996936,304.5125612,198.3186934,35.58518476,42,1.666666667,4779.678622,4.994444444,12,11.88000001,0,0,0,0,0,0,14.19999998,0,0,0,23.71999998,50.20000003,0,0,0,0,0,0,0,0
24_54,0.484848485,192.5353535,0,0,1,3,0,4,0,0,5,552,206.2262552,349.9383624,301.3193292,34.24788697,31,1.612903226,3477.150294,4.977777778,12,0,0,0,0,2.960000004,0,0,0.839999987,0,0,0,18.4,70.03999999,0,0,0,0,7.760000018,0,0,0
24_55,0.385416667,174.3854167,0,1,2,1,0,2,0,1,6,688,124.9378768,238.3989881,219.0405813,26.00785309,41,1.390243902,4342.824587,4.75,12,0.959999999,0,0,0,1.239999998,0,0,24.72000003,0,0,12.72000003,36.99999999,23.35999995,0,0,0,0,0,0,0,0
24_56,0.309859155,206.2112676,0,1,0,3,0,0,0,0,2,73,71.38188935,83.73455603,128.137701,21.34098188,8,2.625,1863.287417,5.044444444,11,10.8,2.36,0,0,46.76000004,0,0,6.839999979,0,0,22.23999995,0,1.160000013,0,0,0,0,9.840000013,0,0,0
24_57,0.292929293,228.2121212,0,0,0,0,1,1,0,0,2,54,52.4768385,64.63975905,130.7786355,18.38942207,1,5,400.6166998,5.616666667,11,0,0,0,0,68.95999998,0,0,0,0,2.480000001,0,6.20000002,6.48000002,0,0,0,0,15.87999998,0,0,0
24_58,0.360294118,258.875,2,0,10,4,0,7,4,0,4,546,161.2171666,175.7921535,204.2760255,27.89050054,42,1.357142857,4009.934787,6.188888889,11,1.56,0,0,0,13.87999995,0,0,8.400000009,0,0,0,4.79999999,68.48000004,0,0,0,2.640000005,0.240000002,0,0,0
24_59,0.273504274,371.6153846,0,0,6,1,0,4,1,0,5,279,263.5450236,213.8164273,182.830693,48.24572388,13,2,3033.957683,6.505555556,10,0.079999997,0,0,0,25.52,0,0,0,0,0.719999999,0,8.080000068,41.67999994,0,0,0,13.72,10.19999999,0,0,0
24_60,0.345238095,380.7380952,0,0,1,0,0,1,0,1,0,79,108.8127175,67.83703143,64.67487083,52.75565195,5,2.8,1936.461968,4.988888889,9,3.800000005,6.679999999,0,0,36.51999999,0,0,2.680000005,0,13.52,0,18.44000002,0.599999998,0,0,0,6.87999999,10.87999999,0,0,0
24_61,0.342857143,401.3142857,0,0,3,1,0,2,0,2,1,391,197.2047593,222.2802236,116.209546,48.12541445,14,1.714285714,2042.220539,3.616666667,8,16.24000001,0,0,0,21.76000001,0,0,24.35999998,0,3.960000014,0,24.79999998,5.799999994,0,0,0,0,3.08000001,0,0,0
24_62,0.346153846,401.1538462,0,0,0,0,0,2,0,0,0,4,34.56994759,25.77686505,16.47926547,18.30123498,0,1,635.4105935,1.661111111,8,1.519999988,0,0,0,94.76000006,0,0,0,0,0,0,2.319999965,0,0,0,0,0,1.39999999,0,0,0
25_10,0.263157895,389.7894737,21,1,42,18,2,9,21,4,6,346,133.5749734,181.0232894,157.7016093,21.730897,39,1.615384615,3988.309178,2.388888889,7,0.52,0,0,0,4.359999996,0,0,21.36,0,0,0,17.00000001,32.08,0,0,0,7.48,17.2,0,0,0
25_11,0.116959064,418.0292398,0,1,9,2,0,4,3,1,12,503,316.4743907,397.8832702,222.9969724,41.12480722,36,1.472222222,3874.852565,3.244444444,7,1,0,0,0,0.800000002,0,0,0,0,0,0,39.76000005,58.43999994,0,0,0,0,0,0,0,0
25_12,0.066666667,450.4166667,1,0,7,3,1,10,6,1,8,559,221.0039955,264.838453,240.1310962,53.69081111,57,1.210526316,4239.147941,4.255555556,7,3.72000001,0,0,0,4.199999998,0,0,0,0,0,0,6.599999971,85.48000002,0,0,0,0,0,0,0,0
25_13,0.1,449.3,0,0,2,3,0,1,0,0,0,54,77.22980362,55.63857991,65.98457934,37.2735459,5,2.6,1551.277199,2.816666667,9,75.44000004,0,0,0,5.400000005,0,0,0,0,0,0,4.040000001,14.43999996,0,0,0,0,0.679999995,0,0,0
25_18,0,355,7,0,4,0,0,2,4,0,4,8,0.854226052,0.356573412,1.426293646,21.124,4,2.75,2406.535486,0.75,13,72.12,0,0,1.920000001,1.920000005,8.68E-11,0,0,0,0,0,16.64,0,0,0,0,7.399999999,0,0,0,0
25_19,0,585,0,0,0,0,0,2,0,0,1,0,19.90576704,16.13901475,20.86941032,16.77394798,2,2.5,523.7391319,1.25,14,74.88,0,0,0,12.63999999,0,0,0,0,0,0,0.479999999,0,0,0,0,6.64,5.360000007,0,0,0
25_20,0.047619048,438.0952381,0,0,0,0,0,2,0,0,0,7,11.10015012,21.23946527,33.8668247,9.754801205,1,2,788.2426277,1.683333333,15,63.32,0,0,0,11.00000001,1.16,0,0,0,0,0,5.84,0,0,0,0,7.399999998,11.27999999,0,0,0
25_21,0.0625,369.09375,0,0,0,1,0,2,0,0,1,24,17.26813769,29.60710814,23.24591883,11.87964223,9,1.777777778,1694.577073,1.577777778,15,53.31999999,0,0,0,13.28,3.360000007,0,0,0,0,0,18.28000002,0,0,0,0,7.320000001,4.439999987,0,0,0
25_22,0.1875,447.5,0,0,2,0,0,2,0,0,2,72,12.41458197,49.2161502,75.1320249,8.021601677,12,2.083333333,2532.321198,1.583333333,16,51.55999998,0,0,0,11.31999999,0.399999994,0,0,0,0,0,12.47999999,8.160000043,0,0,0,16.08,0,0,0,0
25_23,0.138888889,332.3888889,0,0,6,2,1,5,0,0,3,471,57.22762907,202.6947108,210.3119538,12.77398839,21,2.095238095,3884.457595,1.566666667,17,5.240000003,0,0,0,0.44,0,0,0,0,0,0,19.4,73.84,0,0,0,0.759999987,0.320000009,0,0,0
25_24,0.070175439,352.7894737,4,0,21,9,0,5,6,1,9,531,63.46897617,198.4570638,281.5616233,9.114092338,42,1.571428571,4370.54546,1.888888889,17,1.599999997,0,0,0,0,0,0,0,0,0,0,19.07999999,78.36000002,0,0,0,0,0.959999992,0,0,0
25_25,0.117647059,366.0588235,0,0,5,1,3,6,0,0,5,513,72.84735166,167.5501147,326.1831365,9.626950537,35,1.485714286,3872.127205,1.783333333,18,1.000000018,0,0,0,0,0,0,1.64000001,0,0,0,2.400000026,89.19999995,0,0,0,5.76,0,0,0,0
25_26,0.076923077,402.6153846,0,0,2,0,0,2,0,0,4,151,114.3844941,96.61516259,189.7538799,17.22604461,47,1.808510638,5037.264765,2.227777778,19,42.99999998,0,0,0,0,0,0,10.64000005,0,0,0,45.11999998,1.239999992,0,0,0,0,0,0,0,0
25_27,0.127659574,333.2340426,1,0,10,2,1,7,3,0,11,710,113.4369629,281.2443026,326.392576,12.49666985,25,1.68,3982.201594,2,19,0,0,0,0,1.120000003,0,0,87.11999997,0,0,0,0.159999995,11.12000003,0,0,0,0.480000004,0,0,0,0
25_28,0.233333333,321.8666667,0,1,2,0,0,5,0,2,6,212,103.7611575,114.865124,176.8143568,18.61176506,11,1.727272727,2351.996888,2.383333333,19,3.56000001,0,0,0,17.00000002,1.32,0,21.23999998,0.600000001,0,0,5.480000006,10.27999998,0,0,0,9.08,31.44,0,0,0
25_29,0.533333333,232.9333333,0,0,3,2,0,3,0,1,6,402,188.0073004,171.8916727,166.8612962,33.09873177,15,1.8,2703.986011,2.644444444,19,16.11999999,0,0,0,20.35999998,0,0,6.11999999,0.800000007,0,0,11.43999999,35.60000004,0,0,0,8.56,0.999999996,0,0,0
25_30,0.630769231,187.3384615,0,0,14,1,6,6,4,1,10,479,175.8494716,178.2087361,154.2833468,29.57802502,42,1.452380952,3919.910052,3.972222222,20,0,0,0,0,1.639999998,0,0,20.36000004,9.2,0,0,14,43.83999996,0,0,0,10.96000001,0,0,0,0
25_31,0.619047619,152.2261905,4,0,6,2,0,8,1,1,5,493,164.248846,236.6590544,145.4628058,25.24578493,32,1.625,3574.351175,4.455555556,19,0,0,0,0.200000007,3.720000003,0,0,7.799999964,2.600000014,9.080000006,0,19.08000003,43.75999997,0,0,0,13.76,0,0,0,0
25_32,0.692307692,161.7912088,6,0,7,2,5,6,8,2,7,45,211.1578151,84.58340891,61.76365921,40.7961638,34,1.764705882,4666.848678,4.244444444,19,1.04,0,0.880000004,10.35999999,7.840000004,0,0,0,18.72000001,1.479999996,0,16.03999999,0.119999997,0,0,0,36.24000001,0,7.280000003,0,0
25_33,0.704545455,113.1590909,2,0,7,4,18,10,3,0,6,97,90.06250714,37.82267748,29.51291471,32.19405943,16,1.875,3461.384164,3.755555556,18,0,0,0.239999998,0,2.279999992,0,0,0,52.84000002,0,0,32.32,0,0,0,0,12.31999998,0,0,0,0
25_34,0.5,132.5,2,2,26,2,10,13,9,2,13,66,87.88694027,100.2388846,56.27429324,33.35542056,32,1.5,3352.682343,3.433333333,18,0,0,5.200000001,0,0.280000004,0,0,8.760000015,38.07999996,3.480000003,0,10.59999998,0,0,0,0,9.120000001,0,24.48000004,0,0
25_35,0.475609756,160.7439024,4,1,9,8,2,9,23,0,11,59,85.63696312,67.09442962,58.0378371,32.34440112,22,1.5,2472.564631,3.316666667,18,9.200000015,0,0,0,10.44000004,0,0,4.599999983,12.60000001,0.519999997,7.679999998,7,12.68,0,0,0,9.399999994,0,25.87999996,0,0
25_36,0.215686275,209.0980392,0,1,9,0,16,9,4,0,6,56,75.6964097,76.89338346,54.3277186,28.92990122,14,1.714285714,2158.978595,3.061111111,18,4.999999982,0,0,0,20.87999996,0,0,11.2,54.40000005,0,0,0,4.240000001,0,0,0,4.28000001,0,0,0,0
25_37,0.163636364,250.6,0,0,9,1,16,16,4,0,14,61,58.74256554,57.17004407,43.52553385,37.92029638,12,1.333333333,1852.733193,3.05,19,0,0,0,0,1.920000001,0,0,0.520000004,84.24,4.920000003,0,0.56,0,0,0,0,7.83999999,0,0,0,0
25_38,0.228070175,301.754386,1,0,23,3,18,13,5,1,8,220,30.04379515,84.55965214,49.90364485,44.81048005,22,1.545454545,2511.846524,4.144444444,18,0.04,0,0,0,1.76000001,0,0,26.28,62.03999997,3.919999998,0,4.920000003,0,0,0,0,0,1.040000018,0,0,0
25_39,0.375,259.4479167,1,1,17,0,14,5,1,1,7,134,19.65822439,110.3752355,44.40246518,45.15703221,12,1.416666667,1518.626702,4.777777778,18,0,0,0,0,13.39999999,0,0,0.839999995,42.08000001,3.12,4.520000001,16.52000003,0,0,0,0,0,19.51999998,0,0,0
25_40,0.564516129,213.5322581,2,1,11,0,7,8,4,0,8,149,66.76526878,36.86860633,20.76837921,43.6949751,21,1.952380952,2838.671638,5.155555556,19,0.48,0,16.2,0,5.440000035,0,0,11.12,43.39999996,3.479999998,0,3.79999997,2.680000001,0,0,0,7.040000032,0,1.800000004,4.56,0
25_41,0.264367816,271.045977,1,0,5,1,5,3,4,0,9,217,187.7011561,120.9020523,68.65627829,43.29788457,25,1.56,2832.514727,4.772222222,19,0.84,0,0,0,8.799999966,0,0,20.6,46.19999998,0,0,3.719999998,16.64000007,0,0,0,1.51999997,1.680000017,0,0,0
25_42,0.151785714,250.6339286,0,1,6,0,4,7,2,0,5,414,115.3708494,192.7738255,157.2450596,44.17423724,31,1.483870968,3051.464031,3.905555556,19,0,0,0,0,0.799999997,0,0,13.23999999,28.28000009,0,0,1.52,53.79999993,0,0,0,0.32000001,2.039999982,0,0,0
25_43,0.28,226.42,0,0,15,0,15,3,2,0,5,178,72.78431232,70.64519953,62.58232876,30.37991231,9,1.777777778,1440.189467,3.711111111,19,0,0,0,0,3.959999999,0,0,16.88000004,69.63999995,0.760000001,0,0,0.280000003,0,0,0,8.480000009,0,0,0,0
25_44,0.493975904,110.4337349,0,0,31,3,20,8,14,0,9,74,116.3881186,52.55789798,66.36262992,32.03788773,12,1.916666667,1922.199411,4.394444444,19,0.4,0,0,0,3.560000001,0,0,8.599999998,66.84,0,0,0,4.600000005,0,0,0,15.99999999,0,0,0,0
25_45,0.488549618,96.11832061,30,2,47,17,16,22,47,3,19,208,185.5716035,74.4514475,136.5198321,39.69707529,32,1.75,3632.665873,4.522222222,18,0.44,0,0,0,1.84,0,0,27.11999999,23.39999996,0,0,0,9.959999999,0,0,0,7.520000002,0.120000004,7.360000001,22.24000004,0
25_46,0.496644295,98.31543624,15,3,37,8,1,17,13,4,16,360,243.0158624,234.9195572,209.0404246,36.85646942,49,1.632653061,4664.113447,5.466666667,17,0,0,0,0,3.360000013,0,0,47.75999999,0,0,0,21.04000002,6.720000028,0,0,0,8.639999997,1.199999997,0,11.27999996,0
25_47,0.317460317,164.8253968,1,0,7,2,0,4,2,0,7,771,192.777107,285.79906,223.1616113,34.84008019,27,1.703703704,4110.75797,4.466666667,15,0.76,0,0,0,0.679999987,0,0,0,0.120000001,0,0,28.40000003,70.03999998,0,0,0,0,0,0,0,0
25_48,0.265625,236.21875,1,0,1,1,0,7,0,1,3,425,230.345904,271.7645036,195.5816716,35.44580247,38,1.578947368,3698.330841,3.827777778,14,11.6,0,0,0,0.08,0,0,0,0.280000007,0,0,68.59999998,12.64,0,0,0,0,6.800000002,0,0,0
25_49,0.160377358,254.1037736,2,0,6,0,5,8,1,1,7,618,153.4242176,393.6550126,122.8664559,38.93117588,42,1.428571429,3653.916355,3.744444444,14,0.359999995,0,0,0,1.96,0,0,38.28000006,6.720000005,0,0,7.239999965,34.91999998,0,0,0,2.160000005,5,3.359999997,0,0
25_50,0.168539326,271.6741573,0,0,13,1,7,7,8,2,8,208,120.5648046,122.5178217,42.76489117,41.47109563,29,1.517241379,3424.308745,4.033333333,14,6.040000015,0,0,0,2.359999997,0,0,48.67999995,25.00000003,0,0,0.639999998,0,0,0,0,11.80000001,5.48,0,0,0
25_51,0.322916667,316.3854167,1,0,1,0,2,5,0,0,4,7,116.4371512,47.59896348,19.0277508,41.40495274,19,1.631578947,2462.962986,4.433333333,14,58.11999997,0,0,0,8.920000017,0,0,0.720000003,22.16,2.4,0,1.599999998,1.33E-09,0,0,0,5.839999987,0.240000022,0,0,0
25_52,0.412280702,281.2192982,1,0,14,2,11,9,19,3,2,238,104.9469019,57.00593265,34.88425257,42.35704587,15,1.466666667,2428.578334,4.261111111,13,5.919999991,0,0,0,9.799999982,0,0,5.680000007,34.75999999,0.44,0,3.120000036,12.76,0,0,0,6.000000017,21.51999997,0,0,0
25_53,0.427083333,245.6041667,1,0,6,2,1,8,2,2,8,390,183.2963095,181.634502,129.2390745,40.16990288,36,1.722222222,3997.321114,4.788888889,11,1.839999998,0,0,0,0.559999999,0,0,2.160000006,1.91999999,0,0,46.28000001,43.28000001,0,0,0,2.279999983,1.680000007,0,0,0
25_54,0.33908046,239.9942529,1,0,9,1,0,4,3,1,7,413,275.7990684,244.111171,151.9745848,39.24859786,36,1.305555556,3333.501954,4.255555556,11,11.96,0,0,0,3.920000018,0,0,1.319999993,0,1.68,0,23.59999996,54.96000004,0,0,0,0,2.559999988,0,0,0
25_55,0.246376812,216.1086957,1,0,2,0,0,3,1,0,2,265,203.1979758,187.1897954,116.0811408,32.89684005,19,1.105263158,1521.522016,4.477777778,10,5.639999991,0,0,0,14.79999997,0,0,0,0,0,11.44000003,29.68000001,12.63999997,25.80000004,0,0,0,0,0,0,0
25_56,0.323076923,289.6307692,0,0,0,0,1,2,0,0,2,26,58.03189637,62.85286297,79.91595896,18.91548463,1,7,1618.700867,4.972222222,10,2.959999999,1.6,0,0,30.04000004,0,0,1.639999992,0,0,10.95999999,0,1.840000008,18.71999996,0,0,7.159999999,25.08000002,0,0,0
25_57,0.387323944,379.6619718,0,0,1,0,1,2,0,0,0,66,62.55539548,45.18556751,64.55592003,29.72548999,5,2,1533.590221,4.45,10,0.12,7.840000019,0,0,51.20000001,0,0,2.279999996,0,7.880000003,0,0,13.51999998,0,0,0,9.359999999,7.799999989,0,0,0
25_58,0.347368421,401.0210526,0,0,2,1,0,3,0,2,3,46,126.2541063,40.30403129,41.01840388,46.63257107,4,2.75,1643.092396,4.972222222,10,12.84,1.75999998,0,0,16.91999997,0,0,0.52,0,2.559999995,21.39999999,4.440000014,2.760000006,0,0,0,6.439999998,30.36000005,0,0,0
25_59,0.480769231,368.2403846,0,1,2,1,1,2,0,0,2,146,137.2926123,128.2834884,69.62336198,51.24145566,7,2,970.2466291,5.5,9,1.719999999,0,0,0,30.84000001,0,0,0,0,11.6,0,30.96000002,0.199999998,0,0,0,0,24.67999996,0,0,0
25_60,0.491017964,330.4670659,1,0,10,2,0,9,5,0,8,550,206.3520338,206.9063447,190.6636236,51.61543965,36,1.611111111,4050.379532,5.266666667,9,4.240000004,0,0,0,0.799999998,0,0,3.400000014,0,3.08,0,35.87999994,40.96000004,0,0,0,5.72,5.919999999,0,0,0
25_61,0.410852713,346.3875969,1,0,5,2,0,3,0,1,5,802,322.5172869,412.8303053,273.6728877,44.62203976,44,1.659090909,4869.628531,4.511111111,8,1.559999995,0,0,0,0,0,0,26.12000002,0,0,0,2.880000016,67.03999996,0,0,0,2.400000002,0,0,0,0
25_62,0.38,349.04,0,0,3,1,0,2,2,0,11,535,150.2462921,197.412284,211.8876085,24.46179746,39,1.333333333,3652.625906,2.505555556,8,13.88000003,0,0,0,15.48000002,0,0,5.239999981,1.120000012,0,0,8.479999979,48.39999998,0,0,0,7.4,0,0,0,0
25_63,0.333333333,375.3333333,0,1,0,0,0,1,0,0,0,9,4.069028161,7.626831436,23.70456077,14.50540604,2,2,387.7394965,0.866666667,8,78.16000003,0,0,0,7.640000003,0,0,0,1.359999988,2.880000001,0,0.239999998,2.119999981,0,0,0,7.6,0,0,0,0
25_9,0,450,0,0,3,3,0,4,0,0,0,330,13.25352681,121.1061664,196.4659089,11.698,27,1.37037037,3004.098795,0.538888889,6,6.599999988,0,0,0,2.4,0,0,0,0,0,0,23.03999995,67.96000006,0,0,0,0,0,0,0,0
26_10,0.203703704,364.6851852,2,0,12,4,1,11,8,0,11,496,177.9365475,303.6206206,193.4562698,28.09459028,47,1.446808511,4490.716624,3.516666667,7,0.64,0,0,0,2.16000001,0,0,2.120000004,0,0,0,11.88,79.19999996,0,0,0,3.44000002,0.560000004,0,0,0
26_11,0.122222222,409.4944444,2,1,8,3,2,10,3,1,3,260,99.04564717,164.400557,118.5588831,25.74779795,31,1.451612903,2966.461649,4.183333333,7,0,0,0,0,25.84,0,0,0,0,0,3.400000017,63.92000001,0.839999983,0,0,0,4.11999998,1.880000009,0,0,0
26_12,0.137096774,406.9112903,2,0,4,3,2,7,0,1,15,297,29.33529081,146.1629713,124.9686139,39.99497883,28,1.535714286,3377.626406,4.955555556,7,0.520000006,0,8.759999999,0,25.16,0,0,13.08000007,0,0,2.879999993,36.43999995,13.15999997,0,0,0,0,0,0,0,0
26_13,0.074074074,385.1481481,0,0,4,0,0,3,2,0,4,607,221.7046927,254.3596323,221.3616659,46.68339342,56,1.232142857,3844.549609,3.066666667,9,21.16,0,0,0,1.359999994,2.78E-09,0,26.71999996,0,0,0,0,50.76000005,0,0,0,0,0,0,0,0
26_14,0.066666667,383.9333333,0,0,0,0,0,0,0,0,0,81,48.23235103,37.3386627,38.76064886,24.66323819,4,1.25,372.5068671,1.533333333,10,78.04000002,0,0,0,10.24000002,0.719999997,0,0,0,0,0,0,10.99999996,0,0,0,0,0,0,0,0
26_17,0.125,348.75,0,0,0,0,0,1,0,0,0,5,3.754228475,2.870979221,3.267749106,21.4312208,1,3,602.0500459,0.95,13,84.2,0,0,0,11.04000001,0,0,0,0,0,0,4.75999999,0,0,0,0,0,0,0,0,0
26_18,0.025,336.875,0,1,4,1,0,8,2,0,4,279,183.296883,133.7535462,103.0822198,40.91589084,38,1.342105263,2971.178947,2.205555556,15,38.83999998,0,0,1.72,10.24000003,0,0,0,0,0,0,49.08,0.120000002,0,0,0,0,0,0,0,0
26_19,0.072463768,323.6666667,0,0,6,0,0,9,0,0,3,485,222.4641995,237.6914797,177.2834205,44.40586241,33,1.363636364,3454.152416,2.894444444,15,6.639999982,0,0,0,16.23999998,0,0,7.080000023,0,0,0,45.95999998,18.12000001,0,0,0,0,5.960000023,0,0,0
26_20,0.157303371,326.9550562,1,1,8,1,1,6,2,0,2,563,103.9547887,225.6985704,279.1522151,25.88235313,23,1.739130435,2850.609546,2.861111111,16,0,0,0,0,0.279999996,0,0,29.95999998,0,0,0,15.72000001,13.63999997,0,0,0,0,40.40000004,0,0,0
26_21,0.27173913,288.5543478,2,2,11,2,4,6,8,0,6,504,96.69202311,245.4560921,138.1644721,31.9629842,44,1.204545455,3557.257724,1.888888889,16,9.76000003,0,16.19999999,0,2.440000007,0,0,7.719999992,0,0,0,31.84000002,24.72,0,0,0,0,7.31999996,0,0,0
26_22,0.2,294.0285714,0,0,1,0,0,2,1,1,4,235,97.33464709,48.80094098,107.5118376,32.83270258,17,1.529411765,2411.631022,2.083333333,17,28.23999996,0.720000005,1.200000023,4.280000003,21.72000001,0,0,0,0,0,0,32.75999998,0,0,0,0,11.08000002,0,0,0,0
26_23,0.111111111,343.6888889,1,0,8,0,1,9,0,0,6,156,117.7092914,126.7520359,98.24258301,35.59341379,22,1.681818182,3567.333482,2.166666667,16,1.52,1.599999995,24.2,0.119999996,24.67999999,0,0,0,0,0,0,8.920000002,17.92000003,0,0,0,21.03999999,0,0,0,0
26_24,0.2,347.8,0,0,0,2,0,8,1,0,4,393,93.07433564,141.873348,182.7160202,21.72519725,27,1.407407407,3043.448967,2.638888889,18,12.88,0,4.039999973,0,8.079999997,0,0,6.120000023,0,0,0,29.88000001,28.36,0,0,0,9.959999994,0.680000007,0,0,0
26_25,0.014492754,362.7246377,8,1,16,3,3,11,8,6,10,445,86.97968555,173.151244,230.4255544,18.11618666,52,1.480769231,4590.454934,2.488888889,18,0,0,0,0,2.320000004,0,0,9.519999975,0,0,0,21.44,42.32000004,0,0,0,15.63999999,8.759999992,0,0,0
26_26,0.071428571,349.1904762,0,0,5,2,0,7,0,0,2,395,91.23566689,141.6151426,179.7810012,18.20877182,29,1.586206897,3904.642711,2.722222222,19,9.920000005,0,0,0,5.000000003,0,0,1.400000009,0,0,0,21.88,53.19999999,0,0,0,8.6,0,0,0,0
26_27,0.129032258,315.6129032,0,1,3,0,0,4,0,1,5,326,110.4656653,189.2535883,168.1245338,24.41830299,9,2.333333333,2724.64744,2.511111111,19,4.239999995,0,0,0,22.24000001,0,0,4.959999995,0,0,0,6.159999999,38.87999996,0,0,0,7.319999996,16.20000005,0,0,0
26_28,0.3,270.8,0,0,0,0,0,0,0,0,4,17,124.1169574,55.94033562,81.30385432,39.24741296,1,4,273.7842818,2.827777778,19,0,0,0,0,21.71999999,0,0,1.840000024,0,0,0,1.640000009,0.479999991,0,0,0,2.94E-10,74.31999998,0,0,0
26_29,0.466666667,241.05,1,0,9,2,1,4,2,0,14,490,175.7797062,259.3580141,233.3019448,32.09671627,29,1.482758621,3437.789745,2.594444444,19,0,0,0,0,2.799999995,0,0,10.35999998,0,0,0,59.00000002,17.48000003,0,0,0,5.720000005,4.639999969,0,0,0
26_30,0.564102564,177.6410256,2,1,8,3,2,9,3,1,9,643,127.6063126,210.7917798,221.8112452,23.98174346,53,1.528301887,4827.265304,3.7,20,0,0,0,0,0,0,0,22.40000006,3.040000005,0,0,26.23999996,41.99999998,0,0,0,5.319999996,0.999999998,0,0,0
26_31,0.654320988,116.8765432,4,0,10,3,3,8,1,2,8,667,196.9657348,239.7591735,199.4923846,35.73704937,40,1.4,3716.998426,4.088888889,20,0,0,0,0,0.800000004,0,0,31.95999994,1.399999996,0.720000004,0,16.48000001,39.04000004,0,0,0,9.520000001,0.080000007,0,0,0
26_32,0.619047619,70.51190476,13,1,17,5,3,8,7,3,10,402,209.2952701,83.54454879,86.08734488,48.52096419,30,1.6,3187.721007,4.255555556,19,2.2,0,0,6.760000001,4.160000002,0,0,14.44,23.36000006,1.479999996,0,26.31999998,11.15999996,0,0,0,2.319999998,7.799999993,0,0,0
26_33,0.6,151.18,0,5,7,1,7,12,4,0,12,139,113.3912963,36.62394703,22.41973261,43.73524007,7,2.428571429,2460.874142,3.727777778,17,0,0,0,0.039999999,3.319999998,0,0,5.84,82.96,1.999999998,0,0,0,0,0,0,5.840000007,0,0,0,0
26_34,0.544642857,153.0714286,9,2,39,6,9,7,12,2,15,184,109.9864248,75.97916821,60.37977595,43.79989941,34,1.705882353,4346.407288,2.638888889,19,0.36,0,0,0,0,0,0,26.92000006,37.59999994,1.84,0,6.920000012,13.92,0,0,0,12.43999999,0,0,0,0
26_35,0.476744186,175.0116279,9,3,31,10,7,14,8,3,5,288,110.9929916,165.6031254,102.0545136,43.75280169,36,1.583333333,3768.146319,3.05,20,5.400000025,0,0,0,6.24,0,0,46.11999996,24.16,0,1.920000003,9.27999999,0,0,0,0,3.560000016,3.32,2.65E-10,0,0
26_36,0.194029851,204.4029851,1,0,26,1,42,9,7,0,14,42,86.773445,84.15953591,52.84781556,36.40586993,11,2.090909091,2691.180896,3.488888889,19,6.519999977,0,0,0,1.81E-10,0,0,17.11999998,59.64000005,2.760000004,0,0,0,0,0,0,13.95999998,0,0,0,0
26_37,0.202702703,251.8243243,1,1,10,1,16,5,7,0,5,238,156.9069908,165.8545374,119.2892986,40.83215777,25,1.6,3115.836,4.766666667,19,2.000000004,0,0,0,0.040000013,0,0,12.60000001,58.47999995,1.919999996,0,12.56,8.000000006,0,0,0,0,4.400000023,0,0,0
26_38,0.31496063,280.488189,0,1,6,3,2,6,1,1,7,569,193.0868704,398.1921574,184.5585606,47.67326158,42,1.619047619,5080.484511,5.894444444,19,3.599999996,0,0,0,6.959999987,0,0,26.43999999,2.199999991,0.12,0,8.32,42.72000004,0,0,0,0,9.639999998,0,0,0
26_39,0.375,233.8869048,0,1,7,6,2,6,1,1,2,477,18.11754896,394.5007728,116.3722665,46.21306421,25,1.48,3120.269551,5.588888889,18,0,0,0,0,1.8,0,0,29.16,0,0,23.08000004,5.000000017,27.23999995,0,0,0,0.44000001,13.27999998,0,0,0
26_40,0.578947368,199.0350877,3,0,4,3,4,5,5,0,10,205,89.19365226,211.1185163,119.1448501,43.32254375,34,1.558823529,4056.295459,4.983333333,18,0.88,0,0,0,4.320000007,0,0,4.040000006,29.36000001,1.280000003,5.199999961,9.359999983,16.84000004,0,0,0,18.08,0,10.64,0,0
26_41,0.443298969,227.4123711,1,0,7,1,0,6,1,0,5,630,241.1652045,272.7453005,180.5245546,34.76659555,25,1.52,3505.926218,4.533333333,18,0,0,0,0,6.839999999,0,0,20.15999998,1.119999999,0.759999997,0,5.44,53.40000002,0,0,0,12.28,0,0,0,0
26_42,0.342657343,205.3286713,8,1,25,7,3,8,11,2,8,586,201.327244,263.8083876,197.8910882,32.06590357,52,1.326923077,3971.881336,4.05,19,0,0,0,0,3.639999991,0,0,21.48000004,4.759999991,0,0,5.08,51.51999996,0,0,0,7.799999992,5.720000031,0,0,0
26_43,0.336734694,157.1836735,3,4,7,0,0,11,1,3,8,705,170.6269715,267.8555396,249.7492893,34.3141409,37,1.594594595,3990.628589,3.955555556,19,0,0,0,0,3.800000006,0,0,28.11999996,0.40000001,0.280000003,0,15.92000003,34.08000002,0,0,0,5.679999993,11.71999998,0,0,0
26_44,0.315789474,160.3333333,0,0,5,1,6,6,2,0,7,333,174.7225805,145.6034739,117.7211983,38.08726906,22,1.409090909,2375.057083,5.277777778,19,5.120000012,0,0,0,4.439999995,0,0,6.960000025,15.08000001,5.799999993,0,40.99999998,13.4,0,0,0,0,8.199999985,0,0,0
26_45,0.349056604,154.8396226,1,0,3,0,2,4,0,0,8,661,228.6162976,265.8851039,264.1800329,39.69157703,30,1.433333333,3433.341966,6.205555556,18,0.719999989,0,0,0,3.720000002,0,0,36.44000003,0,0,0,15.28,43.83999998,0,0,0,0,0,0,0,0
26_46,0.314285714,145.8857143,2,3,15,3,1,6,4,1,11,587,238.5815946,294.7567769,269.5925147,34.03065625,42,1.428571429,4240.492367,6.316666667,17,0,0,0,0,11.96,0,0,52.88,0,0,0,3.76,17.83999999,0,0,0,5.800000004,7.760000009,0,0,0
26_47,0.363636364,191.5353535,1,0,9,3,0,3,1,3,3,608,179.7062551,265.9585386,243.981977,34.55543217,25,1.64,3567.919688,4.711111111,15,0,0,0,0,2.319999997,0,0,7.55999998,0,0,0,11.04000001,71.60000002,0,0,0,2.399999996,5.079999996,0,0,0
26_48,0.298507463,224.4776119,2,0,6,1,5,7,11,0,9,556,157.1100701,256.3968545,153.3290033,37.29357823,22,1.863636364,3820.072075,3.661111111,15,3,0,0,0,0.560000003,0,0,23.44000006,0,0,0,20.51999999,42.51999996,0,0,0,0,9.959999992,0,0,0
26_49,0.240740741,283.5,4,0,4,0,0,4,4,0,6,64,125.5756924,168.1764048,74.02486249,41.19454777,21,1.761904762,2393.800207,4.277777778,15,18.40000001,0,0,0,13.16000001,0,0,38.19999994,2.320000012,0,0,1.920000004,1.000000007,0,0,0,15.28000002,1.72,8.000000001,0,0
26_50,0.280898876,285.3033708,1,0,1,0,0,5,0,0,0,217,157.1583943,165.3627124,59.02913286,48.92279672,13,1.692307692,2718.367966,4.772222222,14,17.39999999,0,0,0,22.11999999,0,0,8.68000003,0.55999999,0,0,17.12000002,11.99999999,0,0,0,11.92,10.2,0,0,0
26_51,0.291666667,290.0104167,0,0,0,0,0,3,1,1,7,53,121.6596857,103.3907262,37.16436909,47.39436874,6,2.5,1358.043471,5.988888889,14,45.00000002,0,0,0,20.76000004,0,0,2.839999972,11.07999999,2.36,0,5.59999998,0.32,0,0,0,12.03999999,4.40E-09,0,0,0
26_52,0.444444444,262.9,3,1,2,1,0,3,0,2,1,21,116.9718905,97.0445447,46.29044851,42.54390183,5,2.4,2287.207034,5.461111111,13,21.12000001,0,0,0,22.91999996,0,0,1.32,1.520000006,0,23.48,8.080000017,3.199999989,0,0,0,14.16000001,4.200000006,0,0,0
26_53,0.517241379,269.3793103,1,0,2,0,0,9,1,0,4,33,145.0453958,107.0793514,82.46939333,40.44495783,37,1.756756757,4587.94398,5.738888889,11,22.87999998,1.320000003,0,0,13.07999999,0,0,3.999999997,11.40000003,0,3.679999982,10.47999998,4.000000011,0,0,0,26.72,1.000000009,1.44,0,0
26_54,0.5,297.625,0,0,8,0,5,7,2,2,4,221,166.5240616,99.59787711,76.20503757,32.87041869,18,1.555555556,3378.801181,5.4,11,5.280000003,5.680000014,0.999999994,0,27.64000001,0,0,17.68,20.11999996,0,0,7.960000018,3.880000008,0,0,0,9.159999994,1.599999996,0,0,0
26_55,0.276190476,273.7904762,0,0,2,1,0,4,0,0,4,389,160.7815505,169.6764968,152.0482881,22.67304206,34,1.470588235,4608.813722,5.655555556,10,5.719999996,5.119999983,0,0,25.63999999,0,0,5.199999988,0,0,0,49.08000003,0,0.800000006,0,0,8.440000003,0,0,0,0
26_56,0.346774194,286.1129032,2,0,11,3,0,6,10,1,10,752,375.4593377,458.8205288,240.4985158,50.99674427,36,1.805555556,4909.921291,5.644444444,10,2.200000005,0,0,0,0.600000002,0,0,21.88000001,0,0,0,15.39999995,58.36000003,7.96E-10,0,0,1.560000001,0,0,0,0
26_57,0.458333333,295.6833333,0,0,10,2,6,6,3,1,9,470,159.6399987,283.1314182,164.0993199,53.80979375,28,1.571428571,3339.470593,5.05,10,6.280000003,0.36,0,0,2.640000005,0,0,15.44,24.88000003,0.200000004,0,6.319999986,43.87999997,0,0,0,0,0,0,0,0
26_58,0.483516484,338.6153846,0,0,16,2,26,7,2,1,7,72,134.5579286,35.09977982,30.32361923,53.73372837,12,1.5,1899.718444,5.383333333,10,1.759999992,0,0,0,1.560000003,0,0,10.16000001,77.39999997,1.680000003,1.96000001,0.040000004,3.760000001,0,0,0,0,1.680000007,0,0,0
26_59,0.569767442,276.872093,0,0,12,1,22,7,5,1,7,330,169.2044647,174.3520781,113.2862009,50.27672862,36,1.5,3753.694023,6.188888889,9,2.200000001,0,0,0,1.159999996,0,0,18.79999999,36.11999997,0.399999997,0,9.480000009,28.12000004,0,0,0,2.839999999,0.879999999,0,0,0
26_60,0.653846154,260.6769231,5,0,13,4,2,11,3,0,12,491,262.5863627,221.3402866,275.1109338,43.94877301,49,1.551020408,4653.127345,5.983333333,9,1.200000001,0,0,0,0,0,0,3.719999988,6.199999983,0,0,48.36000002,27.11999999,0,0,0,10.12000002,3.28,0,0,0
26_61,0.458715596,279.2477064,0,0,4,0,1,1,1,1,6,358,294.7548163,244.8793352,251.7900224,40.98547316,24,1.416666667,2904.651693,4.9,8,2.440000005,0,0,0,4.320000012,0,0,18.24,0,0,0,30.28000002,16.36,0,0,0,8.919999977,19.43999999,0,0,0
26_62,0.385964912,367.2105263,0,0,5,0,0,4,0,1,3,474,120.2598994,121.3891846,255.3538438,12.38442291,45,1.266666667,3291.754407,2.544444444,8,0.199999995,0,0,0,6.599999988,0,0,1.320000012,0,0,0,66.15999999,22.16000004,0,0,0,0,3.559999984,0,0,0
26_63,0.157894737,358.5263158,5,0,8,1,0,3,1,1,5,411,39.20123694,111.746106,161.5145271,7.218690988,43,1.255813953,3394.37864,1.022222222,7,11.28000005,0,0,0,14.56000001,0,0,7.919999986,0,2.16000001,0,14.79999996,49.07999997,0,0,0,0.200000004,0,0,0,0
26_64,0.5,380.75,2,0,1,2,0,1,0,0,3,31,3.467907938,8.160871572,24.12530055,14.55776417,3,1.666666667,912.9789093,0.238888889,7,61.08000002,0,0,0,6.759999989,5,0,0,0,2.71999999,0,19.08,0,0,0,0,5.359999997,0,0,0,0
26_8,0,443.4,0,0,0,0,0,0,0,0,2,8,12.17770775,32.53008319,57.395275,9.454380871,1,1,45.09988998,0.911111111,5,0,0,0,1.760000001,26.59999998,0,0,0,0,0,0,1.720000016,0,0,0,0,0,69.92,0,0,0
26_9,0.052631579,432.8947368,0,1,3,1,0,6,1,1,2,554,115.7779323,167.8350034,232.6665886,22.44729329,38,1.289473684,3429.04995,1.694444444,6,0,0,0,0,7.919999968,0,0,0,0,0,0,6.159999984,82.60000009,0,0,0,0,3.31999996,0,0,0
27_10,0.56097561,331.9634146,0,1,9,3,0,7,1,1,2,677,187.2470181,293.3562501,244.9427606,28.58775267,15,1.8,2984.411365,3.372222222,6,0,0,0,0,0,0,0,6.519999983,0,0,0,13.08,77.03999999,0,0,0,0.320000036,3.039999996,0,0,0
27_11,0.447058824,371.1176471,8,0,12,6,1,8,4,3,12,51,94.04837979,114.880548,99.23982593,25.05423212,25,1.72,2679.705237,4.188888889,8,0.44,0,0,6,9.560000006,0,0,0.84000001,0,2.400000013,3.720000007,37.20000001,1.599999966,0,0,0,6.079999965,20.52000002,11.64,0,0
27_12,0.193877551,364.4693878,1,2,4,2,5,9,3,2,11,299,45.88220356,203.9224083,84.8173329,34.11221036,38,1.684210526,3877.618715,4.577777778,8,1.64,0,0,0,18.03999999,0,0,12.56000001,13.64000002,3.279999987,1.639999984,36.92000001,9.040000021,0,0,0,0,3.23999998,0,0,0
27_13,0.136752137,350.6068376,1,1,4,3,0,3,1,1,6,577,293.9619643,306.6477989,178.0966374,51.19696648,53,1.396226415,4063.606449,3.288888889,10,3.320000026,0,0,0,0.200000003,0,0,69.23999995,0.599999985,0,0,0,16.84000003,0,0,0,0,9.800000001,0,0,0
27_14,0.210526316,315.8947368,0,0,0,0,0,2,1,0,2,152,59.1655019,67.75105478,44.02957679,26.31463652,9,1.777777778,1500.002942,2.15,12,67.84000006,0,0,0,1.639999992,9.12,0,0.23999999,0,0,0,3.560000001,17.47999997,0,0,0,0,0.119999995,0,0,0
27_17,0.055555556,354.2777778,0,0,0,0,0,3,0,0,0,9,19.42072748,8.212054211,5.844800447,23.95984275,4,2.5,1526.886745,1.177777778,13,82.03999998,0,0,0,4.080000025,4.96,0,0,0,8.119999996,0,0.800000002,0,0,0,0,0,0,0,0,0
27_18,0.232142857,298.9375,0,2,3,0,0,4,0,0,5,382,321.7794224,173.8031594,180.2814577,46.13339928,40,1.375,3497.711907,2.522222222,14,16.55999995,0,0,0,16.91999998,0,0,1.40E-09,0,0.599999998,0,57.64000005,2.480000026,0,0,0,0,5.799999993,0,0,0
27_19,0.252873563,260.7988506,2,1,16,8,0,10,7,2,7,530,335.9434676,328.1243304,232.3984055,53.14352487,42,1.571428571,4426.100259,3.294444444,15,2.880000003,0,0,0,0.760000004,0,0,3.199999992,0,0,0,35.59999999,57.56000001,0,0,0,0,0,0,0,0
27_20,0.246376812,263.7101449,0,0,8,4,2,4,0,0,6,520,173.342725,189.8419114,183.1762782,33.55412932,34,1.441176471,3187.532386,4.055555556,16,0.64,0,3.560000003,0,8.600000028,0,0,27.08000003,0,0,0,39.71999996,20.39999998,0,0,0,0,0,0,0,0
27_21,0.511627907,249.1860465,0,1,2,0,4,2,2,1,3,146,146.4562313,87.25788376,100.0430659,31.47606414,17,1.294117647,1933.437248,2.922222222,16,27.96000003,0,33.6,0,21.91999999,0,0,16.51999997,0,0,0,0,0,0,0,0,0,0,0,0,0
27_22,0.368421053,272.1578947,0,0,0,0,0,0,0,0,0,0,130.7655506,44.01865822,56.87316655,44.58173979,0,0,0,3.077777778,18,73.39999997,0,0,0,26.60000003,0,0,0,0,0,0,0,0,0,0,0,0,0,0,0,0
27_23,0.276315789,275.9473684,0,0,2,1,0,2,0,0,5,197,148.9845105,77.51411394,55.74905311,51.5126816,16,1.5,1822.303047,2.738888889,18,15,0.08,1.840000001,0,43.91999995,0,0,0,0,0,4.280000024,23.60000002,5.239999999,0,0,0,6.040000009,0,0,0,0
27_24,0.2,267.8111111,1,1,5,5,1,3,2,3,4,237,97.60102879,130.4896042,104.044064,22.99941533,22,1.636363636,2518.525886,3.022222222,19,17.52,0,0.080000001,0,4.99999999,0,0,0,0,0,12.83999997,19.56,27.72000002,0,0,0,4.960000001,12.32000001,0,0,0
27_25,0.215686275,303.4901961,0,0,8,2,0,5,0,0,8,490,93.92521293,185.5609674,245.2786345,21.14581807,39,1.769230769,4844.408214,3.05,19,1.240000003,0,0,0,0.88,0,0,0,0,0,0,55.28000002,28.27999998,0,0,0,12.68000001,1.639999985,0,0,0
27_26,0.050505051,363.4343434,0,0,1,2,0,8,2,0,4,718,152.1482355,260.6886825,287.562268,21.38303635,72,1.486111111,6069.156863,2.816666667,19,4.399999998,0,0,0,0.84,0,0,0,0,0,0,43.16,50.04000001,0,0,0,1.559999993,0,0,0,0
27_27,0.142857143,326.7755102,0,0,4,4,0,13,1,1,12,614,278.6893289,344.0443567,234.9561442,34.13888778,36,1.638888889,4757.727006,2.738888889,19,0.52,0,0,0,0.640000007,0,0,10.08000002,0,0,0,11.35999998,77.4,0,0,0,0,0,0,0,0
27_28,0.126984127,268.6666667,0,0,5,1,0,2,1,1,7,277,144.6915938,178.2719242,150.5498618,35.2684334,21,2.285714286,3316.749157,2.988888889,19,13.56,0,0,0,12.64,0,0,6.719999985,0,0,0,11.52,29.80000001,0,0,0,7.120000005,18.64000001,0,0,0
27_29,0.272727273,239.9545455,3,0,11,4,0,14,3,1,5,518,136.9436355,167.3833324,190.2472427,22.24123837,42,1.476190476,3799.282239,2.905555556,19,9.480000003,0,0,0,1.81E-10,0,0,0,0,0,0,52.00000001,36.59999999,0,0,0,1.919999995,0,0,0,0
27_30,0.346153846,204.3846154,0,0,1,2,1,3,1,1,0,412,137.2258307,213.6535722,194.5248912,22.94800665,22,1.590909091,2310.705273,3.966666667,19,0.079999997,0,0,0,8.520000018,0,0,0,0,0,7.560000004,33.67999998,26.55999997,0,0,0,0,23.60000003,0,0,0
27_31,0.516129032,126.2258065,0,3,9,3,0,9,0,0,7,608,202.5061498,248.2129231,231.693873,32.61475632,37,1.594594595,3625.85955,4.272222222,19,0,0,0,0,5.199999982,0,0,11.72000005,0,0,2.759999989,45.43999999,19.08000001,0,0,0,0.240000006,15.55999997,0,0,0
27_32,0.588607595,96.15822785,1,1,4,2,5,2,0,2,12,529,248.1214659,354.3183381,174.2877724,39.45476202,25,1.84,3789.791043,4,20,0,0,0,1.240000003,0.48,0,0,52.79999996,15.84000002,1.200000001,0,2.440000003,12.31999998,0,0,0,8.44,5.240000031,0,0,0
27_33,0.566037736,139.5283019,2,0,13,1,14,12,3,4,15,249,110.4089266,74.22975945,27.70614372,42.65343289,16,1.9375,2228.890667,3.872222222,18,0,0,0,0,2.599999999,0,0,14.99999999,63.72000004,1.160000003,0,0,0,0,0,0,6.079999993,11.43999997,0,0,0
27_34,0.350877193,209.5087719,3,1,19,1,16,7,6,0,11,177,102.4669154,147.698044,31.11160362,42.72736585,19,1.736842105,3626.258561,3.011111111,19,0.16,0,0,0,0.96,0,0,14.28,63.03999999,0.84,0,6.48,4.72,0,0,0,9.520000011,0,0,0,0
27_35,0.258064516,212.5483871,0,0,5,0,15,2,2,0,3,25,103.735691,86.92719732,23.71454038,41.6826524,7,1.571428571,1431.431796,3.516666667,20,0,0,0,0,0,0,0,13.79999999,67.84000002,6.079999999,0,0,0,0,0,0,12.27999999,0,0,0,0
27_36,0.298701299,237.4415584,1,0,9,2,9,15,6,1,5,214,79.80932689,78.50932418,77.92780321,34.13602864,19,1.684210526,3784.252438,4.505555556,20,0,0,0,0,0.56,0,0,7.480000014,41.31999993,0.959999997,0,0,29.60000004,0,0,0,8.36,0.72,11.00000001,0,0
27_37,0.343023256,262.5755814,1,2,9,0,3,6,2,3,7,736,267.4103262,416.6551006,274.0662436,39.01648535,48,1.770833333,4758.226667,6.655555556,20,0,0,0,0,1.92,0,0,42.60000006,0.199999998,0,0,0.080000001,49.95999995,0,0,0,0,3.84,1.399999989,0,0
27_38,0.515873016,247.0873016,1,0,6,4,1,8,0,1,13,612,445.9175075,358.8219822,328.669252,50.62686131,43,1.790697674,5152.417769,7.738888889,19,0,0,0,0,0,0,0,65.35999996,6.72,0,0,0,21.36000002,0,0,0,6.560000011,0,0,0,0
27_39,0.550802139,180.1176471,17,1,34,8,6,16,24,3,15,437,310.3010532,348.3659043,159.2215152,43.70266035,41,1.658536585,4483.294145,7.444444444,17,0,0,0,0,1.720000007,0,0,56.51999996,2.32,0,0,3.080000031,13.43999998,0,0,0,17.16000001,0,5.760000016,0,0
27_40,0.666666667,158.7297297,1,1,4,1,4,6,2,2,5,418,344.9690917,195.3816722,175.9081278,42.96775141,39,1.58974359,3877.647047,5.772222222,18,0.88,0,0,0,0.719999991,0,0,21.36000001,2.240000021,0,0,22.91999997,15.00000003,0,0,0,6.799999987,26.28,3.799999984,0,0
27_41,0.460674157,195.247191,0,0,9,0,12,11,1,0,9,282,236.1151086,247.5602317,102.4236018,36.41905044,28,1.785714286,3138.750254,4.938888889,18,1.8,0,0,0,8.160000006,0,0,21.68000003,47.39999998,4.159999999,0,3.080000008,12.11999999,0,0,0,1.599999989,0,0,0,0
27_42,0.316326531,243.122449,0,1,1,8,0,6,0,0,0,577,206.9480301,269.9519252,192.9832809,34.8763504,36,1.888888889,4530.909177,4.772222222,18,0.64,0,0,0,4.159999995,0,0,18.95999997,0,0,0,22.43999999,44.28000004,0,0,0,0,9.52000001,0,0,0
27_43,0.193877551,212.3061224,3,1,2,1,2,5,1,0,8,738,234.0171743,324.9034957,235.2009638,35.7066429,42,1.714285714,5129.33078,4.561111111,19,0,0,0,0,3.920000001,0,0,2.999999983,0,0,0,32.60000001,57.40000001,0,0,0,0,3.079999996,0,0,0
27_44,0.169014085,216.1408451,0,1,1,0,0,7,0,3,9,369,249.8386706,169.3269794,147.7194266,45.51923448,18,1.888888889,2732.276575,5.394444444,18,0.6,0,0,0,2.920000016,0,0,0,0,5.520000005,4.600000008,29.07999999,29.27999996,0,0,0,0,28.00000002,0,0,0
27_45,0.192307692,220.3461538,2,0,3,1,0,5,0,0,7,569,217.9341787,354.7408196,171.6699009,36.33763643,34,1.441176471,3621.544186,5.355555556,19,0.88,0,0,0,11.27999999,0,0,6.960000004,0,0.52,2.919999973,37.28000001,39.68000003,0,0,0,0,0.479999989,0,0,0
27_46,0.202312139,243.2427746,5,2,7,2,9,10,2,3,10,458,217.1021614,228.9449228,195.1666745,31.18106913,30,1.5,3569.73742,5.45,18,0.6,0,0,0,4.599999997,0,0,0,8.16,0,0,26.67999996,49.88000002,0,0,0,0,10.08000002,0,0,0
27_47,0.359223301,234.0776699,1,0,4,3,0,3,3,0,9,445,85.44255454,151.0145656,164.9616261,28.00726005,20,1.9,3182.836282,4.5,16,0.640000002,0,0,0,3.439999999,0,0,0.760000001,0,0,0,39.04000004,45.23999997,0,0,0,3.920000004,6.959999984,0,0,0
27_48,0.224719101,297.5730337,6,1,2,5,0,15,7,0,10,168,112.0846024,112.0224477,78.37889469,33.22806151,35,1.857142857,3985.55984,3.411111111,15,13.12,0,0,0,3.360000011,0,0,47.80000002,10.44,0,0,11.99999996,0.679999991,0,0,0,11.44000002,1.159999993,0,0,0
27_49,0.419753086,268.4074074,2,1,0,2,0,8,3,3,7,142,116.0233511,141.7025127,156.3068512,31.21032119,18,2.388888889,4322.734672,4.7,15,3.319999995,0,0,0,8.039999989,0,0,5.959999977,1.71E-11,0,0,8.29E-11,27.92000003,0,0,0,27.64,27.12,0,0,0
27_50,0.475675676,247.4054054,3,0,14,3,1,7,6,0,4,745,192.6206737,451.163917,260.6658681,45.26973072,40,1.55,4196.537221,5.094444444,15,11.28,0,0,0,0,0,0,50.64000002,0,0.600000003,0,11.4,18,0,0,0,8.079999978,0,0,0,0
27_51,0.532894737,218.0855263,2,0,6,0,10,8,2,2,8,533,285.0025237,418.0933206,161.7482266,48.65396844,25,2.24,3947.329109,9.066666667,15,2.720000003,0,0,0,0.920000006,0,0,9.719999981,19.56,0.319999998,0,2.840000004,61.80000002,0,0,0,2.119999989,0,0,0,0
27_52,0.676806084,214.121673,0,0,4,2,0,6,1,0,10,545,155.5103076,446.3057268,141.6201349,46.50843293,25,1.64,4223.94087,8.388888889,14,0,0,0,0,0.799999995,0,0,9.32,0,0,17.12000001,36.48000003,36.27999996,0,0,0,0,0,0,0,0
27_53,0.574074074,161.8796296,2,0,4,4,0,4,3,1,12,593,155.7575283,249.8766873,127.427054,41.98835905,31,1.64516129,4011.573539,9.411111111,12,6.440000026,0,0,0,1.880000003,0,0,21.27999999,0.200000002,0,8.839999999,7.519999959,47.84000002,0,0,0,6,0,0,0,0
27_54,0.431034483,152.3362069,1,2,6,1,5,8,4,1,11,347,134.8026244,243.6502306,143.9655247,37.55345703,18,1.722222222,2530.237627,6.705555556,10,9.999999982,0,7.080000006,0,18.92000002,0,0,21.08,2.320000004,0.96,0,3.400000013,28.07999996,0,0,0,0,8.160000023,0,0,0
27_55,0.316384181,244.4293785,0,1,2,0,1,8,1,0,1,99,135.0800409,112.2081176,82.47773001,36.69616554,11,1.818181818,1867.145769,5.872222222,10,0,0,0,0,36.39999998,0,0,2.72,1.640000017,3.16,0,35.84000003,0,0,0,0,0,7.91999997,12.32,0,0
27_56,0.401315789,224.6118421,0,1,1,1,0,10,1,4,8,570,286.2663316,330.2689611,192.4139643,46.14278337,36,1.555555556,4188.726605,5.661111111,10,0.080000001,0,0,0,6.399999992,0,0,15.04000001,3.439999981,0,0,16.83999998,55.48000004,0,0,0,0,2.72,0,0,0
27_57,0.615384615,274.1282051,0,0,15,0,6,3,2,0,3,398,167.7062303,193.4252489,78.08806808,51.95259558,22,1.590909091,2992.988313,5.866666667,10,1.040000006,0,0,0,0.880000001,0,0,19.44000003,25.04000001,2.720000002,0,35.31999998,12.15999997,0,0,0,3.400000003,0,0,0,0
27_58,0.707317073,245.4308943,0,0,8,2,6,4,2,1,1,273,232.8166254,147.10241,96.58745005,54.30754241,12,2.416666667,2013.602785,6.238888889,10,0.679999996,0,0,0,6.72,0,0,10.39999997,22.20000002,2.199999998,0,34.32,13.68000001,0,0,0,9.8,0,0,0,0
27_59,0.758241758,159.8901099,16,4,19,5,7,15,10,2,9,440,241.8544893,201.9549066,193.4864857,46.5758089,40,1.65,4172.559757,6.444444444,10,0.4,0,0,0,0,0,0,27.64000001,3.360000001,0,0,17.23999999,41.39999999,0,0,0,9.76,0.200000006,0,0,0
27_60,0.626126126,179.3153153,22,4,55,13,7,11,40,6,14,393,233.9175419,176.845026,293.7229859,41.6447502,42,1.642857143,4722.618829,5.35,8,0,0,0,0,0,0,0,46.51999997,0,0,0,8.880000006,27.27999999,0,0,0,6.400000029,10.92,0,0,0
27_61,0.58974359,243.0128205,1,3,5,2,1,2,0,3,4,358,171.907339,99.53093491,143.818956,35.15197937,30,1.666666667,3246.275061,4.844444444,7,0.48,0,0,0,1.2,0,0,0,0,0,0,47.55999999,8.319999999,0,0,0,9.039999972,33.40000004,0,0,0
27_62,0.469387755,297.3877551,0,0,3,0,0,4,1,1,5,292,55.90846766,52.67679377,240.1399844,14.6758771,20,1.95,3355.043171,2.722222222,7,0,0,0,0,4.040000002,0,0,2.119999995,0,0,0,57.00000002,16.11999998,0,0,0,5.439999999,15.28000001,0,0,0
27_63,0.611111111,301.2222222,0,0,2,0,1,1,0,0,3,132,47.70259995,45.40831202,126.4277132,19.33752807,16,1.5625,1712.981822,1.5,7,37.88000005,0,0,0,2.799999995,6.92,0,5.119999999,0,0,0,15.51999998,6.800000011,0,0,0,5.799999999,19.15999996,0,0,0
27_8,0.455882353,361.6911765,3,0,8,3,0,3,1,0,5,118,34.81793079,58.68375967,68.17618331,19.20469306,15,1.533333333,1516.832896,1.111111111,5,0.960000003,0,0,53.79999992,2.240000044,0,0,0,0,0,0,32.68000005,0,0,0,0,0,10.31999998,0,0,0
27_9,0.333333333,366.8266667,1,0,7,0,0,4,2,0,6,540,204.0212024,283.8741129,168.1125302,37.01810562,34,1.794117647,4501.24413,2.294444444,6,1.72,0,0,0,12.71999996,0,0,4.920000021,0,0,0,17.27999996,61.04000006,0,0,0,0,2.320000001,0,0,0
28_10,0.652173913,285.5543478,0,1,5,2,1,4,2,0,2,851,217.0363415,353.8102206,232.9499159,30.17157981,46,1.47826087,4996.816606,3.133333333,7,1.56,0,0,0,0,0,0,6.04,0,0,0,24.15999998,68.24000001,0,0,0,7.27E-09,0,0,0,0
28_11,0.590163934,290.9180328,8,0,17,1,1,3,10,2,5,115,204.3035309,79.04066741,49.59596718,42.09597385,18,1.611111111,1878.904068,3.827777778,8,0.8,0,0,0,7.680000004,0,0,0,24.60000007,0,0,21.03999999,3.599999946,0,0,0,6.279999992,35.99999999,0,0,0
28_12,0.26984127,326.8571429,0,2,1,7,2,6,0,0,3,444,117.3190577,209.5123959,71.01501503,43.79083581,41,1.512195122,3489.409358,3.855555556,9,0,0,0,0,2.999999991,0,0,0,19.99999995,0,0,67.48000004,9.520000017,0,0,0,0,0,0,0,0
28_13,0.398230088,276.539823,1,1,6,6,0,10,4,3,9,486,80.57276231,489.8506352,116.8580502,48.29561797,60,1.533333333,5389.140576,3.322222222,12,0,0,0,0,1.080000004,0,0,11,0,0,0,25.96,56.88,0,0,0,0,5.08,0,0,0
28_14,0.416666667,264.9666667,0,0,0,1,0,6,0,1,4,320,159.2146174,195.515542,89.8290663,34.87078435,10,2.2,1895.630906,2.583333333,12,51.88000007,0,0,0,1.680000005,0,0,0.239999993,0,0,0,30.87999998,15.31999995,0,0,0,0,0,0,0,0
28_15,0,279,0,0,0,0,1,2,0,0,0,4,5.478880575,2.485606144,2.356208139,22.24233714,2,2,733.9547414,1.394444444,12,83.11999995,0,0,0,6.479999999,1.080000006,0,0,0,0,0,9.320000042,0,0,0,0,0,0,0,0,0
28_16,0.333333333,475.6666667,0,0,0,0,1,4,0,0,0,19,40.48269786,18.60016614,9.394692172,30.70698429,17,1.588235294,2864.249328,0.733333333,12,30.71999998,4.12,0,0,0.880000003,0,0,0,7.560000005,40.60000005,0,12.71999995,0,0,0,0,0,3.4,0,0,0
28_17,0.090909091,323.0909091,0,0,0,0,0,1,0,0,0,2,47.36389454,21.76803369,10.77834678,32.371,3,3.333333333,1311.783516,1.511111111,13,41.23999997,2.48,0,0,2.039999999,0,0,0,0,52.60000004,0,1.64,0,0,0,0,0,0,0,0,0
28_18,0.315789474,271.2631579,0,0,0,0,0,0,0,1,1,2,137.9719928,56.11967966,38.54148573,41.28447076,3,3,862.8280599,3.077777778,13,24.20000003,0,0,0,1.4,0,0,1.28000001,0,58.15999992,7.440000032,0.560000004,0,0,0,0,0,6.960000006,0,0,0
28_19,0.489583333,232.1770833,1,0,6,6,0,6,3,1,8,398,166.444886,146.521705,140.1437934,43.43008271,30,1.433333333,2606.423602,3.766666667,13,10.15999998,0,0,0,0,0,0,20.60000002,0,0.079999997,29.03999996,0,39.16000005,0,0,0,0,0.959999998,0,0,0
28_20,0.525,189.4875,0,1,3,5,3,12,1,0,5,404,89.87960112,157.0680016,157.2694231,26.90120012,27,1.592592593,2787.686637,4.088888889,14,4.16,0,6.040000021,0,20.12000001,0,0,54.64,0.36000001,0,0,0.800000004,12.47999995,0,0,0,0,1.400000011,0,0,0
28_21,0.620689655,169.1724138,0,1,3,2,2,9,1,0,6,357,198.8023031,173.6537935,155.8197357,43.42120972,28,1.5,3187.057525,3.105555556,17,15.56000002,0,18.59999998,0,17.51999999,0,0,6.999999983,1.99999999,0,0,13.28000002,23.84000002,0,0,0,0,2.19999999,0,0,0
28_22,0.490909091,171.3636364,0,1,1,0,0,2,0,0,3,216,143.3110416,124.0716376,93.09549268,53.2558649,12,1.75,1256.45535,3.488888889,17,35.79999999,0,0,0,40.16000006,0,0,0,0,0,0,14.63999997,9.399999973,0,0,0,0,0,0,0,0
28_23,0.429752066,209.3719008,0,0,5,1,0,3,0,0,5,452,185.1406556,310.6546494,126.9947999,57.97161999,17,1.411764706,2562.828808,3.294444444,18,3.319999994,0,0,0,37.39999994,0,0,0,0,0,0.120000006,18.76,40.40000006,0,0,0,0,0,0,0,0
28_24,0.397590361,223.9879518,1,0,6,0,0,6,1,0,8,729,194.2084559,313.8370735,211.189113,29.93785388,43,1.651162791,4926.947958,3.577777778,18,0,0,0,0,1.20E-10,0,0,0,0,0,4.359999996,10.96,84.68,0,0,0,0,0,0,0,0
28_25,0.12962963,288.2407407,7,0,10,3,0,7,3,1,6,642,129.0768794,260.7884786,262.8622298,19.08408266,57,1.473684211,5167.02363,3.416666667,18,0,0,0,0,0,0,0,0,0,0,0,4.400000031,94.95999995,0,0,0,0.640000021,0,0,0,0
28_26,0.119402985,311.8358209,15,0,23,3,1,5,7,3,4,595,158.7379082,227.2008322,318.7610973,18.81289696,34,1.588235294,4549.374107,3.016666667,20,0,0,0,0,0,0,0,7.12,0,0,0,4.159999969,82.12000005,0,0,0,6.599999979,0,0,0,0
28_27,0.203125,299,4,0,12,2,1,4,3,1,9,629,130.7366074,253.3580253,248.9651609,23.18487806,31,1.903225806,4352.064412,3.061111111,19,1.39E-09,0,0,0,0.520000003,0,0,0,0,0,0,19.12000002,74.63999997,0,0,0,4.760000006,0.96,0,0,0
28_28,0.121212121,290.5606061,1,0,6,5,0,8,0,1,6,590,187.3821051,237.123678,264.3320056,26.70618718,22,2.181818182,4327.333006,3.011111111,18,5.239999996,0,0,0,0.319999998,0,0,0,0,0,0,19.15999998,71.44000003,0,0,0,2.959999994,0.88,0,0,0
28_29,0.149122807,266.1842105,2,0,5,3,0,11,1,2,11,671,202.2336992,297.8051868,251.1996824,26.86396355,33,1.606060606,4238.892523,2.677777778,18,0.159999999,0,0,0,3.360000014,0,0,0,0,0,0,19.16000003,72.83999996,0,0,0,0.239999999,4.240000004,0,0,0
28_30,0.183333333,206.8166667,0,0,7,2,0,3,2,0,9,501,209.4982755,291.006445,190.2456907,33.71347965,24,1.916666667,3292.126586,3.6,18,1.36,0,0,0,3.279999986,0,0,0,0,0,25.64000003,6.319999978,62.68000002,0,0,0,0,0.719999994,0,0,0
28_31,0.430555556,145.5555556,0,0,2,3,0,3,0,1,7,767,210.8005559,283.001929,282.0601641,35.71878542,24,1.666666667,3716.197274,4.144444444,19,0,0,0,0,0,0,0,27.40000003,0,0,4.599999982,0,66.63999999,0,0,0,0,1.360000001,0,0,0
28_32,0.427184466,122.5533981,3,0,13,7,0,11,4,0,13,654,231.9836925,336.4040964,249.0498282,35.50360742,26,2.115384615,3837.287361,3.933333333,20,0,0,0,0,0,0,0,60.12000001,0,0,0,13.44000001,18.43999996,0,0,0,0,8.000000018,0,0,0
28_33,0.361111111,158.6805556,2,1,14,3,4,9,8,1,9,595,115.6446184,428.5573074,158.1694194,39.48439862,23,1.869565217,3511.159157,3.933333333,18,3.16,0,0,0,4.76,0,0,40.55999997,10.96000001,1.879999997,0,16.23999999,7.120000032,0,0,0,2.440000008,12.87999999,0,0,0
28_34,0.278688525,196.0163934,0,0,7,3,9,5,7,0,7,275,96.8919693,145.9805627,44.47618101,44.97338155,23,1.565217391,2680.005451,3.388888889,19,0.4,0,1.200000023,0,2.360000001,0,0,24.16,38.48000004,0.64,0,7.559999987,10.71999997,0,0,0,13.55999999,0.919999989,0,0,0
28_35,0.337662338,224.7272727,1,0,7,1,19,4,3,0,12,37,114.9766025,114.6544045,43.83690482,42.18707467,5,2.2,2006.438258,3.861111111,19,0,0,12.51999997,0,0.119999997,0,0,1.04,66.44000003,4.240000001,0,0,0,0,0,0,15.64,0,0,0,0
28_36,0.427083333,246.3020833,0,1,4,3,7,9,0,0,4,489,179.6071626,250.9785167,110.9092622,38.40420481,17,2.058823529,3353.65098,5.555555556,20,0,0,0,0,4.200000003,0,0,10.92000002,21.43999993,0,0,0,57.88000003,0,0,0,5.04,0,0.520000006,0,0
28_37,0.495192308,275.3269231,3,1,12,10,10,8,7,1,13,439,268.6320212,383.403554,188.7225629,42.12404431,58,1.810344828,6077.963597,7.738888889,20,0,0,0,0,0.239999997,0,0,52.64,14.47999999,0,0,5.920000016,18.47999999,0,0,0,1.800000007,3.72,2.479999995,0.240000006,0
28_38,0.548821549,255.5892256,25,4,71,15,2,27,18,6,39,325,224.246366,265.1823479,142.960685,42.69387435,37,1.810810811,4484.763866,8.488888889,20,1.12,0,0,0,0.200000006,0,0,37.28000004,0,0,0,1.719999984,12.47999999,0,0,0,10.91999999,0,0,36.27999999,0
28_39,0.60625,155.94375,7,0,22,9,1,12,5,0,12,400,198.7225447,193.3033287,145.6588075,40.54118133,41,1.804878049,5725.064077,10.47777778,18,3.52,0,0,0,0.639999994,0.48,0,43.68,3.18E-10,0,0,18.36,21.8,0,0,0,9.959999999,1.56,0,0,0
28_40,0.702702703,131.2342342,0,0,5,0,0,5,1,0,4,745,285.6577963,400.3659809,209.0864117,44.11688099,31,1.774193548,4200.98263,8.661111111,18,0.56,0,0,0,0.760000009,0,0,14.51999995,0,0,0,38.39999999,45.76000005,0,0,0,0,0,0,0,0
28_41,0.548672566,184.5309735,0,0,5,0,3,9,2,1,4,455,257.1652358,341.0960435,157.0451333,40.29270656,35,1.542857143,3308.681134,7.844444444,18,0.4,0,0,0,7.52,0,0,55.32000005,22.48,0,0,0,14.27999995,0,0,0,0,0,0,0,0
28_42,0.441176471,229.5686275,3,0,5,3,0,5,0,0,10,539,224.3231942,344.339927,156.4145506,35.90511073,37,1.864864865,4373.43293,5.344444444,16,9.600000001,0,0,0,0.759999987,0,0,23.23999994,0,0,0,21.04000005,45.36000002,0,0,0,0,0,0,0,0
28_43,0.218487395,250.0336134,2,0,7,1,0,4,4,0,2,244,183.4734135,225.8544486,124.70671,36.16043872,15,2.333333333,2116.560729,5.244444444,17,0,0,0,0,14.80000006,0,0,1.75999998,0,6.079999999,0,56.92,20.43999996,0,0,0,0,0,0,0,0
28_44,0.187969925,272.3533835,1,0,6,1,0,7,1,0,8,486,176.2706582,189.6442084,185.415935,37.40149076,26,1.423076923,2957.315097,6.188888889,18,0,0,0,0,9.639999938,0,0,8.2,4.56000003,0,9.840000043,48.36,10.88,0,0,0,0,8.519999986,0,0,0
28_45,0.101123596,332.8033708,3,0,13,7,2,4,4,1,0,532,249.0606581,288.7490295,172.4523174,53.21281051,21,1.476190476,2752.586521,6.333333333,18,1.000000004,0,0,0,0.920000007,0,0,0,2.43999997,0,9.719999979,54.32000001,31.60000003,0,0,0,0,0,0,0,0
28_46,0.094339623,293.0660377,0,0,6,0,0,7,2,0,9,698,266.624613,347.2117345,212.8770403,41.34176929,35,1.828571429,4363.66444,6.105555556,17,3.359999997,0,0,0,0.880000003,0,0,0,1.320000001,0,0,34.71999999,59.72000001,0,0,0,0,0,0,0,0
28_47,0.044776119,335.7164179,3,0,5,1,0,4,4,1,6,596,139.6149125,193.8145245,217.814506,27.4098886,14,2.142857143,3553.336472,4.483333333,16,3.560000021,0,0,0,5.400000001,0,0,0,0,0,0,37.48,42.83999995,0,0,0,0,10.72000003,0,0,0
28_48,0.072463768,360.7391304,0,0,2,0,2,1,1,0,10,33,67.49001097,66.22886016,96.43626591,25.59759161,7,2.571428571,2227.998526,3.633333333,16,19.67999998,7.96,0,0,1.560000008,0,0,1.000000005,28.96000002,0,0,5.399999987,0,0,0,0,27.92000002,5.279999973,2.239999999,0,0
28_49,0.243243243,297.5675676,2,1,4,1,6,4,4,0,7,430,114.9974654,134.5517559,108.2513488,31.14710777,21,1.952380952,3495.235957,5.805555556,16,0.479999999,0.76,0,0,8.359999991,0,0,27.40000001,18.87999997,0,0,0,18.16000002,0,0,0,20.31999998,4.200000017,1.440000005,0,0
28_50,0.616438356,255.826484,20,0,24,11,3,5,21,3,14,481,408.3013834,444.29613,183.7382742,43.41027003,39,1.666666667,3970.867477,6.55,15,0.88,0,0,0,1.640000004,0,0,48.20000001,5.120000027,0,0,1.960000002,12.55999998,0,0,0,21.16,8.239999983,0.239999995,0,0
28_51,0.592105263,207.9868421,3,0,12,1,15,8,4,0,7,306,216.3556582,247.5624917,99.16946452,52.1133399,17,2.176470588,2663.13852,10.78333333,15,0,0,0,0,1.919999996,0,0,7.99999999,52.15999999,1.480000001,0,0.039999999,30.64000001,0,0,0,5.16,0,0,0.600000015,0
28_52,0.79739777,143.2992565,2,0,26,9,16,7,14,0,10,145,241.7430823,148.4911042,40.23120818,48.22018208,26,1.923076923,2922.060171,8.822222222,15,0,0,0,0,0.44,0,0,15.36,19.99999997,1.079999998,37.68000003,6.160000015,5.199999996,0,0,0,6.680000001,0,0,7.399999985,0
28_53,0.734177215,111.9272152,5,0,13,7,3,6,12,0,12,623,299.1752388,568.9334274,188.7680086,48.38265857,46,1.630434783,5064.422666,11.10555556,12,0,0,0,0,0.159999999,0,0,56.84000003,5.839999999,0,3.319999972,0.759999984,24.08000002,0,0,0,8.999999992,0,0,0,0
28_54,0.597510373,97.79253112,4,1,9,4,2,7,6,0,4,893,164.9102464,486.8513376,149.02705,43.71745376,32,1.65625,4090.796122,8.983333333,10,0,0,0,0,1.760000012,0,0,40.83999996,0.399999999,0,0,39.20000003,9.679999977,0,0,0,0,8.120000022,0,0,0
28_55,0.561538462,171.7846154,5,0,9,1,4,4,12,0,9,53,162.2183994,190.1851263,40.7085616,44.87736192,15,2.333333333,2614.99832,8.222222222,10,0.4,0,1.30E-09,0,31.64,0,0,1.08,15.16,2.879999999,0,33.51999999,0,0,0,0,3.600000015,4.559999984,7.160000003,0,0
28_56,0.521367521,196.3675214,2,1,4,1,1,1,1,0,9,67,243.2907638,198.4085386,66.72046498,50.32198368,16,2.0625,2450.611971,6.761111111,10,0,0,8.119999994,0,5.239999993,0,0,0,46.48000003,4.560000002,0,27.75999999,0.640000006,0,0,0,7.199999986,0,0,0,0
28_57,0.682170543,221.6356589,1,0,7,1,4,6,3,0,5,276,275.2886696,376.9056637,131.020114,51.81736969,18,1.833333333,2504.656014,6.816666667,10,0,0,0,0,0.4,0,0,12.04,46.23999995,0.959999998,0,12.52000003,15.44000002,0,0,0,12.4,0,0,0,0
28_58,0.67,178.635,13,0,30,5,5,7,14,7,7,645,439.9718331,377.5536668,224.3612111,55.90188111,37,1.72972973,4334.83722,7.894444444,10,0,0,0,0,0,0,0,17.99999998,0,0,0,6.519999977,57.56,0,0,0,3.999999999,13.92000004,0,0,0
28_59,0.611111111,140.1868687,4,2,13,10,5,6,3,5,6,466,244.755857,240.5050838,171.2172756,49.56751284,24,1.958333333,3031.900135,8.155555556,9,0,0,0,0,1.4,0,0,24.20000006,0,0,0,0,48.83999999,0,0,0,0,25.55999996,0,0,0
28_60,0.663636364,161.0909091,0,0,7,0,1,5,2,1,7,525,255.1958766,232.391528,286.7271444,39.75973735,46,1.673913043,5147.806289,7.088888889,7,8.480000008,0,0,0,10.72,0,0,20.51999996,0,0,0,0.199999998,60.08000003,0,0,0,0,0,0,0,0
28_61,0.642857143,227,0,0,8,3,0,3,1,1,5,342,69.18086336,131.5384808,201.302913,21.17450654,23,1.565217391,3127.362881,5.216666667,7,1.479999992,0,0,0,2.04,0,0,0,0,0,24.96000001,18.84000005,47.47999994,0,0,0,5.2,0,0,0,0
28_62,0.584,297.216,0,1,9,3,0,6,1,0,7,503,61.18069371,159.2933745,261.0404199,26.83949979,44,1.522727273,4330.018788,2.6,7,0.120000006,0,0,0,0.360000001,0,0,23.24,0,0,0.879999986,22.55999997,52.04000003,0,0,0,0,0.80000001,0,0,0
28_63,0.285714286,335,0,0,0,0,0,1,0,0,7,44,62.09084463,15.87421049,25.3770471,30.89226856,4,1.25,210.036207,1.933333333,7,8.320000007,0,0,0,25.72000002,0.679999998,0,0,0,0,0,0.799999998,9.559999946,0,0,0,0,54.92000003,0,0,0
28_64,0,404,0,0,0,0,0,0,0,0,0,0,57.67201789,14.89192467,23.52039806,29.83875637,0,0,0,0.305555556,6,58.28000006,0,0,0,15.27999999,0,0,0,0,0,0,0,0,0,0,0,0,26.43999994,0,0,0
28_7,0.125,373.125,1,1,3,0,0,4,1,0,5,280,14.02610792,69.78032629,75.61272791,12.10728979,26,1.423076923,2620.948686,0.783333333,5,1.119999971,0,0,3.12000003,15.63999999,0,0,0,0,3.839999923,0,36.95999993,25.99999997,0,0,0,0,13.32000019,0,0,0
28_8,0.423076923,340.5576923,0,0,0,0,0,1,0,0,0,24,1.843847023,33.71043063,69.99795616,42.17370611,0,1,251.5963942,1.288888889,5,0.68,0,0,4.399999972,27.04000002,3.440000052,0,0,0,0,0,9.760000012,0,0,0,0,0,54.67999995,0,0,0
28_9,0.487804878,304.8536585,1,0,11,1,1,2,3,1,4,529,80.70272443,185.5282533,140.5053259,37.18725737,28,2,4878.438994,2.883333333,7,2.32,0,0,0,10.39999998,5.31999995,0,10.32,0.119999999,0,0,17.4,37.44000011,0,0,0,0,16.67999995,0,0,0
29_10,0.773913043,245.0869565,0,4,4,1,0,6,0,0,10,273,83.63004484,115.0394591,119.7848118,42.50378812,32,1.625,3995.155073,2.505555556,7,0,0,0,0,0.560000002,0,0,28.55999997,16.03999997,0,1.27E-09,0.760000019,41.47999997,0,0,0,4.560000025,2.800000026,5.240000012,0,0
29_11,0.790697674,209.4651163,0,1,5,0,0,3,0,0,4,104,144.170676,88.03369951,69.11106232,40.13542323,16,1.875,1363.903593,3.266666667,8,0.48,0,0,0,0,0,0,0.480000006,34.4,0,1.840000006,45.32000003,1.840000014,0,0,0,4.159999976,11.47999997,0,0,0
29_12,0.544117647,261.4705882,0,1,3,3,1,7,1,0,3,578,140.3148627,167.894381,120.2986884,40.76881423,54,1.240740741,3967.348545,3.233333333,10,0,0,0,0,2.279999999,0,0,0,6.959999965,0,0,55.12,35.64000004,0,0,0,0,0,0,0,0
29_13,0.606060606,223.4090909,1,0,3,0,0,5,1,0,2,122,122.1406323,91.70232855,104.3658224,37.83063818,32,1.5,2668.351794,3.227777778,12,0,0,0,0,14.24000002,0,0,1.280000007,0,0,0,79.63999998,1.679999985,0,0,0,0,3.160000015,0,0,0
29_14,0.625,231.5909091,0,0,8,2,1,2,4,1,6,609,289.7864959,360.9644236,153.6885258,52.2474215,40,1.475,3906.615264,2.861111111,12,0.640000005,0,0,0,5.75999998,0,0,0,0,0,0,40,51.32000002,0,0,0,0,2.279999995,0,0,0
29_15,0.619047619,242.2142857,0,0,0,0,1,0,0,0,5,102,40.38377064,74.42092049,29.00442,29.45414568,7,1.857142857,1429.992175,2.461111111,12,63.55999998,2.20000001,0,0,4.360000029,5.479999993,0,0,0,0,0,15.79999997,6.039999988,0,0,0,0,2.560000029,0,0,0
29_16,0.35,299.45,0,2,0,0,0,6,0,0,0,67,47.36389454,58.31638757,22.56873829,32.371,27,1.666666667,3274.772297,2.216666667,12,35.12000005,1.279999988,0,0,10.96,0,0,0,17.68,0.639999999,0,18.87999999,1.640000007,0,0,0,0,13.79999997,0,0,0
29_17,0.1,286.55,0,0,1,0,0,1,0,0,0,136,51.2873091,37.29645274,30.06337303,33.07879355,11,1.727272727,1729.545619,2.272222222,13,62.19999999,0.24,0,0,5.679999962,3.24,0,6.680000004,0,5.200000035,0,4.320000004,12.2,0,0,0,0,0.24,0,0,0
29_18,0.292682927,240.5365854,0,0,0,0,0,0,0,0,0,3,185.1516364,33.95850223,32.96406234,56.46518688,1,2,455.9424813,3.244444444,13,27.99999999,0,0,0,0,0,0,0,0,65.24000002,0,6.759999991,0,0,0,0,0,0,0,0,0
29_19,0.451612903,215.2419355,0,0,3,1,0,5,0,0,7,163,169.320439,142.1775908,77.01948013,44.69863739,27,1.296296296,2292.075101,3.794444444,13,19.63999996,0,0,0,8.560000002,0,0,0,0,3.559999976,9.440000005,22.48,22.08000002,0,0,0,0,14.24000003,0,0,0
29_20,0.539215686,169.4803922,2,0,4,1,0,4,3,0,5,450,152.5476439,255.911436,113.2403062,40.76437308,34,1.5,3238.144507,4.116666667,15,1.360000001,0,0,0,8.800000002,0,0,10.80000004,0,0,0,21.72,31.47999999,0,0,0,0,25.83999997,0,0,0
29_21,0.582524272,110.2815534,1,3,7,5,0,11,2,1,8,522,216.4891293,319.5950347,209.8835264,47.18915125,37,1.567567568,3900.427909,3.711111111,15,0.4,0,0,0,6.039999995,0,0,10.51999997,0,0,0,8.439999982,68.04000007,0,0,0,0,6.559999987,0,0,0
29_22,0.625,131.7045455,0,0,4,0,1,2,0,0,7,246,159.5998778,178.9930694,89.04276638,53.30748061,11,1.636363636,1530.242157,4,16,8.240000001,0,0,0,62.00000007,0,0,0,0,0,0,3.88,25.87999993,0,0,0,0,0,0,0,0
29_23,0.527472527,161.1538462,2,0,5,0,1,4,3,0,5,532,218.8274188,237.5558122,141.2653631,49.03480139,22,1.545454545,2695.758612,4.027777778,17,0.52,0,0,0,36.43999993,0,0,0,0,0,0,7.479999999,55.56000007,0,0,0,0,0,0,0,0
29_24,0.461538462,212.2967033,0,1,9,4,1,4,7,1,8,736,273.0526403,376.5894554,207.6601018,37.79495306,44,1.545454545,5129.571586,4.011111111,17,0,0,0,0,0,0,0,0,0,0,0,12.44,87.56,0,0,0,0,0,0,0,0
29_25,0.342857143,229.4142857,0,0,4,2,0,5,0,0,8,783,216.2398289,267.111336,240.7086369,27.92260322,64,1.578125,5892.598874,3.4,17,0,0,0,0,0,0,0,0,0,0,0,19.44000001,80.55999999,0,0,0,0,0,0,0,0
29_26,0.15625,254.515625,4,0,24,7,1,6,5,0,6,697,151.1810945,250.401797,279.7823188,20.82516415,60,1.45,5106.636636,2.6,17,0,0,0,0,0.76,0,0,0,0,0,0,3.999999988,87.88,0,0,0,7.360000009,0,0,0,0
29_27,0.093023256,287.3023256,0,1,5,0,2,5,0,0,10,441,89.24172855,199.1782072,186.1972891,16.37735122,26,1.538461538,3391.083033,2.533333333,19,0.6,0,0,0,2.560000007,0,0,0,0,0,0,22.56,59.27999999,0,0,0,6.079999991,8.920000005,0,0,0
29_28,0.117647059,312.9803922,1,0,6,2,0,5,5,0,8,518,124.7618907,229.4130166,198.0198712,19.79453384,25,1.84,3468.9323,2.855555556,19,1.040000002,0,0,0,7.399999995,0,0,8.48,0,0,0,4.200000001,64.00000002,0,0,0,0,14.87999998,0,0,0
29_29,0.153846154,273.1846154,1,0,11,3,1,5,4,0,13,669,255.9964534,361.8128507,242.7022485,31.57865169,25,1.92,4026.037914,3.066666667,20,2.440000001,0,0,0,9.599999993,1.92,0,0,0,0,0,11.52000001,73.92,0,0,0,0.440000001,0.160000001,0,0,0
29_30,0.283950617,217.8765432,1,0,6,1,0,2,1,1,6,731,258.484088,396.4250072,247.4198206,35.32586643,24,1.75,3518.533225,3.616666667,19,0.800000002,0,0,0,0.88,0,0,0,0,0,0,9.23999999,89.08000001,0,0,0,0,0,0,0,0
29_31,0.53125,155.375,9,0,17,3,3,5,15,1,17,593,223.0340371,351.556548,201.20974,37.02227449,35,1.628571429,3720.2268,3.666666667,19,0.399999997,0,0,0,0,0,0,0.560000002,0,0,0,22.19999999,63.03999999,0,0,0,0,13.80000002,0,0,0
29_32,0.5,162.125,0,0,3,1,0,6,0,2,5,535,161.1930387,292.8358289,149.6418026,32.05223139,25,1.64,3409.063837,3.972222222,20,0.84,0,0,0,4.520000003,0,0,2.040000012,0,0,0,26.04000001,50.63999996,0,0,0,0,15.92000002,0,0,0
29_33,0.491803279,179.7704918,0,3,0,2,0,2,0,2,9,87,84.40057977,126.9568026,72.343688,36.77019874,7,2.285714286,1195.194369,4.266666667,20,0,0,0,0,21.56,0,0,13.79999999,0,3.960000003,10.68000002,8.080000034,0.63999999,0,0,0,0,41.27999997,0,0,0
29_34,0.552447552,171.3006993,4,1,15,5,9,17,11,2,12,474,88.26810919,196.1721827,89.19600045,44.78696652,30,1.566666667,3671.069085,3.966666667,19,0.08,0,1.360000022,0,0,0,0,46.23999999,4.400000002,0,3.279999978,14.39999997,15.44000004,0,0,0,14.72,0.079999997,0,0,0
29_35,0.405172414,219.9913793,0,2,22,1,24,8,2,1,7,92,107.931439,105.02452,65.16704474,45.28920785,30,1.933333333,4238.395466,4.838888889,19,0.68,0,7.279999982,0,3.359999999,0,0,1.319999996,48.68000002,2.96,0,3.800000002,7.279999976,0,0,0,24.64000003,0,0,0,0
29_36,0.49122807,199.0964912,7,1,16,1,17,12,5,0,13,530,235.5893064,239.8256525,261.6126866,43.85476825,66,1.53030303,5622.634483,6.161111111,20,1.28,0,0,0,4.239999999,0,0,24.56000002,10.84000001,0,0,26.48000002,18.59999998,0,0,0,13.99999998,0,0,0,0
29_37,0.580487805,182.7853659,21,0,57,8,46,19,48,4,13,253,295.6936789,157.1600302,77.68429981,52.58011893,32,1.59375,3472.345492,7.038888889,20,0,0,0,0,0,0,0,22.36000001,31.83999998,0,0,4.759999977,5.8,0,0,0,11.47999999,0,2.16,21.60000004,0
29_38,0.677777778,187.5611111,30,0,59,9,10,21,111,12,11,186,277.6404558,133.0356375,63.32489098,55.01819501,32,1.5625,2841.849004,7.372222222,19,0.2,0,0,0,0,0,0,17.99999999,4.6,0,0,6.52,0.160000005,0,0,0,10.28000001,1.36,0,58.87999999,0
29_39,0.682926829,122.4817073,5,0,4,0,0,13,0,1,14,490,206.1813436,155.8335392,236.3010165,38.51624133,57,1.736842105,6133.664205,9.616666667,19,1.72,0,0,0,0,0,0,61.48000002,0,0,1.08000002,9.039999998,2.520000002,0,0,0,15.31999999,0,0,8.839999966,0
29_40,0.628424658,115.5359589,1,0,8,10,3,6,2,0,9,398,229.3539475,215.1626184,237.1908864,40.09008612,41,1.585365854,4178.885562,6.077777778,18,0.44,0,0,0,1.8,0,0,7.63999996,0,0,26.11999998,0.159999999,57.32000006,0,0,0,6.519999999,0,0,0,0
29_41,0.642384106,149.1721854,10,0,11,3,3,7,5,2,10,727,138.5462321,350.653773,262.5124192,28.91365819,65,1.4,5275.714344,7.988888889,17,0,0,0,0,0,0,0,54.88000004,2.359999997,0,0,3.320000001,36.03999996,0,0,0,3.400000001,0,0,0,0
29_42,0.578313253,195.7771084,0,1,4,1,1,5,0,0,5,426,277.1171099,252.8083131,173.1366164,39.01707349,47,1.638297872,4917.773183,4.444444444,16,12.28000004,0,0,0,7.720000001,0,0,17.23999995,4.480000001,0,0,35.72000005,20.07999996,0,0,0,2.480000002,0,0,0,0
29_43,0.34375,249.015625,0,0,0,1,0,4,0,1,6,459,269.2186205,246.1141133,190.8678483,46.5380298,22,1.818181818,3542.089389,5.044444444,16,4.359999966,0,0,0,3.200000001,0,0,0,0,0,0,73.03999999,19.40000005,0,0,0,0,0,0,0,0
29_44,0.175675676,279.3243243,6,3,2,2,2,5,1,0,8,453,202.8884727,214.7358889,194.3493564,42.21620063,19,1.947368421,3475.168505,6.655555556,17,0,0,0,0,1.080000007,0,0,0,9.680000026,0,0,43.12000002,38.31999993,0,0,0,0,7.800000014,0,0,0
29_45,0.078947368,341.7263158,1,0,10,3,2,4,6,0,8,580,305.5008013,411.4102001,179.1175665,56.17589422,24,1.791666667,3131.27644,6.361111111,17,0.600000002,0,0,0,4.839999984,0,0,0,0.559999974,0,0,36.91999996,48.96000008,0,0,0,0,8.12,0,0,0
29_46,0.072992701,375.1751825,0,1,1,2,1,6,0,4,1,384,236.9282938,266.9689307,114.1126,49.65338341,12,2.166666667,2267.778567,5.444444444,16,10.20000002,0,0,0,3.520000006,0,0,0,0,0,5.52,13.36,39.63999996,0,0,0,0,27.76000002,0,0,0
29_47,0.014492754,393.5652174,0,1,0,0,0,3,0,0,2,433,91.71229763,136.5610689,116.3281394,29.1237504,21,1.380952381,2367.571737,3.494444444,16,26.68,0,0,0,6.599999993,0.52,0,0,0,0,0,31.64000001,28.72000001,0,0,0,2.240000006,3.599999977,0,0,0
29_48,0.098360656,395.2786885,3,0,1,1,1,6,7,3,11,145,74.33873535,98.26191071,84.89062407,31.3025876,13,2.076923077,2239.96925,3.6,15,16.75999997,0,0,0,3.28,0,0,8.319999999,9.54E-19,0.84,12.16000001,25.08,0,0,0,0,24.83999999,0,8.720000027,0,0
29_49,0.109090909,346.4272727,1,1,7,0,1,5,6,0,12,376,95.51860374,338.6377079,102.567553,34.11722744,16,1.6875,2091.759865,7.15,16,0,0,0,0,7.400000003,0,0,22.84000004,4.720000001,0,1.759999986,23.51999999,0,0,0,0,5.24,13.84,20.67999997,0,0
29_50,0.268398268,274.7142857,9,0,18,9,2,7,23,2,7,844,246.5335444,662.5215489,227.6432183,37.9196931,28,1.75,3949.097222,10.06111111,15,0,0,0,0,2.679999997,0,0,75.28000001,1.33E-09,0,0,15.95999998,0.320000004,0,0,0,1.240000005,4.519999998,0,0,0
29_51,0.484536082,201.5721649,0,1,11,6,15,11,7,0,8,348,289.4154943,420.8585,107.1954759,46.6448065,14,2.214285714,2722.22714,14.37777778,14,0,0,0,0,3.76,0,0,51.75999995,29.56000003,0,0,0,1.480000015,0,0,0,13.12000001,0.319999997,0,0,0
29_52,0.691823899,145.3459119,2,2,30,2,26,9,22,2,9,119,211.7779338,160.2003085,25.46917104,48.98855863,24,1.791666667,3009.562628,14.70555556,13,0,0,0,0,2.84,0,0,8.120000009,55.84000002,1.440000002,0,1.72,11.43999998,0,0,0,8.799999986,1.92,0,7.880000004,0
29_53,0.782786885,76.26229508,19,0,14,4,14,10,16,4,16,89,286.7443828,111.8238634,32.49058659,54.12309898,43,1.604651163,3833.410214,13.97777778,12,0.72,0,0,0,1.160000001,0,0,28.39999999,15.83999997,3.439999998,0,0,12.00000004,0,0,0,8.960000006,0,26.2,3.280000003,0
29_54,0.76969697,78.34848485,1,2,11,2,9,12,4,0,10,297,300.7642042,284.0522441,145.8909074,59.71890531,28,1.821428571,3551.048029,10.80555556,12,0.52,0,0,0,11.36,0,0,28.56000002,9.519999995,1.320000003,0,4.400000012,28.63999998,0,0,0,6.24,4.560000003,0,4.879999987,0
29_55,0.658163265,123.4642857,3,0,14,2,16,6,8,1,6,373,260.7782386,325.3273342,66.45714086,47.79336735,25,1.64,2910.791933,9.288888889,9,0,0,0,0,2.080000024,0,0,47.44,42.76,0.879999999,0,2.879999988,1.159999986,0,0,0,2.719999998,0.079999997,0,0,0
29_56,0.642384106,180.0794702,0,0,4,1,3,4,2,0,14,401,215.398315,283.724566,114.6583869,49.25462741,42,1.642857143,3820.709281,7.5,9,0.519999999,0,1.120000005,0,1.039999978,0,0,45.31999996,29.16000004,3.16,0,1.359999995,16.48000002,0,0,0,1.840000006,0,0,0,0
29_57,0.606060606,231.7515152,4,1,6,2,3,3,5,0,10,514,270.7677381,274.9712328,192.2392183,47.99876469,20,1.8,2700.80763,7.755555556,9,0.159999999,0,0,0,0.160000006,0,0,10.52,14.39999998,1.52,0,17.51999999,48.68000003,0,0,0,7.039999994,0,0,0,0
29_58,0.564356436,218.5841584,5,0,9,6,0,4,4,0,9,601,270.3077752,361.6376383,208.9947646,51.18768197,26,1.692307692,3568.910392,9.461111111,9,0,0,0,0,2.399999995,0,0,15.76000001,0,0,0,1.519999992,80.32,0,0,0,0,4.15E-10,0,0,0
29_59,0.547540984,222.3245902,5,1,16,8,0,11,11,1,9,618,336.0777002,573.91526,204.5381364,54.32942801,38,1.710526316,4676.398653,8.505555556,8,0.120000004,0,0,0,0,0,0,29.87999999,0,0,0,0,67.16000001,0,0,0,0,0.040000001,2.799999993,0,0
29_60,0.580645161,224.4758065,0,0,3,2,1,1,1,0,9,646,331.9816214,403.9466775,245.0884847,53.5024406,26,1.807692308,3678.306588,7.2,7,0.839999996,0,0,0,0,0,0,0,0,0,0,20.20000004,78.95999997,0,0,0,0,0,0,0,0
29_61,0.474226804,256.2783505,0,1,5,5,0,4,0,1,9,573,183.4250717,262.1021409,194.6468437,40.11141531,38,1.447368421,3861.656753,4.411111111,7,7.03999999,0,0,0,0,0,0,6.52,0,3.280000002,0,35.31999998,44.88000003,0,0,0,2.960000005,0,0,0,0
29_62,0.567164179,282.8208955,0,0,8,1,2,6,3,0,7,468,119.7947945,256.2538658,190.2145539,36.32496807,40,1.375,3614.083767,2.4,7,16.80000003,0,0,0,1.76,0,0,15.36000001,1.439999996,1.919999997,0,27.39999999,32.07999998,0,0,0,3.239999995,0,0,0,0
29_63,0.375,378,0,0,0,0,0,0,0,0,1,36,58.13012504,27.979045,59.17728647,29.51020811,2,2.5,591.3646365,2.094444444,7,76.84,0,0,0,1.04,6.200000002,0,0,0,2.36,0,10.75999998,2.120000001,0,0,0,0,0.680000011,0,0,0
29_64,0.083333333,437.0833333,0,0,0,0,0,0,0,0,2,2,42.42699951,15.10774997,21.73571636,24.128668,0,1,577.4305548,0.55,6,67.27999997,0,0,0,11.16000001,3.040000005,0,0,0,3.08,0,1.320000004,0,0,0,0,0,14.12000002,0,0,0
29_65,0.333333333,512,0,0,0,1,0,0,0,1,0,9,4.004468194,5.896638099,19.46825174,14.71123499,2,1.5,510.3503815,0.405555556,5,64.28000001,0,0,0,3.440000003,4.879999995,0,0,0,0,0,3.399999994,0,0,0,0,0,24,0,0,0
29_7,0.2,380.2,0,2,6,0,0,3,1,0,4,363,17.72726204,182.5221662,98.27188236,6.953699366,22,1.590909091,2534.585701,0.438888889,5,12.87999981,0,0,1.320000042,12.87999994,0,0,9.840000032,0,9.360000016,0,21.11999996,30.5200002,0,0,0,0,2.08,0,0,0
29_8,0.3125,366.8125,3,1,1,0,0,3,0,1,6,128,2.943656703,53.89130273,64.89449247,37.09812651,33,1.575757576,2417.893953,0.916666667,6,6.959999986,0,0,3.359999976,7.640000033,1,0,14.23999999,0.720000029,0,0,0,6.999999897,0,0,0,0,59.08000009,0,0,0
29_9,0.631578947,342.3684211,0,0,1,0,0,3,1,0,0,37,0,31.41047244,69.59206468,43.091,9,1.777777778,979.5654383,2.211111111,6,4.279999997,0,0,0,5.159999959,0,0,10.16000002,72.48000006,0,0,0,1.040000004,0,0,0,0,6.879999956,0,0,0
2_32,0,472,0,0,0,0,0,1,1,0,0,12,1.369975016,0.70215426,3.798834589,11.623,0,1,667.632581,0.233333333,6,86.52,0,0,0,0,6.08,0,0,0,0,0,2.480000001,0,0,0,0,4.92,0,0,0,0
2_33,0,471.8,0,0,0,0,0,0,0,0,0,6,2.748971516,4.696825113,16.38524733,10.2145718,1,5,906.1994794,0.311111111,6,60.47999995,0,0,0,0.08,0,0,0,0,0,0,6.28,0,0,0,0,7.159999997,26.00000006,0,0,0
2_34,0.2,529.4,0,0,1,0,1,3,0,2,2,78,6.162437783,35.22825595,43.32879804,10.14408307,12,1.5,1428.129047,1.138888889,8,11.16,0,0,0,2.12000001,0,0,0,0,0,0,12.32,9.680000041,0,0,0,1.62E-10,64.71999994,0,0,0
2_35,0,509.1052632,0,1,5,0,0,0,1,0,3,288,56.21808298,83.00854317,99.33661243,15.33058943,17,1.411764706,1852.673634,1.133333333,8,27.64000001,0,0,0,2.280000007,0,0,0,0,0,0,26.80000002,26.67999996,16.56,0,0,0,0.039999999,0,0,0
2_36,0,539.8,0,0,1,0,0,2,0,0,0,30,9.243313956,15.81176578,22.78073694,17.05523023,4,1.25,161.7300354,1.066666667,9,85.00000001,0,0,0,2.079999981,1.000000002,0,0,0.360000002,0,0,8.439999979,0,0,3.120000023,0,0,0,0,0,0
2_50,0,524,0,0,0,0,0,3,0,0,0,37,6.058338983,10.51906727,25.61512881,7.9326104,5,1.2,387.8333606,0.633333333,5,36.27999998,0,0,0,17.44000002,0.319999993,0,0,2.760000002,0,0,12.35999999,1.34E-09,0,0,0,0,30.84000002,0,0,0
2_51,0,435.65,0,1,4,4,1,6,0,1,3,388,72.64977884,131.0307622,173.857125,15.16635134,32,1.65625,3622.901065,0.933333333,5,9.280000012,0,0,0,3.759999982,0,0,0,0,0,0,25.28,47.20000004,0,0,0,0,14.47999997,0,0,0
2_52,0,404.1785714,2,0,1,0,0,4,0,0,8,190,81.39886428,62.96151743,97.11540798,15.42833956,20,1.75,2397.160999,1.166666667,5,2.479999985,0,0,0,15.12,3.880000015,0,0,0,0.52,15.56000001,38.64000003,20.23999996,0,0,0,3.440000007,0.119999999,0,0,0
2_53,0,329.8,2,2,1,0,3,3,1,1,2,201,19.77340852,40.20422659,128.9194461,6.475646025,24,1.5,3037.683837,1.038888889,5,0,0,0,0,17.8,0.799999985,0,0,0,0,0,62.67999999,14.44000003,0,0,0,2.519999993,1.760000002,0,0,0
2_54,0.153846154,311.6923077,0,0,2,1,1,4,1,1,0,341,48.15445475,128.7415553,199.3004986,6.612407877,29,1.344827586,2973.941611,0.811111111,5,0,0,0,0,3.44,0,0,16.07999999,0,0,0,47.48,33,0,0,0,0,0,0,0,0
2_55,0.285714286,290.0714286,1,0,4,3,1,2,0,0,7,176,38.29639852,116.0445523,135.1105731,6.675324391,15,1.866666667,2221.98966,0.783333333,5,2.78E-09,0,0,0,16.72,3.92,0,0,0,0,10.68000001,49.48000001,16.19999998,0,0,0,0,3.000000001,0,0,0
2_56,0.636363636,243.2727273,0,0,3,0,0,4,0,0,0,180,29.73285512,83.45379903,109.0107118,9.668415173,11,2.272727273,2436.635649,0.688888889,4,32.20000001,0,0,0,0.76,0,0,0,0,0,1.199999994,65.31999999,0.520000006,0,0,0,0,0,0,0,0
2_57,0.363636364,220.6363636,1,0,6,2,1,5,0,0,3,236,16.73852054,69.36380317,182.9912108,11.66635588,16,1.9375,3172.492313,0.422222222,4,4.439999987,0,0,0,0,0,0,10.64,0,0,0,40.20000002,38.59999999,0,0,0,6.119999999,0,0,0,0
2_58,0.166666667,235,0,0,1,0,0,2,1,3,0,100,7.680572543,25.63163889,53.21752134,7.807163659,7,1.571428571,1571.081842,0.222222222,4,17.80000003,7.200000009,0,0.400000006,7.000000007,6.48,0,0,0,0,0,38.95999992,0,0,0,0,0,22.16000002,0,0,0
30_10,0.642857143,272.2142857,10,2,11,4,3,8,14,2,5,393,122.7734756,202.6372964,133.6059937,38.07746519,24,1.583333333,3250.224892,3.133333333,6,4.639999988,0,0,0,2.919999988,0,0,1.39E-09,1.599999995,0,7.080000026,0,54.56000001,0,0,0,10.44,1.120000003,17.63999999,0,0
30_11,0.753424658,171.5479452,5,2,45,4,3,9,9,4,12,238,96.07467973,165.9471076,118.3495179,34.65328398,38,1.526315789,3702.090773,3.8,9,0.840000002,0,0,0,0.760000002,0,0,43.48000001,0,0,12.95999997,19.52000006,8.439999972,0,0,0,12.4,1.599999986,0,0,0
30_12,0.797297297,165.9594595,8,0,10,3,3,6,3,0,5,634,114.8950815,234.2891658,210.058665,23.05947182,65,1.353846154,4861.516438,3.477777778,10,0,0,0,0,0,0,0,24.68000002,0,0,0,17.43999996,50.84000002,0,0,0,7.039999997,0,0,0,0
30_13,0.760869565,135.5434783,3,1,4,2,0,4,1,0,2,696,112.3995322,214.1381242,229.3567324,19.41381407,41,1.365853659,4183.603815,3.222222222,12,1.24,0,0,0,1.039999997,0,0,26.87999996,0,0,0,18.16000003,44.71999997,0,0,0,0.04,7.920000048,0,0,0
30_14,0.695652174,153.7681159,0,1,5,1,0,3,0,0,5,513,177.4934236,209.0234794,216.6644228,37.82020885,20,1.85,2912.891366,3.377777778,12,6.52E-09,0,0,0,1.639999998,0,0,0.400000003,0,0,0,43.67999997,36.92000008,0,0,0,0,17.35999995,0,0,0
30_15,0.618644068,196.2372881,1,0,8,1,2,4,4,0,6,729,196.0590485,426.7493774,170.0409016,52.50584163,30,1.666666667,3993.206214,3.205555556,12,2.039999991,1.159999998,0,0,4.80000004,0,0,0,0,0,0,10.88000001,81.03999995,0,0,0,0,0.080000006,0,0,0
30_16,0.30952381,251.202381,0,0,4,3,0,4,0,1,6,334,122.9331723,243.4255588,52.88590807,43.77501314,19,1.789473684,2938.22431,3.194444444,12,5.440000003,0,0,0,5.639999996,0,0,12.12,0,0,0,15.15999998,28.35999999,0,0,0,0,33.28000003,0,0,0
30_17,0.21,246.52,0,1,4,0,0,5,1,1,6,451,166.2210582,244.8472941,122.8277522,46.41811563,38,1.421052632,3963.408976,2.85,13,2.960000003,0,0,0,12.15999996,0,0,10.96,0,0,0,15.04000007,42.87999998,0,0,0,0,15.99999999,0,0,0
30_18,0.357142857,214.3214286,1,1,8,4,0,3,4,1,12,446,231.0647758,311.5000494,149.8854654,57.2012405,33,1.454545455,3116.819816,3.85,13,13.99999999,0,0,0,0.64,0,0,0,0,0,0,54.71999996,23.44000005,0,0,0,0,7.199999999,0,0,0
30_19,0.504,175.272,0,0,3,1,0,5,1,0,6,427,169.8287616,165.688384,158.3410034,44.91874991,23,1.608695652,2963.793347,4.766666667,13,9.51E-10,0,0,0,6.440000018,0,0,2.399999998,0,0,0,29.96,39.35999994,0,0,0,0,21.84000004,0,0,0
30_20,0.539325843,148.5505618,0,1,3,0,0,1,0,3,2,195,135.8385694,134.85164,91.87871382,36.162786,14,1.785714286,1682.975805,5.583333333,15,0,0,0,0,24.47999999,0,0,0,0,0,0,22.92000001,6.560000021,0,0,0,0,46.03999998,0,0,0
30_21,0.616161616,91.21212121,1,0,10,0,0,7,5,0,6,384,128.7553866,120.5521572,105.5414094,39.93864156,33,1.454545455,3419.683035,4.622222222,15,16.56000005,0,0,0,16.6,0,0,0,2.039999995,0,0,16.07999998,45.99999998,0,0,0,0,0,2.719999995,0,0
30_22,0.5,88.75,0,0,0,1,0,1,0,3,1,13,159.5551228,92.50142484,61.9333032,48.88542623,1,2,154.0928066,4.483333333,15,29.75999996,0,0,0,59.52000005,0,0,0,0,0,0,9.919999996,0.799999992,0,0,0,0,0,0,0,0
30_23,0.583333333,109.8333333,0,0,6,0,0,5,1,0,9,539,250.8110488,256.5835136,152.6582677,51.82551778,23,1.695652174,3123.081063,4.461111111,15,3.399999989,0,0,0,22.39999994,0,0,0,0,0,0,23.84,50.36000007,0,0,0,0,0,0,0,0
30_24,0.569105691,129.2764228,0,0,2,3,0,7,0,1,9,658,329.8670823,449.8426476,181.8271021,40.38182201,28,1.642857143,3549.703771,4.444444444,16,0,0,0,0,2.760000013,0,0,0,0,0,0,13.15999999,80.08,0,0,0,0,4,0,0,0
30_25,0.595238095,183.8809524,2,1,12,4,1,6,3,2,7,480,245.001456,212.7289857,269.3619253,34.19433087,25,1.64,3508.488971,3.7,17,9.080000017,0,0,0,3.159999986,0,0,0,0,0,0,21.08,57.88,0,0,0,7.000000003,1.799999994,0,0,0
30_26,0.152173913,226.5434783,9,0,30,2,5,6,5,1,5,581,102.1888696,218.8165552,233.85067,18.0039017,28,1.571428571,3735.71186,2.605555556,17,1.839999983,0,0,0,0,0,0,10.80000003,0,0,0,21.55999999,53.24,0,0,0,12.56,0,0,0,0
30_27,0.025,283.4,0,0,2,0,0,4,0,1,2,210,50.90351353,78.34143222,63.06128123,17.02977117,21,1.285714286,2264.444847,2.277777778,18,0,0,0,0,32.88000006,0,0,7.43999997,0,0,0,2.479999997,29.19999996,0,0,0,0,28.00000001,0,0,0
30_28,0.120689655,341.3103448,0,1,1,1,0,2,0,0,6,93,108.8776614,96.82540939,97.8553009,19.65923333,7,2,1594.448193,2.677777778,20,0,0,0,0,43.19999994,0,0,4.760000022,0,0,0,2.320000011,14.68000003,0,0,0,0,35.04,0,0,0
30_29,0.1875,300.375,0,0,8,2,1,6,0,1,11,641,232.2797768,294.3439742,248.7433958,26.35531805,25,1.72,3492.616465,3.244444444,20,2.839999999,0,0,0,3.440000001,0,0,34.67999997,0,0.52,0,9.840000004,43.43999999,0,0,0,0,5.24000004,0,0,0
30_30,0.310344828,225.137931,0,3,2,3,0,5,0,1,7,431,221.6249464,287.3920552,208.4541005,36.7475551,29,1.620689655,3549.164814,4.138888889,20,2.000000003,0,0,0,4.759999998,0,0,5.400000015,0,0,0,58.56000001,14.64000002,0,0,0,0,14.63999996,0,0,0
30_31,0.573770492,134.204918,1,0,8,2,0,7,6,0,9,684,298.582143,485.5363192,308.5077189,40.88481993,33,1.696969697,3832.284475,4.377777778,19,1.679999998,0,0,0,0,0,0,1.359999984,0,0,0,40.87999998,56.08000004,0,0,0,0,0,0,0,0
30_32,0.52173913,108.1521739,0,1,0,2,0,4,0,0,7,330,202.2673843,269.5853679,157.9627913,34.12964779,17,2.058823529,2151.47143,5.011111111,19,2.359999999,0,0,0,4.72,0,0,8.800000049,0,2.64,17.08,18.24000001,13.23999994,0,0,0,0,32.92000001,0,0,0
30_33,0.587628866,113.1443299,0,0,4,1,2,4,0,0,5,914,282.3613942,567.1008187,302.9769671,33.3754556,33,1.727272727,4335.058592,5.238888889,20,0,0,0,0,3.99E-10,0,0,86.43999999,0,0,11.64000003,1.519999986,0,0,0,0,0,0.399999994,0,0,0
30_34,0.546875,148.4921875,2,1,12,3,2,11,4,0,16,446,112.3142282,317.3457299,108.1088206,40.05924764,31,1.483870968,3535.82794,4.694444444,19,0.52,0,0,0,8.080000019,0,0,39.91999996,2.880000014,0.200000004,4.479999976,17.56000001,3.800000007,0,0,0,22.40000001,0.160000006,0,0,0
30_35,0.37254902,224.745098,0,0,7,1,7,4,2,2,3,52,93.74470067,119.202594,61.32876394,44.94424929,5,2.8,2727.397126,5.027777778,19,2.039999999,0,0,0,16.67999999,0,0,0.4,49.15999999,3.679999996,0,0.839999993,3.720000022,0,0,0,17.51999999,5.96000002,0,0,0
30_36,0.473333333,200.9866667,1,2,20,0,0,11,2,1,11,596,156.0958438,426.1546378,228.2843693,43.35916887,39,1.461538462,3747.691321,5.033333333,20,4.24,0,0,0,9.999999988,0,0,43.84000007,6.519999997,0,0,0.840000001,23.67999998,0,0,0,8.719999993,2.159999974,0,0,0
30_37,0.516129032,173.683871,4,0,18,13,5,4,9,2,5,494,233.0277264,371.3334991,135.29958,51.73361349,31,1.806451613,4597.021058,4.938888889,19,0.720000011,0,0,0,10.68000002,0,0,51.79999995,0,0,0,7.080000003,17.92000001,0,0,0,11.56000001,0,0,0.240000001,0
30_38,0.492537313,160.4029851,0,2,2,2,0,6,0,1,2,86,206.4287208,118.3342219,76.41068757,40.74197096,12,1.75,1776.94556,4.827777778,18,4.679999988,0,0,0,27.60000001,0,0,9.559999979,0,4.400000002,0,3.240000001,4.159999991,0,0,0,7.51999999,38.84000004,0,0,0
30_39,0.549295775,179.2816901,1,2,1,0,1,5,1,1,2,285,143.2460651,89.79577752,90.16972966,32.70590591,14,2,2622.896434,7.172222222,18,12.60000002,5.48,0,0,9.559999977,0,0,16.88,0,0,0,18.76000001,9.240000033,0,0,0,0,27.47999996,0,0,0
30_40,0.636015326,162.8390805,0,0,0,4,0,2,0,0,2,211,48.64514529,92.97054098,81.01598076,27.808,14,1.428571429,1580.972277,5.905555556,19,30.31999999,0,0,0,21.32000002,2.48,0,7.000000008,0,0,0,18.80000001,19.19999996,0,0,0,0,0.880000019,0,0,0
30_41,0.571428571,171.1111111,0,3,1,3,0,3,0,2,2,224,61.05169228,56.27114021,62.12806523,26.5934569,23,1.47826087,2432.62281,6.872222222,17,9.040000051,0,0,0,3.479999983,0,0,17.07999998,0,0,0,25.79999997,0.120000014,0,0,0,8.600000014,35.87999999,0,0,0
30_42,0.605263158,180.8684211,2,1,9,0,1,8,1,0,5,579,118.9554788,197.8305962,233.2440365,23.16704599,31,1.548387097,3647.090219,3.777777778,16,12.03999996,0,0,0,0,0,0,5.640000004,0.119999999,0,0,26.68000002,46.84000004,0,0,0,8.679999981,0,0,0,0
30_43,0.430232558,212.3255814,4,0,19,11,1,5,5,1,9,672,152.2123363,251.451563,259.6850761,33.81461186,33,1.606060606,4218.271652,4.461111111,17,0.47999999,0,0,0,0.4,0,0,12.00000002,0,0,7.560000001,25.31999998,49.12000002,0,0,0,5.119999998,0,0,0,0
30_44,0.353448276,265.5775862,15,0,24,8,1,7,14,3,9,474,150.3992722,142.798423,179.756273,34.78179969,41,1.609756098,3907.950152,6.294444444,16,0,0,0,0,1.480000009,0,0,1.279999987,0,0,0,30.16000006,57.47999994,0,0,0,9.600000002,0,0,0,0
30_45,0.10483871,335.5,0,0,4,0,0,4,1,0,7,504,291.6370956,376.3413795,188.4768424,50.08671599,32,1.5,3502.585389,5.683333333,15,3.719999994,0,0,0,9.119999993,0,0,0,0,0,0,64.07999997,19.04000005,0,0,0,4.039999989,0,0,0,0
30_46,0.063291139,382.0379747,0,0,1,0,1,2,0,0,0,261,122.5859272,142.7059133,50.21560858,31.53705902,11,1.909090909,1555.550371,5.55,16,53.28000006,0,0,0,0,0,0,0,6.36,0,0,3.799999983,29.75999995,0,0,0,4.240000003,2.560000008,0,0,0
30_47,0.11627907,401.1860465,0,0,0,0,0,5,0,0,4,39,117.7668446,96.47278082,44.70125642,32.07083582,2,2,1190.422861,3.622222222,16,56.27999997,0,0,0,7.120000006,0,0,0.800000003,2.240000022,1.44,0,0,2.639999998,0,0,0,26.44,3.039999998,0,0,0
30_48,0.059701493,440.0895522,1,0,7,2,11,6,1,0,11,346,182.1141338,214.1405681,79.68995121,40.72683206,17,1.647058824,2617.92372,3.927777778,15,2.479999979,0,0,0,1.999999997,0,0,19.04,20.71999998,0,15.28,8.20000002,28.64000003,0,0,0,3.359999996,0.280000002,0,0,0
30_49,0.073825503,375,2,1,7,5,0,5,2,2,5,649,271.7312884,423.1936269,140.7936459,40.09472649,21,1.571428571,3204.669997,7.338888889,15,0,0,0,0,5.679999999,0,0,20.28000003,0,0,0,31.76,20.27999996,0,0,0,7.119999996,14.88000002,0,0,0
30_50,0.206235012,295.4340528,0,0,11,2,0,7,3,3,4,857,472.768414,854.097754,251.6554435,45.16734621,33,1.606060606,4159.14084,10.20555556,14,0,0,0,0,0,0,0,79.24000003,0,0,0,10.39999998,0.120000003,0,0,0,0,10.23999998,0,0,0
30_51,0.340725806,241.3891129,22,1,48,15,18,22,61,4,9,607,240.8989987,697.4714771,207.1810732,52.48806869,52,1.576923077,5084.116414,12.58888889,13,0,0,0,0,0.64,0,0,93.27999999,0,0,0,0,5.159999997,0,0,0,0,0.920000011,0,0,0
30_52,0.537234043,182.2234043,30,5,85,17,8,20,74,13,32,180,60.77704121,195.9547785,28.36386424,58.5881412,30,1.8,3926.182626,13.26111111,12,0.56,0,0,0,0.72,0,0,37.27999995,9.680000003,0,4.56,0,6.08,0,0,0,4.200000014,3.359999988,0,33.56000005,0
30_53,0.688821752,103.0271903,46,2,105,19,13,35,71,6,36,111,322.7845132,77.96666565,18.81022089,57.84366962,45,1.8,4502.845448,11.98888889,11,0,0,0,0,0,0,0,38.68000001,1.839999998,0.32,16.8,0.280000013,0,0,0,0,14.72,0.84,2.120000002,24.39999997,0
30_54,0.764444444,92.52,13,1,62,14,23,16,20,2,7,215,286.4351538,216.6508191,76.97349922,54.11043595,25,2.04,3594.100263,11.08333333,11,0.160000004,0,0,0,2.760000005,0,0,35.72000002,22.16,0,0,17.19999999,1.039999998,0,0,0,10.27999998,3.88,0,6.799999992,0
30_55,0.538167939,128.8587786,1,2,8,3,2,5,2,1,12,390,256.9700749,444.7939073,104.0279495,47.61508572,34,1.558823529,3253.56585,8.561111111,10,1.639999996,0,0,0,8.399999995,0,0,18.63999999,0,0,0,64.80000003,0,0,0,0,6.519999997,0,0,0,0
30_56,0.435185185,207.2083333,0,1,2,0,1,3,0,0,10,614,288.1745419,523.2098724,186.3214872,44.86480789,32,1.65625,4121.796237,7.85,9,0.120000003,0,0,0,1.159999999,0,0,11.19999999,0,0,0,44.11999996,34.88000005,0,0,0,8.519999995,0,0,0,0
30_57,0.422222222,290.4,0,0,2,2,0,5,1,0,7,578,173.7113088,352.8267237,228.1662467,53.04808656,22,1.545454545,3346.066333,8.783333333,9,0.56,0,0,0,0,0,0,0,0,2.04,0,5.520000023,91.87999998,0,0,0,0,0,0,0,0
30_58,0.479674797,279.9756098,3,1,6,5,0,4,1,0,7,576,192.9232483,545.1280288,175.3794399,57.88975834,24,1.916666667,3755.380013,10.12222222,9,2.2,0,0,0,0.4,0,0,8.920000003,0,0,0,22.32000002,65.91999998,0,0,0,0,0.239999998,0,0,0
30_59,0.301538462,315.76,0,1,8,0,0,3,4,0,8,486,155.4789441,516.3940375,114.2519346,65.11547716,44,1.681818182,4562.445497,8.844444444,8,2.84,0,0,0,0,0,0,22.07999999,0,0.159999998,0,20.23999998,34.88000003,0,0,0,0,17.27999999,2.520000007,0,0
30_60,0.23015873,339.8571429,0,0,4,1,1,4,0,0,6,456,233.3831101,255.0206141,150.0130846,64.18897876,31,1.548387097,3902.164209,7.272222222,7,21.88,0,0,0,0,0,0,7.399999994,0,0.280000009,0,21.68000004,48.75999996,0,0,0,0,0,0,0,0
30_61,0.2,357.8153846,2,0,0,0,0,2,0,0,6,72,132.6906925,78.14463132,91.16938127,46.53893525,10,1.6,1556.04793,4.144444444,7,48.28000004,0,0,0,8.719999995,9.199999997,0,0,0,2.199999992,0,20.23999997,0,0,0,0,0,11.36,0,0,0
30_62,0.375,299.3,0,0,5,1,0,4,0,0,6,263,63.78797243,134.0511033,148.9592643,18.87274432,15,1.666666667,2334.772945,2.683333333,7,46.47999999,0,0,0,6.640000002,0,0,0,2.440000004,0,0,1.439999995,34.40000001,0,0,0,7.039999999,0,0,0,1.56
30_63,0.153846154,396.6153846,0,0,1,0,1,0,0,0,2,75,19.96076826,28.13626696,30.59169465,14.84274762,8,1.5,444.8108002,2.338888889,6,71.00000004,0,0,0,11.36,0,0,0,0,1.4,0,0,16.23999996,0,0,0,0,0,0,0,0
30_64,0.054054054,455.2972973,0,0,0,1,0,0,0,0,1,14,19.82610465,17.78694608,23.21218367,14.791,2,1,126.74422,1.261111111,6,51.79999996,0,0,0,6.960000023,1,0,0,0,2.479999999,0,0,4.59999999,0,32.68000003,0,0,0.479999998,0,0,0
30_65,0.045454545,508.8181818,0,0,0,0,0,0,0,0,0,0,10.91881215,10.29367013,11.88821409,14.82609951,0,1,307.9306892,0.811111111,5,65.44000006,0,0,0,5.95999998,0,0,0,0,0.88,0,0,0,0,27.71999996,0,0,0,0,0,0
30_8,0,371.3333333,0,0,2,0,1,4,1,1,2,42,9.938022609,91.54106657,26.83915915,8.154319564,6,1.833333333,1284.741997,0.522222222,6,39.68000005,0,0,0,16.8,0,0,0.480000005,30.55999994,0,0,0,4.959999998,0,0,0,7.519999996,0,0,0,0
30_9,0.27027027,330.4594595,0,1,3,0,0,2,1,0,6,428,59.39124822,286.4483219,148.7504992,35.20018837,33,1.363636364,2880.94642,1.561111111,6,12.67999992,0,0,0,16.55999999,0,0,10.24000001,9.920000033,0,0,1.32,40.16000005,0,0,0,7.520000001,1.600000011,0,0,0
31_10,0.608695652,251.7826087,0,1,8,5,0,7,5,0,10,664,219.2418906,256.4757955,243.5458062,30.11258043,28,1.607142857,3651.950237,2.838888889,7,1.040000006,0,0,0,2.480000009,0,0,0,0,0,0,9.280000023,87.19999996,0,0,0,0,0,0,0,0
31_11,0.67114094,229.6375839,0,0,6,1,0,5,1,0,6,475,307.3196514,309.7490557,244.1833315,52.4337775,44,1.454545455,3816.902912,3.616666667,9,2.919999991,0,0,0,3.600000005,0,0,10.04000004,3.52,0.4,0,16.96,58.23999996,0,0,0,4.320000001,0,0,0,0
31_12,0.654320988,157.0493827,0,1,6,1,3,5,2,1,4,424,193.4342589,231.2155493,238.3259214,31.15651333,35,1.571428571,3540.714626,4.166666667,9,7.479999997,0,0,0,11.52,0,0,20.28000001,1.08,0,0,47.28,1.28,0,0,0,11.08,0,0,0,0
31_13,0.807017544,69.47368421,6,1,23,3,3,8,8,2,6,497,166.7251774,180.6147897,247.0293981,21.88205301,33,1.424242424,3340.737908,3.844444444,11,0.040000001,0,0,0,2.799999991,0,0,13.95999997,0,0,0,12.24,55.00000002,0,0,0,7.199999998,8.760000027,0,0,0
31_14,0.766233766,98.92207792,10,1,15,10,2,8,9,5,10,505,150.6861607,242.8140582,211.38416,26.33046468,35,1.542857143,3623.753266,4.805555556,12,0,0,0,0,0.480000001,0,0,12.72000002,0,0,0,14.07999997,56.84000005,0,0,0,6.439999998,4.599999971,4.84,0,0
31_15,0.710526316,141.1491228,5,0,12,3,1,7,7,0,6,547,230.4454805,270.8323163,163.4415354,32.69358835,27,1.62962963,3214.581279,4.883333333,12,0,0,0,0,0,0,0,5.48,0,0,0,45.32000002,35.19999997,0,0,0,3.639999998,10.36000001,0,0,0
31_16,0.397590361,220.8313253,1,1,1,0,0,3,0,1,6,312,198.8893742,182.4622498,145.8417438,34.9277217,23,1.47826087,2776.298258,4.916666667,13,0.800000001,0,0,0,13,0,0,0,0,0,0,25.23999992,31.24000006,0,0,0,0,29.72000002,0,0,0
31_17,0.327586207,232.8448276,0,0,6,3,0,4,4,0,2,446,199.1099039,153.3185202,215.6691826,33.83589321,35,1.571428571,4301.249655,3.788888889,13,10.00000002,0,0,0,0,0,0,18.64,0,0,0,5.080000005,48.23999995,0,0,0,0,18.04000002,0,0,0
31_18,0.413333333,180.5866667,0,1,3,3,0,5,0,1,8,295,263.2345713,219.8168738,186.1135245,45.08152687,28,1.571428571,2863.280397,4.8,13,18.24,0,0,0,0,0,0,0,0,0,0,30.52000002,43.79999999,0,0,0,0,7.439999989,0,0,0
31_19,0.661458333,140.28125,0,2,4,0,1,8,0,2,8,552,235.8311397,336.2095322,181.9963939,47.53448501,35,1.6,3498.446546,5.477777778,14,3.159999999,0,0,0,0,0,0,4.000000003,0,0,0,48.16000002,37.72,0,0,0,0,6.95999998,0,0,0
31_20,0.605405405,103.8,0,0,9,2,0,3,3,2,8,485,232.6127145,258.5476193,272.6398616,44.22446105,40,1.525,3520.105813,6.15,15,1.36,0,0,0,3.359999999,0,0,1.119999995,0,0,0,38,42.79999998,0,0,0,0,13.36000002,0,0,0
31_21,0.635036496,64.28467153,3,0,11,4,0,7,4,1,14,440,219.0372945,279.1834999,147.0323054,59.27615048,35,1.542857143,3644.874369,4.966666667,16,12.60000002,0,0,0,0.680000008,0,0,0,1.600000005,0,0,28.95999998,44.56000001,0,0,0,0,3.239999973,8.360000005,0,0
31_22,0.666666667,68.9,0,0,3,1,0,4,0,0,5,299,150.6732871,109.3866687,131.4189491,42.04992275,28,1.321428571,2645.012039,4.161111111,16,22.32000001,0,0,0,30.00000002,0,0,0,0,0,0,37.12,7.999999973,0,0,0,0,2.560000001,0,0,0
31_23,0.601503759,133.1578947,0,3,5,2,0,3,2,0,7,389,444.6430931,547.1317272,138.4090944,48.10731313,23,1.391304348,2731.106743,3.694444444,16,25.07999997,0,0,0,12.15999998,0,0,0,0,0,0,45.80000003,16.92000003,0,0,0,0,0.039999999,0,0,0
31_24,0.543624161,194.4295302,0,0,5,4,0,7,1,0,8,624,481.947732,575.4548075,210.4362993,42.3113701,37,1.405405405,3527.776949,3.983333333,17,4.879999992,0,0,0,0.080000001,0,0,5.240000025,0,0,0,12.19999998,76.56,0,0,0,0,1.040000008,0,0,0
31_25,0.5,192.7325581,1,3,19,3,1,3,7,1,4,420,170.2706858,198.3196068,227.9570284,21.3838209,41,1.56097561,3947.691434,3.594444444,17,0,0,0,0,0,0,0,31.11999997,0,0,4.72,31.00000004,23.83999999,0,0,0,8.16,1.159999998,0,0,0
31_26,0.189189189,301,1,0,1,1,0,5,0,0,0,363,91.87117637,144.5591423,240.5594981,14.73845117,34,1.411764706,3338.967611,2.683333333,17,0,0,0,0,0,0,0,0,0,0,0,52.59999995,45.16000004,0,0,0,2.240000008,0,0,0,0
31_27,0.177777778,289.1333333,2,2,2,0,1,5,0,1,6,261,61.34315698,122.1847817,135.6097916,16.60411133,20,1.8,2634.102878,2.877777778,20,0,0,0,0,10.36000001,0,0,14.36000005,0,0,0,15.39999999,20.03999994,0,0,0,5.759999992,34.08000001,0,0,0
31_28,0.060606061,310.3333333,1,0,9,4,1,2,1,0,6,1099,254.0531486,372.8939325,244.176395,17.9599358,20,1.85,3756.307044,3.794444444,20,0,0,0,0,2.08,0,0,96.88000001,0,0,0,0,0,0,0,0,0,1.039999987,0,0,0
31_29,0.194444444,260.4444444,10,1,26,7,0,8,12,2,6,1028,424.3721789,496.2533682,206.3217536,22.83784093,28,1.714285714,3997.728235,4.338888889,21,0.160000001,0,0,0,0,0,0,94.35999997,1.280000014,0,0,0.32000001,1.880000002,0,0,0,0,2,0,0,0
31_30,0.391752577,222.4226804,0,1,6,5,3,6,1,0,9,458,293.4725661,294.6708953,166.6759765,41.10246362,38,1.657894737,3855.376777,5.377777778,21,2.48,0,0,0,1.160000002,0,0,8.319999954,5.519999986,3.12,0,31.32000005,42.24000001,0,0,0,0,5.839999998,0,0,0
31_31,0.535714286,141.375,0,1,7,4,1,7,0,0,8,763,402.4276005,519.4709829,246.0509245,41.87936582,33,1.696969697,4170.374457,6.244444444,21,0,0,0,0,0.320000003,0,0,48.36000001,0,0,0,37.43999995,10.96000002,0,0,0,0,2.920000026,0,0,0
31_32,0.677777778,61.62222222,2,1,3,3,1,9,0,2,4,562,477.8730266,375.1740776,246.173458,49.7884865,34,1.852941176,4015.137439,6.611111111,20,0.880000001,0,0,0,4.119999997,0,0,32.68000003,0,0,0,6.119999995,44.55999999,0,0,0,0,11.63999998,0,0,0
31_33,0.654320988,71.92592593,10,2,28,9,5,11,25,2,16,678,452.226417,499.9431419,305.2333034,40.34439418,25,1.8,3888.581447,6.294444444,20,0,0,0,0,4.680000021,0,0,45.59999998,0,0.920000001,0,1.320000017,27.11999998,0,0,0,9.080000011,11.27999999,0,0,0
31_34,0.466666667,166.2285714,1,1,7,2,4,6,1,1,7,152,148.1050915,150.4334046,53.4855111,38.83437626,12,2.166666667,2303.341202,5.372222222,20,0,0,0,0,24.03999999,0,0,3.679999988,24.84000005,2.600000001,0,13.75999998,14.92,0,0,0,16.12,0.039999998,0,0,0
31_35,0.237288136,197.9491525,0,0,4,0,10,2,1,0,9,24,76.09365949,88.37792917,31.45821634,40.39443117,20,1.7,2526.769827,4.905555556,20,3.200000025,0,0,0,5.359999995,0,0,4.28,62.27999997,0.279999998,0,0,0,0,0,0,24.60000001,0,0,0,0
31_36,0.5,208.9666667,1,0,14,1,10,8,5,2,6,56,79.03346168,75.51622027,50.70145204,39.16513908,32,1.71875,4092.511247,3.816666667,20,4.319999976,2.52,0,0,1.080000009,0,0,10.88000002,48.75999998,0,0,1.72,1.560000001,0,0,0,24.32,4.840000017,0,0,0
31_37,0.430769231,246.9230769,1,0,2,2,2,4,1,0,2,293,78.64326371,89.04228349,111.5692632,34.05086189,32,1.5625,4331.316263,3.05,20,0.84,0,0,0,9.679999993,0,0,5.039999987,0.83999999,0,0,51.60000006,5.81E-10,0,0,0,22.87999999,9.119999978,0,0,0
31_38,0.277777778,282.0555556,0,2,0,0,0,1,0,1,8,56,69.45155594,52.14062193,52.91050681,29.08741029,20,1.65,1484.600916,2.2,20,1.6,0,0,0,26.40000001,1.480000004,0,0,0,7.039999997,0,11.39999994,0,0,0,0,0.959999998,51.12000005,0,0,0
31_39,0.363636364,346.3636364,0,1,0,0,0,0,0,0,1,6,64.08078201,27.27325567,21.93653026,28.73699464,10,1.9,1817.363266,2.477777778,19,45.64000007,0.719999999,0,0,12.91999999,0.439999996,0,0,0,0,0,0.599999997,0,0,0,0,0,39.67999995,0,0,0
31_40,0.166666667,238.8333333,0,0,0,0,0,0,0,0,2,0,48.64514529,31.97161421,22.07563839,27.808,0,0,0,2.511111111,20,86.51999996,0,0,0,13.48000004,0,0,0,0,0,0,0,0,0,0,0,0,0,0,0,0
31_41,0.538461538,221.3846154,0,0,0,0,0,0,0,0,10,0,48.77255952,31.87275673,23.34002839,27.58549743,0,1,445.3216581,2.444444444,19,29.52000001,0,0,0,24.71999997,0,0,0,0,0,0,0,0,0,0,0,5.280000022,40.47999999,0,0,0
31_42,0.277777778,241.3888889,0,0,2,0,1,1,0,0,2,171,43.22588849,40.25333719,57.01533851,23.18471435,20,1.75,1852.503482,1.883333333,17,64.71999995,0,0,0,1.72,0,0,2.560000001,0,0,0,6.400000005,23.76000007,0,0,0,0.839999975,0,0,0,0
31_43,0.181818182,287,1,0,2,0,0,5,1,0,2,653,136.3174284,238.1425273,218.9164637,29.35745937,40,1.45,4203.990079,2.888888889,18,0.159999995,0,0,0,2.560000002,0,0,14.48000003,0,0,0.119999999,6.440000015,76.23999996,0,0,0,0,0,0,0,0
31_44,0.104477612,332.0149254,6,1,8,2,0,9,2,1,4,315,352.8375954,342.9926301,213.9884664,41.98746167,32,1.28125,3116.228092,4.433333333,16,2.560000002,0,0,0,12.84000002,0,0,4.719999967,0,0,0,26.40000001,43.12,0,0,0,1.040000003,9.319999988,0,0,0
31_45,0.145833333,338.7569444,0,1,3,0,1,8,0,0,13,524,164.2885077,192.4196341,215.6047246,25.77700078,27,1.407407407,2978.680479,4.661111111,16,15.36000004,0,0,0,13.27999997,0,0,6.759999982,0,0,0,25.67999999,26.27999999,0,0,0,12.64000002,0,0,0,0
31_46,0.066666667,374,0,0,2,0,0,2,0,0,9,108,100.6133778,123.9617266,52.89436374,21.56365286,20,1.6,4075.02927,4.483333333,15,33.88,0.159999998,0,0,11.84,0,0,2.240000006,1.480000012,0.48,0,4.999999992,12.2,0,0,0,32.71999999,0,0,0,0
31_47,0.086021505,389.6129032,0,1,12,0,0,5,3,0,5,472,87.99958432,214.1718751,185.0561771,25.40363854,34,1.794117647,4496.903346,3.044444444,16,8.27999999,0,0,0,4.720000002,0,0,25.52,1.039999989,0,0,0,42.92000003,0,0,0,10.87999999,6.640000003,0,0,0
31_48,0.084507042,431.2957746,3,0,10,3,0,4,3,3,8,582,134.9646887,345.3475908,228.0634366,31.74116352,16,1.75,2911.961811,3.522222222,14,4.72,0,0,0,1.840000021,0,0,4.399999985,0,0,0.960000001,18.64,56.03999996,0,0,0,4.839999998,8.560000038,0,0,0
31_49,0.045045045,402.1531532,4,0,7,4,0,4,4,1,4,454,130.1857899,307.6078444,126.341975,29.03543074,12,1.666666667,2389.763663,6.105555556,14,5.4,0,0,0,7.039999979,0,0,0.240000002,0,0,2.200000015,16.32,49.48000004,0,0,0,4.6,14.71999997,0,0,0
31_50,0.225296443,329.6166008,0,1,2,8,0,8,2,1,3,552,253.1519489,413.9789533,195.8517661,28.59135833,34,1.558823529,3832.582792,8.972222222,14,0,0,0,0,0,0,0,61.40000004,0,0,9.439999984,7.120000025,18.27999996,0,0,0,0.84,2.919999993,0,0,0
31_51,0.269624573,285.9692833,1,2,15,5,6,8,2,0,2,535,388.8627446,336.8953858,261.8665983,37.05143623,36,1.694444444,4065.323374,12.05555556,14,0,0,0,0,0.400000004,0,0,77.12000002,1.33E-09,0,0,14.43999998,7.8,0,0,0,0,0.240000004,0,0,0
31_52,0.524781341,210.8862974,24,11,58,19,23,19,20,2,16,186,399.1998957,336.7596169,135.9545652,48.06371497,39,1.743589744,4182.33744,12.01111111,12,0,0,0,0,1.879999996,0,0,78.52,4.999999999,0,0,0,0,0,0,0,3.240000003,1.599999996,0,9.760000009,0
31_53,0.645259939,151.470948,21,3,71,14,10,16,13,3,18,330,440.6911766,197.8807163,141.9313477,54.29471791,55,1.709090909,5260.504958,9.833333333,11,3.16,0,0,0,0.960000015,0,0,70.67999995,0,0.040000007,0.16,0.36,9,0,0,0,5.160000037,1.080000005,0,9.399999991,0
31_54,0.668831169,134.4155844,5,4,10,10,11,7,2,2,8,400,272.3701076,212.937017,200.4593691,43.8609292,32,1.65625,3785.717476,8.427777778,11,0,0,0,0,6.599999985,0,0,33.24000004,0,9.039999993,0,9.560000005,30.64000001,0,0,0,8.119999966,2.799999995,0,0,0
31_55,0.642384106,178.0927152,0,0,2,0,0,2,0,0,5,242,175.0148941,196.4802505,88.69735231,38.8440014,14,2.142857143,2079.781748,6.388888889,10,5.040000001,1.24,0,0,49.92000002,0,0,15.71999995,0,1.44,0,12.28000003,2.519999987,0,0,0,11.84000001,0,0,0,0
31_56,0.389830508,228.5932203,0,1,2,0,0,2,0,0,4,322,126.2809476,202.4436483,85.41094514,57.68006838,22,1.909090909,3980.6398,7.361111111,10,38.32000002,0,0,0,16.23999997,0,0,0,0,0,0,14.27999999,30.40000004,0,0,0,0.759999991,0,0,0,0
31_57,0.204255319,263.4978723,1,1,3,4,0,6,4,0,6,426,128.7687749,284.3189343,221.0914969,58.69854384,36,1.555555556,4199.852833,8.016666667,9,6.119999974,0,0,0,0,0,0,0,0,0.560000002,0,33.39999999,59.36000004,0,0,0,0,0.559999998,0,0,0
31_58,0.306451613,298.0080645,0,4,0,3,0,2,1,1,10,212,91.21408262,179.6573186,62.1101593,61.52761576,39,1.692307692,3442.520842,9.494444444,8,8.200000011,0,0,0,7.440000023,0,0,5.600000011,0,3.440000009,0,9.399999971,24.19999997,0,0,0,0,41.72,0,0,0
31_59,0.178743961,377.2801932,0,0,0,6,0,4,0,0,5,54,71.70683657,56.0970623,29.2103248,62.87182197,20,1.7,2714.920698,8.722222222,7,24.43999999,0,0,0,27.27999999,0,0,10.32,0,4.559999991,0,18.56000003,1.559999984,0,0,0,0,13.28000001,0,0,0
31_60,0.067164179,412.8731343,0,0,1,0,0,0,0,0,1,29,6.865404111,59.31673568,50.07618176,59.47694759,10,2.3,1657.040254,6.638888889,7,52.64000003,0,0,0,34.35999998,0,0,2.440000005,0,4.440000004,0,2.959999974,3.160000012,0,0,0,0,0,0,0,0
31_61,0.057692308,390.1730769,0,0,2,2,1,3,0,0,3,330,18.72816504,69.68935594,154.8293354,29.06255435,17,1.470588235,1896.28569,4.327777778,7,35.23999997,0,0,0,8.080000011,4.280000003,0,21.64000001,0,1.679999996,0,4.440000034,24.63999998,0,0,0,0,0,0,0,0
31_62,0.128205128,364.7692308,0,0,2,1,1,8,0,0,3,553,111.1950907,169.1127791,328.836194,15.23237396,32,1.46875,3277.687506,2.966666667,6,3.97E-10,0,0,0,7.71999999,0,0,1.879999989,0,0,0,24.72,64.72000001,0,0,0,0.960000005,0,0,0,0
31_63,0.066666667,397.4,2,0,6,6,0,4,2,0,9,565,163.3829381,228.686866,222.3867726,25.15948112,31,1.741935484,3267.106293,2.238888889,6,0,0,0,0,3.99E-10,0,0,7.880000005,0,0,0,29.11999998,57.28000002,0,0,0,5.719999995,0,0,0,0
31_64,0.078947368,470.9605263,0,2,2,0,0,1,0,0,3,141,82.63195769,90.38055641,95.77429636,19.43717801,11,1.818181818,1240.558479,1.605555556,6,0,0,0,0,14.44000002,0,0,0.199999995,0,4.160000004,0,18.43999997,3.599999977,0,18.96000005,0,0,40.19999999,0,0,0
31_65,0,535.2222222,0,0,0,0,0,0,0,0,2,4,11.98581368,11.25339634,12.86995239,14.83971066,1,1,48.7439226,1.066666667,5,59.68000006,0,0,0,6.639999984,0,0,0,0,2.759999995,0,1.959999996,0,0,28.95999996,0,0,0,0,0,0
31_8,0,320,0,0,0,0,0,0,0,0,0,0,1.824185798,6.147716701,5.123097251,6.88,0,0,0,0.411111111,6,94.51999998,0,0,0,5.480000016,0,0,0,0,0,0,0,0,0,0,0,0,0,0,0,0
31_9,0.3125,320.875,1,0,8,0,0,5,3,0,8,599,77.87331102,175.2868675,179.4514272,15.68280968,30,1.666666667,3217.349302,1.244444444,6,25.51999984,0,0,0,0.040000001,0,0,0,0,0,0,19.11999999,55.32000017,0,0,0,0,0,0,0,0
32_10,0.481481481,302.3148148,0,0,11,1,0,8,2,1,6,633,176.7680813,179.5213841,221.6714651,26.86170302,54,1.407407407,4610.851888,3.055555556,8,9.599999992,0,0,0,0.520000008,0,0,0,0,0,0,43.40000002,46.47999998,0,0,0,0,0,0,0,0
32_11,0.532786885,232.647541,4,1,3,2,0,5,3,1,9,376,361.7518743,219.4108569,234.1337575,53.61582327,33,1.484848485,3602.957827,4.111111111,8,2.76,0,0,0,5.479999997,0,0,26.28000001,0,0,0,46.59999997,10.96000001,0,0,0,0,7.920000011,0,0,0
32_12,0.720588235,163.0955882,2,2,15,5,0,5,3,0,10,566,256.9764035,256.6306247,229.5802866,36.83950851,26,1.769230769,3857.577851,4.322222222,9,1.28,0,0,0,3.319999995,0,0,23.63999999,0,0,0,32.07999998,38.48000004,0,0,0,0.280000005,0.919999989,0,0,0
32_13,0.720430108,98.43010753,0,1,2,0,0,3,0,0,11,516,204.7963612,201.7491052,199.6542289,26.54596302,35,1.485714286,3599.196089,4.155555556,10,2.680000001,0,0,0,6.319999998,0,0,7.44,0,0,0,14.44000001,56.76,0,0,0,12.35999999,0,0,0,0
32_14,0.801724138,111.9827586,0,2,3,2,2,4,3,1,3,865,151.7875023,260.1340231,267.3426489,28.80516652,58,1.362068966,5410.709212,4.955555556,12,0,0,0,0,0.04,0,0,27.00000005,0,0,0,5.679999983,65.99999996,0,0,0,0,1.279999998,0,0,0
32_15,0.761904762,159.1984127,22,4,59,10,3,20,59,6,20,329,148.9574797,177.086276,149.124618,27.37414944,32,1.6875,3406.424716,5.277777778,12,0,0,0,0,1.63E-09,0,0,38.99999996,0,0,0,1.160000011,31.84000002,0,0,0,5.520000003,22.48,0,0,0
32_16,0.525,192.1125,1,0,11,4,0,4,4,1,7,341,77.99658514,104.2495646,153.2551297,19.65080381,22,1.545454545,2703.635305,5.838888889,13,2.44000001,0,0,0,12.12,0,0,0,0,0,0,46.03999998,25.55999999,0,0,0,2.839999992,11.00000003,0,0,0
32_17,0.392405063,250.164557,0,0,1,0,0,4,0,1,6,520,327.7819843,311.0863235,194.1806944,36.93278545,46,1.47826087,4615.948909,4.283333333,13,7.439999991,0,0,0,0.719999997,0,0,18.52000004,0,0,0,0,58.04,0,0,0,0,15.27999997,0,0,0
32_18,0.231884058,242.1304348,0,1,9,1,0,4,1,2,2,653,325.8708266,407.8393748,238.7101136,37.76629407,38,1.605263158,4099.73301,4.188888889,15,1.240000005,0,0,0,0,0,0,18.55999997,0,0,0,35.08000004,39.55999999,0,0,0,0,5.56,0,0,0
32_19,0.565891473,197.503876,0,0,2,1,1,2,1,0,9,696,265.7617504,451.8763539,184.4607134,44.30213432,44,1.840909091,4302.179087,5.45,15,4.719999993,0,0,0,0,0,0,0,0,0,0,12.71999996,82.48000005,0,0,0,0,0.079999997,0,0,0
32_20,0.5,150.7326733,16,0,28,16,1,10,24,5,10,510,293.1516754,335.8557362,140.4982856,49.65653684,36,1.694444444,3739.536509,6.072222222,16,5.280000001,0,0,0,3.040000003,0,0,5.560000006,0,0,0,3.240000017,75.63999997,0,0,0,0,7.240000007,0,0,0
32_21,0.597014925,133.9253731,0,1,2,3,0,6,1,1,5,459,242.0977756,250.565627,137.9377434,49.79997016,26,1.769230769,2827.098755,5.55,16,1.44,0,0,0,12.64,0,0,0,2.720000001,0,0,53.84000002,20.19999998,0,0,0,0,9.159999999,0,0,0
32_22,0.526315789,105.1578947,3,0,9,2,0,7,5,0,9,334,188.8762831,178.0963465,153.0601134,32.76932538,23,1.608695652,2742.930671,4.433333333,16,23.16000005,0,0,0,17.08,0,0,5.479999994,0,0,0,41.75999998,12.51999998,0,0,0,0,0,0,0,0
32_23,0.64,146.96,0,0,1,1,0,2,0,0,7,120,137.7785313,61.7583653,66.25941936,26.26575766,14,1.357142857,1293.843977,4.561111111,16,48.24000003,0,0,0,21.16000001,0,0,0,0,0,0,29.03999996,1.560000008,0,0,0,0,0,0,0,0
32_24,0.494252874,199.0804598,3,2,8,2,0,4,5,3,4,380,193.7698509,196.942977,142.5590948,19.12363889,26,1.5,2751.678872,4.35,16,17.79999997,0,0,0,5.000000009,0,0,7.719999983,0,0,0,49.84000004,19.64,0,0,0,0,0,0,0,0
32_25,0.361445783,264.1927711,0,0,10,10,0,6,1,1,6,527,113.5689238,202.4099879,176.0052389,12.83738651,18,1.611111111,2998.349161,3.7,18,0,0,0,0,1.719999991,0,0,61.16000002,0,0,0,27.72,4.599999986,0,0,0,4.8,0,0,0,0
32_26,0.289473684,297.3421053,1,0,3,0,1,4,0,1,6,247,73.49791279,109.1353334,171.556582,13.80190471,20,1.85,3160.679488,2.65,19,0,0,0,0,0,0,0,12.35999997,0,0,0,68.08000004,14.71999999,0,0,0,4.839999998,0,0,0,0
32_27,0.114754098,313.8688525,0,1,1,0,0,5,0,2,9,180,88.26647083,104.8461807,126.4988501,16.00852564,9,2,1846.772271,3.35,20,0,0,0,0,4,0,0,0,0,0,0,64.43999996,17.8,0,0,0,8.480000013,5.280000028,0,0,0
32_28,0.127906977,273.5232558,38,3,74,15,4,16,43,8,23,695,309.2937473,282.8337813,215.4939327,27.5624089,40,1.575,4475.304197,4.094444444,20,0.4,0,0,0,1.239999992,0,0,66.76000009,0,0,0,9.599999961,6.47999999,0,0,0,12.31999999,3.199999985,0,0,0
32_29,0.214814815,244.6888889,37,0,77,12,10,7,29,3,8,875,476.9081482,471.9598057,205.3498952,27.14186416,29,1.793103448,4292.443145,5.594444444,20,0,0,0,0,0.96,0,0,65.87999999,0,0,0,0,28.28000001,0,0,0,4.880000001,0,0,0,0
32_30,0.381679389,202.6946565,4,0,17,3,6,6,6,3,10,698,488.8299163,546.1056604,161.3815484,39.43354415,28,1.857142857,3816.676759,6.711111111,20,0.120000005,0,0,0,3.280000009,0,0,34.72000001,0,0,0,1.840000012,30.95999997,0,0,0,8.839999997,20.24,0,0,0
32_31,0.579831933,160.2857143,3,1,4,3,0,4,1,0,10,778,526.3142827,672.2588534,399.367275,40.12610648,29,1.965517241,4176.569024,7.305555556,20,1.119999995,0,0,0,1.560000004,0,0,76.20000001,0,0,0,7.960000001,0,0,0,0,6.840000002,6.319999992,0,0,0
32_32,0.665048544,112.8834951,16,4,18,6,1,13,10,3,6,467,432.9197161,434.8026015,211.1968861,47.22241051,43,1.697674419,4186.360771,8.027777778,22,0.44,0,0,0,9.639999987,0,0,26.87999999,0,2.6,0,8.320000017,41.52000003,0,0,0,5.919999998,4.679999977,0,0,0
32_33,0.596273292,136.6335404,3,3,30,5,12,17,8,0,19,284,212.414,223.7343275,95.38055361,51.46138199,41,1.609756098,4063.683872,7.05,20,0.360000006,0,0,0,5.600000006,0,0,20.32000002,18.31999998,5.720000003,0,11.47999999,20.95999999,0,0,0,16.6,0.640000005,0,0,0
32_34,0.463414634,211.9268293,1,0,4,2,0,12,1,0,7,546,155.3711499,403.6211801,80.97796973,41.5431341,32,1.59375,4068.007271,5.183333333,20,0.439999994,0,0,0,0.479999994,0,0,31.11999998,21.00000005,0.119999996,0,1.799999992,44.95999999,0,0,0,0,0.079999997,0,0,0
32_35,0.372340426,252.4148936,0,1,8,2,6,13,1,2,12,146,119.8112781,105.3467655,54.79141794,42.76182181,22,1.272727273,1914.347878,4.172222222,20,0,0,0,0,0.680000001,0,0,6.999999988,51.72000001,0.400000001,12.44000003,0,13.95999997,0,0,0,13.8,0,0,0,0
32_36,0.54,225.44,3,0,12,1,6,3,4,2,6,56,96.19015791,72.2950098,38.1820399,41.38682374,6,2.166666667,1682.528044,2.827777778,19,0.280000008,0,0,0,3.240000013,0,0,11.55999999,42.92,0,30.07999996,0,0,0,0,0,5.76,6.160000028,0,0,0
32_37,0.333333333,429.25,0,1,0,0,0,4,0,0,2,2,91.4471882,4.624799417,11.47635411,40.965,0,1,4.147289769,1.933333333,20,1.159999992,0,0,0,42.88000002,0,0,0,1.719999975,0,0,0,0,0,0,0,0.240000002,54.00000001,0,0,0
32_38,0.142857143,535.7142857,0,1,0,0,0,0,0,0,5,0,89.6020368,6.374929287,12.33783138,39.96862258,0,1,470.021124,0.85,20,0.440000007,0,0,0,53.68000001,0.04,0,0,0,9.8,0,0.040000003,0,0,0,0,8.040000003,27.95999997,0,0,0
32_39,0.25,499.25,0,0,0,0,0,1,0,0,4,2,76.57891563,15.01139191,15.78647119,35.72813976,2,1.5,605.6971172,0.455555556,20,1.239999993,0,0,0,48.31999997,0.48,0,0,0,12.92000003,0,1.119999997,0,0,0,0,8.320000001,27.6,0,0,0
32_40,0.125,472.625,0,1,0,0,0,0,0,0,2,0,45.71614081,27.77872421,23.15008523,26.63968652,0,1,501.0117821,0.505555556,21,24.44000005,0,0,8.720000002,41.47999998,0,0,0,0,11.19999997,0,0,0,0,0,0,7.28,6.880000001,0,0,0
32_41,0.470588235,306.4117647,0,0,0,0,0,0,0,0,0,2,39.36061868,18.68075072,25.48148169,24.10461283,1,4,760.4936042,0.661111111,21,67.07999998,3.120000011,0,0,17.56,2.360000002,0,0,0,0,0,3.64E-09,0,0,0,0,7.600000006,2.279999999,0,0,0
32_42,0.310344828,295,1,0,0,1,0,3,0,0,5,7,37.59386076,16.15162463,26.12958158,23.39989315,9,2.111111111,2644.046646,1.138888889,18,53.76000001,3.559999986,0,0,15.28,0,0,0,4.52,0,0,2.959999997,0,0,0,0,19.92,0,0,0,0
32_43,0.131578947,325.6578947,0,0,1,0,0,5,0,2,7,95,222.4505321,83.34858731,58.80794638,31.38009579,16,1.5625,3351.064228,2.066666667,16,26.75999995,1.84000002,0,0,23.92,1.36,0,0,0,0.64,0,4.240000006,10.75999999,0,0,0,24.28000001,6.200000022,0,0,0
32_44,0.032786885,396.2622951,0,1,0,1,2,7,0,1,5,207,152.782933,63.37216111,83.81013978,23.2998718,9,1.888888889,2015.979143,2.816666667,16,9.120000011,9.839999981,0,0,36.92000002,0,0,0.840000024,0.079999999,1.56,0,1.759999991,14.84000001,0,0,0,17.31999997,7.71999999,0,0,0
32_45,0.06,434.28,0,0,0,0,0,4,0,0,3,224,78.79856386,88.8218019,100.1313546,20.21069954,2,6,2234.389164,3.35,16,29.35999998,6.24000001,0,0,33.28000001,0,0,13.31999999,0,0.8,0,0.92,1.800000001,0,0,0,14.28000001,0,0,0,0
32_46,0.039473684,474.7763158,0,0,1,1,0,4,0,1,2,712,131.3795086,375.3044212,210.9614762,24.84187666,57,1.263157895,4241.730916,3.488888889,16,2.879999975,0.439999993,0,0,6.079999963,0,0,52.16000006,0,0,0,0,36.68000002,0,0,0,1.759999991,0,0,0,0
32_47,0.027027027,427.5405405,0,0,3,0,0,3,1,0,5,497,168.9148646,307.5013245,210.2241683,25.5687473,32,1.71875,3990.076794,3.177777778,16,1.560000005,0,0,0,4.800000013,0,0,26.71999996,0,0,0,0.4,42.03999999,0,0,0,0,24.48000004,0,0,0
32_48,0.063492063,460.6031746,0,1,5,2,0,2,0,0,3,479,68.32263934,157.245208,123.2103038,20.6640627,13,1.923076923,2739.824618,2.972222222,16,0.159999995,0,0,0,5.559999998,0,0,19.59999998,0,0,0,22.32,32.32,0,0,0,0,20.04000002,0,0,0
32_49,0.088235294,399.3235294,0,0,2,1,0,5,0,5,4,70,55.14999192,89.86595999,81.24517235,16.7488536,5,2.2,1237.127686,3.522222222,15,0,0,0,0,6.11999999,0,0,0,0,0,19.72000004,20.20000001,0.44,0,0,0,5.640000005,47.87999995,0,0,0
32_50,0.066666667,361.4444444,0,0,1,4,0,5,0,3,1,198,59.50873049,100.4623058,99.9372412,12.90101256,23,1.695652174,2584.396152,4.761111111,15,0,0,0,0,10.44,0,0,0,0,0,26.51999996,44.68000004,9.520000015,0,0,0,0.799999995,8.039999999,0,0,0
32_51,0.157142857,256.4142857,1,0,1,6,1,6,1,1,9,206,158.9131245,137.9414017,190.915106,22.72507334,17,1.529411765,2166.080649,6.916666667,15,0,0,0,0,1.36,0,0,17.04000007,0,0,34.24,22.51999995,24.83999999,0,0,0,0,0,0,0,0
32_52,0.370588235,239.7941176,1,1,12,2,13,9,1,0,6,922,296.031023,582.1750681,234.4224482,28.65579794,24,1.75,3648.84961,6.961111111,14,0,0,0,0,0,0,0,80.71999997,8.92,0,0,0,9.320000029,0,0,0,0,1.04,0,0,0
32_53,0.565656566,185.4242424,0,3,8,3,1,5,2,2,10,427,190.5397172,229.5373677,172.9100272,30.03840912,17,1.823529412,2656.893798,6.527777778,11,0.040000004,0,0,0,10.76000003,0,0,25.63999996,0,0,0,6.280000019,29.63999997,0,0,0,6.84,20.80000001,0,0,0
32_54,0.652777778,182.6944444,0,2,2,3,1,4,0,2,12,255,119.2194606,67.27726912,167.7793917,26.49128316,31,1.35483871,2933.355838,4.688888889,11,1.519999996,0,0,0,14.43999997,0,0,0.520000005,0,2.08,0,29.32,37.84000004,0,0,0,6.600000003,7.679999988,0,0,0
32_55,0.52,212.48,0,1,2,2,0,4,0,2,2,327,81.74468373,128.8038708,134.3166375,23.19321314,34,1.382352941,3722.226672,3.361111111,10,13.16000004,3.519999999,0,0,3.520000012,0,0,7.159999997,0,0,0,30.47999999,36.11999996,0,0,0,5.320000003,0.72,0,0,0
32_56,0.396226415,259.1132075,0,0,1,0,0,3,0,0,6,193,81.52474418,96.26491706,87.21248036,29.38216371,12,1.583333333,2674.158713,4.911111111,10,35.63999996,0,0,0,8.319999994,1.000000008,0,0,0,4.44,0,27.76000003,4.560000009,0,0,0,13.6,4.679999999,0,0,0
32_57,0.174887892,287.9372197,0,0,0,2,0,2,0,1,4,177,91.13367234,152.8949107,121.3065152,40.40213342,12,1.75,1477.658325,5.761111111,10,25.16,0,0,0,13.48000001,0.999999992,0,0,0,1,0,42.80000001,2.239999988,0,0,0,1.919999996,12.4,0,0,0
32_58,0.284313725,311.3921569,0,0,2,0,0,3,0,0,1,223,104.0446476,81.24211383,46.26872774,46.88277236,17,1.882352941,2397.380785,7.116666667,8,54.60000004,0,0,0,5.119999989,0.639999999,0,0,0,0,0,35.75999996,3.800000006,0,0,0,0,0.080000002,0,0,0
32_59,0.171641791,381.7537313,0,0,0,0,1,4,0,0,2,124,108.4815912,51.87298723,47.99689637,44.42368471,21,1.666666667,1888.584129,6.822222222,7,54.39999998,0,0,0,18.28,1.32,0,0,5.640000018,0,0,13.6,3.68,0,0,0,0,3.079999995,0,0,0
32_60,0.065359477,434.8562092,1,0,6,2,0,5,0,0,8,461,76.35108035,117.1756826,161.0615134,20.81437743,33,1.424242424,3110.282178,5.355555556,7,22.35999997,0,0,0,3.880000008,0.84,0,6.84,2.119999982,0,0,46.72000002,17.12000001,0,0,0,0,0.120000005,0,0,0
32_61,0.090225564,418.2406015,0,1,1,0,0,4,0,2,7,217,91.32928018,60.78876927,145.0920213,18.11277654,19,1.578947368,2536.352661,4.061111111,6,4.999999985,0,0,0,4.999999993,0,0,0,0,0.56,0,18.15999997,29.76000003,0,0,0,0,41.52000003,0,0,0
32_62,0.033707865,431.1123596,13,5,26,4,0,9,8,4,4,426,126.5842803,122.5238454,267.0011667,18.52593404,25,1.88,4079.103733,3.033333333,6,0.8,0,0,0,0,0,0,23.56000004,0,0,0,7.079999991,38.12,0,0,0,0,30.43999997,0,0,0
32_63,0.074626866,442.6268657,4,2,17,4,4,4,9,1,7,519,186.9064666,177.0113955,319.7354785,26.45994908,46,1.543478261,4631.769488,2.305555556,6,0,0,0,0,0,0,0,38.11999996,0,0,0,9.12000002,38.16000002,0,0,0,1.840000007,12.75999999,0,0,0
32_64,0,457.952381,0,1,2,1,0,4,1,1,4,397,51.85113792,105.0559398,227.1227948,13.74084791,33,1.484848485,3431.205801,1.783333333,5,2.000000009,0,0,3.24,1.2,0,0,1.999999987,0,2.800000024,0,50.16,22.83999996,0,1.080000015,0,5.119999994,9.56000001,0,0,0
32_65,0.066666667,497.5333333,0,0,0,0,0,0,0,0,1,7,19.59024048,15.15555455,41.74491366,14.11402777,1,4,765.3791518,0.927777778,4,78.28000004,0,0,0,4.720000004,0,0,0,0,3.119999979,0,4.319999992,0,0,9.559999989,0,0,0,0,0,0
32_9,0.277777778,357.6111111,0,2,2,1,1,0,1,0,0,139,28.08013718,59.25784492,65.68314678,8.892804171,5,1.2,510.7870348,1.238888889,6,70.63999991,0,0,0,5.559999999,0,0,0,0,0,0,21.72000006,2.080000027,0,0,0,0,0,0,0,0
33_10,0.283018868,295.490566,0,1,13,2,11,5,1,1,2,678,159.6494927,294.3478667,238.5588493,24.09093488,32,1.53125,3880.410721,2.633333333,8,8.439999992,0,0,0,0,0,0,26.40000003,6.04,0,0,2.720000016,56.39999996,0,0,0,0,0,0,0,0
33_11,0.516129032,235.516129,6,0,17,6,0,6,8,1,11,628,249.9268725,269.6726186,278.5200647,38.52077164,54,1.37037037,4133.00052,4.038888889,8,1.959999991,0,0,0,0.48,0,0,17.75999997,0,0,0,41.60000004,38.2,0,0,0,0,0,0,0,0
33_12,0.628571429,198.6761905,0,0,5,4,0,3,2,0,6,577,302.3164107,223.1221137,244.2820444,44.56841447,37,1.675675676,4240.329145,4.605555556,8,3.64,0,0,0,0.16,0,0,0,0,0,0,50.79999998,45.40000002,0,0,0,0,0,0,0,0
33_13,0.756410256,171.2179487,5,0,16,2,7,3,9,0,9,538,231.9486333,213.5326628,256.497969,28.25674358,34,1.441176471,3221.003357,4.755555556,10,0,0,0,0,0.24,0,0,3.32,0,0,0,63.95999998,30.44000001,0,0,0,2.040000012,0,0,0,0
33_14,0.806122449,173.1938776,1,2,10,11,0,6,0,1,8,469,162.4661208,177.2568267,234.5006067,30.21417601,31,1.612903226,3426.675575,5.427777778,11,0,0,0,0,4.320000001,0,0,0,0,0,0,10.67999997,77.32000004,0,0,0,7.679999988,0,0,0,0
33_15,0.731707317,200.0569106,0,0,1,4,0,4,0,2,1,283,155.3440946,138.6332573,177.3819089,27.74290379,15,2,2575.18623,6.144444444,12,0.76,0,0,0,1.080000005,0,0,0,0,0,0,28.12,58.35999999,0,0,0,0,11.68000001,0,0,0
33_16,0.540540541,266.4054054,0,3,5,4,2,6,0,0,4,339,292.3200104,178.5985644,239.7673865,33.52574834,25,1.32,2638.072567,4.833333333,14,0,0,0,0,5.200000007,0,0,0,0,0,16.64,5.039999999,56.79999996,0,0,0,7.360000008,8.960000033,0,0,0
33_17,0.43373494,270.253012,0,2,1,0,0,1,0,0,19,160,243.1984096,110.1949342,104.1733233,30.30610013,19,1.684210526,1836.368449,4.638888889,14,0,0,0,0,25.36000002,0,0,4.720000021,0,4.280000002,0,0,24.24000001,0,0,0,3.279999991,38.11999996,0,0,0
33_18,0.125,316,0,0,5,2,0,4,3,0,3,438,181.5197231,255.4583545,225.2329426,26.79610093,26,1.576923077,3649.608946,3.916666667,15,0.6,0,0,0,9.319999968,0,0,26.75999998,0,0,0,22.64000003,40.68000002,0,0,0,0,0,0,0,0
33_19,0.283783784,228.027027,0,0,3,0,0,5,0,2,5,434,135.8325432,199.8078731,210.2980371,27.73506685,25,1.68,3202.69414,4.805555556,15,2.6,0,0,0,3.96,0,0,0,0,0.200000004,0,50.87999998,39.52,0,0,0,0,2.840000015,0,0,0
33_20,0.441666667,204.0916667,2,3,6,3,0,6,3,1,8,274,177.2392352,234.4646653,113.6292081,38.18498637,26,1.653846154,3117.240945,4.983333333,16,1.72,0,0,0,25.40000001,0,0,0,0,1.079999994,0,50.16000002,17.47999999,0,0,0,0,4.159999984,0,0,0
33_21,0.385245902,195.8442623,0,0,1,0,0,2,1,1,6,452,212.9480351,266.9246026,105.9016974,38.96686746,11,1.727272727,1652.453151,5.016666667,16,0,0,0,0,17.67999998,0,0,0,0,0,0,56.48000002,17.96000001,0,0,0,0,7.879999988,0,0,0
33_22,0.50862069,168.6810345,0,0,3,0,0,7,2,0,7,582,196.1653423,269.0164061,241.9208318,27.30702673,22,1.590909091,3087.365298,3.666666667,16,0,0,0,0,11.84,0,0,12.72000001,0,0,0,61.19999998,14.24000001,0,0,0,0,0,0,0,0
33_23,0.563380282,227.4647887,1,3,1,2,0,4,0,1,9,262,125.1649448,151.4613012,119.3430105,27.03676668,19,1.368421053,1738.037036,4.227777778,17,0.599999991,0,0,0,22.92,0,0,0.600000014,0,0,0,67.59999998,8.280000007,0,0,0,0,0,0,0,0
33_24,0.533783784,221.777027,2,2,13,4,0,9,2,2,10,527,193.0605061,194.5783067,171.2074493,22.21230428,34,1.441176471,3452.153855,3.75,17,5.68,0,0,0,1.199999991,0,0,57.04000004,0,0,0,10.31999997,23.08,0,0,0,0.960000003,1.719999997,0,0,0
33_25,0.409090909,281.9204545,3,0,9,7,1,7,0,0,5,445,179.3988203,235.9657959,190.723076,14.87436225,44,1.272727273,3753.098443,3.788888889,17,0,0,0,0,2.919999992,0,0,18.51999996,0,0,0,0,69.56000005,0,0,0,8.760000001,0.239999995,0,0,0
33_26,0.151515152,331.9090909,0,1,2,1,0,2,0,0,3,354,95.28029549,147.1224871,161.9180136,17.15544436,18,1.944444444,3079.913019,2.805555556,19,1.08,0,0,0,0,0,0,0,0,0,0,52.80000004,45.75999996,0,0,0,0.360000002,0,0,0,0
33_27,0.068181818,397.5227273,0,1,6,2,0,5,0,1,3,148,77.50021163,95.41909244,200.4211019,19.09192862,24,1.375,2504.566653,3.994444444,19,0,0,0,0,13.95999999,0,0,0,0,0,1.480000014,67.68,0,0,0,0,0,16.88,0,0,0
33_28,0.136904762,301.047619,4,1,6,7,0,3,1,0,8,241,238.6285063,124.2446961,282.10467,37.87537507,12,2,2400.695376,4.677777778,20,0.6,0,0,0,4.000000012,0,0,22.99999999,0,0,9.439999988,18.55999996,20.48000002,0,0,0,10.20000001,13.72000003,0,0,0
33_29,0.181818182,284.1181818,0,2,5,5,0,4,2,0,2,658,257.6300924,397.9973637,206.0386238,27.86106664,22,1.727272727,2956.067596,6.233333333,20,0.52,0,0,0,0.239999995,0,0,60.84000004,0,0,0.359999993,0.04,30.04000001,0,0,0,0.959999993,6.999999971,0,0,0
33_30,0.335483871,244.8258065,2,0,12,3,1,6,3,0,8,868,395.49679,599.4869438,164.172789,33.61404522,32,1.5625,3498.921929,6.961111111,21,0,0,0,0,2.359999993,0,0,44.27999998,0,0,0,5.519999989,43.64000001,0,0,0,1.000000008,3.200000014,0,0,0
33_31,0.47826087,219.6561265,37,0,86,19,1,12,87,4,16,629,376.1883264,566.5470934,200.3911872,40.6788376,32,1.625,3719.438958,7.794444444,21,0,0,0,0,0,0,0,49.55999997,0,0,0,0,9.840000007,0,0,0,4.719999994,13.28000003,22.6,0,0
33_32,0.392265193,221.9337017,0,2,5,5,2,11,2,0,5,476,251.8739058,347.4957477,181.4472863,47.31512121,46,1.369565217,3564.883608,8.455555556,21,0,0,0,0,0.520000004,0,0,36.03999996,0,0,0,0.280000008,46.20000003,0,0,0,0,16.96,0,0,0
33_33,0.626582278,172.3797468,1,1,26,2,39,12,17,0,12,260,178.5828978,130.2611617,58.91097227,55.5194497,31,1.451612903,3496.840268,6.911111111,21,0.039999999,0,0,0,0,0,0,3.199999978,54.16000004,1.800000017,0,15.6,12.47999997,0,0,0,12.72,0,0,0,0
33_34,0.486725664,204.5575221,1,0,21,1,42,13,6,1,13,128,177.9469179,225.2163316,51.67422635,45.3702108,26,1.576923077,3441.749309,5.983333333,20,0,0,0,0,1.000000001,0,0,12.56000004,73.67999995,3.799999985,0,5.200000008,3.760000015,0,0,0,0,0,0,0,0
33_35,0.419753086,237.9382716,0,0,17,2,18,7,4,1,4,286,183.8968333,159.3555468,50.84558107,43.82214878,22,1.454545455,2890.077175,5.327777778,17,0,0,0,0,1.239999999,0,0,24.75999999,58.03999999,0,0,0,11.80000001,0,0,0,4.160000006,0,0,0,0
33_36,0.460674157,219.6404494,1,0,16,1,14,17,7,1,5,125,119.7015902,171.6247782,42.34975565,44.5200668,14,1.642857143,2207.865006,3.7,18,1.480000018,0,0,0,5.760000014,0,0,12.83999997,59.95999999,0,10.96000001,3.960000002,0,0,0,0,5.04,0,0,0,0
33_37,0.263157895,306.2631579,0,1,0,0,1,5,0,0,0,5,78.28940775,58.16364127,25.41889162,45.35290843,17,1.705882353,2740.637847,2.261111111,19,62.75999998,0,0,0,15.28,0,0,0,2.119999979,0,0,3.159999991,0,0,0,0,0,16.68000005,0,0,0
33_38,0.3,316.4,0,0,0,0,0,4,0,0,2,0,84.86807671,16.82990593,15.62561408,41.18752617,1,4,629.1172644,0.816666667,20,3.639999977,0,0,0,55.40000002,0,0,0,0,0,0,0,0,0,0,0,0,40.96,0,0,0
33_39,0,337.9,0,0,0,0,0,6,0,0,0,1,62.49938845,7.584479988,11.70631689,31.60242482,0,1,524.767961,0.527777778,20,0.6,0,0,2.48,11.15999998,0,0,0,0,4.88000002,0,0,0,0,0,0,0,80.88,0,0,0
33_40,0.083333333,304.5,0,0,0,0,0,6,0,0,1,1,29.88500612,19.08268661,15.57444819,21.20341021,2,2,710.5258319,0.461111111,21,1.640000011,0,0,2.039999998,49.12000005,0,0,0,0,6.439999979,0,0,0,0,0,0,0,40.75999996,0,0,0
33_41,0.214285714,269.2142857,0,2,0,0,0,4,0,0,4,17,37.83517771,17.96282224,24.62576762,22.97525166,7,1.857142857,1304.336453,0.788888889,21,57.48000005,2.280000004,0,0,11.63999995,10.8,0,0,0,6.240000004,0,1.48,0,0,0,0,0,10.08,0,0,0
33_42,0.157894737,320.3684211,0,0,0,0,0,6,0,0,0,1,49.93101102,22.74345922,39.27457993,22.42542946,0,1,210.4079908,1.372222222,19,77.08,0.999999995,0,0,12.11999999,0,0,0,0,0.840000001,0,0,0,0,0,0,8.440000018,0.519999998,0,0,0
33_43,0.290322581,341.0322581,1,0,1,0,0,6,0,3,6,86,42.46987488,55.92471271,72.10447076,16.3844526,12,1.916666667,2068.892581,1.716666667,16,32.31999995,0,0,0,9.72,0,0,0,0,1.919999996,0,9.960000017,16.40000005,0,0,0,10.11999998,19.56,0,0,0
33_44,0.04,343.88,0,0,1,0,1,0,0,0,1,106,16.85550952,46.89975947,46.58067387,12.686,8,2.125,1874.821066,1.827777778,16,32.64000002,0.240000004,0,0,29.40000004,0,0,0,1.880000009,0.080000007,0,2.999999988,24.07999992,0,0,0,8.680000015,0,0,0,0
33_45,0.133333333,430.6666667,0,1,0,0,0,5,0,0,0,12,89.58199853,58.60448846,34.59923438,22.35951736,10,2.2,2135.106111,1.977777778,16,27.80000005,1.16,0,0,51.51999996,0,0,0,5.399999993,0.399999993,0,3.68,0.200000018,0,0,0,9.839999988,0,0,0,0
33_46,0.017241379,540.4655172,0,0,1,1,0,6,0,1,2,390,174.8212428,196.6581287,60.39955984,33.01101218,29,1.482758621,3252.277383,2.483333333,16,26.51999992,0,0,0,9.199999998,1.48,0,10.44000002,3.4,0,0,31.48000004,14.20000002,0,0,0,0,3.28,0,0,0
33_47,0.038461538,499.9038462,2,2,10,6,0,9,4,1,6,637,235.4377301,284.4517967,234.25549,33.90992407,44,1.545454545,4564.546516,2.377777778,16,1.959999995,0,0,0,0.719999997,0,0,7.560000032,0,0,0,26.27999994,62.92000004,0,0,0,0,0.56,0,0,0
33_48,0,497.53125,1,0,0,0,0,2,0,2,7,138,73.9339033,52.1173027,53.2387845,22.80185886,8,1.875,1348.052337,2.272222222,16,3.239999997,0,0,0,19.80000001,0,0,3.479999981,0,0,0,9.960000002,6.559999959,0,0,0,0,56.96000005,0,0,0
33_49,0.0625,380.8125,0,1,2,0,0,1,0,0,2,118,42.27542035,109.457877,101.0060133,13.85918013,11,1.454545455,986.2965611,1.705555556,15,4.88,0,0,0,13.23999999,0,0,0,0,0,0,40.52000005,0,0,0,0,0,41.35999995,0,0,0
33_50,0.093023256,333.4186047,1,0,4,0,0,2,3,4,8,324,55.38353358,145.7106546,182.3518262,11.13450914,20,1.65,3102.078144,1.544444444,15,1.08,0,0,0,3.479999992,0,0,0,0,0,1.120000011,36.71999995,48.52000004,0,0,0,9.080000003,0,0,0,0
33_51,0.351351351,281.972973,1,0,3,2,1,4,2,0,10,290,37.79507901,114.98499,144.7355906,12.17004701,17,2.117647059,3069.403525,2.461111111,13,0.84,0,0,0,0,0,0,5.16,0,0,12.27999999,31.00000002,44.63999998,0,0,0,5.800000003,0.280000008,0,0,0
33_52,0.409836066,247.3934426,1,0,2,1,0,4,2,2,12,194,29.98836182,98.05519629,124.0857883,16.76616018,20,1.65,2250.492338,2.344444444,14,1.36,0,0,0,6.520000004,0,0,0.96,1.64,0,0,28.71999998,19.63999999,0,0,0,5.8,35.36000003,0,0,0
33_53,0.260869565,256,0,0,0,0,0,0,0,0,3,38,18.23598154,34.09235154,64.38489327,15.31043214,3,2,343.5336897,2.45,12,29.00000001,0,0,0,7.320000005,0,0,0,0,0,0,12.52000003,1.639999989,0,0,0,1.759999995,47.75999996,0,0,0
33_54,0.44,256.8,0,0,3,0,0,4,0,1,6,278,8.83813935,47.23699794,131.6383239,13.707,22,1.636363636,3004.543742,1.522222222,12,14.59999999,0,0,0,2.679999991,0,0,0,0,0,0,38.44000002,39.12,0,0,0,5.16,0,0,0,0
33_55,0.4,275.5333333,0,2,2,0,0,1,0,0,0,164,25.40306776,42.80683626,97.39066131,15.86234069,14,1.357142857,1495.786552,1.355555556,12,22.92000003,0,0,0,16.76000002,0,0,0,0,3.68,0,51.19999993,0,0,0.16,0,0,5.280000018,0,0,0
33_56,0.235294118,356.0588235,0,0,0,0,1,0,0,0,1,0,73.05475122,59.34510846,58.01379695,26.22617518,0,0,0,2.844444444,11,59.52000002,0,0,0,19.55999999,0,0,0,0,0,3.93E-09,0,0.040000005,0,0,0,7.48,13.39999998,0,0,0
33_57,0.093333333,359.64,1,0,4,1,2,3,1,2,5,427,70.57228691,156.0095777,102.8829301,28.25593609,23,1.347826087,2346.338554,4.45,9,9.959999971,0,0,0,1.039999991,0,0,0,0,0,11.84,7.240000017,58.48000002,0,0,0,3.560000006,7.88,0,0,0
33_58,0.16091954,361.2758621,4,0,17,10,0,11,3,4,11,427,77.88955906,170.1926243,108.6518462,29.46610244,35,1.485714286,3113.715511,5.333333333,9,9.559999999,0,0,0,0.719999999,4.600000001,0,10.48,2.480000021,0,0,57.16000001,2.95999997,0,0,0,5.959999992,6.080000008,0,0,0
33_59,0.125,378.0833333,0,0,1,0,1,2,0,1,1,307,98.87986021,138.8327954,124.0763261,32.97344175,12,1.916666667,2257.083106,5.138888889,6,30.40000002,0,0,0,11.40000001,0,0,0,2.719999978,0,0,36.39999996,17.52000004,0,0,0,0.04,1.519999992,0,0,0
33_60,0.138211382,392,0,0,4,3,0,3,0,0,6,354,88.98284652,106.9843483,187.9341878,23.62903907,20,1.6,2433.670346,4.244444444,6,25.12000002,0,0,0,2.279999992,0,0,0,0,0,0,18.08,54.51999999,0,0,0,0,0,0,0,0
33_61,0.110091743,377.4954128,0,0,7,0,2,4,0,0,10,320,97.98036147,80.60050656,216.35366,21.4493181,12,1.75,2008.451538,3.655555556,6,27.64000003,0,0,0,3.480000029,0,0,0,0,0,0,27.12,41.75999995,0,0,0,0,0,0,0,0
33_62,0,461.625,0,0,1,0,1,0,0,0,2,46,36.87434965,16.949845,33.60296832,18.3017483,2,3,437.0840395,2.877777778,5,43.03999997,0,0,0,43.31999998,0.400000008,0,1.27E-09,0,0,0,12.60000003,3.81E-09,0,0,0.64,0,2.11E-09,0,0,0
33_63,0.076923077,525.0512821,0,0,2,1,0,2,0,0,2,224,59.19338692,86.59644049,126.8594325,14.50610474,13,1.615384615,1275.567838,1.572222222,5,55.91999997,0.080000004,0,0,2.840000013,5.639999992,0,6.68000002,0,0,0,16.19999998,12.64000001,0,0,0,0,0,0,0,0
33_64,0.043478261,515.2608696,0,1,6,1,1,2,0,0,6,437,36.61311246,131.5018277,225.816899,9.789367459,26,1.423076923,2974.347425,1.138888889,4,10.16,0.319999996,0,0,23.27999997,0,0,18.19999999,0,0.080000003,0,35.16000002,10.36000001,0,0,0,2.440000006,0,0,0,0
33_65,0.125,430,0,0,1,1,0,0,0,0,3,46,25.51254712,38.31661001,86.79645109,10.77183495,1,5,704.1667154,0.722222222,4,77.96000005,0,0,0,7.399999994,0,0,0,0,0.679999997,0,6.359999978,2.799999983,0,0,0,4.799999994,0,0,0,0
33_68,0,430,0,0,0,0,1,0,0,0,0,7,10.83560032,7.025554399,3.708001374,16.48168161,1,1,107.3824369,0.433333333,4,49.12000002,0,0,0,43.99999998,2.32,0,0,3.2,0.92,0,0.44,0,0,0,0,0,0,0,0,0
33_69,0,479.1818182,0,1,5,0,1,0,2,0,1,25,20.77496658,20.69085672,13.48887901,16.35358741,4,2.25,965.9833174,0.361111111,4,60.67999998,0,3.640000006,0,15.43999999,0.360000004,0,0,0,5.28,0,8.560000017,0,0,0,0,6.04,0,0,0,0
33_70,0,549,0,0,1,0,1,4,0,0,3,35,31.79670052,14.51524455,13.44954094,17.3723844,5,2.6,1576.108769,0.311111111,4,16.71999997,0,0,0,30.56000002,2.079999996,0,0,0,8.759999996,0,19.88000001,0,0,12.64,0,9.360000013,0,0,0,0
33_9,0.1,326.1333333,0,1,0,0,0,3,1,0,3,174,39.91254591,91.80284133,69.96358646,11.78657166,16,1.6875,2154.928084,0.905555556,7,56.27999999,0,0,0,7.31999999,4.12,0,0,0,0,0,6.119999986,21.84000004,0,0,0,4.319999995,0,0,0,0
34_10,0.277777778,298.4722222,1,0,4,0,0,6,1,0,5,382,105.2414815,144.4947057,255.5207489,19.48342325,23,1.52173913,2846.63475,2.655555556,8,4.359999986,0,0,0,3.999999995,0,0,21.76000003,0,0,0,7.680000012,22.56,0,0,0,6.96,32.67999997,0,0,0
34_11,0.361344538,286.8571429,0,0,3,8,0,4,0,0,6,666,205.1499105,274.840626,280.3761272,35.43319686,49,1.408163265,4533.023246,3.622222222,8,1.76,0,0,0,0.760000009,0,0,34.59999997,0,0,0,19.64000003,40.79999999,0,0,0,1.959999995,0.480000009,0,0,0
34_12,0.392156863,263.1862745,0,1,2,0,1,3,0,0,5,381,293.6846701,193.8976726,127.9163313,54.80141791,20,1.45,2200.672187,4.122222222,8,0,0,0,0,7.279999994,0,0,0,0,0,0,61.76,22.16000001,0,0,0,0,8.799999991,0,0,0
34_13,0.546511628,239.4534884,0,1,3,2,0,2,0,1,7,533,268.5955555,459.9333648,177.9446184,36.18011044,31,1.387096774,3123.059266,3.927777778,9,0,0,0,0,4.92000001,0,0,20.16,0,0,0,50.96,23.95999999,0,0,0,0,0,0,0,0
34_14,0.708333333,233.8833333,1,1,9,0,0,6,3,0,5,432,235.1157862,301.8488715,139.7791514,35.62290982,28,1.428571429,2723.392058,3.655555556,11,0.64,0,0,0,19.31999999,0,0,0.119999995,0,0,0,38.15999994,33.48000007,0,0,0,7.68,0.6,0,0,0
34_15,0.669724771,205.3669725,1,1,4,4,0,2,0,0,5,466,232.5030352,296.4103155,234.5703907,33.93008538,34,1.529411765,3928.087663,4.5,12,2.600000001,0,0,0,0,0,0,0,0,0,0,10.92000003,86.47999997,0,0,0,0,0,0,0,0
34_16,0.555555556,278.0694444,0,0,9,0,0,5,1,1,9,351,280.3160808,191.3107511,235.2622241,31.16221438,25,1.6,3271.901395,4.222222222,14,0.719999998,0,0,0,8.120000006,0,0,0,0,0,0,39.55999999,37.44,0,0,0,0,14.16000001,0,0,0
34_17,0.25,302.8472222,0,0,1,1,0,5,0,2,5,269,217.2940127,153.772769,166.0797805,29.7234387,33,1.666666667,4222.122074,4.088888889,15,0.960000001,0,0,0,16.84000002,0,0,2.119999998,0,0,0,52.44000001,20.99999998,0,0,0,5.600000004,1.039999988,0,0,0
34_18,0.214285714,314.7,0,0,4,4,0,7,0,0,8,133,285.6279228,179.1273177,428.593015,40.48419714,28,1.642857143,3508.155171,3.094444444,15,2.599999999,0,0,0,13.84,0,0,14.96,0,0,6.52,23.40000001,29.47999998,0,0,0,6.639999996,2.560000012,0,0,0
34_19,0.305084746,268.3728814,0,0,1,0,0,6,0,3,4,262,114.9255947,83.20466467,133.7942808,31.06952374,14,2.071428571,2616.092343,4.311111111,15,1.28,0,0,0,6.239999979,0,0,0,0,0.080000004,2.04,71.32000003,0.920000001,0,0,0,0,18.11999999,0,0,0
34_20,0.365853659,265.6829268,1,0,8,1,0,8,0,0,9,453,126.9196131,222.2694528,131.6221729,28.67285233,38,1.421052632,4238.392437,4.477777778,16,3.8,0,0,0,9.360000015,0,0,1.680000009,0,0.399999997,0,67.51999995,15.00000003,0,0,0,0,2.239999998,0,0,0
34_21,0.221052632,255.7052632,1,0,5,0,0,5,2,0,3,999,155.7413453,270.3824844,168.4122158,23.88485286,52,1.461538462,5755.309382,4.961111111,17,0,0,0,0,3.959999989,0,0,4.039999991,0,0,0,30.04000004,57.47999997,0,0,0,0,4.48000001,0,0,0
34_22,0.443298969,214.5773196,3,1,6,3,0,7,2,0,8,582,254.9020651,224.8267762,154.1062065,27.37957042,34,1.529411765,4187.293043,4.905555556,17,2.4,0,0,0,17.72000002,0,0,0,0,0,0,66.11999998,13.75999999,0,0,0,0,1.19E-09,0,0,0
34_23,0.271186441,269.779661,1,1,4,1,0,3,1,0,6,289,280.8472425,177.1569289,145.8413247,29.70595503,27,1.518518519,2936.753716,6.083333333,17,2.56000001,0,0,0,33.79999998,0,0,5.560000006,0,1.159999995,0,14.72000002,26.75999998,0,0,0,8.000000003,7.439999999,0,0,0
34_24,0.343023256,296.7034884,16,0,44,10,3,17,6,3,11,366,263.0201123,194.0924149,234.1862847,21.57515006,33,1.727272727,3447.838236,4.988888889,17,0.039999999,0,0,0,0,0,0,53.72000005,0,0,0,24.11999995,4.15999999,0,0,0,6.279999996,11.68000001,0,0,0
34_25,0.3,308.9555556,2,1,18,2,1,10,3,4,3,560,218.8504972,317.0889132,218.2512716,15.60956974,30,1.766666667,3736.267523,4.211111111,18,1.2,0,0,0,0.4,0,0,52.87999993,0,0.760000003,0,3.120000009,40.68000006,0,0,0,0,0.960000002,0,0,0
34_26,0.064516129,396.4516129,1,0,2,4,0,6,1,1,3,331,92.12641174,149.1359301,112.9169585,20.30517181,20,1.65,2521.916492,2.933333333,18,0.68,0,0,0,12.12000002,0,0,0,0,0.119999997,0,47.76000003,23.39999997,0,0,0,0,15.91999998,0,0,0
34_27,0.142857143,329.4714286,0,0,3,3,0,1,0,1,3,137,135.1168179,100.1084727,101.9086381,19.59886217,17,1.588235294,2111.989516,4.055555556,19,0,0,0,0,33.07999999,0,0,0,0,0,0,61.52,5.40000001,0,0,0,0,0,0,0,0
34_28,0.239726027,278.0821918,7,0,11,10,1,5,5,0,5,308,357.595247,221.9841649,150.0437719,32.28769495,29,1.413793103,2803.250908,5.122222222,21,0,0,0,0,12.44,0,0,18.68,0,0,15.28000004,11.79999998,36.63999998,0,0,0,5.160000001,0,0,0,0
34_29,0.278846154,239.2884615,0,1,2,5,0,10,0,3,9,358,268.6131358,290.3887082,149.7500875,29.34762594,29,1.517241379,3119.800846,7.383333333,21,1.24,0,0,0,7.320000002,0,0,15.36000005,0,0,14.51999997,3.960000007,38.03999995,0,0,0,6.880000005,12.68000001,0,0,0
34_30,0.315315315,239.0540541,0,2,4,1,2,5,0,1,0,744,232.4908353,793.4303113,124.8361064,30.78463808,39,1.692307692,4042.04353,8.205555556,21,0.4,0,0,0,8.359999989,0,0,50.64000002,0,0,0,37.40000001,0,0,0,0,0.239999994,2.959999989,0,0,0
34_31,0.32748538,217.9473684,7,1,14,9,1,8,16,1,6,804,101.4134514,954.3895033,165.4612908,34.1430625,44,1.568181818,4445.445677,8.627777778,21,0,0,0,0,0.92,0,0,67.72000002,0.639999996,0,0,6.91999999,15.36,0,0,0,7.999999992,0.44,0,0,0
34_32,0.4,212.3238095,1,2,11,5,7,13,5,1,9,585,33.21017097,616.2734312,121.6025096,56.97603777,43,1.651162791,4892.720147,7.366666667,21,0,0,0,0,0,0,0,71.28000001,16.75999998,0,0,0,2.160000003,0,0,0,7.680000008,2.120000001,0,0,0
34_33,0.4,179.664,1,0,10,2,15,7,6,1,11,89,42.65421857,156.847164,18.67490271,59.25582299,22,1.727272727,2305.550982,5.955555556,20,1.160000001,0,0,0,1.560000008,0,0,4.439999977,72.88000002,2.600000001,0,0,6.159999999,0,0,0,11.19999999,0,0,0,0
34_34,0.583333333,148.8928571,1,0,14,0,25,10,3,0,13,141,179.2802717,135.9181624,43.5055281,53.36276244,18,1.611111111,2489.578593,6.466666667,20,0,0,0,0,5.119999995,0,0,4.800000008,68.71999997,0,0,11.08000003,0.279999996,0,0,0,9.999999995,0,0,0,0
34_35,0.695238095,164.852381,4,0,17,3,0,6,9,1,4,1152,432.4277509,799.6490929,236.9774487,45.70596845,24,1.75,3975.486259,6.022222222,18,0,0,0,0,0.839999995,0.52,0,83.68000001,4.840000022,0,0,7.799999968,0,0,0,0,2.320000004,0,0,0,0
34_36,0.619354839,181.9935484,1,1,7,1,4,5,2,1,10,472,214.2342835,190.9124671,120.6508865,44.5391737,33,1.606060606,2853.494442,5.588888889,18,0,0,0,0,9.240000002,0,0,36.63999996,0.120000001,0.56,0,28.56000005,0,0,0,0,13.07999999,11.8,0,0,0
34_37,0.488888889,236.8222222,0,0,2,2,0,4,0,0,2,518,84.86869412,179.591019,163.0445275,41.24117754,17,1.823529412,2830.628432,3.6,17,27.28000003,0,0,0,5.160000003,0,0,22.91999998,0,0,0,10.59999996,29.96,0,0,0,0,4.080000032,0,0,0
34_38,0.256410256,265.7692308,0,0,0,0,0,2,0,1,1,75,66.52987928,55.17256543,21.42516194,44.61017718,3,2.333333333,566.1752704,1.477777778,18,30.92000002,0,0,0,19.00000002,0,0,2.319999988,0,0,0,0,10.67999997,0,0,0,0,37.08,0,0,0
34_39,0.571428571,430.5714286,0,0,0,0,0,1,0,1,1,5,10.27991315,13.04994993,11.84801805,14.96207942,0,1,567.1858369,0.672222222,19,12.39999997,0,0,0,33.23999999,0,0,0,0,0.56,0,2.239999997,0,0,0,0,0,51.56000004,0,0,0
34_40,0,437.25,0,0,0,0,0,0,0,0,2,0,15.38075149,15.30334981,12.84565605,15.62825333,0,1,533.1830951,0.522222222,20,1.8,0,0,0,39.27999998,0,0,0,0,8.480000062,0,0,0,0,0,0,0,50.43999996,0,0,0
34_41,0.133333333,427.1333333,0,2,0,0,0,1,0,0,2,3,60.11087747,37.40232381,20.72932445,25.20828497,1,1,25.7364115,0.938888889,19,0,0,0,0,44.32000004,0,0,0,0,31.75999994,0,1.77E-09,0,0,0,0,2.52000002,21.4,0,0,0
34_42,0.052631579,384.6578947,1,1,5,2,0,5,1,0,2,273,62.17098651,92.33295551,72.58315258,24.48960652,15,1.6,2315.766041,1.455555556,18,4.520000005,0,0,0,18.67999998,0,0,0,0,2.879999993,0,31.80000001,16.48000005,0,0,0,5.359999979,20.27999999,0,0,0
34_43,0.092307692,336.9076923,6,1,6,1,0,9,4,0,10,680,65.30117319,216.9016629,287.0538421,19.58273867,36,1.527777778,4174.232448,1.605555556,18,0,0,0,0,2.799999981,0,0,11.08,0,1.10E-10,0,14.15999998,65.52000004,0,0,0,6.439999997,0,0,0,0
34_44,0.176470588,347.4705882,0,0,1,0,0,3,0,0,5,439,19.68312025,176.3260685,214.5760215,13.4395235,18,1.611111111,2503.465691,1.666666667,17,4.920000051,0,0,0,3.520000004,0,0,7.160000004,0,0,0,0,84.39999994,0,0,0,0,0,0,0,0
34_45,0.2,413.3,0,0,0,0,0,3,0,0,7,54,46.78120381,49.79921599,57.14084984,18.11751172,8,1.75,2249.508293,1.561111111,16,35.27999998,4.8,0,0,25.68000008,0,0,0.359999991,0,0.440000002,0,0,12.59999995,0,0,0,20.84,0,0,0,0
34_46,0.03125,546.34375,0,0,0,0,0,1,0,0,1,222,111.9513558,147.9630819,49.8314789,23.84999517,16,1.1875,1158.59582,1.877777778,16,15.15999997,0,0,4.08,44.03999993,0,0,0,0,2.4,0,31.68000007,0,0,0,0,0,2.64000003,0,0,0
34_47,0.06557377,543.6393443,0,0,2,1,1,2,1,0,7,280,178.6927249,173.6151396,123.3513024,26.58807668,20,1.45,2192.12224,1.655555556,16,3.600000017,0,0,0,9.04000001,0,0,0,0,2.440000001,0,36.63999999,18.92000002,0,0,0,0,29.35999996,0,0,0
34_48,0,494.25,0,0,0,0,0,0,0,0,7,97,46.1576883,56.37209273,76.05583769,15.32394521,12,1.5,1487.94649,1.672222222,16,21.87999999,0,0,0,20.4,0,0,0,0,0.479999997,0,20.84000002,0,0,0,0,1.35E-09,36.39999999,0,0,0
34_49,0.04,408.32,0,0,3,0,0,3,0,0,14,280,44.70441431,124.4937441,172.9285966,8.959969363,21,1.619047619,2863.308238,1.338888889,15,0.44,0,0,0,3.559999995,0,0,1.83E-14,0,0.68,0,80.75999996,6.800000047,0,0,0,6.800000002,0.959999995,0,0,0
34_50,0.090909091,365.2424242,0,0,1,4,0,1,0,0,4,250,33.03157209,131.4295699,199.0692747,8.018456984,20,1.8,2775.403265,1.338888889,15,0.480000007,0,0,0,6.92,0,0,12.92000003,0,2,0,0.879999991,75.99999998,0,0,0,0.799999996,0,0,0,0
34_51,0.277777778,323.6111111,0,0,3,0,0,6,0,1,5,299,15.74975112,104.9140742,156.5984474,7.133404309,24,1.583333333,3050.992011,1.477777778,14,3.519999993,0,0,0,0,0,0,27.39999997,0,0,0,11.12,47.19999997,0,0,0,0,10.76000007,0,0,0
34_52,0,309.3333333,0,1,0,0,0,0,0,2,1,2,14.51463636,45.2670754,64.23290166,10.09584707,1,2,46.51699913,1.166666667,13,0,0,0,0,9.24,0,0,0,0,0,0,0,0,0,0,0,0,90.76,0,0,0
34_53,0,387,0,0,0,0,0,0,1,1,2,5,8.83813935,3.590706386,14.36282554,13.707,1,1,149.7190191,0.905555556,12,42.16000002,0,0,0,8.360000009,0,0,0,0,4.08,0,2.720000015,0,0,0,0,0,42.67999995,0,0,0
34_54,0.333333333,269.1111111,1,1,0,0,0,1,0,0,2,43,8.83813935,3.590706386,14.36282554,13.707,10,1.7,1184.622205,0.483333333,11,54.92000003,0,0,0,1.879999991,1.2,0,0,0,0,0,23,0,0,0,0,6.96,12.03999998,0,0,0
34_55,0.25,509.75,0,0,0,0,0,0,0,0,1,2,10.90459262,11.13702129,27.56910525,14.17216954,0,1,9.565422638,0.594444444,11,63.59999998,0,0,0,10.84000003,0,0,0,0,1.520000003,0,2.239999988,0,0,21.8,0,0,0,0,0,0
34_56,0,443.7857143,2,1,0,0,0,1,0,1,4,63,56.82216899,42.72044438,25.84670007,25.07752736,4,2.75,766.2859569,1.388888889,9,42.43999997,0,0,0,22.23999998,1.4,0,0,0,1.759999999,0,9.120000021,4.560000029,0,0,0,7.56,10.92,0,0,0
34_57,0.076923077,414.6666667,2,0,5,0,0,3,0,0,3,319,62.02394129,94.01952207,70.75638324,27.74583431,16,1.875,2631.689002,2.444444444,9,37.16000001,0,0,0,1.079999997,3.80000001,0,0.040000001,0,1.359999999,0,33.67999998,19.99999997,0,0,0,0,2.880000026,0,0,0
34_58,0.04,414.552,3,3,9,0,1,5,2,1,2,401,122.3970975,147.3370333,187.5428594,27.74126792,18,1.722222222,2740.146048,2.727777778,8,6.000000003,0,0,0,3.079999997,2.639999989,0,0.72,1.18E-17,0,0,21.72000002,41.00000001,0,0,0,0.800000007,24.03999997,0,0,0
34_59,0.224489796,353.2653061,0,1,5,3,1,1,0,3,4,351,80.6590327,167.3590135,211.8200969,18.95585947,34,1.352941176,2920.095764,3.25,5,3.759999979,0,0,0,7.239999995,0,0,0,1.10E-09,0,0,16.84,50.52000002,0,0,0,5.680000001,15.96000001,0,0,0
34_60,0.24,307.92,5,0,11,2,2,9,3,1,11,544,124.8798637,198.3903695,256.8127114,19.61296048,34,1.617647059,3778.44504,2.766666667,5,0,0,0,0,0,0,0,13.72000001,0,0,0,2.839999996,79.60000002,0,0,0,3.359999994,0.479999988,0,0,0
34_61,0.109375,343.65625,3,2,7,3,1,4,2,0,11,515,129.8151057,168.2897292,255.5622452,24.71209768,40,1.5,3783.641417,2.211111111,5,4.160000032,0,0,0,0,0,0,8.599999984,0,0,10.59999999,28.80000003,40.59999996,0,0,0,0,7.24,0,0,0
34_62,0,382.0714286,0,0,0,0,0,0,0,0,0,9,32.61925797,7.684825708,12.2469229,28.24461047,1,2,90.38842033,1.533333333,5,95.24000004,0,0,0,0,0,0,0,0,0,0,4.43999997,0.319999991,0,0,0,0,0,0,0,0
34_63,0,544,0,0,0,0,0,0,0,0,0,0,16.79385181,7.181554271,6.710567726,14.34997745,0,0,0,0.805555556,4,93.83999998,0,0,0,5.160000009,0,0,0,0,1.000000015,0,0,0,0,0,0,0,0,0,0,0
34_64,0.076923077,536.7692308,0,1,0,0,0,0,0,0,0,0,12.20056373,7.34500877,5.283251922,9.755,0,0,0,0.727777778,4,43.79999995,3.080000017,0,0,19.08000001,0,0,0,0,26.51999998,0,0.800000006,0,0,0,0,0,0,0,0,6.72000004
34_65,0,374.2777778,0,0,1,0,1,0,0,1,6,9,12.22059156,7.35435957,5.300153352,9.759787986,1,3,568.2302493,0.744444444,4,22.16000001,23.43999999,0,0,8.520000021,0,0,0,8.000000013,5.320000004,0,6.280000001,0,0,0,0,4.880000008,0,0,0,21.39999995
34_66,0.052631579,366.0526316,0,1,11,0,6,8,1,0,2,27,18.4373721,10.25691435,10.54647713,11.24601298,5,1.6,736.5485632,0.605555556,4,24.72000004,0.999999988,0,0,22.96,0,0,2.960000004,35.03999998,4.319999995,0,0,1.959999999,0,5.6,0,1.439999992,0,0,0,0
34_67,0,423.1818182,0,0,4,0,2,2,0,0,1,16,24.98726824,11.84706001,8.750428398,16.98532512,0,1,678.2867227,0.577777778,4,54.04000002,0,0,0,30.56000002,0,0,0.679999995,14.15999998,0.04,0,0,0,0,0,0,0,0.519999995,0,0,0
34_68,0,418.3529412,0,1,0,0,0,0,0,0,0,6,32.60379488,16.16010989,12.6180395,21.74705238,10,1.9,852.612661,0.611111111,4,45.99999998,0,0,0,41.83999996,1.16,0,0,0,0,0,3.160000019,0,0,1.4,0,6.440000038,0,0,0,0
34_69,0,487.4358974,5,1,8,1,0,8,1,1,15,273,221.7454157,285.6819879,254.41834,35.1604624,45,1.244444444,3869.065143,0.4,4,2.080000004,0,0,0,4.600000017,0,0,0,0,1.479999999,0,86.92000002,0,0,2.58E-09,0,1.839999959,3.079999999,0,0,0
34_70,0,532,0,1,0,1,0,1,0,3,4,25,66.50118702,33.11461354,40.67452815,22.96164496,7,2.142857143,1764.669856,0.366666667,4,0,0,0,0,17.67999999,0,0,0,0,30.88000004,0,5.63999996,0,0,11.4,0,17.24,17.16,0,0,0
34_9,0,317,0,0,0,0,0,2,0,0,1,11,6.238075064,9.061787917,14.45077682,12.98470847,1,4,340.7929239,1.083333333,7,84.63999996,0,0,0,6.919999998,0,0,0,0,0,0,0,2.000000012,0,0,0,1.880000006,4.560000029,0,0,0
35_10,0.202898551,353.2463768,0,0,2,1,0,2,1,2,8,417,243.7286871,198.4918063,205.2943763,47.21844958,42,1.30952381,3360.074998,3.866666667,8,5.079999971,0,0,0,5.08,0,0,0,0,0,0,12.76,44.64000004,0,0,0,0,32.43999999,0,0,0
35_11,0.276190476,316.6761905,1,0,9,3,0,4,7,1,4,702,209.9971611,274.6395239,228.5221893,36.70603496,52,1.423076923,5060.347749,4.938888889,8,0,0,0,0,3.68,0,0,10.56000001,0,0,0,13.71999998,65.84000001,0,0,0,6.2,0,0,0,0
35_12,0.179775281,301.1685393,0,0,5,1,0,4,1,0,4,638,197.8005589,271.804592,298.1606298,29.06949189,47,1.382978723,4026.917926,4.427777778,8,8.66E-11,0,0,0,7.160000003,0,0,1.159999986,0,0,0,24.48000002,67.19999999,0,0,0,0,0,0,0,0
35_13,0.432835821,253.9402985,1,0,5,2,0,4,2,1,8,613,409.7541331,332.0964806,263.9730593,46.69469658,54,1.425925926,4508.651574,3.227777778,10,1.599999999,0,0,0,4.519999998,0,0,17.67999999,0,0,0.280000012,38.07999997,37.20000003,0,0,0,0,0.639999999,0,0,0
35_14,0.479166667,232.1041667,4,0,3,2,0,2,2,0,7,179,189.6486343,184.4693711,109.4218006,27.03395974,16,1.875,1909.132774,3.6,10,0,0,0,0,42.4,0,0,0,17.20000001,0.84,7.239999988,4.679999995,20.32000001,0,0,0,7.320000004,0,0,0,0
35_15,0.612244898,180.1428571,0,0,3,2,1,6,0,1,10,498,260.5750647,287.3513511,290.3040257,25.8108536,30,1.533333333,3508.704317,4.061111111,12,0.200000006,0,0,0,0,0,0,0,0,0,0,27.12000005,70.63999994,0,0,0,0.079999997,1.96,0,0,0
35_16,0.56097561,220.7804878,0,1,1,1,0,3,0,0,2,327,200.1368883,114.1095469,209.097026,25.61881082,24,1.416666667,2240.493552,3.744444444,13,0.479999994,0,0,0,1.72,0,0,0,0,0,0,58.27999999,10.63999998,0,0,0,0,28.88000003,0,0,0
35_17,0.375,264.7916667,0,0,2,2,0,4,1,0,5,446,180.9049732,129.1758138,203.64375,30.11716301,30,1.333333333,3164.160717,3.594444444,15,0,0,0,0,1.56,0,0,0,0,0,0,86.84000002,4.240000015,0,0,0,0,7.359999964,0,0,0
35_18,0.471698113,291.3962264,0,3,2,3,0,3,0,2,12,175,137.3175873,85.69969665,144.1849309,26.52783591,17,1.588235294,1809.815603,3.961111111,15,0,0,0,0,21.88000003,0,0,0,0,3.44,0,44.19999998,10.39999999,0,0,0,1.360000005,18.72,0,0,0
35_19,0.515625,290.015625,0,1,3,4,0,6,0,0,6,133,128.8803542,83.77689065,96.89052794,24.16287817,21,1.428571429,2368.652364,5,15,0.600000005,0,0,0,17.31999997,0,0,0,0,0,29.12000001,45.52000002,0,0,0,0,7.44,0,0,0,0
35_20,0.565217391,270.2608696,0,1,3,1,0,6,0,2,4,431,210.4645592,173.4489561,229.3538486,20.14829048,29,1.448275862,3102.850263,5.411111111,16,1.959999995,0,0,0,3.56,0,0,26.52000003,0,0,0.679999989,54.07999999,0,0,0,0,3.079999994,10.12,0,0,0
35_21,0.247311828,222.6021505,0,1,3,2,1,4,0,0,4,302,175.5975547,182.1534433,130.858936,17.87461339,19,1.526315789,1967.731245,5.766666667,17,0.68,0,0,0,13.08,0,0,14.59999997,1.999999999,0.4,0,22.60000003,0,0,0,0,2.600000002,44.04,0,0,0
35_22,0.493243243,214.7162162,3,0,9,6,3,10,8,1,12,457,221.6665097,172.8873012,124.2789152,27.25302005,35,1.485714286,2901.697331,5.911111111,17,0,0,0,0,16.16,0,0,0,0,0,0.36000001,58.07999996,10.44000003,0,0,0,9.400000003,5.55999999,0,0,0
35_23,0.329608939,254.698324,0,0,3,4,0,4,0,0,8,413,344.9259388,253.6037977,115.3740331,30.56702462,39,1.358974359,3915.556032,6.961111111,17,0,0,0,0,1.319999996,0,0,0.52,0,0.640000005,35.43999997,3.919999992,55.08000002,0,0,0,3.079999995,2.37E-08,0,0,0
35_24,0.201219512,323.8658537,0,3,8,0,0,5,3,1,4,281,405.8288056,228.0613856,251.9450339,27.00536102,29,1.517241379,3178.519823,6.311111111,18,0,0,0,0,0.76,0,0,12.84000005,0,0,0.039999998,25.67999999,41,0,0,0,0,19.67999996,0,0,0
35_25,0.151515152,333.3737374,39,2,74,24,7,19,34,5,9,666,402.8989624,267.4600327,225.1862861,16.32234153,48,1.541666667,4414.660694,4.327777778,18,0,0,0,0,0,0,0,85.88000001,0,0,0.079999998,0.960000019,11.19999996,0,0,0,0,1.880000009,0,0,0
35_26,0.173913043,316.5652174,0,1,6,1,0,3,2,1,2,155,52.96964286,136.2848812,115.6421978,14.44780266,13,1.923076923,1951.249036,2.983333333,18,0,0,0,0,26.52000002,0,0,2.919999973,2.24,0.44,0,53.24,8.839999989,0,0,0,0,5.800000013,0,0,0
35_27,0.432098765,257.4814815,3,0,6,6,0,3,0,1,6,212,196.9132976,181.1260388,211.8934873,16.4586287,39,1.512820513,3810.529076,4.072222222,19,0.44,0,0,0,4.879999995,0,0,2.160000042,0,0,0,39.4,47.23999997,0,0,0,3.720000008,2.159999991,0,0,0
35_28,0.352941176,235.1519608,0,2,7,5,0,6,0,0,4,290,582.195353,301.5330544,188.1824543,30.66149073,26,1.653846154,3270.093962,4.772222222,20,0,0,0,0,4.000000001,0,0,50.87999998,0,1.840000005,0,6.000000005,36.20000002,0,0,0,1.079999991,0,0,0,0
35_29,0.425531915,215.1843972,1,0,4,2,0,2,1,1,0,428,262.3151372,302.2535687,152.4319823,31.61527914,20,1.55,3064.642723,7.2,21,0,0,0,0,11.24,0,0,30.31999998,0,2.039999982,0,12.03999997,44.36000006,0,0,0,1.91E-09,0,0,0,0
35_30,0.707482993,168.0102041,0,1,3,7,0,7,1,0,6,721,357.8930961,607.9033806,214.3051697,39.78927607,29,1.827586207,3953.053703,7.283333333,21,0,0,0,0,1.480000003,0,0,67.12000006,0,0,0,7.879999998,3.439999966,0,0,0,6.719999999,13.35999997,0,0,0
35_31,0.558232932,158.2570281,22,1,36,7,1,9,33,4,6,662,335.3460192,638.5823176,187.6666657,46.03036296,29,1.689655172,3842.114057,9.9,21,0,0,0,0,0.760000005,0,0,55.27999994,22.44000004,0,0,4.519999996,0,0,0,0,5.520000011,11.48000001,0,0,0
35_32,0.53,171.27,0,0,7,0,15,6,6,0,2,112,58.12968501,106.0713453,21.68320933,59.07104966,14,2.428571429,1964.129779,10.03888889,20,0.640000002,0,0,0,3.280000005,0,0,5.199999998,55.20000001,3.920000001,0,0.159999995,11.96,0,0,0,18.8,0.83999999,0,0,0
35_33,0.516853933,196.6741573,1,2,4,0,5,3,0,1,8,134,76.19544244,162.8271424,31.35375804,59.87244524,12,1.416666667,1909.263284,8.772222222,19,0.839999998,0,0,0,25.56,0,0,8.600000002,29.12000003,0.119999998,0,9.880000021,4.91999997,0,0,0,13.03999999,7.919999995,0,0,0
35_34,0.693430657,129.9708029,0,2,8,2,31,6,7,2,4,349,116.093869,261.9964603,98.34875838,53.4264001,27,1.444444444,2893.329607,8.511111111,19,0.76,0,0,0,5.079999997,0,0,21.52000002,35.56,0,0,3.039999973,15.52000002,0,0,0,12.88,5.639999994,0,0,0
35_35,0.725099602,92.48605578,0,0,16,10,4,16,8,2,7,498,331.7595526,382.946592,192.5931933,50.78580375,36,1.555555556,3701.593384,8.3,19,0.160000002,0,0,0,0,0,0,59.16000003,0,0,0,0,35.19999997,0,0,0,5.48,0,0,0,0
35_36,0.689655172,108.8505747,0,0,3,0,1,7,0,0,2,875,334.8630673,528.6126039,343.5054299,41.03759904,31,1.774193548,4657.184155,8.305555556,18,0.519999998,0,0,0,0,0,0,88.15999999,0,0,0,2.72E-09,0,0,0,0,5.520000012,5.8,0,0,0
35_37,0.635036496,180.459854,0,0,7,1,0,6,3,0,8,713,246.2319612,453.4674388,181.8013921,40.92850515,24,1.708333333,3216.559058,5.194444444,18,0,0,0,0,2.28,0,0,48.95999995,0,0,0,0,11.52000001,0,0,0,8.039999992,29.20000005,0,0,0
35_38,0.24,277.44,0,0,0,0,0,1,0,0,0,27,97.20594563,55.03848122,44.94170336,34.90982034,1,3,89.35511122,3.177777778,18,57.24000003,0,0,0,19.88000002,0,0,0,0,0,0,0,4.560000003,0,0,0,0,18.31999995,0,0,0
35_39,0.153846154,385.7692308,0,0,1,0,0,0,0,0,0,2,8.91753424,32.72903985,38.04474215,14.244,1,1,118.9837524,1.566666667,19,31.47999996,0,0,0,31.19999999,0,0,0,0,1.600000013,0,1.320000003,0,0,0,0,0,34.40000003,0,0,0
35_40,0.125,401.375,0,0,0,0,0,0,0,0,1,4,9.149985279,13.72906258,13.64923792,14.29012838,0,1,13.89537103,1.105555556,18,0.760000012,0,0,0,37.44000003,0,0,0,0,2.279999985,0,0,1.080000005,0,0,0,0,58.43999997,0,0,0
35_41,0,470.9333333,0,0,0,0,0,0,0,1,2,17,59.07713657,61.31233917,60.50039377,22.43523742,1,3,852.3519775,1.616666667,19,33.28000001,3.53E-09,0,0,38.59999998,0,0,0,0,4.28,0,0.960000002,2.080000011,0,0,0,7.039999995,13.76,0,0,0
35_42,0.101694915,377.3898305,2,1,7,5,0,5,1,0,7,545,98.34877642,255.8296706,259.232541,22.65203401,35,1.485714286,4341.398981,1.933333333,18,4.079999974,0.999999997,0,0,1.639999984,0,0,6.920000021,0,0,0,9.280000007,75.68000004,0,0,0,0,1.399999981,0,0,0
35_43,0.068181818,417,1,0,3,1,0,5,0,0,2,673,83.43960313,215.860301,338.4504469,18.06413608,45,1.355555556,4081.987366,2.4,18,0,0,0,0,9.760000004,0,0,14.07999998,0,0,0,0,74.6,0,0,0,1.560000022,0,0,0,0
35_44,0.025641026,380.2051282,0,1,5,2,0,3,0,0,5,264,35.64968871,97.00366361,157.1164843,16.52827018,31,1.290322581,2532.933246,2.083333333,17,0.56,0,0,0,18.88000003,0,0,0.560000005,0,2.480000013,0,0,62.63999997,0,0,0,4.679999978,10.2,0,0,0
35_45,0.02173913,472.5869565,0,0,2,0,0,5,0,0,3,94,32.38359085,32.49598332,35.9411287,16.54008487,10,1.8,2504.376716,1.6,17,20.72000004,0,0,0,35.75999998,0,0,0,0,2.599999987,0,3.960000032,20.91999997,0,0,0,12.84,3.199999983,0,0,0
35_46,0.058823529,632.6470588,0,0,0,1,0,2,0,1,2,4,33.05619301,28.63432965,34.35292485,16.365572,4,1.75,611.5801935,1.483333333,16,84.20000005,0,0,0,4.719999971,0,0,0,0,0,0,10.19999996,0,0,0,0,0,0.88000002,0,0,0
35_47,0,611,0,0,0,0,0,1,0,2,0,5,18.57775942,43.09397318,68.79801051,10.24879013,3,1.666666667,570.7410535,1.277777778,16,28.9199999,0,0,0,9.600000006,0,0,0,0,0,0,0,0,0,0,0,2.280000003,59.20000009,0,0,0
35_48,0,512.2857143,2,0,1,0,0,5,1,1,6,158,8.693963434,29.8962849,72.45550322,8.061578348,21,1.619047619,2924.782418,1.111111111,16,2.160000007,3.159999994,0,0,3.999999989,0,0,0,0,0,0,4.840000012,45.60000005,0,0,0,7.759999999,32.47999995,0,0,0
35_49,0.1,480.65,0,0,4,3,0,5,0,1,4,433,42.42719076,162.3875376,260.2642562,9.224528058,23,1.608695652,3149.884365,0.877777778,15,0.360000002,0,0,0,0,0,0,2.360000016,0,0,0,5.479999994,91.59999999,0,0,0,0.119999998,0.080000001,0,0,0
35_50,0.041666667,527.5833333,5,1,11,4,0,4,3,3,6,527,47.08688468,191.3288024,303.01617,8.448845162,31,1.35483871,3919.442121,1.05,14,0.119999997,0,0,0,1.080000005,0,0,38.67999998,0,1.52,0,0,51.68000001,0,0,0,0,6.920000007,0,0,0
35_51,0.105263158,379.0526316,1,2,11,2,0,7,1,0,8,402,17.61058822,96.44884778,196.7088289,8.811328265,22,1.363636364,2630.476027,0.844444444,14,1.960000015,0,0,0,2.76,0,0,12.48,0,0.720000001,0,14.28000002,62.31999995,0,0,0,0,5.480000013,0,0,0
35_52,0.111111111,387.1851852,0,0,0,1,1,0,0,0,2,12,15.15699704,46.8072588,110.8168549,9.681767492,0,1,104.9861092,0.611111111,14,54.32000002,0,0,0,7.519999995,0,0,0,0,2.48,0,6.99999998,0.239999996,0,0,0,0,28.44000001,0,0,0
35_53,0,434.5,0,1,0,0,0,0,0,0,2,1,9.957609846,13.74352736,24.07577197,13.15463356,0,0,0,0.5,12,33.35999999,0,0,0,6.08,0,0,0,0,2.319999999,0,1.200000008,0,0,0,0,0,57.04,0,0,0
35_54,0.181818182,354.2727273,0,0,0,0,0,0,0,0,4,3,8.568910135,3.496860779,13.8766782,13.61609488,0,1,505.1564197,0.366666667,11,72.68000003,0,0,0,0,0,0,0,0,0.96,0,4.239999992,0,0,0,0,6.36,15.75999997,0,0,0
35_55,0,562.3333333,0,0,0,0,1,0,0,0,1,8,6.741666588,2.859935919,10.57722348,12.99912696,0,0,0,0.772222222,10,93.03999998,0,0,0,0.44,4.440000007,0,0,0,0.84,0,1.240000014,0,0,0,0,0,0,0,0,0
35_56,0,406.2307692,0,0,3,0,2,1,1,0,6,19,21.22112909,8.200027904,12.4081365,16.90733137,3,2,1073.553773,1.438888889,8,65.07999998,0,0,0,14.68000003,0.799999993,0,0,2.560000011,0,0,4.479999985,3.64,0,0,0,8.76,0,0,0,0
35_57,0.088888889,430.8666667,0,0,15,0,5,0,2,0,1,26,59.26768961,31.81110657,30.01427148,27.44713473,2,2,649.3561948,2.238888889,8,52.31999999,0,0,0,9.199999982,0,0,10.32000003,27.31999999,0.840000003,0,0,0,0,0,0,0,3.93E-09,0,0,0
35_58,0.046875,411.234375,0,0,6,1,1,2,0,0,5,599,87.66740063,181.8748293,209.3914068,29.54992605,25,1.52,3175.368153,2.15,8,4.000000023,0,0,0,1.719999989,0,0,38.47999997,0.199999996,0.639999997,0,15.64000002,37.52000001,0,0,0,0,1.799999996,0,0,0
35_59,0.142857143,352.6190476,0,0,3,0,0,0,0,0,1,126,37.24106142,64.38071872,61.29538769,29.587689,12,1.416666667,921.9285969,2.044444444,7,42.63999998,0,0,0,12.92,0,0,0,0,16.24,0,9.439999976,18.36000004,0,0,0,0,0.4,0,0,0
35_60,0.511627907,275.2093023,0,0,4,0,1,5,2,0,6,419,52.57360698,149.558044,137.7375313,27.49826762,34,1.294117647,3410.585483,1.288888889,6,5.439999979,0,0,0,13.4,0,0,0.88000001,0,3.959999992,0,12.72,48.48000002,9.399999988,0.120000005,0,5.600000009,0,0,0,0
35_61,0.235294118,341.6470588,0,0,3,0,0,3,0,0,3,210,109.742863,86.69533628,118.3913508,26.57961502,11,1.727272727,1581.774033,1.238888889,5,30.52000002,0,0,0,6.879999995,0,0,13.84,0,0,16.64000003,0,26.87999997,0,4.799999995,0,0.439999991,0,0,0,0
35_62,0.1,313.6,0,0,0,0,0,0,0,0,0,4,36.16831371,9.114099879,14.46648652,29.31848531,3,2.333333333,1101.516328,0.861111111,5,82.91999999,5.880000012,0,0,5.720000018,7.67E-09,0,0,0,0,2.119999976,2.920000001,0.439999994,0,0,0,0,0,0,0,0
35_63,0,286,0,0,0,0,0,0,0,0,0,5,31.37081507,6.662825598,11.24020524,28.93230199,1,3,158.4934359,0.583333333,4,78.84,0.999999988,0,0,14.64000002,5.519999992,0,0,0,0,0,0,0,0,0,0,0,0,0,0,0
35_64,0.333333333,285.5,0,0,0,0,0,2,0,0,3,5,23.86787348,19.6388898,22.88686617,21.42660088,7,1.285714286,844.9891312,0.688888889,4,80.32000001,0,0,3.96,7.999999967,0,0,0,0,2.200000005,0,4.439999997,0,0,0,0,0,0.680000008,0,0,0.400000011
35_65,0.076923077,307.6153846,2,1,9,0,0,1,1,1,3,314,15.90758219,102.2830799,58.69462857,10.64122454,24,1.25,1922.337362,1.083333333,4,33.59999998,0.600000004,0,0,4.04,0,0,0,0,0,0,49.80000002,1.240000016,0,0,0,0,8.999999985,0,0,1.719999994
35_66,0.03030303,311.3333333,0,0,5,1,1,2,1,0,10,166,46.45713337,45.09320215,40.64693089,17.94460387,14,1.714285714,2124.591106,1.277777778,4,9.759999988,0.080000001,0,0,36.08000003,0,0,1.320000001,9.96000002,3.24,0,7.079999962,24.71999998,1.080000023,0,0,6.68,0,0,0,0
35_67,0.076923077,390.2307692,0,0,1,0,2,1,0,0,0,0,49.66580409,24.61046935,35.7690746,19.35620914,2,2.5,826.5274352,1.505555556,4,0.120000002,0,0,0,56.36000001,0,0,0,2.720000007,2.48,0,0.599999999,0,36.55999997,0,0,0,1.160000005,0,0,0
35_68,0,386.0952381,0,2,0,0,0,0,0,0,3,0,38.39174143,17.9429046,17.78397423,21.897861,3,2.666666667,1033.836941,1.272222222,4,0,0,0,9.799999999,65.79999994,0,0,0,0,0,0,5.16E-09,0,0,0,0,9.880000063,14.51999999,0,0,0
35_69,0.142857143,457.6428571,0,1,1,1,1,1,0,0,1,107,10.35088868,77.47695344,123.6974461,19.49276528,7,1.571428571,1464.382474,0.916666667,4,0,0,0,0,20.52000005,0,0,0,0,7.86E-10,0,28.72000001,0,0,0,0,8.239999955,42.51999999,0,0,0
35_9,0.285714286,391.4285714,0,1,1,0,0,2,0,0,0,38,17.13999615,7.496072317,9.865249599,15.4919477,5,2.2,981.9674494,1.666666667,6,81.83999998,0,0,0,0.040000001,6.039999997,0,0,0,2,0,9.800000018,0,0,0,0,0,0.280000005,0,0,0
36_10,0.219653179,351.2485549,2,1,10,5,0,6,3,1,9,469,260.954601,220.0088511,214.8769251,59.46021459,41,1.341463415,3500.876164,4.133333333,7,11.11999997,0,0,6.04,5.599999996,0,0,0,0,0,0,6.04000001,67.52000002,0,0,0,0,3.68,0,0,0
36_11,0.414529915,296.5470085,0,0,6,1,1,4,3,0,8,598,196.9208516,341.7722308,225.7679648,50.91752197,54,1.518518519,4863.872398,5.144444444,7,1.08,0,0,0,0.87999999,0,0,18.96,4.36,0,0,31.76000003,38.63999998,0,0,0,4.320000005,0,0,0,0
36_12,0.626865672,252.238806,0,0,2,3,0,4,0,2,3,368,43.03081835,111.9679172,220.878634,17.91226835,25,1.84,3312.654569,5.05,9,1.92,0,0,0,0,0,0,0,0,0,0,82.88000003,10.23999998,0,0,0,3.039999995,1.92,0,0,0
36_13,0.470588235,198.7647059,0,1,1,1,0,2,0,0,1,214,16.02711597,62.48904899,116.0689227,11.95452695,8,1.5,1644.740429,3.288888889,9,0,0,0,0,14.84000002,0,0,0,0,5,0,76.99999997,1.19E-08,0,0,0,0,3.159999999,0,0,0
36_14,0.75,169.9230769,0,0,6,4,7,9,3,3,9,75,14.7927857,40.43024626,48.42316261,11.54253019,9,1.555555556,2416.568977,3.388888889,10,0,0,0,0,13.11999998,0,0,0,56.8,0,0,7.319999962,14.20000001,0,0,0,1.440000052,7.119999999,0,0,0
36_15,0.804054054,126.9932432,0,0,4,3,0,6,0,0,6,486,220.7777534,200.3264201,310.0486265,19.88072678,24,1.458333333,3259.793862,3.688888889,10,2.48,0,0,0,0,0,0,32.12000003,0.119999995,0,0,29.92000006,28.87999997,0,0,0,6.479999947,0,0,0,0
36_16,0.75177305,170.3120567,0,2,3,5,0,4,0,1,2,373,134.627901,121.4447562,202.6545711,17.3681598,15,1.6,2470.860028,3.638888889,14,0,0,0,0,0,0,0,9.879999976,0,1.64,0,51.39999998,19.60000002,0,0,0,0,17.48000002,0,0,0
36_17,0.593220339,183.3050847,1,0,3,0,1,4,0,1,1,410,164.4686286,104.9529847,189.560454,24.03667167,16,1.6875,2609.867417,3.238888889,14,0,0,0,0,1.56,0,0,8,0,0,0,33.16000001,36.92,0,0,0,0.520000004,19.83999998,0,0,0
36_18,0.550724638,248.5072464,0,9,5,4,0,8,0,3,11,327,140.7918318,85.78590126,153.5718132,20.6731791,24,1.541666667,2898.329119,3.494444444,14,0,0,0,0,4.08,0,0,0,0,0,0,42.51999999,35.88000001,0,0,0,5.44,12.08,0,0,0
36_19,0.592592593,254.9444444,0,1,3,5,1,5,0,1,2,337,135.2351637,147.3365007,189.1203692,20.3882618,28,1.607142857,3612.721508,4.933333333,16,0,0,0,0,4.28,0,0,4.600000012,0,0,1.92000002,25.67999998,56.31999999,0,0,0,5.599999999,1.6,0,0,0
36_20,0.640909091,225.0909091,14,1,26,15,5,9,9,2,16,586,229.58612,140.0948033,116.9825812,20.95058023,38,1.710526316,4132.376407,6.333333333,16,0,0,0,0,0,0,0,56.08000002,5.400000015,0.040000001,17.23999998,9.639999986,1.359999981,0,0,0,8.360000001,0.44,1.440000014,0,0
36_21,0.644444444,177.4222222,21,1,14,5,7,16,33,2,15,109,325.1659031,77.81245588,33.79251259,20.86779156,26,1.846153846,2543.656704,7.444444444,17,1.36,0,0,0,8.000000013,0,0,21.83999997,4.479999986,2.199999998,0.480000009,0.240000001,3.200000009,0,0,0,15.8,3.320000008,39.08,0,0
36_22,0.671232877,137.1712329,0,1,0,2,0,2,0,0,6,129,179.6372956,35.94326268,15.45197282,24.35057078,19,1.736842105,2318.632063,7.433333333,17,0.44,0,0,0,16.60000001,0,0,2.759999999,0,1.640000001,19.68000001,26.92000002,3.59999999,0,0,0,14.11999999,2.839999998,11.39999998,0,0
36_23,0.423076923,214.8269231,2,3,19,11,2,3,1,1,15,58,135.799081,23.10913545,12.22196625,26.5093811,19,1.684210526,2474.284358,6.794444444,17,0,0,0,0,10.91999998,0,0,0.759999999,0,0.679999998,73.64000005,7.919999986,0,0,0,0,6.079999995,0,0,0,0
36_24,0.473429952,296.3236715,1,0,3,3,0,3,0,2,5,82,91.02770427,53.50493967,67.2352516,18.47594282,8,1.75,1840.31957,5.644444444,18,0,0,0,0,9.359999996,0,0,0,0,0,30.55999993,36.40000005,0.640000019,0,0,0,0,23.04000001,0,0,0
36_25,0.385714286,310.5428571,0,0,2,2,0,7,0,1,4,185,68.532972,98.42852709,117.9697495,14.24598354,20,1.7,2889.335578,4.05,18,0,0,0,0,3.16000001,0,0,0.080000005,0,0,35.72,6.479999955,54.36000002,0,0,0,0,0.200000008,0,0,0
36_26,0.181818182,268.8181818,4,1,7,2,0,4,2,0,5,216,53.04774949,130.2954321,133.8976088,11.52133745,23,1.47826087,2824.464463,3.427777778,19,0,0,0,0,12.19999999,0,0,0,0,0,0,13.47999999,67.56000002,0,0,0,0,6.759999996,0,0,0
36_27,0.459459459,231.7972973,6,1,13,3,0,7,1,2,5,297,104.8281207,175.2337202,191.8012191,13.22146118,36,1.305555556,3067.633,5.983333333,19,0.8,0,0,0,5.159999999,0,0,0.440000022,0,0,0,0,90.87999994,0,0,0,2.720000037,0,0,0,0
36_28,0.527607362,186.3742331,3,0,9,10,3,8,0,4,6,296,456.0037049,143.1500974,115.9292902,29.3261678,25,1.32,2767.209745,6.866666667,19,0,0,0,0,2.760000012,0,0,52.43999999,0,0.240000008,0,41.52000001,0,0,0,0,2.639999963,0.400000017,0,0,0
36_29,0.65,143.1875,0,1,0,0,0,0,0,0,3,10,163.1964753,63.56774767,38.0163177,35.10053502,1,1,72.6046856,8.944444444,20,0,0,0,0,8.080000013,0,0,0,0,74.40000001,0,16.19999999,0,0,0,0,0,1.319999983,0,0,0
36_30,0.701030928,124.0979381,1,1,4,2,0,3,2,3,3,262,254.6944311,164.3694579,81.86957662,46.5244151,10,2.2,2038.866979,10.81666667,20,0,0,0,0,11.63999999,0,0,13.44,3.38E-09,9.599999958,0,30.2,1.13E-09,0,0,0,0.560000007,34.56000004,0,0,0
36_31,0.616858238,118.9118774,14,2,38,11,3,12,28,1,15,626,273.0590885,486.179116,146.2084051,51.56651052,38,1.552631579,3976.025692,14.64444444,20,0,0,0,0,4.319999989,0,0,52.36000003,2.239999997,0.240000002,0,7.079999985,12.20000001,0,0,0,16.32,5.239999984,0,0,0
36_32,0.718820862,157.8752834,2,1,10,3,1,8,5,1,8,286,216.6468954,246.6403276,187.405541,57.86177605,19,2.052631579,2501.343846,13.15555556,20,0,0,0,0,2.600000002,0,0,12.72000003,7.360000005,3.239999998,0,0,62.07999997,0,0,0,11.40000001,0.599999989,0,0,0
36_33,0.666666667,164.2911877,2,0,17,2,4,8,11,1,14,861,535.0846106,728.4483133,216.5756331,54.57747021,17,1.823529412,3132.43783,10.82222222,19,0,0,5,0,7.679999991,0,0,51.59999997,0,0,0,3.680000006,2.800000004,0,0,0,16.88000001,12.36000002,0,0,0
36_34,0.678733032,104.3167421,3,0,14,11,3,4,13,0,7,921,43.32286384,564.89919,227.6542198,45.31010919,30,1.6,3574.930932,9.111111111,19,0,0,0,0,2.879999999,0,0,55.60000001,0,0,0,0,29.88000001,0,0,0,10.04,1.59999999,0,0,0
36_35,0.670103093,61.0790378,18,0,69,11,8,8,73,2,9,798,393.5475443,687.8431213,258.9504046,49.88270686,35,1.4,3823.692157,8.733333333,19,0,0,0,0,0,0,0,89.68,0,0,0,0,0,0,0,0,10.32,0,0,0,0
36_36,0.671171171,78.07657658,8,0,24,4,10,3,32,3,5,816,418.4691746,598.8022176,246.0517687,45.76562212,43,1.558139535,4429.133195,8.527777778,18,0,0,0,0,0,0,0,91.64,0,0,0,0,0,0,0,0,5.56,2.8,0,0,0
36_37,0.673913043,138.3804348,9,1,31,4,2,7,13,5,7,956,497.9637151,586.1011825,210.7451742,39.78655812,46,1.565217391,4367.927396,6.088888889,19,0,0,0,0,0.720000005,0,0,68.15999996,0,0,0,0,14.76,0,0,0,7.479999997,8.880000034,0,0,0
36_38,0.527472527,218.4285714,1,0,2,2,0,1,0,0,2,337,193.6802734,170.2506469,193.6998187,23.93695471,22,1.636363636,2341.823152,4.433333333,18,26.88000003,0,0,0,7.840000024,0,0,0.719999992,0,0,0,0,60.35999998,0,0,0,0,4.199999974,0,0,0
36_39,0.285714286,317.3928571,0,1,4,2,0,4,1,1,8,342,23.65885549,157.522959,177.1340476,15.22091953,16,1.5,2621.052592,2.505555556,16,3.560000004,0,0,0,11.95999998,0,0,0.080000006,0,0.200000002,0,0,68.71999999,0,0,0,0,15.48000002,0,0,0
36_40,0.057692308,383.9807692,0,0,6,2,0,5,3,0,1,699,35.14068817,209.9247449,203.5874939,18.8035221,24,1.416666667,3648.419392,1.8,17,0,0,0,0,0.080000002,0,0,22.96,0,2.08E-10,0,2.200000021,73.63999998,0,0,0,0,1.119999997,0,0,0
36_41,0.054054054,433.6756757,0,1,2,0,0,2,0,1,2,346,135.5510619,108.1099855,154.2748018,25.63046108,30,1.233333333,2050.851637,2.338888889,16,16.16,0,0,0,24.68,0,0,3.719999999,0,1.760000001,0,7.959999974,36.72000002,0,0,0,8.199999996,0.800000013,0,0,0
36_42,0.051282051,421.0897436,2,2,2,1,0,8,2,1,4,691,224.865214,307.3051057,226.7000511,28.81948711,46,1.413043478,4630.192502,2.422222222,17,0,0,0,0,2.039999998,0,0,29.31999999,0,0,0,9.840000019,56.96000001,0,0,0,0,1.839999987,0,0,0
36_43,0.160714286,469.8571429,1,0,7,4,0,2,2,0,4,891,114.0129975,306.1646923,352.5976215,18.22585012,67,1.492537313,6330.238191,2.755555556,18,0,0,0,0,1.279999996,0,0,6.040000072,0,0,0,12.79999995,79.87999998,0,0,0,0,0,0,0,0
36_44,0.015873016,413.2539683,1,2,15,3,1,6,2,3,6,349,84.61663623,180.5425482,218.98848,15.69012095,22,1.636363636,2543.856661,2.244444444,18,0,0,0,0,3.72E-09,0,0,17.71999991,0,0,0,0,43.04000004,0,0,0,6.760000001,32.48000005,0,0,0
36_45,0.021276596,456.2765957,0,0,3,2,1,8,1,0,6,363,61.27234387,155.8685131,206.513997,15.66887125,34,1.470588235,3773.159108,1.866666667,17,0.240000002,0,0,0,20.72000005,0,0,1.559999991,0,0,0,4.36000005,57.35999994,0,0,0,14.75999999,0.999999971,0,0,0
36_46,0.027777778,511.5833333,1,0,4,0,0,5,0,0,3,579,50.96097272,128.6542269,169.164259,15.9603878,29,1.620689655,3406.969803,1.161111111,17,12.32000003,0,0,0,5.07999997,0,0,0,0,0,0,77.84000001,0,0,0,0,4.759999987,0,0,0,0
36_47,0.043478261,512.3043478,5,0,6,2,0,6,3,0,5,306,37.06246112,92.52294754,108.8345714,13.57801344,21,1.333333333,2010.201989,0.661111111,16,11.76,0.480000022,0,0,25.08000003,2.16,0,0,0,0,0,48.51999991,0,0,0,0,6.599999997,5.400000031,0,0,0
36_48,0,539.375,0,0,0,1,1,2,0,0,3,125,6.514086842,36.74599432,43.87172673,8.103365664,8,1.625,1331.57146,0.605555556,16,5.120000031,6.199999985,0,0,18.55999997,0,0,0,0,0,0,44.64000001,14.36000003,0,0,0,0,11.11999997,0,0,0
36_49,0,554.6666667,0,0,2,0,0,2,0,0,4,134,5.767025586,44.35360779,64.75311239,9.349131186,4,2,1220.865338,0.611111111,16,26.76000003,0,0,0,9.359999996,3.28,0,0,0,0,0,11.59999999,28.36,0,0,0,0,20.63999998,0,0,0
36_50,0,567,0,0,1,0,0,1,0,0,0,82,19.39425385,75.85338378,139.150717,8.586123457,5,1.8,1230.251954,0.788888889,14,60.91999996,3.72,0,0,9.800000016,0,0,0.16,0,0,0,5.880000005,19.52000002,0,0,0,0,0,0,0,0
36_51,0.1,432.75,0,0,1,1,0,1,0,0,4,284,16.96056991,68.61608485,152.7732458,9.780009457,19,1.421052632,2337.198085,0.75,14,28.39999998,0,0,0,13.51999998,0,0,17.72000002,0,0,0,26.84000002,13.52,0,0,0,0,0,0,0,0
36_52,0.095238095,400.7619048,0,0,1,0,0,4,0,0,5,182,13.43082933,48.73387147,72.90351329,10.74543709,11,1.727272727,1585.354447,0.594444444,13,39.80000004,0,0,0,0.84,2.200000011,0,2.199999983,0,0,0,42.51999998,12.43999998,0,0,0,0,0,0,0,0
36_53,0,420.25,0,1,0,0,0,0,0,0,1,12,8.624488906,19.86381109,26.85182815,12.0771584,1,3,808.4124085,0.527777778,12,67.79999997,0,0,0,17.32000005,6.759999989,0,0,0,0.8,0,7.319999988,0,0,0,0,4.02E-09,0,0,0,0
36_54,0.153846154,372.1538462,0,1,4,0,1,2,1,0,5,9,6.033504611,2.6130909,9.298494994,12.7600164,12,1.333333333,1230.667248,0.427777778,9,24.24000001,0,5.240000023,0,12.99999996,0,0,0,4.36,0.28,0,7.48,0,0,0,0,45.40000001,8.61E-12,0,0,0
36_55,0,378.5555556,2,0,7,0,1,1,1,0,2,65,6.060845692,17.03264679,33.5185518,12.68020863,9,1.777777778,1858.915194,1.027777778,9,54.44000001,0,3.519999977,0,3.799999995,3.84,0,0,0,0,0,17.52000003,0,0,0,0,16.87999999,0,0,0,0
36_56,0.083333333,402.2083333,0,1,6,0,1,2,3,1,4,443,28.89891891,154.3359851,136.4779588,15.02801844,21,1.619047619,2961.25978,1.527777778,8,11.19999996,0,0,0,0,0,0,0.68,5.800000065,0,0,7.43999997,65.2,0,0,0,7.440000001,2.24,0,0,0
36_57,0.175,330.225,1,0,23,1,29,7,9,0,7,42,57.48051796,29.71208329,23.66179564,27.35353867,7,1.285714286,1453.026063,1.894444444,8,0,0,0,0,2.04,0,0,1.480000005,93.95999999,2.28,0,0,0,0.200000008,0,0,0.039999999,0,0,0,0
36_58,0.047619048,317.8095238,0,1,2,0,3,3,0,0,2,67,36.10845627,20.12669841,21.20607862,32.35208254,5,2,821.1283618,1.477777778,7,41.68000005,0,0,0,2.80000001,0,0,12.28,12.63999995,6.240000008,0,0.88,0,21.87999999,0,0,0,1.6,0,0,0
36_59,0.375,303,0,0,0,0,2,0,0,1,4,14,35.13781054,11.6809222,15.2500751,32.54,1,3,918.2848472,1.122222222,7,27.83999995,0,0,0,1.919999992,0,0,0,3.36,18.12000001,0,9.64,0,33.44000004,0,0,0,5.68,0,0,0
36_60,0.625,300.5,0,1,2,0,2,0,2,0,0,15,34.88619077,34.39623877,44.02506075,32.22898731,1,1,342.1947388,0.9,6,0.48,0,0,0,7.880000005,0,0,6.599999999,6.519999998,2.919999984,0,0,0,75.60000001,0,0,1.30E-09,0,0,0,0
36_61,0.8,208.8,3,0,12,0,6,3,3,2,9,35,34.8582935,40.31970752,62.83114666,29.49935658,6,1.666666667,1419.594548,1.238888889,6,31.28000006,0,0,0,5.479999992,1.92,0,0,5.200000022,2.279999998,0,7.16,15.92,23.51999994,0,0,7.239999998,0,0,0,0
36_62,0.578947368,212.7894737,0,0,2,1,5,0,0,0,1,24,31.91531282,8.508616762,14.10590054,29.477,1,3,528.0968887,1.438888889,4,84.04000002,0,0,0,0,0,0,0,8.359999972,0,0,0,7.600000009,0,0,0,0,0,0,0,0
36_63,0.428571429,195.8095238,1,0,1,0,1,0,0,0,3,81,31.91531282,38.69291285,18.5816978,29.477,9,1.333333333,1540.283721,1.483333333,4,57.12000002,0,0,0,17.84,3.24,0,0,0,2.880000008,0,6.4,12.51999998,0,0,0,0,0,0,0,0
36_64,0.230769231,268.5384615,0,0,2,1,0,0,0,0,0,116,27.24190786,44.51185267,39.62722164,24.8018762,11,1.272727273,842.6458531,1.672222222,4,70.55999995,1.520000005,0,0,6.799999998,0,0,0,0,1.199999991,0,19.76000005,0,0,0,0,0,0.160000006,0,0,0
36_65,0.357142857,269.8214286,0,1,2,1,1,4,2,0,4,375,95.90806814,162.505984,100.1389228,23.96339024,18,1.611111111,2148.136613,2.172222222,4,3.159999996,2.879999993,0,0,18.12000001,0,0,0,0,1.599999998,0,54.08,0,0,0,0,0,20.16,0,0,0
36_66,0.118644068,350.1694915,0,1,2,1,2,3,0,1,3,338,51.68227066,135.6382923,58.38892405,19.19376002,34,1.294117647,2632.311765,2.266666667,4,4.920000002,0,0,0,24.35999998,0,0,0,0,2.159999999,0,13.23999999,42.84000002,0.400000002,0,0,2.240000008,8.11999999,1.720000013,0,0
36_67,0.107142857,335.3392857,2,2,2,7,1,9,1,1,6,286,53.85555577,92.10162093,103.3864536,22.52844028,29,1.655172414,3283.859995,2.305555556,4,1.12,0,0,2.280000013,16.52000001,0,0,0,0,0,0,18.51999999,30.67999999,0.080000002,0.6,0,10.36,15.52000003,4.319999981,0,0
36_68,0.036363636,359.0909091,0,0,0,1,0,0,0,0,3,18,44.42379166,41.44648725,33.32479738,24.04074829,2,3.5,906.9198575,1.511111111,4,2.32,0,0,10.55999998,24.48,0,0,0,0,0,0,7.679999988,0,0,0,0,4.880000063,50.07999996,0,0,0
36_69,0.041666667,441.25,0,1,4,1,0,2,0,0,3,195,13.56237104,61.98093644,68.16036442,19.82718893,20,1.55,2446.96169,1.011111111,3,0,0,0,0,19.04000002,0,0,0,0,0,0,15.44,17.71999999,0,1.92,0,5.839999955,40.04000004,0,0,0
36_70,0,674.3333333,0,2,2,0,2,1,0,1,1,9,0,9.793487155,6.077496173,18.195,8,2.125,1942.535218,0.377777778,3,2.80000001,0,0,0,20.91999998,0,0,0,0,10.92000002,0,5.70E-09,0,0,0,0,8.31999998,57.04000001,0,0,0
36_9,0.1,373.7,0,0,1,0,1,1,0,0,0,19,107.2445884,33.99198075,34.80337788,35.73166841,1,5,896.9429341,2.027777778,6,80.99999997,0,0,0,9.880000008,2.760000002,0,0,0,0,0,4.480000001,1.880000019,0,0,0,0,0,0,0,0
37_10,0.27027027,349.1621622,0,1,2,0,0,2,0,0,7,419,226.0423017,152.3986194,127.1514869,59.93380926,42,1.166666667,3362.962121,4.144444444,8,34.31999996,0,0,0,0.520000009,1.999999992,0,0,0,0,0,25.44000004,35.15999999,0,0,0,0,2.56000001,0,0,0
37_11,0.383419689,278.2072539,0,0,2,3,1,6,1,0,8,419,286.5155489,219.1552442,151.4372406,61.64835611,41,1.317073171,3146.401078,5.666666667,9,0.44,0,0,0,12.04,0,0,8.679999999,0,1.45E-09,0,70.35999999,6.520000016,0,0,0,0,1.95999999,0,0,0
37_12,0.546218487,235.2184874,0,0,7,2,0,3,2,0,12,387,185.5419957,231.0567419,213.6336802,43.84928779,35,1.542857143,3256.403737,5.516666667,9,0,0,0,0,7.35999999,0,0,0,0,1.199999999,0,74.24,10.6,0,0,0,3.600000005,3.000000012,0,0,0
37_13,0.682352941,188.3058824,10,5,38,8,1,9,11,2,4,392,34.43135636,118.1809206,217.264984,19.6975205,51,1.31372549,3863.95979,3.672222222,9,0,0,0,0,5.680000027,0,0,0,0,0,0,84.31999999,0.919999995,0,0,0,4.279999995,4.79999999,0,0,0
37_14,0.661538462,125.0769231,6,1,7,2,2,9,5,0,12,98,22.16306867,38.46897419,54.71724994,14.68555474,11,2,2091.491403,3.672222222,11,0,0,0,0,18.99999997,0,0,0,9.160000012,0,0,30.48000002,2.880000002,0,0,0,6.080000001,32.4,0,0,0
37_15,0.694656489,72.16030534,20,0,59,15,4,13,31,5,18,463,192.7394313,127.0492104,190.2981848,20.60543384,20,1.8,2715.23692,4.427777778,11,0,0,0,0,0.04,0,0,55.64000006,5.519999983,0,0,10.79999996,10.24,0,0,0,17.76,0,0,0,0
37_16,0.671532847,108.3284672,0,1,7,3,0,2,0,0,5,548,128.5421978,276.337915,161.9290566,17.76240816,14,1.571428571,2082.605384,4.627777778,14,4.240000018,0,0,0,3.000000008,0,0,34.91999994,0,0,0,7.839999993,30.20000003,0,0,0,5.12,14.68,0,0,0
37_17,0.515151515,165.6969697,1,3,14,0,5,6,8,7,10,481,151.3716226,228.8388445,165.9383049,21.00878774,12,2,2377.991124,4.294444444,14,6.039999982,0,0,0,7.159999993,0,0,18.68,6.80E-09,0,0,20.08000002,27.23999999,0,0,0,4.799999996,16.00000001,0,0,0
37_18,0.576923077,233.7692308,1,18,8,3,3,1,7,3,9,96,160.5011382,86.03600771,81.78080226,25.55567964,11,1.636363636,1480.506827,4.066666667,16,0,0,0,0,3.400000016,0,0,0,59.71999999,0,0,16.07999999,18.44,0,0,0,1.400000006,0.959999989,0,0,0
37_19,0.705882353,255,0,2,3,0,0,5,1,1,3,373,167.1716704,149.4830217,106.563958,21.82630323,17,1.882352941,2795.6524,5.422222222,16,0,0,0,0,10.75999998,0,0,0.760000001,2.04,1.32,5.200000035,47.2,21.83999998,0,0,0,9.16,1.72,0,0,0
37_20,0.686746988,227.246988,9,0,17,5,7,10,10,3,6,643,545.4267408,140.6466227,56.32721544,18.45081825,33,1.757575758,3973.649586,6.538888889,16,0,0,0,0,0.52,0,0,59.24000006,7.2,1.480000001,6.679999965,2.999999984,12.71999999,0,0,0,9.160000003,0,0,0,0
37_21,0.6796875,132.3007813,12,1,13,4,1,6,4,2,5,1075,558.6681225,111.6352952,66.56044326,17.61258133,20,1.9,3711.942175,6.438888889,16,0,0,0,0,0.6,0,0,95.64,0.24,0.079999999,0,0,0.480000007,0,0,0,2.239999992,0.72,0,0,0
37_22,0.693877551,88.35714286,39,8,39,5,1,8,9,4,12,434,20.18032555,72.69414695,31.85672141,14.7880963,31,1.741935484,4037.524596,6.011111111,17,0.4,0,0,0,0,0,0,36.99999994,0,0,53.16000007,0,3.879999994,0,0,0,5.56,0,0,0,0
37_23,0.591549296,193.5633803,3,10,10,2,2,7,3,0,7,102,11.46258224,11.45930082,10.44190087,13.53052114,15,1.866666667,1995.896779,5.994444444,17,0,0,0,0,3.760000008,0,0,1.440000001,0,0.6,83.35999997,5.160000016,0,0,0,0,4.480000007,0,0,1.2,0
37_24,0.589285714,242.8839286,0,1,11,6,3,9,0,0,5,100,1.720866443,20.74727957,22.75389098,12.35258099,12,1.833333333,2119.473975,4.727777778,18,0,0,0,0,9.279999993,0,0,0,0,0,21.03999996,61.16000005,0,0,0,0,8.519999991,0,0,0,0
37_25,0.426229508,295.557377,0,0,1,1,0,3,0,0,0,125,12.65869726,39.49610067,42.9912758,12.35639118,11,1.545454545,1759.620965,4.061111111,19,0,0,0,0,1.200000013,0,0,0,0,0,0,87.63999995,2.840000024,0,0,0,0.079999998,8.240000013,0,0,0
37_26,0.463414634,239.3414634,1,7,3,2,0,4,0,10,5,54,52.60431603,56.27551307,65.35895245,9.445803461,9,1.666666667,1370.886612,4.144444444,19,0,0,0,0,19.87999999,0,0,0,0,0,7.799999974,23.04000002,5.520000026,0,0,0,0,43.75999999,0,0,0
37_27,0.583333333,176.077381,1,1,19,5,0,10,1,0,5,178,149.7980337,97.48550869,87.1971743,13.42563157,45,1.422222222,4308.223885,6.866666667,19,0.72,0,0,0,4.319999985,0,0,14.44,0,0,3.959999984,18.63999997,53.20000003,0,0,0,4.240000038,0.479999989,0,0,0
37_28,0.754666667,95.45333333,18,2,32,8,1,11,6,4,5,493,635.6661294,217.5650386,197.8760512,41.78168372,30,1.533333333,3387.08758,7.155555556,18,0,0,0,0,5.119999995,0,0,54.80000001,3.720000002,0,0,13.28000005,15.56,0,0,0,2.039999962,5.479999983,0,0,0
37_29,0.716814159,56.63716814,2,2,3,6,1,9,1,4,6,435,210.2039168,121.1828066,114.0624505,32.84620612,23,1.826086957,2954.663522,9.155555556,18,0,0,0,0,0,0,0,7.87999997,14.64000004,10.80000003,0,28.35999996,30.23999999,0,0,0,0,8.079999997,0,0,0
37_30,0.761904762,92.66666667,1,1,6,2,3,7,2,1,12,388,222.6371772,196.7308076,84.29685017,45.01634816,28,1.714285714,3189.313538,10.73333333,20,0,0,0,0,0,0,0,26.04000002,38.15999996,7.279999994,0,17.76,3.600000022,0,0,0,4.240000004,2.92,0,0,0
37_31,0.462664714,173.045388,1,3,5,9,1,15,0,0,6,188,221.8670829,157.051226,55.75162695,48.02198646,27,1.851851852,4014.581127,11.46666667,20,0,0,0,0,1.000000002,0,0,4.76,17.39999995,0,48.04000003,1.760000005,12.00000001,0,0,0,12.44,0,0,2.6,0
37_32,0.420765027,250.8214936,0,1,3,3,1,5,0,1,4,342,286.5485281,208.0334113,54.72733756,48.80097564,25,1.8,3255.537265,12.97777778,20,0,0,0,0,6.120000013,0,0,19.44,0,3.36,31.83999995,0.440000008,28.16000002,0,0,0,0,10.64000001,0,0,0
37_33,0.477272727,193.1647727,3,2,9,3,7,10,1,3,8,477,418.9076895,397.355001,130.8282382,52.93569735,48,1.375,3896.870455,12.54444444,19,0,0,0,0,3.719999999,0,0,4.040000027,12.43999998,0,0,22.79999999,35.07999998,0,0,0,14.04000001,7.880000016,0,0,0
37_34,0.655319149,136.4808511,21,0,55,9,7,15,68,2,13,775,380.2826503,552.1064169,171.7074482,52.22976836,29,1.75862069,3747.562979,9.855555556,19,0,0,0,0,0,0,0,68.64000008,4.76,0,0,0,9.839999953,0,0,0,12.91999999,3.839999984,0,0,0
37_35,0.545,135.745,9,1,28,10,1,10,28,2,6,923,403.8168069,750.4413114,273.7714764,48.94248424,30,1.7,3872.364019,9.1,19,0,0,0,0,0,0,0,88.00000001,0,0,0,0,1.31999998,0,0,0,0.199999997,10.48000001,0,0,0
37_36,0.492424242,150.3787879,0,1,2,1,1,6,1,0,5,641,355.7659174,508.9292591,178.0502264,48.92555291,20,1.55,2934.68228,8.444444444,19,0,0,0,0,10.99999999,0,0,54.44000002,0,0.479999998,0,1.6,22.44000003,0,0,0,0,10.03999996,0,0,0
37_37,0.602409639,177.1566265,7,1,17,6,0,11,8,4,4,566,356.36635,309.3502255,240.0047768,37.3230137,41,1.317073171,3483.470224,6.072222222,17,0,0,0,0,0,0,0,58.43999998,0,0,0,0,34.24000002,0,0,0,5.48,1.84,0,0,0
37_38,0.503355705,245.2684564,0,1,5,8,0,6,0,0,5,255,340.8169708,197.3080157,232.2492963,25.55031538,29,1.482758621,3239.752748,4.644444444,17,6.98E-10,0,0,0,4.759999999,0,0,8.679999968,0,0,0,0,86.56000003,0,0,0,0,0,0,0,0
37_39,0.25,299.1617647,0,1,3,2,1,4,0,0,3,373,81.46896963,210.2439492,211.8322366,18.95543842,35,1.571428571,3441.748287,3.15,17,0.68,0,0,0,0.84,0,0,0,0,0,0,0.160000006,97.19999999,0,0,0,0,1.120000006,0,0,0
37_40,0.133333333,328.2888889,1,1,6,2,6,5,3,3,6,374,53.65613581,196.2823085,127.1307523,20.52859749,11,1.818181818,2340.078738,2.688888889,16,0,0,0,0,0.959999997,0,0,31.08000002,11.47999999,0,0,11.24,17.27999996,0,0,0,0.120000003,27.84000002,0,0,0
37_41,0.012195122,385.3170732,13,0,21,6,3,8,7,1,9,456,233.0375164,175.6801248,233.1171791,29.43353854,34,1.441176471,3234.478445,2.744444444,16,2.200000021,0,0,0,8.96,0,0,1.279999985,1.999999989,0,0,32.12000002,30.56000003,0,0,0,9.319999997,13.55999997,0,0,0
37_42,0.073170732,410.4756098,0,0,9,5,1,5,4,3,7,678,162.8980428,250.2759001,236.1283989,25.09640492,47,1.340425532,4545.169176,2.827777778,18,1.679999978,0,0,0,6.600000012,0,0,0,0,0,0,52.36000004,38.43999997,0,0,0,0,0.92,0,0,0
37_43,0.06557377,461.2459016,0,0,2,2,0,3,0,0,7,623,147.585743,296.8617362,287.8586035,20.43347547,40,1.525,4418.228338,2.727777778,17,1.159999998,0,0,0,17.03999999,0,0,1.84000002,0,0,0,15.67999996,60.96000003,0,0,0,3.320000004,0,0,0,0
37_44,0.057142857,437,13,0,57,16,1,13,27,5,11,443,103.0548835,198.2539858,246.5737266,17.83808948,38,1.526315789,3857.012574,2.205555556,17,0,0,0,0,0,0,0,5.480000002,0,0,0,5.399999992,76.28000001,0,0,0,12.84,0,0,0,0
37_45,0.12195122,505.3658537,0,0,2,1,2,4,0,0,4,612,50.62006838,120.9902192,218.81079,15.34304217,19,2.052631579,4295.53463,1.916666667,16,0,0,0,0,2.680000009,0,0,51.75999999,0,0,0,7.159999993,28.87999992,0,0,0,9.520000093,0,0,0,0
37_46,0.041666667,468.9583333,1,0,1,1,0,7,0,1,2,7,23.87449286,32.0288061,67.57693455,13.68877146,6,2.5,2012.009602,1.372222222,16,66.40000006,0,0,0,3.999999994,0,0,0,0,0,0,10.44000001,0,0,0,0,19.15999993,0,0,0,0
37_47,0,508.4444444,0,1,2,0,0,5,1,1,0,80,10.66025454,28.42227171,42.38083083,12.31643639,9,1.444444444,1393.380777,0.838888889,16,47.7999999,0,0,0,10.75999999,0,0,0,0,0.6,0,24.08000004,0,0,0,0,0,16.76000007,0,0,0
37_48,0,623,0,0,0,0,0,0,0,0,2,3,4.069453378,5.740904026,10.10534332,11.91607605,0,0,0,0.477777778,15,17.91999999,0,0,0,11.44000001,0,0,0,0,0,0,2.519999987,0,0,0,0,0,68.12000002,0,0,0
37_49,0,619,0,0,0,0,0,0,0,0,0,1,3.797000662,1.785715586,6.785719227,12.341,0,0,0,0.277777778,14,62.92000003,0,0,0,8.720000008,1.44,0,0,0,0,0,0.360000006,0,0,0,0,0,26.55999996,0,0,0
37_50,0,596,0,0,0,0,0,0,0,0,0,6,3.797000662,1.785715586,6.785719227,12.341,0,1,574.7716993,0.3,13,94.80000001,0,0,0,0,1,0,0,0,0,0,4.199999993,0,0,0,0,0,0,0,0,0
37_51,0,468,0,0,0,0,0,0,0,0,0,28,4.813129075,7.198664966,17.09788877,12.15263038,3,1.666666667,583.0940805,0.438888889,13,82.99999997,0,0,0,0.080000004,6.24,0,0,0,0,0,10.68000003,0,0,0,0,0,0,0,0,0
37_52,0,466.6363636,0,0,2,0,2,1,0,0,2,48,8.490516117,20.86749062,43.52473649,11.89266504,8,1.75,1087.289494,0.344444444,12,57.64000002,0,0,0,21.20000001,0,0,0,0,0,0,21.15999997,0,0,0,0,0,0,0,0,0
37_53,0,511,0,0,0,0,3,0,2,0,0,13,5.772830757,2.522227448,8.827796067,12.672,1,1,38.95397926,0.405555556,11,75.52,0,0,0,12.2,5.96,0,0,0,0,0,6.32,0,0,0,0,2.68E-09,0,0,0,0
37_54,0,497.1428571,0,0,0,0,0,0,0,3,1,1,5.772830757,2.522227448,8.827796067,12.672,1,3,448.6492139,0.505555556,11,20.75999997,0,0,0,7.240000007,0.32,0,0,0,0,0,0.92,0,0,0,0,70.76000002,0,0,0,0
37_55,0.2,376.2,1,0,0,0,0,2,1,0,6,216,38.50482052,57.34549855,129.2117281,13.60488459,9,2.222222222,2022.351909,1.377777778,9,25.55999997,0,0,0,2.639999999,4.72,0,0,0,0,3,44.56000003,5.720000009,0,0,0,13.79999999,0,0,0,0
37_56,0.1,346.1428571,0,0,4,0,1,4,1,0,8,592,147.3738404,281.7433887,236.6273568,26.21504335,22,1.954545455,3842.188202,1.977777778,8,0,0,0,0,2.999999989,0,0,5.16,0,0,0,21.35999997,64.39999999,0,0,0,6.080000049,0,0,0,0
37_57,0.245614035,301.754386,0,0,12,1,5,5,5,0,10,43,91.916566,86.65917942,73.23403354,23.06275532,5,2,1330.961761,2.244444444,8,0,0,9.120000058,0,4.4,0,0,1.2,78.32000001,2.12,0,1.68,0,0,0,0,3.159999934,0,0,0,0
37_58,0.565217391,256,0,0,8,0,12,4,2,0,9,16,34.03570579,11.12021468,15.20498154,31.17775185,5,1.8,1451.75415,1.777777778,7,12.08,0,30.95999994,0,1.440000009,0,0,0.8,31.40000004,1.2,0,0.72,0,21.4,0,0,0,0,0,0,0
37_59,0.5,198.5,0,0,10,0,14,3,2,0,1,35,26.03030249,9.872465621,18.69597239,21.28273435,2,2.5,797.2132507,1.227777778,7,13.40000001,0,0,0,13.79999999,0,0,3.520000005,59.39999997,1.84,0,0,0,8.04000002,0,0,0,0,0,0,0
37_60,0.642857143,139.5714286,0,0,5,0,12,5,2,1,1,32,21.63407996,6.327950124,24.28949147,11.11481671,8,1.625,1587.593007,1.2,7,17.27999999,0,0,0,1.680000018,0,0,0.519999995,43.35999997,1.720000001,0,5.04,0,30.40000003,0,0,0,0,0,0,0
37_61,0.722222222,84.11111111,0,1,0,0,0,1,1,1,1,228,86.82148295,55.42919839,104.6595452,22.18549487,12,1.833333333,1563.276324,1.744444444,5,0.480000001,0,0,0,18.47999998,0,0,2.120000023,1.61E-09,0,0,19.56000003,13.72000001,40.35999996,0,0,0.400000005,4.879999999,0,0,0
37_62,0.684210526,120.1973684,10,2,21,5,3,6,3,1,8,423,82.81031816,149.5163453,122.5415777,28.01416691,39,1.307692308,3444.65871,2.105555556,5,1.399999996,0,0,0,2.560000001,0,0,10.27999997,2.560000005,0,0,19.39999999,52.20000002,0,0,0,6.639999998,4.960000017,0,0,0
37_63,0.646341463,145.2195122,1,1,7,1,3,4,0,4,6,261,35.89600838,101.6659164,49.31402483,29.2788773,18,1.277777778,1676.32286,2.227777778,4,4.200000019,0,0,0,5.60000001,0,0,12.32000001,6.320000019,1.440000002,0,9.79999998,15.31999998,0,0,0,0.119999997,44.87999998,0,0,0
37_64,0.679245283,146.5471698,1,0,12,1,20,7,3,2,5,203,121.7397894,139.717948,80.71559579,25.81465601,14,1.5,1835.242593,2.444444444,4,9.640000008,0.040000003,0,0,7.040000019,0,0,14.64,43.31999999,3.200000008,0,0,20.91999998,0,0,0,0,1.199999989,0,0,0
37_65,0.571428571,206.3246753,0,0,8,0,3,1,1,0,5,129,220.5929233,82.96641458,62.80190059,43.03353055,6,2,1108.800157,2.744444444,4,1.039999996,0.199999999,0,0,40.44000002,0,0,1.119999995,3.759999988,5.639999996,0,0,20.47999999,0,0,0,0,27.32000002,0,0,0
37_66,0.330508475,267.6440678,14,1,33,11,4,16,21,4,7,218,152.9779442,144.8167776,132.759824,34.67428169,32,1.46875,3521.271348,2.727777778,4,1.999999999,0,0,0,20.59999998,0,0,35.48000002,0,2.359999999,0,9.88000001,12.11999998,0,0,0,5.840000004,0.999999995,10.72000001,0,0
37_67,0.087719298,325.1052632,10,1,20,6,3,7,8,1,9,363,103.4243975,127.8092296,129.9319875,31.28293822,17,1.411764706,2453.914175,2.844444444,4,0.84,0,0,0,11.48000001,0,0,10.75999998,0,0,1.360000012,46.51999999,20.11999999,0,0,0,1.519999997,6.240000024,1.159999996,0,0
37_68,0.033898305,384.4576271,0,1,0,1,0,4,0,1,1,201,69.78205797,95.42400475,130.1080408,25.33246169,13,1.615384615,1402.669998,1.766666667,3,0,0,0,2.040000004,11.19999999,0,0,0,0,0,30.27999999,27.19999996,0,0,0,0,3.040000067,26.23999999,0,0,0
37_69,0.107142857,428.6071429,1,0,7,1,0,5,2,0,2,462,53.26310449,164.168584,250.7723312,21.37501045,31,1.322580645,3100.599852,1.055555556,3,5.919999999,0,0,0,16.64000003,0.52,0,0,0,1.280000006,0,8.319999995,63.20000003,0,0.4,0,3.559999938,0.160000004,0,0,0
37_70,0,421,0,0,0,0,0,1,0,0,5,11,2.126225181,16.19222111,29.19075794,18.31099021,15,1.6,3391.62018,0.372222222,3,11.36000003,0,0,0,25.51999999,0,0,0,0,2.799999995,0,1.240000003,2.079999986,0,20.8,0,28.27999998,7.920000005,0,0,0
37_9,0,375.6,0,0,0,0,2,0,0,0,0,14,50.0556689,15.42028804,22.50149454,29.27634638,2,3,776.5549722,1.761111111,6,75.39999998,0,0,0,11.36,5.600000009,0,0,0,0.6,0,5.360000002,0.920000011,0,0.759999994,0,0,0,0,0,0
38_10,0.230769231,306.4615385,0,0,0,0,1,1,0,0,0,20,18.22470941,4.589738908,16.1908571,22.83098578,5,2.2,1328.736678,2.516666667,9,87.20000001,0,0,0,0.48,2.56,0,0,0,0,0,9.75999999,0,0,0,0,0,0,0,0,0
38_11,0.361111111,277.1018519,0,0,1,1,0,2,0,0,2,258,160.8037212,131.6531676,108.9455762,45.2366566,31,1.451612903,3401.561357,4.316666667,9,42.83999994,0,0,0,10.6,2.76,0,0,0,0,0,6.919999997,36.88000006,0,0,0,0,0,0,0,0
38_12,0.405128205,263.0051282,0,1,7,3,0,5,3,1,6,595,315.8242651,501.1356405,110.7908725,59.1534791,39,1.564102564,3943.940518,4.55,9,0.48,0,0,0,6.040000028,0,0,9.68,0,1.560000003,0,20.16,58.79999996,0,0,0,0,3.280000003,0,0,0
38_13,0.574468085,183.4787234,1,0,10,4,9,6,1,0,8,514,131.6071314,155.6691845,131.820722,28.28111204,53,1.396226415,4405.286242,4.205555556,9,0,0,0,0,11.92000001,0,0,10.4,6.920000003,2.2,0,18.28000003,47.91999995,0,0,0,1.840000001,0.520000014,0,0,0
38_14,0.519230769,179.7115385,0,4,8,5,5,5,3,1,5,92,86.3908066,83.99506119,55.49100326,28.86912129,4,2,847.9654882,3.561111111,10,0,0,0,0,27.99999999,0,0,0,20.48000005,3.719999999,0,21.83999998,1.32,0,0,0,0.12,24.51999998,0,0,0
38_15,0.682926829,140.2439024,9,0,26,5,13,9,14,1,5,248,136.5341471,123.7174629,84.24741337,28.06047222,24,1.458333333,2840.681663,3.988888889,10,1.12,0,0,0,8.559999983,0,0,14.16000003,55.99999996,0.599999999,0,2.800000005,0,0,0,0,16.76000002,0,0,0,0
38_16,0.533333333,141,5,1,26,1,8,8,8,2,13,636,243.6055378,236.8537427,181.1702688,28.54269652,26,1.461538462,3115.575672,4.205555556,12,0,0,0,0,8.680000013,0,0,42.11999997,15.12000003,0.360000001,0,4.479999996,6.040000006,0,0,0,17.39999998,5.800000004,0,0,0
38_17,0.61627907,222.0116279,23,0,43,10,26,10,27,1,5,567,207.8001078,127.9317904,89.07202665,26.60126225,26,1.5,2997.038099,4.433333333,14,0,0,0,0,4.719999986,0,0,27.24000004,28.23999997,0.239999999,0,10.04,16.24,0,0,0,12.8,0.479999996,0,0,0
38_18,0.614678899,285.7798165,16,1,22,2,8,15,10,7,14,661,216.6098197,176.4138645,107.4088399,28.9365619,26,1.846153846,3401.103566,4.355555556,15,0,0,0,0,5.880000007,0.84,0,38.67999996,6.04000001,0,0,17.28000003,11.52,0,0,0,14.15999999,2.840000003,2.76,0,0
38_19,0.510416667,279.8125,0,0,5,0,3,6,1,0,4,806,221.3346223,277.8087902,199.5440261,30.4967865,33,1.515151515,3933.745314,5.394444444,15,1.800000006,0,0,0,4.599999993,0,0,45.40000004,0.59999999,0,0,24.07999996,23.44000001,0,0,0,0,0.079999997,0,0,0
38_20,0.529411765,193.3529412,0,2,4,4,0,11,2,1,6,456,346.6887354,131.3871911,107.7042142,18.87349975,23,1.695652174,3137.989589,6.227777778,16,3.359999995,0,0,0,0,0,0,31.31999998,0,0,0,61.44000004,3.879999989,0,0,0,0,0,0,0,0
38_21,0.67768595,117.4380165,0,3,1,3,0,4,0,2,3,275,216.5937757,63.70162703,153.4242668,19.75766876,20,1.8,2978.95154,5.838888889,16,0,0,0,0,7.880000008,0,0,14.75999998,0,0.48,0,55.40000002,13.91999999,0,0,0,0,7.56,0,0,0
38_22,0.835616438,67.30136986,1,2,7,5,0,6,0,2,4,151,33.38969487,36.42704837,74.4366129,16.74887336,13,2.230769231,2148.370292,4.455555556,17,0,0,0,0,9.159999992,0,0,1.879999996,2.32,0,27.20000007,40.03999994,0,0,0,0,7.8,11.6,0,0,0
38_23,0.55,140.85,5,8,3,4,0,2,1,3,6,102,0,15.28036213,15.78018217,12.334,13,1.769230769,1656.754446,3.577777778,18,0,0,0,0,16.52000003,0,0,0,0,2.760000016,73.99999996,6.279999999,0,0,0,0,0,0.44,0,0,0
38_24,0.615384615,228.1538462,0,1,2,1,0,2,0,2,4,44,0,8.929997018,8.641932598,12.334,6,2,1034.977477,2.6,17,0,0,0,0,31.47999999,0,0,0,0,19.39999998,40.76,2.320000011,0,0,0,0,0.320000007,5.720000013,0,0,0
38_25,0.360824742,269.5360825,1,1,1,0,0,0,1,0,4,33,0,20.81690271,49.4809841,12.334,7,1.428571429,1540.669096,2.85,19,0,0,0,0,35.71999999,0,0,0,0,7.04,2.119999987,37.64000003,0,0,0,0,7.719999998,9.759999992,0,0,0
38_26,0.487179487,205.1367521,0,1,1,6,0,4,0,0,4,111,19.01965661,31.0264437,76.81522447,11.13529631,18,1.333333333,1980.222342,4.038888889,19,0,0,0,0,5.83999999,0,0,0,0,0.399999999,27.32000004,58.07999998,0.040000002,0,0,0,8.319999993,0,0,0,0
38_27,0.627737226,151.7737226,20,7,115,34,6,26,8,5,7,151,84.32221056,33.56931697,40.68784893,9.974952879,18,2,2936.045589,9.383333333,19,0,0,0,0,2.640000004,0,0,37.96,0,0,17.39999999,9.519999946,26.88,0,0,0,1.800000049,0,3.800000003,0,0
38_28,0.729641694,97.24104235,13,4,65,6,3,14,2,13,13,204,328.4229259,407.627604,107.3434255,52.45476459,33,1.606060606,3902.705221,10.93333333,19,0,0,0,0,4.840000005,0,0,53.92,2.04,0,0,15.48000002,6.920000018,0,0,0,12.83999995,3.520000017,0.439999991,0,0
38_29,0.756097561,91.80894309,6,2,13,4,9,15,5,1,7,267,608.917971,459.6541724,123.830645,50.16388626,48,1.416666667,4039.432633,11.65555556,19,0.56,0,0,0,1.15E-09,0,0,9.039999996,9.280000009,1.76,0,14.24000002,51.99999996,0,0,0,9.920000006,3.200000003,0,0,0
38_30,0.630573248,105.8216561,5,3,22,10,22,9,9,0,9,262,429.1528172,331.8020257,129.3378579,50.2107169,20,1.9,3095.985517,11.48333333,19,0,0,0,0,0.279999997,0,0,9.199999965,28.00000004,3.480000006,0,41.04,0,0,0,0,15.11999999,0,0,2.88,0
38_31,0.484848485,163.5050505,1,1,15,5,16,5,3,2,6,392,263.6811133,256.772526,113.0683835,45.86070321,33,1.545454545,3558.415756,12.56666667,20,0,0,0,0,0,0,0,11.31999999,24.00000001,2.759999998,1.120000015,26.15999997,29.16000003,0,0,0,4.519999994,0.48,0,0.48,0
38_32,0.391304348,227.8695652,0,3,10,1,3,6,3,2,10,592,257.7916835,341.6638748,111.5207289,42.41248488,39,1.358974359,3502.884412,13.27777778,20,0,0,0,0,0.76,0,0,4.760000025,16.23999998,1.240000002,1.08,9.319999993,58.48,0,0,0,8.12000001,0,0,0,0
38_33,0.382022472,217.005618,2,0,10,1,16,11,4,0,1,301,339.4012787,261.8048491,95.75745743,59.9583807,29,1.482758621,2716.155222,12.81666667,19,0,0,0,0,6.24,0,0,33.75999999,46.60000003,0,0,1.599999999,7.159999992,0,0,0,4.639999995,0,0,0,0
38_34,0.50212766,182.7148936,3,4,17,13,8,10,9,0,10,415,327.6809077,295.6640217,120.8154874,61.79651419,25,1.76,3401.681241,11.73888889,18,0,0,0,0,0.56,0,0,37.15999999,3.67999998,0,0,19.2,29.36000002,0,0,0,10.04000001,0,0,0,0
38_35,0.33490566,216.4386792,0,1,4,1,0,4,1,0,4,466,288.4463636,400.4648211,177.0768863,55.79283061,18,1.888888889,3093.162628,10.74444444,17,0,0,0,0,1.839999993,0,0,42.87999996,0,0,0,29.76,9.680000005,0,0,0,8.680000002,7.160000036,0,0,0
38_36,0.188888889,233.9222222,0,3,0,0,0,2,0,0,3,84,191.117226,141.1478864,51.50795412,50.60385854,16,1.8125,2321.369885,8.405555556,18,0,0,0,0,18.88000001,0,0,0,0,7.239999995,0,13.35999999,2.24000002,0,0,0,9.719999995,48.55999999,0,0,0
38_37,0.432258065,228.6774194,0,0,4,13,0,5,0,0,10,490,239.8855536,295.2868672,178.2112975,39.28926243,33,1.515151515,3813.120246,5.294444444,17,0.68,0,0,0,6.039999983,0,0,46.64000003,0,0,0,7.279999983,34.08,0,0,0,5.28,0,0,0,0
38_38,0.242857143,286.7714286,1,0,8,7,1,4,5,3,6,366,128.7809687,245.3271877,166.8163256,24.7471642,32,1.4375,3295.682017,4.377777778,17,0,0,0,0,0.840000003,0,0,5.679999999,0,0,0,34.95999997,49.80000004,0,0,0,0,8.719999984,0,0,0
38_39,0.086956522,341.673913,0,1,1,1,0,5,1,0,1,494,59.59340812,225.5635924,137.409087,16.84421454,13,1.692307692,2393.685352,2.738888889,17,0,0,0,0,6.640000003,0,0,44.92,0.760000015,0.999999999,0,0,39.03999997,0,0,0,3.640000001,4.000000013,0,0,0
38_40,0.103448276,417.637931,0,0,20,4,26,5,4,2,1,415,74.70525952,155.629658,98.39244973,20.38700766,22,1.545454545,3027.62384,2.683333333,17,0,0,0,0,5.039999987,0,0,2.279999994,42.16,0,0,4.919999995,32.76000004,0,0,0,8.839999998,3.999999988,0,0,0
38_41,0.082352941,422.7764706,0,0,3,2,3,3,2,0,2,842,164.515318,310.8931596,227.6330826,30.33297774,41,1.43902439,4822.01922,3.038888889,15,0,0,0,0,8.48000059,0,0,27.12,1.59999999,0,0,27.36000113,27.47999998,0,0,0,0.119999999,7.839999185,0,0,0
38_42,0.035087719,453.3333333,2,0,4,2,1,5,1,1,3,740,133.1317423,275.1306453,257.6823573,24.54902384,26,1.692307692,4035.884435,3.372222222,17,0,0,0,0,1.119999993,0,0,3.839999999,0,0,0,12.47999998,76.64000003,0,0,0,5.920000004,0,0,0,0
38_43,0.056603774,483.3962264,0,0,6,3,1,4,0,0,2,932,141.9137452,307.1511809,283.6644427,21.49670355,69,1.333333333,5791.685443,2.75,17,0.440000002,0,0,0,0,0,0,0,0,0,0,0,95.24,0,0,0,4.319999995,0,0,0,0
38_44,0.03125,468.375,0,0,2,2,0,4,0,1,4,448,84.81386772,160.5812041,173.6451679,20.11820313,29,1.482758621,3882.592386,2.205555556,17,9.599999997,0,0,0,15.24000005,0,0,11.84,0,0,0,13.88000001,43.23999995,0,0,0,6.200000001,0,0,0,0
38_45,0.068181818,463.6590909,0,0,1,3,0,1,0,0,0,94,41.37234403,86.59548618,108.8989754,13.16147406,11,1.727272727,2465.391722,1.633333333,16,34.16000005,0,0,0,28.43999994,0,0,3.120000007,0,1.280000009,0,11.88,9.159999982,0,0,0,11.96,0,0,0,0
38_46,0.172413793,603.7241379,0,0,0,0,0,0,0,0,0,7,18.39853489,64.62910362,16.06638766,10.78716233,5,1.8,909.8943612,1.216666667,16,50.08,0,0,0,38.44000002,1.08,0,0,1.12,7.359999987,0,1.799999999,0,0,0,0,0.119999995,0,0,0,0
38_47,0,641.7777778,0,0,0,0,0,2,0,0,1,2,15.00538587,6.022444383,17.60911186,11.14417089,1,3,384.3044878,0.833333333,16,38.32,0,0,0,59.92,0,0,0,0,0,0,1.76,0,0,0,0,0,0,0,0,0
38_48,0,594.3636364,0,0,0,0,0,2,0,2,1,9,14.99277157,6.017676223,17.59693084,11.14551784,4,1.5,1011.141077,0.527777778,15,80.76000002,0,0,0,5.119999944,0,0,0,0,0,0,7.520000041,0,0,0,0,0,6.6,0,0,0
38_49,0,619.6,0,0,0,0,0,0,0,0,0,9,3.797000662,1.785715586,6.785719227,12.341,1,3,688.0776358,0.388888889,14,89.20000004,0,0,0,1.639999997,2.680000001,0,0,0,0,0,6.479999967,0,0,0,0,0,0,0,0,0
38_50,0,607.6666667,0,0,0,0,0,1,0,0,0,7,3.797000662,1.785715586,6.785719227,12.341,2,2.5,881.8193837,0.327777778,13,94.52000001,0,0,0,0,0,0,0,0,0,0,5.479999995,0,0,0,0,0,0,0,0,0
38_51,0,536.5,0,0,0,0,0,0,0,0,0,4,3.797000662,1.785715586,6.785719227,12.341,0,1,509.725976,0.322222222,12,95.63999999,0,0,0,0,0.200000011,0,0,0,0,0,4.16,0,0,0,0,0,0,0,0,0
38_52,0.166666667,501.1666667,2,1,2,0,0,0,3,0,2,18,5.210403317,2.312576586,8.246511243,12.57777961,5,1.6,899.8930125,0.25,11,76.76000001,0,0,0,7.24,4.159999989,0,0,0,0,0,11.84,0,0,0,0,0,0,0,0,0
38_53,0,499,0,0,0,0,0,0,0,0,0,0,5.775184482,2.533471795,8.854709415,12.66510796,0,0,0,0.333333333,11,78.87999998,0,0,0,21.12000002,0,0,0,0,0,0,0,0,0,0,0,0,0,0,0,0
38_54,0.111111111,443.7777778,0,0,1,0,1,2,0,0,0,9,6.214922063,21.39647329,33.40720608,11.37749408,1,1,19.81290115,0.461111111,11,78.20000001,0,0,0,9.879999978,6.16,0,0,0,0,0,5.760000009,0,0,0,0,0,0,0,0,0
38_55,0.133333333,360.9333333,0,0,2,0,0,3,0,1,3,179,58.14793582,87.92524278,150.6279227,13.32983808,12,2.166666667,2546.396283,1.344444444,10,20.95999994,0,0,0,0.52,0,0,9.16,0,0,40.60000003,9.240000011,19.28000002,0,0,0,0,0.24,0,0,0
38_56,0.118644068,306.7288136,0,0,6,3,1,5,2,1,10,565,112.6679414,156.803208,292.1808219,19.24273451,35,1.542857143,3968.848565,2.327777778,8,0.040000001,0,0,0,0.320000021,0,0,3.16,0,0,2.879999973,32.11999998,48.28,0,0,0,13.20000002,0,0,0,0
38_57,0.466666667,251.8111111,0,0,16,9,10,7,4,5,5,80,15.66809092,25.46371805,160.3399987,8.464421171,14,1.5,1978.384199,2.544444444,7,1.159999999,0,0.800000007,0,12.47999998,0,0,3.200000013,20.32000001,0.040000001,0,8.759999999,9.760000001,0,0,0,5.119999976,38.36000001,0,0,0
38_58,0.603773585,204.5660377,2,0,19,2,16,7,6,1,4,332,16.84921267,68.35144181,80.90451788,8.987065067,38,1.342105263,3423.2391,2.355555556,7,1.6,0,2.119999993,0,0.120000008,0,0,37.51999999,34.80000004,0.439999999,0,2.76,16.63999998,0,0,0,0,3.999999986,0,0,0
38_59,0.581395349,143.4651163,0,3,21,0,23,9,7,1,3,113,68.36413477,105.1997863,85.04734332,12.51242746,19,1.473684211,2601.343999,1.688888889,7,1.04,0,0,0,12.27999999,0,0,6.520000017,68.91999998,0,0,9.72,1.520000008,0,0,0,0,0,0,0,0
38_60,0.705882353,91.90196078,0,0,12,0,4,6,7,0,10,279,153.2226939,118.3192778,170.6545666,19.89417198,17,1.764705882,2259.534796,1.538888889,7,27.40000002,0,0,0,1.30E-09,0,0,4.599999981,27.11999998,0,0,2.29E-10,40.68000002,0.2,0,0,0,0,0,0,0
38_61,0.531914894,41.12765957,1,0,5,0,2,4,2,0,6,246,83.8348342,66.57299095,103.6679535,19.83462787,23,1.565217391,2552.734782,2.15,5,25.15999998,0,0,0,6.079999999,1.68,0,2.200000016,3.799999982,0,0,33.72000005,20.71999997,5.760000001,0,0,0,0.880000001,0,0,0
38_62,0.714285714,74.6547619,2,1,6,3,0,3,5,1,3,577,161.1551853,189.3095836,204.4193616,25.42289781,33,1.515151515,3712.461122,2.372222222,5,0,0,0,0,0,0,0,16.04000001,0,0,0,39.35999994,42.36000004,0,0,0,1.63E-09,2.24,0,0,0
38_63,0.666666667,104.04,6,0,5,7,0,5,2,1,8,471,112.2504928,205.1545055,233.8161169,20.72678917,34,1.411764706,3505.051456,2.605555556,5,0,0,0,0,0.120000003,0,0,32.35999997,0,0,3.080000022,28.76000002,22.83999998,0,0,0,6.800000003,6.04000001,0,0,0
38_64,0.583333333,179.65,0,0,3,1,0,3,0,0,2,501,68.8629273,180.9066114,257.8185524,19.81747517,27,1.481481481,2850.50393,2.5,4,0,0,0,0,2.559999997,0,0,13.16000002,0,0,27.39999997,17.23999998,39.40000004,0,0,0,0.239999995,0,0,0,0
38_65,0.511904762,204.9642857,2,0,5,0,3,6,0,0,8,405,117.2370338,168.6587043,245.0111221,27.66140022,36,1.444444444,3165.347733,2.394444444,4,11.44,0,0,0,0,0,0,3.799999977,1.55E-09,1.36,0,0,77.60000002,0,0,0,5.800000004,0,0,0,0
38_66,0.291139241,242.2278481,0,0,10,1,0,7,1,0,6,515,150.8015646,244.8604193,187.0251521,39.42599041,20,1.65,2819.676794,2.361111111,4,7.759999974,0,0,0,0.44,0,0,0,0,2.360000001,0,32.84000003,55.6,0,0,0,0.999999996,0,0,0,0
38_67,0.078431373,283.5686275,0,1,15,2,3,3,4,2,6,550,117.2249469,256.2877234,184.5497831,37.00666071,24,1.708333333,3615.05649,2.166666667,3,0.519999998,0,0,0,0.84,0,0,0,9.920000028,0.239999997,0,11.88000001,70.39999997,0,0,0,0,6.2,0,0,0
38_68,0.028571429,323.9428571,1,2,12,1,14,3,3,0,6,339,85.69379627,120.5801095,122.7576216,27.96468235,33,1.484848485,3877.469527,1.383333333,3,1.32,0,0,0,7.480000003,0,0,4.199999999,29.75999996,1.44,0,35.36,14.31999997,0,0,0,6.120000068,0,0,0,0
38_69,0,356.4166667,0,1,1,0,0,0,0,0,1,36,4.125064978,16.57389645,22.61418466,16.59875739,14,1.571428571,1878.373753,0.811111111,3,59.72000005,0,0,0,5.480000008,5.2,0,0,7.959999995,0,0,7.000000002,0,0.279999999,0,0,14.35999995,0,0,0,0
39_11,0.25,302.5833333,0,0,0,0,0,0,0,0,0,4,28.71668262,10.28908267,20.99744889,24.117929,2,3.5,1124.153439,2.522222222,9,75.55999996,0,0,0,12.92000001,0,0,0,0,0,0,0.680000003,1.000000007,0,0,0,0,9.840000025,0,0,0
39_12,0.336363636,317.4545455,0,0,9,0,0,6,0,0,4,214,178.5027119,303.8057945,91.56237035,36.34242448,27,1.296296296,2762.560911,3.544444444,9,21.15999998,0,0,0,5.439999988,0,0,0,0,0,0,18.56,29.00000007,0,0,0,0,25.83999997,0,0,0
39_13,0.472972973,255.1891892,2,0,11,5,1,8,4,0,7,503,187.9008599,243.8908165,230.0524269,33.33307663,50,1.48,4437.29098,4.138888889,9,1.36,0,0,0,5.519999996,0,0,0,2.079999997,0,0,21.44000006,69.59999994,0,0,0,0,0,0,0,0
39_14,0.456140351,264.8947368,0,0,4,1,1,2,0,0,4,786,173.0981744,245.6024614,222.5265252,31.12104726,42,1.619047619,4806.506421,3.65,9,0.68,0,0,0,5.880000019,0,0,0,0.760000011,0.560000007,0,18.63999998,73.47999998,0,0,0,0,0,0,0,0
39_15,0.301886792,262,0,1,13,0,7,10,0,0,11,100,150.9093861,109.7734222,101.0340182,39.14708887,16,1.3125,1626.819673,3.927777778,10,2.16,0,0,0,36.56,0,0,0,32.96000001,14.32,0,12.96,0,0,0,0,0,1.04,0,0,0
39_16,0.330097087,274.7378641,0,1,8,2,6,11,1,1,7,349,184.8640093,213.1497917,116.2092117,38.24205253,18,1.444444444,1699.160272,4.161111111,13,0,0,0,0,22.2,0,0,0,16.03999998,1.279999997,0,17.51999998,30.24000004,0,0,0,9.520000009,3.2,0,0,0
39_17,0.464646465,220.5656566,0,0,16,1,5,10,2,0,3,553,188.2592873,230.1063221,164.4820293,33.38562525,43,1.348837209,3803.672359,4.65,13,0,0,0,0,7.199999986,0,0,14.28000001,12.32000002,0,0,0.119999997,58.84,0,0,0,7.239999991,0,0,0,0
39_18,0.482142857,323.9732143,5,1,7,2,1,4,1,2,2,424,166.8041558,179.1633653,146.4073286,25.98000142,25,1.56,2576.253436,5.033333333,14,2.82E-11,0,0,0,5.240000008,0.04,0,1.839999997,3.359999987,0,0,5.16000003,56.95999996,0,0,0,1.640000011,25.76,0,0,0
39_19,0.430851064,302.75,4,0,17,3,6,4,9,0,9,360,238.138127,170.8603861,169.4094105,34.31566535,25,1.64,2388.427116,4.727777778,14,0,0,0,0,25.44,0,0,21.16000001,7.839999992,0,0,35.16000001,0.199999996,0,0,0,5.999999992,4.200000006,0,0,0
39_20,0.356687898,247.6687898,0,0,6,5,2,9,1,0,6,570,291.4501693,222.9969893,138.4657068,28.87213663,18,1.722222222,2850.099496,4.283333333,14,1.48,0,0,0,0.439999996,0,0,28.59999999,1.52,0,0,42.32,18.04000002,0,0,0,5.200000001,2.400000003,0,0,0
39_21,0.538461538,214.7692308,3,1,7,6,2,3,3,1,4,451,135.1668745,121.5436379,204.7903232,22.73806836,39,1.205128205,3373.845665,3.561111111,14,1.4,0,0,0,2.52,0,0,0,0,0.76,0,32.72000001,48.68,0,0,0,5.08,8.839999991,0,0,0
39_22,0.612244898,163.6326531,3,0,7,6,0,9,1,2,7,275,117.0140219,107.595953,113.9178347,19.14021541,14,2.071428571,2711.291461,2.427777778,15,0,0,0,0,0.800000004,0,0,0.92,0,0,1.37E-09,72.15999998,2.719999979,0,0,0,4.080000004,19.32000003,0,0,0
39_23,0.756756757,170,0,1,2,4,1,4,0,0,9,34,3.232931116,20.85057793,20.77071632,12.44494764,5,1.8,1242.735218,3.2,18,0,0,0,0,31.72000003,0,0,0,0,2.12000001,4.759999998,19.95999998,0.32,0,0,0,9.559999992,31.55999999,0,0,0
39_24,0.731707317,306.8536585,0,2,0,1,0,1,0,1,1,9,39.45314336,38.08869173,34.11962376,14.12557991,2,2.5,541.5884055,3.388888889,19,0,0,0,0,21.27999998,0,0,0,0,5.199999994,0,11.51999999,0,0,0,0,0,62.00000004,0,0,0
39_25,0.517241379,230.0344828,0,4,4,1,0,4,0,2,4,74,64.03101619,52.85596199,100.7399967,17.97825705,12,1.916666667,1931.732527,4.138888889,19,0.8,0,0,0,22.72,0,0,0,0,0,0,52.88000005,0,0,0,0,0,23.59999994,0,0,0
39_26,0.446808511,217.7021277,1,1,7,3,0,3,3,2,4,210,34.05050397,129.8883033,132.8169761,14.62612285,15,1.466666667,2299.325416,4.961111111,18,0,0,0,0,7.039999987,0,0,0,0,0,0,75.60000001,11.83999999,0,0,0,5.520000009,0,0,0,0
39_27,0.68707483,164.2517007,2,6,50,22,0,14,3,2,12,182,165.7442194,78.56320527,117.2789749,20.53135754,27,1.851851852,3295.634384,11.56666667,18,0,0,0,0,0,0,0,39.20000004,0,0,4.480000011,43.71999996,3.959999982,0,0,0,8.239999998,0,0.400000006,0,0
39_28,0.737166324,121.1355236,38,8,32,12,2,7,6,11,25,146,624.908302,329.7255147,121.6876941,40.73230763,52,1.788461538,5454.841076,13.83333333,18,0.96,0,0,0,0,0,0,59.88000001,0,0,7.75999999,0,8.16000001,0,0,0,21.48,1.519999998,0.24,0,0
39_29,0.644067797,179.1389831,27,8,55,9,2,9,4,9,31,130,922.9036265,285.5109043,105.1954365,38.80858041,38,1.578947368,3099.176623,16.37222222,18,0,0,0,0,0.200000002,0,0,60.63999994,0,6.52,14.72,7.160000038,6.120000018,0,0,0,4.640000003,0,0,0,0
39_30,0.651260504,153.7268908,3,2,54,9,20,13,6,2,7,314,415.6042216,291.5103922,94.20666174,31.25654454,54,1.592592593,5092.957826,11.89444444,18,0,0,0,0,0.079999999,0,0,68.56000004,13.23999999,0,0,14.71999997,0,0,0,0,3.400000009,0,0,0,0
39_31,0.607142857,168.922619,8,5,47,6,44,18,6,1,13,164,270.1151168,125.9466766,53.32389212,32.98393506,39,1.512820513,3973.543499,10.67777778,17,0,0,0,0,0.200000007,0,0,46.35999993,17.80000003,0,0,19.36000004,1.57E-09,0,0,0,6.44,0,0,9.839999994,0
39_32,0.42364532,216.1231527,0,0,28,8,23,7,10,0,8,230,330.7834218,244.1001351,63.65050084,42.98813426,31,1.580645161,3768.39652,9.672222222,17,0,0,0,0,15.91999999,0,0,13.00000002,24.87999998,0,0,1.119999991,25.76000003,0,0,0,10.48,0,0,8.839999998,0
39_33,0.374468085,209.8765957,4,2,24,4,15,8,11,0,10,276,393.9045499,334.9863282,147.1993449,58.29161467,43,1.627906977,4964.560129,12.05555556,17,0.96,0,0,0,1.480000005,0,0,25.88000001,25.43999999,0,3.68,0,26.68,0,0,0,13.72,0.480000012,0,1.679999986,0
39_34,0.496268657,182.0130597,8,3,22,6,10,14,14,0,11,587,561.1161651,554.7015275,199.1448076,64.14639687,40,1.475,4138.410637,10.72222222,19,0,0,0,0,1.079999998,0,0,75.68000001,3.800000002,0,0,3.600000012,7.519999998,0,0,0,0.919999998,7.39999998,0,0,0
39_35,0.390029326,203.797654,0,2,5,6,1,10,1,0,3,443,419.2217627,373.0985197,174.304746,61.25122815,28,1.535714286,3532.257072,11.17777778,18,0,0,0,0,4.000000005,0,0,51.11999998,0,0,0,1.760000016,43.12,0,0,0,0,0,0,0,0
39_36,0.193939394,259.0363636,0,1,8,6,0,9,3,0,7,599,333.3132428,468.2648288,195.1461996,50.19149936,38,1.5,3864.108109,8.811111111,19,0.56,0,0,0,4.840000018,0,0,45.95999997,0,0.960000007,0,4.160000002,40,0,0,0,0.040000001,3.480000002,0,0,0
39_37,0.197183099,274.9225352,1,0,6,1,1,4,0,1,5,583,252.4341837,324.6970885,189.2794276,38.3212564,47,1.361702128,4204.115805,5.616666667,18,0.4,0,0,0,3.919999998,0,0,31.91999998,0,0,0,7.120000024,42.51999998,0,0,0,13.32,0.800000014,0,0,0
39_38,0.102564103,340.2051282,0,1,0,0,0,2,2,6,1,215,178.7503428,165.6020873,77.02176543,29.24240375,18,1.444444444,1781.663756,4.116666667,17,0,0,0,0,0.839999994,0,0,5.719999974,0,0,0,26.52000001,0.840000013,0,0,0,14.44,51.64000001,0,0,0
39_39,0.043478261,394,0,0,0,0,0,1,0,0,2,48,81.98059976,116.7153435,66.22243372,23.1679528,2,1.5,305.9827744,2.388888889,17,0,0,0,0,9.640000014,0,0,4.600000007,0,2.120000001,0,2.119999985,3.6,0,0,0,5.719999997,72.2,0,0,0
39_40,0.219512195,412.6585366,0,0,3,1,0,2,0,0,4,590,81.67286167,236.2457377,131.0704123,22.93303517,33,1.454545455,3636.878549,2.672222222,16,0,0,0,0,5.519999998,0,0,5.280000014,0.600000009,0,0,23.92,28.88000004,0,0,0,0,35.79999994,0,0,0
39_41,0.064516129,427.9354839,4,0,10,9,0,4,5,0,5,743,100.2343929,273.7192487,227.2770996,29.22196976,46,1.369565217,4720.113726,3.272222222,16,0,0,0,0,4.28,0,0,3.879999987,0,0.72,0,57.92000004,25.39999997,0,0,0,7.800000003,0,0,0,0
39_42,0.08988764,428.3146067,3,0,13,5,1,3,3,0,4,828,129.7828664,301.2060427,235.6901297,22.9314806,42,1.619047619,5115.933711,3.4,16,0,0,0,0,0,0,0,11.36,0,0,0,43.19999997,43.68000004,0,0,0,1.759999996,0,0,0,0
39_43,0.032258065,459.2419355,4,1,8,1,0,2,2,1,3,602,119.7498468,244.3957742,162.0099915,22.67444158,28,1.928571429,4147.325184,2.783333333,16,6.56,0,0,0,11.12000001,0,0,3.600000014,0,0,0,27.27999999,47.11999998,0,0,0,4.320000004,0,0,0,0
39_44,0.023809524,473.7857143,0,0,6,0,0,3,2,0,4,466,83.34625447,147.1238006,123.3164044,23.54263474,32,1.4375,4195.015369,1.916666667,17,6.08000001,0,0,0,23.52000003,0,0,1.919999986,0,0,0,42.03999998,13.27999999,0,0,0,13.16000001,0,0,0,0
39_45,0,476.125,0,0,3,1,0,2,0,0,6,156,49.39540656,94.98840174,72.20832264,12.73017806,16,1.5,2519.126404,1.711111111,17,3.159999991,0,0,0,50.67999999,0,0,0,2.68,14.08,0,8.639999999,15.20000003,0,0,0,5.559999987,0,0,0,0
39_46,0.03125,554,0,0,4,0,0,3,0,0,2,599,39.88262278,263.4339958,184.7065775,9.245793291,34,1.352941176,3438.096431,1.622222222,16,0.520000003,0,0,0,24.48,0,0,20.08000001,0,0.039999999,0,15.03999999,39.84,0,0,0,0,0,0,0,0
39_47,0.037037037,508,0,0,4,0,0,2,0,0,1,366,42.17809284,84.07900197,183.8339223,9.502058736,14,1.714285714,1901.666281,1.266666667,16,10.28000003,0,0,0,21.44,0,0,10.47999997,0,0,25.88000003,0,31.91999996,0,0,0,0,0,0,0,0
39_48,0.125,565.5,0,0,0,1,1,4,0,1,3,30,22.65231158,9.646464671,25.96106494,10.3276337,9,1.666666667,1681.535343,0.9,15,60.64000001,0,0,0,10.32000001,3.720000003,0,0,0,0,12.31999996,11.56,0,0,0,0,0,1.440000013,0,0,0
39_49,0,604.8,0,0,0,0,0,3,0,0,3,92,3.797000662,1.785715586,6.785719227,12.341,5,1.4,1076.374553,0.661111111,14,51.84000004,0,0,0,17.23999997,0.440000001,0,0,0,3.08,0,25.6,0,0,0,0,0,1.799999987,0,0,0
39_50,0.071428571,598.2857143,0,0,0,0,0,0,3,0,1,24,3.797000662,1.785715586,6.785719227,12.341,5,1.8,1260.517168,0.561111111,12,79.59999999,0,0,0,0,5.199999996,0,0,0,1.48,0,13.72000001,0,0,0,0,0,0,0,0,0
39_51,0,538.25,0,0,0,0,2,1,0,0,2,15,3.766826103,2.168598258,7.475016478,12.08989561,3,2.666666667,858.9283278,0.461111111,11,81.24000001,0,0,0,5.680000005,5.120000001,0,0,0,0,0,7.959999984,0,0,0,0,0,0,0,0,0
39_52,0,502.875,0,0,1,0,0,0,0,0,5,46,6.654796248,7.8968319,21.59788751,9.281679875,5,2.4,1102.307676,0.305555556,11,61.11999997,0,0,0,18.16,0,0,0,0,0,0,20.72000002,0,0,0,0,0,0,0,0,0
39_53,0.142857143,433,0,0,0,0,0,1,0,0,2,47,7.605920324,11.27936622,29.788011,7.304454258,0,1,539.7078266,0.311111111,11,63.12000002,0,0,0,9.079999996,2.2,0,0,0,0,0,25.59999999,0,0,0,0,0,0,0,0,0
39_54,0.090909091,395.5454545,0,0,0,0,0,1,1,0,4,142,7.662558557,45.31822284,67.72318404,7.251511798,7,1.571428571,1541.524225,0.388888889,11,37.03999995,0,0,0,4.479999996,0.76,0,0,0,0,0,40.92000001,16.80000005,0,0,0,0,0,0,0,0
39_55,0.3,338.25,0,0,9,1,1,3,0,1,2,434,16.87385052,132.3060117,180.8248051,7.703923109,30,1.566666667,3391.931013,1.038888889,9,1.92,0,0,0,0,0,0,5.44E-09,0,0,0,23.04000001,72.39999999,0,0,0,0,2.64,0,0,0
39_56,0.391304348,288.4565217,0,0,4,1,0,8,1,0,6,462,25.53041244,119.6262097,312.9653139,7.710932109,32,1.625,3884.721994,2.088888889,9,0,0,0,0,0,0,0,16.8,0,0,5.90E-11,16.28,58.27999999,0,0,0,8.640000007,0,0,0,0
39_57,0.554455446,237.1980198,31,3,93,18,11,20,38,15,15,205,21.03905706,53.2003115,279.1346517,8.317935707,44,1.568181818,3743.042516,2.161111111,7,1.88,0,0,0,0,0,0,40.28000002,0,0,0,13.31999997,17.12,0,0,0,9.079999993,18.32000002,0,0,0
39_58,0.693877551,192.6938776,0,0,7,0,0,4,0,1,6,399,60.89578168,97.79297579,250.170941,10.62533411,38,1.421052632,3927.880758,2.272222222,7,6.6,0,0,0,9.53E-09,0,0,24.11999999,0,5.46E-09,0,30.72000002,36.71999999,0,0,0,0,1.839999985,0,0,0
39_59,0.566037736,146.3584906,7,0,8,6,1,6,3,0,7,492,129.4996884,161.612366,292.944725,16.89804785,32,1.5,3573.718987,1.627777778,7,1.48,0,0,0,5.11999999,0,0,21.88000001,0,0.519999995,0,10.71999998,60.28000003,0,0,0,0,0,0,0,0
39_60,0.754716981,115.1132075,0,0,9,1,1,4,1,0,6,757,128.9032035,206.5288014,336.2811139,17.70672151,34,1.441176471,3708.620952,1.45,6,0,0,0,0,0,0,0,1.679999985,0,0,0,0,98.28000001,0,0,0,0,0.040000003,0,0,0
39_61,0.869565217,91.04347826,0,1,1,2,0,2,0,0,2,280,63.35452596,116.320611,213.9424327,12.98142929,21,1.142857143,1900.274612,1.805555556,5,47.80000006,0,0,0,2.10E-11,3.48,0,0,0,0,0,3.680000009,38.79999993,0,0,0,0,6.239999997,0,0,0
39_62,0.52,99.08,0,0,4,1,1,2,0,0,1,424,109.3800336,134.5674984,136.5670065,17.3519327,27,1.333333333,2910.153267,1.688888889,5,9.599999939,0.84,0,0,13.88000004,0.88,0,6.08,0,0,0,14.91999999,53.80000002,0,0,0,0,0,0,0,0
39_63,0.552631579,155.6578947,0,1,5,1,0,1,1,0,1,239,23.46270136,103.8851106,129.6174067,7.881039023,24,1.208333333,1755.77472,1.833333333,5,0,5.200000009,0,0,48.07999998,0,0,15.88,0,0,0,0,29.84,0,0,0,1.000000004,0,0,0,0
39_64,0.615384615,164,1,0,8,2,1,3,1,0,6,227,17.30393804,55.45218202,66.26089487,15.4502564,10,1.8,1886.689474,1.655555556,5,10.68000003,0.95999999,0,0.279999999,21.39999996,1.24,0,3.840000009,1.12,0,9.120000008,15.44,20.68000001,1.959999994,0,0,13.28,0,0,0,0
39_65,0.266666667,210.2,0,0,0,0,0,0,0,0,0,50,23.55545487,22.06227232,40.65330356,20.928,5,1.4,319.9729793,1.444444444,4,82.8,0,0,0,1.400000007,3.240000011,0,0.359999998,0,0,0,1.560000013,9.679999974,0,0,0,0.959999994,0,0,0,0
39_66,0,269.3333333,0,0,0,0,1,0,0,0,0,3,23.36431782,5.825881476,23.53408843,20.83673488,0,0,0,1.4,3,95.36000004,0,0,0,0.279999993,2.359999985,0,0,0,0,0,1.999999986,0,0,0,0,0,0,0,0,0
39_67,0.1,329.3,0,0,2,1,3,3,1,0,0,40,33.11631364,22.45140977,18.71201118,19.69765169,2,2.5,193.7256303,1.061111111,3,76.51999993,0,0,0,0.48,0,0,0,11.60000004,3.680000011,0,0.680000014,7.04000001,0,0,0,0,0,0,0,0
39_68,0,344.8421053,1,2,5,0,7,3,2,0,3,116,82.77038103,19.77968164,62.80613995,27.76312706,15,1.733333333,1843.183263,0.688888889,3,33.71999998,0,0,0,0,4.679999994,0,22.4,26.75999998,3.19999999,0,5.959999984,0,0,0,0,3.280000072,0,0,0,0
39_69,0,360.3333333,0,0,1,0,2,1,0,0,2,61,24.41962017,9.397402135,22.17196923,14.55013683,4,2.75,1244.448086,0.383333333,3,50.76000003,0,0,0,3.440000014,1.8,0,0,1.440000005,0,0,17.56,0,9.800000001,0,0,15.19999995,0,0,0,0
3_24,0.333333333,295,0,0,0,0,0,0,0,0,0,5,1.119649195,1.055231299,2.110462598,9.57,1,1,146.6918846,0.327777778,6,92.92,0,0,0,4.6,0,0,0,0,0,0,2.48,0,0,0,0,0,0,0,0,0
3_29,0,429,0,0,1,0,1,2,0,0,0,51,1.152067521,4.788835746,15.05266824,9.566398267,4,1.5,629.795318,0.372222222,6,34.67999999,0,0,0,33.95999998,0.72,0,0,0,0,0,28.32000002,2.320000006,0,0,0,0,0,0,0,0
3_30,0,405.3333333,1,0,0,0,0,2,0,0,0,32,1.927357792,7.783124322,23.1223702,10.05714874,11,1.454545455,1431.392132,0.538888889,6,60.96,0,0,0,16.92000002,3.56,0,0,0,0.44,0,11.39999998,6.719999992,0,0,0,0,0,0,0,0
3_31,0.125,471,0,0,1,0,0,0,1,0,0,61,3.060610523,23.39131134,30.43231993,10.86838705,3,2,438.8042444,0.566666667,6,38.99999998,0,0,14.72,30.16,0,0,1.28,0,0,0,5.08,9.760000018,0,0,0,0,0,0,0,0
3_32,0,525.1428571,0,0,3,0,1,1,0,0,0,233,8.289830736,91.17489371,109.9457742,7.891159099,7,1.857142857,1240.839939,0.822222222,7,30.80000001,0,0,0,25.67999997,0,0,11.04,0,0,0,5.080000027,27.39999999,0,0,0,0,0,0,0,0
3_33,0.090909091,466.6818182,0,0,2,1,0,2,0,1,1,40,10.23340793,39.03671013,88.3290503,4.569579011,5,1.8,1066.853615,0.866666667,9,74.84,0,0,0,0.64,0,0,3.120000027,0,0,0,5.719999972,10.07999999,0,0,0,5.600000004,0,0,0,0
3_34,0,498.0952381,1,1,9,1,0,3,2,0,3,490,26.1566171,100.6886499,250.9236337,5.568475592,42,1.333333333,4337.490987,2.005555556,8,10.07999996,0,0,0,0.4,0,0,4.919999974,0,0,0,6.679999999,69.04000006,0,0,0,6.240000001,2.639999999,0,0,0
3_35,0.028985507,477.8405797,8,1,28,8,1,12,11,4,4,544,137.3279896,156.6730256,270.8816477,13.17140783,37,1.486486486,3445.689473,1.322222222,8,1.439999999,0,0,0,0,0,0,8.840000039,0,0,0,30.96000003,36.67999994,0,0,0,2.599999995,19.48,0,0,0
3_36,0,504,0,0,1,1,1,5,0,0,1,297,9.23425351,84.24175418,163.3943204,12.68921908,9,2,1562.865061,1.594444444,9,49.40000008,0,0,0,0,0,0,23.23999996,0,0,0,27.31999996,0,0,0,0,0,0.039999999,0,0,0
3_47,0,421,0,0,1,1,0,1,0,0,0,40,2.674238548,14.13353273,26.45575609,7.565,4,2,709.0299453,0.477777778,7,71.48000003,0,0,1.28,0.76,1.120000011,0,0,0,0,0,25.27999996,0.039999999,0,0,0,0,0.039999999,0,0,0
3_48,0,505.75,0,0,0,0,0,2,0,0,0,14,17.80641273,18.95377049,22.7553757,9.713804104,2,1,246.2871417,0.816666667,7,75.99999999,0,0,0,2.280000006,11.71999999,0,0,0,0.040000001,8.560000018,1.4,0,0,0,0,0,0,0,0,0
3_49,0,437.6,0,0,0,0,0,0,0,1,1,15,7.990565006,12.27631099,16.27514146,8.230716036,0,1,625.3323562,1.111111111,8,60.28000001,0,0,0,12.44,1.08,0,0,0,0.119999999,1.719999982,10.68000002,0,0,0,0,0,13.68,0,0,0
3_50,0,417.0769231,0,0,1,1,0,2,0,0,0,145,26.93406171,44.45331087,78.75764013,9.258977647,13,1.461538462,1660.923476,1.516666667,7,46.79999996,0,0,0,10.04,2.84,3.36,0,1.519999998,0.800000005,0,2.119999985,32.52000005,0,0,0,0,0,0,0,0
3_51,0,407.3469388,3,0,13,9,0,6,5,0,6,414,126.9810771,164.874415,190.0882767,17.00219594,25,1.64,3094.945761,1.761111111,6,2.199999984,0,0,0,11.76000002,0,0,0,0,1.359999995,0.640000016,43.20000001,40.83999998,0,0,0,0,0,0,0,0
3_52,0.092592593,403.0925926,0,0,0,1,0,2,0,0,3,35,99.26493171,65.15624201,78.86415445,15.83432946,2,2.5,236.6149055,1.783333333,6,0,0,0,0,43.11999999,0,0,2.09E-10,0,1.84,17.99999998,35.28000005,1.759999985,0,0,0,0,0,0,0,0
3_53,0.148148148,314.8888889,0,1,5,0,0,3,2,0,5,348,78.63947503,100.5353538,225.5564927,12.27169919,19,1.526315789,2677.341772,1.85,6,0.4,0,0,0,9.879999991,0,0,6.84,0,0.04,0,23.39999998,52.64000003,0,0,0,5.16,1.639999998,0,0,0
3_54,0.341463415,228.902439,4,0,19,7,0,6,4,0,11,530,102.6167824,174.1456932,249.9350672,15.25089366,40,1.55,3917.568569,1.744444444,6,0.48,0,0,0,0.400000004,0,0,14.6,0,0,0,9.399999964,75.12000003,0,0,0,0,0,0,0,0
3_55,0.311111111,182.5555556,1,2,4,0,1,4,0,2,4,311,92.7177871,142.7692222,205.6643788,15.53702467,12,2.083333333,2177.102513,1.994444444,6,0.48,0,0,0,9.719999993,0,0,0,0,0,17.08000003,24.32000003,31.43999995,0,0,0,0,16.96,0,0,0
3_56,0.366666667,161.2666667,0,0,0,1,0,5,0,0,2,270,39.78140547,84.90843082,147.4751307,12.29859309,21,1.523809524,2694.729659,1.722222222,5,9.24,0,0,0,0,0,0,0,0,0,8.719999962,57.59999997,24.44000007,0,0,0,0,0,0,0,0
3_57,0.476190476,183.9047619,0,0,0,1,0,4,0,0,5,162,17.78176728,48.34005105,107.300174,10.91866761,22,1.590909091,3083.836356,0.938888889,5,14.28000001,0,0,0,6.040000004,0.040000003,0,0,0,0,0,23.08000002,41.27999993,0,0,0,6.64,8.640000038,0,0,0
3_58,0.5,263.25,0,0,0,0,0,0,0,0,1,6,15.0563219,9.2613677,13.75981638,6.232025546,1,1,43.55121091,0.316666667,5,0.999999993,0,0,0,0.599999996,0.919999997,0,0,0,0.64,0,3.519999981,0,0,0,0,0,93.32000003,0,0,0
40_12,0.392857143,336.3928571,0,1,0,1,0,1,0,3,4,27,11.18557915,31.82900012,72.61030694,21.24302064,6,1.5,667.9366753,2.972222222,9,29.95999995,0,0,0,7.239999999,0,0,0,0,0,0,6.399999999,4.280000054,0,0,0,0,52.12,0,0,0
40_13,0.368932039,287.3592233,0,0,5,8,0,6,1,0,5,556,218.9131406,216.9152391,217.0254909,51.57685748,58,1.431034483,4534.430444,3.883333333,9,0,0,0,0,0.199999999,0,0,0,0,0,0,58.12000008,38.31999994,0,0,0,0,3.359999982,0,0,0
40_14,0.443396226,302.7358491,0,0,15,6,0,6,4,0,7,561,131.2278426,199.4157649,205.556507,25.10420952,41,1.56097561,4218.087823,3.916666667,9,0.52,0,0,0,1.48000001,0,0,7.760000025,0,0,0,64.63999997,24.08,0,0,0,0,1.52,0,0,0
40_15,0.129032258,395.0752688,3,0,2,2,0,6,1,1,6,442,182.4701938,228.146912,161.2089948,41.47701986,36,1.638888889,3359.344525,3.633333333,10,1.6,0,0,0,5.07999999,0,0,3.039999984,0,1.72,0,36.71999998,26.96000004,0,0,0,0,24.88,0,0,0
40_16,0.170212766,383.4255319,0,2,3,3,0,2,0,0,6,446,214.1095741,244.079762,159.7547474,49.48922798,21,1.904761905,2488.129331,3.866666667,13,0,0,0,0,5,0,0,14.28000001,0,0,0,5.080000011,53.19999998,0,0,0,0,22.44,0,0,0
40_17,0.418032787,279.9098361,3,0,10,2,4,3,4,1,8,623,288.8909038,299.0757068,167.9817922,51.26700911,55,1.381818182,4160.572008,4.055555556,13,0,0,0,0,0,0,0,12.35999998,0,0,0,18.75999999,56.80000002,0,0,0,12.08000001,0,0,0,0
40_18,0.43956044,297.7912088,7,0,14,11,1,6,4,1,5,569,103.1906178,196.9085127,147.5009981,28.41361846,32,1.46875,4006.250897,4.911111111,13,3.16,0,0,0,0,0,0,11.12,0,0,8.000000006,21.24000001,46.23999999,0,0,0,9.679999997,0.56,0,0,0
40_19,0.226086957,364.973913,0,0,5,0,0,3,1,2,2,684,188.4129943,324.2076004,193.2708651,37.847393,17,1.705882353,3146.950455,4.661111111,14,1.24,0,0,0,2.240000005,0,0,0,0,0,0.799999995,22.51999999,67.00000002,0,0,0,2.519999993,3.68,0,0,0
40_20,0.202898551,311.1594203,2,0,4,2,0,5,1,0,4,426,134.4085966,207.1196204,121.5226918,27.40767795,22,1.545454545,2646.522764,4.255555556,15,0,0,0,0,27.12000002,0,0,2.159999999,0.88,0,0,43.4,12.71999995,0,0,0,0,13.72000003,0,0,0
40_21,0.214285714,361.9642857,0,0,0,0,0,1,0,1,8,108,88.99478315,62.13812919,74.52401106,23.3943821,6,1.333333333,1050.416291,3.105555556,15,0,0,0,0,33.52,0,0,0,0,0,0,26,0,0,0,0,0,40.47999999,0,0,0
40_22,0.357142857,317.3333333,0,0,3,0,13,2,3,0,8,266,101.3807424,101.330537,74.68937271,22.04384258,15,1.4,1921.267302,2.238888889,15,0,0,0,0,33.12,0,0,2.92,0,0,0,24.83999999,0,0,0,0,2.160000004,36.96,0,0,0
40_23,0.5625,208.734375,1,4,0,1,0,5,0,1,9,138,70.07639973,71.11025653,49.19240263,15.36388773,26,1.615384615,2982.944945,3.455555556,18,0,0,0,0,15.59999997,0,0,3.240000015,0,2.28,0,29.24000001,25.08000003,0,0,0,10.44,14.11999998,0,0,0
40_24,0.779279279,224.8783784,5,2,7,4,0,5,4,3,9,266,308.0581586,259.4907498,142.3045109,23.88466627,33,1.636363636,3675.215647,3.044444444,18,0,0,0,0,5.200000022,0,0,10.19999999,0,0.360000004,0,55.19999999,11.27999999,0,0,0,10.19999999,7.560000016,0,0,0
40_25,0.710526316,244.0526316,0,0,3,1,0,6,0,3,6,186,161.6963826,114.7941632,145.0680513,24.40119659,21,1.571428571,2712.960593,6.011111111,18,0,0,0,0,11.51999999,0,0,0,0,0.959999996,0,73.28000005,5.759999989,0,0,0,3.519999997,4.959999984,0,0,0
40_26,0.5125,205.2875,0,3,1,3,0,8,0,1,0,332,187.4529882,242.9281763,141.9283035,24.42212995,31,1.451612903,3130.34739,7.416666667,18,0,0,0,0,18.87999999,0,0,6.439999999,0,0,0,42.19999997,32.48000004,0,0,0,0,0,0,0,0
40_27,0.652380952,177.9,1,2,8,8,1,5,3,0,7,309,763.8337844,398.9121273,228.671439,27.34478045,35,1.628571429,4235.326892,15.62222222,17,0,0,0,0,1.72,0,0,18.12000005,0,0,0,11.59999997,54.67999997,0,0,0,8.320000011,5.56,0,0,0
40_28,0.638450502,176.1979914,28,7,32,7,3,19,7,5,19,109,1213.106026,293.115689,141.3788925,31.67058709,37,1.621621622,4009.102,18.03888889,17,1.12,0,1.639999997,0,0,0,0,73.64,0,1.84,9.840000009,0,4.75999998,0,0,0,5.040000011,2.119999998,0,0,0
40_29,0.474501109,236.6563193,71,32,95,11,6,16,10,12,27,62,879.6264136,147.0958115,66.94788209,31.02025517,26,1.730769231,3121.87028,22.10555556,17,0,0,0.719999992,0,0,0,0,46.64000003,0,3.560000006,25.59999998,0,0,0,0,0,21.67999998,1.8,0,0,0
40_30,0.46978022,242.9752747,25,14,139,11,17,27,7,3,22,146,1055.265512,105.7204241,68.69696729,23.38974738,36,2.055555556,4565.521792,16.62777778,17,0,0,0,0,0.839999997,0,0,38.68,11.88000003,0.599999995,1.640000011,1.440000002,0,0,0,0,5.119999985,0,0,39.79999999,0
40_31,0.435114504,243.0152672,47,6,238,26,129,27,166,6,15,202,548.0926178,98.63117509,61.20019039,25.40613466,41,1.829268293,4854.942471,13.45555556,17,0,0,0,0,0,0,0,33.32000002,21.11999998,0,1.719999989,1.07999999,0,0,0,0,0,0,0,42.76000002,0
40_32,0.488950276,228.2486188,9,6,92,8,71,16,61,2,15,351,407.7594359,447.6988028,79.6625001,40.76976667,46,1.608695652,5215.222795,10.39444444,16,0.48,0,0,0,0.360000013,0,0,9.319999971,14.20000001,0,0,14.27999998,12.72000001,0,0,0,9.120000031,0,0,39.51999998,0
40_33,0.435,183.24,1,3,5,3,7,10,1,3,6,425,481.2813263,596.2309841,107.826699,55.16595074,31,1.516129032,3219.356155,13.66666667,17,0,0,0,0,3.159999993,0,0,43.08000003,4.32000001,0,0,0,47.67999999,0,0,0,1.759999974,1.86E-17,0,0,0
40_34,0.537735849,154.1666667,13,2,23,16,4,16,36,2,8,1016,491.6942686,1038.708414,274.723131,55.68006959,38,1.526315789,4519.087702,13.33333333,18,0,0,0,0,0,0,0,86.48000001,0,0,0,0,13.11999998,0,0,0,0,0.400000007,0,0,0
40_35,0.606635071,173.3459716,1,2,13,9,3,8,7,4,6,776,469.3509192,646.335385,228.1660924,57.9501279,24,1.583333333,3403.245695,13.6,17,0,0,0,0,0,0,0,92.15999997,0,0,0,0,6.400000022,0,0,0,0,1.440000005,0,0,0
40_36,0.404081633,250.4489796,2,0,11,5,0,10,0,0,2,822,448.9308958,760.1388711,230.4817305,54.60241536,24,1.916666667,3877.498884,9.533333333,17,0,0,0,0,0.520000001,0,0,92.20000002,0,0,0,0,5.999999985,0,0,0,0,1.279999995,0,0,0
40_37,0.410526316,260.6894737,1,0,9,3,2,13,3,1,7,642,254.5508675,528.4327123,180.0299095,44.75683857,34,1.382352941,3529.444131,6.205555556,19,0,0,0,0,2.800000004,0.56,0,63.72,4.96000002,0,0,0.119999998,16.03999999,0,0,0,5.760000004,6.039999984,0,0,0
40_38,0.333333333,315.7719298,0,0,9,0,0,6,5,0,1,158,152.0304801,128.1134503,51.3555534,32.11455491,8,2.25,1408.546262,4.494444444,18,0,0,0,0,16.04000001,0,0,9.359999983,6.75999998,0.92,0,9.04,0,0,0,0,10.68,36.36000004,10.83999999,0,0
40_39,0.327586207,350.2931034,0,3,0,0,0,3,0,1,5,342,83.48666715,183.8761461,87.70150587,27.02718171,18,1.555555556,2035.455674,2.688888889,17,0,0,0,0,22.47999999,0,0,21.36000001,0,0,0,12.04,0.840000007,0,0,0,0,43.27999999,0,0,0
40_40,0.37704918,356.1803279,4,0,12,3,2,8,5,0,7,423,76.00850543,185.1848241,104.8273565,28.92000154,36,1.583333333,4234.191795,2.727777778,16,0,0,0,0,2.71999999,0,0,4.799999976,0,0,0,33.40000004,26.67999999,0,0,0,7.760000003,24.64,0,0,0
40_41,0.228070175,364.5087719,0,0,5,1,0,9,0,3,3,480,107.6780614,224.1633698,132.1892182,28.518124,12,1.916666667,2311.78001,3.766666667,16,0,0,0,0,2.04,0,0,13.36,0,0,0,40.83999997,15.40000005,0,0,0,1.079999997,27.27999999,0,0,0
40_42,0.219858156,367.1205674,4,1,16,4,1,8,7,4,7,656,156.5976395,340.2297285,255.6927356,22.94253043,31,1.548387097,4125.592795,3.655555556,15,1.040000004,0,0,0,1.000000008,0,0,2.480000013,0,0,0,38.64000002,43.55999995,0,0,0,5.960000006,7.319999999,0,0,0
40_43,0.125,401.703125,0,1,1,5,1,2,0,0,2,185,163.8396254,227.9102074,76.27396593,23.49172189,23,1.782608696,3110.269876,3.65,15,8.280000017,0,0,0,30.12,0,0,2.519999988,0,0,23.04,20.96000001,10.63999998,0,0,0,4.439999995,0,0,0,0
40_44,0.086956522,409.9565217,0,0,0,0,0,1,0,0,0,98,84.42654561,64.02717381,71.31369149,27.70141853,10,1.6,1820.06858,2.455555556,16,39.12000001,0,0,0,36.92000001,0,0,0,0,5.160000012,0,18.79999997,0,0,0,0,0,0,0,0,0
40_45,0.023255814,451.3255814,2,0,13,6,1,5,4,1,7,126,65.81102688,53.22590471,72.6951853,25.41255809,18,1.944444444,3190.815695,1.805555556,16,23.23999996,0,0,0,30.55999999,0,0,14.12,2.319999999,2.199999988,0,8.359999999,5.840000056,0,0,0,4.480000013,0.48,8.4,0,0
40_46,0.158730159,448.4920635,6,0,26,5,1,6,4,1,7,791,106.4577436,301.9055575,284.7644341,15.27311555,43,1.76744186,5054.676145,1.638888889,15,3.719999999,0,0,0,0,0,0,27.64000002,0,0,0,0,64.51999999,0,0,0,4.119999987,0,0,0,0
40_47,0.045454545,498.0681818,4,0,16,3,0,6,4,0,3,708,40.27778439,214.6879141,247.5659291,13.16319913,25,1.8,3642.759732,1.355555556,14,8.680000064,0,0,0,0,0,0,13.27999998,0,0,3.800000004,0,74.23999995,0,0,0,0,0,0,0,0
40_48,0,573.5333333,0,0,0,0,0,0,0,0,0,3,3.797000662,34.08413356,56.38479169,12.341,0,1,53.143006,1.111111111,14,88.83999998,0,0,0,7.200000005,3.040000013,0,0,0,0,0,5.70E-09,0.279999995,0,0,0,0,0.639999999,0,0,0
40_49,0,597.4814815,0,0,0,0,0,6,0,0,2,24,6.835142981,7.398611242,11.46023625,11.40840303,4,2,1536.169273,0.633333333,13,58.55999998,0,0,0,18.92000002,6.199999987,0,0,0,0,0,11.24,0,0,5.080000022,0,0,0,0,0,0
40_50,0,667.6428571,0,4,0,0,0,1,0,0,1,3,10.04547943,16.08607592,23.01531739,8.793016162,3,2.333333333,1173.981869,0.55,12,64.96000004,0,0,3.240000005,8.479999981,0,0,0,0,0,0,1.04,0,0,22.27999997,0,0,0,0,0,0
40_51,0,602,0,0,0,0,0,4,0,0,0,4,2.912274831,13.0119339,26.99609169,4.978554662,1,2,795.021008,0.516666667,11,88.96,0,0,0.239999994,7.600000009,0,0,0,0,0,0,3.2,0,0,0,0,0,0,0,0,0
40_52,0,514.7777778,1,0,3,0,0,3,1,0,6,65,5.197383914,13.20368797,30.35385446,5.412739483,7,2.142857143,1281.929352,0.416666667,11,59.39999996,0,0,0,4.959999993,0,0,0,0,0,0,35.48000005,0.16,0,0,0,0,0,0,0,0
40_53,0,459.125,0,0,0,0,1,3,1,0,4,25,9.542281959,14.75498018,29.94185981,6.345513289,10,1.8,1653.464358,0.355555556,11,71.08000002,0,0,0,0.64,2.84,0,0,0,0,0,19.35999998,0,0,0,0,0,6.08,0,0,0
40_54,0,445.3333333,0,1,0,0,1,2,0,0,0,7,15.65121568,32.09558398,44.51147094,6.514940153,0,1,536.1380594,0.422222222,11,89.48000002,0,0,0,3.04,0.880000006,0,0,0,0,0,6.599999971,0,0,0,0,0,0,0,0,0
40_55,0.333333333,382.5,0,0,1,0,1,1,0,0,0,37,19.54260543,33.85965678,46.09391057,7.023437168,3,2,627.270942,0.75,9,77.39999998,0,0,0,0,8.399999994,0,0.40000001,0,0,1.57E-08,13.76,0.04,0,0,0,0,0,0,0,0
40_56,0.421052632,302.1315789,0,0,0,1,0,2,0,2,3,164,17.87354957,23.70410411,100.2062623,7.118574129,4,2.25,1179.334664,1.383333333,8,24.51999996,0,0,0,2.72,0.4,0,11.39999999,0,1.08,30.63999998,21.40000006,0.040000001,0,0,0,7.8,0,0,0,0
40_57,0.510638298,270.8510638,0,2,3,4,1,5,0,3,3,80,15.52994673,8.759800464,66.75645326,8.29726037,14,1.5,1649.911831,1.455555556,7,1.440000012,2.24,0,0,15.16,0,0,0,0,0,0,38.71999994,0.039999999,0,0,0,5.36,37.04000005,0,0,0
40_58,0.571428571,215.7142857,0,1,0,0,0,0,0,1,0,15,18.91445271,10.2869979,40.69670464,8.471490052,3,1.666666667,664.2991647,1.583333333,6,85.56000003,0,0,0,0,0,0,0,0,0,0,7.720000021,0,0,0,0,0,6.719999947,0,0,0
40_59,0.866666667,218.5333333,0,0,5,2,0,2,2,1,6,408,17.32208945,64.06215235,204.5319985,9.261260395,21,1.619047619,2954.465109,1.05,6,24.03999995,0,0,0,3.48,0,0,27.56000002,0,0,0,22.28000002,22.64,0,0,0,0,0,0,0,0
40_60,0.454545455,180.6363636,0,0,2,0,0,2,0,0,7,409,22.0631524,73.62764562,166.8420659,9.385226516,19,1.526315789,2115.874121,0.872222222,6,34.04000003,0,0,0,0,0,0,19.91999998,0,0,0,37.79999997,8.240000013,0,0,0,0,0,0,0,0
40_61,1,154.2857143,0,0,0,0,0,0,0,0,1,30,13.10508657,28.00660659,69.30082997,6.952065332,3,3,872.688252,0.905555556,6,84.56000004,0,0,0,7.8,0.040000001,0,0.51999999,0,0,0,1.759999984,5.319999985,0,0,0,0,0,0,0,0
40_62,0.454545455,145.0909091,0,1,0,1,0,0,0,0,1,50,9.622822839,22.55643709,41.74245325,6.391891966,8,1.25,1580.734167,0.777777778,5,31.15999994,0,0,0,45.00000004,0.159999998,0,0,0,0.84,0,21.16000001,2.11E-10,0,0,0,1.680000006,0,0,0,0
40_63,0.421052632,201.2631579,0,0,0,0,0,0,0,0,2,9,5.237991415,15.3167176,23.29620666,5.840388767,1,3,998.5528594,0.727777778,5,24.32,0,0,2.24,49.55999997,0,0,0,0,1.520000004,0,6.519999988,0.160000001,9.560000042,0,0,6.119999995,0,0,0,0
40_64,0.6,174.2,0,0,0,0,1,0,1,0,0,13,2.88045941,3.685785024,7.054242331,5.836263927,1,2,60.76867618,0.561111111,4,33.88000002,0,0,2.280000001,5.159999995,1.6,0,0,0,9.479999996,0,3.800000017,0,43.67999996,0,0,0.120000005,0,0,0,0
40_65,0.5,226,0,0,1,0,1,3,1,0,2,73,16.71507467,5.143089948,18.21530631,15.93485682,2,3,1178.860743,0.283333333,4,64.71999999,0,0,0,4.8,2.800000011,0,0,0,0,0,21.15999999,0,0,0,0,6.520000002,0,0,0,0
40_66,0,319,0,0,0,1,0,0,0,0,0,8,12.02684323,3.587706005,11.69310932,15.41928422,0,1,653.3868726,0.227777778,3,85.92000002,0,0,0,0,10.11999999,0,0,0,0,0,3.559999996,0,0,0,0,0.399999993,0,0,0,0
40_68,0,350.3333333,0,0,0,1,0,0,1,0,0,28,29.55632613,2.155899687,22.08675984,17.39412643,6,2.166666667,1459.544989,0.233333333,3,78.83999993,0,0,0,1.199999999,13.68000001,0,0,0,0,0,5.279999995,0,0,0.079999997,0,0.920000071,0,0,0,0
41_12,0.15625,377.078125,0,0,0,0,0,1,0,0,0,149,68.55756794,160.7029778,47.91382662,29.75728364,11,1.181818182,1072.146813,3.205555556,9,75.59999996,0,0,0,2.039999992,1.559999979,0,0,0,0,0,0,19.08000005,0,0,0,0,1.720000015,0,0,0
41_13,0.216216216,341.1283784,1,0,3,2,0,4,2,1,4,403,282.6495742,255.179109,185.8705422,59.62855651,38,1.263157895,2867.893693,4.644444444,9,0.6,0,0,0,12.48000002,0,0,0,0,0,0,59.36000004,17.79999994,0,0,0,0,9.759999993,0,0,0
41_14,0.1875,345.7946429,0,1,2,8,1,4,0,1,1,424,132.5498762,252.4735797,125.0925212,22.41708639,29,1.793103448,3469.517828,4.977777778,9,0.64,0,0,0,13.15999998,0,0,26.16,0,0.68,0,53.16000002,0,0,0,0,0,6.199999992,0,0,0
41_15,0.2,351.7076923,1,0,4,1,0,4,1,0,6,496,155.2214784,190.257027,187.7189657,25.5861546,44,1.409090909,3743.634215,3.738888889,11,1.44,0,0,0,0,0,0,0,0,0,0,41.99999994,33.36000004,0,0,0,0,23.20000002,0,0,0
41_16,0.234375,347.265625,2,0,7,0,0,6,2,1,7,716,201.5978555,347.4633988,303.5939725,24.61884464,46,1.326086957,4365.917136,3.461111111,13,0,0,0,0,0,0,0,34.56000004,0,0,0,6.399999992,54.47999999,0,0,0,0,4.559999981,0,0,0
41_17,0.350515464,319.2474227,0,1,8,1,1,6,1,2,4,538,186.6900037,387.831932,260.7071512,24.54295418,40,1.375,3453.736447,3.65,13,3.200000001,0,0,0,0,0,0,40.79999998,0,0,0,0,47.88000002,0,0,0,0,8.120000003,0,0,0
41_18,0.385714286,317.5857143,1,2,4,7,1,9,0,0,6,236,104.5305924,114.0765475,124.548845,28.99028567,18,1.722222222,2761.436066,4.783333333,14,0.039999999,0,0,0,5.44,0,0,13.67999999,0,0,34.24000003,13.08000001,21.59999995,0,0,0,5.88,6.040000029,0,0,0
41_19,0.160493827,385.2345679,1,1,5,0,0,3,2,3,5,480,174.7967207,233.4955093,119.7775333,33.13794306,10,2.1,2110.854161,4.738888889,14,0,0,0,0,14.52,0,0,29.80000002,0,0.44,5.239999969,7.799999995,10.48000002,0,0,0,7.320000008,24.39999999,0,0,0
41_20,0.112676056,436.0422535,0,0,0,0,0,1,0,0,2,114,72.48254193,66.7054737,52.66352638,23.47074783,12,1.916666667,1609.494205,4.85,15,0.56,0,0,0,26.28000005,0,0,2.199999984,0,1.04,0,15.92000001,2.079999981,0,0,0,2.719999992,49.19999998,0,0,0
41_21,0.175675676,414.2027027,0,1,0,1,0,5,0,3,3,123,60.82025525,77.06981126,102.3452193,22.62106611,16,1.8125,2538.378725,3.827777778,15,0,0,0,0,33.07999995,0,0,0,2.4,2.71E-09,0,38.44000005,7.92,0,0,0,0,18.15999999,0,0,0
41_22,0.288888889,345.8444444,0,0,1,0,0,4,0,0,1,198,49.14745528,57.77393761,66.78921413,19.03425804,14,1.5,2252.180186,4.055555556,17,0,0,0,0,17.36000003,0,0,0,0,0.399999997,0,71.51999997,0,0,0,0,0,10.72,0,0,0
41_23,0.37037037,297.5925926,0,7,1,1,0,5,0,6,6,83,44.60000733,89.37807981,70.22952095,23.43801735,8,1.625,2476.629797,5.605555556,17,0,0,0,0,32.83999998,0,0,0,0,6.680000011,1.480000007,24.31999999,0,0,0,0,0,34.68000001,0,0,0
41_24,0.712121212,211.2954545,0,2,4,1,0,6,5,1,10,286,234.3256343,328.7521723,130.5605948,33.88973656,14,2.142857143,2427.624443,5.927777778,18,0,0,0,0,5.919999984,0,0,49.80000003,0,1.679999989,25.43999999,11.19999997,3.280000034,0,0,0,1.800000003,0.879999993,0,0,0
41_25,0.556521739,163.5913043,0,2,4,7,1,6,0,1,8,281,540.1058839,251.8331303,167.8447564,42.3397982,33,1.393939394,3198.235846,10.00555556,18,0,0,0,0,0.04,0,0,3.039999969,0,0,0,16.44000004,42.63999999,0,0,0,8.440000004,29.4,0,0,0
41_26,0.829326923,134.9927885,4,2,13,9,1,5,3,0,10,360,645.3435302,396.7221422,172.1654745,48.78468565,46,1.913043478,5090.652567,9.605555556,18,0,0,0,0,0,0,0,4.640000001,0,0,0,36.36,43.67999998,0,0,0,15.32000002,0,0,0,0
41_27,0.633898305,169.9254237,5,2,10,5,0,7,7,1,6,286,874.8309546,402.6789816,101.7473959,49.10533224,40,1.925,4840.237471,18.3,18,0.68,0,0,0,0,0,0,24.20000003,1.959999999,0,0,28.83999996,24.60000003,0,0,0,11.79999998,6.000000001,0,1.920000007,0
41_28,0.525660964,209.0124417,55,4,129,12,9,31,25,13,18,137,1001.935828,279.300485,163.3989746,40.73919644,51,1.843137255,5421.981345,21.38888889,18,0.48,0,1.840000011,0,0,0,0,51.44,3.52,0,5.359999996,0,7.319999982,0,0,0,9.920000001,1.119999998,0,19.00000001,0
41_29,0.215577191,302.3504868,149,36,239,30,8,46,82,12,18,93,643.9759622,90.25992537,46.82838351,22.26206666,45,1.866666667,5013.502217,25.60555556,17,0,0,7.399999999,0,0,0,0,37.36000001,0,0,9.040000021,0,0,0,0,0,26.08000001,0,0,20.11999996,0
41_30,0.235074627,294.1828358,50,19,360,26,24,32,15,9,37,120,651.9257777,73.88151526,17.96143015,23.9892579,52,1.865384615,6364.513042,22.41111111,17,0,0,1.12,0,0.200000003,0,0,38.31999996,0,0,7.19999998,5.680000011,0,0,0,0,18.12,0,0,29.36000005,0
41_31,0.293209877,272.8888889,17,5,106,7,35,22,35,7,21,160,293.3523951,93.70929902,34.6923194,42.73395367,38,1.894736842,4926.267737,16.88888889,16,0.4,0,0,0,0,0,0,4.279999992,34.72000002,0.639999999,0,4.440000032,0,0,0,0,8.43999999,0,0,47.07999997,0
41_32,0.484581498,227.2378855,5,2,30,4,40,11,11,2,5,221,172.6481986,561.9156929,73.13923345,51.54269168,20,1.95,3153.524336,13.00555556,16,0,0,0,0,6.720000012,0,0,6.080000008,31.43999997,0,0,44.23999997,2.440000032,0,0,0,6.68,1.96,0,0.44,0
41_33,0.682539683,165.031746,0,1,4,5,1,6,3,0,4,635,547.8521922,752.4700057,267.2218174,55.34648237,37,1.324324324,3306.00805,13.39444444,17,0,0,0,0,2.519999989,0,0,24.32000001,2.95999998,0,0,0.159999996,70.04000003,0,0,0,0,0,0,0,0
41_34,0.743119266,113.7553517,16,0,26,15,0,11,19,0,16,436,198.646264,581.207737,143.5926404,55.44812497,40,1.7,4193.505021,13.84444444,17,0.64,0,0,0,0,0,0,36.88000003,0,0,23.32,0,36.83999997,0,0,0,2.319999999,0,0,0,0
41_35,0.694630872,138.761745,7,1,9,7,0,4,8,2,3,756,406.4786774,743.3441036,299.7442093,52.69196222,36,1.611111111,4703.344761,13.30555556,17,1.4,0,0,0,0,0,0,80.76000003,0,0,0,0.479999997,10.15999997,0,0,0,7.2,0,0,0,0
41_36,0.591743119,193.7247706,0,0,11,6,0,13,5,0,6,467,160.1253509,499.0140692,204.3407104,47.30404785,35,1.685714286,4338.623303,10.17222222,17,0.359999994,0,0,0,0,0,0,64.71999995,0,0,0,8.06E-09,28.00000004,0,0,0,6.920000002,6.81E-10,0,0,0
41_37,0.509933775,211.9205298,15,2,41,2,2,11,25,0,8,491,170.1568006,300.3927385,145.7726312,45.14121515,34,1.852941176,4591.656742,7.177777778,17,0,0,0,0,0,0,0,40.71999996,8.639999996,0,3.04000001,17.43999999,0.879999989,0,0,0,21.04000001,7.080000019,1.160000023,0,0
41_38,0.31,278.31,11,0,21,3,4,12,49,9,15,277,65.01540263,90.58763884,39.09713131,30.80784287,25,1.88,3293.942569,4.855555556,17,0,0,0,0,0,0,0,12.40000002,19.64000001,1.080000001,6.83999997,18.80000001,6.840000012,0,0,0,9.19999999,4.039999991,21.15999999,0,0
41_39,0.481132075,311.5660377,3,0,8,0,2,6,4,1,5,449,49.93714983,170.4371298,79.26665506,33.77387791,20,1.65,2895.324837,3.122222222,16,0,0,0,0,2,0,0,38.28000001,30.32,0.44,0,0,21.79999999,0,0,0,7.160000002,0,0,0,0
41_40,0.561403509,384.5789474,2,0,5,2,2,11,0,1,3,32,35.57255242,68.294938,36.25011757,36.61425173,14,1.785714286,2050.828906,2.944444444,16,0,0,0,0,7.680000013,0,0,9.479999968,4.679999981,0,0,10.28,0.039999999,0,0,0,0.679999998,67.16000004,0,0,0
41_41,0.339285714,395.2678571,0,0,10,2,1,8,0,1,3,165,85.20226526,90.92854496,61.70993132,31.18743564,9,2,1937.540865,3.622222222,15,0,0,0,0,24.27999998,0,0,5,9.119999998,11.48,0,12.68000004,3.960000017,0,0,0,8.720000002,24.75999996,0,0,0
41_42,0.321428571,336.3,5,0,5,2,2,6,0,1,7,752,161.1883009,305.3559098,195.465358,23.23335628,25,1.68,4233.227461,3.461111111,15,1.36,0,0,0,0,0,0,0,0,0,0,19.43999998,72.96000002,0,0,0,6.119999995,0.120000001,0,0,0
41_43,0.360824742,323.4742268,0,0,11,4,0,4,6,0,8,703,171.2076091,277.4092656,198.7591054,26.21574051,29,1.793103448,4097.950755,3.722222222,14,1.92000001,0,0,0,0.64,0,0,6.600000005,0,0,0,34.64000001,56.19999997,0,0,0,0,0,0,0,0
41_44,0.46031746,312.0793651,0,1,2,4,0,1,0,1,5,334,131.0253201,135.8443893,107.3218082,31.09024881,16,1.625,2889.876553,3.2,14,17,0,0,0,1.960000002,0,0,8.759999993,0,0,31.8,20.15999997,1.999999982,0,0,0,0,18.32000005,0,0,0
41_45,0.127659574,388.7659574,0,0,10,2,13,2,4,1,6,255,113.5564816,122.5206241,120.5165481,32.37799554,26,1.230769231,2271.410871,2.933333333,14,0.919999995,0,0,0,0.080000004,0,0,20.80000005,36.24000001,0,0,13.19999999,1.35E-09,0,0,0,0,28.75999995,0,0,0
41_46,0.193548387,425.1290323,1,0,7,5,2,8,2,1,9,760,138.5139128,309.5833582,302.4756629,21.85320794,37,1.594594595,4567.960275,2.711111111,13,0,0,0,0,0.879999995,0,0,38.67999995,1.159999988,0,0.799999999,0,49.32000007,0,0,0,9.159999999,0,0,0,0
41_47,0.085106383,459.5957447,0,0,4,2,2,3,4,0,8,944,98.46859528,263.9785988,369.8392709,14.50354776,35,1.542857143,4128.574944,1.694444444,13,0,0,0,0,0,0,0,34.96000001,0,0,0,0,65.03999999,0,0,0,0,0,0,0,0
41_48,0,539.3846154,0,1,0,1,0,2,0,2,1,306,31.36505908,70.84031932,121.0433503,11.59084422,9,1.777777778,1411.437882,1.2,14,29.32000005,0,0,0,11.24,1.48,0,3.919999986,0,0,0,0,36.07999995,0,0,0,0,17.96000001,0,0,0
41_49,0,579.1818182,0,0,0,0,0,0,0,0,0,0,28.02862727,43.60795071,34.63187702,6.636834173,1,4,490.5027037,0.727777778,13,98.64000001,0,0,0,0,0,0,0,0,0,0,0,0,0,0,0,0,1.359999987,0,0,0
41_50,0,588,0,0,0,0,0,4,0,0,0,6,19.34318649,32.70510246,37.68203513,6.274431253,0,1,369.4683322,0.85,12,93.99999999,0,0,0,0,2.400000005,0,0,0,0,0,3.600000009,0,0,0,0,0,0,0,0,0
41_51,0.076923077,555.8461538,0,0,2,1,1,1,0,0,4,233,8.482773207,72.4671998,83.06581594,4.817266687,11,1.909090909,2224.521255,0.811111111,11,66.79999996,0,0,0,0,0.199999995,0,29.08000004,0,0,0,0.680000002,3.240000005,0,0,0,0,0,0,0,0
41_52,0,548.1818182,1,0,3,0,0,4,0,0,6,379,7.540026502,101.3691697,153.0813398,4.68119401,15,1.733333333,2578.932532,0.677777778,11,46.08000006,0,0,0,0,0,0,21.27999995,0,0,0,10.27999999,22.36,0,0,0,0,0,0,0,0
41_53,0,502.8181818,0,0,2,0,1,3,0,2,2,35,2.789877777,10.42394739,19.00439238,3.96,21,1.666666667,2473.900058,0.416666667,11,51.15999994,0,0,0,14.56,7.600000027,0,0,0,0,0,17.00000003,0,0,0,0,0,9.68,0,0,0
41_54,0,608,0,0,1,0,0,0,0,0,1,53,2.789877777,10.01284852,17.93346003,3.96,11,1.090909091,1228.01915,0.294444444,11,28.03999999,0,0,0,36.80000004,5.51999998,0,0,0,0,0,24.91999997,0,0,0,0,0,4.720000027,0,0,0
41_55,0.111111111,448.5555556,0,0,1,1,0,0,0,0,1,6,3.616465495,10.80380943,18.81671964,4.090479798,3,1,546.925764,0.383333333,8,65.28000007,0,0,0,18.35999996,1.719999992,0,0,0,2.2,0,2.32,0,5.90E-09,0,0,0,10.11999997,0,0,0
41_56,0,323.75,0,0,0,0,0,3,0,0,0,3,7.260629983,8.355160089,15.40971369,5.482859143,1,1,170.6514587,0.733333333,8,54.43999999,0,0,0,3.32,0,0,0,0,2.04,0,2.640000016,0,30.83999999,0,0,6.72,0,0,0,0
41_57,0.5,304.5625,0,0,0,0,0,1,0,0,2,9,15.52521392,5.290775279,10.74434364,8.298,0,1,616.3664387,0.627777778,7,14.35999995,26.72,0,0,23.40000004,2.12,0,0,0,0,0,9.359999984,0,0,0,0,4,20.04000002,0,0,0
41_58,0,283,0,0,0,0,1,0,0,0,0,4,15.52521392,5.290775279,10.74434364,8.298,0,1,405.08622,0.561111111,6,72.36000005,0,0,0,19.15999997,1.64,0,0,0,0,0,1.16,0,0,0,0,0,5.679999981,0,0,0
41_59,0,245.6666667,0,0,0,0,0,0,0,0,0,12,15.66176719,5.355161132,11.91875401,8.371202825,1,2,269.2322093,0.3,6,71.59999999,0,0,0,14.91999999,8.680000009,0,0,0,0,0,4.800000013,0,0,0,0,0,0,0,0,0
41_60,1,274,0,0,11,0,4,1,2,0,1,13,17.83655967,6.380591427,30.62280005,9.537055111,3,1.666666667,820.4945242,0.294444444,6,80.63999998,0,0,0,5.200000036,0.839999991,0,0,6.4,0,0,6.919999993,0,0,0,0,0,0,0,0,0
41_61,0,246,0,0,0,0,1,0,0,0,0,1,18.08490671,7.528724003,37.20699882,9.737514344,0,1,235.3568298,0.244444444,6,60.48000002,0,0,0,21.31999996,0.680000007,0,0,0,0,0,1.880000003,0,15.64,0,0,1.48E-09,0,0,0,0
41_62,1,171,0,0,0,0,0,1,0,1,2,96,7.17511691,21.69050378,61.62343142,6.594499309,6,2.333333333,1682.306672,0.222222222,4,61.11999998,0,0,0,0.88,2.439999993,0,0,0,0,0,28.96000003,0,0,0,0,6.599999999,0,0,0,0
41_65,1,272,0,0,0,0,2,2,0,0,0,13,2.396503816,3.634806312,6.663811571,5.483,0,1,624.8404119,0.044444444,4,81.76,0,0,0,7.64,5.24,0,0,0,0,0,5.359999997,0,0,0,0,1.09E-17,0,0,0,0
42_12,0.2,409.8,0,0,2,0,0,1,1,0,0,105,86.79305726,94.82939378,38.20259371,28.06071517,10,1.6,1454.291395,3.733333333,9,70.15999995,0,0,0,4.12,5.2,0,0,0,0,0,5.44,14.40000006,0,0,0,0.679999995,0,0,0,0
42_13,0.107296137,393.7982833,0,2,3,1,0,7,1,0,7,403,384.808365,333.8065145,136.4620856,66.81183492,32,1.34375,2976.981016,5.027777778,9,0.519999989,0,0,0,4.080000011,0,0,0,0,0,0,40.04000005,55.35999995,0,0,0,0,0,0,0,0
42_14,0.024,420.104,0,0,1,0,0,2,0,0,2,231,161.2141719,246.448904,146.2137591,30.97006279,18,1.5,1782.900428,5.488888889,9,2,0,0,0,33.19999999,0,0,0.800000023,0,2.12,0,52.59999998,9.240000003,0,0,0,0,0.040000004,0,0,0
42_15,0.130434783,377.173913,0,1,0,1,1,8,0,0,0,247,119.9414861,171.3020195,109.7779224,21.59539146,24,1.625,3034.009897,3.738888889,11,0.8,0,0,0,0,0,0,7.439999977,0,0,0,19.23999998,9.200000005,0,0,0,0.040000001,63.28000003,0,0,0
42_16,0.571428571,281.3214286,6,0,10,7,2,7,5,2,8,564,109.7373282,223.6676541,215.018482,20.67877558,44,1.522727273,4274.57787,2.7,12,0.68,0,0,0,0,0,0,6.320000011,0,0.48,0,35.39999998,44.64000004,0,0,0,4.960000002,7.519999963,0,0,0
42_17,0.684931507,233.3013699,2,0,7,13,1,5,0,1,4,509,96.17989391,220.736933,275.9505792,17.43154167,36,1.444444444,3873.679756,3.277777778,14,0,0,0,0,0,0,0,13.63999999,0,0,0,0,79.80000001,0,0,0,5.12,1.44,0,0,0
42_18,0.632183908,261.4137931,2,1,12,1,3,7,8,2,10,432,96.16696753,197.849804,262.3009854,21.02796013,24,1.708333333,3339.802988,4.477777778,14,2.84,0,0,0,0.040000003,0.56,0,31.00000006,0,0,0,10.84,42.55999994,0,0,0,9.88,2.280000001,0,0,0
42_19,0.497435897,326.3846154,42,2,75,18,10,22,64,8,16,729,298.3234753,293.9872111,166.0871544,29.46159286,31,1.548387097,3598.946658,4.405555556,14,0,0,0,0,0.119999997,0,0,94.96,0,0,0,0,0,0,0,0,4.880000001,0.039999999,0,0,0
42_20,0.4,344.5225806,31,0,34,7,4,9,21,3,6,320,191.3079478,173.4724299,107.8373883,24.5390191,24,1.625,3065.374236,5.527777778,14,3,0,0,0,26.24000003,0,0,38.39999994,2.92,0,0,7.44000002,3.120000005,0,0,0,14.52000001,4.36,0,0,0
42_21,0.403846154,311.8846154,0,1,3,9,0,6,1,1,3,304,95.87160957,92.72876773,88.98616775,22.96091787,23,1.47826087,2762.966363,6.472222222,15,0,0,0,0,5.479999967,0,0,0,0,0,1.720000018,36.6,43.44000002,0,0,0,5.279999991,7.48,0,0,0
42_22,0.504065041,297.4878049,0,1,1,6,0,3,1,0,5,155,121.3248791,106.7313787,103.7743787,23.1223113,11,1.454545455,2157.134368,8.294444444,17,0,0,0,0,22.48000001,0,0,0,0,5.2,18.35999998,46.64000004,2.519999971,0,0,0,0,4.8,0,0,0
42_23,0.661375661,216.0952381,0,1,5,8,0,8,0,0,2,348,264.7937103,158.7658863,138.010337,38.62947429,11,2,2675.710491,8.644444444,17,0,0,0,0,15.6,0,0,8.28000005,0,0,0,45.55999994,30.56000001,0,0,0,0,1.36E-09,0,0,0
42_24,0.59375,170.71875,5,0,27,10,10,15,7,0,7,783,138.3666926,640.1360294,273.4073754,50.40075563,23,1.956521739,3685.95248,8.088888889,17,0,0,0,0,0.439999993,0,0,94.83999998,0,0,0,3.320000034,0.439999992,0,0,0,0.76,0.199999999,0,0,0
42_25,0.587096774,122.4451613,1,1,1,3,0,8,1,1,9,538,363.1231369,452.1562826,175.506876,53.15879713,33,1.363636364,3165.130963,10.96111111,18,0,0,0,0,0,0,0,10.87999997,0,0.76,0,59.96000001,4.480000027,0,0,0,0,23.92,0,0,0
42_26,0.84469697,112.3579545,6,4,7,2,1,8,10,0,15,424,428.4456811,417.9583086,152.094596,52.03793331,60,1.533333333,5136.910842,10.13333333,18,0,0,0,0,0.64,0,0,4.84,0.120000005,0,0,32.04,51.83999999,0,0,0,10.52,0,0,0,0
42_27,0.711111111,149.8407407,11,0,36,5,49,15,14,3,9,294,292.9967649,274.6921594,68.74711388,49.91712356,40,1.725,4644.868641,16.48333333,18,0,0,0,0,0.68,0,0,0,40.60000002,0,0,17.23999996,23.35999998,0,0,0,0.680000007,1.440000011,0,16.00000002,0
42_28,0.488888889,213.9977778,100,2,68,16,10,9,50,20,21,57,420.9544515,124.8823603,53.3971522,28.51164591,32,2,3548.351026,18.61666667,18,0,0,0,0,0,0,0,13.68000004,8.679999968,0,2.400000003,23.4,0,0,0,0,2.679999993,12.59999999,0,36.56,0
42_29,0.166226913,324.3918206,116,15,129,25,13,47,261,12,45,54,232.6618245,22.10840018,18.13675062,26.67597253,35,1.942857143,4215.262783,20.90555556,18,2.320000002,0,0,0,0,0,0,9.35999997,0,0,8.440000015,4.679999992,0,0,0,0,10.64,0,1.480000013,63.08,0
42_30,0.136619718,328.943662,52,14,218,30,8,43,75,9,43,66,411.5050438,37.79940723,28.59295656,24.58862289,42,1.857142857,4779.01903,18.77777778,16,1.599999998,0,0,0,0,0,0,16.68000001,0,0,27.60000002,0.079999998,0,0,0,0,5.680000012,0,5.919999987,42.43999998,0
42_31,0.338565022,261.9103139,12,2,23,4,27,13,11,3,20,131,268.4009095,27.96811109,18.44326268,33.29666115,48,1.895833333,6468.587146,13.26111111,16,0.599999996,0,0,0,0,0,0,23.28,37.76000007,2.920000004,6.199999943,0,0,0,0,0,14.75999998,0,0,14.48,0
42_32,0.458646617,210.6842105,3,0,34,4,48,9,13,1,8,161,239.1862766,134.9486435,23.6394488,54.71619021,30,1.7,4125.859307,11.05,17,0.8,0,0,0,0,0,0,2.400000005,67.83999997,0.799999996,0,9.400000025,0,0,0,0,8.720000003,0,0,10.04,0
42_33,0.79281768,140.7707182,2,1,19,3,4,12,18,2,8,181,335.4881092,333.6622385,70.23132441,58.34951998,22,1.772727273,3079.220564,10.69444444,17,0,0,0,0,0.6,0,0,10.40000005,36.59999995,0,0,11.91999999,21.08,0,0,0,6.160000001,1.880000014,8.52,2.84,0
42_34,0.79253112,99.23858921,4,0,11,4,3,8,3,1,13,477,15.72721927,517.0616855,157.7968352,60.15692743,47,1.446808511,4522.084512,12.83888889,17,1.28,0,0,0,1.559999999,0,0,29.36000002,0,0,0,24,36.56,0,0,0,5.2,2.039999986,0,0,0
42_35,0.777777778,57.37940379,2,0,10,8,1,16,15,2,4,926,94.41942235,740.1831646,279.0809668,54.44784278,29,1.724137931,4525.530626,12.96111111,16,0,0,0,0,0,0,0,92.24,0,0,0,5.120000002,0,0,0,0,0,2.639999999,0,0,0
42_36,0.68,117.0711111,1,0,10,2,2,12,5,2,2,956,316.6693269,801.3003118,284.3268969,39.74241583,34,1.647058824,4090.128072,9.75,16,1.000000005,0,0,0,0,0,0,88.23999999,0,0,0,0,0,0,0,0,0,10.76,0,0,0
42_37,0.563380282,228.7957746,1,0,6,4,12,4,15,0,6,482,214.7275393,359.3395184,120.0600535,44.00567453,15,1.8,2365.798913,6.55,17,0,0,0,0,0,0,0,43.55999997,18.92000001,0,14.28000002,10.52,0,0,0,0,12.72,0,0,0,0
42_38,0.443478261,275.5478261,1,1,5,2,0,8,0,4,6,165,33.31321634,24.50702739,4.056493007,37.061,18,1.666666667,2180.809329,3.988888889,15,0,0,0,0,0.68,0,0,33.16,14.64000001,0,14.67999998,0,0,0,0,0,3.920000002,28.04000001,4.879999999,0,0
42_39,0.509090909,319.6545455,0,0,1,2,6,7,4,0,5,158,33.31321634,14.77191588,13.12138806,37.061,23,1.391304348,2825.974588,3.15,16,0,0,0,0,1.160000001,0,0,16.27999997,40.24,0.64,0,0,15.04000001,0,0,0,5.879999997,16.56,4.200000021,0,0
42_40,0.627118644,288.220339,8,3,11,3,9,10,4,0,8,133,33.66694372,30.12579896,50.47073766,36.28620524,26,1.461538462,3313.151275,2.661111111,16,0,0,0,0,6.360000001,0,0,18.48000002,14.71999999,0,0,13.84,13.31999999,0,0,0,18.12,9.880000014,5.279999979,0,0
42_41,0.58974359,226.5384615,1,0,12,1,6,4,2,0,4,612,71.90520312,186.6556199,214.1458679,29.71378081,51,1.431372549,4477.525882,2.927777778,16,0,0,0,0,8.480000004,0,0,70.64000002,7.99999999,0,0,3.64000001,0,0,0,0,0.599999993,8.639999987,0,0,0
42_42,0.508474576,268.4067797,3,0,8,2,2,6,4,0,4,561,136.1208414,259.9971013,250.6004606,24.71329472,44,1.5,4074.849265,3.633333333,15,2.400000004,0,0,0,1.639999996,0,0,19.31999996,0,0,0,1.879999989,74.76000005,0,0,0,0,0,0,0,0
42_43,0.591549296,271.1408451,1,0,16,1,0,4,1,1,2,1045,165.7117324,356.1472618,251.4628196,23.65064989,54,1.555555556,5805.40573,4.144444444,14,0.199999996,0,0,0,0,0,0,40.28,0,0,0,2.560000003,56.04,0,0,0,0,0.92,0,0,0
42_44,0.513761468,261.8256881,1,1,10,3,0,7,3,1,9,741,179.7017095,258.0546621,250.484603,30.99669224,52,1.615384615,5074.330052,4.033333333,13,0,0,0,0,0,0,0,8.279999997,0,0,0,18.76000005,70.95999994,0,0,0,0,2.000000011,0,0,0
42_45,0.409836066,316.0409836,2,0,7,1,9,5,0,0,8,869,162.6937002,230.7657784,286.9811018,33.57926172,61,1.295081967,5454.745588,3.694444444,13,0,0,0,0,1.040000005,0,0,70.44000002,11.12000003,0,0.480000005,15.55999995,0,0,0,0,0,1.359999992,0,0,0
42_46,0.162162162,366.2162162,1,0,18,2,9,2,5,2,7,652,214.9911255,302.1862207,151.0803789,40.66366025,40,1.55,4359.961766,3.277777778,13,0,0,0,0,0.759999995,0,0,31.99999997,9.919999976,0,8.159999995,0,47.80000005,0,0,0,1.360000006,0,0,0,0
42_47,0.104166667,407.7708333,4,0,16,4,1,6,5,2,13,750,200.1670335,305.193709,200.3884213,29.99521802,24,1.791666667,4587.872722,2.166666667,13,1.240000013,0,0,0,0,0,0,11.28,0,0,0,3.720000005,72.99999997,0,0,0,7.760000002,3.000000007,0,0,0
42_48,0,463.7647059,0,0,1,0,0,0,0,0,2,107,40.85094454,48.51813607,54.01130683,12.68905624,3,2.666666667,863.28652,1.394444444,13,79.24000005,0,0,0,0,3.76,0,0,0,0,0,3.399999994,11.15999997,0,0,0,2.039999993,0.399999992,0,0,0
42_49,0,520.8571429,0,0,1,0,3,0,0,0,0,17,27.8851567,37.46482905,43.81851354,9.124653672,1,3,244.9010324,0.794444444,12,91.35999996,0,0,0,0,0,0,4.840000011,3.600000008,0,0,0.200000017,0,0,0,0,0,0,0,0,0
42_50,0.045454545,575.0454545,1,0,2,0,2,5,0,1,4,427,30.92098624,84.77692308,135.6139062,6.307138053,31,1.35483871,3036.063027,1.077777778,11,23.51999999,0,0,0,0.839999999,0.96,0,43,0.79999999,0,0,12.47999999,18.40000004,0,0,0,0,0,0,0,0
42_51,0.083333333,611.0555556,0,0,4,4,2,6,0,1,4,641,33.38068246,203.6933303,380.6978955,5.919505991,25,1.76,3515.876646,1.311111111,10,0.119999997,0,0,0,7.920000019,0,0,52.31999999,0,0,0,19.80000002,18.67999996,0,0,0,0,1.160000017,0,0,0
42_52,0,579.0689655,0,1,1,2,0,4,0,3,7,279,11.66864936,116.7398787,209.8649318,4.528462235,17,1.294117647,2020.260075,1.3,11,4.160000028,0,0,0,17.59999998,0.200000004,0,1.199999994,0,0,0,63.4,10.16000002,0,0,0,0,3.279999983,0,0,0
42_53,0,515.5714286,0,0,2,0,0,3,1,0,4,200,2.789877777,26.63373706,50.72607123,3.96,18,1.222222222,1996.457196,0.838888889,11,34.44000002,0,0,0,9.120000009,0.439999996,0,5.2,0,0,0,39.27999999,11.51999998,0,0,0,0,0,0,0,0
42_54,0,511.25,0,0,0,0,0,1,0,0,0,11,9.624177285,15.07486997,29.61460958,4.625582754,1,1,38.5750169,0.411111111,10,77.12,2.44,0,0,9.839999996,0,0,0,0,0,0,8.639999986,0,0,0,0,0,1.960000013,0,0,0
42_55,0,575.4,0,0,0,0,1,2,0,1,3,23,5.234476881,11.67324317,21.80407904,4.198076046,8,2,1705.862408,0.244444444,7,63.35999995,0,0,0,2.559999994,2.36,0,0,0,4.2,0,15.44000004,0,3.520000021,0,0,3.600000005,4.959999986,0,0,0
42_56,0.2,372.2,0,0,3,0,0,1,2,0,2,36,9.91626381,9.546448959,16.75111304,6.312100685,3,2.666666667,1407.694318,0.272222222,7,43.96000003,0,0,0,0,5.04,0,0,0,0,0,16.64,0,20.71999998,0,0,13.64,0,0,0,0
42_57,0.166666667,368.8333333,0,0,0,0,1,3,0,1,4,15,15.52521392,5.290775279,10.74434364,8.298,4,2.25,1296.15322,0.222222222,7,75.64000004,0,0,0,4.88,0.2,0,0,0,0,0,14.03999996,0,0,0,0,5.239999999,0,0,0,0
42_58,0,340.4,0,0,0,0,0,2,0,0,0,12,15.52521392,5.290775279,10.74434364,8.298,2,2.5,521.2800928,0.216666667,5,81.6,0,0,0,3.600000004,12.48,0,0,0,0,0,2.32,0,0,0,0,0,0,0,0,0
42_59,0,431,0,0,0,0,0,1,0,0,0,0,15.52521392,5.290775279,10.74434364,8.298,0,0,0,0.122222222,5,97.2,0,0,0,2.199999995,0.6,0,0,0,0,0,0,0,0,0,0,0,0,0,0,0
42_60,0,260,0,0,0,0,0,0,0,0,0,5,15.39711927,5.254650965,10.67163885,8.270934161,0,1,134.1012599,0.094444444,5,94.23999999,0,0,0,0.32,2.4,0,0,0,0,0,1.920000006,0,0,0,0,1.120000004,0,0,0,0
42_61,0,229,2,0,2,0,0,3,2,0,2,36,10.08797303,3.899942574,13.70052351,7.393434602,7,1.857142857,1670.71241,0.044444444,5,67.52,0,0,0,5.520000007,2.28,0,0,0,0,0,17.83999999,0,0,0,0,6.840000001,0,0,0,0
43_12,0.033333333,457.7333333,1,0,7,0,2,3,2,1,3,139,20.89249035,46.81952344,62.65667365,11.84099653,12,1.666666667,1932.556574,3.577777778,9,55.27999993,0,0,0,0,2.2,0,7.560000001,0,0,5.000000022,23.00000002,1.92E-08,0,0,0,6.960000011,0,0,0,0
43_13,0.081218274,407.7208122,7,0,18,6,0,11,17,2,7,542,336.3780122,241.3683851,250.6826404,47.00713669,52,1.5,4745.930219,4.816666667,9,0,0,0,0,0,0,0,33.52,0,0,1.359999978,4.080000002,54.24000003,0,0,0,6.799999992,0,0,0,0
43_14,0.103658537,375.8902439,7,0,12,10,0,5,6,0,6,662,209.3379664,298.2264659,241.5190248,43.07265591,51,1.352941176,4749.428264,5,10,0,0,0,0,7.720000015,0,0,9.12,0,0.08,0,43.16000002,34.15999997,0,0,0,5.760000001,0,0,0,0
43_15,0.173913043,340.0652174,0,2,2,1,0,3,2,2,8,163,139.2515391,102.0355419,106.3610207,30.64843374,23,1.608695652,2506.468411,3.75,12,0,0,0,0,23.4,0,0,0,2.2,0.16,0,21.95999997,14.07999999,0,0,0,8.039999999,30.16000004,0,0,0
43_16,0.487804878,260.7317073,0,0,9,0,0,3,0,0,1,490,114.2211259,194.5854934,185.2180104,23.03202942,25,1.6,2845.236841,3.066666667,12,0,0,0,0,4.799999984,0,0,6.520000021,0,0,0,33.55999999,24.36000005,0,0,0,0.559999997,30.19999996,0,0,0
43_17,0.636363636,200.7662338,0,0,3,2,0,3,0,3,3,437,141.839738,205.6691982,243.5212756,23.11561734,13,1.769230769,2549.030484,3.605555556,14,0,0,0,0,0,0,0,1.119999979,0,0,0,1.320000014,83.71999999,0,0,0,0.840000011,13,0,0,0
43_18,0.714285714,201.4285714,0,1,12,2,0,4,0,0,4,488,123.8616923,211.7887915,248.2204276,21.61414693,31,1.516129032,3607.014973,4.222222222,14,0,0,0,0,0,0,0,15.12000005,0,0,0,18.67999999,59.67999998,0,0,0,6.399999989,0.119999997,0,0,0
43_19,0.652173913,215.973913,0,2,7,6,0,5,1,1,4,826,179.9156963,282.2100113,184.5266137,23.95859304,20,1.65,3475.552807,4.427777778,14,0,0,0,0,2.12,0,0,70.76000002,0,0,0,1.19E-11,22.67999998,0,0,0,0,4.44,0,0,0
43_20,0.594827586,270.1206897,2,0,5,12,0,5,4,0,0,478,236.3701113,233.7262253,208.8562339,22.53995562,22,1.863636364,3356.43466,5.838888889,14,0,0,0,0,0.280000005,0,0,65.35999993,0,0,0,0,34.36000006,0,0,0,0,0,0,0,0
43_21,0.556149733,288.9946524,0,0,7,5,0,5,0,0,2,377,201.7882263,137.7919063,209.7661309,24.15020844,20,1.6,2385.475138,8.372222222,15,0,0,0,0,17.72,0,0,14.76000002,0,0,0.08,0.520000008,58.15999997,0,0,0,8.760000009,0,0,0,0
43_22,0.662436548,231.4974619,53,1,62,13,3,16,23,4,13,483,329.059164,134.6776883,172.2227893,34.48926644,31,1.548387097,3059.745973,10.60555556,16,0.68,0,0,0,7.839999996,0,0,39.88000002,0,0,0.52,17.75999999,15.95999999,0,0,0,14.48,2.88,0,0,0
43_23,0.751269036,174.0380711,4,1,14,5,1,7,2,0,4,408,589.3317431,282.764115,212.0834354,52.62942795,48,1.208333333,3468.284389,11.58333333,17,0,0,0,0,2.680000002,0,0,60.96000002,0.040000005,0,0,0.039999999,29.23999998,0,0,0,7.039999994,0,0,0,0
43_24,0.68018018,133.2027027,14,3,41,15,9,17,14,2,4,399,423.2386366,409.8485743,186.4252582,59.29772353,41,1.487804878,4107.893179,11.16111111,17,0,0,0,0,0.039999999,0,0,61.31999998,19.19999999,0,0,13.72000002,0,0,0,0,5.720000002,0,0,0,0
43_25,0.697435897,100.3435897,5,0,18,5,19,5,13,1,8,336,273.1999205,277.2808488,113.9318856,63.40023995,36,1.777777778,4123.631266,11.52777778,17,0,0,0,0,0.68,0,0,30.47999996,15.64,0,8.28,24.92,5.160000008,0,0,0,7.000000019,0,0,7.840000011,0
43_26,0.705202312,105.283237,3,3,17,10,18,9,9,2,4,236,388.8716931,563.5657268,83.11606547,63.09496797,47,1.574468085,4447.790335,11.68333333,18,1.04,0,0,0,0,0,0,29.56,9.72000003,0,0,22.75999997,13.36000003,0,0,0,11.39999998,2.08,5.36,4.719999989,0
43_27,0.726829268,145.2390244,3,2,30,2,42,8,12,2,2,272,117.1402183,302.1239908,55.12351751,51.51956294,25,1.84,3973.407714,13.08333333,18,0,0,0,0,1.64,0,0,0.880000012,48.52000003,0,0,0,48.35999996,0,0,0,0,0,0,0.6,0
43_28,0.618677043,189.385214,36,9,60,10,33,18,28,12,43,87,63.50199006,62.57220199,40.59104885,43.93771939,32,2.0625,4548.185201,13.36111111,18,0,0,0,0,0,0,0,9.959999991,48.99999998,0,0,7.440000002,0,0,0,0,4.160000007,0.120000001,0,29.32000001,0
43_29,0.274509804,290.3235294,24,4,39,5,46,8,11,5,23,120,98.3712364,22.01142478,8.958510399,31.10070066,25,1.68,3616.081004,15.96666667,18,2.880000009,0,0,0,0,0,0,13.16000002,39.99999995,1.279999999,1.640000003,5.640000028,0,0,0,0,14.88000001,0.48,0,20.03999998,0
43_30,0.118852459,316.6311475,11,4,10,7,1,9,3,1,14,53,224.9134859,59.74876561,18.24747519,25.39795306,31,1.838709677,3209.787753,15.22222222,17,0.559999994,0,0,0,0,0,0,28.39999998,0.04,0.52,43.64000006,12.11999997,0,0,0,0,4.599999986,5.759999998,0,4.360000003,0
43_31,0.33557047,275.4362416,5,4,41,12,10,16,7,2,18,64,87.24008532,4.470965493,1.916476142,26.8185022,27,2,3414.787291,11.42777778,17,1.04,0,0,0,0.48,0,0,4.959999995,14.48000002,1.12E-09,36.39999996,0.199999994,9.399999994,0,0,0,8.640000013,0,0,24.40000002,0
43_32,0.25,239.46875,5,2,18,5,27,6,16,0,15,59,69.58257945,17.52203646,4.022419341,34.48553257,36,1.75,4888.602293,9,17,1.4,0,0,0,0,0,0,7.88,50.20000002,1.6,0,10.64,0,0,0,0,19.92,0,0,8.359999976,0
43_33,0.775757576,175.6969697,0,1,30,6,20,11,4,1,5,250,137.2716735,125.3211227,28.81456895,48.00891622,32,1.59375,4528.450146,8.605555556,17,0,0,0,0,0.56,0,0,15.92000003,27.43999996,0,0,5.000000014,30.52000001,0,0,0,17.63999999,0.64,0.359999996,1.92,0
43_34,0.741818182,131.0618182,1,0,7,5,0,12,3,1,8,411,88.32628253,421.0895184,113.338868,57.33295171,35,1.4,4115.639579,10.37222222,17,2.519999996,0,0,0,0.080000001,0,0,14.64000001,9.599999974,0,0,24.96000001,40.60000001,0,0,0,7.15999999,0.440000003,0,0,0
43_35,0.768060837,67.06844106,0,3,4,3,0,4,2,3,2,514,52.76373712,460.2609177,187.2366853,56.8337432,13,2,2306.427028,10.26111111,16,0,0,0,0,19.48000001,0,0,35.48000002,0,0,0,13.71999998,0,0,0,0,0,31.31999999,0,0,0
43_36,0.771428571,110.6612245,22,3,41,5,7,17,21,4,9,692,233.5764428,564.4616208,157.3959886,56.3632077,33,1.727272727,4087.578883,7.455555556,16,0,0,0,0,3.879999978,0,0,65.64000003,5.280000004,0,16.15999999,0.919999996,0,0,0,0,2.640000015,5.479999985,0,0,0
43_37,0.68115942,227.8550725,0,0,8,0,6,12,7,1,7,151,137.2592621,216.8518939,56.43110053,41.76741883,21,1.714285714,2296.063836,5.783333333,16,0,0,0,0,0,0,0,20.67999997,67.84000005,0,0,0,0,0,0,0,11.47999998,0,0,0,0
43_38,0.339285714,314.9821429,0,0,6,0,3,13,3,0,0,50,33.31321634,16.40167589,3.625658907,37.061,11,1.818181818,1952.132814,3.488888889,15,0,0,0,0,1.600000006,0,0,7.920000012,80.31999998,0,0,0,0,0,0,0,0,0,10.16,0,0
43_39,0.461538462,315.3846154,0,0,4,1,4,9,1,0,3,27,33.3284196,12.33019032,12.38222011,37.02769919,11,2,2228.015769,2.755555556,16,0,0,0,0,11.31999999,0,0,1.39999999,79.04,0.640000005,0,1.320000005,0.64,0,0,0,5.640000009,0,0,0,0
43_40,0.685714286,282.7428571,0,0,10,2,7,5,3,3,2,30,34.8683923,12.57848866,19.59920535,33.65458523,5,1.8,1096.239318,2.788888889,16,0,0,0,0,2.68,0,0,0,27.95999996,0.159999995,0,17.04,0,0,0,0,3.639999995,48.52000004,0,0,0
43_41,0.641509434,159.3773585,0,1,5,0,3,2,2,0,7,425,55.20052667,126.7121879,124.0504787,28.54300885,34,1.882352941,3974.592551,3.233333333,16,5.479999999,0,0,0,0.64,0,0,9.000000014,0,0,0,10.72,52.88000004,0,0,0,7.679999997,13.59999996,0,0,0
43_42,0.691176471,196.2205882,2,0,4,1,0,3,3,1,3,666,151.1002654,250.1258674,197.9457842,23.52196974,35,1.485714286,4184.747373,4.061111111,16,0,0,0,0,0,0,0,5.919999998,0,0,0,18.96000001,55.03999999,0,0,0,0,20.08,0,0,0
43_43,0.659340659,199.6153846,6,0,38,15,2,6,16,3,12,832,196.0172627,309.4219409,268.2820442,29.20152486,53,1.603773585,5674.057567,4.711111111,14,0,0,0,0,0,0,0,31.23999999,0,0,0,13.31999999,55.44000002,0,0,0,0,0,0,0,0
43_44,0.56302521,238.5546218,3,0,5,1,0,7,3,0,3,859,189.1760005,228.9695776,261.911068,32.09762608,46,1.434782609,5062.388735,5.566666667,13,0,0,0,0,0,0,0,12.68000003,0,0,0,1.400000003,85.91999997,0,0,0,0,0,0,0,0
43_45,0.543103448,287.5862069,3,1,13,6,1,8,8,2,9,569,150.5868302,220.1267187,195.1699339,31.52881569,39,1.538461538,4001.052537,5.205555556,13,1.280000008,0,0,0,1.240000001,0,0,27.28,0,0,0,46.95999999,20.68000001,0,0,0,0,2.559999999,0,0,0
43_46,0.471698113,320.3113208,6,0,25,4,0,9,5,3,9,673,175.135549,366.7696937,177.9500706,40.67755955,43,1.581395349,4454.21025,4.038888889,12,4.999999992,0,0,0,0,0,0,24.16000001,0,0,0,1.6,69.23999999,0,0,0,0,0,0,0,0
43_47,0.205479452,376.0821918,0,1,3,0,0,1,0,2,5,525,207.1327272,326.3713814,186.8847159,37.87318039,18,1.5,2134.517931,2.338888889,13,0,0,0,0,0,0,0,6.799999963,0,0,0,31.80000002,30.51999998,0,0,0,0,30.88000004,0,0,0
43_48,0.206896552,459.862069,1,0,8,0,0,6,2,0,4,276,24.88545168,81.08442663,110.9172906,10.2359189,21,1.571428571,2754.684179,1.422222222,13,24.64000003,0,0,0,0,1.36,0,0,2.760000002,0,0,30.35999999,16.72,0,0,0,7.840000004,16.31999997,0,0,0
43_49,0.043478261,510.7391304,0,0,8,1,7,3,2,0,6,398,41.03257399,144.5191828,146.3694589,8.935481786,26,1.615384615,3223.573756,0.916666667,11,13.79999998,0,0,0,3.319999998,0,0,35.84000006,1.799999999,0,13.11999999,30.27999998,0.559999998,0,0,0,1.279999994,0,0,0,0
43_50,0.076923077,557.4615385,2,0,9,3,2,5,1,0,6,832,53.78653027,243.2061595,357.3126537,6.482891336,31,1.64516129,3706.976935,1.372222222,11,0,0,0,0,2.080000001,0,0,72.59999996,0,0,0,1.239999985,24.08000005,0,0,0,0,0,0,0,0
43_51,0.026315789,590.9605263,10,0,27,6,3,11,9,1,12,510,39.30899205,193.7448517,323.957327,5.423525301,28,1.571428571,3399.130755,1.472222222,11,0,0,0,0,0,0,0,14.36000003,0,0,0,3.280000003,77.59999996,0,0,0,4.760000003,0,0,0,0
43_52,0,574.1578947,0,0,11,0,0,3,0,0,8,416,28.7816589,143.36892,280.2780009,4.528608939,15,1.866666667,3402.976814,1.483333333,10,0.480000003,0,0,0,2.040000003,0,0,13.43999997,0,0,0,14.76,63.08000003,0,0,0,5.439999997,0.759999998,0,0,0
43_53,0,522.2173913,4,0,12,2,1,6,5,2,3,412,18.24634364,112.5367658,213.9584602,5.186277659,29,1.448275862,3329.76576,0.894444444,8,2.360000018,0,0,0,2.56000001,0,0,0,0,0,0,32.52000003,54.27999994,0,0,0,5.12,3.16,0,0,0
43_54,0,515.4166667,1,0,5,0,0,2,1,0,0,389,22.10075355,53.87583803,92.09735844,5.840658853,23,1.304347826,2304.352786,0.377777778,7,17.76000001,0,0,0,12.99999999,1.28000001,0,0,0,0.52,0,48.43999999,13.84,0,0,0,5.160000002,0,0,0,0
43_55,0,464.6666667,0,0,0,0,0,0,0,0,1,3,15.48587005,26.29744988,46.82936456,5.623477835,1,3,160.6729565,0.2,6,41.83999998,0,0,0,36.48000002,1.51999999,0,0,0,0,0,2.839999972,0,0,0,0,10.28000001,7.04000003,0,0,0
43_56,0,371,0,0,2,0,0,0,0,0,1,22,3.410949458,17.66521592,25.70165305,5.197039995,1,2,344.9241062,0.122222222,6,16.31999999,0,0,0,47.15999998,0,0,0,0,0.4,0,11.32000006,0,0,0,0,5.080000001,19.71999997,0,0,0
43_57,0.333333333,355.3333333,1,0,2,0,0,3,0,0,3,19,6.346521812,15.61568254,22.39653762,5.969816886,6,1.833333333,1144.505947,0.122222222,6,69.24000006,0,0,0,12.48,4.55E-09,0,0,0,0,0,10.35999995,0,0,0,0,7.919999988,0,0,0,0
43_58,0.333333333,354,0,0,0,1,0,0,0,1,0,47,10.58843433,3.912781737,7.710099738,7.234820175,8,1.625,1933.428868,0.127777778,6,46.11999996,0,0,0,3.92,18.28000002,0,0,0,0.720000006,0,15.52000001,0,0,0,0,5.920000002,9.52,0,0,0
43_59,0,355.2,1,0,1,0,0,2,1,0,1,27,11.72636054,4.212535211,8.29502322,7.483466648,5,2.2,1459.458899,0.088888889,5,65.84000003,0,0,0,3.920000006,4.279999974,0,0,0,1.199999994,0,14.27999998,0,0,0,0,6.96,0,3.520000013,0,0
43_60,0,274.6666667,0,0,2,0,0,1,0,0,1,11,5.322218213,2.394828081,4.165936079,6.110318751,2,2.5,859.9570106,0.061111111,5,83.88,0,0,0,3.479999994,4.92,0,0,0,0,0,1.840000021,0,0,0,0,5.239999995,0,0.639999987,0,0
44_11,0,417.5,0,2,3,1,1,5,3,2,6,234,15.15716622,56.77740262,94.01476887,5.489905691,19,1.473684211,2189.183387,0.566666667,9,5.200000024,0,0,0,9.400000001,0,0,0,0,0,0,48.67999992,1.320000046,0,0,0,0.4,35,0,0,0
44_12,0.055555556,381.1666667,0,0,6,1,1,9,0,1,1,729,72.915674,192.5326797,306.5734425,13.95509909,46,1.347826087,4761.679465,2.961111111,9,9.999999974,0,0,0,0,0,0,41.52000007,0,0,0.16,0.52,47.79999995,0,0,0,0,0,0,0,0
44_13,0.207207207,349.2792793,4,0,12,2,0,5,1,1,11,692,194.2010583,359.2157086,259.7854114,30.80676663,48,1.520833333,4404.606018,4.588888889,9,1.440000003,0,0,0,0,0,0,35.23999996,0,0,0,24.04000001,26.48000003,0,0,0,0,12.8,0,0,0
44_14,0.194174757,321.2912621,0,0,4,3,0,3,0,1,2,710,165.7237523,346.181321,194.6348879,41.76150725,38,1.447368421,3660.330993,5.361111111,11,0.759999999,0,0,0,0,0,0,11.23999996,3.840000061,0,0,47.59999999,36.55999998,0,0,0,0,0,0,0,0
44_15,0.516129032,278,0,0,5,0,10,1,6,0,3,34,120.8629242,90.27676559,61.48333826,36.5522646,3,2.666666667,848.802426,4.716666667,11,0.840000012,0,0,0,19.04000003,0,0,0.48,21.99999994,1.8,0,2.56,0.39999999,0,0,0,0,52.88000003,0,0,0
44_16,0.752475248,182.2871287,4,0,17,3,1,4,6,1,4,407,129.9765523,219.0125647,190.0575924,30.5573784,26,1.461538462,2756.366006,4.311111111,12,3.879999987,0,0,0,5.79999998,0,0,0,0,0,0,24.04000001,55.20000005,0,0,0,0,11.07999998,0,0,0
44_17,0.657894737,184.9824561,0,0,3,1,0,3,0,0,3,287,188.871917,241.8567536,158.5644766,47.34260513,26,1.346153846,2268.014053,4.461111111,12,0,0,0,0,6.799999991,0,0,0,0,0,0,18.88000001,52.19999997,0,0,0,0,22.12000003,0,0,0
44_18,0.759493671,132.3291139,1,1,4,3,0,4,0,6,2,178,171.6566799,179.6710677,128.5143478,37.36717306,51,1.490196078,3590.936513,4.061111111,14,0,0,0,0,0,0,0,0,0,0,0,41.08000004,9.999999984,0,0,0,7.640000004,41.27999998,0,0,0
44_19,0.65,156.05,0,0,1,0,0,1,1,1,6,68,116.196083,94.56734463,73.59389282,25.12243125,8,2,1043.34382,3.65,14,0,0,0,0,13.8,0,0,0.240000004,0,0,0,14.35999998,3.720000011,0,0,0,0.119999996,67.76000001,0,0,0
44_20,0.510638298,237.3829787,1,1,9,1,0,4,1,0,2,457,173.9530897,248.7868918,234.9223181,19.62183921,21,1.761904762,3366.076598,4.516666667,14,0,0,0,0,0.12,0,0,27.24,0,0,0,24.47999999,43.40000002,0,0,0,0,4.759999985,0,0,0
44_21,0.528409091,246.75,1,1,6,6,0,7,0,3,3,321,228.9638189,181.5673766,249.4221166,23.84704696,21,1.666666667,3172.475717,7.666666667,15,0,0,0,0,0,0,0,44.44000001,0,0,0,28.91999997,26.64000001,0,0,0,0,0,0,0,0
44_22,0.511764706,261.3176471,2,2,6,8,0,6,1,1,3,375,470.9058577,257.5620417,214.7639777,39.99591446,27,1.740740741,3461.724048,11.06666667,16,0.08,0,0,0,0,0,0,50.92000005,0,0,0,0.72,48.27999995,0,0,0,0,0,0,0,0
44_23,0.566860465,214.8139535,17,1,12,5,3,4,11,0,2,773,534.4198062,766.0210836,263.1733266,55.00172974,38,1.552631579,4078.672897,13.20555556,16,0,0,0,0,0.720000003,0,0,89.63999999,0,0,0,0,0,0,0,0,5.400000004,4.24,0,0,0
44_24,0.629893238,140.6405694,14,2,28,11,8,7,31,3,6,703,560.749522,665.1233043,234.3055826,58.70138652,50,1.46,4226.378597,13.16666667,16,0,0,0,0,1.599999997,0,0,83.99999999,1.16,0,0,0.72,0,0,0,0,6.88,5.640000008,0,0,0
44_25,0.652509653,83.5984556,3,2,14,2,4,5,8,2,8,700,265.0900532,509.7186588,161.8943459,64.11606875,27,1.888888889,4128.255301,12.12777778,17,0,0,0,0,2.2,0,0,32.47999996,4.560000003,0,0,16.76,18.68000004,0,0,0,12.92,11.91999999,0,0.480000008,0
44_26,0.743396226,99.12830189,21,0,59,9,32,12,22,1,10,367,280.206184,304.2480174,108.4916718,69.85972396,44,1.477272727,4229.895016,10.96111111,17,0,0,0,0,0,0,0,23.91999999,20.16000001,0,0,0.56,17.51999998,0,0,0,16.68000001,0,9.84000002,11.31999999,0
44_27,0.668141593,120.4646018,5,1,36,15,9,18,3,0,13,111,203.8495998,202.5498739,44.52207813,59.55423185,50,1.56,4666.971343,11.17222222,18,2.52,0,0,0,4.16,0,0,32.24000001,18.44000003,0,0,7.720000004,13.55999998,0,0,0,14.71999999,0,2.59999998,4.04,0
44_28,0.553763441,166.9086022,14,1,47,9,19,20,14,2,25,152,112.947012,114.820711,20.64216496,52.15862177,23,1.913043478,3569.538697,9.522222222,18,0,0,0,0,0,0,0,1.759999985,55.12000002,1.280000003,0,5.239999996,0,0,0,0,9.519999992,0,0,27.08000001,0
44_29,0.377358491,241.3018868,5,4,17,4,20,12,10,8,11,126,109.2326046,52.04278723,12.07466575,39.15406783,22,1.863636364,3111.272798,9.244444444,17,0,0,0,0,0,0,0,29.52000001,49.83999998,2.079999998,0,0,0.4,0,0,0,3.400000021,0,12.08,2.679999991,0
44_30,0.245398773,275.0797546,3,1,13,5,3,11,3,0,16,66,108.6806185,97.99480183,26.69593129,35.03166587,27,1.62962963,3626.599213,7.188888889,17,0,0,0,0,0.880000001,0,0,25.36000001,19.55999997,0.6,4.439999997,23.96000003,1.879999999,0,0,0,23.11999998,0.080000002,0.119999996,0,0
44_31,0.196078431,303.8627451,4,0,11,4,21,7,8,0,4,152,128.9932402,394.2343526,84.34333149,41.44663542,30,1.766666667,3766.705288,6.794444444,17,0,0,0,0,4.239999998,0,0,20.03999999,20.84,0,0,43.71999999,0.640000004,0,0,0,9.440000004,0.480000002,0,0.600000015,0
44_32,0.23655914,267.9569892,1,0,9,7,19,6,6,1,9,175,44.05658263,191.0631672,22.8778376,52.58729252,20,1.9,2663.369087,6.316666667,17,0,0,0,0,3.040000003,0,0,11.51999997,45.08000008,0,0,15.23999996,0,0,0,0,3.319999992,11.24,0,10.55999999,0
44_33,0.455882353,193.3088235,4,0,40,5,25,4,10,1,11,81,62.43926787,68.27596049,16.77641989,54.34222578,14,1.857142857,2297.593791,5.961111111,17,0,0,0,0,3.079999995,0,0,17.64000001,66.71999996,2.32,0,0,1.360000009,0,0,0,0.880000011,0,6.28000001,1.72,0
44_34,0.472222222,183.25,1,0,11,3,18,4,10,1,9,207,105.3526378,116.5222557,61.21924718,61.01648556,36,1.611111111,4469.105119,6.594444444,16,5.920000003,0,0,0,3.199999997,0,0,3.199999985,49.67999997,0.119999999,0,1.759999999,23.28000004,0,0,0,11.72000001,0.240000006,0.879999993,0,0
44_35,0.569767442,193.0813953,1,3,0,3,2,6,0,1,5,98,102.1146126,149.0140784,52.99551387,62.28732669,22,1.863636364,3701.98255,6.933333333,16,0,0,0,0,19.52000001,0,0,15.28000001,9.640000025,0,0,21.08,8.519999961,0,0,0,11.95999999,14.00000001,0,0,0
44_36,0.505376344,216.2903226,0,0,16,4,32,4,1,0,3,497,212.8445577,488.1012728,69.05632622,63.18978979,16,1.5,2473.499591,5.872222222,16,0,0,0,0,0.95999999,1.24,0,44.36,40.88000001,0,0.800000009,0,0,0,0,0,9.759999997,1.999999996,0,0,0
44_37,0.589473684,203.3157895,2,0,18,0,27,8,5,1,7,423,102.948844,243.4524809,43.78444724,42.39151268,32,1.34375,3375.315358,4,15,0,0,0,0,0.6,0,0,34.44,58.84,0,0,0,0,0,0,0,6.120000002,0,0,0,0
44_38,0.485714286,257.5285714,1,1,8,0,5,7,3,0,8,246,72.68387652,90.07609112,34.59112343,38.51868713,29,1.517241379,3759.273291,2.9,15,0,0,0,0,2.240000007,0,0,21.59999998,56.04,1.16,0,1.920000004,0,0,0,0,8.800000009,8.239999998,0,0,0
44_39,0.674418605,268.1627907,0,1,8,0,13,6,1,0,5,55,39.25893193,22.39817018,24.5607278,33.12454141,47,1.829787234,5605.429642,2.883333333,14,42.12000003,0,0,0,3.520000002,0,0,0,26.15999997,0,0,19.04,1.440000006,0,0,0,7.719999989,0,0,0,0
44_40,0.682539683,198.1587302,0,1,1,0,0,3,0,1,2,254,219.2122698,266.5703341,76.91702418,39.97291426,41,1.804878049,5372.274817,3.377777778,14,40.72,0,0,0,10.75999999,0,0,5.880000012,0.160000001,0,0,23.40000001,15.67999999,0,0,0,0,3.400000001,0,0,0
44_41,0.732142857,152.2142857,0,0,5,1,0,8,2,0,8,375,179.6604781,204.6199496,108.8824085,38.19855873,38,1.657894737,4337.366116,4.083333333,14,14.31999997,0,0,0,0,0,0,1.399999987,0,0,0.759999999,56.16000001,7.000000029,0,0,0,6.520000006,13.84,0,0,0
44_42,0.740740741,109.4074074,6,0,18,5,4,3,9,0,2,540,146.7082454,279.6205313,249.1401566,32.63835879,33,1.424242424,3504.41804,5.888888889,14,0,0,0,0,0.6,0,0,3.32000001,0,0,0,26.03999998,64.60000002,0,0,0,0.679999993,4.759999997,0,0,0
44_43,0.748427673,166.408805,2,1,7,5,1,3,2,0,3,671,305.0998473,401.5965035,211.4310538,58.48924003,26,1.846153846,3750.022873,6.5,15,4.36,0,0,0,0,0,0,29.72,0,0,0,0.319999997,65.6,0,0,0,0,0,0,0,0
44_44,0.541935484,224.8967742,0,0,5,1,0,5,0,1,4,681,346.2896563,423.5810684,222.5400346,60.58526517,28,1.642857143,3631.340411,7.466666667,13,0,0,0,0,1.599999999,0,0,2.199999983,0,0,0,12.16,79.96000002,0,0,0,0,4.079999999,0,0,0
44_45,0.441340782,275.8715084,0,0,5,3,2,7,3,0,5,735,359.0657193,401.4211812,193.4908461,62.8971729,20,1.9,3400.837333,5.861111111,13,0,0,0,0,0,0,0,0,0,0,0,17.64,81.88,0,0,0,0,0.480000001,0,0,0
44_46,0.383561644,331.0547945,0,0,4,4,0,4,3,0,3,656,177.9877255,285.045641,200.9499279,38.7222651,26,1.653846154,3557.851861,4.772222222,12,0.400000005,0,0,0,0,0,0,18.36,10.4,0,0,37.08000005,33.75999995,0,0,0,0,0,0,0,0
44_47,0.357142857,384.1666667,0,0,3,4,0,4,0,0,8,382,39.83917237,172.902678,160.0039325,13.59704916,11,2,2275.498916,2.544444444,12,3.279999995,0,0,0,0,0,0,0,0,0,0,42.95999999,43.55999999,0,0,0,0,10.20000002,0,0,0
44_48,0.0625,426.125,6,1,10,5,0,3,2,0,8,324,21.46214979,135.0606418,133.0640835,10.34840248,19,1.789473684,3164.171681,1.4,10,6.000000002,0,0,0,12.40000001,0,0,0,0,0,0,24.67999997,42.32000002,0,0,0,4.560000003,10.04,0,0,0
44_49,0,484.2857143,1,1,5,1,0,5,1,0,3,158,19.32643904,67.10679185,82.67242506,11.26034665,21,1.619047619,1936.373689,0.911111111,11,0.199999999,0,0,0,20.88,0,0,0,0,0,16.68000002,6.760000001,26.35999998,0,0,0,10.08,19.04,0,0,0
44_50,0,510.9444444,0,1,4,0,0,3,1,0,4,228,21.09822241,102.9408825,192.4386837,9.162202999,18,1.388888889,2363.189751,1.2,10,0,0,0,0,18.11999999,0,0,0.360000003,0,0,3.239999978,7.879999997,57.64000004,0,0,0,5.479999998,7.279999988,0,0,0
44_51,0.058823529,567.7647059,2,0,6,1,0,2,0,0,0,342,23.11461427,113.0779474,231.7323772,7.908092979,21,1.476190476,3068.386672,1.311111111,10,0,0,0,0,9.079999985,0,0,0,0,0,0,6.560000028,82.55999999,0,0,0,0.599999998,1.199999995,0,0,0
44_52,0,563.5769231,0,0,2,2,0,6,0,4,2,251,26.59986127,111.1789432,209.5339785,3.844394254,20,1.65,2472.153022,1.455555556,8,0,0,0,0,0,0,0,0,0,0,0,38.75999998,37.24000002,0,0,0,0,24,0,0,0
44_53,0,530.0526316,0,2,1,2,0,4,1,0,3,234,22.36831137,82.80362912,137.1171665,4.285896158,19,1.473684211,2553.229262,0.85,8,0,0,0,0,14.16000001,0,0,0,0,0,0,47.40000004,33.19999994,0,0,0,5.240000004,0,0,0,0
44_54,0,548.1428571,0,0,0,0,1,2,1,0,1,73,8.322286637,42.30463013,63.3762683,5.364967595,6,2,877.6580021,0.361111111,7,39.20000005,1.24,0,0,23.2,0,0,0,0,0,0,27.07999995,1.119999999,0,0,0,8.160000002,0,0,0,0
44_59,0,328,0,0,0,0,0,0,0,0,0,8,2.396503816,1.564413696,2.279574242,5.483,0,1,514.5120991,0.061111111,5,87.40000002,0,0,3.959999978,1.36,2.96,0,0,0,0,0,4.32,0,0,0,0,0,0,0,0,0
45_12,0.111111111,399.0555556,0,0,1,0,0,1,1,0,0,292,26.56969222,92.80847243,121.5333245,10.55164395,14,1.285714286,1264.646813,2.222222222,9,62.47999994,0,0,0,0.040000002,0,0,9.480000027,2.400000015,0,0,0.56,25.04000002,0,0,0,0,0,0,0,0
45_13,0.229299363,320.6305732,0,1,4,0,0,4,1,1,9,434,200.4541639,232.6113131,199.095068,34.2753884,25,1.52,2556.752063,3.261111111,9,2.07999999,0,0,0,0.079999999,0,0,2.279999972,1.039999985,0,0,21.72,33.52000005,0,0,0,0,39.28,0,0,0
45_14,0.533980583,250.9223301,0,0,9,4,0,6,2,0,7,636,235.1493578,317.8473221,180.7678004,38.21875299,18,1.944444444,3150.786298,4.972222222,11,0.760000014,0,0,0,0,0,0,0,0,0,0,22.28,76.95999999,0,0,0,0,0,0,0,0
45_15,0.672,215.6,5,0,19,3,2,6,9,1,11,319,185.7355057,172.6052254,140.5190212,40.86204865,24,1.541666667,2579.404683,5,11,1.199999985,0,0,0,18.72000004,0,0,0,0,2.4,5.56,38.76000003,22.59999994,0,0,0,0,10.76,0,0,0
45_16,0.674698795,147.5783133,1,1,2,3,0,4,1,0,10,501,202.8605492,239.0761323,171.0821822,45.21732089,27,1.481481481,3437.168498,5.155555556,12,2.800000003,0,0,0,18.51999998,0,0,5.8,0.76,0,0,38.75999997,25.12000004,0,0,0,0,8.240000004,0,0,0
45_17,0.634482759,95.24137931,2,2,11,3,1,8,3,1,6,362,192.5408919,230.9163708,108.6040783,58.61376732,15,2.066666667,2447.84526,4.944444444,12,2.039999997,0,0,0,4.799999985,0,0,2.400000001,0,0,0,12.76000001,40.75999998,0,0,0,0,37.24000003,0,0,0
45_18,0.71875,60.63541667,5,0,3,4,0,5,11,3,8,324,210.1976319,200.3578433,121.8053729,50.13908354,34,1.676470588,3026.756965,4.15,13,2.04,0,0,0,0,0,0,0,4.52,0,0,40.92000001,23.60000004,0,0,0,7,21.91999996,0,0,0
45_19,0.727272727,86.60606061,0,0,1,1,0,2,0,0,4,328,104.1424893,183.1203301,93.62140067,32.23379432,12,1.583333333,1799.462714,3.127777778,14,0,0,0,0,23.80000006,0,0,0,0,4.560000002,0,12.55999999,35.03999995,0,0,0,0,24.04000001,0,0,0
45_20,0.625,150.025,0,2,1,1,1,5,1,1,5,243,133.5853278,99.71712983,126.893292,23.29769367,23,1.391304348,2236.602675,4.127777778,14,0,0,0,0,13.63999995,0,0,0,0,0.079999999,0,33.04000001,30.88000006,0,0,0,0,22.35999999,0,0,0
45_21,0.677419355,199.7956989,0,1,3,4,1,5,1,0,5,279,172.5224864,162.7184103,243.6515854,23.07288617,38,1.315789474,3254.673107,6.816666667,15,0,0,0,0,1.760000008,0,0,0,0,0,0,29.36000001,68.87999998,0,0,0,0,0,0,0,0
45_22,0.564417178,236.5153374,0,0,6,1,0,2,2,0,7,461,284.2034498,352.2050001,242.1587665,34.22006297,25,1.92,3490.842034,10.23333333,16,0,0,0,0,0.83999999,0,0,58.60000007,0,0,0,16.15999998,24.39999996,0,0,0,0,0,0,0,0
45_23,0.481327801,215.5684647,0,0,9,5,2,8,6,0,3,991,380.544523,854.3783975,316.3373898,46.85437916,26,1.730769231,3749.829455,12.28888889,16,0,0,0,0,0.48,0,0,95,1.8,0,0,0,0,0,0,0,0,2.72,0,0,0
45_24,0.614035088,154.4035088,17,1,34,7,18,11,55,2,10,803,416.7222208,728.9685023,194.5639115,57.76813937,44,1.568181818,4524.740115,12.98333333,16,0,0,0,0,0,0,0,82.75999998,4.240000019,0,0,4.32,0,0,0,0,2.400000004,6.28,0,0,0
45_25,0.670241287,146.6782842,23,0,32,2,9,11,17,1,14,595,422.4649545,505.3273181,174.1628161,62.00403354,48,1.4375,4244.727611,12.66666667,16,0,0,0,0,0,0,0,73.76000002,10.27999998,0,0,5.68,0,0,0,0,10.28,0,0,0,0
45_26,0.671686747,180.9216867,3,2,18,7,9,13,4,1,5,424,240.9310601,317.1120581,113.0981977,69.29596645,24,1.75,3561.573069,12.43333333,16,0,0,0,0,0,0,0,56.03999995,14.84000006,0,0,22.72,5.6,0,0,0,0.679999997,0,0,0.12,0
45_27,0.604761905,215.8190476,0,2,6,3,5,9,8,0,12,150,190.9724362,153.9443026,87.06715358,66.47015353,20,1.85,3040.841019,13.05555556,16,4.04,0,0,0,3.8,0,0,1.639999989,27.71999994,1.28,0,7.400000026,21.56000002,0,0,0,32.56000002,1.61E-11,0,0,0
45_28,0.618798956,233.4334204,3,0,9,0,7,6,2,0,6,269,210.767769,297.7853134,85.63477216,61.62917247,50,1.48,4651.776129,9.3,17,1.12,0,0,0,0.6,0,0,8.240000022,6.079999999,0,5.120000003,22.67999999,23.59999998,0,0,0,20.15999999,8.000000015,2.76,1.640000007,0
45_29,0.333333333,266.9593496,4,1,12,6,14,8,7,0,11,417,141.643692,368.0489624,79.61236153,46.76741812,47,1.361702128,4518.164342,8.222222222,17,0.76,0,0,0,3.2,0,0,56.56000001,10.24000004,0.12,0.199999997,9.519999987,0,0,0,0,6.959999992,7.279999985,4.56,0.599999993,0
45_30,0.240384615,312.4326923,0,0,1,1,4,4,3,0,7,76,178.9339303,69.26416159,21.42370678,49.8798415,11,1.727272727,2180.291625,5.711111111,17,0,0,0,0,3.91E-09,0,0,2.999999973,48.8,0,0,0,16.08000002,0,0,0,32.12,0,0,0,0
45_31,0.25625,315.40625,2,0,17,2,13,8,13,1,7,211,148.8074195,223.8311754,52.07893558,56.59989802,23,1.652173913,2760.186059,6.233333333,18,0,0,0,0,6.959999996,0,0,4.400000004,38.39999996,0,0,31.12000002,5.319999994,0,0,0,10.08,3.720000026,0,0,0
45_32,0.203252033,271.8089431,3,3,12,6,2,8,4,0,11,282,25.12923274,717.8518665,121.009582,56.3625332,36,1.472222222,3617.741826,5.1,17,0.960000001,0,0,0,2.92,0,0,4.960000025,8.479999965,0,0,39.04000003,19.32000001,0,0,0,15.36,8.959999975,0,0,0
45_33,0.172839506,225.6296296,5,0,14,3,14,7,5,0,8,198,69.45606409,264.4677815,94.25432461,55.2217459,39,1.512820513,3847.893496,4.672222222,17,2.279999999,0,0,0,2.840000001,0,0,11.15999999,38.08000007,0,0,30.83999998,4.639999984,0,0,0,6.079999969,0,4.08,0,0
45_34,0.506493506,219.1038961,0,0,17,0,25,8,6,0,4,126,45.17044712,100.6030037,35.21689367,58.73620958,26,1.769230769,3268.823165,4.033333333,16,0.56,0,0,0,0,0,0,8.000000005,48.83999999,2.640000001,0,23.80000001,0,0,0,0,16.15999999,0,0,0,0
45_35,0.412790698,243.1453488,2,1,15,3,10,11,8,0,10,257,87.42247967,134.0442375,51.40861758,63.67076955,23,1.956521739,3835.050757,3.427777778,16,0,0,0,0,3.4,0,0,18.28,28.96000001,1.16,3.92000001,27.27999998,0,0,0,0,17.00000001,2.27E-09,0,0,0
45_36,0.274509804,278.5490196,0,0,12,1,19,5,5,0,1,50,100.5134782,66.43360686,17.35677638,64.58338366,16,1.8125,2836.280068,4.344444444,15,3.04,0,0,0,1.28,0,0,1.520000012,72.20000002,3.519999999,1.07999999,0,0,0,0,0,15.67999998,1.679999998,0,0,0
45_37,0.276315789,319.8289474,1,1,16,3,18,9,7,0,3,163,123.0556483,148.3620974,21.47423957,47.18582724,23,1.782608696,2827.312174,3.633333333,14,0,0,0,0,2.160000005,0,0,16.83999999,76.47999998,0,0,0.080000002,0,0,0,0,3.040000006,1.400000016,0,0,0
45_38,0.483333333,311.0166667,0,0,3,2,1,6,1,0,0,412,212.7105906,269.5749767,167.4738763,33.67910383,30,1.4,3714.621628,4.166666667,14,0,0,0,0,1.759999994,0,0,0,3.999999975,0.040000002,0,56.56000004,0,0,0,0,10.87999999,26.75999999,0,0,0
45_39,0.607142857,243.2738095,2,0,10,3,1,5,5,0,8,478,236.0208431,240.2360896,266.1764113,42.837973,34,1.735294118,4107.898436,3.85,13,4.920000001,0,0,0,0,0,0,0,5.959999999,0.119999998,0,28.07999996,46.28000004,0,0,0,7.88,6.76,0,0,0
45_40,0.625,248.1964286,0,1,2,0,0,3,0,0,9,505,287.6535216,347.3184346,164.9756361,46.24401765,29,1.586206897,3041.118062,4.594444444,13,0,0,0,0,5.12,0.04,0,3.080000007,0,21.52000001,0,30.76000001,38.27999998,0,0,0,0,1.199999993,0,0,0
45_41,0.761538462,180.7846154,0,1,3,2,1,3,0,1,2,329,302.1754335,481.2684175,86.20871295,49.23989287,23,1.652173913,2260.51821,5.361111111,12,0,0,0,0,4.56,0,0,0.959999996,0,1.039999992,39.68,32.28,18.56000001,0,0,0,0,2.920000002,0,0,0
45_42,0.710843373,116.8072289,7,0,7,3,3,6,6,3,9,585,100.2037032,344.7514144,185.7393767,49.09305961,37,1.459459459,3696.510986,7.033333333,13,1.04,0,0,0,1.039999999,0,0,9.959999996,0,0,0.319999992,28.35999997,43.44000003,0,0,0,7.000000004,8.840000003,0,0,0
45_43,0.800711744,155.7544484,5,0,17,5,0,4,4,1,11,660,417.0730584,405.1313889,269.035064,58.78634114,37,1.648648649,3635.884109,6.838888889,14,0.52,0,0,0,0,0,0,20.88000001,0,0,0,2.66E-09,74.59999999,0,0,0,3.999999996,0,0,0,0
45_44,0.582417582,209.5604396,0,0,4,1,0,6,1,0,9,748,384.3819291,456.6325137,226.5593838,63.17715916,23,1.739130435,3509.009877,7.772222222,14,2.080000013,0,0,0,0.960000001,0,0,3.519999994,0,0,0,13.88000001,68.67999997,0,0,0,0,10.88000001,0,0,0
45_45,0.387096774,271.2258065,3,0,10,1,1,3,0,1,5,658,367.5439248,420.4010049,179.5522148,64.57565322,25,1.6,3261.341616,5.561111111,12,0.679999987,0,0,0,1.8,0,0,0,0,0,0,11.67999999,75.44000004,0,0,0,0,10.39999999,0,0,0
45_46,0.229885057,345.8045977,1,0,3,1,0,2,0,0,7,489,149.8218954,227.3341791,242.5431899,22.80851378,24,1.708333333,3059.625143,4.277777778,11,0,0,0,0,0.280000006,0,0,0,0,0,0,6.560000022,77.31999998,0,0,0,1.840000002,13.99999999,0,0,0
45_47,0.102564103,387.9487179,0,0,3,2,2,3,1,0,3,200,39.14109784,104.5198326,85.73009867,13.24245629,10,2,1854.391215,2.1,10,0,0,0,0,41.16000003,0,0,0,0,0,0,28.55999999,19.47999997,0,0,0,6.880000001,3.920000016,0,0,0
45_48,0.105263158,423.4736842,0,0,0,0,0,0,0,0,6,3,9.564230549,5.067883189,5.711075497,13.90119406,0,1,123.5384964,1.211111111,9,0,0,0,0,26.39999997,0,0,0,0,0,0,0.879999996,0,0,0,0,1.279999996,71.44000004,0,0,0
45_49,0.230769231,474.8461538,0,1,0,0,0,0,0,0,0,0,8.794953057,2.789152115,3.857633284,13.2069212,0,0,0,0.661111111,9,0,0,0,0,35.32000002,0,0,0,0,0,0,0,0,0,0,0,0,64.67999998,0,0,0
45_50,0,598.5,0,1,0,0,0,0,0,0,1,0,2.9208926,4.293033416,9.18509475,4.507,0,0,0,0.677777778,9,0,0,0,0,24.76000003,0,0,0,0,0,0,0,0,0,0,0,0,75.23999997,0,0,0
45_51,0,643.3333333,0,1,0,0,0,0,0,0,0,0,2.9208926,4.293033416,9.18509475,4.507,0,1,106.7109417,0.755555556,9,0,0,0,0,64.71999998,0,0,0,0,0,0,0,4.94E-18,0,0,0,0,35.28000002,0,0,0
45_52,0.05,513.9,0,0,0,0,0,2,1,1,2,39,6.550923257,25.08905024,45.17046838,4.389038451,4,2.5,1112.732189,0.727777778,8,0,0,0,0,66.43999998,0,0,0,0,0,0,0,14.68000003,0,0,0,2.000000009,16.87999998,0,0,0
45_53,0,464.4285714,8,2,22,5,1,6,4,0,5,151,5.692493482,46.43551761,72.56003827,4.811026654,14,1.642857143,2255.115318,0.511111111,7,0,0,0,0,17.96000001,0,0,0,0,0,0,30.04000003,28.95999997,0,0,0,6.719999991,16.31999999,0,0,0
45_54,0,438,0,2,2,0,1,2,0,0,0,181,3.321598916,41.15083368,69.65643922,4.88851542,12,1.416666667,1907.677293,0.255555556,7,0,0,0,0,10.47999996,0,0,0,0,0,0,72.68000004,16.84,0,0,0,0,0,0,0,0
46_12,0.5,385,0,0,1,0,0,1,0,0,0,31,8.733598331,15.12223172,28.38410363,11.71723158,3,2,375.9133956,1.927777778,9,64.03999991,0,0,0,13.08000001,0,0,0,0,0,0,20.92000007,1.960000015,0,0,0,0,0,0,0,0
46_13,0.244186047,311.7674419,1,0,9,2,0,8,6,0,10,583,236.9001093,233.0687565,326.0002402,22.6922923,33,1.484848485,3909.2547,3.211111111,10,1.319999995,0,0,0,0.399999992,0,0,51.32000002,0.04,0,0,17.07999995,29.84000004,0,0,0,0,0,0,0,0
46_14,0.442307692,260.2692308,1,1,6,0,2,5,1,1,4,514,226.5112103,260.5990453,235.2329284,40.72086607,30,1.4,2979.059049,5.227777778,11,0.52,0,0,0,15.52000001,0,0,4.959999979,0,0,0,49.88000003,27.55999998,0,0,0,0,1.560000003,0,0,0
46_15,0.578231293,232.2653061,0,1,4,6,1,3,1,2,5,609,232.0839139,381.548239,214.3861334,49.64198099,32,1.5,3545.690227,5.677777778,11,0.88,0,0,0,5.079999992,0,0,5.320000038,0,0.56,0,9.359999995,77.59999996,0,0,0,0,1.200000012,0,0,0
46_16,0.692982456,176.2368421,0,0,3,0,0,2,1,1,5,525,249.4393074,364.0436195,176.3451837,48.67635359,16,1.8125,2259.986443,6.211111111,12,0,0,0,0,8.199999992,0,0,1.519999963,0,0,0,16.75999997,46.36000009,0,0,0,0,27.15999999,0,0,0
46_17,0.783333333,98.39166667,0,0,11,2,2,3,2,0,6,648,199.6062503,385.4041168,231.1320431,43.17971278,20,1.75,3183.329821,5.288888889,12,0,0,0,0,0,0,0,27.60000002,0,0,0,0,72.39999998,0,0,0,0,0,0,0,0
46_18,0.8,41.97,2,1,6,1,0,4,0,0,2,482,116.8544974,223.4256715,169.5146298,31.53109014,23,1.739130435,2952.515029,4.605555556,12,0,0,0,0,4.720000039,0,0,0.719999985,0,0,0,10.36000001,59.63999993,0,0,0,6.68,17.88000004,0,0,0
46_19,0.689320388,104.1747573,0,0,0,2,0,3,0,0,5,157,79.92687603,143.3191674,101.6103448,29.59359301,10,1.3,1371.481412,3.966666667,13,0,0,0,0,31.72000002,0,0,0,0,6.64,0,41.08,0.319999999,0,0,0,0,20.23999998,0,0,0
46_20,0.666666667,192.2564103,0,1,0,0,0,2,1,3,5,117,98.57986412,103.0688619,114.3649794,28.52070502,13,1.153846154,1134.308343,5.055555556,14,0,0,0,0,30.91999994,0,0,0,0,0,0,22.64,8.120000055,0,0,0,0,38.32000001,0,0,0
46_21,0.425,229.23125,0,1,5,3,0,4,1,2,4,381,205.5174922,296.6866385,193.935542,31.28164361,18,1.611111111,2682.700252,6.361111111,15,0.56,0,0,0,12.16,0,0,10.56000007,0,0,0,37.40000002,36.75999995,0,0,0,0,2.559999966,0,0,0
46_22,0.412556054,280.1076233,0,1,5,2,0,8,2,2,2,719,245.2570199,663.6087472,238.8862815,38.94869981,20,1.7,2847.717666,8.511111111,16,0,0,0,0,2.800000001,0,0,64.51999996,0,0,0,10.52,0,0,0,0,1.280000006,20.88000004,0,0,0
46_23,0.4,271.4377358,9,1,26,14,5,11,58,3,8,873,258.9562509,818.0058402,308.8369634,46.10090992,29,1.655172414,3725.017304,10.10555556,16,0,0,0,0,0,0,0,82.52000006,0,0,0,6.479999981,0,0,0,0,5.6,5.399999961,0,0,0
46_24,0.594488189,199.023622,6,3,33,11,6,10,74,1,8,975,433.6365526,921.7649357,289.5736868,52.832097,51,1.529411765,4856.617761,11.66111111,16,0,0,0,0,0,0,0,83.12000001,3.68,0,0,0,0,0,0,0,9.679999994,3.52,0,0,0
46_25,0.55,197.259375,2,0,16,2,7,6,5,0,2,1185,423.9162358,1062.289524,333.5799949,53.31146397,30,1.733333333,4367.069427,11.67222222,16,0,0,0,0,0,0,0,91.03999998,8.96000002,0,0,0,0,0,0,0,0,0,0,0,0
46_26,0.431718062,262.969163,3,2,13,7,10,6,5,0,5,266,193.2877633,218.9186899,101.1410641,61.70202345,18,1.611111111,2898.040277,13.17222222,16,0,0,0,0,2.520000012,0,0,30.39999995,35.75999999,1.56,0,2.920000001,9.120000028,0,0,0,15.04000002,2.680000005,0,0,0
46_27,0.516759777,263.0418994,16,1,43,14,8,13,25,2,4,412,315.4657744,306.2690583,158.7063362,71.71877759,25,1.72,3712.538159,13.50555556,15,0.52,0,0,0,2.999999987,0,0,36.96000006,12.2,0,0,0,36.03999997,0,0,0,2.479999981,8.800000004,0,0,0
46_28,0.477211796,236.7560322,11,1,21,11,8,16,26,4,8,296,256.9155089,318.536755,91.5864982,57.44586113,35,1.485714286,3828.893582,11.22777778,15,0,0,0,0,0.4,0,0,39.67999997,9.440000036,0,14.64000001,7.640000001,3.079999996,0,0,0,0,4.719999989,20.4,0,0
46_29,0.239130435,293.2282609,1,0,20,1,10,2,9,2,5,118,144.8049108,168.4930845,35.54151272,34.597343,16,1.5625,2031.839308,9.305555556,15,0,0,0,0,10.20000003,0,0,20.95999998,43.35999997,0.56,0.919999982,10.28000003,0,0,0,0,7.20000001,6.52,0,0,0
46_30,0.164383562,337.630137,0,0,10,1,13,8,5,1,12,79,73.25901331,87.95286594,17.66791702,50.325915,10,1.6,1793.461885,6.311111111,17,0,0,0,0,3.039999969,0,0,3.319999991,42.32000006,0.44,0,11.31999998,3.959999997,0,0,0,20.99999999,14.60000001,0,0,0
46_31,0.345794393,285.7570093,1,0,14,0,13,5,11,0,11,108,73.08075004,83.40215763,19.62647169,58.65136062,15,1.666666667,2401.278366,7.866666667,17,0.800000001,0,0,0,2.000000008,0,0,5.400000005,72.39999999,1.64,0,1.759999998,0.720000003,0,0,0,9.319999998,5.959999992,0,0,0
46_32,0.446969697,256.6136364,0,0,13,2,34,8,6,0,12,54,89.76407778,130.6960012,35.67698766,57.16829066,24,1.666666667,3200.59789,7.5,17,4.040000009,2.16,0,0,4.239999992,0,0,7.04,65.23999999,0.56,0,0,1.719999997,0,0,0,14.68000001,0.119999999,0.199999999,0,0
46_33,0.369863014,331.3972603,1,0,21,4,18,8,1,0,6,230,133.523528,126.5352623,48.6240065,54.06450416,24,1.375,2260.775434,6.3,15,5.799999992,0.96,0,0,0.72,0,0,26.52000002,51.99999997,0.8,0,2.200000008,0,0,0,0,11.00000002,0,0,0,0
46_34,0.3875,304.6375,2,2,15,3,8,14,3,0,12,508,117.3166006,346.1615659,139.4767516,55.91996917,43,1.441860465,4296.545365,4.461111111,15,0,0,0,0,0,0,0,36.59999998,14.08,0,0,4.639999985,33.96000002,0,0,0,9.920000015,0.8,0,0,0
46_35,0.223404255,304.3297872,1,1,19,3,30,8,8,1,9,255,111.8262521,119.5965707,41.21565028,58.91061664,33,1.545454545,3566.671945,4.188888889,14,0.96,0,0,0,0.52,0,0,12.67999998,50.59999999,2.280000004,6.800000017,2.640000001,14.79999998,0,0,0,5.760000008,2.960000022,0,0,0
46_36,0.109375,433.765625,0,1,0,1,1,6,0,1,3,28,128.2434812,76.78760084,36.34867702,56.36713974,12,2.25,4594.004399,5.333333333,14,2.48000001,0,0,0,9.040000003,0,0,0.039999999,4.72000001,12.88,3.959999983,9.040000007,3.40E-09,0,0,0,46.6,11.23999999,0,0,0
46_37,0.176470588,359.2745098,0,1,1,1,1,7,0,3,2,144,216.2373411,159.4525566,60.95045395,35.8319152,15,1.866666667,2659.906282,5.822222222,14,2.19999999,0,0,0,20.76,0,0,0,8.359999986,0.400000008,0,28.20000002,0.839999996,0,0,0,11.15999999,28.08000001,0,0,0
46_38,0.43697479,291.9159664,0,1,0,1,1,3,0,1,0,407,228.8201358,225.6179042,117.2379822,42.09455494,25,1.56,2533.050814,7.483333333,14,0.040000005,0,0,0,0,0,0,13.16000001,0,27.72,0,21.27999997,20.08000004,0,0,0,0,17.71999999,0,0,0
46_39,0.546583851,228.2484472,0,0,7,4,0,5,2,2,4,394,209.8782878,224.4639327,191.2468837,41.36317828,33,1.515151515,3077.534197,6.644444444,13,13.44,0,0,0,2.28,0,0,5.039999991,0.120000001,0.119999997,0,5.72,64.44000002,0,0,0,6.24,2.599999997,0,0,0
46_40,0.646153846,235.6923077,0,0,3,2,0,4,0,0,0,713,114.4782475,268.3341077,180.6494432,27.88816535,29,1.75862069,4308.893033,7.016666667,13,0,0,0,0,0,0.6,0,0.079999999,0,3.840000021,0,38.40000004,57.07999994,0,0,0,0,0,0,0,0
46_41,0.798816568,158.5207101,0,2,2,4,0,3,0,2,7,238,72.01211737,225.7350885,84.80718906,43.27316419,18,1.722222222,1998.93175,5.622222222,12,1.040000003,0,0,0,3.08,0,0,2.560000014,11.68,4.63999998,5.880000001,41.51999996,18.32000003,0,0,0,0,11.28,0,0,0
46_42,0.741176471,178.9411765,3,1,4,5,0,8,3,0,7,463,34.40136526,361.4808555,140.3871174,47.28964928,50,1.48,4576.554595,6.955555556,12,0.319999996,0,0,0,0.040000001,0,0,28.67999999,0,0,0,33.52000001,26.04000002,0,0,0,0,11.39999999,0,0,0
46_43,0.700729927,214.350365,1,0,6,2,0,1,2,1,11,553,383.3905156,306.406833,297.6737169,52.61745649,43,1.395348837,3733.132582,7.083333333,14,0,0,0,0,1.32,0,0,0.999999999,0,0,0,31.96,58.87999997,0,0,0,4.760000012,2.080000023,0,0,0
46_44,0.642857143,228.6493506,2,0,9,4,1,3,5,0,0,633,273.6072902,418.1730171,158.1902746,54.781598,14,1.928571429,2982.287943,7.155555556,14,0,0,0,0,0,0,0,3.720000018,0,0,0,9.759999988,68.32000003,0,0,0,2.399999987,15.79999998,0,0,0
46_45,0.418803419,314.7863248,0,0,5,1,0,3,2,0,6,597,166.8769349,304.6047257,214.7557467,32.47617612,36,1.5,3894.218665,5.327777778,13,0,0,0,0,0.48,0,0,22.92,0,0,0,0,71.44,0,0,0,4.360000004,0,0.799999999,0,0
46_46,0.148148148,396.2037037,0,1,2,2,0,2,0,0,3,403,71.40197626,155.5930791,313.780995,11.67044874,32,1.53125,3639.581169,3.872222222,10,0,0,0,0,0.160000007,0,0,18.03999997,0,0,0,0,73.87999999,0,0,0,5.359999998,2.560000031,0,0,0
46_47,0.040816327,432.4285714,0,0,0,0,0,0,0,0,4,1,11.48838792,7.48049323,18.04842237,13.11209111,0,1,773.5969896,1.85,10,0,0,0,0,24.44000001,0,0,0,0,7.999999986,0,0.879999999,2.279999962,0,0,0,0,64.40000004,0,0,0
46_48,0.136363636,480.5454545,0,0,0,0,0,0,0,0,1,0,9.305446482,2.658455211,3.394642807,13.963,0,0,0,1.194444444,9,0,0,0,0,8.639999996,0,0,0,0,0,0,0,0,0,0,0,0,91.36,0,0,0
46_49,0.142857143,760,0,0,0,0,0,0,0,0,0,0,9.277789223,2.665536042,3.419726475,13.92203754,0,0,0,0.6,8,0,0,0,0,36.48000001,0,0,0,0,0,0,0,0,0,0,0,0,63.51999999,0,0,0
46_50,0,816.3333333,0,1,0,0,0,0,0,0,0,0,4.380668537,3.919300501,7.861155354,6.669036928,0,1,109.211418,0.3,8,0,0,0,4.28,16.68,0,0,0,0,0,0,0,0,0,0,0,0,79.04,0,0,0
46_51,0,715.8571429,0,0,0,0,0,0,0,0,1,0,3.07837082,4.252715725,9.042270352,4.740236977,0,1,727.0526407,0.305555556,8,0,0,0,0,62.44000005,0,0,0,0,0,0,0,0,0,0,0,0,37.55999995,0,0,0
46_52,0,658,0,0,0,0,0,0,0,0,2,0,2.9208926,4.293033416,9.18509475,4.507,0,0,0,0.316666667,8,0,0,0,0,53.31999998,0,0,0,0,0.479999999,0,0,0,0,0,0,8.48,37.72000002,0,0,0
46_53,0.2,417,0,0,0,0,0,0,0,0,1,2,2.924860865,5.288769647,10.79034205,4.515194003,4,2.75,666.0191967,0.3,7,0,0,0,0,49.55999995,0,0,0,0,0,0,1.360000021,4.600000048,0,0,0,0,44.47999998,0,0,0
46_54,0.142857143,457.2857143,0,2,2,0,0,1,0,0,0,185,3.178442578,27.32969755,48.28065288,4.623315093,21,1.380952381,2612.923914,0.216666667,7,0,0,0,0,15.36000001,0,0,0,0,0,0,65.60000004,19.03999995,0,0,0,0,0,0,0,0
46_55,0,494,0,3,0,0,0,3,0,1,0,101,3.427199186,31.2858869,58.55157265,4.458257446,14,1.785714286,2309.07736,0.194444444,6,0,0,0,0,18.28000003,0,0,0,0,0,0,69.67999997,0,0,0,0,0,12.04,0,0,0
46_7,0,680,0,1,4,6,0,3,1,0,7,149,14.22085772,52.28093233,64.40201811,6.069438017,20,1.35,1890.926845,0.055555556,7,32.67999996,0,0,0,0.639999999,0.72,0,0,0,0.4,0,55.68000002,0,0,1.200000015,0,7.84,0.84,0,0,0
47_12,0,397.3333333,0,0,2,1,1,5,1,0,3,240,45.63081896,81.8996817,106.3148467,12.15234492,17,1.411764706,1934.267675,1.644444444,10,41.39999993,0,0,0,7.319999987,0,0,0,0,1.76,0,39.68000007,9.840000019,0,0,0,0,0,0,0,0
47_13,0.288135593,341.2033898,1,0,12,4,2,4,2,0,7,365,118.1663085,168.9652804,256.8122187,13.06057155,31,1.290322581,2695.209055,3.055555556,11,0,0,0,0,12.92000003,0,0,5.959999997,0,0.840000004,0,68.83999995,8.399999975,0,0,0,0,3.040000044,0,0,0
47_14,0.352941176,281.3039216,0,0,5,0,1,4,0,1,0,513,189.9411276,176.3784416,137.0938767,45.63699514,31,1.35483871,2883.022113,4.277777778,11,0.48,0,0,0,6.87999997,0,0,0,0,0.199999997,0,67.12000003,9.200000045,0,0,0,0,16.11999995,0,0,0
47_15,0.635802469,228.882716,5,0,12,3,1,8,2,0,13,519,189.1394988,272.5165534,190.0545072,53.77962658,29,1.448275862,3159.086702,4.466666667,11,1.04,0,0,0,6.560000017,0,0,3.68000002,0,2.480000011,0,30.67999997,52.59999997,0,0,0,0,2.960000006,0,0,0
47_16,0.746575342,173.1232877,4,3,12,9,0,7,6,2,10,208,183.2443399,157.1764902,193.8945701,39.02640784,22,1.681818182,2771.002244,4.733333333,12,0,0,0,0,9.479999994,0,0,0.719999978,1.04,7.159999989,0,32.12000003,18.39999998,0,0,0,6.52000001,24.56000001,0,0,0
47_17,0.738317757,144.0373832,0,0,4,2,0,5,1,0,4,353,146.7391704,178.0689266,234.2407401,29.08923666,14,1.571428571,2015.43118,4.244444444,12,0,0,0,0,11.80000001,0.52,0,14.68000001,0,0,0,33.91999999,17.2,0,0,0,7.839999998,14.03999999,0,0,0
47_18,0.730769231,90.93589744,0,0,12,1,0,2,3,0,8,396,105.7470571,166.3312792,191.244919,21.95027272,23,1.52173913,2806.210697,4.416666667,12,0,0,0,0,16.95999999,0,0,0.839999982,0,0,0,55.76000004,14.99999998,0,0,0,10.6,0.840000008,0,0,0
47_19,0.710526316,146.7368421,2,2,9,2,1,3,1,0,13,432,78.00793438,192.5133655,173.9479245,26.55526179,23,1.47826087,2771.715366,4.311111111,13,0,0,0,0,17.28000004,0,0,14.28,0,1.24,0,52.75999996,0,0,0,0,0,14.44,0,0,0
47_20,0.61971831,204.4295775,0,0,4,3,0,7,0,1,8,424,146.8819195,340.6003106,200.9579324,31.1328149,33,1.333333333,3019.722047,5.711111111,14,0,0,0,0,19.03999997,0,0,9.92000003,0,0.96,0,43.63999999,14.36,0,0,0,0,12.08000002,0,0,0
47_21,0.364583333,267.6979167,14,1,33,11,1,12,20,0,9,644,271.306467,698.3100338,221.1492771,36.42376238,35,1.457142857,3644.787428,6.961111111,16,0,0,0,0,8.039999999,0,0,43.16000002,0,0,0,17.8,17.88,0,0,0,4.960000004,8.159999979,0,0,0
47_22,0.26635514,337.3831776,29,0,49,10,10,6,82,0,8,849,354.910519,872.2724368,171.0512424,40.55393114,33,1.454545455,3584.886785,8.222222222,17,0,0,0,0,9.200000018,0,0,53.55999998,7.840000018,0,0,3.760000007,7.399999991,0,0,0,4.319999995,13.91999999,0,0,0
47_23,0.294117647,314.9460784,0,1,9,10,12,4,7,0,6,536,70.05270514,532.2774687,150.632376,43.07090926,14,1.857142857,2536.431703,8.272222222,17,0,0,0,0,15.39999998,0,0,53.92000001,25.72,0,0,0,0,0,0,0,1.600000006,3.36,0,0,0
47_24,0.41011236,252.1460674,0,0,15,3,14,5,9,1,3,583,156.2021407,502.2809229,140.9714208,51.84130617,30,1.633333333,3519.138507,8.822222222,17,0,0,0,0,0.960000016,0,0,57.15999999,36.64,0,0,0,0,0,0,0,5.239999994,0,0,0,0
47_25,0.431818182,271.2443182,2,1,24,3,11,7,10,3,5,237,156.9150863,150.4413006,57.58639656,52.48546232,21,1.80952381,3375.279178,9.211111111,17,0,0,0,0,3.519999988,0,0,25.63999996,44.92000002,1.12,0,0.4,0,0,0,0,6.68000003,17.72,0,0,0
47_26,0.374429224,264.6210046,4,3,6,7,1,6,5,1,16,228,199.2513438,217.5543789,91.5925612,55.06147859,28,1.642857143,3328.32203,11.64444444,16,1.56,0,0,0,7.160000002,0,0,32.84000004,5.999999967,0,0,14.00000002,3.799999997,0,0,0,14.91999997,19.72000001,0,0,0
47_27,0.381201044,287.9164491,36,1,69,17,13,18,72,4,10,701,468.488155,775.3013074,201.0834542,54.27645188,29,1.551724138,3600.289958,12.76111111,15,0,0,0,0,0,0,0,88.07999998,0,0,0,1.879999984,0,0,0,0,0,10.04000003,0,0,0
47_28,0.197368421,304.4276316,0,0,5,4,4,10,2,2,11,698,390.9985262,560.9148329,165.6987185,58.4279436,44,1.431818182,4416.612127,12.36111111,15,0.72,0,0,0,0,0,0,83.84,6.920000029,0,0,0.439999999,0,0,0,0,0,8.079999968,0,0,0
47_29,0.142857143,296.3035714,4,1,33,4,20,8,26,4,9,389,57.16490557,295.81159,51.54470773,48.81135747,14,2.071428571,2260.863069,10.18333333,15,0,0,4.640000021,0,1.960000008,0,0,34.99999996,51.96,0,0,3.960000001,0,0,0,0,0,2.480000009,0,0,0
47_30,0.204081633,317.9455782,0,0,8,4,20,5,7,1,10,183,39.54234795,222.6445172,52.40373798,52.60578793,17,1.588235294,2012.72776,8.1,16,0,0,1.079999978,0,3.439999991,0,0,21.24000003,47.03999997,0,0,2.959999994,2.160000028,0,0,0,7.560000001,14.52000001,0,0,0
47_31,0.319148936,289.7361702,0,1,7,2,2,7,1,1,3,961,73.26608368,753.2802255,238.1890359,55.94781929,22,1.590909091,3284.754112,8.944444444,16,0,0,0,0,3.48,0,0,84.32000005,0.040000002,0,0,0,8.639999973,0,0,0,0,3.519999975,0,0,0
47_32,0.523510972,223.8087774,21,3,27,13,2,10,82,1,15,578,173.782127,547.8086612,130.5110599,57.63071302,44,1.522727273,3836.221643,8.388888889,17,0.64,0,0,0,0,0,0,71.19999995,22.88000004,0,0,0,0,0,0,0,0,0.960000001,4.320000001,0,0
47_33,0.635658915,205.0465116,0,0,3,0,4,5,0,0,5,350,272.6561476,424.6384155,91.40185302,56.34015748,21,1.761904762,3029.425183,7.061111111,15,2.920000019,4.280000009,0,0,0.92,0,0,28.71999997,45.19999998,0,0,3.000000003,0,0,0,0,14.96000003,0,0,0,0
47_34,0.428571429,352.6857143,1,1,8,0,10,5,7,0,7,44,129.2379397,62.05427545,18.51560177,54.33857412,26,1.769230769,2973.250178,4.566666667,14,15.79999999,1.039999992,0,0,4.44,0,0,1.719999998,34.04000001,2.240000003,0,12.80000001,4.560000009,0,0,0,19.39999998,3.960000011,0,0,0
47_35,0.308411215,436.2242991,17,2,7,0,7,12,3,10,8,65,136.9602846,72.38055979,18.5088449,57.74851996,20,1.75,2327.380778,3.838888889,14,2.999999988,0,0,0,0.24,0,0,0.080000002,34.32000001,2.840000001,42.16,1.599999987,7.159999993,0,0,0,5.400000023,3.199999989,0,0,0
47_36,0.293233083,311.4736842,0,0,9,4,4,4,1,0,11,408,246.3220335,239.8399927,101.1980654,54.17028016,39,1.717948718,5555.200433,5.522222222,14,1.2,0,0,0,0.48,0,0,0.879999998,7.439999975,2.319999997,0.079999998,29.12000001,26.96000003,0,0,0,31.51999999,0,0,0,0
47_37,0.32,267.7955556,13,0,17,5,5,10,13,2,4,705,261.3488424,390.4869869,134.6180557,45.04327447,26,1.807692308,3343.491274,7.961111111,14,2.68,0,0,0,1.28,0,0,21.72000004,0,0,0,32.11999999,38.27999998,0,0,0,3.719999991,0.200000001,0,0,0
47_38,0.43125,228.921875,0,0,19,2,3,4,10,1,4,866,381.7902719,460.166761,191.3354053,51.57262238,49,1.795918367,5574.785974,9.666666667,14,0.4,0,0,0,2.24,0,0,73.04,0,0,0,18.96000002,5.319999984,0,0,0,0,0.039999999,0,0,0
47_39,0.5830721,189.4075235,10,1,18,17,2,12,11,3,10,527,342.6949041,341.9797229,154.0639992,46.33839065,42,1.547619048,3918.251584,8.377777778,13,1.72,0,0,0,0.52,0,0,21.55999998,0,0,0,42.2,28.12000002,0,0,0,5.88,0,0,0,0
47_4,0,765.5,1,2,1,0,0,0,2,0,2,15,5.247661757,3.561387395,6.185791116,8.27228303,2,1.5,374.2340767,0.055555556,4,56.28000004,0,0,0,23.51999998,0,0,0,0,0,0,9.959999994,0,0,3.2,0,7.039999987,0,0,0,0
47_40,0.675213675,175.974359,0,1,11,0,1,3,3,1,5,571,275.0976694,374.2432733,198.8352506,47.16353583,20,1.9,3274.829557,7.705555556,12,0.320000009,0,0,0,7,0,0,7.399999982,0.920000007,0,0,26.96000001,46.35999998,0,0,0,0,11.04000001,0,0,0
47_41,0.801169591,187.9122807,3,0,20,3,1,6,5,1,9,580,259.4124246,301.5403598,204.2329577,46.86646723,47,1.276595745,3896.159601,5.172222222,12,3.439999991,0,0,0,0,0,0,0,1.759999993,0,0,28.63999998,60.08000004,0,0,0,0,6.079999999,0,0,0
47_42,0.691358025,236.4938272,0,0,6,1,0,3,1,1,9,611,256.0047277,401.4796624,178.8935047,41.95891362,30,1.533333333,3110.803186,6.088888889,12,0,0,0,0,0,0,0,0,0,0,0,53.72000005,37.99999995,0,0,0,0,8.279999995,0,0,0
47_43,0.632478632,306.1111111,0,0,2,1,0,1,0,0,1,451,134.2791826,170.8887371,280.6707561,26.31720345,38,1.421052632,3523.735295,5.3,12,0.680000004,0,0,0,9.440000013,0,0,35,0,0,0,44.15999996,10.72000002,0,0,0,0,0,0,0,0
47_44,0.60483871,266.016129,8,1,17,12,2,8,12,1,7,425,103.4495328,140.328967,214.0586081,20.64828509,41,1.536585366,3851.109272,4.727777778,13,0.559999996,0,0,0,10.87999998,0,0,25.28000006,0,0,0,19.55999997,27.51999998,0,0,0,11.92000001,0,4.28,0,0
47_45,0.477876106,337.5221239,15,0,22,11,1,12,19,4,11,291,86.32870666,161.9597445,171.899794,13.92912711,21,1.761904762,2752.147064,3.383333333,12,0,0,0,0,1.16,0,0,40.39999998,0,0,0,0,35.36000003,0,0,0,2.759999995,1.56,18.76,0,0
47_46,0.285714286,376.0714286,1,1,8,1,0,4,0,0,3,313,29.473163,119.1864747,195.2120567,7.980599583,13,1.615384615,2510.131744,2.588888889,10,0,0,0,0,6.560000014,0,0,40.39999996,0,0,0,0.400000005,34.91999998,0,0,0,0,17.72000004,0,0,0
47_47,0.063829787,476.0425532,0,0,0,0,0,0,0,0,2,0,10.72499351,5.663814549,12.33682044,12.93981273,0,1,625.4299798,1.405555556,8,0,0,0,0,42.51999998,0,0,0,0,3.120000009,0,0.239999995,0.079999997,0,0,0,0,54.04000001,0,0,0
47_48,0.108108108,501.4324324,0,0,0,0,0,0,0,0,0,0,9.305446482,2.658455211,3.394642807,13.963,0,0,0,1.005555556,8,0,0,0,3,9.680000013,0,0,0,0,0,0,0,0,0,0,0,0,87.31999999,0,0,0
47_49,0,805,0,0,0,0,0,0,0,0,0,0,9.305446482,2.658455211,3.394642807,13.963,0,1,646.0287791,0.55,8,0,0,0,2.84000001,41.36000002,0,0,0,0,0,0,0,0,0,0,0,0,55.79999997,0,0,0
47_5,0,701,0,0,0,0,0,1,0,0,0,12,10.99582484,5.650518973,4.412521521,7.562076241,2,2.5,773.6043125,0.116666667,5,76.55999998,0,0,0,12.8,3.64,0,0,0,0,0,6.600000013,0,0,0,0,0,0.400000002,0,0,0
47_50,0,892.6666667,0,0,0,0,0,0,0,0,1,0,9.250352258,2.672560475,3.444610348,13.88140135,3,2.333333333,704.5139688,0.238888889,8,0,0,0,1.91999999,45.68,0,0,0,0,0,0,0,0,0,0,0,0,52.40000002,0,0,0
47_51,0,653.75,0,0,0,0,0,0,0,0,0,0,8.918384288,2.75755116,3.7456877,13.38973205,0,0,0,0.255555556,8,0,0,0,0,54.83999999,0,0,0,0,3.280000018,0,0,0,0,0,0,4.760000009,37.11999998,0,0,0
47_52,0,665,0,1,0,0,0,0,0,0,0,0,4.569400391,3.870981232,7.689985567,6.948562865,0,0,0,0.288888889,7,0,0,0,0.08,75.00000002,0,0,0,0,18.79999998,0,0,0,0,0,0,3.639999992,2.480000013,0,0,0
47_53,0,348.3333333,0,0,0,0,0,1,0,0,3,0,2.9208926,6.491211197,14.55414138,4.507,2,2.5,519.4968563,0.411111111,6,0,0,0,0,93.35999994,0,0,0,0,0,0,0.080000003,2.640000064,0,0,0,0,3.919999993,0,0,0
47_54,0.142857143,396.1428571,0,0,4,0,2,2,0,4,0,300,3.931218535,92.63242752,194.8135995,4.582791903,6,2.166666667,2147.38813,0.588888889,6,0,0,0,0,0,0,0,0,0,0,0,29.56000004,70.43999996,0,0,0,0,0,0,0,0
47_55,0.066666667,415.9333333,0,0,2,0,0,3,0,1,4,225,17.66782835,104.4113552,154.95868,5.87279664,18,2.111111111,3219.041683,0.761111111,5,0,0,0,0,1.000000004,0,0,0,0,0,0,54.55999999,38.48,0,0,0,5.960000004,0,0,0,0
47_56,0,441.2,0,1,3,0,0,2,0,0,2,204,25.23883244,64.11719584,106.8036287,7.043305045,35,1.342857143,3359.976155,0.588888889,5,0,0,0,0,14.32,0,0,0,0,0,0,55.64000005,26.83999996,0,0,0,3.199999996,0,0,0,0
47_6,0,692.6,0,0,0,0,1,0,0,0,2,25,11.14227759,5.606774842,4.876830639,7.473561049,5,1.6,1064.114527,0.138888889,7,77.63999998,0,0,0,6.679999996,5.24,0,0,0,0.68,0,9.760000027,0,0,0,0,0,0,0,0,0
47_7,0,679,0,0,3,0,0,1,0,0,4,163,16.44157236,22.48388072,23.51812247,4.279825759,15,1.4,2035.551477,0.138888889,7,15.43999994,0,0,0,7.120000011,6.64,0,0,0,0,0,65.04000004,0,0,5.76000001,0,0,0,0,0,0
47_8,0,735,0,0,0,0,1,2,0,0,1,77,16.57479876,27.28155992,29.22084537,4.291969224,7,1.285714286,680.1623715,0.116666667,7,59.96000006,0,0,0,8.599999992,0,0,0,0,3.04,0,5.919999942,0,0,11.55999998,0,4.84000001,6.080000013,0,0,0
47_9,0,588.5,1,0,4,0,3,0,2,0,4,51,10.63949601,28.27864099,34.2315311,8.526642359,6,1.5,1106.103925,0.055555556,7,43.95999999,0,0,0,22.80000002,2.840000014,0,0,5.64,0,0,16.92,0,0,0,0,7.31999999,0.519999987,0,0,0
48_10,0,519,0,0,0,0,0,2,0,1,7,85,10.74896649,26.23228929,41.32137924,8.412209096,8,1.25,1238.754604,0.205555556,7,41.91999998,0,0,0.400000006,8.39999998,0.279999991,0,0,0,0,0,32.72000005,0,0,0,0,8.92,7.36,0,0,0
48_11,0,392.5,1,0,3,0,0,4,0,1,2,156,6.085551942,26.33919534,58.64572151,11.73650211,20,1.3,2480.072094,1.294444444,7,21.28000003,0,0,8.080000006,8.720000003,0,0,0,0,2.840000006,0,54.83999993,0,0,0,0,0.839999995,3.400000023,0,0,0
48_12,0.122222222,372.7222222,0,0,1,0,0,4,0,2,8,254,90.56257974,146.2888787,144.898351,15.40155031,27,1.333333333,2752.372361,1.727777778,9,20.55999999,4.16,0,0.159999995,7.679999993,0,0,0,0,1.079999999,0,20.6,28.92000003,0,0,0,0,16.84,0,0,0
48_13,0.215686275,337.2352941,0,1,1,4,1,4,0,1,4,448,113.8702586,192.9909465,209.9285755,16.68849311,28,1.571428571,3051.760836,3.216666667,11,5.079999977,0,0,0,8.400000025,0,0,0,0,6.98E-09,0,50.72000002,26.43999998,0,0,0,1.92000001,7.439999979,0,0,0
48_14,0.36,320.84,0,1,10,1,1,2,2,0,8,403,167.3120832,310.153623,174.1669495,30.11820183,26,1.423076923,2569.584434,3.238888889,11,0,0,0,0,19.52000001,0,0,7.680000016,0,2.639999993,0,58.91999996,0.400000014,0,0,0,8.08,2.76,0,0,0
48_15,0.295081967,320.4098361,0,1,4,0,0,2,0,0,5,426,81.06254344,209.3816224,155.9518989,19.26188566,30,1.3,3070.127724,3.655555556,11,0,0,0,0,26.43999995,0,0,6.759999992,0,0.079999999,0,3.719999986,46.88000006,0,0,0,7.6,8.520000015,0,0,0
48_16,0.666666667,233.9333333,0,0,8,1,0,3,0,1,3,415,51.63485495,217.9431115,187.9617935,16.69506834,18,1.444444444,2485.073208,3.972222222,12,0,0,0,0,0,0,0,0,0,0,0,0.640000009,90.28000002,0,0,0,5.07999999,3.99999998,0,0,0
48_17,0.720720721,178.2162162,3,0,14,4,1,5,2,0,5,432,87.39545228,165.5305595,202.8405217,20.31222839,32,1.46875,3390.725011,3.116666667,13,0,0,0,0,0,0,0,0,0,0,0,27.96000003,66.95999996,0,0,0,5.080000006,0,0,0,0
48_18,0.723076923,152.5692308,0,1,1,0,0,4,0,0,2,456,80.47536957,228.1285172,176.6084302,20.25935331,24,1.5,3092.833806,3.65,13,2.32,0,0,0,0.44,0,0,0,0,0,3.54E-09,16.07999997,70.28000003,0,0,0,7.72,3.159999999,0,0,0
48_19,0.72,190.6133333,0,0,1,3,1,5,0,0,8,395,86.33675335,180.8621507,174.1199739,24.28209752,16,1.5625,2722.367976,4.205555556,13,0,0,0,0,0.079999999,0,0,1.200000003,0,0,14.12,20.47999998,54.52000003,0,0,0,9.599999998,0,0,0,0
48_20,0.577777778,220.5185185,26,1,34,6,5,6,15,2,3,565,100.3374217,282.092383,233.7012319,27.9550478,33,1.363636364,3685.447073,5.533333333,15,0,0,0,0,1.720000002,0,0,29.60000008,0,0,0,9.759999995,54.11999992,0,0,0,4.800000004,0,0,0,0
48_21,0.391812865,278.005848,1,0,14,8,3,5,3,1,8,810,171.4391934,542.2935815,220.6472755,38.51080305,25,1.76,3681.91746,6.588888889,15,0,0,0,0,0.719999996,0,0,62.48,0,0,0,14.56000001,16.24,0,0,0,5.079999994,0.92,0,0,0
48_22,0.253846154,327.9538462,0,1,7,1,2,7,1,1,5,651,83.27892744,402.1970186,141.2381026,38.57885116,13,1.769230769,2660.072751,7.155555556,16,0,0,0,0,2.680000004,0,0,65.84000001,6.640000025,0,0,24.83999996,0,0,0,0,0,0,0,0,0
48_23,0.355555556,277.8444444,3,0,15,4,14,6,4,0,5,619,2.090024552,647.4347401,136.5246492,42.57517034,25,1.52,3356.248123,6.238888889,17,1.04,0,0,0,4.39999999,0,0,61.44000001,28.08,0,0,0,0,0,0,0,5.04,0,0,0,0
48_24,0.422222222,304.5666667,0,1,12,0,22,5,5,0,6,316,21.48840337,211.2505606,39.64215893,45.07788602,14,1.357142857,2115.971774,5.927777778,16,0,0,0,0,23.00000006,0,0,21.99999995,44.95999996,0,0,0,0,0,0,0,5.440000022,4.600000012,0,0,0
48_25,0.388888889,275.7291667,0,1,10,0,11,8,1,1,10,285,115.0359976,230.3086707,46.87397403,51.74375676,17,1.823529412,2531.826146,6.672222222,16,0,0,16.88,0,21.03999995,0,0,22.56000005,10.28,1.32,1.52000002,1.2,0,0,0,0,20.19999999,4.999999991,0,0,0
48_26,0.5,208.3141593,4,2,14,5,2,4,8,0,3,506,269.2616387,512.1205977,150.2325112,49.24965222,10,1.8,2013.352875,8.894444444,16,0,0,0.080000001,0,19.68,0,0,53.28000001,0,5.28,5.359999985,0,0,0,0,0,0,16.32,0,0,0
48_27,0.404580153,252.1412214,11,0,22,6,2,7,16,2,2,958,311.7617418,799.6287299,330.6699252,47.5457687,23,1.565217391,3163.713921,11.4,16,0,0,0,0,0.999999984,0,0,97.32000003,0,0,0,0.999999998,0,0,0,0,0,0.67999999,0,0,0
48_28,0.106707317,338.0640244,4,2,12,7,7,9,25,3,2,1057,377.7530855,956.9487227,307.2619924,51.83074175,15,1.933333333,3271.579371,11.01666667,16,0,0,0,0,0,0,0,74.83999995,5.720000001,0,0,0,6.360000016,0,0,0,0,13.08000003,0,0,0
48_29,0.111111111,341.5402299,6,0,17,3,5,9,8,2,8,582,106.9127251,773.9406129,142.0191907,53.38559827,25,1.52,2864.536013,9.994444444,16,0,0,1.440000009,0,0.44,0,0,67.84000004,18,0,0,0,5.239999985,0,0,0,0,7.039999968,0,0,0
48_30,0.2,321.9490196,1,2,7,5,8,9,4,0,3,574,92.31064317,590.0259627,108.0026362,47.5628535,17,1.705882353,2844.092368,9.277777778,17,0,0,0.679999989,0,0.72,0,0,63.35999996,17.64,0,0,0.640000001,9.040000045,0,0,0,7.92,0,0,0,0
48_31,0.43071161,264.9925094,26,1,28,15,3,11,76,3,7,827,147.3508149,755.1055816,229.603494,46.28299022,34,1.558823529,4069.782575,10.41111111,16,0,0,0,0,0,0,0,82.16000005,0.319999992,0,0,0,14.63999996,0,0,0,0,2.88,0,0,0
48_32,0.680645161,200.383871,2,0,11,11,0,6,7,1,3,1052,359.0553402,1089.261304,228.6993221,55.5707306,43,1.418604651,4308.934353,10.35555556,14,0,0,0,0,0,0,0,99.47999999,0,0,0,0,0.520000011,0,0,0,0,0,0,0,0
48_33,0.778210117,137.4280156,8,0,17,3,2,8,10,1,9,592,248.9281077,456.9729615,127.0464852,58.27806472,34,1.441176471,3705.569786,7.222222222,14,1.600000006,0,0,0,0,0,0,55.11999994,15.72000006,0,0,0.4,17.51999999,0,0,0,9.640000009,0,0,0,0
48_34,0.566666667,283.2333333,3,0,3,0,3,2,2,1,0,28,121.0021116,104.4807755,26.05472565,55.34052027,5,1.6,1540.173825,4.883333333,13,14.27999999,0,0,0,0,0,0,2.119999998,54.96000002,0,0,5.280000002,3.320000001,0,0,0,20.03999999,0,0,0,0
48_35,0.288461538,374.5769231,0,0,5,0,12,8,1,1,10,24,165.6156486,105.3889807,24.54334994,58.47859342,9,2.222222222,2706.537765,3.833333333,14,3.080000001,0,0,0,3.4,0,0,3.800000007,72.43999997,1.120000001,6.720000003,0,9.53E-09,0,0,0,9.440000013,0,0,0,0
48_36,0.428571429,303.0714286,0,0,5,1,7,6,0,0,4,541,176.6901139,285.5147566,104.8887037,59.30969735,23,1.739130435,3074.589407,5.372222222,14,0,0,0,0,0,0,0,0.279999995,9.599999965,0,0,3.96E-12,82.28000005,0,0,0,6.519999991,1.32,0,0,0
48_37,0.494505495,230.0824176,0,1,4,5,0,8,1,1,11,342,421.9534168,268.4729675,220.9073111,56.03441649,39,1.538461538,4002.903687,9.511111111,14,1.32,0,0,0,0.92,0,0,11.76000001,0,0,0,0.160000002,70.55999998,0,0,0,13.20000001,2.080000003,0,0,0
48_38,0.611594203,193.4637681,2,1,5,7,1,2,0,1,2,373,587.6642567,314.0125648,175.6106988,53.97815126,39,1.58974359,3658.404798,11.36111111,14,0,0,0,0,0.600000001,0,0,25.88000001,0,0,0,21.44,38.59999999,0,0,0,12.96,0.519999996,0,0,0
48_39,0.616724739,172.6236934,1,0,5,3,0,7,2,0,3,505,533.8962558,417.1065298,200.6929396,41.69078384,30,1.6,3364.843819,11.31111111,13,0.32,0,0,0,1.319999999,0,0,31.67999999,0,0,0,34.04000002,25.72,0,0,0,6.919999996,0,0,0,0
48_4,0,766.6666667,0,0,0,0,0,0,0,0,1,16,5.16026884,3.538671095,6.220302946,8.282141885,2,1.5,624.3943344,0.094444444,4,27.28000009,0,0,0,57.5199999,2.720000008,0,0,0,0.44,0,12.04,0,0,0,0,0,0,0,0,0
48_40,0.64893617,120.9255319,0,0,8,2,1,4,1,2,4,490,293.4084357,242.2039967,191.3373381,40.68174606,23,1.47826087,2802.636781,9.711111111,12,0,0,0,0,6.64E-11,0,0,4.719999989,0,0,0,42.67999999,22.40000001,0,0,0,0,30.20000001,0,0,0
48_41,0.644628099,153.4297521,1,0,2,2,1,6,0,0,3,717,305.2935337,408.0330898,201.0649909,46.69076558,23,1.652173913,3459.668939,6.111111111,12,0,0,0,0,0.92,0,0,2.24,0,0,0,7.879999981,84.24000001,0,0,0,0,4.720000004,0,0,0
48_42,0.605263158,202.9649123,0,1,12,0,0,4,4,2,14,621,292.6045348,340.8520421,208.9408227,39.56973107,31,1.516129032,3646.888638,5.444444444,12,0.64,0,0,0,1.64,0,0,0,0,0,0,10.28000002,75.75999999,0,0,0,0,11.68,0,0,0
48_43,0.515463918,266.5773196,0,0,5,0,1,6,0,1,5,328,159.7459312,147.9317231,409.1114829,25.2688195,28,1.357142857,2956.458071,4.561111111,12,0.04,0,0,0,13.92000002,0,0,0,0,0,9.32,40.60000002,28.11999996,0,0,0,3.440000005,4.559999987,0,0,0
48_44,0.467532468,275.6103896,0,1,6,1,0,4,1,0,2,400,79.51419386,220.572555,183.5554572,12.64092072,11,1.818181818,2406.583219,4.127777778,11,0,0,0,0,11.55999998,0,0,0.960000012,0,0,0,73.12000001,10.04,0,0,0,4.320000001,0,0,0,0
48_45,0.461538462,315.0769231,0,0,5,2,1,3,0,1,4,492,53.97741903,203.4040376,258.6633323,9.279021865,11,2.090909091,2950.907584,2.961111111,9,0,0,0,0,0,0,0,8.399999989,0,0,0,26.83999997,60.20000005,0,0,0,4.559999994,0,0,0,0
48_46,0.1875,288.5,0,0,0,0,0,1,0,1,2,69,14.85447469,42.5529274,76.35128003,9.355697519,1,5,742.6181181,2.027777778,9,0,0,0,0,12.24000005,0,0,0,0,37.24,0,6.359999978,15.51999996,0,0,0,0,28.64000001,0,0,0
48_47,0.096774194,418.0645161,0,0,0,0,0,0,0,0,0,0,9.305446482,2.658455211,3.394642807,13.963,0,1,414.7177366,1.172222222,8,0,0,0,0,60.47999997,0,0,0,0,0,0,0,0,0,0,0,0,39.52000003,0,0,0
48_48,0.0625,475.9375,0,0,0,0,0,0,0,0,2,0,9.305446482,2.658455211,3.394642807,13.963,1,5,918.9381956,0.95,8,0,0,0,0.12,58.60000003,0,0,0,0,0,0,0,0,0,0,0,0,41.27999997,0,0,0
48_49,0.4,481,0,0,0,0,0,0,0,0,0,0,9.305446482,2.658455211,3.394642807,13.963,0,1,648.1648115,0.538888889,8,0,0,0,0,84.36000001,0,0,0,0,0,0,0,0,0,0,0,0,15.63999999,0,0,0
48_5,0,732.4,0,0,5,0,1,0,0,4,0,13,14.53537295,23.33555667,17.0102314,5.422793957,0,1,474.3992614,0.155555556,5,77.55999999,0,0,0,0,1.800000001,0,0,3.64,0,0,6.560000007,0,0,0,0,0,10.44,0,0,0
48_50,0.333333333,585.3333333,0,0,0,0,0,0,0,0,0,0,9.305446482,2.658455211,3.394642807,13.963,0,0,0,0.316666667,8,0,0,0,9.559999999,89.31999999,0,0,0,0,0,0,0,0,0,0,0,0,1.120000013,0,0,0
48_51,0.1,510.9,1,0,0,0,0,0,0,0,6,1,9.305446482,2.658455211,3.394642807,13.963,1,2,390.4717138,0.277777778,8,0,0,0,0,74.28,0,0,0,0,2.440000016,0,0,0,0,0,0,8.4,14.87999999,0,0,0
48_52,0.125,505.5,0,0,0,0,0,0,0,0,0,0,14.31579733,7.367208932,13.88316173,12.5211204,0,0,0,0.355555556,7,0,0,0,12.44,80.03999998,0,0,0,0,2.399999987,0,0,0,0,0,0,0,5.120000032,0,0,0
48_53,0.25,297.875,0,0,0,1,0,1,0,0,4,35,45.91812595,40.3399646,78.19479269,7.055652496,6,1.666666667,868.8128814,0.661111111,6,0,0,0,0,56.11999997,0,0,0,0,0,0,0,16.12000006,0,0,0,0,27.75999997,0,0,0
48_54,0.233333333,337.4666667,2,0,19,6,0,5,4,0,3,358,79.26705092,155.5772473,187.2704532,10.13574068,36,1.361111111,3405.381786,1.033333333,6,0,0,0,0,0,0,0,0,0,0,0,19.64000002,74.15999997,0,0,0,6.200000005,0,0,0,0
48_55,0.054054054,415.972973,0,0,7,3,0,1,0,1,1,411,107.2737014,228.9477026,197.8290986,14.72395264,25,1.72,3150.710207,1.433333333,5,0,0,0,0,0,0,0,0,0,0,0,68.60000001,28.72,0,0,0,0.399999995,2.279999999,0,0,0
48_56,0.1,455.08,7,0,12,1,0,5,7,0,6,408,84.83133692,130.8748103,268.459913,13.34910424,31,1.451612903,3734.259127,0.994444444,5,0,0,0,0,5.960000006,0,0,0,0,1.559999999,0,34.47999998,54.76000002,0,0,0,0,3.239999999,0,0,0
48_57,0,513.6666667,0,0,4,0,1,3,5,1,1,135,15.59345213,47.47400109,112.6437239,5.256966269,19,1.421052632,2046.060381,0.661111111,5,42.80000007,4.8,0,0,9.959999993,0,0,0,5.8,0,0,9.999999986,20.19999995,0,0,0,6.44,0,0,0,0
48_6,0,696.1666667,0,1,0,0,0,0,0,0,3,77,15.01175307,25.2826237,18.67393037,5.13487258,9,1.888888889,1818.711309,0.177777778,6,52.43999995,0,0,0,3.36,1.03999999,0,0,9.560000021,1.36,0,32.24000004,0,0,0,0,0,0,0,0,0
48_7,0,643,1,0,0,1,1,3,1,1,3,126,16.56378432,32.69868601,24.17295635,4.196833927,23,1.47826087,2358.375162,0.194444444,7,8.960000026,0,0,0,30.64000003,1.920000004,0,0,29.59999998,0,0,28.87999996,0,0,0,0,0,2.66E-10,0,0,0
48_8,0,623.6,0,0,0,0,1,3,0,0,0,26,17.1899285,36.86739508,29.20586102,3.818396022,1,4,977.2347279,0.205555556,7,79.80000004,0,0,0,1.599999976,0.159999996,0,0,0,0,0,18.43999999,0,0,0,0,0,0,0,0,0
48_9,0,530,0,0,3,1,1,3,0,4,4,59,17.01597146,19.53572053,26.03037801,3.944804229,5,1.8,1320.629096,0.188888889,7,36.47999994,0,0,0,3.600000015,5.120000008,0,0,0,0,0,36.00000002,0,0,0,0,2.720000006,16.08000001,0,0,0
49_10,0,594.75,0,1,0,0,0,0,0,0,1,13,17.21209288,26.11651644,19.15387207,3.805,0,1,51.2651587,0.355555556,7,32.51999996,0,0,44.32000006,10.32,1.52000001,0,0,0,3.880000007,0,7.439999958,0,0,0,0,0,0,0,0,0
49_11,0.076923077,448.5384615,0,0,1,1,1,3,0,0,2,55,22.71964441,60.48033839,97.53765896,4.866655254,8,1.625,897.7998297,1.388888889,8,7.479999998,0,0,57.39999995,2.400000001,3.999999993,0,0,0,2.999999992,0,9.120000006,10.00000006,0,0,0,6.600000005,0,0,0,0
49_12,0.126126126,427.6486486,0,0,7,1,0,5,7,0,8,433,63.34290576,222.1947575,297.2704507,8.053396539,22,1.636363636,3445.140689,1.605555556,8,1.439999995,0,0,1.399999982,0,0,0,0,0,1.039999995,0,12.20000001,76.12000001,0,0,0,7.8,0,0,0,0
49_13,0.136363636,391.6515152,5,0,18,4,2,8,7,0,4,587,75.97451326,201.537209,257.7408699,12.5132518,38,1.552631579,4193.013368,2.75,10,1.479999998,0,0,0,0,0,0,3.160000039,0,0,0,5.799999985,83.59999999,0,0,0,5.95999999,0,0,0,0
49_14,0.19047619,369.3333333,0,0,10,0,3,4,0,0,4,909,109.8682609,382.5689676,256.7483177,13.05352028,45,1.555555556,5347.957189,2.455555556,11,0,0,0,0,5.52,0,0,44.75999998,0,0,0,4.039999986,45.68000004,0,0,0,0,0,0,0,0
49_15,0.225,310.8,6,1,14,6,5,5,5,1,7,711,117.6687455,322.3207632,208.152872,15.77535315,52,1.442307692,4547.692308,2.638888889,12,0.520000001,0,0,0,0,0,0,52.35999999,0,0,0,18.96,27.24000001,0,0,0,0,0.92,0,0,0
49_16,0.527777778,248.5833333,0,0,2,1,2,4,1,0,4,557,80.90831662,258.0250675,282.7800229,15.53006537,26,1.692307692,3442.819372,2.922222222,12,0,0,0,0,2.4,0,0,1.23999999,0,0,0,0,96.36000001,0,0,0,0,0,0,0,0
49_17,0.557692308,238.1730769,0,1,10,1,0,4,1,1,8,509,83.64918617,237.5704181,254.6513775,18.07534593,28,1.535714286,2986.535897,2.994444444,13,0,0,0,0,0,0,0,0,0,0,0,7.120000008,85.95999998,0,0,0,6.920000013,2.43E-10,0,0,0
49_18,0.659574468,234.7021277,10,0,53,11,7,7,11,2,7,484,101.331571,269.1622509,228.1371948,20.23752875,34,1.441176471,3429.346508,3.15,13,0,0,0,0,0.56,0,0,4.68,0,0,0,0.639999988,80.36000001,0,0,0,12.72,1.04,0,0,0
49_19,0.479452055,237.5616438,4,0,38,7,7,11,8,1,9,491,113.770432,249.0744271,189.9119851,24.16477065,24,1.791666667,3666.604205,3.511111111,13,0,0,0,0,0.96,0,0,4.080000015,0,0,0.2,0,86.15999999,0,0,0,8.599999995,0,0,0,0
49_20,0.495145631,265.6601942,1,0,14,2,3,4,6,1,7,463,164.0691057,249.5528087,184.8103256,34.17666015,33,1.454545455,3723.07416,4.877777778,14,0,0,0,0,0,0,0,48.12000003,12.72000001,0,0,0,25.51999996,0,0,0,9.879999998,3.76,0,0,0
49_21,0.277777778,304.6666667,0,0,8,2,8,5,2,0,7,699,221.525346,499.568518,183.7775414,39.79221354,27,1.62962963,4110.383894,5.755555556,15,0,0,0,0,0,0,0,81.88000001,13.60000001,0,0,0,1.959999989,0,0,0,2.559999993,0,0,0,0
49_22,0.402777778,274.3472222,2,0,12,0,8,7,5,0,7,623,227.2775255,618.9765923,152.616799,42.96971743,28,1.714285714,4047.508297,5.761111111,15,1.96,0,0,0,0,0,0,82.92,5.639999984,0,0,0,9.48000002,0,0,0,0,0,0,0,0
49_23,0.549019608,227.4901961,0,0,12,2,9,6,7,0,4,472,212.086864,405.5687696,95.63113798,53.45283972,36,1.361111111,3460.451601,4.722222222,15,0,0,0,0,1.240000003,0,0,56.71999995,21.52000001,0,0,0,5.519999996,0,0,0,10.00000004,5,0,0,0
49_24,0.704918033,197.6885246,0,2,12,0,7,2,3,0,1,46,50.57006288,71.02469599,22.16239299,43.03300897,3,1.666666667,569.1526591,4.533333333,16,0,0,0,0,1.840000016,0,0,11.91999996,40.80000007,0,0,0,0,0,0,0,45.43999995,0,0,0,0
49_25,0.582089552,180.880597,1,0,26,2,19,11,6,0,10,42,144.3553111,128.9337588,22.2463191,46.03075028,13,1.923076923,1947.925074,5.922222222,16,0,0,11.20000004,0,24.71999998,0,0,3.520000001,48.39999996,2.72,3.96000001,0,0,0,0,0,5.360000008,0.119999999,0,0,0
49_26,0.657608696,161.3913043,7,1,14,5,6,10,5,0,8,451,240.1587426,435.3870585,139.6510113,46.86277493,27,1.703703704,3523.040407,7.4,16,4.000000001,0,22.55999996,0,0.519999991,0,0,51.92000009,2.159999981,0,5.879999986,1.360000002,0,0,0,0,3.879999992,0,7.72,0,0
49_27,0.385542169,223.5180723,0,0,6,4,1,4,0,1,0,1001,310.5089281,981.7998457,293.7225243,45.41570955,10,2.3,3043.22887,10.03888889,16,0,0,0,0,0,0,0,87.27999995,0,0,0,0,6.560000016,0,0,0,0,6.160000031,0,0,0
49_28,0.185950413,312.3347107,5,1,15,9,2,8,14,2,8,1088,365.8091083,946.7547933,293.8479986,46.18138113,24,1.666666667,3768.568594,9.8,16,0,0,0,0,0,0,0,88.24000004,0.839999999,0,0,0,7.079999989,0,0,0,0,3.839999969,0,0,0
49_29,0.187817259,343.5025381,3,0,19,4,2,4,5,0,4,893,325.8347211,1038.326714,214.7929488,49.80670293,16,1.875,3346.691556,9.761111111,16,0,0,0,0,0,0,0,72.23999995,0,0,0,12.52000001,0,0,0,0,0,15.24000004,0,0,0
49_30,0.17721519,325.778481,0,4,0,0,1,5,0,0,1,651,304.6636553,807.7228674,127.1476256,49.05418513,23,1.434782609,3039.111786,9.855555556,16,0,0,0,0,0.48,0,0,35.68000003,0,0,0,26.23999999,8.280000014,0,0,0,8,21.31999996,0,0,0
49_31,0.497890295,204.4472574,4,0,20,5,7,8,13,1,3,967,276.6621256,1054.715817,279.6915715,49.83393191,27,1.777777778,3886.012483,10.02777778,16,0,0,0,0,0,0,0,66.91999999,0,0,0,0,33.08000001,0,0,0,0,0,0,0,0
49_32,0.591549296,139.8826291,0,0,2,2,0,5,0,1,1,614,190.0719897,485.0555695,140.4296905,54.62731695,25,1.52,2922.42901,10.83333333,15,0.480000014,0,0,0,7.760000012,0,0,41.59999995,0,1.000000005,0,3.240000014,24.6,0,0,0,7.680000008,13.64,0,0,0
49_33,0.685990338,91.65700483,0,1,4,0,0,7,2,0,4,422,161.8587395,375.3455794,84.94803967,55.72711002,24,1.333333333,2351.162983,7.305555556,14,22.32000003,0,0,0,7.879999985,0,0,26.32,6.680000034,3.679999995,0,22.19999999,6.039999985,0,0,0,0.799999992,4.079999994,0,0,0
49_34,0.454545455,153.0909091,0,0,0,0,0,0,0,0,0,24,119.9518548,115.2821555,30.45218403,54.77665339,7,2,2031.987704,4.894444444,13,61.75999996,0,0,0,2.92,0,0,2.920000001,18.43999999,0,0,2.760000009,4.29E-09,0,0,0,11.20000003,0,0,0,0
49_35,0.2,379.8857143,0,0,7,0,8,7,12,0,1,35,111.3872125,44.5138023,15.78399594,59.38811185,5,3.4,2471.14991,3.4,13,6.599999994,0,0,0,0.560000011,0,0,1.800000019,64.76000003,3.36,0,0.879999989,6.239999995,0,0,0,15.79999997,0,0,0,0
49_36,0.384,306.672,0,0,10,3,2,3,4,0,8,618,160.351218,266.0259849,130.6216493,55.14385284,23,1.826086957,3887.83313,4.927777778,13,0,0,0,0,1.119999989,0,0,35.60000003,13.67999996,0.64,0,2.759999999,40.12000002,0,0,0,6.08,0,0,0,0
49_37,0.490740741,255.2962963,0,0,4,2,0,4,0,2,5,427,203.9552113,268.6757886,176.7923055,44.56333572,32,1.40625,2854.5389,8.888888889,13,0.6,0,0,0,4.68,0,0,9.119999957,0,0,0,0,76.40000002,0,0,0,0,9.20000002,0,0,0
49_38,0.645833333,159.8854167,1,1,16,9,2,6,2,0,5,589,428.8897721,260.6746033,212.8511681,53.1199475,39,1.41025641,3947.887077,10.15,12,0,0,0,0,2.88,0,0,39.72000005,0,0,0,0.2,45.03999996,0,0,0,7.480000007,4.679999981,0,0,0
49_39,0.715189873,117.5791139,28,2,89,17,9,18,53,10,20,524,439.2414835,255.7204813,173.0949238,49.98235254,44,1.454545455,4322.837277,10.46666667,11,0,0,0,0,0,0,0,79.16,0,0,0,0,4.84,0,0,0,16,0,0,0,0
49_4,0,802,0,1,2,0,0,1,2,0,1,27,7.434234137,6.535763612,8.626672632,8.025614283,4,1.25,748.9068852,0.138888889,3,54.72000002,0,0,0,10.28,1.2,0,0,2.120000024,12.35999995,0,19.32,0,0,0,0,0,0,0,0,0
49_40,0.708860759,86.96624473,14,0,37,9,5,8,14,1,12,752,392.3402728,369.2033455,164.8249931,41.81847832,46,1.413043478,4419.547893,8.783333333,11,0,0,0,0,0.4,0,0,74.80000001,3.56,0,0,12.84,2.000000001,0,0,0,5.679999994,0.72,0,0,0
49_41,0.666666667,131.5777778,5,1,9,1,1,8,8,1,10,636,448.8704313,613.8924395,212.7202535,57.20419681,39,1.487179487,4555.158817,6.472222222,11,0,0,0,0,0.600000004,0,0,47.63999995,0,0,0,34.40000002,5.120000008,0,0,0,0,12.24000002,0,0,0
49_42,0.622641509,189.2641509,0,1,8,2,1,3,2,0,6,532,286.5160581,391.8302885,209.7680849,38.02409078,53,1.301886792,3870.906912,5.211111111,10,1.4,0,0,0,1.679999996,0,0,7.760000001,0,0,0,17.91999998,60.20000003,0,0,0,1.720000003,9.319999989,0,0,0
49_43,0.420560748,221.3084112,0,1,4,1,1,7,1,2,5,473,232.8407495,175.8130038,232.3198975,25.57566413,22,1.590909091,3226.918249,4.016666667,10,0,0,0,0,4.800000011,0,0,13.20000003,0,0,6.83E-11,13.84,57.19999996,0,0,0,4.759999996,6.2,0,0,0
49_44,0.315789474,241.8631579,5,0,17,13,2,13,6,1,5,425,126.301756,177.4646239,209.6045601,16.25548615,18,1.611111111,2738.346083,2.872222222,10,0,0,0,0,1.479999992,0,0,30.91999999,0,0,0,49.12000002,18.47999999,0,0,0,0,0,0,0,0
49_45,0.333333333,268.4901961,20,0,52,13,5,11,32,4,4,492,66.01298007,188.3406099,201.1847204,11.13667209,30,1.4,3379.820781,2.055555556,9,0,0,0,0,0,0,0,31.71999996,3.2,0,0,17.88000003,41.04,0,0,0,5.12,1.04000001,0,0,0
49_46,0.103448276,258.6551724,1,0,1,1,0,3,0,3,7,117,14.49530552,45.13020876,69.62706722,9.833929812,3,3,1265.095322,1.433333333,8,0,0,0,2.68,28.60000004,0,0,0,0,8.480000001,0,28.39999996,1.839999984,0,0,0,0,30.00000001,0,0,0
49_47,0.222222222,324.6666667,0,0,0,0,0,0,0,0,1,0,9.450407278,2.964486539,4.303884369,13.85538306,3,2.333333333,1379.300461,1.138888889,7,0,0,0,0,79.16000003,0,0,0,0,0,0,0,0,0,0,0,0,20.83999997,0,0,0
49_48,0.181818182,332.6363636,0,0,0,0,0,0,0,0,0,0,9.305446482,2.658455211,3.394642807,13.963,2,3,923.3812642,1.077777778,7,0,0,0,5.000000001,94.68,0,0,0,0,0,0,0,0,0,0,0,0,0.32,0,0,0
49_49,0.222222222,277.2222222,0,0,0,0,1,0,0,0,4,0,9.305446482,2.658455211,3.394642807,13.963,0,1,422.2949862,0.738888889,7,0,0,0,6.04,85.88,0,0,0,0,3.4,0,0,0,0,0,0,0,4.680000003,0,0,0
49_5,0,766.5,1,0,0,0,0,1,1,0,0,18,14.18938144,21.60684086,15.77880285,5.631909208,0,1,507.2528754,0.211111111,5,83.79999999,0,0,0,0,1.360000001,0,0,1.119999976,0,0,13.72000003,0,0,0,0,0,0,0,0,0
49_50,0.363636364,260.8181818,1,0,0,0,0,0,0,0,4,21,11.5213969,8.398558198,15.84706161,13.19211494,3,1.666666667,668.6643655,0.533333333,7,0,0,0,0.720000001,54.95999997,0,0,0,0,20.4,0,8.880000026,0,0,0,0,7.880000009,7.159999992,0,0,0
49_51,0.125,349.625,0,1,3,0,1,3,0,5,3,117,28.05486774,32.17438593,66.65020109,10.61023512,18,1.5,3086.897699,0.494444444,6,0,0,0,0,25.99999999,0,0,0,0,0,0,63.12000001,7.52,0,0,0,0.799999991,2.560000001,0,0,0
49_52,0.125,365.875,0,0,2,0,0,1,0,0,0,66,30.04014091,21.89184114,67.98554843,12.42629755,10,1.3,1585.021352,0.833333333,7,0,0,0,0,53.44000006,0,0,0,0,0,0,46.55999994,0,0,0,0,0,0,0,0,0
49_53,0.238095238,288.047619,1,1,3,1,0,7,0,0,7,176,56.37529489,81.79297393,171.8288522,8.936775979,27,1.444444444,2673.115684,1.138888889,6,0,0,0,0,42.15999994,0.4,0,0,0,0,0,5.279999994,44.68000006,0,0,0,6.040000005,1.44,0,0,0
49_54,0.225,343.425,0,0,5,0,1,5,1,0,7,518,62.17759906,171.1700973,269.0163323,9.239774781,42,1.357142857,3660.237321,1.555555556,5,0,0,0,0,0,0,0,3.640000009,0,0,0,10.28000002,82.11999997,0,0,0,0.719999997,3.240000007,0,0,0
49_55,0.090909091,401.9272727,0,0,5,2,0,2,0,0,5,452,51.45753506,203.3667901,224.5008868,17.07669666,18,2.222222222,2914.389928,1.622222222,4,0,0,0,0,1.28,0,0,4.159999991,0,0,0,51.80000004,34.51999997,0,0,0,7.880000005,0.359999994,0,0,0
49_56,0.053571429,430.2321429,0,0,4,2,1,2,0,1,10,324,38.56797947,150.8723398,242.2449916,10.92247052,32,1.625,3780.690452,1.111111111,4,1.079999998,0,0,0,12.08,0,0,0,0,3.600000001,0,30.91999998,35.20000003,0,0,0,12.27999999,4.840000001,0,0,0
49_57,0,475.75,2,0,2,3,0,2,2,1,8,355,26.05212332,131.8697165,206.8916047,5.612591228,31,1.258064516,3311.403205,0.705555556,4,11.00000002,0.04,0,0,2.320000002,0,0,0,0,0,0,14.40000001,59.03999995,0,0,0,13.20000001,0,0,0,0
49_6,0,684,0,0,0,0,0,0,0,0,0,21,13.90369766,20.17944721,14.76201729,5.804574825,0,1,385.5281221,0.255555556,6,75.8,0,0,0,3.84,5.040000022,0,0,0,0,0,15.31999997,0,0,0,0,0,0,0,0,0
49_7,0,639.5,0,0,0,0,0,3,0,4,0,38,11.10883672,29.90568878,12.48124837,7.493772517,17,1.823529412,1940.458344,0.472222222,7,54.39999996,0,0,0,13.96000002,1.799999981,0,0,0,0,0,12.08000004,0,0,0,0,0,17.76,0,0,0
49_8,0,654.1666667,0,0,2,0,1,3,0,0,9,171,16.49893899,113.7455787,59.1650656,5.364943278,33,1.393939394,3134.6704,0.577777778,7,23.28000001,0,0,0,16.43999998,0.52,0,0,0,0.44,0,59.32000001,0,0,0,0,0,0,0,0,0
49_9,0,626.5,1,0,1,0,0,3,1,1,0,111,17.21209288,77.85381264,47.62050623,3.805,9,1.333333333,1323.584766,0.505555556,7,8.08000001,0,0,0,26.55999999,0,0,0,0,0,0,35.60000001,0,0,0,0,0,29.75999999,0,0,0
4_20,0,280,0,0,0,0,0,0,0,5,2,24,1.253381687,1.807119073,3.311309629,9.57784212,2,2,672.1230854,0.255555556,5,77.83999998,0,0,0,2.360000001,6.520000013,0,0,0,0,0,13.28000001,0,0,0,0,0,0,0,0,0
4_21,0.1,325,0,1,0,1,0,0,0,0,0,51,5.98586983,10.17773852,40.7084732,9.855356868,9,1.777777778,1304.931542,0.744444444,6,67.16,0,0,6.800000018,0,8.279999984,0,4.960000006,0,0,0,12.79999999,0,0,0,0,0,0,0,0,0
4_22,0.076923077,297.1153846,0,1,1,1,0,2,0,0,0,111,38.72256258,38.65451812,98.42663099,13.18617397,14,1.428571429,1853.276182,1.111111111,6,60.12000001,0,0,4.279999982,8.2,0,0,7.039999989,0,0,0,20.36000002,0,0,0,0,0,0,0,0,0
4_23,0.12,287.16,0,1,4,0,0,3,1,0,0,314,50.59309606,54.17124231,158.1294214,13.46158862,26,1.346153846,2292.986745,1.294444444,6,51.11999998,0,0,0,0.240000012,0.160000001,0,0,0,0,0,43.99999999,4.480000014,0,0,0,0,0,0,0,0
4_24,0.142857143,282.047619,0,1,2,4,0,1,0,0,1,229,55.59446425,104.898898,132.0714007,13.33430082,7,2.142857143,840.148333,1.088888889,6,17.84,0,0,0,32.96000001,0,0,0,0,0,0,10.95999997,38.24000003,0,0,0,0,0,0,0,0
4_25,0.307692308,258.3076923,1,0,1,0,0,4,0,0,0,276,20.20658817,56.03730417,194.9135678,6.85470159,17,1.352941176,2029.719917,1.094444444,6,27.48000001,0,0,0,18.75999999,2.68,0,12.44,0,0,0,1.12,32.35999999,0,0,0,5.160000006,0,0,0,0
4_26,0.3,295.2,0,0,4,1,0,3,0,0,4,291,39.2593908,47.67318246,133.1161621,10.83377909,15,1.466666667,2220.49487,1.211111111,6,4.679999976,0,0,0,29.80000003,0,0,0,0,0,0,22.32000001,41.91999999,0,0,0,1.279999994,0,0,0,0
4_27,0.1,386.4,0,0,0,0,0,1,0,0,7,74,1.183914391,37.01690719,61.44452923,9.574291268,7,1.428571429,680.7902574,1.561111111,6,40.40000003,0,0,0,35.56,0,0,0,0,2.48,0,10.23999999,11.31999997,0,0,0,0,0,0,0,0
4_28,0,428.6,0,0,5,0,0,2,0,0,2,302,18.57344565,64.5043755,213.6363558,9.456423765,14,1.285714286,1283.980181,1.855555556,6,32.15999997,0,0,0,32.27999998,0,0,13.08000003,0,0.04,0,0,22.44000001,0,0,0,0,0,0,0,0
4_29,0,401.5454545,0,0,6,0,1,5,0,0,4,714,57.86698154,210.9781829,418.5680299,9.212471249,33,1.393939394,3709.476153,1.777777778,6,3.60E-10,0,0,0,12.87999998,0,0,47.07999998,0,0,0,12.28000004,26.03999999,0,0,0,0,1.720000006,0,0,0
4_30,0.074074074,392.1851852,3,0,12,2,0,5,3,0,4,572,38.39345913,130.8026542,406.2773824,6.531213802,40,1.475,4641.409828,1.461111111,7,0,0,0,0,1.320000003,0,0,51.84000004,0,0,0,22.79999996,22.20000001,0,0,0,0,1.839999995,0,0,0
4_31,0,445.2647059,2,0,4,3,1,1,0,0,1,639,38.80549984,150.4202525,386.0695463,6.267992158,34,1.235294118,3023.264474,1.155555556,7,0,0,0,0.04,0.279999997,0,0,86.43999995,0,0,0,0,13.24000006,0,0,0,0,4.41E-10,0,0,0
4_32,0.033333333,443.5,2,0,5,0,1,4,0,0,5,588,26.0098381,163.6242501,266.1352592,5.835566362,26,1.5,3345.353454,1.538888889,7,0.800000003,0,0,0,0,0,0,34.96000002,0,0,0,3.280000002,60.83999997,0,0,0,0,0.120000001,0,0,0
4_33,0.041666667,454.7708333,2,0,5,3,0,6,1,0,2,372,44.15296396,90.41062993,279.4822282,9.377245024,38,1.394736842,3552.347948,1.766666667,9,11.59999999,0,0,0,0.52,0,0,56.72000001,0,0,0,0,24.59999999,0,0,0,5.48,1.08,0,0,0
4_34,0.025641026,466.8717949,0,0,7,1,0,5,1,1,5,600,48.29848887,157.6124392,397.6025241,8.478847736,37,1.567567568,3780.016344,2.744444444,9,0,0,0,0,0.72,0,0,31.35999997,0,0,0,0,65.96000002,0,0,0,0,1.960000005,0,0,0
4_35,0.035294118,431.8,4,0,4,3,0,6,4,0,6,492,40.30791118,131.7720328,273.182734,8.403629349,36,1.527777778,4100.706441,2.216666667,8,5.88,0,0,0,0.56,0,0,29.8,0,0,0,26.24,29.27999999,0,0,0,7.840000012,0.399999995,0,0,0
4_36,0,423.2413793,0,0,0,0,0,3,0,0,2,380,19.05980787,72.52130654,185.9442092,8.453635979,24,1.5,3256.926959,1.961111111,9,28.76000004,0,0,0,0.76,0,0,13.52,0,0,0,19.40000002,31.39999995,0,0,0,6.159999993,0,0,0,0
4_37,0.090909091,391.0909091,0,0,0,2,0,2,0,0,4,4,4.178540402,6.564217883,13.03655367,16.87287646,0,1,689.5000834,0.611111111,9,82.32000003,0,0,3.92,4.439999999,0,0,0,0,0,0,4.119999974,0,0,0,0,5.2,0,0,0,0
4_45,0,492,0,0,0,0,1,3,0,0,0,72,13.58943537,13.83972222,23.17941412,15.98770961,11,1.454545455,1169.657682,0.233333333,7,58.59999998,0,0,0,5.360000008,7.559999977,0,0,0,0,0,24.56000003,0,0,0,0,3.920000004,0,0,0,0
4_46,0,412.8947368,1,0,7,0,1,5,0,0,2,339,29.27698102,81.35051619,111.9360951,9.802592664,33,1.454545455,3361.628225,0.477777778,7,1.919999985,0,0,0,2.119999993,0.360000012,0,0,0,0,0,46.95999999,42.76000002,0,0,0,5.879999996,0,0,0,0
4_47,0,437.3,0,0,4,4,0,5,2,0,2,429,56.38473615,173.3075079,201.6270606,11.34835988,11,1.545454545,1915.67568,1.061111111,8,29.04000003,0,0,0,0,3.679999988,0,0,0,0,0,27.23999998,40.04000001,0,0,0,0,0,0,0,0
4_48,0.025641026,443.8717949,0,0,1,3,1,7,1,0,5,350,147.7221964,165.119145,142.5890624,24.37443343,14,1.785714286,2281.536297,1.883333333,8,14.55999997,0,0,0,0.8,0,0,0,0,0,14.16000002,24.76000003,32.79999998,0,0,0,0,12.92,0,0,0
4_49,0.012195122,401.4146341,0,1,1,0,0,4,0,0,1,473,355.5086147,269.7026591,234.4244584,34.65370115,45,1.2,3681.787048,2.033333333,8,1.36,0,0,0,3.8,0,0,0,0,0,4.119999977,22.99999998,62.52000004,0,0,0,0,5.2,0,0,0
4_50,0.089285714,373.3571429,3,0,15,5,0,6,5,1,2,510,147.476113,231.6032299,255.7417787,18.844602,25,1.64,3355.654496,2.277777778,7,0,0,0,0,0,0,0,0.08,0,0,0,5.439999998,94.48,0,0,0,0,0,0,0,0
4_51,0.102564103,361.3846154,0,0,3,3,1,8,1,0,5,466,96.43846239,182.2888105,239.187691,11.91473305,35,1.571428571,3998.626792,2.1,7,0,0,0,0,1.32,0,0,1.480000015,0,0,0,21.16,76.03999999,0,0,0,0,0,0,0,0
4_52,0.094117647,348.7176471,7,0,17,1,1,8,9,0,6,452,223.6729818,224.3551268,230.595849,23.32525425,37,1.486486486,3729.37228,1.616666667,7,0.6,0,0,0,13.28000001,0,0,8.719999985,0,0,0,21.92000002,55.47999999,0,0,0,0,0,0,0,0
4_53,0.23255814,281.3953488,10,2,14,3,5,7,5,1,12,250,72.96962278,66.35377454,191.0382977,12.42386765,31,1.516129032,2814.005989,1.783333333,6,3.160000001,0,0,0,20.68,0,0,0,0,1.320000002,0,46.00000002,18.67999998,0,0,0,6.32,3.84,0,0,0
4_54,0.389830508,227.1186441,0,0,2,1,0,5,0,0,3,300,129.5387355,71.97082473,251.6695879,16.29499323,31,1.612903226,3370.360496,2.027777778,6,2.799999999,0,0,0,21.56000001,0,0,0,0,0.719999998,0,46.11999997,27.48000002,0,0,0,0,1.32,0,0,0
4_55,0.495145631,142.6504854,0,0,3,6,0,5,0,0,2,476,134.6605459,154.4518636,312.509516,16.10448654,34,1.294117647,3335.48535,2.522222222,6,0,0,0,0,1.439999981,0,0,6.240000028,1.240000008,0,0,5.519999983,85.56,0,0,0,0,0,0,0,0
4_56,0.488636364,106.6931818,1,0,8,2,0,9,2,3,6,389,42.48728303,80.22194268,189.9433417,11.49829316,25,1.44,3327.700974,2.355555556,6,0,0,0,0.160000005,0,0,0,9.039999976,2.759999992,0,0,5.639999997,64.71999998,0,0,0,4.760000007,12.92000004,0,0,0
4_57,0.411764706,181.2352941,0,1,0,0,0,2,0,2,1,23,23.3851573,45.50466605,91.88485498,11.60091287,14,1.928571429,2284.252545,1.666666667,5,24.36,0,0,5.360000003,6.760000009,0,0,0,0,0,0,9.520000008,2.51999998,0,0,0,2.599999992,48.88000001,0,0,0
4_58,0.5,291.5,0,0,0,0,0,0,0,0,0,0,21.917195,31.4607816,59.24523765,8.716373993,2,1,176.8207014,0.6,5,36.68000006,0,0,0.759999993,16.6,0,0,0,0,0,0,0.239999994,0,0,0,0,0,45.71999996,0,0,0
50_10,0,580.8,0,0,0,0,0,2,0,0,0,9,15.17851586,22.30725752,11.44834131,5.157971375,2,2,79.32534288,0.722222222,7,48.60000001,0,0,0.439999998,42.92000001,2.120000013,0,0,0,0.44,0,3.279999965,0,0,0,0,2.2,0,0,0,0
50_11,0,535.5,0,0,1,1,0,2,0,0,0,320,42.83243756,76.4617589,180.5701933,7.770547905,19,1.263157895,2045.902384,1.255555556,8,18.47999996,0,0,0,16.28,1.879999986,0,0,0,0,0,63.04000005,0.320000006,0,0,0,0,0,0,0,0
50_12,0,467.1666667,0,0,4,1,1,3,0,0,2,319,30.85100063,108.8368063,195.7224082,5.868867598,17,1.529411765,2379.152556,1.855555556,8,1.160000002,0,0,0,24.03999997,0,0,5.400000005,0,0,0,19.27999995,50.12000007,0,0,0,0,0,0,0,0
50_13,0.057142857,441.4285714,0,0,2,4,0,4,1,2,1,587,67.23116484,254.4566687,217.0415398,8.822775907,24,1.583333333,3105.297238,2.538888889,10,0,0,0,0,2.72,0,0,0,0,0,0,13.6,80.99999997,0,0,0,0,2.68000003,0,0,0
50_14,0.083333333,404.5,2,0,16,4,0,3,3,0,3,558,89.0837851,242.8645277,196.9365754,13.94976063,38,1.421052632,3725.120901,2.527777778,11,0.48,0,0,0,0.840000007,0,0,13.24,0,0,0,0,72.60000001,0,0,0,0,12.83999998,0,0,0
50_15,0.12195122,404.3658537,0,0,6,0,1,5,1,0,0,769,114.7379707,249.0511961,272.4329364,15.9995152,32,1.4375,3745.167586,3.072222222,11,0.439999998,0,0,0,2.959999996,0,0,28.60000008,0,0,0,0.119999999,67.87999992,0,0,0,0,0,0,0,0
50_16,0.290598291,325.4102564,9,0,34,10,11,6,9,3,6,621,116.0715501,280.6345634,260.3352086,19.66056094,51,1.294117647,4051.644622,2.6,11,0.880000001,0,0,0,0,0,0,57.87999993,0,0,0,17.96000004,15.04000002,0,0,0,7.080000017,1.16,2.34E-10,0,0
50_17,0.445945946,298.5675676,3,0,12,3,2,2,4,4,9,603,134.7545472,315.8310547,267.0872417,22.53705638,38,1.421052632,3599.667214,3.116666667,13,0,0,0,0,0,0,0,9.360000006,0,0,0,9.479999968,76.16000004,0,0,0,3.839999983,1.16,0,0,0
50_18,0.338983051,324.9322034,0,0,2,1,0,3,0,0,3,583,139.1822865,365.6824537,223.6181803,23.65758651,16,1.9375,2875.421161,3.227777778,13,0,0,0,0,0,0,0,17.35999998,0,0,0,0,82.64000001,0,0,0,0,5.33E-09,0,0,0
50_19,0.24137931,309.7931034,6,1,11,2,1,5,5,1,7,735,107.3418573,383.7186617,224.3604902,22.5368856,37,1.540540541,3896.338912,3.955555556,13,0,0,0,0,0,0,0,25.28000003,0,0,0,10.24000003,59.39999994,0,0,0,4.240000004,0.839999995,0,0,0
50_20,0.266666667,335.5555556,1,0,8,5,0,5,0,1,2,507,216.264298,250.0631759,156.4095967,37.58806783,28,1.535714286,3419.351077,4.777777778,13,0,0,0,0,1.56000001,0,0,10.83999997,0,0,10.20000001,21.99999997,37.12000003,0,0,0,6.560000002,11.72000001,0,0,0
50_21,0.333333333,318.0266667,16,1,25,4,1,7,18,2,15,399,322.4112076,261.2571511,277.8781882,45.70129048,42,1.523809524,4010.146777,5.494444444,13,0.640000001,0,0,0,5.399999991,0,0,22.88000006,0.12,0,0,8.84,37.75999995,0,0,0,18.92,5.439999992,0,0,0
50_22,0.495575221,264.6460177,0,0,3,5,1,2,3,0,7,635,277.5111328,597.1078239,165.9734455,42.87282308,20,1.8,3043.600413,5.744444444,14,5.040000002,0,0,0,0,0,0,13.11999993,7.959999999,0,0,0,65.68000007,0,0,0,8.199999998,0,0,0,0
50_23,0.709090909,198.4181818,0,0,9,0,11,3,12,0,9,635,261.4563673,427.0596124,143.8955224,48.00270012,25,1.68,3104.520019,4.816666667,15,0,0,0,0,0.56,0,0,28.04000005,4.44000001,0,0,2.440000001,41.83999992,0,0,0,19.92000002,0,2.76,0,0
50_24,0.626865672,158.8955224,3,0,62,6,16,10,5,1,11,90,119.5997175,93.04180033,23.37307872,43.32704717,9,2.222222222,2324.163973,4.2,15,0,0,0,0,0,0,0,6.71999995,85.48000008,0,3.84,0,0,0,0,0,3.959999974,0,0,0,0
50_25,0.742574257,79.69306931,0,0,20,1,33,4,13,1,6,316,162.2108548,191.486321,44.13515784,44.22327267,15,1.733333333,2356.223263,5.338888889,15,0,0,0,0,0,0,0,34.16000006,57.63999993,3.04,0,0,5.160000016,0,0,0,0,0,0,0,0
50_26,0.663212435,128.9533679,11,2,22,0,3,4,20,2,9,355,209.8913594,360.5105012,95.67101933,47.4764107,34,1.558823529,2567.998116,6.572222222,15,0.64,0,0,0,3.44,0,0,24.63999998,4.519999989,0,0,8.440000013,17.31999999,0,0,0,7.479999999,33.52000003,0,0,0
50_27,0.468208092,221.6647399,1,0,2,1,0,3,0,0,1,686,245.9643344,592.636346,143.4132352,46.9441528,11,1.909090909,2807.055682,9.733333333,15,0,0,0,0,0,0,0,26.07999997,0,0,0,5.839999987,63.56000007,0,0,0,0,4.519999975,0,0,0
50_28,0.211055276,317.4070352,0,0,6,15,1,13,3,0,7,287,184.2444872,370.0831943,125.9494348,48.0236606,18,1.611111111,2816.477934,15.38333333,15,0,0,0,0,0,0,0,39.40000004,0,0,23.16,15.40000002,13.23999993,0,0,0,0,8.800000003,0,0,0
50_29,0.348314607,295.5786517,11,0,15,3,3,5,6,1,8,585,142.6509262,425.9486273,144.6134934,49.80480043,24,1.75,3227.309533,15.3,15,0,0,0,0,0,0,0,65.35999998,0,0,1.880000002,16.35999999,0,0,0,0,0,16.40000002,0,0,0
50_30,0.411764706,237.0882353,0,1,0,2,0,1,0,1,1,379,239.6796288,438.9324662,97.8386514,55.38883001,20,1.35,1840.767113,14.64444444,16,0,0,0,0,0,0,0,26.39999999,0,0,36.2,18.23999999,8.160000041,0,0,0,7.32,3.679999977,0,0,0
50_31,0.617283951,143.5185185,7,0,8,5,1,9,14,1,5,865,357.6626581,751.8868948,211.2573597,58.60281417,28,1.714285714,4012.832244,8.683333333,15,0,0,0,0,1.12,0,0,47.19999997,0,0,0,0,51.16000002,0,0,0,0.520000011,0,0,0,0
50_32,0.65470852,101.9686099,14,0,21,6,3,7,20,2,3,429,337.5121826,419.2503164,121.9600092,59.34636067,20,1.4,2266.564662,9.438888889,15,0.64000001,0,0,0,3.080000001,0,0,19.35999999,0,0,0,12.16,18.99999996,0,0,0,8.079999989,37.68000005,0,0,0
50_33,0.72815534,72.22815534,0,1,3,2,0,7,1,5,6,506,187.9583405,587.8429978,145.66973,55.90326118,32,1.46875,3573.842092,6.761111111,15,2.999999999,0,0,0,5.120000003,0,0,15.99999998,0,0.160000001,0,26.60000003,39.80000002,0,0,0,0,9.319999963,0,0,0
50_34,0.722222222,148.0555556,0,0,4,0,1,3,2,0,4,244,178.722136,205.915391,64.36855991,56.03350974,11,2,2877.453184,4.927777778,15,43.48000003,0,0,0,1.53E-09,0,0,0,10.20000004,1.280000006,0,15.51999997,23.51999996,0,0,0,1.45E-09,5.999999992,0,0,0
50_35,0.5,324.65,0,0,6,0,0,5,6,0,3,20,117.6681637,51.27079854,19.17284489,58.50231619,8,2,2529.140649,3.272222222,13,16.27999998,0,0,0,0.680000008,0,0,2.600000002,47.64000001,4.279999994,0,1.279999997,0.360000001,0,0,0,26.88,0,0,0,0
50_36,0.454545455,287.8099174,5,0,16,3,10,5,14,2,12,382,191.3419463,270.140093,86.52567255,53.5155354,35,1.685714286,3929.246089,4.166666667,13,0,0,0,0,0.639999991,0,0,1.880000001,28.63999994,0.52,0,6.800000001,44.72000006,0,0,0,16.8,5.92E-09,0,0,0
50_37,0.552486188,232.9447514,2,0,6,6,0,3,5,2,9,454,304.2016716,307.9224294,175.8117739,53.66095873,28,1.464285714,3074.782393,6.372222222,13,0,0,0,0,5.240000025,0,0,0.359999999,0,0,14.00000001,8.080000003,63.19999996,0,0,0,6.52,2.600000006,0,0,0
50_38,0.536842105,163.5894737,0,2,9,2,0,4,3,1,1,465,245.9660925,183.565818,139.5653221,41.32027533,25,1.52,2874.458756,8.366666667,11,0,0,0,0,10.95999998,0,0,21.24000004,0,0,0.319999996,32.92000001,17.51999999,0,0,0,0.879999996,16.15999999,0,0,0
50_39,0.683486239,86.82110092,7,0,45,4,4,11,44,4,12,679,215.956585,218.4790938,188.823083,39.096564,67,1.447761194,5251.191282,9.111111111,11,0,0,0,0,0,0,0,73.40000002,0,0,0,7.319999984,17.71999999,0,0,0,0.920000006,0.640000006,0,0,0
50_4,0,750.8571429,1,2,3,1,4,3,1,0,15,36,5.076189748,13.87952579,22.86760194,8.291626906,7,1.857142857,1505.92279,0.133333333,3,22.6400001,0,0,0,2.599999989,3.48,0,0,3.080000016,45.47999997,0,21.83999996,0,0,0,0,0,0.879999969,0,0,0
50_40,0.737777778,58.83111111,16,3,35,12,8,20,8,4,9,332,200.2291709,253.6863895,152.7064016,46.2856592,28,1.75,3765.092313,8.233333333,10,0,0,0,0,2.520000004,0,0,41.23999996,0,0,0,1.280000011,41.60000002,0,0,0,10.20000001,3.159999994,0,0,0
50_41,0.671428571,132.1571429,0,1,4,1,0,4,1,0,1,560,167.4885799,556.7459876,195.2007067,38.28809441,43,1.372093023,3536.34939,7.2,10,0.92,0,0,0,1.639999996,0,0,45.75999993,0,0,0,9.839999985,30.44000009,0,0,0,9.159999995,2.24,0,0,0
50_42,0.6015625,169.171875,1,0,30,5,6,8,8,2,12,499,254.1421622,199.3999742,277.5141937,23.64035191,37,1.27027027,3593.459599,5.105555556,10,0,0,0,0,0,0,0,33.63999996,0,0,0,15.24000001,31.84000001,0,0,0,11.99999999,7.280000027,0,0,0
50_43,0.588235294,184.2352941,0,1,5,2,0,3,0,5,4,341,105.4692319,187.5330422,266.4248434,13.1424906,16,1.5625,2804.026387,4.066666667,10,0,0,0,0,0.52,0,0,0,0,0,0,26.51999999,54.44000004,0,0,0,1.639999995,16.87999997,0,0,0
50_44,0.418181818,225.2909091,1,0,10,0,3,5,0,1,0,540,66.87865312,233.4144499,196.9725316,10.07817301,25,1.6,3225.734879,2.588888889,10,0,0,0,0,0.359999999,0,0,23.32000001,0.880000018,0,0,10.27999999,65.15999998,0,0,0,0,0,0,0,0
50_45,0.425,276.025,1,0,14,5,5,3,3,4,4,517,45.08891182,163.0058503,240.928515,9.795074687,19,1.526315789,2903.046295,2.172222222,7,0,0,0,0,0,0,0,13.68000001,3.239999988,0,0,0.120000002,75.39999999,0,0,0,5.600000006,1.960000005,0,0,0
50_46,0.368421053,237.3684211,0,0,5,1,1,2,0,1,4,244,22.06884659,76.88615205,140.3926219,9.713881983,18,1.777777778,2821.925283,2.216666667,8,0,0,0,0,13.76000002,0,0,0,0,0,0,46.60000001,28.03999995,0,0,0,0.199999998,11.40000002,0,0,0
50_47,0.228571429,187.2285714,0,0,0,1,0,2,0,2,9,65,51.97410686,50.32095794,94.35886993,14.0255859,8,2.125,1493.380243,2.355555556,8,0,0,0,0,35.55999998,0,0,0,0,14.64,0,18.12,2.600000007,0,0,0,0,29.08000002,0,0,0
50_48,0.395833333,205,2,1,3,0,1,5,0,2,9,10,38.28564555,20.51350138,33.00706561,15.40079427,10,1.6,1810.112772,2.294444444,7,0,0,0,0,37.32000001,0,0,0,0,0.720000005,0,0,0,0,0,0,0,61.95999998,0,0,0
50_49,0.565217391,202.5217391,0,1,1,0,0,2,0,0,2,77,15.82573821,29.75100029,68.48895778,11.69472025,14,1.5,1812.851864,1.722222222,7,0,0,0,0,49.84,0,0,0,0,0.599999995,0,23.88000002,1.119999999,0,0,0,1.960000009,22.59999997,0,0,0
50_5,0,700.75,2,0,0,0,2,2,0,0,0,21,10.88642599,5.103917346,4.023156859,7.628196269,1,4,1316.289797,0.166666667,4,79.51999999,0,0,0,0,4.56000003,0,0,0.359999984,0,0,15.56,0,0,0,0,0,0,0,0,0
50_50,0.3125,205.9375,0,0,0,0,0,1,0,0,2,110,21.98221811,32.01575243,69.69166438,9.569706822,18,1.555555556,2704.650517,1.066666667,6,0,0,0,0,22.35999998,0,0,0,0,0,0,63.72000003,0,0,0,0,6.479999991,7.439999999,0,0,0
50_51,0.636363636,240.4090909,0,2,0,0,0,2,0,0,0,123,50.92989802,35.87957074,73.14139288,11.58312349,10,1.9,2144.498239,0.833333333,6,0,0,0,0,1.800000012,0,0,0,0,0,0,98.07999999,0,0,0,0,0,0.119999996,0,0,0
50_52,0.545454545,222.6363636,0,1,3,0,0,1,0,1,0,134,69.11994914,42.30752804,126.8030997,13.12822145,19,1.526315789,2526.478584,1.722222222,6,0.56,0,0,0,1.079999986,0,0,0,0,0,0,76.55999997,16.60000004,0,0,0,5.200000006,0,0,0,0
50_53,0.532258065,262.8225806,0,0,6,3,1,3,3,2,5,299,78.80090087,129.5941948,249.609291,10.32237821,30,1.266666667,3123.584876,1.922222222,5,0,0,0,0,1.84,0,0,0,0,0,6.960000033,5.959999988,79.07999998,0,0,0,6.16,0,0,0,0
50_54,0.342105263,309.8421053,1,0,5,3,0,3,1,1,7,364,52.32254266,168.6276047,246.0399114,8.123611889,19,1.842105263,2969.24772,2.222222222,4,0,0,0,0,0,0,0,0.559999999,0,0,14.75999997,1.320000003,67.92000003,0,0,0,14.88,0.56,0,0,0
50_55,0.24137931,365.8275862,0,0,2,1,3,4,1,0,2,449,30.7067121,176.9075543,165.8377906,7.743549571,37,1.432432432,3474.836307,1.538888889,4,1.72E-08,0,0,0,0,0,0,0,0,0,0,0.560000009,93.67999998,0,0,0,5.759999992,0,0,0,0
50_56,0.166666667,384.5,0,0,2,0,0,7,0,0,0,27,44.61274035,26.85426484,27.40748749,17.20198913,3,2.333333333,1077.603375,0.938888889,4,76.48000004,0,0,0,5.16,0,0,0,0,0,0,11.43999999,6.719999962,0,0,0,0.200000003,0,0,0,0
50_57,0,417.1666667,0,0,0,0,0,0,0,0,3,7,46.62123281,30.75335769,28.2844163,18.41850703,1,4,617.4568344,0.45,4,90.23999997,0,0,0,0,1.840000006,0,0,0,0,0,0.400000013,2.840000008,0,0,0,4.680000004,0,0,0,0
50_6,0,695,0,0,0,0,1,0,0,0,2,28,10.87020523,5.022871775,3.965425086,7.638,0,1,718.0547437,0.266666667,4,69.68000001,0,0,0,6.040000003,14.51999999,0,0,0,0.4,0,9.360000005,0,0,0,0,0,0,0,0,0
50_7,0,689.25,0,0,1,0,0,2,0,0,1,32,86.25525075,74.05153414,24.43624164,7.3766121,7,1.857142857,1208.362987,0.488888889,7,75.15999995,0,0,0,1.040000015,9.279999983,0,0,0,2.4,0,12.12000006,0,0,0,0,0,0,0,0,0
50_8,0,657.4042553,11,1,18,8,2,13,5,4,6,343,324.4757983,406.1919225,143.3236533,6.235809161,56,1.410714286,4928.530445,0.494444444,7,4.519999983,0,0,0,1.439999988,0,0,0,0,0.600000001,0,88.60000003,0,0,0,0,0,0,4.84,0,0
50_9,0,617.0625,0,0,5,2,1,3,0,1,8,298,13.97986684,151.9091234,84.33869206,5.758538614,34,1.529411765,3508.211506,0.755555556,7,18.08000004,0,0,0,2.160000019,0.040000002,0,0,0,0,0,79.71999994,0,0,0,0,0,0,0,0,0
51_10,0.034482759,564.9655172,1,0,0,5,1,4,0,1,6,82,56.15516928,42.53392958,99.69893286,11.52534816,10,1.6,1258.47771,0.833333333,7,58.19999998,0,0,0,0,2.799999994,0,1.920000016,0,0.64,0,23.27999999,4.840000028,0,0,0,0,8.32,0,0,0
51_11,0.043478261,550.4782609,0,0,2,3,0,6,3,0,5,542,143.9382216,140.5567038,317.6520334,18.66405709,33,1.363636364,3418.008136,1.255555556,7,4.079999997,0,0,0,1.639999998,0,0,15.48000002,0,0,0,32.27999999,46.51999999,0,0,0,0,0,0,0,0
51_12,0.105263158,481.8947368,0,0,7,1,0,5,2,0,3,440,27.5441241,144.2005386,270.937802,7.406134688,14,2.071428571,3063.034596,1.933333333,9,2.239999984,0,0,0,0.56,0,0,57.68000003,0,0,0,22.23999996,17.28000002,0,0,0,0,0,0,0,0
51_13,0.150943396,427.4716981,0,0,7,6,1,5,2,0,4,516,75.42445687,263.298105,186.8588919,15.44385145,34,1.735294118,3979.802737,2.522222222,10,0,0,0,0,0,0,0,7.599999957,0,0,0,0,88.88000001,0,0,0,1.240000008,2.280000026,0,0,0
51_14,0.21,411.47,27,5,56,8,4,17,39,8,8,169,92.91597953,149.4797088,166.4336078,15.37095084,36,1.638888889,3102.30656,2.5,10,0,0,0,0,0,0,0,9.519999999,0,0,0,0.600000008,40.24000003,0,0,0,6.48,43.15999996,0,0,0
51_15,0.141025641,375.5897436,18,0,67,9,6,10,17,4,7,481,90.56497609,267.4472729,194.5886101,14.34386751,57,1.526315789,4414.755148,2.944444444,11,0,0,0,0,1.839999997,0,0,17,0,0,0,28.00000007,45.87999994,0,0,0,7.279999998,0,0,0,0
51_16,0.293478261,349.6521739,1,0,8,2,2,10,1,0,2,270,189.0456325,201.0497564,146.6456792,36.41421204,26,1.5,2652.148113,2.433333333,10,10.92000002,0,0,0,10.96000001,0,0,1.559999988,0,0,0,71.47999999,0,0,0,0,1.479999995,0,3.6,0,0
51_17,0.254545455,328.2181818,0,0,4,1,0,2,1,0,7,474,186.9932345,281.8864527,159.1944421,24.79581091,25,1.36,2759.463475,3.022222222,10,0.879999983,0,0,0.440000001,1.880000006,0,0,17.76000003,0,0,0,47.23999994,21.40000002,0,0,0,0,10.40000002,0,0,0
51_18,0.106796117,363.8446602,4,0,10,1,1,7,4,0,15,725,337.1357403,515.6260048,179.3890414,40.52662876,38,1.552631579,4209.41725,3.194444444,11,0,0,0,0,2.119999994,0,0,20.43999997,0,0,0,8.279999991,66.68000006,0,0,0,0,2.479999992,0,0,0
51_19,0.075630252,396.7983193,1,0,7,2,1,1,1,1,0,648,208.8853651,436.3877489,169.7954555,34.13123846,27,1.407407407,2860.096256,4.505555556,11,0,0,0,0,0,0,0,9.119999995,0,0,0,4.960000013,64.11999994,0,0,0,0,21.80000005,0,0,0
51_20,0.110169492,379.0254237,1,1,7,3,1,3,4,2,8,348,188.7043884,298.3005232,122.8377477,41.69519252,19,1.736842105,2274.033826,5.411111111,12,0,0,0,0,7.480000032,0,0,0,0,0,22.55999999,32.91999999,16.40000003,0,0,0,0,20.63999996,0,0,0
51_21,0.371681416,316.4070796,0,0,4,2,0,3,0,0,6,685,251.9696847,309.6760333,277.2551974,40.01942397,41,1.609756098,3919.779509,6.561111111,12,5.32,0,0,0,2.239999969,0,0,46.40000006,0,0,0,0.199999993,45.71999998,0,0,0,0.120000001,0,0,0,0
51_22,0.565934066,257.1483516,0,3,13,9,1,7,2,3,8,543,220.0161049,222.26218,222.60774,40.05350271,37,1.405405405,3625.28882,6.138888889,12,1.320000001,0,0,0,0.4,0,0,48.19999997,0.8,0,0,4.48,27.08000002,0,0,0,8.560000005,9.16,0,0,0
51_23,0.598130841,198.2990654,1,1,12,6,2,8,5,1,6,484,196.6810708,272.8043148,228.4695119,42.47722173,18,2.166666667,2941.066907,5.805555556,14,0.599999997,0,0,0,2.12,0,0,30.60000002,5.960000018,0,0,11.48,26.91999996,0,0,0,17.16,5.16,0,0,0
51_24,0.648351648,140.7252747,0,0,9,1,14,4,4,0,5,289,165.3544249,192.4434408,68.76893608,41.0764169,27,1.518518519,2739.948117,4.872222222,14,0,0,0,0,0,0,0,23.16000001,59.40000001,0.96,0,0,11.47999998,0,0,0,4.999999994,0,0,0,0
51_25,0.700854701,86.90598291,0,0,12,1,12,7,3,1,2,115,162.1503141,154.623618,47.7042348,43.4338082,13,1.538461538,1988.083321,5.35,14,0,0,0,0,1.12,0,0,15.16,80.79999996,0,0,0,0,0,0,0,2.920000036,0,0,0,0
51_26,0.679558011,154.9779006,6,0,31,5,4,4,7,0,6,931,265.7098771,754.4156453,177.3061868,50.4726876,33,1.242424242,3667.711502,6.444444444,14,0,0,0,0,0.04,0,0,78.23999998,0.479999989,0,0,0,14.44000005,0,0,0,3.479999964,3.320000025,0,0,0
51_27,0.458762887,217.8298969,4,0,8,2,0,3,8,1,11,383,213.6380283,379.4159146,113.6397942,47.57808673,18,1.722222222,2387.606826,8.6,14,0.56,0,0,0,0,0,0,0.359999992,0,0,0,26.68000006,36.59999996,0,0,0,0,35.79999999,0,0,0
51_28,0.234096692,318.1832061,0,0,0,3,1,3,0,0,5,214,146.0921603,186.6816515,65.19652301,47.91981556,8,2.125,1583.30477,14.5,14,0,0,0,0,3.400000001,0,0,3.840000024,0,0,4.480000033,58.19999996,0.079999997,0,0,0,0,29.99999998,0,0,0
51_29,0.253670473,330.7675367,0,0,3,13,0,6,1,0,8,279,160.7000479,247.0481593,74.53534186,50.65075711,17,1.705882353,2146.712591,10.10555556,14,0,0,0,0,0,0,0,28.28,0,0,63.87999996,0.759999981,6.760000057,0,0,0,0,0.319999999,0,0,0
51_30,0.482758621,238.3152709,0,0,4,3,1,3,1,1,4,750,291.7086462,842.5800859,197.4763463,57.83575906,19,1.736842105,3323.481765,15.06111111,14,0,0,0,0,0,0,0,34.31999999,0,0,2.360000002,0.56,57.07999997,0,0,0,5.680000038,0,0,0,0
51_31,0.530927835,154.7938144,11,0,26,8,1,3,13,1,6,759,279.3061993,742.6383815,184.363484,53.34398705,26,1.653846154,3363.304581,8.588888889,15,0,0,0,0,0,0,0,51.60000006,0,0,0,1.280000008,37.43999997,0,0,0,9.679999963,0,0,0,0
51_32,0.673366834,102.5427136,12,0,28,11,4,8,23,0,7,886,273.2646696,868.7175533,252.7223982,46.09652872,24,1.75,3509.304176,8.466666667,15,0.840000005,0,0,0,0,0,0,95.84000002,0,0,0,1.519999988,1.799999984,0,0,0,2.58E-10,0,0,0,0
51_33,0.665,125.47,2,1,6,2,1,3,4,4,2,649,243.0152206,674.18313,132.0445656,48.59502835,26,1.730769231,3387.618934,6.555555556,15,0.599999996,0,0,0,0.76,0,0,34.03999993,0,0,0,28.72000003,13.00000002,0,0,0,3.320000005,19.56000002,0,0,0
51_34,0.656565657,198.5353535,0,0,18,2,3,6,3,0,11,564,172.492695,401.8385675,149.8363514,39.70516606,35,1.457142857,3387.75697,5.172222222,15,5.680000014,0,0,0,0.280000005,0,0,0,6.400000006,1.320000005,0,14.52000001,53.03999998,0,0,0,6.879999998,11.87999999,0,0,0
51_35,0.448717949,321.1666667,1,1,11,2,4,7,12,0,1,82,84.06469401,95.0807006,35.50132011,42.04783807,20,1.75,2882.273161,3.477777778,13,10.67999999,0,0,0,2.319999995,0,0,0,30.80000006,3.279999995,0,11.83999996,0,0,0,0,29.36,6.99999999,3.400000016,1.32,0
51_36,0.490909091,363.8181818,1,0,27,3,13,12,11,0,2,64,44.35051147,11.91447836,8.00792028,45.25502233,22,1.681818182,2808.737019,4.177777778,12,0.079999999,0,0,0,2.72,0,0,0,80.03999998,0.12,0,0.92,6.32000003,0,0,0,0.60000001,0,7.679999979,1.52,0
51_37,0.4921875,247.4140625,0,0,3,2,0,4,9,0,5,653,165.7509449,384.3562002,142.9813263,50.81968069,33,1.515151515,3883.444992,5.061111111,12,1.76,0,0,0,0,0,0,14.80000003,5.959999958,0.48,0.160000002,6.360000003,64.36000001,0,0,0,6.11999999,0,0,0,0
51_38,0.606060606,209.5151515,0,0,1,2,0,1,0,1,3,313,112.9319381,184.1574569,164.9926761,27.9059803,24,1.5,1963.348066,6.522222222,10,0,0,0,0,8.920000015,0,0,8.799999968,0,0,0,26.00000004,9.879999963,0,0,0,0,46.40000001,0,0,0
51_39,0.733333333,126.7925926,1,0,4,3,0,7,2,0,5,679,67.99628371,177.2500239,261.2724436,27.56443759,30,1.666666667,3618.330811,6.705555556,10,0,0,0,0,6.839999982,0,0,16.32000001,0,0,0,26.35999998,45.04000003,0,0,0,0,5.440000003,0,0,0
51_4,0,718.5,0,0,1,1,0,1,0,0,0,88,4.804416342,9.088380567,21.30670722,9.329275686,9,1.666666667,1719.65192,0.15,3,45.75999999,0,0,0,1.639999983,1.2,0,0,2.640000026,3.759999983,0,45.00000002,0,0,0,0,0,0,0,0,0
51_40,0.658119658,112.9487179,0,0,6,2,0,4,1,2,5,323,69.85118436,109.2501765,232.9873705,28.5757471,15,1.666666667,2551.931011,5.988888889,10,0,0,0,0,0,0,0,6.00000004,0,0,0,54.52,17.35999998,0,0,0,0,22.11999998,0,0,0
51_41,0.647482014,142.381295,12,0,15,18,0,11,2,4,10,389,151.9152353,325.9693234,281.2805729,31.45312433,32,1.84375,3659.757906,5.077777778,10,0,0,0,0,3.68,0,0,36.64000001,0,0,0,10.35999998,35.44,0,0,0,12.64000001,1.24,0,0,0
51_42,0.664634146,177.4085366,22,0,49,19,6,9,20,6,9,521,170.3574635,156.1585576,270.9653384,17.64653911,45,1.555555556,4232.167953,3.277777778,10,0,0,0,0,0,0,0,54.79999995,0,0,0,5.600000012,32.76000004,0,0,0,6.84,0,0,0,0
51_43,0.625,221.84375,1,0,5,3,0,4,0,0,4,391,76.70990713,140.7970695,234.7632627,11.66125111,12,2.083333333,2927.951563,2.905555556,10,2.960000008,0,0,0,0,0,0,0,0,0,0,11.03999999,75.47999999,0,0,0,10.52000001,3.18E-10,0,0,0
51_44,0.377777778,268.9333333,0,0,6,5,0,3,0,0,6,297,58.7546727,186.2870343,227.331609,11.17014933,36,1.527777778,3600.628,1.588888889,8,3.519999992,0,0,0,0.160000001,0,0,22.8,0,0,0,8.480000003,53.48000001,0,0,0,11.56,0,0,0,0
51_45,0.444444444,280.1555556,0,0,5,1,1,5,2,9,3,373,65.44495071,124.9158909,213.7658467,11.82547018,27,1.444444444,2939.854959,1.583333333,7,0,0,0,0,0,0,0,0,0,0,0,10.40000002,71.07999999,0,0,0,12.07999999,6.439999998,0,0,0
51_46,0.673076923,211.4615385,6,5,17,5,2,11,7,3,7,280,81.22486435,127.6589527,229.951742,14.52965509,27,1.703703704,2991.656954,2.5,7,0,0,0,0,0,0,0,17.44000002,0,0,9.44,29.59999999,26.59999999,0,0,0,16.44,0.48,0,0,0
51_47,0.583333333,173.1333333,31,0,46,14,2,14,24,4,7,283,148.7869259,86.14924668,127.0088443,22.22291753,43,1.441860465,4287.781902,3.433333333,8,0,0,0,0,4.520000004,0,0,22.24000001,0,0,0,16.71999999,40.71999999,0,0,0,15.64,0.160000004,0,0,0
51_48,0.610169492,128.5508475,6,2,16,5,2,6,32,3,14,205,139.7720344,81.38550223,129.6680803,21.55310156,35,1.685714286,3289.719657,3.922222222,7,0,0,1.840000007,0,16.8,0,0,14.31999998,0,1.24,0,23.96000001,21.60000001,0,0,0,11.15999999,9.080000007,0,0,0
51_49,0.757142857,107.2,0,0,10,4,2,4,0,1,3,223,18.37622012,65.08134641,157.8756173,12.63506041,29,1.482758621,3196.499662,3.011111111,6,0,0,0.79999999,0,5.68,0,0,0,5.16,0,0,39.44000005,39.27999996,0,0,0,9.44,0.199999998,0,0,0
51_5,0,861.6666667,0,0,8,0,2,0,0,0,0,32,10.87020523,5.022871775,3.965425086,7.638,5,1.4,780.7353977,0.183333333,4,68.76000005,0,0,0,5.48000002,6.200000005,0,0,14.67999998,0,0,4.879999946,0,0,0,0,0,0,0,0,0
51_50,0.851851852,98.62962963,0,0,2,1,0,3,0,0,2,199,44.70444401,73.50569412,141.6058709,10.64827754,14,1.714285714,2593.039437,1.633333333,6,0.16,0,0,0,0,0,0,0,0,0,0,89.99999998,6.800000018,0,0,0,3.040000003,0,0,0,0
51_51,0.636363636,162.3636364,0,1,7,0,0,6,1,0,5,221,57.45779832,132.5598053,148.9394967,10.71699819,23,1.47826087,3060.294505,1.027777778,6,0,0,0,0,1.080000008,0,0,0,0,0,0,53.48,31.87999998,0,0,0,13.56000001,0,0,0,0
51_52,0.574468085,188.4680851,1,0,5,6,2,4,2,0,6,375,65.17978234,165.1227177,174.1597267,8.231143238,22,1.590909091,3052.113852,2.133333333,6,0,0,0,0,0.919999992,0,0,0,0,0,0,40.27999997,43.96000005,0,0,0,14.83999999,0,0,0,0
51_53,0.641666667,251.9083333,27,1,73,25,13,23,36,7,12,247,67.89029922,109.9405509,159.5752133,18.7009068,26,1.423076923,2445.202989,2.694444444,4,0,0,0,0,0,0,0,21.32000001,4,0,0,4.199999994,45.2,0,0,0,11.64,6.04,7.6,0,0
51_54,0.360655738,302.4098361,0,0,5,0,0,4,0,1,7,502,65.34816404,155.2948771,186.4729968,19.90510954,31,1.419354839,3233.676291,2.911111111,4,1.399999998,0,0,0,0.160000012,0,0,7.519999989,0,0,0,6.640000012,80.63999997,0,0,0,0.759999998,2.880000018,0,0,0
51_55,0.166666667,355.6666667,0,0,2,0,0,4,0,0,0,141,39.57315501,42.2191504,85.917382,14.3629167,7,2.428571429,1842.746689,1.588888889,4,22.76000001,0,0,0,12.71999999,1.8,0,0,0,0,0,33.16000002,28.64,0,0,0,0,0.919999981,0,0,0
51_56,0,398.6666667,0,0,0,1,0,0,0,0,0,44,44.80189532,28.86247504,39.45667456,17.98948354,2,3,961.731595,0.416666667,4,68.88000004,0,0,0,0.559999996,4.559999998,0,0,0,0,0,17.07999997,8.919999989,0,0,0,0,0,0,0,0
51_58,0,438.5,0,0,0,0,0,0,0,0,0,12,20.51369756,7.060864012,7.565749734,18.30157594,3,2.333333333,1105.506023,0.033333333,4,86.32,0,0,0,3.28,1.88,0,0,2.76,0,0,5.760000004,0,0,0,0,0,0,0,0,0
51_6,0,643.75,0,0,0,0,0,0,0,0,1,2,10.87020523,5.022871775,3.965425086,7.638,0,1,449.5999377,0.305555556,4,92.76,0,0,0,2.479999989,2.160000017,0,0,0,0,0,2.599999997,0,0,0,0,0,0,0,0,0
51_7,0,654.625,0,0,2,0,0,2,0,0,1,23,13.76850144,12.23722625,9.286086059,7.493845906,3,2,872.2076196,0.522222222,4,76.91999998,0,0,0,2.960000001,0.759999983,0,0,0,0,0,19.36000004,0,0,0,0,0,0,0,0,0
51_8,0,630.5714286,0,0,1,0,0,2,0,0,0,89,12.31565192,39.66421185,15.96430431,7.6329881,7,1.428571429,695.1331084,0.638888889,6,65.16000001,0,0,0,8.359999986,0,0,0,0,0.880000003,0,25.6,0,0,0,0,0,0,0,0,0
51_9,0.058823529,559.1176471,0,0,3,0,0,0,0,0,3,22,10.87020523,16.1403897,9.739747626,7.638,8,2,1050.365747,0.816666667,6,76.91999999,0,0,0,3.479999998,2.160000003,0,0,0,0.119999996,0,17.32000001,0,0,0,0,0,0,0,0,0
52_10,0.1,503.3333333,3,0,1,1,0,3,1,1,4,95,42.76310064,42.26955095,71.77634644,14.59624434,29,1.517241379,3053.023376,1.133333333,7,47.75999995,0,17.88000002,0,3.959999991,0.439999991,0,2.080000002,0,0,0,3.119999991,24.76000006,0,0,0,0,0,0,0,0
52_11,0.073170732,451.4634146,3,0,13,2,1,6,10,0,9,336,77.20493614,123.1780226,178.9395362,15.03315727,26,1.576923077,3161.331473,1.661111111,8,3.559999992,0,2.959999983,0,0,0,0,11.88000004,0,0,0,0,64.03999994,0,0,0,5.320000006,0,12.24000004,0,0
52_12,0.085714286,460.3857143,5,0,45,6,3,7,18,0,7,318,74.1376175,175.519915,181.0672591,10.10249735,39,1.538461538,3615.884567,2.072222222,8,0.68,0,0,0,0.48,0,0,56.40000002,0,0,0,0,16.84000001,0,0,0,5.799999998,0,19.79999997,0,0
52_13,0.234042553,396.0851064,12,0,41,10,2,10,10,1,6,526,131.4623981,224.1111852,360.1890793,13.03928944,54,1.518518519,4837.996419,2.377777778,9,0,0,0,0,0,0,0,33.68,0,0,0,0,60.96,0,0,0,5.359999994,0,0,0,0
52_14,0.357142857,347.2857143,0,0,10,0,1,5,0,0,4,453,62.50495779,192.1633229,324.5554769,7.971163637,16,1.625,2666.549829,2.516666667,9,0,0,0,0,0,0,0,18.95999993,0,0,0,2.280000034,78.76000004,0,0,0,0,0,0,0,0
52_15,0.35483871,378.8064516,0,0,3,3,0,6,1,1,0,391,85.6232536,226.6992234,191.59433,14.17522,7,1.857142857,2039.738898,2.427777778,9,6.2,0,0,0,6.400000043,0,0,11.32,0,0,0,36.59999998,31.75999995,0,0,0,0,7.72000003,0,0,0
52_16,0.35483871,301.5483871,0,1,5,4,0,4,0,2,2,162,114.001388,80.85920647,87.11053639,21.70349024,12,1.583333333,1766.745688,1.722222222,10,5.399999996,0,0,0,30.63999996,0,0,0,0,0,0,32.28,10.4,0,0,0,0,21.28000005,0,0,0
52_17,0.454545455,361.3636364,0,0,0,0,0,0,0,2,1,9,17.75812855,48.85483326,63.38100395,5.379180294,0,0,0,2.288888889,10,0,0,0,11.36,13.16000002,0,0,0,0,0,0,0.759999989,0,0,0,0,0,74.71999999,0,0,0
52_18,0.070175439,414.7192982,0,1,7,0,2,5,2,1,7,426,154.5726734,195.9651792,133.2539538,22.34324715,21,1.380952381,2329.900475,3.111111111,11,0,0,0,0,18.95999999,0,0,0,0,0.68,0,19.4,40.76000008,0,0,0,0,20.19999994,0,0,0
52_19,0.049295775,446.6267606,0,0,3,1,0,5,0,0,4,857,353.1686243,543.6603836,203.5989524,52.29865212,26,1.769230769,3740.155494,4.822222222,11,0,0,0,0,0,0,0,19.56,0,0,0,4.000000009,75.95999997,0,0,0,0,0.480000024,0,0,0
52_20,0.070652174,408.5163043,0,1,3,1,0,0,0,0,12,519,302.4085751,378.1276636,153.0847656,53.852698,15,2.066666667,2347.724756,5.883333333,12,0,0,0,0,8.119999999,0,0,0.64000002,0,1.8,0,19.15999999,42.96000002,0,0,0,0,27.31999998,0,0,0
52_21,0.245762712,327.6779661,0,0,1,5,1,3,0,0,8,611,302.2338324,347.0018511,222.0967529,40.51795914,30,1.666666667,3593.462991,7.305555556,12,0.84,0,0,0,2.04,0,0,33.04000001,0,0,4.400000036,0,59.47999995,0,0,0,0,0,0.200000004,0,0
52_22,0.473451327,268.9070796,30,0,67,18,10,17,48,10,13,412,362.3433717,182.2988241,255.8239165,35.02495032,43,1.418604651,3225.154257,6.055555556,12,0,0,0,0,0.96,0,0,73.59999998,0,0,6.079999964,0.640000023,7.680000015,0,0,0,9.280000019,1.24,0.519999998,0,0
52_23,0.571428571,205.8452381,5,1,27,8,0,11,6,0,8,626,325.3151183,397.4647623,229.720413,36.88873675,27,1.666666667,3344.26613,5.283333333,12,0,0,0,0,2.4,0,0,28.07999999,0,0,0,24.03999999,36.32000004,0,0,0,9.159999981,0,0,0,0
52_24,0.704545455,135.9772727,1,0,16,1,2,6,2,1,5,628,237.9156751,319.2975075,149.9194441,35.48778316,38,1.657894737,3791.948929,4.594444444,14,0,0,0,0,6.4,0.040000001,0,16.04000001,5.16,2.320000001,0,12.28000001,54.23999997,0,0,0,3.520000004,0,0,0,0
52_25,0.638655462,132.6302521,2,1,13,5,4,6,3,0,8,677,162.4400292,328.69041,143.2320885,43.96330616,36,1.388888889,3862.724046,4.8,14,0,0,0,0,0,0,0,33.63999997,6.999999998,0,0,6.200000028,41.47999999,0,0,0,10.84,0.840000015,0,0,0
52_26,0.577235772,185.1382114,3,2,2,1,0,7,3,2,1,402,195.266765,326.4310234,139.165107,41.71626182,14,1.642857143,2100.58562,5.833333333,14,0,0,0,0,0,0,0,30.11999998,0,0,0,8.59999997,12.52000003,0,0,0,0,48.76000002,0,0,0
52_27,0.55,239.5,0,0,0,1,0,6,0,0,6,761,323.9396649,667.495945,177.3640248,47.96821989,21,1.857142857,3412.694809,7.683333333,14,0,0,5.24,0,0,0,0,7.240000009,0,0,0,6.880000019,77.88,0,0,0,0,2.759999974,0,0,0
52_28,0.308219178,294.609589,0,0,1,1,0,4,0,0,6,388,240.6911036,394.0003773,124.6066325,51.98067561,24,1.625,2592.227724,14.93333333,14,3.44,0,0,0,5.759999999,0,0,0.359999992,0,0,0,35.44,19.39999997,0,0,0,0,35.60000003,0,0,0
52_29,0.228813559,301.4971751,4,0,8,0,0,1,6,1,5,270,177.264473,369.7549953,75.11490808,51.10054983,12,1.833333333,1477.858844,15.08888889,13,3.080000002,0,0,0,16.28000002,0,0,3.799999994,0,0,0,20.91999998,14.68000001,0,0,0,0,41.24,0,0,0
52_30,0.328571429,298.3142857,0,0,1,0,0,1,1,0,0,401,222.423259,469.72273,128.0522745,54.21373581,13,1.538461538,1610.583638,15.09444444,14,0,0,0,0,18.19999998,0,0,0.800000003,0,0,0,8.519999994,38.07999998,0,0,0,0.800000077,33.59999996,0,0,0
52_31,0.447058824,235.0470588,0,0,1,1,0,9,0,0,4,447,205.9828433,482.0581444,122.6657753,52.51209729,40,1.425,3899.643206,8.744444444,14,4.440000005,0,0,0,0.4,0,0,0.880000003,0,0,0,41.24000002,19.20000005,0,0,0,13.91999992,19.92,0,0,0
52_32,0.561728395,174.0617284,25,0,51,9,3,6,26,6,9,502,215.4192462,362.6867062,142.1433409,46.18118727,21,1.714285714,2790.199757,7.583333333,14,0.519999996,0,0,0,3.559999998,0,0,18.64000005,0,0,0,1.999999979,69.27999996,0,0,0,3.880000003,0,2.120000011,0,0
52_33,0.563492063,195.5634921,2,0,8,1,0,7,3,0,4,573,157.2383489,379.0612341,171.7931254,35.41973983,23,1.608695652,3371.796817,6.544444444,14,0,0,0,0,0,0,0,15.35999997,0,0,0,3.280000032,69.56000002,0,0,0,6.639999997,1.279999997,3.879999984,0,0
52_34,0.531531532,256.045045,0,0,1,4,0,4,0,0,1,389,115.3305486,293.2744835,112.5378149,33.51760924,14,1.5,1951.664201,5.388888889,14,2.68E-10,0,0,0,7.60E-09,0,0,2.599999987,0,0,33.64000003,32.16,22.79999997,0,0,0,0,8.800000003,0,0,0
52_35,0.431034483,318.6551724,4,1,3,1,0,6,3,4,4,393,102.7051019,214.4602124,81.35347114,42.64772782,28,1.25,3332.99822,3.538888889,13,4.280000024,0,0,0,8.839999991,0,0,0,0,0.720000001,2.199999961,31.71999997,21.68,0,0,0,20.16000003,9.360000001,1.040000024,0,0
52_36,0.166666667,360.7,9,0,3,4,1,12,25,1,3,23,43.17194243,10.13590046,6.566921428,45.201,18,1.833333333,2711.934512,3.622222222,13,5.959999975,0,0,0,1.000000005,0,0,0.88,53.16000007,0,0,7.76,0,0,0,0,2.959999968,0,28.27999998,0,0
52_37,0.448275862,297.3793103,1,0,15,0,5,5,5,0,9,134,43.37714145,66.96860294,36.83913396,45.17752156,20,1.9,2471.841096,4.011111111,12,0,0,0,0,1.159999995,0,0,12.84000001,62.11999992,1.04,0,2.440000023,13.60000003,0,0,0,6.800000019,0,0,0,0
52_38,0.611111111,249.5277778,17,1,46,2,4,6,15,2,7,545,166.5370365,178.6701597,182.1093884,26.60050867,60,1.383333333,4676.95944,4.738888889,10,0.52,0,0,0,12.08000001,0,0,3.519999985,0,0,0,30.08000001,40.52000002,0,0,0,1.279999981,12,0,0,0
52_39,0.625,214.8916667,0,1,7,1,0,4,1,7,1,374,175.7191871,254.5190438,218.4806938,24.14556804,20,1.75,2510.516292,4.966666667,10,0,0,0,0,0.439999994,0,0,0,0,0,0,48.16,18.91999998,0,0,0,0,32.48000002,0,0,0
52_40,0.606557377,212.6229508,0,1,6,2,2,6,0,1,7,465,207.7990582,183.0283397,268.1089424,26.51137589,30,1.433333333,3097.585696,4.111111111,10,0,0,0,0,0.92,0,0,0,0,0,0,70.12000004,19.11999997,0,0,0,4.720000006,5.119999988,0,0,0
52_41,0.6,227.95,0,0,2,3,1,5,0,0,1,463,189.0679106,262.7600799,288.1400855,23.63209797,28,1.678571429,3013.919189,3.516666667,10,3,0,0,0,0,0,0,15.36000001,0,0,0,72.91999997,6.480000029,0,0,0,2.239999994,0,0,0,0
52_42,0.615384615,208.6923077,0,0,4,2,0,2,1,0,5,351,36.12459137,121.6901358,173.6779247,8.148022389,22,1.5,2682.777175,2.477777778,10,0,0,0,0,5.800000015,0,0,5.919999994,0,0,0,37.07999998,41.99999999,0,0,0,0,9.200000025,0,0,0
52_43,0.333333333,258.3333333,0,1,2,2,0,1,1,0,0,176,29.3680799,43.09394372,227.9090364,7.817383925,17,1.647058824,2007.64249,1.838888889,9,1.16,0,0,0,15.35999999,0,0,6.64000001,0,0,0,12.44,38.36000001,0,0,0,0,26.03999999,0,0,0
52_44,0.35,290.3,0,0,3,1,2,3,0,0,1,328,11.30888936,65.52755759,198.8031359,6.335316531,18,1.722222222,2692.096856,1.105555556,8,0,0,0,0,2.839999996,0,0,2.87999999,0,0,0,29.75999999,57.88000003,0,0,0,0.680000002,5.959999986,0,0,0
52_45,0.272727273,277.1363636,1,0,8,1,2,6,2,0,1,344,49.54149801,126.184867,211.652555,11.07265031,20,1.5,2627.184594,1.377777778,7,0,0,0,0,0,0,0,1.480000014,0,0,0,33.28000004,64.83999995,0,0,0,0.4,0,0,0,0
52_46,0.625,215.53125,0,0,6,1,0,5,3,0,2,635,67.05196136,271.0091679,224.1133588,13.9759523,36,1.5,3719.772583,2.5,7,0,0,0,0,0.480000003,0,0,23.44,0,0,0.920000017,19.23999996,51.64000002,0,0,0,0,4.280000003,0,0,0
52_47,0.642335766,149.7591241,1,0,29,16,4,9,8,4,12,351,125.8128625,142.8779724,159.5084842,20.71431383,38,1.578947368,3604.431894,4.444444444,7,0,0,0,0,0.439999997,0,0,50.44000001,0,0,23.19999998,0.320000003,12.6,0,0,0,3.680000002,4.719999997,4.599999999,0,0
52_48,0.717514124,92.44632768,18,4,115,15,9,29,27,10,21,327,74.31270994,99.88042494,125.5254271,18.02248188,48,1.604166667,4113.369886,7.327777778,6,0,0,2.280000007,0,3.520000003,0,0,21.19999995,3.159999999,0,0,12.32000003,40.92,0,0,0,16.60000001,0,0,0,0
52_49,0.75,81.98958333,7,8,21,6,4,9,0,0,6,284,21.65211474,50.31130769,89.94594016,14.38938713,19,1.368421053,2204.387373,6.661111111,6,0,0,0.279999996,0,0.800000003,0,0,2.32,0,0,29.44,22.15999996,27.68000004,0,0,0,17.31999999,0,0,0,0
52_5,0,678.3333333,0,0,1,1,1,3,0,0,3,28,10.64198446,5.020706905,3.98703927,7.649054065,3,1.666666667,1035.590391,0.166666667,4,70.48000006,0,0,0,8.4,6.359999967,0,0,0,0,0,14.75999997,0,0,0,0,0,0,0,0,0
52_50,0.783783784,87,0,0,3,3,0,2,0,4,8,280,23.13992979,111.0558361,163.3937431,6.774904144,31,1.483870968,3299.748667,4.177777778,6,0.36,0,0,0,1.040000003,0,0,2.8,0,0,0,50.84000001,24.39999998,0,0,0,16.28,4.280000009,0,0,0
52_51,0.375,173.75,0,0,3,0,0,3,0,0,1,209,24.18494317,80.50508344,145.1811533,4.28321891,12,1.75,1748.106322,1.061111111,6,0.92,0,0,0,8.119999994,0,0,0.039999998,0,0,0,68.12000004,4.519999983,0,0,0,3.719999993,14.55999999,0,0,0
52_52,0.529411765,243.2941176,0,0,10,2,0,2,0,0,2,438,26.28447096,154.6271451,208.0448773,4.034189234,14,1.714285714,2696.156179,2.044444444,6,0,0,0,0,3.519999994,0,0,5.160000013,0,0,0,64.55999994,26.76000006,0,0,0,0,0,0,0,0
52_53,0.573770492,277.1803279,1,0,17,0,0,11,3,0,4,486,34.20328531,227.7736403,248.2646539,9.269564751,23,1.565217391,3005.626495,2.566666667,4,0,0,0,0,0.480000004,0,0,9.479999987,0,0,0,0,90.04000001,0,0,0,0,0,3.28E-10,0,0
52_54,0.511811024,349.8661417,0,0,9,1,1,5,1,0,5,580,66.79346193,276.4135416,188.0581059,18.06564908,24,1.666666667,3386.342342,2.305555556,4,10.44000003,0,0,0,0.319999996,0,0,5.76,0,0,0,21.52,61.51999996,0,0,0,0,0.440000012,0,0,0
52_55,0.214285714,425.4285714,0,0,1,1,0,0,0,0,0,49,34.28957927,25.13044573,26.8573291,15.46630573,2,2,474.8843444,1.544444444,4,77.28000002,0,0,0,5.000000012,2.039999999,0,0,0,0,0,5.640000009,9.199999973,0,0,0,0,0.839999988,0,0,0
52_56,0,450,0,0,0,0,1,0,0,0,0,17,36.46051815,9.246041066,9.638148528,17.00404603,0,1,1246.553866,0.333333333,4,76.00000002,0,0,0,6.959999985,6.360000002,0,0,0,0,0,10.67999999,0,0,0,0,0,0,0,0,0
52_6,0,624.4,0,0,0,0,1,0,0,0,2,14,17.07004273,28.47030609,21.94159874,7.154173242,3,2,823.1767914,0.3,4,88.91999997,0,0,0,2.440000004,5.240000006,0,0,0,0,0,3.400000022,0,0,0,0,0,0,0,0,0
52_7,0,623.4444444,0,1,2,0,0,1,0,0,5,170,29.02378473,73.67868144,56.60098172,6.221319721,26,1.384615385,2323.27323,0.333333333,4,43.51999997,0,0,0,1.959999996,0.879999995,0,0,0,0,0,53.64000004,0,0,0,0,0,0,0,0,0
52_8,0,599,0,0,0,0,0,2,1,0,1,27,11.19254697,6.241949972,4.900041686,7.612844896,6,1.5,988.898568,0.4,6,75.64000004,0,0,0,0,8.000000001,0,0,0,1.4,0,14.95999995,0,0,0,0,0,0,0,0,0
52_9,0,514,0,0,1,1,0,3,0,0,2,19,11.32055371,6.183809625,5.168880649,7.602855427,2,2,457.0170618,0.727777778,6,76.31999998,0,0,0,3.040000009,1.440000009,0,0,0,2.92,0,16.28,0,0,0,0,0,0,0,0,0
53_10,0.037037037,455.7407407,0,0,3,2,1,5,4,0,5,194,59.83963744,45.19991162,71.73361484,18.70780761,28,1.642857143,4129.623478,1.127777778,8,22.39999991,0,16.6,0,3.200000007,0,0,13.60000003,0,0,0.120000001,12.04000003,13.28000002,0,0,0,7.800000008,0,10.96,0,0
53_11,0.098360656,422.1147541,5,0,15,6,3,6,5,0,3,493,68.59901692,203.3081133,197.0794946,17.62418611,54,1.5,4363.137976,1.666666667,8,0.08,0,0.519999995,0,0.399999994,0,0,55.71999999,1.440000003,0,2.000000002,5.519999974,24.52000003,0,0,0,2.719999992,0,7.080000025,0,0
53_12,0.075,376.7,4,0,13,4,6,10,21,3,5,510,85.89999085,208.2006369,207.4186911,10.97370231,58,1.362068966,3982.996637,2.2,8,2.12,0,0,0,0,0,0,35.40000001,0,0,0,0,37.00000003,0,0,0,0,0,25.47999996,0,0
53_13,0.285714286,366.5,0,0,9,1,0,3,0,0,5,630,143.7118822,330.8636122,254.2363675,12.88800022,29,1.586206897,3619.26601,2.216666667,9,0,0,0,0,0,0,0,2.559999974,0,0,0,0,97.44000003,0,0,0,0,0,0,0,0
53_14,0.382352941,303.0588235,0,1,3,3,0,3,0,1,6,439,44.02956921,214.7045091,233.7188756,4.323667309,22,1.409090909,2907.233184,1.788888889,9,0,0,0,0,1.4,0,0,0,0,0,0,22.76000001,71.23999999,0,0,0,0,4.6,0,0,0
53_15,0.333333333,299.1428571,0,0,4,1,0,2,0,0,3,414,38.31402176,177.039648,186.1842746,3.083316782,25,1.48,2940.893324,1.311111111,9,0.72,0,0,0,3.88,0,0,0,0,0,0,37.20000005,58.19999995,0,0,0,0,0,0,0,0
53_16,0.363636364,253.6363636,0,0,8,1,0,4,4,0,5,308,21.11089042,126.4382987,148.2687132,3.532713179,21,1.523809524,2572.885265,0.85,9,0,0,0,0,7.080000001,0,0,0,0,0,0,64.24,22.71999996,0,0,0,0,5.960000039,0,0,0
53_17,0.363636364,302.7272727,0,0,2,2,1,1,0,1,4,114,9.295689347,55.28383328,71.37781471,4.287,8,2.125,1391.12427,1.405555556,10,0.400000001,0,0,0.28,9.200000031,0,0,0,0,0,0,63.96000001,0.520000001,0,0,0,0,25.63999996,0,0,0
53_18,0.269230769,362.9807692,0,0,1,5,0,2,0,2,2,271,58.74869724,116.7963706,169.8734482,7.006175645,19,1.421052632,1782.322094,2.166666667,10,0,0,0,0,10.75999997,0,0,11.52000002,0,0,24.12,32.47999995,17.92000006,0,0,0,0,3.199999993,0,0,0
53_19,0.074626866,392.0149254,3,0,13,5,0,3,2,0,7,542,145.6942743,255.4317443,241.5887324,18.26684684,32,1.3125,3185.002623,4.605555556,11,0,0,0,0,5.68,0,0,4.159999976,0,0,0,43.12000007,47.03999995,0,0,0,0,0,0,0,0
53_20,0.053571429,407.8511905,3,2,6,4,0,7,5,2,9,356,349.091966,219.1803236,164.2736913,39.56669825,19,1.631578947,2375.792252,6.033333333,12,0,0,0,0,8.480000018,0,0,10.96000002,0,0,0,37.27999994,9.840000009,0,0,0,0,33.44000001,0,0,0
53_21,0.098130841,369.7757009,11,0,40,11,4,7,8,0,13,619,308.3597921,285.3892279,229.3415976,34.65320729,47,1.595744681,4266.401984,6.677777778,12,1.08,0,0,0,1.599999983,0,0,9.919999998,0,0,0,42.36000003,33.55999997,0,0,0,8.040000018,1.719999985,1.720000017,0,0
53_22,0.236363636,310.0909091,3,0,18,0,7,8,8,1,5,589,302.0024043,271.0806553,216.9195502,31.76676052,25,1.72,3500.298611,6.311111111,12,2.240000001,0,0,0,8.800000018,0,0,17.19999999,4.040000003,1.440000004,0,39.44000001,12.68,0,0,0,11.55999998,0.840000008,1.759999981,0,0
53_23,0.358974359,258.3717949,1,0,3,4,1,0,0,0,3,594,257.9477863,283.7883886,185.8275754,29.4848593,39,1.256410256,2999.15715,4.827777778,12,0,0,0,0,12.39999999,0,0,0,0,2.959999998,0,64.76,14.72,0,0,0,0,5.16000001,0,0,0
53_24,0.449275362,233.4202899,0,1,1,0,0,7,0,0,0,161,204.8796166,145.9138327,80.36862613,35.75551812,15,1.533333333,1665.481466,4.161111111,13,13.2,0,0,0,14.47999999,0.359999999,0,0,5.52,1.999999998,0,62.88000003,0,0,0,0,0,1.559999982,0,0,0
53_25,0.615384615,231.8205128,11,0,26,7,4,11,19,5,15,405,193.653321,162.7282989,150.890562,40.76828316,31,1.548387097,3707.267458,4.172222222,13,0,0,0,0,0,0,0,10.92000003,0,0,0,65.11999994,3.079999997,0,0,0,14.80000001,0,6.080000026,0,0
53_26,0.427350427,251.008547,5,0,7,9,2,5,7,0,7,301,175.2889046,267.774388,121.3603964,40.65443568,29,1.379310345,2523.408748,4.594444444,14,0,0,0,0,0.44,0,0,25.39999998,0,0,0,19.55999999,5.920000013,0,0,0,9.879999998,31.04000003,7.75999999,0,0
53_27,0.307692308,280.9519231,3,2,16,1,3,3,6,2,2,694,211.0871327,427.461363,224.9713039,40.12161085,40,1.325,3534.888222,5.272222222,14,0,0,0,0,0,0,0,1.000000009,0,0,0,1.679999987,85.68000006,0,0,0,0.960000001,7.759999961,2.919999984,0,0
53_28,0.28,307.568,1,0,6,4,1,4,0,0,0,624,223.6345606,416.2838025,212.362635,44.64633769,29,1.586206897,3167.723068,6.794444444,13,1.56,0,0,0,0,0,0,9.35999999,0,0,0,22.28000002,52.75999996,0,0,0,0,14.04000003,0,0,0
53_29,0.361842105,278.4276316,2,1,9,11,1,11,5,0,8,551,209.4693132,392.1699098,127.4037414,45.92567263,38,1.526315789,3653.841561,8.777777778,13,9.92,0,0,0,1.600000002,0,0,36.88000006,0,0,0,12.23999998,35.95999999,0,0,0,0,3.39999997,0,0,0
53_30,0.32183908,325.1915709,2,0,14,10,1,8,7,0,3,624,348.2743699,485.273952,253.5751133,44.48458433,34,1.382352941,3729.294745,8.455555556,14,0,0,0,0,1.120000003,0,0,61.23999994,0,0,0,4.60E-09,32.67999998,0,0,0,4.880000069,0.080000002,0,0,0
53_31,0.445859873,281.9808917,2,2,16,2,11,6,6,0,12,309,132.0410391,261.2844821,68.39990373,38.30215652,39,1.41025641,3608.799864,7.961111111,14,2.720000015,0,0.559999998,0,4.240000038,0,0,12.76,15.96,3.28,0,16.4,15.80000001,0,0,0,16.91999993,8.32,3.039999996,0,0
53_32,0.553191489,229.6968085,5,1,13,1,1,5,5,1,7,382,72.85435493,235.8087711,89.32074851,34.54042468,26,1.461538462,2180.617747,5.816666667,14,3.159999984,0,0,0,10.63999996,0,0,0,0,0,0,36.08000003,11.04000003,0,0,0,2.799999994,34.92,1.360000006,0,0
53_33,0.557251908,232.1450382,3,0,7,1,0,3,2,3,4,452,71.30691257,316.9924157,153.3124492,29.62207041,19,1.684210526,3110.371569,5.744444444,14,0,0,0,0,0,0,0,20.84000007,0,0,0,13.27999997,50.11999996,0,0,0,0,13.52,2.239999999,0,0
53_34,0.454545455,304.4886364,0,0,0,1,1,3,0,0,4,504,88.02863159,413.4605131,186.6622277,27.42344212,15,1.666666667,2926.321638,5.933333333,14,0,0,0,0,0,0,0,15.99999993,0,0,14.04000003,34.64000006,35.31999999,0,0,0,0,0,0,0,0
53_35,0.363636364,357.75,0,0,3,4,1,7,5,0,4,430,215.8853275,347.8574076,168.954581,53.7759911,34,1.176470588,2665.955897,4.322222222,13,0.56,0.52,0,0,14.56,0,0,0,0,0,2.719999983,56.55999995,13.67999999,0,0,0,3.840000043,7.560000036,0,0,0
53_36,0.25,405.3181818,6,0,35,3,9,7,8,2,2,22,57.20186504,23.3903871,13.62388438,46.49879317,20,1.85,3423.853335,3.494444444,12,13.04000002,0,0,0,0.519999999,0,0,4.56,47.48000006,0,0,0.479999999,0,0,0,0,22.23999996,3.439999963,8.239999999,0,0
53_37,0.414634146,337.9268293,0,3,14,1,10,7,4,0,1,34,45.44199144,12.55431903,8.41380178,44.94126579,20,1.75,3589.65057,3.105555556,11,1.119999979,0,0,0,0.88,0.280000009,0,19.48000003,70.91999997,0.96,0,0,0,0,0,0,6.360000003,0,0,0,0
53_38,0.445945946,323.7905405,1,1,1,5,3,4,2,1,8,522,168.9597638,153.1688467,183.9273143,35.0494417,42,1.476190476,3726.28491,3.427777778,11,0,0,0,0,0,0.439999991,0,39.27999997,10.07999997,0.799999999,0,0,39.08000008,0,0,0,0.079999997,10.24,0,0,0
53_39,0.32967033,333.7032967,4,0,8,3,0,6,2,0,6,750,201.475658,339.5828363,217.1689207,35.4457248,55,1.563636364,4639.057384,3.961111111,10,1.56,0,0,0,0,0,0,11.16,0,0,0,9.320000014,77.15999998,0,0,0,0.760000005,0.040000001,0,0,0
53_40,0.409090909,266.6818182,1,0,6,2,0,4,0,0,9,328,185.5802318,132.0941072,142.6741687,33.25958805,24,1.458333333,2514.036271,2.616666667,10,0,0,0,0,10.20000001,0,0,0,0,0,0,28.96000002,27.15999995,0,0,0,7.359999995,26.32000003,0,0,0
53_41,0.375,261.15625,0,0,6,1,0,2,1,3,0,251,94.21648104,160.9622602,132.5582181,17.82053885,26,1.346153846,1942.810861,1.738888889,10,0,0,0,0,12.64,0,0,0,0,0,0,45.44000003,7.920000016,0,0,0,0,33.99999996,0,0,0
53_42,0.4,259.8,0,0,3,1,0,5,0,2,10,228,15.24933647,57.86799313,159.8459175,6.238210478,23,1.47826087,2235.500986,1.233333333,9,7.080000017,0,0,0,13.72,0,0,0,0,0,0,49.19999996,8.999999989,0,0,0,0,21.00000003,0,0,0
53_43,0,336.3333333,0,0,0,0,0,0,0,0,4,0,14.37846625,35.40308379,83.99450472,6.300035972,0,0,0,1.061111111,9,3.719999981,0,0,0,30.60000003,0,0,0,0,0.72,0,0,0,0,0,0,0,64.95999999,0,0,0
53_44,0.307692308,333.5384615,0,0,1,1,0,2,0,0,6,154,24.57030169,46.74454282,79.97128978,7.150688997,8,1.625,1475.126496,0.844444444,8,0.920000004,0,0,0,18.07999996,0,0,0,0,0,0,23.96,28.88000005,0,0,0,7.360000002,20.79999998,0,0,0
53_45,0.333333333,272.7222222,0,0,2,1,0,1,0,0,4,134,49.01391101,56.95270481,93.78213419,8.800600225,8,1.75,1425.840744,0.905555556,7,30.28000001,0,0,0,6.520000017,0,0,0,0,0,0,6.799999997,33.27999997,0,0,0,8.599999999,14.52000001,0,0,0
53_46,0.347826087,233.9130435,0,0,2,1,1,2,0,0,3,260,64.71668335,131.9156378,133.8379543,10.96271094,18,1.611111111,1645.922893,1.905555556,6,16.12,0,0,0,25.04,0,0,1.639999996,0,0,2.18E-09,19.44000004,18.79999997,0,0,0,7.52,11.44,0,0,0
53_47,0.515151515,159.3030303,0,0,16,2,6,5,5,2,4,305,100.0429717,171.0197558,111.0338683,18.94585545,21,1.571428571,2926.661765,4.3,6,9.519999987,0,0,0,1.4,0,0,0.879999997,13.96000002,0,0.359999996,34.96,17.40000001,0,0,0,8,13.51999999,0,0,0
53_48,0.608163265,140.6,2,1,12,1,5,4,4,3,7,162,53.22168684,123.9835878,83.55783538,19.18535351,11,1.636363636,1319.222784,7.105555556,6,0,0,0,0,17.56,0,0,4.840000003,12.99999997,0,1.32E-09,22.20000004,0.799999991,0,0,0,1.759999996,39.84,0,0,0
53_49,0.592,199.032,0,1,5,4,0,6,2,2,3,146,57.96246671,77.53248566,108.076656,19.54989577,9,1.888888889,2431.930596,5.111111111,6,2.24,0,0,0,3.88,0,0,0,0,0,38.71999999,53.88,1.240000004,0,0,0,0,0.039999999,0,0,0
53_5,0,668.75,0,0,0,1,0,0,0,0,0,18,5.079972561,4.967946428,4.513802675,7.91845478,6,1.833333333,905.7530612,0.172222222,3,72.84000003,0,0,0,12.56,3.199999987,0,0,0,0,0,11.39999998,0,0,0,0,0,0,0,0,0
53_50,0.72,209.32,0,0,8,2,2,3,0,0,2,303,13.91238542,131.9231263,186.7484957,5.044929141,7,2.142857143,2223.539541,5.127777778,6,0,0,0,0,0.600000004,0,0,18.28000002,0,0,0,75.83999998,0.999999993,0,0,0,4.280000006,0,0,0,0
53_51,0.5,158.5,0,0,0,0,0,0,0,0,6,82,11.83275397,53.85560707,100.6101305,3.708065772,8,1.625,1006.454662,1.027777778,6,0.320000004,0,0,0,27.28000001,0,0,2.679999978,0,0,0,21.39999997,0,0,0,0,2.119999994,46.20000004,0,0,0
53_52,0.5,296.5,1,2,2,0,0,4,0,1,1,148,17.53996782,60.92848987,130.5286629,3.550358212,11,1.727272727,1821.735897,1.155555556,5,0.199999996,0,0,0,13.07999999,0,0,1.200000008,0,3.8,0,32.36000001,20.80000005,0,0,0,0,28.55999995,0,0,0
53_53,0.575757576,315.1818182,0,0,5,4,0,4,4,0,4,445,18.48936366,164.3511963,223.0496016,4.459874364,27,1.666666667,3679.80394,1.911111111,4,1.24,0,0,0,0.759999995,0,0,12.27999999,0,0,0,0.319999993,85.40000002,0,0,0,0,0,0,0,0
53_54,0.488888889,345.0444444,0,0,7,2,1,3,1,0,0,528,58.75380132,290.3950441,207.4530168,7.862881182,28,1.571428571,3161.799984,1.855555556,4,0.12,0,0,0,1.88,0,0,0,0,0,0,0,98,0,0,0,0,0,0,0,0
53_55,0.25,452.5,0,0,0,0,0,2,0,0,0,160,16.04115532,95.97958626,95.95489223,7.230683055,17,1.352941176,1905.956057,1.322222222,4,52.80000006,0,0,0,0.040000006,1.760000001,0,0,0,0,0,14.72,30.67999994,0,0,0,0,0,0,0,0
53_56,0.05,508.75,0,0,0,0,1,0,0,0,0,7,15.62697926,2.39609499,4.492678106,7.223,1,5,1394.506014,0.233333333,4,70.64,0,0,16.56,6.279999997,0,0,0,0,0,0,6.52,0,0,0,0,0,0,0,0,0
53_57,0,575,0,0,0,1,0,0,0,0,1,6,9.181597794,1.762946173,3.053749981,11.12416642,3,1.666666667,887.5441672,0.144444444,4,66.43999996,0,0,10,18.60000004,1.599999998,0,0,0,1,0,2.359999998,0,0,0,0,0,0,0,0,0
53_6,0,624.1111111,0,0,2,0,0,0,1,2,4,34,8.325001912,11.06328552,15.87791385,7.737797189,7,1.714285714,1412.953012,0.238888889,4,81.35999993,0,0,0,0,0.560000004,0,0,0,0,0,12.64000006,0,0,0,0,0,5.44,0,0,0
53_7,0,635.5,2,1,11,6,1,7,5,1,8,477,21.7404478,138.4794493,210.9545844,6.738617896,39,1.512820513,3664.952162,0.25,4,2.959999964,0,0,0,0.44,0.319999997,0,0,0,2.00000001,0,91.00000003,0,0,0,0,0,3.28,0,0,0
53_8,0,638.9,0,0,2,1,0,3,1,0,1,252,20.96770722,76.92172861,110.246006,6.788014805,26,1.269230769,1782.806352,0.216666667,4,47.36000008,0,0,0,0.520000001,0.559999999,0,0,0,1.799999991,0,49.75999993,0,0,0,0,0,0,0,0,0
53_9,0,487.5,0,0,0,0,0,3,0,0,0,0,19.63797983,35.2270432,38.7639038,6.910340282,0,0,0,0.627777778,5,99.08,0,0,0,0.44,0,0,0,0,0.48,0,0,0,0,0,0,0,0,0,0,0
54_10,0,492.2068966,5,0,18,3,9,11,3,1,4,93,63.85414288,58.65500378,61.0056581,16.9246358,25,1.48,2560.018082,1.027777778,7,7.399999968,3.680000001,8.919999991,0,13.92,0,0,15.91999998,31.32000007,0,4.960000021,0,3.64,0,0,0,3.11999999,0,7.119999969,0,0
54_11,0,417.5357143,1,0,49,2,18,9,11,2,6,121,63.76247051,103.4795254,86.06593001,15.07860413,19,1.684210526,2495.107579,1.388888889,8,0,0,33.28000005,0,0.439999995,0,0,2.800000015,52.23999995,0,3.639999976,0,7.600000018,0,0,0,0,0,0,0,0
54_12,0.142857143,351.3142857,1,0,24,4,3,3,2,2,5,403,63.72199498,173.3566553,190.028132,9.719648294,56,1.285714286,3738.646487,1.488888889,8,0,0,4.879999956,0,1.480000014,0,0,19.95999999,7.479999999,0,0,0,66.20000004,0,0,0,0,0,0,0,0
54_13,0.28,310,0,0,5,3,0,2,1,0,3,482,56.08529226,246.0899711,255.5858869,4.496606451,12,2,3137.789746,1.427777778,9,0,0,0,0,4.120000014,0,0,18.24,0,0,0,2.720000014,74.91999997,0,0,0,0,0,0,0,0
54_14,0.548387097,272.516129,0,0,11,1,0,5,6,0,3,424,30.08537515,212.8065269,209.9334217,3.980834752,21,1.428571429,2669.6655,1.15,9,0,0,0,0,2.799999974,0,0,0,0,0,0,68.28000007,28.91999996,0,0,0,0,0,0,0,0
54_15,0.625,219.875,1,0,2,3,0,5,6,1,7,211,10.03409612,98.47244081,137.7002965,3.533552028,12,1.75,1998.158749,1.016666667,9,0.4,0,0,0,9.720000017,0,0,0,0,0,0,63.15999993,15.68000003,0,0,0,0,11.04000002,0,0,0
54_16,0.9,197.9,0,0,4,0,0,2,0,0,3,209,7.783961611,113.507408,131.5112846,3.611914713,17,1.705882353,2831.084056,0.694444444,9,0.96,0,0,0,17.55999998,0,0,0,0,0,0,41.48000003,21.00000001,0,0,0,0,18.99999998,0,0,0
54_17,0.3,280.25,0,0,7,1,0,4,0,1,1,363,16.22156528,141.1967059,211.7555314,3.402761258,17,1.823529412,3043.476636,1.311111111,9,0.279999999,0,0,0,5.360000015,0,0,7.32,0,0,0,36.32000001,50.71999998,0,0,0,0,0,0,0,0
54_18,0.215686275,318.1568627,0,1,5,1,0,6,0,3,6,205,46.11200797,80.73701618,160.4170609,4.796020896,18,1.611111111,2372.089626,1.655555556,10,0,0,0,0,13.2,0,0,0,0,7.840000028,0,46.03999996,18.80000001,0,0,0,0,14.12,0,0,0
54_19,0.161290323,357.8387097,0,0,2,4,1,4,0,1,4,238,71.85787793,86.23835477,184.168359,7.907915796,19,1.315789474,1872.778225,3.422222222,11,0,0,0,0,4.04,0,0,0,1.76,29.39999998,0,15.32000002,49.03999999,0,0,0,0.440000009,0,0,0,0
54_20,0.256944444,353.7638889,2,0,7,8,1,13,1,1,15,369,184.6867302,176.2087897,193.8873353,18.50235674,33,1.515151515,3725.254513,4.3,12,0,0,0,0,3.799999987,0,0,30.32000003,0,0.56,0,35.48000001,13.71999997,0,0,0,16.12000001,0,0,0,0
54_21,0.209677419,390.983871,2,0,17,2,8,6,5,0,6,431,182.96107,194.565972,287.5716724,19.2213888,26,1.538461538,3063.082041,4.511111111,12,1.240000006,0,0,0,9.159999999,0,0,27.43999996,10.36000001,0.68,0,22.75999999,19.08000005,0,0,0,9.279999985,0,0,0,0
54_22,0.03030303,377.8939394,3,1,9,3,2,3,1,0,10,823,143.1070803,277.8554677,221.595157,18.44711846,43,1.348837209,3962.889759,4.433333333,12,0.519999993,0,0,0,4.91E-10,0,0,8.919999993,4.079999991,0.44,0,58.24000007,14.07999995,0,0,0,0,13.72000001,0,0,0
54_23,0.075,396.7875,3,0,13,1,0,6,3,0,6,764,168.2584293,323.795817,243.7223592,20.48085557,30,1.533333333,3772.185641,3.011111111,12,0.52,0,0,0,8.240000011,0,0,0,0,0,0,45.91999997,43.28,0,0,0,0,2.040000018,0,0,0
54_24,0.129032258,318.8870968,0,0,5,1,0,2,0,0,6,843,155.6919488,264.7692345,219.3617899,22.80428775,58,1.327586207,5127.162894,3.166666667,12,0,0,0,0,3.11999999,0,0,4.440000006,0,0,0,32.11999995,51.36000007,0,0,0,0,8.959999988,0,0,0
54_25,0.381578947,276.8815789,7,0,19,4,0,5,9,1,6,760,143.1862719,312.974899,246.7171611,24.65963087,56,1.428571429,5188.65351,3.738888889,13,0.88,0,0,0,0,0,0,9.360000017,0,0,0,15.84,61.67999996,0,0,0,6.52,5.720000027,0,0,0
54_26,0.288659794,267.556701,4,1,19,0,1,4,9,1,10,543,134.9828471,294.0458569,228.0585671,24.45471353,36,1.416666667,3134.800565,3.927777778,12,0.48,0,0,0,0.44,0,0,13.95999998,0,0,0,10.27999999,50.64000005,0,0,0,0.440000002,23.75999998,0,0,0
54_27,0.411111111,280.3777778,7,0,23,5,3,8,7,4,5,787,136.6450125,312.559675,296.9022494,24.09007436,46,1.456521739,4408.457884,4.483333333,12,2.000000003,0,0,0,0,0,0,10.12000002,0,0,0,3.800000014,77.83999996,0,0,0,4.76,1.480000002,0,0,0
54_28,0.432432432,274.8108108,1,1,4,3,0,6,0,2,3,442,177.8173964,237.4593679,243.008913,37.66216188,40,1.35,3235.654846,4.522222222,13,0.44,0,0,0,0.04,0,0,6.719999987,0,0,0,38.31999999,38.16000003,0,0,0,5.439999996,10.88,0,0,0
54_29,0.642857143,248.3492063,0,0,4,2,1,5,2,0,7,481,259.1811265,293.1683976,200.3432793,44.36824439,36,1.5,3714.485749,6.511111111,13,3.119999997,0,0,0,0,0,0,7.800000022,0,0,0,18.56,65.35999998,0,0,0,5.160000001,0,0,0,0
54_30,0.550607287,287.2672065,5,0,26,4,6,8,13,5,5,434,335.5764983,358.895265,260.4627741,53.03780357,36,1.361111111,3378.383804,6.188888889,14,0,0,0,0,1.640000003,0,0,20.12000002,5.520000022,0,0,1.00E-17,43.23999994,0,0,0,12.76,16.72,6.15E-09,0,0
54_31,0.518867925,285.8773585,4,0,14,2,10,7,18,4,4,674,194.2495387,310.0269949,156.2045974,39.45876352,44,1.5,4333.443799,7.061111111,14,0,0,3.480000002,0,1.600000028,0,0,29.31999996,2.519999978,0,0,10.63999999,35.52000004,0,0,0,0.559999998,0,16.36,0,0
54_32,0.325842697,313.0786517,0,0,2,2,0,3,0,2,1,319,68.4354755,247.0771981,108.7331804,29.63814521,17,1.705882353,1902.960488,5.538888889,14,28.84,0,0,0,12.83999997,0,0,2.200000003,0,0,0,29.00000001,27.12000002,0,0,0,0,0,0,0,0
54_33,0.528301887,279.5566038,0,0,3,2,0,4,0,0,7,474,80.90465709,311.3907805,171.7470519,29.98937285,15,2.133333333,2988.408495,5.544444444,14,0,0,0,0,1.48,0,0,2.23999999,0,0,0,18.44,68.15999998,0,0,0,0,9.680000029,0,0,0
54_34,0.432926829,326.2743902,2,1,6,1,0,4,5,1,4,697,174.8326178,481.9673948,178.4288553,34.10056356,24,1.583333333,3124.584535,5.816666667,13,0,0,0,0,0.52,0,0,4.320000008,0,0,0,0.519999995,74.16000003,0,0,0,0,20.47999997,0,0,0
54_35,0.225274725,367.7142857,0,0,11,3,0,10,2,0,8,600,429.9796728,600.7698917,233.5677127,58.35982428,36,1.444444444,3775.608445,4.877777778,12,0,0,0,0,0.400000002,0,0,8.799999982,0,0,0,45.00000005,45.79999996,0,0,0,0,9.88E-18,0,0,0
54_36,0.186046512,408.6511628,0,0,0,0,5,5,2,0,11,74,107.1766092,65.33631204,36.76581651,51.10652403,13,1.846153846,2258.441038,4.138888889,12,16.12,0,0,0,4.920000006,0,0,0.56,20.16000005,3.48,0,14.39999995,1.599999976,0,0,0,27.20000001,11.2,0.360000001,0,0
54_37,0.148148148,387.4444444,0,1,0,1,2,3,0,0,2,20,53.04365814,13.73566631,8.613320873,45.97546791,12,2.416666667,3396.570153,3.672222222,11,0.079999999,0,0,0,0.679999994,0,0,8.280000002,85.11999998,0,0,0,0,0,0,0,2.279999995,0,3.560000029,0,0
54_38,0.307692308,367.7076923,8,0,18,2,12,11,11,3,8,130,191.4229029,81.32491657,51.30447896,40.32666766,30,1.5,2980.655266,3.733333333,11,0,0,0,0,0,0,0,20.88000002,44.27999997,1.8,0,0,5.760000039,0,0,0,8.919999997,1.280000002,17.07999997,0,0
54_39,0.394366197,335.5633803,5,0,10,3,2,4,3,1,9,407,170.3597448,161.8420187,106.589189,33.0991989,33,1.545454545,3462.580223,3.694444444,10,0,0,0,0,6.560000016,0,0,11.27999996,0.559999989,0,0,2.800000002,43.87999997,0,0,0,8.279999995,26.64000006,0,0,0
54_4,0,750,0,1,2,0,1,2,1,0,2,37,3.363105893,3.772339583,3.672617898,10.21481543,5,1.8,1270.533405,0.122222222,2,62.15999995,0,0,0,9.119999987,2.48,0,0,0,1.120000006,0,24.96000004,0,0,0,0,0.039999998,0.120000015,0,0,0
54_40,0.342105263,331.1842105,0,1,0,0,0,1,0,2,0,11,97.73654791,59.4266184,55.94884131,25.56005523,1,2,184.2326171,2.127777778,10,0,0,0,0,50.40000002,0,0,0,0,2.44,0,0.759999997,0,0,0,0,0,46.39999998,0,0,0
54_41,0.222222222,357.8333333,0,0,0,0,0,0,0,0,0,0,25.94393809,44.54376794,62.73479013,12.00129087,0,0,0,1.488888889,9,0,0,0,0,25.47999999,0,0,0,0,0,0,0,0,0,0,0,0,74.52000001,0,0,0
54_42,0.361111111,290.1666667,1,2,1,1,0,5,0,2,6,149,26.12069825,50.47812006,86.874819,11.88870112,14,1.285714286,1510.3583,1.411111111,9,3.800000001,0,0,0,22.27999999,0,0,0,0,5.400000023,0,13.92,36.04000003,0,0,0,2.44000001,16.11999995,0,0,0
54_43,0.060606061,358.7878788,0,1,0,0,1,1,1,0,10,138,39.25449574,51.86150359,137.1231313,9.516715168,7,1.571428571,1000.286771,1.344444444,8,5.520000002,0,0,0,14.79999999,0,0,0,0,6.360000012,0,0,29.27999993,0,0,0,9.759999999,34.28000006,0,0,0
54_44,0.071428571,377.4285714,0,1,1,0,0,1,0,0,4,28,51.0732557,36.74665611,85.95785192,8.699125361,4,2,1031.43842,1.305555556,7,9.680000001,0,0,0,19.44000001,0,0,0,0,0,0,4.560000004,5.480000001,0,0,0,1.319999995,59.51999999,0,0,0
54_45,0.19047619,366,1,1,0,0,0,1,0,1,4,8,52.12982012,49.85573648,47.32979681,8.52152016,1,1,78.09437943,1.383333333,6,5.68,0,0,0,32.08000003,0,0,0,0,0.4,0,8.200000001,0,0,0,0,0,53.63999997,0,0,0
54_46,0.166666667,283.6111111,0,1,2,0,0,3,0,0,0,230,64.6304198,86.01705384,156.2248635,9.450019234,20,1.3,2123.560158,2.105555556,6,0.479999998,0,0,0,34.27999998,0,0,13.16,0,0.4,0,33.92000003,0,0,0,0,0,17.75999999,0,0,0
54_47,0.64516129,210.8870968,4,0,28,1,5,7,10,1,6,468,65.12800685,158.9709171,165.6470889,13.3023881,38,1.394736842,3351.199194,3.761111111,6,0.120000001,0,0,0,6.839999981,0,0,4.920000004,8.960000014,0,0.320000005,49.8,29.04,0,0,0,0,0,0,0,0
54_48,0.4875,210.4625,0,1,3,0,0,5,0,0,3,151,72.69350142,101.0214152,90.73426878,20.07623804,9,1.333333333,1049.850442,7.016666667,6,0,0,0,0,23.16000001,0,0,0,1.479999981,0,0.319999994,39.44000001,16.60000001,0,0,0,0,19.00000001,0,0,0
54_49,0.62371134,206.0618557,1,0,5,3,0,2,0,0,7,479,71.42910009,169.3484387,193.377708,12.27640016,22,1.454545455,2975.124373,6.427777778,5,0,0,0,0,0.159999995,0,0,0.240000004,0,0,3.320000004,20.11999995,76.16000005,0,0,0,0,0,0,0,0
54_5,0,694.75,0,0,0,0,0,0,0,1,0,117,4.304818863,4.960593428,4.587215428,7.956,38,1.421052632,2663.343614,0.2,3,69.68000002,0,0,0,3.320000004,1.72,0,0,9.60E-11,1.079999998,0,19.96,0,0,0,0,0,4.239999984,0,0,0
54_50,0.5,256.0757576,4,1,13,1,0,3,5,0,9,446,36.61456451,151.1235461,226.0997527,6.563866881,21,1.904761905,3561.02904,5.066666667,6,0,0,0,0,0,0,0,20.40000001,0,0,0,6.880000017,72.71999997,0,0,0,0,0,0,0,0
54_51,0.666666667,201.3333333,0,0,0,7,1,3,0,0,4,227,24.50720439,71.97978586,156.3190735,5.891473275,14,1.857142857,2922.506057,1.183333333,5,18.20000002,0,0,0,6.200000006,0,0,7.599999975,0,0,0,23.88000001,29.59999997,0,0,0,6.44,8.080000017,0,0,0
54_52,0.5,239.5,0,0,2,0,0,1,0,0,0,26,15.97779312,13.53749823,54.45235354,4.812682284,2,3,1112.751657,0.461111111,5,48.36,0,0,0,17.40000001,0,0,0,0,0,0,14.47999998,2.560000013,0,0,0,0,17.2,0,0,0
54_53,0.25,306,2,0,2,1,4,2,6,0,4,184,15.98059991,45.67023548,119.7748282,4.757040922,16,1.75,2587.812608,0.638888889,4,44.75999996,0,0,0,8.359999984,0,0,16.24,0,0,0,0.440000007,29.64000005,0,0,0,0,0.559999996,0,0,0
54_54,0,392,1,1,9,2,1,4,4,0,5,577,15.64062918,297.6639868,138.4468817,7.16397465,43,1.558139535,4248.730718,0.638888889,4,2.079999998,0,0,0,0.48,0,0,27.00000003,0,0,0,3.4,60.91999995,0,0,0,0,6.120000024,0,0,0
54_55,0,444.6363636,0,0,1,2,0,0,1,1,0,105,15.62697926,63.85211482,27.68265322,7.223,6,1.5,1194.700166,0.577777778,4,63.60000007,0,0,0,0.64,12.12,0,4.719999969,0,0.72,0,15.19999999,7.96E-10,0,0,0,0,2.999999976,0,0,0
54_56,0,522,0,0,0,0,0,0,0,0,0,3,14.54794954,5.904747619,5.848321084,7.876099361,0,1,285.1554796,0.272222222,4,83.79999999,0,0,0,11.44,1.4,0,0,0,0,0,3.360000009,0,0,0,0,0,0,0,0,0
54_6,0,662.25,0,0,1,0,0,0,0,0,0,19,4.304818863,10.07013129,20.04888578,7.956,3,1.666666667,240.0132299,0.222222222,4,86.36000005,0,0,0,3.399999996,2.799999999,0,0,0,0.719999996,0,6.719999961,0,0,0,0,0,0,0,0,0
54_7,0,577.3333333,0,0,0,2,0,1,1,0,3,71,4.459806403,25.33983221,64.18958584,7.944987588,6,1.5,766.806954,0.3,4,34.27999991,0,0,0,17.08,0,0,0,0.240000015,0,0,24.36000005,0,0,0,0,0,24.04000002,0,0,0
54_8,0,553.3333333,0,0,1,1,0,0,0,0,2,78,4.304818863,20.53518968,36.57092049,7.956,8,1.75,1009.78447,0.366666667,4,64.60000007,0,0,0,1.440000006,3.16,0,0,6.199999989,7.29E-10,0,24.31999994,0,0,0,0,0,0.279999991,0,0,0
54_9,0.125,491.75,0,0,1,3,0,2,4,1,0,7,19.5000582,34.18465661,46.66099673,7.776022616,6,1.666666667,792.3768186,0.655555556,6,76.27999994,0,3.36000001,0,1.359999998,2.48E-10,0,4.040000011,0,0,0,1.24E-09,0,0,0,0,6.000000011,0,8.960000031,0,0
55_10,0,521.7142857,3,0,8,1,5,9,0,0,5,46,23.76116418,27.17149035,39.54788128,3.256451918,18,1.777777778,2365.771658,0.794444444,7,16.47999999,1.119999999,7.76,0,17.84,0,0,2.399999996,43.64000009,1.440000002,0,0,9.319999922,0,0,0,0,0,0,0,0
55_11,0,442.4074074,1,0,16,1,14,7,10,2,3,32,42.42002592,48.77092382,61.38074902,8.981006476,10,1.6,1401.629005,0.883333333,7,4.24000004,0,0.360000004,0,18.32000003,0,0,4.24000001,55.35999991,0,0,0,0,0,0,0,0,17.48,0,0,0
55_12,0.117647059,329.8823529,0,0,6,1,1,4,0,2,2,375,64.20963951,170.7468426,192.2274941,7.198411463,20,1.8,2867.531686,1.061111111,8,2.95999996,0,0.279999994,0,5.999999971,0,0,24.59999999,0.039999998,0,0.120000007,0,65.40000008,0,0,0,0,0.6,0,0,0
55_13,0.714285714,255.0357143,0,0,0,2,0,6,0,0,4,204,64.87264748,123.3633614,214.139044,5.406588852,31,1.516129032,3214.089226,1.133333333,8,0,0,0,0,0.840000002,0,0,0,0,0,28.56,11.80000002,58.79999998,0,0,0,0,0,0,0,0
55_14,0.7,245.7,0,0,0,0,0,2,0,0,1,221,19.65212864,98.98504512,152.6419175,4.39635099,15,1.466666667,2244.522039,1.083333333,9,0,0,0,0,4.040000008,0,0,0,0,0,0,38.16000005,57.79999995,0,0,0,0,0,0,0,0
55_15,0.842105263,155.1052632,0,0,0,3,0,2,0,4,4,198,10.05929063,106.8998933,123.8017757,3.685195777,9,1.777777778,1763.778495,1.044444444,9,0.040000011,0,0,0,10.20000001,0.4,0,0,0,0,0,62.75999997,3.240000003,0,0,0,0,23.36,0,0,0
55_16,0.882352941,143.2352941,0,0,1,1,0,2,0,0,4,252,11.98373916,119.9660446,125.686096,3.797451069,19,1.736842105,2619.653543,0.872222222,9,0.479999989,0,0,0,2.999999977,0,0,0,0,0,0,81.75999999,8.560000033,0,0,0,5.88000001,0.319999999,0,0,0
55_17,0.777777778,204.5,1,0,5,6,0,4,1,0,4,326,18.60900981,168.9106666,199.6177409,3.277577699,20,1.6,2571.274605,1.2,9,0,0,0,0,0.839999998,0,0,0,0,0,0,54.16000002,33.87999998,0,0,0,11.12,0,0,0,0
55_18,0.714285714,224.6785714,6,0,19,9,1,2,14,0,6,286,36.79201923,130.837662,309.3531544,5.351683065,25,1.76,3173.629732,1.261111111,9,1.64,0,0,0,10.92,0,0,9.4,0,4.720000008,0,43.59999999,16.76,0,0,0,12.96,0,0,0,0
55_19,0.418604651,270.4883721,1,0,7,1,1,5,4,0,3,405,52.15209324,172.4036709,249.7906115,6.689082725,22,1.636363636,3024.574795,2.344444444,9,0.92,0,0,0,2.359999993,0,0,0,0.08,7.439999981,0,25.48000002,51.32000001,0,0,0,12.4,0,0,0,0
55_2,0,833,0,0,0,0,0,0,0,0,1,18,1.650575891,1.611468465,2.009398042,14.32253117,1,4,814.5820801,0.016666667,2,71.16000001,0,0,12.56,0.680000004,2.639999999,0,0,0,0,0,12.95999999,0,0,0,0,0,0,0,0,0
55_20,0.171428571,354,1,0,11,4,0,3,1,0,6,428,64.10042487,164.1970699,265.7969405,10.34536264,25,1.68,2942.089172,3.155555556,11,0,0,0,0,8.84000003,0,0,0,0,1.8,0,86.88,1.879999974,0,0,0,0.599999994,0,0,0,0
55_21,0.066666667,401.3666667,0,4,2,2,1,3,0,3,11,370,62.93440444,167.6699846,155.4809128,12.03819235,15,1.733333333,2289.023534,3.477777778,12,3.2,0,0,0,5.399999971,0,0,0,0,0,0,63.39999998,11.28000004,0,0,0,0,16.72,0,0,0
55_22,0.044444444,438.6444444,1,1,3,3,0,5,1,1,14,503,56.56006697,163.4900153,162.1373472,11.69859774,29,1.344827586,2973.084244,3.122222222,12,0,0,0,0,3.279999999,0,0,0,0,0,0,61.24,20.92,0,0,0,0,14.55999999,0,0,0
55_23,0.036363636,392.7090909,0,0,1,2,1,2,0,0,7,414,64.21323447,196.2343367,154.0092683,12.94914314,14,2,2447.478913,2.716666667,12,0,0,0,0,3.479999998,0,0,0,0,0,0,27.35999999,47.15999997,0,0,0,0,22.00000003,0,0,0
55_24,0.157894737,325.3157895,0,0,9,0,1,4,4,0,6,865,89.47821566,212.8704911,259.8318545,17.5063966,52,1.461538462,5257.241821,3.011111111,12,1.56,0,0,0,5.6,0,0,38.08000004,0,0,0,20.75999996,17.44000002,0,0,0,5.480000011,11.07999996,0,0,0
55_25,0.324675325,274.7012987,6,0,9,4,0,4,2,0,6,769,171.6178856,312.1881191,258.7051296,23.58642389,36,1.75,4706.599863,3.327777778,12,0,0,0,0,0,0,0,21.15999996,0,0,0,8.680000043,63.03999999,0,0,0,5.759999989,1.360000019,0,0,0
55_26,0.439655172,241.6724138,0,0,6,3,0,6,3,0,9,669,105.1297443,214.2088808,281.4112863,18.99871607,49,1.326530612,4540.897552,3.166666667,12,0.72,0,0,0,0,0,0,1.680000023,0,0,0,26.75999999,58.40000002,0,0,0,0,12.43999998,0,0,0
55_27,0.428571429,248,0,0,6,1,2,2,0,4,0,786,115.9363844,207.4469495,241.5930428,23.2919603,48,1.333333333,3985.282515,4.122222222,12,0,0,0,0,0,0,0,19.71999998,0,0,0,47.68000003,7.199999971,0,0,0,0,25.40000002,0,0,0
55_28,0.556818182,214.5113636,0,1,3,2,1,6,2,4,5,335,159.933805,215.2829983,182.3397691,32.78216538,16,1.75,2350.014206,4.611111111,12,0,0,0,0,2.2,0,0,27.32000002,0,0,0,24.03999999,0.200000011,0,0,0,0,46.23999999,0,0,0
55_29,0.6125,191.625,0,0,2,3,0,4,1,0,9,500,217.6044377,345.5658171,180.7111823,39.46695633,45,1.422222222,4395.443224,6.222222222,12,4.24,0,0,0,0,0,0,15.32,0,0,0,35.07999997,40.08000003,0,0,0,0,5.279999996,0,0,0
55_3,0,797,0,0,0,0,0,1,0,0,1,13,3.9500612,4.512960051,4.242672565,8.80693028,1,4,491.7911685,0.061111111,2,88,0,0,0,4.439999998,5.839999999,0,0,0,0,0,1.4,0,0,0,0,0.320000007,0,0,0,0
55_30,0.527777778,218.9351852,0,0,6,0,0,3,0,0,3,710,271.506287,384.8203748,208.5636215,46.50758409,27,1.592592593,3539.974555,6.322222222,14,0,0,0,0,0,0,0,24.55999998,0,0,0,10.16000004,56.95999997,0,0,0,8.32,0,0,0,0
55_31,0.443548387,260.7419355,0,0,0,5,1,3,0,1,4,665,367.251162,568.4177373,140.0073709,55.00863793,30,1.533333333,3084.335627,5.738888889,14,0,0,0,0,0,0,0,19.19999999,0,0,0,27.83999996,36.44000005,0,0,0,0,16.52,0,0,0
55_32,0.278350515,334.0309278,0,2,0,0,0,1,0,2,5,381,233.6471705,361.6623922,159.5619379,43.03162005,13,1.769230769,1682.847964,4.994444444,14,51.12000004,0,0,0,0.360000001,0,0,4.680000027,0,0.44,0,9.24000002,34.15999992,0,0,0,0,0,0,0,0
55_33,0.261363636,351.1590909,2,0,9,3,0,4,4,0,2,822,148.9798612,362.3985719,236.4950381,35.31347346,37,1.783783784,4510.067472,5.372222222,13,12.79999996,0,0,0,0,0,0,66.04000002,0,0,0,12.99999998,8.160000043,0,0,0,0,0,0,0,0
55_34,0.366013072,329.1111111,4,0,6,5,0,4,6,0,6,415,230.9005464,385.7901745,221.5344994,36.00224173,32,1.625,3517.512126,5.533333333,13,0.4,0.560000011,0,0,4.320000025,0,0,17.31999998,0,0,0,4.59E-09,72.15999997,0,0,0,3.440000006,1.800000001,0,0,0
55_35,0.155688623,384.1856287,0,0,0,3,0,4,1,0,2,225,202.6224766,245.9987366,72.78170798,39.68488591,22,1.590909091,2694.519587,4.6,13,0.68,7.039999987,0,0,37.91999998,0,0,10.03999998,0,0.44,0,22.88000005,11.92,0,0,0,9.08,0,0,0,0
55_36,0.103448276,445.9425287,2,0,5,0,3,8,1,0,5,54,136.9888928,83.35521255,23.31612358,51.64990647,15,1.466666667,2344.122683,3.95,11,7.560000016,0.8,0,0,6.319999985,0,0,0,17.60000002,3.600000001,0,18.39999997,0,0,2.88,0,24.67999999,12.2,5.960000018,0,0
55_37,0.030769231,449.0307692,0,2,3,0,1,6,2,1,5,265,145.4312618,80.79285011,66.60652454,49.91201246,46,1.456521739,4952.589066,4.3,11,9.399999984,0,0,0,0.079999999,0,0,1.080000003,28.32000001,0,0,9.279999983,21.84,0,0,0,13.44,0.439999999,16.12000003,0,0
55_38,0.160714286,447.6428571,4,0,14,3,4,9,19,2,5,188,166.2736102,87.12645208,128.3095414,48.54431783,32,1.5625,3628.431219,3.905555556,11,0.4,0,0,0,2.4,0,0,15.96000001,21.24000004,1,0,0,20.59999999,0,0,0,13.16,0,25.23999995,0,0
55_39,0.245901639,397.4590164,0,0,8,1,5,6,2,0,3,529,130.6880362,197.5764789,187.9668309,31.12459927,27,1.518518519,3816.557246,3.883333333,10,0,0,0,0,0.599999999,0,0,28.92,25.83999995,0,0,0.240000002,42.28000006,0,0,0,2.119999993,3.03E-09,0,0,0
55_4,0,817.1666667,0,0,0,0,0,1,0,0,3,17,4.304818863,4.960593428,4.587215428,7.956,2,3,1371.66506,0.1,2,74.79999993,0,0,0,7.56000005,2.999999999,0,0,0.120000013,0,0,4.60000001,0,0,0,0,9.919999994,0,0,0,0
55_40,0.25,389.3214286,0,0,3,1,1,2,0,0,4,367,43.26067823,86.21430091,120.160211,16.95634041,34,1.352941176,3169.59932,1.988888889,9,1.72,0,0,0,15.96,0,0,43.72000003,0,5.639999997,0,14.76000002,4.639999941,0,0,0,0,13.56000002,0,0,0
55_41,0.0625,382.6875,0,0,6,1,3,4,2,1,3,446,22.85823041,138.4523496,154.6778972,12.93484943,28,1.464285714,3292.500297,1.45,8,1.4,0,0,0,1.600000019,0,0,17.15999995,0,0,0,22.04000001,45.00000001,0,0,0,1.64000001,11.16,0,0,0
55_42,0.108108108,347.027027,0,0,3,5,0,5,1,0,9,307,30.88758553,113.3094492,219.9322369,10.8706951,28,1.5,3181.538278,1.483333333,7,1.559999999,0,0,0,7.279999993,0,0,0,0,0,0,44.51999997,35.32000005,0,0,0,9.639999991,1.679999999,0,0,0
55_43,0.11,398.27,8,2,24,10,1,13,11,3,4,278,36.59238768,87.47887479,296.0093198,7.442129366,50,1.5,4068.50487,1.066666667,7,1.439999999,0,0,0,11.31999998,0,0,9.760000025,0,0,0,3.320000018,73.47999997,0,0,0,0,0.679999999,0,0,0
55_44,0.125,377.1666667,0,1,7,0,0,6,1,1,4,475,39.59035526,180.1282452,168.8861688,7.017244884,31,1.387096774,3330.142626,1.305555556,7,0,0,0,0,2.239999998,0,0,14.59999999,0,0,0,22.48000001,40.15999998,0,0,0,0,20.52000001,0,0,0
55_45,0.086956522,310.5217391,0,1,5,2,0,4,1,0,5,556,39.22844655,154.968158,133.6120326,7.888760885,44,1.295454545,3750.871404,1.716666667,6,0.120000011,0,0,0,2.359999998,0,0,0.599999988,0,0,0,22.19999999,60.55999999,0,0,0,0,14.16000002,0,0,0
55_46,0.112068966,295.8275862,0,0,2,1,1,4,0,0,5,412,175.6837627,181.8872155,242.7027556,16.0466861,34,1.411764706,3635.3428,2.094444444,6,3.55999999,0,0,0,4.199999995,0,0,12.20000001,0,0,0,39.28000001,23.52000003,0,0,0,0,17.23999996,0,0,0
55_47,0.34939759,282.0240964,2,0,6,5,0,3,1,2,7,616,194.6891991,209.8038465,256.1771656,19.01017313,33,1.424242424,3156.331053,3.955555556,6,0.319999998,0,0,0,2.319999999,0,0,27.31999999,0,0,8.040000048,2.239999986,59.75999998,0,0,0,0,0,0,0,0
55_48,0.215189873,289.7974684,0,0,6,4,1,2,0,1,3,459,116.6517653,203.4861969,173.3876794,17.50850536,23,1.434782609,2804.984883,4.45,6,0.08,0,0,0,0,0,0,0,0,0,23.55999995,16.96,58.24000006,0,0,0,0,1.16,0,0,0
55_49,0.253731343,314.7313433,1,1,2,2,0,4,0,1,2,485,161.3123375,249.8574483,143.172551,15.65474641,41,1.43902439,3596.70348,4.288888889,5,0,0,0,0,4.640000009,0,0,5.600000027,0,0,0,39.00000002,39.27999993,0,0,0,0,11.48000002,0,0,0
55_5,0,642.7142857,1,0,33,1,2,5,2,1,4,142,4.304818863,4.960593428,4.587215428,7.956,36,1.416666667,2631.363852,0.166666667,2,29.20000003,0,23.92,0,6.959999958,0,0,0,9.439999986,0,0,26.48000001,0,0,0,0,0.039999999,3.960000013,0,0,0
55_50,0.484210526,302.3368421,0,0,6,2,1,4,0,1,0,409,118.3327931,189.7305202,169.6790491,14.65540473,28,1.321428571,2889.14685,2.25,5,25.16000005,0,0,0,2.839999991,0,0,43.03999999,0,0,0,26.79999999,0,0,0,0,0,2.159999983,0,0,0
55_51,0.555555556,249.6666667,0,0,0,0,0,0,0,0,0,12,5.134380869,5.969495187,13.42676254,14.03958477,2,2,516.8378035,1.055555556,5,88.23999999,0,0,0,1.800000007,8.6,0,0.559999993,0,0,0,0,0,0,0,0,0.800000007,0,0,0,0
55_53,0,304.3333333,0,0,0,0,0,0,0,0,0,2,15.66490737,3.596809056,9.928857083,6.958509894,1,3,572.5674269,0.188888889,4,94.19999999,0,0,0,0.64,1.12,0,0,0,1.48,0,2.560000006,0,0,0,0,0,0,0,0,0
55_54,0.2,436.6,0,0,0,0,0,1,1,0,2,44,15.62697926,8.714856991,6.148791386,7.223,2,4.5,1578.617673,0.266666667,4,62.39999998,0,0,0,4.4,6.4,0,0.880000009,0,1.16,0,19.24000001,0.880000004,0,0,0,4.640000002,0,0,0,0
55_55,0,396.1666667,0,0,0,0,1,0,0,0,0,68,15.31211111,13.7434227,9.469330278,7.413578799,7,2.428571429,2753.662765,0.233333333,4,48.87999999,0,0,0,8.000000009,7.760000001,0,0.839999993,0,0.319999999,0,25.48,0,0,0,0,8.720000005,0,0,0,0
55_56,0,523,0,0,0,0,0,1,0,0,3,9,7.164657746,1.82112353,2.844403303,12.34495045,7,3,3821.698862,0.127777778,4,60.84000002,0,0,0,15.79999999,1.72,0,0,0,2.04,0,5.319999997,0,0,0,0,14.28,0,0,0,0
55_6,0,621.3333333,0,0,13,1,0,6,0,0,2,39,4.304818863,6.08092521,7.977385176,7.956,12,1.75,1492.684848,0.255555556,4,42.07999995,0,19.07999999,0,19.32000009,0,0,0,1.080000001,2.120000002,0,14.43999997,0,0,0,0,0,1.879999985,0,0,0
55_7,0,585,0,0,0,0,0,0,1,1,1,2,4.304818863,8.304974899,14.70745041,7.956,0,0,0,0.366666667,4,2.999999995,0,0,2.840000005,30.07999991,0,0,0,0.080000002,3.040000011,0,0,0,0,0,0,0,60.96000008,0,0,0
55_8,0.133333333,545.0666667,2,0,2,2,0,5,0,1,2,76,10.92630652,31.82876908,34.76661512,7.653436307,11,1.363636364,1460.460038,0.444444444,5,23.16,0,0,3.079999995,7.60000001,0,0,0,2.199999995,1.799999987,0,17.56000002,9.480000045,0,0,0,4.200000008,30.91999994,0,0,0
55_9,0.055555556,491.6111111,2,0,8,0,0,4,0,0,9,469,75.43075506,142.8788976,199.1160365,6.811993809,43,1.418604651,3969.487959,0.622222222,6,2.840000006,0,0.199999999,0,5.95999998,0.76,0,26.60000001,0,0,0,5.879999977,53.44000004,0,0,0,4.239999991,0,0.08,0,0
56_1,0,810,0,0,1,0,0,0,0,0,0,7,1.268077928,1.128832364,1.637913626,15.24,1,3,762.3357504,0.061111111,1,80.4,0,0,1.279999994,12.96,0,0,0,0,0,0,5.360000007,0,0,0,0,0,0,0,0,0
56_10,0.076923077,443.4615385,0,2,3,1,0,3,2,1,1,373,22.40168741,105.8060979,136.0409042,3.478819045,27,1.296296296,2413.841825,0.922222222,6,3.280000023,0,0,0,10.24000001,0,0,14.27999997,5.360000015,3.519999999,0,0,39.51999995,0,0,0,0,23.80000004,0,0,0
56_11,0.2,334.4,0,0,1,1,1,2,0,5,2,224,23.2368474,61.89247093,111.9423273,4.253920566,22,1.045454545,1696.24938,0.883333333,7,9.039999982,0,0,0,7.919999995,0,0,0,3.79999998,0,0,0,45.12000007,0,0,0,0,34.11999997,0,0,0
56_12,0.277777778,287.2777778,0,0,6,2,0,4,1,1,2,358,31.95067,110.4724744,178.9220587,4.27433317,37,1.324324324,3580.261369,0.894444444,7,0,0,0,0,3.039999991,0,0,0,0,0.360000002,12.68000006,0,83.23999996,0,0,0,0,0.679999987,0,0,0
56_13,0.72,273.16,0,1,1,5,0,3,0,0,2,43,57.13590601,35.37785507,80.49715004,7.60278229,3,2.333333333,626.0568419,1.322222222,7,0,0,0,0,14.36000002,0,0,0,0,0.6,75.67999997,0,3.599999989,0,0,0,0,5.760000025,0,0,0
56_14,0.652173913,203.3043478,0,0,1,1,0,3,0,1,5,106,48.89803147,45.33608184,101.4856516,8.115902072,22,1.454545455,2464.018694,1.872222222,9,0,0,0,0,9.999999984,0,0,0,0,0,17.75999997,19.20000007,28.51999999,0,0,0,0,24.51999999,0,0,0
56_15,0.75,108.4444444,3,0,2,0,0,13,2,0,10,251,27.90302243,128.6966951,192.924284,5.57712315,16,1.6875,3120.311744,1.777777778,9,0,0,0,0,0.680000001,0,0,8.52,0,0,0,67.2,10.28,0,0,0,12.92000001,0.399999992,0,0,0
56_16,0.782608696,103,0,0,1,2,0,2,0,0,2,229,15.92301898,106.9174443,182.8454425,3.949670739,8,1.875,1806.513554,1.427777778,9,0,0,0,0,0,0,0,0,0,0,0,84.44,9.520000003,0,0,0,6.039999996,0,0,0,0
56_17,0.769230769,167.7692308,0,0,1,2,0,4,0,0,2,265,20.37348208,95.60493041,148.2480527,3.870684928,8,1.75,1892.634391,1.122222222,9,0,0,0,0,2.440000003,0,0,0,0,0,0,85.11999995,0,0,0,0,4.199999995,8.240000052,0,0,0
56_18,0.5625,224,0,1,0,0,0,3,0,1,3,114,12.92487891,62.0484624,115.6684255,3.891281184,4,2,707.7619426,1.177777778,9,0,0,0,0,3.440000001,0,0,0,0,0,0,27.56000001,6.479999995,0,0,0,0,62.51999999,0,0,0
56_19,0.4,314.2,0,0,4,0,2,3,0,0,0,354,31.15558782,180.8188742,198.6484308,4.508297291,10,1.7,2175.166457,1.644444444,9,0,0,0,0,12.80000001,0,0,0,0,1.360000008,0,59.12000002,19.16,0,0,0,0,7.559999964,0,0,0
56_20,0.055555556,395.6296296,1,0,1,0,0,3,0,0,9,656,147.1803898,257.0280588,235.5970438,17.13321684,20,1.45,3240.86562,1.972222222,9,0,0,0,0,1.079999988,0,0,3.120000004,0,0.759999992,0,29.15999995,65.88000007,0,0,0,0,0,0,0,0
56_21,0.066666667,420.7111111,0,0,4,2,0,7,0,0,11,471,124.9598126,204.4371137,219.2856805,20.06795252,30,1.566666667,3474.421522,2.511111111,11,1.240000001,0,0,0,0,0,0,12.04000001,0,0,1.960000037,56.79999999,16.67999997,0,0,0,0,11.28,0,0,0
56_22,0.019607843,452.0196078,2,0,9,4,1,2,4,0,1,363,150.9616489,182.4135595,211.349082,30.52110029,26,1.461538462,2662.176871,2.633333333,11,5.520000026,0,0,0,0.44,0,0,0.039999999,0,0,39.63999996,10.12000001,44.24000001,0,0,0,0,0,0,0,0
56_23,0.040816327,372.8367347,1,0,10,0,1,7,2,0,11,538,106.0998291,280.5511491,213.4614142,22.1429949,39,1.564102564,4133.198069,2.977777778,11,3.959999976,0,0,0,0,0,0,5.680000003,0,0,0,1.120000015,87.31999999,0,0,0,1.920000012,0,0,0,0
56_24,0.189873418,325.8607595,1,1,5,1,1,13,3,0,8,408,181.0315533,173.6090174,188.8798856,29.23093915,24,1.666666667,2911.51642,2.966666667,11,0,0,0,0,11.36,0,0,21.48,0,0,0,16.19999998,25.32000003,0,0,0,10.95999999,14.68,0,0,0
56_25,0.34375,302.28125,0,0,7,4,2,4,3,3,3,676,150.8081843,267.2652248,226.8548922,22.97677629,42,1.380952381,4041.433646,3.394444444,11,0,0,0,0,0,0,0,6.000000008,0,0,0,13.36000003,72.03999996,0,0,0,0,8.6,0,0,0
56_26,0.5625,229.7083333,1,0,4,3,0,4,0,0,5,871,117.1879613,248.9510413,288.2338044,23.81288476,51,1.647058824,5748.080607,3.472222222,12,0.6,0,0,0,0,0,0,52.84000002,0,0,0,28.47999996,18.08000001,0,0,0,0,0,0,0,0
56_27,0.753623188,175.4347826,4,0,9,3,1,5,6,1,7,811,150.8569119,293.8043045,212.4248969,33.08144108,45,1.466666667,4865.335111,3.905555556,12,0,0,0,0,0,0,0,25.15999999,0,0,15.36,18.72000001,36.63999998,0,0,0,0,4.12000002,0,0,0
56_28,0.674796748,139.1788618,3,0,10,3,1,5,5,1,5,632,236.1891032,357.4304884,209.3855522,51.41790226,35,1.571428571,4282.446931,4.661111111,12,0,0,0,0,0,0.88,0,27.00000007,0,1.08,0,8.799999992,58.23999995,0,0,0,0,3.999999986,0,0,0
56_29,0.675824176,127.9395604,0,0,9,2,0,6,5,0,6,559,295.2594808,407.2621404,246.4917045,62.90177279,41,1.658536585,5114.82002,5.372222222,12,8.88,0,0,0,0,0,0,19.19999992,0,0,0,0.080000005,71.84000007,0,0,0,0,0,0,0,0
56_30,0.6,155.0444444,0,0,3,1,2,2,1,0,11,713,321.236002,547.7518311,178.292501,56.1648569,31,1.677419355,3757.012149,5.866666667,13,2.48,0,0,0,0,0,0,0,0,0,0,24.76,64.08,0,0,0,8.68,0,0,0,0
56_31,0.427536232,237.057971,3,0,20,5,0,7,16,1,6,753,356.5512685,598.4664442,189.4292629,57.68190903,42,1.547619048,4003.979527,5.127777778,12,2.800000017,0,0,0,0.8,0,0,5.880000004,0,0,0,11.8,78.71999998,0,0,0,0,0,0,0,0
56_32,0.185840708,312.1769912,0,0,4,1,0,3,0,0,6,466,222.4514048,282.5658689,176.3563623,47.08146646,31,1.35483871,2585.412313,4.938888889,12,19.4,0,0,0,14.92000002,0,0,0,0,0,0,4.560000037,59.07999994,0,0,0,0,2.040000002,0,0,0
56_33,0.259259259,357.2962963,2,0,7,4,0,1,7,1,7,535,253.0845093,252.4611084,177.1308135,51.67598295,43,1.395348837,3836.053905,5.022222222,12,3.799999988,0,0,0,10.35999998,0,0,15.72000007,0,0,0,31.67999996,30.08000001,0,0,0,0,8.359999991,0,0,0
56_34,0.236363636,390.9545455,2,0,1,0,0,3,0,0,9,470,251.6265776,340.0166716,235.4427891,49.15926648,29,1.517241379,3794.272579,4.811111111,12,6.60000002,0,0,0,5.76000001,0,0,6.599999943,0,0,0,28.28000003,52.75999999,0,0,0,0,0,0,0,0
56_35,0.045454545,431.3181818,1,2,6,0,0,6,0,1,3,187,41.4583346,83.15242033,113.7565085,13.20132676,27,1.518518519,2869.524685,4.25,12,13.51999998,6.800000002,0,0,18.60000002,0,0,4.079999992,0,0,0,17.99999996,28.92000002,0,0,0,3.800000029,6.28,0,0,0
56_36,0,507.2888889,0,0,8,0,6,6,4,0,1,50,74.52497508,32.10223693,28.90141945,38.61896338,12,1.833333333,3160.587938,3.622222222,10,5.920000002,0,0,0,15.79999999,0,0,0,49.00000003,1.719999999,0,0.400000014,3.359999973,0,0,0,23.8,0,0,0,0
56_37,0.043478261,488.2318841,0,1,8,3,3,5,2,2,7,589,332.4081377,280.5905184,269.5832331,55.78088132,52,1.326923077,4409.643329,4.355555556,9,1.88,0,0,0,0.239999994,0,0,0,2.639999972,0,0,12.47999998,71.04000008,0,0,0,6.519999973,5.200000001,0,0,0
56_38,0.029850746,501.3532338,2,1,5,6,0,3,0,1,5,607,411.7734648,368.1827572,215.8591885,59.40299673,60,1.466666667,4835.504369,4.144444444,9,1.639999999,0,0,0,1.16,0,0,24.16000001,0,0,0,0,63.95999999,0,0,0,0,7.399999997,1.680000002,0,0
56_39,0.026666667,462.8133333,0,1,4,0,3,7,1,0,9,485,272.4043366,213.838164,197.9508209,49.19014061,49,1.428571429,4445.475153,3.988888889,9,8.320000011,0.4,0,0,4.400000004,0,0,29.36,15.52000005,0.320000004,0,0,32.27999992,0,0,0,7.880000011,1.519999999,0,0,0
56_40,0.075471698,516.8113208,0,2,14,1,11,3,8,0,0,97,47.87233322,71.89882301,112.1412391,18.07616129,10,1.5,1512.297468,1.944444444,9,1.639999985,0,0,0,6.200000001,0,0,30.76000008,41.59999993,18.36000001,0,0,0,0,0,0,1.439999987,0,0,0,0
56_41,0.076923077,446.5384615,0,1,3,0,0,3,2,0,2,495,26.24335483,161.6744158,239.6682521,13.59860819,26,1.384615385,2821.357257,1.383333333,7,0,0,0,0,0.399999994,0,0,22.55999989,4.719999944,0,0,0,62.68000017,0,0,0,9.639999999,0,0,0,0
56_42,0,424.8,0,1,6,3,0,5,0,0,4,436,32.98447282,149.7395036,288.444864,9.564836375,34,1.235294118,3029.658782,1.333333333,7,0,0,0,0,0,0,0,18.47999998,0,0,0,0.959999998,80.56000002,0,0,0,0,0,0,0,0
56_43,0,461.2307692,2,0,5,3,0,4,1,0,2,439,23.36452136,109.9218078,277.1815542,6.287744221,41,1.512195122,3641.122537,1.205555556,7,0.159999998,0,0,0,2.199999967,0,0,40.23999992,0,0,0,0.160000006,54.7200001,0,0,0,0,2.520000003,0,0,0
56_44,0,381.4,0,1,0,0,0,2,0,1,0,332,22.38336104,86.1278348,110.6468654,7.599784094,34,1.205882353,3125.949814,1.088888889,7,14.67999998,0,0,0,1.760000001,0,0,6.440000003,0,0,0,48.08000007,7.879999925,0,0,0,0,21.16000002,0,0,0
56_45,0,324.952381,0,0,5,1,0,2,0,1,0,354,25.96758756,114.8325525,114.1109781,9.727743963,32,1.28125,3020.15785,1.5,6,32.60000004,0,0,0,0.68,0,0,0,0,0,0,66.55999996,0,0,0,0,0,0.160000004,0,0,0
56_46,0.2,346.7647059,0,1,1,2,0,3,0,0,4,215,79.33425649,105.1748656,169.4177678,14.7880493,16,1.5625,2069.707341,1.844444444,6,53.67999994,0,0,0,2.200000006,4.440000001,0,5.560000002,0,0,0,0,32.96000005,0,0,0,0,1.159999997,0,0,0
56_47,0.15625,380.53125,0,0,4,1,0,2,0,0,2,572,93.99892955,209.4305916,236.9372747,17.10719801,20,1.5,2723.519991,3.655555556,6,3.599999984,0,0,0,0.759999995,0,0,0,0,0.64,0,0,92.76,0,0,0,0,2.24000002,0,0,0
56_48,0.173076923,362.2548077,4,1,11,4,0,9,5,1,6,521,258.8728736,364.9184031,179.0420975,33.72797914,36,1.416666667,3830.394663,2.505555556,6,1.52,0,0,0,0.44,0,0,0,0,0,0,28.92,65.32000002,0,0,0,0,3.79999998,0,0,0
56_49,0.11627907,339.3255814,0,0,2,0,0,1,1,0,8,402,208.8128686,181.4951044,99.67513142,36.36520435,30,1.433333333,3241.157905,3.122222222,5,23.80000005,0,0,0,0.68,0,0,17.40000001,0,0,0,14.44,43.67999993,0,0,0,0,0,0,0,0
56_5,0,697,0,0,0,0,0,2,0,0,1,2,4.304818863,4.960593428,4.587215428,7.956,0,1,626.170881,0.188888889,2,73.03999997,0,3.16000001,0,4.920000007,0,0,0,0.320000016,2.48,0,7.519999997,0,0,0,0,8.559999999,0,0,0,0
56_50,0.142857143,415.5714286,0,0,1,1,0,0,0,0,0,6,21.61854965,11.44965484,9.911388488,19.29524566,3,2,939.0574066,1.416666667,4,93.92000001,0,0,0,0,4.28,0,0.799999995,0,0,0,0.999999998,0,0,0,0,0,0,0,0,0
56_51,0,319,0,0,0,0,1,0,0,0,0,2,3.003887661,1.235041172,1.75993367,14.564,1,1,283.2902955,0.683333333,4,94.84,0,0,0,3.400000001,0,0,0,0,0,0,1.76,0,0,0,0,0,0,0,0,0
56_52,0,880,0,0,0,0,0,0,0,0,0,0,3.405002536,1.27385997,1.850520657,14.32295867,0,1,737.0806019,0.1,3,85.71999997,0,0,0,7.960000017,0,0,0,0,0,0,0,0,0,0,0,6.320000014,0,0,0,0
56_53,0,268,0,0,0,0,1,3,0,0,3,15,11.1591672,2.097771704,3.766246364,9.354824172,13,1.692307692,3026.43497,0.072222222,4,55.36000002,0,0,0,15.83999998,0,0,0,0,0,0,13.20000001,0,0,0,0,15.59999999,0,0,0,0
56_54,0,355.25,0,0,0,0,0,0,0,0,0,15,10.98286882,1.883915374,3.745934842,10.03391938,0,1,1029.755562,0.105555556,4,82.20000001,0,0,0,0.600000004,7.08,0,0,0,0.44,0,6.239999993,0,0,0,0,3.439999996,0,0,0,0
56_55,0,320.5,0,0,0,0,0,0,0,0,1,17,2.242889679,0.920019442,2.340602079,15.32392638,1,10,3178.46403,0.088888889,4,59.95999997,0,0,0,18.36000002,2.720000013,0,0,0,0.840000001,0,9.84,0,0,0,0,8.280000001,0,0,0,0
56_6,0,694.4285714,0,0,7,0,2,7,0,0,4,9,4.304818863,4.960593428,4.587215428,7.956,11,1.818181818,1918.266534,0.277777778,3,48.15999999,0,4.519999986,0,14.44000003,1.36,0,0,23.35999998,0,0,0.440000012,0,0,0,0,7.719999998,0,0,0,0
56_7,0,602.3125,0,1,1,0,0,1,0,0,3,2,6.703272618,9.963180085,9.927582591,7.734337088,10,2,1088.659805,0.433333333,4,33.15999998,0,0,0,29.39999995,0,0,2.000000014,0,2.68,0,1.039999988,0,0,0,0,4.800000007,26.64000005,0.28000001,0,0
56_8,0,524.3333333,3,0,9,3,1,8,9,0,2,270,35.44650624,139.9970925,146.0399717,5.155884883,24,1.208333333,2638.260408,0.677777778,4,4.159999992,0,0,0.28,2.720000001,0,0,14.64000003,0,4.95E-10,0,0,43.44000004,0,0,0,4.999999993,13.35999995,16.39999999,0,0
56_9,0.066666667,423.3333333,0,0,5,2,0,4,0,1,8,556,47.97736441,193.1436331,294.4145203,4.462372255,52,1.442307692,4653.912055,0.95,6,1.92E-10,0,0,0,0.480000001,0,0,24.71999998,0,0,0,0,74.80000002,0,0,0,0,0,0,0,0
57_0,0,761,0,0,2,0,1,2,0,0,0,6,2.716818234,7.631643809,11.39688808,14.27375314,2,2,872.4244684,0.116666667,1,79.87999996,0,0,7.040000009,6.400000012,0.04,0,0,0,0.480000002,0,6.160000013,0,0,0,0,0,0,0,0,0
57_1,0,773,0,0,0,0,0,0,0,0,3,62,7.266112562,25.95902734,38.30318694,10.11659151,15,1.533333333,2012.0432,0.183333333,1,59.83999996,0,0,5.039999987,4.479999986,0,0,0,0,0.640000002,0,30.00000006,0,0,0,0,0,0,0,0,0
57_10,0.083333333,365.1458333,3,0,7,4,0,3,1,1,4,108,19.65026881,67.75425895,118.855375,3.791045115,17,1.352941176,1824.973977,0.65,5,11.52000002,0,0,0,8.559999995,0,0,0,0,0.56,0,8.680000062,24.39999992,0,0,0,0,46.28,0,0,0
57_11,0.222222222,311.6666667,1,0,6,0,0,6,0,0,9,420,38.17763537,162.1946181,251.780201,4.100624358,55,1.236363636,4507.995844,0.816666667,5,6.639999978,0,0,0,1.279999999,0,0,0,0,0,0,25.83999994,66.24000008,0,0,0,0,0,0,0,0
57_12,0.538461538,277.3076923,0,0,6,0,1,2,0,1,4,518,37.0684076,155.240454,222.9191413,4.14666432,45,1.333333333,4304.745371,0.855555556,6,0,0,0,0,0,0,0,0,0,1.239999999,0,0.080000008,98.67999999,0,0,0,0,0,0,0,0
57_13,0.621621622,215.5675676,0,0,4,3,1,6,0,1,4,217,46.0112163,68.11072931,111.5656672,6.430932014,35,1.342857143,2999.404894,2.05,7,0,0,0,0,8.920000004,0,0,0,0,0,7.479999996,57.56000004,19.35999992,0,0,0,0.560000008,6.120000026,0,0,0
57_14,0.638888889,138.9027778,0,3,6,2,0,9,2,1,12,21,46.88446857,56.31003101,85.52225371,5.79613658,15,1.733333333,1619.460715,4.361111111,8,0,0,19.40000003,0,11.19999999,0,0,3.84,0,3.28,2.000000011,16.99999996,0,0,0,0,10,28.95999997,0,4.320000024,0
57_15,0.8,95.74444444,16,2,20,8,3,10,3,0,10,203,53.59336333,60.15963503,118.4043628,8.509837326,35,1.6,3682.675462,5.194444444,8,4.32,0,7.839999971,0,2.759999999,0,0,0,0,0,0.639999991,64.08000006,3.200000019,0,0,0,4.23999999,0.479999992,0,12.43999998,0
57_16,0.782608696,170.3478261,0,0,9,3,1,6,1,0,2,305,36.55189981,104.8881987,240.6353998,5.918647125,15,1.8,3410.497175,4.383333333,8,0,0,0,0,0.640000017,0,0,0,0,0,0,35.99999996,58.04000002,0,0,0,5.32,0,0,0,0
57_17,0.722222222,255.8888889,0,0,4,3,1,3,0,0,2,276,24.46925595,99.76285753,130.6439869,4.807509327,6,1.833333333,1980.415674,2.111111111,9,0,0,0,0,16.71999999,0,0,0,0,0,0,35.6,36.67999999,0,0,0,0,11.00000003,0,0,0
57_18,0.25,288.375,0,0,3,0,0,0,2,0,0,112,15.41779562,73.86585365,82.24413363,5.297343737,1,5,661.3469357,1.077777778,8,0.040000002,0,0,0,36.16,0,0,0,0,0,0,15.28,6.240000029,0,0,0,0,42.27999996,0,0,0
57_19,0.238095238,312.0952381,0,0,3,0,0,5,0,0,8,334,72.60668161,127.1132388,148.3633682,13.6708048,23,1.608695652,2839.054418,1.311111111,8,1.039999999,0,0,0,15.08,0,0,0,2.84000001,2.24,0,71.04000004,7.519999953,0,0,0,0,0.239999996,0,0,0
57_2,0,865,0,0,0,0,0,1,0,0,0,41,8.864900548,12.924238,15.74952059,6.702459892,3,2,709.5620079,0.166666667,2,64.76000007,0,0,0,0.48,7,0,0,0,0.359999997,0,25.75999993,0,0,0,0,0,1.640000001,0,0,0
57_20,0.047619048,378.1269841,1,0,5,2,2,8,0,2,4,526,240.0174329,173.4248872,297.499546,26.44543481,44,1.522727273,3972.70555,1.611111111,8,1.56,0,0,0,3.640000012,0,0,44.56,6.599999996,0,0,24.03999996,18.88000004,0,0,0,0,0.72,0,0,0
57_21,0.084337349,401.6626506,13,0,18,15,2,9,12,4,8,383,126.0767518,155.1263903,215.4686674,24.2823461,22,1.772727273,3720.694907,2.2,9,6.960000002,0,0,0,4.399999985,0,0,23.28000003,0,5.72,0,12.15999997,47.48000001,0,0,0,0,0,0,0,0
57_22,0.043956044,419.7912088,5,0,12,1,0,3,3,3,6,566,142.2536108,227.2415153,270.5895477,28.31150909,36,1.583333333,4274.980423,2.666666667,10,9.479999997,0,0,0,0,0,0,30.79999996,0,0,0,13.40000003,46.32000001,0,0,0,0,0,0,0,0
57_23,0.157894737,360.3815789,12,0,44,6,8,12,29,8,9,682,125.0628774,248.6908891,200.0396519,25.85702011,47,1.680851064,4963.719112,3.038888889,10,0,0,0,0,0,0,0,45.36000002,0,0,0,5.519999967,42.72000002,0,0,0,6.4,0,0,0,0
57_24,0.231707317,325.3536585,0,0,5,3,1,3,0,1,6,531,173.0209323,149.4048333,238.2607375,33.78937369,33,1.484848485,3082.859884,3.066666667,10,0.120000001,0,0,0,0.719999999,0,0,1.519999988,0,0,0,45.04000005,29.03999996,0,0,0,0,23.56,0,0,0
57_25,0.391891892,283.1891892,0,0,4,3,0,5,1,1,9,675,212.5145035,338.8386282,267.2550889,35.82962814,32,1.71875,3959.349963,3.622222222,11,0.160000003,0,0,0,0,0,0,5.680000029,0,0,0,2.599999945,91.56000002,0,0,0,0,0,0,0,0
57_26,0.576923077,227.3974359,0,0,4,0,0,1,0,0,4,751,223.3669835,351.5475679,272.665042,45.389357,36,1.611111111,4165.958991,4.011111111,11,0.279999997,0,0,0,0,0,0,41.23999998,0,0,0,0,58.48000002,0,0,0,0,0,0,0,0
57_27,0.612244898,124.9489796,0,0,2,3,1,6,2,1,6,659,201.8274633,440.6941479,184.6050683,48.56532848,41,1.56097561,4367.417934,4.4,12,2,0,0,0,0,0,0,9.919999988,0,0,1.68,4.360000018,82.03999999,0,0,0,0,0,0,0,0
57_28,0.67961165,87.89320388,0,1,3,3,0,2,0,1,2,443,213.4826783,317.6239892,169.744429,46.80439724,17,1.882352941,2986.554016,5.011111111,11,0,0,0,0,1,0,0,8.240000022,0,0,0,21.55999999,47.51999995,0,0,0,0,21.68000004,0,0,0
57_29,0.770588235,65.90588235,1,1,9,3,0,5,2,2,14,467,244.3968481,257.7049694,200.9127253,50.39773244,34,1.705882353,4904.970032,5.572222222,11,7.36,0,0,0,0,0,0,5.639999984,0.999999997,0,0,17.00000002,52.28000001,0,0,0,9.760000016,6.959999972,0,0,0
57_3,0,660.6666667,0,0,0,0,0,0,0,0,1,1,16.34664292,25.9589812,33.96817793,4.508414216,0,1,37.91038554,0.116666667,2,97.99999999,0,0,0,0.48,0,0,0,0,0,0,1.120000001,0,0,0,0,0.400000005,0,0,0,0
57_30,0.69375,136.575,0,1,4,6,0,7,0,2,6,446,283.9553722,357.6225942,102.2347885,54.25705044,13,1.846153846,2783.518224,5.772222222,12,1.04,0,0,0,0.08,0,0,1.599999998,19.08000006,0,0,8.679999981,62.91999999,0,0,0,1.479999984,5.119999986,0,0,0
57_31,0.457446809,231.287234,0,0,6,0,4,6,3,0,4,76,157.8824246,95.48079918,46.05771625,54.81509742,11,2,1257.924741,5.394444444,12,2.56,5,0,0,17.28000002,0,0,0,52.63999993,0.720000011,0,8.800000005,3.800000009,0,0,0,0,9.200000028,0,0,0
57_32,0.304347826,333.1956522,0,0,0,2,0,1,0,0,5,83,126.2714548,58.83723821,56.62178587,51.62377769,15,1.533333333,1283.236264,4.811111111,12,1.72,0.44,0,0,35.71999999,0,0,0,0,0.439999989,0,7.840000005,10.52000001,0,0,0,0,43.32,0,0,0
57_33,0.099173554,396.677686,0,1,3,1,0,2,0,3,6,405,319.900971,263.1816373,202.9371463,55.85088559,47,1.340425532,3610.70063,4.644444444,12,0.6,0,0,0,11.63999999,0,0,0,0,0,0,39.84000001,35.24000003,0,0,0,0,12.67999997,0,0,0
57_34,0.092307692,442.9769231,1,1,6,2,2,5,2,0,4,463,218.1161743,224.6976483,173.0882813,42.1815586,28,1.714285714,4208.729927,3.461111111,11,4.640000002,0,0,0,1.84,0,0,7.560000031,0,0,0,31.87999998,42.31999999,0,0,0,0,11.76,0,0,0
57_35,0,466.1071429,0,1,7,3,0,7,0,1,5,550,33.74519544,143.7276915,313.7221024,11.41450868,38,1.5,3688.427611,2.95,10,1.039999999,0,0,0,0,0,0,35.83999999,0,0,0,0,62.84000001,0,0,0,0,0.279999995,0,0,0
57_36,0.066666667,482.0444444,1,1,2,0,1,5,0,0,2,112,52.40936049,33.57545769,59.43369522,26.10590995,21,1.714285714,2740.759993,2.472222222,9,10.72,0,0,0,31.32,0,0,1.559999977,12.00000004,2.320000002,0,0,17.31999994,0,8.160000034,0,16.6,0,0,0,0
57_37,0.064102564,542.8333333,1,1,1,1,1,2,1,1,2,217,203.8612227,179.6557999,55.50486333,52.30085693,24,1.458333333,2225.095066,3.705555556,9,10.88,0,0,0,0.079999997,0,0,16.36000003,7.919999966,1.959999998,0,23.88000001,1.320000016,0,16.59999996,0,8.68,12.32000002,0,0,0
57_38,0.052631579,536.4947368,1,2,16,3,1,8,2,1,4,499,305.0451856,377.9486258,167.5293254,61.62391504,49,1.326530612,4331.95161,3.833333333,9,1.640000003,0,0,0,0,0,0,6.520000006,0,0,0,2.96,80.20000001,0,0,0,0,8.679999978,0,0,0
57_39,0.075757576,508.6212121,3,1,4,4,0,8,1,0,5,646,273.7434022,249.3332762,234.9084451,45.01741926,55,1.418181818,4748.606023,3.366666667,9,1.000000008,0,0,0,0,0,0,29.31999997,0.440000004,0,0,8.719999996,60.52000002,0,0,0,1.54E-09,0,0,0,0
57_40,0.043478261,488.4782609,2,0,19,1,11,8,8,0,10,73,86.06839856,63.63862076,63.45935105,26.82108016,18,2,3058.969813,2.022222222,9,8.799999985,0,0,0,2.960000001,0,0,0.920000005,53.96000005,2.559999998,0,0,11.83999996,0,0,0,18.96,0,0,0,0
57_41,0.03125,453.09375,0,0,8,1,1,3,2,0,4,339,31.43868123,74.4477214,97.87096068,14.81403646,29,1.551724138,3479.394354,1.322222222,8,17.48000006,0,0,0,1.520000004,0,0,17.96000005,9.519999955,0,0,2.159999999,37.71999997,0,0,0,0.04,0,13.59999996,0,0
57_42,0,434.0833333,0,0,3,0,2,0,0,0,2,162,23.11490526,59.26559213,109.2179295,8.827657461,22,1.409090909,1863.823234,0.788888889,7,69.71999987,0,0,0,1.8,0,0,8.480000065,0,0,0,0,20.00000007,0,0,0,0,0,0,0,0
57_43,0,455.5,0,0,1,0,1,0,0,0,0,61,21.62826614,22.82411856,40.64045362,7.908947968,5,1.8,871.7294466,0.416666667,7,83.99999989,0,0,0,6.680000081,0,0,1.680000007,0,0.4,0,0,7.240000021,0,0,0,0,0,0,0,0
57_44,0,378,0,0,0,0,1,1,0,0,0,8,8.423591701,4.324447326,7.980194418,12.70121438,4,1.5,561.7674334,0.316666667,6,75.75999999,0,0,0,14.35999998,3.960000002,0,0,0,1.120000001,0,4.800000032,0,0,0,0,0,0,0,0,0
57_45,0,379,0,0,0,1,0,2,0,0,0,6,15.13347086,12.8602775,10.57638881,12.10102107,3,1.666666667,702.9999856,0.705555556,6,89.16000004,0,0,0,1.079999977,2.839999998,0,0,0,0.44,0,6.479999986,0,0,0,0,0,0,0,0,0
57_46,0,376,0,0,0,0,0,0,0,0,0,0,19.18266962,21.37509777,21.04303825,11.27880887,2,3,396.1216851,1.105555556,6,99.72,0,0,0,0,0,0,0,0,0,0,0.279999996,0,0,0,0,0,0,0,0,0
57_47,0.166666667,390,1,0,5,0,0,2,1,0,5,106,11.27163388,41.57026372,49.43499487,16.14590538,9,2,1390.464069,2.466666667,6,81.11999997,0,0,0,0,0,0,0,0,0,0,3.159999994,15.72000003,0,0,0,0,0,0,0,0
57_48,0.088235294,426.2058824,0,0,3,3,1,4,0,0,7,470,111.2080428,169.8596724,167.104569,32.11475977,30,1.4,3144.53905,2.133333333,6,12.31999996,0,0,0,1.32,0,0,0,0,0,0,42.56000002,43.80000002,0,0,0,0,0,0,0,0
57_49,0.068965517,407.4827586,0,1,0,2,0,3,0,0,2,183,118.2886709,80.40793166,64.16761973,37.8278751,34,1.529411765,3912.863471,1.983333333,4,58.20000004,0,0,0,4.480000027,0,0,0,0,0.959999999,0,8.799999985,27.55999995,0,0,0,0,0,0,0,0
57_5,0,550,0,0,0,0,2,0,0,0,0,12,3.453172848,6.78643079,5.391271649,5.404523176,2,1.5,590.9917576,0.155555556,2,79.84,0,0,0,6.560000003,4.2,0,0,0,0.520000001,0,3.64,0,0,0,0,5.24,0,0,0,0
57_50,0.333333333,413.3333333,0,0,0,0,0,0,0,0,0,2,9.143168728,4.106265982,4.389286467,16.25414994,1,3,119.7944967,0.505555556,4,83.68000002,0,0,0,13.95999997,0,0,0,0,0,0,2.360000009,0,0,0,0,0,0,0,0,0
57_51,0.5,346.5,0,0,0,1,0,0,0,0,0,12,2.98120219,1.248271705,1.784868017,14.51534857,4,1.5,935.3347074,0.111111111,4,85.04,0,0,0,2.440000004,5.559999999,0,0,0,0,0,5.63999999,0,0,0,0,1.320000007,0,0,0,0
57_6,0,517.5,0,0,0,0,0,0,0,0,3,12,3.390591278,6.920598937,5.450356174,5.217032809,3,3,1214.09582,0.211111111,3,47.03999999,0,0,0,39.6,0,0,0,0,0,0,6.88,0,0,0,0,6.48000001,0,0,0,0
57_7,0,557.5,0,0,0,0,0,0,0,0,4,1,9.212670027,14.48043701,12.36388731,4.489604145,20,1.95,3504.936796,0.388888889,4,60.56000004,0,0,0,7.199999968,0.600000001,0,0.520000005,0,0.52,0,2.12,0,0,0,0,28.47999999,0,0,0,0
57_8,0.111111111,518.8333333,0,0,4,0,0,0,1,0,4,58,32.33560689,49.18478192,48.9819581,4.22478139,9,1.555555556,1191.380908,0.522222222,4,51.55999994,0,0,0,10.88000002,0,0,13.27999999,0,1.04,0,0,9.800000041,0,0,0,9.679999992,1.960000023,1.799999996,0,0
57_9,0.066666667,407.9333333,1,0,5,4,0,5,0,0,6,369,24.94701084,87.36895576,133.0754288,3.344317693,33,1.303030303,3084.072221,0.772222222,5,1.040000001,0,0,0,8.839999987,0,0,0,0,0,0,0,81.08000003,0,0,0,0,9.039999982,0,0,0
58_0,0,746.25,0,0,3,0,1,3,2,1,3,87,7.601062512,47.01564215,61.9682928,12.1570603,11,1.454545455,1758.292295,0.1,1,50.63999994,0,0,0,6.080000012,1.920000007,0,0,0,1.040000001,0,33.88000004,0,0,0,0,5.679999998,0.760000005,0,0,0
58_1,0,726.6153846,3,1,16,2,1,5,6,1,8,282,17.58899025,108.2177083,130.7007985,4.452033415,33,1.424242424,3659.409728,0.122222222,1,1.960000001,0,0,0,1.63999999,0.399999994,0,0,0,0.039999998,0,80.56000002,0,0,0,0,5.120000002,10.28,0,0,0
58_10,0.05,429.5,0,0,2,1,0,2,1,3,3,142,13.4779505,47.55571168,86.04280121,2.516052919,12,1.166666667,896.82938,0.688888889,5,2.760000001,0,0,0,13.04,0,0,0,0,0,0,5.920000063,21.27999995,0,0,0,1.240000011,55.75999997,0,0,0
58_11,0.157894737,354.0526316,0,1,1,0,0,3,0,0,9,434,41.46572921,119.5106264,176.6150787,3.675407522,48,1.25,4055.721744,0.666666667,5,0,0,0,0,9.999999994,0,0,0,0,0,0,41.39999998,39.72000003,0,0,0,8.879999998,0,0,0,0
58_12,0.272727273,281.5454545,0,1,1,1,0,3,0,0,2,367,28.75359293,103.8819107,120.7874856,4.237363715,25,1.24,2509.417588,0.805555556,5,14.48000002,0,0,0,1.919999998,2.4,0,0,0,0.72,0,39.80000002,32.51999996,0,0,0,8.16,0,0,0,0
58_13,0.433333333,214.3666667,0,0,1,1,1,2,0,1,6,292,31.13694787,114.0617022,121.3070111,3.792288787,21,1.333333333,2436.222887,2.322222222,6,2.439999985,0,0,0,5.88,0,0,0,0,0,9.000000005,57.79999999,16.84000003,0,0,0,8.039999992,3.41E-10,0,0,0
58_14,0.672316384,194.0847458,42,5,53,17,2,27,83,8,8,189,44.54022154,69.41024868,120.5920093,4.700540882,34,1.676470588,3647.927874,5.15,6,1.840000001,0,6.719999997,0,0.56,0,0,12.64000003,0,0,1.840000011,36.63999995,6.399999971,0,0,0,2.72,2.84,9.400000005,18.40000004,0
58_15,0.741144414,152.0817439,41,2,92,20,11,23,92,10,23,184,82.80757005,82.20610333,143.261716,9.387970066,34,1.764705882,3298.964668,5.877777778,7,0.64,0,0,0,0,0,0,11.87999998,0,0,22.60000002,5.480000004,21.16000004,0,0,0,6.24,0.200000001,0.559999995,31.23999996,0
58_16,0.696335079,169.0209424,2,0,6,14,0,7,2,0,6,309,120.7331173,119.0315364,235.8967493,15.97923716,41,1.56097561,4000.027882,5.872222222,7,0,0,0,0,2.4,0,0,0,0,0,6.439999971,21.52000003,62.16,0,0,0,5.92,1.56,0,0,0
58_17,0.411764706,240.5490196,0,2,13,6,5,8,0,1,5,360,100.439084,204.2604252,134.2417249,14.60495128,18,1.555555556,2667.427551,3.288888889,7,0,0,0,0,0.960000019,0,0,17.04000001,4.600000033,0,14.48000002,38.35999997,16.79999995,0,0,0,0,7.76,0,0,0
58_18,0.28125,259.75,0,0,17,6,3,4,3,2,3,279,56.07531514,90.32326036,68.21641313,10.76228949,33,1.484848485,3195.117894,1.311111111,7,2.880000003,0,0,0,19.96000001,0,0,11.2,10.43999999,5.320000005,11.39999998,37.48000001,0,0,0,0,0,1.32,0,0,0
58_19,0,353.25,0,0,0,0,1,3,0,0,3,54,40.30246822,57.18726617,50.55947811,13.87940652,10,2,1705.644025,1.116666667,7,0.319999996,0,0,0,9.479999967,0,0,0,86.72000007,1.199999995,0,2.279999976,0,0,0,0,0,0,0,0,0
58_2,0,669.2857143,3,0,8,3,2,1,0,0,4,73,10.22304835,41.12869009,45.91112581,11.66131232,15,1.466666667,1449.81388,0.161111111,1,51.48000006,0,0,0,1.12,2.28,0,0,1.840000013,0,0,35.51999993,0,0,0,0,5.48,2.279999999,0,0,0
58_20,0.05,524.4,0,0,2,0,1,5,0,0,1,171,76.22980362,77.9297722,124.1744536,18.77845193,12,1.916666667,2810.057347,1.311111111,7,0,0,0,0,3.560000008,0,0,0,73.59999995,0,0,0,22.84000004,0,0,0,0,0,0,0,0
58_21,0.041666667,494.1666667,1,0,3,0,0,3,0,0,12,572,61.70229123,170.5376019,241.3714248,16.86080632,24,1.708333333,3362.972295,2.066666667,7,0,0,0,0,3.319999993,0,0,0,6.519999976,0,0,15.76000001,74.40000002,0,0,0,0,0,0,0,0
58_22,0.041666667,421.625,6,0,21,5,1,5,8,1,8,526,67.86851142,214.2711908,265.4465234,13.96135614,33,1.636363636,3450.961303,2.616666667,8,3.799999999,0,0,0,0,0,0,13.68000003,0,0,0,0.559999995,81.95999998,0,0,0,0,0,0,0,0
58_23,0.115384615,405.0192308,18,0,26,7,5,8,15,3,6,636,74.44753737,204.4536028,229.4286914,18.29947036,46,1.5,4322.950062,2.455555556,9,0,0,0,0,0.48,0,0,79.52000005,0,0,0,6.920000002,6.999999952,0,0,0,6.08,0,0,0,0
58_24,0.23255814,324.1627907,1,1,9,2,1,4,1,0,7,820,96.9958936,229.1007375,290.9110859,20.93371194,41,1.536585366,4336.70953,2.933333333,9,5.720000048,0,0,0,0.880000003,0,0,35.47999993,0,0,0,21.68000002,36.24,0,0,0,0,0,0,0,0
58_25,0.507936508,252.5714286,0,4,3,2,2,7,0,2,6,550,204.8626424,228.2169654,222.8009986,37.45667573,38,1.5,3581.707163,3.761111111,9,31.63999995,0,0,0,3.079999998,0,0,0.879999993,0,0,0,27.07999999,37.32000006,0,0,0,0,0,0,0,0
58_26,0.697435897,197.2923077,9,1,20,5,4,4,12,1,6,507,197.1907909,313.6487274,192.351653,50.10736342,46,1.434782609,3718.505895,3.727777778,9,9.440000001,0,0,0,5.920000015,0,0,38.16,0,0,3.14E-09,0.839999984,45.63999999,0,0,0,0,0,0,0,0
58_27,0.675675676,142.1171171,0,0,2,2,2,3,0,0,3,422,159.3141701,219.0169482,71.46403047,58.50888134,24,1.458333333,2534.686212,4.288888889,9,0,0,0,0,4.199999983,0,0,0,8.24000005,0,20.76,23.36,43.43999997,0,0,0,0,0,0,0,0
58_28,0.707692308,57.98461538,0,0,41,2,25,6,8,1,5,141,160.3295709,101.9278533,32.89238676,55.72293313,17,1.529411765,2841.155556,4.488888889,10,0,0,0,0,0,0,0,0.079999999,86.88,0,0,0,11.43999999,0,0,0,1.60000001,0,0,0,0
58_29,0.702380952,80.0952381,0,0,12,3,5,2,5,0,3,423,221.5177664,155.9880594,80.78081509,49.43795035,27,1.444444444,3501.293096,5.388888889,10,3.840000001,0,0,0,0,0,0,26.48,28.79999993,0,0,0,33.44000008,0,0,0,7.439999991,0,0,0,0
58_3,0,616,1,0,3,0,0,0,0,0,1,13,5.652088672,8.016865102,12.45498436,15.97876839,0,1,474.2518034,0.122222222,2,86.12000002,0,0,0,1.000000005,0,0,0,1.319999987,0,0,6.679999996,0,0,0,0,4.879999993,0,0,0,0
58_30,0.649006623,148.8940397,15,0,17,4,1,4,8,2,9,728,249.9007848,477.3685359,187.3536296,54.0920372,24,1.666666667,3583.590551,5.355555556,10,1.839999999,0,0,0,0.6,0,0,12.40000001,3.760000007,0,0,16.00000002,64.35999996,0,0,0,0,1.040000006,0,0,0
58_31,0.4,216.1764706,0,0,1,0,3,3,0,0,2,165,151.210922,112.0729088,68.86987678,55.29031739,5,2.2,1196.176309,5.255555556,11,1.880000003,0.240000001,0,0,21.68000004,0,0,2.639999991,10.40000001,0.8,0,12.23999998,5.359999967,0,0,0,0,44.76000001,0,0,0
58_32,0.24742268,303.0618557,0,0,0,1,0,3,0,1,7,461,145.6704744,159.497684,166.5426084,52.34855498,39,1.256410256,3613.880311,4.266666667,11,0.559999997,0,0,0,11.79999996,0,0,9.960000034,0,0,0,27.16,35.96000004,0,0,0,0,14.55999996,0,0,0
58_33,0.204819277,360.2048193,4,0,10,7,0,7,4,1,6,671,332.4951175,433.4716454,207.4468825,53.98617054,35,1.628571429,4416.709792,4.305555556,11,0,0,0,0,0,0,0,33.79999996,0,0,0,13.48000005,52.71999999,0,0,0,0,0,0,0,0
58_34,0.039473684,442.9473684,2,0,5,1,0,4,0,2,4,522,185.5717551,199.6424507,191.0480007,33.5740977,29,1.75862069,3767.114603,3.238888889,10,2.280000001,0,0,0,0,0,0,0,0,0,0,33.71999996,60.56000004,0,0,0,0,3.440000003,0,0,0
58_35,0.038461538,503.0384615,1,0,5,3,0,4,1,2,7,455,56.86144361,131.2225275,313.1413427,13.65553846,35,1.457142857,3391.251153,2.694444444,10,0.679999999,0,0,0,0,0,0,17.92000004,0,0,0,1.119999998,70.19999994,0,0,0,0,10.08000003,0,0,0
58_36,0,523.2545455,3,0,3,3,0,3,2,1,5,340,113.5866101,146.3827996,197.7378035,21.48102421,31,1.322580645,3221.626901,1.733333333,9,10.40000002,0,0,0,8.120000044,0,0,2.479999962,0,0,0,29.19999997,32.27999997,0,0.520000029,0,10.52000005,6.479999954,0,0,0
58_37,0,539.516129,0,0,0,0,0,2,0,1,0,2,62.6860704,24.60146515,24.36426479,38.80618796,0,1,496.3377276,2.311111111,9,3.919999981,4.960000045,0,0,15.63999993,0,0,0,0,3.120000003,0,0,0,0,36.03999997,0,19.35999995,16.96000011,0,0,0
58_38,0.01754386,582.9298246,0,0,9,2,5,2,2,3,2,107,173.3552611,47.03149781,48.68452248,59.24722102,13,1.461538462,1696.592313,1.977777778,9,6.120000013,28.5199999,0,0,5.239999992,0,0,0,12.40000006,0,0,0,23.44000008,0,0,0,0.799999975,23.47999999,0,0,0
58_39,0.045454545,567.4545455,2,0,10,1,12,5,4,1,8,175,112.9356652,70.42282664,83.99307907,43.68991119,16,1.625,2618.793418,1.922222222,9,7.519999992,0,0,0,0,0,0,1.8,53.79999995,0,0,0,25.00000006,0,0,0,11.88,0,0,0,0
58_4,0.2,603.6,1,0,3,0,1,1,1,1,0,14,2.515911823,6.860590617,5.967168049,7.354327249,1,3,784.2307635,0.083333333,2,69.68000001,0,0,0,4.359999999,7.519999998,0,0,0,0,0,6.439999992,0,0,0,0,0,12,0,0,0
58_40,0.057142857,550.1428571,0,0,5,0,8,3,3,0,5,76,13.19545593,36.37777786,52.53263666,31.44979197,17,1.764705882,2644.373476,1.516666667,8,4.080000012,0,0,0,11.44,0,0,18.31999999,54.47999995,0.960000001,0,0,1.000000005,0,0,0,9.720000039,0,0,0,0
58_41,0.060606061,471.8787879,4,0,9,2,1,0,10,0,6,63,18.11101903,65.15364121,88.15055816,20.36628045,35,1.542857143,3560.46895,1.038888889,8,39.84000009,0,0,3.760000001,4.519999999,0,0,1,9.839999964,0,0,10.99999997,3.919999978,0,0,0,12.67999996,0,13.44000002,0,0
58_42,0,498.75,0,0,0,0,1,1,0,0,1,2,8.895248721,7.088293366,11.29852891,13.4572511,14,1.857142857,1935.971216,0.627777778,7,86.84000001,0,0,0,5.039999995,0,0,0,0,0,0,2.000000001,0,0,0,0,6.12,0,0,0,0
58_43,0,609,0,1,0,0,0,0,0,0,1,6,7.258188842,3.500079655,6.816077779,13.0438099,1,2,757.365162,0.222222222,7,54.95999994,0,0,0,5.320000007,4.560000002,0,0,0,0.04,0,2.760000001,0,0,0,0,6.840000001,25.52000004,0,0,0
58_44,0,600,0,0,0,0,0,2,0,0,1,1,4.257554948,1.902507938,3.249889881,14.11602688,0,1,509.1750914,0.111111111,6,27.92000002,0,0,0,20,0.68,0,0,0,0.44,0,0.04,0,0,0,0,6.680000001,44.23999998,0,0,0
58_45,0,554,0,0,0,0,1,0,0,1,0,7,3.003887661,1.235041172,1.75993367,14.564,3,1.666666667,1319.609497,0.105555556,6,66.00000002,0,0,0,15.83999999,1.360000002,0,0,0,0,0,5.600000003,0,0,0,0,6.560000002,4.639999985,0,0,0
58_46,0,573.3333333,0,0,0,0,0,0,0,0,1,0,4.094662036,2.280461256,2.552769103,14.34251223,4,2.5,1633.169279,0.194444444,6,90.39999999,0,0,0,2.759999986,0,0,0,0,0,0,0.880000024,0,0,0,0.720000005,5.239999993,0,0,0,0
58_47,0,466,0,1,0,0,0,0,0,0,0,9,3.003887661,3.204959637,4.958176724,14.564,1,1,38.08692051,0.65,6,86.72000003,0,0,0,1.96,2.16,0,0,0,0,0,7.519999978,0,0,0,1.639999995,0,0,0,0,0
58_48,0,480.7857143,0,0,0,0,0,1,0,0,0,52,10.40820802,18.37025834,30.69674543,16.40091511,12,1.333333333,1018.08763,0.755555556,5,73.91999994,0,0,0,3.720000008,3.44,0,0,0,0,0,10.00000002,8.920000031,0,0,0,0,0,0,0,0
58_49,0.142857143,534,0,2,0,0,0,2,0,0,1,28,56.76648764,26.38897325,24.80592298,29.35822249,7,1.857142857,1803.543745,0.744444444,4,56.08000003,0,0,0,17.32,1.360000001,0,0,0,11.6,0,9.679999986,1.95999998,0,0,0,2.000000002,0,0,0,0
58_5,0,609.3333333,0,0,0,0,0,0,0,0,0,0,2.616865495,8.585918196,6.189593561,2.899,0,1,10.22822584,0.15,2,98.28,0,0,0,0.119999995,0.280000003,0,0,0,1.319999999,0,0,0,0,0,0,0,0,0,0,0
58_50,0,657,0,0,0,0,0,0,0,0,1,0,3.533046469,1.608053123,2.169020515,14.48638075,1,5,1236.710886,0.305555556,4,69.51999999,0,0,0,16.96,0,0,0,0,0.76000001,0,0,0,0,0,0,12.76,0,0,0,0
58_51,0,356,0,0,0,0,0,0,0,0,3,13,1.390752687,2.175847523,3.532983299,11.10445907,3,3,2051.88037,0.094444444,3,38.84,0,0,0,27.59999998,0.600000002,0,0,0,0.959999989,0,11.64,0,0,0,0,20.36000002,0,0,0,0
58_8,0,563.25,0,0,0,0,0,0,0,0,3,9,2.815831867,9.541073086,7.764094718,2.898427374,0,1,114.7869019,0.361111111,4,65.80000003,0,0,0,26.48,0.319999991,0,0,0,0,0,2.879999987,0,0,0,0,2.120000008,2.39999998,0,0,0
58_9,0.166666667,423.6666667,0,0,0,0,0,0,1,0,4,56,8.633112576,45.78833934,79.43125835,2.683792287,4,1.75,1003.281623,0.711111111,5,23.03999995,0,0,0,33.56,0,0,0,0,0,0,0,10.56000004,0,0,0,10.95999999,21.88000002,0,0,0
59_1,0,743.5,0,0,0,0,0,0,0,0,0,5,3.645505579,12.16082402,17.31746021,18.06102436,1,1,38.0054037,0.133333333,1,81.96000002,0,0,0,7.319999991,0.279999995,0,0,0,0,0,2.799999995,0,0,0,0,0,7.639999997,0,0,0
59_10,0.166666667,444.6666667,0,0,0,0,0,4,0,0,6,19,16.78752793,18.13644173,37.45725318,2.325957238,1,3,1412.860344,0.355555556,5,52.48000007,6.359999987,0,0,8.43999997,0,0,0,0,0,0,9.519999998,0,0,0,0,18.43999998,4.759999994,0,0,0
59_11,0,375.4,0,0,1,0,0,3,0,0,4,78,18.68332718,14.30908036,27.9768172,4.178251868,4,2.5,1172.677661,0.45,5,53.59999995,0,0,2.2,8.000000019,2.080000003,0,0,0,0,0,34.00000003,0,0,0,0,0.119999997,0,0,0,0
59_12,0.5,333.5,0,0,0,0,0,0,0,0,0,13,20.6387964,17.45110514,30.04628052,4.209831931,2,2.5,173.5024791,0.666666667,5,70.00000005,0,0,3.2,13.67999998,0.28,0,0,0,1.000000001,0.040000013,11.79999996,0,0,0,0,0,0,0,0,0
59_13,0.416666667,315.0833333,0,1,0,1,0,0,0,0,0,29,36.2141236,40.59496469,53.90446016,3.590354197,1,2,116.3545201,1.922222222,5,19.39999994,0,0,0,23.56000001,0,0,0,0,0.200000001,37.35999998,8.480000044,0,0,0,0,0,11.00000002,0,0,0
59_14,0.618421053,225.6052632,0,4,15,1,1,2,0,2,4,154,41.94914435,47.74532629,108.7524614,3.425961113,13,1.538461538,1824.952361,5.038888889,6,0.559999992,0,0,0,15.31999999,0,0,4.720000028,0,0,0,59.76,0,0,0,0,0,19.63999999,0,0,0
59_15,0.670995671,208.1861472,0,1,5,4,0,2,0,3,6,118,101.809571,42.08574274,243.7961007,9.598514808,23,1.913043478,2282.025699,6.127777778,7,0.44,0,0,0,0,0,0,21.64,0,0,57.76000005,18.87999996,0.120000001,0,0,0,0.479999999,0.679999994,0,0,0
59_16,0.571428571,228.4971429,0,0,4,2,1,7,0,1,2,548,177.1818148,186.6137789,266.164931,14.89191465,36,1.5,4093.101328,5.911111111,7,0.400000005,0,0,0,0,0,0,20.59999997,0,0,10.99999995,0.040000001,62.32000007,0,0,0,5.2,0.440000006,0,0,0
59_17,0.341772152,290.8734177,1,0,10,1,0,6,2,0,5,578,251.3440515,423.1998355,231.5066866,16.87933998,39,1.307692308,3672.262778,3.527777778,7,2.999999995,0,0,0,3.960000004,0,0,52.16000008,0,0.72,0,2.439999995,37.47999993,0,0,0,0,0.239999995,0,0,0
59_18,0.186046512,315.3488372,1,0,4,2,0,3,1,1,10,449,280.0442089,323.0824946,169.1174766,15.93947537,35,1.342857143,2980.548452,1.611111111,7,0,0,0,0,2.760000012,0,0,53.63999994,0,0.52,0,17.28000003,0,0,0,0,0,25.80000002,0,0,0
59_19,0.125,522.375,1,2,5,2,1,3,3,1,4,139,36.43520372,84.96569588,80.38847154,13.37447295,10,2.1,2043.077133,0.983333333,7,0,0,0,0,15.55999998,0,0,1.039999989,52.96000008,2.28,0,25.83999997,0,0,0,0,0,2.319999976,0,0,0
59_20,0.166666667,674,0,0,0,0,2,1,0,0,1,7,45.05544907,22.83715119,29.2371176,15.59051719,5,2.4,1936.108586,0.705555556,7,6.72000003,0,0,0,16.32000001,0,0,0,72.95999994,2.120000014,0,0.64,0,0,0,0,0,1.240000003,0,0,0
59_21,0.043478261,524.173913,0,1,2,0,0,1,0,1,4,109,39.62535734,34.95501707,39.34573072,15.26361097,11,1.727272727,1535.808226,0.955555556,7,6.43999997,0,0,0,17.52,0,0,0,4.599999968,3.599999987,0,17.20000003,5.760000002,0,0,0,0,44.88000005,0,0,0
59_22,0.078947368,495.2105263,0,0,3,2,0,5,1,0,7,535,43.94907813,159.8532493,196.1373168,12.25919293,16,1.8125,2548.865247,1.566666667,8,0,0,0,0,3.359999993,0,0,0.600000007,0,0,0,7.47999997,67.96000006,0,0,0,0,20.59999997,0,0,0
59_23,0.09375,433.375,7,0,4,3,1,5,3,0,9,584,56.71944036,162.8010125,168.9650016,18.32934034,39,1.564102564,3990.708849,1.711111111,8,1.600000006,0,0,0,8.200000012,0,0,26.36000005,0,0,0,29.56000001,20.67999993,0,0,0,6.52,7.079999995,0,0,0
59_24,0.21875,379,0,0,5,2,0,4,3,0,5,1021,41.4634635,188.4892046,210.939941,18.8640791,52,1.25,4945.113998,2.033333333,8,5.200000002,0,0,0,4.119999991,0,0,69.84,0,0,0,20.84000001,0,0,0,0,0,0,0,0,0
59_25,0.107692308,401.8615385,0,0,3,2,0,3,0,0,2,554,153.395171,335.9895946,171.9063288,34.04272786,32,1.34375,3696.453925,2.888888889,9,16.60000004,0,0,0,8.520000022,0,0,41.43999993,0,0,0,27.4,6.04,0,0,0,0,0,0,0,0
59_26,0.407407407,268.7777778,0,0,2,1,0,1,1,0,3,527,170.3462856,188.2010404,144.7627308,56.62518505,39,1.435897436,3273.403731,3.433333333,9,13.55999995,0,0,0,18.11999998,0,0,8.360000003,0,0,0,13.52,46.44000007,0,0,0,0,0,0,0,0
59_27,0.581081081,219.3513514,0,0,0,1,0,2,1,0,6,199,170.9281115,103.4716775,50.67159325,64.95509272,15,1.8,1977.641618,3.777777778,9,27.92000001,0,0,0,15.64000001,0,0,0.880000008,2.560000014,0,0,21.52000002,26.31999994,0,0,0,0,5.159999998,0,0,0
59_28,0.68627451,167.0980392,0,0,8,2,16,3,2,0,5,132,172.5807144,78.42168173,54.36918468,55.11328752,12,1.333333333,1176.811974,3.8,9,12.59999998,0,0,0,8.799999982,0,0,12.6,29.44000003,0,0,23.32,2.800000001,0,0,0,10.44,0,0,0,0
59_29,0.675213675,149.1794872,0,0,11,5,15,9,6,4,5,340,265.0941621,221.8407362,120.5694492,49.49566605,38,1.342105263,3283.463351,4.594444444,10,1.53E-09,0,0,0,2.199999998,0,0,7.359999991,25.51999998,0,0,24.71999996,40.20000007,0,0,0,0,0,0,0,0
59_30,0.673202614,159.4052288,5,0,13,4,3,4,2,2,5,336,192.6250166,223.6037544,116.4055091,53.81180707,40,1.525,3852.072831,5.122222222,10,11.08,0,0,0,1.560000024,0,0,26.32,0,0,0,41.80000003,13.07999992,0,0,0,0,6.160000026,0,0,0
59_31,0.237623762,297.2079208,0,0,0,0,0,0,0,0,2,13,128.4661098,30.47807914,47.32874103,50.57034221,1,3,130.920511,5.75,11,0,0,0,0,35.63999999,0,0,0,0,0,0,4.279999989,0,0,0,0,0,60.08000002,0,0,0
59_32,0.102040816,360.2857143,0,3,0,2,0,5,1,3,8,315,132.4369481,177.2697015,167.0076297,50.87968017,24,1.375,2675.97222,5.161111111,11,0,0,0,0,1.399999985,0,0,1.400000015,0,12.44,0,48.24000003,7.36,0,0,0,0,29.15999997,0,0,0
59_33,0.180851064,354,0,0,1,1,0,3,0,0,5,573,270.8874776,355.6141977,189.0192315,53.94644351,31,1.387096774,3096.49241,4.861111111,11,1.24,0,0,0,1.16,0,0,7.759999993,0,0,0,26.35999993,63.48000008,0,0,0,0,0,0,0,0
59_34,0.104477612,428.7164179,13,0,15,4,0,7,16,2,5,523,181.4605792,194.6656443,247.8261274,32.99381012,34,1.588235294,3917.59913,3.4,10,2.96,0,0,0,0,0,0,0,0,0,0,2.800000001,94.24,0,0,0,0,0,0,0,0
59_35,0.058823529,506.6470588,1,1,10,3,0,5,2,0,2,581,40.58446732,172.9407158,291.9471009,10.66501214,22,2,4041.808775,2.655555556,9,3.440000005,0,0,0,3.999999999,0,0,33.19999999,0,0,0,0.880000002,55.35999998,0,0,0,0,3.120000028,0,0,0
59_36,0.08,552.02,0,0,2,0,0,3,0,0,6,612,92.47635941,173.6673147,276.8630431,17.00707745,52,1.384615385,4477.605027,1.505555556,9,2.759999998,0,0,0,0.320000016,0,0,19.6,0,0,0,13.04000008,54.35999993,0,0,0,0,9.919999981,0,0,0
59_37,0,507.95,0,0,0,0,0,1,0,0,2,110,74.77052887,27.41382328,57.75551413,30.17982659,4,1.75,1279.372701,1.566666667,9,9.840000019,0,0,0,24.44,0,0,0,0,10.96000002,0,10.5199999,0,0,21.96000002,0,22.28000004,0,0,0,0
59_38,0,651.4375,0,0,0,0,0,0,0,0,3,2,22.15077327,4.584886708,4.936385654,34.87349856,3,2.333333333,1031.454753,1.072222222,8,13.8,4.600000056,0,0,22.03999996,0,0,0,16.76000005,15.59999997,0,0.559999993,0.160000006,0,8.239999975,0,18.23999999,0,0,0,0
59_39,0,657.8333333,0,0,4,0,2,8,0,0,3,108,10.82057353,2.306731483,2.479749383,33.03215091,20,1.5,2642.938285,1.111111111,8,6.559999977,0,0,0,8.71999999,0,0,7.920000011,62.60000001,0,0,11.96000001,0,0,0,0,2.239999996,0,0,0,0
59_4,1,591,0,0,0,0,0,0,0,0,0,1,7.253751462,13.76170488,22.32195719,6.592528012,0,0,0,0.105555556,2,91.83999999,0,0,0,7.88,0,0,0,0,1.73E-10,0,0.280000006,0,0,0,0,0,0,0,0,0
59_40,0.12,576.24,1,0,3,1,2,4,5,1,10,170,10.80118532,38.81430605,63.22159529,33.029,33,1.636363636,3298.738094,0.955555556,8,4.239999953,0,0,0,14.43999997,0,0,23.84000002,21.55999999,1.080000008,0,10.47999999,14.08000007,0,0,0,6.320000006,3.960000001,0,0,0
59_41,0.047619048,485.952381,0,0,5,1,0,2,0,2,0,309,10.54535232,47.61533599,57.14108362,32.42315467,16,1.625,2352.116598,0.722222222,8,34.2000001,0,0,0,0,4.720000001,0,7.359999978,0,0.319999988,0,19.84,23.63999997,0,0,0,0,9.919999962,0,0,0
59_42,0,540.875,0,0,0,0,1,2,0,0,1,0,7.128356432,15.53294554,15.07935303,24.33127056,3,2.333333333,1058.109584,0.483333333,8,100,0,0,0,0,0,0,0,0,0,0,0,0,0,0,0,0,0,0,0,0
59_43,0,881.5,0,0,0,0,0,1,0,0,3,0,3.01143154,1.261192821,1.784295616,14.58186487,0,0,0,0.177777778,6,68.6399999,0,0,0,4.000000009,0,0,0,0,0.36,0,0,0,0,0,0,0,27.00000009,0,0,0
59_45,0,558,0,0,0,0,1,0,0,0,0,14,3.003887661,1.235041172,1.75993367,14.564,3,1.666666667,561.3731275,0.072222222,6,84.76000003,0,0,0,0.160000001,5.199999989,0,0,0,0,0,8.559999982,0,0,0,0,0,1.319999995,0,0,0
59_46,0,532,0,0,0,0,0,0,0,0,0,13,3.001143919,1.234046032,1.759908085,14.55811575,1,4,1013.424346,0.094444444,5,84.72,0,0,0,0.439999997,2.960000003,0,0,0,0.240000001,0,9.839999991,0,0,0,0,1.800000004,0,0,0,0
59_47,0,475,0,0,1,0,0,0,0,0,1,13,2.640648918,1.103296908,1.756546915,13.78499557,3,2,1172.448927,0.183333333,5,79.31999998,0,0,0,5.480000001,5.320000021,0,0,0,0,0,3.56,0,0,0,0,6.319999999,0,0,0,0
59_48,0,599.1666667,0,0,0,0,0,0,0,0,1,9,1.664259922,1.996173331,3.208737756,11.69102466,5,2.6,1857.251692,0.188888889,5,72.79999998,0,0,0,7.48000001,3.079999978,0,0,0,0,0,4.96,0,0,0,0.92,10.76000003,0,0,0,0
59_49,0,578,0,0,0,0,0,0,0,0,1,2,2.229568722,1.686636474,2.611013046,12.90339,10,2.1,3035.766715,0.188888889,4,33.12000003,0,0,0,25.56000001,0,0,0,0,1.320000002,0,1.200000003,0,0,8.319999991,0,30.47999997,0,0,0,0
59_5,0,599.25,0,0,0,1,1,0,0,0,0,73,7.495893845,52.21337564,50.39465663,2.810922075,8,1.875,1683.910037,0.188888889,2,66.55999994,0,0,0,8.38E-09,2.320000015,0,0,0,0,0,7.559999995,23.56000005,0,0,0,0,0,0,0,0
59_50,0,434.8,0,0,1,1,2,0,1,0,2,18,2.354839251,1.61357668,2.473324094,13.17204609,4,2.25,1504.464959,0.061111111,4,65.95999998,0,0,0,7.040000008,7.88,0,0,0.159999998,0.600000001,0,11.48000001,0,0,0,0,6.880000004,0,0,0,0
59_6,0,564.3333333,0,0,4,0,0,1,3,2,0,117,2.616865495,39.81605384,41.72143688,2.899,14,1.5,2111.800629,0.288888889,3,35.36000002,0,0,0,16.55999999,3.319999983,0,0,0,0,0,7.400000022,27.67999997,0,0,0,0,9.680000017,0,0,0
59_7,0,571,0,0,0,0,0,0,0,0,0,2,2.616865495,13.20690034,12.37536123,2.899,3,2,620.2636078,0.472222222,4,85.20000004,0,0,0,7.6,0,0,0,0,0,0,4.359999978,0,0,0,0,0,2.839999985,0,0,0
59_8,0,517,0,0,0,0,0,0,0,0,0,0,6.445793793,10.62339645,8.283891289,3.528350791,2,2.5,143.7435605,0.422222222,4,93.52,0,0,0,1.879999999,0,0,0,0,0,0,0,0,0,0,0,3.88000001,0.719999991,0,0,0
59_9,0,503,0,0,0,0,0,0,0,0,3,3,28.43073756,22.36255959,20.37857198,7.139967388,6,2,424.4462008,0.422222222,5,56.19999993,25.20000002,0,0,6.360000031,0,0,0,0,0,0,3.520000013,0,0,0,0,8.720000008,0,0,0,0
5_18,0,288,0,1,0,0,1,0,0,0,0,7,5.447784568,4.363414811,6.530304335,8.928556802,1,1,44.57530693,0.022222222,5,87.92,0,0,0,4.759999999,1.279999984,0,0,0,0,0,6.04000002,0,0,0,0,0,0,0,0,0
5_20,0,223.3333333,0,0,1,0,0,2,1,0,0,83,22.09960742,18.95943275,48.14089891,10.37710042,7,1.571428571,1396.262254,0.372222222,5,37.23999993,0,0,0,22.12,1.760000002,0,0,0,0,0,32.84000006,0.240000009,0,0,0,5.799999995,0,0,0,0
5_21,0.148148148,253.4074074,0,0,7,1,0,3,0,0,10,516,35.26327803,132.4620445,218.987792,11.16113846,29,1.448275862,3335.230074,1.061111111,6,2.840000005,0,0,0,0,0,0,16.36000003,0,0,0,19.95999993,60.84000004,0,0,0,0,0,0,0,0
5_22,0.23943662,228.943662,2,0,10,2,1,4,3,0,8,638,109.4155079,213.3748756,264.5662031,19.04870471,29,1.620689655,3953.445729,1.544444444,6,3.000000011,0,0,0,0,0,0,21.35999998,0,0,0,8.880000043,66.75999997,0,0,0,0,0,0,0,0
5_23,0.47761194,202.0746269,0,0,2,1,1,7,0,0,8,305,121.575094,130.4183608,154.3131267,20.45705557,43,1.697674419,5010.71004,2.083333333,6,20.47999999,0,0,0,0.48,0.4,0,0.64,0,0,0,47.72000003,11.59999998,0,0,0,0,18.68000001,0,0,0
5_24,0.311111111,221.3111111,0,0,5,2,0,5,0,0,5,521,97.50397459,179.0963444,207.5328503,15.75095152,20,1.8,3196.850161,2.572222222,6,4.480000006,0,0,0,0,0,0,2.320000009,0,0,0,60.55999996,28.08000004,0,0,0,0,4.559999988,0,0,0
5_25,0.418604651,221.3255814,12,0,31,5,4,7,9,1,9,590,74.52157863,159.9114023,311.3393393,8.81729316,30,1.466666667,3665.640461,2.722222222,6,0.199999994,0,0,0,0,0,0,8.159999992,0,0,0,8.239999979,78.04000003,0,0,0,5.36,0,0,0,0
5_26,0.2,277.52,1,1,6,1,1,7,2,0,6,557,166.6443794,184.5792439,324.6073748,17.40073922,24,1.5,3154.294106,2.666666667,6,1.680000005,0,0,0,0,0,0,12.96,0,0,0,23.20000004,58.03999996,0,0,0,0,4.12,0,0,0
5_27,0.051948052,328.8181818,1,0,3,0,0,3,0,0,5,452,185.9737075,170.9627513,196.0864024,22.22523879,29,1.344827586,2701.792265,2.677777778,6,18.36000001,0,0,0,8.720000015,0.840000007,0,8.399999999,0,1.88,0,9.359999957,52.44000001,0,0,0,0,0,0,0,0
5_28,0.067307692,372.4423077,0,1,4,2,1,5,1,0,5,541,175.4556608,162.6926594,293.1577172,24.46105556,36,1.388888889,3354.154139,3.061111111,6,1.319999988,0,0,0,7.51999999,0.839999993,0,22.52000003,0,0.64,0,29.92000003,21.91999997,0,0,0,0,15.32,0,0,0
5_29,0.07826087,333.8347826,2,1,15,5,1,7,9,0,7,587,155.0544944,260.042613,269.821745,18.64027814,27,1.518518519,3244.831512,2.872222222,7,0,0,0,0,0.839999996,0,0,38.63999999,0,0,0,19.63999997,25.51999999,0,0,0,0,15.36000005,0,0,0
5_30,0.08,330.42,0,0,2,2,0,4,0,4,5,439,81.06246912,145.2016401,271.0001991,11.66398434,25,1.72,3104.816208,2.588888889,7,5.400000012,0,0,0,0,0.52,0,35.19999999,0,0,0,17.36000002,28.32000003,0,0,0,0,13.19999996,0,0,0
5_31,0.04,373.52,1,0,8,0,1,4,3,0,5,606,31.99059068,175.3318417,319.979055,7.543972638,28,1.5,3506.119363,2.105555556,7,4.079999988,0,0,0,0,0,0,37.03999999,0,0,0,10.71999998,45.08000002,0,0,0,1.840000005,1.240000017,0,0,0
5_32,0.034482759,370.4310345,2,1,9,3,2,6,1,1,4,441,83.88712196,159.1056714,305.5239849,13.13117599,33,1.484848485,3324.028391,2.227777778,9,0.440000004,0,0,0,3.6,2.58E-09,0,7.640000031,0,0,0,10.52000002,66.55999996,0,0,0,5.359999999,5.879999982,0,0,0
5_33,0.106666667,404.5733333,22,0,66,11,5,12,27,3,10,550,104.2389321,138.3045582,261.9674672,16.45742578,37,1.486486486,3902.982968,2.672222222,9,2.239999996,0,0,0,0,0.519999997,0,53.27999999,0,0,4.560000018,16.31999998,12.60000001,0,0,0,10.4,0.08,0,0,0
5_34,0.045454545,426.2424242,4,1,11,7,6,7,4,0,4,466,79.20867887,140.013988,254.7347622,13.80112576,38,1.263157895,3315.430471,2.755555556,9,0,0,0,0,1.2,0,0,44.67999998,10.36000006,1.12,7.359999982,0,30.19999999,0,0,0,5.08,0,0,0,0
5_35,0.076923077,387.2051282,5,0,36,2,10,12,12,2,2,679,33.41517549,107.1621036,253.6073383,10.92794714,46,1.52173913,4053.894849,2.461111111,9,0,0,0,0,0.720000004,0,0,32.24000001,24.23999995,0,0,0,39.04000004,0,0,0,2.159999994,0,1.600000001,0,0
5_36,0.0625,431.90625,0,0,1,0,0,2,0,0,0,327,29.08345142,70.76955837,152.5911234,10.44735139,20,1.6,1737.258058,1.7,9,46.00000007,0,0,0,7.199999995,0,0,7.839999981,0.88,0,0,1.040000008,37.03999995,0,0,0,0,0,0,0,0
5_37,0,443.9230769,0,0,0,0,0,2,0,0,0,10,7.6099315,16.77290282,50.69799456,14.40721241,2,1,295.9650646,0.9,9,70.68000001,0,0,0,17.12,7.799999997,0,0,0,0,0,4.399999992,0,0,0,0,0,0,0,0,0
5_38,0,365,0,0,0,0,0,0,0,0,0,0,3.628549367,4.960024071,10.90715676,17.328,2,3,1395.049527,0.288888889,9,38.27999991,0,0,0.920000003,31.24000001,0,0,0,0,3.000000003,0,1.32E-09,0,0,0,0,0,26.56000007,0,0,0
5_45,0,413,1,0,0,1,0,6,0,0,2,12,14.59933698,10.83563551,12.43329268,16.767,9,1.666666667,1220.027207,0.4,9,67.28000003,0,0,0,13.19999998,0.6,0,0,0,0,0,15.36,0,0,0,0,3.559999995,0,0,0,0
5_46,0.090909091,387.0909091,3,0,9,2,0,6,5,0,2,228,38.89579751,61.90701626,83.52536636,13.31004381,19,1.421052632,2116.394411,1.133333333,9,36.95999995,0,0,0,10.04,0,0,0,0,0,0,38.64,9.120000051,0,0,0,5.240000008,0,0,0,0
5_47,0.073170732,375.3170732,1,0,8,0,0,5,0,0,6,625,68.99753278,215.547524,235.9117608,11.85679565,21,1.80952381,3344.257516,1.927777778,9,1.51999999,0,0,0,0,0,0,0,0,0,0,0.52,95.32000002,0,0,0,2.639999992,0,0,0,0
5_48,0.081967213,383.4754098,0,0,5,1,0,4,0,0,2,557,209.0646542,250.5033633,211.0705922,27.94641911,26,1.538461538,3159.589923,2.805555556,9,0,0,0,0,0.480000001,0,0,8,0,0,0,9.320000023,77.95999997,0,0,0,0,4.240000009,0,0,0
5_49,0.049586777,346.0743802,8,0,21,7,1,6,12,1,9,394,394.4289651,271.0336801,277.2807303,36.94332084,34,1.735294118,4081.959179,2.716666667,9,0.44,0,0,0,2.439999999,0,0,8.200000065,0,0,0,10.31999998,72.83999997,0,0,0,0,5.759999992,0,0,0
5_50,0.079365079,338.6984127,5,0,13,3,1,4,2,1,4,607,88.29683134,192.9574418,265.4627836,11.73597878,24,1.375,2853.712137,2.911111111,9,0,0,0,0,4.72,0,0,26.03999994,0,0,0,10.60000003,57.72000003,0,0,0,0.92,0,0,0,0
5_51,0.052631579,321.1315789,0,0,4,1,1,3,0,0,1,396,99.3662507,178.4385135,203.8165715,11.1800657,21,1.714285714,2954.020676,2.35,7,0,0,0,0,6.48,0,0,0,0,0,0,42.08000001,51.43999999,0,0,0,0,0,0,0,0
5_52,0.05,326.3,0,1,3,1,0,5,0,0,1,362,44.08318662,108.8296126,275.059995,11.24030285,32,1.625,3539.514603,1.894444444,7,0.6,0,0,0,0,0,0,0,0,0,0,2.359999969,97.04000003,0,0,0,0,3.91E-10,0,0,0
5_53,0.095238095,317.3809524,0,0,0,3,0,2,1,0,2,260,32.75085904,46.38922858,117.8813063,10.96736581,31,1.225806452,2656.350327,1.677777778,7,0,0,0,0,16.44000003,0,0,0,0,0,0,37.36000004,40.55999993,0,0,0,5.64,0,0,0,0
5_54,0.357142857,237.9285714,0,0,0,0,0,1,0,1,5,79,48.91457379,47.15699993,84.93076306,10.15274634,6,1.166666667,653.3266159,2.394444444,6,0,0,0,0,32.27999999,0,0,0,0,3.120000002,0,47.6,0,0,0,0,0,17.00000001,0,0,0
5_55,0.492957746,168.1126761,0,1,7,3,0,3,2,0,7,220,75.64893914,69.25550118,199.5275744,8.621964963,12,2.25,2786.787409,3.027777778,6,0.28,0,0,0,27.67999998,0,0,5.800000027,0,0.519999997,0,48.83999999,13.04000001,0,0,0,0,3.839999995,0,0,0
5_56,0.443396226,136.8018868,15,3,41,8,3,6,16,0,9,206,52.40631134,59.45009192,164.4117596,9.776167754,36,1.611111111,3640.118307,2.972222222,6,2,3.76,0,0,4.360000008,0,0,13.27999998,0,0.88,0,12.12,38.88,0,0,0,5.44,19.28000001,0,0,0
5_57,0.451612903,209.7096774,0,0,6,1,0,2,1,2,0,181,41.50248545,49.50238789,114.421709,10.54124541,19,1.578947368,2157.89805,2.322222222,5,0.76,0,0,0,16.88000001,0,0,4.599999991,0,0,0,35.68,11.84,0,0,0,0,30.24,0,0,0
5_58,0.388888889,313.1111111,0,0,1,0,0,0,0,0,0,110,33.35667197,60.5068423,116.8535338,10.72698382,3,2.333333333,657.237116,1.305555556,5,9.12000002,0,0,8.439999999,18.07999999,0,0,0,0,0,0,23.8,8.600000021,0,0,0,0,31.95999997,0,0,0
5_59,0.058823529,376.4705882,0,0,5,1,2,2,1,1,2,374,28.21872236,97.74681267,122.1092008,10.22156941,18,1.388888889,2607.163018,0.916666667,5,12.76000001,0,0,0,0.84,4.719999999,0,0,0,0,0,27.96000001,53.71999998,0,0,0,0,0,0,0,0
5_60,0,444,0,0,0,0,0,1,0,0,1,13,21.10534085,50.41699681,57.20086922,10.0249766,0,1,39.68178169,0.883333333,5,40.72,0,0,0,3.400000009,0,0,0,0,0,22.8,4.23999996,0.079999997,0,0.64,0,8.36,19.76000004,0,0,0
5_61,1,428,0,0,0,0,0,0,0,0,2,3,5.364781312,5.108261631,14.0358202,12.98997644,0,1,230.4414634,0.5,5,52.32000003,0,0,0,33.79999999,0,0,0,0.360000005,0.360000003,0,2.000000011,0,0,0,0,0,11.15999996,0,0,0
60_10,0,443,0,0,0,0,0,0,0,0,1,8,17.24069929,17.10884519,34.08355666,1.938642751,0,1,304.6804097,0.211111111,5,91.07999999,0,0,0,2.24,1.36,0,0,0,0,0,4.960000002,0,0,0,0,0.360000008,0,0,0,0
60_11,0.142857143,406.2857143,0,0,0,0,1,1,1,0,2,12,11.5182472,14.25989483,25.2054226,3.877162562,1,2,721.4723362,0.294444444,5,66.11999993,0,0,0,13.96000005,5.239999997,0,0,0,1.08,0,3.160000022,0,0,0,0,10.44,0,0,0,0
60_12,0,439,0,0,0,0,0,5,0,0,1,8,15.53956791,13.94120973,38.34855221,4.75918676,0,1,349.7097376,0.533333333,5,55.80000005,0,0,0,34.47999997,0,0,0,0,0.440000012,0,6.319999978,0,0,0,0,2.959999993,0,0,0,0
60_13,0.133333333,329.4666667,0,1,1,0,0,3,0,0,7,68,13.97394146,18.62566342,99.55759481,5.146426067,7,1.428571429,966.7508284,0.994444444,5,11.35999995,0,0,2.12,31.04000001,0,0,0,0,8.319999987,0,34.84000005,0,0,0,0,0,12.32000001,0,0,0
60_14,0.6,259.4,0,0,4,1,0,5,1,0,3,170,68.34690164,37.88621886,77.48370205,7.29096808,32,1.53125,3035.707623,2.322222222,5,4.720000006,1.120000001,0,0,22.71999997,0,0,0,0,0,0,68.76000002,0,0,0,0,1.520000006,1.159999992,0,0,0
60_15,0.534883721,252.0232558,2,0,5,2,0,7,1,5,4,209,61.76804155,46.42436617,149.082873,8.187356302,30,1.566666667,3217.341485,3.238888889,6,12.28,0,0,0,9.83E-10,0,0,0.680000003,0,0,0,62.39999998,7.000000025,0,0,0,7.120000002,10.52,0,0,0
60_16,0.240740741,282.5185185,1,0,4,7,1,4,3,0,5,210,31.30497228,92.68248739,148.9605788,6.948185712,17,1.705882353,2732.44301,3.366666667,7,20.36000001,0,0,0,4.08,0,0,1.719999993,0,0,0,46.96000001,24.07999999,0,0,0,2.559999993,0.240000003,0,0,0
60_17,0.0625,345.3958333,5,1,8,3,0,3,3,0,3,401,71.64579268,127.6660386,223.2292108,8.867431336,22,1.409090909,2468.927458,2.355555556,7,0.039999998,0,0,0,8.16,0,0,5.479999999,0,2.48,0,38.35999997,25.43999999,0,0,0,0,20.04000004,0,0,0
60_18,0.097560976,380.7804878,0,0,3,3,0,4,1,1,2,405,73.0294402,175.667498,210.645722,10.10588496,21,1.619047619,2478.582334,1.3,7,2.92,0,0,0,0.440000002,0,0,18.88000001,0,0,0,43.84000003,12.52,0,0,0,0,21.39999995,0,0,0
60_19,0.173913043,406.6521739,0,2,3,0,0,5,0,0,6,303,25.35142244,133.9626529,207.8804359,13.52879964,28,1.357142857,2666.077706,0.755555556,7,0.640000001,0,0,0,19.32000001,0,0,2.319999974,23.96000006,0,0,44.35999996,9.399999999,0,0,0,0,0,0,0,0
60_20,0,535.25,0,0,0,0,1,3,0,0,2,13,40.50047399,24.07875595,34.07828977,15.32846266,1,7,2243.750341,0.633333333,7,4.080000001,0,0,0,25.68000002,0,0,0,54.35999994,0.160000001,0,3.08,1.479999987,0,0,0,0,11.16000005,0,0,0
60_21,0.117647059,655.2941176,0,1,0,0,0,1,1,0,1,8,30.45560913,11.66682577,23.43369912,14.43006825,4,1.5,855.7457493,0.744444444,7,12.16000004,0,0,0,49.44,0,0,0,0,1.159999998,0,4.44,0,0,0,0,0,32.79999996,0,0,0
60_22,0.066666667,488.3333333,0,0,1,0,2,0,0,0,4,118,18.43036547,42.23475998,52.00456942,13.38528887,7,1.571428571,671.1920013,0.988888889,7,23.03999996,0,0,0,57.40000001,0,0,1.240000019,0,0,0,1.88,14.28000003,0,0,0,0,2.159999985,0,0,0
60_23,0.157894737,435.4736842,1,0,5,1,0,4,3,1,5,316,39.44872657,82.07149764,85.33989226,19.12708267,20,1.55,2988.668607,0.922222222,8,25.00000006,0,12.96,0,10.39999999,0,0,14.71999998,0,0,8.960000006,0.4,13.35999997,0,0,0,7,7.199999997,0,0,0
60_24,0,455,0,0,0,0,0,1,0,1,0,0,37.46761422,48.18765321,57.01161324,18.43124814,0,0,0,1.088888889,8,78,0,0,0,21.96,0,0,0,0,0,0,0.040000001,0,0,0,0,0,0,0,0,0
60_25,0.129032258,452.2258065,0,0,0,0,0,1,0,0,2,10,28.60005523,41.81015118,35.81325362,17.87142065,1,2,444.3138965,1.594444444,8,67.11999997,0,0,0,10.67999999,0,0,0,0,0,17.04000004,5.15999999,0,0,0,0,0,0,0,0,0
60_26,0.128205128,851.2820513,0,0,0,0,0,0,0,0,4,9,70.71778621,60.26080204,61.54548416,29.75377162,3,2,978.969452,2.355555556,9,24.52000003,0,0,0,12.88000001,0,0,0,0,0,61.19999995,1.400000005,0,0,0,0,0,0,0,0,0
60_27,0.35,459.3,0,0,1,0,1,2,0,1,5,109,144.6758562,71.41288987,73.72865072,54.13395507,7,1.714285714,952.2889636,2.85,9,37.55999994,0,0,0,27.47999999,0,0,0,10.64,0,0,6.720000013,6.00000004,0,0,0,9.360000008,2.240000003,0,0,0
60_28,0.436619718,221.7605634,5,0,12,5,1,5,5,0,9,544,113.6416429,191.3513676,243.9725488,35.50865562,36,1.361111111,3616.435317,3.627777778,9,1.559999997,0,0,0,4.039999991,0,0,18.16000004,3.680000001,0,0,15.44,51.23999998,0,0,0,1.039999992,4.840000002,0,0,0
60_29,0.56557377,210.3442623,3,1,6,0,0,3,2,2,7,518,295.7282917,257.2936555,231.3828007,46.75788558,26,1.769230769,3193.997655,4.477777778,9,2.92,0,0,0,1.039999996,0,0,10.07999996,0,0,0,20.52,47.44000006,0,0,0,0,17.99999999,0,0,0
60_30,0.646153846,200.5538462,2,1,7,0,0,5,6,0,7,572,210.8148854,274.3864088,154.4122017,49.48424812,42,1.476190476,4417.15558,5.572222222,10,4.320000001,0,0,0,6.920000019,0,0,0,0,0,0,25.16000001,60.95999994,0,0,0,0,2.640000035,0,0,0
60_31,0.128787879,376.469697,0,1,0,0,0,0,0,1,1,33,154.0623682,105.5193207,75.13558246,42.47956923,4,1,396.1946557,6.2,11,0.48,0,0,0,36.76000003,0,0,0,0,12.27999999,0,2.6,1.359999975,0,0,0,0,46.52,0,0,0
60_32,0.052910053,445.6984127,1,1,0,1,0,3,0,1,8,268,283.1775084,276.3060139,159.984892,49.33919719,22,1.272727273,2149.457438,5.583333333,11,6.160000029,0,0,0,40.11999995,0,0,3.120000028,0,0,0,48.60000003,0,0,0,0,0,1.999999964,0,0,0
60_33,0.040540541,403.6621622,3,4,5,3,0,6,1,2,16,549,294.0765864,410.9682876,174.4020648,50.09732201,42,1.380952381,4124.264054,5.083333333,10,3.999999964,0,0,0,3.039999971,0,0,3.159999983,0,0,0,18.79999997,70.68000012,0,0,0,0,0.319999992,0,0,0
60_34,0.042735043,432.8205128,13,0,33,9,2,8,17,2,7,386,127.8255988,203.5731681,238.221946,25.40699047,19,2.105263158,3305.789087,3.594444444,10,4.879999999,0,0,0,0,0,0,14.48000002,0,0,0,4.320000029,63.59999996,0,0,0,0,0.559999993,12.16,0,0
60_35,0.029411765,506.8529412,8,0,14,5,0,6,3,1,5,676,57.35968023,218.8897216,318.8683556,11.2317549,29,1.655172414,3877.202374,3.233333333,9,1.480000006,0,0,0,0,0,0,50.64000005,0,0,0,13.99999991,33.88000003,0,0,0,0,0,0,0,0
60_36,0.037735849,565.3584906,0,0,4,1,0,3,0,1,4,476,86.2020314,142.0193072,184.8115672,13.98830473,17,1.705882353,2498.140261,2.061111111,9,16.96000006,0,0,0,0.48,0,0,8.15999992,0,0,0,3.400000045,68.63999998,0,0,0,0,2.359999988,0,0,0
60_37,0,559.7777778,0,0,0,1,0,3,0,0,3,16,85.71055467,19.66302131,50.39884315,29.62036885,3,2.666666667,1788.650384,1.45,8,46.55999997,0,0,0,20.32000003,0,0,0,0,0.320000006,0,14.63999997,0.359999995,0,3.400000031,0,14.36,0.039999997,0,0,0
60_38,0,675,0,0,0,0,0,3,0,0,3,1,10.80118532,2.302833109,2.475545593,33.029,0,1,44.18989816,0.616666667,8,28.59999996,0,0,0,31.35999999,0,0,0,17.44000005,5.440000003,0,0.360000006,0,0,1.999999984,0,14.8,0,0,0,0
60_39,0,676.8,0,0,3,0,2,14,0,0,3,63,10.80118532,2.302833109,2.475545593,33.029,23,1.739130435,3316.09155,0.344444444,8,19.20000001,0,0,0,15.16000001,0,0,0,49.99999999,2.199999992,0,13.44000001,0,0,0,0,0,0,0,0,0
60_4,0,674,1,0,0,1,0,3,0,4,3,44,13.24726029,24.50931559,45.5552706,4.085936433,13,1.615384615,1689.53693,0.205555556,1,54.71999998,0,0,1.76,12.55999999,0,0,1.080000033,0,1.04,0,20.88,0,0,0,0,0,7.960000001,0,0,0
60_40,0.166666667,758,0,0,7,0,1,6,0,0,2,36,10.80118532,6.884059042,6.792502682,33.029,28,1.678571429,4202.579917,0.527777778,8,56.43999994,0,5.920000036,0,1.680000019,0,0,2.760000025,14.07999998,1.32,0,11.36,0,0,0,0,6.439999998,0,0,0,0
60_41,0,629.9166667,0,0,0,0,2,2,0,0,0,14,6.914558863,13.66333455,13.32555854,23.82497052,3,2.333333333,1238.206613,0.433333333,8,73.96000006,0,13.79999997,0,0,0,0,2.919999982,1.599999967,2.000000002,0,0.080000009,0,0,0,0,0,5.640000015,0,0,0
60_42,0,748,0,0,0,0,0,0,0,0,0,0,5.157114108,8.699426898,8.713490021,19.66311614,3,3,1448.741861,0.35,8,100,0,0,0,0,0,0,0,0,0,0,0,0,0,0,0,0,0,0,0,0
60_43,0,713.8571429,0,0,0,0,0,2,0,0,0,0,3.00513328,1.239359239,1.763956228,14.56694978,6,1.666666667,1128.246755,0.122222222,6,100,0,0,0,0,0,0,0,0,0,0,0,0,0,0,0,0,0,0,0,0
60_44,0.25,719.75,0,0,4,0,1,1,1,0,0,24,3.003887661,1.235041172,1.75993367,14.564,5,1.4,928.1154041,0.077777778,5,72.24,0,0,0,1.4,9.039999999,0,0,0,0,0,16.48,0,0,0,0.84,0,0,0,0,0
60_46,0,606,0,0,1,0,0,0,0,0,0,11,2.601226653,1.088998317,1.756178884,13.70045029,0,1,503.2268806,0.072222222,5,86.2,0,0,0,1.280000002,7.51999999,0,0,0,0.399999999,0,4.600000004,0,0,0,0,0,0,0,0,0
60_47,0,606,0,0,0,0,0,0,0,0,1,1,1.153199134,0.563806982,1.742676126,10.595,0,0,0,0.088888889,5,93.11999999,0,0,0,3.000000007,3.800000005,0,0,0,0,0,0.080000002,0,0,0,0,0,0,0,0,0
60_48,0,547,1,0,1,0,0,0,0,0,1,9,1.153199134,1.708539043,3.08412146,10.595,4,2.5,2252.60558,0.094444444,5,63.75999998,0,0,0,14.23999999,1.360000014,0,0,0,0,0,5.280000002,0,0,0,0,15.36000001,0,0,0,0
60_5,0,629.6666667,0,0,1,1,1,3,0,0,2,346,14.13244236,137.6002636,170.4227637,2.672978259,15,1.666666667,2675.197582,0.538888889,3,2.439999971,0,0,0,1.359999993,0,0,18.47999997,0,0,0,18.64,59.08000007,0,0,0,0,0,0,0,0
60_6,0,579.3333333,1,0,6,2,1,4,0,0,0,390,26.56893636,144.7783219,168.4065093,3.032308616,25,1.32,2804.637325,0.816666667,3,0.960000003,0,0,0,3.76,0,0,0,0,0,0,2.36,92.92,0,0,0,0,0,0,0,0
60_7,0,548.9615385,0,1,2,2,0,1,0,0,8,352,31.14105324,105.4601971,92.67875042,5.938676437,34,1.294117647,3344.14582,0.888888889,3,14.48000001,0,0,0,3.56,0.120000004,0,2.520000003,0,1.16,0,27.12000001,41.03999993,0,0,0,8.00000001,2.000000032,0,0,0
60_8,0.03030303,482.7575758,0,1,2,1,1,5,0,2,3,148,66.49067211,108.77196,84.15540853,13.18960146,17,1.470588235,2003.888642,0.588888889,4,28.31999999,0,0,0,4.6,2.279999996,0,0,0,0,0,34.72000002,4.560000033,0,0,0,5.159999988,20.35999998,0,0,0
60_9,0,445.8,0,0,0,1,0,2,0,0,3,64,38.68214778,30.18994407,47.11175619,5.46520132,7,2.571428571,1919.391422,0.422222222,5,62.72000006,4.879999992,0,0,4.719999999,0.84,0,0,0,0,0,14.95999996,11.87999998,0,0,0,0,0,0,0,0
61_10,0,497.6666667,0,0,1,0,0,1,0,0,2,46,11.55270425,17.3986296,28.55679901,2.550399892,3,2.333333333,922.7463327,0.294444444,5,29.31999998,0,0,0,14.44,0,0,0,0,0,0,17.60000001,6.719999965,0,0,0,0,31.92000004,0,0,0
61_11,0,388.5,0,0,0,0,0,1,0,0,0,51,7.705717759,10.26277435,20.09213476,5.483791215,2,1.5,623.0993055,0.383333333,5,32.15999998,0,0,0,6.880000026,3.6,0,0,0,0,0,36.60000001,0,0,0,0,0,20.75999998,0,0,0
61_12,0.105263158,378.7894737,0,0,1,0,0,2,0,0,1,49,7.140368027,9.343004791,20.36970681,6.069,7,1.857142857,1723.757203,0.461111111,5,33.35999998,0,0,1.520000001,14.51999998,0,0,0,0,0,0,37.92000003,0,0,0,0,10.96000002,1.719999993,0,0,0
61_13,0.0625,344.875,0,0,2,0,1,5,0,0,2,68,7.140368027,12.06192948,54.68759532,6.069,10,1.9,2061.27269,0.527777778,5,39.24000002,0,0,0,17.52000005,0,0,0,0,0,0,35.55999994,0,0,0,0,7.679999989,0,0,0,0
61_14,0.285714286,291.5714286,0,1,0,0,0,0,0,0,1,0,13.16859668,13.0475833,36.38742955,6.219457162,1,5,1021.483245,0.633333333,5,10.79999999,0.519999999,0,2.920000001,73.60000002,0,0,0,0,6.040000002,0,0.639999993,0,0,0,0,5.479999992,0,0,0,0
61_15,0.166666667,289.1666667,0,0,1,0,0,1,0,0,0,43,9.924413522,14.34734431,28.66376344,5.982,0,1,505.0006898,0.844444444,5,43.79999999,0,0,0,37.23999993,0.560000001,0,0,0,0,0,18.40000008,0,0,0,0,0,0,0,0,0
61_16,0.142857143,313.1428571,0,0,0,0,0,0,0,0,0,12,9.924413522,28.44144739,52.16768117,5.982,0,0,0,1.011111111,6,80.12000004,0,0,0,4.4,1.360000002,0,0,0,0,0,10.59999993,0,0,0,0,0,3.520000023,0,0,0
61_17,0,337,0,0,3,1,1,1,0,1,0,95,9.841798353,47.15615355,75.78573115,9.772743123,5,2,1472.067996,1.033333333,7,47.23999997,0,0,0,8.000000044,0,0,0,0,2.8,0,35.88000001,0,0,0,0,0,6.079999981,0,0,0
61_18,0,402,0,0,0,1,2,2,0,0,4,181,10.86879048,60.09659284,95.37636528,13.60553134,17,1.235294118,1898.075205,0.827777778,7,26.36,0,0,0,33.08000001,0,0,0,0,0,0,40.55999999,0,0,0,0,0,0,0,0,0
61_19,0.066666667,417.9333333,0,0,2,0,0,1,0,0,1,271,6.084833863,92.93316599,143.5216518,16.97946271,20,1.15,1948.790436,0.561111111,7,9.440000036,0,0,0,46.31999996,0.360000008,0,0,0,0,0,41.31999997,2.560000026,0,0,0,0,0,0,0,0
61_20,0.090909091,499.9090909,0,0,0,0,0,2,0,1,2,44,11.20495819,30.55593834,44.68341067,16.42603484,4,2.5,1423.91107,0.522222222,7,58.80000004,0,0,0,4.479999999,0.919999998,0,0,9.759999996,0.56,0,7.68,3.999999973,0,0,0,6,7.8,0,0,0
61_21,0,441.9090909,0,0,0,0,0,2,0,0,1,3,17.47633626,8.155413099,26.58681238,13.69608184,10,2.1,1033.211476,0.766666667,7,75.76,0.240000003,0,0,10.88,2.199999996,0,0,0.04,0,0,10.88,0,0,0,0,0,0,0,0,0
61_22,0.076923077,360.6153846,2,0,8,0,3,2,0,0,4,14,8.041460804,15.85869782,18.65512207,16.71757065,15,2,1804.890252,0.888888889,7,45.87999994,2.519999997,0,0,17.51999999,0,0,0,16.60000002,0,2.560000048,4.360000002,0,0,0,0,10.56000001,0,0,0,0
61_23,0,469.4166667,0,0,2,0,0,1,0,0,0,9,2.821960242,5.065429174,3.581909512,18.60818337,4,2.75,1197.659472,0.827777778,8,0.760000005,0,0,0,0.799999996,0,0,0,0.67999998,0,95.64000003,0,0,0,0,0,2.119999991,0,0,0,0
61_24,0,634.5,0,0,0,0,0,5,0,0,0,8,17.93205268,11.20282502,17.52882041,19.28654155,0,1,562.1361024,0.683333333,8,23.96,0,0,0,8.200000002,0,0,0,0,0,67.83999999,0,0,0,0,0,0,0,0,0,0
61_25,0,794.6666667,0,0,0,0,0,2,0,0,0,0,2.965716375,4.389390914,7.738021722,18.524166,0,1,321.1956767,0.883333333,8,2.199999986,0.64,0,0,0.999999996,0,0,0,0,0,95.80000001,0.36000001,0,0,0,0,0,0,0,0,0
61_26,0.275862069,782.5172414,0,0,5,2,0,4,0,0,8,141,22.40841852,34.70321746,58.62727171,17.56243438,8,1.625,1619.585052,2.038888889,8,2.720000005,3.72,0,0,2.72,0,0,5.880000032,0,0,55.59999996,23.27999999,0,0,0,0,6.080000011,0,0,0,0
61_27,0.27027027,320.4324324,9,1,22,5,1,5,9,1,7,491,118.2873296,119.7190636,205.0998586,20.26926155,36,1.5,3353.804442,3.255555556,8,4.92,0,0,0,9.360000009,0,0,9.519999989,0,0,0.959999983,26.2,44.96000003,0,0,0,4.079999989,0,0,0,0
61_28,0.268656716,313.2835821,1,0,5,3,0,2,2,0,6,304,256.530629,227.8538451,171.71641,36.72115711,25,1.44,2189.417601,4.705555556,8,28.12,0,0,0,9.959999998,0,0,14.43999997,2.520000001,0,0,1.679999986,42.16000003,0,0,0,0,1.120000015,0,0,0
61_29,0.314814815,305.7592593,2,2,14,5,0,6,3,0,6,738,273.6946537,425.8447523,299.6535645,38.27452394,52,1.346153846,4296.675363,4.905555556,9,0,0,0,0,0.040000003,0,0,23.60000002,0,0,0,0,73.27999999,0,0,0,0,3.079999989,0,0,0
61_30,0.440366972,249.853211,4,0,12,1,4,7,1,0,9,554,254.3896496,271.5970656,153.5711615,52.74981255,42,1.404761905,3813.295854,5.477777778,9,0,0,0,0,0.440000012,0,0,0.839999984,6.160000012,0,11.88,15.80000001,64.63999998,0,0,0,0,0.240000008,0,0,0
61_31,0.130434783,380.9192547,0,2,1,1,0,3,0,1,7,315,141.0104297,221.0163025,128.1040452,32.9732254,28,1.5,2721.229191,5.955555556,9,1.44,0,0,0,6.199999989,0,0,6.480000012,2.879999987,10.36,0.519999995,6.440000025,30.51999999,0,0,0,0,35.15999999,0,0,0
61_32,0.04,479.2742857,1,0,5,3,0,1,2,0,2,618,398.1710637,596.3814824,188.5785106,50.96806426,48,1.479166667,4238.416357,5.911111111,10,0,0,0,0,0.88000001,0,0,11.80000002,0,0,0,30.83999998,55.52,0,0,0,0,0.96,0,0,0
61_33,0.041666667,469.9583333,0,0,6,1,0,7,3,0,4,596,271.0494072,310.197785,202.5566829,41.54712707,36,1.527777778,3840.541643,5.777777778,10,2.920000008,0,0,0,0.120000004,0,0,1.559999966,0,0,0,27.36,63.20000002,0,0,0,0,4.840000004,0,0,0
61_34,0.037974684,484.6962025,2,0,3,2,2,6,0,0,5,600,158.2354485,243.1805864,255.9633076,27.53141058,36,1.527777778,4225.039343,4.577777778,10,7.279999984,0,0,0,0,0,0,13.68000007,0,0,0,8.399999942,69.2,0,0,0,0,1.440000007,0,0,0
61_35,0.031578947,549.0842105,0,0,8,2,0,3,0,0,9,718,400.1339523,425.1086038,282.4902494,35.63285809,43,1.348837209,3854.45953,3.738888889,8,0,0,0,0,0,0,0,59.63999999,0,0,0,5.21E-08,40.35999996,0,0,0,0,0,0,0,0
61_36,0.068965517,570.9885057,0,1,2,0,0,7,1,0,2,765,356.770095,396.3208486,301.0008554,39.26660679,36,1.305555556,3109.026477,2.35,8,2.399999995,0,0,0,6.000000031,0,0,83.63999989,0,0,0,0,1.320000005,0,0,0,2.760000016,3.880000065,0,0,0
61_37,0,516.1818182,0,1,0,0,0,0,1,0,3,24,35.7852062,31.80348155,53.35404105,21.15787614,6,2.166666667,2282.850109,1.238888889,8,57.64000002,0,0,0,11.39999998,0,0,0,0,0,0,12.08000006,0,0,0,0,12.75999998,6.119999956,0,0,0
61_39,0,789.6666667,0,0,0,0,1,4,0,0,1,14,10.81213503,2.331475791,2.497716402,33.01733155,14,1.5,2182.207633,0.166666667,8,54.16000005,0,0,0,26.87999998,0,0,0,8.680000003,1.439999955,0,8.840000009,0,0,0,0,0,0,0,0,0
61_4,0,698.75,0,1,0,0,0,1,0,1,3,23,6.249090742,22.73723245,35.19491024,2.194516827,2,2,592.6628528,0.327777778,1,51.27999999,0,0,0,30.63999998,0,0,0,0,0,0,17.08000002,0,0,0,0,0,1.000000002,0,0,0
61_40,0,679,0,0,0,0,3,6,0,0,1,13,10.76593062,2.298005195,2.472310025,32.94551235,42,1.642857143,4852.326551,0.272222222,8,75.19999997,0,0.120000009,0,1.960000015,0,0,0.080000002,5.640000012,0,0,15.99999998,0,0,0,0,1.000000013,0,0,0,0
61_41,0,702.2222222,1,0,2,0,0,2,0,0,6,15,4.764370944,1.476128525,1.921505394,18.73305,12,2.083333333,1964.690226,0.166666667,8,65.44000002,0,4.959999992,0,5.559999986,2.840000015,0,5.239999999,3.159999989,1.6,0,5.60000001,0,0,0,0,5.599999988,0,0,0,0
61_42,0,758,0,0,1,0,1,0,0,0,0,22,3.00269271,1.235467899,1.761566268,14.5614373,1,3,799.6956661,0.2,6,78.24000003,0,0,0,1,3.319999984,0,0,0,0,0,16.27999999,0,0,0,1.16,0,0,0,0,0
61_43,0,786,0,0,0,0,0,2,0,0,0,0,2.999000353,1.233268573,1.759888097,14.55351864,0,1,561.3092635,0.094444444,5,99.75999999,0,0,0,0,0,0,0,0,0,0,0.240000012,0,0,0,0,0,0,0,0,0
61_44,0,790,1,1,2,0,3,1,0,0,1,48,2.332915044,0.991683225,1.753676897,13.12502727,7,1.857142857,1394.347132,0.077777778,5,57.23999999,0,0,0,0.48,6.200000001,0,0,1.480000002,1.4,0,33.20000001,0,0,0,0,0,0,0,0,0
61_45,0,703,0,0,2,0,1,0,0,0,0,8,1.986732246,0.866124695,1.750448766,12.38260114,5,1.8,941.1452282,0.038888889,5,90.96,0,0,0,0,2.16,0,0,0.119999997,0,0,6.760000004,0,0,0,0,0,0,0,0,0
61_5,0,664.6,4,0,2,2,0,3,0,0,10,253,9.217221841,65.25732411,97.84785816,2.344189313,28,1.392857143,3068.873612,0.627777778,2,5.67999996,0,0,0,3.679999997,0,0,1.560000019,0,0,0,74.04,6.840000015,0,0,0,5.800000011,2.399999999,0,0,0
61_6,0,637.7073171,11,1,28,8,0,4,6,1,6,343,48.42975517,157.4613968,224.9322398,3.117366032,33,1.393939394,2919.234491,1.216666667,3,1.040000012,0,0,0,2.04,0,0,4.759999982,0,0,0,10.31999996,69.08000004,0,0,0,12,0.760000001,0,0,0
61_7,0.073170732,592.4634146,0,0,7,1,0,6,2,0,7,493,73.57632189,252.5943992,244.5282286,8.520431491,33,1.484848485,3706.022605,1.305555556,3,2.159999988,0,0,0,0.48,0,0,38.40000002,0,0,0,0.520000007,57.28,0,0,0,1.15999999,0,0,0,0
61_8,0.045454545,522.4545455,2,0,7,4,0,6,5,0,6,407,37.8067052,191.0225824,223.0444886,5.871339499,33,1.212121212,2686.780367,1.133333333,4,0,0,0,0,9.84,0,0,1.199999982,0,0,0,15.16,70.32000002,0,0,0,0,3.479999991,0,0,0
61_9,0,504.6666667,0,1,3,2,0,3,1,0,4,376,20.25405853,126.2379155,195.3856067,1.614484855,31,1.258064516,3179.566792,0.522222222,4,4.120000023,0,0,0,3.720000004,0,0,0,0,0,0,15.92000002,76.19999994,0,0,0,0,0.040000007,0,0,0
62_10,0,462.1666667,0,0,2,1,0,3,1,0,0,265,9.871834822,80.69305256,164.7248201,3.241584907,19,1.263157895,1979.326657,0.65,5,0,0,0,0,3.640000027,0,0,0,0,0.52,0,63.07999994,0,0,0,0,0,32.76000003,0,0,0
62_11,0,398.9,0,0,0,1,0,0,0,1,2,20,7.143424251,45.64860068,85.48160011,6.06583642,4,1.5,709.6774374,0.438888889,5,0,0,0,0,18.51999996,0,0,0,0,0,0,8.599999999,2.48000001,0,0,0,2.000000009,68.40000002,0,0,0
62_12,0.071428571,359,0,0,1,2,0,3,0,1,2,50,7.140368027,15.69996488,36.28181403,6.069,10,1.9,1486.055092,0.444444444,5,30.68000004,0,0,0.919999999,3.16,0,0,0,0,0,0,40.71999998,0.239999995,0,0,0,7.080000027,17.19999996,0,0,0
62_13,0,362.8,0,0,0,0,0,5,0,1,5,2,7.140368027,10.17541801,22.15220582,6.069,11,1.909090909,2641.646091,0.377777778,5,62.84000003,0,0,0,10.84000002,0.080000002,0,0,0.280000004,0,0,2.92,0,0,0,0,21.39999996,1.639999978,0,0,0
62_14,0,410,0,0,0,0,0,5,0,0,3,8,7.835051763,9.460622441,19.488291,6.047291488,3,1.333333333,614.5962652,0.288888889,5,36.76000001,0,0,0.479999999,54.68,0.44,0,0,0.24,5.639999998,0,1.76,0,0,0,0,0,0,0,0,0
62_15,0.333333333,346,0,0,0,0,1,0,0,0,2,15,9.924413522,11.85042477,22.95888267,5.982,5,1.6,1287.790467,0.244444444,5,72.31999997,0,0,0,13.59999998,8.000000008,0,0,0,0,0,6.080000036,0,0,0,0,0,0,0,0,0
62_16,0.4,348.2,0,0,0,0,1,1,0,2,0,52,9.924413522,15.95487341,32.33659376,5.982,1,4,992.9951406,0.288888889,5,51.03999999,0,0,0,0.84,6.199999989,0,0,0,0,0,30.31999996,0,0,0,0,0,11.60000006,0,0,0
62_17,0.125,393.375,0,0,0,0,1,1,0,6,0,20,7.372799773,7.957670653,14.35530744,11.99977302,0,1,624.9172674,0.322222222,6,55.56000006,0,0,0,5.040000003,0,0,0,0,1.84,0,11.2,0,0,0,0,0,26.35999993,0,0,0
62_18,0.333333333,492.3333333,0,0,1,1,0,0,0,0,0,4,4.910036261,2.253205581,1.602279524,17.808,1,1,38.3333419,0.283333333,6,94.56,0,0,0,0.279999998,3.920000002,0,0,0,0.44,0,0.800000001,0,0,0,0,0,0,0,0,0
62_19,0,381,0,0,0,0,0,0,0,0,0,0,4.825119024,5.482800615,5.183290001,17.83247487,0,0,0,0.283333333,7,78.03999999,0,0,0,21.88000001,0.080000003,0,0,0,0,0,0,0,0,0,0,0,0,0,0,0
62_2,0,819.5,0,0,2,0,1,1,1,0,1,27,4.970615477,2.957910982,5.234415208,2.41610797,10,1.7,1369.884438,0.033333333,1,74.15999996,0,0,3.76,1.12,9.520000032,0,0,0,0.279999999,0,11.16000001,0,0,0,0,0,0,0,0,0
62_20,0,495,0,0,1,0,0,0,0,0,1,11,3.863011442,16.02473091,16.50288319,18.10977382,2,1.5,277.4229693,0.294444444,7,73.23999997,1.8,0,0,14.80000001,0.519999996,0,0,8.360000029,1.28,0,0,0,0,0,0,0,0,0,0,0
62_21,0,403.6923077,0,0,0,1,0,0,0,1,3,20,4.556573029,14.78750047,16.17649009,17.88071706,6,2.166666667,1171.461336,0.577777778,7,58.24000003,0,0,0,11.71999998,0.279999999,0,0,2.639999971,0,0,13,0,0,0,0,0,14.12000002,0,0,0
62_22,0.095238095,413.6904762,4,0,3,0,0,9,2,0,6,37,2.266225345,4.898709533,3.147215622,18.57,13,1.923076923,2601.900002,0.644444444,7,12.15999995,0,0,0,0,0,0,0,3.879999999,0,58.88000008,14.36,0,0,0,0,8.4,2.319999981,0,0,0
62_23,0.096774194,498.4516129,0,0,0,0,0,1,0,0,0,1,2.266225345,4.517586113,4.315688926,18.57,1,3,175.011132,0.627777778,7,1.119999989,0,0,0,0,0,0,0,0,0,98.88000001,0,0,0,0,0,0,0,0,0,0
62_24,0,706,0,0,0,0,0,5,0,0,0,14,2.266225345,3.654669565,6.961275361,18.57,10,1.4,1047.616344,0.566666667,8,0.04,1.59E-09,0,0,1.120000011,0,0,0,0,0,97.35999997,1.200000013,0,0,0,0,0.280000004,0,0,0,0
62_25,0,585.8461538,0,0,2,1,1,2,0,0,2,261,9.073660532,41.19801538,63.96287854,18.22947414,13,1.538461538,2057.982669,0.666666667,8,2.6,3.959999999,0,0,9.439999991,0,0,4.320000023,0,0,22.79999995,40.56000001,12.84000001,0,0,0,3.480000005,0,0,0,0
62_26,0.064516129,373.6451613,0,0,5,4,1,11,0,2,4,445,36.98227886,120.4528484,195.1427832,17.44983365,26,1.5,3145.528914,2.427777778,8,0.920000012,0,0,0,1.54E-09,0,0,2.919999977,0,0,0,42.60000004,46.27999998,0,0,0,6.519999991,0.76,0,0,0
62_27,0.014705882,398.6838235,1,1,11,4,0,4,0,0,2,359,111.2232226,125.3437159,123.5708905,20.06519252,27,1.518518519,2860.450209,3.883333333,8,17.4,0,0,0,5.279999996,0,0,11.36000004,0,0,0,45.43999994,19.76000002,0,0,0,0.12,0.64,0,0,0
62_28,0.057803468,389.566474,0,1,4,2,0,3,2,0,3,340,335.7647378,204.9414632,193.3848175,43.6871557,37,1.432432432,2904.980921,5.688888889,8,20.08000001,0,0,0,27.39999999,0,0,18.99999997,0,0,0,0.08,33.44000004,0,0,0,0,0,0,0,0
62_29,0.113821138,350.8455285,0,0,6,2,2,6,1,1,7,570,338.8662778,397.5767894,283.1864324,51.31574046,29,1.310344828,3009.776273,5.977777778,8,5.479999975,0,0,0,0.319999993,0,0,9.199999997,0,0,0,0,85.00000003,0,0,0,0,0,0,0,0
62_3,0,811,0,0,0,0,0,0,0,0,0,9,5.10848375,2.962584418,5.228090149,2.137,2,2.5,832.635418,0.105555556,1,79.99999998,0,0,0,10.72000005,4.319999971,0,0,0,0,0,4.959999994,0,0,0,0,0,0,0,0,0
62_30,0.272727273,322.75,1,0,5,2,1,4,2,3,3,393,315.3772776,241.3651792,136.0620496,51.49669953,27,1.333333333,2535.565824,6.25,7,0,0,0,0,0.840000002,0,0,13.07999996,0,0,30.44000014,5.879999997,32.87999992,0,0,0,0,16.87999999,0,0,0
62_31,0.155737705,315.0491803,0,0,4,4,0,3,0,2,4,359,168.2472657,99.20069477,140.2995915,40.56516813,12,1.416666667,1679.811286,5.744444444,7,0.639999992,0,0,0,8.560000019,0,0,0,0,0,29.15999992,17.47999996,26.92000004,0,0,0,0,17.24000007,0,0,0
62_32,0.078740157,397.7480315,2,0,2,6,0,6,2,0,7,587,166.0587696,292.4044712,231.6797887,30.53943508,30,1.6,3476.302219,5.333333333,8,1.320000002,0,0,0,0,0,0,13.00000002,0,0,0,8.720000006,57.32000006,0,0,0,0,19.63999991,0,0,0
62_33,0.08988764,434.1348315,0,0,8,6,0,6,2,0,6,361,173.0021846,315.5761123,178.8332845,33.08863698,25,1.64,3875.765013,4.633333333,9,5.919999996,0,0,0,0,0,0,1.719999984,0,0,28.64000007,9.320000005,54.39999995,0,0,0,0,0,0,0,0
62_34,0.034482759,475.0689655,1,2,2,4,0,8,0,1,4,345,205.6823556,320.7544262,159.4168705,41.89486109,34,1.411764706,2980.680125,3.688888889,9,0,0,0,0,20.2,0,0,12.44000007,0,0,13.75999992,9.640000003,37.64000001,0,0,0,0.479999998,5.839999997,0,0,0
62_35,0.03875969,530.9922481,2,1,10,2,0,7,4,0,5,681,382.2497483,487.2246594,318.1455433,49.88630932,44,1.409090909,4398.479167,2.905555556,8,3.360000018,1.560000001,0,0,1.280000006,0,0,80.91999997,0,0,0,0,8.519999988,0,0,0,4.360000017,0,0,0,0
62_36,0.051724138,571.6724138,0,0,1,0,0,1,0,0,7,285,177.005285,156.5996512,112.6398935,31.05571272,11,1.909090909,4086.060691,2.111111111,8,34.80000004,0,0,0,6.159999998,0.56,0,24.67999997,0,0,0,7.400000011,0,0,0,0,26.39999998,0,0,0,0
62_37,0.333333333,637,0,0,3,0,1,1,0,0,0,51,30.55926198,26.34716301,52.55144219,11.974,2,4,1117.584592,1.033333333,8,79.75999996,0,0,0,0.600000005,0,0,0,0,0,0,19.60000004,0,0,0,0,0.039999999,0,0,0,0
62_38,0.5,602.5,0,0,2,3,2,4,1,0,6,249,27.51448529,43.89360276,54.34540899,15.2106225,17,1.470588235,1861.654041,0.233333333,7,24.08000001,0,0,0,17.56000003,0,0,0,5.720000007,3.32,0,40.79999995,0,0,0,0,8.519999999,0,0,0,0
62_39,0,909,0,0,0,0,1,3,0,0,0,6,10.80118532,2.302833109,2.475545593,33.029,6,1.666666667,1190.154895,0.088888889,7,76.16000004,0,0,0,20.99999996,0,0,0,0,0,0,2.839999998,0,0,0,0,0,0,0,0,0
62_4,0,738.6666667,0,0,0,0,0,0,0,0,0,24,5.10848375,18.39115417,46.16441937,2.137,1,1,427.200013,0.344444444,1,48.07999998,0,0,2.560000009,33.31999998,0,0,0,0,0.360000001,0,12.60000001,0,0,0,0,3.08000001,0,0,0,0
62_41,0,693,1,0,2,0,0,0,0,0,2,4,4.874198214,2.043325371,3.525445983,19.23157765,2,3,1034.437926,0.116666667,7,58.76000005,0,0,0,2.119999994,0,0,0,0,1.88,0,3.16,0,0,27.55999995,0,6.52,0,0,0,0
62_5,0,714.3181818,0,0,4,0,0,5,0,0,1,214,5.10848375,60.78457776,131.5976582,2.137,18,1.333333333,2263.543998,0.616666667,2,2.639999998,0,0,0.599999991,9.159999983,0,0,1.74E-09,0,0,0,68.48000004,10.32,0,0,0,7.799999989,0.999999998,0,0,0
62_6,0,671.0952381,1,0,2,1,0,3,0,0,2,247,13.37178037,91.22764363,115.8306538,2.303844136,18,1.388888889,2465.659932,1.411111111,2,0,0,0,0,1.239999981,0,0,0.119999997,0,0,0,55.91999996,41.00000004,0,0,0,0.84,0.880000016,0,0,0
62_7,0.060606061,611.1363636,0,0,4,3,0,5,0,4,8,241,22.25923717,126.1051765,215.2286518,3.798517929,26,1.384615385,2883.523368,1.144444444,3,0,0,0,0,0.08,0,0,8.199999995,0,0,0,3.639999973,79.80000005,0,0,0,0,8.279999983,0,0,0
62_8,0,592,0,0,3,1,1,1,0,0,0,447,10.60729961,164.1392002,280.8245026,3.442497975,41,1.195121951,3685.012694,1.45,3,0,0,0,0,0.800000011,0,0,20.28,0,0,0,29.80000008,49.1199999,0,0,0,0,0,0,0,0
62_9,0,592.0769231,0,0,3,1,0,6,0,0,2,419,12.36713943,182.8359779,244.5942492,2.746959446,24,1.333333333,3002.090773,0.738888889,4,0,0,0,0,3.27999999,0,0,0,0,0,0,91.28000001,5.24,0,0,0,0,0.200000001,0,0,0
63_10,0,463.25,1,0,14,5,0,5,0,2,3,392,31.54389037,144.8089235,238.4386199,3.714210036,25,1.68,3478.801416,1.055555556,5,1.08,0,0,0,4.159999996,0,0,3.240000016,0,0,0,26.99999999,56.16,0,0,0,8.359999996,0,0,0,0
63_11,0.076923077,422.9230769,0,0,4,2,0,5,0,0,2,333,24.07926912,90.54925752,175.0347784,4.381917029,23,1.47826087,2974.663077,0.411111111,5,0.240000008,0,0,0,0.119999999,0,0,0.75999999,0,0,0,8.239999971,83.32000004,0,0,0,4.039999993,3.279999995,0,0,0
63_12,0,406.5,0,0,0,0,0,0,0,0,1,54,7.673336935,21.0630372,48.08881381,7.349864468,8,1.625,1119.038108,0.361111111,5,68.20000009,0,0,0,1.08,0.76,0,0,0,3.280000004,0,12.31999999,14.35999991,0,0,0,0,0,0,0,0
63_13,0,452.625,0,0,1,0,3,1,0,0,5,13,6.310032335,10.28961084,22.4522666,10.43934115,4,2,1534.112387,0.238888889,5,60.87999993,0,0,0,16.40000002,1.000000003,0,0,7.320000018,1.759999998,0,4.280000031,0,0,0,0,8.36,0,0,0,0
63_14,0,495,0,0,0,0,1,1,0,0,4,3,7.474512566,8.311121191,16.4470877,8.403977521,0,1,105.3348353,0.211111111,5,32.52000004,0,0,0,45.80000001,1.199999995,0,0,3.319999979,13.16,0,3.999999977,0,0,0,0,0,0,0,0,0
63_15,0,450,0,1,0,0,0,5,0,0,1,36,9.838911085,11.568789,22.33250685,6.183650528,7,1.428571429,1304.46727,0.194444444,5,66.76000004,0,0,0,11.99999996,5.52,0,0,0,0.839999999,0,14.88,0,0,0,0,0,0,0,0,0
63_16,0,401,2,0,5,2,0,3,1,0,3,95,9.849268101,12.9520808,25.48446481,6.159224349,9,1.555555556,1570.338286,0.244444444,5,57.55999992,0,0,0,1.200000006,3.040000003,0,0,0,0.280000003,0,37.56000006,0,0,0,0,0,0.360000002,0,0,0
63_17,0,425.8333333,0,0,0,0,0,1,0,0,0,20,5.729545984,3.785197561,5.009236166,15.87525313,2,2.5,776.1844218,0.25,5,72.24000007,0,0,0,12.67999999,0.079999997,0,0,0,0.279999997,0,14.71999994,0,0,0,0,0,0,0,0,0
63_18,0,496.6666667,0,0,0,0,0,0,0,0,0,8,4.910036261,2.253205581,1.602279524,17.808,1,2,686.8757899,0.172222222,6,91.12,0,0,0,0,5.959999999,0,0,0,0,0,2.919999998,0,0,0,0,0,0,0,0,0
63_2,0,791,0,0,0,0,0,0,0,0,0,5,2.468155922,2.873083011,5.349221914,7.482222111,2,1.5,331.928345,0.033333333,1,95.87999998,0,0,0,0,2.400000003,0,0,0,0,0,1.720000017,0,0,0,0,0,0,0,0,0
63_20,0,474,0,1,0,0,0,0,0,0,0,4,2.269690482,4.895242177,3.145190736,18.56900128,2,1,396.0885826,0.244444444,6,90.76,0,0,0,2.439999995,6.8,0,0,0,0,0,0,0,0,0,0,0,0,0,0,0
63_21,0,427,0,0,0,0,0,0,0,0,0,0,2.266225345,4.898709533,3.147215622,18.57,2,4,2454.213755,0.5,6,44.59999992,0,0,0,2.959999999,0,0,0,0,0.6,43.64000007,0,0,0,0,0,7.840000009,0.359999999,0,0,0
63_22,0,846.5,0,0,0,0,0,1,0,0,0,0,2.266225345,4.898709533,3.147215622,18.57,0,1,388.2422199,0.85,6,0.279999995,0,0,0,0,0,0,0,0,0,98.56000001,0,0,0,0,0,1.159999991,0,0,0,0
63_23,0.15,580.7,0,0,0,0,0,1,0,0,0,0,2.266225345,4.380877088,4.734820466,18.57,0,0,0,0.938888889,7,0,0,0,0,0,0,0,0,0,0,100,0,0,0,0,0,0,0,0,0,0
63_24,0.25,563,0,0,0,0,0,1,0,0,2,11,2.266225345,3.657817286,6.951624869,18.57,2,2.5,738.3735807,1.088888889,7,0.48,0,0,0,2.160000013,0,0,0,1.55E-09,0.160000003,95.95999996,0.280000013,0,0,0,0,0.960000013,0,0,0,0
63_25,0,480.0588235,0,0,0,2,0,3,0,0,3,259,2.266225345,33.74843611,46.31595456,18.57,25,1.48,2663.626282,1.044444444,8,26.84000003,0,0,0,7.759999996,0,0,8.320000012,12.39999999,0.479999997,3.399999966,19.24000001,12.60000001,0,0,0,8.959999987,0,0,0,0
63_26,0,350.7586207,0,1,1,1,2,1,0,3,4,132,10.10124107,51.47159561,88.53506248,19.19780315,13,1.692307692,1573.137891,2.511111111,8,24.15999996,7.000000012,0,0,18.12,0,0,1.519999989,0,0,0,15.00000002,14.4,0,0,0,0,19.80000001,0,0,0
63_27,0.051470588,403.3235294,1,0,11,4,1,3,0,2,7,382,71.98996055,114.9513128,80.19975367,21.4323274,28,1.321428571,3172.962684,4.105555556,8,10.08,0.759999988,0,0,7.719999987,0,0,2.120000003,0,0,0,51.67999999,23.08000004,0,0,0,0.600000001,3.959999984,0,0,0
63_28,0.04375,410.61875,0,0,10,2,0,7,3,0,4,660,379.8842968,368.7244052,197.9588007,44.41831491,45,1.422222222,3659.128945,6.572222222,7,0.320000001,0,0,0,0.8,0,0,5.400000033,0,0,0,26.55999996,66.92,0,0,0,0,0,0,0,0
63_29,0.081818182,390.7863636,10,0,37,5,1,11,40,6,19,443,360.4159122,263.874379,215.7397133,55.45448748,45,1.488888889,3685.265942,6.566666667,6,4.68000001,0,0,0,0.56000002,0,0,56.67999998,2.720000009,0,0,6.639999996,28.67999997,0,0,0,0.04000001,0,0,0,0
63_3,0,752,0,0,1,0,0,1,0,0,1,22,3.967636726,2.92391217,5.280429413,4.446592268,5,1.8,1398.022745,0.083333333,1,71.31999998,0,0,0,8.120000018,0.599999994,0,0,0,3.36,0,15.48,0,0,0,0,1.120000012,0,0,0,0
63_30,0.105960265,355.5695364,0,3,5,0,0,4,2,2,11,266,295.6416341,153.1229545,124.5815959,53.99868373,28,1.464285714,2372.780598,6.222222222,6,7.439999974,0,0,0,22.23999996,0,0,15.71999998,0.35999999,4.079999999,0,13.80000003,4.240000019,0,0,0,3.839999989,28.28000006,0,0,0
63_31,0.145038168,353.5496183,0,1,5,2,8,6,3,0,8,456,191.2612562,350.1953153,155.6628378,39.45739074,41,1.268292683,3597.873676,4.594444444,6,0.640000024,0,0,0,3.519999995,0,0,18.12000002,7.640000011,0,0,13.92000003,33.91999997,0,0,0,0,22.23999995,0,0,0
63_32,0.076086957,376.9456522,0,0,13,3,5,5,3,4,12,509,188.0568439,221.295335,224.0717556,34.38211466,42,1.571428571,4744.598602,3.661111111,6,13.07999999,0.2,0,0,0.92,0,0,11.36,2.599999992,0,0,31.79999994,37.04000007,0,0,0,0.079999997,2.920000007,0,0,0
63_33,0.021276596,456.1702128,0,0,6,2,1,6,0,0,7,506,247.5834564,234.5394744,174.7338031,43.53858705,42,1.452380952,4406.454594,2.811111111,7,5.200000006,7.199999999,0,0,4.800000002,0,0,1.039999981,0,0,7.34E-10,3.719999985,65.72000004,0,0,0,10.32,1.999999987,0,0,0
63_34,0,487.8545455,0,0,1,1,0,1,1,0,5,225,95.68781069,102.4035866,92.14791503,25.46394075,26,1.5,2920.886287,2.572222222,6,37.88000002,9.160000003,0,0,6.680000001,0,0,0,0,0,0,0,30.99999997,0,0,0,15.28,0,0,0,0
63_35,0.111111111,558.3333333,0,0,0,0,0,0,0,0,5,19,64.65440437,23.09597048,20.68914823,18.88316265,2,4.5,1994.588767,2.027777778,7,59.28000001,3.199999992,0,0,12.08,0,0,0,0,0,0,0,2.31999999,0,0,0,23.12000001,0,0,0,0
63_36,0,627.6666667,0,0,0,0,0,0,0,0,1,1,12.24943798,5.959390325,8.202773395,10.91673071,5,1.8,984.9878642,1.205555556,7,95.68000002,0,0,0,1.919999995,0,0,0,0,0,0,1.360000004,0,0,0,0,1.03999998,0,0,0,0
63_39,0,759,0,0,0,0,0,2,0,0,1,3,12.32029844,11.88103064,15.56396065,30.78152142,1,1,123.9324559,0.061111111,7,59.84000003,0,0,0,33.43999998,0,0,0,0,4.159999994,0,2.559999994,0,0,0,0,0,0,0,0,0
63_4,0,729.3333333,0,0,0,1,0,1,0,0,1,29,5.590798942,15.15595442,28.91007283,3.305102332,5,2.2,916.6144001,0.2,2,59.28000001,0,0,0,8.239999998,6,0,0,0,0.559999999,0,16.08,0,0,0,0,9.839999988,0,0,0,0
63_40,0,798,0,0,0,0,0,0,0,0,0,23,9.837904625,10.18425476,14.94926027,30.78912955,4,2.25,579.5071739,0.061111111,7,48.15999992,0,0,0,24.52000001,0,0,0,0,0.4,0,11.44000003,0,0,15.48000004,0,0,0,0,0,0
63_41,0,629,2,2,7,1,0,5,1,2,3,119,3.268302023,80.43905808,123.2952251,15.5131474,24,1.541666667,2387.563413,0.05,6,3.36000001,0,0,0,6.559999989,0,0,0,0,0.680000003,0,54.64000002,0,0,18.39999997,0,3.400000009,12.96,0,0,0
63_5,0,717,0,0,3,0,2,1,0,0,1,85,8.166256137,33.94716211,50.1968558,4.020957379,8,1.875,1662.613902,0.35,2,50.00000001,0,0,0,2.119999981,3.399999999,0,0,0,0,0,28.56000001,14.36,0,0,1.560000001,0,0,0,0,0
63_6,0,664,0,0,1,1,1,1,0,0,0,130,9.188974842,31.05772722,38.79357037,4.651075716,13,1.538461538,1584.035339,0.938888889,2,38.08,0,0,0,0.319999997,3.08,0,0,0,0,0,39.03999998,17.16000002,0,0,2.32,0,0,0,0,0
63_7,0.041666667,654.2291667,0,1,4,3,1,4,0,0,2,155,9.721459183,42.33018553,105.4445497,4.85840294,16,1.5625,2000.539945,0.772222222,2,36.83999999,0,0,0,2.64,1.800000004,0,6,0,0,0,8.599999999,33.04,0,0,0,0,11.08000001,0,0,0
63_8,0,589.1333333,0,0,4,1,0,4,0,0,4,221,19.33820356,69.36024344,133.4363644,5.41372721,16,1.5,1725.061967,1.555555556,2,12.51999999,0,0,0,1.560000007,0.160000004,0,1.439999996,0,0,0,65.88000006,8.27999996,0,0,0,0,10.15999999,0,0,0
63_9,0,526.5744681,0,1,12,2,2,3,3,2,3,245,35.66848288,119.6640391,201.067736,9.111909831,19,1.736842105,2151.832734,0.961111111,3,3.159999995,0,0,0,18.2,0.519999993,0,5.040000007,0,0,0,19.75999994,29.72000006,0,0,0,0.88000001,22.71999999,0,0,0
64_10,0.058823529,509.8823529,0,0,4,0,0,3,0,1,1,255,45.42056888,124.7622589,144.1257674,5.457158573,31,1.419354839,2919.084866,0.994444444,3,15.32000003,0,0,0,17.32000001,0,0,4.879999999,0,1.36E-09,0,2.92000002,47.47999994,0,0,0,0,12.08,0,0,0
64_11,0.25,489.75,0,0,0,0,0,0,0,0,2,35,44.18354213,62.41539855,94.52281163,6.689685548,2,3,552.403099,0.316666667,5,66.68000003,0,0,0,18.56000003,0,0,0.159999995,0,0,0,2.199999985,12.39999996,0,0,0,0,0,0,0,0
64_12,0,418,0,0,0,0,0,0,0,0,0,0,12.13731678,15.21582952,21.18603241,15.1208135,0,0,0,0.188888889,5,90.28000004,0,0,0,9.239999959,0,0,0,0,0.48,0,0,0,0,0,0,0,0,0,0,0
64_13,0,512.8,0,0,0,0,0,1,0,0,1,7,4.910036261,2.701454591,3.058250481,17.808,6,2,940.0626489,0.138888889,5,85.23999997,0,0,0,5.080000007,4.48,0,0,0,0,0,2.280000009,0,0,0,0,2.920000013,0,0,0,0
64_14,0,485.5555556,0,0,1,0,0,0,0,0,4,14,4.910036261,2.701454591,3.058250481,17.808,2,3.5,1357.319951,0.122222222,5,66.12000004,0,0,0,17.99999999,0,0,0,0,0.319999999,0,7.039999983,0,0,0,0,8.519999987,0,0,0,0
64_15,0,370,0,0,0,0,0,4,0,0,0,7,6.555705705,5.412863613,8.79186611,13.92682277,1,2,98.41590993,0.161111111,5,77.07999997,0,0,0,15.52000001,3.240000019,0,0,0,1.879999999,0,2.280000004,0,0,0,0,0,0,0,0,0
64_16,0.166666667,386.3333333,0,0,2,0,2,4,1,2,3,52,5.938572747,4.125579245,5.763134622,15.38228054,11,1.636363636,1307.85188,0.144444444,5,61.52,0,0,3.64E-09,2.840000001,6.639999982,0,0,0,1.52,0,21.88000002,0,0,0,0,0,5.599999998,0,0,0
64_17,0,363.7777778,0,0,0,0,0,0,0,0,0,10,4.910036261,2.253205581,1.602279524,17.808,8,2.125,1618.016727,0.133333333,5,54.20000004,0,0,30.48,8.479999992,0,0,0,0,0,0,6.839999969,0,0,0,0,0,0,0,0,0
64_18,0,395,0,0,0,0,0,2,0,0,0,6,4.910036261,2.253205581,1.602279524,17.808,3,2,1110.138634,0.133333333,5,88.04,0,0,0,0.320000001,1.040000002,0,0,0,0,6.8,3.799999999,0,0,0,0,0,0,0,0,0
64_19,0,470.5,0,0,0,0,0,0,0,0,0,6,3.892948348,3.270944814,2.196624537,18.10114539,1,3,204.8662937,0.116666667,6,87.2,0,0,0,0,0.039999999,0,0,0,0,0,4.520000003,0,0,0,0,0,8.24,0,0,0
64_20,0,326.3333333,0,0,0,0,0,0,0,0,1,1,2.276954117,4.88797389,3.140946161,18.56690775,3,1.333333333,266.7397483,0.244444444,6,98.71999999,0,0,0,0,1.040000008,0,0,0,0,0,0.040000002,0,0,0,0,0,0.200000001,0,0,0
64_21,0,314.7857143,0,0,1,0,3,1,0,0,2,22,2.266225345,4.898709533,3.147215622,18.57,6,2.666666667,2963.300125,0.316666667,6,35.79999994,0,0,0,0.52,1.719999992,0,0,0,0,42.60000007,9.320000004,0,0,0,0,7.76,2.280000001,0,0,0
64_22,0,415.8,0,0,7,0,1,1,0,0,4,25,2.266225345,4.898709533,3.147215622,18.57,14,1.785714286,2335.51497,0.711111111,6,12.48000001,0,0,0,0.68,0,0,0,0,0,84.83999999,2.000000002,0,0,0,0,0,0,0,0,0
64_23,0.111111111,343.3703704,18,1,21,1,2,4,15,1,11,18,2.266225345,4.475958874,4.443312458,18.57,26,1.653846154,2555.762314,0.888888889,6,4.679999991,0,0,0,0,0,0,0,0,0,95.04000001,0.119999998,0,0,0,0,0.160000004,0,0,0,0
64_24,0.169811321,387.8490566,2,0,7,0,5,7,5,0,2,22,2.266225345,3.742311194,6.692577878,18.57,14,1.642857143,2064.377894,0.927777778,6,0,0,0.120000015,0,0.8,0,0,0,41.52000005,0,43.71999994,3.279999996,0,0,0,0,10.56,0,0,0,0
64_25,0.133333333,291.5,1,0,5,1,4,8,2,0,2,22,2.266225345,4.701872835,3.750690544,18.57,19,1.368421053,1964.264715,1.022222222,6,18.08000002,0,10.27999997,0,19.48000003,0,0,0,46.23999994,0,0,5.92000003,0,0,0,0,0,0,0,0,0
64_26,0.173913043,292.5217391,1,0,0,0,0,2,0,0,2,26,6.451224581,15.30549396,21.64630531,18.90835758,7,1.714285714,1115.476107,1.927777778,6,47.92000002,0,0,0,12.48,0.319999996,0,0,0,0,0,15.63999997,0,0,0,0,0,23.64000001,0,0,0
64_27,0.015151515,319.3939394,0,0,3,4,0,5,0,3,2,329,181.5766696,112.4804409,162.4756,31.08008156,31,1.483870968,2796.212931,3.444444444,6,13.47999992,0,0,0,4.719999963,0,0,13.20000004,0,0,0,40.64,7.600000063,0,0,0,0,20.36000001,0,0,0
64_28,0.049586777,340.8181818,0,0,6,2,2,4,2,0,5,783,448.0299045,460.8151296,281.4844182,49.56162033,50,1.36,3984.648224,5.877777778,6,0,0,0,0,0,0,0,48.27999998,0,0,0,0,51.72000002,0,0,0,0,0,0,0,0
64_29,0.052884615,351.6105769,0,0,7,3,0,5,1,0,6,711,328.4655465,397.820909,311.3524371,50.49444045,48,1.5,4172.516813,6.333333333,6,1.040000011,0,0,0,0,0,0,40.60000001,0,0,0,0,58.35999997,0,0,0,0,0,0,0,0
64_30,0.075949367,354.7151899,0,1,5,0,6,5,2,1,10,278,244.7240537,254.3291973,126.7933187,46.96609225,34,1.705882353,3810.275739,5.75,6,6.759999996,0,0,0,9.120000036,0,0,2.719999979,4.12,0.920000002,0,7.680000008,42.23999993,0,0,0,8.000000009,18.44000004,0,0,0
64_31,0.042857143,369.1,0,0,2,0,0,2,0,1,2,115,184.6818969,93.28058044,81.24465993,36.62658986,13,2,1988.753038,3.738888889,6,6.560000006,0,0,0,27.8,0,0,0,0,0.919999998,0,3.32000001,13.91999999,0,0,0,11.64,35.84,0,0,0
64_32,0.052631579,438.4210526,0,0,0,0,0,6,0,1,1,17,90.35583514,50.95865082,81.69418192,23.70412256,26,1.538461538,3039.116607,2.316666667,6,22.35999998,1.400000006,0,0,22.55999998,0,0,0,0,1.16,0,6.440000034,2.44E-09,0,0,0,18.67999998,27.40000002,0,0,0
64_33,0,598.1428571,0,0,0,0,0,0,0,0,2,0,24.5807663,7.380261492,8.549786942,12.82800979,0,1,427.1155267,1.455555556,6,88.08000006,0.160000002,0,0,3.359999986,0,0,0,0,0,0,0,0,0,0,0,5.279999992,3.119999958,0,0,0
64_34,0,591,0,0,6,0,2,0,0,0,1,7,7.751413039,1.640763068,0.48615202,10.657,1,1,204.4713203,1.016666667,6,68.39999995,12.32000003,0,0,10.72000002,0,0,0,0,0,0,8.559999998,0,0,0,0,0,0,0,0,0
64_39,0,512,0,0,0,0,3,3,0,0,3,16,18.07359593,10.42915047,8.236866454,21.41528909,0,1,405.7277232,0.038888889,7,45.56000003,0,0,0,19.04000002,0,0,0,15.91999998,15.39999999,0,2.439999979,0,0,0,0,1.640000004,0,0,0,0
64_41,0,668,1,1,2,1,0,2,0,0,0,70,1.153199134,9.147397749,15.45210777,10.595,8,1.75,2481.785776,0.033333333,6,35.35999998,0,0,0,5.400000011,3.999999987,0,0,0,0,0,35.12000002,0,0,0,0,20.11999999,0,0,0,0
64_6,0,651.75,0,0,0,0,0,1,0,0,2,27,9.62058542,18.9616839,16.78365264,4.917,4,2.25,1189.274686,0.388888889,2,67.44,0,0,0,6.32,3.800000005,0,0,1.080000021,1.75E-09,0,19.03999997,0,0,0,0,2.320000006,0,0,0,0
64_7,0,621.5,0,0,3,0,0,0,2,0,3,22,13.05940397,20.66741468,19.77744941,5.553850078,3,2.333333333,963.0037941,0.511111111,2,68.08000001,0,0,0,2.20000001,3.559999997,0,0,4.359999979,1.319999998,0,14.84000001,0,0,0,0,5.64,0,0,0,0
64_8,0,557.6363636,0,0,5,0,2,1,1,0,0,77,40.09038455,31.04656644,40.23474346,10.55983741,13,1.461538462,1766.407569,1.155555556,2,36.11999999,0,0,0,11.36,6.079999993,0,0,0,0,0,40.68000002,0,0,0,0,5.76,0,0,0,0
64_9,0,543.35,26,1,115,17,7,15,38,1,12,332,41.91470325,73.8883168,164.4311499,9.00543032,33,1.575757576,3144.580521,0.683333333,2,4.679999993,0,0,0,6.679999987,0,0,17.03999999,0,0,0,22.79999996,42.88000007,0,0,0,5.919999993,0,0,0,0
65_10,0,611,0,0,0,1,1,1,0,0,4,15,33.49236641,5.952731399,13.20453736,11.99619784,2,1,743.1330789,0.683333333,2,80.83999998,0,0,0,5.400000008,3.48,0,0,0,5.199999999,0,5.080000018,0,0,0,0,0,0,0,0,0
65_11,0,555.5,0,0,0,0,0,0,0,0,2,12,15.94855548,3.957100346,6.976754751,15.56347726,6,1.666666667,1269.959994,0.166666667,3,83.88000003,0,0,0.400000001,4.039999989,0,0,0,0,0.879999998,0,10.79999998,0,0,0,0,0,0,0,0,0
65_14,0,513.75,0,0,0,0,0,0,0,0,6,0,4.910036261,2.701454591,3.058250481,17.808,2,2.5,837.5634584,0.166666667,5,92.87999999,0,0,0,2.64,0,0,0,0,0,0,1.440000004,0,0,0,0,3.040000005,0,0,0,0
65_15,0,392.5,0,0,0,0,0,2,0,0,6,9,4.910036261,2.585838697,2.682715053,17.808,3,2,1448.693567,0.177777778,5,86.6,0,0,0,0.680000002,0.04,0,0,0,0,0,4.719999997,0,0,0,0,7.96,0,0,0,0
65_16,0,427.5,0,0,0,0,0,2,0,0,1,6,4.910036261,2.256281599,1.612270832,17.808,2,1.5,734.1792781,0.177777778,5,88.64,0,0,0,3.69E-09,5.28,0,0,0,0.44,0,0,0,0,0,0,5.639999996,0,0,0,0
65_17,0,390,0,0,0,0,0,4,0,0,0,10,4.910036261,2.253205581,1.602279524,17.808,2,2.5,735.6647415,0.183333333,5,88.16,0,0,0,4.840000001,5.76,0,0,0,0,0,1.24,0,0,0,0,0,0,0,0,0
65_19,0,283.3333333,0,0,0,0,0,0,1,0,0,14,3.141547018,4.022827324,2.635713063,18.31771452,1,4,716.5665333,0.144444444,5,80.68000004,0,0,0,3.680000001,2.23999998,0,0,0.040000002,0,0,13.35999998,0,0,0,0,0,0,0,0,0
65_20,0,296.7777778,1,0,0,0,0,3,0,1,2,66,2.266225345,4.898709533,3.147215622,18.57,15,1.4,2104.319387,0.272222222,6,42.39999998,0,0,0,5.56,7.559999992,0,0,4.079999998,0,0,38.16,0,0,0,0,0,2.240000024,0,0,0
65_21,0.142857143,262.2857143,0,1,2,0,0,1,0,1,4,13,2.266225345,4.898709533,3.147215622,18.57,12,2.333333333,3010.107019,0.522222222,6,80.00000004,0,6.18E-09,0,1.24,0.040000001,0,0,0,0,0,8.039999978,0,0,0,0,6.840000001,3.839999974,0,0,0
65_22,0.090909091,306.4545455,0,1,8,0,0,7,1,0,5,7,2.266225345,4.898709533,3.147215622,18.57,31,1.709677419,3541.801038,0.855555556,6,72.35999999,0,15.35999999,0,3.32,0,0,0,0,0.84,0.160000003,3.000000005,0,0,0,0,4.960000016,0,0,0,0
65_23,0.107142857,314.0714286,4,3,7,0,3,6,6,0,14,15,2.266225345,4.781469735,3.506657123,18.57,23,1.913043478,3097.850106,1.094444444,5,23.83999995,0,0,0,1.280000004,0,0,0,5.360000017,0,42.28000001,10.28000003,0,0,0,0,16.95999999,0,0,0,0
65_24,0.115384615,270.8461538,1,0,1,0,1,7,1,0,4,22,2.266225345,3.659655669,6.945988633,18.57,11,2.181818182,1503.078283,1.044444444,5,16.56000002,0,0.080000006,22.48,19.12000004,0,0,0,31.67999999,0,0.239999993,9.719999967,0,0,0,0,0.119999998,0,0,0,0
65_25,0.333333333,240.7333333,2,0,5,0,1,1,0,0,1,43,2.266225345,4.107007178,5.57446889,18.57,23,1.695652174,1696.319783,0.972222222,5,29.87999998,0.160000007,5.240000001,12.96000002,38.35999996,0,0,0,0,0,0,9.520000045,0,0,0,0,0,3.879999997,0,0,0
65_26,0.235294118,232.9411765,0,0,8,0,2,3,0,0,3,39,6.575284863,7.095233526,9.221275129,18.91838787,13,1.538461538,2056.158221,1.194444444,5,38.60000004,0.399999993,9.240000024,3.159999978,5.439999995,0.480000004,0,0,23.79999998,0,0,18.87999998,0,0,0,0,0,0,0,0,0
65_27,0.162162162,278.3243243,1,0,7,1,1,7,1,0,5,204,57.54069858,49.43832632,58.74044198,23.00715598,9,1.777777778,1685.419092,2.211111111,6,24.12,0,16.79999992,0,6.64,5.279999998,0,6.760000053,0,0,0,40.40000003,0,0,0,0,0,0,0,0,0
65_28,0.041237113,282.9072165,0,1,4,0,0,6,0,0,10,598,276.3566074,330.181018,256.2331844,40.97071471,52,1.5,4787.804695,3.733333333,6,17.19999996,0,0,0,3.559999988,0,0,38.48000001,0,0,0,8.879999978,26.96000005,0,0,0,4.28,0.640000012,0,0,0
65_29,0.014925373,329.5447761,1,0,15,9,4,8,2,1,6,513,399.9192021,282.2208689,284.0869058,48.253926,30,1.533333333,3563.585632,4.344444444,6,3.079999987,0,0,0,0,0,0,22.95999998,0,0,0,0,61.88000005,0,0,0,7.239999999,4.839999982,0,0,0
65_30,0.04040404,379.2525253,0,0,1,0,0,4,1,0,5,462,216.5783939,324.3530716,152.5058234,37.02815414,43,1.395348837,3930.314366,3.661111111,6,18.12000003,0,0,0,4.160000007,0,0,7.160000001,0,0,0,15.60000003,45.55999993,0,0,0,9.160000002,0.24,0,0,0
65_31,0.045454545,575.9090909,0,0,0,0,0,1,0,0,1,72,32.38742384,36.2497062,12.08008781,16.89772702,5,2,887.792781,2.022222222,6,78.48000004,0,0,0,5.599999994,0,0,0,0,1.32,0,6.959999975,0,0,0,0,6.159999993,1.480000001,0,0,0
65_32,0,401,0,1,0,0,0,0,0,0,1,1,7.428542261,1.657358888,1.469433374,11.61880429,2,2,637.9498042,0.655555556,6,92.15999999,0,0,0,2.400000002,1.24,0,0,0,0.760000004,0,0,0,0,0,0,0,3.440000001,0,0,0
65_6,0,652,0,0,3,0,2,1,0,0,0,19,9.600377636,18.91541426,16.75357035,4.960118221,2,1.5,777.6866157,0.1,2,75.55999999,0,0,0,1.08,4.720000001,0,0,0,1.280000003,0,11.12,0,0,0,0,6.24,0,0,0,0
65_7,0,681,0,0,0,0,0,0,0,0,0,1,11.00798084,19.35250739,17.88904122,5.558372398,0,0,0,0.15,2,94.88,0,0,0,1.84,1.84,0,0,0,1.44,0,0,0,0,0,0,0,0,0,0,0
65_9,0.090909091,577.2727273,0,0,0,0,0,1,0,0,3,50,40.0452255,6.692907607,15.55714918,10.68363675,3,2,633.6242807,0.661111111,2,63.12000006,0,0,0,7.19999999,1.36,0,0,0,2.6,0,25.71999995,0,0,0,0,0,0,0,0,0
66_10,0,648.5,0,0,0,0,0,2,0,0,0,1,23.18208287,4.638290539,10.26215449,14.63171649,1,3,392.4497767,0.111111111,2,97.72,0,0,0,1.880000006,0.399999991,0,0,0,0,0,0,0,0,0,0,0,0,0,0,0
66_12,0,592.5,0,4,0,0,0,1,0,1,1,1,4.910036261,2.701454591,3.058250481,17.808,2,1.5,477.7331017,0.066666667,3,80.43999999,0,0,0,3.960000002,0,0,0,0,14.24,0,1.360000007,0,0,0,0,0,0,0,0,0
66_13,0,548.2,0,0,0,0,1,1,0,0,1,28,4.910036261,2.701454591,3.058250481,17.808,7,1.142857143,1117.277931,0.116666667,4,52.19999999,0,0,0,23.96,2.080000005,0,0,0,0,0,21.76,0,0,0,0,0,0,0,0,0
66_14,0,483.75,0,0,3,1,3,2,1,0,3,26,4.910036261,2.701454591,3.058250481,17.808,10,1.7,1285.849147,0.166666667,4,67.27999999,0,0,9.72,0.319999999,7.480000011,0,0,0,0,0,15.2,0,0,0,0,0,0,0,0,0
66_15,0,547.25,0,0,3,0,1,2,0,0,2,24,4.910036261,2.701454591,3.058250481,17.808,11,1.454545455,1765.433171,0.138888889,4,77.44000002,0,0,0,2.999999998,5.319999989,0,0,0,0,0,14.23999999,0,0,0,0,0,0,0,0,0
66_16,0,375.5,0,0,0,0,0,1,0,0,4,0,4.910036261,2.400435091,2.08050008,17.808,0,1,143.2893611,0.127777778,4,91.91999996,0,0,0,6.000000037,0,0,0,0,0,0,0,0,0,0,0,2.080000004,0,0,0,0
66_17,0.142857143,298.4285714,0,0,0,0,0,2,0,0,4,5,4.215496341,7.143514809,12.24390028,12.11103388,2,2.5,1194.238332,0.077777778,4,76.00000004,0,0,0,13.35999996,0,0,0,0,0,0,2.56,0,0,0,0,8.080000004,0,0,0,0
66_18,0,390,0,0,0,0,0,6,0,0,2,6,4.541074421,4.851094398,7.255449144,14.78158922,1,6,1248.523505,0.122222222,4,85.28000001,0,0,0,1.04,0,0,0,0,0,0,4.359999998,0,0,0,0,9.319999994,0,0,0,0
66_19,0.333333333,423,0,0,0,0,1,4,0,0,4,2,4.674673614,2.488718949,1.73981593,17.8758363,2,1.5,836.5869138,0.177777778,4,87.28,0,0,0,1.080000002,1.08,0,0,0,0,0,1.6,0,0,0,0,8.960000002,0,0,0,0
66_20,1,492.5,0,0,0,0,0,3,0,0,1,0,2.548855226,4.615898662,2.982058158,18.48854033,2,3.5,252.371122,0.372222222,4,95.76,0,0,0,1.919999999,0,0,0,0,0,0,0,0,0,0,0,2.319999998,0,0,0,0
66_21,0,441.375,1,0,0,0,0,2,0,0,2,41,2.266225345,4.898709533,3.147215622,18.57,10,1.9,2021.518849,0.722222222,5,63.71999992,0,1.10E-08,0,3.92,3.4,0,0,0,0,0,17.52,0,0,0,0,11.44000007,0,0,0,0
66_22,0.548387097,192.9354839,23,0,15,1,3,10,35,7,7,31,2.266225345,4.898709533,3.147215622,18.57,15,2,2572.16256,0.905555556,5,21.83999999,0,12.76,0,5.21E-09,0,0,0,0,9.240000047,16.88000003,19.12,0,0,0,0,14.55999993,0,5.599999999,0,0
66_23,0.444444444,127.7037037,6,5,7,0,0,6,3,3,4,10,2.266225345,4.898709533,3.147215622,18.57,15,2,2477.916425,0.972222222,5,13.44,0,0,0,8.519999991,0,0,0,0,12.87999994,55.04000007,10.12,0,0,0,0,0,0,0,0,0
66_24,0.5,163.5,2,0,3,1,0,1,0,0,0,13,2.266225345,4.010253429,5.87110291,18.57,2,3.5,1705.370403,0.8,5,18.16000003,0,0,0.56,6.400000023,0,0,0,4.359999999,0,68.83999994,1.680000001,0,0,0,0,0,0,0,0,0
66_25,1,205,0,0,0,0,0,1,0,0,2,8,2.266225345,4.001642826,5.897501865,18.57,11,1.909090909,1810.510627,0.677777778,5,76.92000003,0,0,0,13.35999998,0,0,0,0,2.12,0.839999991,4.76,0,0,0,0,1.12,0.880000001,0,0,0
66_26,0.555555556,195.9444444,4,1,6,1,2,4,1,0,6,13,2.690568737,5.115016696,3.745370974,18.6043082,19,1.578947368,2821.423361,0.688888889,5,46.55999994,1.039999999,8.000000051,0,2.720000005,0,0,0,19.84,0.080000003,0,20.92,0,0,0,0,0.84,0,0,0,0
66_27,0.291666667,251.125,0,0,69,3,15,9,5,0,10,47,11.85923491,9.788703646,16.66954241,19.34559572,16,1.5,2402.312458,1.283333333,5,10.32000001,0,85.59999999,0,0.64,0,0,0,0,0.479999996,0,0,0,0,0,0,2.960000004,0,0,0,0
66_28,0.0625,225.71875,0,0,8,0,3,6,0,0,0,5,23.57640899,18.93878513,30.66317466,20.37051376,9,1.777777778,1709.640491,2.011111111,6,80.20000004,0,11.91999994,0,1.720000001,0,0,0,0,0,0,0,0,0,0,0,5.080000001,1.080000016,0,0,0
66_29,0.08,304.06,0,1,0,0,0,5,0,1,8,89,188.7071333,82.74663838,72.69833146,35.02513473,15,1.933333333,3488.401114,2.183333333,6,45.27999997,0,0,0,8.040000012,0,0,9.640000002,0,0,0,1.560000001,1.600000006,0,0,0,15.56000002,18.31999999,0,0,0
66_30,0,515.4705882,0,0,0,0,0,3,0,0,0,0,23.44686688,6.783794082,7.626982857,15.82158327,3,2.666666667,2107.171314,1.711111111,6,81.96000003,0,0,0,4.519999987,0,0,0,0,0,0,0.159999999,0.039999999,0,0,0,13.31999998,0,0,0,0
66_5,0,779,1,0,0,0,0,0,0,0,3,14,2.128205129,3.045162912,6.061389357,15.53647654,4,1.5,815.8199822,0.055555556,2,77.28,0,0,0,0.080000005,5.560000001,0,0,0,2.999999995,0,11.75999999,0,0,0,0,2.32000001,0,0,0,0
66_6,0,702.5,2,0,0,0,0,1,0,0,5,15,3.091654925,4.012432549,7.064367467,18.84806111,2,2.5,1059.400287,0.094444444,2,81.48000004,0,0,0,0.399999994,1.199999994,0,0,0,0.879999999,0,10.35999998,0,0,0,0,5.679999992,0,0,0,0
66_7,0,734,0,0,0,0,0,0,0,0,0,6,2.379061529,2.380811903,6.003566094,20.36855243,2,1.5,476.7536096,0.072222222,2,78.75999995,0,0,0,12.32000003,3.2,0,0,0,2.680000024,0,3.040000002,0,0,0,0,0,0,0,0,0
66_9,0,631.8,0,0,0,0,0,0,0,0,0,9,11.76867942,2.965724977,8.106911699,18.37700799,0,1,663.231675,0.1,2,91.84,0,0,0,0.159999997,3.280000009,0,0,0,0,0,4.719999991,0,0,0,0,0,0,0,0,0
67_12,0,583,0,0,0,0,0,0,0,0,0,1,4.90091611,2.696376835,3.060195504,17.73319192,0,1,99.41972625,0.072222222,3,84.91999997,0,0,0,12.68,3.70E-09,0,0,0,0,0,2.400000031,0,0,0,0,0,0,0,0,0
67_13,0,556.5,2,0,2,0,0,2,0,0,0,38,4.9042871,2.698253675,3.059476584,17.76084248,6,1.333333333,1133.334061,0.111111111,3,62.36,0,0,8.4,0.479999998,6.239999996,0,0,0,0,0,22.52,0,0,0,0,0,0,0,0,0
67_14,0,550.8333333,0,0,0,1,1,2,0,0,0,19,3.790832095,2.07832399,3.296939296,8.62772392,7,1.714285714,1274.065307,0.138888889,4,73.00000001,0,0,0,3.600000002,4.720000011,0,0,0,0,0,17.11999998,0,0,0,1.560000004,0,0,0,0,0
67_15,0,549,0,0,0,0,0,0,0,0,1,17,4.123951146,2.263792093,3.225896144,11.3601341,7,1.571428571,1384.519461,0.111111111,4,80.68,0,0,0,4.48,6.44,0,0,0,0,0,8.399999999,0,0,0,0,0,0,0,0,0
67_17,0,474.5,0,0,0,0,0,0,0,0,0,5,4.008064988,8.604054991,15.42212767,10.40957748,0,1,504.3504567,0.172222222,4,81.63999998,0,0,0,11.40000002,3.92,0,0,0,0,0,3.04,0,0,0,0,0,0,0,0,0
67_18,0,407.5,0,0,0,0,1,0,0,0,0,13,4.050824597,8.302981278,14.76697231,10.76031333,3,1.666666667,766.3614794,0.238888889,4,70.99999999,0,0,0,16.12000001,3.68,0,0,0,0,0,9.199999999,0,0,0,0,0,0,0,0,0
67_19,0.25,234.5,0,0,0,0,0,3,0,0,0,0,4.906900879,2.279367273,1.638445923,17.78228201,0,0,0,0.2,4,82.31999999,0,0,0,16.92,0,0,0,0,0,0,2.44E-09,0,0,0,0,0.760000011,0,0,0,0
67_20,0.142857143,346,0,0,0,0,0,3,0,0,0,8,4.151867018,7.390934842,8.575469132,12.96324901,0,1,409.0649244,0.294444444,4,66.11999999,0,0,0,10.92,1.76,0,0,0,0.48,0,4.880000017,0,0,0,0,15.84,0,0,0,0
67_21,0.210526316,479.7894737,0,0,0,0,0,8,0,0,2,19,2.96603123,10.29383754,11.80990513,11.02618473,11,1.636363636,2504.928621,0.533333333,4,55.03999995,0,0,0,4.560000011,1.52,0,0,0,0,1.280000008,15.6,0,0,0,0,22.00000003,0,0,0,0
67_22,0.269230769,256.5384615,0,0,0,0,0,5,0,0,7,2,2.32665931,5.232381413,3.68874396,17.91745063,24,1.958333333,5003.935145,0.705555556,5,48.32000005,0.44,0,0,16.95999999,0,0,0,0,1.480000004,0.559999991,1.32,0,0,0,0,30.91999996,0,0,0,0
67_23,0.578947368,207.5263158,0,0,3,0,0,3,0,0,5,5,2.266225345,4.898709533,3.147215622,18.57,22,1.772727273,2144.298324,0.694444444,5,69.23999998,0,0,0,11.76,0,0,0,0,1.2,2.320000011,4.640000015,0,0,0,0,10.84,0,0,0,0
67_24,0.470588235,181.8823529,0,0,0,0,0,6,0,0,1,6,2.266225345,4.557045,4.194713268,18.57,16,1.9375,2732.970997,0.383333333,5,73.64000002,0,0,0,5.76,0,0,0,0,0.16,9.599999997,3.559999986,0,0,0,0,7.28,0,0,0,0
67_25,0.5,196.3,0,0,0,0,0,4,0,0,2,1,2.266225345,4.50898342,4.342063629,18.57,12,1.916666667,3187.953326,0.316666667,5,78.92,0,0,0,10.52000001,0.719999999,0,0,0,0.4,0,2.119999999,0,0,0,0,7.319999998,0,0,0,0
67_26,0.692307692,259.6153846,0,0,1,0,0,4,0,0,2,0,4.985470137,5.433383346,6.433277511,18.9788528,19,2.052631579,3773.241509,0.333333333,5,44.27999997,0,8.24000002,1.96,21.88,0,0,0,0,0,0,2.440000003,0,0,0,0,21.20000001,0,0,0,0
67_27,0.333333333,387.3333333,0,0,7,0,0,4,0,0,0,5,12.68311365,7.736490937,15.37154964,17.16781918,2,2.5,1121.795297,0.544444444,5,21.36,0,6.959999984,0,48.44000002,0,0,0,0,11.72000001,0,0,0,0,0,0,11.51999999,0,0,0,0
67_28,0.181818182,463.0909091,0,2,0,0,0,1,0,0,1,0,11.32854386,6.385316037,12.80488963,16.45849095,4,3,1769.256307,0.638888889,5,35.92,2.08,0,0,37.19999998,0,0,0,0,7.119999994,0,0,0,0,0,0,17.68000002,0,0,0,0
67_29,0.333333333,252.6666667,0,0,1,0,0,1,0,0,6,23,7.224187804,2.29124652,5.027891637,14.30922138,19,2.157894737,4770.053786,0.611111111,5,31.60000001,0,0,0,9.71999998,2.36,0,0,11.56,0.48,0,11.32000003,0,0,0,0,32.95999998,0,0,0,0
67_5,0,816.5,0,0,0,0,0,2,0,0,0,10,2.076566099,1.688190008,5.553256607,21.014,2,3,428.5000238,0.05,2,80.11999999,0,0,0,6.839999998,3.56000003,0,0,0,0,0,5.959999993,0,0,0,0,3.519999991,0,0,0,0
67_6,0,783,0,0,0,0,0,1,0,0,0,6,2.076566099,1.688190008,5.553256607,21.014,1,2,342.8651713,0.055555556,2,93.32000005,0,0,0,0.88,2.239999968,0,0,0,0,0,3.559999981,0,0,0,0,0,0,0,0,0
67_7,0,664,0,0,0,0,0,1,0,0,0,20,2.076566099,1.688190008,5.553256607,21.014,2,2.5,1261.536515,0.044444444,2,81.03999998,0,0,0,5.720000017,4.68,0,0,0,2.440000001,0,6.12,0,0,0,0,0,0,0,0,0
67_8,0,682,0,0,0,0,0,2,0,0,0,6,2.134433961,1.696592136,5.461117293,20.37244079,4,1.5,520.0037934,0.05,2,84.20000001,0.279999998,0,0,6.759999998,1.12,0,0,0,0.2,0,7.439999996,0,0,0,0,0,0,0,0,0
68_12,0,629,0,0,1,0,0,0,0,0,1,24,4.407758094,2.421805081,3.165369614,13.68806158,2,2,819.514371,0.072222222,3,74.83999998,0,0,0.120000002,2.239999993,3.800000011,0,0,0,0,0,19.00000001,0,0,0,0,0,0,0,0,0
68_15,0,642,0,0,1,1,0,0,0,0,0,26,3.447677847,1.887268667,3.370122619,5.813,2,1,649.5663984,0.083333333,3,76.76000002,2.24,0,0,0,10.28,0,0,0,0,0,10.71999998,0,0,0,0,0,0,0,0,0
68_16,0,490,0,0,1,0,1,1,0,0,3,31,3.527215461,14.50743725,17.38141074,6.465407562,7,1.428571429,746.8817944,0.161111111,4,84.28000001,0,0,0,3.76,0,0,0,0,0,0,11.95999999,0,0,0,0,0,0,0,0,0
68_17,0,485.125,4,3,7,4,1,5,3,0,2,87,3.563864977,16.49564579,27.0719976,6.766025344,13,1.615384615,1974.067057,0.166666667,4,30.39999991,0,0,0,23.76000004,0,0,0,3.12,0,0,42.72000005,0,0,0,0,0,0,0,0,0
68_18,0,434.5,0,1,0,0,0,3,0,2,5,61,4.021946222,19.34206373,27.45732667,10.52343835,15,1.666666667,2034.066729,0.238888889,4,21.44000001,0,0,0,35.63999998,0,0,0,0,0,0,24.95999998,0,0,0,0,4.440000011,13.52000002,0,0,0
68_19,0,487.5,0,0,3,0,1,3,1,0,0,48,3.881058384,10.83901609,13.47146006,9.367805371,6,1.5,828.2840784,0.188888889,4,45.84000005,0,0,0,23.11999997,0.880000006,0,0,3.28,0,0,17.00000001,0,0,0,0,9.239999989,0.639999982,0,0,0
68_2,0,818,0,0,1,0,0,1,0,0,0,32,2.063317046,6.364080824,9.196911501,20.82793577,4,1.75,1106.807057,0.05,1,65.68,0,0,0,9.559999999,1.280000001,0,0,0,0.08,0,20.16,0,0,0,0,3.240000005,0,0,0,0
68_20,0,570,0,0,0,0,0,2,0,1,1,39,3.447677847,14.45515134,18.47047116,5.813,2,2.5,680.780407,0.266666667,4,51.60000003,0,0,0,16.64,1.079999995,0,0,0,0,0,30.59999996,0,0.080000007,0,0,0,0,0,0,0
68_21,0.333333333,369,0,1,0,0,0,0,0,1,2,5,3.447677847,10.02844899,11.55801016,5.813,1,2,261.7091724,0.45,4,76.23999996,0,0,0,7.080000015,0,0,0,3.920000002,0,5.520000027,1.519999996,0,5.719999996,0,0,0,0,0,0,0
68_22,0.461538462,265.1538462,1,0,0,0,0,1,0,1,4,15,2.48711717,5.032828375,3.43152999,16.18487067,10,2,3250.330943,0.505555556,4,62.60000003,0,0,0,11.23999998,2.72,0,0,0,0,2.399999979,9.240000008,0,0,0,0,11.8,0,0,0,0
68_23,0,735,0,0,0,0,0,2,0,0,0,7,2.266225345,4.898709533,3.147215622,18.57,3,2,853.5730542,0.516666667,4,93.68000001,0,0,0,1.56,0,0,0,0,1.84,0,2.91999999,0,0,0,0,0,0,0,0,0
68_24,0,576,0,0,0,0,0,1,0,1,1,4,2.266165097,4.898452218,3.147075004,18.57033363,11,2.181818182,2400.785552,0.311111111,5,84.75999998,0,0,0,4.480000006,0,0,0,0,0.72,0,4.639999998,0,0,0,0,5.400000011,0,0,0,0
68_3,0,802.6666667,0,0,1,0,0,0,0,0,2,15,2.076566099,5.298905325,8.405006481,21.014,1,3,735.9239776,0.033333333,1,82.64,0,0,0,0.68,3.32,0,0,0,0,0,6.599999999,0,0,0,1.24,5.52,0,0,0,0
68_4,0,772.5,0,0,0,0,0,2,0,0,2,8,2.076566099,3.804842204,7.224992565,21.014,1,3,769.8681839,0.033333333,2,76.15999998,0,0,0,12.2,0,0,0,0,2.759999999,0,6.640000021,0,0,0,0,2.239999995,0,0,0,0
68_8,0,759,0,0,0,1,0,1,0,0,6,13,2.296090841,1.720063917,5.20372133,18.5802118,8,1.375,1132.904449,0.05,2,59.48000007,0.48,0,0,23.71999993,0,0,0,0,4.800000004,0,11.52,0,0,0,0,0,0,0,0,0
69_1,0,899.3333333,0,0,1,0,0,1,0,0,2,56,1.458015336,2.81279974,4.118409272,12.50383985,10,1.4,1124.606921,0.022222222,1,57.44000001,0,0,0,5.760000027,4.35999998,0,0,0,0,0,26.35999998,0,0,0,0,6.080000004,0,0,0,0
69_10,0,761,0,0,0,0,0,1,0,0,1,8,3.431834078,1.884224349,3.356197926,5.988653895,3,1.333333333,209.5148739,0.05,3,78.12000001,0,0,0,8.88,4.719999999,0,0,0,0,0,8.279999991,0,0,0,0,0,0,0,0,0
69_11,0,702.1428571,0,0,0,0,0,0,0,0,0,9,3.445765888,1.886901292,3.368442247,5.83419716,3,1,241.20158,0.027777778,3,83.23999993,3.08,0,0,0.440000007,1.84,0,0,0,0.4,0,11.00000006,0,0,0,0,0,0,0,0,0
69_12,0,686,1,0,0,0,2,3,0,0,2,65,3.455760688,1.891768887,3.36839882,5.879299532,6,1.833333333,1307.664468,0.055555556,3,56.60000005,0,0,2.959999998,1.959999997,5.480000015,0,0,0,1.58E-17,0,30.91999994,0,0,2.08,0,0,0,0,0,0
69_15,0,682,0,0,0,0,0,0,0,0,2,0,3.447677847,1.887268667,3.370122619,5.813,0,0,0,0.044444444,3,78.64000004,0,0,0,2.519999997,0,0,0,0,0.079999996,0,0,0,0,0,0,0,18.75999997,0,0,0
69_16,0,545,0,0,0,0,0,0,0,0,2,15,3.447677847,35.76264116,27.7058804,5.813,1,2,254.2487284,0.122222222,3,85,0,0,0,0.159999998,0.52,0,0,0,0,0,12.24000002,0,0,0,0,0,2.079999979,0,0,0
69_17,0,500.625,0,1,5,1,0,2,0,0,0,98,3.447677847,37.04287546,33.35036408,5.813,15,1.266666667,1717.265515,0.15,3,43.76,0,0,0,0.72,3.12,0,0,0,0,0,44.23999999,0,0,0,0,8.16000001,0,0,0,0
69_18,0,451.3333333,0,1,0,0,0,3,0,0,2,188,3.447677847,34.26833225,47.31315475,5.813,18,1.388888889,2189.086874,0.183333333,4,15.59999998,0,0,0,2.360000009,0,0,0,0,0,0,77.72000002,0,0,0,0,4.319999991,0,0,0,0
69_19,0,378,0,0,0,0,0,0,0,0,2,21,3.447677847,8.397780027,9.007997535,5.813,2,2.5,447.1124951,0.161111111,4,77.20000006,0,0,0,7.079999989,0,0,0,0,0,0,15.71999995,0,0,0,0,0,0,0,0,0
69_2,0,877.5,2,1,1,0,0,2,0,2,3,69,2.031733048,7.116992247,9.673864534,20.38438315,5,2.4,1312.670974,0.05,1,33.24000004,0,0,0,25.75999998,2.760000018,0,0,0,0,0,27.91999997,0,0,0,0,3.679999995,6.64,0,0,0
69_20,0,525,0,0,0,0,0,0,0,0,0,0,3.447677847,7.996474747,8.385006518,5.813,0,0,0,0.138888889,4,92.47999998,0,0,0,1.08,0,0,0,0,6.440000023,0,0,0,0,0,0,0,0,0,0,0
69_21,0,274,0,0,2,0,0,1,0,0,0,19,3.447677847,5.616452414,4.668512786,5.813,0,1,581.0146424,0.272222222,4,74.19999997,0,0,0,3.400000001,2.92,0,0,9.08000004,3.639999977,0,6.440000012,0,0.319999997,0,0,0,0,0,0,0
69_22,0,229.5454545,0,0,1,0,1,3,0,0,6,15,2.56929124,5.082721988,3.53729791,15.29757761,23,1.782608696,3850.656815,0.244444444,4,69.84000003,0,0,0,4.280000018,2.16,0,0,9.199999961,3.4,0,3.879999989,0,0,0,0,7.240000001,0,0,0,0
69_23,0.4,292,0,0,2,0,1,0,0,0,1,0,2.097912526,4.179865578,2.754380462,19.50202703,5,2,1437.903552,0.233333333,4,72.11999999,0,0,0,15.95999998,3.680000015,0,0,0,2.88,0,0.080000005,0,0,0,0,5.280000005,0,0,0,0
69_24,0,230,0,0,1,0,0,2,0,1,3,2,1.44128971,1.375507922,1.221849958,23.13805559,11,1.818181818,1980.990852,0.061111111,4,75.75999999,0,0,0,11.16000002,2.239999984,0,0,0,1.920000006,0,1.879999996,0,0,0,0,7.040000001,0,0,0,0
69_3,0,937,0,0,0,0,0,0,0,0,0,9,2.076566099,7.287974704,9.975977287,21.014,1,3,977.9664772,0.05,1,84.84000001,0,0,0,1.040000002,10.07999999,0,0,0,0,0,4.039999999,0,0,0,0,0,0,0,0,0
69_7,0,820,0,0,0,0,1,2,0,0,2,18,2.076566099,1.687156531,5.498862926,21.014,3,1.333333333,623.6841378,0.038888889,3,73.67999995,0,0,0,6.480000005,4.44,0,0,0,1.76,0,10.48000003,0,0,0,0,2.64,0.520000012,0,0,0
69_8,0,754.4,0,0,1,2,4,3,0,0,7,8,2.613070861,1.746924378,3.690407461,15.06597359,4,1.75,933.1315237,0.027777778,3,64.96000005,0,0,0,22.63999999,0,0,0,0,0.56,0,8.679999967,0,0,1.48,0,0,1.679999991,0,0,0
69_9,0,757,0,0,0,0,0,0,0,0,0,2,3.447677847,1.887268667,3.370122619,5.813,0,0,0,0.05,3,95.23999999,0,0,0,0.160000001,3.959999999,0,0,0,0,0,0.640000007,0,0,0,0,0,0,0,0,0
6_18,0,288,0,0,0,0,0,0,0,0,0,1,19.91805388,18.30786597,23.7848632,4.736974664,0,0,0,0.033333333,5,98.72000001,0,0,0,0.28,0,0,0,0,0,0,0.999999994,0,0,0,0,0,0,0,0,0
6_19,0.333333333,372,0,0,0,0,0,0,0,0,0,2,22.70336602,8.192265936,28.09292513,9.448222667,0,0,0,0.138888889,5,98.56,0,0,0,0,1.44,0,0,0,0,0,0,0,0,0,0,0,0,0,0,0
6_20,0.375,191.75,0,0,0,0,0,0,0,0,0,5,20.55738153,21.59287197,62.69510639,8.98271138,1,3,253.1948089,0.455555556,6,91.67999997,0,0,0,0.32,2.239999997,0,0,0,0,0,2.360000008,0,0,0,0,0.600000005,2.80000002,0,0,0
6_21,0.611111111,189.3333333,0,0,2,2,0,8,1,0,2,364,12.97229232,67.74729291,217.2291257,5.186496158,21,1.571428571,2919.732874,1.383333333,6,3.519999957,0,0,0,1.799999999,0,0,29.96000001,0,0,0,12.32,39.08000007,0,0,0,5.88,7.439999975,0,0,0
6_22,0.604166667,184.9791667,0,0,11,3,1,4,0,0,5,482,67.73161692,154.9223142,270.0328665,8.554379768,27,1.518518519,3772.470115,2.161111111,6,0,0,0,0,0,0,0,29.96000003,0,0,0,1.559999997,61.23999998,0,0,0,2.999999994,4.240000007,0,0,0
6_23,0.526315789,159.5087719,2,0,12,6,1,11,2,0,4,610,114.444278,208.8437538,294.4749138,15.20827911,28,1.571428571,3473.924314,3.9,6,1.000000004,0,0,0,0,0,0,21.52,0,0,0,7.120000023,66.35999997,0,0,0,0,4.000000005,0,0,0
6_24,0.634146341,169.6585366,3,1,9,7,3,6,3,1,1,641,181.8423951,207.1885502,253.9786845,21.62444269,34,1.529411765,3543.735496,4.927777778,6,0.239999997,0,0,0,0.56,0,0,67.16,0,0,0,7.39999998,11.68000003,0,0,0,1.400000006,11.55999999,0,0,0
6_25,0.580645161,186.0387097,8,0,17,10,5,12,6,1,8,420,139.9117902,141.2966088,203.4327384,17.60016597,27,1.518518519,3121.135794,4.905555556,6,0,0,0,0,10.08000002,0,0,15.95999997,3.719999999,0.16,0,37.52000002,13.43999998,0,0,0,8.039999998,11.08000001,0,0,0
6_26,0.393258427,240.3932584,2,0,8,0,1,6,3,0,6,555,137.6511749,187.2315561,292.2130247,18.15410382,38,1.447368421,3753.009099,4.533333333,6,2.159999999,0,0,0,6.479999988,0,0,19.11999999,0,0,0,34.67999999,28.88000004,0,0,0,6.639999998,2.039999985,0,0,0
6_27,0.301204819,281.0240964,1,1,5,1,9,5,3,0,4,597,148.575052,183.5786606,231.997468,18.49008363,30,1.5,3244.102672,4.072222222,6,1.32,0,0,0,9.839999991,0,0,4.8,8.4,0.4,0,1.199999985,73.92000003,0,0,0,0.119999997,0,0,0,0
6_28,0.114583333,312.4583333,3,1,17,2,5,7,8,0,11,691,151.3698827,234.2922867,305.0653413,14.92842491,32,1.4375,3765.758223,4.594444444,7,0,0,0,0,0.6,0,0,19.4,1.440000012,2.16,0,0.400000006,72.59999997,0,0,0,2.600000004,0.800000001,0,0,0
6_29,0.142857143,259.9022556,5,1,28,3,9,8,6,1,9,447,114.3337278,193.503365,228.219198,14.85254135,29,1.689655172,3300.102636,4.172222222,8,0,0,0,0,11.20000002,1.000000001,0,21.36000001,3.079999987,0,0,31.28000003,26.15999995,0,0,0,5.919999998,0,0,0,0
6_30,0.171428571,319.1142857,6,0,17,5,0,6,3,0,6,447,99.30863467,222.7741191,208.3447109,9.902256834,48,1.375,4224.931416,3.461111111,8,0,0,0,0,12.11999998,0,0,22.87999998,0,0,0,51.16000002,8.56000001,0,0,0,5.280000002,0,0,0,0
6_31,0.15,337.95,0,0,6,2,0,3,0,0,7,543,103.6198409,225.680123,305.9070017,7.109065788,44,1.386363636,4466.984908,2.527777778,9,0,0,0,0,0.76,0,0,18.68,0,0,0,14.67999995,62.48000006,0,0,0,3.399999995,0,0,0,0
6_32,0.071428571,327.5285714,0,0,9,1,0,2,0,0,7,566,117.5269751,199.0377978,254.127949,17.34332539,26,1.346153846,3124.132948,2.338888889,10,0,0,0,0,4.32,0,0,0,0,0,0,56.76000006,38.91999994,0,0,0,0,0,0,0,0
6_33,0.025316456,362.1139241,6,1,16,4,0,5,0,1,5,561,191.0308543,195.6408759,179.2833396,25.10837191,27,1.444444444,3372.339613,2.816666667,10,0,0,0,0,6.480000001,0,0,3.160000016,0,0.44,0,52.19999995,35.84000003,0,0,0,1.880000004,0,0,0,0
6_34,0.032967033,382.3736264,0,2,7,3,3,5,1,1,6,281,66.96948324,106.0481819,158.2885902,13.17937302,27,1.444444444,2148.686072,2.433333333,10,0.64,0,0,0,12.64,0,0,43.68000004,1.999999998,5.48,0,0.519999998,17.79999997,0,0,0,4.879999996,12.36,0,0,0
6_35,0.05,403.075,1,0,11,4,7,4,3,0,3,534,13.86826682,89.12240543,230.7304634,8.562561001,44,1.227272727,3417.684454,2.255555556,10,0.200000004,0,0,0,6.600000022,0,0,58.67999994,22.92000004,0,0,0,7.719999995,0,0,0,0,0,3.879999999,0,0
6_36,0.049180328,419.852459,1,0,8,0,23,8,2,1,2,85,32.1053917,32.65681559,33.24565342,11.38770554,13,1.615384615,1945.802752,1.322222222,11,2.800000017,2.92,0,0,6.799999982,0,0,6.399999997,46.63999996,0,0,4.720000044,7.799999996,21.08,0,0,0,0.84,0,0,0
6_37,0.035714286,427.8928571,0,0,0,0,1,2,0,0,4,8,18.20350545,15.27045224,12.57903254,14.24503675,0,1,227.6343312,0.894444444,9,53.08000004,0,0,0,34.16,2.320000001,0,0,0,1.76000001,0,4.039999956,0,0.68,3.96,0,0,0,0,0,0
6_45,0,424,0,0,0,0,0,2,0,0,0,15,14.59933698,9.123431051,13.65709792,16.767,1,1,34.32268825,0.411111111,9,74.72,0,0,0,10.27999998,2.599999995,0,0,0,0,0,12.40000003,0,0,0,0,0,0,0,0,0
6_46,0.068965517,352.5862069,0,3,5,4,0,5,0,0,2,166,27.00302424,48.63963946,83.59807028,17.28818399,11,1.545454545,1735.978231,1.505555556,9,38.03999997,0,0,0,5.040000014,0,0,0,0,0,0,36.91999997,20.00000005,0,0,0,0,0,0,0,0
6_47,0.065217391,331.0434783,2,1,3,2,0,1,0,0,4,329,49.42354426,120.6563606,196.7549559,17.06033881,13,1.846153846,2438.103251,2.422222222,9,2.759999988,0,0,0,5.199999987,0,0,1.56000001,0,0,0,21.88000002,62.23999999,0,0,0,6.36,0,0,0,0
6_48,0.046153846,363.6153846,0,1,3,1,0,3,0,0,0,540,80.34137847,178.6574172,193.788849,16.24086051,11,2,2911.152064,3.394444444,9,0,0,0,0,3.16000001,0,0,8.879999989,0,0,0,45.80000004,42.15999996,0,0,0,0,0,0,0,0
6_49,0.133333333,295.0222222,0,1,11,3,0,10,4,0,6,302,65.10328595,146.0967452,165.5906047,13.51950641,13,1.846153846,1782.347173,3.483333333,9,4.72,0,0,0,2.31999999,0,0,3.320000015,0,0,0,78.51999998,10.40000001,0,0,0,0,0.720000013,0,0,0
6_50,0.371794872,287.4230769,0,1,6,3,0,4,5,3,7,640,125.0064815,213.4571683,280.5439482,19.27975255,24,1.625,3262.43664,3.222222222,9,0,0,0,0,0,0,0,35.00000001,0,0,0,19.03999998,39.72000003,0,0,0,0,6.239999987,0,0,0
6_51,0.476923077,267.2153846,2,0,4,1,0,5,1,0,1,429,92.07158673,201.2683638,256.421956,14.08138354,32,1.46875,3280.515669,2.555555556,8,0,0,0,0,0.92,0,0,3.039999976,0,0,0,6.599999992,65.87999997,0,0,0,0,23.56000007,0,0,0
6_52,0.470588235,299.1764706,0,0,2,2,0,6,0,1,2,294,27.59902946,78.79482847,193.62733,11.36248339,24,1.541666667,3294.547221,2.305555556,8,0,0,0,0,2.12,0,0,0,0,0,0,19.52000001,66.40000005,0,0,0,0,11.95999994,0,0,0
6_53,0.181818182,290.4545455,0,2,2,4,3,6,1,0,6,309,33.08738631,91.89151882,214.6382848,11.14256158,32,1.4375,3412.459082,1.855555556,8,1.240000002,0,0,0,2,0,0,0,0,0,4.760000046,25.08,61.59999995,0,0,0,5.32,0,0,0,0
6_54,0.516129032,327.483871,0,0,2,2,0,4,0,3,4,65,92.89013761,73.34536271,79.69739987,15.33986986,12,1.5,1239.647839,2.933333333,7,0.76,0,0,0,1.24,0,0,0.360000006,0,0,42.23999996,28.68000002,7.200000002,0,0,0,0,19.52000001,0,0,0
6_55,0.614285714,202.6857143,8,1,16,4,1,6,6,6,6,301,199.2181897,93.51820294,138.4603457,22.53514807,34,1.441176471,2963.688761,3.611111111,6,0.44,0,0,0,14.52000001,0,0,25.8,0,0,0,46.43999997,0,0,0,0,4.800000009,8.000000012,0,0,0
6_56,0.378378378,189.2027027,1,2,11,7,1,8,0,1,7,322,89.3190491,134.4541988,172.9019464,14.68021204,28,1.535714286,2997.05228,3.677777778,6,0.080000001,0,0,0,20.2,0,0,0,2.640000001,0.56,0,26.11999998,39.32000005,0,0,0,2.039999991,9.039999977,0,0,0
6_57,0.444444444,246.0246914,1,1,6,2,0,4,2,6,6,365,86.31070592,167.5037069,158.77076,13.93032297,28,1.428571429,3104.59052,2.572222222,6,0.52,0,0,0,1.519999992,0,0,3.640000015,0,0,0,13.20000002,61.71999997,0,0,0,0,19.4,0,0,0
6_58,0.34375,305.46875,5,0,15,3,0,1,8,0,8,634,68.76871864,176.5873546,200.0176609,13.36987231,22,1.818181818,3538.471838,1.888888889,5,0.320000001,0,0,0,0,0,0,14.40000003,0,0,0,26.47999998,56.84,0,0,0,0,1.959999997,0,0,0
6_59,0.181818182,388.6909091,0,0,9,3,6,7,4,0,7,517,97.40221829,181.2572204,178.2855994,18.52552585,28,1.571428571,3539.508298,1.594444444,5,0.36,0,0,0,0,0,0,15.47999996,16.76,0,0.240000008,10.52000003,48.87999999,0,0,0,7.76000001,0,0,0,0
6_60,0.074074074,451.3888889,1,0,4,3,1,3,1,0,4,458,277.826443,273.4373045,148.2665172,32.00009528,37,1.297297297,3022.342538,1.494444444,5,0,0,0,0,0.6,0,0,0,0,0,23.67999999,13.8,54.96,0,0,0,1.43999999,5.520000016,0,0,0
6_61,0,450.6875,0,0,2,0,0,2,0,0,4,199,154.0728535,142.0695677,85.36222379,22.75802714,26,1.384615385,2352.54384,1.083333333,5,2.080000014,3.2,0,0,54.60000003,0,0,0,0.840000008,3.08,0,22.43999999,9.279999971,0,0,0,0,4.479999984,0,0,0
70_12,0,667,0,0,0,0,2,1,0,0,0,8,3.447677847,1.887268667,3.370122619,5.813,1,3,920.1618931,0.066666667,3,85.4,0,0,0,7.999999994,1.720000003,0,0,0,1.880000004,0,3,0,0,0,0,0,0,0,0,0
70_14,0,541,1,2,0,0,0,0,0,1,1,1,3.447677847,1.887268667,3.370122619,5.813,2,1.5,491.2959369,0.044444444,4,0,0,0,0,17,0,0,0,0,7.280000013,0,0,0,0,0,0,0,75.71999999,0,0,0
70_16,0,576,0,3,0,0,0,0,0,0,5,0,3.457037464,20.59783736,16.2210821,6.016606625,2,1,418.2830901,0.116666667,4,67.88000002,0,0,0,16.68000002,0,0,0,0,3.559999974,0,0,0,0,0,0,9.360000009,2.519999986,0,0,0
70_19,0,345,0,0,0,0,0,2,0,0,0,15,3.447677847,5.670101118,4.752123403,5.813,1,4,512.2186673,0.088888889,3,84.28000002,0,0,0,2.32,0,0,0,0,0.6,0,12.79999998,0,0,0,0,0,0,0,0,0
70_2,0,1054,0,0,0,0,0,0,0,0,0,6,2.044525946,7.223131284,9.783116493,20.78179846,1,1,13.75211594,0.033333333,1,87.60000001,0,0,0,8.039999976,4.360000013,0,0,0,0,0,1.57E-09,0,0,0,0,0,0,0,0,0
70_20,0,381,0,0,0,0,0,0,0,0,2,1,3.447677847,5.616051797,4.667887208,5.813,0,1,510.6707939,0.083333333,3,97.11999999,0,0,0,2.88,0,0,0,0,0,0,9.53E-09,0,0,0,0,0,0,0,0,0
70_21,0.333333333,382,0,0,3,1,0,1,0,0,0,6,3.440513408,5.599365707,4.65514091,5.872647863,3,2.333333333,1561.08356,0.177777778,4,87.19999999,0,0,0,2.56000001,4.320000001,0,0,0,0,0,1.759999991,0,0,0,0,3.840000006,0.320000008,0,0,0
70_22,0.272727273,242.2727273,1,0,0,0,0,1,0,0,5,2,2.176009594,3.589196374,2.672579003,17.74260778,14,1.928571429,2782.975018,0.15,4,69.00000001,0,0,0,2.959999992,1.48,0,0,0,1.360000003,0,1.6,0,0,0,0,21.96,1.639999998,0,0,0
70_23,0,256,0,0,0,0,0,0,0,0,2,0,1.276762881,0.672833476,0.837851141,24.04911783,0,1,191.7205764,0.166666667,4,93.91999999,0,0,0,2.800000014,0,0,0,0,1.04,0,0,0,0,0,0,2.239999994,0,0,0,0
70_8,0,758,0,0,0,0,0,0,0,1,0,0,2.07667488,1.623835863,2.165182221,21.01279398,0,1,161.9820272,0.055555556,3,95.2,0,0,0,2.160000016,0,0,0,0,0.48,0,0,0,0,0,0,0,2.159999986,0,0,0
70_9,0,745,0,0,0,0,0,2,0,0,0,0,2.299568385,1.66666397,2.361077776,18.54165757,0,1,630.6979067,0.061111111,3,81.40000001,0,0,0,18.11999999,0,0,0,0,0.48,0,0,0,0,0,0,0,0,0,0,0
71_10,0,691,0,0,0,0,0,0,0,0,1,2,2.077281307,1.623952386,2.165715194,21.00607076,0,1,628.0912518,0.05,3,56.55999994,0,0,0,35.08000003,0,0,0,0,0,0,1.24,0,0,7.120000031,0,0,0,0,0,0
71_11,0,641,0,0,0,0,1,1,0,0,1,9,2.267979942,1.660594375,2.33331548,18.89186675,1,3,561.2865096,0.066666667,3,73.80000007,0,0,0,13.15999996,2.6,0,0,0,1.48,0,3.560000001,0,0,5.399999969,0,0,0,0,0,0
71_12,0,626,0,0,0,0,0,0,0,0,2,12,2.6572255,3.225422041,5.669846508,15.00919515,5,2,1139.515025,0.066666667,3,76.23999997,0,0,0,4.32,16.24000002,0,0,0,0.72,0,2.480000013,0,0,0,0,0,0,0,0,0
71_13,0,750,0,0,0,0,0,0,0,1,1,7,3.16569609,1.832330249,3.11869636,8.949062966,0,1,227.2594323,0.1,3,91.92000001,0,0,0,3.37E-10,3.479999979,0,0,0,0.4,0,2.75999999,0,0,0,0.640000011,0,0.800000006,0,0,0
71_14,0,472,0,0,1,0,1,0,0,0,2,7,3.48736763,1.794628849,2.928077946,6.676400945,1,4,957.2784837,0.127777778,3,68.67999999,0,0,0,5.440000026,2.800000014,0,0,0,2.400000005,0,2.24,0,0,0,0.239999989,0,18.19999998,0,0,0
71_15,0,445.4,0,1,0,0,0,1,0,0,2,8,3.507188995,1.748363854,2.707317641,7.107589617,1,2,421.5347613,0.111111111,4,58.19999999,0,0,0,11.67999998,2.759999984,0,0,0.080000001,8.799999997,0,6.880000035,0,0,0,0,11.60000001,0,0,0,0
71_16,0,442.4,1,0,1,1,0,0,0,0,2,17,3.511355269,1.740733433,2.661644613,7.198221629,2,4,1103.917484,0.066666667,4,61.32000002,0,0,0,5.919999991,0,0,0,0,17.72000002,0,11.19999997,0,0,0,0,3.839999999,0,0,0,0
71_19,0,314,0,0,0,0,0,0,0,0,3,8,3.447677847,5.616051797,4.667887208,5.813,0,1,232.8643879,0.061111111,4,87.67999996,0,0,0,4.320000003,0.920000002,0,0,0.600000023,0.759999999,0,5.720000008,0,0,0,0,0,0,0,0,0
71_20,0,237,0,1,4,0,0,0,0,0,1,11,3.178243413,4.988534763,4.188534704,8.05618877,2,1.5,701.617411,0.105555556,3,53.59999994,0,0,0,6.560000033,1.64,0,0,5.519999978,1.840000014,0,0.720000006,0,0,0,0,8.120000007,22.00000002,0,0,0
71_21,0.25,311.75,0,1,0,0,0,0,0,0,1,0,1.438323995,0.936235072,1.093033068,22.54196792,1,3,322.6292005,0.116666667,3,4.159999992,0,0,0.919999999,7.679999963,0,0,0,0,10.99999998,0,0.959999995,0,0,0,0,4.199999993,71.08000008,0,0,0
71_22,0,259,0,0,2,0,0,0,0,0,2,2,1.218634851,0.424575599,0.702182722,24.371,5,1.6,1565.406019,0.105555556,3,54.40000005,0,0,0,4.080000035,0,0,0,0,0,0,3.68,0,0,0,0,12,25.83999992,0,0,0
71_4,0,1004,0,0,0,0,0,1,0,0,1,15,2.067418069,7.898391538,9.457187053,20.94770235,2,2.5,732.7481263,0,2,84.72000001,0,0,0,0,9.72,0,0,0,0.719999992,0,4.84,0,0,0,0,0,0,0,0,0
71_7,0,861,0,0,0,0,0,1,0,0,0,15,2.076566099,1.623814962,2.165086615,21.014,3,1.666666667,991.3526498,0.016666667,3,82.59999998,0,0,0,0.760000001,11.16000002,0,0,0,0,0,5.48,0,0,0,0,0,0,0,0,0
72_10,0,681,1,0,0,0,0,0,0,0,4,28,2.076566099,19.8513151,18.5135099,21.014,9,1.555555556,1495.873137,0.127777778,3,72.08000005,0,0,0,2.359999995,7.360000003,0,0,0,0,0,18.19999995,0,0,0,0,0,0,0,0,0
72_11,0,640,0,0,0,0,0,1,0,0,2,3,2.324462829,5.877396187,7.540348037,18.62716297,1,2,531.2358338,0.088888889,3,95.68,0,0,0,0.92,1.640000001,0,0,0,0,0,1.759999999,0,0,0,0,0,0,0,0,0
72_12,0,644,0,0,0,0,0,1,0,0,0,3,3.376895022,8.402774888,16.42905675,8.493975125,2,1.5,694.8122481,0.094444444,3,93.79999999,0,0,0,3.520000011,0,0,0,0,0,0,2.68,0,0,0,0,0,0,0,0,0
72_13,0,622.25,0,0,0,0,0,0,0,0,1,15,2.835723097,2.440404915,3.993522718,13.69545544,2,1.5,602.9754392,0.172222222,3,68.43999997,0,0,0,14.79999999,6.000000015,0,0,0,0,0,10.16000002,0,0,0,0.6,0,0,0,0,0
72_14,0,528.1428571,1,0,6,0,2,3,3,0,3,55,3.51139105,1.738555848,2.660517283,7.199,11,1.363636364,1382.7486,0.188888889,3,50.35999999,0,0,0,1.240000001,2.599999982,0,0,5.16,0,0,26.11999999,0,0,0,0,14.52000003,0,0,0,0
72_15,0,409.8,0,0,2,0,1,1,0,0,3,10,3.51139105,1.738555848,2.660517283,7.199,4,2.25,1505.966457,0.161111111,4,74.36000001,0,0,0,3.4,0.880000016,0,0,3.079999999,1.479999997,0,6.720000001,0,0,0.440000003,0,9.639999977,0,0,0,0
72_17,0,334,0,0,0,0,2,0,0,0,0,7,3.510718643,1.779477602,2.681702372,7.184372635,1,3,773.1535462,0.038888889,4,61.55999997,0,0,0,10.40000001,0,0,0,0,2.44,0,4.800000007,0,18.76000002,0,0,2.040000001,0,0,0,0
72_19,0,282.2,0,0,0,0,0,0,0,0,2,4,13.47945256,3.359018485,11.67033013,12.62778408,19,1.631578947,2264.466315,0.077777778,4,47.71999997,0,0,0,2.599999999,0.799999997,0,0,0,8.44000001,0,3.079999988,0,3.559999976,0,0,9.080000009,24.72000006,0,0,0
72_20,0.333333333,414.3333333,0,2,0,0,0,0,0,1,2,1,5.030371717,1.14277031,4.029889448,21.40448915,1,2,147.8276495,0.1,4,0.719999995,0,0,2.44,20.36,0,0,0,0,19.76000002,0,0,0,0,0,0,3.039999985,53.68,0,0,0
72_7,0,843,0,0,1,0,0,1,0,0,3,30,2.079022878,1.625652412,2.168595524,21.01149275,6,1.833333333,1316.287989,0.022222222,3,63.84000005,1.319999989,0,0,8.439999999,1.520000002,0,0,0,1.56,0,22.87999996,0,0,0,0.44,0,0,0,0,0
72_8,0,760,0,0,0,0,0,1,0,0,2,1,7.023645797,5.323787588,9.230780871,15.96528449,0,1,561.9058779,0.088888889,3,97.47999999,0,0,0,0,2.24,0,0,0,0,0,0,0,0,0.280000009,0,0,0,0,0,0
72_9,0,708.5,0,0,1,0,1,0,0,0,0,48,3.03550781,12.35689975,12.51804331,20.03535721,5,1.8,1086.067257,0.116666667,3,71.27999996,0,0,0,0,3.440000001,0,0,0,0,0,21.64000005,0,0,3.639999984,0,0,0,0,0,0
73_10,0,751.6666667,0,1,0,0,0,2,0,1,2,6,2.502802466,25.33823458,26.11737715,16.91004613,3,1.666666667,228.6070369,0.255555556,3,86.60000004,0,0,0,5.079999996,2.119999998,0,0,0,0,0,3.959999999,0.479999985,0,0,0,0,1.75999998,0,0,0
73_11,0,766,0,0,0,0,0,0,0,0,0,0,3.228509932,13.44570116,20.01821835,9.922679037,0,0,0,0.172222222,3,99.92,0,0,0,0,0.079999999,0,0,0,1.86E-09,0,0,0,0,0,0,0,0,0,0,0
73_13,0,593.4285714,0,0,0,0,0,0,0,0,1,5,3.51139105,2.714845671,4.681112867,7.199,0,1,484.9393981,0.194444444,3,80.79999996,0,0,0,4.919999993,0,0,0,2.800000027,0,0,2.32,0,0,0,0,9.160000022,0,0,0,0
73_14,0,453.8181818,1,0,1,0,3,0,3,0,0,31,3.51139105,1.738555848,2.660517283,7.199,6,1.5,1460.026009,0.15,3,60.36000003,0,0,0,6.320000028,4,0,0,4.199999973,0,0,17.19999999,0,0,0,0,7.919999979,0,0,0,0
73_18,0.5,383.5,0,1,1,1,1,2,0,0,1,6,12.77924877,1.92228348,10.33480227,12.70624286,3,2,850.0180839,0.094444444,4,0,0,0,0,18.76,0,0,0,0,3.72000002,0,7.040000011,0,69.31999994,0,0,0,1.160000022,0,0,0
73_19,0,341.5,0,0,0,0,0,0,0,1,2,5,19.28666052,2.050950295,15.72327354,16.57807239,2,2.5,649.1066243,0.122222222,4,11.60000003,0,0,2.4,7.200000011,0,0,0,0,4.879999976,0,3.599999999,0,9.439999966,0,0,0,60.88000002,0,0,0
73_20,0,349.75,1,1,0,0,0,0,1,1,0,8,8.483778976,1.939858319,7.070320092,21.23746769,13,1.692307692,1970.190771,0.083333333,4,23.31999997,0,0,0,18.27999999,0,0,0,0,9.36,0,1.839999989,0,6.120000018,0,0,0,41.08000003,0,0,0
73_4,0,1019.333333,0,1,0,0,1,2,0,0,2,59,1.878782923,6.492638741,7.585202088,19.58062488,11,1.545454545,1738.118178,0.033333333,1,40.48000002,0,0,7.47999995,9.040000004,3.480000021,0,0,8.799999986,0,0,30.72000002,0,0,0,0,0,0,0,0,0
73_6,0,913,0,0,0,0,3,0,0,0,0,26,2.076566099,1.623814962,2.165086615,21.014,1,4,819.7544115,0.016666667,3,73.08000002,0,0,0.399999992,5.359999987,8.679999999,0,0,0,0,0,12.48,0,0,0,0,0,0,0,0,0
73_9,0,742.9090909,0,0,1,0,1,2,1,0,2,80,10.66537065,22.57921865,29.08731173,12.24874183,17,1.352941176,2164.379406,0.155555556,3,40.91999996,0,0,0,3.160000002,4.159999999,0,0,0,0,0,32.35999999,17.24000003,0,0,0,0,2.16000002,0,0,0
74_10,0,721,0,0,0,1,0,0,0,0,1,54,5.235180019,28.57253873,40.57311591,7.502964273,7,1.857142857,970.2807292,0.866666667,3,68.12000008,0,0,0,4.32000001,0.239999999,0,0,0,0.8,0,19.23999997,7.279999949,0,0,0,0,0,0,0,0
74_11,0,585.9090909,0,0,0,0,0,0,0,0,0,30,3.51139105,9.103938389,17.90441217,7.199,0,1,427.6065064,0.661111111,4,74.79999995,0,0,0,4.88,0,0,0,0,0,0,20.32000005,0,0,0,0,0,0,0,0,0
74_12,0,536.8333333,1,0,2,0,0,1,2,0,2,54,7.022519013,13.16237876,19.18684088,6.337581758,11,1.818181818,1919.074224,0.477777778,4,58.36000001,0,0,0,1.679999993,2.919999999,0,0,0,0,0,26.83999997,0,0,0,0,10.20000002,0,0,0,0
74_13,0,491.3333333,0,0,1,0,1,0,0,0,2,9,4.007077068,2.682557738,3.609512511,7.07738866,4,2.25,1519.271257,0.194444444,4,53.67999997,0,0,3.120000001,26.92000006,1.70E-09,0,0,0,0,0,5.559999986,0,0,0.84,0,9.87999998,0,0,0,0
74_14,0,440,0,0,0,0,0,0,0,0,1,0,3.51139105,1.738555848,2.660517283,7.199,0,1,205.2429836,0.133333333,4,66.79999999,0,0,0,33.04000001,0,0,0,0,0,0,0.159999997,0,0,0,0,0,0,0,0,0
74_17,0,424.5,0,1,0,0,0,0,0,0,0,9,3.51139105,1.738555848,2.660517283,7.199,0,1,431.0563202,0.044444444,4,26.44,0,0,0,23.80000002,0,0,0,0,4.399999991,0,3.160000001,0,42.19999999,0,0,0,0,0,0,0
74_18,0,403,0,3,1,0,1,2,1,0,3,27,10.17528781,1.870662103,8.178582455,11.15889008,3,2,1092.930611,0.077777778,5,2.39999998,0,0,0,6.439999974,3.560000001,0,0,0,9.16000005,0,20.4,0,58.03999999,0,0,0,0,0,0,0
74_19,0,401,0,0,3,0,0,1,0,0,0,7,19.2914654,2.051382801,15.72726814,16.576,2,2,883.0300065,0.338888889,4,18.20000001,0,0,0,6.16,0,0,0,0,7.599999951,0,8.24000001,0,38.40000003,2.520000001,0,0,18.88,0,0,0
74_20,0,324,0,0,0,0,1,1,0,0,0,1,19.2914654,32.28870825,31.56022529,16.576,2,3,876.4008994,0.4,4,55.08000003,0,0,0,9.64000003,0,0,0,0,15.68000001,0,2.23999999,0,17.35999994,0,0,0,0,0,0,0
74_21,0,550,0,0,2,0,0,1,0,1,2,10,11.57066233,28.01941078,19.46714413,19.90606276,3,2.333333333,1403.483864,0.361111111,4,39.36000003,0,0,5.999999999,23.51999998,0,0,0,0,7.999999984,0,10.52,0,0,0,0,7,5.600000001,0,0,0
74_22,0,271,0,0,0,0,0,0,0,0,0,0,1.218634851,0.424575599,0.702182722,24.371,0,1,430.5002443,0.088888889,4,86.48000002,0,0,0,13.23999999,0,0,0,0,0,0,0.279999992,0,0,0,0,0,0,0,0,0
74_4,0,986.6666667,0,0,0,0,1,0,2,0,2,17,1.884226148,4.499403183,5.325826968,19.62007304,9,2,1699.882822,0.055555556,1,65.59999997,0,0,0,10.91999999,8.320000012,0,0,0,0,0,14.24000002,0,0,0.920000003,0,0,0,0,0,0
74_6,0,896,0,0,0,0,0,0,0,0,0,0,2.076566099,1.623814962,2.165086615,21.014,0,0,0,0.033333333,3,92.08000007,0,0,7.039999929,0.400000002,0,0,0,0,0.480000001,0,0,0,0,0,0,0,0,0,0,0
74_8,0,755.5,0,0,2,1,0,2,0,1,2,38,15.0206468,13.94159846,25.00466175,7.821367157,3,2.333333333,700.2685898,0.283333333,3,52.11999993,0,0,0,22.56,4.12,0,0,0,0,0,19.92000007,0,0,0,0,0,1.28,0,0,0
74_9,0.076923077,723.3846154,1,0,3,0,1,4,2,0,5,248,16.98761467,146.0643255,214.9164122,6.008253339,32,1.28125,3023.239373,0.5,3,4.999999973,0,0,0,2.52,0,0,0,0,0,0,33.75999997,58.72000005,0,0,0,0,0,0,0,0
75_10,0,638.4318182,12,0,34,7,0,7,10,1,9,232,11.99331384,146.839394,230.1423925,4.898280357,48,1.25,3563.472989,0.844444444,4,4.160000017,0,0,0,2.280000025,0,0,0,0,0,0,30.16000002,57.71999994,0,0,0,5.68,0,0,0,0
75_11,0,575.5555556,1,2,3,0,0,3,1,4,7,126,12.90796363,36.88182324,49.94761293,4.893649948,17,1.529411765,1795.70763,0.55,4,9.160000003,0,0,0,12.84,0,0,0,0,0,0,40.55999998,0.759999984,0,0.72,0,7.040000012,28.92000002,0,0,0
75_12,0,558.7142857,1,0,1,0,0,2,0,0,2,15,17.36427196,25.07468463,22.87821632,3.800341665,9,2.111111111,2239.947068,0.461111111,4,62.64000004,0.520000011,0,0,7.919999996,2.760000005,0,0,0,1.520000001,0,10.51999999,0,0,0,0,10.15999998,3.959999977,0,0,0
75_13,0,542.6666667,0,0,0,0,0,0,0,0,0,1,3.514610247,1.743958131,2.665172775,7.198210204,3,3,831.0814913,0.133333333,4,80,4.600000013,0,6.600000004,7.319999985,1.479999999,0,0,0,0,0,0,0,0,0,0,0,0,0,0,0
75_17,0,405,0,0,0,0,1,0,0,0,0,8,3.51139105,1.738555848,2.660517283,7.199,1,3,735.243249,0.072222222,4,92.87999999,0,0,0,0.320000006,0.88,0,0,0,0.48,0,5.440000001,0,0,0,0,0,0,0,0,0
75_18,0,545,0,0,0,0,0,0,0,0,1,1,13.24777119,3.205567364,10.67622485,12.98465313,0,0,0,0.122222222,4,75.79999997,0,0,0,12.16,0,0,0,0,0,0,1.440000007,0,10.60000002,0,0,0,0,0,0,0
75_19,0,452.6666667,0,0,0,0,1,2,0,0,2,5,19.2914654,2.051382801,15.72726814,16.576,3,1.666666667,451.3777912,0.483333333,4,46.27999995,0,0,0,7.319999992,1.96000001,0,0,3.360000001,0.48,0,0.519999994,0,40.08000005,0,0,0,0,0,0,0
75_2,0,903,0,0,24,3,10,2,2,0,1,12,1.331032994,0.840285193,0.876529674,15.61096914,0,1,507.7081864,0.011111111,1,68.76000003,0,0,0,10.64,2.000000014,0,0,13.07999997,0,0,0.079999998,0,0,0.439999992,0,5.000000002,0,0,0,0
75_20,0.022727273,397.4318182,2,4,5,2,0,3,2,2,5,116,19.2914654,52.28367098,52.47791322,16.576,21,1.523809524,2755.887477,0.388888889,5,16.95999999,0,0,0,9.080000027,1.95999999,0,0,0,0,0,53.56000004,0,10.03999995,0,0,0,8.399999999,0,0,0
75_21,0,449.4,0,1,0,0,1,1,0,0,1,12,5.530523487,11.91854202,8.518277108,22.51123753,5,2.4,1963.28151,0.505555556,5,75.20000005,0,0,0,9.479999971,8.07E-09,0,0,0,0,0,6.599999972,0,0,0,0,6.52,2.199999999,0,0,0
75_3,0,892,0,0,7,0,3,0,1,1,0,24,1.87100647,1.407778829,1.80980355,19.52426733,3,1.666666667,926.7861071,0.05,1,48.52000002,0,0,0,0.519999994,12.23999999,0,0,0,0,0,7.960000002,0,0,0,0,3.879999996,26.88,0,0,0
75_4,0,963,0,0,2,0,1,0,0,0,0,29,2.076566099,1.623814962,2.165086615,21.014,0,1,491.1820409,0.055555556,1,74.24000001,0,0,0,0,24.36,0,0,0,0,0,1.399999998,0,0,0,0,0,0,0,0,0
75_5,0,913.5,0,0,0,0,0,0,0,0,0,2,2.076566099,1.623814962,2.165086615,21.014,0,1,335.3916315,0.061111111,1,95.68,0,0,0,2.680000003,0,0,0,0,0,0,1.64,0,0,0,0,0,0,0,0,0
75_6,0,856.5,0,0,0,1,0,3,0,0,2,17,2.081289828,1.632280708,2.189607028,21.00917922,2,1.5,580.6906795,0.133333333,2,80.47999998,0,0,0,9.120000013,0,0,0,0,0.079999999,0,10.32000001,0,0,0,0,0,0,0,0,0
75_7,0,802,0,1,0,0,0,1,0,0,0,24,5.986738403,8.631526596,22.46240709,17.02349474,0,1,668.7243966,0.233333333,3,76.72,0,0,0,5.279999999,5.8,0,0,0,0,0,12.20000001,0,0,0,0,0,0,0,0,0
75_8,0.142857143,749.8571429,0,0,0,3,1,5,0,1,2,96,16.74108357,53.65002548,96.49588334,6.29459485,13,1.846153846,2303.880772,0.494444444,3,37.35999992,0,0,0,1.919999986,1.360000002,0,0,0,0,7.400000031,24.76000001,15.92000004,0,0.360000002,0,0,10.92,0,0,0
75_9,0,701.7368421,0,0,3,0,0,2,0,0,0,276,21.4767037,152.4312968,242.9234663,2.26132707,33,1.303030303,3070.323656,0.705555556,4,0,0,0,0,0.44,0,0,0,0,0,12.67999997,13.67999998,72.16000004,0,0,0,1.040000008,0,0,0,0
76_10,0,657.9545455,2,0,4,3,0,4,4,1,3,238,18.25051202,65.83506721,94.77287392,3.582912007,23,1.47826087,2474.072777,0.85,3,16.36,0,0,0,0.520000005,0,0,0,0,0,0,54.24000003,28.87999996,0,0,0,0,0,0,0,0
76_11,0,611.5,1,0,2,1,1,3,1,0,8,86,8.239916151,36.86779021,30.56617507,6.038906201,18,1.611111111,2396.240188,0.738888889,3,42.12000008,0,0,0,9.11999999,0,0,0,0,7.800000001,0,19.83999994,12.03999999,0,0,0,9.04,0.04,0,0,0
76_12,0,576,0,0,0,0,0,0,0,0,1,2,4.307164122,3.073979285,3.811336806,7.003765463,10,1.6,1416.33333,0.422222222,3,88.67999999,4.560000028,0,0,2.079999998,3.359999995,0,0,0,0.679999999,0,0.639999986,0,0,0,0,0,0,0,0,0
76_13,0,594,0,0,0,0,0,0,0,0,0,3,3.51139105,1.738555848,2.660517283,7.199,0,1,566.7264527,0.138888889,4,46.03999996,44.88000001,0,0,6.480000005,0,0,0,0,0,0,2.600000025,0,0,0,0,0,0,0,0,0
76_14,0,609.4,0,1,1,1,1,3,0,0,4,28,2.90479093,1.751197278,3.219000238,9.070376879,12,1.5,743.7811366,0.066666667,4,4.600000001,59.24,0,0.919999995,14.76000001,0,0,0,0,0.839999997,0,19.64,0,0,0,0,0,0,0,0,0
76_15,0,526,0,0,7,0,1,1,0,0,3,12,3.4444071,1.739951781,2.722187885,7.405647199,8,1.625,1579.417206,0.061111111,4,25.84000008,49.55999992,0,0,10.39999999,10.24,0,0,0,0,0,3.960000005,0,0,0,0,0,0,0,0,0
76_16,0,484,0,0,0,0,0,0,0,0,0,13,3.497776755,1.738839568,2.673051655,7.241000447,0,1,689.1198056,0.038888889,4,87.40000001,0,0,0,2.639999997,0,0,0,0,0,0,9.95999999,0,0,0,0,0,0,0,0,0
76_17,0,462,0,0,0,0,1,0,0,0,2,9,4.760530633,2.34696878,3.73086006,8.061749589,1,4,650.9987822,0.044444444,4,92.43999998,0,0,0,0,5.560000007,0,0,0,0,0,2.000000009,0,0,0,0,0,0,0,0,0
76_18,0,486.5,1,1,0,0,1,0,1,0,0,8,19.01109286,8.816923274,15.24775561,16.40939411,1,3,413.8945559,0.138888889,4,90.48000001,0,0,0,0.880000003,5.639999993,0,0,0,0,0,2.999999991,0,0,0,0,0,0,0,0,0
76_19,0,440,1,1,4,0,0,4,0,1,2,97,19.28280357,4.480601046,15.65413629,16.57323231,11,1.454545455,1692.281527,0.544444444,3,55.31999993,0,0,0,11.96000003,0,0,0,0,2.600000003,0,30.12000003,0,0,0,0,0,0,0,0,0
76_20,0.071428571,430.7142857,4,0,10,1,0,11,2,1,3,241,16.05805826,88.90961594,140.8900668,15.54283848,53,1.283018868,4186.231947,0.583333333,3,2.199999997,0,0,0,2.239999976,0,0,0,0,0.48,0,94.72000003,0,0.360000001,0,0,0,0,0,0,0
76_21,0,443.1333333,0,0,0,0,0,1,0,0,2,21,10.08267848,24.08120762,17.14993339,19.45629437,2,3,692.6347617,0.566666667,3,72.84000007,0,0,0,3.28,0.48,0,0,0,0,0,16.67999993,0,0,0,0,6.72,0,0,0,0
76_22,0,323,0,0,0,1,0,0,0,0,0,15,1.218634851,0.424575599,0.702182722,24.371,1,1,412.3057462,0.2,4,85.07999999,0,0,0,2.080000016,7.12,0,0,0,0,0,5.719999993,0,0,0,0,0,0,0,0,0
76_3,0,867,0,0,0,0,0,0,0,0,1,32,1.973952819,1.397142988,2.470323081,15.73801521,4,1.25,541.4714775,0.022222222,1,64.48000003,0,0,0.31999999,11.99999995,3.439999999,0,0,0,0,0,16.72000002,0,0,0,0,3.000000008,0.04,0,0,0
76_7,0,797.0526316,0,0,1,1,0,1,0,0,1,26,12.06800716,20.06363209,54.31892004,10.7641912,5,1.4,683.9738793,0.244444444,3,64.91999996,0,0,0,8.440000008,5.880000012,0,0,0,0,0,20.16000001,0,0,0,0,0.600000007,0,0,0,0
76_8,0,725.6,0,0,0,2,0,2,1,0,6,149,12.30438593,67.69121006,88.57066199,6.724173745,22,1.772727273,2780.153188,0.55,3,9.559999951,0,0,0,6.199999988,0.679999986,0,0,0,0,2.000000021,34.47999999,37.40000007,0,3.879999998,0,5.8,0,0,0,0
76_9,0,685.72,1,0,4,1,2,4,0,7,2,162,14.3503832,83.30110559,138.877208,3.598374807,22,1.636363636,2820.595087,0.672222222,3,10.16000003,0,0,0,0,1.4,0,0,0,0,4.199999975,22.12000003,39.15999998,0,0,0,4.599999992,18.36,0,0,0
77_10,0,696,0,0,0,0,0,1,0,0,1,1,19.42588479,16.09770079,24.15244209,3.294546685,2,1.5,286.9591769,0.338888889,3,93.27999996,0,0,0,0.880000013,0,0,0,0,0.640000001,0,0.560000005,0,0,0,0,4.640000019,0,0,0,0
77_11,0,649.5,0,0,0,0,0,2,0,0,4,20,4.387851511,2.529358434,3.844144148,6.983969663,7,1.714285714,1680.636897,0.183333333,3,64.32000003,11.6,0,0,3.519999987,3.960000001,0,0,0,0.119999999,0,12.68,0,0,0,0,3.79999998,0,0,0,0
77_12,0,665.5,0,1,0,0,1,1,0,0,0,12,3.51139105,1.738555848,2.660517283,7.199,2,2,758.0716799,0.072222222,3,87.6,0,0,0,0,9.159999999,0,0,0,0,0,3.239999999,0,0,0,0,0,0,0,0,0
77_13,0.333333333,593.3333333,0,0,0,0,0,1,0,0,0,17,3.382337789,1.741245293,2.779333689,7.597132608,2,1.5,650.8293856,0.077777778,3,83.35999994,2.520000026,0,0,3.840000006,3.400000012,0,0,0,0,0,6.880000018,0,0,0,0,0,0,0,0,0
77_14,0,581.25,1,0,0,0,2,2,0,0,3,41,2.375075123,1.762236453,3.706697551,10.70456368,6,1.666666667,1250.934651,0.061111111,3,50.12000005,12.8,0,0,7.759999984,2.799999992,0,0,0,0,0,26.51999997,0,0,0,0,0,0,0,0,0
77_16,0,498,0,0,0,0,0,0,0,0,0,10,2.782739397,1.753740808,3.331370312,9.446908977,4,2.25,712.1753028,0.066666667,3,89.91999993,0,0,0,1.960000014,0,0,0,0,0,0,8.120000052,0,0,0,0,0,0,0,0,0
77_17,0,553,0,0,1,0,0,1,0,0,0,28,2.259009235,1.764655243,3.813556778,11.06262992,5,1.4,593.7296485,0.077777778,4,74.00000006,0,0,0,1.599999987,4.920000005,0,0,0,0,0,19.47999995,0,0,0,0,0,0,0,0,0
77_18,0,539,0,0,1,0,0,1,0,0,0,12,11.34847178,5.68959926,10.0764098,14.0201605,1,2,303.3904549,0.15,4,83.03999997,0,0,0,1.279999999,11.84000003,0,0,0,1.200000004,0,2.639999999,0,0,0,0,0,0,0,0,0
77_19,0.090909091,482,2,0,2,2,2,2,0,0,2,50,17.89807029,8.596105573,14.61186834,16.13077237,3,2.666666667,890.9734297,0.272222222,4,68.83999993,0,0,0,0,3.039999964,0,0,0,0.719999996,0,27.40000011,0,0,0,0,0,0,0,0,0
77_20,0,482,0,0,2,1,0,1,0,0,1,45,8.210501974,28.95148278,34.71139089,13.03533083,4,1.25,237.650124,0.411111111,4,70.36000006,0,0,0,3.519999998,0,0,0,0,0,0,24.63999994,0,0.079999999,0,0,1.4,0,0,0,0
77_21,0,359.4,0,0,2,0,1,0,0,0,3,26,2.488232849,15.78668607,19.59722842,11.46814835,0,1,1145.181569,0.355555556,4,70.20000001,0,0,0,0.56,5.360000003,0,0,0,0,0,15.19999999,0,0,0,0,8.68,0,0,0,0
77_22,0,459,0,0,0,0,0,0,0,0,0,0,1.775851483,0.723257382,2.706710545,17.13244036,0,0,0,0.166666667,4,91.79999998,0,0,0,7.240000026,0,0,0,0,0,0,0.959999991,0,0,0,0,0,0,0,0,0
77_4,0,870,0,0,0,0,0,1,0,0,0,16,2.045713424,1.951642924,2.398341441,18.89732022,4,1.5,523.3212372,0.016666667,2,81.47999999,0,0,0,0,1.96,0,0,0,0,0,14.80000001,0,0,0,0,1.760000004,0,0,0,0
77_5,0,791,0,0,0,0,1,0,1,0,0,24,2.076566099,1.623814962,2.165086615,21.014,4,1.25,952.1499966,0.016666667,2,71.24,0,0,0,6.6,8.720000002,0,0,0,0,0,7.079999997,0,0,0,0,6.36,0,0,0,0
77_7,0,747,0,1,1,0,0,0,1,0,0,87,2.988022196,59.82613761,39.72113323,9.195308786,13,1.461538462,1983.779718,0.272222222,3,53,0,0,0,9.88E-10,5.599999981,0,0,0,0,0,24.16,11.36000003,0,0,0,5.879999989,0,0,0,0
77_8,0,691.5,0,0,0,0,0,2,0,0,4,138,2.987583247,55.80302173,37.50180046,4.819,16,1.3125,1911.84118,0.411111111,3,34.68000003,0,0,0,0,3.839999994,0,0,0,0,0,21.24000003,40.23999995,0,0,0,0,0,0,0,0
77_9,0,844.5,0,0,1,0,0,0,0,0,0,12,14.81858993,13.68307676,20.81381378,3.525673988,1,1,317.2843409,0.422222222,3,90.08000002,0,0,0,0.4,4.520000001,0,0,0,0,0,4.999999977,0,0,0,0,0,0,0,0,0
78_10,0,679,0,0,0,0,0,2,1,0,2,25,5.328948161,5.67314047,7.927808982,5.413473204,4,1.5,787.9937131,0.083333333,3,62.47999996,0,0,0,3.759999993,7.160000003,0,0,0,3.719999998,0,14.92000004,0,0,0,0,7.959999999,0,0,0,0
78_11,0,590.5,0,1,3,0,2,2,0,0,0,40,3.131570044,5.409220316,6.879472158,5.473225795,8,1.25,1163.00116,0.066666667,3,64.84000003,0,0,0,2.32,9.160000003,0,0,0,0,0,23.23999997,0,0,0,0.44,0,0,0,0,0
78_14,0,633,0,0,0,0,0,0,0,0,1,18,2.238143903,1.765090073,3.832767015,11.127,4,2,1124.545004,0.044444444,4,48.80000001,32.91999998,0,0,5.279999998,2.000000003,0,0,0,0,0,11,0,0,0,0,0,0,0,0,0
78_16,0,528,0,0,0,0,0,1,0,0,0,17,2.474107704,1.760172633,3.615520503,10.39904564,6,1.333333333,1058.244854,0.038888889,4,86.75999996,0,0,0,1.76E-09,4.800000001,0,0,0.920000018,0,0,7.520000017,0,0,0,0,0,0,0,0,0
78_17,0,515.5,0,0,0,0,0,0,0,0,0,11,2.238143903,1.765090073,3.832767015,11.127,1,1,54.68613136,0.055555556,4,87.08000004,0,0,0,1.519999998,4.400000001,0,0,3.959999983,0,0,3.039999981,0,0,0,0,0,0,0,0,0
78_19,0,513.5,0,0,0,0,1,1,0,0,0,37,2.298661529,1.174846416,4.593138534,11.14633703,1,5,1014.416734,0.161111111,4,63.95999999,0,0,0,3.200000004,9.879999999,0,0,0,0,0,22.96000001,0,0,0,0,0,0,0,0,0
78_20,0,576,1,0,2,0,1,2,0,0,0,24,2.238143903,20.87907905,25.36012368,11.127,4,2.25,1441.941384,0.266666667,4,82.72000001,0,0,0,0,0.6,0,0,0,0,0,16.67999999,0,0,0,0,0,0,0,0,0
78_21,0,480.6,0,0,0,0,0,0,1,0,2,11,2.238143903,4.352965166,7.935531148,11.127,1,4,1084.263226,0.2,4,73.99999999,0,0,0,1.96,3.919999997,0,0,0,1.12,0,9.920000011,0,0.84,0,0,8.24,0,0,0,0
78_22,0,510.75,0,0,0,0,1,1,0,1,0,30,2.238143903,0.971057459,4.369758567,11.127,3,2,1476.881538,0.116666667,4,69.00000002,0,0,0,7.2,6.8,0,0,0,0,0,16.99999998,0,0,0,0,0,0,0,0,0
78_5,0,884,0,0,0,0,0,1,0,0,1,13,2.456934801,4.003033655,7.601967378,14.25224899,0,1,509.7659908,0.027777778,2,86.31999997,0,0,0,0.68,1.120000014,0,0,0,0,0,5.920000015,0,0,0,0,5.960000005,0,0,0,0
78_6,0,814,0,0,1,0,0,1,0,0,0,14,2.967727454,7.19805844,14.90309057,5.171973122,5,2,826.754167,0.111111111,2,82.48000004,0,0,0,0,5.079999983,0,0,0,0,0,7.879999988,0,0,0,0,4.559999993,0,0,0,0
78_7,0,735,0,0,0,0,0,1,0,0,2,22,2.987583247,6.543600822,11.80684662,4.819,1,4,877.4687413,0.188888889,2,78.99999994,0.92,0,0,2.360000014,5.72000002,0,0,0,0,0,12.00000002,0,0,0,0,0,0,0,0,0
78_8,0.5,699,0,0,1,0,2,0,0,0,2,35,2.987583247,5.508762728,7.314733865,4.819,4,1.75,891.0031601,0.222222222,3,68.68000005,0,0,0,0.919999991,17.95999998,0,0,0,0,0,12.43999998,0,0,0,0,0,0,0,0,0
78_9,0,615,0,0,0,0,0,0,0,0,0,35,2.988098566,5.464128273,7.12002327,4.818943667,0,1,668.894263,0.15,3,77.36000002,0,0,0,1.200000003,2.31999999,0,0,0,0,0,19.11999999,0,0,0,0,0,0,0,0,0
79_11,0,521.75,0,0,1,0,2,2,0,0,2,48,2.987583247,6.800736873,8.478840776,4.819,8,1.5,1502.127974,0.083333333,4,39.28000001,0.480000002,0,14.04,8.039999999,2.079999989,0,0,2.039999983,0,0,34.04000002,0,0,0,0,0,0,0,0,0
79_12,0,578,0,0,0,0,0,0,0,0,0,11,2.988014551,6.796568663,8.474049957,4.820959697,2,2,389.3065712,0.088888889,4,88.04000004,0,0,0.919999985,0,1.84,0,0,0,0,0,9.199999975,0,0,0,0,0,0,0,0,0
79_13,0,621,0,0,0,0,1,2,0,0,1,17,2.683407084,4.363046137,6.177059798,7.690817054,0,1,549.4904571,0.066666667,4,85.43999998,0,0,0,0,11.64000001,0,0,0,0,0,2.92000001,0,0,0,0,0,0,0,0,0
79_16,0,558,0,0,0,0,0,0,0,0,0,14,2.238143903,1.765090073,3.832767015,11.127,1,3,573.6252941,0.066666667,4,88.91999996,0,0,0,1.24,4.040000037,0,0,0,0,0,5.800000006,0,0,0,0,0,0,0,0,0
79_17,0,555,0,0,0,0,1,0,1,0,0,10,2.238143903,1.765090073,3.832767015,11.127,1,1,49.68129238,0.05,4,90.96000004,0,0,0,0.76,8.199999967,0,0,0,0,0,0.079999996,0,0,0,0,0,0,0,0,0
79_20,0,480.7142857,0,1,0,0,0,4,0,0,0,15,2.238143903,1.232472292,4.883451301,11.127,2,2.5,724.3382995,0.194444444,4,78.24000001,0,0,0,1.56000001,0,0,0,9.48E-10,0,0,15.87999995,0,0,0,0,4.320000034,0,0,0,0
79_21,0,502.875,2,0,0,0,2,0,0,0,1,88,2.238143903,0.971057459,4.369758567,11.127,3,2.666666667,1599.485254,0.188888889,4,39.11999998,0,0,7.440000042,12.4,5.440000008,0,0,0,0,0,32.08,0,0,0,0,3.519999966,0,0,0,0
79_22,0,600,0,0,0,0,0,0,0,0,0,0,2.238143903,0.971057459,4.369758567,11.127,0,1,3.726068853,0.133333333,4,62.52000004,0,0,23.51999996,13.36,0.6,0,0,0,0,0,0,0,0,0,0,0,0,0,0,0
79_23,0,576,0,1,0,0,0,0,0,0,0,9,2.238143903,0.971057459,4.369758567,11.127,1,3,897.3482269,0.061111111,4,63.32,0,0,23.67999999,4.119999998,3.159999992,0,0,1.120000016,0,0,4.600000002,0,0,0,0,0,0,0,0,0
79_24,0,577,0,0,0,0,0,6,0,0,0,13,2.194171354,0.947487094,4.211571979,11.69822832,6,1.5,1324.401082,0.038888889,4,72.63999998,0,0,7.75999999,5.680000029,3.320000001,0,0,4.519999984,0.4,0,5.680000012,0,0,0,0,0,0,0,0,0
79_25,0,631.6666667,0,0,0,0,0,0,0,0,0,10,2.197594278,0.949321866,4.223885585,11.6537626,2,1.5,477.9105931,0.022222222,4,42.92000005,0,0,39.44,7.239999965,3.68,0,0,0,0,0,6.719999987,0,0,0,0,0,0,0,0,0
79_5,0,731.5,0,0,0,0,0,1,0,0,0,4,2.292756735,4.882613879,7.723471008,7.414623387,1,3,425.9319825,0.022222222,2,89.32000002,0,0,0,0.879999995,3.60000002,0,0,0,0,0,1.95999998,0,0,0,0,4.239999986,0,0,0,0
79_7,0,723.6666667,0,0,1,0,2,3,0,0,0,28,2.987583247,5.909035847,9.052273285,4.819,5,1.4,1195.846204,0.088888889,2,69.00000002,0,0,0,1.12,16.8,0,0,0,0,0,13.07999998,0,0,0,0,0,0,0,0,0
79_8,0,696.25,0,0,0,0,0,0,0,0,0,3,2.987583247,5.463780617,7.119471713,4.819,0,0,0,0.088888889,3,91.67999994,0,0,0,3.520000005,1.080000015,0,0,0,0,0,3.720000038,0,0,0,0,0,0,0,0,0
79_9,0,586,0,0,1,0,0,2,1,0,4,38,2.987583247,5.463780617,7.119471713,4.819,3,2,1461.238038,0.083333333,3,64.12000003,0,0,0,5.52,7.999999986,0,0,0,0,0,22.35999998,0,0,0,0,0,0,0,0,0
7_19,0,269.5,0,2,0,0,1,1,0,0,0,5,9.341698289,9.885242454,19.76511073,4.439982814,2,2,579.996849,0.177777778,5,88.32000001,0,0,0,3.439999996,1.08,0,0,0,0.48,0,6.679999997,0,0,0,0,0,0,0,0,0
7_20,0,264.75,0,0,0,0,0,0,1,1,0,8,14.44840027,24.97680919,54.70939099,6.657064009,1,3,591.9339346,0.533333333,6,49.55999993,0,0,0,9.440000029,3.880000003,0,0,0,0,0,1.119999999,0.400000012,0,0,0,0,35.60000003,0,0,0
7_21,0.473684211,207.5789474,0,1,3,2,1,4,0,2,3,317,9.622344378,89.44526188,205.067865,4.824567207,17,1.529411765,2190.600484,1.483333333,6,0,0,0,0,11.67999997,0,0,10.6,0,0,0,2.640000029,46.56000003,0,0,0,0,28.51999996,0,0,0
7_22,0.587301587,148.7777778,0,3,2,0,0,3,0,4,6,289,66.8161458,128.7342998,229.7424106,8.668698082,15,1.466666667,2020.212294,2.561111111,6,0,0,0,0,5.799999997,0,0,5.559999998,0,5.4,0,42.71999998,11.19999997,0,0,0,2.960000006,26.36000004,0,0,0
7_23,0.52238806,95.95522388,4,3,26,10,2,10,6,1,9,627,112.2342528,223.0580139,287.9387507,10.3140938,30,1.566666667,3444.782098,5.544444444,6,0,0,0,0,1.54E-09,0,0,59.72000004,0,0,0,6.679999988,21.20000001,0,0,0,5.079999995,7.319999972,0,0,0
7_24,0.72972973,99.54440154,4,0,11,5,3,8,5,7,6,580,271.1135914,197.2599828,361.2094904,26.08732844,51,1.490196078,4747.415443,5.966666667,6,0,0,0,0,3.119999999,0,0,50.15999997,0,0,3.119999998,0,26.32000003,0,0,0,10.80000002,3.279999983,0,3.200000006,0
7_25,0.654639175,153.4226804,2,2,24,4,5,13,4,5,12,290,244.457859,148.341183,119.6997668,28.26876229,29,1.620689655,3357.990741,6.405555556,7,0,0,0,0,2.960000005,0,0,0.519999999,34.52000003,3.040000002,0,12.64000001,29.03999995,0,0,0,7.199999988,6.440000023,0,3.639999989,0
7_26,0.59375,210.4375,1,1,10,7,6,7,2,2,4,337,95.29917308,87.67692374,96.76363458,21.18970951,33,1.636363636,3662.677941,5.011111111,7,1.280000008,0,0,0,6.519999997,0,0,6.64,15.27999997,2.319999999,0,56.12000005,1.079999995,0,0,0,5.560000005,5.199999977,0,0,0
7_27,0.408602151,239.172043,7,2,38,9,13,11,11,5,10,507,116.2570236,182.5715387,175.9326829,19.37119528,38,1.631578947,4109.654228,4.116666667,8,4.599999991,0,0,0,0,0,0,36.68,5.6,0,0,14.03999994,21.24000006,0,0,0,15.64000001,2.2,0,0,0
7_28,0.233009709,276.1747573,0,2,8,2,1,6,1,0,9,746,160.0948737,279.6313568,283.9187547,22.27233981,33,1.757575758,3781.95717,4.961111111,8,3.28,0,0,0,0,0,0,16.6,0.040000005,0,0,16.92,54.20000001,0,0,0,3.239999986,5.72,0,0,0
7_29,0.243697479,216.4705882,0,1,6,5,4,7,4,0,23,431,134.91527,166.9135579,184.5797832,20.87041643,30,1.433333333,3101.423305,4.983333333,8,0,0,0,0,12.84000004,0,0,7.4,1.079999996,3.64,0,23.28000004,51.75999993,0,0,0,0,0,0,0,0
7_30,0.329787234,285.7659574,0,0,9,2,0,6,0,0,5,360,68.2066614,92.97031691,138.2076581,11.72267397,26,1.461538462,3067.441454,4.616666667,8,0,0,0,0,27.51999997,0,0,4.520000013,0,0,0,42.91999997,25.04000005,0,0,0,0,0,0,0,0
7_31,0.170212766,271.7234043,1,0,11,3,2,7,4,0,7,656,74.41923762,153.7429996,494.9142196,13.66890309,59,1.372881356,4824.669233,3.655555556,9,0.560000007,0,0,0,0.119999997,0,0,47.08,0,0,4.280000038,3.91E-09,47.95999995,0,0,0,0,0,0,0,0
7_32,0.268292683,287.5365854,0,0,6,3,0,1,4,0,3,437,59.74569224,90.04506619,297.5036079,15.08889102,28,1.357142857,2547.248393,3.338888889,10,0.239999993,0,0,0,0.760000007,0,0,28.15999999,0,0,44.51999996,25.16000006,1.159999994,0,0,0,0,0,0,0,0
7_33,0.089285714,336.4107143,0,0,2,0,1,1,0,0,0,175,101.3318701,109.3963286,132.0310815,16.58812203,8,2,1078.183706,3.122222222,10,0,0,0,0,24,10.80000002,0,0.440000001,0,0,0,64.75999998,0,0,0,0,0,0,0,0,0
7_34,0.06,342.96,5,0,13,3,7,11,5,1,7,134,69.41535786,60.59528215,52.23046134,13.62128341,15,1.666666667,2004.89831,2.511111111,10,0,0,0,0,10.63999999,2.399999979,0,11.64,39.48000006,0.92,0,24.63999997,4.839999999,0,0,0,5.44,0,0,0,0
7_35,0.03030303,355.6666667,0,0,11,1,27,5,8,1,6,29,10.62043475,30.54559567,37.72737339,8.058,10,1.5,1986.946362,2.161111111,10,0,0,0,0,4.519999999,0,0,0.599999997,94.88,0,0,0,0,0,0,0,0,0,0,0,0
7_36,0.029411765,330.6764706,1,0,6,0,3,7,2,0,4,25,29.69550043,27.70155857,24.80067433,11.02137188,3,2,1280.770527,1.472222222,12,13.44000004,0.8,0,0,5.400000008,0,0,1.439999997,22.07999996,0,0,1.48,0,55.36,0,0,0,0,0,0,0
7_37,0.052631579,390.2105263,1,0,0,0,1,2,0,0,1,5,19.75284599,15.76349458,10.34637253,14.06066853,1,1,227.3108617,1.072222222,12,22.52,0,0,0,39.32000002,0,0,0,2.23999998,0,0,2.92,0,29.2,3.8,0,0,0,0,0,0
7_38,0,305,0,0,0,0,0,1,0,0,1,7,3.628549367,4.64886395,5.524736869,17.328,3,1.666666667,823.379317,0.622222222,11,46.04,0,0,0,50.39999999,0,0,0,0,0,0,1.88,0,0,0,0,0,1.680000009,0,0,0
7_39,0,316.8181818,0,0,1,0,0,5,0,0,0,59,6.344624268,12.60249184,35.06226549,16.38528027,6,2,842.1041249,0.405555556,12,70.83999999,0,0,0,10.59999998,1.92,0,1.440000019,0,0,0,14.40000001,0.080000003,0,0,0,0,0.719999996,0,0,0
7_40,0.2,327.8,0,0,0,0,0,2,0,0,0,41,6.750673104,13.81548956,39.49652904,16.24434519,4,2.25,576.6823958,0.394444444,11,45.15999995,0,0,3.16,40.16000009,0,0,4.55999998,0,9.66E-10,0,3.759999981,2.999999992,0,0,0,0,0.200000003,0,0,0
7_46,0,346.5454545,0,0,4,0,1,4,1,0,4,288,48.29060744,119.1712463,163.7574922,13.80007969,8,2.125,2135.999691,1.455555556,9,27.87999997,0,0,0,0.4,3.959999992,0,15.80000005,0,0,0,51.75999999,0.2,0,0,0,0,0,0,0,0
7_47,0.108695652,307.7282609,8,0,10,6,0,5,5,2,7,440,63.59528203,144.6893612,260.073566,12.6805376,32,1.4375,3227.913182,2.566666667,9,3.639999985,0,0,0,9.000000008,0,0,49.31999996,0,0,0,31.32000004,0.320000003,0,0,0,4.760000008,1.639999999,0,0,0
7_48,0.288461538,263.9807692,0,0,1,1,1,2,0,0,1,448,49.48959298,161.6823336,229.8323444,12.93459366,13,1.769230769,2473.609497,3.161111111,9,7.600000008,0,0,2.04,2.799999993,0,0,0,0,0,0,45.43999997,39.04000004,0,0,0,3.079999993,0,0,0,0
7_49,0.218181818,236,0,2,7,3,0,6,0,4,4,537,93.55980696,151.8704586,234.9359068,15.15913088,16,1.5625,2706.226246,3.688888889,9,0.359999991,0,0,0,0.92,0,0,11.40000002,0,0,0,47.00000002,36.67999997,0,0,0,0,3.64,0,0,0
7_50,0.4,244.2,3,1,12,2,0,3,1,3,2,593,158.9456971,195.8115009,264.212182,22.12758778,34,1.382352941,3709.128498,3.961111111,9,0,0,0,0,0,0,0,58.28,0,0,0,13.11999996,24.36000004,0,0,0,0,4.24,0,0,0
7_51,0.477876106,235.380531,6,1,13,6,1,6,6,0,8,417,182.8492374,241.3465236,176.5813521,25.34517912,30,1.8,3921.333543,4.411111111,8,4.08,0,0,0,5.440000013,0,0,8.399999976,0,0,0,11.64000002,54.95999997,0,0,0,0,15.48000003,0,0,0
7_52,0.588235294,241.7058824,0,3,0,1,0,4,0,2,5,306,72.50424672,106.4292281,161.2002579,16.15528997,27,1.481481481,2901.463349,5.333333333,8,0,0,0,0,12.03999999,0,0,0,0,0,0,52.40000004,15.47999999,0,0,0,0,20.07999999,0,0,0
7_53,0.594594595,241.0945946,0,1,6,4,1,4,0,1,5,301,224.4655471,116.7090607,190.8059819,22.58903711,16,1.6875,2251.958563,4.916666667,8,4.839999998,0,0,0,1.04,0,0,13.76,0,0,0.08,45.23999995,22.72000007,0,0,0,5.28,7.039999983,0,0,0
7_54,0.575471698,242.1792453,1,5,12,14,2,4,1,2,7,435,262.0322261,181.19004,189.5600602,30.11275532,28,1.535714286,3448.544886,5.244444444,8,0,0,0,0,0,0,0,30.16000006,0,0,15.91999999,0,48.35999994,0,0,0,5.560000005,0,0,0,0
7_55,0.446043165,240.5395683,4,0,11,7,3,8,1,1,5,715,227.3158915,342.0005714,208.9675121,29.78220871,39,1.615384615,4212.204897,4.461111111,8,0,0,0,0,0,0,0,90.87999999,0,0,0,1.000000007,5.080000001,0,0,0,2.519999995,0.520000002,0,0,0
7_56,0.431192661,280.7522936,0,1,5,4,1,6,2,1,14,448,230.7165602,232.87652,120.0907913,34.14080408,21,1.571428571,2878.167149,3.816666667,6,12.64000002,0,0,0,13.16000002,0,0,13.87999995,1.159999999,2.000000002,0,16.4,39.48,0,0,0,0,1.279999996,0,0,0
7_57,0.327272727,272.8727273,0,0,5,1,0,5,2,0,7,383,112.0830603,162.1271951,99.8789873,19.24719288,14,1.857142857,2191.967942,2.483333333,6,6.399999982,1.16,0,0,25.75999998,0,0,14.72,0,0.599999998,0,0.599999991,32.88000003,0,0,0,0,17.88000002,0,0,0
7_58,0.315789474,327.4736842,2,0,9,2,0,7,2,2,9,540,63.13220952,153.4595957,106.1940027,15.66524186,20,1.75,2764.829879,1.766666667,5,0.199999999,0.92,0,0,6.800000002,0,0,6.840000046,0,0,0,24.72,48.07999995,0,0,0,4.00E-09,12.44,0,0,0
7_59,0.111111111,426.4222222,0,0,0,0,0,8,0,0,1,263,113.312768,120.5671017,81.34959686,21.42527238,27,1.518518519,2717.485043,1.844444444,5,18.92000001,0.720000001,0,0,6.640000007,0,0,12.15999995,19.48000001,0,0,25.24000004,7.44,0,0,0,8.879999996,0.519999991,0,0,0
7_60,0.025316456,480.7594937,0,0,2,4,1,6,0,0,1,292,240.0867163,195.7465381,128.803311,28.73248001,26,1.307692308,2017.631878,1.833333333,5,5.39999999,7.920000017,0,0,17.64,0,0,0,10.28,2.4,0,53.47999999,2.879999999,0,0,0,0,0,0,0,0
7_61,0,513.1111111,0,1,5,0,1,1,0,1,5,493,136.8344583,144.9942943,164.1840207,16.30829603,50,1.28,3371.517274,1.788888889,5,0.760000027,8.679999983,0,0,16.56000001,0,0,0,0,1.48,0,50.83999998,21.68,0,0,0,0,0,0,0,0
7_62,0,559.047619,0,0,20,1,5,5,1,1,3,197,93.51427622,70.32548502,66.60832785,17.74436739,20,1.3,1769.51442,0.961111111,5,40.68000001,1.08,16.88000004,0,12.03999998,4.48,0,0,0,0,0,20.83999997,4.000000001,0,0,0,0,0,0,0,0
7_63,0,522,1,0,3,0,3,0,0,0,1,50,15.41503295,8.488199873,10.51390001,13.43452053,14,1.785714286,2411.103381,0.416666667,5,72.80000004,0,3.439999965,0,12.39999999,0,0,0,4.640000002,0,0,6.719999999,0,0,0,0,0,0,0,0,0
80_10,0,520.6666667,0,0,0,0,2,1,0,0,1,15,2.987583247,5.647145697,7.305910736,4.819,4,1.75,1018.080657,0.077777778,4,16.56000001,49.71999999,0,0,3.999999993,7.839999977,0,0,0,0.4,0,10.80000002,0,0,0,0,5.680000003,5.000000011,0,0,0
80_11,0,465,0,0,0,0,0,2,0,0,3,29,2.987583247,6.774293538,8.451954144,4.819,5,2.2,1318.887295,0.161111111,4,68.79999999,3.039999997,0,0,2.840000011,2.480000002,0,0,0,0,0,21.47999999,0,0,1.360000005,0,0,0,0,0,0
80_12,0,522.8,0,0,0,0,0,0,0,0,1,36,2.987583247,6.800736873,8.478840776,4.819,1,5,952.1175671,0.177777778,4,71.32000004,0,0,0,1.719999989,8.959999992,0,0,0,0,0,17.99999998,0,0,0,0,0,0,0,0,0
80_13,0,617.5,0,1,0,0,0,0,0,0,0,2,2.789680957,5.470988117,7.251965452,6.484735402,0,0,0,0.183333333,4,94.80000001,0,0,0,0.52,3.119999993,0,0,0,1.56,0,0,0,0,0,0,0,0,0,0,0
80_14,0.5,554.5,0,0,0,0,0,0,0,0,0,0,2.238143903,1.765090073,3.832767015,11.127,0,0,0,0.144444444,4,99.03999999,0.119999999,0,0,0.440000012,0,0,0,0,0.4,0,0,0,0,0,0,0,0,0,0,0
80_15,0,515,0,0,0,0,0,1,0,0,1,6,2.238143903,1.765090073,3.832767015,11.127,0,1,519.7866399,0.133333333,4,90.32000001,0,0,0,2.759999988,4.120000004,0,0,0,0,0,2.8,0,0,0,0,0,0,0,0,0
80_16,0,516.5,0,0,0,0,0,1,1,0,0,25,2.238143903,1.765090073,3.832767015,11.127,5,1.6,943.6540312,0.1,4,76.99999997,0,0,0,0.72,8.359999994,0,0,0,0,0,13.92000003,0,0,0,0,0,0,0,0,0
80_19,0,436,0,0,3,0,0,1,1,0,2,70,2.22823698,10.77869441,23.64415517,11.17007108,5,1.4,1025.752397,0.177777778,4,36.92000002,0,0,0,32.95999995,2.160000018,0,0,1.52000002,0,0,26.43999999,0,0,0,0,0,0,0,0,0
80_20,0,461.1818182,0,1,0,0,0,0,0,0,2,13,2.238143903,7.024878312,16.26580803,11.127,3,2,1210.014111,0.183333333,4,70.04000006,0,0,3.76,3.519999985,2.719999985,0,0,2.599999979,0,0,10.36,0,0,0,0,6.999999999,0,0,0,0
80_21,0,520.25,0,0,1,0,0,1,0,0,1,21,2.238143903,0.971057459,4.369758567,11.127,4,1.75,831.6334858,0.194444444,4,79.71999996,0,0,2.56000003,4.240000013,1.120000001,0,0,0,0,0,12.35999999,0,0,0,0,0,0,0,0,0
80_23,0,537.5,0,0,0,0,1,0,0,1,0,21,2.238143903,0.971057459,4.369758567,11.127,3,1.666666667,890.2599853,0.044444444,4,71.56000005,0,0,0,8.679999956,12.99999999,0,0,0,9.63E-10,0,6.76000001,0,0,0,0,0,0,0,0,0
80_24,0,565,0,0,0,0,1,0,0,1,0,14,2.238143903,0.971057459,4.369758567,11.127,3,2,720.9654415,0.055555556,4,48.95999995,0,0,33.44000005,2.84000001,2.639999999,0,0,0,0,0,12.11999999,0,0,0,0,0,0,0,0,0
80_6,0,598,0,0,2,0,0,1,0,0,2,22,2.52339875,5.879316363,10.44283889,5.596696126,5,1.2,862.7767519,0.038888889,2,73.44,1.239999993,0,0,9.559999996,4.520000005,0,0,0,0,0,11.24000001,0,0,0,0,0,0,0,0,0
80_7,0,698.5,0,0,0,0,0,2,0,0,1,3,2.987583247,7.015912465,13.85709696,4.819,0,1,41.34342603,0.061111111,2,91.92000002,0,0,0,3.399999995,3.719999991,0,0,0,0.4,0,0.559999993,0,0,0,0,0,0,0,0,0
80_8,0,645,0,0,0,0,0,4,0,0,0,4,2.987583247,5.510031697,7.320242313,4.819,4,2.25,1297.522898,0.066666667,2,85.51999995,0,0,0,9.800000019,1.04,0,0,0,1,0,2.440000026,0,0,0.200000004,0,0,0,0,0,0
80_9,0,521,0,0,0,0,0,5,0,0,2,23,2.987583247,5.463780617,7.119471713,4.819,4,2.25,1195.377013,0.061111111,3,72.83999997,0.92000001,0,0,6.759999983,5.280000044,0,0,0,0,0,13.71999999,0,0,0.479999996,0,0,0,0,0,0
81_10,0,447,0,0,0,0,0,1,0,0,4,19,2.987583247,6.277367527,7.946697638,4.819,3,1,74.65303969,0.233333333,4,42.79999997,29.95999999,0,0,2.72,1.559999985,0,0,0,0.6,0,7.320000065,0,0,0,0,7.559999999,7.47999999,0,0,0
81_11,0.25,439,0,0,4,0,2,2,1,0,2,59,2.987583247,6.800736873,8.478840776,4.819,4,2,844.1808551,0.855555556,4,37.84000005,29.52,0,0,0.440000005,1.36,0,0,7.040000002,0,0,20.03999995,0,0,3.759999995,0,0,0,0,0,0
81_12,0,482.6,0,0,0,0,0,1,1,0,0,19,2.987583247,6.800736873,8.478840776,4.819,4,1.75,1072.013089,1.066666667,4,77.91999998,0,0,0,3.640000032,7.039999998,0,0,3.640000001,0,0,7.759999989,0,0,0,0,0,0,0,0,0
81_13,0,528.5714286,0,0,0,0,0,3,0,0,0,17,2.747099359,18.7408994,11.8133372,5.940291886,2,1.5,391.7871512,1.427777778,4,30.07999997,0,0,0,54.59999998,0,0,0,0,0,0,4.399999984,0,0,0,0,0,10.92000006,0,0,0
81_14,0,541.3333333,0,0,0,0,0,1,0,1,1,4,2.274825928,2.011564616,4.060173534,10.81824891,1,1,43.07066466,1.077777778,4,90.20000006,0,0,0,0.48,0,0,0,0,0,0,0.200000007,0,0,0,0,0,9.119999938,0,0,0
81_15,0,496.5,0,0,0,0,0,3,0,0,2,7,2.574868603,3.463747177,4.651936371,11.11653578,4,2,1107.911017,0.85,4,89.55999998,0,0,0,2.279999999,3.519999999,0,0,0,0,0,4.560000022,0,0.080000001,0,0,0,0,0,0,0
81_16,0,493.6,0,0,0,0,0,2,0,0,0,6,1.905166272,1.649485788,4.280951885,12.5746447,1,2,250.5862504,0.411111111,4,91.64000001,0,0,0,0,5.279999996,0,0,0,0,0,3.079999989,0,0,0,0,0,0,0,0,0
81_18,0,447,0,0,0,0,0,0,0,0,0,0,1.09980277,1.369876999,5.364963851,16.07602165,0,0,0,0.116666667,4,99.31999999,0,0,0,0,0.56,0,0,0,0,0,0.120000013,0,0,0,0,0,0,0,0,0
81_19,0,431.6666667,0,1,11,3,3,9,1,0,3,139,1.564613297,51.67792489,86.25933515,14.05522376,28,1.357142857,2310.938023,0.172222222,4,36.07999999,0,13.36,0,6.760000007,1.600000002,0,0,0.2,0,0,41.67999999,0,0,0,0,0.320000013,0,0,0,0
81_20,0,408.4285714,0,0,0,0,1,0,0,0,1,13,1.545664791,2.63847378,7.780361007,14.13760378,1,2,745.3181603,0.161111111,4,80.19999999,0,0,0,0.239999993,6.840000026,0,0,0,0,0,5.280000002,0,0,0,0,7.439999987,0,0,0,0
81_22,0,605,0,0,0,0,0,0,0,0,0,0,2.238143903,0.971057459,4.369758567,11.127,0,0,0,0.05,4,90.68000001,0,0,4.399999997,4.919999995,1.62E-09,0,0,0,0,0,0,0,0,0,0,0,0,0,0,0
81_23,0,585,0,0,0,0,0,0,0,0,0,6,2.238143903,0.971057459,4.369758567,11.127,2,1.5,202.7723311,0.05,4,93.48,0,0,0,0,3.080000006,0,0,0,0.599999999,0,2.839999998,0,0,0,0,0,0,0,0,0
82_10,0.4,329.9,0,0,0,0,0,1,0,0,0,58,20.69326362,24.92529065,19.20956728,7.988797224,6,1.833333333,525.8646337,0.566666667,4,75.23999992,0,0,0,0,0.879999992,0,0,0,0,0,21.72000004,0,0,0,0,2.160000052,0,0,0,0
82_11,0.058823529,388,0,0,1,0,0,5,0,1,8,100,27.16322646,46.07840112,108.7915189,9.146739148,3,2,1092.378007,1.75,5,50.71999999,0,0,0,0,2.44,0,0,1.399999998,0,0,20.88000001,6.040000008,0,0,0,5.079999949,13.44000004,0,0,0
82_12,0.075471698,421.5566038,0,2,4,0,0,4,0,2,4,308,9.429843673,109.1893176,131.062181,15.34571936,37,1.162162162,2528.152323,1.616666667,5,7.720000018,0,0,0,4.039999999,0,0,0,0.039999999,0,0,38.40000001,14.92000001,0,0,0,0,34.87999996,0,0,0
82_13,0.040816327,488.5714286,0,1,4,0,5,4,0,0,0,262,0.305422735,193.9649192,102.8110637,16.57888002,23,1.217391304,2074.222572,2.422222222,5,15.03999993,0,0,0,10.23999999,0,0,0,18.44000001,0.4,0,42.92000003,9.440000034,0,0,0,0,3.520000006,0,0,0
82_14,0.064935065,495.0909091,4,3,7,1,0,7,4,1,0,575,8.953305992,353.5315441,60.51798075,16.17058495,56,1.339285714,4436.202867,1.511111111,5,2.199999994,0,0,0,0,0,0,19.44000008,0,0,0,69.11999997,7.439999967,0,0,0,0,1.79999999,0,0,0
82_15,0,474.4468085,0,0,3,1,0,4,1,1,2,331,45.32066938,251.9897123,133.0348879,10.84550899,24,1.375,2536.107876,1.261111111,5,10.72000003,0,0,0,0,0,0,16.47999993,20.6,0,0,21.88,29.32000004,0.999999999,0,0,0,0,0,0,0
82_16,0,478.9166667,0,1,6,2,0,7,0,1,6,275,50.25286659,91.62464766,109.5210093,11.80296396,22,1.363636364,2257.438197,0.633333333,5,32.72000004,0,0,0,0,4.720000006,0,1.319999997,0,0,0,30.91999998,23.71999995,0,0,0,0,6.600000023,0,0,0
82_17,0,457.6666667,0,0,0,0,0,5,0,0,1,11,2.058087769,2.886363323,6.941628545,16.01520287,0,1,506.2363265,0.2,5,92.72000004,0,0,0,0,2.199999998,0,0,0,0,0,4.039999986,0,0,0,0,0,1.039999977,0,0,0
82_18,0,396.75,0,0,0,0,3,1,0,1,1,48,1.094977468,1.368201735,5.371458663,16.097,5,1.6,1090.470892,0.144444444,5,63.24,0,0,0,0.4,11.12,0,0,0,0,0,25.24,0,0,0,0,0,0,0,0,0
82_19,0,388.4285714,0,0,8,1,5,1,3,1,4,29,1.094977468,1.368201735,5.371458663,16.097,10,1.7,2146.080635,0.155555556,4,48.19999994,0,0.560000001,0,14.52000001,8.800000029,0,0,6.2,0,0,14.36000002,0,0,0,0,7.360000002,0,0,0,0
82_22,0,635,0,0,0,0,0,0,0,0,0,0,2.238143903,0.971057459,4.369758567,11.127,0,0,0,0.061111111,4,98.6,0,0,0,1.4,0,0,0,0,0,0,0,0,0,0,0,0,0,0,0,0
82_23,0,602,0,0,0,0,0,0,0,0,0,17,2.238143903,0.971057459,4.369758567,11.127,0,1,721.7128918,0.066666667,4,84.48,0,0,0,3.600000001,2.279999998,0,0,5.28,0.64,0,3.72,0,0,0,0,0,0,0,0,0
82_24,0,609.3333333,0,0,0,0,0,0,0,0,0,1,1.727398138,1.112533557,3.677242379,17.76187675,0,0,0,0.027777778,4,95.83999997,0,0,0,1.720000003,2.440000025,0,0,0,0,0,0,0,0,0,0,0,0,0,0,0
82_9,0,359.75,1,0,0,1,0,3,0,0,6,120,9.002736923,16.36666807,30.03115556,6.872016718,5,1.8,815.5851868,0.244444444,4,52.68,0,0,0,0,1.599999995,0,0,0,0.44,0,45.28,0,0,0,0,0,0,0,0,0
83_10,0.222222222,304.7037037,0,0,25,1,37,5,7,1,8,242,33.3384374,49.28891646,52.24966323,10.38766837,21,1.428571429,2899.152401,1.583333333,4,0.480000005,0,0,0,7.560000007,0,0,6.28,36.80000008,0,0,38.07999991,6.92,0,0,0,0,3.88,0,0,0
83_11,0.186046512,347.7209302,1,0,6,7,2,2,3,0,8,178,34.98223382,65.96678005,91.47556996,12.46757576,15,1.666666667,2165.938997,3.15,4,8.199999986,0,0,0,3.440000036,0,0,0.320000003,43.31999996,0,0,26.28000001,11.28,0,0,0,7.159999999,0,0,0,0
83_12,0.052631579,385.2719298,5,0,15,4,0,5,5,0,8,362,63.77609517,94.89113539,163.431732,19.94062378,35,1.342857143,3158.259359,3.533333333,5,0.239999996,0,0,0,20.43999998,0,0,0,0,0,0,54.16000003,25.15999999,0,0,0,0,0,0,0,0
83_13,0.042553191,423.1702128,0,0,3,2,0,1,1,0,2,110,109.7120629,57.65326159,92.40047424,26.44360684,9,1.777777778,1253.988429,4.416666667,5,0,0,0,0,32.04000009,0,0,0,4.479999988,0,0,54.43999994,9.03999998,0,0,0,0,0,0,0,0
83_14,0.028985507,443.6666667,0,1,0,0,0,2,0,6,4,21,111.7600704,72.6851352,59.33063951,18.91273555,3,2,598.8859125,3.216666667,5,0,0,0,2.480000001,35.3199999,0,0,2.94E-13,0,0,0,62.2000001,0,0,0,0,0,0,0,0,0
83_15,0.025641026,422.6153846,3,0,10,2,1,7,4,2,7,501,65.24408256,154.0962105,241.0404171,9.043018798,47,1.446808511,4115.66465,2.166666667,5,5.400000001,0,0,0,0.64,0,0,0,0,0,0,34.39999991,59.56000009,0,0,0,0,0,0,0,0
83_16,0,490.8181818,0,0,4,1,0,3,2,0,4,265,39.57594555,89.60395495,154.5945029,12.82880449,28,1.392857143,2078.513101,0.861111111,5,48.2000001,0,0,0,0,4.879999997,0,4.440000003,0,0,0,15.88,26.4399999,0,0,0.159999999,0,0,0,0,0
83_17,0,411,0,0,0,0,0,0,0,0,1,0,1.094977468,1.368201735,5.371458663,16.097,0,0,0,0.266666667,5,100,0,0,0,0,2.29E-09,0,0,0,0,0,0,0,0,0,0,0,0,0,0,0
83_18,0,415,0,0,0,0,0,4,0,0,0,23,1.094977468,1.368201735,5.371458663,16.097,7,1.714285714,621.7861082,0.172222222,5,88.31999996,0,0,0,0.080000007,2.359999999,0,0,0,0,0,8.680000008,0,0,0,0,0.160000009,0,0.400000016,0,0
83_19,0,529.3333333,0,0,1,0,0,0,2,0,4,7,1.094977468,1.368201735,5.371458663,16.097,2,2.5,922.2249115,0.161111111,5,76.16000003,0,0,0,5.919999998,0,0,0,0,0,0,2.799999994,0,0,0,0,7.159999991,0,7.959999983,0,0
83_20,0,509,0,0,1,0,1,2,0,0,0,56,1.127129356,1.357031937,5.343285558,15.95721731,11,1.454545455,1087.377907,0.138888889,5,73.56,0,0,0,3.439999993,5.160000008,0,0,0,0,0,17.84,0,0,0,0,0,0,0,0,0
83_21,0,664,0,0,0,0,0,0,0,0,0,7,1.484626344,1.232834902,5.030028663,14.40297291,0,1,398.0102725,0.072222222,5,91.23999998,0,0,0,0,5.40000001,0,0,0,0.52,0,2.840000007,0,0,0,0,0,0,0,0,0
83_22,0,651,0,0,0,0,0,0,0,0,0,19,1.652734742,1.17443283,4.882723604,13.6721093,0,1,596.7084525,0.088888889,4,85.44000001,0,0,0,1.84,7.599999989,0,0,0,1.12,0,4,0,0,0,0,0,0,0,0,0
83_23,0,685,0,0,0,0,0,0,2,0,2,9,1.392069827,1.264989704,5.111131352,14.80536916,1,2,209.3114268,0.094444444,4,88.68,0,0,0,2.679999999,1.6,0,0,0,0.84,0,6.200000003,0,0,0,0,0,0,0,0,0
83_9,0.166666667,305.1666667,0,0,2,0,0,1,1,0,1,246,13.53226684,95.33021059,107.8175589,7.637767637,26,1.5,2936.780569,0.738888889,4,28.87999994,0,0,0,2.360000006,0.399999999,0,18.40000002,0,0,0,49.96000003,0,0,0,0,0,0,0,0,0
84_10,0.466666667,253.9466667,0,0,2,0,5,2,1,1,4,152,6.425771879,78.70351516,34.58051703,40.19829442,8,1.5,1396.747102,2.466666667,4,0,0,0,0,52.15999993,0,0,8.44000002,16.88000001,0,0,16.16000001,6.360000034,0,0,0,0,0,0,0,0
84_11,0.286956522,296.226087,0,0,12,0,22,6,7,0,4,157,51.97120389,124.4856233,54.8669969,39.43490375,22,1.363636364,2023.849272,3.988888889,4,0,0,0,0,0.879999997,0,0,8.679999981,57.51999996,0,0,12.08000008,13.55999998,0,0,0,7.280000001,0,0,0,0
84_12,0.184466019,316.9514563,0,0,6,2,0,4,2,1,9,184,177.5611622,193.1780872,139.8684233,27.4427459,19,1.736842105,2405.263116,5.511111111,4,0,0,0,0,40.55999999,0,0,0,0,0,0,42.11999997,15.68000005,0,0,0,0,1.64,0,0,0
84_13,0.096153846,369.3333333,0,0,3,0,0,1,2,0,4,414,200.3679765,182.0510989,135.422581,38.60477252,27,1.407407407,2733.900873,5.388888889,4,0,0,0,0,34.40000002,0,0,0,0,0,0,25.67999995,39.92000003,0,0,0,0,0,0,0,0
84_14,0.082644628,371.677686,0,0,9,1,4,4,2,3,6,310,317.5807856,178.57941,136.6040798,51.16504272,22,1.454545455,2159.802384,4.227777778,5,0,0,0,0,20.31999996,0,0,0,4.799999998,0,0,34.40000007,32.67999998,0,0,0,0,7.799999994,0,0,0
84_15,0.093023256,372.4651163,1,0,6,0,0,5,1,0,9,602,59.75847355,207.3440986,324.356096,6.142405508,63,1.444444444,4608.691471,2.327777778,5,0,0,0,0,6.319999999,0,0,0,0,0,0,36.43999999,57.24000001,0,0,0,0,0,0,0,0
84_16,0,440.7,0,0,2,0,0,0,1,0,0,72,10.15322829,24.51159326,63.74632462,14.57584981,18,1.111111111,614.2597517,0.794444444,5,80.72000009,0,0,0,0,0.320000002,0,0,0,0,0,15.79999994,2.799999964,0,0,0.360000001,0,0,0,0,0
84_18,0,339.1666667,0,0,0,0,0,2,0,0,3,0,1.094977468,1.368201735,5.371458663,16.097,2,1.5,586.5832165,0.255555556,5,79.28000001,0,0,0,0,0.760000005,0,0,0,0.84,0,0.160000006,0,0,0,0,6.440000002,12.51999998,0,0,0
84_19,0,536,0,0,0,0,0,3,0,0,0,13,1.094977468,1.368201735,5.371458663,16.097,2,1.5,550.5717302,0.283333333,5,89.28,0,0,0,0.76,4.319999995,0,0,0,0,0,5.600000006,0,0,0,0,0.039999998,0,0,0,0
84_20,0,565,0,0,0,0,0,2,0,0,0,27,1.094977468,1.368201735,5.371458663,16.097,2,2,817.5716488,0.111111111,5,80.84000002,0,0,0,0,8.36,0,0,0,0,0,10.79999998,0,0,0,0,0,0,0,0,0
84_21,0.5,624.5,0,0,1,0,0,1,0,0,0,44,1.094977468,1.368201735,5.371458663,16.097,6,1.5,1051.332078,0.072222222,5,66.40000001,0,0,0,1.4,5.839999993,0,0,0,0,0,26.36,0,0,0,0,0,0,0,0,0
84_22,0,633,0,0,0,0,0,0,0,0,0,12,1.094977468,1.368201735,5.371458663,16.097,2,1.5,456.800407,0.094444444,5,88.2,0,0,0,0,4.8,0,0,0,0,0,7,0,0,0,0,0,0,0,0,0
84_23,0,688.3333333,0,0,1,0,0,0,0,0,1,9,1.094977468,1.368201735,5.371458663,16.097,1,3,669.984193,0.066666667,4,70.92,0,0,15.88,6.12,1.44,0,0,0,0,0,5.639999997,0,0,0,0,0,0,0,0,0
84_24,0,722.5,0,0,0,0,0,0,0,0,0,2,1.094977468,1.368201735,5.371458663,16.097,0,1,200.428399,0.072222222,4,94.91999998,0,0,0,0,3.720000024,0,0,0,0,0,1.359999997,0,0,0,0,0,0,0,0,0
84_25,0,722,0,0,0,0,2,1,0,0,2,71,1.16088125,3.420348253,6.885634251,18.48715401,6,1.166666667,1019.31241,0.022222222,4,39.47999998,0,0,0,3.56,14.75999998,0,0,0,0,0,42.20000004,0,0,0,0,0,0,0,0,0
84_8,0,221.5,0,0,0,0,1,0,0,0,1,5,2.235639805,3.504315609,8.264479119,6.724711806,2,2,545.4920202,0.288888889,4,63.71999997,0,0,0,10.83999996,0,0,0,0,0,0,3.520000048,0,0,0,0,0,21.92000003,0,0,0
84_9,0.133333333,300.8666667,1,0,6,0,1,6,1,0,1,134,18.59037186,67.31834147,49.34917597,10.48552385,11,1.545454545,1473.630897,1.283333333,4,3.919999984,0,44.32000002,0,20.76000009,0,0,10.71999998,0,0,0,18.91999996,0,0,0,0,0,1.359999974,0,0,0
85_10,0.466666667,188.2777778,0,0,1,0,0,3,0,0,6,180,0,141.5745623,55.45595549,51.338,12,2,1768.376922,4.444444444,4,0,0,11.64,0,37.79999991,0,0,1.31E-08,0,0,0,45.12000005,5.440000022,0,0,0,0,0,0,0,0
85_11,0.411290323,233.1854839,0,0,20,1,22,6,4,0,5,261,29.11571288,235.3446036,86.00240801,49.13517279,23,1.869565217,3199.564397,5.722222222,4,3.68,0,0,0,2.92E-10,0,0,18.95999999,32.43999999,0,0.840000022,8.719999964,22.96000003,0,0,0,7.480000001,4.92,0,0,0
85_12,0.295774648,274.7042254,0,0,4,2,0,3,0,0,4,386,250.1522287,339.2087859,160.4563898,36.43861791,38,1.473684211,3287.00134,6.555555556,4,3.080000009,0,0,0,10.16000004,0,0,0,0,0,18.63999998,32.03999999,36.07999998,0,0,0,0,0,0,0,0
85_13,0.207171315,323.1035857,6,1,12,9,0,7,11,3,9,295,271.1864426,381.9926874,203.2332246,42.29502238,26,1.538461538,2597.478136,4.85,4,0.719999992,0,0,0,33.63999997,0,0,0,0,0,0,13.75999999,51.48000004,0,0,0,0,0.4,0,0,0
85_14,0.170731707,314.9105691,0,0,2,7,2,6,1,1,7,449,186.113822,231.4894152,259.0463453,24.87487433,37,1.459459459,3345.325974,4.388888889,4,0,0,0,0,0,0,0,0,3.400000003,0,0,16.80000009,71.7199999,0,0,0,0,8.080000007,0,0,0
85_15,0.121212121,361.3030303,2,0,8,0,2,5,0,0,10,507,70.86042061,149.2452232,284.2726509,6.720140414,39,1.666666667,4043.809194,2.311111111,4,0,0,0,0,7.400000002,0,0,0,0,0,0,65.88,26.71999999,0,0,0,0,0,0,0,0
85_16,0,383.3076923,0,0,3,3,0,1,0,0,0,247,23.70375304,88.75153935,163.4108483,9.203820774,21,1.142857143,1674.190044,0.916666667,5,44.88000011,0,0,0,0,4.040000001,0,0,0,0,0,50.91999988,0,0,0,0,0,0.160000012,0,0,0
85_17,0,333.6666667,0,1,0,0,0,0,0,0,4,25,5.760878264,9.506091872,33.40398613,14.638271,4,1.5,335.6631947,0.594444444,5,20.03999993,0,0,0,2.839999999,0,0,0,0,3.36,0,7.639999987,0,0,0,0,0,66.12000009,0,0,0
85_18,0,396.9259259,2,0,7,1,2,0,0,0,2,32,1.094977468,1.368201735,5.371458663,16.097,9,1.333333333,1074.109318,0.283333333,5,37.32000007,0,0,0,0,0,0,0,10.72,0.08,0,14.16,0,0,0,0,7.16,30.55999993,0,0,0
85_19,0,615,0,1,0,0,0,2,0,0,0,0,1.094977468,1.368201735,5.371458663,16.097,0,0,0,0.344444444,5,100,0,0,0,0,0,0,0,0,0,0,0,0,0,0,0,0,0,0,0,0
85_20,0,571,0,0,0,0,0,1,0,0,0,13,1.094977468,1.368201735,5.371458663,16.097,1,1,370.4966429,0.127777778,5,84.96,0,0,0,0,13.72,0,0,0,0,0,1.320000002,0,0,0,0,0,0,0,0,0
85_23,0,677,0,0,0,0,0,1,0,0,0,0,1.094977468,1.368201735,5.371458663,16.097,0,1,213.0011416,0.077777778,5,98.80000001,0,0,0,1.199999992,0,0,0,0,0,0,0,0,0,0,0,0,0,0,0,0
85_24,0,712,0,1,1,0,0,1,0,0,0,28,1.094977468,1.496598749,5.528931166,16.097,7,1.285714286,1106.464422,0.066666667,5,78.4,0,0,0,0,10.24,0,0,0,0,0,11.36,0,0,0,0,0,0,0,0,0
85_8,0.285714286,219.7142857,0,0,1,2,0,5,0,2,1,66,6.809467595,9.934527214,19.1492047,7.094210022,11,1.636363636,1109.316579,0.388888889,4,52.6399999,0.840000005,0,0,3.640000004,0,0,0,0,0,0,15.48000008,8.120000014,0,0,0,0,19.28,0,0,0
85_9,0.416666667,278.5833333,0,1,28,4,7,9,0,0,1,112,17.98752991,37.2054536,51.75337731,13.55339013,9,1.444444444,1279.942206,2.172222222,4,0,0,61.4,0,20.84000008,0,0,0,0,0,0,17.75999993,0,0,0,0,0,0,0,0,0
86_10,0.462427746,162.9190751,2,0,5,5,0,7,2,3,8,316,12.70446749,173.2464035,84.58429876,35.87560876,24,1.416666667,2506.145624,4.788888889,4,0,0,0,0,15.35999999,0,0,0,0,0,0,44.47999999,34.00000003,0,0,0,0,6.159999994,0,0,0
86_11,0.484,202.04,0,2,6,6,10,7,1,1,4,128,53.27183562,221.933712,66.61142635,41.14213906,23,1.47826087,2237.970215,5.605555556,4,0,0,0,0,10.88000002,0,0,19.23999999,25.60000004,0,0,23.71999997,11.99999997,0,0,0,8.559999999,0,0,0,0
86_12,0.524390244,217.9512195,0,0,5,2,2,3,1,3,7,529,177.2252068,235.5427064,131.0003813,22.61745861,50,1.3,3776.491514,6.544444444,4,0,0,0,0,3.839999985,0,0,7.040000002,11.15999996,0,0,10.6,66.72000005,0,0,0,0,0.64,0,0,0
86_13,0.313131313,258,0,0,3,3,0,3,0,0,4,614,149.0392179,238.8544502,236.6742149,20.2286202,40,1.325,3744.733773,4.544444444,4,0,0,0,0,6.439999978,0,0,0,0,0,0,38.40000004,55.15999998,0,0,0,0,0,0,0,0
86_14,0.404255319,284.3191489,2,0,5,1,2,6,1,0,11,545,104.2480022,197.4239951,375.2274499,10.70618321,37,1.459459459,3874.849756,3.816666667,4,0.6,0,0,0,0,0,0,0,0,0,0,55.39999996,44.00000004,0,0,0,0,0,0,0,0
86_15,0.175,330.25,1,0,6,3,2,6,3,0,9,537,73.38876712,190.1260032,395.2847088,6.717768015,44,1.340909091,3691.743404,2.033333333,4,0,0,0,0,3.000000001,0,0,0,0,0,0,68.92000003,24.55999997,0,0,0,3.520000002,0,0,0,0
86_16,0.052631579,313.0526316,0,0,4,1,2,3,1,1,4,267,41.37633963,103.68627,221.6525709,5.776898842,34,1.294117647,4194.072206,1.405555556,4,8.600000009,0,0,0,9.400000058,0,0,0,0,0,0,56.43999996,1.479999971,0,0,0,12.72000001,11.35999999,0,0,0
86_17,0.058823529,370.8235294,2,0,8,2,1,4,0,0,3,320,99.16535891,99.26655237,213.6868574,11.38883575,36,1.555555556,4614.964526,1.15,4,3.759999993,0,0,0,7.359999953,0,0,0,0,0,0,68.44000004,0,0,0,0,16.11999998,4.320000033,0,0,0
86_18,0.066666667,378.1333333,0,0,3,4,0,5,0,0,4,252,55.12107391,99.90832282,156.2806221,14.11970357,22,1.318181818,2121.611206,0.883333333,4,33.20000005,0,0,0,2.319999984,1.44,0,0,4.039999996,0,0,55.68000001,0,0,0,0,1.159999994,2.159999974,0,0,0
86_19,0.666666667,404,0,0,4,1,0,2,0,0,6,97,6.035396149,19.50964183,58.64966271,15.03633836,4,2.75,904.8664549,0.566666667,5,71.68000001,0,0,0,0,0,0,0,0,0,0,28.31999999,0,0,0,0,0,0,0,0,0
86_20,0,519.5,0,0,0,0,0,2,0,0,3,19,1.094977468,1.368201735,5.371458663,16.097,3,1.666666667,955.7108953,0.277777778,5,85.04000001,0,0,0,0,3.04,0,0,0,0,0,11.91999999,0,0,0,0,0,0,0,0,0
86_21,0,580.8,0,0,0,0,0,0,0,0,4,21,1.094977468,2.571008236,6.846640546,16.097,9,1.666666667,1173.032681,0.111111111,5,76.2,0,0,0,1.800000001,9.000000002,0,0,0,1.2,0,11.8,0,0,0,0,0,0,0,0,0
86_22,0,606,0,0,0,0,0,0,0,0,0,0,1.094977468,2.866923591,7.209565897,16.097,1,3,913.1382935,0.077777778,5,100,0,0,0,0,0,0,0,0,0,0,9.80E-10,0,0,0,0,0,0,0,0,0
86_23,0,681.5,0,0,1,0,0,0,0,0,0,13,1.094977468,2.925824196,7.281804536,16.097,3,2,897.7079452,0.044444444,5,88.15999997,0,0,0,0.040000011,5.00000001,0,0,0,0,0,6.800000004,0,0,0,0,0,0,0,0,0
86_8,0.6,251.4,0,0,1,1,1,5,0,0,5,79,12.10786649,15.68998634,35.26512036,9.722535117,10,2,1484.519476,0.605555556,4,5.279999986,1.559999996,0,0,7.479999998,0,0,0,1.44,0,25.35999995,4.960000028,34.04,0,0,0,0,19.88000005,0,0,0
86_9,0.458333333,205.7083333,0,0,6,5,1,8,2,4,4,68,20.65944524,25.14353363,43.32382574,8.458578378,11,1.454545455,1532.972642,2.677777778,4,0,0,15.03999999,0,5.639999997,0,0,1.32,0,0,0,33.40000004,0,0,0,0,0,44.59999998,0,0,0
87_10,0.583333333,135.1527778,0,0,0,2,0,5,0,1,12,630,226.4945671,134.123891,159.9535995,32.38380933,19,1.842105263,3178.04875,5.155555556,4,2.480000011,0,0,0,0.68,0,0,0,0,0,11.59999995,56.52000004,21.68000003,0,0,0,0,7.039999977,0,0,0
87_11,0.483870968,156.6182796,0,0,6,0,6,5,1,0,7,374,237.9163269,216.7321619,89.55455814,27.46800296,29,1.517241379,2952.010701,5.611111111,4,1.279999991,0,0,0,2.92,0,0,8.160000043,23.64000001,0,0,27.79999998,24.75999997,0,0,0,7.76,0,3.680000005,0,0
87_12,0.588235294,158.7205882,0,0,5,4,0,7,1,2,3,780,179.2967802,276.7531992,191.1213591,20.63298845,55,1.418181818,5066.533348,5.077777778,4,0,0,0,0,0,0,0,41.51999997,12.75999998,0,0,3.159999986,37.40000006,0,0,0,0,3.800000003,1.360000001,0,0
87_13,0.603448276,188.137931,3,0,20,4,1,6,6,1,5,610,105.4952462,234.960729,272.6048965,14.30397189,46,1.456521739,4149.026981,3.194444444,4,0,0,0,0,0,0,0,0.799999984,0,0,0,60.32000008,38.87999994,0,0,0,0,0,0,0,0
87_14,0.340425532,241.4680851,0,0,6,2,0,5,1,0,9,460,88.11010454,142.1818634,320.4282084,9.091585335,53,1.339622642,4360.965811,2.777777778,4,0.44,0,0,0,1.040000006,0,0,0,0,0,0,87.15999999,6.320000005,0,0,0,4.880000003,0.159999997,0,0,0
87_15,0.166666667,364.5,0,0,9,1,0,7,2,1,5,676,77.40837652,239.6536297,379.8542502,9.935524972,70,1.485714286,5963.084544,2.155555556,4,0,0,0,0,3.799999994,0,0,12.27999998,0,0,0,37.56,41.16000003,0,0,0,5.199999998,0,0,0,0
87_16,0.104166667,404.4791667,0,2,6,2,0,3,0,0,1,203,19.3382707,69.14480645,183.0290466,8.438,12,1.583333333,1170.96804,1.638888889,4,1.159999998,0,0,0,7.280000013,0,0,0,0,0,0,26.87999995,6.239999951,0,0,0,0.08000001,58.36000008,0,0,0
87_17,0.079365079,376.8253968,2,0,11,2,0,9,2,0,3,373,107.0669561,139.4582215,203.3349599,14.9868155,32,1.5,3706.357921,1.022222222,4,1.239999999,0,0,0,8.19999999,0,0,0,0,0,0,79.6400001,0,0,0,0,6.43999999,4.47999992,0,0,0
87_18,0.052631579,438.4210526,0,0,0,1,0,3,1,0,3,210,26.84334483,76.73030756,154.6991894,10.85787412,13,1.307692308,1550.299582,1.016666667,4,32.56000002,0,0,0,2.16000001,0,0,0,7.320000039,0,0,57.95999994,0,0,0,0,0,0,0,0,0
87_19,0.083333333,489.625,0,0,4,1,0,6,0,3,2,326,30.42789699,77.79374559,141.0568004,9.755402793,27,1.481481481,2421.135819,0.544444444,4,12.92000001,0,0,0,1.27999999,0,0,0,23.35999998,0,0,62.00000001,0,0,0,0,0,0.44,0,0,0
87_20,0,479.5454545,0,0,1,0,0,2,0,0,2,84,6.102622379,23.88843531,15.5154978,15.02190551,11,1.272727273,631.8231995,0.477777778,4,78.52000004,0,0,0,0,1,0,0,0,0,0,20.47999996,0,0,0,0,0,0,0,0,0
87_21,0,570,0,0,2,0,0,4,0,0,0,85,1.094977468,4.438432607,11.20889804,16.097,10,1.2,1145.342332,0.255555556,4,51.64,0,0,0,1.84,11.36,0,0,0,0,0,35.16,0,0,0,0,0,0,0,0,0
87_22,0,527,1,0,0,0,1,0,0,0,0,15,1.094977468,5.501114434,12.06065756,16.097,7,2,883.1090658,0.127777778,4,80.11999997,0,0,0,6.840000004,1.56,0,0,4.280000002,0,0,7.200000024,0,0,0,0,0,0,0,0,0
87_23,0,551,0,0,0,0,0,0,0,0,0,21,1.094977468,4.807479657,9.589560641,16.097,11,1.545454545,1650.099614,0.061111111,4,84.84,0,0,0,6.39E-09,3.279999999,0,0,1.520000014,0,0,10.35999998,0,0,0,0,0,0,0,0,0
87_24,0,883,0,0,2,0,0,0,0,0,0,13,1.154559734,5.157294506,9.586449806,18.2578895,1,1,166.8531846,0.033333333,4,59.68000003,0,0,0,30.51999999,0,0,0,4.239999986,0,0,5.55999999,0,0,0,0,0,0,0,0,0
87_6,0,316.5,0,0,0,0,0,0,0,2,0,14,1.156384181,0.2427411,0.502678191,12.56128306,8,2,1235.34198,0.261111111,4,9.359999973,0,0,0,12.47999998,0,0,0.560000004,0,0,77.56000004,0.040000003,0,0,0,0,0,0,0,0,0
87_7,0.533333333,297.0666667,4,1,1,1,1,3,0,0,5,51,2.002956057,4.7995519,3.905206138,11.94711064,19,1.526315789,1687.785519,0.5,4,0.92,0,0,0,10.36,0,0,0.399999997,0,1.280000001,85.16,0.559999997,1.320000003,0,0,0,0,0,0,0,0
87_8,0.315789474,218,1,0,3,5,0,3,0,1,18,34,6.098673684,10.69852469,9.121905457,11.30363083,31,1.64516129,3371.700879,0.966666667,4,0,0,0,0,8.400000005,0,0,2.4,0,1.519999997,77.44000001,1.320000001,8.91999999,0,0,0,0,0,0,0,0
87_9,0.75,170.4,1,0,1,0,1,5,0,4,5,46,68.77771331,11.66700378,24.54068456,14.18218405,7,1.857142857,1559.765861,3.172222222,4,0,0,0,0,11.84,0,0,0,0,0,75.88000001,2.839999984,1.240000003,0,0,0,0,8.200000003,0,0,0
88_10,0.644067797,100.9067797,6,1,5,2,0,2,4,1,6,409,190.1633818,103.4509695,89.85925047,25.02487998,47,1.638297872,4218.403948,3.616666667,4,1.999999989,0,0,0,12.92,0,0,0,0,0.44,1.279999979,61.20000005,11.67999998,0,0,0,1.440000007,9.040000001,0,0,0
88_11,0.611650485,128.9708738,0,0,5,1,10,7,1,0,3,290,160.8480896,207.4277474,52.29295322,20.64151259,20,1.7,2931.531992,4.111111111,4,0,0,0,0,7.279999993,0,0,15.08000002,28.04000005,0,0,26.03999995,3.879999993,0,0,0,14.64,0,5.039999995,0,0
88_12,0.625,188.7361111,11,0,17,1,8,16,14,1,4,84,89.79330047,66.96302911,52.02298177,13.85898636,35,1.714285714,3660.128792,3.522222222,4,2.720000007,0,0,0,3.119999996,0,0,7.519999975,34.27999997,0,0,0,12.24000003,0,0,0,7.440000001,1.479999998,31.20000003,0,0
88_13,0.5625,204.375,4,0,8,2,0,5,3,3,7,515,68.40486622,152.5172101,186.8793738,12.03875859,68,1.455882353,5260.400194,2.938888889,4,0.959999993,0,0,0,0,0,0,0,0,0,0,42.36000001,30.72000002,0,0,0,6.920000005,17.92,1.119999973,0,0
88_14,0.291666667,271.6979167,0,0,2,1,1,7,0,1,9,638,276.4462668,295.7384726,281.5235947,28.43177429,55,1.4,5039.748841,2.538888889,4,0,0,0,0,0,0,0,4.359999962,0,0,0,26.72000006,58.71999997,0,0,0,3.519999998,6.680000012,0,0,0
88_15,0.116666667,344.1666667,4,0,15,5,2,5,9,2,3,716,74.73629697,232.4996468,264.0189343,7.471173196,86,1.325581395,5989.465537,2.416666667,4,0,0,0,0,0.8,0,0,10.60000002,0,0,0,58.07999999,29.79999998,0,0,0,0,0.720000016,0,0,0
88_16,0.096774194,349.1935484,1,2,2,0,0,3,1,0,3,67,51.35709232,87.32214554,129.1645879,8.223356648,25,1.64,2496.619398,1.916666667,4,10.19999999,0,0,0,7.200000046,0,0,0,0,0.56,0,15.75999994,0,0,0,0,9.16000001,57.12000001,0,0,0
88_17,0,368.862069,1,0,2,0,1,4,0,0,5,90,24.79053791,20.87743597,46.71627903,13.19366307,21,1.428571429,1900.992002,1.311111111,4,54.75999998,0,0,0,9.199999973,0,0,0,0,0,0,35.72000006,0,0,0,0,0.319999988,0,0,0,0
88_18,0,498.6666667,0,0,0,0,1,1,0,0,1,24,8.845735888,17.10528902,27.87039538,12.743,2,2,708.0452952,1.172222222,4,74.39999998,0,0,0,6.840000005,5.160000003,0,0,5.920000028,0,0,7.67999998,0,0,0,0,0,0,0,0,0
88_19,0.115384615,500.9615385,0,1,0,0,2,1,0,0,1,28,21.45892472,77.43372134,46.49466757,10.84864488,11,1.818181818,1790.105396,0.705555556,4,42.15999996,0,0,0,1.439999989,0,0,0,51.40000003,0,0,5.000000017,0,0,0,0,0,0,0,0,0
88_20,0,498.1875,0,1,1,1,5,6,0,0,3,248,23.04972816,125.8569317,98.75051903,11.38352054,21,1.571428571,2114.652394,0.661111111,4,25.80000001,0,0,0,0,8.280000017,0,0,17.19999995,0,0,48.72000002,0,0,0,0,0,0,0,0,0
88_21,0,508.8571429,0,0,4,0,0,4,0,0,1,193,1.094977468,25.35031603,62.5355654,16.097,9,1.777777778,1673.462724,0.377777778,4,34.03999999,0,0,0,1.720000009,4.239999988,0,0,0,0,0,60.00000001,0,0,0,0,0,0,0,0,0
88_22,0,494.5,0,0,1,1,0,0,0,3,0,70,1.094977468,9.169021817,26.63564352,16.097,2,1.5,943.6838424,0.238888889,4,53.72000005,0,0,0,8.719999987,0,0,0,0.479999998,0.080000007,0,36.99999996,0,0,0,0,0,0,0,0,0
88_23,0,524,0,0,0,0,0,0,0,0,0,8,1.094977468,5.096002409,9.943419335,16.097,0,1,460.5766272,0.138888889,4,92.31999998,0,0,0,0,6.360000001,0,0,0,0.359999993,0,0.960000025,0,0,0,0,0,0,0,0,0
88_24,0,456,0,0,0,0,1,0,0,1,2,33,1.43003193,5.193865264,9.891649286,17.47643222,11,1.636363636,1013.851929,0.094444444,4,67.43999999,0,0,0,12.32000001,4.24,0,0,0,0,0,15.99999999,0,0,0,0,0,0,0,0,0
88_4,0.4,301.8,0,0,0,0,0,0,0,0,0,10,1.818040307,6.488441275,10.0987021,12.08126363,2,3,719.6330093,0.094444444,4,63.23999996,0,0,0,10.32000001,0,0,0,0,0,0,10.84000003,0,0,10.48,0,5.119999995,0,0,0,0
88_5,0,295.5,0,1,0,0,0,2,0,0,0,89,2.321046592,8.387132742,15.91244559,11.71634176,6,1.666666667,1033.513843,0.266666667,4,52.27999999,0,0,0,0.239999993,5.239999992,0,0,0,0,0,41.92000001,0,0,0.320000017,0,0,0,0,0,0
88_6,0.25,316.5,0,1,1,0,0,0,0,0,3,18,2.47407568,7.508479177,7.282565513,11.60532196,1,5,720.2656564,0.477777778,4,46.87999995,0,0,0,30.84000005,0,0,0.079999999,0,1.160000008,6.280000019,5.399999991,0,0,9.359999984,0,0,0,0,0,0
88_7,0.227272727,398.7272727,1,0,4,3,0,2,3,1,3,37,8.745751328,14.60766825,16.04816843,10.96779951,8,1.75,1715.829242,0.7,4,9.32,0,0,0.440000004,25.51999999,0,0,0.52,0,4.079999992,60.12000002,1.82E-09,0,0,0,0,0,0,0,0,0
88_8,0.588235294,278.6176471,0,0,10,1,6,4,0,0,10,60,27.34354801,16.20215978,29.55375655,12.07131196,19,1.368421053,1745.17311,1.138888889,4,1.45E-09,0,0,0,17.99999999,0,0,0,0,0.88,76.35999998,4.760000028,0,0,0,0,0,0,0,0,0
88_9,0.722222222,111.8703704,6,0,21,3,5,11,22,0,11,67,55.0088902,16.80497422,34.949026,13.71285317,27,1.62962963,3492.685021,2.477777778,4,14.52000002,0,0,0,9.440000008,0,0,1.32,0,0,44.71999996,6.599999991,5.44000002,0,0,0,0,0,17.96,0,0
89_10,0.66,90.18,1,0,7,1,4,4,3,0,10,244,48.7610392,67.97388784,117.9007647,11.28718214,36,1.472222222,3990.12733,2.361111111,4,4.479999947,0,0,0,17.88,0,0,0,0,0,0,38.12000002,17.24000003,0,0,0,9.55999999,7.400000009,5.32,0,0
89_11,0.653061224,159.7755102,0,0,15,2,12,8,0,0,5,323,30.47491754,64.6538599,106.3228437,9.317899093,26,1.5,2951.783922,2.677777778,4,0,0,0,0,4.399999981,0,0,0,36.92000002,0,0,29.88000001,23.55999997,0,0,0,5.240000016,0,0,0,0
89_12,0.509433962,260.7358491,3,0,12,2,4,7,0,3,9,29,41.24685982,48.27759622,40.26226141,9.586983708,22,1.590909091,1801.849431,2.644444444,4,4.120000015,0,0,0,1.2,0,0,2.120000002,71.35999998,0,0,1.839999988,8.680000018,0,0,0,2.919999985,7.760000016,0,0,0
89_13,0.320754717,252.0566038,0,1,3,1,0,6,0,0,12,442,79.2472665,134.090693,161.1244246,11.97375231,59,1.474576271,4525.815734,2.872222222,4,3.519999985,0,0,0,27.92,0,0,0,1.359999985,0,0,47.20000002,17.76000002,0,0,0,0,2.239999986,0,0,0
89_14,0.304878049,294.0853659,0,0,8,2,1,4,2,1,5,712,156.4728038,279.4542139,296.4269236,17.58645961,79,1.35443038,5589.263697,2.633333333,4,4.479999999,0,0,0,0.279999995,0,0,32.60000002,0,0,0,26.08000005,33.87999994,0,0,0,0,2.679999997,0,0,0
89_15,0.228070175,321.0877193,1,0,12,1,0,5,0,0,8,743,99.76195155,296.3861177,234.813471,9.940898653,67,1.567164179,5780.370389,2.338888889,4,0,0,0,0,3.64,0,0,0,0,0,0,37.15999996,58.52000003,0,0,0,0,0.680000009,0,0,0
89_16,0.263157895,311.4473684,2,0,6,2,0,2,1,0,11,432,69.95942028,188.9724085,168.4335968,11.94984349,53,1.396226415,3993.374151,1.711111111,4,17.56000007,0,0,0,6.119999999,0,0,3.640000016,0,0,0,12.96,47.91999991,0,0,0,5.480000001,6.320000004,0,0,0
89_17,0.071428571,366.0714286,1,0,0,1,0,3,0,0,3,178,39.70695713,69.44131205,73.27812167,12.18490584,25,1.4,2066.505046,1.211111111,4,56.80000011,0,0,0,9.400000001,0.68,0,9.719999936,0,0,0,4.119999999,18.63999995,0,0,0,0,0.64,0,0,0
89_18,0,420.7058824,0,0,0,0,0,0,0,0,1,0,18.84005179,38.16131394,31.39753119,12.5547088,0,1,521.2249265,0.938888889,4,96.80000003,0,0,0,3.199999971,0,0,0,0,0,0,0,0,0,0,0,0,0,0,0,0
89_19,0.052631579,454.8421053,0,0,0,0,0,0,0,0,0,7,8.984072791,25.81795966,20.13966944,12.7222234,2,2.5,592.8649604,0.822222222,4,93.11999999,0,0,0,0.760000005,4.760000001,0,0,0,0.52,0,0.84,0,0,0,0,0,0,0,0,0
89_20,0.133333333,396.4,0,1,0,0,1,2,0,0,0,18,11.80766509,42.82741606,38.18691519,12.8033244,7,1.571428571,957.8345643,0.933333333,4,85.87999994,0,0,0,4,0.56,0,0,2.12,0,0,7.440000063,0,0,0,0,0,0,0,0,0
89_21,0.071428571,417.2857143,2,0,0,0,1,4,0,0,2,50,3.20399569,12.95350376,38.4933211,16.42486831,10,1.5,1331.03842,0.722222222,4,57.64000007,0,0,0,6.439999996,12.72,0,0,0,0,0,23.11999994,0,0,0,0,0,0.08,0,0,0
89_22,0,442.6,0,0,0,1,0,3,0,0,3,29,6.753807645,6.269362994,12.86823704,18.46759345,3,1.333333333,446.7624655,0.516666667,4,77.87999996,0,0,0,2.440000016,4.04,0,0,0,0,0,15.64000002,0,0,0,0,0,0,0,0,0
89_23,0,416.6666667,0,0,2,1,1,1,1,0,3,69,6.053227524,6.12409744,12.50613585,18.17410688,5,1.4,808.5995629,0.2,4,43.63999996,0,0,0,15.36000003,2.120000004,0,0,0,0,0,38.88000001,0,0,0,0,0,0,0,0,0
89_24,0,478.75,0,0,0,0,1,2,0,0,0,40,10.18416556,6.983955836,14.6150465,20.04896614,4,2.25,1056.625194,0.177777778,4,47.88000005,0,0,0,27.95999999,3.559999997,0,0,0,3.24,0,17.35999997,0,0,0,0,0,0,0,0,0
89_4,0,316,0,0,0,0,0,0,0,0,0,2,2.550431181,11.0776196,20.18193908,11.54992744,0,1,84.33458887,0.127777778,4,77.59999993,0,0,0,5.360000011,2.919999996,0,0,0,0,0,4.360000052,0,0,0,0,9.760000005,0,0,0,0
89_5,0.153846154,280.0769231,0,0,0,1,0,3,0,0,6,96,3.760561501,20.58952164,34.71005154,10.672,15,1.666666667,2535.639789,0.222222222,4,1.199999993,0,0,0,19.96,0,0,0,0,0,0,69.88000001,0,0,0,0,8.959999993,0,0,0,0
89_6,0.277777778,302.0555556,0,1,7,5,0,2,0,0,0,168,3.760561501,23.95828451,70.44671884,10.672,27,1.148148148,2629.528607,0.416666667,4,0.479999993,0,0,0,23.12000001,0,0,0,0,0,20.27999999,52.72,0,0,0,0,3.399999998,0,0,0,0
89_7,0.357142857,287,0,0,0,0,1,2,0,0,1,132,47.57645945,21.55330147,105.0306001,11.20919018,8,1.625,1273.819144,0.744444444,4,11.4,0,0,7.599999997,37.47999999,0,0,0,0,0,0,43.52000001,0,0,0,0,0,0,0,0,0
89_8,0.625,172.8125,0,0,1,1,0,5,0,0,6,384,71.31844736,34.30910731,152.4995461,12.33230484,25,1.4,3371.890857,1.233333333,4,1.520000004,0,0,0,7.559999973,0,0,0,0,0,0.679999996,59.72000003,30.52,0,0,0,0,0,0,0,0
89_9,0.777777778,133.3111111,0,0,9,0,0,7,1,0,6,198,93.22194405,45.39400449,86.39356546,15.67359869,39,1.512820513,3844.118859,1.838888889,4,40.56000005,0,0,0,9.360000012,0,0,0,0,0,0,47.67999993,2.000000005,0,0,0,0.40000001,0,0,0,0
8_18,0.5,403,0,0,0,0,0,0,0,0,1,1,8.100119556,11.34212487,25.79892808,4.086175381,1,1,91.06705962,0.122222222,5,87.24000002,0,0,0,0,0,0,0,0,0,0,0.68,0,0,0,0,7.279999998,4.799999978,0,0,0
8_19,0,275.5,0,0,1,0,0,1,0,0,1,95,8.176270941,10.79786933,23.25123657,4.047520306,15,1.2,1351.498083,0.411111111,5,38.67999992,0,0,0,1.12000001,0,0,0,0,0,0,53.20000007,0,0,0,0,6.999999995,0,0,0,0
8_20,0.3,214.9,0,0,1,0,0,1,0,0,0,116,8.226301997,26.2040509,54.85867476,4.022124127,13,1.384615385,1556.226269,0.788888889,6,1.720000004,0,0,0,4.279999996,0,0,0,0,0,0,41.99999993,5.08000005,0,0,0,0.599999994,46.32000003,0,0,0
8_21,0.6875,195.625,0,0,3,0,0,2,0,3,2,186,8.22654653,71.59087203,161.0769505,4.022,17,1.588235294,2142.572649,1.844444444,6,0,0,0,0,0.439999998,0,0,0.360000014,0,1.56,0,8.800000011,51.11999997,0,0,0,0,37.72,0,0,0
8_22,0.678571429,138.6547619,1,1,11,4,0,7,0,1,3,493,59.05755714,142.7042096,262.1458243,7.799702778,40,1.375,3966.204192,2.777777778,6,1.32,0,0,0,2.120000003,0,0,81.76000004,0,0,0.040000002,3.399999983,6.47999998,0,0,0,0,4.879999991,0,0,0
8_23,0.742647059,78.52205882,1,0,27,7,1,10,6,2,7,328,198.77694,173.043288,168.8593788,19.14283025,30,1.633333333,3275.254713,5.544444444,7,0,0,0,0,0,0,0,50.11999999,3,0,32.32,1.480000008,1.120000007,0,0,0,7.960000007,3.999999989,0,0,0
8_24,0.791821561,93.05947955,51,2,161,26,14,32,86,10,28,272,200.7452259,91.81965266,153.8175424,26.54141313,64,1.4375,5151.045791,5.627777778,7,0.56,0,0,0,6.440000022,0,0,16.39999997,1.680000016,0,2.040000002,1.67999999,5.159999997,0,0,0,18.99999999,0.760000001,3.68,42.60000001,0
8_25,0.50877193,173.5614035,7,0,20,3,6,7,12,8,7,433,141.9400785,154.05153,175.7054732,22.94301074,38,1.447368421,3848.075959,6.211111111,7,0,0,0,0,9.439999984,0,0,8.99999998,22.59999999,0,0,4.640000019,50.76000004,0,0,0,3.119999998,0,0,0.439999997,0
8_26,0.584269663,217.011236,0,0,5,6,0,5,2,1,10,466,250.9462735,201.8008842,217.5364104,29.66608359,43,1.255813953,3290.67466,4.022222222,8,0.560000012,0,0,0,2.279999993,0,0,0,0,0.480000002,0,60.96000002,31.99999997,0,0,0,0.679999998,3.040000001,0,0,0
8_27,0.258823529,260.1529412,1,1,12,5,0,3,0,1,3,543,147.686357,195.3599336,171.2521363,18.20663586,35,1.314285714,3046.791884,3.616666667,8,3.279999989,0,0,0,12.84,0,0,12.84000005,0,0.039999998,0,48.43999997,8.919999981,0,0,0,3.680000003,9.960000003,0,0,0
8_28,0.32,244.62,1,0,6,5,1,5,1,0,6,572,175.1213747,261.9610476,213.9261134,28.78512022,34,1.529411765,3785.275149,4.727777778,8,0.4,0,0,0,5.359999996,0,0,6.559999956,0,0,0,41.12,39.40000004,0,0,0,6.119999996,1.040000015,0,0,0
8_29,0.320652174,201.9728261,0,0,9,0,5,6,2,1,9,504,226.5538331,254.8346092,132.1747389,38.03480138,31,1.483870968,3373.596916,5.144444444,8,0,0,0,0,14.44000001,0,0,0,6.760000003,0.72,0,14.4,60.20000001,0,0,0,0,3.479999985,0,0,0
8_30,0.307692308,199.5470085,0,0,8,0,4,6,3,0,6,196,111.9812434,102.450931,129.4887409,24.43774828,10,1.9,1610.126627,5.466666667,9,0,0,0,0,45.00000003,0,0,3.96000002,20.64,2.2,0,20.03999999,8.15999996,0,0,0,0,0,0,0,0
8_31,0.305785124,244.9834711,1,0,5,4,3,5,4,0,0,450,82.25651141,121.1755282,160.2264602,21.9895317,25,1.52,2753.069887,4.561111111,9,0.120000005,0,0,0,27.75999996,0,0,18.32,2.559999998,0,0,45.40000003,5.840000002,0,0,0,0,0,0,0,0
8_32,0.39047619,216.6190476,1,1,5,2,0,5,3,0,2,468,81.99727432,175.3182801,205.771722,19.35571311,48,1.416666667,4087.396483,4.122222222,10,2.959999995,0,0,0,4.880000004,0,0,13.59999999,0,0,0.24,77.76000001,0.559999995,0,0,0,0,0,0,0,0
8_33,0.253012048,289.7710843,0,1,9,0,2,3,1,0,1,603,60.60449399,140.4310268,184.6514423,15.65187385,31,1.161290323,2791.116232,3.588888889,10,0,0,0,0,9.520000009,0,0,21.67999999,8.720000034,0,0,59.71999997,0.360000001,0,0,0,0,0,0,0,0
8_34,0.209302326,292.627907,1,0,13,0,12,9,7,0,6,122,26.24160639,77.29650922,76.09158893,10.78417532,19,1.736842105,2794.25519,2.75,11,0.6,0,0,0,12.31999999,1.08,0,11.52000001,51.84000002,0,0,15.55999999,0,0,0,0,7.08,0,0,0,0
8_35,0.037037037,331.5185185,1,2,11,0,19,10,3,0,0,79,12.95720827,32.92378764,25.56886246,8.760035666,23,1.695652174,2949.939181,1.911111111,11,0,0,0,0,7.920000003,0.96,0,15.68,74.95999999,0,0,0.480000007,0,0,0,0,0,0,0,0,0
8_36,0.023255814,277.5813953,0,0,6,0,3,8,0,0,4,212,33.84582889,72.20894228,34.86920123,13.99260999,50,1.5,3909.511284,1.294444444,11,19.16000001,0,0,0,8.520000014,0.640000012,0,7.839999992,31.59999997,2.960000013,0,29,0,0.28,0,0,0,0,0,0,0
8_37,0.285714286,309.1428571,0,0,0,0,1,8,0,0,3,20,27.5908244,37.04263702,65.48327948,12.08988942,8,1.75,1526.012842,1.4,12,29.44000001,0,0,0.560000001,46.48000002,2.519999988,0,0,2.079999982,1.039999987,0,9.960000013,0,3.439999999,4.48,0,0,0,0,0,0
8_38,0.083333333,248.3333333,0,0,2,0,3,6,0,0,2,61,14.67739198,41.93622309,90.40553543,12.96351596,4,2,989.6880567,1.222222222,12,50.80000003,0,0,0,34.87999996,0,0,0,0,0.4,0,13.92000001,0,0,0,0,0,0,0,0,0
8_39,0.035714286,294.2142857,0,0,3,1,0,8,2,0,5,448,23.58602696,135.144562,268.7990011,9.112174138,33,1.424242424,2808.037946,0.966666667,12,22.23999996,0,0,0,0.359999997,0,0,26.84,0,0,0,31.20000001,16.72000003,0,0,0,0,2.639999996,0,0,0
8_40,0.074074074,354.8518519,0,0,3,0,0,4,0,0,3,522,23.26147482,85.48877974,244.169441,8.842501944,20,1.5,2966.147307,0.611111111,12,14.00000004,0,0,0,1.840000014,1.840000002,0,31.84000001,0,0,0,26.19999996,23.87999998,0,0,0,0,0.399999998,0,0,0
8_41,0,320.8,0,0,0,0,0,1,0,0,3,17,5.572399175,7.568870778,22.09244718,16.65331111,1,4,383.0650964,0.361111111,13,43.87999998,0,0,0,27.44000002,0.039999998,0,1.039999985,1.32000002,1.400000001,0,6.000000012,1.879999988,0,0,0,0,17.00000001,0,0,0
8_46,0,347.6,0,0,1,0,0,2,0,0,2,170,37.368016,65.12958242,89.74407454,13.99561409,9,1.888888889,1514.511852,1.016666667,9,66.19999996,0,0,0,1.64,2.079999987,0,0.200000001,0,0,0,8.680000035,21.20000001,0,0,0,0,0,0,0,0
8_47,0.046511628,295.1627907,0,1,1,0,0,4,0,2,4,396,64.51888719,113.6041289,220.4933774,9.974662103,31,1.483870968,3013.122776,2.055555556,9,6.919999978,0,0,0,7.679999999,0,0,0,0,0,0,42.75999999,31.92000003,0,0,0,0,10.72,0,0,0
8_48,0.284313725,229.872549,1,1,4,5,0,6,1,0,6,539,74.92275674,195.672106,311.7879156,13.48547961,24,1.666666667,3410.392605,2.688888889,9,0.2,0,0,0,0,0,0,33.84000004,0,0,0,11.31999998,51.27999997,0,0,0,3.360000007,0,0,0,0
8_49,0.373333333,191.2133333,4,0,17,13,1,9,4,6,6,368,147.99808,151.6073091,366.4438332,20.65817282,34,1.411764706,3685.252412,3.722222222,9,0,0,0,0,0.6,0,0,16.56,0,0,0,0.439999998,74.24000001,0,0,0,6.999999993,1.16,0,0,0
8_50,0.643478261,157.1478261,4,0,14,2,3,8,11,0,7,593,297.1233272,349.222288,228.9820939,30.06219439,26,1.692307692,3306.681557,4.994444444,9,0,0,0,0,0.839999999,0,0,39.84000001,0,0,0,29.44000001,19.75999997,0,0,0,0,10.12,0,0,0
8_51,0.634730539,139.7844311,0,1,11,4,4,9,3,0,4,897,432.5858541,663.3465581,188.0669286,43.27604556,31,1.806451613,3992.444633,7.072222222,8,0,0,0,0,11.2,0,0,61.35999996,0,0,0,27.44000003,1.37E-09,0,0,0,0,0,0,0,0
8_52,0.773755656,168.0271493,0,2,9,3,5,4,2,1,6,499,376.4251463,300.2526765,228.462979,45.5128298,31,1.709677419,3530.65585,8.238888889,8,0,0,0,0,3.120000007,0,0,21.00000003,0,0,0,23.11999996,47.4,0,0,0,0,5.36,0,0,0
8_53,0.674074074,184.9962963,8,3,17,16,4,17,4,1,12,503,502.7200654,261.8968572,195.0047508,40.03891958,49,1.612244898,4714.304257,7.594444444,8,0,0,0,0,0.799999994,0,0,67.51999996,0,0,0,3.679999989,18.08000005,0,0,0,9.920000007,2.66E-09,0,0,0
8_54,0.532051282,231.6089744,0,2,9,3,0,5,3,0,2,499,329.9673716,214.187062,187.3476686,38.46349908,26,1.692307692,3678.033634,7.683333333,9,0,0,0,0,5.199999996,0,0,40.20000006,0,3.840000002,0,0.72,43.83999994,0,0,0,1.479999993,4.720000003,0,0,0
8_55,0.374269006,289.5438596,10,1,16,7,1,11,15,3,9,526,441.7454868,530.8358967,176.1003381,43.55856601,52,1.461538462,4570.035067,6.283333333,9,0,0,0,0,2.320000016,0,0,49.31999994,5.720000002,0,0,0,37.68000004,0,0,0,0,4.960000009,0,0,0
8_56,0.197674419,355.3139535,0,0,1,1,1,3,3,0,5,536,308.8493914,326.690881,142.6759706,43.35740472,27,1.592592593,3428.515567,4.95,9,14.28000006,0,0,0,3.959999984,0,0,6.679999996,10.92,0,0,0,63.75999997,0,0,0,0,0.399999991,0,0,0
8_57,0,361.1818182,1,0,0,0,0,3,0,4,4,4,79.28081012,53.37555041,19.86072259,38.85393479,1,1,64.06970033,2.738888889,7,69.99999995,0,0,0,8.880000029,0,0,0,0,7.280000004,0,0,2.119999996,0,0,0,0,11.72000002,0,0,0
8_58,0.25,386.3125,0,0,0,0,0,0,0,1,3,1,75.53634047,47.21212471,42.23429368,24.25573334,0,0,0,1.405555556,6,0.72,17.60000003,0,0,31.91999998,0,0,0,0,3.239999999,0.600000002,0.120000009,0,0,0,0,7.440000015,38.35999997,0,0,0
8_59,0,392.3913043,0,0,0,1,3,7,0,1,8,142,79.97411569,91.63783502,76.90800278,23.27200479,12,1.916666667,2584.898912,1.6,6,25.88,10.31999998,0,3.04,9.440000001,0,0,0,0.399999998,3.2,0,17.12,16.92000003,0,0,0,0.879999985,12.8,0,0,0
8_60,0.028571429,448.2571429,0,3,2,0,1,3,0,2,9,304,127.3748179,142.0451891,122.0874267,23.22642272,20,1.6,2580.042233,2.027777778,6,5.839999984,18.39999999,0,0,8.839999998,0,0,0,2.159999997,4.36,2.240000014,8.879999987,44.80000003,0,0,0,0,4.48,0,0,0
8_61,0.02,521.4,0,1,5,4,0,8,7,0,4,414,177.8200858,150.1468434,155.3226505,22.98670739,44,1.204545455,3204.969648,2.144444444,6,7.64,0,0,0,1.72,0,0,0,0,1.639999998,5.719999994,10.88,65.56,0,0,0,0,0,6.84,0,0
8_62,0.019607843,528.6470588,0,0,7,0,0,3,0,1,4,512,89.52465251,135.377957,193.6479028,13.00968267,51,1.215686275,3898.727455,1.344444444,6,6.800000028,0,0.960000002,0,4.480000001,0,0,25.88,0,0,0,29.43999999,27.75999994,0,0,0,0,4.680000036,0,0,0
8_63,0,670,0,0,0,0,0,3,0,0,0,7,8.90165012,12.27794233,18.13456195,12.20329664,17,1.882352941,3130.449743,0.783333333,6,38.11999998,0,0.239999997,0,6.560000007,0,0,0,47.44000005,1.32,0,0.799999994,0,0,0,0,0,5.519999964,0,0,0
90_10,0.411764706,256.4117647,0,1,5,1,1,2,1,0,5,126,12.57182458,34.85865265,104.9701232,7.673990889,6,1.833333333,1130.321663,1.755555556,4,5.119999979,0,0,0,17.55999996,0,0,0,0.64,0,0,37.44000007,0,0,0,0,0,39.23999998,0,0,0
90_11,0.35,276.35,0,0,7,1,1,4,0,0,6,316,20.08472659,98.95569409,216.6259079,8.328527703,15,1.933333333,2526.116662,2.3,4,0,0,0,0,1.08,0,0,0.200000002,0,0,0,78.27999994,0,0,0,0,0,20.44000006,0,0,0
90_12,0.448979592,271.3061224,1,1,0,0,1,8,4,0,7,59,144.626992,63.4273801,83.1117142,12.23554554,6,2.333333333,1509.976924,2.833333333,4,4.920000005,0,0,0,13.64,0.360000007,0,11.6,6.879999993,0,0,16.39999999,0.960000004,0,0,0,8.2,37.04000001,0,0,0
90_13,0.227272727,265.4242424,0,1,1,2,0,5,2,1,2,423,165.1190495,149.0040799,152.4297723,13.23633259,43,1.372093023,3047.345361,2.977777778,4,0,0,0,0,12.67999999,1.999999993,0,5.32000005,2.400000001,0,0,22.11999999,27.44000002,0,0,0,0,28.03999995,0,0,0
90_14,0.371428571,251.1714286,2,0,19,2,0,2,6,1,8,627,100.5146039,282.0416941,232.3529123,11.09392628,62,1.532258065,4800.616908,3.083333333,4,0,0,0,0,5.24000002,0,0,52.79999995,0,0,0,23.68000001,5.719999994,0,0,0,0,12.56000003,0,0,0
90_15,0.23255814,275.0697674,0,0,3,0,0,3,0,0,4,331,87.56706914,173.3367367,156.625047,11.80246008,35,1.514285714,2469.59199,2.655555556,4,0,0,0,0,16.71999998,0,0,3.079999981,0,0,0,56.12000005,10.64,0,0,0,2.280000005,11.15999998,0,0,0
90_16,0.333333333,280.6111111,6,0,22,5,1,5,7,0,8,920,153.2358651,357.2630678,316.4293644,11.08171012,83,1.638554217,7143.517553,2.188888889,4,3.320000009,0,0,0,0,0,0,57.35999999,0,0,0,7.279999968,28.52000004,0,0,0,3.519999995,0,0,0,0
90_17,0.052631579,344.8157895,0,0,7,0,0,8,2,4,1,786,99.42933708,278.4608387,285.1046328,11.81800104,83,1.409638554,5757.074172,1.577777778,4,3.92000004,0,0,0,4.320000054,0,0,34.75999992,0,0,0,0,54.48000001,0,0,0,0,2.519999973,0,0,0
90_18,0.043478261,374.9130435,1,1,1,2,0,3,0,0,4,233,46.10916391,125.6985293,95.53595056,12.09781115,31,1.35483871,2371.80117,1.35,4,30.08000009,0,0,0,6.000000024,0,0,3.599999959,0,0,0,6.040000015,48.15999999,0,0,0,0,6.119999926,0,0,0
90_19,0.071428571,369.5,1,0,3,1,0,1,0,0,1,151,10.02305177,55.36496564,38.62246207,12.72490996,19,1.631578947,1998.886671,1.627777778,4,74.04000015,0,0,0,3.359999987,0,0,0,0,0,0,14.55999996,8.039999901,0,0,0,0,0,0,0,0
90_20,0.032258065,348.1612903,0,0,0,3,0,2,0,0,4,17,8.845735888,18.94342286,29.06835577,12.743,2,2.5,825.4944507,1.533333333,4,42.19999998,0,0,0,13.88000001,0,0,0,0,1.08,0,7.839999976,0,0,0,0,0,35.00000004,0,0,0
90_21,0.024390244,362.2926829,1,0,0,0,0,2,0,1,4,18,24.21955679,25.12611119,33.90693313,15.18419094,3,2.666666667,1007.083767,1.094444444,4,25.64,0,0,0,12.48,0,0,0,0,0,0,9.800000018,0,0,0,0,0,52.07999998,0,0,0
90_22,0.076923077,390.3076923,1,1,0,0,0,4,0,0,2,119,10.52734038,8.521309637,14.77608539,19.83442343,40,1.5,3252.395219,0.683333333,4,58.35999998,0,0,0,6.439999999,0.28,0,0,0,0,0,32.80000004,0,0,0,0,0,2.119999977,0,0,0
90_23,0,489.4,0,0,0,0,1,3,0,0,2,41,10.58367742,7.063487946,14.84773997,20.072,13,1.461538462,1031.962862,0.416666667,4,82.47999998,0,0,0,7.720000031,2.56,0,0,0,0.639999994,0,6.599999991,0,0,0,0,0,0,0,0,0
90_24,0,541,0,0,0,0,0,1,0,0,0,4,10.58367742,8.11878723,14.32376133,20.072,0,1,625.6947533,0.4,4,77.15999998,0,0,0,19.32000005,2.08,0,0,0,0,0,1.439999976,0,0,0,0,0,0,0,0,0
90_25,0,544.2727273,0,0,0,1,0,0,0,0,0,22,10.50182289,12.88185107,11.90009605,20.08453278,1,2,192.6327069,0.233333333,4,66.84000012,0,0,0,17.9999999,0,0,0,0,0.44,0,12.67999999,0,0,0,0,0,2.039999986,0,0,0
90_26,0,558.6666667,0,0,0,0,0,1,0,2,0,56,10.09757105,13.77178501,11.19752961,21.50549129,8,1.5,1188.568458,0.127777778,4,47.27999998,0,0,0,0,0.479999994,0,0,10.96,0,0,14.79999999,0,0,0,0,0,26.48000003,0,0,0
90_5,0.333333333,290.6666667,0,0,0,0,0,0,0,0,0,8,1.816834839,7.489581167,9.348982332,12.08213818,0,1,105.1636831,0.194444444,4,52.91999994,0,0,0,32.08000009,0,0,0,0,0,0,8.959999965,0,0,0,0,6.040000006,0,0,0,0
90_6,0,213,0,0,0,0,0,0,0,0,1,2,3.412848805,12.22593505,25.35052376,10.92425921,2,3,406.1063156,0.433333333,4,5.000000015,0,0,0,55.71999993,0,0,0,0,0,28.56000006,2.159999998,0,0,0,0,8.559999996,0,0,0,0
90_7,0.454545455,213,0,0,1,0,0,1,0,0,1,61,9.664933207,14.51949659,59.0606074,9.593305172,8,1.375,1319.130684,0.744444444,4,5.12000001,0,0,0,24.08000002,0,0,0,0,0,21.79999995,43.20000002,0,0,0,0,5.8,0,0,0,0
90_8,0.695652174,212.7391304,0,0,3,0,1,4,0,0,6,156,24.46416247,58.69855082,121.5714341,6.889570913,9,1.888888889,2034.80517,1.133333333,4,19.44000001,0,0,0,16.83999997,0,0,0,0,0,0,61.80000002,0,0,0,0,1.919999997,0,0,0,0
90_9,0.421052632,153.7894737,0,0,2,1,0,5,1,0,10,216,29.56615317,86.83558903,116.4903867,7.307249033,24,1.75,2928.933398,1.427777778,4,19.03999999,0,0,0,20.32000004,0,0,0,0,0,0,33.19999995,17.72,0,0,0,7.000000001,2.720000016,0,0,0
91_10,0.192307692,247.5,0,1,2,0,0,3,0,0,1,169,27.9551518,47.71229737,79.4178783,8.022853286,9,2.111111111,1503.104101,1.644444444,4,1.19999998,0,0,0,20.55999999,0,0,0,0,0,0,22.16,12.00000002,0,0,0,0.239999998,43.84000001,0,0,0
91_11,0.275362319,254.115942,14,4,23,8,3,6,10,2,10,500,208.8717531,167.6219275,302.0930984,13.27222806,24,1.541666667,3300.337396,2.466666667,4,0.4,0,0,0,1.599999991,0,0,57.9600001,0,0,0,19.75999996,8.559999989,0,0,0,0,11.71999996,0,0,0
91_12,0.356435644,245.2079208,7,12,33,6,6,6,7,1,4,795,280.0365194,193.0160301,191.7661214,15.03170865,25,1.72,3436.005707,3.988888889,4,3.599999996,0,0,0,0,0,0,54.19999998,0,0,0,14.23999999,6.759999997,0,0,0,7.360000001,13.84000003,0,0,0
91_13,0.363636364,209.9393939,1,6,21,7,1,8,3,0,10,999,424.8989239,308.4535072,208.7784733,19.65427301,29,1.965517241,4701.497177,4.766666667,4,0,0,0,0,0,0,0,79.72000005,0.079999999,0,0,8.119999996,0,0,0,0,0,12.07999995,0,0,0
91_14,0.46875,198.734375,1,5,10,2,1,6,4,0,7,369,122.8643146,149.408958,165.4128321,13.66941689,50,1.46,3725.431041,4.877777778,4,3.479999998,0,0,0,11.91999999,0,0,18.67999995,0,0,0,18.60000005,21.23999999,0,0,0,0,23.99999999,2.08000002,0,0
91_15,0.648351648,192.6813187,2,0,9,3,1,7,4,1,7,863,109.1363912,279.0655541,293.6759755,14.36087202,84,1.607142857,6946.863862,3.738888889,4,0.8,0,0,0,0,0,0,72.96000002,0,0,0,4.359999994,12.80000001,0,0,0,5.920000001,0,3.159999974,0,0
91_16,0.24,241.5866667,3,1,24,2,2,7,3,2,5,1083,163.0107812,478.6445396,298.5794824,15.210641,105,1.685714286,8298.589571,3.277777778,4,0.48,0,0,0,0,0,0,83.08000001,0,0,0,0.360000015,16.07999997,0,0,0,0,0,0,0,0
91_17,0.210526316,266.5,2,1,7,1,1,8,3,1,7,377,144.8035947,199.5727889,166.536905,21.97688473,34,1.911764706,3609.181383,2.994444444,4,0.439999997,0,0,0,0,1,0,21.96,3.319999999,0,0,26.59999991,6.920000004,0,0,0,0,39.76000008,0,0,0
91_18,0.279069767,275.4651163,1,0,15,4,1,7,7,3,11,623,100.52833,225.0918349,244.1981223,14.86283764,85,1.352941176,5191.680761,2.761111111,4,2.280000018,0,0,0,0,0,0,2.240000042,0,0,0,24.23999988,50.08000004,0,0,0,0,21.16000001,0,0,0
91_19,0.25,289.9,1,0,7,1,1,4,4,0,6,791,108.6767962,190.8047039,200.123077,19.65344088,81,1.481481481,5856.290951,2.633333333,4,5.520000007,0,0,0,0.24000001,0,0,0,0,0,0,28.60000005,56.67999987,0,0,0,0,8.960000059,0,0,0
91_20,0.070588235,306.7058824,3,1,8,2,0,2,2,2,8,216,92.93221136,84.60634078,100.7266641,21.2404217,24,1.666666667,2408.392345,2.266666667,4,7.639999995,0,0,0,3.280000008,0,0,2.399999989,0,0,0,36.12000007,11.99999993,0,0,0,0,38.56000001,0,0,0
91_21,0.035714286,350.8571429,3,1,4,2,1,6,1,1,8,171,124.9847836,108.7123439,121.8314055,25.77205143,11,1.818181818,1771.026478,1.944444444,4,33.2000001,0,0,0,3.000000003,0.48,0,3.799999971,0,0,0,51.47999995,5.159999991,0,0,0,0,2.879999983,0,0,0
91_22,0,399,0,0,0,0,0,0,0,0,2,45,15.2310298,17.95430217,29.86569119,19.91969723,2,2,623.6990332,1.172222222,4,85.12000004,0,0,0,0,1.200000002,0,0,0,0.44,0,9.879999988,3.359999968,0,0,0,0,0,0,0,0
91_23,0,418.8,1,0,2,0,1,3,0,0,2,69,10.58367742,9.117763593,13.82774822,20.072,7,1.571428571,996.1232391,0.527777778,4,56.23999993,0,0,0,7.600000016,8.000000006,0,0,0,0.280000006,0,21.16000004,6.72,0,0,0,0,0,0,0,0
91_24,0,500.8947368,0,0,0,0,1,6,0,0,2,59,10.5873152,9.523487192,13.70172601,20.07142664,6,2,1442.579292,0.35,4,36.96000003,0,0,0,10.07999998,0.839999991,0,0,22.15999998,0,0,21.11999996,1.680000017,0,0,0,2.319999997,4.840000036,0,0,0
91_25,0,511,3,0,9,3,0,5,4,0,10,246,44.00624634,222.2044461,62.3176045,22.74488551,29,1.655172414,3686.116399,0.261111111,4,2.440000022,0,0,0,3.160000002,0,0,0,1.999999963,0,0,53.16000007,26.79999997,0,0,0,0.119999996,12.31999998,0,0,0
91_26,0,558.3333333,0,0,0,1,0,2,0,0,4,101,85.88436551,123.6505266,36.59570202,27.41466091,13,1.692307692,1703.018744,0.133333333,4,53.96000008,0,0,0,0,0.8,0,0,0,0,0,45.23999992,0,0,0,0,0,0,0,0,0
91_7,0.210526316,333.0526316,0,1,4,2,0,3,1,0,3,380,47.94748328,172.5534166,131.6543145,9.911407814,32,1.40625,2779.760219,0.711111111,4,2.879999951,0,0,0,0,1.36,0,0,0,0,26.91999997,13.72000003,29.20000006,0,0,0,8.999999998,16.91999999,0,0,0
91_8,0.428571429,223.5,2,1,5,3,2,3,3,0,8,429,43.91206587,172.3675977,159.7155102,10.00349811,25,1.56,3382.577421,1.055555556,4,0.84,0,0,0,15.96000002,0,0,0,0,0,0,42.8,34.55999996,0,0,0,5.840000015,0,0,0,0
91_9,0.5,164.4736842,0,2,4,2,0,2,1,0,5,232,27.19463501,75.99716468,107.3905554,7.720186049,20,1.75,2866.99768,1.238888889,4,3.040000019,0,0,0,24.24,0.4,0,0,0,0,0,51.27999999,8.759999986,0,0,0,11.31999998,0.960000017,0,0,0
92_10,0.166666667,223.0333333,0,1,1,0,0,0,0,0,8,19,54.82534278,42.76782607,74.39230847,9.737457636,7,1.857142857,1189.625966,2.088888889,4,0.960000006,0,0,0,33.48000003,0,0,0,0,0,0,6.120000013,1.400000007,0,0,0,7.280000001,50.75999995,0,0,0
92_11,0.408450704,247.7042254,0,8,8,7,1,5,0,1,4,577,150.9076753,168.3020726,294.8399774,13.11721962,24,1.625,3378.185396,3.844444444,4,0.839999994,0,0,0,9.079999939,0,0,52.40000009,0,0,0,12.55999998,25.07999999,0,0,0,0.039999998,0,0,0,0
92_12,0.530769231,187.5538462,10,7,33,8,6,16,10,0,11,964,403.0028886,260.3778922,226.7906672,17.96183284,31,1.709677419,4614.457513,6.944444444,4,0,0,0,0,2.2,0,0,68.15999997,0,0,0,18.52000001,0,0,0,0,11.12000002,0,0,0,0
92_13,0.598130841,169.1588785,7,5,24,2,4,15,9,1,4,814,588.6808427,267.4209057,346.0593381,21.51785887,33,1.666666667,3785.127791,8.827777778,4,0.240000001,0,0,0,0,0,0,57.51999998,0,0,0,5.800000022,17.64000001,0,0,0,8.359999993,10.44,0,0,0
92_14,0.653266332,177.1809045,11,6,34,6,7,12,18,2,12,396,427.8221733,122.2930809,130.8032388,25.46077516,30,1.533333333,3403.588508,8.872222222,4,6.799999996,0,0,0,3.479999998,0,0,35.99999994,5.60000001,0,0,1.399999981,16.44000001,0,0,0,11.48000003,0,18.80000003,0,0
92_15,0.557251908,164.7557252,6,1,12,4,0,12,6,1,7,423,189.6727682,257.9787015,179.968612,21.60014724,50,1.58,4280.796578,7.011111111,4,4.72,0,0,0,0,0,0,47.36000001,13.71999999,0,0,0,20.84000006,0,0,0,4.959999971,2.960000015,5.439999959,0,0
92_16,0.533333333,182.6555556,9,0,27,7,1,5,11,4,7,814,217.4426155,406.4491879,290.300995,25.31892224,79,1.53164557,6356.292649,5.238888889,4,2.559999999,0,0,0,0,0,0,21.44000004,0,0,0,0,73.47999999,0,0,0,0,2.519999974,0,0,0
92_17,0.430894309,199.8292683,0,3,5,1,0,3,3,0,7,545,195.9238995,284.8086395,219.0650668,25.69628718,35,1.685714286,3717.674422,4.033333333,4,23.39999998,0,0,0,0,0,0,0.519999987,0,0,0,32.1200001,39.11999994,0,0,0,0,4.839999992,0,0,0
92_18,0.387387387,246.7477477,0,0,8,4,0,5,3,1,4,669,219.783073,318.0984748,269.1147431,31.24634538,69,1.637681159,6204.837815,3.916666667,4,2.839999979,0,0,0,0,0,0,0,0,0,0,13.96000005,81.6,0,0,0,0,1.599999973,0,0,0
92_19,0.277777778,296.4111111,3,0,15,1,0,6,2,1,9,854,221.2329587,342.5732743,221.9139228,22.59666102,77,1.558441558,6358.249193,3.533333333,4,0,0,0,0,0,0,0,0,0,0,0,14.71999996,70.95999999,0,0,0,0,14.32000004,0,0,0
92_20,0.155844156,326.2987013,0,0,4,6,0,4,0,0,8,744,125.1784002,267.8968049,276.084851,19.92968926,62,1.435483871,4858.330435,2.966666667,4,0,0,0,0,0,0,0,14.00000009,0,0,0,3.920000004,80.87999996,0,0,0,0,1.199999942,0,0,0
92_21,0.074626866,325.1940299,0,0,3,0,1,5,1,0,6,673,102.8022722,216.9407559,318.7137608,18.76527286,47,1.489361702,4513.099489,2,4,0.560000004,0,0,0,0,0,0,18.67999992,0,0,0,16.68000001,64.08000007,0,0,0,0,0,0,0,0
92_22,0.1,356.7,0,0,5,1,2,3,0,0,1,447,38.43742502,176.8171125,180.6583694,19.20668332,43,1.395348837,3153.512176,1.388888889,4,30.88000008,0,0,0,0,0,0,0,0,0,0,37.84000001,21.63999991,0,0,0,0,9.639999998,0,0,0
92_23,0,516.4166667,0,0,1,0,0,3,0,0,0,99,29.17091582,52.56747636,43.36110779,19.96158184,14,1.5,1578.074157,0.861111111,4,30.48000001,0,0,0,30.08000002,0,0,0,13.12000006,0,9.71999995,11.59999997,4.239999967,0,0,0,0.760000032,0,0,0,0
92_24,0,599.3333333,0,0,4,0,1,10,0,0,2,8,13.19980146,19.46507326,15.73339693,19.65966865,10,1.4,1144.290335,0.527777778,4,5.439999998,0,0,0,1.040000006,0,0,0,84.32000003,0,0,0,0,0,0,0,9.19999997,0,0,0,0
92_25,0,495,0,0,8,1,0,4,0,0,11,231,33.4251611,225.9391443,101.6876094,19.55488577,45,1.466666667,4049.985713,0.233333333,4,8.239999986,0,0,0,4.999999997,0,0,0,13.95999991,0,0,54.68000012,18.11999999,0,0,0,0,0,0,0,0
92_6,0,321.5,0,0,0,0,0,0,0,1,0,0,1.111287337,2.689596438,1.453835912,12.594,0,1,43.64179386,0.35,4,96.23999999,0,0,0,0,0,0,0,0,0.6,0,0,0,0,0,0,0,3.160000009,0,0,0
92_7,0.214285714,283.5,0,0,0,2,1,5,0,0,3,156,44.98323415,80.24643016,62.02311006,10.50939666,28,1.571428571,1931.447516,0.827777778,4,33.31999991,0,0,0,0,5.72,0,0,0,0.48,0,0.520000011,36.32000009,0,0,0,0.040000002,23.59999999,0,0,0
92_8,0.470588235,263.8529412,1,0,7,2,1,9,1,1,10,582,67.60286153,218.9798834,252.3116785,7.807133,55,1.509090909,5273.26067,1.183333333,4,0,0,0,0,0,0,0,0,0,0,0,44.28000005,39.27999995,0,0,0,15.52,0.92,0,0,0
92_9,0.40625,205.46875,1,2,3,1,1,2,0,0,3,301,43.77955184,141.9854914,170.7309244,6.895289782,29,1.275862069,2420.857596,1.322222222,4,2.520000002,0,0,0,22.24000003,0,0,0,0,0,0,9.03999995,34.03999995,0,0,0,3.479999994,28.68000007,0,0,0
93_10,0.347826087,256.0869565,0,5,0,1,0,1,0,3,0,49,26.40022642,24.15625917,35.79518679,9.916380808,0,1,257.0412524,2.094444444,4,0,0,0,0,23.24000006,0,0,0,0,0,0,12.59999996,0,0,0,0,5.480000005,58.67999998,0,0,0
93_11,0.4,241.6736842,0,0,2,2,0,7,1,5,9,178,47.255325,69.38357535,160.4376915,10.45764115,23,1.52173913,3100.715788,4.116666667,4,1.8,0,0,0,17.47999995,0,0,3.280000008,0,0,0.600000021,8.080000004,51.32000004,0,0,0,9.199999989,8.239999988,0,0,0
93_12,0.564220183,206.0321101,0,1,5,11,2,9,11,4,13,150,339.8353985,118.022929,119.4657022,21.51022134,17,1.823529412,1723.324268,8.6,4,2.040000005,0,0,0,0,0,0,16.84000008,0,0,19.75999998,14.75999999,3.319999964,0,0,0,14.04,11.95999998,17.28,0,0
93_13,0.684073107,137.7232376,21,0,25,1,2,19,1,11,28,317,495.5993496,343.0251889,161.6651531,32.55589396,57,1.596491228,6274.657013,12.46666667,4,6.639999999,0,0,0,3.04,0,0,48.35999994,0,0,4.800000013,2.360000012,18.64000002,0,0,0,8.080000009,1.68,6.400000006,0,0
93_14,0.734177215,97.41265823,18,13,30,10,2,18,8,7,13,488,599.800393,139.1385072,201.314419,35.87916398,54,1.62962963,5403.960319,12.95555556,4,0.079999998,0,0,0,0,0,0,51.24,5.600000001,0,0.719999995,1.679999985,26.08000003,0,0,0,14.59999999,0,7.71E-11,0,0
93_15,0.663636364,143.6681818,0,2,3,2,0,5,0,1,4,403,478.3371979,300.0369191,159.0234834,44.68861721,25,1.76,2676.85173,10.72777778,4,0,0,0,0,1.72,0,0,2.47999997,0,1.16,15.4,12.96000004,47.83999998,0,0,0,9.160000007,9.280000001,0,0,0
93_16,0.671875,130.1953125,7,0,12,4,3,11,5,5,7,751,331.0091586,416.421359,196.0388128,35.355432,35,1.657142857,4408.22084,7.222222222,4,0.68,0,0,0,0.84,0,0,7.96000001,0,0,0,28.19999995,52.12000004,0,0,0,1.159999996,9.040000004,0,0,0
93_17,0.525547445,173.4744526,2,2,23,6,0,8,11,2,8,796,381.882556,451.4170047,281.368886,32.26684367,68,1.573529412,5408.938252,5.494444444,4,0,0,0,0,0,0,0,61.47999998,0,0,0,0.320000001,38.08000002,0,0,0,0,0.120000007,0,0,0
93_18,0.384615385,223.0673077,4,0,13,3,1,1,8,1,6,939,325.5674979,437.4560629,270.0647725,35.46731487,70,1.414285714,5312.477901,4.822222222,4,0.76000002,0,0,0,0,0,0,43.87999986,0,0,0,0,52.24000008,0,0,0,0,3.120000038,0,0,0
93_19,0.254545455,269.7818182,4,0,17,11,2,12,9,2,13,858,343.5047974,441.4436761,211.7633678,36.27831928,79,1.443037975,5931.75596,3.933333333,4,3.319999978,0,0,0,0,0,0,39.03999985,0,0,0,5.240000021,52.40000014,0,0,0,0,7.79E-09,0,0,0
93_20,0.413043478,321.326087,0,0,0,0,1,4,0,2,3,319,129.8689844,312.6204495,143.5071825,26.34930906,44,1.5,3782.338493,3.988888889,4,0,0,0,0,0,0,0,37.59999987,21.99999995,0,0,5.320000006,8.480000135,0,0,0,0,26.60000004,0,0,0
93_21,0.395833333,263.0208333,10,0,21,1,3,5,6,0,5,836,161.1746565,271.7799061,260.5061535,24.03785269,79,1.35443038,5311.404716,3.188888889,4,0,0,0,0,0,0,0,33.91999998,0,0,0,2.920000041,58.76000005,0,0,0,0,4.399999938,0,0,0
93_22,0.45,289.8,5,0,14,6,0,4,8,0,11,614,130.3393382,288.7892065,250.3503471,19.40380817,43,1.534883721,4380.802129,2.488888889,4,0,0,0,0,0.76,0,0,0,0,0,0,4.880000037,94.35999996,0,0,0,0,1.56E-09,0,0,0
93_23,0.147058824,354.3529412,0,1,3,1,0,2,0,1,1,528,159.5577386,312.4663247,160.6520257,19.65770035,45,1.355555556,3557.091292,1.183333333,4,2.88,0,0,0,2.640000021,0,0,23.55999998,3.59E-09,0,36.56000007,0,31.8399999,0,0,0,2.120000028,0.4,0,0,0
93_24,0,438.2,0,0,3,0,3,9,1,0,2,9,16.56624202,22.28159797,26.30461142,17.43314924,8,1.625,1339.313107,0.55,4,16.75999999,0,0,0,16.63999998,0,0,0,59.68000007,0,0.799999982,0,0,0,0,0,6.119999971,0,0,0,0
93_5,0,356,0,0,0,0,0,1,0,0,0,14,1.907981902,6.508100851,4.828817626,12.40948054,1,4,709.1539647,0.277777778,4,88.24,0,0,0,0,0,0,0,0,0,0,11.76,0,0,0,0,0,0,0,0,0
93_6,0.166666667,331.6666667,2,0,9,2,1,6,2,3,3,192,23.53882433,104.7077425,86.56376162,9.186352923,15,1.466666667,1690.057348,0.633333333,4,46.11999991,0,0,0,0,0,0,0,0,0,0,33.96000002,7.040000044,0,0,0,0,12.88000003,0,0,0
93_7,0.304347826,284.5652174,2,0,3,0,0,7,2,1,6,801,72.41289366,244.8584803,252.5003332,6.026233756,73,1.493150685,6316.845587,0.977777778,4,3.319999994,0,0,0,0,0,0,0,0,0,0,32.68000007,54.87999995,0,0,0,4.800000016,4.319999967,0,0,0
93_8,0.304347826,302.2173913,0,0,4,2,1,6,1,0,8,422,33.97900123,101.652821,331.9807564,6.559526079,37,1.621621622,4441.765674,1.122222222,4,0,0,0,0,0,0,0,6.4,0,0,0,64.99999996,26.60000005,0,0,0,1.999999985,0,0,0,0
93_9,0.227272727,260.1818182,0,1,0,0,0,2,1,0,4,225,28.22005885,76.42683649,165.8878571,7.655084167,9,2.333333333,2099.760794,1.222222222,4,7.239999998,0,0,0,6.72,0,0,0,0,0,0,57.16000001,11.91999995,0,0,0,5.640000008,11.32000004,0,0,0
94_10,0.393939394,294.9393939,5,0,8,0,0,3,1,0,14,495,101.3636921,214.4196685,235.8571403,9.885108483,39,1.358974359,3555.907119,2.822222222,4,0.280000002,0,0,0,2.719999996,0,0,4.280000003,0,0,0,38.99999998,48.28,0,0,0,5.32000001,0.120000004,0,0,0
94_11,0.675675676,244.027027,2,0,6,0,1,3,0,0,6,335,92.33097292,179.1482406,232.956813,8.457378646,19,1.842105263,2982.35312,4.644444444,4,0.639999998,0,0,0,0.199999997,0,0,0,0,0,0,20.83999996,59.28000002,0,0,0,5.56,13.48000002,0,0,0
94_12,0.666666667,180.9074074,6,6,23,8,6,13,6,0,22,213,155.3679197,75.44529407,123.7825988,16.21642603,40,1.85,4909.328779,8.75,4,4.720000002,0,0,0,0,0,0,17.84000005,2.920000001,0,5.879999999,3.039999991,23.07999995,0,0,0,24.84000001,4.639999986,1.439999998,11.60000002,0
94_13,0.680190931,170.5823389,48,12,224,22,17,39,80,17,18,123,4.587566344,60.03847771,31.27932557,21.7384795,31,1.935483871,3863.916822,13.43888889,4,0.119999994,0,0,0,0,0,0,12.15999994,0,0,18.24,4.599999998,0,0,0,0,7.279999985,4.31999999,4.600000026,48.68000006,0
94_14,0.75739645,105.5147929,81,26,77,6,6,29,94,11,27,127,98.28434651,26.28159532,53.38171174,27.20999309,36,1.972222222,4679.901759,15.86111111,4,1.200000005,0,0,0,0,0,0,24.04,1.080000014,0,4.080000003,0,3.920000029,0,0,0,8.560000009,5.28,1.959999971,49.87999997,0
94_15,0.760617761,86.35907336,3,7,16,7,0,18,5,2,16,231,580.1753121,235.9459028,166.6389505,40.64550945,47,1.574468085,4478.719986,15.08888889,4,3.24,0,0,0,0,0,0,45.16000005,12.40000001,1.840000002,0,0,33.07999997,0,0,0,3.43999999,0,0,0.839999983,0
94_16,0.707207207,124.2837838,1,0,36,4,3,8,5,0,9,748,133.4905668,406.3186363,225.9568491,30.41583282,30,1.6,3599.938162,10.07222222,4,1.96E-09,0,0,0,3.240000012,0,0,56.64000001,4.039999993,1.36,0,10.16000001,6.719999984,0,0,0,8.04,9.799999983,0,0,0
94_17,0.56779661,185.440678,0,2,4,3,4,8,5,5,0,546,171.9027221,378.9091064,102.5036655,30.95891725,44,1.409090909,4196.757151,6.811111111,4,0,0,0,0,2.359999988,0,0,36.64,9.400000033,0,0,13.35999999,11.19999999,0,0,0,8,19.04,0,0,0
94_18,0.23655914,273.4946237,0,0,2,1,2,4,0,1,0,663,162.5004078,400.2499663,154.3401789,26.71853764,58,1.517241379,4733.754999,5.166666667,4,0,0,0,0,1.32,0,0,55.04000002,10.75999998,0,0,26.99999999,0,0,0,0,1.839999995,4.04000001,0,0,0
94_19,0.313953488,299.4069767,2,0,5,2,1,2,2,0,6,882,176.335604,369.8488194,169.5761932,28.57373187,83,1.397590361,5628.354195,4.244444444,4,0,0,0,0,1.48,0,0,79.68000004,3.75999999,0,0,3.19999999,7.279999998,0,0,0,0,4.599999982,0,0,0
94_20,0.594059406,280.2871287,0,1,4,0,1,2,0,2,1,65,136.66438,188.8203442,66.73547712,34.61123833,23,1.347826087,2134.881973,4.005555556,4,0,0,0,0,2.11999998,0,0,11.03999993,64.43999992,0,0,0,0,0,0,0,0,22.40000017,0,0,0
94_21,0.669064748,226.9136691,1,1,8,7,1,4,4,1,6,629,259.6517383,365.0762515,265.3875158,36.0974479,48,1.479166667,4501.911482,3.4,4,6.160000001,0,0,0,0,0,0,14.88000001,0,0,0,0,70.8800001,0,0,0,0,8.079999897,0,0,0
94_22,0.540540541,248.7972973,13,0,25,5,2,10,13,3,9,591,186.7777538,350.8492191,227.4754268,23.41281834,37,1.405405405,3370.389959,3.1,4,0,0,0,0,0.4,0,0,0,0,0,0,9.279999953,76.04000009,0,0,0,0,8.87999996,5.399999995,0,0
94_23,0.272727273,293.2954545,10,0,14,3,0,5,5,0,11,487,185.0039227,293.28522,159.0784455,21.89443575,30,1.666666667,3676.373899,1.627777778,4,9.360000038,0,0,0,8.520000018,0,0,0.920000016,0,0,0.60000002,9.719999993,60.83999993,0,0,0,8.039999999,1.999999986,0,0,0
94_24,0,324.5,0,0,0,2,0,1,0,1,0,24,8.624493312,16.8405456,34.48631819,14.00915676,8,2,1527.529224,0.583333333,4,34.44000007,0,0,0,15.60000001,3.040000001,0,0,2.480000022,5.360000001,21.47999993,6.040000003,1.759999978,0,0,0,0,9.799999991,0,0,0
94_5,0,424,0,0,2,0,0,1,0,0,3,75,11.38127853,40.41295902,56.54686321,10.21540559,19,1.631578947,3374.786142,0.377777778,4,22.67999997,0,0,0,9.839999982,0,0,0,0,0.359999995,0,32.92000004,0.76000002,0,0,0,9.84,23.59999999,0,0,0
94_6,0.05,353.925,0,0,7,1,2,4,1,0,5,374,35.13590163,132.9713169,248.9678956,4.713685791,35,1.6,4685.90263,0.683333333,4,1.759999998,0,0,0,1.079999997,0,0,4.800000024,0,0,0,30.67999998,59.88000001,0,0,0,0.879999993,0.919999997,0,0,0
94_7,0.15625,330.375,1,0,4,0,1,3,1,0,5,362,43.11890074,172.0274032,272.7539133,5.180858521,33,1.636363636,4194.796191,1.266666667,4,4.039999998,0,0,0,7.840000001,0,0,1.879999976,0,0,0,68.60000003,9.799999992,0,0,0,7.839999999,0,0,0,0
94_8,0.24,317.8,1,0,9,3,0,5,4,0,12,529,35.97051328,239.8377138,283.0730155,3.71683152,18,1.888888889,3531.451104,1.644444444,4,0.839999998,0,0,0,0,0,0,0,0,0,0,76.16000003,22.99999997,0,0,0,0,0,0,0,0
94_9,0.05,322.55,0,0,5,3,0,4,1,0,7,435,33.83922098,197.7166716,269.8112442,4.996787293,16,2,3135.337772,2.166666667,4,0,0,0,0,0,0,0,0,0,0,0,97.79999996,2.200000039,0,0,0,0,0,0,0,0
95_10,0.19047619,300.8253968,8,0,34,16,1,12,23,5,10,460,228.1889195,259.7797417,273.1676652,19.99216467,44,1.636363636,4944.712956,3.033333333,4,1.68,0,0,0,0,0,0,4.479999997,0,1.56,0,18.8,63.4,0,0,0,0,10.08,0,0,0
95_11,0.258064516,252.2419355,2,0,9,1,0,4,0,0,9,939,223.800122,380.4365043,277.4497888,11.47972614,98,1.37755102,6969.626174,4.15,4,0,0,0,0,0,0,0,0,0,0,0,9.400000005,84.95999997,0,0,0,5.64000002,0,0,0,0
95_12,0.581196581,210.4700855,1,4,43,6,9,16,3,1,11,301,156.2131902,110.334412,40.27283668,16.12898312,47,1.340425532,3628.779761,6.927777778,4,0.480000004,0,11.00000002,0,1.12,0,0,19.96000001,14.96000003,0,0,0.039999998,41.83999994,0,0,0,7.799999982,2.800000009,0,0,0
95_13,0.652173913,197.4347826,18,14,37,8,2,25,4,5,16,133,30.44010745,21.15328348,14.53080184,21.19333807,43,1.720930233,5431.716459,12.65,4,1.759999996,0,0.959999977,0,0,0,0,16.20000001,6.319999974,0,14.36000004,0,0,0,0,0,19.68,3.759999992,0,36.96000002,0
95_14,0.73255814,147.227907,35,20,18,4,1,15,7,2,42,80,302.1467069,20.35572122,19.29811933,47.35690898,43,1.790697674,5459.21549,16.47222222,4,1.96,0,0,0,0,0,0,36.48000002,3.920000007,0.480000014,25.43999996,0.080000007,1.73E-09,0,0,0,13.68,5.560000016,0.159999999,12.23999997,0
95_15,0.752767528,131.9704797,4,1,16,17,6,19,6,4,11,265,409.9746547,190.3149323,69.90767593,60.96974163,32,1.9375,3904.010723,15.1,4,1.959999997,0,0,0,0,0,0,34.44,2.560000012,2.159999986,0,4.199999993,43.64000001,0,0,0,3.559999993,7.480000002,0,0,0
95_16,0.716911765,156.9007353,4,1,44,6,13,10,12,1,6,677,239.5875382,630.0376025,165.3140595,43.56428029,29,1.586206897,3189.085099,11.78888889,4,0.119999996,0,0,0,0.080000001,0,0,47.11999999,21.55999998,2.040000001,0,0,27.40000005,0,0,0,0,1.679999983,0,0,0
95_17,0.671532847,194.5620438,4,1,27,3,7,11,13,0,4,339,233.1596043,294.629679,69.14789733,42.40111706,31,1.612903226,3487.390826,8.033333333,4,0.84,0,0,0,0.64,0,0,40.16,26.00000001,2.959999997,0,3.760000017,25.63999998,0,0,0,0,0,0,0,0
95_18,0.54887218,237.9172932,6,0,44,2,16,10,17,0,6,399,248.9453288,339.7551066,57.14465536,39.76772187,33,1.272727273,2989.69716,6.394444444,4,0,0,0,0,0.4,0,0,45.27999998,32.8,0,0,2.559999999,7.999999997,0,0,0,6.400000003,4.560000022,0,0,0
95_19,0.59047619,258.1333333,11,0,33,2,24,10,16,2,6,507,228.6063392,358.1454592,115.6394676,32.49189641,33,1.575757576,3865.800889,5.588888889,4,0.4,0,0,0,0,0,0,42.20000004,40.19999997,0,0,3.040000012,0,0,0,0,7.759999998,6.39999998,0,0,0
95_20,0.652777778,221.5972222,3,0,25,0,9,6,11,2,4,176,146.7327175,224.0738949,94.51802359,33.76538398,40,1.8,4401.556015,5.2,4,6.080000043,0,0,0,2.880000046,0,0,21.83999985,42.32000001,0,0,2.599999982,16.04000009,0,0,0,7.239999957,1.000000021,0,0,0
95_21,0.704347826,167.973913,0,0,16,1,7,8,5,0,8,583,192.1081299,372.2030463,181.5224337,30.57156351,48,1.4375,4461.918288,4.455555556,4,1.159999958,0,0,0,0.599999963,0,0,21.32000008,0,0,0,0,76.87999999,0,0,0,0,0.040000003,0,0,0
95_22,0.568965517,240.4396552,0,0,4,4,0,2,1,1,6,866,269.4897012,509.5845978,196.3806763,32.59868343,37,1.540540541,4159.254091,3.727777778,4,0,0,0,0,1.16,0,0,0.63999998,0,0,0,31.72000007,66.47999994,0,0,0,0,0,5.89E-09,0,0
95_23,0.409090909,282.8181818,0,0,4,2,0,6,0,3,0,384,131.0643626,263.5747073,92.53570085,22.96431101,24,1.458333333,2882.969348,2.277777778,4,16.15999998,0,0,0,2.8,0.759999979,0,0,0,0,0,39.52000004,19.99999999,0,0,0,7.96,12.80000002,0,0,0
95_6,0.095238095,425.7142857,2,0,3,0,2,2,2,0,6,103,3.998744878,36.79232499,52.94751321,11.92524671,16,1.6875,2629.009597,0.744444444,4,6.239999959,2.76,0,0,34.91999996,5.88,0,0,0,1.56,0,32.00000004,1.319999997,0,0,0,11.76000002,3.560000023,0,0,0
95_7,0.078947368,356.1052632,2,0,4,1,0,5,1,0,17,295,89.17900315,121.6401347,143.2666764,15.10084454,52,1.538461538,4975.014084,1.183333333,4,3.319999996,0,0,0,7.48000001,0,0,0,0,0,0,66.32000003,0.040000006,0,0,0,14.03999998,8.799999974,0,0,0
95_8,0.134615385,356.5576923,0,0,10,4,0,3,1,0,11,431,111.782021,207.7047887,240.0704358,16.32441557,23,1.47826087,3109.496706,2.072222222,4,0,0,0,0,4.759999994,0,0,0,0,0,0,53.75999991,41.4800001,0,0,0,0,0,0,0,0
95_9,0.093023256,359.7209302,0,0,6,0,0,3,0,0,12,744,205.5712947,373.9099689,305.3024162,19.15323865,46,1.5,4838.499633,2.8,4,0,0,0,0,0,0,0,22.08000001,0,0,0,14.43999998,63.48000001,0,0,0,0,0,0,0,0
96_10,0.147368421,323.9894737,1,0,5,5,0,6,0,0,9,729,140.2291637,297.0245286,242.5189764,16.74451994,47,1.468085106,4706.673634,3.461111111,4,1.000000004,0,0,0,5.240000026,0,0,18.19999997,0,0,0,3.12000002,60.07999997,0,0,0,2.000000009,10.36,0,0,0
96_11,0.318181818,260.6590909,0,0,5,0,0,5,2,0,7,232,187.31821,121.3147603,81.23105449,15.64824463,48,1.8125,5818.925991,4.177777778,4,39.28000002,0,0,0,5.239999985,0,0,0,0,0,0,8.359999999,18.11999994,0,0,0,15.84000001,9.240000039,3.920000003,0,0
96_12,0.302083333,216.21875,0,3,12,1,0,7,1,1,7,311,321.7636617,133.7411394,57.20024336,18.67629725,39,1.820512821,4409.760087,5.827777778,4,19.47999998,0,0,0,12.59999999,0,0,8.880000048,3.040000011,0,0,1.999999991,29.84000001,0,0,0,6.400000001,16.47999997,1.280000007,0,0
96_13,0.601092896,191.1912568,23,4,36,4,6,12,19,2,13,594,149.3244207,177.2549968,68.81090865,23.38513531,34,1.764705882,4113.139893,10.60555556,4,0,0,0,0,0.64,0,0,61.8,7.400000001,0,17.52,0,6.119999986,0,0,0,6.320000024,0,0.199999993,0,0
96_14,0.548209366,191.3746556,11,0,18,8,8,14,7,1,5,514,512.6365725,221.1449122,81.62439635,29.71320243,62,1.403225806,5530.768751,15.37222222,4,0,0,0,0,0,0,0,67.32000001,17.23999999,0,0,0,10.64000003,0,0,0,3.959999967,0.84,0,0,0
96_15,0.575257732,174.3731959,16,0,16,6,2,9,15,2,9,862,610.4833477,827.048098,246.9090717,50.17590625,52,1.519230769,4776.577319,14.56111111,4,0,0,0,0,0.48,0,0,85.60000002,0.400000007,0,0,0,12.95999997,0,0,0,0.559999998,0,0,0,0
96_16,0.505555556,196.0444444,10,1,24,1,4,8,21,0,8,638,281.2019508,611.1328821,125.5065623,45.58491367,28,1.5,3173.320807,13.13333333,4,0,0,0,0,1.800000006,0,0,56.95999995,14.76000001,1.960000002,0,5.52000004,17.47999999,0,0,0,0,1.52,0,0,0
96_17,0.636871508,225.7541899,0,1,15,8,10,5,8,0,5,317,137.1261216,334.9770659,88.20145217,44.4907465,27,1.666666667,2874.274355,8.944444444,4,0,0,0,0,4.399999993,0,0,25.20000004,8.840000047,0,0,39.35999995,9.399999961,0,0,0,0,12.80000001,0,0,0
96_18,0.722891566,243.8554217,25,1,74,10,17,20,46,4,5,729,401.0044284,595.8224734,173.3003241,44.70349561,34,1.382352941,4001.457345,7.455555556,4,0,0,0,0,0,0,0,76.44000001,11.71999994,0,0,0,11.00000004,0,0,0,0,0.840000009,0,0,0
96_19,0.711956522,191.4021739,5,3,25,9,1,17,31,5,6,816,277.1915755,675.0558126,210.7203047,43.09068289,38,1.631578947,3934.519951,6.2,4,0,0,0,0,0,0,0,75.23999999,5.84000001,0,0,0,13.88,0,0,0,0,5.040000007,0,0,0
96_20,0.772727273,153.2727273,0,2,12,1,17,8,3,0,3,432,250.2597676,339.6451096,134.810053,41.89541211,59,1.440677966,4619.852047,5.355555556,4,3.000000037,0,0,0,4.520000007,0,0,33.47999988,24.60000002,0,0,0,20.32000001,0,0,0,12.24000006,1.839999984,0,0,0
96_21,0.720338983,129.7457627,1,1,4,1,3,5,2,2,4,599,190.0520513,304.8096639,94.36560893,37.52196486,39,1.538461538,3712.2768,4.733333333,4,1.359999972,0,0,0,3.000000003,0,0,29.99999995,0.079999992,0,0,20.48000001,23.24000009,0,0,0,19.23999995,2.600000026,0,0,0
96_22,0.489361702,284.0212766,3,0,5,0,0,5,4,1,4,302,207.5976357,245.4727134,83.67413139,34.45454949,32,1.65625,3257.93107,4.594444444,4,30.27999998,0.159999999,0,0,0,0,0,5.35999998,0,0,13.60000006,0.68,28.19999999,0,0,0,20.36,1.159999988,0.199999999,0,0
96_23,0.461538462,309.9538462,1,0,16,1,7,22,3,3,8,57,73.4615618,67.32132199,34.04689285,26.1676448,29,1.586206897,2854.785164,2.9,4,15.28000004,0,0,0,1.520000008,0.680000019,0,2.119999998,51.80000002,0,13.35999993,4.760000026,0.2,0,0,0,10.27999996,0,0,0,0
96_24,0.333333333,382.4,0,0,2,1,3,3,3,0,4,26,9.647169974,31.06119629,40.68083736,14.21220681,7,1.714285714,1508.182537,1.422222222,4,61.28000007,0,0,0,6.959999988,0,0,0,11.51999996,0,0,1.999999985,0,0,0,0,8.079999997,0,10.16,0,0
96_6,0,382,0,2,1,0,0,1,1,0,4,107,1.111287337,18.21163336,28.49139096,12.594,12,1.916666667,1421.329318,0.477777778,4,10.56,0.280000012,0,0,53.20000006,0,0,0,0,0.72,0,34.11999993,0,0,0,0,0.280000011,0.84,0,0,0
96_7,0,381,0,0,0,0,0,0,0,0,5,19,72.94679937,46.14554953,47.18414055,20.85801566,21,1.904761905,4364.996073,0.872222222,4,20.60000004,1.239999988,0,0,30.03999993,0,0,0,1.440000009,0.84,0,14.04,1.840000028,0,0,0,29.96,0,0,0,0
96_8,0.047619048,371.8571429,0,0,1,1,0,3,0,0,4,318,99.22568648,127.7231064,215.5832596,16.71976268,22,1.545454545,3123.535379,2.238888889,4,37.47999997,0,0,0,5.039999996,0,0,0,0.239999995,0,0,5.320000026,46.08000002,0,0,0,5.83999999,0,0,0,0
96_9,0.068181818,366.5530303,0,1,4,0,0,5,1,1,10,584,165.0404412,285.0996503,288.8366785,22.10220604,43,1.418604651,4126.546148,2.816666667,4,0.879999987,0,0,0,8.400000005,0,0,31.88000003,0,0,0,14.71999997,39.31999999,0,0,0,0,4.800000017,0,0,0
97_10,0.189655172,328.7758621,0,1,2,1,0,8,0,2,7,96,59.9519731,82.16327929,71.36778729,23.02446689,20,1.85,3198.030096,3.422222222,4,4.040000002,0,0,0,30.08000004,0,0,1.32,9.44,0,0,8.800000015,7.919999965,0,0,0,17.87999999,20.51999999,0,0,0
97_11,0.166666667,289.8333333,1,0,2,1,0,8,0,0,4,136,173.5716693,99.53701411,31.56122568,24.65372481,12,1.75,1422.471387,3.716666667,4,9.960000001,0,0,0,38.19999997,0,0,4.960000026,9.760000003,0,0,11.51999998,4.560000034,0,0,0,8.319999999,10.83999999,1.879999997,0,0
97_12,0.355072464,270.6449275,5,0,16,3,7,4,8,0,10,642,252.8590952,365.893878,118.6559819,24.0879938,25,1.64,3413.636347,5.277777778,4,4.159999988,0,0,0,7.199999993,0,0,51.68000007,7.760000004,0,0,0,28.15999996,0,0,0,0,1.039999988,0,0,0
97_13,0.470588235,242.2815126,7,0,23,8,6,9,8,2,2,786,262.8680046,295.0250768,138.4070658,24.48325869,34,1.676470588,3959.194054,8.705555556,4,3.400000026,0,0,0,3.359999998,0,0,76.23999994,0.799999996,0,0,2.560000014,0,0,0,0,6.760000022,6.880000002,0,0,0
97_14,0.478125,222.990625,12,6,24,3,7,13,13,1,12,641,551.5172782,356.6126026,123.0745584,29.42109392,38,1.815789474,4918.877733,12.14444444,4,8.319999974,0,0,0,0.999999998,0,0,55.68000003,6.639999997,0,0,4.559999992,6.640000008,0,0,0,14.07999999,3.080000018,0,0,0
97_15,0.359116022,221.1325967,0,1,13,1,2,10,9,3,8,1160,854.666221,929.1366288,162.2024803,36.47115436,36,1.75,5095.255977,11.38333333,4,0.320000001,0,0,0,0.52,0,0,70.75999999,7.91E-10,0,0,0,17.40000003,0,0,0,6.359999998,4.639999983,0,0,0
97_16,0.460526316,230.3815789,1,1,16,1,10,5,10,0,6,394,303.203213,391.2763764,79.48014537,43.82739198,23,1.782608696,3131.995044,10.51111111,4,0,0,0,0,1.2,0,0,31.55999998,38.00000001,2.079999998,0,3.520000027,17.63999999,0,0,0,6.000000003,0,0,0,0
97_17,0.591489362,254.3106383,2,0,15,1,9,9,10,0,2,430,185.4312752,440.4544106,99.79897381,46.82792977,22,1.727272727,3038.840464,7.811111111,4,3.680000002,0,0,0,0.4,0,0,14.51999993,46.40000002,0,0,2.039999986,27.04000006,0,0,0,2.400000017,3.519999991,0,0,0
97_18,0.738095238,236.4087302,15,0,31,7,13,8,21,1,5,698,468.6501293,558.1400353,163.5551825,48.8075618,40,1.625,4062.736068,7.583333333,4,0.720000008,0,0,0,0,0,0,50.07999996,3.439999996,0.200000003,0,0,32.71999999,0,0,0,0,0,12.84000004,0,0
97_19,0.760683761,217.2735043,4,1,14,0,1,7,14,1,2,265,263.3857551,305.8391863,87.53932802,45.59875871,18,1.722222222,2830.794191,6.872222222,4,0,0,0,0,1.319999998,0,0,12.71999998,34.79999998,1.919999999,0,0,25.88000007,0,0,0,7.520000011,0,15.83999996,0,0
97_20,0.71,137.91,3,1,15,3,4,11,8,1,7,393,226.1088754,404.5010317,101.6970621,45.02717287,41,1.585365854,3764.468665,5.288888889,4,0.120000005,0,0,0,0.480000001,0,0,15.36000008,27.08000003,1.12,0,19.12000007,34.11999983,0,0,0,2.599999988,0,0,0,0
97_21,0.777777778,159.0522876,10,0,20,2,7,7,20,2,11,668,196.9803228,452.8815406,93.57107912,41.85283018,39,1.41025641,3536.854924,4.416666667,4,2.080000016,0,0,0,0,0,0,37.92,3.839999921,1.639999998,0,47.11999997,1.120000019,0,0,0,0,0,6.280000074,0,0
97_22,0.675438596,211.0263158,9,0,16,5,4,16,24,0,9,210,194.3304532,198.9241871,71.15800417,37.23888704,22,1.5,2586.720578,4.755555556,4,5.039999993,9.080000017,0,0,4.720000019,0,0,2.640000012,30.24000002,1.44,9.73E-18,19.31999998,6.639999987,0,0,0,0.560000012,1.439999999,18.87999996,0,0
97_23,0.524193548,267.8548387,1,0,3,2,6,9,1,0,6,424,174.5514527,143.5559722,92.0667641,34.69405538,28,1.428571429,2429.943037,3.322222222,4,4.160000002,3.879999982,0,0,17.15999998,0,0,4.599999987,9.039999979,0.559999998,5.98E-10,48.52000005,3.320000029,0,0,0,8.759999997,0,0,0,0
97_24,0.378378378,287.3243243,1,0,9,1,5,6,2,0,8,458,97.43302065,170.7080749,119.2118626,28.706697,28,1.321428571,2517.796978,1.922222222,4,9.840000018,0,0,0,7.560000004,1,0,0,14.32000001,0,0,28.11999998,33.16,0,0,0,5.999999991,0,0,0,0
97_25,0.375,318.75,1,1,0,1,1,3,0,1,4,41,63.75183008,50.57240884,43.55760816,23.34879793,11,1.909090909,2556.073684,0.472222222,4,54.76000004,0,0,0,6.359999999,6.92,0,0,3.879999988,1,0,12.35999997,3.479999962,0,0,0,11.24000004,0,0,0,0
97_6,0,438,0,1,0,0,0,5,0,1,0,14,1.111287337,7.231233643,17.67473166,12.594,4,2.25,1204.694268,0.244444444,4,75.24000008,0,0,0,12.79999996,0,0,0,4.92,1.280000006,0,4.759999953,0,0,0,0,0,0.999999998,0,0,0
97_7,0.285714286,453.2857143,0,0,0,0,2,3,0,0,2,15,50.12771784,24.46909951,22.38813544,20.43282282,14,1.928571429,2191.414093,0.55,4,28.43999993,0,0,0,28.59999999,0,0,0,21.08000008,0.679999994,0,13.36000001,0,0,0,0,7.84,0,0,0,0
97_8,0,410.5,0,0,1,0,4,5,2,0,1,28,64.12100229,29.78234952,38.21196281,24.2309767,16,1.5,2289.207429,2.016666667,4,23.40000002,0,0,0,9.480000005,0,0,0,45.59999992,0.040000004,0,20.48000005,0,0,0,0,1.000000004,0,0,0,0
97_9,0.054545455,327.4363636,1,1,4,1,1,2,1,1,7,26,67.95725329,44.18958054,48.26550429,25.17030684,24,1.625,3526.397692,2.772222222,4,26.71999999,0,0,0,27.79999999,0,0,0,0,1.399999997,0,9.319999948,14.56000004,0,0,0,10.88000001,9.320000021,0,0,0
98_10,0.370967742,259.516129,0,0,8,3,3,11,5,0,3,80,36.94016285,35.65495454,80.46754392,16.90861727,41,1.487804878,3086.472555,3.466666667,4,14.59999997,0,0,0,7.840000002,0,0,17.84,16.44000006,0,0,3.919999952,2.319999989,0,0,0,8.92,10.56000003,17.56,0,0
98_11,0.25974026,261.5064935,2,0,10,0,0,10,5,2,4,198,50.81420283,192.562236,58.92460433,23.72243501,29,1.655172414,2722.421166,3.855555556,4,2.28,0,0,0,6.159999999,0,0,12.24000005,17.91999995,0,0,25.48,6.440000033,0,0,0,8.68,20.79999997,0,0,0
98_12,0.444444444,285.6363636,3,1,4,1,0,10,2,0,11,774,36.6031229,536.5530884,105.5121164,23.84262215,71,1.647887324,6098.046146,5.261111111,4,0.960000004,0,0,0,0,0,0,60.40000001,0,0,0,0,38.43999998,0,0,0,0,0.200000007,0,0,0
98_13,0.54248366,237.6928105,1,2,16,9,0,6,6,4,4,493,201.5004895,187.0223076,149.252009,23.00256211,22,1.954545455,3830.986455,6.988888889,4,9.239999997,0,0,0,0.400000001,0,0,26.99999997,0,0,0,26.40000005,13,0,0,0,5.36,18.59999999,0,0,0
98_14,0.427906977,258.1953488,24,0,56,13,9,11,38,4,5,1136,513.547614,561.5313342,197.9795867,26.51735767,29,1.75862069,4480.769463,8.327777778,4,0.720000011,0,0,0,5.4,0,0,85.04000004,0,0,0,3.519999952,0,0,0,0,5.32,0,0,0,0
98_15,0.294117647,267.9090909,12,0,40,1,4,9,30,2,4,892,608.2224571,551.1795827,260.5123641,35.34415078,45,1.511111111,4680.63688,7.927777778,4,0.479999989,0,0,0,0,0,0,73.99999997,6.160000033,0,0,0,17.67999999,0,0,0,0,1.680000015,0,0,0
98_16,0.346938776,285.1360544,1,1,7,2,5,5,3,1,4,633,361.8065487,315.7982867,207.6005421,32.90974807,45,1.333333333,4167.82938,7.05,4,0,0,0,0,0,0,0,11.27999997,10.03999996,0,0,17.20000008,52.76000001,0,0,0,0.159999998,8.559999986,0,0,0
98_17,0.487179487,265.965812,1,1,4,3,0,3,0,2,4,375,278.6219389,297.2873912,152.2949098,32.8293531,34,1.470588235,3172.67313,6.216666667,4,1.240000002,0,0,0,0,0,0,6.840000022,1.279999985,0.440000003,0,37.03999996,16.56000002,0,0,0,5.759999984,30.76,0.080000017,0,0
98_18,0.676923077,234.5384615,3,0,3,0,1,7,4,3,5,326,188.6455621,182.6564949,135.4422747,35.94450798,43,1.441860465,3715.299977,6.344444444,4,3.719999989,0,0,0,1.04,0,0,0.279999995,0.039999997,1.479999997,0,28.71999997,26.52000005,0,0,0,8.000000012,11.8,18.39999998,0,0
98_19,0.779220779,217.1818182,2,0,8,2,0,8,7,0,10,714,244.75249,487.5720454,229.1384421,37.43441211,55,1.454545455,4967.601305,5.961111111,4,0,0,0,0,0,0,0,0.119999995,0,0,0,27.44000009,70.27999994,0,0,0,2.159999976,0,0,0,0
98_20,0.775,192.475,1,0,11,1,0,5,3,3,5,754,179.2371581,404.9634264,219.3046957,29.27681839,65,1.292307692,4875.288667,5.716666667,4,0,0,0,0,0,0,0,13.12,1.160000057,0,0,22.60000006,63.11999987,0,0,0,0,1.28E-08,0,0,0
98_21,0.810344828,221.9482759,0,0,13,3,3,8,1,1,0,365,133.2947023,256.8778524,143.7117373,27.01992031,35,1.257142857,3207.056934,5.644444444,4,1.080000005,0,0,0,3.479999999,0,0,1.760000005,9.999999972,0,0,45.75999994,18.00000005,0,0,0,0,19.92000003,0,0,0
98_22,0.692307692,201.9090909,0,1,6,4,1,2,1,1,10,322,179.4858554,178.5818361,110.2271989,32.20940506,27,1.333333333,2187.353615,4.833333333,4,0,0,0,0,8.52,0,0,1.160000003,0,0,0,42.11999998,2.920000006,0,0,0,0,45.28000002,0,0,0
98_23,0.702970297,238.7920792,7,1,21,8,3,9,9,1,9,613,168.0880008,208.8051512,156.4447228,26.58377237,47,1.404255319,4064.039071,3.766666667,4,4.64,0,0,0,7.60E-10,0,0,3.079999996,0,0.640000004,0,10.03999997,71.12000006,0,0,0,0,10.47999997,0,0,0
98_24,0.655172414,279.6896552,2,0,5,4,9,5,2,1,5,108,107.6751404,125.9658428,79.62390812,28.64088922,9,2.222222222,1629.041997,2.255555556,4,19.28000004,0,0,0,15.24,0,0,0,24.08000002,0.919999996,0,3.68E-18,31.71999992,0,0,0,6.520000021,2.240000001,0,0,0
98_25,0.5,392.25,0,0,14,3,9,6,1,0,6,52,64.88354663,73.41779545,53.31843573,18.75038925,30,1.566666667,3265.05401,0.594444444,4,26.63999998,0,0,0,5.999999999,0,0,1.560000022,42.00000002,0,0,1.760000001,2.919999983,0,0,0,14.31999998,0,0,4.800000012,0
98_6,0,489.3333333,0,0,1,1,0,4,1,0,0,15,5.948507572,6.831786331,12.05569202,13.33157183,22,1.636363636,2355.855228,0.3,4,57.2,0,0,0,5.12,0,0,0,3.560000024,0.48,0,11.04000003,0,0,0,0,21.55999994,1.040000003,0,0,0
98_7,0.083333333,467.4166667,0,0,1,0,0,0,0,0,1,4,48.77668396,37.21786182,27.35911047,19.33968002,13,1.769230769,2856.998746,1.033333333,4,50.36,0,0,0,14.24,0,0,0,4.679999985,0.8,0,13.40000001,0,0,0,0,13.47999999,3.040000017,0,0,0
98_8,0.192307692,373.7692308,0,0,2,0,0,2,0,0,1,176,42.29691864,61.68293507,49.35469,17.97481795,15,1.4,1475.314288,2.216666667,4,52.39999995,0,0,0,20.28000003,0,0,0,0,0.280000008,0,20.23999997,5.080000055,0,0,0,0,1.71999999,0,0,0
98_9,0.373626374,265.5934066,3,0,9,5,0,7,2,0,6,655,44.26980808,148.7012214,104.6392021,18.90563899,56,1.446428571,4892.074469,2.627777778,4,6.60000003,0,0,0,4.719999974,0,0,0,0,0.559999991,0,58.64000005,29.47999996,0,0,0,0,0,0,0,0
99_10,0.46969697,218.6666667,0,0,6,0,3,7,0,1,0,25,49.80640369,33.70491062,34.50894204,17.92185412,4,2.25,1095.143927,5.45,4,13.15999998,0,0,0,27.31999997,0,0,0,23.52000002,0,0,1.76000003,5.26E-09,0,0,0,11.32000003,22.91999997,0,0,0
99_11,0.452380952,215.7936508,0,0,8,7,0,7,1,1,7,597,311.0484358,454.9083247,168.7670179,46.01411892,37,1.405405405,3542.828731,3.777777778,4,0.64,0,0,0,2.96,0,0,8.560000019,0.91999998,0,0,21.11999997,53.96000007,0,0,0,4.479999966,7.359999997,0,0,0
99_12,0.364705882,265.1764706,1,0,6,5,1,5,0,6,0,629,189.7768268,387.6796261,169.9388265,30.05426855,65,1.415384615,4790.923965,4.166666667,4,1.08,0,0,0,0,0,0,12.75999998,0,0,0,35.2,39.80000001,0,0,0,0,11.16,0,0,0
99_13,0.628571429,205.2714286,8,2,18,5,1,11,14,9,5,648,193.9066177,282.7031798,234.7976863,20.62082749,56,1.625,5292.153871,4.577777778,4,0.48,0,0,0,1.079999999,0,0,23.52000008,0,0,0,21.84,33.03999991,0,0,0,5.8,11.88,2.36,0,0
99_14,0.666666667,199.7634409,9,1,28,7,1,9,12,2,4,853,277.2714279,375.1697932,248.1693709,20.50376308,75,1.586666667,6457.472618,4.911111111,4,0,0,0,0,0.48,0,0,56.63999995,0,0,4.28000002,9.520000024,23.28000001,0,0,0,5.800000005,0,0,0,0
99_15,0.434210526,244.8552632,0,0,7,4,2,4,0,0,0,485,249.4680191,195.8530122,169.5040902,23.69801517,46,1.434782609,3708.102939,4.855555556,4,0,0,0,0,0,0,0,20.63999996,0.600000001,0,13.43999998,24.76000004,7.439999995,0,0,0,1.24,31.88000002,0,0,0
99_16,0.258064516,300.1612903,0,0,13,2,0,5,5,0,5,941,249.8547133,429.0516496,269.8810508,23.29418264,91,1.505494505,6330.468656,4.222222222,4,0,0,0,0,0.44,0,0,12.15999998,0,0,0,11.51999994,73.84000009,0,0,0,0,2.039999981,0,0,0
99_17,0.41025641,307.3076923,0,0,5,2,0,4,1,1,6,817,330.8623463,506.8343023,229.3880492,26.2260088,78,1.423076923,5291.779455,3.838888889,4,3.61E-09,0,0,0,0.160000007,0,0,44.55999998,0,0,4.000000011,14.84000002,36.43999998,0,0,0,0,0,0,0,0
99_18,0.444444444,287.7301587,3,0,4,1,0,4,2,1,4,556,181.01027,330.9301855,168.2299993,29.7836469,46,1.5,3946.381264,4.883333333,4,19.04000005,0,0,0,6.079999993,0.520000008,0,0,0,0,0.64000001,22.23999999,41.95999994,0,0,0,0,9.520000006,0,0,0
99_19,0.619047619,269.6746032,0,0,2,0,1,3,0,0,0,500,316.0105283,271.0888107,154.8978327,46.7499627,42,1.547619048,3622.856258,6.538888889,4,18.87999997,0,0,0,0,0,0,0.120000005,0,0,0.680000001,46.44,33.88000002,0,0,0,0,0,0,0,0
99_20,0.609756098,232.6829268,6,1,23,10,0,14,22,3,13,533,365.3926335,360.3153304,168.532069,47.39211603,52,1.442307692,3941.409392,7.916666667,4,4.680000045,0,0,0,5.079999999,0,0,22.03999999,0,0,0,12.83999999,55.35999998,0,0,0,0,0,0,0,0
99_21,0.603448276,255.75,0,0,5,0,0,3,1,0,8,611,228.2887058,409.8580926,213.699369,38.28898584,51,1.470588235,4777.20495,8.111111111,4,0.919999944,0,0,0,2.839999999,0,0,26.32000008,0,0,0,34.64000004,35.27999995,0,0,0,0,0,0,0,0
99_22,0.685714286,278.0857143,0,2,5,1,0,8,1,3,6,413,215.4475621,206.4168046,182.5874569,37.4269659,44,1.386363636,2992.264348,6.4,4,1.78E-10,0,0,0,6.24,0,0,12.48000001,0,0,0,29.79999997,12.28000001,0,0,0,0,39.20000001,0,0,0
99_23,0.525252525,316.9393939,0,0,10,3,0,1,1,0,10,720,129.8031776,225.3302998,228.8759085,25.2170458,69,1.31884058,4776.666646,3.505555556,4,0,0,0,0,1.720000009,0,0,29.99999995,0,0,0,28.39999999,39.28000006,0,0,0,4.26E-09,0.599999986,0,0,0
99_24,0.37037037,389.1481481,0,0,1,0,1,9,0,0,6,120,83.165796,102.5561653,44.83571707,25.30158648,26,1.461538462,2693.583553,1.866666667,4,23.40000003,0,0,0,12.83999999,1.44,0,0,0,3.600000002,0,28.96000005,11.43999993,0,0,0,9.199999996,9.119999999,0,0,0
99_25,0.5,407,1,1,5,1,7,5,1,1,6,420,49.82524986,132.6565441,72.60418547,13.525,40,1.275,3437.544127,0.433333333,4,11.04,0,0,0,0,0,0,5.599999998,20.84000006,0.919999998,0,27.95999993,25.92,0,0,0,5.720000012,0.96,0,1.039999999,0
99_6,0,436.1666667,0,1,3,1,0,3,0,1,1,20,23.22403153,9.350045017,6.77140427,15.96571692,4,1.75,887.6897366,0.544444444,4,10.12000005,0,0,0,0,0,0,0,17.04000004,0,0,6.04,0,0,0,0,60.47999991,4.319999997,2.000000012,0,0
99_7,0.107142857,452.0357143,0,0,4,0,0,1,2,0,1,34,65.48759841,46.72829384,29.68617648,22.41,8,1.875,1722.102451,2.366666667,4,16.11999996,0,0,0,25.48000002,0,0,0.120000007,31.99999996,0,0,3.040000002,6.240000049,0,0,0,7.799999999,4.080000025,5.119999988,0,0
99_8,0.207920792,315.8613861,0,0,2,3,1,4,0,2,8,410,83.57877721,125.2497228,130.3166667,23.74001918,31,1.64516129,3124.130949,4.561111111,4,2.159999998,0,0,0,12.12000002,0,0,12.19999999,0,0,0,9.720000035,27.59999997,0,0,0,0,36.19999999,0,0,0
99_9,0.32967033,273.021978,0,0,2,0,1,1,0,2,6,91,134.1603656,175.6869794,77.00678832,26.8849584,19,1.631578947,1781.383782,5.555555556,4,43.12000003,0,0,0,15.24000001,0,0,0,0,0,0,22.51999996,2.839999978,0,0,0,0,16.28000002,0,0,0
9_17,0.5,328,0,0,2,0,0,3,0,0,2,192,14.05644281,86.9145695,152.8642869,4.301683419,19,1.263157895,2148.09469,0.05,5,22.40000004,0,0,0,0,1,0,2.90E-10,0,0,0,25.72,46.91999993,0,0,0,0.239999994,3.720000032,0,0,0
9_18,0.333333333,267,0,0,0,0,0,0,0,0,0,59,8.538797901,21.64049706,60.63917902,4.227697445,8,1.75,1498.947065,0.172222222,5,70.31999997,0,0,0,0,4.72,0,0,0,0,0,1.92,14.04000005,0,0,0,0,8.999999972,0,0,0
9_19,0.363636364,297.9090909,0,0,2,1,1,3,0,0,0,207,7.594169162,46.9624121,150.6869266,4.343,15,1.466666667,2575.951964,0.572222222,5,14.43999999,0,0,0,1.24,0,0,0,0,0,0,0.04,79.20000001,0,0,0,0.280000005,4.8,0,0,0
9_20,0.547619048,216.5714286,0,0,5,3,0,4,1,0,8,287,12.62922016,82.63051176,214.98447,4.542342276,32,1.34375,3117.42683,0.805555556,6,2.759999994,0,0,0,9.85E-18,0,0,19.68000003,0,0,0,2.360000005,65.75999995,0,0,0,7.560000012,1.880000007,0,0,0
9_21,0.678571429,170.3571429,0,1,3,4,1,7,2,0,7,405,27.02419857,98.74947076,237.1933339,4.801455328,28,1.392857143,3469.023786,2.016666667,6,0,0,0,0,3.840000004,0,0,7.679999969,0,0,0,28.84000006,45.59999997,0,0,0,13.96,0.079999998,0,0,0
9_22,0.695121951,127.3414634,19,0,29,6,2,8,12,1,10,421,116.5177883,149.1447317,252.1111326,9.69220364,42,1.357142857,3589.955785,3.011111111,7,0,0,0,0,6.199999994,0,0,27.80000001,0,0,0,40.59999994,11.24000006,0,0,0,14.15999999,0,0,0,0
9_23,0.698630137,95.57534247,0,1,3,2,0,5,1,1,6,312,194.8034028,111.2263593,198.9199877,23.99780963,31,1.419354839,2817.458584,5.061111111,7,0,0,0,0,7.560000003,0,0,9.600000007,0,0,5.24E-10,19.20000003,33.67999998,0,0,0,13.07999998,16.88,0,0,0
9_24,0.693069307,108.8019802,3,0,8,2,0,6,1,3,7,501,162.5552223,221.6886892,202.3452855,24.70277714,28,1.5,3930.280474,4.872222222,7,0,0,0,0,8.440000022,0,0,8.840000002,2.200000001,0,0,12.27999998,53.31999999,0,0,0,10.4,4.52,0,0,0
9_25,0.391304348,209.0724638,0,1,13,2,0,6,0,0,4,706,152.2399553,273.8712709,242.9984363,19.22047535,45,1.4,4136.405553,4.094444444,8,0,0,0,0,4.439999972,0,0,23.76,0,0,0,50.00000003,11.64,0,0,0,10.16,0,0,0,0
9_26,0.390243902,256.2682927,0,1,10,0,2,2,0,1,6,464,73.06048686,204.2502277,273.1205335,8.455595002,33,1.333333333,3492.240958,2.644444444,8,0,0,0,0,0,0,0,0,0,0,0,20.35999997,70.12000002,0,0,0,7.44,2.080000008,0,0,0
9_27,0.34375,275.4375,0,0,8,0,0,3,0,0,0,407,74.51170918,137.3637905,167.444638,8.719126275,37,1.243243243,2813.735277,3.166666667,8,0,0,0,0,9.000000007,0,0,0,0,2.96,0,49.68000006,29.31999994,0,0,0,8.080000002,0.959999989,0,0,0
9_28,0.515463918,219.8865979,2,0,32,1,16,6,10,1,9,217,143.5433961,149.270409,62.56867545,28.70141727,27,1.555555556,2673.411095,4.716666667,8,0,0,0,0,14.08,0,0,0,34.32000001,1.16,0,33.11999997,3.800000016,0,0,0,13.48,0.040000003,0,0,0
9_29,0.362318841,226.8478261,0,1,3,2,2,5,1,2,3,391,199.1741993,280.8874078,87.82832311,41.39941383,31,1.419354839,3302.363067,6.133333333,8,2.240000001,0,0,0,12.48,0,0,0,0.959999993,2.200000002,0,60.52000001,14.48000001,0,0,0,2.039999992,5.079999998,0,0,0
9_30,0.575949367,171.2848101,0,0,4,0,3,5,0,1,8,465,234.8836217,233.3916947,132.8915994,42.21413696,27,1.444444444,3143.969545,6.622222222,9,0,0,0,0,5.320000001,0,0,0,16.96000003,3.879999999,0,68.28,5.559999978,0,0,0,0,0,0,0,0
9_31,0.487804878,147.495935,0,0,9,0,8,5,3,0,5,107,168.4794555,145.3145426,90.34908254,33.02994216,10,1.8,1141.778465,6.544444444,9,0,0,0,0,37.00000001,0,0,0,30.23999997,7.400000008,0,19.43999999,0,0,0,0,0,5.920000022,0,0,0
9_32,0.595588235,151.1029412,0,0,3,2,0,4,0,3,5,536,212.2401637,260.1940644,121.8827628,42.59409334,24,1.458333333,3004.987932,6.166666667,10,0,0,0,0,4.439999984,0,0,0,0,0.639999991,0,54.24000004,32.64,0,0,0,0,8.039999981,0,0,0
9_33,0.451851852,186.9555556,0,0,4,2,0,6,0,0,7,677,179.3062255,282.5470816,213.1529607,36.436553,31,1.322580645,3207.306165,5.138888889,11,0,0,0,0,1.960000003,0,0,0,0,0,0,62.55999996,31.20000004,0,0,0,0,4.28,0,0,0
9_34,0.375,212.725,1,0,7,2,0,6,2,0,6,559,74.97528401,150.541886,243.5380329,22.32046905,44,1.340909091,3753.93931,3.566666667,11,1.480000011,0,0,0,0.599999997,0,0,1.840000015,0,0,0,48.55999999,41.87999999,0,0,0,5.64,0,0,0,0
9_35,0.225806452,245.2258065,0,0,5,1,5,6,1,0,3,213,47.61342199,95.17076208,56.75961402,18.99358958,14,1.428571429,1686.026614,2.222222222,12,22.44,0,0,0,20.24000003,0.16,0,11.47999998,12.84,0,0,24.88000002,7.959999973,0,0,0,0,0,0,0,0
9_36,0.033333333,260.1333333,0,1,3,0,3,7,0,0,3,235,42.10171609,95.07745335,59.04124616,16.69948733,20,1.7,2208.785831,1.705555556,12,13.44,0,0,0.080000007,42.56,2.76,0,4.479999999,3.76,0.52,0,32.4,3.89E-09,0,0,0,0,0,0,0,0
9_37,0.222222222,215.3555556,0,0,1,1,0,3,1,0,2,463,48.01212396,89.00267027,204.8583295,11.07092744,30,1.466666667,3222.214023,2.422222222,13,2.919999997,1.16,0,7.599999993,15.83999997,0,0,9.480000012,0,0,0,42.56000003,20.44,0,0,0,0,0,0,0,0
9_38,0.338235294,217.0588235,0,0,6,0,3,5,0,4,6,584,90.68545177,110.0685093,246.4276579,16.23230831,43,1.418604651,4007.294244,2.494444444,14,0.920000002,2.200000013,0,0,4.960000031,0,0,21.35999998,0,0,0,33.63999995,36.92000003,0,0,0,0,0,0,0,0
9_39,0.147058824,266.1470588,0,0,1,1,1,3,0,0,4,180,95.09598248,102.3918465,181.5346936,21.21287145,4,3,1235.651939,2.288888889,13,10.16000001,1.599999986,0,0,57.27999999,0,0,8.640000021,0,0,0,1.360000006,19.83999997,0,0,0,0,1.120000009,0,0,0
9_40,0,336.75,0,0,0,2,0,1,1,0,0,95,39.5626757,36.1794308,132.4997991,9.055890528,8,1.875,1216.266736,1.277777778,14,9.399999984,0,0,0,32.47999996,0,0,6.039999984,0,0,0,1.279999994,16.64,0,0,0,0,34.16000007,0,0,0
9_41,0.090909091,289,1,0,0,0,0,3,0,1,2,34,16.9130773,26.87980289,88.22719096,9.028495973,3,1.666666667,896.77811,0.833333333,14,24.24000006,0,0,0,5.239999993,0,0,0,0,0,0,15.96000003,0,0,0,0,0,54.55999991,0,0,0
9_42,0.166666667,300.3333333,0,0,3,0,0,0,0,0,0,193,8.83307151,36.84301095,94.83997639,13.52058866,11,1.454545455,1407.288202,0.822222222,14,55.76,0,0,0,0,0.360000002,0,13.63999999,0,0,0,30.23999998,1.68E-08,0,0,0,0,0,0,0,0
9_43,0.142857143,250.3571429,0,0,2,1,0,3,1,0,6,153,17.81613702,45.58634156,110.5287792,15.08243907,16,1.8125,2287.323165,0.905555556,14,48.96,0,0,0,0,6.360000002,0,3.320000003,2.720000005,0,0,26.40000001,6.999999976,0,0,0,5.24,0,0,0,0
9_44,0,296.2631579,0,0,1,0,0,4,0,2,4,251,20.38508794,58.33718426,191.5780124,12.91287649,18,1.555555556,2189.535441,0.766666667,11,39.24000001,0,0,0,10.68000001,0,0,13.68000003,0.559999995,0,0,35.31999996,0,0,0,0,0,0.519999999,0,0,0
9_45,0,346.3333333,0,0,1,0,2,1,0,0,0,134,21.64651268,30.89112977,126.9337857,13.54017748,8,1.625,969.6281523,0.611111111,10,64.32000006,0,0,0,8.399999992,1.68,0,15.15999995,0,0,0,10.44,0,0,0,0,0,0,0,0,0
9_46,0,348.2,0,0,0,0,0,2,0,0,0,1,17.25344944,4.346280022,9.64308304,17.49033413,0,0,0,0.622222222,9,96.12,0,0,0,0.96000001,0,0,0,0,0,0,2.919999988,0,0,0,0,0,0,0,0,0
9_47,0.111111111,340.7777778,0,0,0,2,0,0,0,2,0,72,39.48643089,61.07077107,76.63317861,17.00898877,4,1.75,530.4570313,1.377777778,9,30.55999993,0,31.96000004,0,24.79999999,0,0,0,0,0,0,1.8,10.88000005,0,0,0,0,0,0,0,0
9_48,0.193548387,277.7419355,0,0,5,5,0,5,1,0,0,530,65.3838776,192.2690352,216.3665753,16.14149478,23,1.608695652,3016.72626,2.644444444,9,0,0,11.15999996,0,0.64,0,0,30.72000004,0.680000005,0.6,0,0,56.2,0,0,0,0,0,0,0,0
9_49,0.36,189.8,0,1,7,2,0,4,0,0,0,515,110.7549113,209.848077,303.1799346,24.9457411,35,1.4,3902.52583,4.05,9,0,0,0,0,2.920000008,0,0,44.67999996,1.839999996,0,0,0,44.24,0,0,0,5.560000005,0.760000026,0,0,0
9_50,0.675925926,129.787037,1,4,9,5,10,9,4,0,6,170,201.4944419,146.8610361,150.8251334,31.8275615,15,1.8,2365.470387,5.872222222,9,0,0,0,0,5.279999993,0,0,35.52000005,11.39999999,0,0,12.08,18.95999998,0,0,0,8.359999999,7.919999975,0.480000012,0,0
9_51,0.769911504,79.5619469,4,1,9,4,3,15,6,4,8,515,424.3839419,422.344528,131.5440968,46.20185503,37,1.783783784,4243.581806,8.85,9,0,0,0,0,0.6,0,0,68.84000001,0.519999999,0,0,3.720000006,10,0,0,0,4.999999995,4.120000005,7.119999986,0.08,0
9_52,0.782729805,103.6044568,6,3,25,5,12,16,11,4,7,214,466.9414159,230.2474132,128.4698769,54.71539799,36,1.722222222,4616.794793,10.42777778,9,0,0,0,0,0,0,0,51.39999998,0,0,0,18.27999999,20.92000002,0,0,0,5.120000007,3.479999996,0.800000001,0,0
9_53,0.717488789,149.0134529,29,7,49,6,2,14,8,5,6,202,372.7225342,126.3297404,86.36253652,44.10953927,39,1.666666667,4023.9059,11.37222222,9,2.04,0,0,0,4.920000031,0,0,35.27999996,11.76,0,0,0,12.6,0,0,0,14.72,18.20000001,0,0.480000002,0
9_54,0.468926554,199.819209,4,5,15,7,0,8,8,5,8,382,473.672725,301.2665127,109.31409,42.1004075,18,1.666666667,2560.674694,10.08333333,9,0,0,0,0,18.43999997,0,0,44.96000006,0,5.799999998,0,10.96,1.479999988,0,0,0,0,18.35999999,0,0,0
9_55,0.340807175,306.1255605,5,1,9,2,1,9,5,2,6,952,588.6985493,765.3339226,221.7812454,43.65158688,36,1.722222222,4848.38951,7.305555556,9,0,0,0,0,0.720000009,0,0,94.16,1.079999998,0,0,4.02E-10,3.2,0,0,0,0,0.839999995,0,0,0
9_56,0.177777778,325.237037,1,1,7,0,2,9,1,0,3,660,202.2329433,501.8880048,116.3558837,42.13010328,42,1.523809524,4041.381336,5.944444444,9,0.240000014,0,0,0,2.719999995,0,0,47.79999995,6.359999997,0,0,20.88000004,8.560000009,0,0,0,0,13.44,0,0,0
9_57,0.083333333,324.7291667,0,1,1,1,0,2,0,0,3,136,94.23256579,54.88109689,19.64700303,42.26528179,11,1.272727273,1394.442654,3.233333333,9,25.39999999,3.720000004,0,0,15.64000002,0,0,0,0,1.6,4.920000023,18.99999997,2.399999985,0,0,0,7.600000007,19.72000001,0,0,0
9_58,0.166666667,351.3333333,0,0,1,0,0,0,0,0,0,27,109.0982029,42.72030326,22.77608624,40.39915637,1,3,153.5353346,2.166666667,8,3.159999993,4.639999994,0,0,25.43999999,0,0,0.480000007,0,0,9.479999976,1.800000006,0.440000002,0,0,0,6.159999994,48.40000004,0,0,0
9_59,0,373.8148148,0,0,2,1,1,1,1,0,0,351,92.9748188,164.2477548,131.024999,25.54409651,11,1.818181818,2006.87597,1.627777778,6,0,0,0,0,13.15999999,0,0,8.239999998,0,0,0,21.88,19.96000006,0,0,0,0,36.75999995,0,0,0
9_60,0.119047619,406.7619048,0,0,13,2,2,3,2,1,4,572,160.3138914,268.994018,177.1617148,33.59197501,21,1.619047619,2732.349447,2.211111111,6,0,0,0,0,2.240000005,0,0,0,0,0,18.68000004,0.359999993,77.63999996,0,0,0,0,1.080000006,0,0,0
9_61,0.047619048,404.1904762,0,1,1,1,0,5,0,1,1,301,141.3968782,197.5494859,108.0066675,29.08000854,8,2,1543.196315,2.677777778,6,1.440000009,0,0,0,5.079999995,0,0,0,0,0.960000001,46.99999996,16.36000004,28.72000001,0,0,0,0,0.439999995,0,0,0
9_62,0.06779661,430.4067797,3,1,4,0,0,5,1,3,5,265,75.96742354,168.9939903,171.3775389,22.1136716,20,1.55,2025.332899,2.005555556,6,5.119999997,0,0,0,7.320000008,0,0,1.959999997,2.72E-09,1.039999999,0,6.799999965,46.96000001,0,0,0,0,30.80000003,0,0,0
9_63,0,515.6666667,0,0,4,0,1,10,0,0,6,23,31.65221822,18.0998591,19.66388617,17.48705952,11,1.909090909,2173.48012,1.266666667,6,22.68000004,0.120000001,0,0,8.279999992,0,0,0,61.52000002,1.720000002,0,1.08,1.799999974,0,0,0,0,2.799999973,0,0,0