layout,fitness
"[ 521  675  832 1055 1252 1315 1732 1752 1830 1936 2023 2173 2262 2372
 2393 2431 2809 2827 2866 2873 2996 3175 3239 3287 3436 3535 3546 3637
 3740 3867 4054 4277 4289 4553 4779 5837 6329 6553 6903 7109]",0.3314624476152644
"[ 403  487  598  876  893  900 1049 1056 1170 1443 1540 1602 1930 1943
 1975 2024 2175 2220 2407 2515 2749 2882 2924 3287 3369 3662 3705 3746
 3868 3904 4070 4364 4407 5187 5621 6192 6412 6949 7111 7119]",0.30821316834293677
"[ 448  550  682  738  772 1113 1310 1545 1584 1604 1645 1836 2018 2025
 2141 2148 2181 2315 2402 2578 2591 2821 2925 3077 3155 3380 3515 3575
 3676 3811 3936 3997 4203 4227 4643 5976 6539 6688 6695 7260]",0.35224287998801923
"[ 378  617  695  823  887  948 1265 1390 1398 1717 1735 1799 2030 2041
 2050 2148 2449 2461 2584 2620 2719 2781 2896 3018 3211 3360 3384 3518
 3580 3841 4080 4210 4552 4644 5549 6048 6393 6620 7121 7252]",0.3314432874441173
"[ 301  459  692  751  877  957 1187 1393 1408 1526 1755 1788 1870 2099
 2118 2248 2510 2519 2567 2693 2756 2787 2940 3024 3135 3247 3356 3584
 3593 3646 3744 4060 4084 4361 4849 5449 5486 6689 7111 7190]",0.3355631223768052
"[ 388  545  594  626  892 1164 1185 1242 1533 1692 1753 1878 2010 2071
 2168 2262 2321 2567 2755 2790 2803 2957 3280 3292 3343 3375 3570 3811
 3943 4004 4132 4210 4434 4553 5187 6045 6483 6681 6831 7191]",0.3256053932853251
"[ 199  457  521  762  887  984 1307 1355 1474 1534 1802 1811 1925 2044
 2246 2293 2374 2566 2715 2764 2871 3020 3175 3213 3435 3517 3773 3812
 3929 3939 4266 4276 4574 5346 5836 6312 6545 6624 7120 7255]",0.33790385283910007
"[ 388  482  660  810  902  982 1100 1394 1472 1729 1784 1955 2089 2122
 2178 2186 2291 2353 2588 2694 2882 2896 2924 3008 3354 3380 3444 3505
 3536 3704 3938 4022 4206 4429 4436 5630 5978 6619 7122 7252]",0.3573785417780064
"[ 336  806  815  995 1050 1182 1309 1388 1513 1543 1786 1880 2048 2180
 2293 2301 2600 2713 2767 2831 3087 3218 3309 3532 3582 3712 3771 4029
 4075 4133 4436 4480 4772 4780 5978 6485 6899 6906 6997 7394]",0.32404889148423405
"[ 270  389  666  700  823  973 1028 1231 1265 1463 1525 1615 1936 2027
 2118 2156 2176 2354 2693 2735 2757 2858 2940 3104 3362 3519 3557 3635
 3862 3884 4068 4224 4644 4707 5974 6076 6480 6686 6977 7180]",0.33532291284091204
"[ 123  461  591  632  763 1029 1255 1319 1451 1514 1546 1717 1820 1907
 2021 2042 2217 2371 2461 2522 2551 2567 2717 2871 2882 2899 3147 3374
 3648 3776 3812 4068 4154 4339 4781 5097 6405 6695 6900 7400]",0.3438912490709622
"[ 232  248  337  382  754  882 1088 1120 1172 1464 1689 1875 1926 1953
 2081 2175 2183 2192 2441 2661 2691 2786 3008 3167 3247 3281 3643 3667
 3726 4086 4134 4143 4221 4709 4983 6117 6410 6687 7047 7179]",0.33537871478400283
"[ 534  592  621  754  772  812 1120 1246 1253 1614 1806 1834 2030 2083
 2139 2321 2330 2411 2571 2588 2599 2827 3002 3080 3091 3312 3535 3577
 3637 3811 3942 3987 4437 4572 5915 6187 6756 6767 7252 7472]",0.3246826059143554
"[ 384  618  842  891  946 1048 1169 1391 1544 1716 1865 1945 2024 2211
 2252 2260 2385 2579 2803 2825 3097 3208 3361 3603 3661 3709 3939 3999
 4131 4409 4436 4498 5904 6139 6195 6325 6617 6625 7123 7400]",0.3348591102135231
"[ 547  669  701  892  947  979 1184 1239 1691 1716 1739 1753 2081 2173
 2183 2190 2515 2639 2682 2742 2902 2937 3016 3071 3309 3435 3640 3812
 3935 4120 4133 4366 4553 5093 6046 6610 6759 6837 7180 7329]",0.36629126580139915
"[  54  315  378  700  813  831  943 1104 1121 1326 1379 1693 1857 1936
 2034 2113 2168 2517 2613 2670 2711 2763 3076 3086 3240 3353 3703 3725
 3783 3883 4089 4292 4554 4779 5416 5978 6255 6760 7109 7261]",0.33798249506515615
"[ 454  620  681  701 1018 1169 1178 1189 1621 1663 1673 1753 2007 2167
 2212 2300 2324 2457 2575 2662 2689 3071 3084 3097 3654 3661 3718 3773
 3811 4067 4439 4480 4574 5690 5705 6259 6791 6833 7038 7401]",0.3343303038333586
"[ 593  695  743  972 1091 1193 1457 1536 1589 1686 1906 2028 2083 2184
 2303 2353 2718 2736 2764 2941 2958 2967 3066 3287 3374 3438 3535 3635
 3669 4067 4076 4335 4643 5192 5976 6468 6622 7043 7121 7539]",0.3475338813989921
"[ 336  417  448  460  751  829  951 1195 1242 1320 1471 1878 2001 2048
 2083 2098 2105 2254 2577 2754 2802 2812 2854 2906 3008 3507 3518 3712
 3867 4022 4133 4144 4409 4507 4708 4868 5977 6696 6831 7401]",0.3482352448182133
"[ 459  487  830  947  960 1260 1394 1442 1735 1788 1815 1898 1908 2149
 2330 2379 2425 2692 2718 2739 2923 3010 3230 3522 3533 3568 3863 3883
 4018 4067 4407 4504 4637 5765 6185 6342 6687 6985 7047 7108]",0.3270343025601743
"[  59  404  523  894  917 1018 1049 1171 1326 1667 1686 2097 2182 2192
 2211 2222 2229 2527 2591 2714 2826 2834 2940 3021 3210 3218 3384 3674
 3715 3727 4094 4205 4215 4268 5977 6475 6973 7122 7308 7395]",0.3447219099770732
"[ 270  307  670  753  760  839  948 1172 1392 1470 1477 1589 1888 1927
 1977 2040 2081 2162 2318 2428 2725 2763 2881 3138 3146 3155 3176 3376
 3674 3855 3937 4018 4205 4501 5126 6118 6838 6901 7323 7401]",0.3455021112961124
"[ 109  521  762  887  896  913 1330 1392 1449 1905 1925 1943 2097 2175
 2324 2360 2406 2439 2659 2709 3095 3141 3292 3441 3534 3591 3639 3740
 4001 4057 4159 4222 4278 4572 4850 4978 5907 6615 6764 7251]",0.3149085508486178
"[ 380  475  601  872  891 1021 1121 1133 1241 1370 1398 1602 1688 1930
 2017 2033 2097 2255 2290 2335 2650 2666 2753 2781 2941 3100 3214 3449
 3508 3708 3739 3888 3944 4220 4344 5977 6760 6893 6909 7400]",0.33606419243877805
"[ 316  512  554  666  901  960 1050 1306 1394 1526 1937 1945 1975 2030
 2094 2108 2337 2576 2591 2709 2742 2868 2896 3229 3352 3364 3383 3673
 3794 3852 4058 4085 4400 4427 4434 4843 5903 6333 6765 7185]",0.3274907422385705
"[ 388  401  444  522  624  893  900 1017 1097 1260 1387 1409 1538 1796
 1878 1997 2105 2168 2185 2217 2297 2713 2802 2832 2880 3034 3218 3384
 3423 3447 3511 3883 3927 4061 4224 4429 6398 6831 7253 7331]",0.3378791062056751
"[ 318  545  695  748  876 1334 1377 1391 1667 1830 1926 2099 2156 2180
 2305 2426 2472 2647 2654 2666 2763 2815 3087 3149 3165 3455 3499 3649
 3657 3702 4095 4419 4437 4501 6117 6195 6696 6901 7395 7402]",0.32864789248127924
"[ 384  690  791  802  881 1102 1121 1393 1443 1521 1599 1619 2092 2099
 2148 2212 2254 2407 2508 2642 2658 2669 2969 3004 3089 3208 3364 3380
 3463 3639 3724 3812 4132 4438 4570 6109 6120 6902 6911 7394]",0.3386719917223375
"[ 378  480  605  876  883  900  981 1386 1393 1480 1615 1889 2048 2083
 2110 2520 2567 2578 2695 2757 2928 2940 2954 3218 3588 3650 3668 3926
 4087 4098 4275 4359 4697 5199 5767 6188 6762 7180 7330 7551]",0.3326825109612791
"[ 377  624  740  759  961 1121 1470 1588 1716 1737 1817 1833 2109 2358
 2383 2399 2438 2446 2549 2935 2945 2995 3098 3428 3446 3705 3739 3791
 3817 3943 4140 4190 4436 4500 6047 6267 6864 6905 6965 7473]",0.3399839442366006
"[  17  197  248  687  821  876 1169 1331 1392 1443 1937 1975 2021 2249
 2265 2438 2471 2593 2763 3081 3159 3167 3533 3635 3648 3661 3699 3883
 3925 4078 4368 4715 4886 5328 5746 5906 6403 6767 7110 7259]",0.3048575279672986
"[ 486  526  606  834  897 1021 1244 1408 1442 1469 1873 1889 1900 1928
 2364 2376 2496 2692 2810 2822 2940 3001 3351 3450 3534 3649 3711 3727
 3982 4023 4132 4481 4501 5837 6476 6484 6740 6824 7118 7321]",0.29613848347815197
"[ 319  335  596  902  910 1172 1250 1303 1540 1666 1690 1787 2103 2160
 2181 2330 2364 2495 2591 2765 2829 2867 2954 3227 3279 3287 3709 3805
 3864 3955 4123 4204 4227 4504 4779 5057 6048 6767 6902 7401]",0.34808409436987553
"[  43  309  460  551  824  842  877 1026 1155 1327 1479 1526 1821 1940
 1999 2092 2099 2113 2664 2671 2727 2763 2787 3293 3304 3352 3628 3714
 3812 4081 4134 4215 4480 5634 6164 6262 6538 6760 7108 7190]",0.3332428606252555
"[ 378  548  599  631  876 1030 1037 1045 1372 1663 1817 1827 1834 2095
 2221 2284 2336 2539 2588 2670 2831 2937 3000 3087 3246 3350 3447 3571
 3650 3883 4016 4133 4292 4701 4709 5835 6544 6555 7038 7191]",0.34882571906364823
"[ 548  593  744  913 1034 1161 1260 1531 1610 1622 1733 1900 2025 2075
 2319 2330 2367 2571 2587 2837 2897 2949 3218 3282 3298 3380 3415 3745
 3784 3793 3802 4133 4268 4290 5192 6253 6333 6904 7037 7100]",0.33790526161578427
"[ 306  317  487  545  951 1175 1473 1666 1750 1786 1936 1974 2099 2252
 2286 2449 2474 2486 2654 2854 2888 3014 3043 3376 3435 3712 3798 3812
 4133 4211 4339 4363 4370 6049 6409 6544 6870 6966 7046 7053]",0.3208337972574103
"[ 125  381  534  627  691 1121 1172 1234 1255 1602 1655 1736 1786 1892
 2182 2287 2301 2550 2648 2661 2939 2958 3067 3234 3429 3599 3763 3944
 4007 4056 4063 4141 4715 4779 4866 5905 6546 6625 7042 7473]",0.32232921129542563
"[ 340  462  808  824  842 1192 1230 1243 1256 1533 1809 1866 1967 1979
 2144 2226 2243 2329 2521 2694 2781 2793 2829 3015 3028 3211 3306 3577
 3745 3939 4023 4063 4213 4644 4771 5979 6473 6695 7191 7251]",0.33568547539673405
"[ 321  520  743  759 1019 1035 1051 1527 1589 1606 1615 1623 2097 2111
 2146 2231 2404 2495 2608 2663 2717 2836 3067 3227 3307 3498 3560 3576
 3995 4015 4024 4292 4338 5263 5416 6116 6267 6680 6974 7179]",0.327174209043525
"[ 193  384  533  554  803  832 1026 1034 1192 1590 1604 1834 1898 1996
 2026 2194 2300 2359 2389 2755 2877 2923 3028 3082 3146 3422 3520 3649
 3922 3955 4145 4199 4435 5264 5903 6335 7111 7123 7237 7401]",0.31907128134239093
"[ 168  266  600  616  874  907  914  961 1238 1252 1481 1615 1655 1738
 1892 2001 2015 2260 2449 2624 2716 2869 2966 3099 3146 3207 3303 3576
 3985 4089 4137 4435 4780 5905 6266 6398 6808 6838 6902 7395]",0.31024811662886004
"[ 194  455  679  765  876  985 1179 1312 1513 1545 1809 1823 1906 2009
 2072 2316 2325 2374 2649 2694 2709 2870 2882 3142 3312 3491 3587 3651
 3882 4068 4119 4343 4508 5626 5975 6265 6695 6758 7108 7192]",0.3322819157272698
"[ 340  460  518  700  738  833  958 1039 1193 1378 1442 1460 1859 1903
 1963 2097 2150 2159 2325 2668 2708 2801 2935 3170 3283 3371 3505 3661
 3669 4005 4133 4211 4365 4626 5692 6539 6839 6900 7395 7473]",0.33652390574404956
"[ 233  523  629  682  817  944  976 1094 1316 1425 1513 1541 1692 1817
 1945 2042 2166 2247 2286 2293 2334 2538 2729 2816 3000 3019 3078 3368
 3565 3597 3675 3788 3869 4056 4064 4573 6189 6655 6838 6967]",0.3287390412910784
"[ 248  401  482  598  661  832 1052 1094 1250 1384 1472 1585 1883 1891
 2045 2071 2195 2225 2321 2663 2710 2761 3102 3146 3225 3232 3422 3522
 3721 3785 3844 4016 4024 4278 4502 6188 6839 6903 7037 7467]",0.3303206210896297
"[ 410  521  605  811  830 1105 1121 1374 1612 1666 1787 1817 1972 2221
 2232 2314 2334 2566 2786 2826 3010 3029 3208 3235 3428 3581 3665 3931
 3983 4015 4097 4134 4362 4482 4568 5416 6050 6766 6901 7400]",0.32053766892358554
"[ 316  427  521  746  762  895 1055 1090 1168 1317 1326 1550 1655 1734
 1819 1926 2044 2225 2390 2497 2657 2683 2763 2788 2982 3027 3285 3435
 3519 3913 4008 4025 4134 4506 4708 4764 5834 6405 6977 7038]",0.33257646285414727
"[ 316  402  521  622 1042 1121 1165 1247 1540 1665 1728 2027 2069 2179
 2265 2328 2365 2500 2519 2758 2863 2953 3137 3361 3369 3557 3589 3667
 3783 3816 4132 4158 4267 4289 4785 5978 6481 6512 6759 7120]",0.33241612918877
"[ 308  388  553  615  809  873  889  983 1045 1180 1310 1443 1602 1619
 1787 1825 2012 2023 2257 2265 2314 2514 2569 2811 3014 3140 3147 3381
 3511 3704 3812 4069 4085 4637 5474 5907 6402 6837 6972 7466]",0.33171738580606486
"[ 269  519  672  701 1119 1176 1254 1442 1591 1614 1836 1955 1963 2011
 2073 2255 2305 2551 2578 2638 2738 2889 3010 3088 3358 3420 3519 3530
 3650 3853 3913 4014 4094 4291 4407 6118 6482 6795 6980 7042]",0.3491319413386909
"[ 339  521  609  839  973 1025 1104 1371 1395 1403 1786 1837 1877 1885
 2179 2259 2296 2598 2637 2728 2761 2788 3232 3311 3367 3431 3533 3840
 4006 4063 4367 4409 4568 5345 6262 6658 6697 6753 7113 7193]",0.31556919233203157
"[  52  316  450  819  836 1090 1181 1330 1386 1690 1868 1964 2146 2161
 2313 2471 2508 2567 2623 2945 3139 3375 3382 3435 3637 4004 4013 4023
 4133 4391 4409 4635 5001 5296 6048 6369 6554 6902 7250 7332]",0.324705932890549
"[ 248  305  543  558  834  880  888 1252 1376 1383 1402 1673 1832 1857
 1942 2173 2182 2262 2303 2355 2507 2735 2743 2757 2868 3137 3446 3500
 3652 3943 4022 4069 4132 4221 4781 5977 6626 6755 7260 7324]",0.352480717322536
"[ 265  320  543  662  669  821  842  973 1383 1390 1514 1610 1787 1877
 1886 1905 2079 2178 2357 2370 2551 2647 2807 2871 2925 2957 3221 3355
 3370 3519 3703 3817 3862 3996 4293 5770 6047 6542 6904 7472]",0.33441978308980796
"[ 463  618  809  844 1122 1240 1319 1443 1539 1688 1734 1925 2012 2096
 2145 2180 2542 2638 2725 2765 2876 2955 3003 3281 3369 3377 3503 3703
 3740 3867 4089 4133 4141 4435 4780 5416 6259 6902 7323 7401]",0.3371730855461388
"[ 248  334  735  815  836  916 1180 1374 1433 1543 1622 1737 1744 1864
 2141 2158 2259 2322 2384 2506 2519 2637 2797 2826 2880 3002 3240 3301
 3364 3632 3802 3924 4076 4266 4638 5345 6047 6553 6900 7330]",0.3453383303542952
"[ 193  381  530  699  834  875 1033 1334 1373 1540 1668 1716 1746 1974
 2007 2086 2235 2252 2314 2571 2654 2803 2900 2964 3067 3150 3169 3510
 3639 3802 3953 4074 4202 4436 5335 5976 6616 6695 7038 7329]",0.3566010403051909
"[ 446  559  672  834  876  897 1243 1403 1441 1463 1733 1928 1957 1964
 2148 2260 2324 2376 2624 2786 2827 2935 3025 3087 3351 3433 3521 3870
 3955 4132 4215 4303 4367 4480 5336 6046 6680 6829 6907 7400]",0.34452614346051397
"[ 334  525  607  906  914  956 1288 1324 1406 1598 1705 1958 1998 2084
 2164 2249 2259 2288 2637 2649 2744 2755 2803 3071 3153 3235 3564 3650
 3785 3803 3811 4081 4204 4502 5417 6190 6339 6905 6968 7400]",0.3507718819512124
"[ 265  377  526  555  896  904 1172 1194 1304 1538 1734 1760 1858 2030
 2050 2094 2254 2360 2566 2586 2693 2740 2928 2946 3078 3440 3625 3646
 3662 3672 3781 3936 4278 4409 4504 6116 6406 6683 7048 7322]",0.35913376294758226
"[ 460  615  666  841  892 1189 1240 1324 1585 1741 1759 1927 1965 2159
 2189 2287 2461 2508 2594 2658 2831 3008 3071 3088 3098 3396 3509 3588
 3639 3738 4060 4069 4157 4289 4482 5978 6541 6548 7037 7474]",0.3305620655044469
"[ 404  453  461  803  834 1124 1169 1302 1398 1673 1799 1879 2120 2149
 2181 2353 2375 2457 2758 2789 2867 3020 3174 3209 3429 3512 3519 3918
 3951 4006 4138 4337 4568 4771 6050 6328 6552 6827 7189 7321]",0.33320062131000205
"[ 673  759  766  806 1167 1176 1254 1480 1589 1615 1667 1788 1867 2099
 2112 2442 2521 2685 2781 2859 2939 2953 3032 3278 3446 3571 3675 3774
 3864 3948 4134 4336 4431 4845 5187 6326 6333 6482 6967 7117]",0.32597612679290366
"[ 248  547  663  813  891  911 1259 1309 1323 1759 1799 1877 1956 1996
 2254 2317 2332 2436 2498 2586 2830 2932 3018 3170 3351 3364 3586 3711
 3882 3933 4204 4230 4338 4353 4713 6269 6615 6957 6977 7111]",0.35945621902857106
"[ 321  473  482  520  561  669  892  977 1231 1341 1386 1393 1617 1837
 1954 2080 2141 2185 2390 2593 2689 2710 2725 3001 3435 3520 3558 3713
 3811 3935 4059 4156 4408 4574 6258 6548 6793 6967 7046 7195]",0.33752220928241017
"[ 270  405  449  740  818 1121 1256 1303 1313 1534 1691 1786 1803 1864
 1882 1968 2304 2332 2566 2575 2797 2878 2903 3067 3313 3363 3463 3587
 3711 3812 3844 4081 4353 4431 6326 6333 6411 6905 7037 7265]",0.34410854330500673
"[ 124  584  667  901  908 1028 1251 1299 1408 1525 1746 1755 1904 1999
 2079 2304 2317 2481 2510 2539 2566 2716 2946 3223 3308 3443 3643 3668
 3792 4013 4140 4203 4504 4847 4996 6196 6902 7036 7194 7398]",0.3250555834934593
"[ 335  382  390  628  824  831  884  947 1125 1314 1474 1519 1534 1966
 2012 2049 2073 2101 2164 2647 2689 2710 2797 2946 3029 3279 3292 3441
 3642 3662 3669 3940 4063 4433 5127 5976 6546 6909 7036 7329]",0.3506914684518473
"[ 247  336  381  537  877  886 1042 1049 1385 1464 1832 1881 2101 2216
 2252 2365 2472 2625 2728 2735 2854 2884 2902 3075 3175 3436 3443 3521
 3570 3631 3743 3931 4063 4432 5905 6624 6688 7190 7323 7422]",0.35108350788460363
"[ 474  672  695  807  844 1104 1187 1292 1590 1680 1859 1938 1958 2044
 2444 2506 2537 2711 2738 2827 2940 3074 3208 3233 3509 3571 3606 3668
 3801 3845 4073 4205 4313 4574 5263 5530 6124 6540 6901 7401]",0.31261317811150297
"[ 391  448  473  886  907 1038 1306 1386 1405 1682 1928 2031 2088 2122
 2152 2184 2308 2598 2639 2650 2889 2943 3239 3289 3464 3517 3636 3938
 3998 4016 4024 4276 4338 4573 4843 5405 6117 6624 6968 7118]",0.32636769870223004
"[ 266  557  661  754  835  882 1173 1254 1377 1544 1622 1668 2014 2070
 2101 2164 2184 2650 2701 2732 2760 2815 2853 3093 3105 3358 3368 3635
 3662 3864 3925 4095 4365 4561 5977 6545 6910 7038 7260 7574]",0.33809037601766295
"[ 338  444  522  672  698 1103 1162 1469 1533 1667 1728 1830 1929 2101
 2227 2333 2593 2638 2695 2860 2868 3035 3137 3310 3444 3572 3670 3863
 3992 4553 4644 5057 5904 6265 6471 6486 6831 7108 7239 7399]",0.3072740384125114
"[ 403  411  533  593  907  971 1094 1314 1464 1472 1736 1925 1966 2027
 2220 2301 2330 2461 2522 2690 2710 2789 3016 3174 3359 3591 3635 3688
 3725 4003 4024 4133 4293 4338 5043 6258 6553 6969 7051 7472]",0.3245639129230161
"[ 318  620  698  735  825  960 1189 1231 1534 1591 1883 1970 2088 2105
 2121 2149 2211 2571 2599 2611 2690 2868 2877 3142 3365 3450 3637 3699
 3740 3940 3999 4134 4432 4482 4848 6048 6408 6543 7110 7122]",0.33778527251553964
"[ 196  382  473  660  672  913  967 1189 1303 1526 1619 1821 1868 2099
 2190 2230 2324 2353 2647 2738 2757 2801 2836 3220 3243 3515 3690 3711
 3790 4204 4282 4292 4479 4714 5197 6117 6617 6967 7050 7400]",0.3451102595047141
"[ 248  484  592  689  957 1107 1121 1370 1602 1617 1665 1997 2038 2048
 2086 2306 2316 2412 2542 2566 2804 2820 2857 2866 3167 3301 3571 3739
 3762 3803 3817 3846 3936 4071 4415 4644 5812 6188 6898 7120]",0.33100701377941455
"[ 246  340  449  616  748  836 1023 1249 1327 1551 1661 1829 2080 2099
 2119 2212 2232 2464 2581 2710 2876 2903 2954 3003 3011 3032 3208 3342
 3451 3506 3924 3939 3951 4643 5617 5980 6623 6686 7036 7192]",0.33929495271191895
"[ 263  557  591  671  825  905 1090 1174 1323 1407 1808 1826 1926 1936
 1978 2104 2425 2471 2658 2763 2789 2924 2952 3228 3358 3448 3487 3723
 4086 4143 4205 4433 4921 5335 6117 6269 6497 6907 6967 7257]",0.3357899869376073
"[ 548  661  740  913 1044 1179 1243 1378 1656 1673 1835 1856 1967 2160
 2167 2329 2354 2432 2482 2679 2807 2938 3111 3138 3175 3301 3591 3650
 3784 3883 4084 4134 4503 5404 5977 6407 6542 6980 7110 7402]",0.3400598156572075
"[ 307  340  460  839  876 1038 1315 1408 1590 1753 1903 2020 2072 2099
 2221 2322 2571 2624 2655 2665 2684 3029 3066 3163 3293 3428 3464 3634
 3663 3929 4049 4149 4169 4278 4644 4921 6048 6902 7252 7401]",0.33301254094479377
"[ 389  553  663  886  900 1121 1301 1463 1551 1737 1755 1870 1997 2099
 2190 2251 2301 2483 2495 2576 2662 2741 2904 3069 3289 3368 3524 3563
 3855 3940 4004 4021 4204 4644 4708 5056 6194 6760 7180 7190]",0.3391394061090173
"[ 391  401  408  629  663  895  957 1121 1467 1521 1529 1901 1927 1937
 2099 2251 2376 2471 2509 2598 2642 2763 2876 3011 3037 3212 3240 3581
 3633 3643 3732 3812 4144 4207 4434 4846 6053 6757 6909 7401]",0.33618803221166627
"[ 248  453  764  887  949 1037 1056 1257 1309 1442 1534 1836 1859 1955
 2150 2160 2182 2428 2457 2793 2826 2879 3014 3103 3138 3288 3463 3517
 3648 3877 3956 4063 4500 4513 6117 6410 6539 6830 7108 7191]",0.3361383601739908
"[ 338  456  683  772  834  947 1172 1544 1593 1748 1786 1908 2014 2170
 2216 2251 2329 2374 2550 2648 2739 2870 3034 3169 3219 3370 3422 3591
 3712 3940 3953 4143 4207 4480 4586 4715 5474 5977 6905 7109]",0.33233137443607225
"[ 451  460  473  480  772  951  965 1050 1327 1443 1450 1673 1865 1902
 1929 2179 2305 2403 2499 2578 2764 2811 3013 3105 3219 3308 3425 3668
 3721 3746 3802 3992 4239 4353 4365 5836 6689 6909 7109 7474]",0.3512048500158539
"[ 233  267  384  844  895  908  945 1171 1402 1409 1445 1749 2099 2112
 2151 2232 2263 2286 2483 2737 2788 2816 2872 2901 3219 3351 3380 3440
 3715 3899 4080 4133 4357 5051 5978 6545 6624 7120 7233 7251]",0.32438619480071695
"[ 482  520  545  677  772 1027 1091 1119 1179 1369 1597 1622 1681 2028
 2120 2183 2222 2300 2570 2664 2692 2754 2941 3147 3169 3420 3462 3511
 3590 3642 3883 3919 4075 4410 4570 6187 6621 6826 7119 7447]",0.35513919765649693
"[ 602  620  877  898 1121 1310 1317 1537 1615 1660 1694 1885 1925 2108
 2148 2257 2304 2425 2457 2484 2647 2827 2873 3096 3208 3366 3501 3734
 3812 3932 4275 4366 4707 5410 6312 6402 6901 6979 7179 7401]",0.3331146143488061
"[ 317  336  731  755  814  842  906 1091 1175 1610 1799 1952 1959 1977
 1995 2183 2427 2515 2647 2670 2693 2890 2897 3012 3166 3213 3580 3881
 4001 4065 4087 4574 5063 6044 6548 6611 6981 7181 7330 7557]",0.33290037875087963
"[ 482  522  546  842  952 1174 1189 1467 1521 1549 1744 1797 1964 2002
 2114 2264 2299 2594 2760 2800 2924 2934 3238 3247 3294 3443 3711 3860
 4024 4133 4225 4360 4845 5335 5611 5835 6610 6690 7180 7401]",0.33223246733235506
"[ 320  557  663  831  887 1303 1326 1478 1594 1673 1936 1971 2093 2121
 2176 2357 2371 2683 2789 2872 2995 3104 3238 3359 3369 3637 3803 3812
 3819 3858 4292 4557 4992 5263 5850 6259 6620 6752 7322 7334]",0.3167716807497608
"[ 474  508  590  669  765 1126 1185 1374 1383 1390 1616 1885 1977 2019
 2036 2083 2211 2326 2433 2592 2694 2825 2940 3093 3129 3138 3288 3583
 3668 3855 4085 4133 4430 4482 6049 6059 6615 6835 7109 7402]",0.3097104480881129
"[ 454  533  552  753  913 1028 1044 1377 1458 1542 1867 1877 1892 1997
 2026 2117 2376 2395 2497 2578 2622 2739 2874 2899 3239 3282 3291 3774
 3784 3794 3883 3945 4360 5197 6119 6487 6754 6903 7251 7263]",0.354965809701848
"[ 485  608  689  733  741 1054 1385 1464 1474 1514 1734 1786 1834 1959
 2009 2180 2501 2589 2623 2811 2867 3176 3210 3230 3308 3436 3621 3785
 3803 3812 3936 4207 4500 5546 5907 6267 6325 6617 7331 7393]",0.343828521881198
"[ 592  621  723  812  963 1118 1125 1253 1665 1787 1898 1955 2079 2118
 2357 2385 2448 2540 2581 2691 2882 3015 3210 3363 3462 3583 3592 4013
 4069 4077 4095 4203 4337 4507 5345 5977 6547 6611 7111 7119]",0.3511860940578603
"[ 196  248  592  690  815  914 1175 1254 1381 1442 1691 1753 1859 2011
 2026 2188 2251 2301 2575 2803 2825 2938 3097 3137 3375 3641 3649 3775
 3943 3954 4292 4561 5345 5404 6046 6477 6825 6980 7295 7468]",0.3515133444529503
"[ 174  264  661  671  834  914  961 1163 1322 1545 1593 1765 1942 2026
 2185 2248 2362 2513 2592 2684 2815 2853 3006 3088 3356 3420 3437 3535
 3588 3739 3787 4062 4218 4438 4785 5318 6189 6694 6828 7471]",0.350909861147382
"[ 597  605  825  914 1117 1165 1318 1407 1467 1514 1905 1936 1996 2026
 2248 2255 2286 2303 2367 2761 2869 3066 3095 3175 3217 3373 3564 3648
 3869 4205 4231 4480 4643 5009 5836 6472 6622 6972 7322 7556]",0.3349425695478923
"[ 330  390  594  690  773 1120 1228 1249 1313 1519 1616 2001 2034 2090
 2098 2121 2183 2292 2588 2601 2640 2694 2897 2938 3000 3018 3240 3422
 3587 3649 3883 3919 4211 4268 4363 5974 6553 6759 7180 7190]",0.3524522038507093
"[ 177  379  483  755  887 1050 1160 1250 1599 1927 1962 1978 2088 2184
 2359 2457 2657 2900 3075 3208 3240 3437 3464 3572 3705 3948 3959 4010
 4074 4138 4338 4643 5271 5908 6114 6460 6625 6688 7180 7192]",0.3275797189813805
"[ 403  728  738  765  772 1101 1108 1233 1409 1471 1669 1906 1944 2030
 2109 2217 2281 2515 2579 2665 2693 2857 3011 3238 3287 3473 3490 3515
 3719 3812 4056 4080 4134 4428 5215 6313 6334 6767 6967 7330]",0.342532486197878
"[ 450  601  608  616  711  843 1018 1121 1182 1309 1543 1693 1805 1821
 1857 2041 2080 2520 2553 2577 2600 2709 2824 2870 3169 3375 3420 3431
 3722 3811 3872 3913 4070 4435 4482 5335 6323 6626 6687 7330]",0.3346450765508867
"[ 248  312  333  556  832  892  956 1122 1234 1326 1390 1622 1667 1799
 1858 1897 2099 2303 2430 2483 2543 2600 2876 2938 2995 3101 3430 3437
 3660 3768 3811 4205 4218 4301 4920 6115 6340 6754 7121 7580]",0.3193346380554537
"[ 307  332  486  604  830  949 1195 1319 1326 1616 1857 1872 1936 2026
 2046 2247 2304 2368 2396 2669 2695 2782 3082 3214 3448 3492 3653 3670
 3929 4014 4149 4267 4274 4644 5410 6187 6837 6901 7036 7401]",0.3276476346016706
"[ 478  730  744  842  894 1094 1117 1444 1621 1672 1735 1964 1997 2115
 2225 2483 2568 2591 2613 2789 3083 3233 3382 3505 3562 3625 3640 3727
 3746 4076 4231 4353 4437 4553 5345 5939 6193 6687 7109 7473]",0.30124728225920455
"[  56  474  531  623  873  880  972 1031 1124 1445 1529 1544 1764 1962
 2017 2079 2095 2254 2353 2406 2484 2659 2716 2749 2951 3291 3522 3583
 3635 3674 3860 4222 4277 4643 5906 6399 6481 6759 7107 7259]",0.33032855787358206
"[ 345  549  952  986 1050 1102 1184 1371 1601 1663 1685 1856 1907 2080
 2098 2251 2355 2445 2647 2693 2806 2867 2924 3168 3286 3587 3605 3650
 3811 4138 4157 4361 4391 4849 5771 5976 6837 6900 7335 7397]",0.33858924942086044
"[ 194  592  694  813  893 1044 1443 1452 1466 1830 1952 1980 2031 2222
 2321 2372 2472 2567 2693 2788 2876 3065 3079 3237 3369 3500 3675 3697
 3874 4132 4144 4152 4304 4422 4644 5398 5788 5980 6759 7190]",0.3266887512711469
"[ 321  450  691 1024 1109 1121 1299 1314 1519 1542 1606 1623 1866 2000
 2109 2116 2234 2363 2455 2567 2655 2760 3002 3101 3153 3232 3422 3593
 3673 3714 3797 4095 4205 4363 4482 4780 6188 6620 6969 7259]",0.3325112766736243
"[ 454  619  699  947  962 1442 1538 1591 1687 1744 1857 1864 2035 2094
 2188 2363 2683 2764 2814 2864 3015 3065 3104 3365 3454 3495 3660 3747
 3933 4068 4095 4154 4337 4574 4776 6116 6411 6903 6910 7109]",0.3329668551081658
"[ 246  486  521  753  834 1091 1101 1331 1395 1590 1858 1888 2044 2165
 2224 2424 2474 2502 2587 2890 3023 3048 3208 3222 3357 3516 3856 3884
 4061 4080 4122 4229 4574 5406 6165 6188 6408 6909 6971 7473]",0.3413021966580905
"[ 621  663  670  754 1126 1172 1259 1375 1673 1735 1837 1858 1867 1965
 2136 2258 2367 2377 2462 2567 2765 2867 3026 3089 3288 3423 3594 3605
 3720 3916 4152 4276 4407 4499 4910 5405 6047 6825 6980 7401]",0.31897092151410955
"[ 267  441  527  805  836  888  899 1299 1318 1522 1545 1765 1882 1889
 1998 2181 2226 2359 2402 2517 2599 2764 2937 3088 3096 3212 3273 3650
 3774 3803 3952 4140 4225 4486 4644 6045 6413 6617 6965 7332]",0.35743198660225134
"[ 319  332  415  732  764  810 1111 1172 1194 1611 1730 1743 2067 2115
 2248 2364 2479 2518 2566 2880 2935 3015 3353 3431 3451 3534 3631 3864
 3948 3955 4348 4368 4714 5039 5476 6334 6625 6831 7180 7261]",0.3412444393830004
"[ 193  527  771  805  906 1034 1309 1402 1514 1608 1809 1929 2047 2099
 2110 2223 2613 2735 2746 2786 2799 3294 3571 3589 3667 3724 3919 3983
 4070 4086 4220 4490 4850 5403 6049 6183 6412 6755 7188 7250]",0.331081860939365
"[ 308  339  600  687  907 1018 1108 1386 1518 1753 1786 1878 1936 2099
 2113 2375 2390 2510 2693 2710 2871 3004 3029 3092 3260 3579 3587 3605
 3740 3777 3927 4291 4348 4709 5125 6121 6542 7045 7109 7335]",0.33338350194977656
"[ 412  522  690  773  885  895 1121 1162 1185 1385 1535 1757 1866 2015
 2047 2101 2253 2433 2449 2583 2598 2689 2995 3085 3100 3220 3235 3493
 3651 3746 3855 3876 4272 4431 5835 6405 6768 7179 7260 7378]",0.3600345202075197
"[ 335  487  602  803  893  976 1054 1239 1301 1469 1567 1689 1814 1875
 1936 2181 2245 2335 2358 2377 2441 2757 2928 3011 3023 3350 3519 3599
 3697 3793 3852 3987 4337 4362 5364 5614 6127 6546 7037 7329]",0.284780017568136
"[ 177  447  525  557  621  815 1108 1121 1312 1442 1610 1674 1693 1734
 2024 2113 2174 2225 2500 2551 2733 2890 2996 3152 3309 3356 3535 3741
 3803 3864 4133 4368 4712 5264 5976 6550 6612 6910 7109 7472]",0.3326273377247373
"[ 309  547  747  767  810  825 1185 1231 1451 1478 1752 1929 1972 2082
 2099 2502 2516 2551 2651 2736 2893 2996 3086 3167 3221 3564 3727 3784
 3953 4046 4144 4204 4643 5265 6116 6759 6822 6909 7323 7472]",0.3473712410475853
"[ 382  487  763  813  822  876 1193 1253 1451 1603 1788 1836 1953 1963
 2113 2149 2266 2283 2449 2655 2754 2882 3144 3232 3294 3385 3421 3816
 3931 3944 4133 4505 5544 5835 5851 6339 6609 6688 7108 7119]",0.3501985608552398
"[ 404  411  451  533  771  894 1096 1260 1391 1480 1513 1664 1752 1925
 2011 2165 2216 2260 2387 2649 2658 2759 2853 2954 3034 3149 3156 3420
 3643 3724 3745 3809 4056 4291 5265 5975 6267 6680 6761 7400]",0.3090173790955014
"[ 414  473  670  833  874  982 1167 1250 1543 1743 1766 1788 1944 2008
 2105 2256 2305 2495 2507 2671 2693 2997 3011 3105 3146 3235 3564 3628
 3647 3727 3953 4144 4204 4294 4301 6116 6549 6980 7180 7330]",0.3268982933163792
"[  74  402  742  832  877 1193 1320 1371 1399 1598 1820 1835 1898 1943
 2360 2446 2453 2709 2755 2766 2943 3003 3021 3209 3241 3365 3705 3801
 3856 3883 4218 4231 4554 5293 5345 6117 6618 6981 7323 7330]",0.3319767276499171
"[ 317  484  616  802  985 1025 1177 1256 1263 1299 1799 1806 1813 1904
 1964 2076 2281 2377 2396 2624 2655 2783 2932 3015 3165 3352 3365 3642
 3847 3881 3942 4211 4290 4553 6050 6302 6615 6694 7109 7330]",0.3477891308751784
"[ 318  340  448  762  812  912 1089 1178 1616 1665 1817 1997 2119 2324
 2367 2520 2600 2639 2831 2932 2950 3010 3035 3136 3370 3520 3566 3745
 3789 3951 4014 4133 4362 4637 5330 6333 6697 6899 7195 7401]",0.32871399783321004
"[ 391  547  731  767  810 1101 1181 1379 1476 1531 1611 1796 1880 2067
 2175 2256 2362 2447 2621 2862 2882 2926 2944 3104 3380 3430 3675 3723
 3802 3918 3927 4237 4291 4785 5416 5909 6687 6766 7037 7473]",0.3388124171857747
"[ 525  605  618  629 1168 1264 1318 1442 1538 1716 1805 2082 2096 2177
 2258 2407 2432 2496 2516 2668 2828 3000 3011 3105 3166 3444 3491 3599
 3789 3852 3940 4273 4336 4427 4434 6046 6062 6124 6829 7119]",0.3225664842506987
"[ 333  591  669  765  966 1101 1450 1533 1612 1690 1810 1857 1944 2030
 2148 2189 2253 2496 2516 2648 2754 3008 3015 3240 3353 3446 3464 3643
 3650 4023 4133 4290 4483 4568 5686 5978 6552 6615 7180 7189]",0.37089320557099925
"[ 246  619  818  946 1039 1052 1330 1381 1507 1677 1830 1947 1996 2009
 2027 2180 2333 2483 2568 2802 2828 2935 2960 3211 3238 3391 3414 3436
 3588 3710 3811 4146 4205 4225 4709 4772 6258 6760 7122 7179]",0.3475613142940851
"[ 317  558  688  812  819  875  978 1056 1180 1315 1613 1665 1786 1864
 1962 2026 2118 2158 2252 2508 2642 2671 2805 2897 2940 3004 3056 3171
 3374 3568 3580 3845 3943 3955 4207 4435 5978 6904 7251 7400]",0.3524493286043757
"[ 313  700  751  762  884 1263 1397 1447 1459 1904 1940 2174 2181 2286
 2449 2507 2541 2764 2809 2891 2937 2944 3281 3311 3517 3574 3581 3741
 4148 4180 4281 4409 5642 6048 6339 6541 6761 6981 7109 7400]",0.35607835235957463
"[ 382  692  699  804  815 1253 1299 1334 1589 1597 1748 1928 1980 2108
 2170 2292 2300 2542 2566 2625 2731 2892 2903 3076 3096 3352 3446 3573
 3674 3794 3950 3992 4365 4643 4703 5905 6483 6616 7124 7257]",0.34371094592401097
"[ 138  308  338  809  843 1047 1102 1394 1444 1672 1691 2000 2018 2109
 2152 2167 2259 2457 2637 2652 2758 2802 3001 3150 3169 3444 3567 3647
 3738 4079 4133 4211 4573 4702 5197 5980 6752 6761 6910 7324]",0.33304080981290685
"[ 320  620  801  810  917 1051 1178 1442 1610 1665 2027 2044 2060 2085
 2143 2305 2394 2545 2624 2643 2868 2953 3003 3017 3137 3434 3451 3583
 3741 3783 3984 4363 4484 5484 5783 5975 6468 6546 7192 7256]",0.33506103078172467
"[ 268  316  379  677  720  828  909 1018 1250 1309 1401 1550 1659 1963
 2027 2070 2259 2360 2371 2465 2624 2666 2857 3014 3313 3359 3376 3492
 3868 3930 3948 4136 4409 4573 5836 6395 6481 6687 7192 7327]",0.3292703198045182
"[ 320  476  487  962 1022 1049 1254 1515 1594 1693 1926 1970 2055 2166
 2175 2301 2359 2476 2670 2781 2892 3017 3075 3350 3448 3697 3716 3794
 3881 4132 4214 4224 4480 4704 5405 5978 6549 6980 7179 7401]",0.3219613802016747
"[ 193  452  483  607  759 1019 1243 1251 1262 1749 1942 1955 1995 2050
 2075 2109 2449 2565 2577 2604 2655 2833 2945 3066 3077 3166 3672 3781
 3793 4056 4141 4159 4477 4572 6119 6556 6617 6922 6967 7402]",0.3499211461901333
"[ 319  333  809  834  961 1181 1370 1381 1480 1716 1892 1943 1953 2047
 2182 2439 2563 2593 2621 2672 2785 2938 3088 3237 3422 3436 3598 3713
 3730 3916 4095 4211 4223 4337 4573 6047 6484 6973 7051 7179]",0.3323896618432918
"[ 339  384  630  836  889  950 1249 1327 1443 1478 1735 1786 1826 2026
 2047 2219 2246 2496 2579 2657 2765 2827 2928 2952 3148 3492 3534 3580
 3589 3712 4077 4212 4276 4572 5406 6192 6324 6482 6902 7334]",0.3418004328390728
"[ 319  381  474  483  741  947  973 1101 1179 1479 1610 1744 1787 1803
 1865 2093 2120 2181 2567 2575 2589 2624 2687 2738 2937 3071 3349 3441
 3592 3783 3955 4013 4077 4272 5403 5905 6831 6910 7251 7329]",0.3563265208830718
"[ 246  404  593  816  983 1179 1231 1543 1666 2029 2110 2120 2163 2294
 2354 2530 2659 2714 2760 2890 3021 3146 3279 3369 3555 3682 3711 3731
 3864 3884 4205 4365 4496 5060 5406 5905 6547 7041 7050 7286]",0.32162606321963405
"[ 381  481  659  812  825 1122 1175 1370 1377 1397 1675 1788 1872 1908
 1950 1968 2173 2219 2580 2638 2671 2733 2829 3011 3141 3240 3303 3361
 3651 3952 4049 4068 4507 5406 6116 6244 6767 6831 7322 7332]",0.33793222143912843
"[ 459  482  658  758  881  892  915 1192 1381 1538 1728 2033 2066 2096
 2144 2160 2258 2591 2638 2671 2693 2797 2828 3075 3137 3297 3312 3376
 3714 3742 3792 3947 4274 4436 6045 6477 6682 6976 7323 7385]",0.3582828458778952
"[ 314  336  732  748  882  908  970 1462 1735 1755 1870 1959 1975 2211
 2266 2324 2520 2579 2642 2745 2763 2942 3255 3285 3349 3520 3650 3812
 3852 4056 4155 4500 4553 4564 5834 6124 6759 6767 7155 7260]",0.3294867856980719
"[ 315  693  735  748  914 1232 1312 1462 1480 1543 1731 1973 2095 2105
 2140 2289 2472 2607 2655 2789 2810 2945 3066 3175 3295 3307 3570 3628
 3746 3803 3937 4132 4267 4503 4763 5977 6621 6682 7121 7180]",0.3285789333217408
"[ 336  449  771  810  833 1038 1102 1513 1520 1601 1611 2018 2044 2099
 2141 2265 2322 2507 2637 2734 2762 2816 2869 3072 3370 3378 3421 3788
 3811 3939 4203 4565 4572 5416 5445 5834 6332 6825 6974 6981]",0.34654105207822805
"[ 456  690  805  956  981 1108 1601 1613 1620 1878 1930 2032 2084 2110
 2404 2428 2446 2580 2825 3001 3015 3098 3150 3500 3581 3589 3699 3812
 3991 4223 4429 4480 4635 5444 5765 6330 6410 6970 7052 7401]",0.3601130888609377
"[ 247  544  768  816  880 1043 1384 1391 1442 1619 1683 1926 1936 1957
 2090 2117 2181 2431 2565 2666 2692 2798 2925 3307 3358 3534 3583 3707
 3740 3856 4005 4195 4225 4424 4644 6117 6196 6756 6905 7402]",0.35124596813107856
"[ 380  410  460  688  983 1100 1256 1299 1391 1478 1589 1787 1893 1936
 1955 2256 2300 2390 2590 2643 2698 2810 2830 3083 3285 3305 3455 3700
 3725 3745 3855 4022 4205 4504 4709 5192 6193 6680 6836 7473]",0.31934509518994936
"[ 314  378  688  908  956 1091 1392 1452 1474 1765 1893 1943 2025 2141
 2184 2385 2588 2605 2688 2781 2788 3018 3169 3223 3281 3586 3668 3787
 4079 4134 4338 4574 4634 5650 6186 6267 6302 6831 7192 7326]",0.32894727095946996
"[ 160  248  593  623  887 1162 1263 1327 1461 1583 1762 1857 1946 1956
 2040 2147 2318 2367 2590 2692 2786 2827 3159 3223 3381 3498 3554 3633
 3655 3790 3879 3958 4133 4338 4575 5403 6045 6761 7121 7326]",0.33218926425275547
"[ 528  591  688  748 1120 1229 1255 1310 1742 1836 1928 1936 1967 2088
 2240 2505 2567 2686 2805 2868 3001 3241 3365 3375 3535 3640 3740 3769
 3860 3939 4499 4771 5836 6255 6333 6415 6901 7050 7251 7471]",0.3423339871276798
"[ 410  591  607  669  758 1050 1172 1327 1513 1592 1673 1858 2009 2182
 2238 2245 2260 2358 2515 2753 2765 2853 3095 3146 3440 3639 3743 3935
 4135 4156 4501 4706 5492 5739 6047 6411 6545 6980 7110 7471]",0.3291851427183472
"[ 264  521  603  912 1040 1189 1238 1318 1610 1657 1787 1947 1954 2047
 2110 2151 2174 2285 2756 2764 2785 2801 2863 3034 3161 3240 3352 3359
 3661 3793 3984 4025 4134 4429 4482 5611 6261 6320 6900 6908]",0.35640540878755333
"[ 319  522  694  969 1103 1260 1376 1672 1682 1691 1857 2090 2151 2244
 2251 2329 2572 2591 2690 3011 3026 3090 3209 3287 3535 3558 3793 3883
 3943 4069 4132 4409 4432 4706 5974 6550 6825 7124 7323 7472]",0.32321051918059
"[ 319  452  487  544  764  887  946 1037 1237 1263 1760 1812 1824 1935
 2069 2225 2256 2318 2381 2501 2826 2861 2868 2890 3208 3236 3365 3429
 3486 3666 3727 3919 3931 4097 4435 5978 6268 6690 7109 7191]",0.3236522445346718
"[ 249  261  589  668  751  762  912 1250 1308 1441 1542 1669 1856 1978
 2015 2112 2176 2425 2435 2588 2625 2684 2809 2924 3076 3372 3454 3532
 3568 3575 3703 4025 4207 4222 4286 5416 5907 6685 6837 7115]",0.3285273791382398
"[ 306  340  389  401  667  845  961 1016 1117 1377 1391 1408 1716 1755
 2025 2032 2253 2283 2332 2515 2575 2882 2945 3219 3352 3445 3525 3649
 3713 4013 4097 4211 4362 4561 5070 5976 6473 6904 7110 7400]",0.35312202599723286
"[ 406  521  529  581  841  905 1156 1182 1242 1376 1473 1673 1837 1948
 2179 2259 2289 2438 2594 2696 2825 2868 3026 3208 3230 3288 3724 3882
 4001 4056 4158 4291 4349 6117 6196 6491 6754 6761 7192 7398]",0.3360304797049316
"[ 739  803  819  906 1056 1110 1452 1516 1543 1856 1884 1935 1948 2108
 2186 2335 2431 2671 2801 2826 2904 3171 3234 3288 3508 3535 3728 3782
 3955 4132 4215 4301 4911 5131 6330 6411 6514 6830 7108 7261]",0.33908752644275225
"[ 319  519  557  619  815 1020 1121 1256 1320 1381 1442 1693 1875 1897
 1954 2002 2009 2246 2513 2520 2576 2613 2764 2780 2812 3218 3305 3369
 3491 3674 4018 4204 4223 4339 4501 5838 6475 6980 7109 7400]",0.3238067819141594
"[ 288  591  600  621  825 1031 1299 1450 1464 1472 1599 1949 2008 2103
 2187 2428 2601 2655 2665 2788 2831 2923 3148 3168 3374 3508 3564 3675
 3714 3943 4025 4075 4347 4712 5630 5763 6543 6554 7038 7048]",0.3451501929307104
"[ 269  460  879  902  909 1034 1240 1443 1464 1615 1881 1929 1940 2048
 2175 2183 2478 2509 2572 2590 2672 2826 2939 3229 3240 3351 3435 3936
 3955 4000 4017 4040 4343 4504 5791 5836 6469 6899 6908 7400]",0.33835256216336956
"[ 459  483  805  902 1034 1051 1299 1308 1324 1602 1691 1716 1943 2096
 2212 2219 2251 2260 2513 2664 2693 2787 3097 3148 3208 3301 3643 3650
 3811 3874 4062 4215 4266 4367 4704 5975 6757 6835 7179 7333]",0.34397277751591654
"[ 319  330  588  738  772  824 1122 1316 1397 1661 1692 1812 1930 2082
 2113 2175 2264 2425 2450 2581 2645 2685 2871 3282 3311 3373 3431 3651
 3817 4067 4087 4127 4364 4570 5336 5346 5907 6406 6767 7257]",0.3263803146497827
"[ 334  451  801  811  821  836 1266 1327 1513 1591 1599 1761 2032 2074
 2081 2162 2328 2727 2765 2876 2886 2995 3076 3366 3446 3454 3635 3787
 3866 4024 4134 4158 4336 4574 4777 5476 6048 6615 7262 7325]",0.33814952256769315
"[ 592  601  691 1051 1179 1232 1243 1609 1729 1807 1835 2029 2113 2212
 2219 2412 2442 2530 2591 2720 2757 2924 2941 3104 3161 3168 3436 3498
 3660 3844 3884 4117 4141 4294 4347 4408 5905 6693 6967 7192]",0.3357540691503492
"[ 306  559  692  742  820  948 1054 1331 1463 1660 1692 1865 2000 2095
 2114 2245 2334 2368 2498 2937 2945 2995 3034 3097 3427 3511 3535 3591
 3704 3998 4095 4204 4366 4429 4693 5905 6254 6481 6758 7330]",0.34598272715875156
"[ 386  592  816  978 1042 1477 1513 1537 1734 1815 1860 1907 2011 2113
 2236 2358 2457 2483 2507 2797 2805 2897 2996 3075 3097 3392 3447 3507
 3845 3856 3877 4007 4297 4409 6046 6197 6828 6879 7323 7334]",0.34320846947844275
"[ 209  411  668  754 1028 1090 1124 1324 1616 1672 1872 1907 1935 2070
 2313 2320 2566 2590 2612 2652 2763 2787 3029 3088 3352 3361 3582 3811
 3931 3943 4133 4603 4644 5686 6187 6600 6696 6757 7323 7402]",0.31652657928342637
"[ 461  593  621  981 1091 1101 1109 1441 1546 1752 1806 1931 1938 2026
 2190 2251 2456 2643 2658 2691 2816 2825 3020 3223 3318 3425 3881 3943
 4041 4077 4134 4141 4439 4645 4832 6399 6445 6831 7121 7323]",0.31440297133203876
"[ 528  619  752  773  805 1050 1168 1320 1471 1664 1820 1856 1940 2095
 2119 2319 2551 2582 2642 2733 2811 2819 2827 3211 3304 3366 3559 3858
 3884 3943 4119 4132 4364 4779 6333 6482 6831 6980 7109 7400]",0.3364948524264534
"[ 269  404  450  603  701  752  978 1090 1097 1326 1590 1599 1894 1998
 2020 2083 2170 2190 2324 2580 2623 2746 2757 2786 2946 3355 3376 3581
 3668 3702 3857 4206 4221 4229 4778 5974 6694 6758 7252 7401]",0.32437638400027285
"[ 404  592  700  764  822 1028 1410 1443 1472 1673 2095 2151 2185 2215
 2246 2445 2752 2781 2882 2941 3073 3377 3421 3508 3603 3642 3943 3952
 4056 4142 4293 4701 5336 5458 5795 5904 6403 6837 7039 7330]",0.3501624326102831
"[ 402  672  765  892  948 1313 1334 1397 1603 1765 1946 2099 2183 2217
 2264 2437 2449 2714 2763 2797 2948 2963 3027 3444 3492 3527 3534 3571
 3578 3841 4023 4075 4202 4367 4570 6259 6689 6696 7036 7190]",0.3516694386299893
"[  36  521  745  894  901  985 1092 1298 1385 1407 1751 1800 1815 2118
 2248 2284 2292 2379 2655 2783 2882 2945 3279 3294 3313 3464 3590 3641
 3724 4138 4158 4506 4637 5279 5403 6262 6831 6980 7109 7400]",0.3362528734901715
"[ 194  596  772  819  836  943 1181 1233 1314 1334 1682 1885 2044 2085
 2287 2334 2390 2519 2649 2854 2899 3086 3289 3307 3558 3566 3582 4004
 4024 4085 4132 4408 4501 5368 5405 6119 6608 6618 7110 7189]",0.3525067286593797
"[ 176  474  629  810  819  874  977 1308 1322 1408 1528 1584 1613 1788
 1949 2099 2148 2320 2330 2594 2643 2766 2868 3164 3313 3358 3491 3511
 3733 4008 4072 4096 4132 4337 4508 4708 6116 6902 7323 7401]",0.33075519575422646
"[ 306  475  674  772  874  971 1050 1241 1441 1463 1471 1480 1859 1940
 1959 2253 2404 2427 2580 2593 2671 2942 3138 3147 3169 3507 3516 3535
 3812 3992 4004 4084 4482 4505 4710 5407 5975 6700 6755 7190]",0.33125630104222653
"[ 380  388  552  748  872 1044 1242 1264 1466 1661 1763 1786 1954 2180
 2221 2244 2263 2442 2593 2613 2714 2909 3011 3375 3506 3560 3674 3711
 3941 3951 4002 4205 4409 4438 4782 5770 6045 6687 7047 7395]",0.3240229349359396
"[ 482  669  733  899  962 1050 1234 1392 1525 1541 1866 1891 2046 2097
 2360 2371 2393 2495 2542 2733 2764 2857 2937 3227 3385 3421 3505 3711
 3731 3954 4071 4132 4436 4992 5555 5616 6117 6680 6971 7404]",0.34273955033367254
"[ 533  590  760  840  881 1182 1302 1334 1596 1750 1837 1855 2011 2089
 2170 2183 2356 2483 2589 2688 2816 2925 3004 3087 3165 3364 3603 3655
 3733 4004 4204 4480 4503 5345 5974 6614 6763 7109 7123 7258]",0.3301023734364933
"[ 378  460  548  955 1033 1160 1192 1326 1657 1735 1814 1821 2043 2070
 2264 2303 2571 2578 2602 3017 3079 3105 3142 3525 3583 3634 3642 3746
 4005 4021 4279 4437 4499 4551 5656 6191 6553 6967 7123 7401]",0.32522800335095886
"[ 379  414  600  762  949 1056 1176 1331 1371 1451 1466 1786 1834 1897
 1958 2089 2284 2379 2475 2507 2536 2784 2877 2940 3105 3284 3307 3558
 3580 3714 3817 3943 4134 4359 4771 4835 5478 6049 6905 7109]",0.3399126034309221
"[ 319  378  550  741  875  983 1101 1183 1307 1616 1857 1880 1936 2029
 2085 2109 2188 2354 2580 2662 2754 2761 3027 3069 3159 3219 3520 3634
 3673 3718 3798 4133 4211 4218 5763 6262 6484 6533 6967 6976]",0.3436312179590279
"[ 237  762  772  810  818  944 1305 1326 1390 1618 1823 1941 1995 2049
 2164 2253 2290 2457 2495 2625 2656 2806 2996 3076 3379 3441 3603 3789
 3843 3944 3951 4134 4407 4505 4568 5903 6688 7108 7121 7471]",0.35154385111922726
"[ 177  382  621  895 1022 1263 1326 1459 1732 1760 1824 1867 2000 2099
 2300 2330 2364 2393 2449 2482 2567 2880 3011 3034 3073 3376 3558 3642
 3674 3864 3873 4207 4435 4639 4768 5557 6048 6681 6907 7184]",0.3287936015772206
"[ 248  269  594  831  872  956 1051 1247 1450 1752 1835 2081 2099 2113
 2162 2248 2284 2408 2611 2657 2716 2736 2815 2906 3147 3306 3352 3368
 3943 4003 4024 4204 4434 4695 4710 6328 6452 6620 7192 7325]",0.32935896378867413
"[ 248  663  745  764  772  827 1301 1308 1320 1327 1821 1831 1882 2070
 2364 2395 2403 2590 2782 2899 2939 3026 3090 3216 3522 3558 3637 3716
 3726 4134 4214 4407 4436 5196 5766 6196 6546 6907 7178 7257]",0.3432276524220543
"[ 449  691  699  813  946 1038 1187 1589 1786 1816 1829 1866 2092 2178
 2359 2402 2441 2522 2623 2791 2882 3013 3210 3312 3362 3486 3512 3711
 3733 3884 3899 3931 4205 4337 4362 6050 6837 6877 6901 7399]",0.31867853208617486
"[ 248  403  411  810  872  888  901  911 1178 1597 1677 1686 1858 1866
 1906 1947 2099 2182 2430 2510 2730 2758 2953 3002 3066 3243 3434 3464
 3589 3710 3811 3840 4007 4207 4571 5564 6120 6617 7192 7255]",0.3462010391980539
"[ 591  765  886  900 1304 1409 1531 1735 1827 1856 2077 2121 2176 2305
 2412 2618 2655 2785 3018 3076 3172 3190 3463 3508 3519 3566 3668 3930
 3984 4294 4304 4482 4500 4704 5416 6258 6453 6553 6759 7326]",0.3457785792913748
"[ 377  547  749  874  882 1111 1260 1317 1374 1595 1680 1717 1835 1940
 2243 2250 2360 2371 2401 2622 2739 2790 2818 2873 3223 3287 3351 3592
 3619 3795 3859 4280 4300 4408 4644 4779 6188 6554 6754 7400]",0.296418103929955
"[  53  550  669  894 1088 1099 1329 1590 1603 1859 1969 2047 2085 2236
 2356 2601 2648 2758 2869 3104 3160 3213 3508 3598 3605 3643 3801 3843
 4133 4287 4339 4708 6160 6188 6684 6692 6818 7323 7401 7525]",0.31864612197909986
"[ 474  521  554  742  971 1049 1103 1447 1786 1822 1900 1944 2008 2093
 2100 2285 2438 2603 2617 2854 2943 3007 3021 3428 3582 3590 3706 3746
 4068 4080 4336 4501 5403 5415 6117 6268 6904 6912 7109 7402]",0.33253792900089385
"[ 384  622  948 1101 1115 1264 1589 1606 1613 1837 1857 2106 2153 2163
 2399 2424 2513 2575 2665 2830 3012 3104 3146 3168 3518 3558 3566 3669
 3724 4205 4293 4303 4553 4713 5417 5905 6267 6759 7192 7325]",0.3351244952017306
"[ 320  382  410  616  742  877  893 1048 1055 1239 1622 1749 1937 1971
 2001 2157 2193 2238 2249 2507 2928 3008 3087 3170 3265 3502 3580 3635
 3813 3876 4001 4278 4367 4407 4573 6118 6763 6854 7179 7400]",0.3273942908302382
"[ 200  673  754  834  913 1088 1176 1184 1549 1591 1645 1884 2012 2181
 2285 2330 2446 2457 2580 2625 2785 3015 3098 3221 3280 3448 3554 3717
 3868 4205 4358 4372 4436 4850 6034 6187 6626 6752 6759 7121]",0.34903258760603684
"[ 309  485  544  741  872  906  915 1101 1179 1515 1615 1743 1857 2033
 2118 2154 2355 2375 2530 2758 2837 2859 3011 3171 3209 3302 3533 3570
 3631 3650 4144 4205 4225 4644 5335 5974 6540 6550 7040 7403]",0.3224484610526536
"[ 383  405  412  773  817 1121 1376 1543 1602 1666 1942 2040 2102 2189
 2211 2360 2374 2594 2622 2869 2891 2996 3074 3313 3440 3591 3642 3884
 4057 4078 4136 4573 5417 6124 6188 6829 6957 6982 7395 7402]",0.3110889469916551
"[ 269  455  830  872  913 1171 1234 1332 1536 1716 1763 1884 2251 2282
 2332 2483 2504 2512 2592 2754 2995 3012 3024 3174 3290 3487 3568 3592
 3720 3744 3941 4068 4131 4237 4407 4431 5975 6689 7037 7192]",0.3442894315872689
"[ 545  590  668  675 1105 1121 1167 1256 1444 1551 1753 1856 1882 1944
 2172 2220 2250 2262 2582 2710 2743 2806 2897 3155 3351 3384 3500 3516
 3722 3884 3918 3948 4215 4295 6187 6196 6688 7030 7050 7256]",0.34261189089687116
"[ 521  549  599  893 1053 1185 1309 1389 1442 1545 1874 2009 2113 2175
 2354 2378 2577 2624 2655 2679 2829 3019 3221 3284 3454 3583 3705 3746
 3788 4079 4095 4123 4138 4157 4429 4901 6187 6547 6977 7110]",0.3434026090908571
"[ 557  801  810  831 1030 1376 1473 1480 1596 1678 1795 1944 2113 2142
 2235 2292 2313 2640 2693 2728 2789 2814 2826 3138 3231 3289 3309 3393
 3653 3783 3947 3955 4269 4363 4565 5405 5416 6546 7041 7192]",0.2979187551333469
"[ 178  222  267  331  521  600  844  979 1110 1376 1457 1763 1857 1961
 2181 2234 2259 2288 2367 2484 2638 2690 2752 2789 2875 3211 3220 3372
 3663 3674 4024 4061 4068 4146 5051 5471 6085 6256 6263 7191]",0.30320836639645654
"[ 268  317  733  767  811  820  900 1231 1310 1463 1616 1723 1857 1949
 2182 2220 2246 2260 2444 2567 2742 2764 2788 2876 2940 3218 3307 3370
 3423 3648 3675 4159 4215 4293 5783 6119 6480 6753 7095 7330]",0.34019184085937426
"[ 319  482  519  597  759 1246 1263 1381 1396 1441 1762 1882 1963 2012
 2183 2216 2405 2506 2515 2522 2751 2783 3016 3167 3217 3535 3660 3795
 3811 3991 4214 4409 4575 4781 6045 6760 6850 6982 7181 7471]",0.3625674767972494
"[ 160  473  596  693  730  894 1096 1194 1610 1661 1691 1745 2070 2180
 2259 2291 2303 2596 2640 2763 2824 2937 2945 3141 3167 3647 3658 3675
 3708 3768 3951 4437 4499 5192 6480 6540 6901 7286 7322 7331]",0.3602926179799144
"[ 338  669  831  875  895 1054 1165 1173 1397 1673 1757 1786 1936 2120
 2134 2232 2255 2357 2685 2695 2723 2874 2995 3028 3217 3439 3493 3535
 3661 3668 3715 4134 4291 4424 4622 5626 6333 6755 6837 7401]",0.34656659672920276
"[ 378  405  462  555  949 1043 1050 1240 1513 1530 1610 1622 1952 1971
 2211 2230 2247 2404 2575 2726 2735 2764 2826 3235 3294 3355 3585 3629
 3675 4015 4023 4076 4133 4211 4267 4571 5763 6258 6907 7256]",0.32944290311314695
"[ 247  333  668  693  874  892  915 1389 1478 1539 1659 1858 2020 2081
 2250 2314 2329 2431 2494 2694 2732 2793 2999 3227 3241 3359 3590 3649
 3703 3818 3855 3953 4434 5405 5771 6049 6614 6909 7110 7400]",0.32687928237503183
"[ 454  765  816  823  873 1127 1305 1391 1473 1665 1969 1976 1996 2102
 2148 2301 2596 2642 2693 2753 2946 3008 3172 3354 3518 3652 3746 3856
 3982 4022 4275 4295 4430 6123 6255 6486 6830 6980 7179 7330]",0.3585713330879229
"[ 478  809  959 1183 1193 1543 1593 1743 1963 1973 1996 2009 2232 2470
 2505 2525 2568 2690 2745 2940 3161 3241 3353 3431 3534 3655 3734 3771
 3883 4049 4071 4346 4434 6045 6475 6490 6610 6909 7109 7439]",0.2981719046848465
"[ 410  663  672  892  978 1325 1442 1524 1686 1887 1999 2120 2231 2252
 2291 2567 2613 2626 2674 2791 2872 2880 3066 3105 3294 3356 3630 3665
 3673 3798 4217 4343 4715 5416 6048 6686 6835 7106 7220 7256]",0.34176089940359994
"[ 302  459  766  809  896 1101 1395 1663 1673 1866 1929 1978 2040 2095
 2174 2229 2425 2432 2665 2758 2793 2836 2846 2942 2955 3282 3360 3373
 3721 3803 3812 3848 3855 4481 4506 5907 6476 6972 7122 7472]",0.33528926117636715
"[ 268  529  630  664  762 1107 1122 1170 1371 1467 1668 1934 1966 1973
 2085 2099 2404 2572 2589 2834 3009 3020 3174 3286 3451 3650 3703 3854
 3941 3951 4199 4354 4363 4831 5336 5908 6544 6834 7111 7401]",0.34461973806330026
"[ 410  567  806  830  845  885 1263 1299 1307 1315 1393 1613 1716 1765
 1866 2086 2095 2104 2330 2506 2516 2641 2695 2937 3087 3282 3310 3437
 3464 3854 3880 3944 4204 4221 4424 4910 5873 5978 6834 7184]",0.3524415654975715
"[ 340  592  600  700  835 1164 1196 1251 1456 1683 1734 1889 1930 2095
 2113 2121 2483 2581 2641 2665 2684 2818 3014 3291 3351 3522 3674 3727
 3859 4168 4204 4366 4565 5343 5905 6195 6485 6760 6981 7255]",0.33176842681067026
"[ 388  626  730  737  824 1115 1168 1535 1545 1585 2007 2026 2090 2246
 2257 2284 2505 2521 2867 2896 3016 3066 3145 3310 3488 3576 3607 3740
 3797 4075 4134 4158 4269 4508 4569 5335 5976 6825 6904 7400]",0.32893065737345234
"[ 404  448  741  769  824  975 1090 1245 1471 1535 1733 1832 1926 2167
 2181 2221 2245 2587 2613 2642 2764 2882 3087 3102 3149 3282 3592 3644
 3722 3745 3987 4083 4424 4644 5335 5555 6046 6976 7040 7474]",0.3526941937768213
"[ 692  741  876  890 1180 1193 1514 1663 1687 1820 1980 1997 2095 2147
 2186 2458 2509 2623 2637 2644 2661 3150 3241 3352 3487 3516 3744 3788
 3808 4133 4230 4363 4498 5184 5834 5872 6407 6757 7048 7326]",0.34444930877235563
"[ 319  482  525  683  802  886 1050 1307 1390 1753 1937 2019 2069 2099
 2113 2121 2359 2515 2672 2763 2805 3005 3083 3208 3242 3500 3663 3798
 3831 4023 4070 4133 4568 4575 5836 6333 6539 6695 6901 7263]",0.3428732460081395
"[ 318  590  759  770  959 1092 1262 1396 1442 1663 1743 1786 1831 2033
 2148 2161 2253 2475 2659 2718 2753 2923 3081 3315 3376 3501 3636 3651
 3675 4000 4022 4081 4135 4502 5335 6047 6325 6830 7122 7179]",0.3569966392433378
"[ 462  526  622  755  876 1103 1192 1237 1327 1667 1891 1929 1941 2161
 2189 2392 2575 2592 2656 2709 2830 3006 3140 3235 3571 3583 3665 3821
 3919 4005 4068 4644 5405 5700 5957 6047 6196 6688 7178 7256]",0.3312928508397772
"[ 310  623  803  812  894  983 1257 1374 1453 1835 1857 1871 1959 2021
 2183 2425 2458 2520 2551 2576 3011 3018 3137 3171 3288 3464 3513 3592
 3648 3670 3771 3996 4011 4430 4480 4665 5976 6408 7040 7191]",0.3220474131275706
"[ 124  388  761  877  892  913 1255 1310 1622 1747 1756 2072 2081 2090
 2118 2466 2576 2615 2726 2853 3034 3087 3169 3219 3589 3602 3628 3650
 3707 3856 4023 4204 4364 4409 4921 5696 6045 6831 6910 7401]",0.33384779022069333
"[ 388  544  554  731 1048 1102 1230 1539 1960 1977 2087 2094 2109 2204
 2356 2364 2543 2592 2765 2814 2936 3086 3177 3281 3376 3653 3713 3812
 4050 4133 4147 4297 4424 4482 4921 5196 5838 6329 6899 7120]",0.3339608698371186
"[ 453  753  760  767  953 1017 1103 1326 1604 1665 1692 1935 2070 2167
 2180 2190 2438 2516 2611 2629 2637 2930 3154 3375 3432 3496 3534 3669
 3996 4007 4014 4398 4501 4551 5057 5978 6254 6548 6898 7122]",0.3386769777196282
"[ 336  529  590  678  900 1026 1121 1387 1680 1847 1865 1885 2015 2112
 2358 2376 2472 2507 2528 2937 2947 2958 2995 3357 3439 3491 3591 3881
 3923 4009 4159 4573 4850 5395 5834 5846 6256 6429 6905 7107]",0.33314040748990814
"[ 380  544  601  843  894  947 1187 1392 1665 1871 1998 2044 2099 2220
 2264 2449 2600 2624 2713 2797 2825 3018 3240 3358 3365 3491 3518 3746
 3868 4002 4132 4482 4503 4566 5314 5766 6116 6615 7110 7119]",0.3351625298521619
"[ 557  591  672  691  893 1054 1162 1468 1526 1621 1786 2012 2026 2038
 2192 2362 2520 2530 2694 2711 2753 3016 3076 3168 3209 3533 3571 3650
 3943 4024 4134 4365 4429 4768 5405 5836 6547 6767 7109 7471]",0.34915091786289837
"[  87  264  317  557  832  892  948 1097 1392 1661 1682 1787 1883 1974
 2081 2104 2282 2336 2468 2519 2712 2719 2868 3093 3105 3218 3353 3510
 3663 3714 3941 3954 4231 4290 4353 5194 6615 6764 7109 7472]",0.33464322681692626
"[ 453  460  874  900  961  980 1309 1330 1531 1622 1821 1859 1971 2079
 2094 2333 2464 2556 2572 2741 2794 2801 3066 3237 3293 3606 3642 3723
 3777 3884 4014 4141 4219 4558 5835 6228 6400 6627 6691 7256]",0.34878164391215605
"[ 341  521  606  979 1022 1109 1315 1370 1400 1764 1820 1858 1867 1881
 1970 2390 2403 2434 2567 2659 3021 3147 3280 3437 3733 3755 3775 3855
 3934 4275 4296 4338 4430 5025 5630 6015 6116 6761 6825 7404]",0.3204709410884569
"[ 312  319  539  630  691  811 1051 1172 1185 1691 1816 1871 1894 1927
 2147 2254 2377 2655 2781 2861 2900 2960 3017 3211 3292 3591 3852 3953
 4077 4086 4354 4797 5250 5486 5978 6254 6621 6783 7258 7368]",0.3248698669024491
"[ 453  477  484  821  976 1055 1089 1242 1463 1473 1646 1944 1956 1976
 2143 2254 2580 2588 2644 2691 2739 3029 3039 3066 3145 3375 3436 3605
 3668 3782 3940 4075 4132 4166 4639 6048 6197 6764 6969 7260]",0.3537919053314843
"[ 456  482  591  889  903 1166 1179 1472 1599 1621 1788 1819 1949 2043
 2224 2388 2543 2636 2694 2802 2856 2865 3162 3557 3566 3576 3796 3812
 4016 4133 4211 4335 4438 4573 5004 6330 6620 6823 7051 7397]",0.3178863132010462
"[ 544  556  599  834  876  890 1056 1166 1333 1464 1764 1814 1939 2069
 2092 2114 2175 2265 2576 2593 2638 2756 3008 3091 3170 3495 3502 3510
 3669 3802 4061 4069 4434 5011 5345 5837 5928 6187 6898 6905]",0.32203963405199443
"[ 384  684  765  815  843  876 1114 1381 1391 1617 1949 2118 2138 2170
 2181 2294 2641 2658 2668 2689 2966 3168 3208 3220 3446 3642 3705 3865
 4097 4430 4437 4479 4560 5403 5905 6403 6897 6908 7446 7545]",0.3467218985505469
"[ 248  380  727  909 1024 1037 1315 1401 1479 1607 1716 1940 1948 2099
 2112 2211 2333 2509 2554 2738 2873 2900 2996 3098 3146 3178 3304 3366
 3714 3745 4134 4149 4306 4315 4408 4709 5487 6331 6971 7049]",0.3165648298392518
"[ 270  458  731  748  761 1024 1122 1326 1386 1443 1757 1835 1941 2001
 2024 2031 2322 2510 2521 2643 2684 2695 2940 3022 3100 3284 3435 3520
 3606 3798 4067 4074 4344 4434 4708 5906 6604 6622 7037 7190]",0.3213512765928815
"[ 338  453  460  771  896  944 1023 1120 1535 1761 1882 2070 2251 2264
 2315 2366 2521 2624 2713 2936 3176 3226 3281 3571 3659 3722 3743 3847
 3910 4152 4559 4643 5132 5334 5629 6046 6541 6695 6972 7403]",0.3330544807962748
"[ 333  414  660  741  977 1039 1301 1451 1479 1535 1756 1800 1860 2099
 2393 2402 2495 2504 2591 2764 2797 3107 3281 3291 3311 3517 3711 3774
 3812 4087 4144 4204 4267 4437 6187 6553 6617 7174 7181 7402]",0.34951163371603794
"[ 455  554  589  914  956 1037 1044 1228 1334 1590 1786 1821 2023 2083
 2319 2328 2373 2567 2668 2692 2871 3076 3138 3176 3368 3518 3773 3811
 3855 3865 4362 4709 5486 5976 6325 6411 6616 6910 7250 7400]",0.3434132836307957
"[ 249  557  691  731  956 1124 1178 1594 1614 1855 1869 1890 2181 2331
 2376 2436 2525 2571 2678 3010 3067 3091 3241 3358 3535 3773 3790 3808
 3939 4271 4279 4432 5296 5476 5630 6194 6399 6830 7121 7324]",0.3289236424749997
"[  29  334  412  882  914 1044 1250 1384 1443 1645 1681 1734 1904 2026
 2181 2195 2285 2294 2518 2542 2743 2984 3001 3015 3436 3449 3535 3740
 3783 4015 4122 4133 4307 4431 5700 5835 6618 6625 7118 7251]",0.3187189700257502
"[ 248  521  543  836  891  915  943 1185 1462 1664 1682 2006 2014 2046
 2097 2251 2505 2567 2623 2654 2673 2806 2829 3240 3292 3352 3444 3812
 3861 3994 4224 4251 4411 4574 6121 6398 6695 6758 7179 7402]",0.33030388846482556
"[ 177  264  597  676  761  800  981 1175 1398 1453 1691 1786 1891 2084
 2168 2182 2217 2260 2528 2581 2624 2639 2661 2826 3031 3080 3160 3281
 3592 3645 3724 3889 4132 4438 4644 5336 6047 6686 6909 7404]",0.3420843763143724
"[ 295  317  378  485  549  875  887 1116 1362 1371 1388 1408 1684 1736
 1819 1906 2085 2149 2167 2324 2425 2579 2754 2803 2903 2928 3009 3032
 3238 3428 3439 3603 3771 3801 4070 4434 6047 6694 6753 7328]",0.33151832770854817
"[ 332  383  553  637  816  830  880  915  944 1121 1179 1540 1665 1818
 1936 2046 2180 2212 2314 2375 2647 2693 2735 2755 2925 2939 3286 3373
 3382 3436 3460 3784 3871 4149 4371 4496 4558 5480 6551 6972]",0.3357386429332833
"[ 411  545  603  666  843 1121 1164 1172 1180 1442 1541 1736 1766 1786
 1886 2009 2038 2448 2554 2566 2599 2647 2868 3113 3313 3361 3368 3421
 3446 3711 3884 3917 4013 4144 4574 5976 6485 6689 7036 7261]",0.3487914300845215
"[  55  383  693  733  824  883 1054 1332 1386 1537 1591 1859 1954 1973
 2033 2082 2473 2522 2607 2635 2693 2713 2939 3167 3434 3559 3568 3884
 3944 4062 4146 4437 4714 5630 6048 6326 6829 6836 7179 7329]",0.33534076920877454
"[ 449  623  810 1108 1186 1312 1369 1745 1826 1975 2007 2234 2356 2391
 2579 2613 2691 2741 2941 3144 3208 3312 3462 3517 3704 3712 3720 3884
 3948 4250 4366 4478 4500 5403 5905 6267 6544 6907 7212 7471]",0.335689195796136
"[ 311  537  618  700  810 1104 1305 1611 1672 1690 1736 1927 2103 2181
 2195 2226 2259 2357 2521 2765 2787 2937 3015 3032 3065 3165 3575 3583
 3672 3844 3950 4014 4274 4353 4645 5979 6399 6623 7121 7252]",0.331181297830101
"[ 333  412  605  662  740  772 1050 1100 1185 1226 1306 1320 1597 2045
 2085 2214 2237 2317 2336 2578 2658 2682 2710 3008 3018 3104 3279 3310
 3577 3844 3855 3888 4010 4145 4984 6190 6687 7108 7122 7400]",0.34236848880208104
"[ 386  450  621  747 1163 1390 1397 1478 1664 1888 2050 2072 2080 2302
 2395 2456 2483 2566 2575 2688 2869 2950 3100 3141 3300 3431 3635 3738
 3801 3931 4280 4479 4573 4845 5978 6485 6691 6707 7109 7121]",0.3215334989880261
"[ 387  404  695  846  876  956 1038 1065 1262 1591 1684 1763 1886 2143
 2180 2195 2233 2293 2329 2802 2904 2995 3006 3105 3165 3455 3501 3579
 3702 3953 4013 4134 4408 4500 5503 5979 6546 6796 6982 7186]",0.3352251802607545
"[ 269  391  596  758  962 1050 1238 1464 1542 1729 1959 1973 2037 2222
 2237 2264 2586 2642 2884 2948 3149 3211 3344 3571 3592 3798 3812 4118
 4133 4211 4290 4712 5057 5519 6188 6486 6760 7331 7367 7394]",0.3563114413501381
"[ 669  692  770  947  962 1168 1192 1256 1369 1462 1740 1763 2008 2041
 2174 2213 2232 2404 2695 2715 2725 2883 3017 3112 3247 3280 3363 3452
 3658 3702 3812 3864 3923 4337 4418 4644 6189 6692 7107 7260]",0.35079627284655457
"[ 630  692  741  876  965 1240 1262 1326 1514 1532 1738 1822 1908 1925
 2100 2113 2151 2426 2607 2724 2731 2953 3072 3294 3422 3463 3517 3784
 3795 3951 4133 4225 4502 4553 5455 6114 6616 7109 7155 7263]",0.35896197604722613
"[ 318  594  619  962  981 1232 1256 1598 1820 1832 1927 2084 2096 2182
 2289 2316 2517 2767 2783 2829 2877 3078 3175 3307 3350 3438 3712 3812
 4011 4073 4132 4409 4570 4613 5057 6048 6428 6838 6898 7329]",0.34748823128621387
"[ 461  481  701  811  872 1050 1104 1310 1466 1512 1551 1672 1857 1962
 2041 2092 2261 2290 2599 2621 2720 2782 2943 2964 3168 3358 3511 3661
 3846 3884 3932 4152 4277 4500 6261 6622 7006 7109 7123 7401]",0.3216639461256607
"[ 337  472  595  773  835 1030 1037 1469 1619 1660 1744 1969 1998 2147
 2156 2330 2495 2520 2651 2692 2811 2926 2942 3032 3308 3437 3628 3641
 3727 3812 4275 4409 4503 5370 5915 6119 6325 6831 6980 7330]",0.3410611467557988
"[ 197  521  689  700  742 1018 1050 1382 1469 1513 1603 1618 1877 1935
 2187 2211 2251 2457 2509 2590 2692 2858 2954 3012 3352 3359 3511 3518
 3625 3925 4056 4080 4557 4643 5701 5836 6545 6694 7115 7524]",0.3314446039477443
"[ 270  450  605  619 1025 1104 1111 1192 1673 1734 1760 1980 2103 2213
 2220 2328 2447 2858 2879 2961 3149 3228 3310 3492 3650 3672 3712 3729
 3910 4072 4159 4484 4573 4609 5837 6397 6546 6624 7044 7179]",0.3416513272142757
"[ 268  525  677  756  875 1098 1124 1178 1187 1443 1598 1681 1762 1855
 1944 2028 2180 2400 2428 2512 2520 2836 3008 3026 3299 3351 3358 3857
 3943 3954 4276 4502 5010 5335 5977 6252 6386 6549 6827 7118]",0.3127432430588291
"[ 457  557  591  691 1101 1108 1262 1301 1379 1412 1468 1740 1996 2003
 2018 2101 2252 2259 2573 2580 2690 2875 2953 3177 3208 3292 3450 3498
 3722 3951 3999 4128 4156 4290 4782 5832 6328 6830 7191 7468]",0.3453342776048851
"[ 248  403  593  701  744  822  900  907 1243 1303 1344 1593 1653 1677
 1692 1717 2023 2114 2175 2216 2439 2660 2667 2937 3104 3166 3282 3438
 3663 3713 4005 4025 4061 4500 5902 6333 6831 6944 7121 7179]",0.3452674019996411
"[ 410  519  615  668  907 1018 1033 1056 1310 1464 1543 1765 1858 2011
 2033 2166 2258 2265 2288 2670 2710 2859 2868 2960 3091 3290 3368 3425
 3452 3674 3773 3788 3948 4210 4339 4363 6260 6622 7108 7262]",0.3129248012967754
"[ 390  621  770  876 1167 1179 1263 1733 1820 1909 2011 2110 2142 2259
 2456 2577 2589 2639 2694 2827 3145 3158 3240 3350 3462 3506 3626 3660
 3712 3882 4219 4483 4569 5091 5336 6115 6277 6618 6910 7401]",0.34391270312610506
"[ 339  526  832  874  910  960 1235 1463 1470 1620 1869 1877 2029 2042
 2214 2332 2365 2391 2446 2908 2934 2941 2959 3110 3301 3354 3595 3630
 3651 3941 3955 3995 4505 4639 4770 6047 6689 7120 7202 7322]",0.35540546743723844
"[ 315  619  814  876  969  982 1314 1535 1547 1591 1977 2000 2040 2100
 2234 2292 2472 2535 2621 2639 2734 2788 2797 2812 3137 3292 3308 3533
 3639 3774 3868 3955 4336 4367 4430 5403 6187 6831 7124 7330]",0.34519988305671573
"[ 248  480  522  813  915  964 1050 1310 1464 1685 1693 1866 2092 2103
 2212 2400 2413 2585 2648 2709 2760 2884 3153 3208 3358 3730 3794 3811
 3838 3854 4060 4225 4644 5335 5836 6683 6690 6839 7024 7401]",0.3062028299510635
"[ 268  402  770  813  900  947 1174 1332 1394 1443 1596 1873 1971 2027
 2034 2070 2233 2261 2293 2593 2638 2749 2837 2928 3013 3024 3359 3517
 3845 3857 4024 4119 4153 4424 4431 4484 5907 6620 7019 7255]",0.30985173948023753
"[ 269  317  547  592  886  964 1052 1258 1305 1735 1747 1759 2007 2251
 2260 2304 2353 2600 2717 2836 2937 3015 3167 3211 3663 3812 3863 3923
 4085 4127 4353 4700 4715 5809 5837 6406 6824 6903 6910 7401]",0.342428810491907
"[ 377  486  619  744  947  980 1105 1184 1308 1604 1668 1687 1938 2050
 2070 2159 2242 2324 2566 2786 2815 2900 2950 3012 3146 3312 3653 3785
 4013 4145 4268 4644 4708 5011 5626 5975 6615 6623 7120 7180]",0.31326983748971504
"[ 522  536  691  699 1033 1194 1309 1442 1463 1542 1765 2100 2220 2282
 2306 2403 2535 2668 2765 3012 3140 3165 3534 3587 3637 3647 3668 4009
 4133 4160 4337 4506 4641 4984 5334 6117 6195 6839 6900 7401]",0.32121616725986896
"[ 331  485  593  707  902  926  956 1177 1263 1441 1540 1745 1804 1832
 2069 2094 2251 2292 2402 2441 2663 2924 2940 3104 3436 3491 3517 3745
 3785 4014 4133 4424 4507 4696 4928 6120 6688 6908 7037 7257]",0.33191509864220053
"[ 458  620  734 1101 1179 1265 1400 1442 1520 1891 1903 1940 1954 1998
 2181 2289 2371 2401 2449 2554 2781 3003 3082 3168 3352 3444 3558 3647
 3675 3921 4085 4166 4291 4780 5192 6121 6687 6694 7179 7192]",0.34100159940870983
"[ 247  525  589  815  825  836 1304 1316 1324 1473 1716 1798 1834 1888
 2184 2360 2375 2765 2780 2797 3089 3140 3168 3506 3532 3640 3662 3695
 3774 4144 4204 4293 4713 5345 6048 6548 7042 7068 7122 7472]",0.34140724411055706
"[ 195  521  628  691  750  814 1127 1181 1303 1312 1621 1684 2001 2024
 2082 2185 2374 2406 2643 2667 2873 3073 3112 3222 3240 3442 3643 3706
 4022 4042 4055 4152 4277 4498 5978 6268 6758 6767 7179 7261]",0.32036421832032796
"[ 306  474  737  823  909  973 1379 1463 1543 1833 1956 2069 2159 2223
 2324 2664 2690 2709 2716 2825 2869 2889 3165 3369 3562 3573 3605 3883
 4017 4069 4076 4513 4573 4704 5192 5416 5834 6469 6834 7395]",0.32187224667633196
"[ 556  591  824  834  886 1264 1307 1369 1385 1538 1764 1786 1803 1954
 2109 2153 2261 2359 2386 2449 2726 2759 2880 2890 3076 3280 3376 3511
 3527 3646 4057 4150 4500 4705 5333 5832 6421 6543 6906 7037]",0.3218029504259283
"[ 598  623  876  914  963 1237 1328 1371 1457 1678 1716 1833 1940 2097
 2246 2253 2357 2404 2446 2508 2836 2858 2885 3012 3235 3288 3352 3668
 3720 3798 4204 4213 4294 4714 5345 6046 6411 6616 7193 7255]",0.33726762140343935
"[ 248  270  591  630  881  907 1110 1241 1404 1441 1590 1609 1887 2047
 2075 2177 2235 2579 2611 2643 2876 3010 3027 3136 3287 3370 3519 3648
 3668 3706 4079 4138 4645 5265 5345 6193 6423 6834 7109 7401]",0.3405285228039178
"[ 268  318  595  616  765 1172 1378 1441 1470 1673 1856 1873 1976 2253
 2362 2379 2442 2473 2567 2834 3026 3086 3138 3218 3247 3520 3557 3717
 3811 3869 4279 4363 4372 4414 6048 6059 6686 6695 7108 7329]",0.35482615479372914
"[ 336  556  598  804  901 1050 1102 1234 1350 1393 1688 1999 2019 2036
 2082 2118 2169 2360 2534 2683 2763 2856 2937 2945 3240 3356 3420 3587
 3675 3793 4070 4085 4095 4132 4572 6048 6340 6825 6904 7401]",0.3450833880049281
"[ 249  332  340  384  702  828  887  949 1050 1467 1587 1673 1690 2000
 2017 2110 2188 2241 2367 2693 2714 2868 2880 3105 3198 3360 3376 3566
 3669 3794 4072 4086 4504 5977 6149 6685 6834 7330 7394 7584]",0.32789662755382337
"[ 590  692  743  772 1109 1157 1244 1399 1409 1733 1788 2008 2028 2182
 2262 2357 2372 2524 2578 2756 2856 3087 3100 3222 3286 3378 3670 3720
 3776 3869 3876 4206 4338 4367 4427 5763 6545 6623 7182 7261]",0.34547128768369556
"[ 196  319  381  544  679  701  764 1095 1182 1260 1596 1645 1676 1763
 1799 2163 2184 2298 2359 2596 2709 2874 2896 2932 2957 3235 3423 3597
 3652 3715 3802 4207 4217 4303 4338 4367 6194 6624 6898 7192]",0.2961613011234299
"[ 333  694  734  751  829  847  886 1125 1308 1389 1441 1471 1691 2013
 2145 2166 2180 2258 2530 2575 2624 2726 2946 3026 3141 3442 3558 3576
 3594 4015 4061 4068 4290 4553 5701 6046 6485 6687 7109 7121]",0.3332117100754066
"[ 381  388  762 1038 1100 1122 1471 1533 1667 1785 1941 2050 2170 2180
 2356 2400 2516 2579 2857 2964 3090 3240 3287 3368 3422 3473 3811 3862
 4055 4153 4303 4429 4553 4635 5068 5416 5802 6334 6972 7193]",0.33317902583117026
"[ 316  404  811  909  944 1034 1324 1451 1979 1996 2008 2026 2040 2104
 2445 2496 2575 2670 2683 2761 2935 2942 3066 3104 3237 3372 3427 3598
 3679 3704 3717 3942 4134 4284 4436 4482 5977 6475 6752 6905]",0.342321958095151
"[ 339  670  700  804  821  829 1049 1243 1376 1394 1687 1717 1736 2098
 2118 2181 2293 2357 2376 2693 2723 2823 2856 3019 3242 3365 3496 3520
 3870 3915 4022 4074 4367 4412 4713 4978 6116 6551 6827 7189]",0.34233619444302643
"[ 477  487  670  734 1171 1255 1334 1375 1751 1866 1903 1955 2016 2251
 2376 2385 2480 2571 2758 2818 2879 2940 3001 3377 3529 3566 3574 3794
 3913 4135 4296 4566 4624 5336 6120 6252 6688 6766 7108 7471]",0.3172667416208016
"[ 378  472  598  623  876 1114 1193 1390 1454 1586 1763 1822 1856 1957
 2229 2258 2307 2424 2503 2598 2726 3004 3034 3224 3282 3375 3415 3715
 3739 3746 3868 4128 4289 4353 5336 5977 6761 6911 7108 7400]",0.31704415590022467
"[ 339  388  418  732  883  892  913 1187 1393 1443 1666 1688 1928 2081
 2119 2165 2183 2600 2695 2718 2728 2825 2924 3148 3159 3240 3492 3508
 3641 3910 4001 4082 4204 4500 4696 6188 6551 6981 7109 7401]",0.3139220124346527
"[  81  526  544  551  772  876  962 1050 1206 1522 1609 1744 1872 2140
 2166 2189 2292 2372 2460 2620 2637 3011 3100 3289 3321 3353 3444 3630
 3810 3888 3936 4367 4492 4502 5255 6260 6338 6826 6911 7260]",0.3080194511559151
"[ 248  270  383  765  915  949 1172 1325 1804 1830 1856 1866 1884 2108
 2120 2375 2424 2507 2611 2668 2868 2946 2973 3033 3282 3360 3519 3745
 4079 4133 4140 4480 4575 5475 5975 6548 6753 6932 7050 7472]",0.34486450537487934
"[ 266  358  455  607  630  765  829  946 1102 1331 1674 1681 1796 1830
 1837 2019 2354 2439 2461 2593 2684 2694 2923 3086 3241 3501 3602 3633
 3655 3861 3947 4204 4211 4362 5907 6257 6407 6902 7052 7251]",0.32719641253911197
"[ 248  452  619  823  840  949 1169 1189 1442 1463 1945 1978 2028 2106
 2184 2285 2293 2600 2658 2755 2764 2782 2862 3088 3176 3238 3293 3427
 3491 3588 3818 3938 3951 4286 4345 5766 6258 6696 6974 7395]",0.33661214016758423
"[ 175  476  483  587  671  962 1121 1254 1311 1372 1692 1716 1749 1807
 2040 2099 2150 2355 2623 2664 2675 2790 2828 2940 3208 3440 3535 3575
 3592 3883 4012 4072 4203 4517 4575 6117 6340 6616 7252 7401]",0.31832091822393804
"[ 656  673  691  876 1037 1190 1380 1609 1940 1955 2001 2019 2040 2190
 2527 2567 2695 2755 2795 2944 3025 3208 3366 3571 3803 3812 3844 3861
 4205 4294 4338 4372 4429 4850 5258 6048 6610 6617 7112 7472]",0.3360320475697902
"[ 313  463  485  548  591 1043 1127 1315 1370 1540 1877 1884 2035 2042
 2071 2082 2121 2376 2566 2622 2716 2826 3083 3090 3102 3282 3504 3603
 3667 3794 3986 4014 4144 4522 4695 5977 6549 6634 7113 7121]",0.30710048337505
"[ 487  666  765  815 1035 1186 1441 1531 1691 1737 1788 2012 2099 2106
 2187 2286 2442 2449 2671 2832 2936 3070 3087 3175 3379 3631 3650 3746
 3783 3801 4022 4147 4205 4698 4709 6048 6759 6767 7109 7262]",0.34134456028702076
"[ 247  307  411  760  981 1027 1105 1162 1537 1690 1948 2081 2099 2184
 2192 2354 2585 2599 2647 2761 2875 3036 3169 3219 3353 3446 3558 3671
 3715 3864 4019 4063 4296 4430 4832 5836 6475 6657 6969 6977]",0.354161491393607
"[ 268  375  457  749  761  912  947 1169 1318 1397 1807 1930 1977 2010
 2101 2112 2472 2507 2642 2659 2937 3167 3357 3367 3666 3673 3705 3854
 4083 4430 4553 4635 5657 5978 6255 6546 6766 7102 7260 7323]",0.3358019720087412
"[ 248  333  521  629 1047 1164 1176 1227 1609 1690 1797 1949 2030 2073
 2108 2334 2521 2576 2624 2755 2924 3016 3172 3220 3421 3447 3650 3711
 3746 3943 4133 4336 4501 4906 5459 6116 6694 6757 7253 7260]",0.34842338175578125
"[ 340  389  404  451  887  985 1093 1183 1480 1587 1820 1877 1898 1927
 1955 2048 2289 2371 2527 2536 2591 2720 2831 2869 3067 3093 3104 3290
 3416 3582 3663 3930 3988 4337 4573 6188 6337 6416 6907 7042]",0.3115868747988864
"[ 318  411  450  678  810  831  911 1242 1327 1374 1533 1639 1765 1930
 1964 2019 2097 2113 2425 2532 2590 2649 2764 2997 3104 3152 3233 3714
 3794 3883 4133 4214 4437 4713 5975 6378 6833 6896 7334 7421]",0.31623243862546807
"[ 477  555  815  822 1050 1372 1465 1529 1543 1593 1938 1976 1998 2098
 2109 2288 2418 2444 2612 2690 2781 3011 3018 3029 3146 3281 3522 3628
 3654 3812 3857 3991 4090 4361 4480 5904 6513 6685 6763 7261]",0.32821317985266113
"[ 292  472  663  741  748  912 1045 1390 1520 1688 1786 2080 2101 2110
 2188 2283 2516 2646 2695 2828 2958 3018 3077 3422 3508 3663 3854 3869
 4003 4023 4030 4190 4363 4707 5770 6046 6754 6762 6785 7329]",0.3402482698328479
"[ 384  403  411  776  873 1028 1050 1110 1513 1531 1805 1927 1967 2049
 2098 2303 2504 2542 2734 2797 2813 2834 2923 3355 3374 3452 3580 3700
 4024 4144 4155 4414 4505 4846 6210 6406 6540 6904 7179 7400]",0.35118111928084333
"[ 269  446  463  669  763  959 1237 1320 1544 1877 2045 2069 2100 2221
 2335 2393 2567 2651 2661 2668 2695 3000 3035 3099 3290 3305 3369 3492
 3604 3789 3881 3940 4134 4409 4503 6194 6687 7191 7322 7370]",0.352499421450477
"[ 519  690  741  824  910 1243 1254 1406 1590 1684 1742 1906 1996 2076
 2184 2306 2387 2438 2566 2788 2800 2826 3098 3292 3304 3417 3812 3820
 3853 3875 3914 4215 4435 4826 4972 5905 6476 6837 6971 7401]",0.33680319085125976
"[ 264  377  527  754  875  906  913 1027 1323 1442 1473 1665 1815 1964
 1973 2069 2165 2195 2292 2371 2610 2640 2665 2690 3013 3072 3136 3235
 3597 3711 3726 3746 3789 4274 4429 6188 6196 6686 7107 7192]",0.32073047023279644
"[ 193  451  461  832  843  958 1020 1108 1403 1665 1814 1905 1928 2105
 2225 2234 2254 2429 2549 2789 2868 2924 2954 3160 3289 3424 3455 3464
 3649 3773 3951 4013 4214 4363 5558 6046 6551 6901 7195 7400]",0.33895345264014015
"[ 194  391  449  472  772  967 1022 1031 1194 1370 1468 1531 1662 1857
 1907 2098 2159 2180 2406 2508 2519 2565 2598 2929 3017 3290 3382 3425
 3605 3869 4058 4094 4363 4425 5977 6324 6407 6902 7192 7395]",0.32032068903193267
"[ 337  742  914  947 1049 1178 1309 1609 1804 1830 2102 2153 2166 2180
 2260 2285 2588 2672 2759 2860 2923 2948 3083 3105 3379 3422 3785 3811
 4009 4133 4265 4644 4992 5181 5836 6258 6690 6768 7265 7326]",0.33254815573417956
"[ 527  696  805  831  887 1181 1337 1379 1513 1543 1601 1836 2099 2226
 2335 2447 2465 2495 2647 2765 2811 2911 2939 3066 3101 3217 3373 3507
 3593 3673 3704 4015 4023 4141 4572 5480 6045 6764 6968 7260]",0.34796190812673866
"[ 320  402  525  819  873  971 1054 1331 1443 1451 1463 1764 1944 1962
 2139 2165 2257 2460 2507 2586 2712 2763 2827 3017 3074 3350 3434 3517
 3532 3738 3924 4005 4406 4414 4421 4500 5977 6799 6901 7121]",0.32829922359239383
"[ 383  615  764  845  946 1108 1306 1334 1539 1583 1596 1925 2032 2039
 2079 2164 2330 2565 2581 2622 2882 3036 3077 3212 3227 3453 3727 3743
 3930 4134 4266 4573 5406 6116 6194 6686 6981 7108 7228 7398]",0.3258435175780061
"[ 248  382  480  629  878  974 1033 1168 1533 1665 1717 1754 1763 1942
 2176 2238 2257 2428 2516 2649 2755 2763 2890 3011 3166 3209 3358 3629
 3718 3812 4014 4122 4203 4624 4641 6045 6406 6902 6909 7108]",0.3205745697387121
"[ 389  486  522  691  752 1053 1234 1244 1472 1605 1621 1803 1866 1925
 2093 2100 2193 2255 2358 2509 2690 2875 2939 3238 3283 3437 3534 3660
 3812 3859 4010 4205 4504 4553 5474 5488 6192 6614 6905 7403]",0.35991564024257006
"[ 617  670  874  983 1034 1115 1521 1602 1610 1765 1871 2041 2072 2169
 2176 2303 2334 2494 2574 2612 2665 2940 3075 3138 3176 3375 3437 3640
 3704 4006 4023 4140 4227 4644 4708 5978 6481 6825 7046 7061]",0.3221644955933728
"[ 558  591  669  691  965 1122 1161 1169 1604 1612 1661 1716 1907 2007
 2100 2184 2306 2390 2475 2579 2806 2822 3068 3223 3313 3445 3534 3786
 3795 3811 4205 4296 4497 5617 6188 6268 6681 6760 7192 7256]",0.33342469085806625
"[ 249  486  595  619  754  815  982 1233 1315 1329 1676 1834 1865 1944
 2167 2181 2265 2435 2542 2603 2710 2764 2940 3370 3378 3533 3563 3575
 4017 4081 4134 4482 4567 4574 5732 6187 6547 6911 7252 7474]",0.3000135438264648
"[ 249  340  377  616  738  888  907  985 1319 1327 1373 1618 1733 1929
 2103 2189 2219 2395 2666 2689 2726 2744 2856 3175 3365 3421 3451 3674
 3796 3854 3951 4409 4435 4567 5272 5403 6188 6831 7179 7333]",0.3262283111719939
"[ 247  667  771  888 1043 1121 1161 1619 1745 1802 1930 2079 2114 2244
 2300 2424 2476 2483 2716 2874 2897 3008 3136 3240 3515 3624 3637 3650
 3675 3808 4133 4366 4785 5266 5908 6684 6833 7180 7263 7575]",0.3358083106738752
"[ 122  247  628  728  763  809  887 1249 1303 1477 1541 1808 1816 1927
 2154 2253 2260 2358 2450 2554 2603 2865 2968 2995 3166 3358 3372 3564
 3720 3855 3873 3881 4277 4430 4437 5403 6115 6828 6977 7474]",0.33828786671700795
"[ 248  333  737  818  842  904 1039 1384 1403 1731 1892 1996 2023 2076
 2367 2402 2445 2537 2640 2881 3016 3241 3286 3366 3591 3812 3843 3936
 4000 4276 4501 4513 4554 5336 5834 5912 6328 6690 6825 7186]",0.33656335963050815
"[ 318  379  475  740  766 1100 1108 1231 1545 1597 1837 1940 1997 2031
 2040 2146 2379 2443 2546 2641 2681 2887 2941 2950 3247 3360 3493 3588
 3746 3881 4010 4059 4140 4430 6116 6546 6695 6824 7335 7396]",0.3337336195881087
"[ 382  557  618  812 1051 1178 1256 1384 1513 1618 1888 2000 2023 2078
 2183 2404 2445 2577 2764 2811 2926 2963 3012 3289 3375 3557 3580 3747
 3785 3880 4077 4414 4575 4639 5335 5836 6544 6838 7179 7472]",0.34334841706550895
"[ 248  410  735  759  770  823 1172 1231 1474 1602 1680 1735 1849 1870
 2100 2179 2214 2258 2435 2482 2521 2585 2670 3005 3016 3138 3311 3438
 3517 3604 3996 4009 4168 4414 4506 6117 6626 6761 7108 7121]",0.3376714812791489
"[  51  521  836  963 1144 1185 1300 1378 1528 1679 1786 1870 1906 2026
 2040 2175 2287 2365 2475 2661 2669 3000 3011 3178 3375 3507 3525 3706
 3817 3856 3869 4160 4290 4484 5792 5905 6686 6696 7180 7262]",0.3322004076050072
"[ 525  659  815  828 1052 1232 1310 1396 1579 1692 1741 1799 2031 2180
 2195 2258 2284 2293 2513 2599 2693 2734 3012 3075 3139 3168 3415 3583
 3744 3877 4063 4076 4424 4553 4573 6048 6469 6767 6899 7401]",0.32016468429067035
"[ 319  401  521  556  749  882 1049 1112 1376 1386 1488 1682 1692 1736
 1870 2001 2167 2182 2190 2367 2457 2643 2695 2735 2798 3043 3219 3369
 3381 3491 3811 3852 3865 3872 4500 4733 6115 6479 7036 7122]",0.3258899835159517
"[ 317  521  552  754  889  914 1160 1264 1322 1451 1600 1764 1943 1998
 2006 2040 2101 2235 2260 2496 2505 2553 2725 2754 2947 3099 3363 3423
 3658 3984 4073 4096 4205 4230 4482 4503 5836 6907 7041 7401]",0.32632586556791804
"[ 338  592  688  886  984 1108 1376 1526 1605 1613 1871 2093 2113 2121
 2248 2288 2352 2579 2591 2757 2764 2857 2887 3011 3089 3357 3449 3635
 3650 3817 3911 4013 4069 4501 5335 6196 6325 6617 7049 7399]",0.34831221725887873
"[ 485  521  599  690  983 1034 1259 1375 1479 1526 1746 1927 1936 1967
 1978 2089 2245 2575 2584 2684 2710 2764 2946 3028 3426 3509 3516 3523
 3674 3775 3858 4014 4024 4205 4573 6400 6415 6977 7181 7472]",0.33716711218473794
"[ 247  474  734  841  887  972 1107 1385 1519 1541 1605 1835 2041 2090
 2104 2212 2290 2368 2472 2589 2710 2949 3003 3010 3027 3517 3567 3747
 3795 3879 4133 4140 4190 4500 5202 6259 6411 6760 7037 7330]",0.3620224244340938
"[ 379  556  620  748  951 1050 1326 1448 1527 1686 1764 1786 1936 2161
 2168 2175 2254 2354 2578 2805 2814 2903 3011 3066 3361 3510 3520 3599
 3850 3857 3889 4157 4164 4221 4480 6198 6470 6693 7038 7263]",0.3390666810887482
"[ 248  452  678  742  761  873 1055 1180 1375 1403 1602 1824 1906 1949
 2142 2243 2256 2406 2508 2786 2807 2869 3168 3280 3364 3515 3702 3745
 3784 3949 4203 4292 4481 4569 5836 6257 6556 6619 6968 7260]",0.34177194932593125
"[ 388  594  690  748  913 1092 1187 1530 1662 1684 1857 1890 2094 2229
 2287 2331 2393 2664 2833 2867 3026 3104 3140 3367 3414 3502 3516 3864
 3914 3955 3994 4013 4480 4575 4921 6045 6759 7120 7180 7291]",0.335574261226192
"[ 403  486  810  907  959 1185 1303 1535 1664 1831 2096 2212 2261 2290
 2390 2440 2593 2683 2764 2785 3015 3079 3207 3238 3670 3715 3730 3793
 4134 4288 4296 4408 4778 5196 6257 6519 6550 6828 7049 7323]",0.3480881802939677
"[ 410  597  896  913 1029 1090 1261 1536 1586 1758 1920 1999 2088 2170
 2190 2250 2291 2651 2733 2781 2827 2834 2958 3011 3213 3378 3442 3784
 3872 3951 4006 4205 4482 4574 5346 5652 6116 6692 7109 7329]",0.3317449928581394
"[ 558  599  608  690  805 1122 1172 1472 1535 1695 1805 2025 2043 2215
 2248 2505 2552 2595 2709 2796 2885 3001 3088 3291 3593 3632 3639 3651
 3675 4025 4050 4160 4217 4438 5127 5838 6617 6823 6907 7401]",0.3523865856793926
"[ 307  388  403  833  844  944 1038 1168 1264 1328 1442 1604 1878 1900
 2174 2220 2592 2638 2683 2797 3002 3087 3169 3436 3500 3588 3634 3812
 4009 4133 4213 4503 5838 6116 6411 6611 6903 7054 7179 7400]",0.3691599467633357
"[ 199  476  522  607  839 1168 1261 1464 1665 1756 1800 1928 2164 2189
 2245 2252 2431 2439 2692 2738 2781 2801 2896 2959 3003 3294 3572 3665
 3673 3774 3943 4007 4135 4407 4574 4779 6116 6546 6976 7109]",0.3344415459153371
"[ 380  550  747 1043 1052 1093 1315 1442 1464 1550 1884 1930 1946 1962
 1969 2049 2367 2427 2522 2529 2688 2798 2857 3217 3279 3375 3510 3669
 3775 3784 4149 4353 4409 5033 5409 6188 6552 6902 7037 7192]",0.34009990878130214
"[ 452  460  552  900  958 1092 1465 1619 1735 1866 1964 2170 2187 2216
 2371 2462 2591 2696 2709 2787 2831 3081 3238 3284 3534 3587 3649 3846
 3954 3997 4080 4159 4575 5021 5335 6117 6252 6752 6760 7120]",0.3514879322200417
"[ 317  621  733  770  966 1101 1337 1370 1469 1594 1746 1858 1944 1967
 2116 2221 2356 2376 2653 2666 2683 2833 2925 3218 3226 3247 3305 3706
 3715 3801 3812 4005 4275 4299 4571 5611 5837 6474 7041 7120]",0.341582098017502
"[ 459  473  623  660  701 1027 1118 1303 1317 1733 1750 1829 1836 1859
 1938 2023 2251 2329 2580 2593 2600 2826 2994 3011 3075 3308 3640 3651
 3942 3952 4062 4140 4363 4638 6049 6615 6667 6765 7323 7331]",0.3239240931532702
"[ 312  447  473  551  813  947  968 1118 1173 1610 1674 1763 1802 2068
 2162 2244 2255 2434 2655 2693 2740 2783 3016 3076 3257 3352 3383 3720
 3773 3783 3870 4023 4364 4713 5336 5987 6048 6833 7109 7400]",0.32956368789041146
"[ 248  402  593  700  764  824 1101 1303 1461 1543 1881 1925 2074 2159
 2254 2264 2435 2495 2598 2624 2945 3212 3365 3488 3668 3731 3852 3866
 4144 4237 4347 4438 4481 4535 4708 5802 6117 6622 6756 7329]",0.3175490946704747
"[ 269  451  901  913  947  956 1319 1369 1472 1589 2080 2095 2103 2143
 2181 2188 2301 2579 2661 2695 2924 2964 3169 3230 3358 3365 3420 3726
 3744 3932 3949 4134 4337 4503 6046 6323 6481 6759 7193 7327]",0.3514274337442482
"[ 522  689  697  742 1037 1172 1235 1405 1537 1731 1866 1926 2021 2028
 2256 2369 2520 2602 2638 2696 2716 2756 3010 3032 3286 3446 3510 3557
 3564 3746 3998 4086 4132 4218 4781 4910 6401 6833 7317 7330]",0.33105364505465706
"[ 545  661  888  975 1021 1066 1181 1371 1457 1678 1735 1758 1765 2026
 2081 2212 2249 2258 2441 2550 2596 2642 2731 3003 3099 3293 3305 3353
 3798 3858 4095 4132 4477 4505 5837 6327 6406 7052 7323 7473]",0.31843847771252753
"[ 404  482  595  912  970 1102 1304 1330 1534 1594 1829 1907 1943 2025
 2145 2174 2323 2375 2473 2638 2717 2946 3034 3081 3166 3284 3441 3464
 3669 3733 4063 4073 4080 4409 4645 5975 6615 6626 6976 7108]",0.34430280570299865
"[ 320  339  805  831  959  966  981 1226 1236 1331 1459 1645 1753 1907
 1950 2079 2099 2141 2394 2520 2643 2650 2828 2940 3160 3279 3309 3505
 3599 3654 3699 3710 4014 4204 4503 5334 6048 6310 6412 6973]",0.329491256119753
"[ 318  451  620  811  910  969 1033 1472 1517 1550 1666 1673 2049 2148
 2249 2378 2482 2639 2647 2655 2896 2956 3015 3282 3293 3587 3598 3786
 3840 4077 4202 4336 4571 5532 5837 6187 6689 7122 7181 7472]",0.35135803748794886
"[ 385  663  691  774  815  893 1164 1255 1313 1334 1370 1744 1801 1930
 2104 2182 2265 2293 2302 2526 2567 2676 2683 2732 2927 3005 3022 3518
 3635 3650 3811 4338 4345 4357 4438 5975 6395 6687 6837 7185]",0.3307705086620042
"[ 496  527  557  690  750  949 1121 1184 1243 1583 1616 1677 1944 2002
 2098 2187 2319 2435 2590 2757 2923 2956 3011 3020 3146 3422 3547 3650
 3663 3673 3909 3922 4288 4418 4508 6046 6411 6601 6899 7122]",0.3196026764198623
"[ 388  630  749  762  872  884 1111 1305 1403 1454 1866 1949 2001 2029
 2043 2264 2367 2521 2571 2694 2827 2937 3017 3169 3281 3435 3516 3674
 3921 4078 4157 4336 4417 4713 5333 6046 6486 6691 6825 7191]",0.3278634598110963
"[ 330  485  524  691  744 1068 1315 1326 1443 1479 1820 1901 2195 2231
 2238 2389 2496 2648 2734 2868 3070 3290 3310 3444 3486 3812 3861 3996
 4222 4229 4483 4721 5416 5837 6018 6257 6547 6707 7180 7261]",0.3280304762618679
"[ 403  455  557  906  956  964 1018 1394 1543 1622 1665 1797 1815 1926
 1965 2233 2292 2464 2472 2497 2595 2800 2995 3075 3175 3297 3378 3562
 3746 3784 3791 3951 4011 4133 4572 5403 6402 6415 6765 7256]",0.34460398789817304
"[ 476  604  810  844  908  968 1159 1308 1357 1390 1400 1762 1821 1885
 2181 2224 2233 2263 2425 2593 2715 2756 2867 3101 3163 3208 3505 3665
 3697 3796 3888 4000 4204 4297 4503 5836 6186 6910 6974 7322]",0.31819329231597826
"[ 376  412  669  690  911 1087 1174 1181 1188 1586 1744 1757 1787 1807
 1837 2106 2150 2306 2407 2470 2598 2714 2875 3007 3282 3439 3446 3525
 3745 3901 3915 3923 4014 4363 4484 4641 6049 6758 6909 7259]",0.3345432802404176
"[ 194  378  392  700  832  876  956  963 1266 1452 1544 1603 1857 1940
 2103 2116 2167 2231 2288 2481 2508 2685 2803 2925 3006 3167 3572 3605
 3650 3705 3730 3882 4071 4222 4337 6189 6753 6834 7242 7255]",0.35074343138672726
"[ 454  462  473  559  659  693  884 1105 1256 1692 1716 1750 1880 2007
 2171 2229 2472 2507 2571 2604 2624 2665 2797 3072 3104 3159 3364 3535
 3559 3567 3729 3812 4202 4367 4431 4708 6046 6763 6967 7123]",0.3245424791029458
"[  66  243  378  694  814  966 1264 1302 1380 1536 1836 1926 2023 2040
 2101 2222 2373 2400 2497 2601 2622 2874 2896 3166 3210 3218 3245 3511
 3631 3784 4024 4134 4151 4553 4643 5764 6758 6908 7108 7330]",0.34862905502825847
"[ 124  662  700  828  892  955 1303 1323 1547 1664 1744 1797 1926 2036
 2121 2146 2164 2366 2495 2541 2697 2726 2948 3072 3239 3362 3558 3588
 3639 3669 3794 4204 4367 4409 4429 5333 6334 6520 7040 7190]",0.30872582388535164
"[ 336  450  832  839  887  950 1109 1153 1446 1472 1742 1906 2034 2183
 2284 2292 2484 2587 2595 2760 2780 2864 3088 3096 3359 3422 3594 3650
 3658 3746 3856 3984 4133 4361 4708 5617 6263 6760 7180 7261]",0.3607000786129459
"[ 228  381  618  819  877  909  987 1330 1392 1451 1620 1865 1954 2032
 2140 2261 2443 2465 2570 2649 2739 2763 2803 3237 3363 3443 3640 3671
 3686 3863 3990 4122 4226 4422 4645 5192 6258 6835 7109 7329]",0.33991809367490133
"[ 337  529  687  770  874 1034 1184 1478 1513 1664 1678 1884 1930 2083
 2175 2189 2232 2253 2623 2638 2756 2871 2878 3077 3105 3212 3381 3516
 3717 3955 4132 4195 4217 4299 5905 6266 6472 6836 7181 7330]",0.33152231665324483
"[ 474  741  805  836  914 1174 1182 1332 1449 1513 1672 1751 1786 1978
 2080 2113 2161 2316 2429 2578 2656 2664 2694 2828 3066 3094 3297 3462
 3498 3647 3811 4015 4205 4220 4553 4787 5975 6546 7110 7120]",0.3352558963970667
"[ 307  459  700  835  947 1102 1109 1447 1596 1692 1785 1957 1967 2015
 2287 2333 2463 2593 2647 2655 2765 2966 3096 3143 3226 3503 3533 3565
 3657 3811 4149 4210 4271 4644 5977 6198 6540 6903 7053 7109]",0.3313335139939937
"[ 193  600  694  961 1019 1193 1397 1513 1524 1645 1906 1957 2006 2015
 2139 2252 2448 2580 2612 2622 2672 2710 3017 3104 3284 3363 3447 3534
 3705 4072 4118 4126 4152 4206 5837 6256 6281 6760 6839 7257]",0.3288431070682037
"[ 620  804  811  983 1178 1377 1384 1539 1546 1717 1836 1877 2040 2104
 2168 2225 2283 2331 2516 2551 2574 3028 3075 3157 3208 3520 3715 3741
 3796 4086 4133 4362 4709 5336 6047 6197 6616 6806 7052 7330]",0.35964292254064645
"[ 248  557  733  759  816 1166 1253 1263 1441 1458 1684 1735 1889 2181
 2285 2294 2330 2374 2668 2694 2940 3075 3209 3247 3440 3592 3643 3916
 4010 4353 4413 4644 4921 5474 5977 6752 6760 6839 7250 7328]",0.3459489688999904
"[ 549  592  629  825  886 1121 1380 1444 1460 1750 1787 1835 1865 2021
 2284 2319 2327 2362 2371 2406 2696 2734 2868 2995 3146 3175 3510 3589
 3632 3641 3955 4142 4363 4407 4560 5336 6194 6828 6835 7333]",0.3310561064371709
"[ 122  382  621  743  771  875 1188 1239 1319 1589 1622 1880 1893 2186
 2283 2365 2446 2670 2685 2692 2923 3001 3011 3176 3236 3423 3501 3510
 3801 3931 3951 3989 4281 4361 4553 4847 6117 6905 7108 7402]",0.33186674425086843
"[ 333  448  458  956 1105 1118 1126 1451 1538 1673 1856 2033 2051 2183
 2375 2425 2509 2668 2677 2692 2994 3009 3016 3170 3357 3446 3508 3671
 3852 4001 4021 4083 4419 4480 4504 6047 6469 6832 7053 7330]",0.33583216588410336
"[ 481  601  630  736  899 1050 1101 1233 1543 1749 1835 1857 2012 2019
 2041 2099 2624 2642 2658 2669 2828 3018 3104 3208 3219 3309 3368 3601
 3706 3790 3868 3909 4232 4413 4503 5187 6116 6825 6906 7326]",0.32541963210438896
"[ 383  479  603  629  952  964 1115 1442 1522 1530 1691 1860 1938 1960
 2121 2228 2256 2426 2449 2457 2506 2764 2937 2956 3086 3138 3507 3590
 3634 3783 4007 4133 4266 4307 4502 4701 5336 6259 6831 7052]",0.34367402503032224
"[ 340  472  523  821  907  971  986 1227 1238 1393 1660 1683 1690 1954
 2073 2104 2264 2445 2507 2536 2671 2710 2767 2939 3305 3350 3357 3369
 3533 3790 3952 4055 4067 4153 4430 5335 6044 6617 7049 7323]",0.36021809919116315
"[ 376  669  680  913  977 1019 1170 1179 1673 1764 1827 1935 1947 2213
 2324 2331 2508 2623 2711 2798 2827 2876 3100 3287 3294 3374 3563 3596
 3745 3791 3942 4068 4203 4636 4644 6046 6686 6839 7252 7261]",0.3475331725366229
"[ 591  619  742  753 1122 1173 1305 1395 1665 1689 1706 1891 2013 2050
 2095 2215 2256 2646 2655 2763 2924 2958 2968 3019 3218 3517 3648 3712
 3888 4132 4150 4428 4778 5931 5978 6734 6817 6825 6832 7472]",0.3451127606003725
"[ 457  520  772  966 1093 1172 1479 1543 1603 1877 1936 2070 2112 2175
 2263 2447 2575 2695 2827 2936 2945 3070 3098 3375 3420 3434 3459 3783
 3881 3912 4150 4205 4552 5403 6258 6270 6536 6974 7038 7052]",0.34895863928079685
"[  26  545  552  805  812  895  912 1314 1400 1449 1534 1622 1787 1798
 1964 2170 2185 2217 2230 2263 2786 2828 3088 3098 3149 3420 3723 3746
 3782 3947 4073 4222 4348 4644 6117 6252 6624 6687 7179 7401]",0.34549525130296554
"[ 403  448  809  821  906 1302 1385 1535 1615 1863 1908 1943 1998 2028
 2110 2330 2362 2376 2670 2697 2793 2825 2996 3016 3427 3438 3662 3817
 3845 4081 4145 4206 4553 4644 5476 6116 6552 6687 7108 7190]",0.3503076169011865
"[ 449  462  691  752  947 1100 1121 1185 1320 1441 1740 1751 1764 1859
 2018 2101 2152 2261 2395 2483 2512 2591 2758 2783 2958 3148 3351 3374
 3645 3738 3773 4077 4085 4120 4205 5976 6406 6540 7042 7121]",0.33561779565414784
"[ 389  624  752  877  902 1030 1251 1263 1514 1541 1673 1786 2038 2093
 2153 2189 2354 2671 2683 2765 2797 2946 3001 3463 3519 3581 3598 3636
 3699 3714 4132 4147 4154 4850 5345 6194 6611 6760 7110 7331]",0.36829184026339873
"[ 248  556  616  977 1032 1111 1209 1234 1476 1531 1609 1737 1866 1977
 2001 2015 2169 2180 2472 2642 2798 2959 3235 3355 3509 3603 3738 3928
 4087 4133 4218 4338 4712 5652 6181 6334 6832 7124 7180 7330]",0.3131484527503021
"[ 262  319  381  629  753 1024 1050 1173 1469 1590 1786 1971 2029 2085
 2149 2266 2284 2451 2584 2612 2742 2764 2853 3155 3316 3350 3576 3587
 3626 3883 4153 4205 4285 4482 4681 6263 6397 6902 7192 7393]",0.3093092704161665
"[ 248  334  590  817  827  836  868 1161 1311 1330 1531 1620 1821 1859
 2017 2189 2253 2308 2362 2513 2640 2695 2756 2918 2933 3084 3307 3491
 3600 3712 3873 4007 4425 4645 5228 5406 6117 6902 6980 7396]",0.3427193867476794
"[ 248  485  620  740  889  983 1041 1160 1472 1526 1534 1621 1804 1928
 2082 2102 2185 2377 2405 2413 2426 2504 2655 2812 3137 3298 3429 3464
 3519 3869 3883 4066 4144 4407 4434 4878 6049 6625 7042 7191]",0.3382310213385164
"[  93  413  607  619  734  741 1110 1121 1172 1513 1594 1857 1954 2038
 2082 2117 2357 2373 2672 2970 3005 3012 3138 3246 3449 3509 3643 3741
 4006 4136 4412 4644 4707 5837 5915 6545 6908 7180 7400 7426]",0.3329832718594814
"[ 522  553  743  843  871  893  971 1242 1336 1517 1535 1836 1956 2041
 2212 2222 2316 2480 2520 2868 2896 2926 3019 3313 3357 3507 3589 3674
 3991 4074 4096 4364 4409 4638 5274 5514 6118 6550 6898 7190]",0.33816885595083734
"[ 548  594  629  658  743  967 1051 1238 1401 1464 1726 1885 1926 1975
 2217 2231 2251 2529 2763 2826 2877 3011 3101 3217 3280 3377 3711 3792
 3812 4158 4275 4363 5352 5978 6415 6477 6680 6908 7110 7400]",0.33147001076000326
"[ 545  553  593  747 1088 1178 1256 1660 1692 1786 1866 1954 2041 2176
 2301 2331 2567 2574 2672 2803 2833 3104 3290 3352 3373 3381 3745 3795
 3914 3999 4023 4085 4204 4571 4696 6257 6548 7043 7123 7137]",0.3401931773529898
"[ 691  820  873 1184 1234 1264 1744 1805 2119 2140 2155 2180 2236 2361
 2553 2611 2734 2855 3012 3076 3107 3447 3567 3675 3739 3842 3866 4087
 4205 4361 4624 5336 5416 6188 6550 6752 6972 7050 7472 7503]",0.3348894331808585
"[ 448  455  845  909  944  953 1178 1187 1217 1752 1762 1808 1919 1997
 2261 2315 2325 2367 2593 2625 2712 2797 2888 3087 3208 3290 3450 3652
 3746 3785 3881 4014 4338 4509 4569 5255 5914 6469 6480 7120]",0.32217006647632995
"[ 248  267  453  752  762  947 1125 1168 1250 1528 1686 1749 1796 1928
 1946 1977 2166 2181 2358 2471 2508 2736 2815 2938 3285 3446 3707 3715
 3745 3793 4087 4352 4363 6188 6230 6411 6725 6905 7107 7407]",0.3318482204603264
"[ 525  626  903  916  944  957 1177 1306 1472 1674 1937 1949 2034 2042
 2049 2210 2436 2587 2693 2709 2744 2756 2937 3001 3308 3443 3649 3803
 3846 3854 3883 4339 4431 4490 6188 6622 6828 7123 7258 7321]",0.3509518262891305
"[ 316  377  406  738  827  838  960 1234 1259 1533 1736 1893 1902 1930
 2012 2170 2332 2504 2584 2813 2832 2876 2896 3145 3279 3365 3462 3663
 3785 3798 3812 4061 4229 4363 4498 5977 6552 6639 6757 7121]",0.318661033158272
"[ 384  551  733  970 1053 1171 1305 1320 1348 1402 1737 1784 1821 2027
 2145 2153 2181 2189 2375 2411 2567 2789 2874 2938 2970 3099 3280 3444
 3597 3643 3650 4157 4205 4239 4482 4644 6187 6810 6896 6974]",0.3556077534069709
"[ 451  671  690  768  968 1188 1229 1241 1680 1765 1802 1812 2001 2040
 2079 2245 2305 2400 2483 2567 2579 2760 3011 3018 3075 3138 3168 3641
 3663 3703 3865 3953 4159 4276 4406 4645 6048 6688 7109 7121]",0.3502704066375908
"[ 459  476  521  627  890  992 1039 1121 1378 1674 1758 1858 1880 1980
 2151 2179 2329 2371 2621 2783 2869 2877 3102 3281 3376 3502 3651 3746
 3777 3943 4024 4073 4279 4555 4643 6045 6551 6755 7121 7466]",0.3354410992221636
"[ 266  763  812  947  985 1249 1256 1313 1442 1663 1746 1753 1765 2043
 2079 2248 2283 2473 2520 2580 2608 2696 2882 3148 3155 3282 3376 3649
 3712 3844 3884 4276 4367 4708 4715 5834 6335 6680 6902 7472]",0.3397214231620048
"[ 248  377  483  547  773  811  819 1121 1161 1179 1311 1613 1620 1809
 1858 1888 1943 2186 2427 2445 2458 2579 2693 2823 3137 3161 3220 3498
 3583 3666 3745 3860 4086 4131 4291 6334 6838 6902 7401 7583]",0.3425745387205563
"[ 388  451  624  887  901 1056 1163 1320 1540 1733 1814 2073 2121 2246
 2255 2302 2638 2647 2664 2692 2755 2937 3027 3367 3423 3519 3535 3573
 3668 3937 4167 4211 4272 4336 4502 5978 6410 6687 7121 7256]",0.35338782405965796
"[ 615  622  664  743 1121 1164 1242 1327 1661 1673 1824 1831 2022 2143
 2191 2292 2315 2325 2591 2622 2726 2782 3076 3162 3240 3282 3439 3745
 3860 4151 4204 4234 4429 5975 6396 6479 6901 6981 7393 7400]",0.34572798643483643
"[ 458  479  522  682  701  954  977 1178 1369 1399 1742 1762 1805 1820
 1866 1929 2110 2333 2377 2508 2529 2572 2868 3067 3105 3231 3360 3452
 3812 3940 4062 4071 4574 5405 5976 6539 6831 7051 7179 7401]",0.34042485775036413
"[ 315  616  733  962  978 1163 1455 1466 1618 1660 1965 2077 2100 2141
 2231 2460 2507 2551 2594 2612 2712 2942 3177 3356 3363 3375 3453 3704
 3939 3948 4134 4141 4438 5026 5336 5977 6902 6910 7107 7401]",0.35209188845173084
"[ 308  390  764  842  876  886 1320 1379 1683 1690 1717 2008 2015 2097
 2187 2390 2514 2649 2782 2832 3010 3022 3105 3281 3383 3430 3746 3860
 3869 3947 4133 4408 4433 4568 5054 5903 5952 6696 6967 7191]",0.31036332038956044
"[  94  269  321  402  526  661  816  838 1044 1093 1319 1543 1663 1820
 1929 2151 2167 2231 2258 2566 2735 2787 2831 2962 3013 3218 3240 3281
 3518 3650 3746 4021 4083 4134 4500 4692 6187 6695 6973 7108]",0.3395380053269167
"[ 340  688  876  892  981 1242 1327 1592 1674 1692 1930 1941 1952 2181
 2265 2471 2508 2589 2596 2712 2834 3083 3144 3167 3705 3719 3747 3798
 3810 4049 4204 4214 4366 4553 4713 6048 6468 6831 7032 7261]",0.3341413085719803
"[ 451  600  629  651  693  825  873 1099 1124 1304 1330 1463 1835 1876
 1926 2099 2183 2221 2403 2513 2710 2876 3006 3030 3070 3192 3449 3557
 3584 3635 3746 3855 4024 4159 4504 4699 5834 6760 7110 7120]",0.3442207205326413
"[ 248  265  377  598  770  834  898 1174 1235 1471 1673 1786 1906 1936
 2022 2252 2286 2300 2522 2622 2649 2782 2812 2826 2870 3365 3428 3452
 3515 3882 3931 4085 4203 4644 5417 6753 6902 7250 7264 7399]",0.34040103136041855
"[ 521  550  601  951 1035 1044 1054 1443 1594 1601 1692 2013 2031 2095
 2148 2251 2329 2353 2584 2643 2669 2733 3077 3230 3492 3590 3643 3650
 3955 4133 4150 4212 4546 5336 5653 6331 6409 6902 6909 7400]",0.3410740156133224
"[ 460  522  831  890 1088 1265 1394 1453 1955 2016 2040 2215 2222 2245
 2265 2448 2713 2754 2837 2869 3074 3097 3159 3209 3646 3653 3737 3746
 4013 4056 4119 4134 4144 4434 5407 6116 6410 6760 7251 7261]",0.3415013991280961
"[ 245  479  522  952  977 1056 1103 1469 1667 1837 1857 2011 2037 2057
 2101 2257 2374 2604 2643 2651 2736 2762 2826 2941 3168 3175 3353 3434
 3446 3740 3855 4004 4086 4643 5192 6116 6767 6831 7108 7332]",0.3372703660343973
"[ 331  453  623  673 1092 1121 1172 1226 1256 1672 1827 1871 1976 2145
 2166 2173 2336 2371 2608 2668 2758 2803 2995 3003 3098 3296 3493 3603
 3801 3931 4204 4368 4714 5080 6051 6767 6831 6866 7393 7401]",0.32853631877903844
"[ 455  463  620  894  980 1092 1468 1479 1513 1597 1829 1962 2093 2142
 2261 2395 2579 2641 2672 2736 2763 3034 3071 3221 3228 3310 3564 3715
 3727 3816 4022 4060 4291 4781 5491 6047 6410 6830 7108 7120]",0.3368538728461377
"[ 384  448  630  689  747 1121 1185 1237 1249 1514 1597 1689 1753 1875
 2069 2097 2185 2225 2249 2334 2593 2646 2726 2755 2996 3086 3170 3360
 3582 3670 3802 3989 4077 4573 4636 6050 6543 6593 7054 7188]",0.3273091972255266
"[ 389  410  520  616  771  887 1022 1121 1463 1513 1621 1646 1827 1947
 2026 2033 2144 2187 2296 2666 2924 3011 3038 3146 3423 3449 3511 3674
 3928 4007 4053 4367 4423 4553 5770 6045 6688 6981 7323 7401]",0.31779511627868623
"[ 268  473  812  837  873 1102 1332 1379 1513 1533 1877 1894 1928 2048
 2099 2219 2326 2425 2444 2532 2557 2737 2763 2937 3015 3072 3170 3376
 3434 3603 3712 3870 3934 3951 4205 5193 6046 6767 7186 7321]",0.33531801520813814
"[ 454  615  623  678  876  956 1121 1255 1460 1727 1788 1809 1834 2032
 2040 2138 2306 2358 2649 2666 2693 2869 2925 3028 3147 3423 3444 3522
 3650 3784 3882 4083 4133 4574 4637 5268 5905 6619 7108 7261]",0.33687556899976534
"[ 381  558  619  742  749  877 1049 1112 1371 1622 1670 1681 1805 1928
 2010 2100 2185 2372 2432 2638 2693 2882 3008 3016 3071 3376 3462 3507
 3666 3854 3989 4074 4152 4336 4644 5500 6259 6833 7322 7330]",0.34230338111186753
"[ 334  522  624  743  902 1092 1103 1124 1323 1525 1543 1765 1786 1818
 2166 2181 2225 2406 2498 2515 2755 2767 2811 2946 3066 3075 3318 3368
 3521 3568 3937 3953 4207 4286 4506 5486 5988 6048 6833 7183]",0.34157552545782177
"[ 473  592  670  700  749 1050 1179 1240 1302 1683 1691 1739 1746 2011
 2161 2181 2217 2403 2567 2658 2667 3036 3075 3155 3167 3642 3798 3883
 3947 4133 4146 4268 4296 4713 5560 6119 6759 6980 7330 7394]",0.33683869812141576
"[ 114  194  459  663  749  762 1095 1192 1230 1390 1542 1666 1692 1730
 1786 1864 2229 2245 2260 2535 2735 2755 2853 2868 2932 3354 3376 3645
 3723 3873 3955 4133 4144 4507 5196 5977 5985 6625 6900 7334]",0.31436612180147255
"[ 483  670  734 1101 1108 1121 1231 1451 1742 1825 1940 1979 1996 2288
 2321 2450 2472 2551 2671 2998 3008 3086 3167 3516 3669 3704 3711 3792
 4141 4229 4276 4714 5839 6403 6481 6858 7015 7051 7329 7393]",0.341709955283834
"[ 221  482  519  545  597  772  957 1044 1217 1249 1377 1540 1692 1812
 1874 2073 2103 2111 2264 2363 2374 2637 2868 3093 3137 3358 3365 3485
 3635 3731 3740 3996 4033 4291 4299 5626 6257 6547 6978 7109]",0.3283126852141173
"[ 248  270  597  830  844 1097 1121 1178 1371 1528 1759 1805 1893 2007
 2257 2442 2456 2463 2496 2520 2761 2788 2896 3012 3289 3491 3534 3588
 3792 3952 3991 4156 4573 5634 6191 6482 6688 7065 7109 7473]",0.33421288053778675
"[ 451  554  618  676  811  945 1243 1254 1262 1442 1836 1876 1920 1963
 1970 2145 2266 2374 2578 2600 2616 2924 2942 3033 3376 3427 3738 3789
 3848 3869 4291 4554 4709 5518 5532 5839 6116 6548 6980 7043]",0.3341214334577265
"[ 198  459  521  760  843 1033 1334 1454 1513 1675 1803 1972 1997 2121
 2290 2317 2376 2637 2654 2811 2931 2968 3015 3281 3291 3511 3558 3603
 3660 3781 3789 4009 4278 4573 5337 5976 6473 6911 7108 7257]",0.3293005992872635
"[ 248  382  692  742  877  896  912 1102 1189 1395 1479 1514 1892 2011
 2163 2170 2188 2576 2692 2754 2809 2852 2942 3169 3219 3464 3563 3653
 3660 3717 3812 4132 4294 4498 5439 5977 6691 6752 7250 7262]",0.3425968059351608
"[ 462  475  662  970 1026 1104 1121 1160 1465 1543 1742 1860 1870 2174
 2182 2194 2305 2360 2472 2693 2710 3033 3164 3208 3215 3224 3674 3713
 3722 4015 4023 4131 4144 4293 4336 4708 6190 6830 7180 7261]",0.33409667983054064
"[ 521  549  677  911  951  968 1474 1517 1538 1601 1794 2088 2099 2120
 2253 2281 2551 2577 2589 2672 2754 2853 3088 3150 3524 3572 3706 3798
 3954 4076 4211 4366 4664 5903 6193 6294 6468 6838 6899 7260]",0.34256715225010703
"[ 413  436  473  670  677  973  981 1019 1384 1463 1478 1513 1633 1683
 2007 2044 2089 2096 2318 2474 2495 2588 2644 2764 3088 3147 3167 3425
 3582 3645 3669 3919 4148 4374 4409 6116 6760 6869 7110 7401]",0.35065188892343213
"[ 474  484  599  970 1161 1242 1263 1466 1739 1803 1896 1903 1959 1997
 2233 2263 2287 2436 2458 2637 2763 2868 2875 2999 3033 3166 3436 3496
 3739 3747 4084 4144 4206 4409 5197 5833 6193 6615 6907 7323]",0.3396787042486131
"[ 248  311  414  619  910  950 1101 1538 1602 1619 1716 1736 1867 2033
 2096 2188 2212 2509 2572 2664 2689 3010 3070 3101 3378 3440 3630 3639
 3746 3872 3881 3930 4573 5629 5905 6473 6481 7043 7123 7578]",0.34467654329230546
"[ 604  623  663  845  970 1100 1320 1371 1469 1804 1905 2024 2071 2081
 2175 2254 2445 2483 2580 2754 3000 3016 3104 3165 3221 3534 3554 3652
 3736 3777 3855 4231 4359 4553 4671 4779 5975 6760 7109 7190]",0.33822555125205
"[ 691  814  877 1121 1179 1307 1371 1471 1620 1806 1969 2079 2099 2329
 2427 2461 2482 2518 2650 2760 2810 2928 3224 3309 3373 3571 3791 3812
 3869 4068 4131 4409 4508 4643 5056 6117 6550 6972 7193 7452]",0.3366206727918386
"[ 249  334  522  742  749 1121 1164 1299 1323 1618 1673 1877 2107 2118
 2140 2219 2371 2452 2537 2552 2709 2874 2897 3074 3241 3352 3519 3713
 3720 3811 3911 4062 4158 4466 4644 5700 5976 6622 6970 7400]",0.3331987317538656
"[ 165  333  387  771  831  873  893 1022 1263 1442 1452 1462 1756 1998
 2164 2175 2255 2334 2497 2507 2585 2958 2977 3137 3159 3380 3432 3653
 3777 3949 3999 4296 4429 4621 5841 6190 6412 6834 7109 7333]",0.32724801020065564
"[ 339  773  801  824  881 1044 1123 1321 1378 1442 1544 1781 1836 2082
 2102 2166 2253 2331 2429 2580 2807 2831 2940 3066 3074 3100 3436 3446
 3930 3939 4135 4431 4555 5417 5974 6543 6554 6973 7108 7193]",0.34575756487554227
"[ 451  458  621  843  892  956 1234 1323 1472 1665 1860 2009 2101 2119
 2307 2325 2427 2649 2691 2802 2825 2957 3066 3149 3446 3643 3651 3741
 4338 4362 4840 5211 5344 5976 6230 6486 6669 6688 7179 7191]",0.35877642931620546
"[ 312  336  390  702  830  951  959 1051 1320 1327 1585 1619 1666 1821
 2073 2086 2113 2167 2390 2659 2684 2766 2793 2950 2995 3362 3519 3653
 3784 3812 3846 4083 4145 4407 4783 6119 6480 6614 7047 7251]",0.3229121055736098
"[ 410  462  526  688  731  984 1022 1175 1327 1519 1748 1904 1953 2109
 2154 2214 2592 2599 2759 2868 3002 3066 3095 3176 3299 3499 3626 3665
 3860 4061 4158 4293 4480 4850 5084 5905 6688 7108 7189 7501]",0.3318804273054437
"[ 320  405  455  485  805  970 1049 1056 1174 1309 1468 1512 1716 1745
 1806 1906 2035 2240 2282 2290 2301 2325 2761 2788 2870 3032 3165 3278
 3285 3437 3739 3784 4005 4133 4573 6187 6196 6751 6829 7330]",0.3384370894439277
"[ 293  459  473  522  765  822  971 1027 1407 1536 1804 1977 2007 2039
 2096 2174 2543 2567 2576 2587 3034 3168 3217 3227 3352 3535 3661 3812
 3994 4072 4344 4365 4846 5333 6403 6552 6753 7120 7252 7526]",0.332947691582198
"[ 263  528  750  761  874 1098 1122 1254 1656 1673 1762 1825 1948 2069
 2149 2246 2260 2446 2499 2595 2624 2755 2942 3005 3211 3240 3436 3464
 3517 3641 3773 3931 4085 4206 4362 4782 6117 6550 6971 7122]",0.34310711774520963
"[ 463  480  524  729  845  958 1121 1161 1398 1665 1745 1765 1928 2151
 2180 2377 2425 2456 2545 2655 2860 3033 3090 3290 3382 3494 3587 3793
 3953 4134 4368 4502 4554 5914 6049 6255 6903 7123 7179 7472]",0.3255459773930437
"[ 248  659  670  682  690  701 1101 1231 1264 1393 1872 1884 1934 1977
 2174 2183 2212 2365 2483 2642 2659 2669 3073 3223 3240 3487 3783 3790
 3812 3943 4060 4374 4425 4508 4553 6259 6691 6826 7332 7582]",0.3101048008502623
"[ 339  403  521  559  815  905 1125 1162 1181 1314 1428 1618 1676 1730
 1879 2037 2068 2170 2292 2446 2624 2638 2684 3019 3151 3172 3280 3586
 3714 3864 4024 4062 4211 4571 5265 5629 6047 6614 7192 7251]",0.33235473285451794
"[ 620  806  859  910 1030 1064 1108 1306 1480 1675 1756 1803 1930 2009
 2165 2186 2245 2300 2605 2710 2719 2735 2825 2833 2870 3168 3217 3369
 3491 3881 4013 4056 4142 4503 5264 6044 6545 6696 7252 7402]",0.3091721362213804
"[ 309  336  811  969  977 1055 1087 1171 1461 1468 1662 1834 1883 1935
 1962 2084 2112 2284 2404 2449 2598 2645 2655 3151 3176 3281 3378 3501
 3669 3792 3997 4056 4362 4561 4781 5121 6334 6972 6981 7322]",0.345534501798224
"[ 264  378  599  828 1020 1030 1192 1393 1614 2032 2048 2079 2093 2182
 2442 2542 2591 2637 2648 2670 2904 3012 3101 3290 3487 3521 3640 3796
 3882 4072 4086 4409 4574 5264 6476 6696 7014 7181 7195 7472]",0.33983354763554174
"[  52  449  529  700  762  959  968 1021 1262 1684 1709 1735 1745 1799
 1838 2167 2175 2258 2300 2434 2566 2693 2739 2827 2873 2935 2997 3170
 3357 3366 3520 3994 4005 4024 4085 4644 5977 6549 6897 7189]",0.34263378642515324
"[ 249  520  551  754  772  884 1121 1227 1327 1786 1813 1829 1869 2050
 2179 2287 2372 2379 2471 2623 2855 3020 3080 3242 3353 3591 3608 3650
 3784 4022 4057 4221 4585 4715 5639 6121 6129 6681 6688 7190]",0.3335506209670023
"[ 381  548  602  840  873 1024 1071 1103 1324 1473 1693 1736 1816 1823
 1857 2188 2219 2315 2509 2519 2783 2824 3025 3087 3389 3435 3496 3523
 3702 3797 3884 3992 4074 4232 4411 5978 6552 6685 7192 7466]",0.3260231204793559
"[ 249  487  551  597  660  746  972 1090 1177 1332 1674 1786 1943 2077
 2104 2121 2166 2182 2426 2602 2761 2940 2999 3098 3266 3360 3371 3669
 3705 3731 3936 4138 4266 4430 5336 6116 6267 6612 7111 7261]",0.32176872277301855
"[ 248  481  596  616 1098 1176 1265 1371 1542 1664 1673 2039 2046 2124
 2146 2169 2225 2303 2495 2602 2717 2763 2940 2947 3280 3377 3576 3702
 3740 3819 3854 4009 4304 4359 4696 6047 6617 6625 7179 7189]",0.34392066159661
"[ 403  526  623  948  973 1030 1265 1464 1665 1728 1765 1998 2026 2180
 2259 2297 2483 2711 2736 2827 2958 3011 3358 3375 3453 3581 3674 3856
 3988 4079 4086 4553 4574 4708 5004 5346 6262 6324 6765 6899]",0.3218438509052498
"[ 480  525  976 1020 1030 1322 1479 1736 1821 1938 2098 2214 2254 2261
 2446 2622 2714 2757 2848 2886 2939 3018 3282 3454 3505 3559 3589 3674
 3783 4132 4159 4223 4286 5344 6118 6225 6408 6830 7121 7322]",0.33950363515528575
"[ 318  554  824  949 1184 1309 1389 1404 1585 1845 1903 1996 2020 2099
 2154 2253 2531 2567 2586 2760 2935 3089 3167 3351 3365 3571 3658 3812
 4005 4135 4154 4537 4573 4637 5834 5984 6617 6982 7112 7403]",0.345629488108242
"[ 248  376  695  759  883  946 1179 1314 1401 1513 1835 1929 1953 2010
 2017 2176 2504 2514 2611 2619 2637 2954 3013 3208 3244 3287 3508 3591
 3675 3784 3916 3940 3951 4430 6048 6197 6681 6690 7120 7322]",0.33037621898321495
"[  65  313  679  731  743  762 1039 1054 1240 1329 1441 1690 1739 1964
 2001 2009 2089 2335 2496 2509 2805 2869 2887 3074 3378 3438 3535 3563
 3641 3798 4004 4022 4132 4501 5417 6335 6755 6833 7251 7330]",0.3399235002190913
"[ 315  475  486  592  747 1050 1167 1249 1328 1691 1786 1880 2102 2109
 2190 2219 2368 2376 2596 2637 2763 2999 3094 3221 3229 3490 3568 3726
 3812 4004 4061 4087 4408 4500 5406 6121 6555 6688 7108 7120]",0.35563879642526613
"[ 521  693  748  811  843 1039 1161 1316 1408 1451 1472 1812 1934 1943
 1969 2032 2233 2259 2283 2364 2552 2601 2804 3075 3082 3095 3104 3209
 3572 3655 3670 3910 3918 4086 4352 4362 6188 6480 6971 7353]",0.3188062640182039
"[ 314  812  839  875  892  970 1143 1260 1391 1591 1682 1832 2007 2095
 2140 2173 2252 2300 2483 2576 2689 2781 3008 3086 3099 3212 3446 3745
 3784 3866 4156 4415 4575 4781 5227 6047 6688 6837 7179 7400]",0.3563702540018287
"[ 305  485  526  802  832  895 1052 1100 1330 1393 1520 1622 1815 2042
 2067 2121 2232 2319 2362 2708 2729 2739 2757 3150 3169 3212 3650 3805
 3812 3854 4132 4290 4353 5634 5766 6308 6403 6693 7110 7191]",0.34105939594936013
"[ 459  545  662  842  954  977 1107 1303 1337 1683 1740 1786 1796 1804
 1837 2032 2259 2303 2359 2537 2623 2758 2797 2810 3003 3230 3280 3308
 3435 3798 3955 3998 4490 4502 5336 6193 6217 6687 7333 7393]",0.32869871978980103
"[ 404  411  801  809  818  826  912 1047 1390 1443 1479 1612 1929 2116
 2166 2178 2291 2442 2599 2623 2733 2827 2935 3137 3240 3500 3634 3655
 3740 4135 4142 4366 4472 4644 5335 6115 6493 6616 6765 7179]",0.32197852497956314
"[ 615  659  749  768  811 1113 1386 1474 1609 1735 1866 1956 1969 1976
 2428 2439 2449 2599 2689 3014 3146 3281 3310 3391 3558 3646 3795 3812
 4133 4225 4288 4626 4638 4916 5833 6254 6477 6840 7180 7190]",0.33182346490327647
"[ 249  340  358  473  518  525  772 1046 1179 1242 1446 1736 1828 2026
 2049 2144 2226 2318 2541 2648 2661 2710 2765 3011 3095 3207 3214 3590
 3647 3654 3812 3996 4060 4148 4190 4715 5837 6548 7109 7190]",0.33618134421743284
"[ 379  459  692  846  967 1016 1101 1327 1547 1733 1749 1955 2081 2116
 2284 2386 2407 2445 2579 2781 2806 3104 3168 3293 3300 3357 3491 3745
 3793 3943 4137 4199 4430 4928 5575 5989 6117 6617 6909 7330]",0.34719691265603003
"[ 332  732  742  836  893 1330 1442 1451 1533 1632 1764 1855 2104 2168
 2184 2229 2333 2504 2638 2672 2766 2800 2824 3160 3214 3238 3582 3636
 3716 3811 4132 4366 4480 4571 5836 6394 6479 6900 7120 7466]",0.3364257810306452
"[ 176  333  446  487  668  765  946 1037 1056 1115 1380 1442 1621 1685
 1885 2212 2248 2256 2292 2376 2688 2774 2926 3089 3174 3216 3223 3309
 3494 3741 3789 3940 3947 4573 5908 6340 6545 6838 7321 7330]",0.32408292869328814
"[ 409  660  741  831  982 1090 1173 1252 1450 1546 1741 1800 1927 2040
 2218 2237 2318 2474 2651 2659 2765 2784 2881 3282 3289 3311 3375 3439
 3674 3773 3784 3874 4005 4575 4753 5975 6484 6689 7109 7121]",0.35156376816721113
"[ 453  557  903 1103 1181 1237 1479 1786 1814 1828 1948 2008 2123 2245
 2258 2284 2298 2695 2733 2755 2931 3009 3097 3441 3492 3571 3662 3884
 3989 4008 4213 4484 4506 4780 6261 6341 6838 7108 7257 7587]",0.320870158567588
"[ 382  621  877  895 1028 1122 1602 1665 1764 1926 2040 2081 2104 2167
 2216 2330 2534 2761 2784 2875 3005 3098 3439 3491 3536 3712 3731 3809
 4133 4219 4555 4714 4938 5545 6188 6482 6685 7049 7174 7252]",0.33230069226231695
"[ 248  263  306  556  887  950 1037 1054 1399 1447 1763 1797 1888 2236
 2292 2322 2330 2354 2512 2599 2947 3001 3098 3291 3491 3518 3669 3856
 3940 4060 4091 4146 4508 5352 6045 6541 6872 6903 7108 7193]",0.32011304436307264
"[ 209  388  449  547  696  819  951 1443 1477 1534 1541 1735 1973 2165
 2211 2219 2315 2394 2483 2580 2658 2758 2786 2957 3076 3235 3510 3557
 3565 3731 4009 4136 4285 4553 6124 6470 6760 7143 7179 7331]",0.3174347744584689
"[ 248  764  773  876 1034 1096 1324 1545 1584 1591 1599 1915 1959 2002
 2021 2152 2186 2521 2536 2566 2584 2670 2693 2788 3015 3218 3280 3309
 3343 3745 3784 3795 3873 4338 4502 6048 6682 6833 7263 7322]",0.3466786539503264
"[ 321  622  733  812 1056 1106 1120 1233 1255 1382 1732 1963 1998 2026
 2113 2288 2514 2530 2610 2622 2719 3016 3066 3236 3290 3514 3666 3712
 4006 4131 4156 4281 4501 6261 6339 6831 6840 6895 7325 7335]",0.3344153888130623
"[ 314  448  474  481 1053 1163 1181 1243 1401 1513 1603 1763 2017 2101
 2179 2219 2260 2591 2598 2622 2651 2823 3083 3208 3216 3414 3447 3740
 3789 3909 3918 4297 4502 4602 4702 5267 6405 6970 7051 7473]",0.3173396780463292
"[ 529  663  691  913  959 1179 1304 1543 1597 1858 1943 2028 2045 2123
 2178 2303 2426 2433 2693 2799 3097 3175 3212 3220 3230 3707 3731 3785
 3793 3812 4204 4362 4440 5182 5827 6190 6687 6981 7256 7315]",0.34632207987315305
"[ 248  336  663  824  833  887  985 1308 1330 1372 1394 1744 1903 2007
 2166 2211 2230 2464 2471 2620 2664 2742 2858 2869 3208 3310 3362 3369
 3704 3801 3953 4006 4195 4508 4635 6046 6681 6694 7179 7401]",0.3156356109733147
"[ 195  388  764  876  897 1056 1331 1457 1609 1763 1804 1955 2077 2180
 2211 2260 2441 2457 2591 2760 2929 3090 3098 3153 3359 3564 3585 3812
 3855 3933 4087 4644 4779 5192 5412 6090 6260 6692 7111 7402]",0.3070723636473021
"[ 199  319  454  476  754  842  886  946  977 1319 1379 1609 1834 2024
 2087 2245 2397 2429 2579 2692 2736 2799 3137 3302 3309 3363 3605 3631
 3639 3879 4004 4336 4576 6047 6222 6612 6764 7181 7219 7401]",0.32506359279661345
"[ 178  331  555  659  809  819 1040 1050 1378 1598 1677 1686 2001 2010
 2099 2159 2186 2320 2566 2693 2806 2889 2929 2940 3236 3430 3557 3650
 3676 3708 3880 4146 4205 4437 4568 5837 6197 6546 7116 7251]",0.31562711718129377
"[ 268  378  402  815  874  914 1188 1317 1370 1690 1786 1870 2021 2099
 2106 2261 2287 2439 2551 2592 2709 2789 2826 3010 3089 3241 3337 3351
 3430 3589 3650 3812 3916 4143 4433 4703 5974 6831 7121 7179]",0.3346542541927541
"[ 379  386  618  876  886  908 1182 1317 1370 1379 1472 1905 1998 2009
 2232 2245 2394 2508 2567 2740 2875 3010 3103 3287 3350 3375 3535 3651
 3809 3855 3871 3916 4146 4639 6117 6478 6910 6971 7102 7471]",0.3441827141316897
"[ 246  332  694  734  812  962  969 1054 1379 1399 1747 1830 1858 1865
 1875 2120 2323 2426 2576 2588 2623 2671 3009 3067 3374 3501 3597 3704
 4073 4081 4344 4407 4640 5345 5405 5960 6186 6905 7179 7400]",0.33367047047322396
"[ 265  383  677  802  833  840  882 1175 1324 1376 1620 1821 1928 1970
 2096 2222 2335 2456 2515 2610 2640 2951 3011 3146 3171 3352 3589 3650
 3671 3783 4152 4216 4777 5105 5543 5555 6188 6833 6988 7250]",0.3282247848637471
"[ 245  472  589  766  956 1039 1469 1592 1621 1817 2000 2153 2166 2178
 2188 2495 2649 2760 2799 3020 3067 3170 3358 3581 3675 3704 3731 3854
 4024 4480 4502 4637 5345 5450 6139 6329 6833 7038 7053 7472]",0.3149158587185842
"[ 333  377  623  813 1104 1112 1121 1228 1522 1828 1857 1888 2120 2154
 2165 2465 2669 2693 2729 2827 2853 3077 3165 3438 3493 3599 3661 3766
 3855 4004 4133 4336 4366 4644 4779 6258 6338 6754 7048 7324]",0.3210072017404954
"[ 193  528  764  825 1018 1028 1185 1194 1535 1584 1597 1684 2000 2034
 2097 2116 2155 2290 2518 2567 2670 2757 2836 2928 3011 3167 3387 3425
 3817 3864 4056 4087 4207 4576 6045 6554 6616 7053 7180 7475]",0.32650949055470707
"[ 245  451  756  764  771  784  956 1252 1262 1304 1528 1805 1891 1906
 2041 2211 2226 2432 2471 2659 2879 2924 2934 3240 3366 3373 3562 3745
 3866 3924 4022 4429 4436 5254 5614 5976 6689 6967 7049 7466]",0.34901199674163086
"[ 410  446  597  616  773  888 1121 1178 1384 1446 1754 1785 1818 1837
 1936 2014 2024 2324 2584 2591 2599 2693 2782 2789 3355 3364 3447 3676
 3775 3868 4073 4136 4408 4503 5771 6471 6550 6911 6968 7329]",0.3228854909165569
"[ 193  392  521  690 1125 1170 1325 1371 1591 1690 1886 1926 2040 2225
 2233 2260 2356 2671 2756 2874 2924 3106 3145 3421 3437 3448 3455 3604
 3784 3798 4145 4409 4645 5486 5984 6046 6550 6825 7192 7394]",0.3345139964291825
"[ 194  306  485  745  830  979 1022 1314 1323 1473 1731 1959 2071 2190
 2220 2304 2321 2611 2715 2760 2803 2811 3007 3137 3241 3633 3648 3661
 3711 3812 4129 4366 4499 4698 6120 6551 6612 6972 7122 7472]",0.3656071556318603
"[  54  332  735  827  886  981 1320 1330 1384 1661 1977 2095 2103 2181
 2205 2222 2355 2407 2592 2755 2855 2868 3029 3307 3358 3509 3636 3746
 3926 3952 4007 4087 4204 4337 4428 5196 5700 6188 6339 7116]",0.33081148217697104
"[ 376  544  552  811  894 1114 1121 1172 1370 1462 1622 1757 1963 2027
 2233 2257 2293 2571 2689 2729 2807 2824 3075 3210 3237 3535 3570 3580
 3844 3874 3881 4215 4340 4347 4646 5345 5835 6333 7049 7109]",0.3302039482477406
"[ 316  404  590  893  910 1090 1171 1396 1407 1590 1601 1756 1935 2031
 2049 2253 2480 2496 2508 2588 2886 3223 3230 3287 3349 3521 3722 3784
 3951 4206 4228 4289 5406 5836 6256 6267 6673 6756 6834 7401]",0.35439550539382914
"[ 330  460  556  620  733  963 1053 1327 1379 1514 1549 1676 1954 2081
 2118 2253 2372 2483 2497 2529 2734 2758 2869 2929 3512 3572 3595 3777
 3943 4251 4292 4350 4483 5215 5771 5905 6627 6680 6760 7332]",0.326769055137122
"[ 270  333  379  537  815  833  874  982 1311 1319 1442 1539 1810 1835
 1959 2216 2256 2368 2460 2523 2689 2787 3081 3240 3286 3375 3634 3649
 3675 3855 4022 4080 4133 4496 4553 5846 6188 6481 6969 7190]",0.3147168727682401
"[ 248  263  525  588  824  910 1161 1172 1538 1545 1744 1977 2011 2074
 2180 2449 2530 2576 2690 2710 2895 3030 3080 3087 3094 3423 3558 3574
 3591 3725 3740 4204 4291 5345 5907 6337 6374 6615 7050 7111]",0.3433833294587467
"[ 337  530  876  901 1051 1142 1179 1243 1481 1610 1665 1743 2109 2164
 2258 2356 2483 2509 2807 2827 2996 3013 3076 3168 3344 3464 3576 3706
 3740 3870 4204 4283 4406 4504 4770 6049 6552 6616 7110 7260]",0.33495124669190823
"[ 248  478  668  873  963  985 1043 1241 1464 1474 1517 1764 1809 1925
 2114 2175 2194 2365 2428 2520 2690 2726 2815 2964 3067 3156 3290 3451
 3603 3652 3855 4133 4156 4268 4502 5335 6261 6765 7180 7471]",0.34351054376526924
"[ 269  519  532  827  952 1173 1262 1300 1326 1668 1730 1963 1977 2145
 2165 2365 2473 2514 2605 2622 2638 2805 3217 3366 3381 3422 3728 3745
 3931 4018 4272 4291 4568 5333 5563 6049 6255 6545 7252 7260]",0.32928999272587417
"[ 264  383  608  743  877 1121 1242 1326 1590 1621 1742 1927 2080 2108
 2117 2304 2312 2428 2625 2684 2788 2809 2867 3208 3228 3240 3714 3818
 3945 4009 4024 4278 4500 4554 5335 6187 6617 6966 7195 7473]",0.32141858672452406
"[ 462  524  689  980 1102 1231 1330 1451 1534 1690 1943 2078 2094 2101
 2212 2253 2509 2595 2658 2763 2826 2857 3032 3290 3307 3638 3650 3771
 3888 4014 4023 4071 4276 4433 5692 6189 6415 6689 7189 7252]",0.3484512918367864
"[  45  248  454  588  759  821  956 1053 1234 1318 1544 1608 1834 2001
 2028 2154 2181 2336 2449 2786 2813 2831 3012 3146 3175 3518 3580 3635
 3713 3812 3940 4134 4502 4900 5475 5837 6546 6907 7181 7472]",0.3337488771431765
"[ 730  738  762 1160 1324 1386 1404 1729 1824 1858 2026 2121 2288 2396
 2516 2579 2666 2763 2924 3012 3145 3237 3505 3587 3636 3812 3901 4159
 4203 4210 4266 4292 4846 5547 6264 6613 6762 7192 7251 7452]",0.33152128008907183
"[ 384  688  748  768  792  801 1165 1187 1265 1528 1682 1760 2070 2078
 2170 2300 2321 2619 2741 2802 2924 2937 3105 3238 3578 3657 3744 3783
 4121 4133 4166 4296 4359 5336 5771 5905 6408 6757 7190 7250]",0.32855332367428275
"[ 381  530  558  691  952  962 1328 1336 1459 1519 1936 1963 1976 2098
 2354 2373 2507 2664 2759 2766 2869 3003 3138 3167 3463 3500 3517 3649
 3812 4087 4141 4203 4433 4693 5124 6258 6339 6761 7109 7262]",0.34283090298444996
"[ 340  403  449  816  842  950  973 1320 1406 1455 1804 1818 1926 2181
 2190 2300 2458 2592 2694 2710 2900 3001 3011 3097 3160 3464 3578 3591
 3635 3740 3855 4079 4132 4569 6117 6481 6829 6981 7179 7401]",0.3283983626053575
"[ 390  412  690  825  884  913  946 1260 1498 1537 1734 1834 2012 2026
 2072 2182 2333 2483 2587 2637 2788 2878 2892 3149 3169 3374 3421 3571
 3606 3794 3952 4015 4132 4480 4503 5131 5834 6902 6966 7402]",0.34909523743154963
"[ 337  591  598  818  909 1179 1377 1455 1544 1717 1907 2026 2231 2257
 2288 2316 2638 2694 2859 2896 2943 2950 3356 3445 3454 3462 3509 3771
 4023 4145 4268 4275 4991 5266 5501 6187 6267 6688 7050 7183]",0.33353513368374144
"[ 267  473  591  699  905 1023 1101 1253 1371 1474 1602 1737 1965 2046
 2081 2098 2213 2445 2608 2620 2781 2958 3011 3040 3092 3359 3508 3590
 3627 3884 3924 4008 4484 4504 4846 6187 6682 6980 7043 7297]",0.33560622148882835
"[ 333  377  413  669  747  843 1042 1120 1161 1528 1683 1798 1854 1878
 1958 2193 2228 2324 2378 2430 2692 2754 2953 3083 3147 3209 3592 3645
 3746 3774 4008 4140 4271 4714 5617 6048 6615 6695 7108 7404]",0.32756537618871984
"[ 454  677  912  947 1044 1178 1242 1540 1660 1794 1954 1970 2034 2049
 2216 2232 2507 2638 2743 2757 2764 2943 3002 3310 3423 3435 3516 3628
 3746 3856 3919 3952 4013 4349 4433 6187 6624 6759 7120 7251]",0.33803119395914993
"[ 177  377  565  762  811  897 1031 1195 1394 1446 1453 1756 1835 1931
 2099 2153 2252 2374 2424 2473 2651 2668 2856 2962 3160 3167 3218 3438
 3731 3784 3919 3937 3959 4022 4715 6187 6548 6751 7042 7121]",0.33009900967263905
"[ 306  384  691  875  883  897 1121 1384 1468 1512 1760 1802 1818 1858
 2038 2233 2261 2426 2671 2682 2719 2765 2801 2995 3161 3311 3359 3559
 3720 3799 4063 4096 4160 4431 4565 6398 6478 6650 7179 7188]",0.3156428711413994
"[ 263  455  874  914  967  977 1240 1465 1478 1590 1863 1886 1927 2183
 2192 2359 2441 2594 2684 2719 2818 3160 3167 3208 3362 3535 3597 3781
 3868 4113 4236 4276 4336 4361 5557 5692 6188 6687 7122 7255]",0.30316347607614247
"[ 403  411  521  815  977 1179 1234 1473 1597 1903 1965 2012 2162 2170
 2217 2550 2637 2654 2754 2789 2804 3032 3154 3351 3360 3382 3554 3727
 3860 4031 4062 4404 4502 4624 5192 5907 6469 6548 7116 7180]",0.32428715355409216
"[ 380  405  605  875  913  977 1039 1305 1313 1617 1716 1820 1953 2081
 2253 2261 2283 2445 2552 2596 2716 2939 3210 3240 3361 3375 3535 3652
 3775 3783 3812 4074 4294 4407 4495 5701 6047 6621 6899 7190]",0.36651656706034647
"[ 265  454  587  608  835  947 1101 1180 1195 1470 1513 1665 1908 1956
 2035 2212 2376 2508 2543 2667 2692 3016 3029 3066 3307 3356 3435 3801
 3923 3950 4077 4424 4480 4573 5338 6192 6327 6831 7179 7330]",0.3495975904716815
"[ 331  378  552  824  878  885 1196 1374 1381 1390 1470 1859 1907 2083
 2113 2170 2375 2427 2611 2624 2868 2999 3021 3247 3290 3349 3451 3581
 3854 4080 4095 4203 4496 4574 5836 6257 6552 6899 7050 7471]",0.3447051149358573
"[ 114  269  521  546  599  821 1054 1229 1242 1331 1393 1835 1888 1944
 1998 2166 2222 2402 2463 2714 2875 3168 3212 3220 3445 3598 3650 3702
 3713 3748 4018 4205 4294 4846 5413 5976 6691 6982 7108 7472]",0.3334111804492267
"[ 319  486  520  617  907 1239 1257 1267 1390 1515 1716 1937 1955 1977
 2159 2212 2251 2472 2529 2572 2696 2727 3019 3141 3240 3363 3517 3706
 3811 4067 4086 4150 4267 4763 4917 5554 6189 6553 7039 7046]",0.32557946297255286
"[ 200  308  550  747  877  984 1039 1299 1401 1481 1590 1597 1749 1927
 2165 2187 2220 2245 2300 2928 2945 3098 3293 3415 3446 3534 3641 3808
 3868 4134 4146 4366 4473 4708 6034 6188 6690 7110 7265 7400]",0.31378808579159023
"[ 319  377  413  824  832  879 1172 1299 1463 1693 1756 1787 1873 2078
 2101 2255 2378 2545 2575 2710 2739 2765 2870 3148 3212 3381 3444 3604
 3644 4020 4205 4219 4778 6104 6116 6610 6633 6688 6767 7400]",0.3300038265571989
"[ 452  462  689  842 1021 1181 1316 1545 1735 1799 1857 1962 2191 2239
 2252 2288 2658 2781 2788 2831 3096 3104 3155 3518 3573 3795 3914 4024
 4134 4141 4156 4502 4553 5192 5975 6470 6550 7050 7109 7472]",0.3357508135939293
"[  52  319  521  545  624  892  953  986 1158 1259 1480 1534 1593 1955
 1998 2015 2079 2112 2194 2316 2637 2655 2718 2896 3093 3208 3219 3534
 3588 3789 4296 4502 5335 5345 6046 6686 6694 6816 7179 7257]",0.317586320969846
"[ 320  405  663  840  886  974 1035 1161 1456 1538 1646 1688 1871 1996
 2099 2180 2189 2291 2520 2567 2598 2829 3067 3163 3221 3464 3511 3523
 3711 3883 4146 4279 4374 4644 4906 6553 6789 6903 7180 7474]",0.3315280749825855
"[ 451  481  630  831  873  953 1052 1179 1314 1548 1788 1891 1947 2050
 2238 2251 2288 2423 2508 2546 2587 2924 3008 3026 3425 3440 3518 3557
 3667 3855 4013 4133 4363 4565 5336 5978 6409 6831 7036 7192]",0.33936235228784345
"[ 314  475  586  627  825  957 1117 1231 1457 1477 1538 1929 1941 2046
 2166 2251 2496 2621 2659 2743 2788 2827 3238 3281 3362 3444 3670 3783
 3844 3862 4102 4229 4292 4406 4496 5344 5957 6193 6899 7332]",0.30447917333782953
"[ 450  605  620  770  896  928  947 1168 1516 1615 1786 1819 2090 2121
 2169 2185 2249 2569 2649 2658 2693 2896 3095 3146 3370 3661 3812 3846
 3859 4156 4206 4362 4709 5416 5515 5974 6548 6610 6978 7255]",0.317371361274264
"[ 248  379  762  811 1039 1101 1230 1330 1408 1535 1787 1800 2093 2183
 2190 2246 2286 2550 2576 2739 2802 2826 3100 3220 3353 3376 3485 3654
 3669 3775 3784 4220 4480 4564 5387 6188 6687 6697 7037 7190]",0.34747621438252374
"[ 376  385  687  837  946 1036 1167 1330 1350 1443 1480 1672 1752 1937
 1945 2113 2140 2165 2442 2573 2601 2902 3015 3138 3290 3510 3544 3661
 3703 3812 3859 4135 4296 4550 5126 6046 6481 6543 7113 7123]",0.3164192418156179
"[ 340  404  597  682  834  986 1090 1168 1332 1461 1588 1931 1969 1978
 2091 2098 2362 2464 2513 2667 2689 2995 3008 3027 3230 3258 3591 3641
 3722 3812 4060 4219 4231 4636 5274 5748 6475 6906 7178 7401]",0.3372293644877741
"[ 314  592  619  753  846 1114 1121 1169 1443 1602 1621 1736 1969 2069
 2169 2330 2367 2534 2588 2693 2784 2862 3018 3111 3169 3283 3293 3591
 3670 3793 3923 4088 4482 4501 4560 5346 6539 6619 7189 7322]",0.32742979708025566
"[ 316  592  760  818  983 1023 1259 1384 1465 1763 1786 1872 1956 2035
 2185 2293 2303 2571 2683 2743 2766 2797 3021 3146 3281 3439 3589 3675
 3712 3844 3879 4076 4205 4225 4781 5905 6474 6834 7252 7331]",0.3400239716302148
"[ 305  546  697  742  962 1017 1258 1392 1522 1752 1904 1955 1999 2078
 2090 2182 2475 2585 2593 2719 2838 3024 3087 3287 3559 3722 3730 3952
 4134 4358 4708 4958 5057 5856 5974 6250 6547 6768 7395 7474]",0.34069532676601977
"[ 333  592  599  694 1034 1160 1238 1473 1480 1744 1871 2072 2186 2194
 2236 2250 2508 2596 2684 2762 2853 2887 2944 3222 3446 3492 3499 3601
 3792 3948 4055 4204 4284 4363 5046 5488 6187 6763 7111 7401]",0.32562235506179243
"[ 147  410  455  544  678  702  876  980 1181 1310 1476 1731 1749 1930
 2170 2187 2250 2375 2577 2622 2712 2743 2870 3148 3305 3314 3639 3746
 3802 3862 4095 4207 4431 4483 6049 6646 6901 7122 7251 7400]",0.3212065579269263
"[ 451  742  762 1039 1127 1162 1172 1260 1533 1661 1690 1930 2024 2079
 2104 2183 2333 2371 2592 2683 2694 2709 2716 2741 2870 3212 3235 3583
 3643 3803 3952 4210 4265 4363 5335 5835 6331 6695 7180 7261]",0.31648856183025387
"[ 249  525  628  659  751  760 1101 1120 1326 1377 1667 1925 1972 2099
 2154 2286 2389 2403 2591 2693 2724 2785 3098 3220 3446 3496 3651 3773
 3812 3947 4290 4695 4779 6117 6415 6610 6831 6910 7109 7403]",0.3498487262140337
"[ 199  387  548  751  955 1015 1049 1462 1480 1597 1613 1786 1977 2080
 2096 2107 2285 2471 2576 2584 2592 2743 2764 2994 3074 3155 3162 3240
 3576 3954 3996 4075 4089 4572 5336 6188 6758 6767 7179 7328]",0.34126405128956006
"[ 122  597  759  771  890  945 1096 1121 1255 1456 1605 1944 1967 1999
 2093 2244 2261 2439 2496 2766 2788 2803 3008 3029 3164 3283 3505 3725
 3843 3883 3947 4205 4362 5124 5975 6496 6615 6624 7178 7193]",0.33976122605546233
"[ 450  487  693  950  958 1179 1186 1451 1548 1682 1742 1858 1865 2085
 2112 2317 2426 2505 2591 2690 3013 3218 3242 3353 3376 3651 3713 3745
 3774 4013 4145 4208 4267 4643 6048 6242 6468 6546 6838 7112]",0.3386157729966451
"[ 339  599  662  759  842 1262 1315 1450 1512 1607 1692 1786 2101 2108
 2189 2378 2511 2572 2697 2944 2954 3003 3106 3366 3384 3424 3515 3715
 3865 4053 4099 4157 4211 4504 4561 6254 6263 6415 6901 7193]",0.3278922134471839
"[ 339  522  825  832  888  985 1387 1474 1537 1593 1857 1883 1978 2040
 2084 2245 2289 2376 2613 2638 2815 2936 2949 3280 3455 3571 3651 3802
 4060 4338 4363 4569 4772 5577 5907 6468 6689 6697 7108 7186]",0.33299164047151747
"[ 266  672  701  877  895  907 1171 1398 1442 1462 1476 1663 1786 1939
 1977 2098 2231 2254 2359 2389 2854 2874 2882 2902 2937 3506 3523 3568
 3801 4056 4134 4231 4437 4553 4640 5333 5834 6330 6969 6977]",0.34524493703230985
"[ 359  392  450  552  772  951 1046 1105 1381 1407 1468 1798 1857 1880
 2111 2118 2174 2357 2437 2451 2657 2693 2854 3145 3305 3367 3420 3714
 3740 3918 4008 4481 4574 4708 5390 5634 6117 6267 6904 7324]",0.3367285289569604
"[ 621  663  685  700  814 1178 1510 1545 1590 1671 1893 2087 2146 2170
 2188 2323 2566 2646 2673 2724 2873 3023 3137 3220 3453 3535 3650 3705
 3831 4017 4067 4266 4431 4438 4732 5763 6257 6622 6826 7260]",0.3243165267516467
"[ 248  336  519  740  838 1031 1181 1444 1598 1617 1908 1937 1963 2097
 2112 2302 2353 2406 2507 2671 2713 2803 2937 3175 3355 3447 3650 3675
 3705 3946 4096 4142 4438 4644 5413 5977 6411 6545 7192 7322]",0.33615755063781083
"[ 339  604  616  664  978 1169 1250 1546 1737 1744 1751 1796 2142 2244
 2251 2258 2376 2435 2755 2785 2868 2875 3236 3285 3440 3575 3702 3870
 3883 4005 4133 4436 4500 5690 6124 6259 6537 6901 6909 7331]",0.35030863138144
"[ 334  390  595  834 1033 1055 1168 1370 1464 1474 1808 1928 1964 2050
 2114 2220 2238 2371 2425 2599 2875 3104 3147 3421 3447 3464 3509 3643
 3740 4014 4131 4502 4708 5805 5912 6045 6405 6682 6903 7333]",0.3440710567209235
"[ 123  601  622  948  983 1033 1238 1254 1345 1621 1658 1891 1898 2096
 2148 2212 2301 2332 2389 2592 2622 2712 2937 3026 3089 3392 3506 3524
 3568 3659 3887 4204 4230 4430 4778 5908 6396 6759 7121 7252]",0.3367949820420817
"[ 193  767  807  829  888 1334 1375 1390 1540 1735 1859 1901 2012 2170
 2249 2261 2305 2506 2655 2758 2782 3002 3087 3381 3569 3650 3729 3741
 3775 4207 4335 4360 4917 5835 5866 6252 6472 6835 7107 7400]",0.3423902341990922
"[ 378  618  738  770  887 1108 1188 1231 1309 1479 1897 2048 2074 2101
 2297 2449 2551 2602 2638 2719 3079 3211 3228 3307 3604 3630 3650 3712
 3876 3940 4060 4143 4433 4632 5404 5765 6473 6527 7110 7190]",0.3369510810171821
"[ 223  456  472  484  520  816  914 1016 1094 1263 1384 1392 1877 2011
 2099 2112 2124 2287 2472 2649 2672 2870 2949 3209 3218 3448 3464 3582
 3810 3929 4061 4084 4351 4501 6262 6325 6837 7110 7330 7360]",0.3355582873201059
"[ 217  380  600  619  768  875 1166 1180 1443 1541 1673 1736 1831 1941
 2072 2174 2306 2330 2434 2534 2567 2938 3070 3088 3171 3462 3578 3663
 3710 4010 4071 4094 4339 4503 4851 5417 6046 6567 6616 7191]",0.34341306023017315
"[ 121  671  691  876  967 1101 1124 1329 1377 1533 1764 1810 1940 2180
 2212 2258 2434 2480 2598 2726 2852 3020 3028 3107 3219 3298 3351 3592
 3641 3674 3938 4088 4214 4276 4504 4526 6116 6546 7042 7191]",0.33516813450413274
"[ 549  593  699  751  883 1194 1256 1378 1457 1513 1877 1888 1971 2151
 2264 2284 2660 2672 2764 2783 2896 2934 3239 3425 3438 3605 3715 3733
 4024 4075 4132 4337 4574 4709 5978 6328 6618 6696 7037 7259]",0.32769374816935026
"[ 332  379  416  670  677  911 1038 1169 1328 1665 1678 1834 1857 1943
 1956 2252 2292 2566 2657 2667 2787 3007 3104 3165 3297 3574 3746 3775
 3796 3951 4286 4437 4470 5048 5344 5834 6083 6407 7110 7120]",0.31209008677228184
"[ 199  404  668  675  874  905 1054 1108 1309 1472 1513 1693 1882 1971
 2071 2106 2262 2296 2376 2539 2668 2710 2860 3012 3038 3240 3589 3639
 3652 3812 4082 4145 4336 4351 6050 6255 6688 6908 7037 7471]",0.3436116712836354
"[ 483  521  544 1025 1043 1122 1443 1682 1740 2042 2049 2072 2103 2441
 2448 2536 2551 2575 2668 2781 2900 3013 3100 3281 3290 3375 3414 3650
 3854 3914 4022 4216 4402 4436 4847 6545 6768 7251 7370 7400]",0.3436719592840347
"[ 378  406  527  842  875  897 1095 1463 1477 1807 1927 1969 2293 2300
 2332 2386 2450 2499 2836 2929 2937 2946 2953 3107 3438 3558 3566 3589
 3716 3950 4028 4056 4134 4218 4297 4638 5978 6128 6909 6968]",0.29781850046387465
"[ 340  531  594  762 1031 1231 1397 1407 1665 1672 1795 1972 2143 2174
 2262 2646 2671 2693 2710 2726 2899 3016 3076 3383 3423 3447 3723 3746
 4014 4095 4144 4206 4626 5834 5868 6482 6744 6760 7121 7323]",0.3451464740567962
"[ 461  486  761  877  960 1052 1310 1321 1544 1587 1765 2082 2099 2112
 2145 2163 2195 2460 2495 2580 2940 2947 3002 3106 3169 3435 3447 3495
 3795 3954 3993 4015 4216 4415 4638 6116 6194 6833 7179 7400]",0.3331212187599898
"[ 485  521  887  899 1016 1050 1389 1453 1538 1731 1758 2000 2100 2118
 2220 2249 2514 2567 2665 2695 2754 2790 2887 3011 3067 3441 3519 3558
 3639 3788 3811 4009 4134 4268 4576 5838 6545 6695 7252 7474]",0.33161110614487344
"[ 338  521  742  760  962 1123 1298 1306 1401 1455 1463 1907 1927 2025
 2039 2082 2103 2504 2587 2594 2611 2638 2763 3008 3070 3232 3465 3571
 3797 3812 4061 4144 4437 4712 5976 6565 6616 6789 6812 7114]",0.34372355529611864
"[ 486  601  621  878  967 1121 1171 1370 1627 1666 1690 1754 1866 1886
 2070 2160 2403 2500 2527 2535 2654 2764 2875 3002 3065 3097 3374 3436
 3670 3784 3872 3982 4293 4624 4707 5700 6404 6764 7042 7473]",0.3259313221440665
"[ 268  601  806  980 1041 1175 1238 1441 1749 1902 1936 1947 1954 2192
 2397 2450 2638 2649 2727 2963 2998 3025 3367 3375 3428 3492 3535 3741
 4004 4014 4061 4480 4573 5192 6295 6328 6690 6825 7191 7255]",0.3274540230842996
"[ 411  600  617  631  662  908 1034 1258 1309 1478 1676 1740 1855 2037
 2046 2150 2452 2495 2587 2606 2647 2831 2882 3210 3230 3364 3711 3727
 3933 4024 4133 4225 4568 5336 6187 6195 6680 6760 7120 7180]",0.3427398349633552
"[ 280  732  758  765  812 1229 1247 1310 1362 1683 1743 1855 1865 1875
 1906 2175 2182 2507 2588 2640 2672 2691 2755 3079 3170 3354 3374 3852
 3936 3943 3950 4417 4481 4644 5266 5949 6046 6623 6971 7473]",0.32738207549336407
"[ 311  477  487  813  874  964  980 1114 1234 1456 1481 1534 1716 1829
 1945 2171 2261 2434 2463 2483 2516 2568 2877 3027 3081 3140 3500 3592
 3599 3653 3997 4013 4642 4865 5123 5975 6622 6756 6982 7325]",0.35093367299284195
"[ 481  544  645  805  892 1051 1096 1328 1372 1527 1678 1732 2112 2153
 2164 2286 2317 2345 2692 2717 2797 2946 3096 3290 3581 3602 3665 3847
 4014 4075 4307 4643 4705 5767 6296 6481 6758 6980 7323 7330]",0.3499923110236588
"[ 246  691  740  749  969 1231 1478 1601 1679 1857 1935 2020 2047 2111
 2368 2389 2432 2567 2588 2622 2684 3074 3087 3137 3310 3636 3723 3746
 4072 4088 4205 4339 4504 5144 5988 6045 6830 7122 7179 7399]",0.3492484749293481
"[ 598  624  755 1090 1175 1401 1465 1592 1622 1630 1786 2025 2174 2230
 2259 2323 2426 2433 2522 2763 2944 2954 2969 3221 3441 3499 3591 3634
 3670 3838 4141 4152 4205 4405 4502 5905 6697 6902 7192 7213]",0.3238287814200453
"[ 473  527  623  676 1181 1231 1309 1472 1530 1622 1926 2028 2080 2112
 2190 2300 2390 2499 2663 2762 2865 3028 3085 3214 3376 3434 3745 3774
 3852 3864 3944 4094 4406 4430 4696 5405 6116 6616 7120 7255]",0.35320694492137006
"[ 264  309  659  765  815  971 1125 1302 1314 1331 1466 1736 1744 1928
 1973 2224 2305 2392 2543 2567 2654 2764 2789 2875 2882 3284 3365 3464
 3660 3854 4092 4146 4203 4367 4714 5974 6473 6903 7123 7324]",0.3494362305642522
"[ 391  403  410  451  843  900  962 1049 1239 1299 1612 1745 1927 1936
 2045 2160 2246 2622 2638 2648 2662 2954 2963 3012 3286 3521 3533 3557
 3720 3941 4095 4132 4408 4430 5475 6194 6255 6835 6894 7257]",0.3263776614024762
"[ 318  449  690  879  896  983 1031 1309 1371 1400 1534 1764 1882 1998
 2083 2104 2254 2265 2586 2708 2719 2754 2761 3023 3138 3221 3515 3639
 3746 3810 3917 3931 4015 4497 4504 4553 5803 6047 6969 6977]",0.3458171596630222
"[ 333  596  677  903  914 1086 1172 1180 1590 1682 1909 2077 2086 2095
 2112 2317 2543 2648 2655 2693 2806 2924 3099 3222 3377 3644 3706 3726
 4095 4145 4156 4204 4553 4780 5475 5576 6187 6834 7333 7466]",0.34118811149558104
"[ 320  477  517  811  819 1159 1184 1262 1390 1693 1756 1871 1891 1929
 1951 2325 2359 2509 2517 2755 2833 2954 2996 3008 3298 3357 3376 3704
 3817 3869 3877 3928 4277 4359 6046 6513 6760 7108 7123 7257]",0.33978729407183567
"[ 405  461  593  824  836 1165 1315 1585 1756 1808 2102 2118 2139 2253
 2289 2304 2664 2694 2827 2870 3033 3066 3239 3374 3395 3428 3438 3563
 3741 3859 3938 4278 4502 4553 6049 6326 6690 7084 7121 7252]",0.3407841469971866
"[ 331  377  691  818  876  913 1109 1189 1377 1604 1859 1907 2081 2091
 2101 2109 2354 2521 2549 2579 2601 2939 3018 3243 3281 3435 3535 3663
 3741 3927 4081 4338 4565 4572 4914 5906 6544 6835 7038 7401]",0.348796207769383
"[ 414  525  608  620  968 1026 1050 1090 1389 1468 1521 1797 1902 1929
 2024 2102 2230 2293 2472 2694 2732 2853 3022 3075 3154 3518 3526 3715
 3746 3848 3866 4353 4438 4644 5345 5537 5978 6474 7046 7533]",0.3318358203066202
"[ 668  692  825  985 1167 1263 1327 1371 1460 1664 1829 1938 2165 2175
 2215 2329 2515 2622 2828 2877 2889 2932 2996 3222 3371 3387 3495 3555
 3663 3715 3940 4060 4499 5011 5474 5834 6415 6474 7251 7334]",0.3256684240087924
"[ 461  689  771  811  874 1033 1253 1261 1383 1813 1820 1828 1998 2012
 2195 2259 2303 2509 2643 2756 2811 2946 3034 3139 3363 3534 3596 3637
 3659 3864 4068 4366 4551 4568 5904 6682 6973 7179 7333 7487]",0.3316164225589021
"[ 526  695  746  828  876 1168 1263 1392 1517 1667 1717 1896 1937 2099
 2188 2232 2424 2535 2646 2687 2797 2878 3098 3146 3227 3280 3321 3519
 3795 3844 3953 4210 4296 4502 5703 6050 6616 6695 6716 7113]",0.353793628393565
"[  63  330  339  532  806  902  911 1033 1236 1533 1597 1618 1716 1963
 2085 2094 2254 2425 2550 2587 2597 2684 2789 3086 3382 3432 3567 3655
 3769 3955 3999 4085 4433 4917 5187 5976 6548 6824 7285 7401]",0.3120594883655246
"[ 391  451  615  627  813 1119 1209 1313 1320 1469 1479 1965 2001 2024
 2118 2228 2505 2527 2566 2591 2689 2889 3237 3366 3429 3562 3733 3812
 3859 4149 4204 4266 4716 4916 5731 5837 6571 6829 6978 7400]",0.32299340434981993
"[ 195  595  603  764  945 1096 1107 1584 1682 1744 1786 1836 1874 2186
 2222 2286 2520 2671 2689 2796 2855 3218 3303 3310 3535 3640 3792 3812
 3844 3870 4134 4435 4496 4691 4894 5335 6117 6411 6686 7195]",0.3377829728867244
"[ 318  449  621  628  887 1040 1125 1235 1298 1547 1596 1677 1866 1930
 2096 2156 2185 2320 2334 2446 2572 2740 2826 3015 3149 3309 3329 3491
 3586 3642 3650 3811 4060 4140 4150 4991 6617 6838 7181 7471]",0.3612124794726951
"[ 248  269  598  617  629  749  874  907 1247 1443 1473 1521 1811 1858
 2036 2050 2085 2289 2307 2327 2483 2639 2654 2757 2803 2816 3137 3247
 3308 3360 3722 3991 4000 4221 4336 6117 6539 6618 6909 7255]",0.3222040924120581
"[ 248  341  592  616  839  952 1033 1255 1551 1592 1602 1615 1787 1865
 2118 2156 2182 2235 2314 2357 2727 2998 3019 3033 3363 3497 3631 3663
 3745 3929 3939 4277 4360 4372 5908 6330 6620 6680 7118 7253]",0.3391675796428238
"[ 309  332  671  694  949 1040 1102 1264 1535 1585 1614 1735 1858 1956
 2048 2112 2151 2497 2519 2527 2725 2994 3001 3015 3122 3381 3492 3511
 3713 3812 4205 4217 4337 5402 5837 6256 6617 6695 7038 7401]",0.36166283629603346
"[ 383  534  615  622  802 1031 1110 1191 1234 1622 1746 1880 2044 2148
 2264 2317 2513 2592 2695 2709 2757 3094 3105 3145 3154 3203 3699 3725
 3737 3746 3855 4087 4205 4501 4910 6050 6411 6544 6908 7043]",0.32924823304950446
"[ 333  384  411  533  876  904  985 1246 1444 1620 1890 2002 2018 2096
 2180 2188 2293 2567 2598 2693 2859 2944 3008 3353 3380 3438 3464 3784
 3811 3844 4074 4367 4572 4762 4921 6116 6554 6617 7121 7326]",0.34254606136853805
"[ 552  593  814  901 1192 1244 1370 1468 1692 1717 1731 1956 2091 2111
 2138 2189 2216 2438 2522 2601 2760 2939 3066 3074 3299 3381 3811 3917
 4000 4079 4158 4267 4645 5475 5836 6330 6760 6980 7107 7257]",0.34433276222659315
"[ 247  288  592  617  696  818  952 1301 1331 1465 1812 1903 1946 2143
 2178 2438 2446 2456 2689 2955 3002 3066 3085 3175 3375 3453 3639 3861
 3870 3952 4134 4361 5266 5771 6048 6338 6687 6908 7178 7258]",0.3355126068640075
"[ 463  487  592  884  901 1195 1245 1666 1682 1690 1926 2104 2153 2189
 2253 2378 2425 2600 2646 2693 2727 2995 3220 3228 3308 3603 3640 3792
 4017 4024 4272 4288 4438 5546 5837 6255 6688 6910 7108 7329]",0.3477111002351966
"[ 178  384  547  677  843 1091 1118 1171 1252 1513 1591 1618 1959 2001
 2093 2121 2255 2364 2655 2762 2784 2876 3005 3177 3278 3311 3437 3587
 3640 3812 4057 4085 4358 4422 5475 6053 6544 6551 7119 7183]",0.35594445917014084
"[ 454  474  533  840  972 1096 1106 1160 1334 1610 1665 1835 1857 1959
 2009 2235 2287 2401 2551 2577 2603 2801 2953 2995 3104 3149 3594 3636
 3653 3674 3785 4014 4133 4480 4505 5907 6257 6689 6967 7261]",0.3542620224664033
"[  14  316  451  556  688  801  818 1179 1193 1236 1299 1314 1758 1788
 1907 2017 2099 2180 2291 2355 2404 2448 2652 2825 2904 2945 3169 3212
 3375 3577 3710 3844 3883 4151 4229 4501 6188 6697 6974 7108]",0.34208601587499277
"[ 402  622  671  732  899 1054 1164 1175 1440 1673 1683 1735 1786 1905
 2173 2224 2393 2402 2483 2499 2520 2890 2942 2953 3076 3211 3439 3461
 3522 3703 3930 4089 4133 4290 4409 5977 6540 6689 7180 7190]",0.3483291863455981
"[ 449  486  547  743  892 1253 1263 1386 1764 1819 1935 2019 2070 2113
 2433 2440 2602 2692 2711 2730 3008 3023 3033 3444 3635 3649 3809 3855
 4084 4133 4219 4715 4776 5230 5266 6335 6680 6902 7333 7571]",0.33845377331363624
"[ 462  526  552  872  912 1037 1304 1397 1599 1621 1799 1965 1998 2029
 2292 2330 2461 2586 2637 2789 3230 3313 3435 3499 3631 3746 3802 4074
 4133 4234 4437 4481 4572 5582 6081 6118 6197 6769 7046 7179]",0.3126783311569696
"[ 461  557  659  692  897  955 1193 1232 1463 1598 1692 1786 1826 1961
 2096 2264 2283 2365 2827 2873 2927 2951 3174 3220 3426 3464 3582 3661
 3776 3856 3955 4206 4367 4502 4917 6188 6900 6907 7322 7474]",0.32905044877188167
"[ 308  341  405  598  748  876 1049 1112 1169 1442 1619 1665 1674 1964
 2002 2095 2117 2435 2527 2656 2830 2889 3161 3279 3290 3382 3797 3924
 3951 4339 4503 4632 4992 5197 6187 6407 6903 6910 7038 7401]",0.3232839529846405
"[ 335  455  729  886 1106 1113 1120 1515 1598 1749 1765 1829 2142 2293
 2306 2331 2607 2671 2693 2787 2871 2897 3021 3288 3440 3591 3603 3637
 3861 3939 3984 4205 4429 4482 4804 4918 5762 6545 7110 7121]",0.32462912821570244
"[  53  248  616  629  664  749 1097 1254 1266 1318 1442 1756 1880 1887
 2121 2212 2322 2377 2457 2655 2878 2924 3113 3145 3155 3172 3449 3463
 3652 3784 4062 4084 4096 4362 4424 5236 5905 6617 7039 7047]",0.3378341331134196
"[ 340  403  531  873  881 1050 1113 1175 1442 1595 1692 1820 1935 2188
 2213 2225 2252 2305 2622 2667 2927 3010 3160 3382 3427 3817 3848 3935
 4166 4227 4645 4780 5196 5346 5532 6118 6620 6826 6980 7400]",0.3325552491249413
"[  41  333  451  555  600  901  946 1036 1050 1589 1597 1610 1834 2098
 2144 2154 2390 2471 2584 2640 2962 3022 3154 3218 3282 3535 3649 3730
 3740 4133 4211 4230 4291 4338 5699 5904 6611 6624 7322 7330]",0.31699076677174765
"[ 306  334  385  412  829  882  962 1194 1382 1393 1684 1765 1859 2012
 2024 2181 2334 2373 2596 2684 2782 2946 3212 3222 3242 3447 3561 3714
 3868 3900 4019 4063 4290 4425 4966 5836 6617 6767 7110 7117]",0.34081075152942836
"[ 197  522  529  772  961  973 1370 1377 1461 1539 1667 1762 1859 1873
 1919 2110 2292 2450 2457 2472 2497 2693 2955 2999 3019 3083 3518 3677
 3786 3793 3952 4204 4437 5056 5558 6185 6973 7037 7051 7472]",0.3162750233257006
"[ 245  548  740  770  804 1048 1242 1250 1444 1540 1622 1805 1888 2189
 2213 2221 2319 2375 2712 2796 3017 3027 3120 3211 3218 3523 3675 3726
 3854 4075 4307 4339 4368 4644 5403 6188 6694 6829 7260 7324]",0.3573699380279679
"[ 694  734  742 1105 1139 1311 1370 1409 1473 1787 1808 1943 1963 1973
 2265 2305 2323 2496 2580 2739 2758 2765 2995 3016 3150 3239 3493 3585
 3625 3947 3955 4206 4292 4337 5844 6117 6552 6901 7051 7400]",0.30703996437030023
"[ 450  620  742  898  911  944 1172 1235 1544 1669 1679 1799 1858 1976
 2089 2168 2181 2293 2584 2618 2669 2780 3016 3165 3210 3359 3628 3659
 3721 3812 4133 4353 4437 5405 5908 6415 6547 7050 7179 7400]",0.36591591923720224
"[ 332  379  460  769  831  948 1173 1324 1551 1614 1729 1743 1786 2103
 2110 2118 2284 2365 2516 2598 2618 2994 3010 3018 3102 3360 3580 3590
 3602 3631 3782 4085 4132 4287 6048 6161 6546 6626 7111 7401]",0.3475062075079332
"[ 384  462  480  842  876  894  902 1242 1406 1464 1684 1810 1837 1940
 2102 2354 2395 2519 2575 2688 2815 2941 3141 3308 3441 3491 3646 3815
 3923 3937 4434 4549 4847 5833 6327 6687 6696 7223 7321 7334]",0.32283941368139857
"[ 473  585  748  772  812  834  876 1243 1250 1448 1472 1480 1583 1745
 1929 1949 2082 2120 2391 2443 2551 2597 2719 2780 2943 3285 3376 3792
 3812 4154 4206 4266 4431 5336 6121 6255 6553 6802 6829 7329]",0.3434896574868205
"[ 460  592  629  689  957 1121 1249 1452 1539 1617 1802 2097 2108 2221
 2333 2444 2571 2593 2755 2813 2937 3089 3279 3429 3583 3590 3739 3909
 3918 4074 4351 4370 4572 4917 5416 6261 6553 6973 7107 7193]",0.3403858790712201
"[ 403  431  463  527  662  763  896  960 1024 1334 1463 1597 1732 1833
 1893 2077 2099 2211 2327 2336 2372 2592 2646 2868 3026 3033 3066 3089
 3520 3653 3774 3782 3811 4148 4157 4790 5836 6680 6694 7332]",0.3325376011853632
"[ 377  532  547  557  951 1102 1121 1322 1542 1660 1787 1820 1835 1937
 2163 2251 2359 2513 2761 2811 2855 3005 3086 3376 3383 3578 3639 3673
 4057 4074 4081 4095 4280 4573 4778 6188 6694 6895 7401 7564]",0.32131731630218713
"[ 193  385  582  690  911  958 1093 1179 1370 1403 1599 1731 1750 1786
 1937 2040 2099 2119 2367 2449 2571 2612 2727 2764 2953 3087 3141 3176
 3365 3588 3635 3672 3858 3937 4022 4204 4435 5977 6687 7119]",0.3562692012757623
"[ 597  618  661  701  979 1161 1174 1477 1541 1739 1819 1858 2084 2235
 2249 2400 2575 2639 2693 2732 2896 2937 3214 3239 3434 3589 3724 3855
 4094 4204 4366 4429 4482 5045 6018 6046 6626 6830 7250 7331]",0.3784235009242035
"[ 462  701  732  739  833  896 1385 1393 1516 1545 1823 1859 1956 2048
 2234 2253 2361 2440 2623 2687 2711 2941 2952 3001 3105 3291 3523 3566
 3672 3799 3862 4204 4338 4505 5001 5906 6695 6827 7403 7444]",0.34145194871558826
"[ 387  485  724  809  831 1030 1305 1393 1583 1616 1740 1787 1977 2156
 2217 2246 2254 2446 2474 2806 2836 2932 2966 3154 3166 3425 3653 3715
 3950 4056 4216 4276 4297 4406 4957 5975 6615 6622 7109 7121]",0.3401601821122961
"[ 196  693  771  814  892  948 1402 1409 1605 1737 1857 1899 1977 2167
 2226 2353 2360 2601 2689 2728 2859 3021 3365 3428 3462 3587 3595 3634
 3930 4017 4095 4133 4434 4692 5203 6187 6482 6830 7180 7191]",0.3411140628182845
"[ 522  556  672  690  786 1050 1310 1321 1400 1514 1885 1997 2045 2080
 2162 2247 2335 2382 2499 2719 2799 2877 3027 3105 3285 3366 3420 3444
 3855 4024 4081 4204 4301 4716 5905 6545 6794 6906 6967 7399]",0.33639476768601717
"[ 330  387  486  521  829 1098 1121 1396 1513 1815 1835 1857 1873 2247
 2257 2303 2438 2500 2744 2764 2942 3002 3137 3238 3500 3658 3722 3812
 3919 4053 4227 4289 4486 5416 5984 6184 6759 7200 7323 7332]",0.3246306199559893
"[ 392  450  483  830  888  913 1108 1237 1334 1372 1786 1826 1876 1907
 1936 2102 2283 2442 2476 2663 2826 2858 2886 2939 3161 3352 3381 3392
 3506 3774 3869 4001 4023 4205 4365 4849 6197 6615 7190 7250]",0.33447277471712533
"[ 339  461  523  543  771  957 1112 1121 1455 1585 1675 1902 2007 2069
 2180 2234 2264 2509 2566 2695 2856 2887 2896 2945 3147 3375 3564 3811
 3857 3944 4006 4425 4554 4715 4847 5775 6193 6694 7038 7187]",0.318048956914557
"[ 526  661  691  840  887 1177 1188 1233 1673 1716 1759 1798 1805 1837
 1964 2167 2513 2574 2619 2664 2672 2995 3013 3076 3105 3444 3561 3605
 3645 3739 4134 4141 4364 4482 4642 6188 6520 6697 6974 7109]",0.3327049643896216
"[ 246  536  557  668  832 1033 1054 1239 1323 1331 1588 1745 1753 1928
 1977 2093 2183 2388 2508 2572 2683 2690 2732 3223 3311 3357 3420 3673
 3719 3802 3997 4095 4272 4288 4848 5612 6265 6615 7120 7181]",0.3289705867320993
"[ 305  606  668  688 1121 1256 1318 1380 1442 1979 1996 2079 2097 2106
 2257 2303 2426 2575 2679 2739 2766 2870 3141 3240 3254 3363 3562 3583
 3640 4014 4022 4133 4218 4483 4609 4780 5977 6767 6896 7401]",0.3123885476320597
"[ 237  617  699  749  809 1188 1241 1391 1479 1732 1756 1885 2117 2178
 2229 2291 2426 2792 2804 3098 3138 3225 3360 3588 3605 3740 3793 3857
 4055 4063 4089 4438 4643 5272 5335 6117 6688 6908 7177 7184]",0.34719856711733654
"[ 388  404  663  753  834  841 1029 1231 1327 1527 1729 1835 2031 2143
 2166 2251 2443 2647 2710 2749 2757 2764 2804 2813 3223 3313 3377 3566
 3604 3719 4010 4024 4133 4141 4502 5346 5837 6543 6764 7113]",0.33604604826340084
"[ 463  526  545  552  873 1040 1094 1102 1121 1371 1541 1742 1786 1869
 2047 2102 2180 2231 2574 2692 2815 2868 3137 3301 3363 3708 3734 3797
 3883 4141 4509 4572 4849 5265 5329 5977 6324 6617 6911 7189]",0.3389396324532754
"[ 548  598  683  732  747  840 1118 1162 1481 1595 1604 1756 1865 1944
 2046 2094 2245 2354 2586 2625 2644 2664 2825 3076 3240 3352 3441 3572
 4023 4156 4195 4206 4291 4992 6117 6432 6482 6615 7109 7189]",0.33569142118541906
"[ 671  765  948 1034 1256 1263 1311 1443 1534 1788 1805 2008 2034 2098
 2121 2255 2425 2589 2764 2792 2950 3066 3083 3100 3588 3636 3650 3714
 3953 4203 4292 4639 5171 5428 5905 6468 6617 6980 7039 7400]",0.3552568957416006
"[ 376  387  486  762  881  985 1038 1241 1332 1605 1662 1764 1857 1864
 1970 2099 2263 2435 2446 2463 2567 2757 2810 3013 3067 3076 3240 3511
 3740 3781 3930 4012 4362 4640 5978 6326 6617 6696 7107 7472]",0.3456452792587291
"[ 311  620  701  809  887 1121 1159 1398 1462 1666 1691 1727 1786 1963
 2041 2231 2292 2401 2425 2457 2591 2787 3010 3027 3208 3463 3522 3557
 3640 3791 3812 3940 4204 4370 4429 4832 5905 6831 7108 7330]",0.33610471385859236
"[ 452  694  717  886 1162 1178 1263 1592 1610 1836 1936 2070 2101 2251
 2258 2305 2439 2670 2716 2766 2827 3013 3136 3146 3446 3533 3558 3650
 3784 3955 3988 4355 4436 4850 5345 5905 6540 6908 6971 7372]",0.35310029819932504
"[ 268  671  733  766  827 1259 1385 1479 1513 1535 1662 2008 2179 2214
 2258 2439 2520 2693 2828 2857 3009 3029 3302 3500 3631 3673 3723 3909
 4069 4085 4490 4502 4799 6120 6299 6526 6688 6909 7179 7401]",0.34845030312872016
"[ 385  591  621  885 1035 1053 1185 1231 1525 1679 1786 1835 1866 1955
 2015 2245 2253 2448 2480 2495 2726 2828 2857 3016 3167 3290 3422 3512
 3557 3882 4011 4066 4432 4482 4496 5104 6188 6905 7180 7472]",0.346903254266676
"[ 382  462  622  826  877  915 1098 1190 1480 1540 1601 1856 1873 1972
 2101 2148 2263 2304 2394 2568 2595 2756 2796 2930 3086 3241 3464 3500
 3584 3662 3910 4022 4133 4146 4481 5548 6188 6479 6680 7186]",0.3271683626276314
"[ 408  520  527  628  751  905 1025 1394 1402 1456 1516 1762 1889 2040
 2284 2373 2384 2579 2689 2803 2881 3076 3211 3375 3455 3611 3719 3781
 3872 4056 4437 4709 5069 5406 5417 5978 6754 6763 7394 7474]",0.32094698370586533
"[ 265  308  318  679  761  873 1101 1121 1234 1393 1542 1735 1909 2069
 2096 2257 2293 2300 2320 2595 2695 2708 2858 2865 3085 3235 3494 3501
 3723 3812 3943 4134 4499 4506 6260 6554 6831 7036 7124 7398]",0.35176068929488385
"[ 550  664  895 1101 1121 1161 1539 1593 1601 1690 1716 1869 2163 2170
 2265 2323 2368 2426 2764 2868 2995 3018 3073 3169 3465 3488 3517 3721
 3741 3855 4133 4154 4501 5258 5836 5915 5956 6473 6836 7329]",0.32656652867460034
"[ 473  534  668  803  908 1035 1113 1166 1442 1474 1813 1860 1963 2049
 2155 2304 2356 2577 2682 2689 2726 3087 3100 3145 3280 3579 3593 3702
 3711 3939 3955 4073 4338 4572 5905 6549 6755 7050 7322 7546]",0.3535765767154941
"[ 338  383  752  831  909 1168 1249 1400 1443 1478 1954 2001 2037 2190
 2227 2451 2551 2657 2710 2741 2755 3019 3070 3177 3223 3525 3746 3801
 3855 4024 4076 4276 4314 4409 4992 5564 6255 6617 7119 7323]",0.33050593006988344
"[ 264  748  805  812 1121 1185 1318 1367 1595 1730 1836 1931 1967 2226
 2237 2258 2432 2567 2658 2689 3008 3171 3358 3370 3519 3720 3777 4024
 4087 4139 4340 4363 4711 5416 5906 6325 6549 6823 6910 7400]",0.33694984810200296
"[ 248  383  404  629  886  894  904  944 1374 1399 1463 1765 1805 1859
 1900 1962 2026 2224 2358 2444 2689 2804 2823 3077 3238 3281 3440 3919
 4013 4024 4068 4362 5406 6120 6415 6672 6678 6686 7400 7519]",0.31661370704926645
"[ 248  592  691  744  773 1038 1092 1187 1480 1531 1805 2029 2112 2145
 2304 2333 2461 2566 2624 2648 2826 2873 2956 3209 3293 3373 3812 3863
 3921 4017 4309 4428 5474 5490 5907 6257 6654 6688 6978 7184]",0.35244958375433766
"[ 335  522  685  695  845 1030 1165 1188 1662 1675 1690 1786 2008 2169
 2188 2426 2460 2577 2659 2761 2882 2890 3138 3151 3558 3570 3584 3648
 3812 4088 4144 4205 4364 4483 5202 5263 6120 6691 6755 7330]",0.32887773273725884
"[ 177  267  377  598  764  819 1039 1054 1168 1317 1543 1678 1735 1794
 2169 2179 2258 2285 2508 2529 2693 2821 2941 2996 3025 3286 3436 3591
 3672 3780 3930 4362 4482 5165 5976 6244 6472 6480 7039 7193]",0.32689995287345824
"[ 380  404  751  802  810  910 1327 1391 1441 1525 1618 1872 1936 1998
 2112 2121 2176 2374 2497 2649 2684 2739 2765 2940 3242 3290 3372 3462
 3883 3930 3991 4119 4151 4639 5336 5834 6411 6826 7119 7323]",0.32470203031463746
"[ 265  377  529  700  760  959 1092 1108 1469 1591 1759 1867 2023 2101
 2109 2191 2216 2508 2638 2659 2763 2882 3104 3137 3291 3369 3518 3712
 3865 3888 3952 4085 4277 4432 5085 5406 6403 6484 6825 7191]",0.3273068056022364
"[ 319  544  623  733  885  893 1379 1402 1673 1752 1878 2013 2048 2253
 2317 2361 2483 2757 2783 2797 2805 3217 3380 3438 3493 3730 3953 4062
 4071 4226 4553 4566 4644 5424 5904 6618 6680 6979 7180 7329]",0.34166531622894347
"[ 200  454  544  571  887  943  950  977 1324 1528 1688 1803 2029 2141
 2225 2395 2406 2521 2645 2656 3006 3089 3240 3280 3438 3659 3691 3714
 3812 3914 3936 4277 4409 4436 5336 6116 6420 6549 6971 7122]",0.3376968223336587
"[ 388  621  843  880  896  959 1391 1683 1692 1805 2141 2259 2292 2302
 2317 2623 2665 2710 2826 3004 3099 3161 3208 3294 3605 3667 3704 3726
 3854 3861 4122 4343 4433 4567 5345 6116 6695 6826 7096 7265]",0.33102342113475114
"[ 267  527  748  836  947  969 1331 1527 1605 1621 1731 2025 2071 2254
 2291 2389 2404 2446 2712 2764 2790 2868 3025 3229 3280 3364 3412 3711
 3812 3844 3876 4153 4343 4573 5265 6121 6618 7052 7111 7401]",0.34200535891359973
"[  18  123  451  626 1028 1048 1089 1107 1398 1521 1674 1857 1898 1907
 2011 2160 2169 2394 2425 2684 2693 2725 2788 2804 3136 3176 3298 3357
 3447 3793 3810 4085 4204 4575 5978 6437 6616 6624 7038 7191]",0.34838741957374975
"[  51  401  592  670  691  897 1030 1122 1301 1530 1609 1691 1736 1930
 2099 2186 2231 2320 2507 2597 2784 2831 2871 3029 3290 3440 3518 3639
 4001 4079 4095 4500 5404 5907 6342 6475 6837 6896 7329 7589]",0.3457549457474921
"[  12  383  397  691  733  774 1032 1184 1262 1304 1532 1684 2011 2115
 2143 2247 2305 2655 2667 2695 2781 2893 3003 3228 3236 3492 3554 3783
 3801 3862 3954 4133 4266 4502 4637 5794 6405 6967 7121 7471]",0.338619577288906
"[ 270  473  521  630  815  979 1035 1163 1602 1683 1807 1857 2103 2181
 2188 2225 2357 2483 2659 2666 2759 3100 3137 3146 3449 3534 3627 3719
 3812 3923 4010 4337 4360 4992 5545 5908 6475 6973 7122 7251]",0.35093383420405166
"[ 268  310  530  770  805  831 1168 1247 1513 1663 1687 1744 1751 1858
 2118 2164 2228 2292 2496 2527 2623 2802 2820 2935 3022 3284 3519 3580
 3599 3941 3949 3991 4001 4338 4500 5908 6257 6309 6902 7400]",0.3301330382285378
"[ 339  525  730  823  885  913 1185 1443 1545 1667 1820 1864 2014 2121
 2140 2181 2235 2471 2508 2531 2737 2762 2786 3007 3157 3308 3354 3650
 3741 3775 4151 4346 4644 5554 6261 6386 6761 6896 6910 7330]",0.3496922407897434
"[ 552  630  669  804  824 1029 1050 1389 1443 1545 1593 1680 1943 1977
 2026 2041 2073 2365 2642 2687 2729 2742 2864 3299 3377 3385 3427 3434
 3774 3923 3935 3943 3952 4357 4553 6045 6194 6753 6762 7331]",0.33951107516977974
"[ 248  550  592  771  886 1164 1252 1480 1612 1673 1716 1868 1878 2181
 2217 2261 2507 2683 2739 2802 2937 2959 2995 3379 3425 3434 3442 3936
 4015 4024 4339 4354 4432 5051 6190 6324 6908 6968 7401 7526]",0.34503340094966417
"[ 592  615  622  678  701  742 1265 1308 1462 1870 1893 1973 1980 1995
 2026 2368 2447 2496 2503 2689 2813 2823 2943 3148 3283 3375 3384 3438
 3705 3745 4006 4277 4366 4404 4644 6119 6766 6892 6972 7262]",0.3352558988620813
"[ 376  479  600  700  877 1043 1102 1121 1371 1465 1731 1756 1765 1925
 1960 2009 2095 2330 2440 2463 2499 2804 3009 3240 3423 3515 3812 3854
 3863 4301 4347 4433 4482 4531 5258 5336 6118 6759 7049 7109]",0.3351521305183144
"[ 264  316  590  607  905  915  952 1101 1325 1370 1474 1519 1810 1888
 1999 2109 2189 2434 2450 2682 2746 2923 2937 3016 3023 3072 3435 3519
 3598 3641 3768 3797 4132 4480 4646 6053 6540 7040 7124 7330]",0.33985102688744057
"[ 406  599  876  912  970 1175 1466 1474 1515 1857 1876 1896 1975 2025
 2174 2476 2506 2593 2611 2781 2838 2958 3083 3359 3517 3667 3674 3702
 3864 4154 4179 4204 4353 4643 4701 6047 6482 6831 7179 7329]",0.33677054521613115
"[ 381  388  475  820  838  881 1318 1325 1332 1376 1622 1859 2099 2183
 2263 2302 2362 2637 2669 2942 2964 3076 3237 3354 3650 3714 3740 4086
 4132 4145 4544 4553 4639 5403 6005 6117 6615 6766 7108 7330]",0.3428551172300225
"[ 473  556  671  678  877 1051 1185 1373 1459 1617 1951 1996 2100 2118
 2145 2180 2436 2589 2667 2764 2939 3104 3208 3217 3372 3379 3650 3784
 3990 4024 4219 4228 4898 5908 6256 6407 6522 6980 7109 7329]",0.3460261330050233
"[ 621  670  748  772 1019 1168 1184 1265 1517 1744 1936 1975 2085 2104
 2424 2445 2464 2575 2739 2756 2763 3141 3227 3291 3380 3562 3722 3784
 3884 3944 4203 4363 5436 5616 6185 6193 6553 6830 7193 7323]",0.34481077014964845
"[ 265  806  958  976 1040 1389 1406 1731 1884 1899 1928 1936 1962 1978
 2447 2509 2529 2542 2566 2625 2926 3006 3013 3027 3091 3420 3571 3650
 3663 3817 4135 4284 4293 5021 5345 6340 6606 6840 6902 7180]",0.3231096870696555
"[ 339  455  832  961 1091 1122 1397 1458 1805 1903 1967 2099 2212 2291
 2404 2461 2513 2664 2695 2896 3027 3066 3079 3444 3464 3483 3498 3952
 4073 4133 4152 4409 4574 4778 5469 6117 6547 6752 6767 7114]",0.3380538305145696
"[ 451  461  691  893  956 1090 1193 1326 1521 1686 1742 1964 2118 2141
 2293 2303 2483 2571 2618 2672 2799 2895 2948 3075 3137 3243 3378 3436
 3497 3812 3839 3876 4010 4133 4430 5916 6117 6697 6760 7401]",0.37091090890309464
"[ 105  335  522  586  754  887  908 1089 1393 1456 1519 1683 1765 1786
 2014 2033 2078 2096 2115 2335 2642 2663 2672 2756 2940 3216 3234 3241
 3420 3714 3740 3867 4431 5335 5462 6047 6617 6908 7252 7330]",0.33959503481325787
"[ 313  339  537  761  839  875 1174 1330 1441 1479 1606 1661 1935 2028
 2050 2162 2181 2213 2225 2665 2689 2787 2868 3100 3159 3281 3646 3654
 4014 4024 4134 4219 4337 5062 5834 5875 6405 6839 6972 7333]",0.3332761394551331
"[ 340  664  673  701  825  903 1163 1193 1318 1467 1886 1948 2001 2050
 2082 2246 2255 2443 2593 2710 2718 2826 2833 2886 3015 3364 3447 3456
 3639 3951 3986 4009 4357 4724 4831 6187 6618 6681 7121 7178]",0.33815006866934866
"[ 403  449  486  670  677  970  978 1305 1319 1440 1539 1787 1806 1907
 2103 2292 2329 2590 2602 2642 2654 3149 3210 3309 3462 3784 3802 3812
 3864 4058 4119 4358 4851 5336 5833 6545 6623 7007 7108 7192]",0.3243914262488326
"[ 335  602  836  949 1039 1056 1101 1543 1795 1819 1856 1949 2114 2121
 2566 2647 2654 2661 2762 3096 3105 3280 3293 3301 3594 3782 4076 4084
 4096 4123 4574 4779 6116 6336 6683 6837 7000 7252 7330 7409]",0.33428360961413905
"[ 388  553  730  899 1100 1120 1163 1321 1753 1835 1856 1886 1936 1946
 2332 2449 2464 2503 2624 2655 2951 2995 3005 3033 3355 3510 3520 3670
 3931 3941 4133 4266 4645 5414 6191 6254 6752 6838 7186 7321]",0.345369938234035
"[ 411  447  462  474  810  910  973 1032 1382 1443 1464 1473 1693 1716
 1885 2087 2109 2150 2214 2330 2522 2586 2671 2928 3008 3088 3176 3239
 3438 3494 3715 3735 3940 4428 4436 4538 6045 6694 7109 7329]",0.3488953539735379
"[ 335  377  598  960 1046 1054 1393 1543 1663 1727 1850 1860 1886 1973
 2293 2321 2445 2764 2824 2863 2879 2926 2943 3099 3357 3442 3520 3719
 3775 3941 3954 3995 4337 4572 5265 6048 6753 6833 7252 7401]",0.33249970287227393
"[ 332  389  591  693  951 1033 1194 1395 1442 1666 1685 1744 2047 2105
 2164 2294 2567 2731 2828 3034 3144 3151 3279 3309 3557 3641 3656 4024
 4133 4212 4409 4510 4574 5336 5984 6048 6614 6622 7255 7333]",0.3070670518164477
"[ 265  463  556  687  733  959 1188 1195 1249 1301 1666 1765 1820 1942
 2041 2097 2331 2359 2461 2589 2723 2738 3000 3230 3237 3528 3576 3639
 3875 3913 3936 4024 4134 4502 5258 6184 6447 6547 7121 7252]",0.30846245708036135
"[ 316  622  629  874  884 1254 1459 1474 1589 1695 1820 1936 1953 2188
 2251 2354 2513 2694 2739 2789 2826 3065 3089 3099 3221 3356 3535 3586
 3705 3790 3811 3996 4084 4552 4571 6053 6546 6824 6909 7256]",0.3272841262335327
"[ 339  377  455  761  817 1125 1465 1516 1557 1598 1762 2071 2167 2179
 2258 2302 2550 2576 2662 2900 2940 2956 3211 3231 3463 3643 3665 3863
 3989 4425 4482 4574 5406 6330 6693 6970 7077 7123 7204 7467]",0.3045952246402868
"[ 270  404  526  825  910 1101 1185 1230 1450 1820 1977 2019 2026 2080
 2251 2354 2575 2688 2741 2869 3018 3075 3420 3594 3645 3658 3817 4078
 4092 4138 4414 4644 4724 6117 6234 6484 6619 6981 7109 7330]",0.3315341908343966
"[ 383  688  947  958  980 1108 1258 1599 1728 1751 1834 1949 2001 2183
 2265 2292 2496 2601 2727 2736 2832 2996 3074 3223 3240 3446 3464 3491
 3742 3793 3855 4132 4296 4429 4553 5507 5695 6257 6831 7191]",0.3180199201755489
"[ 336  592  601  627  902 1108 1122 1306 1386 1512 1541 1692 1857 2012
 2025 2110 2218 2245 2352 2375 2405 2877 2937 3138 3171 3434 3589 3697
 3924 4081 4088 4486 4500 5403 6190 6197 6691 6753 7256 7263]",0.3322900762566708
"[ 475  487  741  876  908  972 1175 1379 1610 1761 1786 1812 1872 1936
 2173 2181 2259 2303 2354 2508 2593 3011 3030 3056 3067 3075 3090 3591
 3598 3650 3712 4013 4096 4568 4575 5907 6481 6545 7252 7401]",0.3382815252811537
"[ 248  334  454  825  889  945 1051 1376 1543 1597 1605 1622 2007 2101
 2181 2260 2354 2444 2578 2601 2764 2806 2896 2925 3099 3222 3374 3498
 3675 3721 3739 3773 4011 4214 4277 5403 5837 6259 6976 7037]",0.33523205342540807
"[ 474  525  835  843  956 1034 1376 1608 1672 1757 1875 1931 2120 2175
 2427 2449 2513 2679 2743 2924 2948 3004 3154 3247 3420 3518 3650 3713
 3812 4153 4206 4501 4553 5263 5836 6255 6411 6754 7121 7256]",0.3204327490814386
"[ 230  336  629  811  900 1089 1121 1178 1313 1618 1679 1866 1874 1928
 1955 2049 2112 2358 2422 2439 2590 2684 2741 2925 2932 2939 3239 3534
 3580 3714 3730 3845 3950 4216 4368 5334 6261 6485 7047 7395]",0.33735693669309874
"[ 317  404  522  701  765  816  900 1370 1390 1470 1479 1592 1882 2071
 2103 2182 2189 2435 2479 2522 2566 2657 2826 3076 3227 3235 3425 3532
 3577 3927 4077 4086 4132 4409 4783 6118 6612 6836 7323 7330]",0.3600111982088849
"[ 124  676  692  729  739  772  970 1235 1478 1541 1601 2049 2100 2147
 2225 2253 2305 2567 2668 2752 2789 3009 3231 3309 3353 3650 3731 3745
 3784 4022 4134 4292 4762 4991 5197 6118 6482 6758 7123 7258]",0.35233566278590417
"[ 248  377  550  699  746  873  896 1022 1244 1442 1472 1762 1821 1940
 1955 2181 2201 2212 2332 2374 2717 2735 2903 3011 3304 3361 3564 3599
 3798 4054 4062 4069 4093 4290 4368 6119 6751 6903 7323 7472]",0.3315448751857337
"[ 378  690  813  843  895  947 1263 1313 1398 1630 1746 1866 1950 2047
 2110 2283 2369 2521 2622 2932 2939 3027 3067 3299 3460 3521 3649 3705
 3798 3840 4069 4089 4147 4367 4408 6117 6477 6680 6972 7053]",0.33368968447234953
"[ 377  483  547  597  605 1088 1115 1168 1196 1458 1688 1749 1766 1854
 1936 2020 2171 2264 2325 2648 2711 2728 2810 2817 2829 3228 3281 3289
 3518 3720 3987 4025 4211 4223 4501 4779 5977 6545 6975 7393]",0.34371657189178284
"[ 691  733  811  967 1121 1172 1681 1743 1761 1945 1996 2175 2183 2222
 2261 2308 2513 2621 2741 2756 2784 2873 3364 3449 3534 3655 3812 3857
 4077 4088 4135 4695 5265 5453 6116 6415 6905 7039 7296 7335]",0.3442242352493916
"[ 621  740  747  935  983 1040 1158 1243 1591 1604 1684 1928 1935 2034
 2097 2117 2161 2495 2506 2621 2798 2897 2948 3169 3212 3364 3590 3712
 3776 3934 3953 4207 4294 4639 5016 5335 5904 6614 7179 7190]",0.35349233285986936
"[ 123  525  618  748  845  875 1121 1179 1239 1601 1683 1690 1800 1926
 2100 2150 2164 2188 2195 2393 2584 2644 2765 2877 3033 3213 3299 3590
 3714 3955 4006 4199 4367 4502 5125 5977 6160 6415 6757 7117]",0.327987517897519
"[ 661  693  740  747 1053 1187 1240 1320 1373 1896 1925 2012 2025 2118
 2174 2375 2580 2621 2640 2946 2953 3105 3137 3146 3509 3519 3715 3848
 3883 4010 4279 4499 4692 5276 5335 5839 6545 6838 7042 7404]",0.3422722970971735
"[ 402  449  630  884  904  946  962 1126 1143 1463 1473 1513 1813 1837
 1931 1944 2114 2173 2408 2432 2587 2667 2709 2929 3106 3223 3312 3589
 3812 3851 3865 4157 4643 4722 5333 6119 6549 7051 7108 7257]",0.33089043072978236
"[ 198  522  607  695  830  957 1192 1232 1533 1540 1691 1734 1794 1927
 2038 2154 2259 2304 2315 2571 2693 2726 2825 2956 3016 3137 3218 3659
 3712 3775 3811 3865 4358 5404 5560 5905 6485 6833 7109 7401]",0.36005866009010923
"[  52  455  553  688  886  913  944 1186 1250 1441 1663 1692 1751 1957
 2077 2190 2235 2253 2282 2388 2439 2759 2799 2924 2949 3171 3369 3433
 3491 3867 3882 4062 4480 4501 5192 6118 6409 6539 6972 7193]",0.3399075672435937
"[ 339  523  545  602  873  977 1056 1314 1322 1377 1474 1788 1818 2093
 2182 2224 2333 2386 2496 2928 3012 3244 3379 3433 3558 3582 3781 3811
 4013 4057 4146 4506 4553 4779 6188 6693 6740 7108 7193 7257]",0.32313771159436944
"[ 319  383  483  821  833  945 1238 1319 1401 1691 1806 1887 2011 2073
 2182 2190 2380 2443 2571 2601 2690 3017 3100 3141 3364 3518 3636 3785
 3951 4007 4133 4573 4629 6047 6102 6267 6857 6900 7335 7394]",0.345218430278465
"[ 316  404  591  606  842  881  905 1102 1109 1540 1662 1689 1936 1998
 2098 2176 2195 2328 2435 2598 2658 2694 2828 2925 3147 3159 3174 3238
 3636 3653 3673 3731 4276 4366 5486 5907 6256 6616 6751 7191]",0.3210766624632321
"[ 408  451  608  628  743  830 1174 1263 1374 1394 1693 1786 1953 2040
 2085 2103 2192 2553 2648 2663 2741 2926 2940 3106 3146 3230 3237 3470
 3650 3845 3855 3872 3881 4362 4568 5689 6259 6554 7042 7049]",0.3356146342423006
"[ 335  665 1027 1121 1247 1325 1442 1737 1787 1907 1962 2097 2113 2159
 2284 2507 2545 2589 2600 2996 3011 3020 3313 3433 3511 3635 3803 3812
 4005 4069 4109 4204 4507 4571 5591 5838 6258 6680 6972 7123]",0.31655296577420544
"[ 193  593  602  825 1046 1056 1163 1227 1384 1534 1612 1621 1662 1785
 2026 2146 2179 2190 2375 2649 2684 2765 2805 2815 3011 3066 3287 3382
 3445 3708 3794 4014 4122 4424 4435 5558 6046 6751 6764 7328]",0.3279059794536142
"[ 404  558  591  834  884  962 1125 1227 1383 1538 1621 1673 2015 2095
 2119 2145 2180 2512 2624 2670 2681 2714 2734 3012 3279 3313 3376 3434
 3711 3935 4024 4296 4406 4429 4484 6049 6616 7110 7194 7217]",0.3290220008265749
"[ 380  772  815  972 1013 1050 1363 1480 1604 1615 1664 1859 2014 2037
 2188 2243 2364 2449 2640 2689 2937 2947 3211 3238 3504 3868 4024 4068
 4132 4288 4437 4638 5403 5836 5915 6617 6696 7178 7194 7256]",0.3330315613680622
"[ 378  457  691  875  959 1040 1191 1378 1531 1539 1716 1800 1976 2038
 2100 2216 2372 2436 2603 2611 2663 2691 2937 3001 3097 3230 3421 3462
 3499 3664 3725 3789 4220 4339 4353 5629 6045 6764 7179 7402]",0.3500422826675806
"[ 269  380  752  765  810  873 1043 1196 1310 1443 1463 1857 1940 1970
 2099 2262 2305 2426 2553 2649 2669 3155 3176 3208 3239 3286 3606 3793
 3812 4013 4215 4349 4505 5197 5487 5974 6264 6540 6904 7110]",0.3335038429955867
"[  73  248  380  689  741  819 1186 1299 1311 1406 1534 1683 1811 2174
 2186 2360 2372 2624 2665 2672 2683 2709 2868 3145 3158 3241 3435 3632
 3658 3746 4220 4278 4568 5171 6116 6689 6839 7109 7336 7471]",0.33717577003673105
"[ 405  598  765  825  914  947 1028 1321 1480 1591 1752 2022 2144 2152
 2244 2253 2260 2663 2760 2789 2798 2964 3066 3093 3290 3463 3582 3701
 3708 3812 3858 3944 4407 4485 4567 5156 6046 6697 6900 7401]",0.3215645113885102
"[ 311  443  630  693  804  816  968 1094 1402 1603 1835 1930 1947 1967
 2082 2421 2430 2459 2545 2662 2928 3079 3102 3422 3441 3593 3605 3643
 3909 3953 4147 4204 4367 4645 5192 5272 6259 6758 7121 7323]",0.3321138741059301
"[ 333  521  881  906  998 1016 1101 1250 1545 1666 1817 1857 1936 1977
 2180 2509 2566 2587 2598 2623 2644 2897 3018 3075 3449 3493 3579 3626
 3785 3816 4160 4207 4292 4692 4915 6046 6626 6680 6761 7258]",0.3420426929612654
"[ 404  530  753  910  973 1018 1031 1323 1616 1659 1858 1937 2026 2188
 2302 2356 2391 2508 2760 2798 2958 3089 3148 3208 3712 3723 3746 3801
 4024 4204 4409 4502 5642 5834 6267 6758 6909 7036 7256 7438]",0.3363791620235509
"[ 694  701  738  892 1044 1195 1241 1542 1692 1741 1788 1937 1945 2178
 2189 2432 2479 2515 2664 2743 2925 3005 3013 3514 3521 3563 3570 3719
 3883 4013 4206 4408 4432 4637 5838 6258 6338 7035 7114 7263]",0.3267985081952788
"[ 620  739  770  969 1243 1259 1463 1519 1622 1970 2017 2025 2034 2071
 2222 2330 2516 2638 2665 2885 2896 3223 3301 3451 3494 3572 3721 3742
 3947 4063 4254 4502 5345 5406 6003 6116 6687 6697 7323 7401]",0.3422354185011591
"[ 321  378  486  618  951 1109 1117 1244 1477 1612 1955 2085 2149 2212
 2260 2393 2480 2661 2670 2710 2717 3055 3155 3285 3533 3561 3588 3650
 3783 3948 4010 4204 4357 4507 4554 5999 6620 6684 7192 7256]",0.3083671539251354
"[ 458  689  805  845  958 1050 1107 1519 1756 1930 2096 2154 2174 2190
 2254 2586 2716 2736 2824 3029 3085 3147 3211 3307 3463 3487 3583 3644
 3741 4086 4133 4216 4436 4710 6162 6253 6548 6955 6969 7189]",0.34992657584787795
"[ 333  378  531  834  984 1304 1314 1464 1550 1755 2001 2026 2088 2185
 2248 2448 2504 2568 2622 2755 2942 3140 3235 3433 3463 3561 3667 3865
 4131 4142 4644 4777 6011 6095 6260 6753 6831 6838 7321 7330]",0.3334267739386069
"[ 248  621  660  667  771 1193 1314 1394 1567 1829 1910 1948 2029 2142
 2297 2322 2330 2450 2599 2717 2941 3104 3284 3310 3512 3535 3699 3717
 3740 3923 4129 4367 4405 4644 4708 5906 6398 6412 6899 7191]",0.3261801035714912
"[ 455  619  733  773  956 1105 1115 1122 1371 1537 1668 1857 1898 1906
 1938 1946 2166 2402 2425 2432 2443 2599 2803 2824 2938 3070 3360 3450
 3566 3580 3812 4088 4134 4217 4409 6047 6481 6543 7041 7119]",0.3598259107910383
"[ 382  406  732  773  819  906  952 1216 1255 1442 1478 1602 1734 1845
 1963 2044 2070 2084 2164 2219 2553 2567 2579 2803 2830 3001 3240 3441
 3576 3745 3781 3949 4223 4358 4708 5614 5908 6338 6904 7181]",0.3339302980193906
"[ 460  479  521  842 1028 1089 1111 1475 1669 1864 1928 1962 2040 2090
 2332 2367 2430 2536 2660 2833 2883 2938 3070 3159 3436 3463 3500 3520
 3704 3812 3932 3996 4227 4501 5630 5978 6547 6611 7109 7118]",0.3534695334804039
"[ 451  459  548  949  960 1121 1396 1527 1616 1867 1875 2025 2069 2328
 2391 2513 2596 2637 2766 2787 3011 3104 3167 3354 3714 3793 3883 4016
 4128 4277 4437 4501 4987 5516 6189 6210 6414 6760 7109 7260]",0.3071468324691477
"[ 383  463  558  901  949 1031 1193 1392 1449 1682 1690 1716 1799 2023
 2180 2211 2293 2401 2457 2715 2731 2966 3023 3149 3281 3373 3676 3783
 3811 3864 3943 4205 4268 4359 4956 5187 5978 6472 6622 7188]",0.33362041851429447
"[ 384  411  448  462  758  893  913  945 1118 1166 1462 1682 1802 1809
 1928 1960 1978 2008 2181 2376 2426 2763 2827 2858 2867 2946 3027 3377
 3506 3746 3920 3948 4000 4293 4336 6048 6480 6543 6978 7042]",0.3335368556259623
"[ 526  557  618  803  824 1028 1121 1233 1254 1388 1762 1888 1936 1944
 2261 2318 2497 2577 2611 2801 2995 3075 3097 3105 3535 3581 3668 3711
 3730 4080 4133 4337 4353 4573 5804 5975 5987 6759 6982 7256]",0.3436805659887008
"[ 473  522  622  886 1122 1179 1385 1472 1589 1621 1892 1934 1954 2042
 2265 2283 2510 2522 2611 2643 2889 3006 3139 3163 3368 3783 3843 3864
 4014 4021 4204 4214 4435 4482 5841 6327 6834 7108 7134 7401]",0.3297856986350415
"[ 122  319  668  683  692  888  914 1090 1325 1460 1662 1693 1786 2038
 2093 2290 2425 2442 2529 2611 2690 3024 3067 3078 3087 3107 3662 3681
 3697 3786 3793 3883 4134 4153 4501 6047 6546 6977 7109 7473]",0.3479440402369063
"[ 547  660  813  820  907 1370 1464 1472 1665 1762 2025 2071 2259 2298
 2536 2567 2646 2737 2797 2897 3247 3280 3292 3371 3414 3523 3714 3883
 3941 4075 4133 4338 4713 5263 5345 5685 6329 6551 6900 7333]",0.32734671512573177
"[ 384  628  815  901  950 1050 1397 1442 1460 1592 1689 1925 1940 2101
 2145 2179 2372 2400 2598 2622 2719 2925 3087 3218 3377 3385 3495 3649
 3746 3799 3948 4133 4360 4566 5902 6192 6687 7051 7252 7401]",0.34264246799708475
"[ 242  592  672  694  725 1172 1181 1191 1306 1689 1810 1892 1996 2079
 2119 2253 2307 2429 2652 2757 2764 3015 3028 3071 3149 3559 3712 3798
 4024 4072 4207 4409 4708 5197 5617 5910 6411 6688 6884 7327]",0.3261606130352183
"[  88  607  765  805 1101 1333 1464 1589 1754 1814 1832 2010 2092 2141
 2194 2246 2329 2638 2648 2666 2726 2764 2891 3148 3208 3302 3455 3570
 3648 4010 4024 4143 4276 4992 6048 6410 6539 6907 7074 7257]",0.3242356411892925
"[  55  319  521  616  694  966 1021 1242 1398 1587 1673 1690 2019 2180
 2188 2290 2352 2519 2527 2653 2683 2836 2949 3099 3221 3273 3282 3517
 3790 3883 3939 4061 4212 4230 4572 5335 6048 6693 6899 7190]",0.34702866823723433
"[ 378  478  558  599  974 1052 1109 1239 1300 1604 1617 1736 1936 2039
 2234 2283 2329 2384 2535 2622 2648 2869 2877 3103 3146 3167 3208 3373
 3651 3714 3778 3812 4014 4504 5416 5907 6620 6910 7109 7332]",0.33393895193998513
"[ 249  378  553  599 1039 1050 1161 1169 1664 1744 1754 1998 2080 2174
 2191 2231 2325 2571 2662 2695 2745 2757 2797 3070 3365 3566 3590 3671
 4002 4080 4134 4501 4550 4778 5336 5440 5903 6547 7109 7188]",0.34213640928184963
"[ 458  549  914  947 1025 1179 1264 1442 1666 1759 1886 1944 1997 2260
 2364 2395 2496 2593 2755 2868 2889 3023 3070 3463 3505 3567 3588 4009
 4061 4073 4574 4852 5475 6002 6188 6411 6831 6910 7252 7332]",0.33381453852592347
"[ 176  340  616  733  815  914 1179 1298 1310 1407 1471 1878 1942 2031
 2113 2143 2403 2577 2638 2726 2808 2889 3146 3226 3305 3555 3567 3668
 3722 3873 3889 4068 4220 4558 4779 6117 6626 6761 7109 7329]",0.34473454947613036
"[ 333  557  659  817  881  971 1334 1392 1589 1668 1754 1836 1934 2032
 2186 2300 2307 2433 2689 2710 2804 2937 2955 3104 3210 3297 3520 3698
 3741 3784 4007 4275 4368 4501 4552 5336 6048 6687 6909 7184]",0.34972540062415947
"[ 265  304  734  958  981 1045 1179 1601 1733 1786 1797 1898 1906 1961
 2147 2233 2282 2403 2535 2593 2647 3034 3079 3087 3137 3311 3500 3509
 3802 3882 3917 3931 4365 4638 5336 5907 6404 6624 6898 7258]",0.3336402965883333
"[ 531  593  618  892  911 1024 1187 1299 1391 1796 1821 1885 1904 1926
 2163 2512 2710 2717 2748 2756 2872 2882 3422 3444 3533 3575 3668 4070
 4077 4085 4167 4204 4569 5659 5880 6194 6485 6689 7189 7324]",0.3137538611669783
"[ 177  734  741  761  913 1172 1179 1329 1518 1689 1749 1938 2017 2049
 2099 2251 2286 2521 2579 2622 2781 2827 2869 3026 3144 3373 3506 3534
 3710 3812 3942 4005 4273 4436 4710 6048 6326 6478 6899 7050]",0.35631699738792655
"[ 411  545  591  740  889 1050 1300 1308 1464 1618 1717 1738 2013 2099
 2109 2187 2265 2520 2641 2676 2791 2811 2831 2869 3288 3315 3494 3662
 3792 3883 3983 4291 4425 4482 4588 6048 6448 6688 6838 7186]",0.3389536097008012
"[ 387  625  660  760  890 1121 1232 1385 1538 1692 1799 1859 1888 2149
 2188 2233 2319 2568 2648 2692 2733 2797 3028 3231 3434 3567 3603 3801
 3935 4024 4070 4134 4330 4406 4645 5974 6688 7094 7120 7255]",0.35508190459041344
"[ 521  602  692  894  986 1231 1243 1260 1480 1533 1754 1927 1935 1944
 1954 2123 2185 2365 2385 2566 2729 2955 3072 3364 3385 3444 3491 3713
 3883 3990 4077 4300 4571 6048 6413 6691 6825 6911 7165 7401]",0.32451543779256853
"[ 248  453  545  623 1107 1168 1193 1231 1664 1893 1907 1934 1941 1996
 2026 2302 2483 2503 2592 2608 2689 2939 3027 3071 3435 3446 3567 3812
 3934 3997 4060 4087 4565 5906 6498 6615 6695 7195 7251 7330]",0.34310034926350574
"[ 123  378  414  672  760  947 1051 1179 1242 1357 1443 1750 1954 1977
 2013 2069 2247 2254 2577 2592 2689 2750 2855 2939 3165 3577 3707 3727
 4019 4076 4506 4707 5403 5557 5834 6196 6830 6910 7251 7260]",0.3350639217499962
"[ 124  387  474  522  678  836 1025 1088 1321 1544 1590 1740 1787 2046
 2100 2148 2251 2438 2638 2730 2740 2763 2859 3036 3137 3149 3236 3570
 3582 3669 3840 3944 4276 4287 4438 5907 6615 6694 7179 7333]",0.3390289635558405
"[ 377  385  622  755  882 1033 1055 1379 1397 1674 1693 1717 1728 1920
 1949 1968 2283 2291 2299 2330 2389 2520 2857 2900 3015 3095 3150 3588
 3640 3651 4024 4053 4133 4144 4154 6117 6466 6690 7109 7121]",0.3412734240644235
"[ 193  483  595  899 1054 1097 1302 1331 1533 1796 1808 1974 2174 2212
 2291 2303 2474 2483 2596 2968 3077 3089 3137 3238 3427 3576 3656 3703
 3811 4154 4278 4428 4553 5196 5515 6187 6685 6835 7107 7164]",0.30366257008250286
"[ 458  487  618  659  957 1038 1121 1235 1398 1441 1598 1688 1803 1837
 1856 1889 2183 2287 2332 2365 2389 2591 2902 3065 3099 3220 3229 3564
 3670 3799 3857 4133 4149 4624 4991 6334 6540 6833 7180 7401]",0.3320428951608736
"[ 194  701  764  809  823 1239 1256 1299 1621 1732 1795 1997 2030 2230
 2253 2543 2711 2723 2764 2803 3040 3098 3220 3298 3567 3734 3843 3858
 3955 4007 4277 4506 4568 5335 5345 6185 6335 6626 6969 7191]",0.32413553813256996
"[ 153  554  597  828  887  914 1303 1327 1384 1406 1462 1804 1838 1859
 1955 1962 2329 2366 2496 2663 2940 2995 3024 3073 3173 3370 3592 3703
 3782 3812 4149 4203 5872 5975 6406 6446 6838 6901 7331 7394]",0.32011468359401263
"[ 314  520  676  762  810  912 1112 1176 1404 1441 1590 1822 2009 2042
 2122 2166 2282 2372 2649 2683 2693 2738 2782 2941 3236 3360 3420 3582
 3674 3996 4019 4076 4083 4127 4572 5275 5974 6688 7038 7121]",0.3392864133384328
"[ 195  455  463  485  545  661 1021 1031 1043 1125 1536 1619 1669 2069
 2088 2168 2182 2294 2331 2530 2571 2731 2763 3104 3145 3280 3308 3577
 3812 3841 4014 4145 4207 4412 4642 5415 5905 6759 7250 7261]",0.3354195392031783
"[ 519  621  628  887  949 1118 1251 1442 1594 1681 1691 1717 2113 2170
 2222 2265 2286 2303 2530 2720 2758 2781 2940 3089 3141 3173 3450 3585
 3649 3770 3948 4134 4298 4433 5403 6048 6469 6831 7109 7400]",0.31476110127640544
"[ 558  661  670  763  892 1167 1327 1370 1664 1675 1717 1837 1967 2150
 2163 2245 2332 2500 2537 2743 2796 2803 2994 3104 3216 3297 3309 3488
 3536 3795 3951 4280 4410 4501 6259 6414 6901 7122 7179 7400]",0.3540645822066657
"[ 521  627  670  689  890 1039 1121 1383 1534 1586 1692 1787 1883 2040
 2081 2174 2189 2232 2353 2668 2801 2896 3000 3101 3364 3522 3639 3672
 3796 3916 4277 4448 4503 5394 6189 6374 6835 7110 7129 7474]",0.33014402693357425
"[ 331  376  481  608  742  902  913  945 1179 1450 1617 1787 1884 1893
 2008 2160 2183 2503 2567 2592 2741 3002 3081 3177 3309 3346 3373 3570
 3791 3872 4022 4066 4363 4413 4639 5908 6831 7109 7124 7471]",0.3275858998072312
"[ 123  521  545  557  748  812 1042 1051 1227 1538 1692 1717 1735 1814
 2081 2355 2394 2483 2519 2668 2688 2797 2859 3088 3175 3363 3448 3654
 3704 3712 3739 4086 4148 5273 5834 6194 6760 7053 7110 7401]",0.3516230356951898
"[ 331  378  668  701  763  873 1171 1234 1255 1475 1750 1814 1926 2117
 2148 2181 2303 2314 2637 2664 2690 2819 2868 2997 3146 3235 3506 3670
 3731 3856 3991 4078 4195 5976 6476 6540 6970 6979 7140 7400]",0.3433168704605895
"[ 312  336  537  558  661  810  833 1030 1193 1395 1598 1800 1859 2038
 2045 2099 2292 2513 2521 2537 2642 2763 2897 3008 3175 3237 3301 3429
 3488 3719 3948 4081 4553 4573 4923 5844 6261 6695 7108 7189]",0.3420768650356436
"[ 249  268  383  686  875 1024 1051 1173 1442 1522 1610 1672 1972 2087
 2121 2210 2291 2471 2590 2622 2709 2868 2967 3100 3281 3371 3596 3647
 4077 4156 4411 4423 4645 5288 5405 5415 6046 6410 6903 7396]",0.3185757652115347
"[ 384  487  764  884 1055 1111 1234 1289 1333 1389 1666 1763 1889 1898
 2082 2234 2265 2356 2461 2471 2831 2869 2928 2955 3018 3289 3464 3509
 3517 3598 3627 3786 4061 4433 5908 6258 6482 6970 7091 7119]",0.32814342987930833
"[ 379  474  531  552  947 1035 1189 1240 1602 1611 1735 1869 1973 2165
 2175 2229 2408 2501 2579 2665 2826 3097 3154 3358 3446 3648 3706 3746
 4021 4144 4208 4223 4480 5224 5700 5977 6697 6758 7261 7323]",0.3251631379299872
"[ 335  378  534  557  901 1050 1167 1230 1389 1399 1662 1690 1910 1935
 2033 2040 2303 2383 2471 2579 2710 3088 3104 3237 3282 3434 3745 3852
 3916 3940 3948 4360 5335 5345 6256 6891 6908 6932 6971 7401]",0.3052459504002501
"[ 314  447  553  845  972 1028 1107 1122 1444 1539 1691 1734 1743 1937
 1996 2179 2230 2258 2286 2380 2576 2671 2755 3011 3070 3089 3169 3573
 3656 3740 3889 3946 3993 4071 4151 5819 6261 6896 6905 7401]",0.3197018741193415
"[ 246  335  678  767  884  946 1039 1330 1377 1583 1600 1679 1835 2168
 2323 2358 2367 2517 2693 2813 2853 2931 3011 3018 3382 3429 3461 3631
 3654 3953 4015 4141 4219 4409 5345 6121 6695 6755 7257 7264]",0.3302673181310056
"[ 387  620  662  886  910 1041 1370 1389 1450 1473 1836 1859 1942 2099
 2114 2233 2249 2503 2511 2693 2732 2995 3008 3455 3505 3519 3637 3797
 3927 4096 4132 4299 4362 4626 4916 5906 6402 6480 7113 7121]",0.3432245016799781
"[ 319  486  549  893  948  982 1243 1329 1392 1593 1814 1829 1926 2150
 2160 2195 2316 2425 2593 2655 2683 3001 3015 3221 3446 3651 3675 3774
 3783 4023 4084 4147 4353 4553 4644 5198 6188 6838 7043 7334]",0.33034083667385944
"[ 380  555  607  897  951 1259 1458 1479 1588 1609 1717 2188 2224 2337
 2377 2390 2567 2685 2787 2873 2890 3166 3289 3440 3491 3747 3800 3855
 3953 4133 4296 4431 5475 5486 5907 5997 6271 6831 7037 7123]",0.2984743339229706
"[ 125  315  449  474  952  976 1054 1243 1370 1466 1547 1735 1998 2031
 2112 2304 2359 2368 2472 2942 2995 3098 3106 3146 3510 3563 3589 3603
 3738 3856 4076 4085 4133 4644 6265 6611 6838 7044 7108 7334]",0.34503448026307326
"[  77  175  630  730  740  832 1247 1336 1371 1396 1521 1826 1837 1865
 2099 2256 2301 2390 2637 2759 2766 2787 2803 3008 3094 3426 3577 3741
 3798 4069 4148 4158 4561 4568 4720 5138 5916 6116 6901 6908]",0.34338877928345457
"[ 549  662  672  755 1032 1049 1237 1443 1463 1471 1883 1999 2119 2232
 2250 2436 2482 2522 2638 2869 3075 3104 3210 3232 3310 3535 3643 3653
 4024 4133 4353 4362 4553 5629 6188 6618 6696 7036 7193 7256]",0.3442570683479104
"[ 463  481  522  757  844  885  963 1121 1325 1377 1528 1757 1820 1929
 2089 2170 2187 2265 2367 2637 2803 2864 3028 3302 3356 3420 3577 3662
 3745 4022 4072 4205 4293 4409 6044 6265 6610 6764 7109 7402]",0.3397627982730409
"[ 263  316  485  759  877 1102 1121 1463 1512 1543 1551 2020 2067 2099
 2146 2180 2259 2566 2576 2594 2602 2762 2941 3138 3168 3460 3512 3628
 3647 3802 4024 4127 4144 4152 5838 6308 6337 6486 6755 7256]",0.3172702636144265
"[ 387  554  737  752  887  975 1305 1385 1396 1619 1891 2015 2040 2079
 2097 2120 2143 2387 2481 2646 2658 2950 2957 3067 3293 3357 3447 3532
 3845 3924 3933 4016 4024 4318 4433 4479 6051 6550 6972 7192]",0.32422348940137613
"[ 337  521  615  813 1019 1036 1048 1326 1379 1547 1674 1937 2086 2105
 2118 2287 2589 2671 2693 2723 2785 2825 3089 3222 3283 3315 3590 3704
 3723 3746 4021 4134 4144 4294 4338 4643 6610 6831 6840 7394]",0.34725025751886385
"[ 248  448  552  740 1041 1053 1161 1172 1538 1594 1602 1617 2032 2117
 2146 2167 2252 2508 2643 2665 2689 2800 3034 3145 3165 3208 3511 3745
 3854 4016 4129 4361 4419 4850 5904 6545 6694 7109 7195 7401]",0.3474237952179213
"[ 248  377  682  884  976 1090 1125 1462 1546 1665 1907 2025 2108 2146
 2403 2514 2521 2576 2671 2693 3008 3088 3107 3143 3169 3590 3603 3627
 3650 3854 4203 4365 4499 5147 6333 6753 6834 7194 7250 7400]",0.33800409158214206
"[ 193  601  663  762 1031 1181 1235 1401 1526 1800 1857 2044 2101 2108
 2354 2447 2510 2598 2695 2759 2925 3076 3083 3095 3373 3535 3571 3594
 3650 3845 3940 4138 4550 4715 4910 6116 6614 6623 7262 7395]",0.3287096662129225
"[ 340  459  690  876  892  955  983 1182 1260 1444 1454 1622 1682 1786
 2011 2032 2094 2254 2357 2403 2589 2599 2647 3103 3138 3150 3308 3568
 3648 3675 3799 3998 4147 5486 5978 6470 6695 6973 7108 7334]",0.3505916908218488
"[ 335  486  659  739  821  834 1265 1306 1313 1463 1832 1857 1871 2025
 2104 2182 2367 2375 2406 2567 2645 2754 2797 3089 3175 3239 3294 3357
 3873 3883 4147 4205 4568 4910 5479 6262 6624 6830 7251 7333]",0.34361340681985997
"[ 339  376  383  771  814  895  945 1117 1390 1443 1622 1733 1828 1886
 2229 2330 2393 2528 2576 2693 2802 2826 3148 3352 3448 3654 3673 3918
 3996 4231 4430 4480 4910 5203 5325 5474 6255 6408 7251 7332]",0.2927765889171105
"[ 382  547  605  629  878  969 1050 1168 1472 1528 1536 1856 1902 2026
 2222 2230 2252 2425 2739 2792 2825 2941 2996 3100 3235 3361 3563 3626
 3856 3866 4015 4061 4363 4409 5304 5989 6117 6685 6767 7185]",0.32949199941072455
"[ 478  592  670  823 1121 1243 1376 1392 1613 1622 1865 1949 1963 2117
 2358 2446 2454 2536 2651 2765 2855 2955 3012 3033 3146 3374 3491 3509
 3812 3859 3923 4010 4358 4482 5048 5290 5978 6622 6900 7120]",0.33860665849787086
"[ 340  533  730  827  844  880 1172 1188 1323 1514 1736 1787 1936 1970
 1977 2026 2034 2156 2425 2600 2716 2733 2761 3011 3231 3280 3359 3522
 3650 3674 3940 3997 4024 4273 4503 6048 6550 6612 7052 7256]",0.33491004942150626
"[ 318  337  486  521  753  916 1017 1029 1121 1391 1763 1877 1896 1955
 2223 2287 2386 2397 2475 2660 2892 2956 3073 3153 3491 3656 3676 3714
 3881 3934 3987 4136 4437 5439 6191 6343 6610 6689 7120 7182]",0.31140255144818313
"[ 248  448  552  609  738 1050 1113 1177 1232 1480 1608 1925 1934 2098
 2108 2162 2225 2331 2621 2639 2659 2717 2737 3081 3099 3356 3445 3579
 3846 4020 4152 4207 4214 4645 4759 5345 5620 6259 6826 7120]",0.32956305530087404
"[ 194  448  691  822  956 1051 1234 1254 1531 1548 1730 1786 2105 2121
 2222 2255 2306 2567 2654 2692 2739 2827 2945 3000 3221 3384 3448 3654
 3716 3745 3845 4022 4155 4503 5245 6048 6470 6760 7109 7193]",0.36428406199537344
"[  61  318  338  382  688  876  883 1104 1121 1398 1596 1603 1762 1871
 2001 2100 2110 2259 2375 2505 2691 2755 2868 2924 3002 3100 3230 3502
 3591 3702 3723 3883 4133 4140 4292 6475 6855 7052 7109 7187]",0.3450188637393116
"[ 382  472  531  762  876  914  968 1311 1619 1674 1683 1996 2086 2146
 2187 2250 2447 2599 2691 2788 2923 2946 3078 3240 3465 3518 3577 3638
 3883 4133 4407 4505 4698 5835 6184 6340 6564 6689 7108 7190]",0.3512504077365013
"[ 377  463  618  628  741 1084 1121 1163 1172 1250 1665 1672 1834 1856
 1939 2112 2174 2216 2233 2403 2626 2670 2709 2863 2945 3104 3211 3223
 3235 3720 3731 3812 4133 4365 4567 5480 6188 6768 6832 7400]",0.3265809652078152
"[ 270  332  523  801  813  830 1050 1104 1301 1308 1537 1814 1930 1940
 2036 2043 2507 2589 2608 2625 2637 2688 2950 3067 3171 3291 3591 3653
 3785 4215 4277 4367 4714 4777 5015 5905 6553 6759 7180 7333]",0.32749289311259344
"[ 450  601  762  776  821 1227 1240 1253 1616 1736 1749 1765 1868 2072
 2114 2167 2265 2435 2534 2658 2711 2754 3018 3211 3221 3313 3511 3561
 3731 3810 3821 3928 4149 4204 4499 5976 6267 6974 7180 7471]",0.31209836067560537
"[ 247  449  622  754  887  984 1044 1309 1321 1616 1799 1820 1883 1925
 2049 2112 2293 2356 2461 2550 2799 2948 2960 3001 3491 3500 3532 3588
 3595 3650 4144 4155 4336 4643 5056 5466 6264 6686 6835 7472]",0.34153803985999065
"[ 313  403  732  766  956 1105 1255 1301 1404 1744 1765 1858 1879 1967
 2222 2265 2354 2445 2542 2644 2668 2764 2937 3087 3105 3143 3407 3519
 3640 3651 3883 4348 4410 4433 5336 6472 6480 6976 6983 7326]",0.34901350233393336
"[ 192  312  628  802  832  881 1034 1381 1402 1442 1534 1622 1970 2092
 2099 2143 2151 2330 2602 2638 2645 2726 2833 2950 2962 3214 3221 3449
 3627 3726 3783 3790 3955 4133 4231 4503 5906 6544 6975 7323]",0.3373313950293357
"[ 248  337  379  679  741  947  974 1054 1174 1523 1542 1677 1763 1786
 1955 2011 2257 2376 2425 2463 2478 2577 2950 2962 3011 3210 3518 3534
 3650 3855 3881 4081 4429 4624 4922 5834 5846 6615 7254 7333]",0.3282115496794889
"[  14  264  558  659  737  760  886 1054 1235 1250 1543 1809 1857 1872
 2031 2109 2190 2306 2357 2608 2666 2764 2863 2941 3165 3285 3505 3671
 3704 3798 3948 4002 4064 4363 5335 6049 6760 6824 6981 7327]",0.3481713059275662
"[ 313  447  551  818  951  973 1125 1297 1457 1520 1690 1892 2050 2069
 2097 2219 2256 2447 2579 2601 2624 2710 2826 2942 3074 3169 3375 3565
 3720 3738 3855 3940 4433 4634 5408 6048 6409 6831 7177 7401]",0.3413835135678972
"[ 265  378  460  615  772  881 1111 1121 1459 1661 1682 1857 1905 2149
 2170 2181 2233 2401 2600 2712 2727 2734 2764 2960 3227 3356 3376 3576
 3629 3746 3921 4096 4120 4225 4360 4482 6188 6830 7123 7328]",0.3294437005070183
"[ 536  559  623  661  953 1037 1121 1442 1594 1617 1748 2006 2084 2093
 2182 2189 2282 2602 2684 2724 2802 2927 3099 3219 3234 3420 3600 3719
 4009 4016 4069 4132 4392 4429 4480 6016 6045 6195 6827 7050]",0.34333765701980656
"[ 479  628  740  748 1110 1161 1386 1405 1820 1876 2025 2120 2146 2250
 2281 2367 2590 2684 2693 2714 3008 3238 3298 3358 3534 3563 3588 3739
 3856 4080 4201 4229 5336 6187 6194 6624 6681 6688 7191 7394]",0.34138152022754475
"[ 128  317  547  678  837  876 1237 1253 1403 1514 1672 1764 2001 2034
 2042 2236 2293 2456 2535 2584 2637 2692 2755 2786 2945 3219 3310 3797
 4069 4095 4337 4645 5272 5979 6184 6620 6643 7038 7234 7331]",0.3291372386907544
"[ 530  621  665  772  964 1118 1409 1457 1464 1585 1734 1926 1955 2043
 2082 2121 2178 2445 2456 2577 2637 2755 2765 2805 2927 3220 3306 3423
 3741 3934 3997 4085 4435 4553 4570 6188 6835 7179 7234 7472]",0.3258159608317919
"[ 261  317  694  814  947 1108 1195 1401 1457 1734 1787 1798 1977 2170
 2183 2220 2305 2425 2763 2797 2875 2928 3165 3295 3603 3659 3713 3880
 3986 4009 4279 4431 4553 4850 5376 6118 6625 6681 6759 7120]",0.34153633753356194
"[ 384  410  904  947  961  982 1401 1480 1519 1534 2025 2086 2108 2257
 2289 2483 2528 2585 2638 2755 2806 3028 3071 3363 3420 3655 3785 3812
 3945 4005 4133 4437 4499 4553 6046 6342 6540 6620 7109 7116]",0.32771129324465975
"[ 317  473  486  519  818  904 1038 1057 1089 1168 1548 1606 1717 1737
 2040 2232 2315 2332 2366 2537 2637 2695 2715 2828 2872 2886 3375 3422
 3507 3811 3927 4011 4430 4508 4629 5468 6615 6622 7108 7192]",0.3175702574980144
"[ 193  553  608  665  885  968  985 1328 1372 1381 1477 1601 1875 1908
 2007 2096 2104 2253 2285 2373 2578 2602 2761 2803 2964 3008 3301 3310
 3356 3462 3578 3874 3916 4139 4501 6048 6098 6759 6767 7256]",0.3337759479846775
"[ 138  265  558  597  685  959 1054 1230 1329 1451 1463 1788 1830 1954
 2079 2262 2373 2522 2536 2571 2760 2938 3101 3139 3371 3430 3462 3721
 3731 3812 3916 4070 4225 4360 4781 5978 6624 6759 7250 7258]",0.3323773369368155
"[ 246  592  831  983 1077 1099 1537 1599 1620 1662 1929 1936 2033 2097
 2194 2329 2428 2444 2739 2858 2874 2964 3008 3043 3208 3310 3444 3535
 3625 3643 3721 3992 4014 4360 5197 5906 6758 6907 7401 7526]",0.33797576996292766
"[ 335  457  520  839  961 1025 1111 1457 1546 1804 1927 2041 2050 2099
 2361 2566 2597 2624 2651 2659 2827 3027 3138 3162 3291 3342 3464 3725
 3739 3789 4194 4205 4430 4437 5183 6262 6825 6905 7323 7401]",0.3310937635438287
"[ 306  333  527  555  874  888 1050 1110 1376 1457 1684 1691 1787 1953
 2081 2103 2182 2189 2303 2480 2595 2638 2753 2788 2798 2886 3290 3583
 3663 3704 3787 4078 4205 4237 4573 4772 6259 6484 6826 7190]",0.32214758624904355
"[ 381  620  677  772  881 1122 1179 1257 1657 1835 1859 2101 2112 2303
 2332 2508 2566 2679 2800 2828 2926 3077 3381 3487 3535 3587 3722 3784
 3813 4087 4205 4222 4543 4568 6337 6401 6832 6967 7054 7329]",0.3592350141782392
"[ 449  473  671  763  962 1056 1236 1331 1395 1691 1732 1926 2010 2173
 2257 2446 2504 2567 2671 2764 2794 2946 3065 3172 3292 3446 3498 3774
 3883 3938 4016 4134 4144 4504 4513 5135 5977 6483 6825 7192]",0.34581813472955586
"[ 305  319  557  815  824  907  945 1379 1461 1539 1692 1859 1937 2025
 2042 2318 2435 2446 2542 2693 2855 2940 3167 3285 3434 3441 3605 3629
 3948 4068 4359 4437 4483 4922 5331 5976 6339 6616 7108 7119]",0.3297668442877918
"[ 248  376  383  765  772  888 1091 1108 1258 1385 1620 1755 1806 1927
 2097 2119 2152 2357 2462 2513 2761 2854 2948 3148 3226 3240 3353 3590
 3739 3774 3796 3860 3924 4363 5692 6075 6333 6415 7039 7121]",0.3395452086991926
"[ 313  355  448  615  765  887 1093 1262 1456 1463 1836 1949 1999 2041
 2170 2225 2334 2608 2642 2656 2665 2696 3100 3152 3280 3358 3373 3649
 3740 3914 4079 4086 4205 4574 5905 6476 6696 6754 7186 7193]",0.3501116478591634
"[ 267  450  748  769  811  833 1110 1334 1455 1588 1682 1745 1858 1949
 2082 2175 2260 2359 2624 2709 2731 2865 2953 3070 3104 3363 3562 3592
 3797 4024 4063 4283 4574 5120 6050 6255 6547 6696 6969 7262]",0.3346859950484684
"[ 318  325  339  616  771  814  876 1174 1263 1442 1451 1676 1683 2014
 2022 2044 2070 2249 2335 2383 2646 2757 2891 2940 2994 3300 3307 3435
 3495 3671 3796 3991 4002 4432 5700 6048 6419 6552 6901 7192]",0.3284028938610138
"[ 194  317  657  750  814  830  986 1160 1260 1535 1666 1835 1929 2035
 2164 2222 2325 2424 2652 2673 2714 2762 2804 3226 3352 3360 3450 3671
 3795 3922 3930 4156 4409 4424 4432 5267 6256 6690 7038 7401]",0.3264796463001882
"[ 333  748  767  810  831 1327 1441 1462 1691 1875 1939 2026 2145 2181
 2371 2457 2472 2591 2640 2648 2762 2940 2954 3279 3447 3502 3511 3812
 3923 3933 4016 4283 4339 4366 5196 6257 6762 7039 7067 7329]",0.34314536055238654
"[ 549  604  738  755 1121 1168 1185 1373 1390 1615 1884 2088 2114 2145
 2152 2245 2405 2520 2709 2788 2903 3008 3099 3161 3279 3535 3642 3651
 3951 4014 4275 4292 4480 4723 6048 6326 6687 6694 7179 7401]",0.34079846625906274
"[ 319  368  483  547  596  825  913  956 1304 1326 1408 1594 1829 1885
 1926 2089 2107 2119 2149 2510 2588 2637 2692 2738 2825 3240 3291 3373
 3463 3641 3916 4001 4009 4024 4500 6116 6617 6697 7179 7330]",0.35576874394190955
"[ 339  429  522  672  721  831  894 1121 1163 1539 1620 1744 1929 2012
 2019 2118 2252 2589 2711 2862 2901 3240 3351 3363 3375 3535 3712 3812
 4006 4157 4204 4406 4505 5334 5767 6611 6763 7124 7180 7400]",0.3340015603369122
"[ 339  450  600  689  770  894  949 1260 1314 1409 1513 1538 1592 1935
 1973 2070 2097 2179 2264 2300 2431 2528 2731 2764 2865 3022 3029 3142
 3364 3486 3591 3673 3783 3865 4364 4483 6045 6546 7188 7251]",0.329380344585161
"[ 340  404  661  700  881  896  906 1031 1392 1472 1872 1880 1903 1960
 2139 2359 2520 2651 2670 2764 2995 3073 3081 3088 3170 3392 3519 3654
 3711 3775 3860 3955 4274 4365 4707 5974 6476 6839 7037 7401]",0.3411749259620924
"[ 248  446  483  597  618  824 1050 1172 1305 1326 1686 1716 1748 1881
 1941 2179 2189 2216 2436 2528 2731 2972 2995 3006 3247 3307 3355 3370
 3648 3812 4012 4133 4268 4573 5346 5973 6616 7052 7179 7402]",0.36023599387725674
"[ 403  458  771  833  949  957 1108 1337 1605 1758 1803 1996 2105 2147
 2165 2259 2300 2608 2648 2741 2767 2828 2873 3070 3220 3240 3515 3566
 3787 3937 3951 4134 4367 4638 6117 6627 6900 7250 7472 7513]",0.3249121943198868
"[ 380  476  841  877  892 1189 1370 1391 1526 1757 1963 1998 2120 2151
 2237 2396 2601 2638 2787 2799 2831 3089 3169 3352 3363 3667 3674 3771
 3941 4000 4064 4360 4707 6090 6332 6902 6981 7073 7394 7401]",0.3358927604444194
"[ 198  524  748  763  841  969 1169 1401 1668 1676 1833 1858 1936 2016
 2038 2166 2194 2386 2471 2497 2505 2584 2625 2663 3080 3241 3376 3568
 3577 3726 3876 3883 4133 4290 4550 6191 6469 6833 7179 7401]",0.34827189422488997
"[ 384  759  802  815  914 1189 1233 1390 1865 1879 1960 1968 2188 2356
 2372 2434 2450 2691 2881 3007 3087 3108 3357 3451 3563 3649 3657 3674
 4090 4133 4147 4475 4643 5416 6045 6553 6831 7051 7109 7401]",0.34428511180627885
"[ 337  472  523  910 1098 1162 1394 1408 1665 1786 1935 2167 2175 2184
 2192 2225 2427 2755 2788 2874 2957 3009 3281 3376 3510 3571 3667 4016
 4119 4144 4203 4436 5403 5891 6053 6187 6548 6825 7121 7322]",0.33266346190810286
"[ 132  312  619  662  701  753 1031 1114 1237 1263 1391 1736 1755 1786
 1937 2099 2188 2249 2299 2424 2690 2719 2735 2813 2868 3354 3375 3382
 3486 3720 3747 3784 4024 4206 4215 4227 6399 6407 6981 7180]",0.3283183721900615
"[ 177  618  660  884  910 1178 1305 1327 1480 1802 2002 2097 2179 2186
 2264 2442 2711 2719 2755 2805 3152 3241 3430 3650 3659 3674 3997 4148
 4397 4438 4476 4483 4643 5197 6046 6195 6756 6835 6859 7257]",0.34900627922939237
"[ 268  673  764  947 1238 1318 1330 1514 1823 1857 1905 1949 2082 2170
 2287 2464 2471 2727 2806 2930 2958 3279 3377 3436 3535 3872 3931 4062
 4096 4123 4294 4771 5328 6190 6888 6903 6981 7305 7401 7578]",0.33244328143763435
"[ 339  380  604  830  873 1124 1234 1314 1328 1463 1829 1877 1927 2167
 2225 2250 2401 2567 2718 2804 2813 2832 3009 3033 3066 3535 3559 3649
 3784 3883 4016 4079 4134 4573 5333 6121 6615 7123 7180 7401]",0.32815482830874076
"[ 318  382  621  876  968 1032 1121 1376 1469 1597 1760 1786 1798 2028
 2090 2178 2191 2625 2659 2710 2718 2949 2958 3365 3494 3519 3740 3854
 4004 4153 4275 4502 5104 5193 6053 6331 6766 6827 7331 7395]",0.32785344406428873
"[ 526  545  624  676  802 1039 1124 1238 1316 1469 1716 1765 1796 1804
 1883 2035 2216 2331 2371 2535 2638 2661 2882 2932 3011 3112 3490 3515
 3673 3712 3792 3951 4086 4133 4409 4502 6473 6895 6907 7327]",0.3219021511337201
"[ 386  592  619  678  842 1027 1162 1186 1318 1690 1754 1877 2099 2147
 2282 2297 2321 2545 2664 2813 2859 3011 3280 3380 3392 3486 3508 3712
 4016 4080 4142 4167 4339 4574 5560 6191 6340 6901 7323 7332]",0.3275505865797036
"[ 389  404  449  482  885  897  949 1193 1315 1464 1592 1764 1857 1959
 2079 2092 2111 2264 2568 2587 2672 2754 2788 2837 2937 2947 3434 3450
 3467 3634 3741 3984 4084 4204 4358 4850 6187 6623 6685 7116]",0.33210080826528404
"[ 474  483  521  815 1044 1315 1334 1443 1609 1835 1857 1969 2012 2097
 2104 2161 2401 2426 2558 2647 2668 2694 2941 3211 3218 3314 3463 3520
 3712 3812 3847 3864 4015 4214 4343 4506 5977 6617 7123 7327]",0.34387920237236097
"[ 155  246  265  522  905  912 1040 1104 1231 1543 1764 1807 1820 1871
 2072 2113 2293 2452 2601 2611 2657 2855 3222 3304 3582 3633 3640 3813
 4016 4080 4134 4283 4409 4781 5345 5620 6194 6611 6904 7110]",0.3210837985125348
"[ 333  381  460  766  874  969 1023 1243 1331 1513 1535 1621 1878 1965
 2084 2098 2145 2192 2256 2576 2660 2809 2826 2854 2905 2937 3240 3352
 3507 3729 3746 3985 4091 4220 4856 4917 6468 6618 7251 7261]",0.34195279676701285
"[ 248  621  660  772  887  951 1039 1191 1227 1385 1541 1646 1835 1891
 2089 2252 2283 2379 2504 2682 2760 2869 2887 2949 3281 3288 3379 3441
 3462 3863 3941 4284 4341 4849 5345 5475 6332 6907 7064 7181]",0.33405463130052465
"[ 377  462  760  838  871 1023 1033 1332 1370 1464 1590 1692 1825 1928
 1935 1955 2265 2303 2575 2683 2739 2781 2944 3222 3416 3425 3512 3661
 3785 3811 4081 4413 4430 5126 6118 6267 6900 7122 7322 7400]",0.33113351426362775
"[ 411  673  832  876  981 1034 1309 1533 1621 1683 1728 1858 2182 2229
 2236 2261 2317 2358 2726 2765 2809 2854 3170 3227 3354 3433 3519 3535
 3703 3883 4006 4205 4355 4436 5905 6339 6970 6982 7403 7466]",0.35102048950418174
"[ 268  332  600  947 1109 1121 1313 1541 1620 1788 1809 1891 2223 2239
 2252 2264 2443 2498 2694 2966 3014 3022 3067 3076 3517 3555 3705 3718
 3811 4014 4204 4285 4409 4922 5489 6048 6482 6760 6980 7394]",0.3363701779755724
"[ 265  592  748  836 1088 1095 1258 1315 1479 1751 1788 1937 1949 2047
 2383 2426 2438 2589 2608 2766 2899 2953 3076 3103 3301 3422 3642 3650
 3665 3800 3823 3916 4409 4433 4781 5056 6116 6480 6830 7120]",0.3242208674189879
"[ 340  454  545  748  876  907 1026 1387 1394 1443 1548 1734 2046 2082
 2171 2181 2217 2352 2519 2577 2810 2823 2939 3065 3359 3448 3705 3722
 3812 4015 4143 4206 4268 4503 5841 5905 6403 6833 7180 7333]",0.35821196841486425
"[ 405  450  599  902  909  945 1102 1251 1379 1671 1683 1763 2070 2170
 2220 2229 2260 2591 2639 2755 2789 2797 2837 2885 3089 3295 3353 3414
 3588 3598 3785 4062 4145 4506 5263 6188 6761 6967 7275 7329]",0.3384223314617111
"[ 596  616  623  943  986 1031 1121 1235 1441 1537 1669 1832 1858 2030
 2108 2163 2225 2404 2657 2710 2745 2947 3079 3141 3242 3535 3592 3650
 3885 3995 4059 4145 4365 4636 6047 6544 6931 7053 7322 7400]",0.3249841171637536
"[  40  600  663  690  840 1031 1095 1186 1463 1516 1693 1864 2022 2066
 2110 2174 2365 2520 2622 2685 2711 2860 2868 2882 3355 3377 3510 3669
 3924 4013 4057 4358 4553 4705 5903 6234 6556 6830 7180 7192]",0.3392441597934298
"[ 248  589  700  785  835  886  964 1090 1185 1335 1460 1752 1830 2089
 2243 2366 2426 2537 2690 2801 2879 2995 3145 3383 3518 3604 3650 3704
 3854 3881 4204 4291 4482 4514 5979 6548 6969 7052 7352 7400]",0.33211716293708227
"[ 336  461  589  698  809  891 1118 1300 1396 1598 1622 1892 1929 2009
 2186 2265 2306 2370 2464 2499 2766 2828 2879 2940 3028 3211 3433 3526
 3629 3654 3675 3925 4129 4219 5336 6116 6618 6896 7192 7256]",0.2986359027486436
"[ 310  319  620  698  807  814  896 1058 1379 1390 1474 1787 2010 2020
 2027 2109 2189 2522 2639 2647 2690 2743 2941 3020 3139 3462 3499 3519
 3705 3723 3812 4085 4203 4338 4430 5770 6117 6829 7051 7472]",0.34074639801499657
"[ 543  592  695  748 1091 1244 1264 1611 1660 1906 1925 1956 2254 2292
 2300 2590 2711 2763 2796 3024 3159 3177 3292 3492 3519 3723 3739 3782
 3818 4222 4571 4630 5345 5905 6076 6351 6550 6753 7120 7184]",0.34624345619855207
"[ 388  520  623  810  892 1054 1118 1306 1460 1687 1965 2017 2099 2186
 2447 2496 2503 2625 2671 2869 2877 3074 3209 3375 3653 3673 3783 4003
 4023 4133 4294 4498 4917 5052 5487 5978 6400 6835 6898 7330]",0.3466571882709434
"[ 337  391  522  904  914  962 1236 1538 1618 1727 1736 1814 1857 2106
 2147 2184 2235 2265 2425 2508 2732 2881 3032 3148 3282 3376 3438 3463
 3784 3811 3960 4079 4230 4276 4779 5978 6752 6760 7120 7323]",0.35658508415830237
"[ 387  482  734  985 1038 1101 1263 1303 1352 1539 1716 1735 1903 2078
 2100 2213 2252 2371 2599 2618 2924 3010 3018 3145 3167 3517 3647 3705
 3811 4007 4014 4213 4505 4559 5904 6336 6828 6837 7069 7471]",0.3598161769153584
"[ 483  605  617  662  811 1048 1247 1325 1377 1615 1622 1717 1962 2113
 2285 2292 2373 2404 2722 2786 2803 3023 3352 3364 3642 3654 3746 4023
 4057 4085 4136 4220 4478 4712 4847 5908 6553 6617 7109 7117]",0.3509618161271406
"[ 266  377  544  607  629  737  764 1038 1102 1236 1265 1602 1681 1807
 1973 2098 2140 2221 2389 2472 2514 2665 2718 2780 2893 3162 3241 3352
 3364 3728 3746 4070 4078 4276 4573 4624 5977 6411 6688 7049]",0.3364834327814783
"[ 404  463  526  627  732  894  972 1027 1192 1465 1594 1907 1926 1942
 2108 2292 2587 2612 2638 2744 3019 3140 3221 3313 3603 3632 3784 3794
 3801 4024 4205 4366 4624 4850 5486 5978 6410 6680 6973 7051]",0.325767647812342
"[ 462  592  694  812 1034 1116 1266 1309 1613 1673 1800 1856 2181 2230
 2259 2286 2364 2591 2694 2826 2954 3009 3138 3374 3431 3636 3652 3739
 3746 4000 4087 4132 4292 5187 5975 6549 6753 7052 7250 7400]",0.35775171292110697
"[ 248  557  608  668  831 1126 1159 1169 1179 1331 1674 1835 2084 2091
 2181 2214 2315 2574 2661 2683 2693 3077 3164 3212 3369 3598 3647 3711
 3867 3876 4061 4216 4480 4512 4521 6196 6472 6838 6971 7332]",0.33428300036444736
"[ 382  533  558  620  876  895 1121 1172 1256 1444 1462 1689 2026 2068
 2180 2222 2258 2301 2601 2661 2760 2785 3007 3175 3357 3520 3654 3674
 3705 3859 4023 4366 4409 4712 5630 5903 6474 6625 7108 7400]",0.34082338998580075
"[ 309  474  602  696  876  895 1115 1237 1464 1548 1584 1928 1969 2025
 2085 2118 2362 2447 2496 2670 2830 2857 3017 3078 3312 3350 3462 3512
 3645 3883 4008 4015 4277 4480 4503 5905 6468 6618 7193 7256]",0.34355152598574173
"[ 455  537  621  773  951 1032 1112 1121 1442 1543 1837 1857 2020 2043
 2100 2224 2336 2638 2659 2813 2864 2900 3137 3309 3369 3429 3533 3730
 3909 3925 3955 4059 4219 4923 5338 6047 6617 6767 7039 7401]",0.33772973474799917
"[ 668  680  695  972 1089 1309 1318 1335 1540 1811 1834 1859 1942 2253
 2304 2313 2402 2429 2734 2868 2896 3067 3167 3229 3364 3569 3604 3663
 3844 3941 4075 4096 4353 5265 5977 6198 6471 6691 7111 7401]",0.3417747929074806
"[ 339  730  742  832 1104 1123 1230 1310 1394 1692 1816 1875 1925 2153
 2180 2190 2447 2498 2826 2935 3027 3090 3365 3520 3566 3674 3697 3795
 3951 4133 4212 4296 4644 6045 6265 6540 6760 6909 7109 7401]",0.34177757061056474
"[ 385  448  549 1018 1028 1036 1050 1398 1675 1762 1806 1937 2109 2167
 2353 2472 2502 2527 2727 2877 3077 3298 3381 3558 3575 3812 3819 3944
 4071 4135 4222 4482 4642 5203 6116 6194 6615 6909 7109 7259]",0.34631130883247546
"[ 390  454  630  694  874  900 1168 1175 1334 1442 1468 1746 1928 2042
 2120 2290 2304 2566 2692 2737 2868 3034 3066 3286 3299 3306 3464 3577
 3708 3812 4055 4085 4145 4205 4575 5192 6119 6616 6911 7109]",0.3457444431903475
"[ 199  390  521  631  688 1053 1088 1179 1238 1543 1677 1734 1786 1795
 2096 2116 2175 2291 2425 2582 2593 2829 2858 3106 3148 3156 3354 3381
 3586 3650 3877 3915 3995 4026 4292 4569 5987 6263 6835 7040]",0.32574856405971914
"[ 473  532  701  713  731  764 1101 1179 1373 1477 1595 1676 1716 1978
 2091 2113 2293 2315 2589 2689 2785 3077 3097 3228 3352 3588 3723 3745
 3848 4018 4072 4222 4779 5405 6048 6617 6695 6967 7191 7397]",0.35223882632037196
"[ 384  557  690  706  751  806  870 1168 1187 1340 1537 1601 1661 1929
 2032 2115 2232 2425 2508 2688 2803 3103 3137 3150 3238 3650 3711 3730
 3816 4071 4132 4220 4298 4407 5132 6260 6680 6905 7040 7400]",0.3266739707707022
"[ 197  320  521  544  670  767  962 1161 1335 1395 1455 1887 1929 2091
 2151 2185 2247 2593 2639 2652 2831 3013 3096 3146 3208 3516 3641 3719
 3771 4014 4024 4218 4353 4411 4831 6049 6471 6485 7041 7052]",0.33439891402249544
"[ 458  522  755  766  960 1259 1373 1409 1428 1457 1818 1998 2014 2118
 2148 2180 2305 2479 2579 2714 2757 2949 3027 3223 3282 3449 3642 3722
 4024 4133 4230 4503 4635 5456 5554 6117 6266 6760 7123 7324]",0.32061637510488394
"[ 403  412  456  677  897 1090 1169 1192 1389 1716 1805 1824 1836 2025
 2151 2211 2403 2537 2599 2651 2658 2693 2781 3105 3352 3359 3375 3510
 3740 3873 4136 4150 4638 5060 5087 5978 6469 6623 7120 7323]",0.30386324957003047
"[ 316  550  664  900  913  956  964 1231 1458 1621 1756 1806 1941 2027
 2069 2105 2304 2328 2505 2654 2666 2764 2923 3015 3263 3283 3290 3518
 3650 3740 3852 4122 4288 4367 4482 4782 6257 6617 6908 7256]",0.348290508579218
"[ 308  553  810  824  831 1124 1243 1558 1609 1691 1743 1802 1866 1927
 2162 2194 2319 2397 2432 2495 2667 2688 2799 2932 2995 3308 3364 3638
 3691 3812 3862 4014 4431 5193 5905 6622 6757 7107 7266 7330]",0.3332188398047071
"[ 454  692  874 1024 1108 1371 1543 1674 1763 1866 1878 2034 2259 2355
 2375 2439 2527 2679 2716 2831 3013 3100 3235 3288 3393 3558 3650 3812
 3853 3940 4144 4266 4504 4698 6054 6257 6693 7276 7323 7330]",0.31579099817716455
"[ 378  528  549  772  824  876 1099 1256 1405 1443 1812 1938 1945 2043
 2105 2142 2264 2586 2648 2754 2780 2811 3008 3175 3232 3354 3597 3787
 3796 3846 4156 4553 4571 5335 5784 6189 6371 6621 6825 7260]",0.3152191376496886
"[ 198  306  545  598  608  768  804  958 1235 1320 1330 1408 1950 2099
 2111 2141 2190 2293 2519 2669 2690 2715 3085 3106 3342 3432 3591 3634
 3745 3865 3911 4205 4431 4443 5260 6190 6904 6911 7322 7401]",0.331752256617711
"[ 664  773  816  829 1120 1160 1251 1451 1601 1868 2037 2072 2116 2170
 2300 2364 2484 2637 2755 2796 2803 2885 3000 3175 3305 3435 3563 3783
 3812 3939 4003 4159 4205 4570 6119 6616 6907 7108 7398 7494]",0.3472860667572555
"[ 177  270  592  692  815  893 1054 1258 1314 1374 1608 1691 1717 1995
 2078 2085 2099 2180 2187 2578 2585 2689 2853 2950 3028 3076 3300 3391
 3568 3649 3660 3812 4134 4338 4716 5836 6482 6615 6981 7179]",0.3235513791596426
"[  29  378  482  677  688  779 1094 1121 1299 1320 1399 1454 1551 1589
 1787 1958 2042 2147 2164 2475 2497 2514 2718 2735 2813 3084 3305 3533
 3714 3726 3739 4061 4158 4292 4782 6117 6620 6840 7111 7331]",0.32508841185753123
"[ 391  410  525  545  823  947 1050 1244 1465 1512 1543 1662 2010 2022
 2145 2179 2187 2265 2646 2659 2764 2810 3077 3279 3310 3374 3650 3848
 3877 3999 4367 4501 5125 6047 6540 6548 6980 7145 7179 7401]",0.32796462873118215
"[ 525  532  621  892  981 1043 1090 1392 1593 1613 1621 1797 1889 2186
 2218 2232 2264 2310 2463 2508 2760 2875 2939 3067 3074 3104 3446 3564
 3648 3812 4017 4070 4081 4204 6049 6687 6787 6907 7322 7400]",0.36529889534995635
"[ 340  455  463  690  981 1090 1101 1185 1477 1535 1579 1812 2013 2047
 2102 2147 2252 2581 2612 2640 2659 2693 2950 3102 3281 3291 3515 3775
 4010 4024 4144 4205 4504 5621 6187 6759 6908 7107 7257 7406]",0.3544408003460167
"[ 248  334  380  772  952  960  969 1191 1279 1465 1593 1857 1896 1907
 2087 2097 2219 2395 2447 2474 2567 2814 3011 3066 3075 3377 3572 3721
 3884 4014 4140 4204 4362 4978 5027 5975 6745 6759 6908 7256]",0.3353861795896125
"[ 321  376  454  475  700  824  976 1018 1173 1546 1589 1610 1979 2098
 2105 2144 2185 2295 2373 2685 2764 2817 3019 3076 3154 3211 3533 3590
 3715 3723 4133 4157 4337 4643 4907 5846 5978 6911 6973 7250]",0.34915308223601205
"[ 449  456  483  895 1117 1170 1407 1462 1519 1583 1668 1755 2069 2101
 2231 2254 2403 2509 2644 2802 2886 3076 3368 3380 3422 3746 3867 4024
 4055 4140 4366 4621 4644 5416 6053 6545 6906 7241 7252 7401]",0.32139718426736424
"[ 451  458  474  748 1022 1050 1322 1672 1682 1690 1786 1807 1935 2284
 2300 2320 2402 2449 2577 2598 2763 3015 3071 3099 3293 3445 3594 3782
 3862 4024 4155 4406 4505 4709 5544 5975 6760 7052 7393 7471]",0.3395365439004824
"[ 451  695  819 1097 1114 1263 1392 1593 1613 1836 1930 2009 2096 2174
 2255 2333 2428 2516 2718 2824 2833 2995 3024 3153 3357 3535 3588 3647
 3669 3997 4077 4085 4132 4764 5836 6400 6765 6844 7108 7472]",0.3369909131564645
"[ 378  388  473  810  834 1037 1124 1171 1299 1327 1663 1692 1749 1954
 2076 2245 2328 2367 2445 2566 2625 2818 2825 2875 3080 3165 3212 3650
 3738 3800 4205 4291 5345 5729 6047 6197 6253 6684 6763 7185]",0.34343185833985085
"[ 387  649  732  766  894  901 1238 1534 1543 1668 1716 1802 1905 2175
 2254 2361 2373 2711 2756 2805 2869 3211 3308 3360 3368 3558 3708 3746
 3801 4077 4095 4211 4438 4480 5475 5896 6045 6760 7109 7122]",0.33721483841291555
"[ 264  381  459  770  820  834  881 1087 1390 1398 1665 1692 1787 1888
 1937 1966 2163 2264 2327 2572 2580 2594 2831 3067 3086 3104 3238 3364
 3670 3733 3782 3934 4130 4227 4430 4917 6047 6830 6911 7261]",0.3347393936403999
"[ 338  457  591  683  768 1030 1117 1165 1179 1610 1621 1786 1957 2040
 2085 2330 2599 2643 2732 2761 3034 3282 3292 3374 3456 3703 3714 3948
 4006 4048 4273 4573 4920 5336 5906 6341 6830 7123 7250 7400]",0.33061241162397725
"[ 249  734  741  767  901 1036 1281 1443 1540 1550 1739 1856 1864 2088
 2170 2252 2262 2294 2498 2587 2763 2789 2896 3020 3102 3220 3464 3515
 3705 3721 3740 3784 4216 4278 4436 5417 6261 6622 6827 7329]",0.3490707022223602
"[ 404  694  805  812  891 1044 1194 1300 1386 1539 1592 1692 1795 1929
 2038 2158 2191 2450 2457 2693 2714 3008 3028 3038 3089 3499 3662 3791
 3882 4042 4120 4133 4151 4573 5083 6188 6690 6825 7259 7459]",0.3273672859935306
"[  52  529  691  824  913 1160 1242 1262 1326 1604 1739 1762 1928 2013
 2112 2332 2360 2380 2390 2553 2638 2650 2871 3149 3231 3381 3417 3424
 3801 3863 4023 4068 4436 5835 6553 6831 7109 7123 7400 7440]",0.3452695061113463
"[ 340  529  544  659 1024 1104 1193 1256 1441 1717 1754 1761 1807 2011
 2032 2237 2328 2355 2534 2716 2735 2868 2904 3311 3353 3360 3515 3790
 3881 3919 4338 4575 4597 5904 6415 6479 6828 6860 6909 7472]",0.32666689001064997
"[ 548  557  593  742 1054 1089 1461 1475 1539 1807 1906 1927 2007 2027
 2255 2449 2575 2623 2639 2725 2945 3023 3313 3363 3424 3445 3605 3811
 3860 3924 4014 4436 4499 5345 5905 6399 6477 6970 6980 7400]",0.3350543999602581
"[ 530  557  591  891  975 1054 1235 1390 1732 1884 2002 2109 2122 2432
 2442 2602 2684 2695 2709 2877 3078 3168 3175 3208 3650 3663 3704 3713
 3955 4205 4291 4553 4779 5335 6119 6339 6830 7052 7180 7401]",0.32897226853599637
"[ 474  519  696  739  971 1035 1220 1331 1514 1523 1621 1678 2000 2153
 2182 2190 2246 2303 2496 2593 2856 2864 2903 3015 3028 3426 3434 3591
 3607 3671 3795 3843 3995 4336 4367 4502 6261 6554 6829 7121]",0.34892266461790516
"[ 476  593  744  870  977  984 1175 1306 1467 1479 1717 1797 1977 2095
 2109 2218 2300 2496 2649 2690 2742 2799 2806 3351 3375 3502 3509 3665
 4011 4075 4133 4308 4407 4645 5118 5201 5835 6830 6838 7471]",0.35225475363875436
"[ 378  623  668  819  900 1121 1230 1239 1388 1466 1620 1801 1958 2069
 2183 2305 2359 2438 2456 2474 2709 3008 3021 3103 3353 3381 3516 3558
 3650 4022 4138 4220 4558 4570 5336 5977 6554 6618 7122 7257]",0.3348232390640831
"[ 269  595  700  761  815  893 1121 1376 1391 1543 1622 1715 1724 1738
 2029 2232 2258 2322 2566 2575 2594 2764 2897 2996 3016 3025 3488 3577
 3592 3778 3812 3940 4145 4208 4486 4932 6049 6694 6755 7191]",0.32464320210257175
"[ 378  480  738  749  983 1171 1184 1306 1563 1693 1821 1880 1942 2212
 2265 2317 2449 2579 2625 2683 2855 2870 2948 3075 3241 3435 3494 3588
 3811 3893 3938 4073 4159 4206 4572 5834 6333 6827 6906 7328]",0.3242203118282389
"[ 377  406  629  670  948  973 1169 1370 1464 1475 1665 1857 2038 2045
 2078 2167 2229 2388 2424 2480 2648 2726 2877 2925 3027 3034 3147 3369
 3556 3731 3785 3812 4134 4436 4498 5977 6611 6689 7051 7255]",0.3315227052256769
"[ 248  338  520  684  834  885  912 1231 1322 1473 1523 1834 1867 1886
 2073 2088 2255 2336 2387 2504 2518 2880 2995 3005 3240 3366 3426 3517
 3534 3932 3954 4081 4425 4503 4703 5978 6482 6543 7038 7191]",0.3399211823698892
"[ 248  339  664  916  969 1031 1231 1330 1534 1786 1836 1882 1936 2158
 2254 2318 2381 2483 2638 2655 3003 3018 3107 3238 3420 3506 3660 3669
 4010 4119 4133 4645 5416 5904 5915 6101 6556 6618 7040 7049]",0.32605845694435365
"[ 404  412  599  877  891  905 1196 1253 1307 1442 1545 1600 1875 1999
 2010 2040 2102 2121 2306 2441 2542 2783 2803 3008 3098 3446 3463 3506
 3844 3937 3955 4016 4567 4574 5836 6333 6837 6968 7330 7504]",0.3432537284105455
"[ 337  523  815  902  983 1106 1232 1466 1548 1601 1736 1997 2032 2077
 2183 2264 2303 2570 2682 2797 2807 2959 3000 3450 3499 3558 3577 3672
 3726 4133 4290 4423 4900 5316 5976 6342 6469 6901 6980 7468]",0.33776137676982626
"[ 386  410  521  545  895  959  982 1046 1163 1544 1604 1737 1925 1976
 2078 2171 2253 2513 2544 2624 2637 2736 2998 3010 3432 3512 3520 3566
 3812 3996 4014 4060 4147 4480 4712 5334 6332 6339 6754 7189]",0.33767213651709826
"[ 527  589  830 1050 1165 1244 1371 1397 1735 1765 1815 1859 2041 2175
 2228 2290 2310 2551 2659 2710 2740 2754 2794 2960 3211 3238 3361 3746
 3774 3782 3867 4024 4212 4230 4409 4503 6259 6551 6969 7260]",0.3240535338005236
"[ 457  691  732  982 1022 1103 1463 1473 1514 1522 1764 1955 2034 2041
 2195 2214 2222 2603 2760 2789 2796 2874 2894 2923 3359 3414 3422 3592
 3605 3866 3922 4095 4144 4156 4434 5416 6117 6554 6829 7121]",0.3414878885754913
"[ 377  550  629  742  874 1048 1107 1304 1544 1601 1717 2034 2116 2153
 2162 2212 2407 2452 2742 2786 2873 3008 3136 3164 3439 3740 3783 3869
 4133 4144 4372 4391 4435 4554 5335 5834 6620 6896 6911 7403]",0.3264504816004604
"[ 389  403  522  764  913  967 1164 1243 1466 1474 1734 1764 1788 1796
 2096 2180 2285 2297 2475 2734 2782 2931 2939 3027 3280 3533 3586 3650
 3714 3811 4060 4085 4148 4409 4425 5837 6687 6908 7330 7394]",0.3615348304778282
"[ 333  376  460  483  820  830  881 1408 1451 1534 1541 1930 2088 2170
 2255 2294 2390 2497 2584 2615 2625 2996 3015 3147 3166 3635 3669 3717
 3804 3868 4030 4211 4433 4832 5192 6330 6416 6573 7049 7109]",0.32377877406159505
"[ 340  384  400  745  761  879  913 1107 1385 1401 1448 1763 2002 2096
 2182 2224 2403 2446 2574 2796 2810 2945 3146 3310 3351 3507 3658 3674
 3853 3952 4152 4779 5836 6553 6679 6882 6901 7123 7179 7471]",0.34442642144103724
"[ 458  522  617  771 1033 1306 1334 1370 1605 1684 1836 1930 1955 2082
 2232 2245 2252 2403 2432 2797 2834 2877 2925 3027 3075 3296 3586 3674
 3784 3948 4005 4276 4437 4500 4807 6049 6545 6695 7180 7330]",0.34667244355724347
"[ 248  404  525  839  886  970 1247 1447 1478 1745 1754 1858 2022 2084
 2118 2248 2288 2621 2637 2652 2881 2944 3113 3141 3150 3244 3651 3692
 3734 3783 3955 4133 4268 4291 4784 5405 6045 6621 6754 7191]",0.3280472789834006
"[ 340  740  750  759  840 1243 1332 1442 1622 1752 1812 1858 2089 2244
 2322 2329 2434 2496 2658 2759 3072 3089 3096 3292 3420 3794 3858 3884
 3913 4016 4135 4502 4779 5336 6329 6444 6679 7048 7183 7444]",0.3120683309859608
"[ 383  544  551  805  816  843 1107 1118 1308 1468 1602 1833 1962 2011
 2141 2163 2183 2513 2638 2647 2667 2819 2897 3083 3240 3358 3373 3533
 3650 3874 3928 3952 4134 4222 4484 5987 6117 6831 6980 7400]",0.3411593788639628
"[  46  269  388  765  819  874 1325 1381 1601 1659 1691 1825 1998 2019
 2078 2100 2188 2195 2510 2520 2537 2740 2763 2782 3016 3238 3293 3669
 3707 3786 3799 3819 3977 4167 4504 5481 6194 6686 7049 7250]",0.3281746050315154
"[ 305  403  528  554  898 1052 1161 1172 1538 1592 1602 1831 2083 2099
 2181 2284 2374 2406 2576 2595 2747 2828 2926 2936 3235 3297 3492 3500
 3674 3792 4084 4276 4434 4480 6048 6540 6690 7038 7187 7557]",0.34965208140610826
"[ 557  620  741  876  890 1193 1240 1256 1534 1661 1717 1739 1764 2099
 2112 2227 2284 2332 2520 2576 2608 2692 3022 3224 3279 3518 3719 3781
 3883 4086 4221 4482 4709 4891 5407 5979 6615 6910 7036 7330]",0.3349760043994664
"[ 410  451  536  885  967  986 1050 1230 1466 1525 1960 1977 2022 2253
 2285 2294 2622 2748 2798 2809 3140 3240 3362 3375 3745 3866 3951 4062
 4072 4367 4482 4573 4846 4979 5977 6416 6473 6894 6972 7332]",0.3179013284221199
"[ 334  451  630  741  750  971 1122 1234 1320 1383 1471 1803 1889 1977
 1997 2093 2217 2255 2371 2457 2546 2639 2695 2719 2731 2954 3218 3424
 3441 3603 3715 3768 3803 4278 4572 5908 6615 6837 7187 7393]",0.3438270202294013
"[ 485  598  691  876 1097 1107 1121 1298 1594 1601 1615 2049 2099 2249
 2300 2357 2449 2545 2599 2718 2869 3230 3288 3451 3637 3727 3811 3933
 4087 4133 4434 5189 5834 5875 6334 6834 7181 7217 7340 7401]",0.32830487092129146
"[ 193  589  763  771  812  964 1326 1380 1458 1515 1622 1716 1877 1900
 2027 2178 2213 2224 2331 2375 2765 2882 2923 2940 3290 3376 3561 3652
 3669 3929 4205 4368 4430 4565 5336 6114 6480 6685 7119 7467]",0.3355880671213952
"[ 523  533  695  955 1036 1185 1478 1531 1828 1858 1936 1944 1963 2093
 2188 2426 2458 2648 2656 2753 2836 2925 3020 3099 3146 3226 3658 3740
 3789 4501 4553 4635 5405 6046 6410 6539 6688 6908 7107 7330]",0.35224052279519297
"[ 247  412  690  744  894  910  948 1239 1326 1390 1622 1738 1866 1900
 2174 2284 2402 2516 2534 2554 2719 2824 3016 3080 3170 3425 3551 3574
 3586 3631 4077 4157 4344 4354 4715 4776 5192 6335 6685 7188]",0.3371577078524518
"[ 248  333  360  592  836 1034 1065 1095 1184 1336 1371 1614 1716 1736
 1820 1974 2008 2026 2303 2464 2567 2596 2756 2764 2787 2940 3096 3230
 3500 3706 3791 3802 4022 4498 6118 6197 6374 6687 6908 7322]",0.3193654207411827
"[ 177  382  413  473  744  763  876 1180 1238 1263 1729 1820 2040 2072
 2166 2189 2293 2318 2642 2766 2871 2900 3075 3312 3505 3518 3603 3704
 3854 4005 4022 4276 4366 4643 4762 6045 6692 7039 7052 7401]",0.3595122965537817
"[ 486  590  604  691  739  826  982 1309 1327 1391 1691 1880 1891 2071
 2081 2253 2332 2520 2528 2579 2638 2831 2869 3001 3028 3107 3439 3498
 3590 3951 3985 4141 4205 4290 4639 6116 6618 6767 7186 7336]",0.3471721950095898
"[ 316  451  763  812  984 1035 1234 1331 1456 1605 1830 1855 1865 1908
 2016 2026 2180 2448 2505 2568 2811 2818 2829 2941 3003 3138 3535 3587
 3639 3650 3740 4057 4155 4277 4504 6045 6550 6897 6982 7258]",0.3542418485148491
"[ 178  383  689  749  877  980 1377 1401 1463 1527 1787 1906 2031 2077
 2089 2251 2379 2439 2566 2624 2757 2875 2926 2954 3153 3178 3443 3641
 3663 3674 3861 3941 4061 4360 4691 5975 6680 6762 7040 7192]",0.3219514144703698
"[ 462  476  523  841  943 1045 1098 1249 1540 1599 1620 1799 1858 2118
 2166 2320 2359 2372 2596 2611 2637 2650 2946 2987 3219 3380 3558 3568
 3869 3931 3955 4120 4128 4505 4565 5062 5908 6614 6624 7328]",0.30729583784606496
"[ 319  339  616  809  887 1046 1053 1087 1252 1308 1566 1745 1761 1880
 1938 2001 2175 2324 2334 2578 2588 2639 2764 3152 3176 3214 3230 3309
 3633 3649 3741 3801 3997 4377 4431 5406 6258 6827 6840 7258]",0.3424740676512758
"[ 316  592  691  916 1094 1121 1247 1467 1512 1734 1787 1954 1974 2011
 2105 2288 2407 2520 2755 2857 2864 2952 3015 3452 3533 3636 3643 3726
 4159 4168 4210 4409 4573 4702 6011 6117 6618 7263 7396 7554]",0.3181998007956147
"[ 454  486  824  832  876  982 1242 1392 1514 1541 1664 1692 1814 2000
 2153 2185 2233 2460 2567 2683 2763 2864 3013 3099 3141 3502 3634 3653
 3664 3909 3955 4277 4363 4409 4427 6264 6539 6759 7119 7324]",0.3485538266416006
"[ 148  332  590  597  692  895 1053 1072 1092 1170 1442 1537 1953 1998
 2010 2033 2040 2118 2231 2571 2722 2831 2877 3154 3377 3422 3429 3936
 3954 4070 4202 4371 4572 5410 6258 6411 6830 7323 7330 7372]",0.3402102515114254
"[ 248  268  383  889  946 1050 1114 1237 1442 1529 1536 1716 1829 2025
 2190 2226 2245 2589 2639 2695 2827 2956 3004 3020 3497 3586 3593 3649
 4024 4132 4227 4505 4780 5640 5692 6262 6340 6759 7119 7251]",0.32847250692636965
"[ 337  448  597  833  840  963 1166 1329 1462 1689 1795 2069 2090 2097
 2260 2359 2367 2391 2588 2694 2827 3070 3077 3155 3171 3446 3491 3650
 3740 3924 4010 4344 4573 5978 6088 6544 6579 6905 7252 7472]",0.355479663916494
"[ 248  453  763  964 1054 1168 1255 1373 1546 1605 1651 1733 2100 2194
 2216 2256 2391 2436 2566 2658 2694 2964 3152 3239 3287 3512 3565 3741
 4074 4135 4230 4574 4706 5187 5974 6687 6804 6907 7108 7401]",0.3450366819249292
"[ 455  548  886  909 1226 1304 1326 1480 1599 1787 2020 2041 2098 2105
 2285 2292 2623 2659 2670 2824 2925 3075 3101 3230 3435 3451 3534 3782
 3812 3944 4122 4202 4364 5475 5987 6049 6469 6549 6967 7045]",0.32135199308896856
"[ 448  462  739  834 1155 1172 1255 1306 1480 1533 1800 1857 2025 2033
 2112 2147 2443 2482 2611 2643 2741 2939 3102 3136 3234 3795 3812 3855
 3947 4267 4565 4646 4831 5407 5977 6759 6823 6909 7309 7401]",0.3223748787984158
"[ 402  456  519  765  772  783  956 1035 1187 1233 1478 1602 1808 1858
 1937 2118 2157 2179 2239 2413 2504 2619 2671 2874 2963 3080 3377 3425
 3558 3741 3793 4134 4214 4366 4482 5977 6545 6552 7039 7120]",0.3469231544544103
"[ 264  462  595  763  796  983 1032 1233 1539 1600 1619 1734 1927 2099
 2149 2256 2371 2534 2623 2789 2811 2853 2872 3105 3305 3362 3383 3421
 3440 3784 3951 4080 4133 4573 6256 6616 6625 7106 7192 7327]",0.33660484610138014
"[ 380  689  747  773  876 1169 1189 1392 1481 1868 1928 1962 1969 2120
 2236 2427 2507 2671 2689 2734 2867 3066 3104 3144 3166 3535 3655 3783
 3812 3844 4205 4215 4646 4772 5334 5829 6544 6904 7322 7400]",0.3268644837278962
"[ 456  481  520  752  982 1168 1318 1325 1371 1477 1665 1857 2026 2042
 2082 2175 2266 2372 2502 2637 2662 2672 2688 2937 3234 3359 3422 3605
 3724 3856 3915 4084 4167 4216 4552 6116 6410 6760 7180 7330]",0.34984018223266017
"[ 483  595  746  895  978 1168 1328 1479 1589 1676 1788 2096 2118 2356
 2369 2393 2625 2660 2824 2880 2994 3004 3240 3444 3491 3506 3625 3736
 3744 3991 4081 4359 4889 5475 6048 6411 6617 6910 7184 7379]",0.3295448926887839
"[ 383  463  478  804  824  844  908 1096 1246 1330 1607 1727 1762 1876
 2038 2067 2166 2292 2329 2586 2637 2825 2929 2946 3008 3168 3351 3412
 3446 3646 3889 4024 4133 4289 5904 6253 6337 6911 7038 7260]",0.3410372494405138
"[ 380  458  616  712  772  876  955  976 1316 1537 1731 1762 2163 2173
 2184 2212 2337 2366 2660 2810 2832 3033 3070 3293 3307 3562 3674 3713
 3795 4024 4204 4217 4229 4409 5764 6263 6486 6829 6981 7259]",0.34176209470723734
"[ 249  412  544  666  892  975 1124 1395 1589 1743 1829 1930 2093 2175
 2220 2259 2299 2709 2716 2729 2738 2753 2762 3006 3098 3422 3447 3713
 3724 3739 4087 4134 4553 4573 5416 5475 6046 6694 6899 7191]",0.3485358199274359
"[ 526  620  714  748  842 1168 1399 1586 1604 1621 1925 2020 2225 2253
 2355 2384 2405 2625 2662 2683 2719 2726 3029 3069 3218 3235 3440 3559
 3740 3857 3940 4061 4351 4501 5977 6325 6548 7109 7265 7329]",0.33000807192236586
"[  53  485  548  592  672 1125 1252 1374 1401 1454 1785 1817 1875 1895
 1905 2166 2215 2225 2325 2599 2622 2799 2828 2853 2863 2948 3293 3353
 3445 3784 3805 3817 3939 4205 4358 4438 5977 6615 7120 7324]",0.338709160420337
"[ 248  552  590  616  810 1049 1183 1243 1300 1614 1674 1835 1860 2082
 2165 2172 2325 2514 2735 2759 2788 3027 3081 3356 3377 3577 3816 3951
 3987 4007 4014 4337 4645 4709 5336 5977 6469 6552 7121 7180]",0.3323341594576964
"[ 658  671  752  770  834 1019 1239 1323 1472 1586 1672 1864 1969 2209
 2260 2294 2308 2463 2514 2642 2826 2947 3008 3211 3394 3525 3582 3660
 3707 3717 4213 4227 4266 4275 4503 4917 6047 6543 6692 7190]",0.32874807156319263
"[ 409  589  670  754  769  904 1162 1242 1393 1546 1660 1865 1886 1896
 2161 2225 2246 2330 2502 2620 2637 2663 2954 3012 3073 3247 3453 3711
 3795 3802 3818 4022 4061 4210 4364 4409 6116 6695 6825 7190]",0.31844909081696293
"[ 101  402  592  741  764 1101 1265 1462 1514 1611 1735 1979 2100 2112
 2144 2446 2575 2689 2737 2924 3027 3074 3105 3225 3420 3571 3591 3655
 3812 4122 4202 4223 4645 4749 5962 6048 6754 6762 6773 7324]",0.3338299585600987
"[ 319  371  453  480  701  829  948 1030 1050 1469 1590 1604 1618 1810
 1857 2038 2100 2118 2220 2354 2376 2532 2582 2623 2859 2964 3088 3219
 3311 3721 3745 3919 3948 4339 4364 4425 5334 6616 7109 7119]",0.3526977766716128
"[ 270  592  620  814  980 1115 1179 1519 1686 1930 2012 2101 2108 2232
 2329 2663 2719 2742 2797 2828 2925 3239 3289 3368 3517 3563 3674 3857
 3864 3950 4411 4424 4504 5345 6188 6479 6739 6755 6979 7256]",0.34684755371228027
"[ 459  474  486  809  834 1039 1174 1196 1522 1541 1766 1817 1865 1928
 1943 2186 2235 2476 2513 2567 2574 2813 2874 3148 3281 3313 3440 3558
 3603 3660 3716 4024 4064 4222 4708 4715 6190 6762 6826 7261]",0.3442876947785195
"[ 193  388  521  537  905  952  959 1016 1125 1249 1666 1730 1759 1766
 2076 2097 2249 2369 2470 2567 2661 2739 2765 2928 3223 3240 3375 3673
 3714 3793 3844 4016 4365 4479 4498 6046 6616 6980 7179 7400]",0.319083059558174
"[ 318  663  692  823  956 1231 1263 1541 1605 1667 1925 1972 2084 2098
 2233 2250 2424 2647 2695 2803 2924 2958 3150 3355 3376 3511 3618 3787
 3812 3874 4007 4274 4307 4621 4645 5976 6267 6615 7049 7111]",0.3632083117214506
"[ 404  463  553  662  825  952 1121 1316 1374 1537 1619 1716 1944 2022
 2033 2186 2213 2264 2292 2590 2766 2781 2864 2882 3087 3312 3491 3502
 3517 3581 3746 3996 4085 4286 4435 5977 6616 6680 7047 7394]",0.3395031433795343
"[ 188  389  486  822  876  977 1100 1409 1461 1471 1590 1936 2109 2142
 2303 2330 2383 2435 2713 2762 2935 2942 2949 3100 3353 3431 3518 3581
 3745 3844 4019 4144 4206 4507 4783 5763 6547 6907 7109 7400]",0.35749406986014853
"[ 544  740  818  837  946 1109 1400 1595 1872 1906 1929 1955 1962 2112
 2150 2402 2447 2462 2495 2623 2648 2739 2939 2996 3145 3441 3451 3464
 3643 3704 3955 4011 4146 4414 5333 6196 6474 6766 7110 7330]",0.34564195903568173
"[ 248  378  550  630  755  877  886 1115 1320 1384 1513 1805 1819 1898
 1908 2150 2168 2258 2284 2584 2789 2804 3105 3224 3285 3305 3559 3721
 3817 4062 4071 4193 4223 4231 4714 5346 6481 6544 6975 7037]",0.3490161949461713
