iter,fitness,moved_station,old_cell,new_cell,layout,allowed_count
1,0.38150003398033927,3,3284,3214,"[2759 3017 4781 3214 1255 7184 1976 2720  812 6329 6688 1306  962 3590
 1051 6907 1376 1299 2591 3575 3079 2642 2656 2214 1878 3166 4076 2234
 3991  592 3741  340 1461 2112 3583 1749 2027 1616  690 2223]",1051
2,0.38214836443057143,30,3741,3881,"[2759 3017 4781 3214 1255 7184 1976 2720  812 6329 6688 1306  962 3590
 1051 6907 1376 1299 2591 3575 3079 2642 2656 2214 1878 3166 4076 2234
 3991  592 3881  340 1461 2112 3583 1749 2027 1616  690 2223]",1096
3,0.3813043551004737,22,2656,4502,"[2759 3017 4781 3214 1255 7184 1976 2720  812 6329 6688 1306  962 3590
 1051 6907 1376 1299 2591 3575 3079 2642 4502 2214 1878 3166 4076 2234
 3991  592 3881  340 1461 2112 3583 1749 2027 1616  690 2223]",1017
4,0.3830597493540859,25,3166,2655,"[2759 3017 4781 3214 1255 7184 1976 2720  812 6329 6688 1306  962 3590
 1051 6907 1376 1299 2591 3575 3079 2642 4502 2214 1878 2655 4076 2234
 3991  592 3881  340 1461 2112 3583 1749 2027 1616  690 2223]",1047
5,0.38412752764773916,26,4076,3239,"[2759 3017 4781 3214 1255 7184 1976 2720  812 6329 6688 1306  962 3590
 1051 6907 1376 1299 2591 3575 3079 2642 4502 2214 1878 2655 3239 2234
 3991  592 3881  340 1461 2112 3583 1749 2027 1616  690 2223]",1071
6,0.38588477621953626,5,7184,7111,"[2759 3017 4781 3214 1255 7111 1976 2720  812 6329 6688 1306  962 3590
 1051 6907 1376 1299 2591 3575 3079 2642 4502 2214 1878 2655 3239 2234
 3991  592 3881  340 1461 2112 3583 1749 2027 1616  690 2223]",1067
7,0.386596730710294,0,2759,4005,"[4005 3017 4781 3214 1255 7111 1976 2720  812 6329 6688 1306  962 3590
 1051 6907 1376 1299 2591 3575 3079 2642 4502 2214 1878 2655 3239 2234
 3991  592 3881  340 1461 2112 3583 1749 2027 1616  690 2223]",1100
8,0.3854916996354748,37,1616,7330,"[4005 3017 4781 3214 1255 7111 1976 2720  812 6329 6688 1306  962 3590
 1051 6907 1376 1299 2591 3575 3079 2642 4502 2214 1878 2655 3239 2234
 3991  592 3881  340 1461 2112 3583 1749 2027 7330  690 2223]",1092
9,0.38766557106771454,21,2642,1544,"[4005 3017 4781 3214 1255 7111 1976 2720  812 6329 6688 1306  962 3590
 1051 6907 1376 1299 2591 3575 3079 1544 4502 2214 1878 2655 3239 2234
 3991  592 3881  340 1461 2112 3583 1749 2027 7330  690 2223]",1102
10,0.3898155767042821,9,6329,5976,"[4005 3017 4781 3214 1255 7111 1976 2720  812 5976 6688 1306  962 3590
 1051 6907 1376 1299 2591 3575 3079 1544 4502 2214 1878 2655 3239 2234
 3991  592 3881  340 1461 2112 3583 1749 2027 7330  690 2223]",1146
11,0.3896097869835109,9,5976,6045,"[4005 3017 4781 3214 1255 7111 1976 2720  812 6045 6688 1306  962 3590
 1051 6907 1376 1299 2591 3575 3079 1544 4502 2214 1878 2655 3239 2234
 3991  592 3881  340 1461 2112 3583 1749 2027 7330  690 2223]",1146
12,0.39522714353284727,11,1306,2641,"[4005 3017 4781 3214 1255 7111 1976 2720  812 6045 6688 2641  962 3590
 1051 6907 1376 1299 2591 3575 3079 1544 4502 2214 1878 2655 3239 2234
 3991  592 3881  340 1461 2112 3583 1749 2027 7330  690 2223]",1072
13,0.39453487519952274,14,1051,910,"[4005 3017 4781 3214 1255 7111 1976 2720  812 6045 6688 2641  962 3590
  910 6907 1376 1299 2591 3575 3079 1544 4502 2214 1878 2655 3239 2234
 3991  592 3881  340 1461 2112 3583 1749 2027 7330  690 2223]",1094
14,0.39533442124985846,31,340,2247,"[4005 3017 4781 3214 1255 7111 1976 2720  812 6045 6688 2641  962 3590
  910 6907 1376 1299 2591 3575 3079 1544 4502 2214 1878 2655 3239 2234
 3991  592 3881 2247 1461 2112 3583 1749 2027 7330  690 2223]",1072
15,0.39812549278261394,2,4781,2471,"[4005 3017 2471 3214 1255 7111 1976 2720  812 6045 6688 2641  962 3590
  910 6907 1376 1299 2591 3575 3079 1544 4502 2214 1878 2655 3239 2234
 3991  592 3881 2247 1461 2112 3583 1749 2027 7330  690 2223]",1079
16,0.399551035288614,7,2720,2692,"[4005 3017 2471 3214 1255 7111 1976 2692  812 6045 6688 2641  962 3590
  910 6907 1376 1299 2591 3575 3079 1544 4502 2214 1878 2655 3239 2234
 3991  592 3881 2247 1461 2112 3583 1749 2027 7330  690 2223]",1027
17,0.39562758284535077,15,6907,2649,"[4005 3017 2471 3214 1255 7111 1976 2692  812 6045 6688 2641  962 3590
  910 2649 1376 1299 2591 3575 3079 1544 4502 2214 1878 2655 3239 2234
 3991  592 3881 2247 1461 2112 3583 1749 2027 7330  690 2223]",1004
18,0.3963170770219562,19,3575,3576,"[4005 3017 2471 3214 1255 7111 1976 2692  812 6045 6688 2641  962 3590
  910 2649 1376 1299 2591 3576 3079 1544 4502 2214 1878 2655 3239 2234
 3991  592 3881 2247 1461 2112 3583 1749 2027 7330  690 2223]",1024
19,0.39676793244226227,13,3590,3518,"[4005 3017 2471 3214 1255 7111 1976 2692  812 6045 6688 2641  962 3518
  910 2649 1376 1299 2591 3576 3079 1544 4502 2214 1878 2655 3239 2234
 3991  592 3881 2247 1461 2112 3583 1749 2027 7330  690 2223]",1021
20,0.39603480373467936,19,3576,3643,"[4005 3017 2471 3214 1255 7111 1976 2692  812 6045 6688 2641  962 3518
  910 2649 1376 1299 2591 3643 3079 1544 4502 2214 1878 2655 3239 2234
 3991  592 3881 2247 1461 2112 3583 1749 2027 7330  690 2223]",1029
21,0.39514612890249146,38,690,691,"[4005 3017 2471 3214 1255 7111 1976 2692  812 6045 6688 2641  962 3518
  910 2649 1376 1299 2591 3643 3079 1544 4502 2214 1878 2655 3239 2234
 3991  592 3881 2247 1461 2112 3583 1749 2027 7330  691 2223]",1062
22,0.3974389000258789,1,3017,3157,"[4005 3157 2471 3214 1255 7111 1976 2692  812 6045 6688 2641  962 3518
  910 2649 1376 1299 2591 3643 3079 1544 4502 2214 1878 2655 3239 2234
 3991  592 3881 2247 1461 2112 3583 1749 2027 7330  691 2223]",1021
23,0.3976601721584212,8,812,6908,"[4005 3157 2471 3214 1255 7111 1976 2692 6908 6045 6688 2641  962 3518
  910 2649 1376 1299 2591 3643 3079 1544 4502 2214 1878 2655 3239 2234
 3991  592 3881 2247 1461 2112 3583 1749 2027 7330  691 2223]",1050
24,0.40109806069534465,23,2214,812,"[4005 3157 2471 3214 1255 7111 1976 2692 6908 6045 6688 2641  962 3518
  910 2649 1376 1299 2591 3643 3079 1544 4502  812 1878 2655 3239 2234
 3991  592 3881 2247 1461 2112 3583 1749 2027 7330  691 2223]",1055
25,0.4070577394659607,34,3583,3579,"[4005 3157 2471 3214 1255 7111 1976 2692 6908 6045 6688 2641  962 3518
  910 2649 1376 1299 2591 3643 3079 1544 4502  812 1878 2655 3239 2234
 3991  592 3881 2247 1461 2112 3579 1749 2027 7330  691 2223]",1020
26,0.408031831120456,28,3991,4133,"[4005 3157 2471 3214 1255 7111 1976 2692 6908 6045 6688 2641  962 3518
  910 2649 1376 1299 2591 3643 3079 1544 4502  812 1878 2655 3239 2234
 4133  592 3881 2247 1461 2112 3579 1749 2027 7330  691 2223]",1102
27,0.40952912020474874,39,2223,2149,"[4005 3157 2471 3214 1255 7111 1976 2692 6908 6045 6688 2641  962 3518
  910 2649 1376 1299 2591 3643 3079 1544 4502  812 1878 2655 3239 2234
 4133  592 3881 2247 1461 2112 3579 1749 2027 7330  691 2149]",1062
28,0.40885395164903393,33,2112,2182,"[4005 3157 2471 3214 1255 7111 1976 2692 6908 6045 6688 2641  962 3518
  910 2649 1376 1299 2591 3643 3079 1544 4502  812 1878 2655 3239 2234
 4133  592 3881 2247 1461 2182 3579 1749 2027 7330  691 2149]",1004
29,0.41037376812605425,14,910,1050,"[4005 3157 2471 3214 1255 7111 1976 2692 6908 6045 6688 2641  962 3518
 1050 2649 1376 1299 2591 3643 3079 1544 4502  812 1878 2655 3239 2234
 4133  592 3881 2247 1461 2182 3579 1749 2027 7330  691 2149]",1060
30,0.41111416008643076,15,2649,1927,"[4005 3157 2471 3214 1255 7111 1976 2692 6908 6045 6688 2641  962 3518
 1050 1927 1376 1299 2591 3643 3079 1544 4502  812 1878 2655 3239 2234
 4133  592 3881 2247 1461 2182 3579 1749 2027 7330  691 2149]",1028
31,0.4096730991117363,21,1544,1615,"[4005 3157 2471 3214 1255 7111 1976 2692 6908 6045 6688 2641  962 3518
 1050 1927 1376 1299 2591 3643 3079 1615 4502  812 1878 2655 3239 2234
 4133  592 3881 2247 1461 2182 3579 1749 2027 7330  691 2149]",997
32,0.40943559221453224,21,1615,1687,"[4005 3157 2471 3214 1255 7111 1976 2692 6908 6045 6688 2641  962 3518
 1050 1927 1376 1299 2591 3643 3079 1687 4502  812 1878 2655 3239 2234
 4133  592 3881 2247 1461 2182 3579 1749 2027 7330  691 2149]",997
33,0.4104169539084948,39,2149,2220,"[4005 3157 2471 3214 1255 7111 1976 2692 6908 6045 6688 2641  962 3518
 1050 1927 1376 1299 2591 3643 3079 1687 4502  812 1878 2655 3239 2234
 4133  592 3881 2247 1461 2182 3579 1749 2027 7330  691 2220]",1048
34,0.4109526930042948,33,2182,2112,"[4005 3157 2471 3214 1255 7111 1976 2692 6908 6045 6688 2641  962 3518
 1050 1927 1376 1299 2591 3643 3079 1687 4502  812 1878 2655 3239 2234
 4133  592 3881 2247 1461 2112 3579 1749 2027 7330  691 2220]",981
35,0.4100150993058539,32,1461,4082,"[4005 3157 2471 3214 1255 7111 1976 2692 6908 6045 6688 2641  962 3518
 1050 1927 1376 1299 2591 3643 3079 1687 4502  812 1878 2655 3239 2234
 4133  592 3881 2247 4082 2112 3579 1749 2027 7330  691 2220]",997
36,0.4094558119887108,13,3518,3590,"[4005 3157 2471 3214 1255 7111 1976 2692 6908 6045 6688 2641  962 3590
 1050 1927 1376 1299 2591 3643 3079 1687 4502  812 1878 2655 3239 2234
 4133  592 3881 2247 4082 2112 3579 1749 2027 7330  691 2220]",974
37,0.41315826788604704,27,2234,771,"[4005 3157 2471 3214 1255 7111 1976 2692 6908 6045 6688 2641  962 3590
 1050 1927 1376 1299 2591 3643 3079 1687 4502  812 1878 2655 3239  771
 4133  592 3881 2247 4082 2112 3579 1749 2027 7330  691 2220]",952
38,0.4069735402070975,33,2112,1389,"[4005 3157 2471 3214 1255 7111 1976 2692 6908 6045 6688 2641  962 3590
 1050 1927 1376 1299 2591 3643 3079 1687 4502  812 1878 2655 3239  771
 4133  592 3881 2247 4082 1389 3579 1749 2027 7330  691 2220]",911
39,0.4097972217767284,37,7330,2111,"[4005 3157 2471 3214 1255 7111 1976 2692 6908 6045 6688 2641  962 3590
 1050 1927 1376 1299 2591 3643 3079 1687 4502  812 1878 2655 3239  771
 4133  592 3881 2247 4082 1389 3579 1749 2027 2111  691 2220]",910
40,0.41244172885027147,24,1878,7330,"[4005 3157 2471 3214 1255 7111 1976 2692 6908 6045 6688 2641  962 3590
 1050 1927 1376 1299 2591 3643 3079 1687 4502  812 7330 2655 3239  771
 4133  592 3881 2247 4082 1389 3579 1749 2027 2111  691 2220]",963
41,0.41296689397133857,13,3590,3518,"[4005 3157 2471 3214 1255 7111 1976 2692 6908 6045 6688 2641  962 3518
 1050 1927 1376 1299 2591 3643 3079 1687 4502  812 7330 2655 3239  771
 4133  592 3881 2247 4082 1389 3579 1749 2027 2111  691 2220]",967
42,0.41281131876575483,19,3643,3784,"[4005 3157 2471 3214 1255 7111 1976 2692 6908 6045 6688 2641  962 3518
 1050 1927 1376 1299 2591 3784 3079 1687 4502  812 7330 2655 3239  771
 4133  592 3881 2247 4082 1389 3579 1749 2027 2111  691 2220]",974
43,0.4093580448178119,8,6908,6552,"[4005 3157 2471 3214 1255 7111 1976 2692 6552 6045 6688 2641  962 3518
 1050 1927 1376 1299 2591 3784 3079 1687 4502  812 7330 2655 3239  771
 4133  592 3881 2247 4082 1389 3579 1749 2027 2111  691 2220]",982
44,0.4110230653271073,21,1687,1544,"[4005 3157 2471 3214 1255 7111 1976 2692 6552 6045 6688 2641  962 3518
 1050 1927 1376 1299 2591 3784 3079 1544 4502  812 7330 2655 3239  771
 4133  592 3881 2247 4082 1389 3579 1749 2027 2111  691 2220]",938
45,0.4113692189724472,28,4133,6980,"[4005 3157 2471 3214 1255 7111 1976 2692 6552 6045 6688 2641  962 3518
 1050 1927 1376 1299 2591 3784 3079 1544 4502  812 7330 2655 3239  771
 6980  592 3881 2247 4082 1389 3579 1749 2027 2111  691 2220]",1004
46,0.4112315812335293,21,1544,1546,"[4005 3157 2471 3214 1255 7111 1976 2692 6552 6045 6688 2641  962 3518
 1050 1927 1376 1299 2591 3784 3079 1546 4502  812 7330 2655 3239  771
 6980  592 3881 2247 4082 1389 3579 1749 2027 2111  691 2220]",1004
47,0.40927323591475956,24,7330,4204,"[4005 3157 2471 3214 1255 7111 1976 2692 6552 6045 6688 2641  962 3518
 1050 1927 1376 1299 2591 3784 3079 1546 4502  812 4204 2655 3239  771
 6980  592 3881 2247 4082 1389 3579 1749 2027 2111  691 2220]",996
48,0.40882805474065054,37,2111,2182,"[4005 3157 2471 3214 1255 7111 1976 2692 6552 6045 6688 2641  962 3518
 1050 1927 1376 1299 2591 3784 3079 1546 4502  812 4204 2655 3239  771
 6980  592 3881 2247 4082 1389 3579 1749 2027 2182  691 2220]",916
49,0.40879079590881306,29,592,661,"[4005 3157 2471 3214 1255 7111 1976 2692 6552 6045 6688 2641  962 3518
 1050 1927 1376 1299 2591 3784 3079 1546 4502  812 4204 2655 3239  771
 6980  661 3881 2247 4082 1389 3579 1749 2027 2182  691 2220]",978
50,0.4091272037845687,30,3881,7330,"[4005 3157 2471 3214 1255 7111 1976 2692 6552 6045 6688 2641  962 3518
 1050 1927 1376 1299 2591 3784 3079 1546 4502  812 4204 2655 3239  771
 6980  661 7330 2247 4082 1389 3579 1749 2027 2182  691 2220]",993
51,0.41148553819582456,8,6552,3740,"[4005 3157 2471 3214 1255 7111 1976 2692 3740 6045 6688 2641  962 3518
 1050 1927 1376 1299 2591 3784 3079 1546 4502  812 4204 2655 3239  771
 6980  661 7330 2247 4082 1389 3579 1749 2027 2182  691 2220]",1019
52,0.41088180208253966,6,1976,2048,"[4005 3157 2471 3214 1255 7111 2048 2692 3740 6045 6688 2641  962 3518
 1050 1927 1376 1299 2591 3784 3079 1546 4502  812 4204 2655 3239  771
 6980  661 7330 2247 4082 1389 3579 1749 2027 2182  691 2220]",974
53,0.41198034319214694,4,1255,1042,"[4005 3157 2471 3214 1042 7111 2048 2692 3740 6045 6688 2641  962 3518
 1050 1927 1376 1299 2591 3784 3079 1546 4502  812 4204 2655 3239  771
 6980  661 7330 2247 4082 1389 3579 1749 2027 2182  691 2220]",965
54,0.413449445304504,10,6688,6617,"[4005 3157 2471 3214 1042 7111 2048 2692 3740 6045 6617 2641  962 3518
 1050 1927 1376 1299 2591 3784 3079 1546 4502  812 4204 2655 3239  771
 6980  661 7330 2247 4082 1389 3579 1749 2027 2182  691 2220]",981
55,0.41239209629271534,8,3740,3811,"[4005 3157 2471 3214 1042 7111 2048 2692 3811 6045 6617 2641  962 3518
 1050 1927 1376 1299 2591 3784 3079 1546 4502  812 4204 2655 3239  771
 6980  661 7330 2247 4082 1389 3579 1749 2027 2182  691 2220]",1006
56,0.4108141624523128,13,3518,3446,"[4005 3157 2471 3214 1042 7111 2048 2692 3811 6045 6617 2641  962 3446
 1050 1927 1376 1299 2591 3784 3079 1546 4502  812 4204 2655 3239  771
 6980  661 7330 2247 4082 1389 3579 1749 2027 2182  691 2220]",946
57,0.41131790334863255,6,2048,1976,"[4005 3157 2471 3214 1042 7111 1976 2692 3811 6045 6617 2641  962 3446
 1050 1927 1376 1299 2591 3784 3079 1546 4502  812 4204 2655 3239  771
 6980  661 7330 2247 4082 1389 3579 1749 2027 2182  691 2220]",961
58,0.4113677339661913,18,2591,2661,"[4005 3157 2471 3214 1042 7111 1976 2692 3811 6045 6617 2641  962 3446
 1050 1927 1376 1299 2661 3784 3079 1546 4502  812 4204 2655 3239  771
 6980  661 7330 2247 4082 1389 3579 1749 2027 2182  691 2220]",974
59,0.41274947330075107,38,691,621,"[4005 3157 2471 3214 1042 7111 1976 2692 3811 6045 6617 2641  962 3446
 1050 1927 1376 1299 2661 3784 3079 1546 4502  812 4204 2655 3239  771
 6980  661 7330 2247 4082 1389 3579 1749 2027 2182  621 2220]",978
60,0.412613749338392,6,1976,1977,"[4005 3157 2471 3214 1042 7111 1977 2692 3811 6045 6617 2641  962 3446
 1050 1927 1376 1299 2661 3784 3079 1546 4502  812 4204 2655 3239  771
 6980  661 7330 2247 4082 1389 3579 1749 2027 2182  621 2220]",962
61,0.4107362125005426,5,7111,7040,"[4005 3157 2471 3214 1042 7040 1977 2692 3811 6045 6617 2641  962 3446
 1050 1927 1376 1299 2661 3784 3079 1546 4502  812 4204 2655 3239  771
 6980  661 7330 2247 4082 1389 3579 1749 2027 2182  621 2220]",968
62,0.41265731860608895,0,4005,2160,"[2160 3157 2471 3214 1042 7040 1977 2692 3811 6045 6617 2641  962 3446
 1050 1927 1376 1299 2661 3784 3079 1546 4502  812 4204 2655 3239  771
 6980  661 7330 2247 4082 1389 3579 1749 2027 2182  621 2220]",931
63,0.41263371913718067,15,1927,1856,"[2160 3157 2471 3214 1042 7040 1977 2692 3811 6045 6617 2641  962 3446
 1050 1856 1376 1299 2661 3784 3079 1546 4502  812 4204 2655 3239  771
 6980  661 7330 2247 4082 1389 3579 1749 2027 2182  621 2220]",925
64,0.4133891732541466,8,3811,3883,"[2160 3157 2471 3214 1042 7040 1977 2692 3883 6045 6617 2641  962 3446
 1050 1856 1376 1299 2661 3784 3079 1546 4502  812 4204 2655 3239  771
 6980  661 7330 2247 4082 1389 3579 1749 2027 2182  621 2220]",964
65,0.41188193603062695,39,2220,2218,"[2160 3157 2471 3214 1042 7040 1977 2692 3883 6045 6617 2641  962 3446
 1050 1856 1376 1299 2661 3784 3079 1546 4502  812 4204 2655 3239  771
 6980  661 7330 2247 4082 1389 3579 1749 2027 2182  621 2218]",942
66,0.4114138941204454,24,4204,2507,"[2160 3157 2471 3214 1042 7040 1977 2692 3883 6045 6617 2641  962 3446
 1050 1856 1376 1299 2661 3784 3079 1546 4502  812 2507 2655 3239  771
 6980  661 7330 2247 4082 1389 3579 1749 2027 2182  621 2218]",976
67,0.4122739558062958,27,771,4276,"[2160 3157 2471 3214 1042 7040 1977 2692 3883 6045 6617 2641  962 3446
 1050 1856 1376 1299 2661 3784 3079 1546 4502  812 2507 2655 3239 4276
 6980  661 7330 2247 4082 1389 3579 1749 2027 2182  621 2218]",997
68,0.41182662339912923,29,661,734,"[2160 3157 2471 3214 1042 7040 1977 2692 3883 6045 6617 2641  962 3446
 1050 1856 1376 1299 2661 3784 3079 1546 4502  812 2507 2655 3239 4276
 6980  734 7330 2247 4082 1389 3579 1749 2027 2182  621 2218]",981
69,0.40874108130684583,1,3157,3087,"[2160 3087 2471 3214 1042 7040 1977 2692 3883 6045 6617 2641  962 3446
 1050 1856 1376 1299 2661 3784 3079 1546 4502  812 2507 2655 3239 4276
 6980  734 7330 2247 4082 1389 3579 1749 2027 2182  621 2218]",928
70,0.41125052217284086,35,1749,1678,"[2160 3087 2471 3214 1042 7040 1977 2692 3883 6045 6617 2641  962 3446
 1050 1856 1376 1299 2661 3784 3079 1546 4502  812 2507 2655 3239 4276
 6980  734 7330 2247 4082 1389 3579 1678 2027 2182  621 2218]",948
71,0.4111005708633985,24,2507,2578,"[2160 3087 2471 3214 1042 7040 1977 2692 3883 6045 6617 2641  962 3446
 1050 1856 1376 1299 2661 3784 3079 1546 4502  812 2578 2655 3239 4276
 6980  734 7330 2247 4082 1389 3579 1678 2027 2182  621 2218]",939
72,0.41007846512686275,2,2471,2684,"[2160 3087 2684 3214 1042 7040 1977 2692 3883 6045 6617 2641  962 3446
 1050 1856 1376 1299 2661 3784 3079 1546 4502  812 2578 2655 3239 4276
 6980  734 7330 2247 4082 1389 3579 1678 2027 2182  621 2218]",962
73,0.4100599088506177,7,2692,2693,"[2160 3087 2684 3214 1042 7040 1977 2693 3883 6045 6617 2641  962 3446
 1050 1856 1376 1299 2661 3784 3079 1546 4502  812 2578 2655 3239 4276
 6980  734 7330 2247 4082 1389 3579 1678 2027 2182  621 2218]",957
74,0.4067068253479258,38,621,618,"[2160 3087 2684 3214 1042 7040 1977 2693 3883 6045 6617 2641  962 3446
 1050 1856 1376 1299 2661 3784 3079 1546 4502  812 2578 2655 3239 4276
 6980  734 7330 2247 4082 1389 3579 1678 2027 2182  618 2218]",957
75,0.40610204063048083,29,734,804,"[2160 3087 2684 3214 1042 7040 1977 2693 3883 6045 6617 2641  962 3446
 1050 1856 1376 1299 2661 3784 3079 1546 4502  812 2578 2655 3239 4276
 6980  804 7330 2247 4082 1389 3579 1678 2027 2182  618 2218]",957
76,0.4070488588890772,9,6045,6118,"[2160 3087 2684 3214 1042 7040 1977 2693 3883 6118 6617 2641  962 3446
 1050 1856 1376 1299 2661 3784 3079 1546 4502  812 2578 2655 3239 4276
 6980  804 7330 2247 4082 1389 3579 1678 2027 2182  618 2218]",975
77,0.40736872756434034,39,2218,2148,"[2160 3087 2684 3214 1042 7040 1977 2693 3883 6118 6617 2641  962 3446
 1050 1856 1376 1299 2661 3784 3079 1546 4502  812 2578 2655 3239 4276
 6980  804 7330 2247 4082 1389 3579 1678 2027 2182  618 2148]",940
78,0.4077842023441214,21,1546,1545,"[2160 3087 2684 3214 1042 7040 1977 2693 3883 6118 6617 2641  962 3446
 1050 1856 1376 1299 2661 3784 3079 1545 4502  812 2578 2655 3239 4276
 6980  804 7330 2247 4082 1389 3579 1678 2027 2182  618 2148]",930
79,0.4077258144609948,15,1856,1927,"[2160 3087 2684 3214 1042 7040 1977 2693 3883 6118 6617 2641  962 3446
 1050 1927 1376 1299 2661 3784 3079 1545 4502  812 2578 2655 3239 4276
 6980  804 7330 2247 4082 1389 3579 1678 2027 2182  618 2148]",941
80,0.4109642892166454,20,3079,3220,"[2160 3087 2684 3214 1042 7040 1977 2693 3883 6118 6617 2641  962 3446
 1050 1927 1376 1299 2661 3784 3220 1545 4502  812 2578 2655 3239 4276
 6980  804 7330 2247 4082 1389 3579 1678 2027 2182  618 2148]",903
81,0.41030631427787045,0,2160,1877,"[1877 3087 2684 3214 1042 7040 1977 2693 3883 6118 6617 2641  962 3446
 1050 1927 1376 1299 2661 3784 3220 1545 4502  812 2578 2655 3239 4276
 6980  804 7330 2247 4082 1389 3579 1678 2027 2182  618 2148]",953
82,0.41378599751649736,17,1299,380,"[1877 3087 2684 3214 1042 7040 1977 2693 3883 6118 6617 2641  962 3446
 1050 1927 1376  380 2661 3784 3220 1545 4502  812 2578 2655 3239 4276
 6980  804 7330 2247 4082 1389 3579 1678 2027 2182  618 2148]",906
83,0.4125038384852995,20,3220,3151,"[1877 3087 2684 3214 1042 7040 1977 2693 3883 6118 6617 2641  962 3446
 1050 1927 1376  380 2661 3784 3151 1545 4502  812 2578 2655 3239 4276
 6980  804 7330 2247 4082 1389 3579 1678 2027 2182  618 2148]",889
84,0.41186279617576693,18,2661,2662,"[1877 3087 2684 3214 1042 7040 1977 2693 3883 6118 6617 2641  962 3446
 1050 1927 1376  380 2662 3784 3151 1545 4502  812 2578 2655 3239 4276
 6980  804 7330 2247 4082 1389 3579 1678 2027 2182  618 2148]",913
85,0.4120635416462938,24,2578,2507,"[1877 3087 2684 3214 1042 7040 1977 2693 3883 6118 6617 2641  962 3446
 1050 1927 1376  380 2662 3784 3151 1545 4502  812 2507 2655 3239 4276
 6980  804 7330 2247 4082 1389 3579 1678 2027 2182  618 2148]",889
86,0.4120757144887716,2,2684,771,"[1877 3087  771 3214 1042 7040 1977 2693 3883 6118 6617 2641  962 3446
 1050 1927 1376  380 2662 3784 3151 1545 4502  812 2507 2655 3239 4276
 6980  804 7330 2247 4082 1389 3579 1678 2027 2182  618 2148]",944
87,0.41348403840605275,35,1678,2404,"[1877 3087  771 3214 1042 7040 1977 2693 3883 6118 6617 2641  962 3446
 1050 1927 1376  380 2662 3784 3151 1545 4502  812 2507 2655 3239 4276
 6980  804 7330 2247 4082 1389 3579 2404 2027 2182  618 2148]",918
88,0.4139604056247562,0,1877,1538,"[1538 3087  771 3214 1042 7040 1977 2693 3883 6118 6617 2641  962 3446
 1050 1927 1376  380 2662 3784 3151 1545 4502  812 2507 2655 3239 4276
 6980  804 7330 2247 4082 1389 3579 2404 2027 2182  618 2148]",957
89,0.41468294521528926,18,2662,2520,"[1538 3087  771 3214 1042 7040 1977 2693 3883 6118 6617 2641  962 3446
 1050 1927 1376  380 2520 3784 3151 1545 4502  812 2507 2655 3239 4276
 6980  804 7330 2247 4082 1389 3579 2404 2027 2182  618 2148]",975
90,0.4142494983486109,29,804,2090,"[1538 3087  771 3214 1042 7040 1977 2693 3883 6118 6617 2641  962 3446
 1050 1927 1376  380 2520 3784 3151 1545 4502  812 2507 2655 3239 4276
 6980 2090 7330 2247 4082 1389 3579 2404 2027 2182  618 2148]",970
91,0.41505410951053334,18,2520,2661,"[1538 3087  771 3214 1042 7040 1977 2693 3883 6118 6617 2641  962 3446
 1050 1927 1376  380 2661 3784 3151 1545 4502  812 2507 2655 3239 4276
 6980 2090 7330 2247 4082 1389 3579 2404 2027 2182  618 2148]",948
92,0.4138238683994988,26,3239,3310,"[1538 3087  771 3214 1042 7040 1977 2693 3883 6118 6617 2641  962 3446
 1050 1927 1376  380 2661 3784 3151 1545 4502  812 2507 2655 3310 4276
 6980 2090 7330 2247 4082 1389 3579 2404 2027 2182  618 2148]",990
93,0.41470455637415793,31,2247,947,"[1538 3087  771 3214 1042 7040 1977 2693 3883 6118 6617 2641  962 3446
 1050 1927 1376  380 2661 3784 3151 1545 4502  812 2507 2655 3310 4276
 6980 2090 7330  947 4082 1389 3579 2404 2027 2182  618 2148]",970
94,0.41329906686793116,39,2148,3421,"[1538 3087  771 3214 1042 7040 1977 2693 3883 6118 6617 2641  962 3446
 1050 1927 1376  380 2661 3784 3151 1545 4502  812 2507 2655 3310 4276
 6980 2090 7330  947 4082 1389 3579 2404 2027 2182  618 3421]",973
95,0.41233057637960147,28,6980,6981,"[1538 3087  771 3214 1042 7040 1977 2693 3883 6118 6617 2641  962 3446
 1050 1927 1376  380 2661 3784 3151 1545 4502  812 2507 2655 3310 4276
 6981 2090 7330  947 4082 1389 3579 2404 2027 2182  618 3421]",961
96,0.4151542349069062,24,2507,2221,"[1538 3087  771 3214 1042 7040 1977 2693 3883 6118 6617 2641  962 3446
 1050 1927 1376  380 2661 3784 3151 1545 4502  812 2221 2655 3310 4276
 6981 2090 7330  947 4082 1389 3579 2404 2027 2182  618 3421]",963
97,0.41448075785935345,7,2693,2104,"[1538 3087  771 3214 1042 7040 1977 2104 3883 6118 6617 2641  962 3446
 1050 1927 1376  380 2661 3784 3151 1545 4502  812 2221 2655 3310 4276
 6981 2090 7330  947 4082 1389 3579 2404 2027 2182  618 3421]",928
98,0.4128405935156898,18,2661,2592,"[1538 3087  771 3214 1042 7040 1977 2104 3883 6118 6617 2641  962 3446
 1050 1927 1376  380 2592 3784 3151 1545 4502  812 2221 2655 3310 4276
 6981 2090 7330  947 4082 1389 3579 2404 2027 2182  618 3421]",931
99,0.4148983207937269,0,1538,1467,"[1467 3087  771 3214 1042 7040 1977 2104 3883 6118 6617 2641  962 3446
 1050 1927 1376  380 2592 3784 3151 1545 4502  812 2221 2655 3310 4276
 6981 2090 7330  947 4082 1389 3579 2404 2027 2182  618 3421]",905
100,0.41433055553995196,37,2182,2181,"[1467 3087  771 3214 1042 7040 1977 2104 3883 6118 6617 2641  962 3446
 1050 1927 1376  380 2592 3784 3151 1545 4502  812 2221 2655 3310 4276
 6981 2090 7330  947 4082 1389 3579 2404 2027 2181  618 3421]",938
101,0.4141258080362311,19,3784,3644,"[1467 3087  771 3214 1042 7040 1977 2104 3883 6118 6617 2641  962 3446
 1050 1927 1376  380 2592 3644 3151 1545 4502  812 2221 2655 3310 4276
 6981 2090 7330  947 4082 1389 3579 2404 2027 2181  618 3421]",939
102,0.4138198766983785,27,4276,4131,"[1467 3087  771 3214 1042 7040 1977 2104 3883 6118 6617 2641  962 3446
 1050 1927 1376  380 2592 3644 3151 1545 4502  812 2221 2655 3310 4131
 6981 2090 7330  947 4082 1389 3579 2404 2027 2181  618 3421]",1006
103,0.41313314450123445,9,6118,5976,"[1467 3087  771 3214 1042 7040 1977 2104 3883 5976 6617 2641  962 3446
 1050 1927 1376  380 2592 3644 3151 1545 4502  812 2221 2655 3310 4131
 6981 2090 7330  947 4082 1389 3579 2404 2027 2181  618 3421]",975
104,0.4140133575388442,14,1050,1049,"[1467 3087  771 3214 1042 7040 1977 2104 3883 5976 6617 2641  962 3446
 1049 1927 1376  380 2592 3644 3151 1545 4502  812 2221 2655 3310 4131
 6981 2090 7330  947 4082 1389 3579 2404 2027 2181  618 3421]",910
105,0.4158882970569072,5,7040,7111,"[1467 3087  771 3214 1042 7111 1977 2104 3883 5976 6617 2641  962 3446
 1049 1927 1376  380 2592 3644 3151 1545 4502  812 2221 2655 3310 4131
 6981 2090 7330  947 4082 1389 3579 2404 2027 2181  618 3421]",941
106,0.4176345301122025,1,3087,3016,"[1467 3016  771 3214 1042 7111 1977 2104 3883 5976 6617 2641  962 3446
 1049 1927 1376  380 2592 3644 3151 1545 4502  812 2221 2655 3310 4131
 6981 2090 7330  947 4082 1389 3579 2404 2027 2181  618 3421]",906
107,0.4178816927853363,34,3579,3721,"[1467 3016  771 3214 1042 7111 1977 2104 3883 5976 6617 2641  962 3446
 1049 1927 1376  380 2592 3644 3151 1545 4502  812 2221 2655 3310 4131
 6981 2090 7330  947 4082 1389 3721 2404 2027 2181  618 3421]",915
108,0.41814683595569285,23,812,884,"[1467 3016  771 3214 1042 7111 1977 2104 3883 5976 6617 2641  962 3446
 1049 1927 1376  380 2592 3644 3151 1545 4502  884 2221 2655 3310 4131
 6981 2090 7330  947 4082 1389 3721 2404 2027 2181  618 3421]",930
109,0.4163841991735481,14,1049,1120,"[1467 3016  771 3214 1042 7111 1977 2104 3883 5976 6617 2641  962 3446
 1120 1927 1376  380 2592 3644 3151 1545 4502  884 2221 2655 3310 4131
 6981 2090 7330  947 4082 1389 3721 2404 2027 2181  618 3421]",906
110,0.41507516608238054,21,1545,1758,"[1467 3016  771 3214 1042 7111 1977 2104 3883 5976 6617 2641  962 3446
 1120 1927 1376  380 2592 3644 3151 1758 4502  884 2221 2655 3310 4131
 6981 2090 7330  947 4082 1389 3721 2404 2027 2181  618 3421]",908
111,0.4163427604234715,14,1120,1263,"[1467 3016  771 3214 1042 7111 1977 2104 3883 5976 6617 2641  962 3446
 1263 1927 1376  380 2592 3644 3151 1758 4502  884 2221 2655 3310 4131
 6981 2090 7330  947 4082 1389 3721 2404 2027 2181  618 3421]",925
112,0.41455922713699855,5,7111,6967,"[1467 3016  771 3214 1042 6967 1977 2104 3883 5976 6617 2641  962 3446
 1263 1927 1376  380 2592 3644 3151 1758 4502  884 2221 2655 3310 4131
 6981 2090 7330  947 4082 1389 3721 2404 2027 2181  618 3421]",929
113,0.41581831780220535,37,2181,2254,"[1467 3016  771 3214 1042 6967 1977 2104 3883 5976 6617 2641  962 3446
 1263 1927 1376  380 2592 3644 3151 1758 4502  884 2221 2655 3310 4131
 6981 2090 7330  947 4082 1389 3721 2404 2027 2254  618 3421]",913
114,0.4166584911406419,19,3644,3784,"[1467 3016  771 3214 1042 6967 1977 2104 3883 5976 6617 2641  962 3446
 1263 1927 1376  380 2592 3784 3151 1758 4502  884 2221 2655 3310 4131
 6981 2090 7330  947 4082 1389 3721 2404 2027 2254  618 3421]",907
115,0.4169068424109337,11,2641,2496,"[1467 3016  771 3214 1042 6967 1977 2104 3883 5976 6617 2496  962 3446
 1263 1927 1376  380 2592 3784 3151 1758 4502  884 2221 2655 3310 4131
 6981 2090 7330  947 4082 1389 3721 2404 2027 2254  618 3421]",924
116,0.42052755300395106,38,618,763,"[1467 3016  771 3214 1042 6967 1977 2104 3883 5976 6617 2496  962 3446
 1263 1927 1376  380 2592 3784 3151 1758 4502  884 2221 2655 3310 4131
 6981 2090 7330  947 4082 1389 3721 2404 2027 2254  763 3421]",940
117,0.4192052629215627,29,2090,1805,"[1467 3016  771 3214 1042 6967 1977 2104 3883 5976 6617 2496  962 3446
 1263 1927 1376  380 2592 3784 3151 1758 4502  884 2221 2655 3310 4131
 6981 1805 7330  947 4082 1389 3721 2404 2027 2254  763 3421]",958
118,0.41907978009858204,19,3784,3854,"[1467 3016  771 3214 1042 6967 1977 2104 3883 5976 6617 2496  962 3446
 1263 1927 1376  380 2592 3854 3151 1758 4502  884 2221 2655 3310 4131
 6981 1805 7330  947 4082 1389 3721 2404 2027 2254  763 3421]",944
119,0.4192796968304128,4,1042,2764,"[1467 3016  771 3214 2764 6967 1977 2104 3883 5976 6617 2496  962 3446
 1263 1927 1376  380 2592 3854 3151 1758 4502  884 2221 2655 3310 4131
 6981 1805 7330  947 4082 1389 3721 2404 2027 2254  763 3421]",909
120,0.4224197635777619,28,6981,6907,"[1467 3016  771 3214 2764 6967 1977 2104 3883 5976 6617 2496  962 3446
 1263 1927 1376  380 2592 3854 3151 1758 4502  884 2221 2655 3310 4131
 6907 1805 7330  947 4082 1389 3721 2404 2027 2254  763 3421]",910
121,0.42152812678202034,37,2254,2182,"[1467 3016  771 3214 2764 6967 1977 2104 3883 5976 6617 2496  962 3446
 1263 1927 1376  380 2592 3854 3151 1758 4502  884 2221 2655 3310 4131
 6907 1805 7330  947 4082 1389 3721 2404 2027 2182  763 3421]",905
122,0.42060452197007286,22,4502,4504,"[1467 3016  771 3214 2764 6967 1977 2104 3883 5976 6617 2496  962 3446
 1263 1927 1376  380 2592 3854 3151 1758 4504  884 2221 2655 3310 4131
 6907 1805 7330  947 4082 1389 3721 2404 2027 2182  763 3421]",944
123,0.419920763910686,8,3883,3812,"[1467 3016  771 3214 2764 6967 1977 2104 3812 5976 6617 2496  962 3446
 1263 1927 1376  380 2592 3854 3151 1758 4504  884 2221 2655 3310 4131
 6907 1805 7330  947 4082 1389 3721 2404 2027 2182  763 3421]",978
124,0.4169874930825146,0,1467,1185,"[1185 3016  771 3214 2764 6967 1977 2104 3812 5976 6617 2496  962 3446
 1263 1927 1376  380 2592 3854 3151 1758 4504  884 2221 2655 3310 4131
 6907 1805 7330  947 4082 1389 3721 2404 2027 2182  763 3421]",930
125,0.41732179313117856,14,1263,1262,"[1185 3016  771 3214 2764 6967 1977 2104 3812 5976 6617 2496  962 3446
 1262 1927 1376  380 2592 3854 3151 1758 4504  884 2221 2655 3310 4131
 6907 1805 7330  947 4082 1389 3721 2404 2027 2182  763 3421]",914
126,0.41760528119475393,2,771,1610,"[1185 3016 1610 3214 2764 6967 1977 2104 3812 5976 6617 2496  962 3446
 1262 1927 1376  380 2592 3854 3151 1758 4504  884 2221 2655 3310 4131
 6907 1805 7330  947 4082 1389 3721 2404 2027 2182  763 3421]",944
127,0.41731598698409667,37,2182,2181,"[1185 3016 1610 3214 2764 6967 1977 2104 3812 5976 6617 2496  962 3446
 1262 1927 1376  380 2592 3854 3151 1758 4504  884 2221 2655 3310 4131
 6907 1805 7330  947 4082 1389 3721 2404 2027 2181  763 3421]",971
128,0.41651295574907576,34,3721,3792,"[1185 3016 1610 3214 2764 6967 1977 2104 3812 5976 6617 2496  962 3446
 1262 1927 1376  380 2592 3854 3151 1758 4504  884 2221 2655 3310 4131
 6907 1805 7330  947 4082 1389 3792 2404 2027 2181  763 3421]",982
129,0.4170981379362737,5,6967,7108,"[1185 3016 1610 3214 2764 7108 1977 2104 3812 5976 6617 2496  962 3446
 1262 1927 1376  380 2592 3854 3151 1758 4504  884 2221 2655 3310 4131
 6907 1805 7330  947 4082 1389 3792 2404 2027 2181  763 3421]",985
130,0.4176919608691674,31,947,875,"[1185 3016 1610 3214 2764 7108 1977 2104 3812 5976 6617 2496  962 3446
 1262 1927 1376  380 2592 3854 3151 1758 4504  884 2221 2655 3310 4131
 6907 1805 7330  875 4082 1389 3792 2404 2027 2181  763 3421]",976
131,0.41781237515127956,32,4082,3940,"[1185 3016 1610 3214 2764 7108 1977 2104 3812 5976 6617 2496  962 3446
 1262 1927 1376  380 2592 3854 3151 1758 4504  884 2221 2655 3310 4131
 6907 1805 7330  875 3940 1389 3792 2404 2027 2181  763 3421]",978
132,0.41720266710244647,19,3854,3642,"[1185 3016 1610 3214 2764 7108 1977 2104 3812 5976 6617 2496  962 3446
 1262 1927 1376  380 2592 3642 3151 1758 4504  884 2221 2655 3310 4131
 6907 1805 7330  875 3940 1389 3792 2404 2027 2181  763 3421]",993
133,0.416239298489146,9,5976,5977,"[1185 3016 1610 3214 2764 7108 1977 2104 3812 5977 6617 2496  962 3446
 1262 1927 1376  380 2592 3642 3151 1758 4504  884 2221 2655 3310 4131
 6907 1805 7330  875 3940 1389 3792 2404 2027 2181  763 3421]",1040
134,0.41746161425184286,3,3214,3216,"[1185 3016 1610 3216 2764 7108 1977 2104 3812 5977 6617 2496  962 3446
 1262 1927 1376  380 2592 3642 3151 1758 4504  884 2221 2655 3310 4131
 6907 1805 7330  875 3940 1389 3792 2404 2027 2181  763 3421]",989
135,0.4189170820231074,18,2592,2591,"[1185 3016 1610 3216 2764 7108 1977 2104 3812 5977 6617 2496  962 3446
 1262 1927 1376  380 2591 3642 3151 1758 4504  884 2221 2655 3310 4131
 6907 1805 7330  875 3940 1389 3792 2404 2027 2181  763 3421]",1002
136,0.4195503075053396,21,1758,840,"[1185 3016 1610 3216 2764 7108 1977 2104 3812 5977 6617 2496  962 3446
 1262 1927 1376  380 2591 3642 3151  840 4504  884 2221 2655 3310 4131
 6907 1805 7330  875 3940 1389 3792 2404 2027 2181  763 3421]",970
137,0.4189313738809154,17,380,525,"[1185 3016 1610 3216 2764 7108 1977 2104 3812 5977 6617 2496  962 3446
 1262 1927 1376  525 2591 3642 3151  840 4504  884 2221 2655 3310 4131
 6907 1805 7330  875 3940 1389 3792 2404 2027 2181  763 3421]",959
138,0.4208321371910746,37,2181,2112,"[1185 3016 1610 3216 2764 7108 1977 2104 3812 5977 6617 2496  962 3446
 1262 1927 1376  525 2591 3642 3151  840 4504  884 2221 2655 3310 4131
 6907 1805 7330  875 3940 1389 3792 2404 2027 2112  763 3421]",967
139,0.42167517039735797,11,2496,2640,"[1185 3016 1610 3216 2764 7108 1977 2104 3812 5977 6617 2640  962 3446
 1262 1927 1376  525 2591 3642 3151  840 4504  884 2221 2655 3310 4131
 6907 1805 7330  875 3940 1389 3792 2404 2027 2112  763 3421]",977
140,0.4224097345263666,9,5977,6116,"[1185 3016 1610 3216 2764 7108 1977 2104 3812 6116 6617 2640  962 3446
 1262 1927 1376  525 2591 3642 3151  840 4504  884 2221 2655 3310 4131
 6907 1805 7330  875 3940 1389 3792 2404 2027 2112  763 3421]",992
141,0.4216825318573725,11,2640,2424,"[1185 3016 1610 3216 2764 7108 1977 2104 3812 6116 6617 2424  962 3446
 1262 1927 1376  525 2591 3642 3151  840 4504  884 2221 2655 3310 4131
 6907 1805 7330  875 3940 1389 3792 2404 2027 2112  763 3421]",995
142,0.42306769151310963,22,4504,4573,"[1185 3016 1610 3216 2764 7108 1977 2104 3812 6116 6617 2424  962 3446
 1262 1927 1376  525 2591 3642 3151  840 4573  884 2221 2655 3310 4131
 6907 1805 7330  875 3940 1389 3792 2404 2027 2112  763 3421]",1020
143,0.4217938158020823,31,875,589,"[1185 3016 1610 3216 2764 7108 1977 2104 3812 6116 6617 2424  962 3446
 1262 1927 1376  525 2591 3642 3151  840 4573  884 2221 2655 3310 4131
 6907 1805 7330  589 3940 1389 3792 2404 2027 2112  763 3421]",988
144,0.4233393851813918,20,3151,3366,"[1185 3016 1610 3216 2764 7108 1977 2104 3812 6116 6617 2424  962 3446
 1262 1927 1376  525 2591 3642 3366  840 4573  884 2221 2655 3310 4131
 6907 1805 7330  589 3940 1389 3792 2404 2027 2112  763 3421]",953
145,0.4242940271312219,17,525,524,"[1185 3016 1610 3216 2764 7108 1977 2104 3812 6116 6617 2424  962 3446
 1262 1927 1376  524 2591 3642 3366  840 4573  884 2221 2655 3310 4131
 6907 1805 7330  589 3940 1389 3792 2404 2027 2112  763 3421]",970
146,0.42775177568486855,33,1389,1321,"[1185 3016 1610 3216 2764 7108 1977 2104 3812 6116 6617 2424  962 3446
 1262 1927 1376  524 2591 3642 3366  840 4573  884 2221 2655 3310 4131
 6907 1805 7330  589 3940 1321 3792 2404 2027 2112  763 3421]",977
147,0.42770733608795797,39,3421,3352,"[1185 3016 1610 3216 2764 7108 1977 2104 3812 6116 6617 2424  962 3446
 1262 1927 1376  524 2591 3642 3366  840 4573  884 2221 2655 3310 4131
 6907 1805 7330  589 3940 1321 3792 2404 2027 2112  763 3352]",1019
148,0.42843219421011536,8,3812,3883,"[1185 3016 1610 3216 2764 7108 1977 2104 3883 6116 6617 2424  962 3446
 1262 1927 1376  524 2591 3642 3366  840 4573  884 2221 2655 3310 4131
 6907 1805 7330  589 3940 1321 3792 2404 2027 2112  763 3352]",1054
149,0.42567931761509586,10,6617,6687,"[1185 3016 1610 3216 2764 7108 1977 2104 3883 6116 6687 2424  962 3446
 1262 1927 1376  524 2591 3642 3366  840 4573  884 2221 2655 3310 4131
 6907 1805 7330  589 3940 1321 3792 2404 2027 2112  763 3352]",1008
150,0.4249078492976889,5,7108,7109,"[1185 3016 1610 3216 2764 7109 1977 2104 3883 6116 6687 2424  962 3446
 1262 1927 1376  524 2591 3642 3366  840 4573  884 2221 2655 3310 4131
 6907 1805 7330  589 3940 1321 3792 2404 2027 2112  763 3352]",1008
151,0.42614202345258195,10,6687,6688,"[1185 3016 1610 3216 2764 7109 1977 2104 3883 6116 6688 2424  962 3446
 1262 1927 1376  524 2591 3642 3366  840 4573  884 2221 2655 3310 4131
 6907 1805 7330  589 3940 1321 3792 2404 2027 2112  763 3352]",1005
152,0.4264014155107628,15,1927,1856,"[1185 3016 1610 3216 2764 7109 1977 2104 3883 6116 6688 2424  962 3446
 1262 1856 1376  524 2591 3642 3366  840 4573  884 2221 2655 3310 4131
 6907 1805 7330  589 3940 1321 3792 2404 2027 2112  763 3352]",1004
153,0.42655324794525573,7,2104,5837,"[1185 3016 1610 3216 2764 7109 1977 5837 3883 6116 6688 2424  962 3446
 1262 1856 1376  524 2591 3642 3366  840 4573  884 2221 2655 3310 4131
 6907 1805 7330  589 3940 1321 3792 2404 2027 2112  763 3352]",998
154,0.42663963011971007,13,3446,3375,"[1185 3016 1610 3216 2764 7109 1977 5837 3883 6116 6688 2424  962 3375
 1262 1856 1376  524 2591 3642 3366  840 4573  884 2221 2655 3310 4131
 6907 1805 7330  589 3940 1321 3792 2404 2027 2112  763 3352]",954
155,0.42586998650317626,28,6907,6836,"[1185 3016 1610 3216 2764 7109 1977 5837 3883 6116 6688 2424  962 3375
 1262 1856 1376  524 2591 3642 3366  840 4573  884 2221 2655 3310 4131
 6836 1805 7330  589 3940 1321 3792 2404 2027 2112  763 3352]",986
156,0.4265702038382887,19,3642,3713,"[1185 3016 1610 3216 2764 7109 1977 5837 3883 6116 6688 2424  962 3375
 1262 1856 1376  524 2591 3713 3366  840 4573  884 2221 2655 3310 4131
 6836 1805 7330  589 3940 1321 3792 2404 2027 2112  763 3352]",972
157,0.4254424834378061,8,3883,3955,"[1185 3016 1610 3216 2764 7109 1977 5837 3955 6116 6688 2424  962 3375
 1262 1856 1376  524 2591 3713 3366  840 4573  884 2221 2655 3310 4131
 6836 1805 7330  589 3940 1321 3792 2404 2027 2112  763 3352]",1023
158,0.42421988178249503,9,6116,6187,"[1185 3016 1610 3216 2764 7109 1977 5837 3955 6187 6688 2424  962 3375
 1262 1856 1376  524 2591 3713 3366  840 4573  884 2221 2655 3310 4131
 6836 1805 7330  589 3940 1321 3792 2404 2027 2112  763 3352]",974
159,0.4259624293467843,31,589,875,"[1185 3016 1610 3216 2764 7109 1977 5837 3955 6187 6688 2424  962 3375
 1262 1856 1376  524 2591 3713 3366  840 4573  884 2221 2655 3310 4131
 6836 1805 7330  875 3940 1321 3792 2404 2027 2112  763 3352]",972
160,0.42484014341972,17,524,451,"[1185 3016 1610 3216 2764 7109 1977 5837 3955 6187 6688 2424  962 3375
 1262 1856 1376  451 2591 3713 3366  840 4573  884 2221 2655 3310 4131
 6836 1805 7330  875 3940 1321 3792 2404 2027 2112  763 3352]",971
161,0.4219214686679882,33,1321,1602,"[1185 3016 1610 3216 2764 7109 1977 5837 3955 6187 6688 2424  962 3375
 1262 1856 1376  451 2591 3713 3366  840 4573  884 2221 2655 3310 4131
 6836 1805 7330  875 3940 1602 3792 2404 2027 2112  763 3352]",953
162,0.4209227733802357,11,2424,2354,"[1185 3016 1610 3216 2764 7109 1977 5837 3955 6187 6688 2354  962 3375
 1262 1856 1376  451 2591 3713 3366  840 4573  884 2221 2655 3310 4131
 6836 1805 7330  875 3940 1602 3792 2404 2027 2112  763 3352]",969
163,0.42099196381127446,39,3352,3067,"[1185 3016 1610 3216 2764 7109 1977 5837 3955 6187 6688 2354  962 3375
 1262 1856 1376  451 2591 3713 3366  840 4573  884 2221 2655 3310 4131
 6836 1805 7330  875 3940 1602 3792 2404 2027 2112  763 3067]",975
164,0.42128726609527894,18,2591,2520,"[1185 3016 1610 3216 2764 7109 1977 5837 3955 6187 6688 2354  962 3375
 1262 1856 1376  451 2520 3713 3366  840 4573  884 2221 2655 3310 4131
 6836 1805 7330  875 3940 1602 3792 2404 2027 2112  763 3067]",958
165,0.4200126295781673,9,6187,6184,"[1185 3016 1610 3216 2764 7109 1977 5837 3955 6184 6688 2354  962 3375
 1262 1856 1376  451 2520 3713 3366  840 4573  884 2221 2655 3310 4131
 6836 1805 7330  875 3940 1602 3792 2404 2027 2112  763 3067]",964
166,0.41934839528467815,15,1856,2649,"[1185 3016 1610 3216 2764 7109 1977 5837 3955 6184 6688 2354  962 3375
 1262 2649 1376  451 2520 3713 3366  840 4573  884 2221 2655 3310 4131
 6836 1805 7330  875 3940 1602 3792 2404 2027 2112  763 3067]",950
167,0.4145957844277319,30,7330,1858,"[1185 3016 1610 3216 2764 7109 1977 5837 3955 6184 6688 2354  962 3375
 1262 2649 1376  451 2520 3713 3366  840 4573  884 2221 2655 3310 4131
 6836 1805 1858  875 3940 1602 3792 2404 2027 2112  763 3067]",971
168,0.4156420080020531,38,763,692,"[1185 3016 1610 3216 2764 7109 1977 5837 3955 6184 6688 2354  962 3375
 1262 2649 1376  451 2520 3713 3366  840 4573  884 2221 2655 3310 4131
 6836 1805 1858  875 3940 1602 3792 2404 2027 2112  692 3067]",984
169,0.4207632140208559,33,1602,7329,"[1185 3016 1610 3216 2764 7109 1977 5837 3955 6184 6688 2354  962 3375
 1262 2649 1376  451 2520 3713 3366  840 4573  884 2221 2655 3310 4131
 6836 1805 1858  875 3940 7329 3792 2404 2027 2112  692 3067]",966
170,0.4209863319347009,11,2354,2352,"[1185 3016 1610 3216 2764 7109 1977 5837 3955 6184 6688 2352  962 3375
 1262 2649 1376  451 2520 3713 3366  840 4573  884 2221 2655 3310 4131
 6836 1805 1858  875 3940 7329 3792 2404 2027 2112  692 3067]",975
171,0.4202201121351139,20,3366,3081,"[1185 3016 1610 3216 2764 7109 1977 5837 3955 6184 6688 2352  962 3375
 1262 2649 1376  451 2520 3713 3081  840 4573  884 2221 2655 3310 4131
 6836 1805 1858  875 3940 7329 3792 2404 2027 2112  692 3067]",951
172,0.4200173984720449,32,3940,1391,"[1185 3016 1610 3216 2764 7109 1977 5837 3955 6184 6688 2352  962 3375
 1262 2649 1376  451 2520 3713 3081  840 4573  884 2221 2655 3310 4131
 6836 1805 1858  875 1391 7329 3792 2404 2027 2112  692 3067]",989
173,0.417936183920683,25,2655,2443,"[1185 3016 1610 3216 2764 7109 1977 5837 3955 6184 6688 2352  962 3375
 1262 2649 1376  451 2520 3713 3081  840 4573  884 2221 2443 3310 4131
 6836 1805 1858  875 1391 7329 3792 2404 2027 2112  692 3067]",979
174,0.4182812958154447,2,1610,1683,"[1185 3016 1683 3216 2764 7109 1977 5837 3955 6184 6688 2352  962 3375
 1262 2649 1376  451 2520 3713 3081  840 4573  884 2221 2443 3310 4131
 6836 1805 1858  875 1391 7329 3792 2404 2027 2112  692 3067]",983
175,0.41786172736174987,33,7329,7330,"[1185 3016 1683 3216 2764 7109 1977 5837 3955 6184 6688 2352  962 3375
 1262 2649 1376  451 2520 3713 3081  840 4573  884 2221 2443 3310 4131
 6836 1805 1858  875 1391 7330 3792 2404 2027 2112  692 3067]",989
176,0.41960541120419464,13,3375,3587,"[1185 3016 1683 3216 2764 7109 1977 5837 3955 6184 6688 2352  962 3587
 1262 2649 1376  451 2520 3713 3081  840 4573  884 2221 2443 3310 4131
 6836 1805 1858  875 1391 7330 3792 2404 2027 2112  692 3067]",983
177,0.42090622065265143,16,1376,387,"[1185 3016 1683 3216 2764 7109 1977 5837 3955 6184 6688 2352  962 3587
 1262 2649  387  451 2520 3713 3081  840 4573  884 2221 2443 3310 4131
 6836 1805 1858  875 1391 7330 3792 2404 2027 2112  692 3067]",970
178,0.4218472577777349,2,1683,1613,"[1185 3016 1613 3216 2764 7109 1977 5837 3955 6184 6688 2352  962 3587
 1262 2649  387  451 2520 3713 3081  840 4573  884 2221 2443 3310 4131
 6836 1805 1858  875 1391 7330 3792 2404 2027 2112  692 3067]",963
179,0.4199930995073184,11,2352,2642,"[1185 3016 1613 3216 2764 7109 1977 5837 3955 6184 6688 2642  962 3587
 1262 2649  387  451 2520 3713 3081  840 4573  884 2221 2443 3310 4131
 6836 1805 1858  875 1391 7330 3792 2404 2027 2112  692 3067]",979
180,0.4197875553449349,21,840,841,"[1185 3016 1613 3216 2764 7109 1977 5837 3955 6184 6688 2642  962 3587
 1262 2649  387  451 2520 3713 3081  841 4573  884 2221 2443 3310 4131
 6836 1805 1858  875 1391 7330 3792 2404 2027 2112  692 3067]",994
181,0.4195137510497012,30,1858,1999,"[1185 3016 1613 3216 2764 7109 1977 5837 3955 6184 6688 2642  962 3587
 1262 2649  387  451 2520 3713 3081  841 4573  884 2221 2443 3310 4131
 6836 1805 1999  875 1391 7330 3792 2404 2027 2112  692 3067]",999
182,0.42075583656206084,26,3310,3168,"[1185 3016 1613 3216 2764 7109 1977 5837 3955 6184 6688 2642  962 3587
 1262 2649  387  451 2520 3713 3081  841 4573  884 2221 2443 3168 4131
 6836 1805 1999  875 1391 7330 3792 2404 2027 2112  692 3067]",1019
183,0.4203255938077934,4,2764,4013,"[1185 3016 1613 3216 4013 7109 1977 5837 3955 6184 6688 2642  962 3587
 1262 2649  387  451 2520 3713 3081  841 4573  884 2221 2443 3168 4131
 6836 1805 1999  875 1391 7330 3792 2404 2027 2112  692 3067]",970
184,0.4192031451675541,27,4131,2693,"[1185 3016 1613 3216 4013 7109 1977 5837 3955 6184 6688 2642  962 3587
 1262 2649  387  451 2520 3713 3081  841 4573  884 2221 2443 3168 2693
 6836 1805 1999  875 1391 7330 3792 2404 2027 2112  692 3067]",1017
185,0.4181611529909068,38,692,693,"[1185 3016 1613 3216 4013 7109 1977 5837 3955 6184 6688 2642  962 3587
 1262 2649  387  451 2520 3713 3081  841 4573  884 2221 2443 3168 2693
 6836 1805 1999  875 1391 7330 3792 2404 2027 2112  693 3067]",1031
186,0.415945589158334,10,6688,6547,"[1185 3016 1613 3216 4013 7109 1977 5837 3955 6184 6547 2642  962 3587
 1262 2649  387  451 2520 3713 3081  841 4573  884 2221 2443 3168 2693
 6836 1805 1999  875 1391 7330 3792 2404 2027 2112  693 3067]",1016
187,0.41759728387957135,35,2404,4205,"[1185 3016 1613 3216 4013 7109 1977 5837 3955 6184 6547 2642  962 3587
 1262 2649  387  451 2520 3713 3081  841 4573  884 2221 2443 3168 2693
 6836 1805 1999  875 1391 7330 3792 4205 2027 2112  693 3067]",996
188,0.417409349068154,31,875,1020,"[1185 3016 1613 3216 4013 7109 1977 5837 3955 6184 6547 2642  962 3587
 1262 2649  387  451 2520 3713 3081  841 4573  884 2221 2443 3168 2693
 6836 1805 1999 1020 1391 7330 3792 4205 2027 2112  693 3067]",959
189,0.41865420645689577,5,7109,7181,"[1185 3016 1613 3216 4013 7181 1977 5837 3955 6184 6547 2642  962 3587
 1262 2649  387  451 2520 3713 3081  841 4573  884 2221 2443 3168 2693
 6836 1805 1999 1020 1391 7330 3792 4205 2027 2112  693 3067]",959
190,0.4195608766408595,21,841,2401,"[1185 3016 1613 3216 4013 7181 1977 5837 3955 6184 6547 2642  962 3587
 1262 2649  387  451 2520 3713 3081 2401 4573  884 2221 2443 3168 2693
 6836 1805 1999 1020 1391 7330 3792 4205 2027 2112  693 3067]",951
191,0.41998868560689895,31,1020,876,"[1185 3016 1613 3216 4013 7181 1977 5837 3955 6184 6547 2642  962 3587
 1262 2649  387  451 2520 3713 3081 2401 4573  884 2221 2443 3168 2693
 6836 1805 1999  876 1391 7330 3792 4205 2027 2112  693 3067]",970
192,0.41897043079645735,21,2401,913,"[1185 3016 1613 3216 4013 7181 1977 5837 3955 6184 6547 2642  962 3587
 1262 2649  387  451 2520 3713 3081  913 4573  884 2221 2443 3168 2693
 6836 1805 1999  876 1391 7330 3792 4205 2027 2112  693 3067]",958
193,0.4184811761549251,24,2221,2147,"[1185 3016 1613 3216 4013 7181 1977 5837 3955 6184 6547 2642  962 3587
 1262 2649  387  451 2520 3713 3081  913 4573  884 2147 2443 3168 2693
 6836 1805 1999  876 1391 7330 3792 4205 2027 2112  693 3067]",964
194,0.41890201419982975,3,3216,3217,"[1185 3016 1613 3217 4013 7181 1977 5837 3955 6184 6547 2642  962 3587
 1262 2649  387  451 2520 3713 3081  913 4573  884 2147 2443 3168 2693
 6836 1805 1999  876 1391 7330 3792 4205 2027 2112  693 3067]",938
195,0.4183095020298843,31,876,1235,"[1185 3016 1613 3217 4013 7181 1977 5837 3955 6184 6547 2642  962 3587
 1262 2649  387  451 2520 3713 3081  913 4573  884 2147 2443 3168 2693
 6836 1805 1999 1235 1391 7330 3792 4205 2027 2112  693 3067]",975
196,0.4194911438386897,17,451,592,"[1185 3016 1613 3217 4013 7181 1977 5837 3955 6184 6547 2642  962 3587
 1262 2649  387  592 2520 3713 3081  913 4573  884 2147 2443 3168 2693
 6836 1805 1999 1235 1391 7330 3792 4205 2027 2112  693 3067]",977
197,0.41720557893959576,3,3217,3146,"[1185 3016 1613 3146 4013 7181 1977 5837 3955 6184 6547 2642  962 3587
 1262 2649  387  592 2520 3713 3081  913 4573  884 2147 2443 3168 2693
 6836 1805 1999 1235 1391 7330 3792 4205 2027 2112  693 3067]",918
198,0.4194911438386897,3,3146,3217,"[1185 3016 1613 3217 4013 7181 1977 5837 3955 6184 6547 2642  962 3587
 1262 2649  387  592 2520 3713 3081  913 4573  884 2147 2443 3168 2693
 6836 1805 1999 1235 1391 7330 3792 4205 2027 2112  693 3067]",918
199,0.41955553996330075,30,1999,1786,"[1185 3016 1613 3217 4013 7181 1977 5837 3955 6184 6547 2642  962 3587
 1262 2649  387  592 2520 3713 3081  913 4573  884 2147 2443 3168 2693
 6836 1805 1786 1235 1391 7330 3792 4205 2027 2112  693 3067]",950
200,0.4211266544357487,11,2642,2496,"[1185 3016 1613 3217 4013 7181 1977 5837 3955 6184 6547 2496  962 3587
 1262 2649  387  592 2520 3713 3081  913 4573  884 2147 2443 3168 2693
 6836 1805 1786 1235 1391 7330 3792 4205 2027 2112  693 3067]",938
201,0.4276018518016279,36,2027,1957,"[1185 3016 1613 3217 4013 7181 1977 5837 3955 6184 6547 2496  962 3587
 1262 2649  387  592 2520 3713 3081  913 4573  884 2147 2443 3168 2693
 6836 1805 1786 1235 1391 7330 3792 4205 1957 2112  693 3067]",969
202,0.42899912996454415,20,3081,2939,"[1185 3016 1613 3217 4013 7181 1977 5837 3955 6184 6547 2496  962 3587
 1262 2649  387  592 2520 3713 2939  913 4573  884 2147 2443 3168 2693
 6836 1805 1786 1235 1391 7330 3792 4205 1957 2112  693 3067]",910
203,0.4300180649904992,11,2496,3366,"[1185 3016 1613 3217 4013 7181 1977 5837 3955 6184 6547 3366  962 3587
 1262 2649  387  592 2520 3713 2939  913 4573  884 2147 2443 3168 2693
 6836 1805 1786 1235 1391 7330 3792 4205 1957 2112  693 3067]",937
204,0.43230476437592913,4,4013,2567,"[1185 3016 1613 3217 2567 7181 1977 5837 3955 6184 6547 3366  962 3587
 1262 2649  387  592 2520 3713 2939  913 4573  884 2147 2443 3168 2693
 6836 1805 1786 1235 1391 7330 3792 4205 1957 2112  693 3067]",987
205,0.4328070003248905,18,2520,2472,"[1185 3016 1613 3217 2567 7181 1977 5837 3955 6184 6547 3366  962 3587
 1262 2649  387  592 2472 3713 2939  913 4573  884 2147 2443 3168 2693
 6836 1805 1786 1235 1391 7330 3792 4205 1957 2112  693 3067]",984
206,0.433879558254751,0,1185,1041,"[1041 3016 1613 3217 2567 7181 1977 5837 3955 6184 6547 3366  962 3587
 1262 2649  387  592 2472 3713 2939  913 4573  884 2147 2443 3168 2693
 6836 1805 1786 1235 1391 7330 3792 4205 1957 2112  693 3067]",960
207,0.431410900423971,11,3366,3365,"[1041 3016 1613 3217 2567 7181 1977 5837 3955 6184 6547 3365  962 3587
 1262 2649  387  592 2472 3713 2939  913 4573  884 2147 2443 3168 2693
 6836 1805 1786 1235 1391 7330 3792 4205 1957 2112  693 3067]",932
208,0.4278555330578166,34,3792,4009,"[1041 3016 1613 3217 2567 7181 1977 5837 3955 6184 6547 3365  962 3587
 1262 2649  387  592 2472 3713 2939  913 4573  884 2147 2443 3168 2693
 6836 1805 1786 1235 1391 7330 4009 4205 1957 2112  693 3067]",972
209,0.4279510339452786,6,1977,1907,"[1041 3016 1613 3217 2567 7181 1907 5837 3955 6184 6547 3365  962 3587
 1262 2649  387  592 2472 3713 2939  913 4573  884 2147 2443 3168 2693
 6836 1805 1786 1235 1391 7330 4009 4205 1957 2112  693 3067]",958
210,0.42771199181507874,4,2567,2638,"[1041 3016 1613 3217 2638 7181 1907 5837 3955 6184 6547 3365  962 3587
 1262 2649  387  592 2472 3713 2939  913 4573  884 2147 2443 3168 2693
 6836 1805 1786 1235 1391 7330 4009 4205 1957 2112  693 3067]",946
211,0.42995315996692696,25,2443,2588,"[1041 3016 1613 3217 2638 7181 1907 5837 3955 6184 6547 3365  962 3587
 1262 2649  387  592 2472 3713 2939  913 4573  884 2147 2588 3168 2693
 6836 1805 1786 1235 1391 7330 4009 4205 1957 2112  693 3067]",961
212,0.43021145503261254,27,2693,2764,"[1041 3016 1613 3217 2638 7181 1907 5837 3955 6184 6547 3365  962 3587
 1262 2649  387  592 2472 3713 2939  913 4573  884 2147 2588 3168 2764
 6836 1805 1786 1235 1391 7330 4009 4205 1957 2112  693 3067]",966
213,0.43478896842994996,11,3365,3579,"[1041 3016 1613 3217 2638 7181 1907 5837 3955 6184 6547 3579  962 3587
 1262 2649  387  592 2472 3713 2939  913 4573  884 2147 2588 3168 2764
 6836 1805 1786 1235 1391 7330 4009 4205 1957 2112  693 3067]",932
214,0.4312439494882436,23,884,2212,"[1041 3016 1613 3217 2638 7181 1907 5837 3955 6184 6547 3579  962 3587
 1262 2649  387  592 2472 3713 2939  913 4573 2212 2147 2588 3168 2764
 6836 1805 1786 1235 1391 7330 4009 4205 1957 2112  693 3067]",915
215,0.43331139028628035,10,6547,6688,"[1041 3016 1613 3217 2638 7181 1907 5837 3955 6184 6688 3579  962 3587
 1262 2649  387  592 2472 3713 2939  913 4573 2212 2147 2588 3168 2764
 6836 1805 1786 1235 1391 7330 4009 4205 1957 2112  693 3067]",960
216,0.4356150254865723,30,1786,811,"[1041 3016 1613 3217 2638 7181 1907 5837 3955 6184 6688 3579  962 3587
 1262 2649  387  592 2472 3713 2939  913 4573 2212 2147 2588 3168 2764
 6836 1805  811 1235 1391 7330 4009 4205 1957 2112  693 3067]",932
217,0.43575513081629064,26,3168,3239,"[1041 3016 1613 3217 2638 7181 1907 5837 3955 6184 6688 3579  962 3587
 1262 2649  387  592 2472 3713 2939  913 4573 2212 2147 2588 3239 2764
 6836 1805  811 1235 1391 7330 4009 4205 1957 2112  693 3067]",1016
218,0.43466290180863143,22,4573,4501,"[1041 3016 1613 3217 2638 7181 1907 5837 3955 6184 6688 3579  962 3587
 1262 2649  387  592 2472 3713 2939  913 4501 2212 2147 2588 3239 2764
 6836 1805  811 1235 1391 7330 4009 4205 1957 2112  693 3067]",996
219,0.43216395336723584,28,6836,6696,"[1041 3016 1613 3217 2638 7181 1907 5837 3955 6184 6688 3579  962 3587
 1262 2649  387  592 2472 3713 2939  913 4501 2212 2147 2588 3239 2764
 6696 1805  811 1235 1391 7330 4009 4205 1957 2112  693 3067]",965
220,0.4334417364492925,9,6184,6329,"[1041 3016 1613 3217 2638 7181 1907 5837 3955 6329 6688 3579  962 3587
 1262 2649  387  592 2472 3713 2939  913 4501 2212 2147 2588 3239 2764
 6696 1805  811 1235 1391 7330 4009 4205 1957 2112  693 3067]",945
221,0.43501365934616676,10,6688,6760,"[1041 3016 1613 3217 2638 7181 1907 5837 3955 6329 6760 3579  962 3587
 1262 2649  387  592 2472 3713 2939  913 4501 2212 2147 2588 3239 2764
 6696 1805  811 1235 1391 7330 4009 4205 1957 2112  693 3067]",924
222,0.43494579605799494,20,2939,3010,"[1041 3016 1613 3217 2638 7181 1907 5837 3955 6329 6760 3579  962 3587
 1262 2649  387  592 2472 3713 3010  913 4501 2212 2147 2588 3239 2764
 6696 1805  811 1235 1391 7330 4009 4205 1957 2112  693 3067]",908
223,0.4348406834886624,17,592,803,"[1041 3016 1613 3217 2638 7181 1907 5837 3955 6329 6760 3579  962 3587
 1262 2649  387  803 2472 3713 3010  913 4501 2212 2147 2588 3239 2764
 6696 1805  811 1235 1391 7330 4009 4205 1957 2112  693 3067]",965
224,0.434747609594666,6,1907,1976,"[1041 3016 1613 3217 2638 7181 1976 5837 3955 6329 6760 3579  962 3587
 1262 2649  387  803 2472 3713 3010  913 4501 2212 2147 2588 3239 2764
 6696 1805  811 1235 1391 7330 4009 4205 1957 2112  693 3067]",952
225,0.43431278705039306,38,693,621,"[1041 3016 1613 3217 2638 7181 1976 5837 3955 6329 6760 3579  962 3587
 1262 2649  387  803 2472 3713 3010  913 4501 2212 2147 2588 3239 2764
 6696 1805  811 1235 1391 7330 4009 4205 1957 2112  621 3067]",965
226,0.43479785503844526,39,3067,3353,"[1041 3016 1613 3217 2638 7181 1976 5837 3955 6329 6760 3579  962 3587
 1262 2649  387  803 2472 3713 3010  913 4501 2212 2147 2588 3239 2764
 6696 1805  811 1235 1391 7330 4009 4205 1957 2112  621 3353]",932
227,0.43381688020467896,27,2764,3532,"[1041 3016 1613 3217 2638 7181 1976 5837 3955 6329 6760 3579  962 3587
 1262 2649  387  803 2472 3713 3010  913 4501 2212 2147 2588 3239 3532
 6696 1805  811 1235 1391 7330 4009 4205 1957 2112  621 3353]",937
228,0.43494352688524074,22,4501,4573,"[1041 3016 1613 3217 2638 7181 1976 5837 3955 6329 6760 3579  962 3587
 1262 2649  387  803 2472 3713 3010  913 4573 2212 2147 2588 3239 3532
 6696 1805  811 1235 1391 7330 4009 4205 1957 2112  621 3353]",963
229,0.4351537607348748,26,3239,3238,"[1041 3016 1613 3217 2638 7181 1976 5837 3955 6329 6760 3579  962 3587
 1262 2649  387  803 2472 3713 3010  913 4573 2212 2147 2588 3238 3532
 6696 1805  811 1235 1391 7330 4009 4205 1957 2112  621 3353]",975
230,0.4357931323146851,21,913,912,"[1041 3016 1613 3217 2638 7181 1976 5837 3955 6329 6760 3579  962 3587
 1262 2649  387  803 2472 3713 3010  912 4573 2212 2147 2588 3238 3532
 6696 1805  811 1235 1391 7330 4009 4205 1957 2112  621 3353]",947
231,0.4350041514395896,0,1041,1184,"[1184 3016 1613 3217 2638 7181 1976 5837 3955 6329 6760 3579  962 3587
 1262 2649  387  803 2472 3713 3010  912 4573 2212 2147 2588 3238 3532
 6696 1805  811 1235 1391 7330 4009 4205 1957 2112  621 3353]",928
232,0.4350320502101662,18,2472,2691,"[1184 3016 1613 3217 2638 7181 1976 5837 3955 6329 6760 3579  962 3587
 1262 2649  387  803 2691 3713 3010  912 4573 2212 2147 2588 3238 3532
 6696 1805  811 1235 1391 7330 4009 4205 1957 2112  621 3353]",970
233,0.43592303284649253,24,2147,2221,"[1184 3016 1613 3217 2638 7181 1976 5837 3955 6329 6760 3579  962 3587
 1262 2649  387  803 2691 3713 3010  912 4573 2212 2221 2588 3238 3532
 6696 1805  811 1235 1391 7330 4009 4205 1957 2112  621 3353]",921
234,0.4352003329277566,15,2649,1788,"[1184 3016 1613 3217 2638 7181 1976 5837 3955 6329 6760 3579  962 3587
 1262 1788  387  803 2691 3713 3010  912 4573 2212 2221 2588 3238 3532
 6696 1805  811 1235 1391 7330 4009 4205 1957 2112  621 3353]",898
235,0.4367135510678075,28,6696,6908,"[1184 3016 1613 3217 2638 7181 1976 5837 3955 6329 6760 3579  962 3587
 1262 1788  387  803 2691 3713 3010  912 4573 2212 2221 2588 3238 3532
 6908 1805  811 1235 1391 7330 4009 4205 1957 2112  621 3353]",940
236,0.4348072321019387,1,3016,3087,"[1184 3087 1613 3217 2638 7181 1976 5837 3955 6329 6760 3579  962 3587
 1262 1788  387  803 2691 3713 3010  912 4573 2212 2221 2588 3238 3532
 6908 1805  811 1235 1391 7330 4009 4205 1957 2112  621 3353]",921
237,0.43562194971250956,5,7181,7111,"[1184 3087 1613 3217 2638 7111 1976 5837 3955 6329 6760 3579  962 3587
 1262 1788  387  803 2691 3713 3010  912 4573 2212 2221 2588 3238 3532
 6908 1805  811 1235 1391 7330 4009 4205 1957 2112  621 3353]",944
238,0.43321593217847865,24,2221,2292,"[1184 3087 1613 3217 2638 7111 1976 5837 3955 6329 6760 3579  962 3587
 1262 1788  387  803 2691 3713 3010  912 4573 2212 2292 2588 3238 3532
 6908 1805  811 1235 1391 7330 4009 4205 1957 2112  621 3353]",985
239,0.43443481855083305,8,3955,3883,"[1184 3087 1613 3217 2638 7111 1976 5837 3883 6329 6760 3579  962 3587
 1262 1788  387  803 2691 3713 3010  912 4573 2212 2292 2588 3238 3532
 6908 1805  811 1235 1391 7330 4009 4205 1957 2112  621 3353]",954
240,0.4315520226140479,14,1262,1334,"[1184 3087 1613 3217 2638 7111 1976 5837 3883 6329 6760 3579  962 3587
 1334 1788  387  803 2691 3713 3010  912 4573 2212 2292 2588 3238 3532
 6908 1805  811 1235 1391 7330 4009 4205 1957 2112  621 3353]",915
241,0.4296749604134535,28,6908,6695,"[1184 3087 1613 3217 2638 7111 1976 5837 3883 6329 6760 3579  962 3587
 1334 1788  387  803 2691 3713 3010  912 4573 2212 2292 2588 3238 3532
 6695 1805  811 1235 1391 7330 4009 4205 1957 2112  621 3353]",929
242,0.4289702827475758,0,1184,2472,"[2472 3087 1613 3217 2638 7111 1976 5837 3883 6329 6760 3579  962 3587
 1334 1788  387  803 2691 3713 3010  912 4573 2212 2292 2588 3238 3532
 6695 1805  811 1235 1391 7330 4009 4205 1957 2112  621 3353]",900
243,0.4278001868646368,8,3883,4022,"[2472 3087 1613 3217 2638 7111 1976 5837 4022 6329 6760 3579  962 3587
 1334 1788  387  803 2691 3713 3010  912 4573 2212 2292 2588 3238 3532
 6695 1805  811 1235 1391 7330 4009 4205 1957 2112  621 3353]",930
244,0.4272310601879921,4,2638,1044,"[2472 3087 1613 3217 1044 7111 1976 5837 4022 6329 6760 3579  962 3587
 1334 1788  387  803 2691 3713 3010  912 4573 2212 2292 2588 3238 3532
 6695 1805  811 1235 1391 7330 4009 4205 1957 2112  621 3353]",876
245,0.4266153866720967,29,1805,1809,"[2472 3087 1613 3217 1044 7111 1976 5837 4022 6329 6760 3579  962 3587
 1334 1788  387  803 2691 3713 3010  912 4573 2212 2292 2588 3238 3532
 6695 1809  811 1235 1391 7330 4009 4205 1957 2112  621 3353]",931
246,0.42538701009913293,10,6760,6688,"[2472 3087 1613 3217 1044 7111 1976 5837 4022 6329 6688 3579  962 3587
 1334 1788  387  803 2691 3713 3010  912 4573 2212 2292 2588 3238 3532
 6695 1809  811 1235 1391 7330 4009 4205 1957 2112  621 3353]",878
247,0.42556413659222814,24,2292,2155,"[2472 3087 1613 3217 1044 7111 1976 5837 4022 6329 6688 3579  962 3587
 1334 1788  387  803 2691 3713 3010  912 4573 2212 2155 2588 3238 3532
 6695 1809  811 1235 1391 7330 4009 4205 1957 2112  621 3353]",961
248,0.42726982881513287,8,4022,2504,"[2472 3087 1613 3217 1044 7111 1976 5837 2504 6329 6688 3579  962 3587
 1334 1788  387  803 2691 3713 3010  912 4573 2212 2155 2588 3238 3532
 6695 1809  811 1235 1391 7330 4009 4205 1957 2112  621 3353]",958
249,0.42849820538809663,10,6688,6760,"[2472 3087 1613 3217 1044 7111 1976 5837 2504 6329 6760 3579  962 3587
 1334 1788  387  803 2691 3713 3010  912 4573 2212 2155 2588 3238 3532
 6695 1809  811 1235 1391 7330 4009 4205 1957 2112  621 3353]",901
250,0.4302956106147688,28,6695,3883,"[2472 3087 1613 3217 1044 7111 1976 5837 2504 6329 6760 3579  962 3587
 1334 1788  387  803 2691 3713 3010  912 4573 2212 2155 2588 3238 3532
 3883 1809  811 1235 1391 7330 4009 4205 1957 2112  621 3353]",950
251,0.43166674919107073,15,1788,6980,"[2472 3087 1613 3217 1044 7111 1976 5837 2504 6329 6760 3579  962 3587
 1334 6980  387  803 2691 3713 3010  912 4573 2212 2155 2588 3238 3532
 3883 1809  811 1235 1391 7330 4009 4205 1957 2112  621 3353]",909
252,0.4300532606196712,14,1334,1406,"[2472 3087 1613 3217 1044 7111 1976 5837 2504 6329 6760 3579  962 3587
 1406 6980  387  803 2691 3713 3010  912 4573 2212 2155 2588 3238 3532
 3883 1809  811 1235 1391 7330 4009 4205 1957 2112  621 3353]",893
253,0.4311902243363468,7,5837,2640,"[2472 3087 1613 3217 1044 7111 1976 2640 2504 6329 6760 3579  962 3587
 1406 6980  387  803 2691 3713 3010  912 4573 2212 2155 2588 3238 3532
 3883 1809  811 1235 1391 7330 4009 4205 1957 2112  621 3353]",948
254,0.43051151303406154,28,3883,3953,"[2472 3087 1613 3217 1044 7111 1976 2640 2504 6329 6760 3579  962 3587
 1406 6980  387  803 2691 3713 3010  912 4573 2212 2155 2588 3238 3532
 3953 1809  811 1235 1391 7330 4009 4205 1957 2112  621 3353]",985
255,0.43098250799675564,27,3532,452,"[2472 3087 1613 3217 1044 7111 1976 2640 2504 6329 6760 3579  962 3587
 1406 6980  387  803 2691 3713 3010  912 4573 2212 2155 2588 3238  452
 3953 1809  811 1235 1391 7330 4009 4205 1957 2112  621 3353]",980
256,0.43106847183527913,24,2155,5978,"[2472 3087 1613 3217 1044 7111 1976 2640 2504 6329 6760 3579  962 3587
 1406 6980  387  803 2691 3713 3010  912 4573 2212 5978 2588 3238  452
 3953 1809  811 1235 1391 7330 4009 4205 1957 2112  621 3353]",1031
257,0.42908625063202976,36,1957,2099,"[2472 3087 1613 3217 1044 7111 1976 2640 2504 6329 6760 3579  962 3587
 1406 6980  387  803 2691 3713 3010  912 4573 2212 5978 2588 3238  452
 3953 1809  811 1235 1391 7330 4009 4205 2099 2112  621 3353]",1020
258,0.4203286607050679,10,6760,6620,"[2472 3087 1613 3217 1044 7111 1976 2640 2504 6329 6620 3579  962 3587
 1406 6980  387  803 2691 3713 3010  912 4573 2212 5978 2588 3238  452
 3953 1809  811 1235 1391 7330 4009 4205 2099 2112  621 3353]",973
259,0.4194520487025415,11,3579,3437,"[2472 3087 1613 3217 1044 7111 1976 2640 2504 6329 6620 3437  962 3587
 1406 6980  387  803 2691 3713 3010  912 4573 2212 5978 2588 3238  452
 3953 1809  811 1235 1391 7330 4009 4205 2099 2112  621 3353]",956
260,0.4178443387578282,38,621,552,"[2472 3087 1613 3217 1044 7111 1976 2640 2504 6329 6620 3437  962 3587
 1406 6980  387  803 2691 3713 3010  912 4573 2212 5978 2588 3238  452
 3953 1809  811 1235 1391 7330 4009 4205 2099 2112  552 3353]",993
261,0.41652919516327613,26,3238,3098,"[2472 3087 1613 3217 1044 7111 1976 2640 2504 6329 6620 3437  962 3587
 1406 6980  387  803 2691 3713 3010  912 4573 2212 5978 2588 3098  452
 3953 1809  811 1235 1391 7330 4009 4205 2099 2112  552 3353]",1009
262,0.41592924212441507,14,1406,1786,"[2472 3087 1613 3217 1044 7111 1976 2640 2504 6329 6620 3437  962 3587
 1786 6980  387  803 2691 3713 3010  912 4573 2212 5978 2588 3098  452
 3953 1809  811 1235 1391 7330 4009 4205 2099 2112  552 3353]",927
263,0.42067852620429286,16,387,1263,"[2472 3087 1613 3217 1044 7111 1976 2640 2504 6329 6620 3437  962 3587
 1786 6980 1263  803 2691 3713 3010  912 4573 2212 5978 2588 3098  452
 3953 1809  811 1235 1391 7330 4009 4205 2099 2112  552 3353]",944
264,0.42143441310657503,29,1809,2019,"[2472 3087 1613 3217 1044 7111 1976 2640 2504 6329 6620 3437  962 3587
 1786 6980 1263  803 2691 3713 3010  912 4573 2212 5978 2588 3098  452
 3953 2019  811 1235 1391 7330 4009 4205 2099 2112  552 3353]",987
265,0.42202174969522144,20,3010,2939,"[2472 3087 1613 3217 1044 7111 1976 2640 2504 6329 6620 3437  962 3587
 1786 6980 1263  803 2691 3713 2939  912 4573 2212 5978 2588 3098  452
 3953 2019  811 1235 1391 7330 4009 4205 2099 2112  552 3353]",924
266,0.42131848011873096,33,7330,7259,"[2472 3087 1613 3217 1044 7111 1976 2640 2504 6329 6620 3437  962 3587
 1786 6980 1263  803 2691 3713 2939  912 4573 2212 5978 2588 3098  452
 3953 2019  811 1235 1391 7259 4009 4205 2099 2112  552 3353]",926
267,0.4231119111947875,1,3087,3017,"[2472 3017 1613 3217 1044 7111 1976 2640 2504 6329 6620 3437  962 3587
 1786 6980 1263  803 2691 3713 2939  912 4573 2212 5978 2588 3098  452
 3953 2019  811 1235 1391 7259 4009 4205 2099 2112  552 3353]",936
268,0.4221213639136972,20,2939,3010,"[2472 3017 1613 3217 1044 7111 1976 2640 2504 6329 6620 3437  962 3587
 1786 6980 1263  803 2691 3713 3010  912 4573 2212 5978 2588 3098  452
 3953 2019  811 1235 1391 7259 4009 4205 2099 2112  552 3353]",920
269,0.4230789912340507,38,552,551,"[2472 3017 1613 3217 1044 7111 1976 2640 2504 6329 6620 3437  962 3587
 1786 6980 1263  803 2691 3713 3010  912 4573 2212 5978 2588 3098  452
 3953 2019  811 1235 1391 7259 4009 4205 2099 2112  551 3353]",967
270,0.42277139495880073,29,2019,2156,"[2472 3017 1613 3217 1044 7111 1976 2640 2504 6329 6620 3437  962 3587
 1786 6980 1263  803 2691 3713 3010  912 4573 2212 5978 2588 3098  452
 3953 2156  811 1235 1391 7259 4009 4205 2099 2112  551 3353]",978
271,0.42262369107267883,0,2472,460,"[ 460 3017 1613 3217 1044 7111 1976 2640 2504 6329 6620 3437  962 3587
 1786 6980 1263  803 2691 3713 3010  912 4573 2212 5978 2588 3098  452
 3953 2156  811 1235 1391 7259 4009 4205 2099 2112  551 3353]",937
272,0.4236243501788196,20,3010,2939,"[ 460 3017 1613 3217 1044 7111 1976 2640 2504 6329 6620 3437  962 3587
 1786 6980 1263  803 2691 3713 2939  912 4573 2212 5978 2588 3098  452
 3953 2156  811 1235 1391 7259 4009 4205 2099 2112  551 3353]",918
273,0.42007294521172756,16,1263,1478,"[ 460 3017 1613 3217 1044 7111 1976 2640 2504 6329 6620 3437  962 3587
 1786 6980 1478  803 2691 3713 2939  912 4573 2212 5978 2588 3098  452
 3953 2156  811 1235 1391 7259 4009 4205 2099 2112  551 3353]",923
274,0.4209947077367287,4,1044,1043,"[ 460 3017 1613 3217 1043 7111 1976 2640 2504 6329 6620 3437  962 3587
 1786 6980 1478  803 2691 3713 2939  912 4573 2212 5978 2588 3098  452
 3953 2156  811 1235 1391 7259 4009 4205 2099 2112  551 3353]",951
275,0.42168905747480084,23,2212,2472,"[ 460 3017 1613 3217 1043 7111 1976 2640 2504 6329 6620 3437  962 3587
 1786 6980 1478  803 2691 3713 2939  912 4573 2472 5978 2588 3098  452
 3953 2156  811 1235 1391 7259 4009 4205 2099 2112  551 3353]",910
276,0.4202977852698531,2,1613,1682,"[ 460 3017 1682 3217 1043 7111 1976 2640 2504 6329 6620 3437  962 3587
 1786 6980 1478  803 2691 3713 2939  912 4573 2472 5978 2588 3098  452
 3953 2156  811 1235 1391 7259 4009 4205 2099 2112  551 3353]",908
277,0.42335492064050345,16,1478,1404,"[ 460 3017 1682 3217 1043 7111 1976 2640 2504 6329 6620 3437  962 3587
 1786 6980 1404  803 2691 3713 2939  912 4573 2472 5978 2588 3098  452
 3953 2156  811 1235 1391 7259 4009 4205 2099 2112  551 3353]",906
278,0.4233458141339166,6,1976,1977,"[ 460 3017 1682 3217 1043 7111 1977 2640 2504 6329 6620 3437  962 3587
 1786 6980 1404  803 2691 3713 2939  912 4573 2472 5978 2588 3098  452
 3953 2156  811 1235 1391 7259 4009 4205 2099 2112  551 3353]",912
279,0.423026127761992,35,4205,4133,"[ 460 3017 1682 3217 1043 7111 1977 2640 2504 6329 6620 3437  962 3587
 1786 6980 1404  803 2691 3713 2939  912 4573 2472 5978 2588 3098  452
 3953 2156  811 1235 1391 7259 4009 4133 2099 2112  551 3353]",963
280,0.4223465540091364,23,2472,1740,"[ 460 3017 1682 3217 1043 7111 1977 2640 2504 6329 6620 3437  962 3587
 1786 6980 1404  803 2691 3713 2939  912 4573 1740 5978 2588 3098  452
 3953 2156  811 1235 1391 7259 4009 4133 2099 2112  551 3353]",904
281,0.4207338693496637,34,4009,4150,"[ 460 3017 1682 3217 1043 7111 1977 2640 2504 6329 6620 3437  962 3587
 1786 6980 1404  803 2691 3713 2939  912 4573 1740 5978 2588 3098  452
 3953 2156  811 1235 1391 7259 4150 4133 2099 2112  551 3353]",915
282,0.41928431339706906,17,803,3674,"[ 460 3017 1682 3217 1043 7111 1977 2640 2504 6329 6620 3437  962 3587
 1786 6980 1404 3674 2691 3713 2939  912 4573 1740 5978 2588 3098  452
 3953 2156  811 1235 1391 7259 4150 4133 2099 2112  551 3353]",893
283,0.42124100429791456,34,4150,3934,"[ 460 3017 1682 3217 1043 7111 1977 2640 2504 6329 6620 3437  962 3587
 1786 6980 1404 3674 2691 3713 2939  912 4573 1740 5978 2588 3098  452
 3953 2156  811 1235 1391 7259 3934 4133 2099 2112  551 3353]",896
284,0.4182156895159278,15,6980,2401,"[ 460 3017 1682 3217 1043 7111 1977 2640 2504 6329 6620 3437  962 3587
 1786 2401 1404 3674 2691 3713 2939  912 4573 1740 5978 2588 3098  452
 3953 2156  811 1235 1391 7259 3934 4133 2099 2112  551 3353]",877
285,0.41742860475550136,12,962,1172,"[ 460 3017 1682 3217 1043 7111 1977 2640 2504 6329 6620 3437 1172 3587
 1786 2401 1404 3674 2691 3713 2939  912 4573 1740 5978 2588 3098  452
 3953 2156  811 1235 1391 7259 3934 4133 2099 2112  551 3353]",898
286,0.41821540229172016,18,2691,876,"[ 460 3017 1682 3217 1043 7111 1977 2640 2504 6329 6620 3437 1172 3587
 1786 2401 1404 3674  876 3713 2939  912 4573 1740 5978 2588 3098  452
 3953 2156  811 1235 1391 7259 3934 4133 2099 2112  551 3353]",933
287,0.4169345533708579,4,1043,1044,"[ 460 3017 1682 3217 1044 7111 1977 2640 2504 6329 6620 3437 1172 3587
 1786 2401 1404 3674  876 3713 2939  912 4573 1740 5978 2588 3098  452
 3953 2156  811 1235 1391 7259 3934 4133 2099 2112  551 3353]",948
288,0.4165342570045822,15,2401,2545,"[ 460 3017 1682 3217 1044 7111 1977 2640 2504 6329 6620 3437 1172 3587
 1786 2545 1404 3674  876 3713 2939  912 4573 1740 5978 2588 3098  452
 3953 2156  811 1235 1391 7259 3934 4133 2099 2112  551 3353]",959
289,0.41625192059853267,8,2504,6981,"[ 460 3017 1682 3217 1044 7111 1977 2640 6981 6329 6620 3437 1172 3587
 1786 2545 1404 3674  876 3713 2939  912 4573 1740 5978 2588 3098  452
 3953 2156  811 1235 1391 7259 3934 4133 2099 2112  551 3353]",924
290,0.4140843091786691,16,1404,2506,"[ 460 3017 1682 3217 1044 7111 1977 2640 6981 6329 6620 3437 1172 3587
 1786 2545 2506 3674  876 3713 2939  912 4573 1740 5978 2588 3098  452
 3953 2156  811 1235 1391 7259 3934 4133 2099 2112  551 3353]",927
291,0.4158973430034619,36,2099,1334,"[ 460 3017 1682 3217 1044 7111 1977 2640 6981 6329 6620 3437 1172 3587
 1786 2545 2506 3674  876 3713 2939  912 4573 1740 5978 2588 3098  452
 3953 2156  811 1235 1391 7259 3934 4133 1334 2112  551 3353]",948
292,0.4165875015443893,39,3353,1888,"[ 460 3017 1682 3217 1044 7111 1977 2640 6981 6329 6620 3437 1172 3587
 1786 2545 2506 3674  876 3713 2939  912 4573 1740 5978 2588 3098  452
 3953 2156  811 1235 1391 7259 3934 4133 1334 2112  551 1888]",965
293,0.41717784455773727,38,551,621,"[ 460 3017 1682 3217 1044 7111 1977 2640 6981 6329 6620 3437 1172 3587
 1786 2545 2506 3674  876 3713 2939  912 4573 1740 5978 2588 3098  452
 3953 2156  811 1235 1391 7259 3934 4133 1334 2112  621 1888]",993
294,0.4167876381808642,16,2506,2507,"[ 460 3017 1682 3217 1044 7111 1977 2640 6981 6329 6620 3437 1172 3587
 1786 2545 2507 3674  876 3713 2939  912 4573 1740 5978 2588 3098  452
 3953 2156  811 1235 1391 7259 3934 4133 1334 2112  621 1888]",977
295,0.4195615880452678,29,2156,3353,"[ 460 3017 1682 3217 1044 7111 1977 2640 6981 6329 6620 3437 1172 3587
 1786 2545 2507 3674  876 3713 2939  912 4573 1740 5978 2588 3098  452
 3953 3353  811 1235 1391 7259 3934 4133 1334 2112  621 1888]",995
296,0.4207799557595461,0,460,2217,"[2217 3017 1682 3217 1044 7111 1977 2640 6981 6329 6620 3437 1172 3587
 1786 2545 2507 3674  876 3713 2939  912 4573 1740 5978 2588 3098  452
 3953 3353  811 1235 1391 7259 3934 4133 1334 2112  621 1888]",989
297,0.4189585720706694,2,1682,1681,"[2217 3017 1681 3217 1044 7111 1977 2640 6981 6329 6620 3437 1172 3587
 1786 2545 2507 3674  876 3713 2939  912 4573 1740 5978 2588 3098  452
 3953 3353  811 1235 1391 7259 3934 4133 1334 2112  621 1888]",978
298,0.42101929395238824,9,6329,6543,"[2217 3017 1681 3217 1044 7111 1977 2640 6981 6543 6620 3437 1172 3587
 1786 2545 2507 3674  876 3713 2939  912 4573 1740 5978 2588 3098  452
 3953 3353  811 1235 1391 7259 3934 4133 1334 2112  621 1888]",1006
299,0.4205259531678486,31,1235,604,"[2217 3017 1681 3217 1044 7111 1977 2640 6981 6543 6620 3437 1172 3587
 1786 2545 2507 3674  876 3713 2939  912 4573 1740 5978 2588 3098  452
 3953 3353  811  604 1391 7259 3934 4133 1334 2112  621 1888]",1007
300,0.4177456886821023,3,3217,3288,"[2217 3017 1681 3288 1044 7111 1977 2640 6981 6543 6620 3437 1172 3587
 1786 2545 2507 3674  876 3713 2939  912 4573 1740 5978 2588 3098  452
 3953 3353  811  604 1391 7259 3934 4133 1334 2112  621 1888]",975
301,0.4168876396062145,33,7259,7403,"[2217 3017 1681 3288 1044 7111 1977 2640 6981 6543 6620 3437 1172 3587
 1786 2545 2507 3674  876 3713 2939  912 4573 1740 5978 2588 3098  452
 3953 3353  811  604 1391 7403 3934 4133 1334 2112  621 1888]",982
302,0.41668193931961944,14,1786,1928,"[2217 3017 1681 3288 1044 7111 1977 2640 6981 6543 6620 3437 1172 3587
 1928 2545 2507 3674  876 3713 2939  912 4573 1740 5978 2588 3098  452
 3953 3353  811  604 1391 7403 3934 4133 1334 2112  621 1888]",993
303,0.4150821487235832,7,2640,2566,"[2217 3017 1681 3288 1044 7111 1977 2566 6981 6543 6620 3437 1172 3587
 1928 2545 2507 3674  876 3713 2939  912 4573 1740 5978 2588 3098  452
 3953 3353  811  604 1391 7403 3934 4133 1334 2112  621 1888]",1004
304,0.4142116619575893,21,912,843,"[2217 3017 1681 3288 1044 7111 1977 2566 6981 6543 6620 3437 1172 3587
 1928 2545 2507 3674  876 3713 2939  843 4573 1740 5978 2588 3098  452
 3953 3353  811  604 1391 7403 3934 4133 1334 2112  621 1888]",1016
305,0.41393179566703786,14,1928,1235,"[2217 3017 1681 3288 1044 7111 1977 2566 6981 6543 6620 3437 1172 3587
 1235 2545 2507 3674  876 3713 2939  843 4573 1740 5978 2588 3098  452
 3953 3353  811  604 1391 7403 3934 4133 1334 2112  621 1888]",999
306,0.4143379391444463,30,811,5406,"[2217 3017 1681 3288 1044 7111 1977 2566 6981 6543 6620 3437 1172 3587
 1235 2545 2507 3674  876 3713 2939  843 4573 1740 5978 2588 3098  452
 3953 3353 5406  604 1391 7403 3934 4133 1334 2112  621 1888]",959
307,0.41437793959004593,1,3017,3016,"[2217 3016 1681 3288 1044 7111 1977 2566 6981 6543 6620 3437 1172 3587
 1235 2545 2507 3674  876 3713 2939  843 4573 1740 5978 2588 3098  452
 3953 3353 5406  604 1391 7403 3934 4133 1334 2112  621 1888]",920
308,0.4144240005140389,19,3713,3784,"[2217 3016 1681 3288 1044 7111 1977 2566 6981 6543 6620 3437 1172 3587
 1235 2545 2507 3674  876 3784 2939  843 4573 1740 5978 2588 3098  452
 3953 3353 5406  604 1391 7403 3934 4133 1334 2112  621 1888]",914
309,0.416880477628975,2,1681,1470,"[2217 3016 1470 3288 1044 7111 1977 2566 6981 6543 6620 3437 1172 3587
 1235 2545 2507 3674  876 3784 2939  843 4573 1740 5978 2588 3098  452
 3953 3353 5406  604 1391 7403 3934 4133 1334 2112  621 1888]",907
310,0.41642331522221365,25,2588,2447,"[2217 3016 1470 3288 1044 7111 1977 2566 6981 6543 6620 3437 1172 3587
 1235 2545 2507 3674  876 3784 2939  843 4573 1740 5978 2447 3098  452
 3953 3353 5406  604 1391 7403 3934 4133 1334 2112  621 1888]",941
311,0.4178531903348376,24,5978,6047,"[2217 3016 1470 3288 1044 7111 1977 2566 6981 6543 6620 3437 1172 3587
 1235 2545 2507 3674  876 3784 2939  843 4573 1740 6047 2447 3098  452
 3953 3353 5406  604 1391 7403 3934 4133 1334 2112  621 1888]",934
312,0.41745494243856407,14,1235,1856,"[2217 3016 1470 3288 1044 7111 1977 2566 6981 6543 6620 3437 1172 3587
 1856 2545 2507 3674  876 3784 2939  843 4573 1740 6047 2447 3098  452
 3953 3353 5406  604 1391 7403 3934 4133 1334 2112  621 1888]",927
313,0.41734815515522317,15,2545,1235,"[2217 3016 1470 3288 1044 7111 1977 2566 6981 6543 6620 3437 1172 3587
 1856 1235 2507 3674  876 3784 2939  843 4573 1740 6047 2447 3098  452
 3953 3353 5406  604 1391 7403 3934 4133 1334 2112  621 1888]",974
314,0.4169912107001681,22,4573,4435,"[2217 3016 1470 3288 1044 7111 1977 2566 6981 6543 6620 3437 1172 3587
 1856 1235 2507 3674  876 3784 2939  843 4435 1740 6047 2447 3098  452
 3953 3353 5406  604 1391 7403 3934 4133 1334 2112  621 1888]",994
315,0.4183762636309335,2,1470,1613,"[2217 3016 1613 3288 1044 7111 1977 2566 6981 6543 6620 3437 1172 3587
 1856 1235 2507 3674  876 3784 2939  843 4435 1740 6047 2447 3098  452
 3953 3353 5406  604 1391 7403 3934 4133 1334 2112  621 1888]",952
316,0.41976618860380177,4,1044,1042,"[2217 3016 1613 3288 1042 7111 1977 2566 6981 6543 6620 3437 1172 3587
 1856 1235 2507 3674  876 3784 2939  843 4435 1740 6047 2447 3098  452
 3953 3353 5406  604 1391 7403 3934 4133 1334 2112  621 1888]",962
317,0.4194996292081882,8,6981,6909,"[2217 3016 1613 3288 1042 7111 1977 2566 6909 6543 6620 3437 1172 3587
 1856 1235 2507 3674  876 3784 2939  843 4435 1740 6047 2447 3098  452
 3953 3353 5406  604 1391 7403 3934 4133 1334 2112  621 1888]",946
318,0.4187468476879447,19,3784,3715,"[2217 3016 1613 3288 1042 7111 1977 2566 6909 6543 6620 3437 1172 3587
 1856 1235 2507 3674  876 3715 2939  843 4435 1740 6047 2447 3098  452
 3953 3353 5406  604 1391 7403 3934 4133 1334 2112  621 1888]",946
319,0.4166588163585188,16,2507,2365,"[2217 3016 1613 3288 1042 7111 1977 2566 6909 6543 6620 3437 1172 3587
 1856 1235 2365 3674  876 3715 2939  843 4435 1740 6047 2447 3098  452
 3953 3353 5406  604 1391 7403 3934 4133 1334 2112  621 1888]",985
320,0.41544952876407043,37,2112,2182,"[2217 3016 1613 3288 1042 7111 1977 2566 6909 6543 6620 3437 1172 3587
 1856 1235 2365 3674  876 3715 2939  843 4435 1740 6047 2447 3098  452
 3953 3353 5406  604 1391 7403 3934 4133 1334 2182  621 1888]",978
321,0.41805337328403414,33,7403,7260,"[2217 3016 1613 3288 1042 7111 1977 2566 6909 6543 6620 3437 1172 3587
 1856 1235 2365 3674  876 3715 2939  843 4435 1740 6047 2447 3098  452
 3953 3353 5406  604 1391 7260 3934 4133 1334 2182  621 1888]",933
322,0.42008474046597133,36,1334,1049,"[2217 3016 1613 3288 1042 7111 1977 2566 6909 6543 6620 3437 1172 3587
 1856 1235 2365 3674  876 3715 2939  843 4435 1740 6047 2447 3098  452
 3953 3353 5406  604 1391 7260 3934 4133 1049 2182  621 1888]",948
323,0.4175760610516236,36,1049,1265,"[2217 3016 1613 3288 1042 7111 1977 2566 6909 6543 6620 3437 1172 3587
 1856 1235 2365 3674  876 3715 2939  843 4435 1740 6047 2447 3098  452
 3953 3353 5406  604 1391 7260 3934 4133 1265 2182  621 1888]",948
324,0.4202017733030006,30,5406,2402,"[2217 3016 1613 3288 1042 7111 1977 2566 6909 6543 6620 3437 1172 3587
 1856 1235 2365 3674  876 3715 2939  843 4435 1740 6047 2447 3098  452
 3953 3353 2402  604 1391 7260 3934 4133 1265 2182  621 1888]",982
325,0.41943129899333503,21,843,2763,"[2217 3016 1613 3288 1042 7111 1977 2566 6909 6543 6620 3437 1172 3587
 1856 1235 2365 3674  876 3715 2939 2763 4435 1740 6047 2447 3098  452
 3953 3353 2402  604 1391 7260 3934 4133 1265 2182  621 1888]",968
326,0.41928401914478786,33,7260,7331,"[2217 3016 1613 3288 1042 7111 1977 2566 6909 6543 6620 3437 1172 3587
 1856 1235 2365 3674  876 3715 2939 2763 4435 1740 6047 2447 3098  452
 3953 3353 2402  604 1391 7331 3934 4133 1265 2182  621 1888]",936
327,0.4205745573785171,21,2763,841,"[2217 3016 1613 3288 1042 7111 1977 2566 6909 6543 6620 3437 1172 3587
 1856 1235 2365 3674  876 3715 2939  841 4435 1740 6047 2447 3098  452
 3953 3353 2402  604 1391 7331 3934 4133 1265 2182  621 1888]",968
328,0.41914330479015305,27,452,597,"[2217 3016 1613 3288 1042 7111 1977 2566 6909 6543 6620 3437 1172 3587
 1856 1235 2365 3674  876 3715 2939  841 4435 1740 6047 2447 3098  597
 3953 3353 2402  604 1391 7331 3934 4133 1265 2182  621 1888]",972
329,0.4199067940743818,37,2182,2112,"[2217 3016 1613 3288 1042 7111 1977 2566 6909 6543 6620 3437 1172 3587
 1856 1235 2365 3674  876 3715 2939  841 4435 1740 6047 2447 3098  597
 3953 3353 2402  604 1391 7331 3934 4133 1265 2112  621 1888]",992
330,0.4195971179695521,0,2217,2643,"[2643 3016 1613 3288 1042 7111 1977 2566 6909 6543 6620 3437 1172 3587
 1856 1235 2365 3674  876 3715 2939  841 4435 1740 6047 2447 3098  597
 3953 3353 2402  604 1391 7331 3934 4133 1265 2112  621 1888]",974
331,0.41812941688339633,15,1235,2691,"[2643 3016 1613 3288 1042 7111 1977 2566 6909 6543 6620 3437 1172 3587
 1856 2691 2365 3674  876 3715 2939  841 4435 1740 6047 2447 3098  597
 3953 3353 2402  604 1391 7331 3934 4133 1265 2112  621 1888]",990
332,0.41791542170844015,31,604,747,"[2643 3016 1613 3288 1042 7111 1977 2566 6909 6543 6620 3437 1172 3587
 1856 2691 2365 3674  876 3715 2939  841 4435 1740 6047 2447 3098  597
 3953 3353 2402  747 1391 7331 3934 4133 1265 2112  621 1888]",978
333,0.41908714083344667,32,1391,1393,"[2643 3016 1613 3288 1042 7111 1977 2566 6909 6543 6620 3437 1172 3587
 1856 2691 2365 3674  876 3715 2939  841 4435 1740 6047 2447 3098  597
 3953 3353 2402  747 1393 7331 3934 4133 1265 2112  621 1888]",950
334,0.41884260771695836,33,7331,7330,"[2643 3016 1613 3288 1042 7111 1977 2566 6909 6543 6620 3437 1172 3587
 1856 2691 2365 3674  876 3715 2939  841 4435 1740 6047 2447 3098  597
 3953 3353 2402  747 1393 7330 3934 4133 1265 2112  621 1888]",959
335,0.4199623527326242,32,1393,1321,"[2643 3016 1613 3288 1042 7111 1977 2566 6909 6543 6620 3437 1172 3587
 1856 2691 2365 3674  876 3715 2939  841 4435 1740 6047 2447 3098  597
 3953 3353 2402  747 1321 7330 3934 4133 1265 2112  621 1888]",951
336,0.4212169470282016,7,2566,2284,"[2643 3016 1613 3288 1042 7111 1977 2284 6909 6543 6620 3437 1172 3587
 1856 2691 2365 3674  876 3715 2939  841 4435 1740 6047 2447 3098  597
 3953 3353 2402  747 1321 7330 3934 4133 1265 2112  621 1888]",953
337,0.41735667621364975,2,1613,1753,"[2643 3016 1753 3288 1042 7111 1977 2284 6909 6543 6620 3437 1172 3587
 1856 2691 2365 3674  876 3715 2939  841 4435 1740 6047 2447 3098  597
 3953 3353 2402  747 1321 7330 3934 4133 1265 2112  621 1888]",958
338,0.4163864634060944,30,2402,1442,"[2643 3016 1753 3288 1042 7111 1977 2284 6909 6543 6620 3437 1172 3587
 1856 2691 2365 3674  876 3715 2939  841 4435 1740 6047 2447 3098  597
 3953 3353 1442  747 1321 7330 3934 4133 1265 2112  621 1888]",952
339,0.41664162817469497,15,2691,2403,"[2643 3016 1753 3288 1042 7111 1977 2284 6909 6543 6620 3437 1172 3587
 1856 2403 2365 3674  876 3715 2939  841 4435 1740 6047 2447 3098  597
 3953 3353 1442  747 1321 7330 3934 4133 1265 2112  621 1888]",974
340,0.4170083003685331,14,1856,1858,"[2643 3016 1753 3288 1042 7111 1977 2284 6909 6543 6620 3437 1172 3587
 1858 2403 2365 3674  876 3715 2939  841 4435 1740 6047 2447 3098  597
 3953 3353 1442  747 1321 7330 3934 4133 1265 2112  621 1888]",937
341,0.4167594698981477,7,2284,2353,"[2643 3016 1753 3288 1042 7111 1977 2353 6909 6543 6620 3437 1172 3587
 1858 2403 2365 3674  876 3715 2939  841 4435 1740 6047 2447 3098  597
 3953 3353 1442  747 1321 7330 3934 4133 1265 2112  621 1888]",930
342,0.41591074060566546,12,1172,1169,"[2643 3016 1753 3288 1042 7111 1977 2353 6909 6543 6620 3437 1169 3587
 1858 2403 2365 3674  876 3715 2939  841 4435 1740 6047 2447 3098  597
 3953 3353 1442  747 1321 7330 3934 4133 1265 2112  621 1888]",941
343,0.4171427407017071,13,3587,3519,"[2643 3016 1753 3288 1042 7111 1977 2353 6909 6543 6620 3437 1169 3519
 1858 2403 2365 3674  876 3715 2939  841 4435 1740 6047 2447 3098  597
 3953 3353 1442  747 1321 7330 3934 4133 1265 2112  621 1888]",960
344,0.4161427592608217,8,6909,3942,"[2643 3016 1753 3288 1042 7111 1977 2353 3942 6543 6620 3437 1169 3519
 1858 2403 2365 3674  876 3715 2939  841 4435 1740 6047 2447 3098  597
 3953 3353 1442  747 1321 7330 3934 4133 1265 2112  621 1888]",928
345,0.41600692518330923,24,6047,6980,"[2643 3016 1753 3288 1042 7111 1977 2353 3942 6543 6620 3437 1169 3519
 1858 2403 2365 3674  876 3715 2939  841 4435 1740 6980 2447 3098  597
 3953 3353 1442  747 1321 7330 3934 4133 1265 2112  621 1888]",958
346,0.4200465625694848,36,1265,1263,"[2643 3016 1753 3288 1042 7111 1977 2353 3942 6543 6620 3437 1169 3519
 1858 2403 2365 3674  876 3715 2939  841 4435 1740 6980 2447 3098  597
 3953 3353 1442  747 1321 7330 3934 4133 1263 2112  621 1888]",977
347,0.4232459119024379,15,2403,6118,"[2643 3016 1753 3288 1042 7111 1977 2353 3942 6543 6620 3437 1169 3519
 1858 6118 2365 3674  876 3715 2939  841 4435 1740 6980 2447 3098  597
 3953 3353 1442  747 1321 7330 3934 4133 1263 2112  621 1888]",989
348,0.422989191271534,35,4133,2689,"[2643 3016 1753 3288 1042 7111 1977 2353 3942 6543 6620 3437 1169 3519
 1858 6118 2365 3674  876 3715 2939  841 4435 1740 6980 2447 3098  597
 3953 3353 1442  747 1321 7330 3934 2689 1263 2112  621 1888]",1033
349,0.42450652884592677,2,1753,1542,"[2643 3016 1542 3288 1042 7111 1977 2353 3942 6543 6620 3437 1169 3519
 1858 6118 2365 3674  876 3715 2939  841 4435 1740 6980 2447 3098  597
 3953 3353 1442  747 1321 7330 3934 2689 1263 2112  621 1888]",958
350,0.42421877920434065,14,1858,4134,"[2643 3016 1542 3288 1042 7111 1977 2353 3942 6543 6620 3437 1169 3519
 4134 6118 2365 3674  876 3715 2939  841 4435 1740 6980 2447 3098  597
 3953 3353 1442  747 1321 7330 3934 2689 1263 2112  621 1888]",973
351,0.4254262804529654,30,1442,1859,"[2643 3016 1542 3288 1042 7111 1977 2353 3942 6543 6620 3437 1169 3519
 4134 6118 2365 3674  876 3715 2939  841 4435 1740 6980 2447 3098  597
 3953 3353 1859  747 1321 7330 3934 2689 1263 2112  621 1888]",946
352,0.4260472093520545,17,3674,377,"[2643 3016 1542 3288 1042 7111 1977 2353 3942 6543 6620 3437 1169 3519
 4134 6118 2365  377  876 3715 2939  841 4435 1740 6980 2447 3098  597
 3953 3353 1859  747 1321 7330 3934 2689 1263 2112  621 1888]",962
353,0.4252809820358296,13,3519,3518,"[2643 3016 1542 3288 1042 7111 1977 2353 3942 6543 6620 3437 1169 3518
 4134 6118 2365  377  876 3715 2939  841 4435 1740 6980 2447 3098  597
 3953 3353 1859  747 1321 7330 3934 2689 1263 2112  621 1888]",968
354,0.42606184897926036,20,2939,2937,"[2643 3016 1542 3288 1042 7111 1977 2353 3942 6543 6620 3437 1169 3518
 4134 6118 2365  377  876 3715 2937  841 4435 1740 6980 2447 3098  597
 3953 3353 1859  747 1321 7330 3934 2689 1263 2112  621 1888]",962
355,0.4265309760123301,14,4134,4205,"[2643 3016 1542 3288 1042 7111 1977 2353 3942 6543 6620 3437 1169 3518
 4205 6118 2365  377  876 3715 2937  841 4435 1740 6980 2447 3098  597
 3953 3353 1859  747 1321 7330 3934 2689 1263 2112  621 1888]",1033
356,0.4272645301183032,25,2447,2516,"[2643 3016 1542 3288 1042 7111 1977 2353 3942 6543 6620 3437 1169 3518
 4205 6118 2365  377  876 3715 2937  841 4435 1740 6980 2516 3098  597
 3953 3353 1859  747 1321 7330 3934 2689 1263 2112  621 1888]",1012
357,0.4270960480671171,22,4435,4502,"[2643 3016 1542 3288 1042 7111 1977 2353 3942 6543 6620 3437 1169 3518
 4205 6118 2365  377  876 3715 2937  841 4502 1740 6980 2516 3098  597
 3953 3353 1859  747 1321 7330 3934 2689 1263 2112  621 1888]",999
358,0.4274837983605101,0,2643,2642,"[2642 3016 1542 3288 1042 7111 1977 2353 3942 6543 6620 3437 1169 3518
 4205 6118 2365  377  876 3715 2937  841 4502 1740 6980 2516 3098  597
 3953 3353 1859  747 1321 7330 3934 2689 1263 2112  621 1888]",970
359,0.4247963535231417,10,6620,3603,"[2642 3016 1542 3288 1042 7111 1977 2353 3942 6543 3603 3437 1169 3518
 4205 6118 2365  377  876 3715 2937  841 4502 1740 6980 2516 3098  597
 3953 3353 1859  747 1321 7330 3934 2689 1263 2112  621 1888]",959
360,0.4217919107002452,38,621,476,"[2642 3016 1542 3288 1042 7111 1977 2353 3942 6543 3603 3437 1169 3518
 4205 6118 2365  377  876 3715 2937  841 4502 1740 6980 2516 3098  597
 3953 3353 1859  747 1321 7330 3934 2689 1263 2112  476 1888]",957
361,0.4212781120727067,26,3098,6550,"[2642 3016 1542 3288 1042 7111 1977 2353 3942 6543 3603 3437 1169 3518
 4205 6118 2365  377  876 3715 2937  841 4502 1740 6980 2516 6550  597
 3953 3353 1859  747 1321 7330 3934 2689 1263 2112  476 1888]",967
362,0.4214055007671098,21,841,3168,"[2642 3016 1542 3288 1042 7111 1977 2353 3942 6543 3603 3437 1169 3518
 4205 6118 2365  377  876 3715 2937 3168 4502 1740 6980 2516 6550  597
 3953 3353 1859  747 1321 7330 3934 2689 1263 2112  476 1888]",991
363,0.42279909437901414,18,876,768,"[2642 3016 1542 3288 1042 7111 1977 2353 3942 6543 3603 3437 1169 3518
 4205 6118 2365  377  768 3715 2937 3168 4502 1740 6980 2516 6550  597
 3953 3353 1859  747 1321 7330 3934 2689 1263 2112  476 1888]",966
364,0.4218419982469181,39,1888,2174,"[2642 3016 1542 3288 1042 7111 1977 2353 3942 6543 3603 3437 1169 3518
 4205 6118 2365  377  768 3715 2937 3168 4502 1740 6980 2516 6550  597
 3953 3353 1859  747 1321 7330 3934 2689 1263 2112  476 2174]",955
365,0.4245054390840224,17,377,946,"[2642 3016 1542 3288 1042 7111 1977 2353 3942 6543 3603 3437 1169 3518
 4205 6118 2365  946  768 3715 2937 3168 4502 1740 6980 2516 6550  597
 3953 3353 1859  747 1321 7330 3934 2689 1263 2112  476 2174]",909
366,0.4236495977034851,7,2353,1514,"[2642 3016 1542 3288 1042 7111 1977 1514 3942 6543 3603 3437 1169 3518
 4205 6118 2365  946  768 3715 2937 3168 4502 1740 6980 2516 6550  597
 3953 3353 1859  747 1321 7330 3934 2689 1263 2112  476 2174]",851
367,0.42317063258328347,37,2112,2254,"[2642 3016 1542 3288 1042 7111 1977 1514 3942 6543 3603 3437 1169 3518
 4205 6118 2365  946  768 3715 2937 3168 4502 1740 6980 2516 6550  597
 3953 3353 1859  747 1321 7330 3934 2689 1263 2254  476 2174]",827
368,0.4231613830270326,39,2174,2100,"[2642 3016 1542 3288 1042 7111 1977 1514 3942 6543 3603 3437 1169 3518
 4205 6118 2365  946  768 3715 2937 3168 4502 1740 6980 2516 6550  597
 3953 3353 1859  747 1321 7330 3934 2689 1263 2254  476 2100]",847
369,0.4209931374714434,24,6980,7052,"[2642 3016 1542 3288 1042 7111 1977 1514 3942 6543 3603 3437 1169 3518
 4205 6118 2365  946  768 3715 2937 3168 4502 1740 7052 2516 6550  597
 3953 3353 1859  747 1321 7330 3934 2689 1263 2254  476 2100]",794
370,0.42178403415389965,10,3603,2352,"[2642 3016 1542 3288 1042 7111 1977 1514 3942 6543 2352 3437 1169 3518
 4205 6118 2365  946  768 3715 2937 3168 4502 1740 7052 2516 6550  597
 3953 3353 1859  747 1321 7330 3934 2689 1263 2254  476 2100]",831
371,0.42100072726382876,8,3942,520,"[2642 3016 1542 3288 1042 7111 1977 1514  520 6543 2352 3437 1169 3518
 4205 6118 2365  946  768 3715 2937 3168 4502 1740 7052 2516 6550  597
 3953 3353 1859  747 1321 7330 3934 2689 1263 2254  476 2100]",864
372,0.4217273133317331,23,1740,1806,"[2642 3016 1542 3288 1042 7111 1977 1514  520 6543 2352 3437 1169 3518
 4205 6118 2365  946  768 3715 2937 3168 4502 1806 7052 2516 6550  597
 3953 3353 1859  747 1321 7330 3934 2689 1263 2254  476 2100]",887
373,0.41824089007539367,9,6543,6397,"[2642 3016 1542 3288 1042 7111 1977 1514  520 6397 2352 3437 1169 3518
 4205 6118 2365  946  768 3715 2937 3168 4502 1806 7052 2516 6550  597
 3953 3353 1859  747 1321 7330 3934 2689 1263 2254  476 2100]",843
374,0.4242892485076797,31,747,6686,"[2642 3016 1542 3288 1042 7111 1977 1514  520 6397 2352 3437 1169 3518
 4205 6118 2365  946  768 3715 2937 3168 4502 1806 7052 2516 6550  597
 3953 3353 1859 6686 1321 7330 3934 2689 1263 2254  476 2100]",855
375,0.4255442634568368,30,1859,962,"[2642 3016 1542 3288 1042 7111 1977 1514  520 6397 2352 3437 1169 3518
 4205 6118 2365  946  768 3715 2937 3168 4502 1806 7052 2516 6550  597
 3953 3353  962 6686 1321 7330 3934 2689 1263 2254  476 2100]",899
376,0.42626810328555137,39,2100,1888,"[2642 3016 1542 3288 1042 7111 1977 1514  520 6397 2352 3437 1169 3518
 4205 6118 2365  946  768 3715 2937 3168 4502 1806 7052 2516 6550  597
 3953 3353  962 6686 1321 7330 3934 2689 1263 2254  476 1888]",968
377,0.4248256321226238,20,2937,2938,"[2642 3016 1542 3288 1042 7111 1977 1514  520 6397 2352 3437 1169 3518
 4205 6118 2365  946  768 3715 2938 3168 4502 1806 7052 2516 6550  597
 3953 3353  962 6686 1321 7330 3934 2689 1263 2254  476 1888]",903
378,0.4251575494136066,17,946,1786,"[2642 3016 1542 3288 1042 7111 1977 1514  520 6397 2352 3437 1169 3518
 4205 6118 2365 1786  768 3715 2938 3168 4502 1806 7052 2516 6550  597
 3953 3353  962 6686 1321 7330 3934 2689 1263 2254  476 1888]",911
379,0.4254097847144778,30,962,3942,"[2642 3016 1542 3288 1042 7111 1977 1514  520 6397 2352 3437 1169 3518
 4205 6118 2365 1786  768 3715 2938 3168 4502 1806 7052 2516 6550  597
 3953 3353 3942 6686 1321 7330 3934 2689 1263 2254  476 1888]",915
380,0.4249799990015132,35,2689,2764,"[2642 3016 1542 3288 1042 7111 1977 1514  520 6397 2352 3437 1169 3518
 4205 6118 2365 1786  768 3715 2938 3168 4502 1806 7052 2516 6550  597
 3953 3353 3942 6686 1321 7330 3934 2764 1263 2254  476 1888]",959
381,0.4254226661954503,38,476,479,"[2642 3016 1542 3288 1042 7111 1977 1514  520 6397 2352 3437 1169 3518
 4205 6118 2365 1786  768 3715 2938 3168 4502 1806 7052 2516 6550  597
 3953 3353 3942 6686 1321 7330 3934 2764 1263 2254  479 1888]",950
382,0.42407264885662854,39,1888,2101,"[2642 3016 1542 3288 1042 7111 1977 1514  520 6397 2352 3437 1169 3518
 4205 6118 2365 1786  768 3715 2938 3168 4502 1806 7052 2516 6550  597
 3953 3353 3942 6686 1321 7330 3934 2764 1263 2254  479 2101]",975
383,0.42592826844031284,27,597,810,"[2642 3016 1542 3288 1042 7111 1977 1514  520 6397 2352 3437 1169 3518
 4205 6118 2365 1786  768 3715 2938 3168 4502 1806 7052 2516 6550  810
 3953 3353 3942 6686 1321 7330 3934 2764 1263 2254  479 2101]",917
384,0.4246916210541847,30,3942,532,"[2642 3016 1542 3288 1042 7111 1977 1514  520 6397 2352 3437 1169 3518
 4205 6118 2365 1786  768 3715 2938 3168 4502 1806 7052 2516 6550  810
 3953 3353  532 6686 1321 7330 3934 2764 1263 2254  479 2101]",921
385,0.42516127079501975,19,3715,3942,"[2642 3016 1542 3288 1042 7111 1977 1514  520 6397 2352 3437 1169 3518
 4205 6118 2365 1786  768 3942 2938 3168 4502 1806 7052 2516 6550  810
 3953 3353  532 6686 1321 7330 3934 2764 1263 2254  479 2101]",880
386,0.4233100212039267,36,1263,1191,"[2642 3016 1542 3288 1042 7111 1977 1514  520 6397 2352 3437 1169 3518
 4205 6118 2365 1786  768 3942 2938 3168 4502 1806 7052 2516 6550  810
 3953 3353  532 6686 1321 7330 3934 2764 1191 2254  479 2101]",864
387,0.4237029752163034,28,3953,3812,"[2642 3016 1542 3288 1042 7111 1977 1514  520 6397 2352 3437 1169 3518
 4205 6118 2365 1786  768 3942 2938 3168 4502 1806 7052 2516 6550  810
 3812 3353  532 6686 1321 7330 3934 2764 1191 2254  479 2101]",932
388,0.4246553619842609,6,1977,2049,"[2642 3016 1542 3288 1042 7111 2049 1514  520 6397 2352 3437 1169 3518
 4205 6118 2365 1786  768 3942 2938 3168 4502 1806 7052 2516 6550  810
 3812 3353  532 6686 1321 7330 3934 2764 1191 2254  479 2101]",906
389,0.4237230589349251,14,4205,3712,"[2642 3016 1542 3288 1042 7111 2049 1514  520 6397 2352 3437 1169 3518
 3712 6118 2365 1786  768 3942 2938 3168 4502 1806 7052 2516 6550  810
 3812 3353  532 6686 1321 7330 3934 2764 1191 2254  479 2101]",943
390,0.4236543293377198,27,810,880,"[2642 3016 1542 3288 1042 7111 2049 1514  520 6397 2352 3437 1169 3518
 3712 6118 2365 1786  768 3942 2938 3168 4502 1806 7052 2516 6550  880
 3812 3353  532 6686 1321 7330 3934 2764 1191 2254  479 2101]",918
391,0.42428480320998374,28,3812,3883,"[2642 3016 1542 3288 1042 7111 2049 1514  520 6397 2352 3437 1169 3518
 3712 6118 2365 1786  768 3942 2938 3168 4502 1806 7052 2516 6550  880
 3883 3353  532 6686 1321 7330 3934 2764 1191 2254  479 2101]",990
392,0.42323735940827434,23,1806,4205,"[2642 3016 1542 3288 1042 7111 2049 1514  520 6397 2352 3437 1169 3518
 3712 6118 2365 1786  768 3942 2938 3168 4502 4205 7052 2516 6550  880
 3883 3353  532 6686 1321 7330 3934 2764 1191 2254  479 2101]",968
393,0.4228898622260623,34,3934,3863,"[2642 3016 1542 3288 1042 7111 2049 1514  520 6397 2352 3437 1169 3518
 3712 6118 2365 1786  768 3942 2938 3168 4502 4205 7052 2516 6550  880
 3883 3353  532 6686 1321 7330 3863 2764 1191 2254  479 2101]",911
394,0.4255190222900773,3,3288,3217,"[2642 3016 1542 3217 1042 7111 2049 1514  520 6397 2352 3437 1169 3518
 3712 6118 2365 1786  768 3942 2938 3168 4502 4205 7052 2516 6550  880
 3883 3353  532 6686 1321 7330 3863 2764 1191 2254  479 2101]",891
395,0.42702520953467993,17,1786,1878,"[2642 3016 1542 3217 1042 7111 2049 1514  520 6397 2352 3437 1169 3518
 3712 6118 2365 1878  768 3942 2938 3168 4502 4205 7052 2516 6550  880
 3883 3353  532 6686 1321 7330 3863 2764 1191 2254  479 2101]",914
396,0.42777014265293795,0,2642,2287,"[2287 3016 1542 3217 1042 7111 2049 1514  520 6397 2352 3437 1169 3518
 3712 6118 2365 1878  768 3942 2938 3168 4502 4205 7052 2516 6550  880
 3883 3353  532 6686 1321 7330 3863 2764 1191 2254  479 2101]",879
397,0.4302629411006205,12,1169,1032,"[2287 3016 1542 3217 1042 7111 2049 1514  520 6397 2352 3437 1032 3518
 3712 6118 2365 1878  768 3942 2938 3168 4502 4205 7052 2516 6550  880
 3883 3353  532 6686 1321 7330 3863 2764 1191 2254  479 2101]",899
398,0.423101387024882,31,6686,1928,"[2287 3016 1542 3217 1042 7111 2049 1514  520 6397 2352 3437 1032 3518
 3712 6118 2365 1878  768 3942 2938 3168 4502 4205 7052 2516 6550  880
 3883 3353  532 1928 1321 7330 3863 2764 1191 2254  479 2101]",858
399,0.42185838116523466,19,3942,4013,"[2287 3016 1542 3217 1042 7111 2049 1514  520 6397 2352 3437 1032 3518
 3712 6118 2365 1878  768 4013 2938 3168 4502 4205 7052 2516 6550  880
 3883 3353  532 1928 1321 7330 3863 2764 1191 2254  479 2101]",883
400,0.42110078466310874,37,2254,2111,"[2287 3016 1542 3217 1042 7111 2049 1514  520 6397 2352 3437 1032 3518
 3712 6118 2365 1878  768 4013 2938 3168 4502 4205 7052 2516 6550  880
 3883 3353  532 1928 1321 7330 3863 2764 1191 2111  479 2101]",914
401,0.421983286312393,32,1321,6686,"[2287 3016 1542 3217 1042 7111 2049 1514  520 6397 2352 3437 1032 3518
 3712 6118 2365 1878  768 4013 2938 3168 4502 4205 7052 2516 6550  880
 3883 3353  532 1928 6686 7330 3863 2764 1191 2111  479 2101]",881
402,0.4232012174930548,38,479,1463,"[2287 3016 1542 3217 1042 7111 2049 1514  520 6397 2352 3437 1032 3518
 3712 6118 2365 1878  768 4013 2938 3168 4502 4205 7052 2516 6550  880
 3883 3353  532 1928 6686 7330 3863 2764 1191 2111 1463 2101]",938
403,0.42586212366728354,9,6397,618,"[2287 3016 1542 3217 1042 7111 2049 1514  520  618 2352 3437 1032 3518
 3712 6118 2365 1878  768 4013 2938 3168 4502 4205 7052 2516 6550  880
 3883 3353  532 1928 6686 7330 3863 2764 1191 2111 1463 2101]",918
404,0.42630593962047103,26,6550,6763,"[2287 3016 1542 3217 1042 7111 2049 1514  520  618 2352 3437 1032 3518
 3712 6118 2365 1878  768 4013 2938 3168 4502 4205 7052 2516 6763  880
 3883 3353  532 1928 6686 7330 3863 2764 1191 2111 1463 2101]",911
405,0.42606502616269004,8,520,521,"[2287 3016 1542 3217 1042 7111 2049 1514  521  618 2352 3437 1032 3518
 3712 6118 2365 1878  768 4013 2938 3168 4502 4205 7052 2516 6763  880
 3883 3353  532 1928 6686 7330 3863 2764 1191 2111 1463 2101]",946
406,0.42700636499528977,9,618,549,"[2287 3016 1542 3217 1042 7111 2049 1514  521  549 2352 3437 1032 3518
 3712 6118 2365 1878  768 4013 2938 3168 4502 4205 7052 2516 6763  880
 3883 3353  532 1928 6686 7330 3863 2764 1191 2111 1463 2101]",940
407,0.4265625490421023,26,6763,6550,"[2287 3016 1542 3217 1042 7111 2049 1514  521  549 2352 3437 1032 3518
 3712 6118 2365 1878  768 4013 2938 3168 4502 4205 7052 2516 6550  880
 3883 3353  532 1928 6686 7330 3863 2764 1191 2111 1463 2101]",911
408,0.42677180128012787,6,2049,2259,"[2287 3016 1542 3217 1042 7111 2259 1514  521  549 2352 3437 1032 3518
 3712 6118 2365 1878  768 4013 2938 3168 4502 4205 7052 2516 6550  880
 3883 3353  532 1928 6686 7330 3863 2764 1191 2111 1463 2101]",943
409,0.4261224828674068,4,1042,1690,"[2287 3016 1542 3217 1690 7111 2259 1514  521  549 2352 3437 1032 3518
 3712 6118 2365 1878  768 4013 2938 3168 4502 4205 7052 2516 6550  880
 3883 3353  532 1928 6686 7330 3863 2764 1191 2111 1463 2101]",908
410,0.42475090792214243,3,3217,1042,"[2287 3016 1542 1042 1690 7111 2259 1514  521  549 2352 3437 1032 3518
 3712 6118 2365 1878  768 4013 2938 3168 4502 4205 7052 2516 6550  880
 3883 3353  532 1928 6686 7330 3863 2764 1191 2111 1463 2101]",891
411,0.4251840866056391,7,1514,2858,"[2287 3016 1542 1042 1690 7111 2259 2858  521  549 2352 3437 1032 3518
 3712 6118 2365 1878  768 4013 2938 3168 4502 4205 7052 2516 6550  880
 3883 3353  532 1928 6686 7330 3863 2764 1191 2111 1463 2101]",947
412,0.42573038710132716,31,1928,3289,"[2287 3016 1542 1042 1690 7111 2259 2858  521  549 2352 3437 1032 3518
 3712 6118 2365 1878  768 4013 2938 3168 4502 4205 7052 2516 6550  880
 3883 3353  532 3289 6686 7330 3863 2764 1191 2111 1463 2101]",934
413,0.4260809060179144,30,532,673,"[2287 3016 1542 1042 1690 7111 2259 2858  521  549 2352 3437 1032 3518
 3712 6118 2365 1878  768 4013 2938 3168 4502 4205 7052 2516 6550  880
 3883 3353  673 3289 6686 7330 3863 2764 1191 2111 1463 2101]",985
414,0.4267396799328709,16,2365,1858,"[2287 3016 1542 1042 1690 7111 2259 2858  521  549 2352 3437 1032 3518
 3712 6118 1858 1878  768 4013 2938 3168 4502 4205 7052 2516 6550  880
 3883 3353  673 3289 6686 7330 3863 2764 1191 2111 1463 2101]",990
415,0.42500575437111754,5,7111,7180,"[2287 3016 1542 1042 1690 7180 2259 2858  521  549 2352 3437 1032 3518
 3712 6118 1858 1878  768 4013 2938 3168 4502 4205 7052 2516 6550  880
 3883 3353  673 3289 6686 7330 3863 2764 1191 2111 1463 2101]",998
416,0.423861491997652,18,768,913,"[2287 3016 1542 1042 1690 7180 2259 2858  521  549 2352 3437 1032 3518
 3712 6118 1858 1878  913 4013 2938 3168 4502 4205 7052 2516 6550  880
 3883 3353  673 3289 6686 7330 3863 2764 1191 2111 1463 2101]",1012
417,0.42256700867916885,11,3437,3440,"[2287 3016 1542 1042 1690 7180 2259 2858  521  549 2352 3440 1032 3518
 3712 6118 1858 1878  913 4013 2938 3168 4502 4205 7052 2516 6550  880
 3883 3353  673 3289 6686 7330 3863 2764 1191 2111 1463 2101]",971
418,0.4250455811462098,9,549,763,"[2287 3016 1542 1042 1690 7180 2259 2858  521  763 2352 3440 1032 3518
 3712 6118 1858 1878  913 4013 2938 3168 4502 4205 7052 2516 6550  880
 3883 3353  673 3289 6686 7330 3863 2764 1191 2111 1463 2101]",1039
419,0.4267092215199044,7,2858,2649,"[2287 3016 1542 1042 1690 7180 2259 2649  521  763 2352 3440 1032 3518
 3712 6118 1858 1878  913 4013 2938 3168 4502 4205 7052 2516 6550  880
 3883 3353  673 3289 6686 7330 3863 2764 1191 2111 1463 2101]",1039
420,0.4264049347554637,24,7052,6910,"[2287 3016 1542 1042 1690 7180 2259 2649  521  763 2352 3440 1032 3518
 3712 6118 1858 1878  913 4013 2938 3168 4502 4205 6910 2516 6550  880
 3883 3353  673 3289 6686 7330 3863 2764 1191 2111 1463 2101]",1018
421,0.4277131743053738,0,2287,2221,"[2221 3016 1542 1042 1690 7180 2259 2649  521  763 2352 3440 1032 3518
 3712 6118 1858 1878  913 4013 2938 3168 4502 4205 6910 2516 6550  880
 3883 3353  673 3289 6686 7330 3863 2764 1191 2111 1463 2101]",1023
422,0.4272819767230436,26,6550,6551,"[2221 3016 1542 1042 1690 7180 2259 2649  521  763 2352 3440 1032 3518
 3712 6118 1858 1878  913 4013 2938 3168 4502 4205 6910 2516 6551  880
 3883 3353  673 3289 6686 7330 3863 2764 1191 2111 1463 2101]",996
423,0.42690603274183675,33,7330,7188,"[2221 3016 1542 1042 1690 7180 2259 2649  521  763 2352 3440 1032 3518
 3712 6118 1858 1878  913 4013 2938 3168 4502 4205 6910 2516 6551  880
 3883 3353  673 3289 6686 7188 3863 2764 1191 2111 1463 2101]",998
424,0.42706270428616466,17,1878,1811,"[2221 3016 1542 1042 1690 7180 2259 2649  521  763 2352 3440 1032 3518
 3712 6118 1858 1811  913 4013 2938 3168 4502 4205 6910 2516 6551  880
 3883 3353  673 3289 6686 7188 3863 2764 1191 2111 1463 2101]",1051
425,0.4285783727037473,11,3440,3437,"[2221 3016 1542 1042 1690 7180 2259 2649  521  763 2352 3437 1032 3518
 3712 6118 1858 1811  913 4013 2938 3168 4502 4205 6910 2516 6551  880
 3883 3353  673 3289 6686 7188 3863 2764 1191 2111 1463 2101]",994
426,0.42818680640170986,10,2352,2642,"[2221 3016 1542 1042 1690 7180 2259 2649  521  763 2642 3437 1032 3518
 3712 6118 1858 1811  913 4013 2938 3168 4502 4205 6910 2516 6551  880
 3883 3353  673 3289 6686 7188 3863 2764 1191 2111 1463 2101]",1025
427,0.42827406602295515,24,6910,6982,"[2221 3016 1542 1042 1690 7180 2259 2649  521  763 2642 3437 1032 3518
 3712 6118 1858 1811  913 4013 2938 3168 4502 4205 6982 2516 6551  880
 3883 3353  673 3289 6686 7188 3863 2764 1191 2111 1463 2101]",986
428,0.426229270710445,34,3863,1379,"[2221 3016 1542 1042 1690 7180 2259 2649  521  763 2642 3437 1032 3518
 3712 6118 1858 1811  913 4013 2938 3168 4502 4205 6982 2516 6551  880
 3883 3353  673 3289 6686 7188 1379 2764 1191 2111 1463 2101]",996
429,0.4276801245801957,39,2101,3865,"[2221 3016 1542 1042 1690 7180 2259 2649  521  763 2642 3437 1032 3518
 3712 6118 1858 1811  913 4013 2938 3168 4502 4205 6982 2516 6551  880
 3883 3353  673 3289 6686 7188 1379 2764 1191 2111 1463 3865]",1010
430,0.4269893672222249,28,3883,3812,"[2221 3016 1542 1042 1690 7180 2259 2649  521  763 2642 3437 1032 3518
 3712 6118 1858 1811  913 4013 2938 3168 4502 4205 6982 2516 6551  880
 3812 3353  673 3289 6686 7188 1379 2764 1191 2111 1463 3865]",1083
431,0.42649802832302525,5,7180,7252,"[2221 3016 1542 1042 1690 7252 2259 2649  521  763 2642 3437 1032 3518
 3712 6118 1858 1811  913 4013 2938 3168 4502 4205 6982 2516 6551  880
 3812 3353  673 3289 6686 7188 1379 2764 1191 2111 1463 3865]",1021
432,0.42473202250028946,1,3016,3015,"[2221 3015 1542 1042 1690 7252 2259 2649  521  763 2642 3437 1032 3518
 3712 6118 1858 1811  913 4013 2938 3168 4502 4205 6982 2516 6551  880
 3812 3353  673 3289 6686 7188 1379 2764 1191 2111 1463 3865]",1021
433,0.4235740136484631,27,880,1888,"[2221 3015 1542 1042 1690 7252 2259 2649  521  763 2642 3437 1032 3518
 3712 6118 1858 1811  913 4013 2938 3168 4502 4205 6982 2516 6551 1888
 3812 3353  673 3289 6686 7188 1379 2764 1191 2111 1463 3865]",1009
434,0.4243500234847853,17,1811,1017,"[2221 3015 1542 1042 1690 7252 2259 2649  521  763 2642 3437 1032 3518
 3712 6118 1858 1017  913 4013 2938 3168 4502 4205 6982 2516 6551 1888
 3812 3353  673 3289 6686 7188 1379 2764 1191 2111 1463 3865]",1017
435,0.42436734139360044,16,1858,1929,"[2221 3015 1542 1042 1690 7252 2259 2649  521  763 2642 3437 1032 3518
 3712 6118 1929 1017  913 4013 2938 3168 4502 4205 6982 2516 6551 1888
 3812 3353  673 3289 6686 7188 1379 2764 1191 2111 1463 3865]",1024
436,0.4237663752238517,3,1042,1038,"[2221 3015 1542 1038 1690 7252 2259 2649  521  763 2642 3437 1032 3518
 3712 6118 1929 1017  913 4013 2938 3168 4502 4205 6982 2516 6551 1888
 3812 3353  673 3289 6686 7188 1379 2764 1191 2111 1463 3865]",992
437,0.4237142936684478,18,913,2352,"[2221 3015 1542 1038 1690 7252 2259 2649  521  763 2642 3437 1032 3518
 3712 6118 1929 1017 2352 4013 2938 3168 4502 4205 6982 2516 6551 1888
 3812 3353  673 3289 6686 7188 1379 2764 1191 2111 1463 3865]",1006
438,0.4234976429189407,35,2764,2760,"[2221 3015 1542 1038 1690 7252 2259 2649  521  763 2642 3437 1032 3518
 3712 6118 1929 1017 2352 4013 2938 3168 4502 4205 6982 2516 6551 1888
 3812 3353  673 3289 6686 7188 1379 2760 1191 2111 1463 3865]",1065
439,0.42294765111994653,17,1017,1090,"[2221 3015 1542 1038 1690 7252 2259 2649  521  763 2642 3437 1032 3518
 3712 6118 1929 1090 2352 4013 2938 3168 4502 4205 6982 2516 6551 1888
 3812 3353  673 3289 6686 7188 1379 2760 1191 2111 1463 3865]",1041
440,0.42204900612666824,16,1929,1740,"[2221 3015 1542 1038 1690 7252 2259 2649  521  763 2642 3437 1032 3518
 3712 6118 1740 1090 2352 4013 2938 3168 4502 4205 6982 2516 6551 1888
 3812 3353  673 3289 6686 7188 1379 2760 1191 2111 1463 3865]",1025
441,0.4222601295738174,31,3289,1858,"[2221 3015 1542 1038 1690 7252 2259 2649  521  763 2642 3437 1032 3518
 3712 6118 1740 1090 2352 4013 2938 3168 4502 4205 6982 2516 6551 1888
 3812 3353  673 1858 6686 7188 1379 2760 1191 2111 1463 3865]",991
442,0.4229318212852997,18,2352,3289,"[2221 3015 1542 1038 1690 7252 2259 2649  521  763 2642 3437 1032 3518
 3712 6118 1740 1090 3289 4013 2938 3168 4502 4205 6982 2516 6551 1888
 3812 3353  673 1858 6686 7188 1379 2760 1191 2111 1463 3865]",972
443,0.4219205781745319,15,6118,6190,"[2221 3015 1542 1038 1690 7252 2259 2649  521  763 2642 3437 1032 3518
 3712 6190 1740 1090 3289 4013 2938 3168 4502 4205 6982 2516 6551 1888
 3812 3353  673 1858 6686 7188 1379 2760 1191 2111 1463 3865]",1039
444,0.4224824039453312,6,2259,2188,"[2221 3015 1542 1038 1690 7252 2188 2649  521  763 2642 3437 1032 3518
 3712 6190 1740 1090 3289 4013 2938 3168 4502 4205 6982 2516 6551 1888
 3812 3353  673 1858 6686 7188 1379 2760 1191 2111 1463 3865]",1012
445,0.4216545988213232,13,3518,3592,"[2221 3015 1542 1038 1690 7252 2188 2649  521  763 2642 3437 1032 3592
 3712 6190 1740 1090 3289 4013 2938 3168 4502 4205 6982 2516 6551 1888
 3812 3353  673 1858 6686 7188 1379 2760 1191 2111 1463 3865]",1005
446,0.4208053702052249,21,3168,912,"[2221 3015 1542 1038 1690 7252 2188 2649  521  763 2642 3437 1032 3592
 3712 6190 1740 1090 3289 4013 2938  912 4502 4205 6982 2516 6551 1888
 3812 3353  673 1858 6686 7188 1379 2760 1191 2111 1463 3865]",1049
447,0.4207993880082077,8,521,451,"[2221 3015 1542 1038 1690 7252 2188 2649  451  763 2642 3437 1032 3592
 3712 6190 1740 1090 3289 4013 2938  912 4502 4205 6982 2516 6551 1888
 3812 3353  673 1858 6686 7188 1379 2760 1191 2111 1463 3865]",1069
448,0.4200340169805812,17,1090,246,"[2221 3015 1542 1038 1690 7252 2188 2649  451  763 2642 3437 1032 3592
 3712 6190 1740  246 3289 4013 2938  912 4502 4205 6982 2516 6551 1888
 3812 3353  673 1858 6686 7188 1379 2760 1191 2111 1463 3865]",1061
449,0.4202160830646573,4,1690,3028,"[2221 3015 1542 1038 3028 7252 2188 2649  451  763 2642 3437 1032 3592
 3712 6190 1740  246 3289 4013 2938  912 4502 4205 6982 2516 6551 1888
 3812 3353  673 1858 6686 7188 1379 2760 1191 2111 1463 3865]",1074
450,0.4196764017861002,29,3353,3352,"[2221 3015 1542 1038 3028 7252 2188 2649  451  763 2642 3437 1032 3592
 3712 6190 1740  246 3289 4013 2938  912 4502 4205 6982 2516 6551 1888
 3812 3352  673 1858 6686 7188 1379 2760 1191 2111 1463 3865]",1028
451,0.42118163337871484,8,451,452,"[2221 3015 1542 1038 3028 7252 2188 2649  452  763 2642 3437 1032 3592
 3712 6190 1740  246 3289 4013 2938  912 4502 4205 6982 2516 6551 1888
 3812 3352  673 1858 6686 7188 1379 2760 1191 2111 1463 3865]",1042
452,0.4241764698257735,19,4013,803,"[2221 3015 1542 1038 3028 7252 2188 2649  452  763 2642 3437 1032 3592
 3712 6190 1740  246 3289  803 2938  912 4502 4205 6982 2516 6551 1888
 3812 3352  673 1858 6686 7188 1379 2760 1191 2111 1463 3865]",1025
453,0.4232458193792306,3,1038,1765,"[2221 3015 1542 1765 3028 7252 2188 2649  452  763 2642 3437 1032 3592
 3712 6190 1740  246 3289  803 2938  912 4502 4205 6982 2516 6551 1888
 3812 3352  673 1858 6686 7188 1379 2760 1191 2111 1463 3865]",1002
454,0.42299489926486256,19,803,876,"[2221 3015 1542 1765 3028 7252 2188 2649  452  763 2642 3437 1032 3592
 3712 6190 1740  246 3289  876 2938  912 4502 4205 6982 2516 6551 1888
 3812 3352  673 1858 6686 7188 1379 2760 1191 2111 1463 3865]",1027
455,0.4230816621768433,34,1379,1042,"[2221 3015 1542 1765 3028 7252 2188 2649  452  763 2642 3437 1032 3592
 3712 6190 1740  246 3289  876 2938  912 4502 4205 6982 2516 6551 1888
 3812 3352  673 1858 6686 7188 1042 2760 1191 2111 1463 3865]",1034
456,0.4225482086811039,13,3592,3520,"[2221 3015 1542 1765 3028 7252 2188 2649  452  763 2642 3437 1032 3520
 3712 6190 1740  246 3289  876 2938  912 4502 4205 6982 2516 6551 1888
 3812 3352  673 1858 6686 7188 1042 2760 1191 2111 1463 3865]",1075
457,0.4245892219382137,25,2516,2517,"[2221 3015 1542 1765 3028 7252 2188 2649  452  763 2642 3437 1032 3520
 3712 6190 1740  246 3289  876 2938  912 4502 4205 6982 2517 6551 1888
 3812 3352  673 1858 6686 7188 1042 2760 1191 2111 1463 3865]",1068
458,0.42166957334846883,25,2517,2445,"[2221 3015 1542 1765 3028 7252 2188 2649  452  763 2642 3437 1032 3520
 3712 6190 1740  246 3289  876 2938  912 4502 4205 6982 2445 6551 1888
 3812 3352  673 1858 6686 7188 1042 2760 1191 2111 1463 3865]",1068
459,0.42390030601973905,3,1765,1378,"[2221 3015 1542 1378 3028 7252 2188 2649  452  763 2642 3437 1032 3520
 3712 6190 1740  246 3289  876 2938  912 4502 4205 6982 2445 6551 1888
 3812 3352  673 1858 6686 7188 1042 2760 1191 2111 1463 3865]",1027
460,0.4234956300540168,39,3865,3867,"[2221 3015 1542 1378 3028 7252 2188 2649  452  763 2642 3437 1032 3520
 3712 6190 1740  246 3289  876 2938  912 4502 4205 6982 2445 6551 1888
 3812 3352  673 1858 6686 7188 1042 2760 1191 2111 1463 3867]",1018
461,0.425042760802572,36,1191,1263,"[2221 3015 1542 1378 3028 7252 2188 2649  452  763 2642 3437 1032 3520
 3712 6190 1740  246 3289  876 2938  912 4502 4205 6982 2445 6551 1888
 3812 3352  673 1858 6686 7188 1042 2760 1263 2111 1463 3867]",973
462,0.422566876407915,6,2188,2121,"[2221 3015 1542 1378 3028 7252 2121 2649  452  763 2642 3437 1032 3520
 3712 6190 1740  246 3289  876 2938  912 4502 4205 6982 2445 6551 1888
 3812 3352  673 1858 6686 7188 1042 2760 1263 2111 1463 3867]",1002
463,0.4211881223927872,27,1888,2099,"[2221 3015 1542 1378 3028 7252 2121 2649  452  763 2642 3437 1032 3520
 3712 6190 1740  246 3289  876 2938  912 4502 4205 6982 2445 6551 2099
 3812 3352  673 1858 6686 7188 1042 2760 1263 2111 1463 3867]",978
464,0.42386196741425564,38,1463,1535,"[2221 3015 1542 1378 3028 7252 2121 2649  452  763 2642 3437 1032 3520
 3712 6190 1740  246 3289  876 2938  912 4502 4205 6982 2445 6551 2099
 3812 3352  673 1858 6686 7188 1042 2760 1263 2111 1535 3867]",941
465,0.4222736499108994,36,1263,1191,"[2221 3015 1542 1378 3028 7252 2121 2649  452  763 2642 3437 1032 3520
 3712 6190 1740  246 3289  876 2938  912 4502 4205 6982 2445 6551 2099
 3812 3352  673 1858 6686 7188 1042 2760 1191 2111 1535 3867]",938
466,0.4231272724375036,32,6686,6687,"[2221 3015 1542 1378 3028 7252 2121 2649  452  763 2642 3437 1032 3520
 3712 6190 1740  246 3289  876 2938  912 4502 4205 6982 2445 6551 2099
 3812 3352  673 1858 6687 7188 1042 2760 1191 2111 1535 3867]",956
467,0.42263750878711986,15,6190,6046,"[2221 3015 1542 1378 3028 7252 2121 2649  452  763 2642 3437 1032 3520
 3712 6046 1740  246 3289  876 2938  912 4502 4205 6982 2445 6551 2099
 3812 3352  673 1858 6687 7188 1042 2760 1191 2111 1535 3867]",995
468,0.4238178281438365,17,246,6751,"[2221 3015 1542 1378 3028 7252 2121 2649  452  763 2642 3437 1032 3520
 3712 6046 1740 6751 3289  876 2938  912 4502 4205 6982 2445 6551 2099
 3812 3352  673 1858 6687 7188 1042 2760 1191 2111 1535 3867]",926
469,0.4229997135950193,15,6046,5978,"[2221 3015 1542 1378 3028 7252 2121 2649  452  763 2642 3437 1032 3520
 3712 5978 1740 6751 3289  876 2938  912 4502 4205 6982 2445 6551 2099
 3812 3352  673 1858 6687 7188 1042 2760 1191 2111 1535 3867]",987
470,0.4236719841143558,33,7188,7260,"[2221 3015 1542 1378 3028 7252 2121 2649  452  763 2642 3437 1032 3520
 3712 5978 1740 6751 3289  876 2938  912 4502 4205 6982 2445 6551 2099
 3812 3352  673 1858 6687 7260 1042 2760 1191 2111 1535 3867]",931
471,0.42357650395227686,19,876,875,"[2221 3015 1542 1378 3028 7252 2121 2649  452  763 2642 3437 1032 3520
 3712 5978 1740 6751 3289  875 2938  912 4502 4205 6982 2445 6551 2099
 3812 3352  673 1858 6687 7260 1042 2760 1191 2111 1535 3867]",947
472,0.4230659863999533,35,2760,2621,"[2221 3015 1542 1378 3028 7252 2121 2649  452  763 2642 3437 1032 3520
 3712 5978 1740 6751 3289  875 2938  912 4502 4205 6982 2445 6551 2099
 3812 3352  673 1858 6687 7260 1042 2621 1191 2111 1535 3867]",975
473,0.423316650075105,4,3028,3098,"[2221 3015 1542 1378 3098 7252 2121 2649  452  763 2642 3437 1032 3520
 3712 5978 1740 6751 3289  875 2938  912 4502 4205 6982 2445 6551 2099
 3812 3352  673 1858 6687 7260 1042 2621 1191 2111 1535 3867]",997
474,0.4210148889526967,36,1191,2472,"[2221 3015 1542 1378 3098 7252 2121 2649  452  763 2642 3437 1032 3520
 3712 5978 1740 6751 3289  875 2938  912 4502 4205 6982 2445 6551 2099
 3812 3352  673 1858 6687 7260 1042 2621 2472 2111 1535 3867]",934
475,0.4211818866596341,4,3098,1690,"[2221 3015 1542 1378 1690 7252 2121 2649  452  763 2642 3437 1032 3520
 3712 5978 1740 6751 3289  875 2938  912 4502 4205 6982 2445 6551 2099
 3812 3352  673 1858 6687 7260 1042 2621 2472 2111 1535 3867]",976
476,0.42152128790629795,7,2649,4003,"[2221 3015 1542 1378 1690 7252 2121 4003  452  763 2642 3437 1032 3520
 3712 5978 1740 6751 3289  875 2938  912 4502 4205 6982 2445 6551 2099
 3812 3352  673 1858 6687 7260 1042 2621 2472 2111 1535 3867]",949
477,0.4220052516719042,6,2121,3098,"[2221 3015 1542 1378 1690 7252 3098 4003  452  763 2642 3437 1032 3520
 3712 5978 1740 6751 3289  875 2938  912 4502 4205 6982 2445 6551 2099
 3812 3352  673 1858 6687 7260 1042 2621 2472 2111 1535 3867]",946
478,0.4190629597862464,33,7260,7047,"[2221 3015 1542 1378 1690 7252 3098 4003  452  763 2642 3437 1032 3520
 3712 5978 1740 6751 3289  875 2938  912 4502 4205 6982 2445 6551 2099
 3812 3352  673 1858 6687 7047 1042 2621 2472 2111 1535 3867]",899
479,0.42159886841650174,16,1740,1263,"[2221 3015 1542 1378 1690 7252 3098 4003  452  763 2642 3437 1032 3520
 3712 5978 1263 6751 3289  875 2938  912 4502 4205 6982 2445 6551 2099
 3812 3352  673 1858 6687 7047 1042 2621 2472 2111 1535 3867]",913
480,0.42375338802165563,18,3289,3217,"[2221 3015 1542 1378 1690 7252 3098 4003  452  763 2642 3437 1032 3520
 3712 5978 1263 6751 3217  875 2938  912 4502 4205 6982 2445 6551 2099
 3812 3352  673 1858 6687 7047 1042 2621 2472 2111 1535 3867]",924
481,0.4243160963409326,26,6551,6622,"[2221 3015 1542 1378 1690 7252 3098 4003  452  763 2642 3437 1032 3520
 3712 5978 1263 6751 3217  875 2938  912 4502 4205 6982 2445 6622 2099
 3812 3352  673 1858 6687 7047 1042 2621 2472 2111 1535 3867]",946
482,0.4217260533702176,34,1042,1949,"[2221 3015 1542 1378 1690 7252 3098 4003  452  763 2642 3437 1032 3520
 3712 5978 1263 6751 3217  875 2938  912 4502 4205 6982 2445 6622 2099
 3812 3352  673 1858 6687 7047 1949 2621 2472 2111 1535 3867]",945
483,0.4220898363171981,2,1542,1470,"[2221 3015 1470 1378 1690 7252 3098 4003  452  763 2642 3437 1032 3520
 3712 5978 1263 6751 3217  875 2938  912 4502 4205 6982 2445 6622 2099
 3812 3352  673 1858 6687 7047 1949 2621 2472 2111 1535 3867]",917
484,0.42167821788044896,39,3867,4009,"[2221 3015 1470 1378 1690 7252 3098 4003  452  763 2642 3437 1032 3520
 3712 5978 1263 6751 3217  875 2938  912 4502 4205 6982 2445 6622 2099
 3812 3352  673 1858 6687 7047 1949 2621 2472 2111 1535 4009]",940
485,0.4220321216248922,30,673,1041,"[2221 3015 1470 1378 1690 7252 3098 4003  452  763 2642 3437 1032 3520
 3712 5978 1263 6751 3217  875 2938  912 4502 4205 6982 2445 6622 2099
 3812 3352 1041 1858 6687 7047 1949 2621 2472 2111 1535 4009]",945
486,0.4226341842422325,35,2621,743,"[2221 3015 1470 1378 1690 7252 3098 4003  452  763 2642 3437 1032 3520
 3712 5978 1263 6751 3217  875 2938  912 4502 4205 6982 2445 6622 2099
 3812 3352 1041 1858 6687 7047 1949  743 2472 2111 1535 4009]",976
487,0.42262300708156614,5,7252,2121,"[2221 3015 1470 1378 1690 2121 3098 4003  452  763 2642 3437 1032 3520
 3712 5978 1263 6751 3217  875 2938  912 4502 4205 6982 2445 6622 2099
 3812 3352 1041 1858 6687 7047 1949  743 2472 2111 1535 4009]",967
488,0.4236033686475147,5,2121,7251,"[2221 3015 1470 1378 1690 7251 3098 4003  452  763 2642 3437 1032 3520
 3712 5978 1263 6751 3217  875 2938  912 4502 4205 6982 2445 6622 2099
 3812 3352 1041 1858 6687 7047 1949  743 2472 2111 1535 4009]",967
489,0.42527212353928423,4,1690,1976,"[2221 3015 1470 1378 1976 7251 3098 4003  452  763 2642 3437 1032 3520
 3712 5978 1263 6751 3217  875 2938  912 4502 4205 6982 2445 6622 2099
 3812 3352 1041 1858 6687 7047 1949  743 2472 2111 1535 4009]",969
490,0.42594669179141986,37,2111,2112,"[2221 3015 1470 1378 1976 7251 3098 4003  452  763 2642 3437 1032 3520
 3712 5978 1263 6751 3217  875 2938  912 4502 4205 6982 2445 6622 2099
 3812 3352 1041 1858 6687 7047 1949  743 2472 2112 1535 4009]",976
491,0.4256638152614137,12,1032,962,"[2221 3015 1470 1378 1976 7251 3098 4003  452  763 2642 3437  962 3520
 3712 5978 1263 6751 3217  875 2938  912 4502 4205 6982 2445 6622 2099
 3812 3352 1041 1858 6687 7047 1949  743 2472 2112 1535 4009]",973
492,0.42568575360533967,19,875,876,"[2221 3015 1470 1378 1976 7251 3098 4003  452  763 2642 3437  962 3520
 3712 5978 1263 6751 3217  876 2938  912 4502 4205 6982 2445 6622 2099
 3812 3352 1041 1858 6687 7047 1949  743 2472 2112 1535 4009]",979
493,0.4260360930787713,21,912,2833,"[2221 3015 1470 1378 1976 7251 3098 4003  452  763 2642 3437  962 3520
 3712 5978 1263 6751 3217  876 2938 2833 4502 4205 6982 2445 6622 2099
 3812 3352 1041 1858 6687 7047 1949  743 2472 2112 1535 4009]",977
494,0.42339613841563395,9,763,691,"[2221 3015 1470 1378 1976 7251 3098 4003  452  691 2642 3437  962 3520
 3712 5978 1263 6751 3217  876 2938 2833 4502 4205 6982 2445 6622 2099
 3812 3352 1041 1858 6687 7047 1949  743 2472 2112 1535 4009]",982
495,0.4238919761619196,5,7251,7183,"[2221 3015 1470 1378 1976 7183 3098 4003  452  691 2642 3437  962 3520
 3712 5978 1263 6751 3217  876 2938 2833 4502 4205 6982 2445 6622 2099
 3812 3352 1041 1858 6687 7047 1949  743 2472 2112 1535 4009]",948
496,0.423959140461398,34,1949,2283,"[2221 3015 1470 1378 1976 7183 3098 4003  452  691 2642 3437  962 3520
 3712 5978 1263 6751 3217  876 2938 2833 4502 4205 6982 2445 6622 2099
 3812 3352 1041 1858 6687 7047 2283  743 2472 2112 1535 4009]",957
497,0.425312376323185,13,3520,3518,"[2221 3015 1470 1378 1976 7183 3098 4003  452  691 2642 3437  962 3518
 3712 5978 1263 6751 3217  876 2938 2833 4502 4205 6982 2445 6622 2099
 3812 3352 1041 1858 6687 7047 2283  743 2472 2112 1535 4009]",1001
498,0.426557968357024,39,4009,3939,"[2221 3015 1470 1378 1976 7183 3098 4003  452  691 2642 3437  962 3518
 3712 5978 1263 6751 3217  876 2938 2833 4502 4205 6982 2445 6622 2099
 3812 3352 1041 1858 6687 7047 2283  743 2472 2112 1535 3939]",984
499,0.42615081495502094,19,876,731,"[2221 3015 1470 1378 1976 7183 3098 4003  452  691 2642 3437  962 3518
 3712 5978 1263 6751 3217  731 2938 2833 4502 4205 6982 2445 6622 2099
 3812 3352 1041 1858 6687 7047 2283  743 2472 2112 1535 3939]",987
500,0.4249669064802756,37,2112,2110,"[2221 3015 1470 1378 1976 7183 3098 4003  452  691 2642 3437  962 3518
 3712 5978 1263 6751 3217  731 2938 2833 4502 4205 6982 2445 6622 2099
 3812 3352 1041 1858 6687 7047 2283  743 2472 2110 1535 3939]",987
501,0.42552932339692273,34,2283,913,"[2221 3015 1470 1378 1976 7183 3098 4003  452  691 2642 3437  962 3518
 3712 5978 1263 6751 3217  731 2938 2833 4502 4205 6982 2445 6622 2099
 3812 3352 1041 1858 6687 7047  913  743 2472 2110 1535 3939]",934
502,0.4255089395865137,10,2642,2568,"[2221 3015 1470 1378 1976 7183 3098 4003  452  691 2568 3437  962 3518
 3712 5978 1263 6751 3217  731 2938 2833 4502 4205 6982 2445 6622 2099
 3812 3352 1041 1858 6687 7047  913  743 2472 2110 1535 3939]",957
503,0.4230816428417383,20,2938,2794,"[2221 3015 1470 1378 1976 7183 3098 4003  452  691 2568 3437  962 3518
 3712 5978 1263 6751 3217  731 2794 2833 4502 4205 6982 2445 6622 2099
 3812 3352 1041 1858 6687 7047  913  743 2472 2110 1535 3939]",910
504,0.4253457331265042,1,3015,2872,"[2221 2872 1470 1378 1976 7183 3098 4003  452  691 2568 3437  962 3518
 3712 5978 1263 6751 3217  731 2794 2833 4502 4205 6982 2445 6622 2099
 3812 3352 1041 1858 6687 7047  913  743 2472 2110 1535 3939]",921
505,0.4231046320304136,8,452,1806,"[2221 2872 1470 1378 1976 7183 3098 4003 1806  691 2568 3437  962 3518
 3712 5978 1263 6751 3217  731 2794 2833 4502 4205 6982 2445 6622 2099
 3812 3352 1041 1858 6687 7047  913  743 2472 2110 1535 3939]",915
506,0.4231406538827076,31,1858,1929,"[2221 2872 1470 1378 1976 7183 3098 4003 1806  691 2568 3437  962 3518
 3712 5978 1263 6751 3217  731 2794 2833 4502 4205 6982 2445 6622 2099
 3812 3352 1041 1929 6687 7047  913  743 2472 2110 1535 3939]",916
507,0.42310247087636393,5,7183,7181,"[2221 2872 1470 1378 1976 7181 3098 4003 1806  691 2568 3437  962 3518
 3712 5978 1263 6751 3217  731 2794 2833 4502 4205 6982 2445 6622 2099
 3812 3352 1041 1929 6687 7047  913  743 2472 2110 1535 3939]",899
508,0.4231379273525269,27,2099,452,"[2221 2872 1470 1378 1976 7181 3098 4003 1806  691 2568 3437  962 3518
 3712 5978 1263 6751 3217  731 2794 2833 4502 4205 6982 2445 6622  452
 3812 3352 1041 1929 6687 7047  913  743 2472 2110 1535 3939]",946
509,0.4220110518017337,22,4502,4430,"[2221 2872 1470 1378 1976 7181 3098 4003 1806  691 2568 3437  962 3518
 3712 5978 1263 6751 3217  731 2794 2833 4430 4205 6982 2445 6622  452
 3812 3352 1041 1929 6687 7047  913  743 2472 2110 1535 3939]",976
510,0.4205928560007879,16,1263,2173,"[2221 2872 1470 1378 1976 7181 3098 4003 1806  691 2568 3437  962 3518
 3712 5978 2173 6751 3217  731 2794 2833 4430 4205 6982 2445 6622  452
 3812 3352 1041 1929 6687 7047  913  743 2472 2110 1535 3939]",945
511,0.4233764025395932,24,6982,1264,"[2221 2872 1470 1378 1976 7181 3098 4003 1806  691 2568 3437  962 3518
 3712 5978 2173 6751 3217  731 2794 2833 4430 4205 1264 2445 6622  452
 3812 3352 1041 1929 6687 7047  913  743 2472 2110 1535 3939]",881
512,0.4236261235117946,3,1378,1164,"[2221 2872 1470 1164 1976 7181 3098 4003 1806  691 2568 3437  962 3518
 3712 5978 2173 6751 3217  731 2794 2833 4430 4205 1264 2445 6622  452
 3812 3352 1041 1929 6687 7047  913  743 2472 2110 1535 3939]",913
513,0.42267202278516924,32,6687,6686,"[2221 2872 1470 1164 1976 7181 3098 4003 1806  691 2568 3437  962 3518
 3712 5978 2173 6751 3217  731 2794 2833 4430 4205 1264 2445 6622  452
 3812 3352 1041 1929 6686 7047  913  743 2472 2110 1535 3939]",869
514,0.4220263391256786,6,3098,3170,"[2221 2872 1470 1164 1976 7181 3170 4003 1806  691 2568 3437  962 3518
 3712 5978 2173 6751 3217  731 2794 2833 4430 4205 1264 2445 6622  452
 3812 3352 1041 1929 6686 7047  913  743 2472 2110 1535 3939]",939
515,0.4224110548177109,14,3712,3642,"[2221 2872 1470 1164 1976 7181 3170 4003 1806  691 2568 3437  962 3518
 3642 5978 2173 6751 3217  731 2794 2833 4430 4205 1264 2445 6622  452
 3812 3352 1041 1929 6686 7047  913  743 2472 2110 1535 3939]",876
516,0.4223836748471213,35,743,671,"[2221 2872 1470 1164 1976 7181 3170 4003 1806  691 2568 3437  962 3518
 3642 5978 2173 6751 3217  731 2794 2833 4430 4205 1264 2445 6622  452
 3812 3352 1041 1929 6686 7047  913  671 2472 2110 1535 3939]",890
517,0.42145165961575193,8,1806,1881,"[2221 2872 1470 1164 1976 7181 3170 4003 1881  691 2568 3437  962 3518
 3642 5978 2173 6751 3217  731 2794 2833 4430 4205 1264 2445 6622  452
 3812 3352 1041 1929 6686 7047  913  671 2472 2110 1535 3939]",941
518,0.4211548141062126,5,7181,7325,"[2221 2872 1470 1164 1976 7325 3170 4003 1881  691 2568 3437  962 3518
 3642 5978 2173 6751 3217  731 2794 2833 4430 4205 1264 2445 6622  452
 3812 3352 1041 1929 6686 7047  913  671 2472 2110 1535 3939]",900
519,0.4183657956578372,20,2794,2720,"[2221 2872 1470 1164 1976 7325 3170 4003 1881  691 2568 3437  962 3518
 3642 5978 2173 6751 3217  731 2720 2833 4430 4205 1264 2445 6622  452
 3812 3352 1041 1929 6686 7047  913  671 2472 2110 1535 3939]",890
520,0.4181913334421267,21,2833,2691,"[2221 2872 1470 1164 1976 7325 3170 4003 1881  691 2568 3437  962 3518
 3642 5978 2173 6751 3217  731 2720 2691 4430 4205 1264 2445 6622  452
 3812 3352 1041 1929 6686 7047  913  671 2472 2110 1535 3939]",911
521,0.4189556135404392,5,7325,7398,"[2221 2872 1470 1164 1976 7398 3170 4003 1881  691 2568 3437  962 3518
 3642 5978 2173 6751 3217  731 2720 2691 4430 4205 1264 2445 6622  452
 3812 3352 1041 1929 6686 7047  913  671 2472 2110 1535 3939]",887
522,0.4188509378651516,21,2691,2694,"[2221 2872 1470 1164 1976 7398 3170 4003 1881  691 2568 3437  962 3518
 3642 5978 2173 6751 3217  731 2720 2694 4430 4205 1264 2445 6622  452
 3812 3352 1041 1929 6686 7047  913  671 2472 2110 1535 3939]",912
523,0.41900330880228825,1,2872,2945,"[2221 2945 1470 1164 1976 7398 3170 4003 1881  691 2568 3437  962 3518
 3642 5978 2173 6751 3217  731 2720 2694 4430 4205 1264 2445 6622  452
 3812 3352 1041 1929 6686 7047  913  671 2472 2110 1535 3939]",899
524,0.42149680079250407,27,452,2939,"[2221 2945 1470 1164 1976 7398 3170 4003 1881  691 2568 3437  962 3518
 3642 5978 2173 6751 3217  731 2720 2694 4430 4205 1264 2445 6622 2939
 3812 3352 1041 1929 6686 7047  913  671 2472 2110 1535 3939]",861
525,0.42230492873338177,34,913,839,"[2221 2945 1470 1164 1976 7398 3170 4003 1881  691 2568 3437  962 3518
 3642 5978 2173 6751 3217  731 2720 2694 4430 4205 1264 2445 6622 2939
 3812 3352 1041 1929 6686 7047  839  671 2472 2110 1535 3939]",901
526,0.42170814325915595,31,1929,2001,"[2221 2945 1470 1164 1976 7398 3170 4003 1881  691 2568 3437  962 3518
 3642 5978 2173 6751 3217  731 2720 2694 4430 4205 1264 2445 6622 2939
 3812 3352 1041 2001 6686 7047  839  671 2472 2110 1535 3939]",912
527,0.41924727857889205,27,2939,2868,"[2221 2945 1470 1164 1976 7398 3170 4003 1881  691 2568 3437  962 3518
 3642 5978 2173 6751 3217  731 2720 2694 4430 4205 1264 2445 6622 2868
 3812 3352 1041 2001 6686 7047  839  671 2472 2110 1535 3939]",866
528,0.4190832537538224,25,2445,2446,"[2221 2945 1470 1164 1976 7398 3170 4003 1881  691 2568 3437  962 3518
 3642 5978 2173 6751 3217  731 2720 2694 4430 4205 1264 2446 6622 2868
 3812 3352 1041 2001 6686 7047  839  671 2472 2110 1535 3939]",912
529,0.4163736925378769,1,2945,2875,"[2221 2875 1470 1164 1976 7398 3170 4003 1881  691 2568 3437  962 3518
 3642 5978 2173 6751 3217  731 2720 2694 4430 4205 1264 2446 6622 2868
 3812 3352 1041 2001 6686 7047  839  671 2472 2110 1535 3939]",898
530,0.4180586627429271,22,4430,4505,"[2221 2875 1470 1164 1976 7398 3170 4003 1881  691 2568 3437  962 3518
 3642 5978 2173 6751 3217  731 2720 2694 4505 4205 1264 2446 6622 2868
 3812 3352 1041 2001 6686 7047  839  671 2472 2110 1535 3939]",912
531,0.4167288522754743,0,2221,2149,"[2149 2875 1470 1164 1976 7398 3170 4003 1881  691 2568 3437  962 3518
 3642 5978 2173 6751 3217  731 2720 2694 4505 4205 1264 2446 6622 2868
 3812 3352 1041 2001 6686 7047  839  671 2472 2110 1535 3939]",912
532,0.41747590311013777,8,1881,1882,"[2149 2875 1470 1164 1976 7398 3170 4003 1882  691 2568 3437  962 3518
 3642 5978 2173 6751 3217  731 2720 2694 4505 4205 1264 2446 6622 2868
 3812 3352 1041 2001 6686 7047  839  671 2472 2110 1535 3939]",936
533,0.4170189014416186,13,3518,3447,"[2149 2875 1470 1164 1976 7398 3170 4003 1882  691 2568 3437  962 3447
 3642 5978 2173 6751 3217  731 2720 2694 4505 4205 1264 2446 6622 2868
 3812 3352 1041 2001 6686 7047  839  671 2472 2110 1535 3939]",925
534,0.4153887771076339,39,3939,3938,"[2149 2875 1470 1164 1976 7398 3170 4003 1882  691 2568 3437  962 3447
 3642 5978 2173 6751 3217  731 2720 2694 4505 4205 1264 2446 6622 2868
 3812 3352 1041 2001 6686 7047  839  671 2472 2110 1535 3938]",915
535,0.4165652959805768,32,6686,6616,"[2149 2875 1470 1164 1976 7398 3170 4003 1882  691 2568 3437  962 3447
 3642 5978 2173 6751 3217  731 2720 2694 4505 4205 1264 2446 6622 2868
 3812 3352 1041 2001 6616 7047  839  671 2472 2110 1535 3938]",903
536,0.4172908549661293,20,2720,7250,"[2149 2875 1470 1164 1976 7398 3170 4003 1882  691 2568 3437  962 3447
 3642 5978 2173 6751 3217  731 7250 2694 4505 4205 1264 2446 6622 2868
 3812 3352 1041 2001 6616 7047  839  671 2472 2110 1535 3938]",913
537,0.4159031853257148,11,3437,3579,"[2149 2875 1470 1164 1976 7398 3170 4003 1882  691 2568 3579  962 3447
 3642 5978 2173 6751 3217  731 7250 2694 4505 4205 1264 2446 6622 2868
 3812 3352 1041 2001 6616 7047  839  671 2472 2110 1535 3938]",935
538,0.4152473886845373,13,3447,3375,"[2149 2875 1470 1164 1976 7398 3170 4003 1882  691 2568 3579  962 3375
 3642 5978 2173 6751 3217  731 7250 2694 4505 4205 1264 2446 6622 2868
 3812 3352 1041 2001 6616 7047  839  671 2472 2110 1535 3938]",960
539,0.41602061540503354,6,3170,3239,"[2149 2875 1470 1164 1976 7398 3239 4003 1882  691 2568 3579  962 3375
 3642 5978 2173 6751 3217  731 7250 2694 4505 4205 1264 2446 6622 2868
 3812 3352 1041 2001 6616 7047  839  671 2472 2110 1535 3938]",995
540,0.41669414347416833,37,2110,2111,"[2149 2875 1470 1164 1976 7398 3239 4003 1882  691 2568 3579  962 3375
 3642 5978 2173 6751 3217  731 7250 2694 4505 4205 1264 2446 6622 2868
 3812 3352 1041 2001 6616 7047  839  671 2472 2111 1535 3938]",981
541,0.4168864586116233,24,1264,452,"[2149 2875 1470 1164 1976 7398 3239 4003 1882  691 2568 3579  962 3375
 3642 5978 2173 6751 3217  731 7250 2694 4505 4205  452 2446 6622 2868
 3812 3352 1041 2001 6616 7047  839  671 2472 2111 1535 3938]",967
542,0.4169711198254911,6,3239,3169,"[2149 2875 1470 1164 1976 7398 3169 4003 1882  691 2568 3579  962 3375
 3642 5978 2173 6751 3217  731 7250 2694 4505 4205  452 2446 6622 2868
 3812 3352 1041 2001 6616 7047  839  671 2472 2111 1535 3938]",1008
543,0.41686367726238627,19,731,2649,"[2149 2875 1470 1164 1976 7398 3169 4003 1882  691 2568 3579  962 3375
 3642 5978 2173 6751 3217 2649 7250 2694 4505 4205  452 2446 6622 2868
 3812 3352 1041 2001 6616 7047  839  671 2472 2111 1535 3938]",969
544,0.41816031359188177,13,3375,3590,"[2149 2875 1470 1164 1976 7398 3169 4003 1882  691 2568 3579  962 3590
 3642 5978 2173 6751 3217 2649 7250 2694 4505 4205  452 2446 6622 2868
 3812 3352 1041 2001 6616 7047  839  671 2472 2111 1535 3938]",978
545,0.41881927683753806,37,2111,2112,"[2149 2875 1470 1164 1976 7398 3169 4003 1882  691 2568 3579  962 3590
 3642 5978 2173 6751 3217 2649 7250 2694 4505 4205  452 2446 6622 2868
 3812 3352 1041 2001 6616 7047  839  671 2472 2112 1535 3938]",964
546,0.4223061840556836,39,3938,1263,"[2149 2875 1470 1164 1976 7398 3169 4003 1882  691 2568 3579  962 3590
 3642 5978 2173 6751 3217 2649 7250 2694 4505 4205  452 2446 6622 2868
 3812 3352 1041 2001 6616 7047  839  671 2472 2112 1535 1263]",945
547,0.4212321568067443,12,962,1243,"[2149 2875 1470 1164 1976 7398 3169 4003 1882  691 2568 3579 1243 3590
 3642 5978 2173 6751 3217 2649 7250 2694 4505 4205  452 2446 6622 2868
 3812 3352 1041 2001 6616 7047  839  671 2472 2112 1535 1263]",975
548,0.42246779508786914,21,2694,4010,"[2149 2875 1470 1164 1976 7398 3169 4003 1882  691 2568 3579 1243 3590
 3642 5978 2173 6751 3217 2649 7250 4010 4505 4205  452 2446 6622 2868
 3812 3352 1041 2001 6616 7047  839  671 2472 2112 1535 1263]",981
549,0.42366818252904725,20,7250,875,"[2149 2875 1470 1164 1976 7398 3169 4003 1882  691 2568 3579 1243 3590
 3642 5978 2173 6751 3217 2649  875 4010 4505 4205  452 2446 6622 2868
 3812 3352 1041 2001 6616 7047  839  671 2472 2112 1535 1263]",959
550,0.42277362885464465,23,4205,4204,"[2149 2875 1470 1164 1976 7398 3169 4003 1882  691 2568 3579 1243 3590
 3642 5978 2173 6751 3217 2649  875 4010 4505 4204  452 2446 6622 2868
 3812 3352 1041 2001 6616 7047  839  671 2472 2112 1535 1263]",1021
551,0.42278599510185166,26,6622,6552,"[2149 2875 1470 1164 1976 7398 3169 4003 1882  691 2568 3579 1243 3590
 3642 5978 2173 6751 3217 2649  875 4010 4505 4204  452 2446 6552 2868
 3812 3352 1041 2001 6616 7047  839  671 2472 2112 1535 1263]",961
552,0.4211702453104932,16,2173,2693,"[2149 2875 1470 1164 1976 7398 3169 4003 1882  691 2568 3579 1243 3590
 3642 5978 2693 6751 3217 2649  875 4010 4505 4204  452 2446 6552 2868
 3812 3352 1041 2001 6616 7047  839  671 2472 2112 1535 1263]",982
553,0.42001238896723325,22,4505,4714,"[2149 2875 1470 1164 1976 7398 3169 4003 1882  691 2568 3579 1243 3590
 3642 5978 2693 6751 3217 2649  875 4010 4714 4204  452 2446 6552 2868
 3812 3352 1041 2001 6616 7047  839  671 2472 2112 1535 1263]",965
554,0.42134667471320875,22,4714,4573,"[2149 2875 1470 1164 1976 7398 3169 4003 1882  691 2568 3579 1243 3590
 3642 5978 2693 6751 3217 2649  875 4010 4573 4204  452 2446 6552 2868
 3812 3352 1041 2001 6616 7047  839  671 2472 2112 1535 1263]",965
555,0.4209125355069163,37,2112,2111,"[2149 2875 1470 1164 1976 7398 3169 4003 1882  691 2568 3579 1243 3590
 3642 5978 2693 6751 3217 2649  875 4010 4573 4204  452 2446 6552 2868
 3812 3352 1041 2001 6616 7047  839  671 2472 2111 1535 1263]",957
556,0.42184162124614,31,2001,2101,"[2149 2875 1470 1164 1976 7398 3169 4003 1882  691 2568 3579 1243 3590
 3642 5978 2693 6751 3217 2649  875 4010 4573 4204  452 2446 6552 2868
 3812 3352 1041 2101 6616 7047  839  671 2472 2111 1535 1263]",946
557,0.42407763818666944,32,6616,6617,"[2149 2875 1470 1164 1976 7398 3169 4003 1882  691 2568 3579 1243 3590
 3642 5978 2693 6751 3217 2649  875 4010 4573 4204  452 2446 6552 2868
 3812 3352 1041 2101 6617 7047  839  671 2472 2111 1535 1263]",918
558,0.42430496075305335,20,875,1929,"[2149 2875 1470 1164 1976 7398 3169 4003 1882  691 2568 3579 1243 3590
 3642 5978 2693 6751 3217 2649 1929 4010 4573 4204  452 2446 6552 2868
 3812 3352 1041 2101 6617 7047  839  671 2472 2111 1535 1263]",928
559,0.4251026630726011,9,691,690,"[2149 2875 1470 1164 1976 7398 3169 4003 1882  690 2568 3579 1243 3590
 3642 5978 2693 6751 3217 2649 1929 4010 4573 4204  452 2446 6552 2868
 3812 3352 1041 2101 6617 7047  839  671 2472 2111 1535 1263]",922
560,0.42602870129632586,23,4204,4205,"[2149 2875 1470 1164 1976 7398 3169 4003 1882  690 2568 3579 1243 3590
 3642 5978 2693 6751 3217 2649 1929 4010 4573 4205  452 2446 6552 2868
 3812 3352 1041 2101 6617 7047  839  671 2472 2111 1535 1263]",978
561,0.4269762435090133,17,6751,6967,"[2149 2875 1470 1164 1976 7398 3169 4003 1882  690 2568 3579 1243 3590
 3642 5978 2693 6967 3217 2649 1929 4010 4573 4205  452 2446 6552 2868
 3812 3352 1041 2101 6617 7047  839  671 2472 2111 1535 1263]",923
562,0.42649836488870113,19,2649,875,"[2149 2875 1470 1164 1976 7398 3169 4003 1882  690 2568 3579 1243 3590
 3642 5978 2693 6967 3217  875 1929 4010 4573 4205  452 2446 6552 2868
 3812 3352 1041 2101 6617 7047  839  671 2472 2111 1535 1263]",917
563,0.4267559059700803,37,2111,2112,"[2149 2875 1470 1164 1976 7398 3169 4003 1882  690 2568 3579 1243 3590
 3642 5978 2693 6967 3217  875 1929 4010 4573 4205  452 2446 6552 2868
 3812 3352 1041 2101 6617 7047  839  671 2472 2112 1535 1263]",932
564,0.42726264105153183,19,875,2578,"[2149 2875 1470 1164 1976 7398 3169 4003 1882  690 2568 3579 1243 3590
 3642 5978 2693 6967 3217 2578 1929 4010 4573 4205  452 2446 6552 2868
 3812 3352 1041 2101 6617 7047  839  671 2472 2112 1535 1263]",919
565,0.42702948784329087,13,3590,3517,"[2149 2875 1470 1164 1976 7398 3169 4003 1882  690 2568 3579 1243 3517
 3642 5978 2693 6967 3217 2578 1929 4010 4573 4205  452 2446 6552 2868
 3812 3352 1041 2101 6617 7047  839  671 2472 2112 1535 1263]",942
566,0.426367987889712,22,4573,4502,"[2149 2875 1470 1164 1976 7398 3169 4003 1882  690 2568 3579 1243 3517
 3642 5978 2693 6967 3217 2578 1929 4010 4502 4205  452 2446 6552 2868
 3812 3352 1041 2101 6617 7047  839  671 2472 2112 1535 1263]",947
567,0.42972890529821756,27,2868,2939,"[2149 2875 1470 1164 1976 7398 3169 4003 1882  690 2568 3579 1243 3517
 3642 5978 2693 6967 3217 2578 1929 4010 4502 4205  452 2446 6552 2939
 3812 3352 1041 2101 6617 7047  839  671 2472 2112 1535 1263]",907
568,0.42706265384652436,38,1535,1392,"[2149 2875 1470 1164 1976 7398 3169 4003 1882  690 2568 3579 1243 3517
 3642 5978 2693 6967 3217 2578 1929 4010 4502 4205  452 2446 6552 2939
 3812 3352 1041 2101 6617 7047  839  671 2472 2112 1392 1263]",910
569,0.42705560592423064,36,2472,875,"[2149 2875 1470 1164 1976 7398 3169 4003 1882  690 2568 3579 1243 3517
 3642 5978 2693 6967 3217 2578 1929 4010 4502 4205  452 2446 6552 2939
 3812 3352 1041 2101 6617 7047  839  671  875 2112 1392 1263]",938
570,0.428614738519874,15,5978,6189,"[2149 2875 1470 1164 1976 7398 3169 4003 1882  690 2568 3579 1243 3517
 3642 6189 2693 6967 3217 2578 1929 4010 4502 4205  452 2446 6552 2939
 3812 3352 1041 2101 6617 7047  839  671  875 2112 1392 1263]",988
571,0.42836271935700587,2,1470,1683,"[2149 2875 1683 1164 1976 7398 3169 4003 1882  690 2568 3579 1243 3517
 3642 6189 2693 6967 3217 2578 1929 4010 4502 4205  452 2446 6552 2939
 3812 3352 1041 2101 6617 7047  839  671  875 2112 1392 1263]",945
572,0.4283642612043976,29,3352,3281,"[2149 2875 1683 1164 1976 7398 3169 4003 1882  690 2568 3579 1243 3517
 3642 6189 2693 6967 3217 2578 1929 4010 4502 4205  452 2446 6552 2939
 3812 3281 1041 2101 6617 7047  839  671  875 2112 1392 1263]",982
573,0.42867903459660606,18,3217,3218,"[2149 2875 1683 1164 1976 7398 3169 4003 1882  690 2568 3579 1243 3517
 3642 6189 2693 6967 3218 2578 1929 4010 4502 4205  452 2446 6552 2939
 3812 3281 1041 2101 6617 7047  839  671  875 2112 1392 1263]",938
574,0.4280653541356846,15,6189,6046,"[2149 2875 1683 1164 1976 7398 3169 4003 1882  690 2568 3579 1243 3517
 3642 6046 2693 6967 3218 2578 1929 4010 4502 4205  452 2446 6552 2939
 3812 3281 1041 2101 6617 7047  839  671  875 2112 1392 1263]",992
575,0.4268684644532208,14,3642,2403,"[2149 2875 1683 1164 1976 7398 3169 4003 1882  690 2568 3579 1243 3517
 2403 6046 2693 6967 3218 2578 1929 4010 4502 4205  452 2446 6552 2939
 3812 3281 1041 2101 6617 7047  839  671  875 2112 1392 1263]",937
576,0.4261023749543625,37,2112,2181,"[2149 2875 1683 1164 1976 7398 3169 4003 1882  690 2568 3579 1243 3517
 2403 6046 2693 6967 3218 2578 1929 4010 4502 4205  452 2446 6552 2939
 3812 3281 1041 2101 6617 7047  839  671  875 2181 1392 1263]",942
577,0.4240685658404093,27,2939,2797,"[2149 2875 1683 1164 1976 7398 3169 4003 1882  690 2568 3579 1243 3517
 2403 6046 2693 6967 3218 2578 1929 4010 4502 4205  452 2446 6552 2797
 3812 3281 1041 2101 6617 7047  839  671  875 2181 1392 1263]",903
578,0.4237950762688822,10,2568,2352,"[2149 2875 1683 1164 1976 7398 3169 4003 1882  690 2352 3579 1243 3517
 2403 6046 2693 6967 3218 2578 1929 4010 4502 4205  452 2446 6552 2797
 3812 3281 1041 2101 6617 7047  839  671  875 2181 1392 1263]",945
579,0.42345120655516366,34,839,3784,"[2149 2875 1683 1164 1976 7398 3169 4003 1882  690 2352 3579 1243 3517
 2403 6046 2693 6967 3218 2578 1929 4010 4502 4205  452 2446 6552 2797
 3812 3281 1041 2101 6617 7047 3784  671  875 2181 1392 1263]",963
580,0.42230097793017785,4,1976,1903,"[2149 2875 1683 1164 1903 7398 3169 4003 1882  690 2352 3579 1243 3517
 2403 6046 2693 6967 3218 2578 1929 4010 4502 4205  452 2446 6552 2797
 3812 3281 1041 2101 6617 7047 3784  671  875 2181 1392 1263]",983
581,0.42275683604404535,15,6046,6116,"[2149 2875 1683 1164 1903 7398 3169 4003 1882  690 2352 3579 1243 3517
 2403 6116 2693 6967 3218 2578 1929 4010 4502 4205  452 2446 6552 2797
 3812 3281 1041 2101 6617 7047 3784  671  875 2181 1392 1263]",1023
582,0.4217322708808976,30,1041,1185,"[2149 2875 1683 1164 1903 7398 3169 4003 1882  690 2352 3579 1243 3517
 2403 6116 2693 6967 3218 2578 1929 4010 4502 4205  452 2446 6552 2797
 3812 3281 1185 2101 6617 7047 3784  671  875 2181 1392 1263]",982
583,0.4113343653743751,32,6617,912,"[2149 2875 1683 1164 1903 7398 3169 4003 1882  690 2352 3579 1243 3517
 2403 6116 2693 6967 3218 2578 1929 4010 4502 4205  452 2446 6552 2797
 3812 3281 1185 2101  912 7047 3784  671  875 2181 1392 1263]",980
584,0.41417015057899575,32,912,6543,"[2149 2875 1683 1164 1903 7398 3169 4003 1882  690 2352 3579 1243 3517
 2403 6116 2693 6967 3218 2578 1929 4010 4502 4205  452 2446 6552 2797
 3812 3281 1185 2101 6543 7047 3784  671  875 2181 1392 1263]",980
585,0.4161131657251603,9,690,763,"[2149 2875 1683 1164 1903 7398 3169 4003 1882  763 2352 3579 1243 3517
 2403 6116 2693 6967 3218 2578 1929 4010 4502 4205  452 2446 6552 2797
 3812 3281 1185 2101 6543 7047 3784  671  875 2181 1392 1263]",1042
586,0.41605102536992006,6,3169,3168,"[2149 2875 1683 1164 1903 7398 3168 4003 1882  763 2352 3579 1243 3517
 2403 6116 2693 6967 3218 2578 1929 4010 4502 4205  452 2446 6552 2797
 3812 3281 1185 2101 6543 7047 3784  671  875 2181 1392 1263]",1056
587,0.41609441269792363,34,3784,3643,"[2149 2875 1683 1164 1903 7398 3168 4003 1882  763 2352 3579 1243 3517
 2403 6116 2693 6967 3218 2578 1929 4010 4502 4205  452 2446 6552 2797
 3812 3281 1185 2101 6543 7047 3643  671  875 2181 1392 1263]",1005
588,0.4142277644349992,11,3579,3581,"[2149 2875 1683 1164 1903 7398 3168 4003 1882  763 2352 3581 1243 3517
 2403 6116 2693 6967 3218 2578 1929 4010 4502 4205  452 2446 6552 2797
 3812 3281 1185 2101 6543 7047 3643  671  875 2181 1392 1263]",1011
589,0.41729820814716934,1,2875,2945,"[2149 2945 1683 1164 1903 7398 3168 4003 1882  763 2352 3581 1243 3517
 2403 6116 2693 6967 3218 2578 1929 4010 4502 4205  452 2446 6552 2797
 3812 3281 1185 2101 6543 7047 3643  671  875 2181 1392 1263]",1026
590,0.41833089549577895,35,671,674,"[2149 2945 1683 1164 1903 7398 3168 4003 1882  763 2352 3581 1243 3517
 2403 6116 2693 6967 3218 2578 1929 4010 4502 4205  452 2446 6552 2797
 3812 3281 1185 2101 6543 7047 3643  674  875 2181 1392 1263]",1039
591,0.4181791480112882,23,4205,4061,"[2149 2945 1683 1164 1903 7398 3168 4003 1882  763 2352 3581 1243 3517
 2403 6116 2693 6967 3218 2578 1929 4010 4502 4061  452 2446 6552 2797
 3812 3281 1185 2101 6543 7047 3643  674  875 2181 1392 1263]",1072
592,0.4167111233137359,36,875,628,"[2149 2945 1683 1164 1903 7398 3168 4003 1882  763 2352 3581 1243 3517
 2403 6116 2693 6967 3218 2578 1929 4010 4502 4061  452 2446 6552 2797
 3812 3281 1185 2101 6543 7047 3643  674  628 2181 1392 1263]",1006
593,0.41669269392755015,6,3168,3238,"[2149 2945 1683 1164 1903 7398 3238 4003 1882  763 2352 3581 1243 3517
 2403 6116 2693 6967 3218 2578 1929 4010 4502 4061  452 2446 6552 2797
 3812 3281 1185 2101 6543 7047 3643  674  628 2181 1392 1263]",1032
594,0.416728348339627,19,2578,2649,"[2149 2945 1683 1164 1903 7398 3238 4003 1882  763 2352 3581 1243 3517
 2403 6116 2693 6967 3218 2649 1929 4010 4502 4061  452 2446 6552 2797
 3812 3281 1185 2101 6543 7047 3643  674  628 2181 1392 1263]",1006
595,0.4162553011019741,29,3281,3210,"[2149 2945 1683 1164 1903 7398 3238 4003 1882  763 2352 3581 1243 3517
 2403 6116 2693 6967 3218 2649 1929 4010 4502 4061  452 2446 6552 2797
 3812 3210 1185 2101 6543 7047 3643  674  628 2181 1392 1263]",1042
596,0.41711015655180145,0,2149,2221,"[2221 2945 1683 1164 1903 7398 3238 4003 1882  763 2352 3581 1243 3517
 2403 6116 2693 6967 3218 2649 1929 4010 4502 4061  452 2446 6552 2797
 3812 3210 1185 2101 6543 7047 3643  674  628 2181 1392 1263]",1032
597,0.41561503055926624,17,6967,7037,"[2221 2945 1683 1164 1903 7398 3238 4003 1882  763 2352 3581 1243 3517
 2403 6116 2693 7037 3218 2649 1929 4010 4502 4061  452 2446 6552 2797
 3812 3210 1185 2101 6543 7047 3643  674  628 2181 1392 1263]",1003
598,0.4144251098131549,0,2221,2288,"[2288 2945 1683 1164 1903 7398 3238 4003 1882  763 2352 3581 1243 3517
 2403 6116 2693 7037 3218 2649 1929 4010 4502 4061  452 2446 6552 2797
 3812 3210 1185 2101 6543 7047 3643  674  628 2181 1392 1263]",1032
599,0.41702975749294974,17,7037,6970,"[2288 2945 1683 1164 1903 7398 3238 4003 1882  763 2352 3581 1243 3517
 2403 6116 2693 6970 3218 2649 1929 4010 4502 4061  452 2446 6552 2797
 3812 3210 1185 2101 6543 7047 3643  674  628 2181 1392 1263]",1025
600,0.42105603804263403,11,3581,3508,"[2288 2945 1683 1164 1903 7398 3238 4003 1882  763 2352 3508 1243 3517
 2403 6116 2693 6970 3218 2649 1929 4010 4502 4061  452 2446 6552 2797
 3812 3210 1185 2101 6543 7047 3643  674  628 2181 1392 1263]",1029
601,0.4178567254117225,17,6970,874,"[2288 2945 1683 1164 1903 7398 3238 4003 1882  763 2352 3508 1243 3517
 2403 6116 2693  874 3218 2649 1929 4010 4502 4061  452 2446 6552 2797
 3812 3210 1185 2101 6543 7047 3643  674  628 2181 1392 1263]",1025
602,0.42370634841946,33,7047,6975,"[2288 2945 1683 1164 1903 7398 3238 4003 1882  763 2352 3508 1243 3517
 2403 6116 2693  874 3218 2649 1929 4010 4502 4061  452 2446 6552 2797
 3812 3210 1185 2101 6543 6975 3643  674  628 2181 1392 1263]",1023
603,0.4257551175915637,12,1243,1173,"[2288 2945 1683 1164 1903 7398 3238 4003 1882  763 2352 3508 1173 3517
 2403 6116 2693  874 3218 2649 1929 4010 4502 4061  452 2446 6552 2797
 3812 3210 1185 2101 6543 6975 3643  674  628 2181 1392 1263]",1024
604,0.4254304350243876,31,2101,7108,"[2288 2945 1683 1164 1903 7398 3238 4003 1882  763 2352 3508 1173 3517
 2403 6116 2693  874 3218 2649 1929 4010 4502 4061  452 2446 6552 2797
 3812 3210 1185 7108 6543 6975 3643  674  628 2181 1392 1263]",1045
605,0.4249515283715732,35,674,2103,"[2288 2945 1683 1164 1903 7398 3238 4003 1882  763 2352 3508 1173 3517
 2403 6116 2693  874 3218 2649 1929 4010 4502 4061  452 2446 6552 2797
 3812 3210 1185 7108 6543 6975 3643 2103  628 2181 1392 1263]",1079
606,0.4229696789154302,22,4502,4506,"[2288 2945 1683 1164 1903 7398 3238 4003 1882  763 2352 3508 1173 3517
 2403 6116 2693  874 3218 2649 1929 4010 4506 4061  452 2446 6552 2797
 3812 3210 1185 7108 6543 6975 3643 2103  628 2181 1392 1263]",1085
607,0.42227850440962444,5,7398,741,"[2288 2945 1683 1164 1903  741 3238 4003 1882  763 2352 3508 1173 3517
 2403 6116 2693  874 3218 2649 1929 4010 4506 4061  452 2446 6552 2797
 3812 3210 1185 7108 6543 6975 3643 2103  628 2181 1392 1263]",1065
608,0.4222129429436877,21,4010,4009,"[2288 2945 1683 1164 1903  741 3238 4003 1882  763 2352 3508 1173 3517
 2403 6116 2693  874 3218 2649 1929 4009 4506 4061  452 2446 6552 2797
 3812 3210 1185 7108 6543 6975 3643 2103  628 2181 1392 1263]",1063
609,0.42332634977747563,4,1903,1976,"[2288 2945 1683 1164 1976  741 3238 4003 1882  763 2352 3508 1173 3517
 2403 6116 2693  874 3218 2649 1929 4009 4506 4061  452 2446 6552 2797
 3812 3210 1185 7108 6543 6975 3643 2103  628 2181 1392 1263]",1076
610,0.42113259374437984,24,452,382,"[2288 2945 1683 1164 1976  741 3238 4003 1882  763 2352 3508 1173 3517
 2403 6116 2693  874 3218 2649 1929 4009 4506 4061  382 2446 6552 2797
 3812 3210 1185 7108 6543 6975 3643 2103  628 2181 1392 1263]",1063
611,0.42042545392967773,15,6116,6117,"[2288 2945 1683 1164 1976  741 3238 4003 1882  763 2352 3508 1173 3517
 2403 6117 2693  874 3218 2649 1929 4009 4506 4061  382 2446 6552 2797
 3812 3210 1185 7108 6543 6975 3643 2103  628 2181 1392 1263]",1082
612,0.4211173126224467,3,1164,1378,"[2288 2945 1683 1378 1976  741 3238 4003 1882  763 2352 3508 1173 3517
 2403 6117 2693  874 3218 2649 1929 4009 4506 4061  382 2446 6552 2797
 3812 3210 1185 7108 6543 6975 3643 2103  628 2181 1392 1263]",1075
613,0.4212514026938161,21,4009,3942,"[2288 2945 1683 1378 1976  741 3238 4003 1882  763 2352 3508 1173 3517
 2403 6117 2693  874 3218 2649 1929 3942 4506 4061  382 2446 6552 2797
 3812 3210 1185 7108 6543 6975 3643 2103  628 2181 1392 1263]",1034
614,0.4202166482688827,5,741,743,"[2288 2945 1683 1378 1976  743 3238 4003 1882  763 2352 3508 1173 3517
 2403 6117 2693  874 3218 2649 1929 3942 4506 4061  382 2446 6552 2797
 3812 3210 1185 7108 6543 6975 3643 2103  628 2181 1392 1263]",1028
615,0.4182428860636902,34,3643,7400,"[2288 2945 1683 1378 1976  743 3238 4003 1882  763 2352 3508 1173 3517
 2403 6117 2693  874 3218 2649 1929 3942 4506 4061  382 2446 6552 2797
 3812 3210 1185 7108 6543 6975 7400 2103  628 2181 1392 1263]",999
616,0.41895627027924864,29,3210,3211,"[2288 2945 1683 1378 1976  743 3238 4003 1882  763 2352 3508 1173 3517
 2403 6117 2693  874 3218 2649 1929 3942 4506 4061  382 2446 6552 2797
 3812 3211 1185 7108 6543 6975 7400 2103  628 2181 1392 1263]",1051
617,0.42047209026945903,20,1929,3784,"[2288 2945 1683 1378 1976  743 3238 4003 1882  763 2352 3508 1173 3517
 2403 6117 2693  874 3218 2649 3784 3942 4506 4061  382 2446 6552 2797
 3812 3211 1185 7108 6543 6975 7400 2103  628 2181 1392 1263]",1008
618,0.4196723352940086,13,3517,3445,"[2288 2945 1683 1378 1976  743 3238 4003 1882  763 2352 3508 1173 3445
 2403 6117 2693  874 3218 2649 3784 3942 4506 4061  382 2446 6552 2797
 3812 3211 1185 7108 6543 6975 7400 2103  628 2181 1392 1263]",995
619,0.42110916296213097,27,2797,2939,"[2288 2945 1683 1378 1976  743 3238 4003 1882  763 2352 3508 1173 3445
 2403 6117 2693  874 3218 2649 3784 3942 4506 4061  382 2446 6552 2939
 3812 3211 1185 7108 6543 6975 7400 2103  628 2181 1392 1263]",987
620,0.4221000729966482,24,382,450,"[2288 2945 1683 1378 1976  743 3238 4003 1882  763 2352 3508 1173 3445
 2403 6117 2693  874 3218 2649 3784 3942 4506 4061  450 2446 6552 2939
 3812 3211 1185 7108 6543 6975 7400 2103  628 2181 1392 1263]",1019
621,0.4198849294982302,11,3508,3366,"[2288 2945 1683 1378 1976  743 3238 4003 1882  763 2352 3366 1173 3445
 2403 6117 2693  874 3218 2649 3784 3942 4506 4061  450 2446 6552 2939
 3812 3211 1185 7108 6543 6975 7400 2103  628 2181 1392 1263]",1000
622,0.4181949510940942,11,3366,3507,"[2288 2945 1683 1378 1976  743 3238 4003 1882  763 2352 3507 1173 3445
 2403 6117 2693  874 3218 2649 3784 3942 4506 4061  450 2446 6552 2939
 3812 3211 1185 7108 6543 6975 7400 2103  628 2181 1392 1263]",1000
623,0.4181808796861484,25,2446,2515,"[2288 2945 1683 1378 1976  743 3238 4003 1882  763 2352 3507 1173 3445
 2403 6117 2693  874 3218 2649 3784 3942 4506 4061  450 2515 6552 2939
 3812 3211 1185 7108 6543 6975 7400 2103  628 2181 1392 1263]",1038
624,0.4181960574142458,6,3238,3239,"[2288 2945 1683 1378 1976  743 3239 4003 1882  763 2352 3507 1173 3445
 2403 6117 2693  874 3218 2649 3784 3942 4506 4061  450 2515 6552 2939
 3812 3211 1185 7108 6543 6975 7400 2103  628 2181 1392 1263]",1054
625,0.4184675008943015,16,2693,2765,"[2288 2945 1683 1378 1976  743 3239 4003 1882  763 2352 3507 1173 3445
 2403 6117 2765  874 3218 2649 3784 3942 4506 4061  450 2515 6552 2939
 3812 3211 1185 7108 6543 6975 7400 2103  628 2181 1392 1263]",1031
626,0.41840277087065125,23,4061,4205,"[2288 2945 1683 1378 1976  743 3239 4003 1882  763 2352 3507 1173 3445
 2403 6117 2765  874 3218 2649 3784 3942 4506 4205  450 2515 6552 2939
 3812 3211 1185 7108 6543 6975 7400 2103  628 2181 1392 1263]",1073
627,0.42047587007214055,7,4003,3934,"[2288 2945 1683 1378 1976  743 3239 3934 1882  763 2352 3507 1173 3445
 2403 6117 2765  874 3218 2649 3784 3942 4506 4205  450 2515 6552 2939
 3812 3211 1185 7108 6543 6975 7400 2103  628 2181 1392 1263]",1026
628,0.4219297298084728,17,874,878,"[2288 2945 1683 1378 1976  743 3239 3934 1882  763 2352 3507 1173 3445
 2403 6117 2765  878 3218 2649 3784 3942 4506 4205  450 2515 6552 2939
 3812 3211 1185 7108 6543 6975 7400 2103  628 2181 1392 1263]",1043
629,0.42136287595146965,1,2945,3016,"[2288 3016 1683 1378 1976  743 3239 3934 1882  763 2352 3507 1173 3445
 2403 6117 2765  878 3218 2649 3784 3942 4506 4205  450 2515 6552 2939
 3812 3211 1185 7108 6543 6975 7400 2103  628 2181 1392 1263]",1048
630,0.42073377551429214,5,743,1858,"[2288 3016 1683 1378 1976 1858 3239 3934 1882  763 2352 3507 1173 3445
 2403 6117 2765  878 3218 2649 3784 3942 4506 4205  450 2515 6552 2939
 3812 3211 1185 7108 6543 6975 7400 2103  628 2181 1392 1263]",1070
631,0.4207379151744963,20,3784,3713,"[2288 3016 1683 1378 1976 1858 3239 3934 1882  763 2352 3507 1173 3445
 2403 6117 2765  878 3218 2649 3713 3942 4506 4205  450 2515 6552 2939
 3812 3211 1185 7108 6543 6975 7400 2103  628 2181 1392 1263]",1080
632,0.42382865457358326,32,6543,6616,"[2288 3016 1683 1378 1976 1858 3239 3934 1882  763 2352 3507 1173 3445
 2403 6117 2765  878 3218 2649 3713 3942 4506 4205  450 2515 6552 2939
 3812 3211 1185 7108 6616 6975 7400 2103  628 2181 1392 1263]",1073
633,0.42424698866570854,34,7400,388,"[2288 3016 1683 1378 1976 1858 3239 3934 1882  763 2352 3507 1173 3445
 2403 6117 2765  878 3218 2649 3713 3942 4506 4205  450 2515 6552 2939
 3812 3211 1185 7108 6616 6975  388 2103  628 2181 1392 1263]",1074
634,0.4254342733218114,37,2181,2112,"[2288 3016 1683 1378 1976 1858 3239 3934 1882  763 2352 3507 1173 3445
 2403 6117 2765  878 3218 2649 3713 3942 4506 4205  450 2515 6552 2939
 3812 3211 1185 7108 6616 6975  388 2103  628 2112 1392 1263]",1047
635,0.4254259452128275,2,1683,7401,"[2288 3016 7401 1378 1976 1858 3239 3934 1882  763 2352 3507 1173 3445
 2403 6117 2765  878 3218 2649 3713 3942 4506 4205  450 2515 6552 2939
 3812 3211 1185 7108 6616 6975  388 2103  628 2112 1392 1263]",1031
636,0.4255601616133423,19,2649,1682,"[2288 3016 7401 1378 1976 1858 3239 3934 1882  763 2352 3507 1173 3445
 2403 6117 2765  878 3218 1682 3713 3942 4506 4205  450 2515 6552 2939
 3812 3211 1185 7108 6616 6975  388 2103  628 2112 1392 1263]",1041
637,0.4186673802756938,33,6975,2578,"[2288 3016 7401 1378 1976 1858 3239 3934 1882  763 2352 3507 1173 3445
 2403 6117 2765  878 3218 1682 3713 3942 4506 4205  450 2515 6552 2939
 3812 3211 1185 7108 6616 2578  388 2103  628 2112 1392 1263]",1037
638,0.42649816321122125,19,1682,6977,"[2288 3016 7401 1378 1976 1858 3239 3934 1882  763 2352 3507 1173 3445
 2403 6117 2765  878 3218 6977 3713 3942 4506 4205  450 2515 6552 2939
 3812 3211 1185 7108 6616 2578  388 2103  628 2112 1392 1263]",1014
639,0.42622053980880115,21,3942,1683,"[2288 3016 7401 1378 1976 1858 3239 3934 1882  763 2352 3507 1173 3445
 2403 6117 2765  878 3218 6977 3713 1683 4506 4205  450 2515 6552 2939
 3812 3211 1185 7108 6616 2578  388 2103  628 2112 1392 1263]",1042
640,0.4227389300100453,37,2112,2252,"[2288 3016 7401 1378 1976 1858 3239 3934 1882  763 2352 3507 1173 3445
 2403 6117 2765  878 3218 6977 3713 1683 4506 4205  450 2515 6552 2939
 3812 3211 1185 7108 6616 2578  388 2103  628 2252 1392 1263]",1058
641,0.4214972191404067,3,1378,1517,"[2288 3016 7401 1517 1976 1858 3239 3934 1882  763 2352 3507 1173 3445
 2403 6117 2765  878 3218 6977 3713 1683 4506 4205  450 2515 6552 2939
 3812 3211 1185 7108 6616 2578  388 2103  628 2252 1392 1263]",1068
642,0.4227058506757881,22,4506,4502,"[2288 3016 7401 1517 1976 1858 3239 3934 1882  763 2352 3507 1173 3445
 2403 6117 2765  878 3218 6977 3713 1683 4502 4205  450 2515 6552 2939
 3812 3211 1185 7108 6616 2578  388 2103  628 2252 1392 1263]",1033
643,0.4223424096430929,5,1858,1856,"[2288 3016 7401 1517 1976 1856 3239 3934 1882  763 2352 3507 1173 3445
 2403 6117 2765  878 3218 6977 3713 1683 4502 4205  450 2515 6552 2939
 3812 3211 1185 7108 6616 2578  388 2103  628 2252 1392 1263]",989
644,0.422401783409198,35,2103,2174,"[2288 3016 7401 1517 1976 1856 3239 3934 1882  763 2352 3507 1173 3445
 2403 6117 2765  878 3218 6977 3713 1683 4502 4205  450 2515 6552 2939
 3812 3211 1185 7108 6616 2578  388 2174  628 2252 1392 1263]",1012
645,0.4212731756957403,23,4205,3991,"[2288 3016 7401 1517 1976 1856 3239 3934 1882  763 2352 3507 1173 3445
 2403 6117 2765  878 3218 6977 3713 1683 4502 3991  450 2515 6552 2939
 3812 3211 1185 7108 6616 2578  388 2174  628 2252 1392 1263]",1047
646,0.4201520471644007,31,7108,6966,"[2288 3016 7401 1517 1976 1856 3239 3934 1882  763 2352 3507 1173 3445
 2403 6117 2765  878 3218 6977 3713 1683 4502 3991  450 2515 6552 2939
 3812 3211 1185 6966 6616 2578  388 2174  628 2252 1392 1263]",1013
647,0.4185409993362522,12,1173,1101,"[2288 3016 7401 1517 1976 1856 3239 3934 1882  763 2352 3507 1101 3445
 2403 6117 2765  878 3218 6977 3713 1683 4502 3991  450 2515 6552 2939
 3812 3211 1185 6966 6616 2578  388 2174  628 2252 1392 1263]",1037
648,0.42175758331376023,37,2252,2111,"[2288 3016 7401 1517 1976 1856 3239 3934 1882  763 2352 3507 1101 3445
 2403 6117 2765  878 3218 6977 3713 1683 4502 3991  450 2515 6552 2939
 3812 3211 1185 6966 6616 2578  388 2174  628 2111 1392 1263]",1002
649,0.4210395801341402,26,6552,7466,"[2288 3016 7401 1517 1976 1856 3239 3934 1882  763 2352 3507 1101 3445
 2403 6117 2765  878 3218 6977 3713 1683 4502 3991  450 2515 7466 2939
 3812 3211 1185 6966 6616 2578  388 2174  628 2111 1392 1263]",1019
650,0.423504730196373,11,3507,3366,"[2288 3016 7401 1517 1976 1856 3239 3934 1882  763 2352 3366 1101 3445
 2403 6117 2765  878 3218 6977 3713 1683 4502 3991  450 2515 7466 2939
 3812 3211 1185 6966 6616 2578  388 2174  628 2111 1392 1263]",1023
651,0.42259149703298493,24,450,519,"[2288 3016 7401 1517 1976 1856 3239 3934 1882  763 2352 3366 1101 3445
 2403 6117 2765  878 3218 6977 3713 1683 4502 3991  519 2515 7466 2939
 3812 3211 1185 6966 6616 2578  388 2174  628 2111 1392 1263]",1050
652,0.4233157283967225,26,7466,3940,"[2288 3016 7401 1517 1976 1856 3239 3934 1882  763 2352 3366 1101 3445
 2403 6117 2765  878 3218 6977 3713 1683 4502 3991  519 2515 3940 2939
 3812 3211 1185 6966 6616 2578  388 2174  628 2111 1392 1263]",1008
653,0.4237357087071265,5,1856,6552,"[2288 3016 7401 1517 1976 6552 3239 3934 1882  763 2352 3366 1101 3445
 2403 6117 2765  878 3218 6977 3713 1683 4502 3991  519 2515 3940 2939
 3812 3211 1185 6966 6616 2578  388 2174  628 2111 1392 1263]",992
654,0.42300071571592984,10,2352,2710,"[2288 3016 7401 1517 1976 6552 3239 3934 1882  763 2710 3366 1101 3445
 2403 6117 2765  878 3218 6977 3713 1683 4502 3991  519 2515 3940 2939
 3812 3211 1185 6966 6616 2578  388 2174  628 2111 1392 1263]",979
655,0.42334091137836705,39,1263,1262,"[2288 3016 7401 1517 1976 6552 3239 3934 1882  763 2710 3366 1101 3445
 2403 6117 2765  878 3218 6977 3713 1683 4502 3991  519 2515 3940 2939
 3812 3211 1185 6966 6616 2578  388 2174  628 2111 1392 1262]",998
656,0.4215742705646428,32,6616,6544,"[2288 3016 7401 1517 1976 6552 3239 3934 1882  763 2710 3366 1101 3445
 2403 6117 2765  878 3218 6977 3713 1683 4502 3991  519 2515 3940 2939
 3812 3211 1185 6966 6544 2578  388 2174  628 2111 1392 1262]",970
657,0.42245823571169916,10,2710,2711,"[2288 3016 7401 1517 1976 6552 3239 3934 1882  763 2711 3366 1101 3445
 2403 6117 2765  878 3218 6977 3713 1683 4502 3991  519 2515 3940 2939
 3812 3211 1185 6966 6544 2578  388 2174  628 2111 1392 1262]",983
658,0.42240670533906133,26,3940,1786,"[2288 3016 7401 1517 1976 6552 3239 3934 1882  763 2711 3366 1101 3445
 2403 6117 2765  878 3218 6977 3713 1683 4502 3991  519 2515 1786 2939
 3812 3211 1185 6966 6544 2578  388 2174  628 2111 1392 1262]",997
659,0.42214477983344595,28,3812,3953,"[2288 3016 7401 1517 1976 6552 3239 3934 1882  763 2711 3366 1101 3445
 2403 6117 2765  878 3218 6977 3713 1683 4502 3991  519 2515 1786 2939
 3953 3211 1185 6966 6544 2578  388 2174  628 2111 1392 1262]",1054
660,0.42452410598584583,38,1392,1535,"[2288 3016 7401 1517 1976 6552 3239 3934 1882  763 2711 3366 1101 3445
 2403 6117 2765  878 3218 6977 3713 1683 4502 3991  519 2515 1786 2939
 3953 3211 1185 6966 6544 2578  388 2174  628 2111 1535 1262]",993
661,0.42474556059035873,2,7401,3942,"[2288 3016 3942 1517 1976 6552 3239 3934 1882  763 2711 3366 1101 3445
 2403 6117 2765  878 3218 6977 3713 1683 4502 3991  519 2515 1786 2939
 3953 3211 1185 6966 6544 2578  388 2174  628 2111 1535 1262]",990
662,0.42680854037714927,17,878,667,"[2288 3016 3942 1517 1976 6552 3239 3934 1882  763 2711 3366 1101 3445
 2403 6117 2765  667 3218 6977 3713 1683 4502 3991  519 2515 1786 2939
 3953 3211 1185 6966 6544 2578  388 2174  628 2111 1535 1262]",978
663,0.4265235948466694,10,2711,2638,"[2288 3016 3942 1517 1976 6552 3239 3934 1882  763 2638 3366 1101 3445
 2403 6117 2765  667 3218 6977 3713 1683 4502 3991  519 2515 1786 2939
 3953 3211 1185 6966 6544 2578  388 2174  628 2111 1535 1262]",978
664,0.42634468256861435,30,1185,825,"[2288 3016 3942 1517 1976 6552 3239 3934 1882  763 2638 3366 1101 3445
 2403 6117 2765  667 3218 6977 3713 1683 4502 3991  519 2515 1786 2939
 3953 3211  825 6966 6544 2578  388 2174  628 2111 1535 1262]",972
665,0.4270741560296584,33,2578,7256,"[2288 3016 3942 1517 1976 6552 3239 3934 1882  763 2638 3366 1101 3445
 2403 6117 2765  667 3218 6977 3713 1683 4502 3991  519 2515 1786 2939
 3953 3211  825 6966 6544 7256  388 2174  628 2111 1535 1262]",947
666,0.42684638248125356,37,2111,2182,"[2288 3016 3942 1517 1976 6552 3239 3934 1882  763 2638 3366 1101 3445
 2403 6117 2765  667 3218 6977 3713 1683 4502 3991  519 2515 1786 2939
 3953 3211  825 6966 6544 7256  388 2174  628 2182 1535 1262]",949
667,0.4251229921458977,38,1535,1393,"[2288 3016 3942 1517 1976 6552 3239 3934 1882  763 2638 3366 1101 3445
 2403 6117 2765  667 3218 6977 3713 1683 4502 3991  519 2515 1786 2939
 3953 3211  825 6966 6544 7256  388 2174  628 2182 1393 1262]",951
668,0.4242255236288507,21,1683,1753,"[2288 3016 3942 1517 1976 6552 3239 3934 1882  763 2638 3366 1101 3445
 2403 6117 2765  667 3218 6977 3713 1753 4502 3991  519 2515 1786 2939
 3953 3211  825 6966 6544 7256  388 2174  628 2182 1393 1262]",927
669,0.4252208382285133,12,1101,1173,"[2288 3016 3942 1517 1976 6552 3239 3934 1882  763 2638 3366 1173 3445
 2403 6117 2765  667 3218 6977 3713 1753 4502 3991  519 2515 1786 2939
 3953 3211  825 6966 6544 7256  388 2174  628 2182 1393 1262]",981
670,0.4263058789193305,37,2182,2254,"[2288 3016 3942 1517 1976 6552 3239 3934 1882  763 2638 3366 1173 3445
 2403 6117 2765  667 3218 6977 3713 1753 4502 3991  519 2515 1786 2939
 3953 3211  825 6966 6544 7256  388 2174  628 2254 1393 1262]",948
671,0.4262576121387459,33,7256,7401,"[2288 3016 3942 1517 1976 6552 3239 3934 1882  763 2638 3366 1173 3445
 2403 6117 2765  667 3218 6977 3713 1753 4502 3991  519 2515 1786 2939
 3953 3211  825 6966 6544 7401  388 2174  628 2254 1393 1262]",938
672,0.4263498436837122,29,3211,3281,"[2288 3016 3942 1517 1976 6552 3239 3934 1882  763 2638 3366 1173 3445
 2403 6117 2765  667 3218 6977 3713 1753 4502 3991  519 2515 1786 2939
 3953 3281  825 6966 6544 7401  388 2174  628 2254 1393 1262]",965
673,0.4261842297765049,33,7401,7471,"[2288 3016 3942 1517 1976 6552 3239 3934 1882  763 2638 3366 1173 3445
 2403 6117 2765  667 3218 6977 3713 1753 4502 3991  519 2515 1786 2939
 3953 3281  825 6966 6544 7471  388 2174  628 2254 1393 1262]",936
674,0.4270420281660047,3,1517,1161,"[2288 3016 3942 1161 1976 6552 3239 3934 1882  763 2638 3366 1173 3445
 2403 6117 2765  667 3218 6977 3713 1753 4502 3991  519 2515 1786 2939
 3953 3281  825 6966 6544 7471  388 2174  628 2254 1393 1262]",1016
675,0.42784376159898246,24,519,2649,"[2288 3016 3942 1161 1976 6552 3239 3934 1882  763 2638 3366 1173 3445
 2403 6117 2765  667 3218 6977 3713 1753 4502 3991 2649 2515 1786 2939
 3953 3281  825 6966 6544 7471  388 2174  628 2254 1393 1262]",979
676,0.4260818426499539,3,1161,801,"[2288 3016 3942  801 1976 6552 3239 3934 1882  763 2638 3366 1173 3445
 2403 6117 2765  667 3218 6977 3713 1753 4502 3991 2649 2515 1786 2939
 3953 3281  825 6966 6544 7471  388 2174  628 2254 1393 1262]",1025
677,0.4264001649268898,33,7471,1161,"[2288 3016 3942  801 1976 6552 3239 3934 1882  763 2638 3366 1173 3445
 2403 6117 2765  667 3218 6977 3713 1753 4502 3991 2649 2515 1786 2939
 3953 3281  825 6966 6544 1161  388 2174  628 2254 1393 1262]",1001
678,0.4253407318812416,37,2254,2182,"[2288 3016 3942  801 1976 6552 3239 3934 1882  763 2638 3366 1173 3445
 2403 6117 2765  667 3218 6977 3713 1753 4502 3991 2649 2515 1786 2939
 3953 3281  825 6966 6544 1161  388 2174  628 2182 1393 1262]",976
679,0.42589684868638555,10,2638,2424,"[2288 3016 3942  801 1976 6552 3239 3934 1882  763 2424 3366 1173 3445
 2403 6117 2765  667 3218 6977 3713 1753 4502 3991 2649 2515 1786 2939
 3953 3281  825 6966 6544 1161  388 2174  628 2182 1393 1262]",977
680,0.4281877592099202,3,801,7328,"[2288 3016 3942 7328 1976 6552 3239 3934 1882  763 2424 3366 1173 3445
 2403 6117 2765  667 3218 6977 3713 1753 4502 3991 2649 2515 1786 2939
 3953 3281  825 6966 6544 1161  388 2174  628 2182 1393 1262]",983
681,0.42952244986581245,32,6544,6687,"[2288 3016 3942 7328 1976 6552 3239 3934 1882  763 2424 3366 1173 3445
 2403 6117 2765  667 3218 6977 3713 1753 4502 3991 2649 2515 1786 2939
 3953 3281  825 6966 6687 1161  388 2174  628 2182 1393 1262]",968
682,0.42681914963466017,19,6977,7122,"[2288 3016 3942 7328 1976 6552 3239 3934 1882  763 2424 3366 1173 3445
 2403 6117 2765  667 3218 7122 3713 1753 4502 3991 2649 2515 1786 2939
 3953 3281  825 6966 6687 1161  388 2174  628 2182 1393 1262]",981
683,0.4278280655799248,37,2182,2254,"[2288 3016 3942 7328 1976 6552 3239 3934 1882  763 2424 3366 1173 3445
 2403 6117 2765  667 3218 7122 3713 1753 4502 3991 2649 2515 1786 2939
 3953 3281  825 6966 6687 1161  388 2174  628 2254 1393 1262]",981
684,0.4288313118029047,31,6966,7108,"[2288 3016 3942 7328 1976 6552 3239 3934 1882  763 2424 3366 1173 3445
 2403 6117 2765  667 3218 7122 3713 1753 4502 3991 2649 2515 1786 2939
 3953 3281  825 7108 6687 1161  388 2174  628 2254 1393 1262]",976
685,0.4294820533427641,35,2174,2173,"[2288 3016 3942 7328 1976 6552 3239 3934 1882  763 2424 3366 1173 3445
 2403 6117 2765  667 3218 7122 3713 1753 4502 3991 2649 2515 1786 2939
 3953 3281  825 7108 6687 1161  388 2173  628 2254 1393 1262]",1010
686,0.4289128403379969,8,1882,1662,"[2288 3016 3942 7328 1976 6552 3239 3934 1662  763 2424 3366 1173 3445
 2403 6117 2765  667 3218 7122 3713 1753 4502 3991 2649 2515 1786 2939
 3953 3281  825 7108 6687 1161  388 2173  628 2254 1393 1262]",1018
687,0.4268143857721629,4,1976,1906,"[2288 3016 3942 7328 1906 6552 3239 3934 1662  763 2424 3366 1173 3445
 2403 6117 2765  667 3218 7122 3713 1753 4502 3991 2649 2515 1786 2939
 3953 3281  825 7108 6687 1161  388 2173  628 2254 1393 1262]",980
688,0.42890252973495935,19,7122,7049,"[2288 3016 3942 7328 1906 6552 3239 3934 1662  763 2424 3366 1173 3445
 2403 6117 2765  667 3218 7049 3713 1753 4502 3991 2649 2515 1786 2939
 3953 3281  825 7108 6687 1161  388 2173  628 2254 1393 1262]",966
689,0.4284559792544479,3,7328,7256,"[2288 3016 3942 7256 1906 6552 3239 3934 1662  763 2424 3366 1173 3445
 2403 6117 2765  667 3218 7049 3713 1753 4502 3991 2649 2515 1786 2939
 3953 3281  825 7108 6687 1161  388 2173  628 2254 1393 1262]",953
690,0.4292336378510717,8,1662,1740,"[2288 3016 3942 7256 1906 6552 3239 3934 1740  763 2424 3366 1173 3445
 2403 6117 2765  667 3218 7049 3713 1753 4502 3991 2649 2515 1786 2939
 3953 3281  825 7108 6687 1161  388 2173  628 2254 1393 1262]",1017
691,0.42915018400797494,22,4502,4435,"[2288 3016 3942 7256 1906 6552 3239 3934 1740  763 2424 3366 1173 3445
 2403 6117 2765  667 3218 7049 3713 1753 4435 3991 2649 2515 1786 2939
 3953 3281  825 7108 6687 1161  388 2173  628 2254 1393 1262]",1019
692,0.42956693631887743,37,2254,2112,"[2288 3016 3942 7256 1906 6552 3239 3934 1740  763 2424 3366 1173 3445
 2403 6117 2765  667 3218 7049 3713 1753 4435 3991 2649 2515 1786 2939
 3953 3281  825 7108 6687 1161  388 2173  628 2112 1393 1262]",1019
693,0.4291537298278789,25,2515,2304,"[2288 3016 3942 7256 1906 6552 3239 3934 1740  763 2424 3366 1173 3445
 2403 6117 2765  667 3218 7049 3713 1753 4435 3991 2649 2304 1786 2939
 3953 3281  825 7108 6687 1161  388 2173  628 2112 1393 1262]",1042
694,0.43167549451908416,21,1753,1613,"[2288 3016 3942 7256 1906 6552 3239 3934 1740  763 2424 3366 1173 3445
 2403 6117 2765  667 3218 7049 3713 1613 4435 3991 2649 2304 1786 2939
 3953 3281  825 7108 6687 1161  388 2173  628 2112 1393 1262]",974
695,0.4325376473321097,0,2288,2220,"[2220 3016 3942 7256 1906 6552 3239 3934 1740  763 2424 3366 1173 3445
 2403 6117 2765  667 3218 7049 3713 1613 4435 3991 2649 2304 1786 2939
 3953 3281  825 7108 6687 1161  388 2173  628 2112 1393 1262]",996
696,0.430120907638592,37,2112,2181,"[2220 3016 3942 7256 1906 6552 3239 3934 1740  763 2424 3366 1173 3445
 2403 6117 2765  667 3218 7049 3713 1613 4435 3991 2649 2304 1786 2939
 3953 3281  825 7108 6687 1161  388 2173  628 2181 1393 1262]",980
697,0.42828361960225125,10,2424,2285,"[2220 3016 3942 7256 1906 6552 3239 3934 1740  763 2285 3366 1173 3445
 2403 6117 2765  667 3218 7049 3713 1613 4435 3991 2649 2304 1786 2939
 3953 3281  825 7108 6687 1161  388 2173  628 2181 1393 1262]",979
698,0.4264984031931628,0,2220,660,"[ 660 3016 3942 7256 1906 6552 3239 3934 1740  763 2285 3366 1173 3445
 2403 6117 2765  667 3218 7049 3713 1613 4435 3991 2649 2304 1786 2939
 3953 3281  825 7108 6687 1161  388 2173  628 2181 1393 1262]",976
699,0.42789633848082764,24,2649,2507,"[ 660 3016 3942 7256 1906 6552 3239 3934 1740  763 2285 3366 1173 3445
 2403 6117 2765  667 3218 7049 3713 1613 4435 3991 2507 2304 1786 2939
 3953 3281  825 7108 6687 1161  388 2173  628 2181 1393 1262]",996
700,0.42681091371603797,11,3366,3437,"[ 660 3016 3942 7256 1906 6552 3239 3934 1740  763 2285 3437 1173 3445
 2403 6117 2765  667 3218 7049 3713 1613 4435 3991 2507 2304 1786 2939
 3953 3281  825 7108 6687 1161  388 2173  628 2181 1393 1262]",932
701,0.42650973030850925,31,7108,2711,"[ 660 3016 3942 7256 1906 6552 3239 3934 1740  763 2285 3437 1173 3445
 2403 6117 2765  667 3218 7049 3713 1613 4435 3991 2507 2304 1786 2939
 3953 3281  825 2711 6687 1161  388 2173  628 2181 1393 1262]",944
702,0.4283976024191226,14,2403,2333,"[ 660 3016 3942 7256 1906 6552 3239 3934 1740  763 2285 3437 1173 3445
 2333 6117 2765  667 3218 7049 3713 1613 4435 3991 2507 2304 1786 2939
 3953 3281  825 2711 6687 1161  388 2173  628 2181 1393 1262]",973
703,0.4281481711542859,10,2285,2216,"[ 660 3016 3942 7256 1906 6552 3239 3934 1740  763 2216 3437 1173 3445
 2333 6117 2765  667 3218 7049 3713 1613 4435 3991 2507 2304 1786 2939
 3953 3281  825 2711 6687 1161  388 2173  628 2181 1393 1262]",959
704,0.4291979054790939,36,628,842,"[ 660 3016 3942 7256 1906 6552 3239 3934 1740  763 2216 3437 1173 3445
 2333 6117 2765  667 3218 7049 3713 1613 4435 3991 2507 2304 1786 2939
 3953 3281  825 2711 6687 1161  388 2173  842 2181 1393 1262]",978
705,0.428514353376546,0,660,3603,"[3603 3016 3942 7256 1906 6552 3239 3934 1740  763 2216 3437 1173 3445
 2333 6117 2765  667 3218 7049 3713 1613 4435 3991 2507 2304 1786 2939
 3953 3281  825 2711 6687 1161  388 2173  842 2181 1393 1262]",967
706,0.43072377080282664,32,6687,6617,"[3603 3016 3942 7256 1906 6552 3239 3934 1740  763 2216 3437 1173 3445
 2333 6117 2765  667 3218 7049 3713 1613 4435 3991 2507 2304 1786 2939
 3953 3281  825 2711 6617 1161  388 2173  842 2181 1393 1262]",947
707,0.43039841004844126,39,1262,1263,"[3603 3016 3942 7256 1906 6552 3239 3934 1740  763 2216 3437 1173 3445
 2333 6117 2765  667 3218 7049 3713 1613 4435 3991 2507 2304 1786 2939
 3953 3281  825 2711 6617 1161  388 2173  842 2181 1393 1263]",943
708,0.4266631577042836,19,7049,7263,"[3603 3016 3942 7256 1906 6552 3239 3934 1740  763 2216 3437 1173 3445
 2333 6117 2765  667 3218 7263 3713 1613 4435 3991 2507 2304 1786 2939
 3953 3281  825 2711 6617 1161  388 2173  842 2181 1393 1263]",952
709,0.4284107390032649,19,7263,7051,"[3603 3016 3942 7256 1906 6552 3239 3934 1740  763 2216 3437 1173 3445
 2333 6117 2765  667 3218 7051 3713 1613 4435 3991 2507 2304 1786 2939
 3953 3281  825 2711 6617 1161  388 2173  842 2181 1393 1263]",952
710,0.4291976771868402,30,825,827,"[3603 3016 3942 7256 1906 6552 3239 3934 1740  763 2216 3437 1173 3445
 2333 6117 2765  667 3218 7051 3713 1613 4435 3991 2507 2304 1786 2939
 3953 3281  827 2711 6617 1161  388 2173  842 2181 1393 1263]",963
711,0.4280549950257979,9,763,836,"[3603 3016 3942 7256 1906 6552 3239 3934 1740  836 2216 3437 1173 3445
 2333 6117 2765  667 3218 7051 3713 1613 4435 3991 2507 2304 1786 2939
 3953 3281  827 2711 6617 1161  388 2173  842 2181 1393 1263]",958
712,0.4288029826434694,25,2304,2445,"[3603 3016 3942 7256 1906 6552 3239 3934 1740  836 2216 3437 1173 3445
 2333 6117 2765  667 3218 7051 3713 1613 4435 3991 2507 2445 1786 2939
 3953 3281  827 2711 6617 1161  388 2173  842 2181 1393 1263]",1008
713,0.4262023266970263,27,2939,2868,"[3603 3016 3942 7256 1906 6552 3239 3934 1740  836 2216 3437 1173 3445
 2333 6117 2765  667 3218 7051 3713 1613 4435 3991 2507 2445 1786 2868
 3953 3281  827 2711 6617 1161  388 2173  842 2181 1393 1263]",947
714,0.42455229698477953,21,1613,1682,"[3603 3016 3942 7256 1906 6552 3239 3934 1740  836 2216 3437 1173 3445
 2333 6117 2765  667 3218 7051 3713 1682 4435 3991 2507 2445 1786 2868
 3953 3281  827 2711 6617 1161  388 2173  842 2181 1393 1263]",966
715,0.42508485769842946,36,842,7036,"[3603 3016 3942 7256 1906 6552 3239 3934 1740  836 2216 3437 1173 3445
 2333 6117 2765  667 3218 7051 3713 1682 4435 3991 2507 2445 1786 2868
 3953 3281  827 2711 6617 1161  388 2173 7036 2181 1393 1263]",979
716,0.42628092085061575,4,1906,1762,"[3603 3016 3942 7256 1762 6552 3239 3934 1740  836 2216 3437 1173 3445
 2333 6117 2765  667 3218 7051 3713 1682 4435 3991 2507 2445 1786 2868
 3953 3281  827 2711 6617 1161  388 2173 7036 2181 1393 1263]",987
717,0.42508485769842946,4,1762,1906,"[3603 3016 3942 7256 1906 6552 3239 3934 1740  836 2216 3437 1173 3445
 2333 6117 2765  667 3218 7051 3713 1682 4435 3991 2507 2445 1786 2868
 3953 3281  827 2711 6617 1161  388 2173 7036 2181 1393 1263]",987
718,0.4226698889624487,18,3218,3289,"[3603 3016 3942 7256 1906 6552 3239 3934 1740  836 2216 3437 1173 3445
 2333 6117 2765  667 3289 7051 3713 1682 4435 3991 2507 2445 1786 2868
 3953 3281  827 2711 6617 1161  388 2173 7036 2181 1393 1263]",967
719,0.4225967204995693,26,1786,1927,"[3603 3016 3942 7256 1906 6552 3239 3934 1740  836 2216 3437 1173 3445
 2333 6117 2765  667 3289 7051 3713 1682 4435 3991 2507 2445 1927 2868
 3953 3281  827 2711 6617 1161  388 2173 7036 2181 1393 1263]",977
720,0.4216490970188165,33,1161,1238,"[3603 3016 3942 7256 1906 6552 3239 3934 1740  836 2216 3437 1173 3445
 2333 6117 2765  667 3289 7051 3713 1682 4435 3991 2507 2445 1927 2868
 3953 3281  827 2711 6617 1238  388 2173 7036 2181 1393 1263]",1028
721,0.42150459805059637,34,388,747,"[3603 3016 3942 7256 1906 6552 3239 3934 1740  836 2216 3437 1173 3445
 2333 6117 2765  667 3289 7051 3713 1682 4435 3991 2507 2445 1927 2868
 3953 3281  827 2711 6617 1238  747 2173 7036 2181 1393 1263]",1031
722,0.4211944187365143,37,2181,2253,"[3603 3016 3942 7256 1906 6552 3239 3934 1740  836 2216 3437 1173 3445
 2333 6117 2765  667 3289 7051 3713 1682 4435 3991 2507 2445 1927 2868
 3953 3281  827 2711 6617 1238  747 2173 7036 2253 1393 1263]",1046
723,0.4217045433691794,12,1173,801,"[3603 3016 3942 7256 1906 6552 3239 3934 1740  836 2216 3437  801 3445
 2333 6117 2765  667 3289 7051 3713 1682 4435 3991 2507 2445 1927 2868
 3953 3281  827 2711 6617 1238  747 2173 7036 2253 1393 1263]",992
724,0.4195453657975317,31,2711,913,"[3603 3016 3942 7256 1906 6552 3239 3934 1740  836 2216 3437  801 3445
 2333 6117 2765  667 3289 7051 3713 1682 4435 3991 2507 2445 1927 2868
 3953 3281  827  913 6617 1238  747 2173 7036 2253 1393 1263]",976
725,0.4194815315603139,18,3289,3147,"[3603 3016 3942 7256 1906 6552 3239 3934 1740  836 2216 3437  801 3445
 2333 6117 2765  667 3147 7051 3713 1682 4435 3991 2507 2445 1927 2868
 3953 3281  827  913 6617 1238  747 2173 7036 2253 1393 1263]",961
726,0.4179359383144263,32,6617,6688,"[3603 3016 3942 7256 1906 6552 3239 3934 1740  836 2216 3437  801 3445
 2333 6117 2765  667 3147 7051 3713 1682 4435 3991 2507 2445 1927 2868
 3953 3281  827  913 6688 1238  747 2173 7036 2253 1393 1263]",965
727,0.4177285931495276,34,747,962,"[3603 3016 3942 7256 1906 6552 3239 3934 1740  836 2216 3437  801 3445
 2333 6117 2765  667 3147 7051 3713 1682 4435 3991 2507 2445 1927 2868
 3953 3281  827  913 6688 1238  962 2173 7036 2253 1393 1263]",1005
728,0.4175694475425171,13,3445,3446,"[3603 3016 3942 7256 1906 6552 3239 3934 1740  836 2216 3437  801 3446
 2333 6117 2765  667 3147 7051 3713 1682 4435 3991 2507 2445 1927 2868
 3953 3281  827  913 6688 1238  962 2173 7036 2253 1393 1263]",967
729,0.4182474908281911,15,6117,6119,"[3603 3016 3942 7256 1906 6552 3239 3934 1740  836 2216 3437  801 3446
 2333 6119 2765  667 3147 7051 3713 1682 4435 3991 2507 2445 1927 2868
 3953 3281  827  913 6688 1238  962 2173 7036 2253 1393 1263]",1032
730,0.4163724886661345,13,3446,2565,"[3603 3016 3942 7256 1906 6552 3239 3934 1740  836 2216 3437  801 2565
 2333 6119 2765  667 3147 7051 3713 1682 4435 3991 2507 2445 1927 2868
 3953 3281  827  913 6688 1238  962 2173 7036 2253 1393 1263]",965
731,0.41779348800522237,7,3934,3517,"[3603 3016 3942 7256 1906 6552 3239 3517 1740  836 2216 3437  801 2565
 2333 6119 2765  667 3147 7051 3713 1682 4435 3991 2507 2445 1927 2868
 3953 3281  827  913 6688 1238  962 2173 7036 2253 1393 1263]",972
732,0.4201630063561902,37,2253,2112,"[3603 3016 3942 7256 1906 6552 3239 3517 1740  836 2216 3437  801 2565
 2333 6119 2765  667 3147 7051 3713 1682 4435 3991 2507 2445 1927 2868
 3953 3281  827  913 6688 1238  962 2173 7036 2112 1393 1263]",1020
733,0.41873693422574004,20,3713,3865,"[3603 3016 3942 7256 1906 6552 3239 3517 1740  836 2216 3437  801 2565
 2333 6119 2765  667 3147 7051 3865 1682 4435 3991 2507 2445 1927 2868
 3953 3281  827  913 6688 1238  962 2173 7036 2112 1393 1263]",1017
734,0.42008447033605245,6,3239,3643,"[3603 3016 3942 7256 1906 6552 3643 3517 1740  836 2216 3437  801 2565
 2333 6119 2765  667 3147 7051 3865 1682 4435 3991 2507 2445 1927 2868
 3953 3281  827  913 6688 1238  962 2173 7036 2112 1393 1263]",1062
735,0.4217961984745508,26,1927,3167,"[3603 3016 3942 7256 1906 6552 3643 3517 1740  836 2216 3437  801 2565
 2333 6119 2765  667 3147 7051 3865 1682 4435 3991 2507 2445 3167 2868
 3953 3281  827  913 6688 1238  962 2173 7036 2112 1393 1263]",1055
736,0.42191787781640233,18,3147,3145,"[3603 3016 3942 7256 1906 6552 3643 3517 1740  836 2216 3437  801 2565
 2333 6119 2765  667 3145 7051 3865 1682 4435 3991 2507 2445 3167 2868
 3953 3281  827  913 6688 1238  962 2173 7036 2112 1393 1263]",999
737,0.42311275696280615,22,4435,4573,"[3603 3016 3942 7256 1906 6552 3643 3517 1740  836 2216 3437  801 2565
 2333 6119 2765  667 3145 7051 3865 1682 4573 3991 2507 2445 3167 2868
 3953 3281  827  913 6688 1238  962 2173 7036 2112 1393 1263]",1032
738,0.42588173273626023,27,2868,2939,"[3603 3016 3942 7256 1906 6552 3643 3517 1740  836 2216 3437  801 2565
 2333 6119 2765  667 3145 7051 3865 1682 4573 3991 2507 2445 3167 2939
 3953 3281  827  913 6688 1238  962 2173 7036 2112 1393 1263]",963
739,0.4256489398288193,1,3016,3017,"[3603 3017 3942 7256 1906 6552 3643 3517 1740  836 2216 3437  801 2565
 2333 6119 2765  667 3145 7051 3865 1682 4573 3991 2507 2445 3167 2939
 3953 3281  827  913 6688 1238  962 2173 7036 2112 1393 1263]",982
740,0.423412443059018,17,667,741,"[3603 3017 3942 7256 1906 6552 3643 3517 1740  836 2216 3437  801 2565
 2333 6119 2765  741 3145 7051 3865 1682 4573 3991 2507 2445 3167 2939
 3953 3281  827  913 6688 1238  962 2173 7036 2112 1393 1263]",1023
741,0.42280351481018486,33,1238,1164,"[3603 3017 3942 7256 1906 6552 3643 3517 1740  836 2216 3437  801 2565
 2333 6119 2765  741 3145 7051 3865 1682 4573 3991 2507 2445 3167 2939
 3953 3281  827  913 6688 1164  962 2173 7036 2112 1393 1263]",1008
742,0.4242234480520824,15,6119,6118,"[3603 3017 3942 7256 1906 6552 3643 3517 1740  836 2216 3437  801 2565
 2333 6118 2765  741 3145 7051 3865 1682 4573 3991 2507 2445 3167 2939
 3953 3281  827  913 6688 1164  962 2173 7036 2112 1393 1263]",1027
743,0.42474406269778375,18,3145,3075,"[3603 3017 3942 7256 1906 6552 3643 3517 1740  836 2216 3437  801 2565
 2333 6118 2765  741 3075 7051 3865 1682 4573 3991 2507 2445 3167 2939
 3953 3281  827  913 6688 1164  962 2173 7036 2112 1393 1263]",966
744,0.4242766102030439,35,2173,1888,"[3603 3017 3942 7256 1906 6552 3643 3517 1740  836 2216 3437  801 2565
 2333 6118 2765  741 3075 7051 3865 1682 4573 3991 2507 2445 3167 2939
 3953 3281  827  913 6688 1164  962 1888 7036 2112 1393 1263]",1027
745,0.4256743138964878,38,1393,1321,"[3603 3017 3942 7256 1906 6552 3643 3517 1740  836 2216 3437  801 2565
 2333 6118 2765  741 3075 7051 3865 1682 4573 3991 2507 2445 3167 2939
 3953 3281  827  913 6688 1164  962 1888 7036 2112 1321 1263]",1008
746,0.4267113071211856,23,3991,4133,"[3603 3017 3942 7256 1906 6552 3643 3517 1740  836 2216 3437  801 2565
 2333 6118 2765  741 3075 7051 3865 1682 4573 4133 2507 2445 3167 2939
 3953 3281  827  913 6688 1164  962 1888 7036 2112 1321 1263]",1078
747,0.42504670621576174,37,2112,2110,"[3603 3017 3942 7256 1906 6552 3643 3517 1740  836 2216 3437  801 2565
 2333 6118 2765  741 3075 7051 3865 1682 4573 4133 2507 2445 3167 2939
 3953 3281  827  913 6688 1164  962 1888 7036 2110 1321 1263]",1026
748,0.42522786055540546,26,3167,3238,"[3603 3017 3942 7256 1906 6552 3643 3517 1740  836 2216 3437  801 2565
 2333 6118 2765  741 3075 7051 3865 1682 4573 4133 2507 2445 3238 2939
 3953 3281  827  913 6688 1164  962 1888 7036 2110 1321 1263]",1037
749,0.4237793696500647,26,3238,3240,"[3603 3017 3942 7256 1906 6552 3643 3517 1740  836 2216 3437  801 2565
 2333 6118 2765  741 3075 7051 3865 1682 4573 4133 2507 2445 3240 2939
 3953 3281  827  913 6688 1164  962 1888 7036 2110 1321 1263]",1037
750,0.42447448998381143,10,2216,2143,"[3603 3017 3942 7256 1906 6552 3643 3517 1740  836 2143 3437  801 2565
 2333 6118 2765  741 3075 7051 3865 1682 4573 4133 2507 2445 3240 2939
 3953 3281  827  913 6688 1164  962 1888 7036 2110 1321 1263]",1026
751,0.4230256981489533,25,2445,2443,"[3603 3017 3942 7256 1906 6552 3643 3517 1740  836 2143 3437  801 2565
 2333 6118 2765  741 3075 7051 3865 1682 4573 4133 2507 2443 3240 2939
 3953 3281  827  913 6688 1164  962 1888 7036 2110 1321 1263]",1024
752,0.4218484593583852,14,2333,2329,"[3603 3017 3942 7256 1906 6552 3643 3517 1740  836 2143 3437  801 2565
 2329 6118 2765  741 3075 7051 3865 1682 4573 4133 2507 2443 3240 2939
 3953 3281  827  913 6688 1164  962 1888 7036 2110 1321 1263]",1012
753,0.42283417463449874,31,913,408,"[3603 3017 3942 7256 1906 6552 3643 3517 1740  836 2143 3437  801 2565
 2329 6118 2765  741 3075 7051 3865 1682 4573 4133 2507 2443 3240 2939
 3953 3281  827  408 6688 1164  962 1888 7036 2110 1321 1263]",997
754,0.4235040754064878,0,3603,2591,"[2591 3017 3942 7256 1906 6552 3643 3517 1740  836 2143 3437  801 2565
 2329 6118 2765  741 3075 7051 3865 1682 4573 4133 2507 2443 3240 2939
 3953 3281  827  408 6688 1164  962 1888 7036 2110 1321 1263]",999
755,0.4239075448329968,36,7036,7179,"[2591 3017 3942 7256 1906 6552 3643 3517 1740  836 2143 3437  801 2565
 2329 6118 2765  741 3075 7051 3865 1682 4573 4133 2507 2443 3240 2939
 3953 3281  827  408 6688 1164  962 1888 7179 2110 1321 1263]",992
756,0.42604960469902575,12,801,452,"[2591 3017 3942 7256 1906 6552 3643 3517 1740  836 2143 3437  452 2565
 2329 6118 2765  741 3075 7051 3865 1682 4573 4133 2507 2443 3240 2939
 3953 3281  827  408 6688 1164  962 1888 7179 2110 1321 1263]",1030
757,0.4242097149609958,36,7179,771,"[2591 3017 3942 7256 1906 6552 3643 3517 1740  836 2143 3437  452 2565
 2329 6118 2765  741 3075 7051 3865 1682 4573 4133 2507 2443 3240 2939
 3953 3281  827  408 6688 1164  962 1888  771 2110 1321 1263]",1003
758,0.42308989555643517,29,3281,3354,"[2591 3017 3942 7256 1906 6552 3643 3517 1740  836 2143 3437  452 2565
 2329 6118 2765  741 3075 7051 3865 1682 4573 4133 2507 2443 3240 2939
 3953 3354  827  408 6688 1164  962 1888  771 2110 1321 1263]",1026
759,0.4236619026946903,10,2143,2144,"[2591 3017 3942 7256 1906 6552 3643 3517 1740  836 2144 3437  452 2565
 2329 6118 2765  741 3075 7051 3865 1682 4573 4133 2507 2443 3240 2939
 3953 3354  827  408 6688 1164  962 1888  771 2110 1321 1263]",1043
760,0.42340938016873375,35,1888,2101,"[2591 3017 3942 7256 1906 6552 3643 3517 1740  836 2144 3437  452 2565
 2329 6118 2765  741 3075 7051 3865 1682 4573 4133 2507 2443 3240 2939
 3953 3354  827  408 6688 1164  962 2101  771 2110 1321 1263]",1013
761,0.42210164215244206,17,741,387,"[2591 3017 3942 7256 1906 6552 3643 3517 1740  836 2144 3437  452 2565
 2329 6118 2765  387 3075 7051 3865 1682 4573 4133 2507 2443 3240 2939
 3953 3354  827  408 6688 1164  962 2101  771 2110 1321 1263]",985
762,0.42207086851821346,16,2765,2760,"[2591 3017 3942 7256 1906 6552 3643 3517 1740  836 2144 3437  452 2565
 2329 6118 2760  387 3075 7051 3865 1682 4573 4133 2507 2443 3240 2939
 3953 3354  827  408 6688 1164  962 2101  771 2110 1321 1263]",1003
763,0.42255804557550425,16,2760,6967,"[2591 3017 3942 7256 1906 6552 3643 3517 1740  836 2144 3437  452 2565
 2329 6118 6967  387 3075 7051 3865 1682 4573 4133 2507 2443 3240 2939
 3953 3354  827  408 6688 1164  962 2101  771 2110 1321 1263]",1003
764,0.4228575928047331,8,1740,1806,"[2591 3017 3942 7256 1906 6552 3643 3517 1806  836 2144 3437  452 2565
 2329 6118 6967  387 3075 7051 3865 1682 4573 4133 2507 2443 3240 2939
 3953 3354  827  408 6688 1164  962 2101  771 2110 1321 1263]",1039
765,0.4248353474984709,13,2565,2709,"[2591 3017 3942 7256 1906 6552 3643 3517 1806  836 2144 3437  452 2709
 2329 6118 6967  387 3075 7051 3865 1682 4573 4133 2507 2443 3240 2939
 3953 3354  827  408 6688 1164  962 2101  771 2110 1321 1263]",980
766,0.42354775325753774,10,2144,2145,"[2591 3017 3942 7256 1906 6552 3643 3517 1806  836 2145 3437  452 2709
 2329 6118 6967  387 3075 7051 3865 1682 4573 4133 2507 2443 3240 2939
 3953 3354  827  408 6688 1164  962 2101  771 2110 1321 1263]",1006
767,0.4226684753281149,9,836,835,"[2591 3017 3942 7256 1906 6552 3643 3517 1806  835 2145 3437  452 2709
 2329 6118 6967  387 3075 7051 3865 1682 4573 4133 2507 2443 3240 2939
 3953 3354  827  408 6688 1164  962 2101  771 2110 1321 1263]",943
768,0.42396512715429013,26,3240,3169,"[2591 3017 3942 7256 1906 6552 3643 3517 1806  835 2145 3437  452 2709
 2329 6118 6967  387 3075 7051 3865 1682 4573 4133 2507 2443 3169 2939
 3953 3354  827  408 6688 1164  962 2101  771 2110 1321 1263]",1019
769,0.42427031415655203,36,771,2689,"[2591 3017 3942 7256 1906 6552 3643 3517 1806  835 2145 3437  452 2709
 2329 6118 6967  387 3075 7051 3865 1682 4573 4133 2507 2443 3169 2939
 3953 3354  827  408 6688 1164  962 2101 2689 2110 1321 1263]",975
770,0.4255368875602773,32,6688,6617,"[2591 3017 3942 7256 1906 6552 3643 3517 1806  835 2145 3437  452 2709
 2329 6118 6967  387 3075 7051 3865 1682 4573 4133 2507 2443 3169 2939
 3953 3354  827  408 6617 1164  962 2101 2689 2110 1321 1263]",915
771,0.42525321199525146,20,3865,3862,"[2591 3017 3942 7256 1906 6552 3643 3517 1806  835 2145 3437  452 2709
 2329 6118 6967  387 3075 7051 3862 1682 4573 4133 2507 2443 3169 2939
 3953 3354  827  408 6617 1164  962 2101 2689 2110 1321 1263]",931
772,0.4252279146692981,35,2101,2099,"[2591 3017 3942 7256 1906 6552 3643 3517 1806  835 2145 3437  452 2709
 2329 6118 6967  387 3075 7051 3862 1682 4573 4133 2507 2443 3169 2939
 3953 3354  827  408 6617 1164  962 2099 2689 2110 1321 1263]",975
773,0.42369592360313546,38,1321,1393,"[2591 3017 3942 7256 1906 6552 3643 3517 1806  835 2145 3437  452 2709
 2329 6118 6967  387 3075 7051 3862 1682 4573 4133 2507 2443 3169 2939
 3953 3354  827  408 6617 1164  962 2099 2689 2110 1393 1263]",932
774,0.4238776839893621,9,835,834,"[2591 3017 3942 7256 1906 6552 3643 3517 1806  834 2145 3437  452 2709
 2329 6118 6967  387 3075 7051 3862 1682 4573 4133 2507 2443 3169 2939
 3953 3354  827  408 6617 1164  962 2099 2689 2110 1393 1263]",913
775,0.4248596019766896,7,3517,3519,"[2591 3017 3942 7256 1906 6552 3643 3519 1806  834 2145 3437  452 2709
 2329 6118 6967  387 3075 7051 3862 1682 4573 4133 2507 2443 3169 2939
 3953 3354  827  408 6617 1164  962 2099 2689 2110 1393 1263]",920
776,0.4241687092242058,15,6118,6047,"[2591 3017 3942 7256 1906 6552 3643 3519 1806  834 2145 3437  452 2709
 2329 6047 6967  387 3075 7051 3862 1682 4573 4133 2507 2443 3169 2939
 3953 3354  827  408 6617 1164  962 2099 2689 2110 1393 1263]",970
777,0.4259606064488261,3,7256,7330,"[2591 3017 3942 7330 1906 6552 3643 3519 1806  834 2145 3437  452 2709
 2329 6047 6967  387 3075 7051 3862 1682 4573 4133 2507 2443 3169 2939
 3953 3354  827  408 6617 1164  962 2099 2689 2110 1393 1263]",927
778,0.426029012700813,33,1164,1163,"[2591 3017 3942 7330 1906 6552 3643 3519 1806  834 2145 3437  452 2709
 2329 6047 6967  387 3075 7051 3862 1682 4573 4133 2507 2443 3169 2939
 3953 3354  827  408 6617 1163  962 2099 2689 2110 1393 1263]",990
779,0.426115929270549,33,1163,1238,"[2591 3017 3942 7330 1906 6552 3643 3519 1806  834 2145 3437  452 2709
 2329 6047 6967  387 3075 7051 3862 1682 4573 4133 2507 2443 3169 2939
 3953 3354  827  408 6617 1238  962 2099 2689 2110 1393 1263]",990
780,0.4257946846418121,14,2329,1017,"[2591 3017 3942 7330 1906 6552 3643 3519 1806  834 2145 3437  452 2709
 1017 6047 6967  387 3075 7051 3862 1682 4573 4133 2507 2443 3169 2939
 3953 3354  827  408 6617 1238  962 2099 2689 2110 1393 1263]",937
781,0.4250731004435656,15,6047,6119,"[2591 3017 3942 7330 1906 6552 3643 3519 1806  834 2145 3437  452 2709
 1017 6119 6967  387 3075 7051 3862 1682 4573 4133 2507 2443 3169 2939
 3953 3354  827  408 6617 1238  962 2099 2689 2110 1393 1263]",952
782,0.42493031675520454,6,3643,3573,"[2591 3017 3942 7330 1906 6552 3573 3519 1806  834 2145 3437  452 2709
 1017 6119 6967  387 3075 7051 3862 1682 4573 4133 2507 2443 3169 2939
 3953 3354  827  408 6617 1238  962 2099 2689 2110 1393 1263]",896
783,0.4250731004435656,6,3573,3643,"[2591 3017 3942 7330 1906 6552 3643 3519 1806  834 2145 3437  452 2709
 1017 6119 6967  387 3075 7051 3862 1682 4573 4133 2507 2443 3169 2939
 3953 3354  827  408 6617 1238  962 2099 2689 2110 1393 1263]",896
784,0.42196867536144256,27,2939,2868,"[2591 3017 3942 7330 1906 6552 3643 3519 1806  834 2145 3437  452 2709
 1017 6119 6967  387 3075 7051 3862 1682 4573 4133 2507 2443 3169 2868
 3953 3354  827  408 6617 1238  962 2099 2689 2110 1393 1263]",886
785,0.4236901367813284,36,2689,2332,"[2591 3017 3942 7330 1906 6552 3643 3519 1806  834 2145 3437  452 2709
 1017 6119 6967  387 3075 7051 3862 1682 4573 4133 2507 2443 3169 2868
 3953 3354  827  408 6617 1238  962 2099 2332 2110 1393 1263]",980
786,0.4218373659353395,24,2507,2648,"[2591 3017 3942 7330 1906 6552 3643 3519 1806  834 2145 3437  452 2709
 1017 6119 6967  387 3075 7051 3862 1682 4573 4133 2648 2443 3169 2868
 3953 3354  827  408 6617 1238  962 2099 2332 2110 1393 1263]",957
787,0.4221925229321053,25,2443,2764,"[2591 3017 3942 7330 1906 6552 3643 3519 1806  834 2145 3437  452 2709
 1017 6119 6967  387 3075 7051 3862 1682 4573 4133 2648 2764 3169 2868
 3953 3354  827  408 6617 1238  962 2099 2332 2110 1393 1263]",951
788,0.42196116337281303,12,452,810,"[2591 3017 3942 7330 1906 6552 3643 3519 1806  834 2145 3437  810 2709
 1017 6119 6967  387 3075 7051 3862 1682 4573 4133 2648 2764 3169 2868
 3953 3354  827  408 6617 1238  962 2099 2332 2110 1393 1263]",933
789,0.42264297929546824,8,1806,2160,"[2591 3017 3942 7330 1906 6552 3643 3519 2160  834 2145 3437  810 2709
 1017 6119 6967  387 3075 7051 3862 1682 4573 4133 2648 2764 3169 2868
 3953 3354  827  408 6617 1238  962 2099 2332 2110 1393 1263]",998
790,0.4223192687973644,6,3643,3713,"[2591 3017 3942 7330 1906 6552 3713 3519 2160  834 2145 3437  810 2709
 1017 6119 6967  387 3075 7051 3862 1682 4573 4133 2648 2764 3169 2868
 3953 3354  827  408 6617 1238  962 2099 2332 2110 1393 1263]",938
791,0.42443222037404454,37,2110,2112,"[2591 3017 3942 7330 1906 6552 3713 3519 2160  834 2145 3437  810 2709
 1017 6119 6967  387 3075 7051 3862 1682 4573 4133 2648 2764 3169 2868
 3953 3354  827  408 6617 1238  962 2099 2332 2112 1393 1263]",974
792,0.4262341038821458,10,2145,2287,"[2591 3017 3942 7330 1906 6552 3713 3519 2160  834 2287 3437  810 2709
 1017 6119 6967  387 3075 7051 3862 1682 4573 4133 2648 2764 3169 2868
 3953 3354  827  408 6617 1238  962 2099 2332 2112 1393 1263]",1005
793,0.426133998144953,5,6552,6553,"[2591 3017 3942 7330 1906 6553 3713 3519 2160  834 2287 3437  810 2709
 1017 6119 6967  387 3075 7051 3862 1682 4573 4133 2648 2764 3169 2868
 3953 3354  827  408 6617 1238  962 2099 2332 2112 1393 1263]",988
794,0.42689514862382627,0,2591,2589,"[2589 3017 3942 7330 1906 6553 3713 3519 2160  834 2287 3437  810 2709
 1017 6119 6967  387 3075 7051 3862 1682 4573 4133 2648 2764 3169 2868
 3953 3354  827  408 6617 1238  962 2099 2332 2112 1393 1263]",965
795,0.4273482563449663,34,962,521,"[2589 3017 3942 7330 1906 6553 3713 3519 2160  834 2287 3437  810 2709
 1017 6119 6967  387 3075 7051 3862 1682 4573 4133 2648 2764 3169 2868
 3953 3354  827  408 6617 1238  521 2099 2332 2112 1393 1263]",994
796,0.42687376685676526,34,521,591,"[2589 3017 3942 7330 1906 6553 3713 3519 2160  834 2287 3437  810 2709
 1017 6119 6967  387 3075 7051 3862 1682 4573 4133 2648 2764 3169 2868
 3953 3354  827  408 6617 1238  591 2099 2332 2112 1393 1263]",994
797,0.4269378797592164,24,2648,841,"[2589 3017 3942 7330 1906 6553 3713 3519 2160  834 2287 3437  810 2709
 1017 6119 6967  387 3075 7051 3862 1682 4573 4133  841 2764 3169 2868
 3953 3354  827  408 6617 1238  591 2099 2332 2112 1393 1263]",983
798,0.42591584512651626,36,2332,1173,"[2589 3017 3942 7330 1906 6553 3713 3519 2160  834 2287 3437  810 2709
 1017 6119 6967  387 3075 7051 3862 1682 4573 4133  841 2764 3169 2868
 3953 3354  827  408 6617 1238  591 2099 1173 2112 1393 1263]",973
799,0.4260861452989225,13,2709,2853,"[2589 3017 3942 7330 1906 6553 3713 3519 2160  834 2287 3437  810 2853
 1017 6119 6967  387 3075 7051 3862 1682 4573 4133  841 2764 3169 2868
 3953 3354  827  408 6617 1238  591 2099 1173 2112 1393 1263]",970
800,0.4265683687828328,15,6119,6116,"[2589 3017 3942 7330 1906 6553 3713 3519 2160  834 2287 3437  810 2853
 1017 6116 6967  387 3075 7051 3862 1682 4573 4133  841 2764 3169 2868
 3953 3354  827  408 6617 1238  591 2099 1173 2112 1393 1263]",1008
801,0.4274930345528374,15,6116,6118,"[2589 3017 3942 7330 1906 6553 3713 3519 2160  834 2287 3437  810 2853
 1017 6118 6967  387 3075 7051 3862 1682 4573 4133  841 2764 3169 2868
 3953 3354  827  408 6617 1238  591 2099 1173 2112 1393 1263]",1008
802,0.4262093262866745,39,1263,1403,"[2589 3017 3942 7330 1906 6553 3713 3519 2160  834 2287 3437  810 2853
 1017 6118 6967  387 3075 7051 3862 1682 4573 4133  841 2764 3169 2868
 3953 3354  827  408 6617 1238  591 2099 1173 2112 1393 1403]",973
803,0.4270406485185616,20,3862,2401,"[2589 3017 3942 7330 1906 6553 3713 3519 2160  834 2287 3437  810 2853
 1017 6118 6967  387 3075 7051 2401 1682 4573 4133  841 2764 3169 2868
 3953 3354  827  408 6617 1238  591 2099 1173 2112 1393 1403]",974
804,0.4268395546623606,2,3942,4077,"[2589 3017 4077 7330 1906 6553 3713 3519 2160  834 2287 3437  810 2853
 1017 6118 6967  387 3075 7051 2401 1682 4573 4133  841 2764 3169 2868
 3953 3354  827  408 6617 1238  591 2099 1173 2112 1393 1403]",999
805,0.42716228179976984,35,2099,2100,"[2589 3017 4077 7330 1906 6553 3713 3519 2160  834 2287 3437  810 2853
 1017 6118 6967  387 3075 7051 2401 1682 4573 4133  841 2764 3169 2868
 3953 3354  827  408 6617 1238  591 2100 1173 2112 1393 1403]",1029
806,0.4280335079619855,4,1906,2649,"[2589 3017 4077 7330 2649 6553 3713 3519 2160  834 2287 3437  810 2853
 1017 6118 6967  387 3075 7051 2401 1682 4573 4133  841 2764 3169 2868
 3953 3354  827  408 6617 1238  591 2100 1173 2112 1393 1403]",975
807,0.4281395079068226,30,827,1786,"[2589 3017 4077 7330 2649 6553 3713 3519 2160  834 2287 3437  810 2853
 1017 6118 6967  387 3075 7051 2401 1682 4573 4133  841 2764 3169 2868
 3953 3354 1786  408 6617 1238  591 2100 1173 2112 1393 1403]",990
808,0.4252303422598585,12,810,1906,"[2589 3017 4077 7330 2649 6553 3713 3519 2160  834 2287 3437 1906 2853
 1017 6118 6967  387 3075 7051 2401 1682 4573 4133  841 2764 3169 2868
 3953 3354 1786  408 6617 1238  591 2100 1173 2112 1393 1403]",963
809,0.4280133204498939,17,387,597,"[2589 3017 4077 7330 2649 6553 3713 3519 2160  834 2287 3437 1906 2853
 1017 6118 6967  597 3075 7051 2401 1682 4573 4133  841 2764 3169 2868
 3953 3354 1786  408 6617 1238  591 2100 1173 2112 1393 1403]",1000
810,0.42737322784623644,33,1238,3942,"[2589 3017 4077 7330 2649 6553 3713 3519 2160  834 2287 3437 1906 2853
 1017 6118 6967  597 3075 7051 2401 1682 4573 4133  841 2764 3169 2868
 3953 3354 1786  408 6617 3942  591 2100 1173 2112 1393 1403]",991
811,0.4268543010637132,1,3017,3158,"[2589 3158 4077 7330 2649 6553 3713 3519 2160  834 2287 3437 1906 2853
 1017 6118 6967  597 3075 7051 2401 1682 4573 4133  841 2764 3169 2868
 3953 3354 1786  408 6617 3942  591 2100 1173 2112 1393 1403]",974
812,0.4279225827904761,29,3354,1308,"[2589 3158 4077 7330 2649 6553 3713 3519 2160  834 2287 3437 1906 2853
 1017 6118 6967  597 3075 7051 2401 1682 4573 4133  841 2764 3169 2868
 3953 1308 1786  408 6617 3942  591 2100 1173 2112 1393 1403]",983
813,0.4263326734845291,8,2160,1809,"[2589 3158 4077 7330 2649 6553 3713 3519 1809  834 2287 3437 1906 2853
 1017 6118 6967  597 3075 7051 2401 1682 4573 4133  841 2764 3169 2868
 3953 1308 1786  408 6617 3942  591 2100 1173 2112 1393 1403]",998
814,0.42500607117981287,32,6617,6688,"[2589 3158 4077 7330 2649 6553 3713 3519 1809  834 2287 3437 1906 2853
 1017 6118 6967  597 3075 7051 2401 1682 4573 4133  841 2764 3169 2868
 3953 1308 1786  408 6688 3942  591 2100 1173 2112 1393 1403]",956
815,0.42389389590632,7,3519,3517,"[2589 3158 4077 7330 2649 6553 3713 3517 1809  834 2287 3437 1906 2853
 1017 6118 6967  597 3075 7051 2401 1682 4573 4133  841 2764 3169 2868
 3953 1308 1786  408 6688 3942  591 2100 1173 2112 1393 1403]",951
816,0.4222083796232741,21,1682,3352,"[2589 3158 4077 7330 2649 6553 3713 3517 1809  834 2287 3437 1906 2853
 1017 6118 6967  597 3075 7051 2401 3352 4573 4133  841 2764 3169 2868
 3953 1308 1786  408 6688 3942  591 2100 1173 2112 1393 1403]",949
817,0.4231018272486847,3,7330,7329,"[2589 3158 4077 7329 2649 6553 3713 3517 1809  834 2287 3437 1906 2853
 1017 6118 6967  597 3075 7051 2401 3352 4573 4133  841 2764 3169 2868
 3953 1308 1786  408 6688 3942  591 2100 1173 2112 1393 1403]",939
818,0.4262994510818123,38,1393,1467,"[2589 3158 4077 7329 2649 6553 3713 3517 1809  834 2287 3437 1906 2853
 1017 6118 6967  597 3075 7051 2401 3352 4573 4133  841 2764 3169 2868
 3953 1308 1786  408 6688 3942  591 2100 1173 2112 1467 1403]",979
819,0.42582885110454743,30,1786,2155,"[2589 3158 4077 7329 2649 6553 3713 3517 1809  834 2287 3437 1906 2853
 1017 6118 6967  597 3075 7051 2401 3352 4573 4133  841 2764 3169 2868
 3953 1308 2155  408 6688 3942  591 2100 1173 2112 1467 1403]",945
820,0.42509841449943464,6,3713,3854,"[2589 3158 4077 7329 2649 6553 3854 3517 1809  834 2287 3437 1906 2853
 1017 6118 6967  597 3075 7051 2401 3352 4573 4133  841 2764 3169 2868
 3953 1308 2155  408 6688 3942  591 2100 1173 2112 1467 1403]",920
821,0.4261519666963094,29,1308,1038,"[2589 3158 4077 7329 2649 6553 3854 3517 1809  834 2287 3437 1906 2853
 1017 6118 6967  597 3075 7051 2401 3352 4573 4133  841 2764 3169 2868
 3953 1038 2155  408 6688 3942  591 2100 1173 2112 1467 1403]",910
822,0.42603418790420744,17,597,740,"[2589 3158 4077 7329 2649 6553 3854 3517 1809  834 2287 3437 1906 2853
 1017 6118 6967  740 3075 7051 2401 3352 4573 4133  841 2764 3169 2868
 3953 1038 2155  408 6688 3942  591 2100 1173 2112 1467 1403]",929
823,0.42579921258513354,5,6553,1858,"[2589 3158 4077 7329 2649 1858 3854 3517 1809  834 2287 3437 1906 2853
 1017 6118 6967  740 3075 7051 2401 3352 4573 4133  841 2764 3169 2868
 3953 1038 2155  408 6688 3942  591 2100 1173 2112 1467 1403]",919
824,0.42677129822262905,34,591,520,"[2589 3158 4077 7329 2649 1858 3854 3517 1809  834 2287 3437 1906 2853
 1017 6118 6967  740 3075 7051 2401 3352 4573 4133  841 2764 3169 2868
 3953 1038 2155  408 6688 3942  520 2100 1173 2112 1467 1403]",926
825,0.4268080529732833,18,3075,3289,"[2589 3158 4077 7329 2649 1858 3854 3517 1809  834 2287 3437 1906 2853
 1017 6118 6967  740 3289 7051 2401 3352 4573 4133  841 2764 3169 2868
 3953 1038 2155  408 6688 3942  520 2100 1173 2112 1467 1403]",902
826,0.42343726753466704,0,2589,2518,"[2518 3158 4077 7329 2649 1858 3854 3517 1809  834 2287 3437 1906 2853
 1017 6118 6967  740 3289 7051 2401 3352 4573 4133  841 2764 3169 2868
 3953 1038 2155  408 6688 3942  520 2100 1173 2112 1467 1403]",932
827,0.4230188722132467,31,408,6553,"[2518 3158 4077 7329 2649 1858 3854 3517 1809  834 2287 3437 1906 2853
 1017 6118 6967  740 3289 7051 2401 3352 4573 4133  841 2764 3169 2868
 3953 1038 2155 6553 6688 3942  520 2100 1173 2112 1467 1403]",938
828,0.4233409345142117,28,3953,3812,"[2518 3158 4077 7329 2649 1858 3854 3517 1809  834 2287 3437 1906 2853
 1017 6118 6967  740 3289 7051 2401 3352 4573 4133  841 2764 3169 2868
 3812 1038 2155 6553 6688 3942  520 2100 1173 2112 1467 1403]",987
829,0.4234683941142407,24,841,1124,"[2518 3158 4077 7329 2649 1858 3854 3517 1809  834 2287 3437 1906 2853
 1017 6118 6967  740 3289 7051 2401 3352 4573 4133 1124 2764 3169 2868
 3812 1038 2155 6553 6688 3942  520 2100 1173 2112 1467 1403]",949
830,0.42410531610332763,28,3812,3883,"[2518 3158 4077 7329 2649 1858 3854 3517 1809  834 2287 3437 1906 2853
 1017 6118 6967  740 3289 7051 2401 3352 4573 4133 1124 2764 3169 2868
 3883 1038 2155 6553 6688 3942  520 2100 1173 2112 1467 1403]",1007
831,0.42395577860428824,23,4133,321,"[2518 3158 4077 7329 2649 1858 3854 3517 1809  834 2287 3437 1906 2853
 1017 6118 6967  740 3289 7051 2401 3352 4573  321 1124 2764 3169 2868
 3883 1038 2155 6553 6688 3942  520 2100 1173 2112 1467 1403]",982
832,0.423213543246142,37,2112,2111,"[2518 3158 4077 7329 2649 1858 3854 3517 1809  834 2287 3437 1906 2853
 1017 6118 6967  740 3289 7051 2401 3352 4573  321 1124 2764 3169 2868
 3883 1038 2155 6553 6688 3942  520 2100 1173 2111 1467 1403]",995
833,0.42363014969970364,7,3517,3518,"[2518 3158 4077 7329 2649 1858 3854 3518 1809  834 2287 3437 1906 2853
 1017 6118 6967  740 3289 7051 2401 3352 4573  321 1124 2764 3169 2868
 3883 1038 2155 6553 6688 3942  520 2100 1173 2111 1467 1403]",945
834,0.4266663763879266,0,2518,2661,"[2661 3158 4077 7329 2649 1858 3854 3518 1809  834 2287 3437 1906 2853
 1017 6118 6967  740 3289 7051 2401 3352 4573  321 1124 2764 3169 2868
 3883 1038 2155 6553 6688 3942  520 2100 1173 2111 1467 1403]",978
835,0.4260049326064732,24,1124,1053,"[2661 3158 4077 7329 2649 1858 3854 3518 1809  834 2287 3437 1906 2853
 1017 6118 6967  740 3289 7051 2401 3352 4573  321 1053 2764 3169 2868
 3883 1038 2155 6553 6688 3942  520 2100 1173 2111 1467 1403]",968
836,0.4253040942651146,28,3883,3812,"[2661 3158 4077 7329 2649 1858 3854 3518 1809  834 2287 3437 1906 2853
 1017 6118 6967  740 3289 7051 2401 3352 4573  321 1053 2764 3169 2868
 3812 1038 2155 6553 6688 3942  520 2100 1173 2111 1467 1403]",1021
837,0.4218971058944182,20,2401,2335,"[2661 3158 4077 7329 2649 1858 3854 3518 1809  834 2287 3437 1906 2853
 1017 6118 6967  740 3289 7051 2335 3352 4573  321 1053 2764 3169 2868
 3812 1038 2155 6553 6688 3942  520 2100 1173 2111 1467 1403]",974
838,0.423740703869773,12,1906,1907,"[2661 3158 4077 7329 2649 1858 3854 3518 1809  834 2287 3437 1907 2853
 1017 6118 6967  740 3289 7051 2335 3352 4573  321 1053 2764 3169 2868
 3812 1038 2155 6553 6688 3942  520 2100 1173 2111 1467 1403]",978
839,0.4231194873771758,11,3437,3651,"[2661 3158 4077 7329 2649 1858 3854 3518 1809  834 2287 3651 1907 2853
 1017 6118 6967  740 3289 7051 2335 3352 4573  321 1053 2764 3169 2868
 3812 1038 2155 6553 6688 3942  520 2100 1173 2111 1467 1403]",964
840,0.42218614525805725,29,1038,334,"[2661 3158 4077 7329 2649 1858 3854 3518 1809  834 2287 3651 1907 2853
 1017 6118 6967  740 3289 7051 2335 3352 4573  321 1053 2764 3169 2868
 3812  334 2155 6553 6688 3942  520 2100 1173 2111 1467 1403]",987
841,0.4222644917157536,39,1403,1475,"[2661 3158 4077 7329 2649 1858 3854 3518 1809  834 2287 3651 1907 2853
 1017 6118 6967  740 3289 7051 2335 3352 4573  321 1053 2764 3169 2868
 3812  334 2155 6553 6688 3942  520 2100 1173 2111 1467 1475]",957
842,0.420959848017479,26,3169,3242,"[2661 3158 4077 7329 2649 1858 3854 3518 1809  834 2287 3651 1907 2853
 1017 6118 6967  740 3289 7051 2335 3352 4573  321 1053 2764 3242 2868
 3812  334 2155 6553 6688 3942  520 2100 1173 2111 1467 1475]",1008
843,0.4203920575650686,21,3352,3425,"[2661 3158 4077 7329 2649 1858 3854 3518 1809  834 2287 3651 1907 2853
 1017 6118 6967  740 3289 7051 2335 3425 4573  321 1053 2764 3242 2868
 3812  334 2155 6553 6688 3942  520 2100 1173 2111 1467 1475]",975
844,0.4220653273775664,16,6967,7039,"[2661 3158 4077 7329 2649 1858 3854 3518 1809  834 2287 3651 1907 2853
 1017 6118 7039  740 3289 7051 2335 3425 4573  321 1053 2764 3242 2868
 3812  334 2155 6553 6688 3942  520 2100 1173 2111 1467 1475]",983
845,0.4195371661165356,3,7329,4205,"[2661 3158 4077 4205 2649 1858 3854 3518 1809  834 2287 3651 1907 2853
 1017 6118 7039  740 3289 7051 2335 3425 4573  321 1053 2764 3242 2868
 3812  334 2155 6553 6688 3942  520 2100 1173 2111 1467 1475]",966
846,0.42162926679879387,21,3425,7258,"[2661 3158 4077 4205 2649 1858 3854 3518 1809  834 2287 3651 1907 2853
 1017 6118 7039  740 3289 7051 2335 7258 4573  321 1053 2764 3242 2868
 3812  334 2155 6553 6688 3942  520 2100 1173 2111 1467 1475]",928
847,0.4216490875009168,31,6553,3283,"[2661 3158 4077 4205 2649 1858 3854 3518 1809  834 2287 3651 1907 2853
 1017 6118 7039  740 3289 7051 2335 7258 4573  321 1053 2764 3242 2868
 3812  334 2155 3283 6688 3942  520 2100 1173 2111 1467 1475]",953
848,0.4223420031519192,29,334,827,"[2661 3158 4077 4205 2649 1858 3854 3518 1809  834 2287 3651 1907 2853
 1017 6118 7039  740 3289 7051 2335 7258 4573  321 1053 2764 3242 2868
 3812  827 2155 3283 6688 3942  520 2100 1173 2111 1467 1475]",980
849,0.42416220382350545,9,834,763,"[2661 3158 4077 4205 2649 1858 3854 3518 1809  763 2287 3651 1907 2853
 1017 6118 7039  740 3289 7051 2335 7258 4573  321 1053 2764 3242 2868
 3812  827 2155 3283 6688 3942  520 2100 1173 2111 1467 1475]",969
850,0.42327048179934074,15,6118,5976,"[2661 3158 4077 4205 2649 1858 3854 3518 1809  763 2287 3651 1907 2853
 1017 5976 7039  740 3289 7051 2335 7258 4573  321 1053 2764 3242 2868
 3812  827 2155 3283 6688 3942  520 2100 1173 2111 1467 1475]",1003
851,0.42344280166029,15,5976,6189,"[2661 3158 4077 4205 2649 1858 3854 3518 1809  763 2287 3651 1907 2853
 1017 6189 7039  740 3289 7051 2335 7258 4573  321 1053 2764 3242 2868
 3812  827 2155 3283 6688 3942  520 2100 1173 2111 1467 1475]",1003
852,0.4230215567201066,13,2853,2638,"[2661 3158 4077 4205 2649 1858 3854 3518 1809  763 2287 3651 1907 2638
 1017 6189 7039  740 3289 7051 2335 7258 4573  321 1053 2764 3242 2868
 3812  827 2155 3283 6688 3942  520 2100 1173 2111 1467 1475]",956
853,0.4216431660208732,9,763,621,"[2661 3158 4077 4205 2649 1858 3854 3518 1809  621 2287 3651 1907 2638
 1017 6189 7039  740 3289 7051 2335 7258 4573  321 1053 2764 3242 2868
 3812  827 2155 3283 6688 3942  520 2100 1173 2111 1467 1475]",972
854,0.4222089583909058,29,827,1038,"[2661 3158 4077 4205 2649 1858 3854 3518 1809  621 2287 3651 1907 2638
 1017 6189 7039  740 3289 7051 2335 7258 4573  321 1053 2764 3242 2868
 3812 1038 2155 3283 6688 3942  520 2100 1173 2111 1467 1475]",960
855,0.42341541786475323,32,6688,6617,"[2661 3158 4077 4205 2649 1858 3854 3518 1809  621 2287 3651 1907 2638
 1017 6189 7039  740 3289 7051 2335 7258 4573  321 1053 2764 3242 2868
 3812 1038 2155 3283 6617 3942  520 2100 1173 2111 1467 1475]",944
856,0.4249048875871403,18,3289,3291,"[2661 3158 4077 4205 2649 1858 3854 3518 1809  621 2287 3651 1907 2638
 1017 6189 7039  740 3291 7051 2335 7258 4573  321 1053 2764 3242 2868
 3812 1038 2155 3283 6617 3942  520 2100 1173 2111 1467 1475]",927
857,0.426442541993714,30,2155,2302,"[2661 3158 4077 4205 2649 1858 3854 3518 1809  621 2287 3651 1907 2638
 1017 6189 7039  740 3291 7051 2335 7258 4573  321 1053 2764 3242 2868
 3812 1038 2302 3283 6617 3942  520 2100 1173 2111 1467 1475]",985
858,0.4254896143948548,9,621,691,"[2661 3158 4077 4205 2649 1858 3854 3518 1809  691 2287 3651 1907 2638
 1017 6189 7039  740 3291 7051 2335 7258 4573  321 1053 2764 3242 2868
 3812 1038 2302 3283 6617 3942  520 2100 1173 2111 1467 1475]",1035
859,0.42517499157795746,10,2287,2288,"[2661 3158 4077 4205 2649 1858 3854 3518 1809  691 2288 3651 1907 2638
 1017 6189 7039  740 3291 7051 2335 7258 4573  321 1053 2764 3242 2868
 3812 1038 2302 3283 6617 3942  520 2100 1173 2111 1467 1475]",977
860,0.4253216518076456,35,2100,2101,"[2661 3158 4077 4205 2649 1858 3854 3518 1809  691 2288 3651 1907 2638
 1017 6189 7039  740 3291 7051 2335 7258 4573  321 1053 2764 3242 2868
 3812 1038 2302 3283 6617 3942  520 2101 1173 2111 1467 1475]",1028
861,0.4246171516114179,1,3158,3227,"[2661 3227 4077 4205 2649 1858 3854 3518 1809  691 2288 3651 1907 2638
 1017 6189 7039  740 3291 7051 2335 7258 4573  321 1053 2764 3242 2868
 3812 1038 2302 3283 6617 3942  520 2101 1173 2111 1467 1475]",965
862,0.424676772031791,28,3812,3952,"[2661 3227 4077 4205 2649 1858 3854 3518 1809  691 2288 3651 1907 2638
 1017 6189 7039  740 3291 7051 2335 7258 4573  321 1053 2764 3242 2868
 3952 1038 2302 3283 6617 3942  520 2101 1173 2111 1467 1475]",1037
863,0.4244010106840834,6,3854,3712,"[2661 3227 4077 4205 2649 1858 3712 3518 1809  691 2288 3651 1907 2638
 1017 6189 7039  740 3291 7051 2335 7258 4573  321 1053 2764 3242 2868
 3952 1038 2302 3283 6617 3942  520 2101 1173 2111 1467 1475]",996
864,0.42423521157696487,35,2101,2173,"[2661 3227 4077 4205 2649 1858 3712 3518 1809  691 2288 3651 1907 2638
 1017 6189 7039  740 3291 7051 2335 7258 4573  321 1053 2764 3242 2868
 3952 1038 2302 3283 6617 3942  520 2173 1173 2111 1467 1475]",1039
865,0.423001839695505,39,1475,1402,"[2661 3227 4077 4205 2649 1858 3712 3518 1809  691 2288 3651 1907 2638
 1017 6189 7039  740 3291 7051 2335 7258 4573  321 1053 2764 3242 2868
 3952 1038 2302 3283 6617 3942  520 2173 1173 2111 1467 1402]",985
866,0.42405965300916215,18,3291,3219,"[2661 3227 4077 4205 2649 1858 3712 3518 1809  691 2288 3651 1907 2638
 1017 6189 7039  740 3219 7051 2335 7258 4573  321 1053 2764 3242 2868
 3952 1038 2302 3283 6617 3942  520 2173 1173 2111 1467 1402]",965
867,0.4243250035622605,33,3942,6624,"[2661 3227 4077 4205 2649 1858 3712 3518 1809  691 2288 3651 1907 2638
 1017 6189 7039  740 3219 7051 2335 7258 4573  321 1053 2764 3242 2868
 3952 1038 2302 3283 6617 6624  520 2173 1173 2111 1467 1402]",991
868,0.4239503570434202,21,7258,7330,"[2661 3227 4077 4205 2649 1858 3712 3518 1809  691 2288 3651 1907 2638
 1017 6189 7039  740 3219 7051 2335 7330 4573  321 1053 2764 3242 2868
 3952 1038 2302 3283 6617 6624  520 2173 1173 2111 1467 1402]",976
869,0.42490832020737856,20,2335,2334,"[2661 3227 4077 4205 2649 1858 3712 3518 1809  691 2288 3651 1907 2638
 1017 6189 7039  740 3219 7051 2334 7330 4573  321 1053 2764 3242 2868
 3952 1038 2302 3283 6617 6624  520 2173 1173 2111 1467 1402]",978
870,0.4251164873640285,8,1809,1734,"[2661 3227 4077 4205 2649 1858 3712 3518 1734  691 2288 3651 1907 2638
 1017 6189 7039  740 3219 7051 2334 7330 4573  321 1053 2764 3242 2868
 3952 1038 2302 3283 6617 6624  520 2173 1173 2111 1467 1402]",1020
871,0.42413967557543614,28,3952,3670,"[2661 3227 4077 4205 2649 1858 3712 3518 1734  691 2288 3651 1907 2638
 1017 6189 7039  740 3219 7051 2334 7330 4573  321 1053 2764 3242 2868
 3670 1038 2302 3283 6617 6624  520 2173 1173 2111 1467 1402]",1026
872,0.423245594070309,15,6189,6048,"[2661 3227 4077 4205 2649 1858 3712 3518 1734  691 2288 3651 1907 2638
 1017 6048 7039  740 3219 7051 2334 7330 4573  321 1053 2764 3242 2868
 3670 1038 2302 3283 6617 6624  520 2173 1173 2111 1467 1402]",1024
873,0.42038539917876594,12,1907,1761,"[2661 3227 4077 4205 2649 1858 3712 3518 1734  691 2288 3651 1761 2638
 1017 6048 7039  740 3219 7051 2334 7330 4573  321 1053 2764 3242 2868
 3670 1038 2302 3283 6617 6624  520 2173 1173 2111 1467 1402]",975
874,0.4209652978392994,35,2173,2029,"[2661 3227 4077 4205 2649 1858 3712 3518 1734  691 2288 3651 1761 2638
 1017 6048 7039  740 3219 7051 2334 7330 4573  321 1053 2764 3242 2868
 3670 1038 2302 3283 6617 6624  520 2029 1173 2111 1467 1402]",1033
875,0.4206457692190484,2,4077,3940,"[2661 3227 3940 4205 2649 1858 3712 3518 1734  691 2288 3651 1761 2638
 1017 6048 7039  740 3219 7051 2334 7330 4573  321 1053 2764 3242 2868
 3670 1038 2302 3283 6617 6624  520 2029 1173 2111 1467 1402]",968
876,0.41918574664313035,2,3940,4014,"[2661 3227 4014 4205 2649 1858 3712 3518 1734  691 2288 3651 1761 2638
 1017 6048 7039  740 3219 7051 2334 7330 4573  321 1053 2764 3242 2868
 3670 1038 2302 3283 6617 6624  520 2029 1173 2111 1467 1402]",968
877,0.4215762267526356,24,1053,980,"[2661 3227 4014 4205 2649 1858 3712 3518 1734  691 2288 3651 1761 2638
 1017 6048 7039  740 3219 7051 2334 7330 4573  321  980 2764 3242 2868
 3670 1038 2302 3283 6617 6624  520 2029 1173 2111 1467 1402]",954
878,0.42098973942990137,3,4205,4134,"[2661 3227 4014 4134 2649 1858 3712 3518 1734  691 2288 3651 1761 2638
 1017 6048 7039  740 3219 7051 2334 7330 4573  321  980 2764 3242 2868
 3670 1038 2302 3283 6617 6624  520 2029 1173 2111 1467 1402]",994
879,0.42013335120231593,24,980,1051,"[2661 3227 4014 4134 2649 1858 3712 3518 1734  691 2288 3651 1761 2638
 1017 6048 7039  740 3219 7051 2334 7330 4573  321 1051 2764 3242 2868
 3670 1038 2302 3283 6617 6624  520 2029 1173 2111 1467 1402]",961
880,0.4198634822810565,22,4573,4219,"[2661 3227 4014 4134 2649 1858 3712 3518 1734  691 2288 3651 1761 2638
 1017 6048 7039  740 3219 7051 2334 7330 4219  321 1051 2764 3242 2868
 3670 1038 2302 3283 6617 6624  520 2029 1173 2111 1467 1402]",1002
881,0.418518274669038,19,7051,4642,"[2661 3227 4014 4134 2649 1858 3712 3518 1734  691 2288 3651 1761 2638
 1017 6048 7039  740 3219 4642 2334 7330 4219  321 1051 2764 3242 2868
 3670 1038 2302 3283 6617 6624  520 2029 1173 2111 1467 1402]",943
882,0.4172177142146428,16,7039,7108,"[2661 3227 4014 4134 2649 1858 3712 3518 1734  691 2288 3651 1761 2638
 1017 6048 7108  740 3219 4642 2334 7330 4219  321 1051 2764 3242 2868
 3670 1038 2302 3283 6617 6624  520 2029 1173 2111 1467 1402]",943
883,0.41974648075159093,12,1761,1833,"[2661 3227 4014 4134 2649 1858 3712 3518 1734  691 2288 3651 1833 2638
 1017 6048 7108  740 3219 4642 2334 7330 4219  321 1051 2764 3242 2868
 3670 1038 2302 3283 6617 6624  520 2029 1173 2111 1467 1402]",927
884,0.41959037227162166,5,1858,1927,"[2661 3227 4014 4134 2649 1927 3712 3518 1734  691 2288 3651 1833 2638
 1017 6048 7108  740 3219 4642 2334 7330 4219  321 1051 2764 3242 2868
 3670 1038 2302 3283 6617 6624  520 2029 1173 2111 1467 1402]",932
885,0.4196363046200822,13,2638,2567,"[2661 3227 4014 4134 2649 1927 3712 3518 1734  691 2288 3651 1833 2567
 1017 6048 7108  740 3219 4642 2334 7330 4219  321 1051 2764 3242 2868
 3670 1038 2302 3283 6617 6624  520 2029 1173 2111 1467 1402]",927
886,0.420148743165777,11,3651,3792,"[2661 3227 4014 4134 2649 1927 3712 3518 1734  691 2288 3792 1833 2567
 1017 6048 7108  740 3219 4642 2334 7330 4219  321 1051 2764 3242 2868
 3670 1038 2302 3283 6617 6624  520 2029 1173 2111 1467 1402]",920
887,0.42318085811186645,1,3227,3157,"[2661 3157 4014 4134 2649 1927 3712 3518 1734  691 2288 3792 1833 2567
 1017 6048 7108  740 3219 4642 2334 7330 4219  321 1051 2764 3242 2868
 3670 1038 2302 3283 6617 6624  520 2029 1173 2111 1467 1402]",914
888,0.42203595118299486,4,2649,7052,"[2661 3157 4014 4134 7052 1927 3712 3518 1734  691 2288 3792 1833 2567
 1017 6048 7108  740 3219 4642 2334 7330 4219  321 1051 2764 3242 2868
 3670 1038 2302 3283 6617 6624  520 2029 1173 2111 1467 1402]",927
889,0.4232407484276596,17,740,810,"[2661 3157 4014 4134 7052 1927 3712 3518 1734  691 2288 3792 1833 2567
 1017 6048 7108  810 3219 4642 2334 7330 4219  321 1051 2764 3242 2868
 3670 1038 2302 3283 6617 6624  520 2029 1173 2111 1467 1402]",957
890,0.42380627951139316,6,3712,3713,"[2661 3157 4014 4134 7052 1927 3713 3518 1734  691 2288 3792 1833 2567
 1017 6048 7108  810 3219 4642 2334 7330 4219  321 1051 2764 3242 2868
 3670 1038 2302 3283 6617 6624  520 2029 1173 2111 1467 1402]",940
891,0.4249762248604959,19,4642,2507,"[2661 3157 4014 4134 7052 1927 3713 3518 1734  691 2288 3792 1833 2567
 1017 6048 7108  810 3219 2507 2334 7330 4219  321 1051 2764 3242 2868
 3670 1038 2302 3283 6617 6624  520 2029 1173 2111 1467 1402]",963
892,0.4245233911433195,10,2288,2218,"[2661 3157 4014 4134 7052 1927 3713 3518 1734  691 2218 3792 1833 2567
 1017 6048 7108  810 3219 2507 2334 7330 4219  321 1051 2764 3242 2868
 3670 1038 2302 3283 6617 6624  520 2029 1173 2111 1467 1402]",947
893,0.42539171123305985,22,4219,4361,"[2661 3157 4014 4134 7052 1927 3713 3518 1734  691 2218 3792 1833 2567
 1017 6048 7108  810 3219 2507 2334 7330 4361  321 1051 2764 3242 2868
 3670 1038 2302 3283 6617 6624  520 2029 1173 2111 1467 1402]",972
894,0.42472831150360846,18,3219,3364,"[2661 3157 4014 4134 7052 1927 3713 3518 1734  691 2218 3792 1833 2567
 1017 6048 7108  810 3364 2507 2334 7330 4361  321 1051 2764 3242 2868
 3670 1038 2302 3283 6617 6624  520 2029 1173 2111 1467 1402]",915
895,0.4231717023484138,4,7052,986,"[2661 3157 4014 4134  986 1927 3713 3518 1734  691 2218 3792 1833 2567
 1017 6048 7108  810 3364 2507 2334 7330 4361  321 1051 2764 3242 2868
 3670 1038 2302 3283 6617 6624  520 2029 1173 2111 1467 1402]",917
896,0.4213316955291713,24,1051,484,"[2661 3157 4014 4134  986 1927 3713 3518 1734  691 2218 3792 1833 2567
 1017 6048 7108  810 3364 2507 2334 7330 4361  321  484 2764 3242 2868
 3670 1038 2302 3283 6617 6624  520 2029 1173 2111 1467 1402]",903
897,0.4237005985457722,9,691,763,"[2661 3157 4014 4134  986 1927 3713 3518 1734  763 2218 3792 1833 2567
 1017 6048 7108  810 3364 2507 2334 7330 4361  321  484 2764 3242 2868
 3670 1038 2302 3283 6617 6624  520 2029 1173 2111 1467 1402]",926
898,0.42317327635776236,6,3713,3712,"[2661 3157 4014 4134  986 1927 3712 3518 1734  763 2218 3792 1833 2567
 1017 6048 7108  810 3364 2507 2334 7330 4361  321  484 2764 3242 2868
 3670 1038 2302 3283 6617 6624  520 2029 1173 2111 1467 1402]",901
899,0.42345360718788017,15,6048,6119,"[2661 3157 4014 4134  986 1927 3712 3518 1734  763 2218 3792 1833 2567
 1017 6119 7108  810 3364 2507 2334 7330 4361  321  484 2764 3242 2868
 3670 1038 2302 3283 6617 6624  520 2029 1173 2111 1467 1402]",958
900,0.42411666062252623,22,4361,4573,"[2661 3157 4014 4134  986 1927 3712 3518 1734  763 2218 3792 1833 2567
 1017 6119 7108  810 3364 2507 2334 7330 4573  321  484 2764 3242 2868
 3670 1038 2302 3283 6617 6624  520 2029 1173 2111 1467 1402]",955
901,0.42579380333316647,4,986,1124,"[2661 3157 4014 4134 1124 1927 3712 3518 1734  763 2218 3792 1833 2567
 1017 6119 7108  810 3364 2507 2334 7330 4573  321  484 2764 3242 2868
 3670 1038 2302 3283 6617 6624  520 2029 1173 2111 1467 1402]",910
902,0.4267863735402614,28,3670,3812,"[2661 3157 4014 4134 1124 1927 3712 3518 1734  763 2218 3792 1833 2567
 1017 6119 7108  810 3364 2507 2334 7330 4573  321  484 2764 3242 2868
 3812 1038 2302 3283 6617 6624  520 2029 1173 2111 1467 1402]",941
903,0.4283572911748235,21,7330,7119,"[2661 3157 4014 4134 1124 1927 3712 3518 1734  763 2218 3792 1833 2567
 1017 6119 7108  810 3364 2507 2334 7119 4573  321  484 2764 3242 2868
 3812 1038 2302 3283 6617 6624  520 2029 1173 2111 1467 1402]",922
904,0.42662251255827,9,763,691,"[2661 3157 4014 4134 1124 1927 3712 3518 1734  691 2218 3792 1833 2567
 1017 6119 7108  810 3364 2507 2334 7119 4573  321  484 2764 3242 2868
 3812 1038 2302 3283 6617 6624  520 2029 1173 2111 1467 1402]",897
905,0.42647983928212824,10,2218,2216,"[2661 3157 4014 4134 1124 1927 3712 3518 1734  691 2216 3792 1833 2567
 1017 6119 7108  810 3364 2507 2334 7119 4573  321  484 2764 3242 2868
 3812 1038 2302 3283 6617 6624  520 2029 1173 2111 1467 1402]",877
906,0.4257931450391633,13,2567,2637,"[2661 3157 4014 4134 1124 1927 3712 3518 1734  691 2216 3792 1833 2637
 1017 6119 7108  810 3364 2507 2334 7119 4573  321  484 2764 3242 2868
 3812 1038 2302 3283 6617 6624  520 2029 1173 2111 1467 1402]",889
907,0.4265139613183506,16,7108,7181,"[2661 3157 4014 4134 1124 1927 3712 3518 1734  691 2216 3792 1833 2637
 1017 6119 7181  810 3364 2507 2334 7119 4573  321  484 2764 3242 2868
 3812 1038 2302 3283 6617 6624  520 2029 1173 2111 1467 1402]",915
908,0.42683126861658716,35,2029,1956,"[2661 3157 4014 4134 1124 1927 3712 3518 1734  691 2216 3792 1833 2637
 1017 6119 7181  810 3364 2507 2334 7119 4573  321  484 2764 3242 2868
 3812 1038 2302 3283 6617 6624  520 1956 1173 2111 1467 1402]",954
909,0.4264576168392815,7,3518,3517,"[2661 3157 4014 4134 1124 1927 3712 3517 1734  691 2216 3792 1833 2637
 1017 6119 7181  810 3364 2507 2334 7119 4573  321  484 2764 3242 2868
 3812 1038 2302 3283 6617 6624  520 1956 1173 2111 1467 1402]",902
910,0.4256632200695548,35,1956,2099,"[2661 3157 4014 4134 1124 1927 3712 3517 1734  691 2216 3792 1833 2637
 1017 6119 7181  810 3364 2507 2334 7119 4573  321  484 2764 3242 2868
 3812 1038 2302 3283 6617 6624  520 2099 1173 2111 1467 1402]",954
911,0.4256780278241731,15,6119,6046,"[2661 3157 4014 4134 1124 1927 3712 3517 1734  691 2216 3792 1833 2637
 1017 6046 7181  810 3364 2507 2334 7119 4573  321  484 2764 3242 2868
 3812 1038 2302 3283 6617 6624  520 2099 1173 2111 1467 1402]",935
912,0.42402733667914727,32,6617,6688,"[2661 3157 4014 4134 1124 1927 3712 3517 1734  691 2216 3792 1833 2637
 1017 6046 7181  810 3364 2507 2334 7119 4573  321  484 2764 3242 2868
 3812 1038 2302 3283 6688 6624  520 2099 1173 2111 1467 1402]",898
913,0.42454726477151405,6,3712,3713,"[2661 3157 4014 4134 1124 1927 3713 3517 1734  691 2216 3792 1833 2637
 1017 6046 7181  810 3364 2507 2334 7119 4573  321  484 2764 3242 2868
 3812 1038 2302 3283 6688 6624  520 2099 1173 2111 1467 1402]",884
914,0.4246092991819767,14,1017,946,"[2661 3157 4014 4134 1124 1927 3713 3517 1734  691 2216 3792 1833 2637
  946 6046 7181  810 3364 2507 2334 7119 4573  321  484 2764 3242 2868
 3812 1038 2302 3283 6688 6624  520 2099 1173 2111 1467 1402]",906
915,0.4217305253263335,37,2111,2039,"[2661 3157 4014 4134 1124 1927 3713 3517 1734  691 2216 3792 1833 2637
  946 6046 7181  810 3364 2507 2334 7119 4573  321  484 2764 3242 2868
 3812 1038 2302 3283 6688 6624  520 2099 1173 2039 1467 1402]",941
916,0.42120225636594477,6,3713,3712,"[2661 3157 4014 4134 1124 1927 3712 3517 1734  691 2216 3792 1833 2637
  946 6046 7181  810 3364 2507 2334 7119 4573  321  484 2764 3242 2868
 3812 1038 2302 3283 6688 6624  520 2099 1173 2039 1467 1402]",898
917,0.42107472813212565,35,2099,2173,"[2661 3157 4014 4134 1124 1927 3712 3517 1734  691 2216 3792 1833 2637
  946 6046 7181  810 3364 2507 2334 7119 4573  321  484 2764 3242 2868
 3812 1038 2302 3283 6688 6624  520 2173 1173 2039 1467 1402]",967
918,0.4196792340247032,36,1173,1102,"[2661 3157 4014 4134 1124 1927 3712 3517 1734  691 2216 3792 1833 2637
  946 6046 7181  810 3364 2507 2334 7119 4573  321  484 2764 3242 2868
 3812 1038 2302 3283 6688 6624  520 2173 1102 2039 1467 1402]",944
919,0.4201154001663636,29,1038,1042,"[2661 3157 4014 4134 1124 1927 3712 3517 1734  691 2216 3792 1833 2637
  946 6046 7181  810 3364 2507 2334 7119 4573  321  484 2764 3242 2868
 3812 1042 2302 3283 6688 6624  520 2173 1102 2039 1467 1402]",917
920,0.4191745084974799,33,6624,6751,"[2661 3157 4014 4134 1124 1927 3712 3517 1734  691 2216 3792 1833 2637
  946 6046 7181  810 3364 2507 2334 7119 4573  321  484 2764 3242 2868
 3812 1042 2302 3283 6688 6751  520 2173 1102 2039 1467 1402]",940
921,0.4185972051928935,3,4134,6552,"[2661 3157 4014 6552 1124 1927 3712 3517 1734  691 2216 3792 1833 2637
  946 6046 7181  810 3364 2507 2334 7119 4573  321  484 2764 3242 2868
 3812 1042 2302 3283 6688 6751  520 2173 1102 2039 1467 1402]",999
922,0.4184908878068235,31,3283,3352,"[2661 3157 4014 6552 1124 1927 3712 3517 1734  691 2216 3792 1833 2637
  946 6046 7181  810 3364 2507 2334 7119 4573  321  484 2764 3242 2868
 3812 1042 2302 3352 6688 6751  520 2173 1102 2039 1467 1402]",1016
923,0.41817411918864833,12,1833,3075,"[2661 3157 4014 6552 1124 1927 3712 3517 1734  691 2216 3792 3075 2637
  946 6046 7181  810 3364 2507 2334 7119 4573  321  484 2764 3242 2868
 3812 1042 2302 3352 6688 6751  520 2173 1102 2039 1467 1402]",981
924,0.41666368169165585,11,3792,3724,"[2661 3157 4014 6552 1124 1927 3712 3517 1734  691 2216 3724 3075 2637
  946 6046 7181  810 3364 2507 2334 7119 4573  321  484 2764 3242 2868
 3812 1042 2302 3352 6688 6751  520 2173 1102 2039 1467 1402]",1010
925,0.420096700986228,24,484,1762,"[2661 3157 4014 6552 1124 1927 3712 3517 1734  691 2216 3724 3075 2637
  946 6046 7181  810 3364 2507 2334 7119 4573  321 1762 2764 3242 2868
 3812 1042 2302 3352 6688 6751  520 2173 1102 2039 1467 1402]",1023
926,0.4210842124738434,25,2764,4133,"[2661 3157 4014 6552 1124 1927 3712 3517 1734  691 2216 3724 3075 2637
  946 6046 7181  810 3364 2507 2334 7119 4573  321 1762 4133 3242 2868
 3812 1042 2302 3352 6688 6751  520 2173 1102 2039 1467 1402]",1033
927,0.42022399275280237,32,6688,6830,"[2661 3157 4014 6552 1124 1927 3712 3517 1734  691 2216 3724 3075 2637
  946 6046 7181  810 3364 2507 2334 7119 4573  321 1762 4133 3242 2868
 3812 1042 2302 3352 6830 6751  520 2173 1102 2039 1467 1402]",965
928,0.4182673959038121,18,3364,3505,"[2661 3157 4014 6552 1124 1927 3712 3517 1734  691 2216 3724 3075 2637
  946 6046 7181  810 3505 2507 2334 7119 4573  321 1762 4133 3242 2868
 3812 1042 2302 3352 6830 6751  520 2173 1102 2039 1467 1402]",955
929,0.417383115622521,0,2661,2662,"[2662 3157 4014 6552 1124 1927 3712 3517 1734  691 2216 3724 3075 2637
  946 6046 7181  810 3505 2507 2334 7119 4573  321 1762 4133 3242 2868
 3812 1042 2302 3352 6830 6751  520 2173 1102 2039 1467 1402]",979
930,0.4182519202464634,28,3812,3740,"[2662 3157 4014 6552 1124 1927 3712 3517 1734  691 2216 3724 3075 2637
  946 6046 7181  810 3505 2507 2334 7119 4573  321 1762 4133 3242 2868
 3740 1042 2302 3352 6830 6751  520 2173 1102 2039 1467 1402]",1024
931,0.41786620995588664,5,1927,4144,"[2662 3157 4014 6552 1124 4144 3712 3517 1734  691 2216 3724 3075 2637
  946 6046 7181  810 3505 2507 2334 7119 4573  321 1762 4133 3242 2868
 3740 1042 2302 3352 6830 6751  520 2173 1102 2039 1467 1402]",983
932,0.4146706979318587,27,2868,2727,"[2662 3157 4014 6552 1124 4144 3712 3517 1734  691 2216 3724 3075 2637
  946 6046 7181  810 3505 2507 2334 7119 4573  321 1762 4133 3242 2727
 3740 1042 2302 3352 6830 6751  520 2173 1102 2039 1467 1402]",954
933,0.41719354901536826,18,3505,3364,"[2662 3157 4014 6552 1124 4144 3712 3517 1734  691 2216 3724 3075 2637
  946 6046 7181  810 3364 2507 2334 7119 4573  321 1762 4133 3242 2727
 3740 1042 2302 3352 6830 6751  520 2173 1102 2039 1467 1402]",955
934,0.41691758838252646,0,2662,2591,"[2591 3157 4014 6552 1124 4144 3712 3517 1734  691 2216 3724 3075 2637
  946 6046 7181  810 3364 2507 2334 7119 4573  321 1762 4133 3242 2727
 3740 1042 2302 3352 6830 6751  520 2173 1102 2039 1467 1402]",985
935,0.41791895841463356,23,321,1856,"[2591 3157 4014 6552 1124 4144 3712 3517 1734  691 2216 3724 3075 2637
  946 6046 7181  810 3364 2507 2334 7119 4573 1856 1762 4133 3242 2727
 3740 1042 2302 3352 6830 6751  520 2173 1102 2039 1467 1402]",996
936,0.4173052107591608,21,7119,7049,"[2591 3157 4014 6552 1124 4144 3712 3517 1734  691 2216 3724 3075 2637
  946 6046 7181  810 3364 2507 2334 7049 4573 1856 1762 4133 3242 2727
 3740 1042 2302 3352 6830 6751  520 2173 1102 2039 1467 1402]",1018
937,0.41715519919773836,35,2173,2099,"[2591 3157 4014 6552 1124 4144 3712 3517 1734  691 2216 3724 3075 2637
  946 6046 7181  810 3364 2507 2334 7049 4573 1856 1762 4133 3242 2727
 3740 1042 2302 3352 6830 6751  520 2099 1102 2039 1467 1402]",1045
938,0.41674181584552816,16,7181,7251,"[2591 3157 4014 6552 1124 4144 3712 3517 1734  691 2216 3724 3075 2637
  946 6046 7251  810 3364 2507 2334 7049 4573 1856 1762 4133 3242 2727
 3740 1042 2302 3352 6830 6751  520 2099 1102 2039 1467 1402]",993
939,0.4150519894210684,21,7049,7190,"[2591 3157 4014 6552 1124 4144 3712 3517 1734  691 2216 3724 3075 2637
  946 6046 7251  810 3364 2507 2334 7190 4573 1856 1762 4133 3242 2727
 3740 1042 2302 3352 6830 6751  520 2099 1102 2039 1467 1402]",1013
940,0.4146942620343423,10,2216,2215,"[2591 3157 4014 6552 1124 4144 3712 3517 1734  691 2215 3724 3075 2637
  946 6046 7251  810 3364 2507 2334 7190 4573 1856 1762 4133 3242 2727
 3740 1042 2302 3352 6830 6751  520 2099 1102 2039 1467 1402]",989
941,0.41609551958803376,7,3517,3519,"[2591 3157 4014 6552 1124 4144 3712 3519 1734  691 2215 3724 3075 2637
  946 6046 7251  810 3364 2507 2334 7190 4573 1856 1762 4133 3242 2727
 3740 1042 2302 3352 6830 6751  520 2099 1102 2039 1467 1402]",989
942,0.4148556067195769,29,1042,827,"[2591 3157 4014 6552 1124 4144 3712 3519 1734  691 2215 3724 3075 2637
  946 6046 7251  810 3364 2507 2334 7190 4573 1856 1762 4133 3242 2727
 3740  827 2302 3352 6830 6751  520 2099 1102 2039 1467 1402]",987
943,0.4154242533726786,9,691,835,"[2591 3157 4014 6552 1124 4144 3712 3519 1734  835 2215 3724 3075 2637
  946 6046 7251  810 3364 2507 2334 7190 4573 1856 1762 4133 3242 2727
 3740  827 2302 3352 6830 6751  520 2099 1102 2039 1467 1402]",1003
944,0.41513603693287326,3,6552,6696,"[2591 3157 4014 6696 1124 4144 3712 3519 1734  835 2215 3724 3075 2637
  946 6046 7251  810 3364 2507 2334 7190 4573 1856 1762 4133 3242 2727
 3740  827 2302 3352 6830 6751  520 2099 1102 2039 1467 1402]",1027
945,0.4134556009487238,12,3075,3145,"[2591 3157 4014 6696 1124 4144 3712 3519 1734  835 2215 3724 3145 2637
  946 6046 7251  810 3364 2507 2334 7190 4573 1856 1762 4133 3242 2727
 3740  827 2302 3352 6830 6751  520 2099 1102 2039 1467 1402]",996
946,0.41517333627100705,2,4014,388,"[2591 3157  388 6696 1124 4144 3712 3519 1734  835 2215 3724 3145 2637
  946 6046 7251  810 3364 2507 2334 7190 4573 1856 1762 4133 3242 2727
 3740  827 2302 3352 6830 6751  520 2099 1102 2039 1467 1402]",1032
947,0.4150642777427851,6,3712,3715,"[2591 3157  388 6696 1124 4144 3715 3519 1734  835 2215 3724 3145 2637
  946 6046 7251  810 3364 2507 2334 7190 4573 1856 1762 4133 3242 2727
 3740  827 2302 3352 6830 6751  520 2099 1102 2039 1467 1402]",998
948,0.4122926926610837,7,3519,3446,"[2591 3157  388 6696 1124 4144 3715 3446 1734  835 2215 3724 3145 2637
  946 6046 7251  810 3364 2507 2334 7190 4573 1856 1762 4133 3242 2727
 3740  827 2302 3352 6830 6751  520 2099 1102 2039 1467 1402]",1029
949,0.4119392970017004,36,1102,1243,"[2591 3157  388 6696 1124 4144 3715 3446 1734  835 2215 3724 3145 2637
  946 6046 7251  810 3364 2507 2334 7190 4573 1856 1762 4133 3242 2727
 3740  827 2302 3352 6830 6751  520 2099 1243 2039 1467 1402]",1066
950,0.41254745294366885,26,3242,3028,"[2591 3157  388 6696 1124 4144 3715 3446 1734  835 2215 3724 3145 2637
  946 6046 7251  810 3364 2507 2334 7190 4573 1856 1762 4133 3028 2727
 3740  827 2302 3352 6830 6751  520 2099 1243 2039 1467 1402]",1054
951,0.41250423590666424,14,946,2694,"[2591 3157  388 6696 1124 4144 3715 3446 1734  835 2215 3724 3145 2637
 2694 6046 7251  810 3364 2507 2334 7190 4573 1856 1762 4133 3028 2727
 3740  827 2302 3352 6830 6751  520 2099 1243 2039 1467 1402]",995
952,0.41061415061595924,4,1124,914,"[2591 3157  388 6696  914 4144 3715 3446 1734  835 2215 3724 3145 2637
 2694 6046 7251  810 3364 2507 2334 7190 4573 1856 1762 4133 3028 2727
 3740  827 2302 3352 6830 6751  520 2099 1243 2039 1467 1402]",988
953,0.41029102621528873,34,520,521,"[2591 3157  388 6696  914 4144 3715 3446 1734  835 2215 3724 3145 2637
 2694 6046 7251  810 3364 2507 2334 7190 4573 1856 1762 4133 3028 2727
 3740  827 2302 3352 6830 6751  521 2099 1243 2039 1467 1402]",998
954,0.41220320083883544,7,3446,3590,"[2591 3157  388 6696  914 4144 3715 3590 1734  835 2215 3724 3145 2637
 2694 6046 7251  810 3364 2507 2334 7190 4573 1856 1762 4133 3028 2727
 3740  827 2302 3352 6830 6751  521 2099 1243 2039 1467 1402]",989
955,0.41427031846567575,9,835,763,"[2591 3157  388 6696  914 4144 3715 3590 1734  763 2215 3724 3145 2637
 2694 6046 7251  810 3364 2507 2334 7190 4573 1856 1762 4133 3028 2727
 3740  827 2302 3352 6830 6751  521 2099 1243 2039 1467 1402]",985
956,0.41299284504500594,16,7251,1161,"[2591 3157  388 6696  914 4144 3715 3590 1734  763 2215 3724 3145 2637
 2694 6046 1161  810 3364 2507 2334 7190 4573 1856 1762 4133 3028 2727
 3740  827 2302 3352 6830 6751  521 2099 1243 2039 1467 1402]",959
957,0.41253251294146476,22,4573,4575,"[2591 3157  388 6696  914 4144 3715 3590 1734  763 2215 3724 3145 2637
 2694 6046 1161  810 3364 2507 2334 7190 4575 1856 1762 4133 3028 2727
 3740  827 2302 3352 6830 6751  521 2099 1243 2039 1467 1402]",953
958,0.41342547445225464,23,1856,7180,"[2591 3157  388 6696  914 4144 3715 3590 1734  763 2215 3724 3145 2637
 2694 6046 1161  810 3364 2507 2334 7190 4575 7180 1762 4133 3028 2727
 3740  827 2302 3352 6830 6751  521 2099 1243 2039 1467 1402]",926
959,0.411965924712687,24,1762,1904,"[2591 3157  388 6696  914 4144 3715 3590 1734  763 2215 3724 3145 2637
 2694 6046 1161  810 3364 2507 2334 7190 4575 7180 1904 4133 3028 2727
 3740  827 2302 3352 6830 6751  521 2099 1243 2039 1467 1402]",939
960,0.4118373692676548,39,1402,1264,"[2591 3157  388 6696  914 4144 3715 3590 1734  763 2215 3724 3145 2637
 2694 6046 1161  810 3364 2507 2334 7190 4575 7180 1904 4133 3028 2727
 3740  827 2302 3352 6830 6751  521 2099 1243 2039 1467 1264]",938
961,0.4113957673832815,28,3740,3882,"[2591 3157  388 6696  914 4144 3715 3590 1734  763 2215 3724 3145 2637
 2694 6046 1161  810 3364 2507 2334 7190 4575 7180 1904 4133 3028 2727
 3882  827 2302 3352 6830 6751  521 2099 1243 2039 1467 1264]",981
962,0.4107353163825068,8,1734,1522,"[2591 3157  388 6696  914 4144 3715 3590 1522  763 2215 3724 3145 2637
 2694 6046 1161  810 3364 2507 2334 7190 4575 7180 1904 4133 3028 2727
 3882  827 2302 3352 6830 6751  521 2099 1243 2039 1467 1264]",950
963,0.4108316160227743,31,3352,3281,"[2591 3157  388 6696  914 4144 3715 3590 1522  763 2215 3724 3145 2637
 2694 6046 1161  810 3364 2507 2334 7190 4575 7180 1904 4133 3028 2727
 3882  827 2302 3281 6830 6751  521 2099 1243 2039 1467 1264]",960
964,0.41239186577208087,8,1522,1806,"[2591 3157  388 6696  914 4144 3715 3590 1806  763 2215 3724 3145 2637
 2694 6046 1161  810 3364 2507 2334 7190 4575 7180 1904 4133 3028 2727
 3882  827 2302 3281 6830 6751  521 2099 1243 2039 1467 1264]",957
965,0.4182328788172481,27,2727,2797,"[2591 3157  388 6696  914 4144 3715 3590 1806  763 2215 3724 3145 2637
 2694 6046 1161  810 3364 2507 2334 7190 4575 7180 1904 4133 3028 2797
 3882  827 2302 3281 6830 6751  521 2099 1243 2039 1467 1264]",912
966,0.415651579179844,9,763,550,"[2591 3157  388 6696  914 4144 3715 3590 1806  550 2215 3724 3145 2637
 2694 6046 1161  810 3364 2507 2334 7190 4575 7180 1904 4133 3028 2797
 3882  827 2302 3281 6830 6751  521 2099 1243 2039 1467 1264]",951
967,0.41762952563817973,9,550,693,"[2591 3157  388 6696  914 4144 3715 3590 1806  693 2215 3724 3145 2637
 2694 6046 1161  810 3364 2507 2334 7190 4575 7180 1904 4133 3028 2797
 3882  827 2302 3281 6830 6751  521 2099 1243 2039 1467 1264]",951
968,0.4160733788781156,16,1161,2684,"[2591 3157  388 6696  914 4144 3715 3590 1806  693 2215 3724 3145 2637
 2694 6046 2684  810 3364 2507 2334 7190 4575 7180 1904 4133 3028 2797
 3882  827 2302 3281 6830 6751  521 2099 1243 2039 1467 1264]",955
969,0.41486424030558977,31,3281,3139,"[2591 3157  388 6696  914 4144 3715 3590 1806  693 2215 3724 3145 2637
 2694 6046 2684  810 3364 2507 2334 7190 4575 7180 1904 4133 3028 2797
 3882  827 2302 3139 6830 6751  521 2099 1243 2039 1467 1264]",935
970,0.4152903316438077,38,1467,1535,"[2591 3157  388 6696  914 4144 3715 3590 1806  693 2215 3724 3145 2637
 2694 6046 2684  810 3364 2507 2334 7190 4575 7180 1904 4133 3028 2797
 3882  827 2302 3139 6830 6751  521 2099 1243 2039 1535 1264]",970
971,0.4158865096062554,9,693,763,"[2591 3157  388 6696  914 4144 3715 3590 1806  763 2215 3724 3145 2637
 2694 6046 2684  810 3364 2507 2334 7190 4575 7180 1904 4133 3028 2797
 3882  827 2302 3139 6830 6751  521 2099 1243 2039 1535 1264]",964
972,0.4192550817229469,20,2334,1471,"[2591 3157  388 6696  914 4144 3715 3590 1806  763 2215 3724 3145 2637
 2694 6046 2684  810 3364 2507 1471 7190 4575 7180 1904 4133 3028 2797
 3882  827 2302 3139 6830 6751  521 2099 1243 2039 1535 1264]",930
973,0.41868311671815683,28,3882,3812,"[2591 3157  388 6696  914 4144 3715 3590 1806  763 2215 3724 3145 2637
 2694 6046 2684  810 3364 2507 1471 7190 4575 7180 1904 4133 3028 2797
 3812  827 2302 3139 6830 6751  521 2099 1243 2039 1535 1264]",1001
974,0.4179295791379378,23,7180,2335,"[2591 3157  388 6696  914 4144 3715 3590 1806  763 2215 3724 3145 2637
 2694 6046 2684  810 3364 2507 1471 7190 4575 2335 1904 4133 3028 2797
 3812  827 2302 3139 6830 6751  521 2099 1243 2039 1535 1264]",933
975,0.4181759064193301,25,4133,7181,"[2591 3157  388 6696  914 4144 3715 3590 1806  763 2215 3724 3145 2637
 2694 6046 2684  810 3364 2507 1471 7190 4575 2335 1904 7181 3028 2797
 3812  827 2302 3139 6830 6751  521 2099 1243 2039 1535 1264]",1019
976,0.4195969812077667,32,6830,6688,"[2591 3157  388 6696  914 4144 3715 3590 1806  763 2215 3724 3145 2637
 2694 6046 2684  810 3364 2507 1471 7190 4575 2335 1904 7181 3028 2797
 3812  827 2302 3139 6688 6751  521 2099 1243 2039 1535 1264]",1019
977,0.4213456261351355,0,2591,2732,"[2732 3157  388 6696  914 4144 3715 3590 1806  763 2215 3724 3145 2637
 2694 6046 2684  810 3364 2507 1471 7190 4575 2335 1904 7181 3028 2797
 3812  827 2302 3139 6688 6751  521 2099 1243 2039 1535 1264]",1018
978,0.4224726858852961,10,2215,2287,"[2732 3157  388 6696  914 4144 3715 3590 1806  763 2287 3724 3145 2637
 2694 6046 2684  810 3364 2507 1471 7190 4575 2335 1904 7181 3028 2797
 3812  827 2302 3139 6688 6751  521 2099 1243 2039 1535 1264]",1051
979,0.4212930029839003,18,3364,3293,"[2732 3157  388 6696  914 4144 3715 3590 1806  763 2287 3724 3145 2637
 2694 6046 2684  810 3293 2507 1471 7190 4575 2335 1904 7181 3028 2797
 3812  827 2302 3139 6688 6751  521 2099 1243 2039 1535 1264]",1003
980,0.4219140635223486,21,7190,7189,"[2732 3157  388 6696  914 4144 3715 3590 1806  763 2287 3724 3145 2637
 2694 6046 2684  810 3293 2507 1471 7189 4575 2335 1904 7181 3028 2797
 3812  827 2302 3139 6688 6751  521 2099 1243 2039 1535 1264]",1048
981,0.4229562401477259,34,521,733,"[2732 3157  388 6696  914 4144 3715 3590 1806  763 2287 3724 3145 2637
 2694 6046 2684  810 3293 2507 1471 7189 4575 2335 1904 7181 3028 2797
 3812  827 2302 3139 6688 6751  733 2099 1243 2039 1535 1264]",1054
982,0.42490668078592364,16,2684,3990,"[2732 3157  388 6696  914 4144 3715 3590 1806  763 2287 3724 3145 2637
 2694 6046 3990  810 3293 2507 1471 7189 4575 2335 1904 7181 3028 2797
 3812  827 2302 3139 6688 6751  733 2099 1243 2039 1535 1264]",1073
983,0.42606996215636095,18,3293,3364,"[2732 3157  388 6696  914 4144 3715 3590 1806  763 2287 3724 3145 2637
 2694 6046 3990  810 3364 2507 1471 7189 4575 2335 1904 7181 3028 2797
 3812  827 2302 3139 6688 6751  733 2099 1243 2039 1535 1264]",975
984,0.42532714724255627,11,3724,3653,"[2732 3157  388 6696  914 4144 3715 3590 1806  763 2287 3653 3145 2637
 2694 6046 3990  810 3364 2507 1471 7189 4575 2335 1904 7181 3028 2797
 3812  827 2302 3139 6688 6751  733 2099 1243 2039 1535 1264]",1005
985,0.4249050182690326,8,1806,2400,"[2732 3157  388 6696  914 4144 3715 3590 2400  763 2287 3653 3145 2637
 2694 6046 3990  810 3364 2507 1471 7189 4575 2335 1904 7181 3028 2797
 3812  827 2302 3139 6688 6751  733 2099 1243 2039 1535 1264]",1035
986,0.42421763886976793,37,2039,2252,"[2732 3157  388 6696  914 4144 3715 3590 2400  763 2287 3653 3145 2637
 2694 6046 3990  810 3364 2507 1471 7189 4575 2335 1904 7181 3028 2797
 3812  827 2302 3139 6688 6751  733 2099 1243 2252 1535 1264]",1044
987,0.4249483850721031,15,6046,5976,"[2732 3157  388 6696  914 4144 3715 3590 2400  763 2287 3653 3145 2637
 2694 5976 3990  810 3364 2507 1471 7189 4575 2335 1904 7181 3028 2797
 3812  827 2302 3139 6688 6751  733 2099 1243 2252 1535 1264]",1062
988,0.42697519586786226,24,1904,1976,"[2732 3157  388 6696  914 4144 3715 3590 2400  763 2287 3653 3145 2637
 2694 5976 3990  810 3364 2507 1471 7189 4575 2335 1976 7181 3028 2797
 3812  827 2302 3139 6688 6751  733 2099 1243 2252 1535 1264]",1009
989,0.4278204865707145,30,2302,2090,"[2732 3157  388 6696  914 4144 3715 3590 2400  763 2287 3653 3145 2637
 2694 5976 3990  810 3364 2507 1471 7189 4575 2335 1976 7181 3028 2797
 3812  827 2090 3139 6688 6751  733 2099 1243 2252 1535 1264]",1025
990,0.4271228066856312,25,7181,1516,"[2732 3157  388 6696  914 4144 3715 3590 2400  763 2287 3653 3145 2637
 2694 5976 3990  810 3364 2507 1471 7189 4575 2335 1976 1516 3028 2797
 3812  827 2090 3139 6688 6751  733 2099 1243 2252 1535 1264]",975
991,0.4276926570118443,14,2694,7252,"[2732 3157  388 6696  914 4144 3715 3590 2400  763 2287 3653 3145 2637
 7252 5976 3990  810 3364 2507 1471 7189 4575 2335 1976 1516 3028 2797
 3812  827 2090 3139 6688 6751  733 2099 1243 2252 1535 1264]",913
992,0.42903487718558514,11,3653,3723,"[2732 3157  388 6696  914 4144 3715 3590 2400  763 2287 3723 3145 2637
 7252 5976 3990  810 3364 2507 1471 7189 4575 2335 1976 1516 3028 2797
 3812  827 2090 3139 6688 6751  733 2099 1243 2252 1535 1264]",912
993,0.43005541521645463,14,7252,7183,"[2732 3157  388 6696  914 4144 3715 3590 2400  763 2287 3723 3145 2637
 7183 5976 3990  810 3364 2507 1471 7189 4575 2335 1976 1516 3028 2797
 3812  827 2090 3139 6688 6751  733 2099 1243 2252 1535 1264]",910
994,0.42999554074702584,28,3812,3952,"[2732 3157  388 6696  914 4144 3715 3590 2400  763 2287 3723 3145 2637
 7183 5976 3990  810 3364 2507 1471 7189 4575 2335 1976 1516 3028 2797
 3952  827 2090 3139 6688 6751  733 2099 1243 2252 1535 1264]",977
995,0.43127706154733886,36,1243,1100,"[2732 3157  388 6696  914 4144 3715 3590 2400  763 2287 3723 3145 2637
 7183 5976 3990  810 3364 2507 1471 7189 4575 2335 1976 1516 3028 2797
 3952  827 2090 3139 6688 6751  733 2099 1100 2252 1535 1264]",973
996,0.4303027703538899,20,1471,1541,"[2732 3157  388 6696  914 4144 3715 3590 2400  763 2287 3723 3145 2637
 7183 5976 3990  810 3364 2507 1541 7189 4575 2335 1976 1516 3028 2797
 3952  827 2090 3139 6688 6751  733 2099 1100 2252 1535 1264]",932
997,0.4310963328191936,29,827,1041,"[2732 3157  388 6696  914 4144 3715 3590 2400  763 2287 3723 3145 2637
 7183 5976 3990  810 3364 2507 1541 7189 4575 2335 1976 1516 3028 2797
 3952 1041 2090 3139 6688 6751  733 2099 1100 2252 1535 1264]",960
998,0.4328162175172144,23,2335,1785,"[2732 3157  388 6696  914 4144 3715 3590 2400  763 2287 3723 3145 2637
 7183 5976 3990  810 3364 2507 1541 7189 4575 1785 1976 1516 3028 2797
 3952 1041 2090 3139 6688 6751  733 2099 1100 2252 1535 1264]",951
999,0.4317716258725867,0,2732,2661,"[2661 3157  388 6696  914 4144 3715 3590 2400  763 2287 3723 3145 2637
 7183 5976 3990  810 3364 2507 1541 7189 4575 1785 1976 1516 3028 2797
 3952 1041 2090 3139 6688 6751  733 2099 1100 2252 1535 1264]",952
1000,0.430747609930781,30,2090,1949,"[2661 3157  388 6696  914 4144 3715 3590 2400  763 2287 3723 3145 2637
 7183 5976 3990  810 3364 2507 1541 7189 4575 1785 1976 1516 3028 2797
 3952 1041 1949 3139 6688 6751  733 2099 1100 2252 1535 1264]",985
