iter,fitness,moved_station,old_cell,new_cell,layout,allowed_count
1,0.3811485365232456,3,3284,3211,"[2759 3017 4781 3211 1255 7184 1976 2720  812 6329 6688 1306  962 3590
 1051 6907 1376 1299 2591 3575 3079 2642 2656 2214 1878 3166 4076 2234
 3991  592 3741  340 1461 2112 3583 1749 2027 1616  690 2223]",1051
2,0.37699005189696844,30,3741,5056,"[2759 3017 4781 3211 1255 7184 1976 2720  812 6329 6688 1306  962 3590
 1051 6907 1376 1299 2591 3575 3079 2642 2656 2214 1878 3166 4076 2234
 3991  592 5056  340 1461 2112 3583 1749 2027 1616  690 2223]",1076
3,0.37091246300385783,3,3211,1716,"[2759 3017 4781 1716 1255 7184 1976 2720  812 6329 6688 1306  962 3590
 1051 6907 1376 1299 2591 3575 3079 2642 2656 2214 1878 3166 4076 2234
 3991  592 5056  340 1461 2112 3583 1749 2027 1616  690 2223]",1069
4,0.3711498025137495,27,2234,6752,"[2759 3017 4781 1716 1255 7184 1976 2720  812 6329 6688 1306  962 3590
 1051 6907 1376 1299 2591 3575 3079 2642 2656 2214 1878 3166 4076 6752
 3991  592 5056  340 1461 2112 3583 1749 2027 1616  690 2223]",1055
5,0.3684207763965074,29,592,4092,"[2759 3017 4781 1716 1255 7184 1976 2720  812 6329 6688 1306  962 3590
 1051 6907 1376 1299 2591 3575 3079 2642 2656 2214 1878 3166 4076 6752
 3991 4092 5056  340 1461 2112 3583 1749 2027 1616  690 2223]",1107
6,0.37325076087322134,30,5056,592,"[2759 3017 4781 1716 1255 7184 1976 2720  812 6329 6688 1306  962 3590
 1051 6907 1376 1299 2591 3575 3079 2642 2656 2214 1878 3166 4076 6752
 3991 4092  592  340 1461 2112 3583 1749 2027 1616  690 2223]",1105
7,0.3604594931228943,33,2112,2529,"[2759 3017 4781 1716 1255 7184 1976 2720  812 6329 6688 1306  962 3590
 1051 6907 1376 1299 2591 3575 3079 2642 2656 2214 1878 3166 4076 6752
 3991 4092  592  340 1461 2529 3583 1749 2027 1616  690 2223]",1080
8,0.3561123567000356,18,2591,5770,"[2759 3017 4781 1716 1255 7184 1976 2720  812 6329 6688 1306  962 3590
 1051 6907 1376 1299 5770 3575 3079 2642 2656 2214 1878 3166 4076 6752
 3991 4092  592  340 1461 2529 3583 1749 2027 1616  690 2223]",1027
9,0.355478296341862,31,340,4210,"[2759 3017 4781 1716 1255 7184 1976 2720  812 6329 6688 1306  962 3590
 1051 6907 1376 1299 5770 3575 3079 2642 2656 2214 1878 3166 4076 6752
 3991 4092  592 4210 1461 2529 3583 1749 2027 1616  690 2223]",988
10,0.35320881273247184,25,3166,2953,"[2759 3017 4781 1716 1255 7184 1976 2720  812 6329 6688 1306  962 3590
 1051 6907 1376 1299 5770 3575 3079 2642 2656 2214 1878 2953 4076 6752
 3991 4092  592 4210 1461 2529 3583 1749 2027 1616  690 2223]",995
11,0.36138763165415455,18,5770,3212,"[2759 3017 4781 1716 1255 7184 1976 2720  812 6329 6688 1306  962 3590
 1051 6907 1376 1299 3212 3575 3079 2642 2656 2214 1878 2953 4076 6752
 3991 4092  592 4210 1461 2529 3583 1749 2027 1616  690 2223]",1050
12,0.35950311734514095,9,6329,412,"[2759 3017 4781 1716 1255 7184 1976 2720  812  412 6688 1306  962 3590
 1051 6907 1376 1299 3212 3575 3079 2642 2656 2214 1878 2953 4076 6752
 3991 4092  592 4210 1461 2529 3583 1749 2027 1616  690 2223]",1035
13,0.35560709041809835,34,3583,3746,"[2759 3017 4781 1716 1255 7184 1976 2720  812  412 6688 1306  962 3590
 1051 6907 1376 1299 3212 3575 3079 2642 2656 2214 1878 2953 4076 6752
 3991 4092  592 4210 1461 2529 3746 1749 2027 1616  690 2223]",1012
14,0.3600357211531532,33,2529,4502,"[2759 3017 4781 1716 1255 7184 1976 2720  812  412 6688 1306  962 3590
 1051 6907 1376 1299 3212 3575 3079 2642 2656 2214 1878 2953 4076 6752
 3991 4092  592 4210 1461 4502 3746 1749 2027 1616  690 2223]",990
15,0.35704595774040315,28,3991,6268,"[2759 3017 4781 1716 1255 7184 1976 2720  812  412 6688 1306  962 3590
 1051 6907 1376 1299 3212 3575 3079 2642 2656 2214 1878 2953 4076 6752
 6268 4092  592 4210 1461 4502 3746 1749 2027 1616  690 2223]",1046
16,0.354716345144183,14,1051,5905,"[2759 3017 4781 1716 1255 7184 1976 2720  812  412 6688 1306  962 3590
 5905 6907 1376 1299 3212 3575 3079 2642 2656 2214 1878 2953 4076 6752
 6268 4092  592 4210 1461 4502 3746 1749 2027 1616  690 2223]",1024
17,0.36011553463289037,27,6752,1193,"[2759 3017 4781 1716 1255 7184 1976 2720  812  412 6688 1306  962 3590
 5905 6907 1376 1299 3212 3575 3079 2642 2656 2214 1878 2953 4076 1193
 6268 4092  592 4210 1461 4502 3746 1749 2027 1616  690 2223]",978
18,0.3595780143776212,31,4210,2748,"[2759 3017 4781 1716 1255 7184 1976 2720  812  412 6688 1306  962 3590
 5905 6907 1376 1299 3212 3575 3079 2642 2656 2214 1878 2953 4076 1193
 6268 4092  592 2748 1461 4502 3746 1749 2027 1616  690 2223]",991
19,0.3586786206213494,19,3575,2180,"[2759 3017 4781 1716 1255 7184 1976 2720  812  412 6688 1306  962 3590
 5905 6907 1376 1299 3212 2180 3079 2642 2656 2214 1878 2953 4076 1193
 6268 4092  592 2748 1461 4502 3746 1749 2027 1616  690 2223]",947
20,0.35379056113746343,1,3017,3713,"[2759 3713 4781 1716 1255 7184 1976 2720  812  412 6688 1306  962 3590
 5905 6907 1376 1299 3212 2180 3079 2642 2656 2214 1878 2953 4076 1193
 6268 4092  592 2748 1461 4502 3746 1749 2027 1616  690 2223]",942
21,0.3506851785645653,36,2027,6325,"[2759 3713 4781 1716 1255 7184 1976 2720  812  412 6688 1306  962 3590
 5905 6907 1376 1299 3212 2180 3079 2642 2656 2214 1878 2953 4076 1193
 6268 4092  592 2748 1461 4502 3746 1749 6325 1616  690 2223]",916
22,0.3479934249544322,29,4092,2837,"[2759 3713 4781 1716 1255 7184 1976 2720  812  412 6688 1306  962 3590
 5905 6907 1376 1299 3212 2180 3079 2642 2656 2214 1878 2953 4076 1193
 6268 2837  592 2748 1461 4502 3746 1749 6325 1616  690 2223]",954
23,0.36014121866535675,36,6325,3369,"[2759 3713 4781 1716 1255 7184 1976 2720  812  412 6688 1306  962 3590
 5905 6907 1376 1299 3212 2180 3079 2642 2656 2214 1878 2953 4076 1193
 6268 2837  592 2748 1461 4502 3746 1749 3369 1616  690 2223]",963
24,0.35816348468187154,14,5905,2170,"[2759 3713 4781 1716 1255 7184 1976 2720  812  412 6688 1306  962 3590
 2170 6907 1376 1299 3212 2180 3079 2642 2656 2214 1878 2953 4076 1193
 6268 2837  592 2748 1461 4502 3746 1749 3369 1616  690 2223]",986
25,0.35918792218932566,18,3212,3648,"[2759 3713 4781 1716 1255 7184 1976 2720  812  412 6688 1306  962 3590
 2170 6907 1376 1299 3648 2180 3079 2642 2656 2214 1878 2953 4076 1193
 6268 2837  592 2748 1461 4502 3746 1749 3369 1616  690 2223]",972
26,0.35701675035997427,5,7184,2947,"[2759 3713 4781 1716 1255 2947 1976 2720  812  412 6688 1306  962 3590
 2170 6907 1376 1299 3648 2180 3079 2642 2656 2214 1878 2953 4076 1193
 6268 2837  592 2748 1461 4502 3746 1749 3369 1616  690 2223]",1028
27,0.34759101347977794,22,2656,3596,"[2759 3713 4781 1716 1255 2947 1976 2720  812  412 6688 1306  962 3590
 2170 6907 1376 1299 3648 2180 3079 2642 3596 2214 1878 2953 4076 1193
 6268 2837  592 2748 1461 4502 3746 1749 3369 1616  690 2223]",1046
28,0.3479436974300629,26,4076,6329,"[2759 3713 4781 1716 1255 2947 1976 2720  812  412 6688 1306  962 3590
 2170 6907 1376 1299 3648 2180 3079 2642 3596 2214 1878 2953 6329 1193
 6268 2837  592 2748 1461 4502 3746 1749 3369 1616  690 2223]",1031
29,0.34609764301025614,25,2953,2740,"[2759 3713 4781 1716 1255 2947 1976 2720  812  412 6688 1306  962 3590
 2170 6907 1376 1299 3648 2180 3079 2642 3596 2214 1878 2740 6329 1193
 6268 2837  592 2748 1461 4502 3746 1749 3369 1616  690 2223]",1007
30,0.346316586364789,28,6268,6484,"[2759 3713 4781 1716 1255 2947 1976 2720  812  412 6688 1306  962 3590
 2170 6907 1376 1299 3648 2180 3079 2642 3596 2214 1878 2740 6329 1193
 6484 2837  592 2748 1461 4502 3746 1749 3369 1616  690 2223]",1046
31,0.3541898707130176,17,1299,3209,"[2759 3713 4781 1716 1255 2947 1976 2720  812  412 6688 1306  962 3590
 2170 6907 1376 3209 3648 2180 3079 2642 3596 2214 1878 2740 6329 1193
 6484 2837  592 2748 1461 4502 3746 1749 3369 1616  690 2223]",1032
32,0.36315300339315343,32,1461,2515,"[2759 3713 4781 1716 1255 2947 1976 2720  812  412 6688 1306  962 3590
 2170 6907 1376 3209 3648 2180 3079 2642 3596 2214 1878 2740 6329 1193
 6484 2837  592 2748 2515 4502 3746 1749 3369 1616  690 2223]",997
33,0.3629099973927415,9,412,1017,"[2759 3713 4781 1716 1255 2947 1976 2720  812 1017 6688 1306  962 3590
 2170 6907 1376 3209 3648 2180 3079 2642 3596 2214 1878 2740 6329 1193
 6484 2837  592 2748 2515 4502 3746 1749 3369 1616  690 2223]",1009
34,0.35922195760394593,27,1193,1057,"[2759 3713 4781 1716 1255 2947 1976 2720  812 1017 6688 1306  962 3590
 2170 6907 1376 3209 3648 2180 3079 2642 3596 2214 1878 2740 6329 1057
 6484 2837  592 2748 2515 4502 3746 1749 3369 1616  690 2223]",1041
35,0.34681671168657924,32,2515,4917,"[2759 3713 4781 1716 1255 2947 1976 2720  812 1017 6688 1306  962 3590
 2170 6907 1376 3209 3648 2180 3079 2642 3596 2214 1878 2740 6329 1057
 6484 2837  592 2748 4917 4502 3746 1749 3369 1616  690 2223]",1026
36,0.3482139997436115,0,2759,4079,"[4079 3713 4781 1716 1255 2947 1976 2720  812 1017 6688 1306  962 3590
 2170 6907 1376 3209 3648 2180 3079 2642 3596 2214 1878 2740 6329 1057
 6484 2837  592 2748 4917 4502 3746 1749 3369 1616  690 2223]",1050
37,0.3392811382738123,18,3648,4553,"[4079 3713 4781 1716 1255 2947 1976 2720  812 1017 6688 1306  962 3590
 2170 6907 1376 3209 4553 2180 3079 2642 3596 2214 1878 2740 6329 1057
 6484 2837  592 2748 4917 4502 3746 1749 3369 1616  690 2223]",1012
38,0.35435892225474325,28,6484,2588,"[4079 3713 4781 1716 1255 2947 1976 2720  812 1017 6688 1306  962 3590
 2170 6907 1376 3209 4553 2180 3079 2642 3596 2214 1878 2740 6329 1057
 2588 2837  592 2748 4917 4502 3746 1749 3369 1616  690 2223]",971
39,0.349510994544334,20,3079,1121,"[4079 3713 4781 1716 1255 2947 1976 2720  812 1017 6688 1306  962 3590
 2170 6907 1376 3209 4553 2180 1121 2642 3596 2214 1878 2740 6329 1057
 2588 2837  592 2748 4917 4502 3746 1749 3369 1616  690 2223]",956
40,0.3483638888211868,22,3596,1390,"[4079 3713 4781 1716 1255 2947 1976 2720  812 1017 6688 1306  962 3590
 2170 6907 1376 3209 4553 2180 1121 2642 1390 2214 1878 2740 6329 1057
 2588 2837  592 2748 4917 4502 3746 1749 3369 1616  690 2223]",984
41,0.35273699290604077,17,3209,3291,"[4079 3713 4781 1716 1255 2947 1976 2720  812 1017 6688 1306  962 3590
 2170 6907 1376 3291 4553 2180 1121 2642 1390 2214 1878 2740 6329 1057
 2588 2837  592 2748 4917 4502 3746 1749 3369 1616  690 2223]",1020
42,0.3509814383621359,26,6329,4132,"[4079 3713 4781 1716 1255 2947 1976 2720  812 1017 6688 1306  962 3590
 2170 6907 1376 3291 4553 2180 1121 2642 1390 2214 1878 2740 4132 1057
 2588 2837  592 2748 4917 4502 3746 1749 3369 1616  690 2223]",1053
43,0.34992929743188506,3,1716,5481,"[4079 3713 4781 5481 1255 2947 1976 2720  812 1017 6688 1306  962 3590
 2170 6907 1376 3291 4553 2180 1121 2642 1390 2214 1878 2740 4132 1057
 2588 2837  592 2748 4917 4502 3746 1749 3369 1616  690 2223]",998
44,0.3500405639957703,30,592,3790,"[4079 3713 4781 5481 1255 2947 1976 2720  812 1017 6688 1306  962 3590
 2170 6907 1376 3291 4553 2180 1121 2642 1390 2214 1878 2740 4132 1057
 2588 2837 3790 2748 4917 4502 3746 1749 3369 1616  690 2223]",966
45,0.3510792733567838,3,5481,2896,"[4079 3713 4781 2896 1255 2947 1976 2720  812 1017 6688 1306  962 3590
 2170 6907 1376 3291 4553 2180 1121 2642 1390 2214 1878 2740 4132 1057
 2588 2837 3790 2748 4917 4502 3746 1749 3369 1616  690 2223]",1035
46,0.3514189338470875,22,1390,318,"[4079 3713 4781 2896 1255 2947 1976 2720  812 1017 6688 1306  962 3590
 2170 6907 1376 3291 4553 2180 1121 2642  318 2214 1878 2740 4132 1057
 2588 2837 3790 2748 4917 4502 3746 1749 3369 1616  690 2223]",998
47,0.33981628732942115,13,3590,2403,"[4079 3713 4781 2896 1255 2947 1976 2720  812 1017 6688 1306  962 2403
 2170 6907 1376 3291 4553 2180 1121 2642  318 2214 1878 2740 4132 1057
 2588 2837 3790 2748 4917 4502 3746 1749 3369 1616  690 2223]",1040
48,0.3402090500050702,17,3291,3290,"[4079 3713 4781 2896 1255 2947 1976 2720  812 1017 6688 1306  962 2403
 2170 6907 1376 3290 4553 2180 1121 2642  318 2214 1878 2740 4132 1057
 2588 2837 3790 2748 4917 4502 3746 1749 3369 1616  690 2223]",1034
49,0.336393566526215,39,2223,2085,"[4079 3713 4781 2896 1255 2947 1976 2720  812 1017 6688 1306  962 2403
 2170 6907 1376 3290 4553 2180 1121 2642  318 2214 1878 2740 4132 1057
 2588 2837 3790 2748 4917 4502 3746 1749 3369 1616  690 2085]",1064
50,0.33820845372719555,34,3746,521,"[4079 3713 4781 2896 1255 2947 1976 2720  812 1017 6688 1306  962 2403
 2170 6907 1376 3290 4553 2180 1121 2642  318 2214 1878 2740 4132 1057
 2588 2837 3790 2748 4917 4502  521 1749 3369 1616  690 2085]",1091
51,0.3418064866308922,34,521,3212,"[4079 3713 4781 2896 1255 2947 1976 2720  812 1017 6688 1306  962 2403
 2170 6907 1376 3290 4553 2180 1121 2642  318 2214 1878 2740 4132 1057
 2588 2837 3790 2748 4917 4502 3212 1749 3369 1616  690 2085]",1091
52,0.34716692090973605,11,1306,4022,"[4079 3713 4781 2896 1255 2947 1976 2720  812 1017 6688 4022  962 2403
 2170 6907 1376 3290 4553 2180 1121 2642  318 2214 1878 2740 4132 1057
 2588 2837 3790 2748 4917 4502 3212 1749 3369 1616  690 2085]",1052
53,0.3482072999932394,5,2947,6187,"[4079 3713 4781 2896 1255 6187 1976 2720  812 1017 6688 4022  962 2403
 2170 6907 1376 3290 4553 2180 1121 2642  318 2214 1878 2740 4132 1057
 2588 2837 3790 2748 4917 4502 3212 1749 3369 1616  690 2085]",965
54,0.35292694817058323,22,318,3663,"[4079 3713 4781 2896 1255 6187 1976 2720  812 1017 6688 4022  962 2403
 2170 6907 1376 3290 4553 2180 1121 2642 3663 2214 1878 2740 4132 1057
 2588 2837 3790 2748 4917 4502 3212 1749 3369 1616  690 2085]",933
55,0.3551263142179131,16,1376,7037,"[4079 3713 4781 2896 1255 6187 1976 2720  812 1017 6688 4022  962 2403
 2170 6907 7037 3290 4553 2180 1121 2642 3663 2214 1878 2740 4132 1057
 2588 2837 3790 2748 4917 4502 3212 1749 3369 1616  690 2085]",907
56,0.35558380800448297,16,7037,592,"[4079 3713 4781 2896 1255 6187 1976 2720  812 1017 6688 4022  962 2403
 2170 6907  592 3290 4553 2180 1121 2642 3663 2214 1878 2740 4132 1057
 2588 2837 3790 2748 4917 4502 3212 1749 3369 1616  690 2085]",907
57,0.35255149380279716,13,2403,626,"[4079 3713 4781 2896 1255 6187 1976 2720  812 1017 6688 4022  962  626
 2170 6907  592 3290 4553 2180 1121 2642 3663 2214 1878 2740 4132 1057
 2588 2837 3790 2748 4917 4502 3212 1749 3369 1616  690 2085]",896
58,0.34861462918659836,0,4079,4283,"[4283 3713 4781 2896 1255 6187 1976 2720  812 1017 6688 4022  962  626
 2170 6907  592 3290 4553 2180 1121 2642 3663 2214 1878 2740 4132 1057
 2588 2837 3790 2748 4917 4502 3212 1749 3369 1616  690 2085]",899
59,0.3470920229125981,27,1057,1443,"[4283 3713 4781 2896 1255 6187 1976 2720  812 1017 6688 4022  962  626
 2170 6907  592 3290 4553 2180 1121 2642 3663 2214 1878 2740 4132 1443
 2588 2837 3790 2748 4917 4502 3212 1749 3369 1616  690 2085]",893
60,0.34686482461791684,18,4553,3491,"[4283 3713 4781 2896 1255 6187 1976 2720  812 1017 6688 4022  962  626
 2170 6907  592 3290 3491 2180 1121 2642 3663 2214 1878 2740 4132 1443
 2588 2837 3790 2748 4917 4502 3212 1749 3369 1616  690 2085]",909
61,0.3448851404120875,37,1616,4224,"[4283 3713 4781 2896 1255 6187 1976 2720  812 1017 6688 4022  962  626
 2170 6907  592 3290 3491 2180 1121 2642 3663 2214 1878 2740 4132 1443
 2588 2837 3790 2748 4917 4502 3212 1749 3369 4224  690 2085]",882
62,0.335575304888162,6,1976,2149,"[4283 3713 4781 2896 1255 6187 2149 2720  812 1017 6688 4022  962  626
 2170 6907  592 3290 3491 2180 1121 2642 3663 2214 1878 2740 4132 1443
 2588 2837 3790 2748 4917 4502 3212 1749 3369 4224  690 2085]",917
63,0.3419116333343726,6,2149,1831,"[4283 3713 4781 2896 1255 6187 1831 2720  812 1017 6688 4022  962  626
 2170 6907  592 3290 3491 2180 1121 2642 3663 2214 1878 2740 4132 1443
 2588 2837 3790 2748 4917 4502 3212 1749 3369 4224  690 2085]",917
64,0.33256694586532887,15,6907,6337,"[4283 3713 4781 2896 1255 6187 1831 2720  812 1017 6688 4022  962  626
 2170 6337  592 3290 3491 2180 1121 2642 3663 2214 1878 2740 4132 1443
 2588 2837 3790 2748 4917 4502 3212 1749 3369 4224  690 2085]",912
65,0.33155663522202794,24,1878,1379,"[4283 3713 4781 2896 1255 6187 1831 2720  812 1017 6688 4022  962  626
 2170 6337  592 3290 3491 2180 1121 2642 3663 2214 1379 2740 4132 1443
 2588 2837 3790 2748 4917 4502 3212 1749 3369 4224  690 2085]",908
66,0.32834907098570965,14,2170,1741,"[4283 3713 4781 2896 1255 6187 1831 2720  812 1017 6688 4022  962  626
 1741 6337  592 3290 3491 2180 1121 2642 3663 2214 1379 2740 4132 1443
 2588 2837 3790 2748 4917 4502 3212 1749 3369 4224  690 2085]",910
67,0.33953953647482393,13,626,7260,"[4283 3713 4781 2896 1255 6187 1831 2720  812 1017 6688 4022  962 7260
 1741 6337  592 3290 3491 2180 1121 2642 3663 2214 1379 2740 4132 1443
 2588 2837 3790 2748 4917 4502 3212 1749 3369 4224  690 2085]",890
68,0.33132900311959557,38,690,3235,"[4283 3713 4781 2896 1255 6187 1831 2720  812 1017 6688 4022  962 7260
 1741 6337  592 3290 3491 2180 1121 2642 3663 2214 1379 2740 4132 1443
 2588 2837 3790 2748 4917 4502 3212 1749 3369 4224 3235 2085]",889
69,0.33661189539970726,18,3491,7181,"[4283 3713 4781 2896 1255 6187 1831 2720  812 1017 6688 4022  962 7260
 1741 6337  592 3290 7181 2180 1121 2642 3663 2214 1379 2740 4132 1443
 2588 2837 3790 2748 4917 4502 3212 1749 3369 4224 3235 2085]",912
70,0.3207252636082226,10,6688,5416,"[4283 3713 4781 2896 1255 6187 1831 2720  812 1017 5416 4022  962 7260
 1741 6337  592 3290 7181 2180 1121 2642 3663 2214 1379 2740 4132 1443
 2588 2837 3790 2748 4917 4502 3212 1749 3369 4224 3235 2085]",894
71,0.3262465353775198,10,5416,2191,"[4283 3713 4781 2896 1255 6187 1831 2720  812 1017 2191 4022  962 7260
 1741 6337  592 3290 7181 2180 1121 2642 3663 2214 1379 2740 4132 1443
 2588 2837 3790 2748 4917 4502 3212 1749 3369 4224 3235 2085]",894
72,0.3130647143141583,28,2588,2164,"[4283 3713 4781 2896 1255 6187 1831 2720  812 1017 2191 4022  962 7260
 1741 6337  592 3290 7181 2180 1121 2642 3663 2214 1379 2740 4132 1443
 2164 2837 3790 2748 4917 4502 3212 1749 3369 4224 3235 2085]",916
73,0.3247634078808016,3,2896,6759,"[4283 3713 4781 6759 1255 6187 1831 2720  812 1017 2191 4022  962 7260
 1741 6337  592 3290 7181 2180 1121 2642 3663 2214 1379 2740 4132 1443
 2164 2837 3790 2748 4917 4502 3212 1749 3369 4224 3235 2085]",923
74,0.3175325425943567,3,6759,2726,"[4283 3713 4781 2726 1255 6187 1831 2720  812 1017 2191 4022  962 7260
 1741 6337  592 3290 7181 2180 1121 2642 3663 2214 1379 2740 4132 1443
 2164 2837 3790 2748 4917 4502 3212 1749 3369 4224 3235 2085]",923
75,0.313339516838593,28,2164,1806,"[4283 3713 4781 2726 1255 6187 1831 2720  812 1017 2191 4022  962 7260
 1741 6337  592 3290 7181 2180 1121 2642 3663 2214 1379 2740 4132 1443
 1806 2837 3790 2748 4917 4502 3212 1749 3369 4224 3235 2085]",927
76,0.30969242636191596,8,812,2684,"[4283 3713 4781 2726 1255 6187 1831 2720 2684 1017 2191 4022  962 7260
 1741 6337  592 3290 7181 2180 1121 2642 3663 2214 1379 2740 4132 1443
 1806 2837 3790 2748 4917 4502 3212 1749 3369 4224 3235 2085]",960
77,0.31730147223718846,21,2642,6687,"[4283 3713 4781 2726 1255 6187 1831 2720 2684 1017 2191 4022  962 7260
 1741 6337  592 3290 7181 2180 1121 6687 3663 2214 1379 2740 4132 1443
 1806 2837 3790 2748 4917 4502 3212 1749 3369 4224 3235 2085]",932
78,0.3229924281174499,7,2720,2804,"[4283 3713 4781 2726 1255 6187 1831 2804 2684 1017 2191 4022  962 7260
 1741 6337  592 3290 7181 2180 1121 6687 3663 2214 1379 2740 4132 1443
 1806 2837 3790 2748 4917 4502 3212 1749 3369 4224 3235 2085]",941
79,0.32357297050439954,19,2180,2109,"[4283 3713 4781 2726 1255 6187 1831 2804 2684 1017 2191 4022  962 7260
 1741 6337  592 3290 7181 2109 1121 6687 3663 2214 1379 2740 4132 1443
 1806 2837 3790 2748 4917 4502 3212 1749 3369 4224 3235 2085]",949
80,0.3283446764355998,28,1806,2436,"[4283 3713 4781 2726 1255 6187 1831 2804 2684 1017 2191 4022  962 7260
 1741 6337  592 3290 7181 2109 1121 6687 3663 2214 1379 2740 4132 1443
 2436 2837 3790 2748 4917 4502 3212 1749 3369 4224 3235 2085]",923
81,0.33031937599075034,5,6187,2713,"[4283 3713 4781 2726 1255 2713 1831 2804 2684 1017 2191 4022  962 7260
 1741 6337  592 3290 7181 2109 1121 6687 3663 2214 1379 2740 4132 1443
 2436 2837 3790 2748 4917 4502 3212 1749 3369 4224 3235 2085]",937
82,0.3279671997898028,23,2214,460,"[4283 3713 4781 2726 1255 2713 1831 2804 2684 1017 2191 4022  962 7260
 1741 6337  592 3290 7181 2109 1121 6687 3663  460 1379 2740 4132 1443
 2436 2837 3790 2748 4917 4502 3212 1749 3369 4224 3235 2085]",978
83,0.32921049993187546,30,3790,406,"[4283 3713 4781 2726 1255 2713 1831 2804 2684 1017 2191 4022  962 7260
 1741 6337  592 3290 7181 2109 1121 6687 3663  460 1379 2740 4132 1443
 2436 2837  406 2748 4917 4502 3212 1749 3369 4224 3235 2085]",931
84,0.33057694217826195,16,592,2285,"[4283 3713 4781 2726 1255 2713 1831 2804 2684 1017 2191 4022  962 7260
 1741 6337 2285 3290 7181 2109 1121 6687 3663  460 1379 2740 4132 1443
 2436 2837  406 2748 4917 4502 3212 1749 3369 4224 3235 2085]",893
85,0.32599902093051375,7,2804,739,"[4283 3713 4781 2726 1255 2713 1831  739 2684 1017 2191 4022  962 7260
 1741 6337 2285 3290 7181 2109 1121 6687 3663  460 1379 2740 4132 1443
 2436 2837  406 2748 4917 4502 3212 1749 3369 4224 3235 2085]",859
86,0.3164997355679383,13,7260,1390,"[4283 3713 4781 2726 1255 2713 1831  739 2684 1017 2191 4022  962 1390
 1741 6337 2285 3290 7181 2109 1121 6687 3663  460 1379 2740 4132 1443
 2436 2837  406 2748 4917 4502 3212 1749 3369 4224 3235 2085]",886
87,0.31457548710312305,7,739,885,"[4283 3713 4781 2726 1255 2713 1831  885 2684 1017 2191 4022  962 1390
 1741 6337 2285 3290 7181 2109 1121 6687 3663  460 1379 2740 4132 1443
 2436 2837  406 2748 4917 4502 3212 1749 3369 4224 3235 2085]",918
88,0.3176225558599279,23,460,7192,"[4283 3713 4781 2726 1255 2713 1831  885 2684 1017 2191 4022  962 1390
 1741 6337 2285 3290 7181 2109 1121 6687 3663 7192 1379 2740 4132 1443
 2436 2837  406 2748 4917 4502 3212 1749 3369 4224 3235 2085]",948
89,0.320396444638007,39,2085,2088,"[4283 3713 4781 2726 1255 2713 1831  885 2684 1017 2191 4022  962 1390
 1741 6337 2285 3290 7181 2109 1121 6687 3663 7192 1379 2740 4132 1443
 2436 2837  406 2748 4917 4502 3212 1749 3369 4224 3235 2088]",926
90,0.321987488612406,23,7192,3795,"[4283 3713 4781 2726 1255 2713 1831  885 2684 1017 2191 4022  962 1390
 1741 6337 2285 3290 7181 2109 1121 6687 3663 3795 1379 2740 4132 1443
 2436 2837  406 2748 4917 4502 3212 1749 3369 4224 3235 2088]",942
91,0.3285252412524612,11,4022,7330,"[4283 3713 4781 2726 1255 2713 1831  885 2684 1017 2191 7330  962 1390
 1741 6337 2285 3290 7181 2109 1121 6687 3663 3795 1379 2740 4132 1443
 2436 2837  406 2748 4917 4502 3212 1749 3369 4224 3235 2088]",981
92,0.3421767345260396,0,4283,2803,"[2803 3713 4781 2726 1255 2713 1831  885 2684 1017 2191 7330  962 1390
 1741 6337 2285 3290 7181 2109 1121 6687 3663 3795 1379 2740 4132 1443
 2436 2837  406 2748 4917 4502 3212 1749 3369 4224 3235 2088]",958
93,0.3411130940539605,18,7181,454,"[2803 3713 4781 2726 1255 2713 1831  885 2684 1017 2191 7330  962 1390
 1741 6337 2285 3290  454 2109 1121 6687 3663 3795 1379 2740 4132 1443
 2436 2837  406 2748 4917 4502 3212 1749 3369 4224 3235 2088]",969
94,0.3459016015917521,31,2748,3741,"[2803 3713 4781 2726 1255 2713 1831  885 2684 1017 2191 7330  962 1390
 1741 6337 2285 3290  454 2109 1121 6687 3663 3795 1379 2740 4132 1443
 2436 2837  406 3741 4917 4502 3212 1749 3369 4224 3235 2088]",958
95,0.34567244263137853,26,4132,7110,"[2803 3713 4781 2726 1255 2713 1831  885 2684 1017 2191 7330  962 1390
 1741 6337 2285 3290  454 2109 1121 6687 3663 3795 1379 2740 7110 1443
 2436 2837  406 3741 4917 4502 3212 1749 3369 4224 3235 2088]",978
96,0.3371843663691386,19,2109,3631,"[2803 3713 4781 2726 1255 2713 1831  885 2684 1017 2191 7330  962 1390
 1741 6337 2285 3290  454 3631 1121 6687 3663 3795 1379 2740 7110 1443
 2436 2837  406 3741 4917 4502 3212 1749 3369 4224 3235 2088]",984
97,0.32907606872556044,21,6687,2178,"[2803 3713 4781 2726 1255 2713 1831  885 2684 1017 2191 7330  962 1390
 1741 6337 2285 3290  454 3631 1121 2178 3663 3795 1379 2740 7110 1443
 2436 2837  406 3741 4917 4502 3212 1749 3369 4224 3235 2088]",937
98,0.32606524438568685,18,454,2166,"[2803 3713 4781 2726 1255 2713 1831  885 2684 1017 2191 7330  962 1390
 1741 6337 2285 3290 2166 3631 1121 2178 3663 3795 1379 2740 7110 1443
 2436 2837  406 3741 4917 4502 3212 1749 3369 4224 3235 2088]",939
99,0.3264726772297079,21,2178,2323,"[2803 3713 4781 2726 1255 2713 1831  885 2684 1017 2191 7330  962 1390
 1741 6337 2285 3290 2166 3631 1121 2323 3663 3795 1379 2740 7110 1443
 2436 2837  406 3741 4917 4502 3212 1749 3369 4224 3235 2088]",964
100,0.32351379360979393,20,1121,377,"[2803 3713 4781 2726 1255 2713 1831  885 2684 1017 2191 7330  962 1390
 1741 6337 2285 3290 2166 3631  377 2323 3663 3795 1379 2740 7110 1443
 2436 2837  406 3741 4917 4502 3212 1749 3369 4224 3235 2088]",989
101,0.3308896745321709,14,1741,6766,"[2803 3713 4781 2726 1255 2713 1831  885 2684 1017 2191 7330  962 1390
 6766 6337 2285 3290 2166 3631  377 2323 3663 3795 1379 2740 7110 1443
 2436 2837  406 3741 4917 4502 3212 1749 3369 4224 3235 2088]",946
102,0.3291215288355733,33,4502,831,"[2803 3713 4781 2726 1255 2713 1831  885 2684 1017 2191 7330  962 1390
 6766 6337 2285 3290 2166 3631  377 2323 3663 3795 1379 2740 7110 1443
 2436 2837  406 3741 4917  831 3212 1749 3369 4224 3235 2088]",928
103,0.32686275256886993,12,962,749,"[2803 3713 4781 2726 1255 2713 1831  885 2684 1017 2191 7330  749 1390
 6766 6337 2285 3290 2166 3631  377 2323 3663 3795 1379 2740 7110 1443
 2436 2837  406 3741 4917  831 3212 1749 3369 4224 3235 2088]",933
104,0.3288530618544622,22,3663,4289,"[2803 3713 4781 2726 1255 2713 1831  885 2684 1017 2191 7330  749 1390
 6766 6337 2285 3290 2166 3631  377 2323 4289 3795 1379 2740 7110 1443
 2436 2837  406 3741 4917  831 3212 1749 3369 4224 3235 2088]",921
105,0.32768488990100997,4,1255,4133,"[2803 3713 4781 2726 4133 2713 1831  885 2684 1017 2191 7330  749 1390
 6766 6337 2285 3290 2166 3631  377 2323 4289 3795 1379 2740 7110 1443
 2436 2837  406 3741 4917  831 3212 1749 3369 4224 3235 2088]",908
106,0.3234617849068018,11,7330,6048,"[2803 3713 4781 2726 4133 2713 1831  885 2684 1017 2191 6048  749 1390
 6766 6337 2285 3290 2166 3631  377 2323 4289 3795 1379 2740 7110 1443
 2436 2837  406 3741 4917  831 3212 1749 3369 4224 3235 2088]",875
107,0.3269285834158926,37,4224,770,"[2803 3713 4781 2726 4133 2713 1831  885 2684 1017 2191 6048  749 1390
 6766 6337 2285 3290 2166 3631  377 2323 4289 3795 1379 2740 7110 1443
 2436 2837  406 3741 4917  831 3212 1749 3369  770 3235 2088]",847
108,0.33316353795777165,30,406,7258,"[2803 3713 4781 2726 4133 2713 1831  885 2684 1017 2191 6048  749 1390
 6766 6337 2285 3290 2166 3631  377 2323 4289 3795 1379 2740 7110 1443
 2436 2837 7258 3741 4917  831 3212 1749 3369  770 3235 2088]",811
109,0.33202613608180054,39,2088,332,"[2803 3713 4781 2726 4133 2713 1831  885 2684 1017 2191 6048  749 1390
 6766 6337 2285 3290 2166 3631  377 2323 4289 3795 1379 2740 7110 1443
 2436 2837 7258 3741 4917  831 3212 1749 3369  770 3235  332]",819
110,0.33210044354208046,9,1017,2174,"[2803 3713 4781 2726 4133 2713 1831  885 2684 2174 2191 6048  749 1390
 6766 6337 2285 3290 2166 3631  377 2323 4289 3795 1379 2740 7110 1443
 2436 2837 7258 3741 4917  831 3212 1749 3369  770 3235  332]",818
111,0.3280422046328874,21,2323,4409,"[2803 3713 4781 2726 4133 2713 1831  885 2684 2174 2191 6048  749 1390
 6766 6337 2285 3290 2166 3631  377 4409 4289 3795 1379 2740 7110 1443
 2436 2837 7258 3741 4917  831 3212 1749 3369  770 3235  332]",840
112,0.3233221157763626,14,6766,6610,"[2803 3713 4781 2726 4133 2713 1831  885 2684 2174 2191 6048  749 1390
 6610 6337 2285 3290 2166 3631  377 4409 4289 3795 1379 2740 7110 1443
 2436 2837 7258 3741 4917  831 3212 1749 3369  770 3235  332]",817
113,0.33118092065877036,38,3235,6834,"[2803 3713 4781 2726 4133 2713 1831  885 2684 2174 2191 6048  749 1390
 6610 6337 2285 3290 2166 3631  377 4409 4289 3795 1379 2740 7110 1443
 2436 2837 7258 3741 4917  831 3212 1749 3369  770 6834  332]",824
114,0.3367675778446728,12,749,1330,"[2803 3713 4781 2726 4133 2713 1831  885 2684 2174 2191 6048 1330 1390
 6610 6337 2285 3290 2166 3631  377 4409 4289 3795 1379 2740 7110 1443
 2436 2837 7258 3741 4917  831 3212 1749 3369  770 6834  332]",833
115,0.335303598274712,24,1379,1451,"[2803 3713 4781 2726 4133 2713 1831  885 2684 2174 2191 6048 1330 1390
 6610 6337 2285 3290 2166 3631  377 4409 4289 3795 1451 2740 7110 1443
 2436 2837 7258 3741 4917  831 3212 1749 3369  770 6834  332]",843
116,0.33402883241275194,20,377,4157,"[2803 3713 4781 2726 4133 2713 1831  885 2684 2174 2191 6048 1330 1390
 6610 6337 2285 3290 2166 3631 4157 4409 4289 3795 1451 2740 7110 1443
 2436 2837 7258 3741 4917  831 3212 1749 3369  770 6834  332]",848
117,0.32634165279431493,7,885,388,"[2803 3713 4781 2726 4133 2713 1831  388 2684 2174 2191 6048 1330 1390
 6610 6337 2285 3290 2166 3631 4157 4409 4289 3795 1451 2740 7110 1443
 2436 2837 7258 3741 4917  831 3212 1749 3369  770 6834  332]",852
118,0.32304347324999805,6,1831,1830,"[2803 3713 4781 2726 4133 2713 1830  388 2684 2174 2191 6048 1330 1390
 6610 6337 2285 3290 2166 3631 4157 4409 4289 3795 1451 2740 7110 1443
 2436 2837 7258 3741 4917  831 3212 1749 3369  770 6834  332]",827
119,0.32199661497258597,38,6834,6759,"[2803 3713 4781 2726 4133 2713 1830  388 2684 2174 2191 6048 1330 1390
 6610 6337 2285 3290 2166 3631 4157 4409 4289 3795 1451 2740 7110 1443
 2436 2837 7258 3741 4917  831 3212 1749 3369  770 6759  332]",807
120,0.3291060011381577,39,332,3309,"[2803 3713 4781 2726 4133 2713 1830  388 2684 2174 2191 6048 1330 1390
 6610 6337 2285 3290 2166 3631 4157 4409 4289 3795 1451 2740 7110 1443
 2436 2837 7258 3741 4917  831 3212 1749 3369  770 6759 3309]",829
121,0.32398622256234755,33,831,3660,"[2803 3713 4781 2726 4133 2713 1830  388 2684 2174 2191 6048 1330 1390
 6610 6337 2285 3290 2166 3631 4157 4409 4289 3795 1451 2740 7110 1443
 2436 2837 7258 3741 4917 3660 3212 1749 3369  770 6759 3309]",835
122,0.3296521778733631,35,1749,958,"[2803 3713 4781 2726 4133 2713 1830  388 2684 2174 2191 6048 1330 1390
 6610 6337 2285 3290 2166 3631 4157 4409 4289 3795 1451 2740 7110 1443
 2436 2837 7258 3741 4917 3660 3212  958 3369  770 6759 3309]",838
123,0.33453383445885493,18,2166,2237,"[2803 3713 4781 2726 4133 2713 1830  388 2684 2174 2191 6048 1330 1390
 6610 6337 2285 3290 2237 3631 4157 4409 4289 3795 1451 2740 7110 1443
 2436 2837 7258 3741 4917 3660 3212  958 3369  770 6759 3309]",857
124,0.32736842413583334,12,1330,1716,"[2803 3713 4781 2726 4133 2713 1830  388 2684 2174 2191 6048 1716 1390
 6610 6337 2285 3290 2237 3631 4157 4409 4289 3795 1451 2740 7110 1443
 2436 2837 7258 3741 4917 3660 3212  958 3369  770 6759 3309]",876
125,0.33017349804544455,16,2285,547,"[2803 3713 4781 2726 4133 2713 1830  388 2684 2174 2191 6048 1716 1390
 6610 6337  547 3290 2237 3631 4157 4409 4289 3795 1451 2740 7110 1443
 2436 2837 7258 3741 4917 3660 3212  958 3369  770 6759 3309]",891
126,0.3348386733858272,14,6610,2212,"[2803 3713 4781 2726 4133 2713 1830  388 2684 2174 2191 6048 1716 1390
 2212 6337  547 3290 2237 3631 4157 4409 4289 3795 1451 2740 7110 1443
 2436 2837 7258 3741 4917 3660 3212  958 3369  770 6759 3309]",821
127,0.3366621364149425,15,6337,6695,"[2803 3713 4781 2726 4133 2713 1830  388 2684 2174 2191 6048 1716 1390
 2212 6695  547 3290 2237 3631 4157 4409 4289 3795 1451 2740 7110 1443
 2436 2837 7258 3741 4917 3660 3212  958 3369  770 6759 3309]",830
128,0.3349284460361131,10,2191,972,"[2803 3713 4781 2726 4133 2713 1830  388 2684 2174  972 6048 1716 1390
 2212 6695  547 3290 2237 3631 4157 4409 4289 3795 1451 2740 7110 1443
 2436 2837 7258 3741 4917 3660 3212  958 3369  770 6759 3309]",817
129,0.3324795016670569,1,3713,3640,"[2803 3640 4781 2726 4133 2713 1830  388 2684 2174  972 6048 1716 1390
 2212 6695  547 3290 2237 3631 4157 4409 4289 3795 1451 2740 7110 1443
 2436 2837 7258 3741 4917 3660 3212  958 3369  770 6759 3309]",802
130,0.3379286859059063,4,4133,810,"[2803 3640 4781 2726  810 2713 1830  388 2684 2174  972 6048 1716 1390
 2212 6695  547 3290 2237 3631 4157 4409 4289 3795 1451 2740 7110 1443
 2436 2837 7258 3741 4917 3660 3212  958 3369  770 6759 3309]",830
131,0.3372958677949428,29,2837,2231,"[2803 3640 4781 2726  810 2713 1830  388 2684 2174  972 6048 1716 1390
 2212 6695  547 3290 2237 3631 4157 4409 4289 3795 1451 2740 7110 1443
 2436 2231 7258 3741 4917 3660 3212  958 3369  770 6759 3309]",833
132,0.3375342663956607,7,388,4132,"[2803 3640 4781 2726  810 2713 1830 4132 2684 2174  972 6048 1716 1390
 2212 6695  547 3290 2237 3631 4157 4409 4289 3795 1451 2740 7110 1443
 2436 2231 7258 3741 4917 3660 3212  958 3369  770 6759 3309]",844
133,0.3407747462390769,1,3640,1406,"[2803 1406 4781 2726  810 2713 1830 4132 2684 2174  972 6048 1716 1390
 2212 6695  547 3290 2237 3631 4157 4409 4289 3795 1451 2740 7110 1443
 2436 2231 7258 3741 4917 3660 3212  958 3369  770 6759 3309]",827
134,0.34233887467107194,7,4132,3785,"[2803 1406 4781 2726  810 2713 1830 3785 2684 2174  972 6048 1716 1390
 2212 6695  547 3290 2237 3631 4157 4409 4289 3795 1451 2740 7110 1443
 2436 2231 7258 3741 4917 3660 3212  958 3369  770 6759 3309]",850
135,0.3488228613978096,12,1716,2109,"[2803 1406 4781 2726  810 2713 1830 3785 2684 2174  972 6048 2109 1390
 2212 6695  547 3290 2237 3631 4157 4409 4289 3795 1451 2740 7110 1443
 2436 2231 7258 3741 4917 3660 3212  958 3369  770 6759 3309]",802
136,0.3408420620232154,38,6759,731,"[2803 1406 4781 2726  810 2713 1830 3785 2684 2174  972 6048 2109 1390
 2212 6695  547 3290 2237 3631 4157 4409 4289 3795 1451 2740 7110 1443
 2436 2231 7258 3741 4917 3660 3212  958 3369  770  731 3309]",807
137,0.3454364545496747,37,770,978,"[2803 1406 4781 2726  810 2713 1830 3785 2684 2174  972 6048 2109 1390
 2212 6695  547 3290 2237 3631 4157 4409 4289 3795 1451 2740 7110 1443
 2436 2231 7258 3741 4917 3660 3212  958 3369  978  731 3309]",831
138,0.33687221042101234,0,2803,824,"[ 824 1406 4781 2726  810 2713 1830 3785 2684 2174  972 6048 2109 1390
 2212 6695  547 3290 2237 3631 4157 4409 4289 3795 1451 2740 7110 1443
 2436 2231 7258 3741 4917 3660 3212  958 3369  978  731 3309]",819
139,0.3366771905731931,0,824,822,"[ 822 1406 4781 2726  810 2713 1830 3785 2684 2174  972 6048 2109 1390
 2212 6695  547 3290 2237 3631 4157 4409 4289 3795 1451 2740 7110 1443
 2436 2231 7258 3741 4917 3660 3212  958 3369  978  731 3309]",819
140,0.34407182098572786,27,1443,2661,"[ 822 1406 4781 2726  810 2713 1830 3785 2684 2174  972 6048 2109 1390
 2212 6695  547 3290 2237 3631 4157 4409 4289 3795 1451 2740 7110 2661
 2436 2231 7258 3741 4917 3660 3212  958 3369  978  731 3309]",861
141,0.338608410539078,37,978,2335,"[ 822 1406 4781 2726  810 2713 1830 3785 2684 2174  972 6048 2109 1390
 2212 6695  547 3290 2237 3631 4157 4409 4289 3795 1451 2740 7110 2661
 2436 2231 7258 3741 4917 3660 3212  958 3369 2335  731 3309]",874
142,0.33738017272333276,27,2661,981,"[ 822 1406 4781 2726  810 2713 1830 3785 2684 2174  972 6048 2109 1390
 2212 6695  547 3290 2237 3631 4157 4409 4289 3795 1451 2740 7110  981
 2436 2231 7258 3741 4917 3660 3212  958 3369 2335  731 3309]",832
143,0.334070789448889,34,3212,4133,"[ 822 1406 4781 2726  810 2713 1830 3785 2684 2174  972 6048 2109 1390
 2212 6695  547 3290 2237 3631 4157 4409 4289 3795 1451 2740 7110  981
 2436 2231 7258 3741 4917 3660 4133  958 3369 2335  731 3309]",809
144,0.3346071383124454,32,4917,4049,"[ 822 1406 4781 2726  810 2713 1830 3785 2684 2174  972 6048 2109 1390
 2212 6695  547 3290 2237 3631 4157 4409 4289 3795 1451 2740 7110  981
 2436 2231 7258 3741 4049 3660 4133  958 3369 2335  731 3309]",800
145,0.33112727000343767,33,3660,1300,"[ 822 1406 4781 2726  810 2713 1830 3785 2684 2174  972 6048 2109 1390
 2212 6695  547 3290 2237 3631 4157 4409 4289 3795 1451 2740 7110  981
 2436 2231 7258 3741 4049 1300 4133  958 3369 2335  731 3309]",794
146,0.33950110742587153,5,2713,6688,"[ 822 1406 4781 2726  810 6688 1830 3785 2684 2174  972 6048 2109 1390
 2212 6695  547 3290 2237 3631 4157 4409 4289 3795 1451 2740 7110  981
 2436 2231 7258 3741 4049 1300 4133  958 3369 2335  731 3309]",802
147,0.33864010279399803,3,2726,2641,"[ 822 1406 4781 2641  810 6688 1830 3785 2684 2174  972 6048 2109 1390
 2212 6695  547 3290 2237 3631 4157 4409 4289 3795 1451 2740 7110  981
 2436 2231 7258 3741 4049 1300 4133  958 3369 2335  731 3309]",809
148,0.3465429083484213,15,6695,2804,"[ 822 1406 4781 2641  810 6688 1830 3785 2684 2174  972 6048 2109 1390
 2212 2804  547 3290 2237 3631 4157 4409 4289 3795 1451 2740 7110  981
 2436 2231 7258 3741 4049 1300 4133  958 3369 2335  731 3309]",821
149,0.35258247452854374,20,4157,6907,"[ 822 1406 4781 2641  810 6688 1830 3785 2684 2174  972 6048 2109 1390
 2212 2804  547 3290 2237 3631 6907 4409 4289 3795 1451 2740 7110  981
 2436 2231 7258 3741 4049 1300 4133  958 3369 2335  731 3309]",862
150,0.35583581751727184,26,7110,1907,"[ 822 1406 4781 2641  810 6688 1830 3785 2684 2174  972 6048 2109 1390
 2212 2804  547 3290 2237 3631 6907 4409 4289 3795 1451 2740 1907  981
 2436 2231 7258 3741 4049 1300 4133  958 3369 2335  731 3309]",852
151,0.3538844897353321,38,731,318,"[ 822 1406 4781 2641  810 6688 1830 3785 2684 2174  972 6048 2109 1390
 2212 2804  547 3290 2237 3631 6907 4409 4289 3795 1451 2740 1907  981
 2436 2231 7258 3741 4049 1300 4133  958 3369 2335  318 3309]",891
152,0.3566479037980118,36,3369,3083,"[ 822 1406 4781 2641  810 6688 1830 3785 2684 2174  972 6048 2109 1390
 2212 2804  547 3290 2237 3631 6907 4409 4289 3795 1451 2740 1907  981
 2436 2231 7258 3741 4049 1300 4133  958 3083 2335  318 3309]",882
153,0.3450771130582701,5,6688,804,"[ 822 1406 4781 2641  810  804 1830 3785 2684 2174  972 6048 2109 1390
 2212 2804  547 3290 2237 3631 6907 4409 4289 3795 1451 2740 1907  981
 2436 2231 7258 3741 4049 1300 4133  958 3083 2335  318 3309]",899
154,0.3484273088992872,25,2740,1682,"[ 822 1406 4781 2641  810  804 1830 3785 2684 2174  972 6048 2109 1390
 2212 2804  547 3290 2237 3631 6907 4409 4289 3795 1451 1682 1907  981
 2436 2231 7258 3741 4049 1300 4133  958 3083 2335  318 3309]",895
155,0.3487666695253542,29,2231,7110,"[ 822 1406 4781 2641  810  804 1830 3785 2684 2174  972 6048 2109 1390
 2212 2804  547 3290 2237 3631 6907 4409 4289 3795 1451 1682 1907  981
 2436 7110 7258 3741 4049 1300 4133  958 3083 2335  318 3309]",916
156,0.34464544322842006,16,547,3247,"[ 822 1406 4781 2641  810  804 1830 3785 2684 2174  972 6048 2109 1390
 2212 2804 3247 3290 2237 3631 6907 4409 4289 3795 1451 1682 1907  981
 2436 7110 7258 3741 4049 1300 4133  958 3083 2335  318 3309]",919
157,0.3397573019283597,7,3785,4281,"[ 822 1406 4781 2641  810  804 1830 4281 2684 2174  972 6048 2109 1390
 2212 2804 3247 3290 2237 3631 6907 4409 4289 3795 1451 1682 1907  981
 2436 7110 7258 3741 4049 1300 4133  958 3083 2335  318 3309]",914
158,0.3467427029228255,37,2335,2864,"[ 822 1406 4781 2641  810  804 1830 4281 2684 2174  972 6048 2109 1390
 2212 2804 3247 3290 2237 3631 6907 4409 4289 3795 1451 1682 1907  981
 2436 7110 7258 3741 4049 1300 4133  958 3083 2864  318 3309]",920
159,0.3452566999908028,25,1682,333,"[ 822 1406 4781 2641  810  804 1830 4281 2684 2174  972 6048 2109 1390
 2212 2804 3247 3290 2237 3631 6907 4409 4289 3795 1451  333 1907  981
 2436 7110 7258 3741 4049 1300 4133  958 3083 2864  318 3309]",932
160,0.34488191613754515,31,3741,1541,"[ 822 1406 4781 2641  810  804 1830 4281 2684 2174  972 6048 2109 1390
 2212 2804 3247 3290 2237 3631 6907 4409 4289 3795 1451  333 1907  981
 2436 7110 7258 1541 4049 1300 4133  958 3083 2864  318 3309]",939
161,0.34433429284325623,11,6048,6049,"[ 822 1406 4781 2641  810  804 1830 4281 2684 2174  972 6049 2109 1390
 2212 2804 3247 3290 2237 3631 6907 4409 4289 3795 1451  333 1907  981
 2436 7110 7258 1541 4049 1300 4133  958 3083 2864  318 3309]",1020
162,0.344769829872821,33,1300,2157,"[ 822 1406 4781 2641  810  804 1830 4281 2684 2174  972 6049 2109 1390
 2212 2804 3247 3290 2237 3631 6907 4409 4289 3795 1451  333 1907  981
 2436 7110 7258 1541 4049 2157 4133  958 3083 2864  318 3309]",959
163,0.34493506762645554,13,1390,3674,"[ 822 1406 4781 2641  810  804 1830 4281 2684 2174  972 6049 2109 3674
 2212 2804 3247 3290 2237 3631 6907 4409 4289 3795 1451  333 1907  981
 2436 7110 7258 1541 4049 2157 4133  958 3083 2864  318 3309]",961
164,0.34609970520527056,21,4409,6399,"[ 822 1406 4781 2641  810  804 1830 4281 2684 2174  972 6049 2109 3674
 2212 2804 3247 3290 2237 3631 6907 6399 4289 3795 1451  333 1907  981
 2436 7110 7258 1541 4049 2157 4133  958 3083 2864  318 3309]",953
165,0.3376077477816051,30,7258,2602,"[ 822 1406 4781 2641  810  804 1830 4281 2684 2174  972 6049 2109 3674
 2212 2804 3247 3290 2237 3631 6907 6399 4289 3795 1451  333 1907  981
 2436 7110 2602 1541 4049 2157 4133  958 3083 2864  318 3309]",915
166,0.33723017666612637,24,1451,1728,"[ 822 1406 4781 2641  810  804 1830 4281 2684 2174  972 6049 2109 3674
 2212 2804 3247 3290 2237 3631 6907 6399 4289 3795 1728  333 1907  981
 2436 7110 2602 1541 4049 2157 4133  958 3083 2864  318 3309]",938
167,0.33655566466578357,37,2864,3641,"[ 822 1406 4781 2641  810  804 1830 4281 2684 2174  972 6049 2109 3674
 2212 2804 3247 3290 2237 3631 6907 6399 4289 3795 1728  333 1907  981
 2436 7110 2602 1541 4049 2157 4133  958 3083 3641  318 3309]",878
168,0.324146775503715,17,3290,4480,"[ 822 1406 4781 2641  810  804 1830 4281 2684 2174  972 6049 2109 3674
 2212 2804 3247 4480 2237 3631 6907 6399 4289 3795 1728  333 1907  981
 2436 7110 2602 1541 4049 2157 4133  958 3083 3641  318 3309]",869
169,0.3284912936789672,10,972,1391,"[ 822 1406 4781 2641  810  804 1830 4281 2684 2174 1391 6049 2109 3674
 2212 2804 3247 4480 2237 3631 6907 6399 4289 3795 1728  333 1907  981
 2436 7110 2602 1541 4049 2157 4133  958 3083 3641  318 3309]",862
170,0.324523510430388,18,2237,1665,"[ 822 1406 4781 2641  810  804 1830 4281 2684 2174 1391 6049 2109 3674
 2212 2804 3247 4480 1665 3631 6907 6399 4289 3795 1728  333 1907  981
 2436 7110 2602 1541 4049 2157 4133  958 3083 3641  318 3309]",853
171,0.3200913132803217,39,3309,3872,"[ 822 1406 4781 2641  810  804 1830 4281 2684 2174 1391 6049 2109 3674
 2212 2804 3247 4480 1665 3631 6907 6399 4289 3795 1728  333 1907  981
 2436 7110 2602 1541 4049 2157 4133  958 3083 3641  318 3872]",868
172,0.31879981024936643,29,7110,973,"[ 822 1406 4781 2641  810  804 1830 4281 2684 2174 1391 6049 2109 3674
 2212 2804 3247 4480 1665 3631 6907 6399 4289 3795 1728  333 1907  981
 2436  973 2602 1541 4049 2157 4133  958 3083 3641  318 3872]",884
173,0.3214134037072272,35,958,3362,"[ 822 1406 4781 2641  810  804 1830 4281 2684 2174 1391 6049 2109 3674
 2212 2804 3247 4480 1665 3631 6907 6399 4289 3795 1728  333 1907  981
 2436  973 2602 1541 4049 2157 4133 3362 3083 3641  318 3872]",866
174,0.3221227155754627,2,4781,1305,"[ 822 1406 1305 2641  810  804 1830 4281 2684 2174 1391 6049 2109 3674
 2212 2804 3247 4480 1665 3631 6907 6399 4289 3795 1728  333 1907  981
 2436  973 2602 1541 4049 2157 4133 3362 3083 3641  318 3872]",884
175,0.3242247718887402,7,4281,2694,"[ 822 1406 1305 2641  810  804 1830 2694 2684 2174 1391 6049 2109 3674
 2212 2804 3247 4480 1665 3631 6907 6399 4289 3795 1728  333 1907  981
 2436  973 2602 1541 4049 2157 4133 3362 3083 3641  318 3872]",904
176,0.3260158014673511,32,4049,1787,"[ 822 1406 1305 2641  810  804 1830 2694 2684 2174 1391 6049 2109 3674
 2212 2804 3247 4480 1665 3631 6907 6399 4289 3795 1728  333 1907  981
 2436  973 2602 1541 1787 2157 4133 3362 3083 3641  318 3872]",865
177,0.3160464948261805,36,3083,2097,"[ 822 1406 1305 2641  810  804 1830 2694 2684 2174 1391 6049 2109 3674
 2212 2804 3247 4480 1665 3631 6907 6399 4289 3795 1728  333 1907  981
 2436  973 2602 1541 1787 2157 4133 3362 2097 3641  318 3872]",884
178,0.3208315092065389,36,2097,2867,"[ 822 1406 1305 2641  810  804 1830 2694 2684 2174 1391 6049 2109 3674
 2212 2804 3247 4480 1665 3631 6907 6399 4289 3795 1728  333 1907  981
 2436  973 2602 1541 1787 2157 4133 3362 2867 3641  318 3872]",884
179,0.30327189610735716,23,3795,1369,"[ 822 1406 1305 2641  810  804 1830 2694 2684 2174 1391 6049 2109 3674
 2212 2804 3247 4480 1665 3631 6907 6399 4289 1369 1728  333 1907  981
 2436  973 2602 1541 1787 2157 4133 3362 2867 3641  318 3872]",885
180,0.3060581870571279,6,1830,410,"[ 822 1406 1305 2641  810  804  410 2694 2684 2174 1391 6049 2109 3674
 2212 2804 3247 4480 1665 3631 6907 6399 4289 1369 1728  333 1907  981
 2436  973 2602 1541 1787 2157 4133 3362 2867 3641  318 3872]",879
181,0.3058156078949662,28,2436,2222,"[ 822 1406 1305 2641  810  804  410 2694 2684 2174 1391 6049 2109 3674
 2212 2804 3247 4480 1665 3631 6907 6399 4289 1369 1728  333 1907  981
 2222  973 2602 1541 1787 2157 4133 3362 2867 3641  318 3872]",880
182,0.30872392123097214,2,1305,1171,"[ 822 1406 1171 2641  810  804  410 2694 2684 2174 1391 6049 2109 3674
 2212 2804 3247 4480 1665 3631 6907 6399 4289 1369 1728  333 1907  981
 2222  973 2602 1541 1787 2157 4133 3362 2867 3641  318 3872]",855
183,0.3123245673200522,17,4480,4141,"[ 822 1406 1171 2641  810  804  410 2694 2684 2174 1391 6049 2109 3674
 2212 2804 3247 4141 1665 3631 6907 6399 4289 1369 1728  333 1907  981
 2222  973 2602 1541 1787 2157 4133 3362 2867 3641  318 3872]",901
184,0.32437147122103444,23,1369,3306,"[ 822 1406 1171 2641  810  804  410 2694 2684 2174 1391 6049 2109 3674
 2212 2804 3247 4141 1665 3631 6907 6399 4289 3306 1728  333 1907  981
 2222  973 2602 1541 1787 2157 4133 3362 2867 3641  318 3872]",889
185,0.32387306817298533,33,2157,3526,"[ 822 1406 1171 2641  810  804  410 2694 2684 2174 1391 6049 2109 3674
 2212 2804 3247 4141 1665 3631 6907 6399 4289 3306 1728  333 1907  981
 2222  973 2602 1541 1787 3526 4133 3362 2867 3641  318 3872]",854
186,0.3235630398575532,12,2109,7040,"[ 822 1406 1171 2641  810  804  410 2694 2684 2174 1391 6049 7040 3674
 2212 2804 3247 4141 1665 3631 6907 6399 4289 3306 1728  333 1907  981
 2222  973 2602 1541 1787 3526 4133 3362 2867 3641  318 3872]",864
187,0.31486769779229556,31,1541,1306,"[ 822 1406 1171 2641  810  804  410 2694 2684 2174 1391 6049 7040 3674
 2212 2804 3247 4141 1665 3631 6907 6399 4289 3306 1728  333 1907  981
 2222  973 2602 1306 1787 3526 4133 3362 2867 3641  318 3872]",824
188,0.31584226118107955,34,4133,1972,"[ 822 1406 1171 2641  810  804  410 2694 2684 2174 1391 6049 7040 3674
 2212 2804 3247 4141 1665 3631 6907 6399 4289 3306 1728  333 1907  981
 2222  973 2602 1306 1787 3526 1972 3362 2867 3641  318 3872]",870
189,0.31240441307279326,35,3362,2333,"[ 822 1406 1171 2641  810  804  410 2694 2684 2174 1391 6049 7040 3674
 2212 2804 3247 4141 1665 3631 6907 6399 4289 3306 1728  333 1907  981
 2222  973 2602 1306 1787 3526 1972 2333 2867 3641  318 3872]",861
190,0.31864264397191555,9,2174,3363,"[ 822 1406 1171 2641  810  804  410 2694 2684 3363 1391 6049 7040 3674
 2212 2804 3247 4141 1665 3631 6907 6399 4289 3306 1728  333 1907  981
 2222  973 2602 1306 1787 3526 1972 2333 2867 3641  318 3872]",926
191,0.31293265673579784,37,3641,1539,"[ 822 1406 1171 2641  810  804  410 2694 2684 3363 1391 6049 7040 3674
 2212 2804 3247 4141 1665 3631 6907 6399 4289 3306 1728  333 1907  981
 2222  973 2602 1306 1787 3526 1972 2333 2867 1539  318 3872]",925
192,0.3245998560949241,16,3247,2376,"[ 822 1406 1171 2641  810  804  410 2694 2684 3363 1391 6049 7040 3674
 2212 2804 2376 4141 1665 3631 6907 6399 4289 3306 1728  333 1907  981
 2222  973 2602 1306 1787 3526 1972 2333 2867 1539  318 3872]",919
193,0.3290277840896542,37,1539,1752,"[ 822 1406 1171 2641  810  804  410 2694 2684 3363 1391 6049 7040 3674
 2212 2804 2376 4141 1665 3631 6907 6399 4289 3306 1728  333 1907  981
 2222  973 2602 1306 1787 3526 1972 2333 2867 1752  318 3872]",896
194,0.32694323985169516,20,6907,6908,"[ 822 1406 1171 2641  810  804  410 2694 2684 3363 1391 6049 7040 3674
 2212 2804 2376 4141 1665 3631 6908 6399 4289 3306 1728  333 1907  981
 2222  973 2602 1306 1787 3526 1972 2333 2867 1752  318 3872]",933
195,0.3265843598595953,4,810,6618,"[ 822 1406 1171 2641 6618  804  410 2694 2684 3363 1391 6049 7040 3674
 2212 2804 2376 4141 1665 3631 6908 6399 4289 3306 1728  333 1907  981
 2222  973 2602 1306 1787 3526 1972 2333 2867 1752  318 3872]",859
196,0.32903620330228994,2,1171,815,"[ 822 1406  815 2641 6618  804  410 2694 2684 3363 1391 6049 7040 3674
 2212 2804 2376 4141 1665 3631 6908 6399 4289 3306 1728  333 1907  981
 2222  973 2602 1306 1787 3526 1972 2333 2867 1752  318 3872]",869
197,0.32750903261695286,33,3526,4847,"[ 822 1406  815 2641 6618  804  410 2694 2684 3363 1391 6049 7040 3674
 2212 2804 2376 4141 1665 3631 6908 6399 4289 3306 1728  333 1907  981
 2222  973 2602 1306 1787 4847 1972 2333 2867 1752  318 3872]",873
198,0.3303174389425728,33,4847,7401,"[ 822 1406  815 2641 6618  804  410 2694 2684 3363 1391 6049 7040 3674
 2212 2804 2376 4141 1665 3631 6908 6399 4289 3306 1728  333 1907  981
 2222  973 2602 1306 1787 7401 1972 2333 2867 1752  318 3872]",873
199,0.3298425197605651,12,7040,4133,"[ 822 1406  815 2641 6618  804  410 2694 2684 3363 1391 6049 4133 3674
 2212 2804 2376 4141 1665 3631 6908 6399 4289 3306 1728  333 1907  981
 2222  973 2602 1306 1787 7401 1972 2333 2867 1752  318 3872]",896
200,0.33616735014982774,32,1787,3642,"[ 822 1406  815 2641 6618  804  410 2694 2684 3363 1391 6049 4133 3674
 2212 2804 2376 4141 1665 3631 6908 6399 4289 3306 1728  333 1907  981
 2222  973 2602 1306 3642 7401 1972 2333 2867 1752  318 3872]",841
201,0.3404074760341279,24,1728,1885,"[ 822 1406  815 2641 6618  804  410 2694 2684 3363 1391 6049 4133 3674
 2212 2804 2376 4141 1665 3631 6908 6399 4289 3306 1885  333 1907  981
 2222  973 2602 1306 3642 7401 1972 2333 2867 1752  318 3872]",845
202,0.34338729163274273,31,1306,3369,"[ 822 1406  815 2641 6618  804  410 2694 2684 3363 1391 6049 4133 3674
 2212 2804 2376 4141 1665 3631 6908 6399 4289 3306 1885  333 1907  981
 2222  973 2602 3369 3642 7401 1972 2333 2867 1752  318 3872]",846
203,0.33992868123000153,12,4133,5475,"[ 822 1406  815 2641 6618  804  410 2694 2684 3363 1391 6049 5475 3674
 2212 2804 2376 4141 1665 3631 6908 6399 4289 3306 1885  333 1907  981
 2222  973 2602 3369 3642 7401 1972 2333 2867 1752  318 3872]",885
204,0.3307670418077703,20,6908,3244,"[ 822 1406  815 2641 6618  804  410 2694 2684 3363 1391 6049 5475 3674
 2212 2804 2376 4141 1665 3631 3244 6399 4289 3306 1885  333 1907  981
 2222  973 2602 3369 3642 7401 1972 2333 2867 1752  318 3872]",865
205,0.3283703665971572,31,3369,4060,"[ 822 1406  815 2641 6618  804  410 2694 2684 3363 1391 6049 5475 3674
 2212 2804 2376 4141 1665 3631 3244 6399 4289 3306 1885  333 1907  981
 2222  973 2602 4060 3642 7401 1972 2333 2867 1752  318 3872]",834
206,0.3203928037311988,15,2804,2790,"[ 822 1406  815 2641 6618  804  410 2694 2684 3363 1391 6049 5475 3674
 2212 2790 2376 4141 1665 3631 3244 6399 4289 3306 1885  333 1907  981
 2222  973 2602 4060 3642 7401 1972 2333 2867 1752  318 3872]",810
207,0.32790190555373866,2,815,2945,"[ 822 1406 2945 2641 6618  804  410 2694 2684 3363 1391 6049 5475 3674
 2212 2790 2376 4141 1665 3631 3244 6399 4289 3306 1885  333 1907  981
 2222  973 2602 4060 3642 7401 1972 2333 2867 1752  318 3872]",838
208,0.3255733671152831,5,804,1242,"[ 822 1406 2945 2641 6618 1242  410 2694 2684 3363 1391 6049 5475 3674
 2212 2790 2376 4141 1665 3631 3244 6399 4289 3306 1885  333 1907  981
 2222  973 2602 4060 3642 7401 1972 2333 2867 1752  318 3872]",903
209,0.3214313875970681,24,1885,1796,"[ 822 1406 2945 2641 6618 1242  410 2694 2684 3363 1391 6049 5475 3674
 2212 2790 2376 4141 1665 3631 3244 6399 4289 3306 1796  333 1907  981
 2222  973 2602 4060 3642 7401 1972 2333 2867 1752  318 3872]",906
210,0.31362893093649974,9,3363,2099,"[ 822 1406 2945 2641 6618 1242  410 2694 2684 2099 1391 6049 5475 3674
 2212 2790 2376 4141 1665 3631 3244 6399 4289 3306 1796  333 1907  981
 2222  973 2602 4060 3642 7401 1972 2333 2867 1752  318 3872]",897
211,0.3106735054275112,29,973,1372,"[ 822 1406 2945 2641 6618 1242  410 2694 2684 2099 1391 6049 5475 3674
 2212 2790 2376 4141 1665 3631 3244 6399 4289 3306 1796  333 1907  981
 2222 1372 2602 4060 3642 7401 1972 2333 2867 1752  318 3872]",895
212,0.31035793210206636,13,3674,3675,"[ 822 1406 2945 2641 6618 1242  410 2694 2684 2099 1391 6049 5475 3675
 2212 2790 2376 4141 1665 3631 3244 6399 4289 3306 1796  333 1907  981
 2222 1372 2602 4060 3642 7401 1972 2333 2867 1752  318 3872]",906
213,0.3146555671860714,9,2099,7051,"[ 822 1406 2945 2641 6618 1242  410 2694 2684 7051 1391 6049 5475 3675
 2212 2790 2376 4141 1665 3631 3244 6399 4289 3306 1796  333 1907  981
 2222 1372 2602 4060 3642 7401 1972 2333 2867 1752  318 3872]",895
214,0.31492218875577427,11,6049,6048,"[ 822 1406 2945 2641 6618 1242  410 2694 2684 7051 1391 6048 5475 3675
 2212 2790 2376 4141 1665 3631 3244 6399 4289 3306 1796  333 1907  981
 2222 1372 2602 4060 3642 7401 1972 2333 2867 1752  318 3872]",913
215,0.31517603599658234,34,1972,1900,"[ 822 1406 2945 2641 6618 1242  410 2694 2684 7051 1391 6048 5475 3675
 2212 2790 2376 4141 1665 3631 3244 6399 4289 3306 1796  333 1907  981
 2222 1372 2602 4060 3642 7401 1900 2333 2867 1752  318 3872]",890
216,0.3272073203048154,19,3631,3291,"[ 822 1406 2945 2641 6618 1242  410 2694 2684 7051 1391 6048 5475 3675
 2212 2790 2376 4141 1665 3291 3244 6399 4289 3306 1796  333 1907  981
 2222 1372 2602 4060 3642 7401 1900 2333 2867 1752  318 3872]",935
217,0.33357240683293515,38,318,3439,"[ 822 1406 2945 2641 6618 1242  410 2694 2684 7051 1391 6048 5475 3675
 2212 2790 2376 4141 1665 3291 3244 6399 4289 3306 1796  333 1907  981
 2222 1372 2602 4060 3642 7401 1900 2333 2867 1752 3439 3872]",967
218,0.33042119534370196,33,7401,4407,"[ 822 1406 2945 2641 6618 1242  410 2694 2684 7051 1391 6048 5475 3675
 2212 2790 2376 4141 1665 3291 3244 6399 4289 3306 1796  333 1907  981
 2222 1372 2602 4060 3642 4407 1900 2333 2867 1752 3439 3872]",976
219,0.3263883856595045,22,4289,3739,"[ 822 1406 2945 2641 6618 1242  410 2694 2684 7051 1391 6048 5475 3675
 2212 2790 2376 4141 1665 3291 3244 6399 3739 3306 1796  333 1907  981
 2222 1372 2602 4060 3642 4407 1900 2333 2867 1752 3439 3872]",984
220,0.3242624247604035,21,6399,916,"[ 822 1406 2945 2641 6618 1242  410 2694 2684 7051 1391 6048 5475 3675
 2212 2790 2376 4141 1665 3291 3244  916 3739 3306 1796  333 1907  981
 2222 1372 2602 4060 3642 4407 1900 2333 2867 1752 3439 3872]",980
221,0.3306216749678173,7,2694,811,"[ 822 1406 2945 2641 6618 1242  410  811 2684 7051 1391 6048 5475 3675
 2212 2790 2376 4141 1665 3291 3244  916 3739 3306 1796  333 1907  981
 2222 1372 2602 4060 3642 4407 1900 2333 2867 1752 3439 3872]",1008
222,0.33504846920467524,29,1372,4294,"[ 822 1406 2945 2641 6618 1242  410  811 2684 7051 1391 6048 5475 3675
 2212 2790 2376 4141 1665 3291 3244  916 3739 3306 1796  333 1907  981
 2222 4294 2602 4060 3642 4407 1900 2333 2867 1752 3439 3872]",978
223,0.3358385572995458,20,3244,831,"[ 822 1406 2945 2641 6618 1242  410  811 2684 7051 1391 6048 5475 3675
 2212 2790 2376 4141 1665 3291  831  916 3739 3306 1796  333 1907  981
 2222 4294 2602 4060 3642 4407 1900 2333 2867 1752 3439 3872]",955
224,0.33763662284514506,34,1900,3138,"[ 822 1406 2945 2641 6618 1242  410  811 2684 7051 1391 6048 5475 3675
 2212 2790 2376 4141 1665 3291  831  916 3739 3306 1796  333 1907  981
 2222 4294 2602 4060 3642 4407 3138 2333 2867 1752 3439 3872]",940
225,0.3363655614449593,25,333,4231,"[ 822 1406 2945 2641 6618 1242  410  811 2684 7051 1391 6048 5475 3675
 2212 2790 2376 4141 1665 3291  831  916 3739 3306 1796 4231 1907  981
 2222 4294 2602 4060 3642 4407 3138 2333 2867 1752 3439 3872]",913
226,0.3356929723071596,3,2641,522,"[ 822 1406 2945  522 6618 1242  410  811 2684 7051 1391 6048 5475 3675
 2212 2790 2376 4141 1665 3291  831  916 3739 3306 1796 4231 1907  981
 2222 4294 2602 4060 3642 4407 3138 2333 2867 1752 3439 3872]",900
227,0.3373553253548876,20,831,1043,"[ 822 1406 2945  522 6618 1242  410  811 2684 7051 1391 6048 5475 3675
 2212 2790 2376 4141 1665 3291 1043  916 3739 3306 1796 4231 1907  981
 2222 4294 2602 4060 3642 4407 3138 2333 2867 1752 3439 3872]",894
228,0.3381551086723689,37,1752,7329,"[ 822 1406 2945  522 6618 1242  410  811 2684 7051 1391 6048 5475 3675
 2212 2790 2376 4141 1665 3291 1043  916 3739 3306 1796 4231 1907  981
 2222 4294 2602 4060 3642 4407 3138 2333 2867 7329 3439 3872]",918
229,0.3456025594793269,6,410,2174,"[ 822 1406 2945  522 6618 1242 2174  811 2684 7051 1391 6048 5475 3675
 2212 2790 2376 4141 1665 3291 1043  916 3739 3306 1796 4231 1907  981
 2222 4294 2602 4060 3642 4407 3138 2333 2867 7329 3439 3872]",943
230,0.34364820228348364,32,3642,3714,"[ 822 1406 2945  522 6618 1242 2174  811 2684 7051 1391 6048 5475 3675
 2212 2790 2376 4141 1665 3291 1043  916 3739 3306 1796 4231 1907  981
 2222 4294 2602 4060 3714 4407 3138 2333 2867 7329 3439 3872]",899
231,0.3448206762824577,39,3872,7037,"[ 822 1406 2945  522 6618 1242 2174  811 2684 7051 1391 6048 5475 3675
 2212 2790 2376 4141 1665 3291 1043  916 3739 3306 1796 4231 1907  981
 2222 4294 2602 4060 3714 4407 3138 2333 2867 7329 3439 7037]",893
232,0.34706302920042137,31,4060,1542,"[ 822 1406 2945  522 6618 1242 2174  811 2684 7051 1391 6048 5475 3675
 2212 2790 2376 4141 1665 3291 1043  916 3739 3306 1796 4231 1907  981
 2222 4294 2602 1542 3714 4407 3138 2333 2867 7329 3439 7037]",931
233,0.34039279563079605,28,2222,486,"[ 822 1406 2945  522 6618 1242 2174  811 2684 7051 1391 6048 5475 3675
 2212 2790 2376 4141 1665 3291 1043  916 3739 3306 1796 4231 1907  981
  486 4294 2602 1542 3714 4407 3138 2333 2867 7329 3439 7037]",928
234,0.34120955492966876,23,3306,3238,"[ 822 1406 2945  522 6618 1242 2174  811 2684 7051 1391 6048 5475 3675
 2212 2790 2376 4141 1665 3291 1043  916 3739 3238 1796 4231 1907  981
  486 4294 2602 1542 3714 4407 3138 2333 2867 7329 3439 7037]",958
235,0.34221164192658055,6,2174,2253,"[ 822 1406 2945  522 6618 1242 2253  811 2684 7051 1391 6048 5475 3675
 2212 2790 2376 4141 1665 3291 1043  916 3739 3238 1796 4231 1907  981
  486 4294 2602 1542 3714 4407 3138 2333 2867 7329 3439 7037]",957
236,0.34392172787193265,6,2253,2254,"[ 822 1406 2945  522 6618 1242 2254  811 2684 7051 1391 6048 5475 3675
 2212 2790 2376 4141 1665 3291 1043  916 3739 3238 1796 4231 1907  981
  486 4294 2602 1542 3714 4407 3138 2333 2867 7329 3439 7037]",957
237,0.33771870283544986,19,3291,2367,"[ 822 1406 2945  522 6618 1242 2254  811 2684 7051 1391 6048 5475 3675
 2212 2790 2376 4141 1665 2367 1043  916 3739 3238 1796 4231 1907  981
  486 4294 2602 1542 3714 4407 3138 2333 2867 7329 3439 7037]",925
238,0.3412210930128855,18,1665,3704,"[ 822 1406 2945  522 6618 1242 2254  811 2684 7051 1391 6048 5475 3675
 2212 2790 2376 4141 3704 2367 1043  916 3739 3238 1796 4231 1907  981
  486 4294 2602 1542 3714 4407 3138 2333 2867 7329 3439 7037]",957
239,0.34503047842894424,36,2867,2172,"[ 822 1406 2945  522 6618 1242 2254  811 2684 7051 1391 6048 5475 3675
 2212 2790 2376 4141 3704 2367 1043  916 3739 3238 1796 4231 1907  981
  486 4294 2602 1542 3714 4407 3138 2333 2172 7329 3439 7037]",890
240,0.3552701758012117,31,1542,2938,"[ 822 1406 2945  522 6618 1242 2254  811 2684 7051 1391 6048 5475 3675
 2212 2790 2376 4141 3704 2367 1043  916 3739 3238 1796 4231 1907  981
  486 4294 2602 2938 3714 4407 3138 2333 2172 7329 3439 7037]",857
241,0.35403653260529533,5,1242,622,"[ 822 1406 2945  522 6618  622 2254  811 2684 7051 1391 6048 5475 3675
 2212 2790 2376 4141 3704 2367 1043  916 3739 3238 1796 4231 1907  981
  486 4294 2602 2938 3714 4407 3138 2333 2172 7329 3439 7037]",883
242,0.3487018193575429,37,7329,1227,"[ 822 1406 2945  522 6618  622 2254  811 2684 7051 1391 6048 5475 3675
 2212 2790 2376 4141 3704 2367 1043  916 3739 3238 1796 4231 1907  981
  486 4294 2602 2938 3714 4407 3138 2333 2172 1227 3439 7037]",884
243,0.3560876060709462,28,486,3517,"[ 822 1406 2945  522 6618  622 2254  811 2684 7051 1391 6048 5475 3675
 2212 2790 2376 4141 3704 2367 1043  916 3739 3238 1796 4231 1907  981
 3517 4294 2602 2938 3714 4407 3138 2333 2172 1227 3439 7037]",849
244,0.3502553088736647,3,522,1685,"[ 822 1406 2945 1685 6618  622 2254  811 2684 7051 1391 6048 5475 3675
 2212 2790 2376 4141 3704 2367 1043  916 3739 3238 1796 4231 1907  981
 3517 4294 2602 2938 3714 4407 3138 2333 2172 1227 3439 7037]",877
245,0.3459675542219646,36,2172,2641,"[ 822 1406 2945 1685 6618  622 2254  811 2684 7051 1391 6048 5475 3675
 2212 2790 2376 4141 3704 2367 1043  916 3739 3238 1796 4231 1907  981
 3517 4294 2602 2938 3714 4407 3138 2333 2641 1227 3439 7037]",909
246,0.35099735095930745,30,2602,1737,"[ 822 1406 2945 1685 6618  622 2254  811 2684 7051 1391 6048 5475 3675
 2212 2790 2376 4141 3704 2367 1043  916 3739 3238 1796 4231 1907  981
 3517 4294 1737 2938 3714 4407 3138 2333 2641 1227 3439 7037]",971
247,0.3523377682947626,29,4294,4290,"[ 822 1406 2945 1685 6618  622 2254  811 2684 7051 1391 6048 5475 3675
 2212 2790 2376 4141 3704 2367 1043  916 3739 3238 1796 4231 1907  981
 3517 4290 1737 2938 3714 4407 3138 2333 2641 1227 3439 7037]",959
248,0.3515533559758818,35,2333,1313,"[ 822 1406 2945 1685 6618  622 2254  811 2684 7051 1391 6048 5475 3675
 2212 2790 2376 4141 3704 2367 1043  916 3739 3238 1796 4231 1907  981
 3517 4290 1737 2938 3714 4407 3138 1313 2641 1227 3439 7037]",904
249,0.34539157339517595,31,2938,2028,"[ 822 1406 2945 1685 6618  622 2254  811 2684 7051 1391 6048 5475 3675
 2212 2790 2376 4141 3704 2367 1043  916 3739 3238 1796 4231 1907  981
 3517 4290 1737 2028 3714 4407 3138 1313 2641 1227 3439 7037]",903
250,0.34307520584522205,14,2212,802,"[ 822 1406 2945 1685 6618  622 2254  811 2684 7051 1391 6048 5475 3675
  802 2790 2376 4141 3704 2367 1043  916 3739 3238 1796 4231 1907  981
 3517 4290 1737 2028 3714 4407 3138 1313 2641 1227 3439 7037]",895
251,0.33897191642680025,38,3439,7044,"[ 822 1406 2945 1685 6618  622 2254  811 2684 7051 1391 6048 5475 3675
  802 2790 2376 4141 3704 2367 1043  916 3739 3238 1796 4231 1907  981
 3517 4290 1737 2028 3714 4407 3138 1313 2641 1227 7044 7037]",903
252,0.3390785322237764,5,622,2867,"[ 822 1406 2945 1685 6618 2867 2254  811 2684 7051 1391 6048 5475 3675
  802 2790 2376 4141 3704 2367 1043  916 3739 3238 1796 4231 1907  981
 3517 4290 1737 2028 3714 4407 3138 1313 2641 1227 7044 7037]",935
253,0.3350439715875744,29,4290,3940,"[ 822 1406 2945 1685 6618 2867 2254  811 2684 7051 1391 6048 5475 3675
  802 2790 2376 4141 3704 2367 1043  916 3739 3238 1796 4231 1907  981
 3517 3940 1737 2028 3714 4407 3138 1313 2641 1227 7044 7037]",991
254,0.34126329627522745,15,2790,3292,"[ 822 1406 2945 1685 6618 2867 2254  811 2684 7051 1391 6048 5475 3675
  802 3292 2376 4141 3704 2367 1043  916 3739 3238 1796 4231 1907  981
 3517 3940 1737 2028 3714 4407 3138 1313 2641 1227 7044 7037]",950
255,0.34831148821444047,37,1227,4219,"[ 822 1406 2945 1685 6618 2867 2254  811 2684 7051 1391 6048 5475 3675
  802 3292 2376 4141 3704 2367 1043  916 3739 3238 1796 4231 1907  981
 3517 3940 1737 2028 3714 4407 3138 1313 2641 4219 7044 7037]",936
256,0.33985620426288643,37,4219,2455,"[ 822 1406 2945 1685 6618 2867 2254  811 2684 7051 1391 6048 5475 3675
  802 3292 2376 4141 3704 2367 1043  916 3739 3238 1796 4231 1907  981
 3517 3940 1737 2028 3714 4407 3138 1313 2641 2455 7044 7037]",936
257,0.33767209474420856,5,2867,6612,"[ 822 1406 2945 1685 6618 6612 2254  811 2684 7051 1391 6048 5475 3675
  802 3292 2376 4141 3704 2367 1043  916 3739 3238 1796 4231 1907  981
 3517 3940 1737 2028 3714 4407 3138 1313 2641 2455 7044 7037]",903
258,0.33863239144886814,15,3292,3439,"[ 822 1406 2945 1685 6618 6612 2254  811 2684 7051 1391 6048 5475 3675
  802 3439 2376 4141 3704 2367 1043  916 3739 3238 1796 4231 1907  981
 3517 3940 1737 2028 3714 4407 3138 1313 2641 2455 7044 7037]",948
259,0.33862398078796474,33,4407,545,"[ 822 1406 2945 1685 6618 6612 2254  811 2684 7051 1391 6048 5475 3675
  802 3439 2376 4141 3704 2367 1043  916 3739 3238 1796 4231 1907  981
 3517 3940 1737 2028 3714  545 3138 1313 2641 2455 7044 7037]",977
260,0.33969029418055263,38,7044,4505,"[ 822 1406 2945 1685 6618 6612 2254  811 2684 7051 1391 6048 5475 3675
  802 3439 2376 4141 3704 2367 1043  916 3739 3238 1796 4231 1907  981
 3517 3940 1737 2028 3714  545 3138 1313 2641 2455 4505 7037]",950
261,0.3413251214431485,35,1313,1161,"[ 822 1406 2945 1685 6618 6612 2254  811 2684 7051 1391 6048 5475 3675
  802 3439 2376 4141 3704 2367 1043  916 3739 3238 1796 4231 1907  981
 3517 3940 1737 2028 3714  545 3138 1161 2641 2455 4505 7037]",916
262,0.3561119740826384,25,4231,3010,"[ 822 1406 2945 1685 6618 6612 2254  811 2684 7051 1391 6048 5475 3675
  802 3439 2376 4141 3704 2367 1043  916 3739 3238 1796 3010 1907  981
 3517 3940 1737 2028 3714  545 3138 1161 2641 2455 4505 7037]",919
263,0.35371051007275595,1,1406,248,"[ 822  248 2945 1685 6618 6612 2254  811 2684 7051 1391 6048 5475 3675
  802 3439 2376 4141 3704 2367 1043  916 3739 3238 1796 3010 1907  981
 3517 3940 1737 2028 3714  545 3138 1161 2641 2455 4505 7037]",889
264,0.34989056296446513,27,981,1964,"[ 822  248 2945 1685 6618 6612 2254  811 2684 7051 1391 6048 5475 3675
  802 3439 2376 4141 3704 2367 1043  916 3739 3238 1796 3010 1907 1964
 3517 3940 1737 2028 3714  545 3138 1161 2641 2455 4505 7037]",905
265,0.3497595834631705,28,3517,1195,"[ 822  248 2945 1685 6618 6612 2254  811 2684 7051 1391 6048 5475 3675
  802 3439 2376 4141 3704 2367 1043  916 3739 3238 1796 3010 1907 1964
 1195 3940 1737 2028 3714  545 3138 1161 2641 2455 4505 7037]",902
266,0.3522350851070817,33,545,2213,"[ 822  248 2945 1685 6618 6612 2254  811 2684 7051 1391 6048 5475 3675
  802 3439 2376 4141 3704 2367 1043  916 3739 3238 1796 3010 1907 1964
 1195 3940 1737 2028 3714 2213 3138 1161 2641 2455 4505 7037]",909
267,0.3547012631588585,12,5475,1171,"[ 822  248 2945 1685 6618 6612 2254  811 2684 7051 1391 6048 1171 3675
  802 3439 2376 4141 3704 2367 1043  916 3739 3238 1796 3010 1907 1964
 1195 3940 1737 2028 3714 2213 3138 1161 2641 2455 4505 7037]",918
268,0.3536803346156643,17,4141,7256,"[ 822  248 2945 1685 6618 6612 2254  811 2684 7051 1391 6048 1171 3675
  802 3439 2376 7256 3704 2367 1043  916 3739 3238 1796 3010 1907 1964
 1195 3940 1737 2028 3714 2213 3138 1161 2641 2455 4505 7037]",962
269,0.3506672230132017,29,3940,484,"[ 822  248 2945 1685 6618 6612 2254  811 2684 7051 1391 6048 1171 3675
  802 3439 2376 7256 3704 2367 1043  916 3739 3238 1796 3010 1907 1964
 1195  484 1737 2028 3714 2213 3138 1161 2641 2455 4505 7037]",997
270,0.3479715767076855,31,2028,6625,"[ 822  248 2945 1685 6618 6612 2254  811 2684 7051 1391 6048 1171 3675
  802 3439 2376 7256 3704 2367 1043  916 3739 3238 1796 3010 1907 1964
 1195  484 1737 6625 3714 2213 3138 1161 2641 2455 4505 7037]",946
271,0.34896700870799535,1,248,2550,"[ 822 2550 2945 1685 6618 6612 2254  811 2684 7051 1391 6048 1171 3675
  802 3439 2376 7256 3704 2367 1043  916 3739 3238 1796 3010 1907 1964
 1195  484 1737 6625 3714 2213 3138 1161 2641 2455 4505 7037]",949
272,0.3525917152132903,35,1161,4145,"[ 822 2550 2945 1685 6618 6612 2254  811 2684 7051 1391 6048 1171 3675
  802 3439 2376 7256 3704 2367 1043  916 3739 3238 1796 3010 1907 1964
 1195  484 1737 6625 3714 2213 3138 4145 2641 2455 4505 7037]",924
273,0.3500270089125993,1,2550,6252,"[ 822 6252 2945 1685 6618 6612 2254  811 2684 7051 1391 6048 1171 3675
  802 3439 2376 7256 3704 2367 1043  916 3739 3238 1796 3010 1907 1964
 1195  484 1737 6625 3714 2213 3138 4145 2641 2455 4505 7037]",935
274,0.35555577643370406,4,6618,3873,"[ 822 6252 2945 1685 3873 6612 2254  811 2684 7051 1391 6048 1171 3675
  802 3439 2376 7256 3704 2367 1043  916 3739 3238 1796 3010 1907 1964
 1195  484 1737 6625 3714 2213 3138 4145 2641 2455 4505 7037]",942
275,0.35293561973985804,5,6612,406,"[ 822 6252 2945 1685 3873  406 2254  811 2684 7051 1391 6048 1171 3675
  802 3439 2376 7256 3704 2367 1043  916 3739 3238 1796 3010 1907 1964
 1195  484 1737 6625 3714 2213 3138 4145 2641 2455 4505 7037]",894
276,0.35795558876725875,26,1907,6688,"[ 822 6252 2945 1685 3873  406 2254  811 2684 7051 1391 6048 1171 3675
  802 3439 2376 7256 3704 2367 1043  916 3739 3238 1796 3010 6688 1964
 1195  484 1737 6625 3714 2213 3138 4145 2641 2455 4505 7037]",902
277,0.3591281680252006,34,3138,1835,"[ 822 6252 2945 1685 3873  406 2254  811 2684 7051 1391 6048 1171 3675
  802 3439 2376 7256 3704 2367 1043  916 3739 3238 1796 3010 6688 1964
 1195  484 1737 6625 3714 2213 1835 4145 2641 2455 4505 7037]",907
278,0.3600699334384221,1,6252,1307,"[ 822 1307 2945 1685 3873  406 2254  811 2684 7051 1391 6048 1171 3675
  802 3439 2376 7256 3704 2367 1043  916 3739 3238 1796 3010 6688 1964
 1195  484 1737 6625 3714 2213 1835 4145 2641 2455 4505 7037]",881
279,0.3574778467338,34,1835,1885,"[ 822 1307 2945 1685 3873  406 2254  811 2684 7051 1391 6048 1171 3675
  802 3439 2376 7256 3704 2367 1043  916 3739 3238 1796 3010 6688 1964
 1195  484 1737 6625 3714 2213 1885 4145 2641 2455 4505 7037]",903
280,0.35619946109889933,31,6625,4640,"[ 822 1307 2945 1685 3873  406 2254  811 2684 7051 1391 6048 1171 3675
  802 3439 2376 7256 3704 2367 1043  916 3739 3238 1796 3010 6688 1964
 1195  484 1737 4640 3714 2213 1885 4145 2641 2455 4505 7037]",929
281,0.353109481725142,11,6048,382,"[ 822 1307 2945 1685 3873  406 2254  811 2684 7051 1391  382 1171 3675
  802 3439 2376 7256 3704 2367 1043  916 3739 3238 1796 3010 6688 1964
 1195  484 1737 4640 3714 2213 1885 4145 2641 2455 4505 7037]",971
282,0.3374953999050313,26,6688,248,"[ 822 1307 2945 1685 3873  406 2254  811 2684 7051 1391  382 1171 3675
  802 3439 2376 7256 3704 2367 1043  916 3739 3238 1796 3010  248 1964
 1195  484 1737 4640 3714 2213 1885 4145 2641 2455 4505 7037]",1005
283,0.3240559136463129,6,2254,4234,"[ 822 1307 2945 1685 3873  406 4234  811 2684 7051 1391  382 1171 3675
  802 3439 2376 7256 3704 2367 1043  916 3739 3238 1796 3010  248 1964
 1195  484 1737 4640 3714 2213 1885 4145 2641 2455 4505 7037]",1020
284,0.3158308745907275,2,2945,6334,"[ 822 1307 6334 1685 3873  406 4234  811 2684 7051 1391  382 1171 3675
  802 3439 2376 7256 3704 2367 1043  916 3739 3238 1796 3010  248 1964
 1195  484 1737 4640 3714 2213 1885 4145 2641 2455 4505 7037]",1016
285,0.310349127034644,38,4505,4509,"[ 822 1307 6334 1685 3873  406 4234  811 2684 7051 1391  382 1171 3675
  802 3439 2376 7256 3704 2367 1043  916 3739 3238 1796 3010  248 1964
 1195  484 1737 4640 3714 2213 1885 4145 2641 2455 4509 7037]",941
286,0.30011886062045695,9,7051,1802,"[ 822 1307 6334 1685 3873  406 4234  811 2684 1802 1391  382 1171 3675
  802 3439 2376 7256 3704 2367 1043  916 3739 3238 1796 3010  248 1964
 1195  484 1737 4640 3714 2213 1885 4145 2641 2455 4509 7037]",962
287,0.30469312860662745,26,248,6910,"[ 822 1307 6334 1685 3873  406 4234  811 2684 1802 1391  382 1171 3675
  802 3439 2376 7256 3704 2367 1043  916 3739 3238 1796 3010 6910 1964
 1195  484 1737 4640 3714 2213 1885 4145 2641 2455 4509 7037]",982
288,0.30438280653449057,32,3714,3785,"[ 822 1307 6334 1685 3873  406 4234  811 2684 1802 1391  382 1171 3675
  802 3439 2376 7256 3704 2367 1043  916 3739 3238 1796 3010 6910 1964
 1195  484 1737 4640 3785 2213 1885 4145 2641 2455 4509 7037]",985
289,0.30096373738020216,33,2213,4210,"[ 822 1307 6334 1685 3873  406 4234  811 2684 1802 1391  382 1171 3675
  802 3439 2376 7256 3704 2367 1043  916 3739 3238 1796 3010 6910 1964
 1195  484 1737 4640 3785 4210 1885 4145 2641 2455 4509 7037]",973
290,0.2990454441567184,27,1964,1691,"[ 822 1307 6334 1685 3873  406 4234  811 2684 1802 1391  382 1171 3675
  802 3439 2376 7256 3704 2367 1043  916 3739 3238 1796 3010 6910 1691
 1195  484 1737 4640 3785 4210 1885 4145 2641 2455 4509 7037]",979
291,0.30091320979853564,18,3704,2104,"[ 822 1307 6334 1685 3873  406 4234  811 2684 1802 1391  382 1171 3675
  802 3439 2376 7256 2104 2367 1043  916 3739 3238 1796 3010 6910 1691
 1195  484 1737 4640 3785 4210 1885 4145 2641 2455 4509 7037]",1041
292,0.3070047460322741,8,2684,2946,"[ 822 1307 6334 1685 3873  406 4234  811 2946 1802 1391  382 1171 3675
  802 3439 2376 7256 2104 2367 1043  916 3739 3238 1796 3010 6910 1691
 1195  484 1737 4640 3785 4210 1885 4145 2641 2455 4509 7037]",1114
293,0.3176021017143678,21,916,3217,"[ 822 1307 6334 1685 3873  406 4234  811 2946 1802 1391  382 1171 3675
  802 3439 2376 7256 2104 2367 1043 3217 3739 3238 1796 3010 6910 1691
 1195  484 1737 4640 3785 4210 1885 4145 2641 2455 4509 7037]",1095
294,0.3156261893022124,29,484,5125,"[ 822 1307 6334 1685 3873  406 4234  811 2946 1802 1391  382 1171 3675
  802 3439 2376 7256 2104 2367 1043 3217 3739 3238 1796 3010 6910 1691
 1195 5125 1737 4640 3785 4210 1885 4145 2641 2455 4509 7037]",1097
295,0.3109757868425033,17,7256,4409,"[ 822 1307 6334 1685 3873  406 4234  811 2946 1802 1391  382 1171 3675
  802 3439 2376 4409 2104 2367 1043 3217 3739 3238 1796 3010 6910 1691
 1195 5125 1737 4640 3785 4210 1885 4145 2641 2455 4509 7037]",1073
296,0.3242821501744312,6,4234,2117,"[ 822 1307 6334 1685 3873  406 2117  811 2946 1802 1391  382 1171 3675
  802 3439 2376 4409 2104 2367 1043 3217 3739 3238 1796 3010 6910 1691
 1195 5125 1737 4640 3785 4210 1885 4145 2641 2455 4509 7037]",1014
297,0.32594301879165183,0,822,5834,"[5834 1307 6334 1685 3873  406 2117  811 2946 1802 1391  382 1171 3675
  802 3439 2376 4409 2104 2367 1043 3217 3739 3238 1796 3010 6910 1691
 1195 5125 1737 4640 3785 4210 1885 4145 2641 2455 4509 7037]",992
298,0.32445608124454506,10,1391,7401,"[5834 1307 6334 1685 3873  406 2117  811 2946 1802 7401  382 1171 3675
  802 3439 2376 4409 2104 2367 1043 3217 3739 3238 1796 3010 6910 1691
 1195 5125 1737 4640 3785 4210 1885 4145 2641 2455 4509 7037]",969
299,0.32604009276810486,29,5125,630,"[5834 1307 6334 1685 3873  406 2117  811 2946 1802 7401  382 1171 3675
  802 3439 2376 4409 2104 2367 1043 3217 3739 3238 1796 3010 6910 1691
 1195  630 1737 4640 3785 4210 1885 4145 2641 2455 4509 7037]",991
300,0.3259887878925541,24,1796,3034,"[5834 1307 6334 1685 3873  406 2117  811 2946 1802 7401  382 1171 3675
  802 3439 2376 4409 2104 2367 1043 3217 3739 3238 3034 3010 6910 1691
 1195  630 1737 4640 3785 4210 1885 4145 2641 2455 4509 7037]",983
301,0.3358343846852351,0,5834,6759,"[6759 1307 6334 1685 3873  406 2117  811 2946 1802 7401  382 1171 3675
  802 3439 2376 4409 2104 2367 1043 3217 3739 3238 3034 3010 6910 1691
 1195  630 1737 4640 3785 4210 1885 4145 2641 2455 4509 7037]",968
302,0.3402487974908215,1,1307,3137,"[6759 3137 6334 1685 3873  406 2117  811 2946 1802 7401  382 1171 3675
  802 3439 2376 4409 2104 2367 1043 3217 3739 3238 3034 3010 6910 1691
 1195  630 1737 4640 3785 4210 1885 4145 2641 2455 4509 7037]",968
303,0.33191020788980186,16,2376,893,"[6759 3137 6334 1685 3873  406 2117  811 2946 1802 7401  382 1171 3675
  802 3439  893 4409 2104 2367 1043 3217 3739 3238 3034 3010 6910 1691
 1195  630 1737 4640 3785 4210 1885 4145 2641 2455 4509 7037]",961
304,0.3232278886676678,6,2117,1534,"[6759 3137 6334 1685 3873  406 1534  811 2946 1802 7401  382 1171 3675
  802 3439  893 4409 2104 2367 1043 3217 3739 3238 3034 3010 6910 1691
 1195  630 1737 4640 3785 4210 1885 4145 2641 2455 4509 7037]",973
305,0.3154942474943444,15,3439,2352,"[6759 3137 6334 1685 3873  406 1534  811 2946 1802 7401  382 1171 3675
  802 2352  893 4409 2104 2367 1043 3217 3739 3238 3034 3010 6910 1691
 1195  630 1737 4640 3785 4210 1885 4145 2641 2455 4509 7037]",993
306,0.32016257916422597,39,7037,3654,"[6759 3137 6334 1685 3873  406 1534  811 2946 1802 7401  382 1171 3675
  802 2352  893 4409 2104 2367 1043 3217 3739 3238 3034 3010 6910 1691
 1195  630 1737 4640 3785 4210 1885 4145 2641 2455 4509 3654]",1006
307,0.3286316732222449,10,7401,2516,"[6759 3137 6334 1685 3873  406 1534  811 2946 1802 2516  382 1171 3675
  802 2352  893 4409 2104 2367 1043 3217 3739 3238 3034 3010 6910 1691
 1195  630 1737 4640 3785 4210 1885 4145 2641 2455 4509 3654]",1002
308,0.3225263481918047,25,3010,1929,"[6759 3137 6334 1685 3873  406 1534  811 2946 1802 2516  382 1171 3675
  802 2352  893 4409 2104 2367 1043 3217 3739 3238 3034 1929 6910 1691
 1195  630 1737 4640 3785 4210 1885 4145 2641 2455 4509 3654]",987
309,0.33291763867649615,9,1802,2189,"[6759 3137 6334 1685 3873  406 1534  811 2946 2189 2516  382 1171 3675
  802 2352  893 4409 2104 2367 1043 3217 3739 3238 3034 1929 6910 1691
 1195  630 1737 4640 3785 4210 1885 4145 2641 2455 4509 3654]",993
310,0.34313856728438347,37,2455,3152,"[6759 3137 6334 1685 3873  406 1534  811 2946 2189 2516  382 1171 3675
  802 2352  893 4409 2104 2367 1043 3217 3739 3238 3034 1929 6910 1691
 1195  630 1737 4640 3785 4210 1885 4145 2641 3152 4509 3654]",964
311,0.33852585417013453,21,3217,3708,"[6759 3137 6334 1685 3873  406 1534  811 2946 2189 2516  382 1171 3675
  802 2352  893 4409 2104 2367 1043 3708 3739 3238 3034 1929 6910 1691
 1195  630 1737 4640 3785 4210 1885 4145 2641 3152 4509 3654]",977
312,0.34179096742344056,27,1691,7330,"[6759 3137 6334 1685 3873  406 1534  811 2946 2189 2516  382 1171 3675
  802 2352  893 4409 2104 2367 1043 3708 3739 3238 3034 1929 6910 7330
 1195  630 1737 4640 3785 4210 1885 4145 2641 3152 4509 3654]",946
313,0.33605510181044246,6,1534,2526,"[6759 3137 6334 1685 3873  406 2526  811 2946 2189 2516  382 1171 3675
  802 2352  893 4409 2104 2367 1043 3708 3739 3238 3034 1929 6910 7330
 1195  630 1737 4640 3785 4210 1885 4145 2641 3152 4509 3654]",925
314,0.3383807691714075,5,406,1691,"[6759 3137 6334 1685 3873 1691 2526  811 2946 2189 2516  382 1171 3675
  802 2352  893 4409 2104 2367 1043 3708 3739 3238 3034 1929 6910 7330
 1195  630 1737 4640 3785 4210 1885 4145 2641 3152 4509 3654]",960
315,0.33878587067175225,36,2641,618,"[6759 3137 6334 1685 3873 1691 2526  811 2946 2189 2516  382 1171 3675
  802 2352  893 4409 2104 2367 1043 3708 3739 3238 3034 1929 6910 7330
 1195  630 1737 4640 3785 4210 1885 4145  618 3152 4509 3654]",981
316,0.3378566138001438,18,2104,1391,"[6759 3137 6334 1685 3873 1691 2526  811 2946 2189 2516  382 1171 3675
  802 2352  893 4409 1391 2367 1043 3708 3739 3238 3034 1929 6910 7330
 1195  630 1737 4640 3785 4210 1885 4145  618 3152 4509 3654]",956
317,0.32557801920753526,37,3152,2290,"[6759 3137 6334 1685 3873 1691 2526  811 2946 2189 2516  382 1171 3675
  802 2352  893 4409 1391 2367 1043 3708 3739 3238 3034 1929 6910 7330
 1195  630 1737 4640 3785 4210 1885 4145  618 2290 4509 3654]",988
318,0.322643632280294,11,382,2815,"[6759 3137 6334 1685 3873 1691 2526  811 2946 2189 2516 2815 1171 3675
  802 2352  893 4409 1391 2367 1043 3708 3739 3238 3034 1929 6910 7330
 1195  630 1737 4640 3785 4210 1885 4145  618 2290 4509 3654]",982
319,0.3351535542304196,31,4640,3148,"[6759 3137 6334 1685 3873 1691 2526  811 2946 2189 2516 2815 1171 3675
  802 2352  893 4409 1391 2367 1043 3708 3739 3238 3034 1929 6910 7330
 1195  630 1737 3148 3785 4210 1885 4145  618 2290 4509 3654]",1015
320,0.34832562592870614,24,3034,2181,"[6759 3137 6334 1685 3873 1691 2526  811 2946 2189 2516 2815 1171 3675
  802 2352  893 4409 1391 2367 1043 3708 3739 3238 2181 1929 6910 7330
 1195  630 1737 3148 3785 4210 1885 4145  618 2290 4509 3654]",976
321,0.34991515848467825,6,2526,1442,"[6759 3137 6334 1685 3873 1691 1442  811 2946 2189 2516 2815 1171 3675
  802 2352  893 4409 1391 2367 1043 3708 3739 3238 2181 1929 6910 7330
 1195  630 1737 3148 3785 4210 1885 4145  618 2290 4509 3654]",960
322,0.3523032477189454,16,893,2831,"[6759 3137 6334 1685 3873 1691 1442  811 2946 2189 2516 2815 1171 3675
  802 2352 2831 4409 1391 2367 1043 3708 3739 3238 2181 1929 6910 7330
 1195  630 1737 3148 3785 4210 1885 4145  618 2290 4509 3654]",923
323,0.341122457459286,24,2181,319,"[6759 3137 6334 1685 3873 1691 1442  811 2946 2189 2516 2815 1171 3675
  802 2352 2831 4409 1391 2367 1043 3708 3739 3238  319 1929 6910 7330
 1195  630 1737 3148 3785 4210 1885 4145  618 2290 4509 3654]",901
324,0.3483457940722201,12,1171,2112,"[6759 3137 6334 1685 3873 1691 1442  811 2946 2189 2516 2815 2112 3675
  802 2352 2831 4409 1391 2367 1043 3708 3739 3238  319 1929 6910 7330
 1195  630 1737 3148 3785 4210 1885 4145  618 2290 4509 3654]",890
325,0.3518158583917894,19,2367,1172,"[6759 3137 6334 1685 3873 1691 1442  811 2946 2189 2516 2815 2112 3675
  802 2352 2831 4409 1391 1172 1043 3708 3739 3238  319 1929 6910 7330
 1195  630 1737 3148 3785 4210 1885 4145  618 2290 4509 3654]",892
326,0.35034243851974534,18,1391,2579,"[6759 3137 6334 1685 3873 1691 1442  811 2946 2189 2516 2815 2112 3675
  802 2352 2831 4409 2579 1172 1043 3708 3739 3238  319 1929 6910 7330
 1195  630 1737 3148 3785 4210 1885 4145  618 2290 4509 3654]",887
327,0.34775870194941905,14,802,3107,"[6759 3137 6334 1685 3873 1691 1442  811 2946 2189 2516 2815 2112 3675
 3107 2352 2831 4409 2579 1172 1043 3708 3739 3238  319 1929 6910 7330
 1195  630 1737 3148 3785 4210 1885 4145  618 2290 4509 3654]",914
328,0.34653069487748767,22,3739,2715,"[6759 3137 6334 1685 3873 1691 1442  811 2946 2189 2516 2815 2112 3675
 3107 2352 2831 4409 2579 1172 1043 3708 2715 3238  319 1929 6910 7330
 1195  630 1737 3148 3785 4210 1885 4145  618 2290 4509 3654]",906
329,0.3420620337944373,23,3238,1464,"[6759 3137 6334 1685 3873 1691 1442  811 2946 2189 2516 2815 2112 3675
 3107 2352 2831 4409 2579 1172 1043 3708 2715 1464  319 1929 6910 7330
 1195  630 1737 3148 3785 4210 1885 4145  618 2290 4509 3654]",949
330,0.34016760462307527,26,6910,5474,"[6759 3137 6334 1685 3873 1691 1442  811 2946 2189 2516 2815 2112 3675
 3107 2352 2831 4409 2579 1172 1043 3708 2715 1464  319 1929 5474 7330
 1195  630 1737 3148 3785 4210 1885 4145  618 2290 4509 3654]",963
331,0.3451295377706047,13,3675,3237,"[6759 3137 6334 1685 3873 1691 1442  811 2946 2189 2516 2815 2112 3237
 3107 2352 2831 4409 2579 1172 1043 3708 2715 1464  319 1929 5474 7330
 1195  630 1737 3148 3785 4210 1885 4145  618 2290 4509 3654]",962
332,0.34599544487333195,21,3708,3886,"[6759 3137 6334 1685 3873 1691 1442  811 2946 2189 2516 2815 2112 3237
 3107 2352 2831 4409 2579 1172 1043 3886 2715 1464  319 1929 5474 7330
 1195  630 1737 3148 3785 4210 1885 4145  618 2290 4509 3654]",962
333,0.34518248898017095,21,3886,3667,"[6759 3137 6334 1685 3873 1691 1442  811 2946 2189 2516 2815 2112 3237
 3107 2352 2831 4409 2579 1172 1043 3667 2715 1464  319 1929 5474 7330
 1195  630 1737 3148 3785 4210 1885 4145  618 2290 4509 3654]",962
334,0.34710987579649755,14,3107,4713,"[6759 3137 6334 1685 3873 1691 1442  811 2946 2189 2516 2815 2112 3237
 4713 2352 2831 4409 2579 1172 1043 3667 2715 1464  319 1929 5474 7330
 1195  630 1737 3148 3785 4210 1885 4145  618 2290 4509 3654]",967
335,0.3479143162977595,22,2715,7052,"[6759 3137 6334 1685 3873 1691 1442  811 2946 2189 2516 2815 2112 3237
 4713 2352 2831 4409 2579 1172 1043 3667 7052 1464  319 1929 5474 7330
 1195  630 1737 3148 3785 4210 1885 4145  618 2290 4509 3654]",936
336,0.3448027862446643,35,4145,2696,"[6759 3137 6334 1685 3873 1691 1442  811 2946 2189 2516 2815 2112 3237
 4713 2352 2831 4409 2579 1172 1043 3667 7052 1464  319 1929 5474 7330
 1195  630 1737 3148 3785 4210 1885 2696  618 2290 4509 3654]",923
337,0.3510256963284116,29,630,4219,"[6759 3137 6334 1685 3873 1691 1442  811 2946 2189 2516 2815 2112 3237
 4713 2352 2831 4409 2579 1172 1043 3667 7052 1464  319 1929 5474 7330
 1195 4219 1737 3148 3785 4210 1885 2696  618 2290 4509 3654]",945
338,0.35066376074365196,20,1043,1041,"[6759 3137 6334 1685 3873 1691 1442  811 2946 2189 2516 2815 2112 3237
 4713 2352 2831 4409 2579 1172 1041 3667 7052 1464  319 1929 5474 7330
 1195 4219 1737 3148 3785 4210 1885 2696  618 2290 4509 3654]",951
339,0.34863080757379356,20,1041,2034,"[6759 3137 6334 1685 3873 1691 1442  811 2946 2189 2516 2815 2112 3237
 4713 2352 2831 4409 2579 1172 2034 3667 7052 1464  319 1929 5474 7330
 1195 4219 1737 3148 3785 4210 1885 2696  618 2290 4509 3654]",951
340,0.35093627755592927,33,4210,590,"[6759 3137 6334 1685 3873 1691 1442  811 2946 2189 2516 2815 2112 3237
 4713 2352 2831 4409 2579 1172 2034 3667 7052 1464  319 1929 5474 7330
 1195 4219 1737 3148 3785  590 1885 2696  618 2290 4509 3654]",966
341,0.35120587454088054,2,6334,6259,"[6759 3137 6259 1685 3873 1691 1442  811 2946 2189 2516 2815 2112 3237
 4713 2352 2831 4409 2579 1172 2034 3667 7052 1464  319 1929 5474 7330
 1195 4219 1737 3148 3785  590 1885 2696  618 2290 4509 3654]",960
342,0.34909043515842164,2,6259,557,"[6759 3137  557 1685 3873 1691 1442  811 2946 2189 2516 2815 2112 3237
 4713 2352 2831 4409 2579 1172 2034 3667 7052 1464  319 1929 5474 7330
 1195 4219 1737 3148 3785  590 1885 2696  618 2290 4509 3654]",960
343,0.3502505553216699,3,1685,1942,"[6759 3137  557 1942 3873 1691 1442  811 2946 2189 2516 2815 2112 3237
 4713 2352 2831 4409 2579 1172 2034 3667 7052 1464  319 1929 5474 7330
 1195 4219 1737 3148 3785  590 1885 2696  618 2290 4509 3654]",924
344,0.35031768274541397,11,2815,1237,"[6759 3137  557 1942 3873 1691 1442  811 2946 2189 2516 1237 2112 3237
 4713 2352 2831 4409 2579 1172 2034 3667 7052 1464  319 1929 5474 7330
 1195 4219 1737 3148 3785  590 1885 2696  618 2290 4509 3654]",971
345,0.3459660403354124,29,4219,5905,"[6759 3137  557 1942 3873 1691 1442  811 2946 2189 2516 1237 2112 3237
 4713 2352 2831 4409 2579 1172 2034 3667 7052 1464  319 1929 5474 7330
 1195 5905 1737 3148 3785  590 1885 2696  618 2290 4509 3654]",992
346,0.33291051573298797,12,2112,384,"[6759 3137  557 1942 3873 1691 1442  811 2946 2189 2516 1237  384 3237
 4713 2352 2831 4409 2579 1172 2034 3667 7052 1464  319 1929 5474 7330
 1195 5905 1737 3148 3785  590 1885 2696  618 2290 4509 3654]",945
347,0.3316295031139334,17,4409,5626,"[6759 3137  557 1942 3873 1691 1442  811 2946 2189 2516 1237  384 3237
 4713 2352 2831 5626 2579 1172 2034 3667 7052 1464  319 1929 5474 7330
 1195 5905 1737 3148 3785  590 1885 2696  618 2290 4509 3654]",1022
348,0.3404621380489555,33,590,2182,"[6759 3137  557 1942 3873 1691 1442  811 2946 2189 2516 1237  384 3237
 4713 2352 2831 5626 2579 1172 2034 3667 7052 1464  319 1929 5474 7330
 1195 5905 1737 3148 3785 2182 1885 2696  618 2290 4509 3654]",1023
349,0.33414634131308896,28,1195,3559,"[6759 3137  557 1942 3873 1691 1442  811 2946 2189 2516 1237  384 3237
 4713 2352 2831 5626 2579 1172 2034 3667 7052 1464  319 1929 5474 7330
 3559 5905 1737 3148 3785 2182 1885 2696  618 2290 4509 3654]",1039
350,0.3455111073717147,6,1442,907,"[6759 3137  557 1942 3873 1691  907  811 2946 2189 2516 1237  384 3237
 4713 2352 2831 5626 2579 1172 2034 3667 7052 1464  319 1929 5474 7330
 3559 5905 1737 3148 3785 2182 1885 2696  618 2290 4509 3654]",1009
351,0.34402943352341053,20,2034,7110,"[6759 3137  557 1942 3873 1691  907  811 2946 2189 2516 1237  384 3237
 4713 2352 2831 5626 2579 1172 7110 3667 7052 1464  319 1929 5474 7330
 3559 5905 1737 3148 3785 2182 1885 2696  618 2290 4509 3654]",990
352,0.3433843535192369,14,4713,6626,"[6759 3137  557 1942 3873 1691  907  811 2946 2189 2516 1237  384 3237
 6626 2352 2831 5626 2579 1172 7110 3667 7052 1464  319 1929 5474 7330
 3559 5905 1737 3148 3785 2182 1885 2696  618 2290 4509 3654]",1016
353,0.3481165005597834,17,5626,1543,"[6759 3137  557 1942 3873 1691  907  811 2946 2189 2516 1237  384 3237
 6626 2352 2831 1543 2579 1172 7110 3667 7052 1464  319 1929 5474 7330
 3559 5905 1737 3148 3785 2182 1885 2696  618 2290 4509 3654]",1034
354,0.3529566277264538,30,1737,4133,"[6759 3137  557 1942 3873 1691  907  811 2946 2189 2516 1237  384 3237
 6626 2352 2831 1543 2579 1172 7110 3667 7052 1464  319 1929 5474 7330
 3559 5905 4133 3148 3785 2182 1885 2696  618 2290 4509 3654]",1027
355,0.3514263501539304,5,1691,1962,"[6759 3137  557 1942 3873 1962  907  811 2946 2189 2516 1237  384 3237
 6626 2352 2831 1543 2579 1172 7110 3667 7052 1464  319 1929 5474 7330
 3559 5905 4133 3148 3785 2182 1885 2696  618 2290 4509 3654]",975
356,0.3532221042290582,28,3559,3704,"[6759 3137  557 1942 3873 1962  907  811 2946 2189 2516 1237  384 3237
 6626 2352 2831 1543 2579 1172 7110 3667 7052 1464  319 1929 5474 7330
 3704 5905 4133 3148 3785 2182 1885 2696  618 2290 4509 3654]",1019
357,0.3462429940210039,13,3237,1370,"[6759 3137  557 1942 3873 1962  907  811 2946 2189 2516 1237  384 1370
 6626 2352 2831 1543 2579 1172 7110 3667 7052 1464  319 1929 5474 7330
 3704 5905 4133 3148 3785 2182 1885 2696  618 2290 4509 3654]",1019
358,0.34228606054660576,0,6759,3378,"[3378 3137  557 1942 3873 1962  907  811 2946 2189 2516 1237  384 1370
 6626 2352 2831 1543 2579 1172 7110 3667 7052 1464  319 1929 5474 7330
 3704 5905 4133 3148 3785 2182 1885 2696  618 2290 4509 3654]",1023
359,0.34149424634636855,18,2579,1408,"[3378 3137  557 1942 3873 1962  907  811 2946 2189 2516 1237  384 1370
 6626 2352 2831 1543 1408 1172 7110 3667 7052 1464  319 1929 5474 7330
 3704 5905 4133 3148 3785 2182 1885 2696  618 2290 4509 3654]",1016
360,0.3443105540601308,6,907,6548,"[3378 3137  557 1942 3873 1962 6548  811 2946 2189 2516 1237  384 1370
 6626 2352 2831 1543 1408 1172 7110 3667 7052 1464  319 1929 5474 7330
 3704 5905 4133 3148 3785 2182 1885 2696  618 2290 4509 3654]",999
361,0.33445108886851116,36,618,2595,"[3378 3137  557 1942 3873 1962 6548  811 2946 2189 2516 1237  384 1370
 6626 2352 2831 1543 1408 1172 7110 3667 7052 1464  319 1929 5474 7330
 3704 5905 4133 3148 3785 2182 1885 2696 2595 2290 4509 3654]",1041
362,0.33236896658382786,39,3654,4144,"[3378 3137  557 1942 3873 1962 6548  811 2946 2189 2516 1237  384 1370
 6626 2352 2831 1543 1408 1172 7110 3667 7052 1464  319 1929 5474 7330
 3704 5905 4133 3148 3785 2182 1885 2696 2595 2290 4509 4144]",1051
363,0.3277702003383469,32,3785,752,"[3378 3137  557 1942 3873 1962 6548  811 2946 2189 2516 1237  384 1370
 6626 2352 2831 1543 1408 1172 7110 3667 7052 1464  319 1929 5474 7330
 3704 5905 4133 3148  752 2182 1885 2696 2595 2290 4509 4144]",1020
364,0.3308984394499026,39,4144,3367,"[3378 3137  557 1942 3873 1962 6548  811 2946 2189 2516 1237  384 1370
 6626 2352 2831 1543 1408 1172 7110 3667 7052 1464  319 1929 5474 7330
 3704 5905 4133 3148  752 2182 1885 2696 2595 2290 4509 3367]",1072
365,0.3320455084771987,33,2182,621,"[3378 3137  557 1942 3873 1962 6548  811 2946 2189 2516 1237  384 1370
 6626 2352 2831 1543 1408 1172 7110 3667 7052 1464  319 1929 5474 7330
 3704 5905 4133 3148  752  621 1885 2696 2595 2290 4509 3367]",1065
366,0.3330974200327837,15,2352,4004,"[3378 3137  557 1942 3873 1962 6548  811 2946 2189 2516 1237  384 1370
 6626 4004 2831 1543 1408 1172 7110 3667 7052 1464  319 1929 5474 7330
 3704 5905 4133 3148  752  621 1885 2696 2595 2290 4509 3367]",1013
367,0.33253450486154074,1,3137,2710,"[3378 2710  557 1942 3873 1962 6548  811 2946 2189 2516 1237  384 1370
 6626 4004 2831 1543 1408 1172 7110 3667 7052 1464  319 1929 5474 7330
 3704 5905 4133 3148  752  621 1885 2696 2595 2290 4509 3367]",982
368,0.32776497571432234,17,1543,1186,"[3378 2710  557 1942 3873 1962 6548  811 2946 2189 2516 1237  384 1370
 6626 4004 2831 1186 1408 1172 7110 3667 7052 1464  319 1929 5474 7330
 3704 5905 4133 3148  752  621 1885 2696 2595 2290 4509 3367]",971
369,0.3333280266032884,12,384,4503,"[3378 2710  557 1942 3873 1962 6548  811 2946 2189 2516 1237 4503 1370
 6626 4004 2831 1186 1408 1172 7110 3667 7052 1464  319 1929 5474 7330
 3704 5905 4133 3148  752  621 1885 2696 2595 2290 4509 3367]",947
370,0.3321606669110959,7,811,454,"[3378 2710  557 1942 3873 1962 6548  454 2946 2189 2516 1237 4503 1370
 6626 4004 2831 1186 1408 1172 7110 3667 7052 1464  319 1929 5474 7330
 3704 5905 4133 3148  752  621 1885 2696 2595 2290 4509 3367]",955
371,0.3351814443089397,25,1929,1970,"[3378 2710  557 1942 3873 1962 6548  454 2946 2189 2516 1237 4503 1370
 6626 4004 2831 1186 1408 1172 7110 3667 7052 1464  319 1970 5474 7330
 3704 5905 4133 3148  752  621 1885 2696 2595 2290 4509 3367]",946
372,0.32653655023548506,9,2189,2509,"[3378 2710  557 1942 3873 1962 6548  454 2946 2509 2516 1237 4503 1370
 6626 4004 2831 1186 1408 1172 7110 3667 7052 1464  319 1970 5474 7330
 3704 5905 4133 3148  752  621 1885 2696 2595 2290 4509 3367]",967
373,0.3189936063067809,39,3367,2956,"[3378 2710  557 1942 3873 1962 6548  454 2946 2509 2516 1237 4503 1370
 6626 4004 2831 1186 1408 1172 7110 3667 7052 1464  319 1970 5474 7330
 3704 5905 4133 3148  752  621 1885 2696 2595 2290 4509 2956]",983
374,0.31832841320074806,23,1464,947,"[3378 2710  557 1942 3873 1962 6548  454 2946 2509 2516 1237 4503 1370
 6626 4004 2831 1186 1408 1172 7110 3667 7052  947  319 1970 5474 7330
 3704 5905 4133 3148  752  621 1885 2696 2595 2290 4509 2956]",951
375,0.31777999117274897,10,2516,3653,"[3378 2710  557 1942 3873 1962 6548  454 2946 2509 3653 1237 4503 1370
 6626 4004 2831 1186 1408 1172 7110 3667 7052  947  319 1970 5474 7330
 3704 5905 4133 3148  752  621 1885 2696 2595 2290 4509 2956]",953
376,0.31629964433696334,9,2509,2720,"[3378 2710  557 1942 3873 1962 6548  454 2946 2720 3653 1237 4503 1370
 6626 4004 2831 1186 1408 1172 7110 3667 7052  947  319 1970 5474 7330
 3704 5905 4133 3148  752  621 1885 2696 2595 2290 4509 2956]",966
377,0.32127551512419533,22,7052,2869,"[3378 2710  557 1942 3873 1962 6548  454 2946 2720 3653 1237 4503 1370
 6626 4004 2831 1186 1408 1172 7110 3667 2869  947  319 1970 5474 7330
 3704 5905 4133 3148  752  621 1885 2696 2595 2290 4509 2956]",941
378,0.3126343650567469,25,1970,3176,"[3378 2710  557 1942 3873 1962 6548  454 2946 2720 3653 1237 4503 1370
 6626 4004 2831 1186 1408 1172 7110 3667 2869  947  319 3176 5474 7330
 3704 5905 4133 3148  752  621 1885 2696 2595 2290 4509 2956]",1000
379,0.32459161334339576,24,319,2041,"[3378 2710  557 1942 3873 1962 6548  454 2946 2720 3653 1237 4503 1370
 6626 4004 2831 1186 1408 1172 7110 3667 2869  947 2041 3176 5474 7330
 3704 5905 4133 3148  752  621 1885 2696 2595 2290 4509 2956]",969
380,0.32914470977430693,2,557,2303,"[3378 2710 2303 1942 3873 1962 6548  454 2946 2720 3653 1237 4503 1370
 6626 4004 2831 1186 1408 1172 7110 3667 2869  947 2041 3176 5474 7330
 3704 5905 4133 3148  752  621 1885 2696 2595 2290 4509 2956]",930
381,0.3333233790707092,35,2696,3783,"[3378 2710 2303 1942 3873 1962 6548  454 2946 2720 3653 1237 4503 1370
 6626 4004 2831 1186 1408 1172 7110 3667 2869  947 2041 3176 5474 7330
 3704 5905 4133 3148  752  621 1885 3783 2595 2290 4509 2956]",912
382,0.3428902252086146,13,1370,1976,"[3378 2710 2303 1942 3873 1962 6548  454 2946 2720 3653 1237 4503 1976
 6626 4004 2831 1186 1408 1172 7110 3667 2869  947 2041 3176 5474 7330
 3704 5905 4133 3148  752  621 1885 3783 2595 2290 4509 2956]",893
383,0.34440703207260304,21,3667,3954,"[3378 2710 2303 1942 3873 1962 6548  454 2946 2720 3653 1237 4503 1976
 6626 4004 2831 1186 1408 1172 7110 3954 2869  947 2041 3176 5474 7330
 3704 5905 4133 3148  752  621 1885 3783 2595 2290 4509 2956]",895
384,0.3443077202606887,30,4133,1929,"[3378 2710 2303 1942 3873 1962 6548  454 2946 2720 3653 1237 4503 1976
 6626 4004 2831 1186 1408 1172 7110 3954 2869  947 2041 3176 5474 7330
 3704 5905 1929 3148  752  621 1885 3783 2595 2290 4509 2956]",864
385,0.3478897411585328,17,1186,1544,"[3378 2710 2303 1942 3873 1962 6548  454 2946 2720 3653 1237 4503 1976
 6626 4004 2831 1544 1408 1172 7110 3954 2869  947 2041 3176 5474 7330
 3704 5905 1929 3148  752  621 1885 3783 2595 2290 4509 2956]",882
386,0.35132892237125213,36,2595,4204,"[3378 2710 2303 1942 3873 1962 6548  454 2946 2720 3653 1237 4503 1976
 6626 4004 2831 1544 1408 1172 7110 3954 2869  947 2041 3176 5474 7330
 3704 5905 1929 3148  752  621 1885 3783 4204 2290 4509 2956]",877
387,0.35041729827498935,15,4004,1538,"[3378 2710 2303 1942 3873 1962 6548  454 2946 2720 3653 1237 4503 1976
 6626 1538 2831 1544 1408 1172 7110 3954 2869  947 2041 3176 5474 7330
 3704 5905 1929 3148  752  621 1885 3783 4204 2290 4509 2956]",836
388,0.34882246795742733,13,1976,2334,"[3378 2710 2303 1942 3873 1962 6548  454 2946 2720 3653 1237 4503 2334
 6626 1538 2831 1544 1408 1172 7110 3954 2869  947 2041 3176 5474 7330
 3704 5905 1929 3148  752  621 1885 3783 4204 2290 4509 2956]",845
389,0.3477502949889977,20,7110,1906,"[3378 2710 2303 1942 3873 1962 6548  454 2946 2720 3653 1237 4503 2334
 6626 1538 2831 1544 1408 1172 1906 3954 2869  947 2041 3176 5474 7330
 3704 5905 1929 3148  752  621 1885 3783 4204 2290 4509 2956]",848
390,0.3463074259862524,4,3873,7052,"[3378 2710 2303 1942 7052 1962 6548  454 2946 2720 3653 1237 4503 2334
 6626 1538 2831 1544 1408 1172 1906 3954 2869  947 2041 3176 5474 7330
 3704 5905 1929 3148  752  621 1885 3783 4204 2290 4509 2956]",880
391,0.3476197873861955,25,3176,984,"[3378 2710 2303 1942 7052 1962 6548  454 2946 2720 3653 1237 4503 2334
 6626 1538 2831 1544 1408 1172 1906 3954 2869  947 2041  984 5474 7330
 3704 5905 1929 3148  752  621 1885 3783 4204 2290 4509 2956]",940
392,0.3461368591669399,25,984,1877,"[3378 2710 2303 1942 7052 1962 6548  454 2946 2720 3653 1237 4503 2334
 6626 1538 2831 1544 1408 1172 1906 3954 2869  947 2041 1877 5474 7330
 3704 5905 1929 3148  752  621 1885 3783 4204 2290 4509 2956]",940
393,0.34033066121319455,12,4503,377,"[3378 2710 2303 1942 7052 1962 6548  454 2946 2720 3653 1237  377 2334
 6626 1538 2831 1544 1408 1172 1906 3954 2869  947 2041 1877 5474 7330
 3704 5905 1929 3148  752  621 1885 3783 4204 2290 4509 2956]",984
394,0.33903327911408315,7,454,7037,"[3378 2710 2303 1942 7052 1962 6548 7037 2946 2720 3653 1237  377 2334
 6626 1538 2831 1544 1408 1172 1906 3954 2869  947 2041 1877 5474 7330
 3704 5905 1929 3148  752  621 1885 3783 4204 2290 4509 2956]",1009
395,0.33483400282744985,27,7330,1178,"[3378 2710 2303 1942 7052 1962 6548 7037 2946 2720 3653 1237  377 2334
 6626 1538 2831 1544 1408 1172 1906 3954 2869  947 2041 1877 5474 1178
 3704 5905 1929 3148  752  621 1885 3783 4204 2290 4509 2956]",990
396,0.33422705185254253,17,1544,3946,"[3378 2710 2303 1942 7052 1962 6548 7037 2946 2720 3653 1237  377 2334
 6626 1538 2831 3946 1408 1172 1906 3954 2869  947 2041 1877 5474 1178
 3704 5905 1929 3148  752  621 1885 3783 4204 2290 4509 2956]",993
397,0.3308970101695222,22,2869,1113,"[3378 2710 2303 1942 7052 1962 6548 7037 2946 2720 3653 1237  377 2334
 6626 1538 2831 3946 1408 1172 1906 3954 1113  947 2041 1877 5474 1178
 3704 5905 1929 3148  752  621 1885 3783 4204 2290 4509 2956]",954
398,0.3256936525036955,0,3378,4145,"[4145 2710 2303 1942 7052 1962 6548 7037 2946 2720 3653 1237  377 2334
 6626 1538 2831 3946 1408 1172 1906 3954 1113  947 2041 1877 5474 1178
 3704 5905 1929 3148  752  621 1885 3783 4204 2290 4509 2956]",966
399,0.3258572281860321,21,3954,7401,"[4145 2710 2303 1942 7052 1962 6548 7037 2946 2720 3653 1237  377 2334
 6626 1538 2831 3946 1408 1172 1906 7401 1113  947 2041 1877 5474 1178
 3704 5905 1929 3148  752  621 1885 3783 4204 2290 4509 2956]",971
400,0.33301611984541135,25,1877,3379,"[4145 2710 2303 1942 7052 1962 6548 7037 2946 2720 3653 1237  377 2334
 6626 1538 2831 3946 1408 1172 1906 7401 1113  947 2041 3379 5474 1178
 3704 5905 1929 3148  752  621 1885 3783 4204 2290 4509 2956]",945
401,0.33535677950794396,35,3783,3784,"[4145 2710 2303 1942 7052 1962 6548 7037 2946 2720 3653 1237  377 2334
 6626 1538 2831 3946 1408 1172 1906 7401 1113  947 2041 3379 5474 1178
 3704 5905 1929 3148  752  621 1885 3784 4204 2290 4509 2956]",951
402,0.3385303093422799,19,1172,4573,"[4145 2710 2303 1942 7052 1962 6548 7037 2946 2720 3653 1237  377 2334
 6626 1538 2831 3946 1408 4573 1906 7401 1113  947 2041 3379 5474 1178
 3704 5905 1929 3148  752  621 1885 3784 4204 2290 4509 2956]",922
403,0.33582370082056734,20,1906,6328,"[4145 2710 2303 1942 7052 1962 6548 7037 2946 2720 3653 1237  377 2334
 6626 1538 2831 3946 1408 4573 6328 7401 1113  947 2041 3379 5474 1178
 3704 5905 1929 3148  752  621 1885 3784 4204 2290 4509 2956]",906
404,0.336220380512152,28,3704,3635,"[4145 2710 2303 1942 7052 1962 6548 7037 2946 2720 3653 1237  377 2334
 6626 1538 2831 3946 1408 4573 6328 7401 1113  947 2041 3379 5474 1178
 3635 5905 1929 3148  752  621 1885 3784 4204 2290 4509 2956]",943
405,0.3388408863143963,18,1408,668,"[4145 2710 2303 1942 7052 1962 6548 7037 2946 2720 3653 1237  377 2334
 6626 1538 2831 3946  668 4573 6328 7401 1113  947 2041 3379 5474 1178
 3635 5905 1929 3148  752  621 1885 3784 4204 2290 4509 2956]",961
406,0.3418403218749298,34,1885,2869,"[4145 2710 2303 1942 7052 1962 6548 7037 2946 2720 3653 1237  377 2334
 6626 1538 2831 3946  668 4573 6328 7401 1113  947 2041 3379 5474 1178
 3635 5905 1929 3148  752  621 2869 3784 4204 2290 4509 2956]",966
407,0.34557447041089895,32,752,1814,"[4145 2710 2303 1942 7052 1962 6548 7037 2946 2720 3653 1237  377 2334
 6626 1538 2831 3946  668 4573 6328 7401 1113  947 2041 3379 5474 1178
 3635 5905 1929 3148 1814  621 2869 3784 4204 2290 4509 2956]",998
408,0.343072339457546,17,3946,3105,"[4145 2710 2303 1942 7052 1962 6548 7037 2946 2720 3653 1237  377 2334
 6626 1538 2831 3105  668 4573 6328 7401 1113  947 2041 3379 5474 1178
 3635 5905 1929 3148 1814  621 2869 3784 4204 2290 4509 2956]",1010
409,0.3474195768102193,16,2831,6972,"[4145 2710 2303 1942 7052 1962 6548 7037 2946 2720 3653 1237  377 2334
 6626 1538 6972 3105  668 4573 6328 7401 1113  947 2041 3379 5474 1178
 3635 5905 1929 3148 1814  621 2869 3784 4204 2290 4509 2956]",993
410,0.3540508315779251,38,4509,1193,"[4145 2710 2303 1942 7052 1962 6548 7037 2946 2720 3653 1237  377 2334
 6626 1538 6972 3105  668 4573 6328 7401 1113  947 2041 3379 5474 1178
 3635 5905 1929 3148 1814  621 2869 3784 4204 2290 1193 2956]",1031
411,0.35305035473746127,32,1814,3747,"[4145 2710 2303 1942 7052 1962 6548 7037 2946 2720 3653 1237  377 2334
 6626 1538 6972 3105  668 4573 6328 7401 1113  947 2041 3379 5474 1178
 3635 5905 1929 3148 3747  621 2869 3784 4204 2290 1193 2956]",1008
412,0.3502912920899613,29,5905,1737,"[4145 2710 2303 1942 7052 1962 6548 7037 2946 2720 3653 1237  377 2334
 6626 1538 6972 3105  668 4573 6328 7401 1113  947 2041 3379 5474 1178
 3635 1737 1929 3148 3747  621 2869 3784 4204 2290 1193 2956]",988
413,0.3468837880976686,0,4145,485,"[ 485 2710 2303 1942 7052 1962 6548 7037 2946 2720 3653 1237  377 2334
 6626 1538 6972 3105  668 4573 6328 7401 1113  947 2041 3379 5474 1178
 3635 1737 1929 3148 3747  621 2869 3784 4204 2290 1193 2956]",965
414,0.34744824648634487,4,7052,4081,"[ 485 2710 2303 1942 4081 1962 6548 7037 2946 2720 3653 1237  377 2334
 6626 1538 6972 3105  668 4573 6328 7401 1113  947 2041 3379 5474 1178
 3635 1737 1929 3148 3747  621 2869 3784 4204 2290 1193 2956]",942
415,0.34617868948741126,38,1193,7051,"[ 485 2710 2303 1942 4081 1962 6548 7037 2946 2720 3653 1237  377 2334
 6626 1538 6972 3105  668 4573 6328 7401 1113  947 2041 3379 5474 1178
 3635 1737 1929 3148 3747  621 2869 3784 4204 2290 7051 2956]",966
416,0.3431674492686415,19,4573,1906,"[ 485 2710 2303 1942 4081 1962 6548 7037 2946 2720 3653 1237  377 2334
 6626 1538 6972 3105  668 1906 6328 7401 1113  947 2041 3379 5474 1178
 3635 1737 1929 3148 3747  621 2869 3784 4204 2290 7051 2956]",1016
417,0.33987284911113413,13,2334,2027,"[ 485 2710 2303 1942 4081 1962 6548 7037 2946 2720 3653 1237  377 2027
 6626 1538 6972 3105  668 1906 6328 7401 1113  947 2041 3379 5474 1178
 3635 1737 1929 3148 3747  621 2869 3784 4204 2290 7051 2956]",1041
418,0.34187350205857414,39,2956,4144,"[ 485 2710 2303 1942 4081 1962 6548 7037 2946 2720 3653 1237  377 2027
 6626 1538 6972 3105  668 1906 6328 7401 1113  947 2041 3379 5474 1178
 3635 1737 1929 3148 3747  621 2869 3784 4204 2290 7051 4144]",1056
419,0.33579560977227985,25,3379,3142,"[ 485 2710 2303 1942 4081 1962 6548 7037 2946 2720 3653 1237  377 2027
 6626 1538 6972 3105  668 1906 6328 7401 1113  947 2041 3142 5474 1178
 3635 1737 1929 3148 3747  621 2869 3784 4204 2290 7051 4144]",1094
420,0.3406850848401452,3,1942,3731,"[ 485 2710 2303 3731 4081 1962 6548 7037 2946 2720 3653 1237  377 2027
 6626 1538 6972 3105  668 1906 6328 7401 1113  947 2041 3142 5474 1178
 3635 1737 1929 3148 3747  621 2869 3784 4204 2290 7051 4144]",1131
421,0.34178723519159615,10,3653,3721,"[ 485 2710 2303 3731 4081 1962 6548 7037 2946 2720 3721 1237  377 2027
 6626 1538 6972 3105  668 1906 6328 7401 1113  947 2041 3142 5474 1178
 3635 1737 1929 3148 3747  621 2869 3784 4204 2290 7051 4144]",1106
422,0.3380661659118569,36,4204,615,"[ 485 2710 2303 3731 4081 1962 6548 7037 2946 2720 3721 1237  377 2027
 6626 1538 6972 3105  668 1906 6328 7401 1113  947 2041 3142 5474 1178
 3635 1737 1929 3148 3747  621 2869 3784  615 2290 7051 4144]",1149
423,0.33293994730852217,2,2303,844,"[ 485 2710  844 3731 4081 1962 6548 7037 2946 2720 3721 1237  377 2027
 6626 1538 6972 3105  668 1906 6328 7401 1113  947 2041 3142 5474 1178
 3635 1737 1929 3148 3747  621 2869 3784  615 2290 7051 4144]",1178
424,0.3366858700757456,14,6626,1121,"[ 485 2710  844 3731 4081 1962 6548 7037 2946 2720 3721 1237  377 2027
 1121 1538 6972 3105  668 1906 6328 7401 1113  947 2041 3142 5474 1178
 3635 1737 1929 3148 3747  621 2869 3784  615 2290 7051 4144]",1170
425,0.33887462268955093,37,2290,3308,"[ 485 2710  844 3731 4081 1962 6548 7037 2946 2720 3721 1237  377 2027
 1121 1538 6972 3105  668 1906 6328 7401 1113  947 2041 3142 5474 1178
 3635 1737 1929 3148 3747  621 2869 3784  615 3308 7051 4144]",1165
426,0.3403549261808527,27,1178,3740,"[ 485 2710  844 3731 4081 1962 6548 7037 2946 2720 3721 1237  377 2027
 1121 1538 6972 3105  668 1906 6328 7401 1113  947 2041 3142 5474 3740
 3635 1737 1929 3148 3747  621 2869 3784  615 3308 7051 4144]",1167
427,0.34020494392183315,0,485,2741,"[2741 2710  844 3731 4081 1962 6548 7037 2946 2720 3721 1237  377 2027
 1121 1538 6972 3105  668 1906 6328 7401 1113  947 2041 3142 5474 3740
 3635 1737 1929 3148 3747  621 2869 3784  615 3308 7051 4144]",1136
428,0.3345268488454859,34,2869,3296,"[2741 2710  844 3731 4081 1962 6548 7037 2946 2720 3721 1237  377 2027
 1121 1538 6972 3105  668 1906 6328 7401 1113  947 2041 3142 5474 3740
 3635 1737 1929 3148 3747  621 3296 3784  615 3308 7051 4144]",1089
429,0.33431841108270033,15,1538,1459,"[2741 2710  844 3731 4081 1962 6548 7037 2946 2720 3721 1237  377 2027
 1121 1459 6972 3105  668 1906 6328 7401 1113  947 2041 3142 5474 3740
 3635 1737 1929 3148 3747  621 3296 3784  615 3308 7051 4144]",1104
430,0.3337218832875422,1,2710,2545,"[2741 2545  844 3731 4081 1962 6548 7037 2946 2720 3721 1237  377 2027
 1121 1459 6972 3105  668 1906 6328 7401 1113  947 2041 3142 5474 3740
 3635 1737 1929 3148 3747  621 3296 3784  615 3308 7051 4144]",1108
431,0.3277788149593842,9,2720,200,"[2741 2545  844 3731 4081 1962 6548 7037 2946  200 3721 1237  377 2027
 1121 1459 6972 3105  668 1906 6328 7401 1113  947 2041 3142 5474 3740
 3635 1737 1929 3148 3747  621 3296 3784  615 3308 7051 4144]",1082
432,0.3272794395111232,34,3296,2451,"[2741 2545  844 3731 4081 1962 6548 7037 2946  200 3721 1237  377 2027
 1121 1459 6972 3105  668 1906 6328 7401 1113  947 2041 3142 5474 3740
 3635 1737 1929 3148 3747  621 2451 3784  615 3308 7051 4144]",1071
433,0.31510908620321826,10,3721,748,"[2741 2545  844 3731 4081 1962 6548 7037 2946  200  748 1237  377 2027
 1121 1459 6972 3105  668 1906 6328 7401 1113  947 2041 3142 5474 3740
 3635 1737 1929 3148 3747  621 2451 3784  615 3308 7051 4144]",1080
434,0.31060327793010367,27,3740,2536,"[2741 2545  844 3731 4081 1962 6548 7037 2946  200  748 1237  377 2027
 1121 1459 6972 3105  668 1906 6328 7401 1113  947 2041 3142 5474 2536
 3635 1737 1929 3148 3747  621 2451 3784  615 3308 7051 4144]",1060
435,0.3211909980367249,27,2536,3509,"[2741 2545  844 3731 4081 1962 6548 7037 2946  200  748 1237  377 2027
 1121 1459 6972 3105  668 1906 6328 7401 1113  947 2041 3142 5474 3509
 3635 1737 1929 3148 3747  621 2451 3784  615 3308 7051 4144]",1060
436,0.3200148890971135,35,3784,2227,"[2741 2545  844 3731 4081 1962 6548 7037 2946  200  748 1237  377 2027
 1121 1459 6972 3105  668 1906 6328 7401 1113  947 2041 3142 5474 3509
 3635 1737 1929 3148 3747  621 2451 2227  615 3308 7051 4144]",1053
437,0.3185409594915386,16,6972,2572,"[2741 2545  844 3731 4081 1962 6548 7037 2946  200  748 1237  377 2027
 1121 1459 2572 3105  668 1906 6328 7401 1113  947 2041 3142 5474 3509
 3635 1737 1929 3148 3747  621 2451 2227  615 3308 7051 4144]",957
438,0.3165495290170137,34,2451,4508,"[2741 2545  844 3731 4081 1962 6548 7037 2946  200  748 1237  377 2027
 1121 1459 2572 3105  668 1906 6328 7401 1113  947 2041 3142 5474 3509
 3635 1737 1929 3148 3747  621 4508 2227  615 3308 7051 4144]",902
439,0.32510599842131344,36,615,3643,"[2741 2545  844 3731 4081 1962 6548 7037 2946  200  748 1237  377 2027
 1121 1459 2572 3105  668 1906 6328 7401 1113  947 2041 3142 5474 3509
 3635 1737 1929 3148 3747  621 4508 2227 3643 3308 7051 4144]",900
440,0.3335829873275699,11,1237,2447,"[2741 2545  844 3731 4081 1962 6548 7037 2946  200  748 2447  377 2027
 1121 1459 2572 3105  668 1906 6328 7401 1113  947 2041 3142 5474 3509
 3635 1737 1929 3148 3747  621 4508 2227 3643 3308 7051 4144]",910
441,0.3298125471980853,4,4081,4704,"[2741 2545  844 3731 4704 1962 6548 7037 2946  200  748 2447  377 2027
 1121 1459 2572 3105  668 1906 6328 7401 1113  947 2041 3142 5474 3509
 3635 1737 1929 3148 3747  621 4508 2227 3643 3308 7051 4144]",889
442,0.33035070107068853,10,748,1033,"[2741 2545  844 3731 4704 1962 6548 7037 2946  200 1033 2447  377 2027
 1121 1459 2572 3105  668 1906 6328 7401 1113  947 2041 3142 5474 3509
 3635 1737 1929 3148 3747  621 4508 2227 3643 3308 7051 4144]",870
443,0.32183231566498194,27,3509,2652,"[2741 2545  844 3731 4704 1962 6548 7037 2946  200 1033 2447  377 2027
 1121 1459 2572 3105  668 1906 6328 7401 1113  947 2041 3142 5474 2652
 3635 1737 1929 3148 3747  621 4508 2227 3643 3308 7051 4144]",862
444,0.3245964989955663,3,3731,3883,"[2741 2545  844 3883 4704 1962 6548 7037 2946  200 1033 2447  377 2027
 1121 1459 2572 3105  668 1906 6328 7401 1113  947 2041 3142 5474 2652
 3635 1737 1929 3148 3747  621 4508 2227 3643 3308 7051 4144]",920
445,0.32658242356882666,16,2572,6974,"[2741 2545  844 3883 4704 1962 6548 7037 2946  200 1033 2447  377 2027
 1121 1459 6974 3105  668 1906 6328 7401 1113  947 2041 3142 5474 2652
 3635 1737 1929 3148 3747  621 4508 2227 3643 3308 7051 4144]",929
446,0.33126608702853044,32,3747,2363,"[2741 2545  844 3883 4704 1962 6548 7037 2946  200 1033 2447  377 2027
 1121 1459 6974 3105  668 1906 6328 7401 1113  947 2041 3142 5474 2652
 3635 1737 1929 3148 2363  621 4508 2227 3643 3308 7051 4144]",950
447,0.3247797486479473,31,3148,1541,"[2741 2545  844 3883 4704 1962 6548 7037 2946  200 1033 2447  377 2027
 1121 1459 6974 3105  668 1906 6328 7401 1113  947 2041 3142 5474 2652
 3635 1737 1929 1541 2363  621 4508 2227 3643 3308 7051 4144]",931
448,0.33423268460638933,16,6974,3581,"[2741 2545  844 3883 4704 1962 6548 7037 2946  200 1033 2447  377 2027
 1121 1459 3581 3105  668 1906 6328 7401 1113  947 2041 3142 5474 2652
 3635 1737 1929 1541 2363  621 4508 2227 3643 3308 7051 4144]",915
449,0.33444904005661263,7,7037,4134,"[2741 2545  844 3883 4704 1962 6548 4134 2946  200 1033 2447  377 2027
 1121 1459 3581 3105  668 1906 6328 7401 1113  947 2041 3142 5474 2652
 3635 1737 1929 1541 2363  621 4508 2227 3643 3308 7051 4144]",897
450,0.3312293555585798,39,4144,4013,"[2741 2545  844 3883 4704 1962 6548 4134 2946  200 1033 2447  377 2027
 1121 1459 3581 3105  668 1906 6328 7401 1113  947 2041 3142 5474 2652
 3635 1737 1929 1541 2363  621 4508 2227 3643 3308 7051 4013]",915
451,0.33776098916663344,2,844,6974,"[2741 2545 6974 3883 4704 1962 6548 4134 2946  200 1033 2447  377 2027
 1121 1459 3581 3105  668 1906 6328 7401 1113  947 2041 3142 5474 2652
 3635 1737 1929 1541 2363  621 4508 2227 3643 3308 7051 4013]",890
452,0.35417872682225005,15,1459,3078,"[2741 2545 6974 3883 4704 1962 6548 4134 2946  200 1033 2447  377 2027
 1121 3078 3581 3105  668 1906 6328 7401 1113  947 2041 3142 5474 2652
 3635 1737 1929 1541 2363  621 4508 2227 3643 3308 7051 4013]",893
453,0.3558421275314325,13,2027,1956,"[2741 2545 6974 3883 4704 1962 6548 4134 2946  200 1033 2447  377 1956
 1121 3078 3581 3105  668 1906 6328 7401 1113  947 2041 3142 5474 2652
 3635 1737 1929 1541 2363  621 4508 2227 3643 3308 7051 4013]",894
454,0.3562862243478463,5,1962,770,"[2741 2545 6974 3883 4704  770 6548 4134 2946  200 1033 2447  377 1956
 1121 3078 3581 3105  668 1906 6328 7401 1113  947 2041 3142 5474 2652
 3635 1737 1929 1541 2363  621 4508 2227 3643 3308 7051 4013]",901
455,0.35415071029648815,14,1121,321,"[2741 2545 6974 3883 4704  770 6548 4134 2946  200 1033 2447  377 1956
  321 3078 3581 3105  668 1906 6328 7401 1113  947 2041 3142 5474 2652
 3635 1737 1929 1541 2363  621 4508 2227 3643 3308 7051 4013]",901
456,0.351483635725667,8,2946,2710,"[2741 2545 6974 3883 4704  770 6548 4134 2710  200 1033 2447  377 1956
  321 3078 3581 3105  668 1906 6328 7401 1113  947 2041 3142 5474 2652
 3635 1737 1929 1541 2363  621 4508 2227 3643 3308 7051 4013]",901
457,0.34870373753966566,38,7051,2105,"[2741 2545 6974 3883 4704  770 6548 4134 2710  200 1033 2447  377 1956
  321 3078 3581 3105  668 1906 6328 7401 1113  947 2041 3142 5474 2652
 3635 1737 1929 1541 2363  621 4508 2227 3643 3308 2105 4013]",883
458,0.35056056720869055,25,3142,2944,"[2741 2545 6974 3883 4704  770 6548 4134 2710  200 1033 2447  377 1956
  321 3078 3581 3105  668 1906 6328 7401 1113  947 2041 2944 5474 2652
 3635 1737 1929 1541 2363  621 4508 2227 3643 3308 2105 4013]",881
459,0.35860126402733355,35,2227,4502,"[2741 2545 6974 3883 4704  770 6548 4134 2710  200 1033 2447  377 1956
  321 3078 3581 3105  668 1906 6328 7401 1113  947 2041 2944 5474 2652
 3635 1737 1929 1541 2363  621 4508 4502 3643 3308 2105 4013]",870
460,0.3583924087825603,38,2105,2693,"[2741 2545 6974 3883 4704  770 6548 4134 2710  200 1033 2447  377 1956
  321 3078 3581 3105  668 1906 6328 7401 1113  947 2041 2944 5474 2652
 3635 1737 1929 1541 2363  621 4508 4502 3643 3308 2693 4013]",841
461,0.3608747813381359,39,4013,6897,"[2741 2545 6974 3883 4704  770 6548 4134 2710  200 1033 2447  377 1956
  321 3078 3581 3105  668 1906 6328 7401 1113  947 2041 2944 5474 2652
 3635 1737 1929 1541 2363  621 4508 4502 3643 3308 2693 6897]",862
462,0.35169662497894444,11,2447,1512,"[2741 2545 6974 3883 4704  770 6548 4134 2710  200 1033 1512  377 1956
  321 3078 3581 3105  668 1906 6328 7401 1113  947 2041 2944 5474 2652
 3635 1737 1929 1541 2363  621 4508 4502 3643 3308 2693 6897]",865
463,0.35056613938885073,22,1113,5700,"[2741 2545 6974 3883 4704  770 6548 4134 2710  200 1033 1512  377 1956
  321 3078 3581 3105  668 1906 6328 7401 5700  947 2041 2944 5474 2652
 3635 1737 1929 1541 2363  621 4508 4502 3643 3308 2693 6897]",842
464,0.3403416223560265,13,1956,2227,"[2741 2545 6974 3883 4704  770 6548 4134 2710  200 1033 1512  377 2227
  321 3078 3581 3105  668 1906 6328 7401 5700  947 2041 2944 5474 2652
 3635 1737 1929 1541 2363  621 4508 4502 3643 3308 2693 6897]",840
465,0.3451526091222936,39,6897,2516,"[2741 2545 6974 3883 4704  770 6548 4134 2710  200 1033 1512  377 2227
  321 3078 3581 3105  668 1906 6328 7401 5700  947 2041 2944 5474 2652
 3635 1737 1929 1541 2363  621 4508 4502 3643 3308 2693 2516]",844
466,0.34236100303670836,29,1737,2788,"[2741 2545 6974 3883 4704  770 6548 4134 2710  200 1033 1512  377 2227
  321 3078 3581 3105  668 1906 6328 7401 5700  947 2041 2944 5474 2652
 3635 2788 1929 1541 2363  621 4508 4502 3643 3308 2693 2516]",914
467,0.34000575465960814,1,2545,1479,"[2741 1479 6974 3883 4704  770 6548 4134 2710  200 1033 1512  377 2227
  321 3078 3581 3105  668 1906 6328 7401 5700  947 2041 2944 5474 2652
 3635 2788 1929 1541 2363  621 4508 4502 3643 3308 2693 2516]",944
468,0.34471054607402574,11,1512,1737,"[2741 1479 6974 3883 4704  770 6548 4134 2710  200 1033 1737  377 2227
  321 3078 3581 3105  668 1906 6328 7401 5700  947 2041 2944 5474 2652
 3635 2788 1929 1541 2363  621 4508 4502 3643 3308 2693 2516]",971
469,0.34247398272509544,7,4134,5906,"[2741 1479 6974 3883 4704  770 6548 5906 2710  200 1033 1737  377 2227
  321 3078 3581 3105  668 1906 6328 7401 5700  947 2041 2944 5474 2652
 3635 2788 1929 1541 2363  621 4508 4502 3643 3308 2693 2516]",924
470,0.3419759057486479,6,6548,1746,"[2741 1479 6974 3883 4704  770 1746 5906 2710  200 1033 1737  377 2227
  321 3078 3581 3105  668 1906 6328 7401 5700  947 2041 2944 5474 2652
 3635 2788 1929 1541 2363  621 4508 4502 3643 3308 2693 2516]",934
471,0.3435962575218249,2,6974,6829,"[2741 1479 6829 3883 4704  770 1746 5906 2710  200 1033 1737  377 2227
  321 3078 3581 3105  668 1906 6328 7401 5700  947 2041 2944 5474 2652
 3635 2788 1929 1541 2363  621 4508 4502 3643 3308 2693 2516]",926
472,0.3448506598633225,22,5700,4336,"[2741 1479 6829 3883 4704  770 1746 5906 2710  200 1033 1737  377 2227
  321 3078 3581 3105  668 1906 6328 7401 4336  947 2041 2944 5474 2652
 3635 2788 1929 1541 2363  621 4508 4502 3643 3308 2693 2516]",911
473,0.3478527361260529,25,2944,3014,"[2741 1479 6829 3883 4704  770 1746 5906 2710  200 1033 1737  377 2227
  321 3078 3581 3105  668 1906 6328 7401 4336  947 2041 3014 5474 2652
 3635 2788 1929 1541 2363  621 4508 4502 3643 3308 2693 2516]",875
474,0.3500880252147371,17,3105,7324,"[2741 1479 6829 3883 4704  770 1746 5906 2710  200 1033 1737  377 2227
  321 3078 3581 7324  668 1906 6328 7401 4336  947 2041 3014 5474 2652
 3635 2788 1929 1541 2363  621 4508 4502 3643 3308 2693 2516]",932
475,0.34598899773170766,23,947,4157,"[2741 1479 6829 3883 4704  770 1746 5906 2710  200 1033 1737  377 2227
  321 3078 3581 7324  668 1906 6328 7401 4336 4157 2041 3014 5474 2652
 3635 2788 1929 1541 2363  621 4508 4502 3643 3308 2693 2516]",967
476,0.3493301729172008,26,5474,6693,"[2741 1479 6829 3883 4704  770 1746 5906 2710  200 1033 1737  377 2227
  321 3078 3581 7324  668 1906 6328 7401 4336 4157 2041 3014 6693 2652
 3635 2788 1929 1541 2363  621 4508 4502 3643 3308 2693 2516]",956
477,0.34935683881986224,10,1033,1038,"[2741 1479 6829 3883 4704  770 1746 5906 2710  200 1038 1737  377 2227
  321 3078 3581 7324  668 1906 6328 7401 4336 4157 2041 3014 6693 2652
 3635 2788 1929 1541 2363  621 4508 4502 3643 3308 2693 2516]",986
478,0.34225870238919986,31,1541,2166,"[2741 1479 6829 3883 4704  770 1746 5906 2710  200 1038 1737  377 2227
  321 3078 3581 7324  668 1906 6328 7401 4336 4157 2041 3014 6693 2652
 3635 2788 1929 2166 2363  621 4508 4502 3643 3308 2693 2516]",940
479,0.3464159031476265,12,377,2401,"[2741 1479 6829 3883 4704  770 1746 5906 2710  200 1038 1737 2401 2227
  321 3078 3581 7324  668 1906 6328 7401 4336 4157 2041 3014 6693 2652
 3635 2788 1929 2166 2363  621 4508 4502 3643 3308 2693 2516]",955
480,0.34634245432343186,4,4704,4844,"[2741 1479 6829 3883 4844  770 1746 5906 2710  200 1038 1737 2401 2227
  321 3078 3581 7324  668 1906 6328 7401 4336 4157 2041 3014 6693 2652
 3635 2788 1929 2166 2363  621 4508 4502 3643 3308 2693 2516]",1004
481,0.34802037668400504,31,2166,1401,"[2741 1479 6829 3883 4844  770 1746 5906 2710  200 1038 1737 2401 2227
  321 3078 3581 7324  668 1906 6328 7401 4336 4157 2041 3014 6693 2652
 3635 2788 1929 1401 2363  621 4508 4502 3643 3308 2693 2516]",945
482,0.35099061767735906,20,6328,590,"[2741 1479 6829 3883 4844  770 1746 5906 2710  200 1038 1737 2401 2227
  321 3078 3581 7324  668 1906  590 7401 4336 4157 2041 3014 6693 2652
 3635 2788 1929 1401 2363  621 4508 4502 3643 3308 2693 2516]",933
483,0.3471290594358104,37,3308,1097,"[2741 1479 6829 3883 4844  770 1746 5906 2710  200 1038 1737 2401 2227
  321 3078 3581 7324  668 1906  590 7401 4336 4157 2041 3014 6693 2652
 3635 2788 1929 1401 2363  621 4508 4502 3643 1097 2693 2516]",953
484,0.34639683351165484,38,2693,1019,"[2741 1479 6829 3883 4844  770 1746 5906 2710  200 1038 1737 2401 2227
  321 3078 3581 7324  668 1906  590 7401 4336 4157 2041 3014 6693 2652
 3635 2788 1929 1401 2363  621 4508 4502 3643 1097 1019 2516]",953
485,0.3297244069443711,2,6829,1443,"[2741 1479 1443 3883 4844  770 1746 5906 2710  200 1038 1737 2401 2227
  321 3078 3581 7324  668 1906  590 7401 4336 4157 2041 3014 6693 2652
 3635 2788 1929 1401 2363  621 4508 4502 3643 1097 1019 2516]",955
486,0.3391497342897004,9,200,3375,"[2741 1479 1443 3883 4844  770 1746 5906 2710 3375 1038 1737 2401 2227
  321 3078 3581 7324  668 1906  590 7401 4336 4157 2041 3014 6693 2652
 3635 2788 1929 1401 2363  621 4508 4502 3643 1097 1019 2516]",914
487,0.3322174236148658,10,1038,2096,"[2741 1479 1443 3883 4844  770 1746 5906 2710 3375 2096 1737 2401 2227
  321 3078 3581 7324  668 1906  590 7401 4336 4157 2041 3014 6693 2652
 3635 2788 1929 1401 2363  621 4508 4502 3643 1097 1019 2516]",941
488,0.3314985643431038,20,590,748,"[2741 1479 1443 3883 4844  770 1746 5906 2710 3375 2096 1737 2401 2227
  321 3078 3581 7324  668 1906  748 7401 4336 4157 2041 3014 6693 2652
 3635 2788 1929 1401 2363  621 4508 4502 3643 1097 1019 2516]",953
489,0.33501576942498484,34,4508,2691,"[2741 1479 1443 3883 4844  770 1746 5906 2710 3375 2096 1737 2401 2227
  321 3078 3581 7324  668 1906  748 7401 4336 4157 2041 3014 6693 2652
 3635 2788 1929 1401 2363  621 2691 4502 3643 1097 1019 2516]",917
490,0.33774996954877234,4,4844,825,"[2741 1479 1443 3883  825  770 1746 5906 2710 3375 2096 1737 2401 2227
  321 3078 3581 7324  668 1906  748 7401 4336 4157 2041 3014 6693 2652
 3635 2788 1929 1401 2363  621 2691 4502 3643 1097 1019 2516]",939
491,0.3345280294605512,35,4502,2320,"[2741 1479 1443 3883  825  770 1746 5906 2710 3375 2096 1737 2401 2227
  321 3078 3581 7324  668 1906  748 7401 4336 4157 2041 3014 6693 2652
 3635 2788 1929 1401 2363  621 2691 2320 3643 1097 1019 2516]",981
492,0.3397152047192563,27,2652,3284,"[2741 1479 1443 3883  825  770 1746 5906 2710 3375 2096 1737 2401 2227
  321 3078 3581 7324  668 1906  748 7401 4336 4157 2041 3014 6693 3284
 3635 2788 1929 1401 2363  621 2691 2320 3643 1097 1019 2516]",944
493,0.33891438956317604,19,1906,4068,"[2741 1479 1443 3883  825  770 1746 5906 2710 3375 2096 1737 2401 2227
  321 3078 3581 7324  668 4068  748 7401 4336 4157 2041 3014 6693 3284
 3635 2788 1929 1401 2363  621 2691 2320 3643 1097 1019 2516]",952
494,0.3269474405812333,15,3078,193,"[2741 1479 1443 3883  825  770 1746 5906 2710 3375 2096 1737 2401 2227
  321  193 3581 7324  668 4068  748 7401 4336 4157 2041 3014 6693 3284
 3635 2788 1929 1401 2363  621 2691 2320 3643 1097 1019 2516]",909
495,0.3280549393386651,11,1737,6468,"[2741 1479 1443 3883  825  770 1746 5906 2710 3375 2096 6468 2401 2227
  321  193 3581 7324  668 4068  748 7401 4336 4157 2041 3014 6693 3284
 3635 2788 1929 1401 2363  621 2691 2320 3643 1097 1019 2516]",927
496,0.3257645550761827,4,825,270,"[2741 1479 1443 3883  270  770 1746 5906 2710 3375 2096 6468 2401 2227
  321  193 3581 7324  668 4068  748 7401 4336 4157 2041 3014 6693 3284
 3635 2788 1929 1401 2363  621 2691 2320 3643 1097 1019 2516]",908
497,0.32837121944752523,4,270,3174,"[2741 1479 1443 3883 3174  770 1746 5906 2710 3375 2096 6468 2401 2227
  321  193 3581 7324  668 4068  748 7401 4336 4157 2041 3014 6693 3284
 3635 2788 1929 1401 2363  621 2691 2320 3643 1097 1019 2516]",908
498,0.3265468369438577,20,748,1734,"[2741 1479 1443 3883 3174  770 1746 5906 2710 3375 2096 6468 2401 2227
  321  193 3581 7324  668 4068 1734 7401 4336 4157 2041 3014 6693 3284
 3635 2788 1929 1401 2363  621 2691 2320 3643 1097 1019 2516]",860
499,0.3140753399378289,16,3581,4275,"[2741 1479 1443 3883 3174  770 1746 5906 2710 3375 2096 6468 2401 2227
  321  193 4275 7324  668 4068 1734 7401 4336 4157 2041 3014 6693 3284
 3635 2788 1929 1401 2363  621 2691 2320 3643 1097 1019 2516]",876
500,0.3091811666155289,17,7324,4849,"[2741 1479 1443 3883 3174  770 1746 5906 2710 3375 2096 6468 2401 2227
  321  193 4275 4849  668 4068 1734 7401 4336 4157 2041 3014 6693 3284
 3635 2788 1929 1401 2363  621 2691 2320 3643 1097 1019 2516]",861
501,0.3122275795118501,21,7401,3150,"[2741 1479 1443 3883 3174  770 1746 5906 2710 3375 2096 6468 2401 2227
  321  193 4275 4849  668 4068 1734 3150 4336 4157 2041 3014 6693 3284
 3635 2788 1929 1401 2363  621 2691 2320 3643 1097 1019 2516]",851
502,0.31517434566944913,10,2096,1907,"[2741 1479 1443 3883 3174  770 1746 5906 2710 3375 1907 6468 2401 2227
  321  193 4275 4849  668 4068 1734 3150 4336 4157 2041 3014 6693 3284
 3635 2788 1929 1401 2363  621 2691 2320 3643 1097 1019 2516]",863
503,0.3176333559555044,36,3643,4501,"[2741 1479 1443 3883 3174  770 1746 5906 2710 3375 1907 6468 2401 2227
  321  193 4275 4849  668 4068 1734 3150 4336 4157 2041 3014 6693 3284
 3635 2788 1929 1401 2363  621 2691 2320 4501 1097 1019 2516]",859
504,0.31476165336765494,19,4068,1740,"[2741 1479 1443 3883 3174  770 1746 5906 2710 3375 1907 6468 2401 2227
  321  193 4275 4849  668 1740 1734 3150 4336 4157 2041 3014 6693 3284
 3635 2788 1929 1401 2363  621 2691 2320 4501 1097 1019 2516]",846
505,0.32341010442044066,29,2788,7258,"[2741 1479 1443 3883 3174  770 1746 5906 2710 3375 1907 6468 2401 2227
  321  193 4275 4849  668 1740 1734 3150 4336 4157 2041 3014 6693 3284
 3635 7258 1929 1401 2363  621 2691 2320 4501 1097 1019 2516]",837
506,0.32531456081973215,13,2227,818,"[2741 1479 1443 3883 3174  770 1746 5906 2710 3375 1907 6468 2401  818
  321  193 4275 4849  668 1740 1734 3150 4336 4157 2041 3014 6693 3284
 3635 7258 1929 1401 2363  621 2691 2320 4501 1097 1019 2516]",775
507,0.3343068839925567,19,1740,3866,"[2741 1479 1443 3883 3174  770 1746 5906 2710 3375 1907 6468 2401  818
  321  193 4275 4849  668 3866 1734 3150 4336 4157 2041 3014 6693 3284
 3635 7258 1929 1401 2363  621 2691 2320 4501 1097 1019 2516]",757
508,0.33389101877021654,18,668,670,"[2741 1479 1443 3883 3174  770 1746 5906 2710 3375 1907 6468 2401  818
  321  193 4275 4849  670 3866 1734 3150 4336 4157 2041 3014 6693 3284
 3635 7258 1929 1401 2363  621 2691 2320 4501 1097 1019 2516]",733
509,0.33375082097350284,24,2041,1040,"[2741 1479 1443 3883 3174  770 1746 5906 2710 3375 1907 6468 2401  818
  321  193 4275 4849  670 3866 1734 3150 4336 4157 1040 3014 6693 3284
 3635 7258 1929 1401 2363  621 2691 2320 4501 1097 1019 2516]",725
510,0.336498920169258,1,1479,7052,"[2741 7052 1443 3883 3174  770 1746 5906 2710 3375 1907 6468 2401  818
  321  193 4275 4849  670 3866 1734 3150 4336 4157 1040 3014 6693 3284
 3635 7258 1929 1401 2363  621 2691 2320 4501 1097 1019 2516]",685
511,0.3292360623632944,3,3883,1870,"[2741 7052 1443 1870 3174  770 1746 5906 2710 3375 1907 6468 2401  818
  321  193 4275 4849  670 3866 1734 3150 4336 4157 1040 3014 6693 3284
 3635 7258 1929 1401 2363  621 2691 2320 4501 1097 1019 2516]",758
512,0.33232721412384747,0,2741,520,"[ 520 7052 1443 1870 3174  770 1746 5906 2710 3375 1907 6468 2401  818
  321  193 4275 4849  670 3866 1734 3150 4336 4157 1040 3014 6693 3284
 3635 7258 1929 1401 2363  621 2691 2320 4501 1097 1019 2516]",803
513,0.32733343864411646,6,1746,3524,"[ 520 7052 1443 1870 3174  770 3524 5906 2710 3375 1907 6468 2401  818
  321  193 4275 4849  670 3866 1734 3150 4336 4157 1040 3014 6693 3284
 3635 7258 1929 1401 2363  621 2691 2320 4501 1097 1019 2516]",850
514,0.3334168549544034,4,3174,1824,"[ 520 7052 1443 1870 1824  770 3524 5906 2710 3375 1907 6468 2401  818
  321  193 4275 4849  670 3866 1734 3150 4336 4157 1040 3014 6693 3284
 3635 7258 1929 1401 2363  621 2691 2320 4501 1097 1019 2516]",882
515,0.3391865037464028,3,1870,3098,"[ 520 7052 1443 3098 1824  770 3524 5906 2710 3375 1907 6468 2401  818
  321  193 4275 4849  670 3866 1734 3150 4336 4157 1040 3014 6693 3284
 3635 7258 1929 1401 2363  621 2691 2320 4501 1097 1019 2516]",859
516,0.33887041660241773,22,4336,5263,"[ 520 7052 1443 3098 1824  770 3524 5906 2710 3375 1907 6468 2401  818
  321  193 4275 4849  670 3866 1734 3150 5263 4157 1040 3014 6693 3284
 3635 7258 1929 1401 2363  621 2691 2320 4501 1097 1019 2516]",867
517,0.33439840577910906,19,3866,4140,"[ 520 7052 1443 3098 1824  770 3524 5906 2710 3375 1907 6468 2401  818
  321  193 4275 4849  670 4140 1734 3150 5263 4157 1040 3014 6693 3284
 3635 7258 1929 1401 2363  621 2691 2320 4501 1097 1019 2516]",856
518,0.34222513211686717,0,520,3650,"[3650 7052 1443 3098 1824  770 3524 5906 2710 3375 1907 6468 2401  818
  321  193 4275 4849  670 4140 1734 3150 5263 4157 1040 3014 6693 3284
 3635 7258 1929 1401 2363  621 2691 2320 4501 1097 1019 2516]",854
519,0.3393844353770099,18,670,3951,"[3650 7052 1443 3098 1824  770 3524 5906 2710 3375 1907 6468 2401  818
  321  193 4275 4849 3951 4140 1734 3150 5263 4157 1040 3014 6693 3284
 3635 7258 1929 1401 2363  621 2691 2320 4501 1097 1019 2516]",821
520,0.33814083468798894,6,3524,5056,"[3650 7052 1443 3098 1824  770 5056 5906 2710 3375 1907 6468 2401  818
  321  193 4275 4849 3951 4140 1734 3150 5263 4157 1040 3014 6693 3284
 3635 7258 1929 1401 2363  621 2691 2320 4501 1097 1019 2516]",789
521,0.3413767877382242,11,6468,6825,"[3650 7052 1443 3098 1824  770 5056 5906 2710 3375 1907 6825 2401  818
  321  193 4275 4849 3951 4140 1734 3150 5263 4157 1040 3014 6693 3284
 3635 7258 1929 1401 2363  621 2691 2320 4501 1097 1019 2516]",830
522,0.341772947108369,10,1907,1889,"[3650 7052 1443 3098 1824  770 5056 5906 2710 3375 1889 6825 2401  818
  321  193 4275 4849 3951 4140 1734 3150 5263 4157 1040 3014 6693 3284
 3635 7258 1929 1401 2363  621 2691 2320 4501 1097 1019 2516]",809
523,0.34103968308695276,38,1019,7250,"[3650 7052 1443 3098 1824  770 5056 5906 2710 3375 1889 6825 2401  818
  321  193 4275 4849 3951 4140 1734 3150 5263 4157 1040 3014 6693 3284
 3635 7258 1929 1401 2363  621 2691 2320 4501 1097 7250 2516]",794
524,0.3446921088132222,24,1040,1323,"[3650 7052 1443 3098 1824  770 5056 5906 2710 3375 1889 6825 2401  818
  321  193 4275 4849 3951 4140 1734 3150 5263 4157 1323 3014 6693 3284
 3635 7258 1929 1401 2363  621 2691 2320 4501 1097 7250 2516]",845
525,0.33833082007156046,29,7258,1480,"[3650 7052 1443 3098 1824  770 5056 5906 2710 3375 1889 6825 2401  818
  321  193 4275 4849 3951 4140 1734 3150 5263 4157 1323 3014 6693 3284
 3635 1480 1929 1401 2363  621 2691 2320 4501 1097 7250 2516]",826
526,0.33227872573064243,32,2363,3674,"[3650 7052 1443 3098 1824  770 5056 5906 2710 3375 1889 6825 2401  818
  321  193 4275 4849 3951 4140 1734 3150 5263 4157 1323 3014 6693 3284
 3635 1480 1929 1401 3674  621 2691 2320 4501 1097 7250 2516]",868
527,0.3290541422482288,4,1824,972,"[3650 7052 1443 3098  972  770 5056 5906 2710 3375 1889 6825 2401  818
  321  193 4275 4849 3951 4140 1734 3150 5263 4157 1323 3014 6693 3284
 3635 1480 1929 1401 3674  621 2691 2320 4501 1097 7250 2516]",815
528,0.3275958616882576,24,1323,1969,"[3650 7052 1443 3098  972  770 5056 5906 2710 3375 1889 6825 2401  818
  321  193 4275 4849 3951 4140 1734 3150 5263 4157 1969 3014 6693 3284
 3635 1480 1929 1401 3674  621 2691 2320 4501 1097 7250 2516]",828
529,0.3220584023636757,25,3014,592,"[3650 7052 1443 3098  972  770 5056 5906 2710 3375 1889 6825 2401  818
  321  193 4275 4849 3951 4140 1734 3150 5263 4157 1969  592 6693 3284
 3635 1480 1929 1401 3674  621 2691 2320 4501 1097 7250 2516]",821
530,0.3125295266423554,12,2401,824,"[3650 7052 1443 3098  972  770 5056 5906 2710 3375 1889 6825  824  818
  321  193 4275 4849 3951 4140 1734 3150 5263 4157 1969  592 6693 3284
 3635 1480 1929 1401 3674  621 2691 2320 4501 1097 7250 2516]",783
531,0.3143390077155634,29,1480,670,"[3650 7052 1443 3098  972  770 5056 5906 2710 3375 1889 6825  824  818
  321  193 4275 4849 3951 4140 1734 3150 5263 4157 1969  592 6693 3284
 3635  670 1929 1401 3674  621 2691 2320 4501 1097 7250 2516]",810
532,0.3182195040680478,13,818,1622,"[3650 7052 1443 3098  972  770 5056 5906 2710 3375 1889 6825  824 1622
  321  193 4275 4849 3951 4140 1734 3150 5263 4157 1969  592 6693 3284
 3635  670 1929 1401 3674  621 2691 2320 4501 1097 7250 2516]",802
533,0.3181248308199395,26,6693,3643,"[3650 7052 1443 3098  972  770 5056 5906 2710 3375 1889 6825  824 1622
  321  193 4275 4849 3951 4140 1734 3150 5263 4157 1969  592 3643 3284
 3635  670 1929 1401 3674  621 2691 2320 4501 1097 7250 2516]",818
534,0.31629103003783915,29,670,4076,"[3650 7052 1443 3098  972  770 5056 5906 2710 3375 1889 6825  824 1622
  321  193 4275 4849 3951 4140 1734 3150 5263 4157 1969  592 3643 3284
 3635 4076 1929 1401 3674  621 2691 2320 4501 1097 7250 2516]",828
535,0.31963069453216963,33,621,6762,"[3650 7052 1443 3098  972  770 5056 5906 2710 3375 1889 6825  824 1622
  321  193 4275 4849 3951 4140 1734 3150 5263 4157 1969  592 3643 3284
 3635 4076 1929 1401 3674 6762 2691 2320 4501 1097 7250 2516]",822
536,0.32360067203522724,12,824,2472,"[3650 7052 1443 3098  972  770 5056 5906 2710 3375 1889 6825 2472 1622
  321  193 4275 4849 3951 4140 1734 3150 5263 4157 1969  592 3643 3284
 3635 4076 1929 1401 3674 6762 2691 2320 4501 1097 7250 2516]",811
537,0.31818453573577754,9,3375,1248,"[3650 7052 1443 3098  972  770 5056 5906 2710 1248 1889 6825 2472 1622
  321  193 4275 4849 3951 4140 1734 3150 5263 4157 1969  592 3643 3284
 3635 4076 1929 1401 3674 6762 2691 2320 4501 1097 7250 2516]",829
538,0.3188588708174639,5,770,3090,"[3650 7052 1443 3098  972 3090 5056 5906 2710 1248 1889 6825 2472 1622
  321  193 4275 4849 3951 4140 1734 3150 5263 4157 1969  592 3643 3284
 3635 4076 1929 1401 3674 6762 2691 2320 4501 1097 7250 2516]",854
539,0.32632147438581915,2,1443,2291,"[3650 7052 2291 3098  972 3090 5056 5906 2710 1248 1889 6825 2472 1622
  321  193 4275 4849 3951 4140 1734 3150 5263 4157 1969  592 3643 3284
 3635 4076 1929 1401 3674 6762 2691 2320 4501 1097 7250 2516]",849
540,0.3298628328753699,6,5056,7471,"[3650 7052 2291 3098  972 3090 7471 5906 2710 1248 1889 6825 2472 1622
  321  193 4275 4849 3951 4140 1734 3150 5263 4157 1969  592 3643 3284
 3635 4076 1929 1401 3674 6762 2691 2320 4501 1097 7250 2516]",797
541,0.32638650762990007,10,1889,484,"[3650 7052 2291 3098  972 3090 7471 5906 2710 1248  484 6825 2472 1622
  321  193 4275 4849 3951 4140 1734 3150 5263 4157 1969  592 3643 3284
 3635 4076 1929 1401 3674 6762 2691 2320 4501 1097 7250 2516]",835
542,0.3213829418736754,0,3650,6402,"[6402 7052 2291 3098  972 3090 7471 5906 2710 1248  484 6825 2472 1622
  321  193 4275 4849 3951 4140 1734 3150 5263 4157 1969  592 3643 3284
 3635 4076 1929 1401 3674 6762 2691 2320 4501 1097 7250 2516]",797
543,0.3254971241598533,23,4157,1051,"[6402 7052 2291 3098  972 3090 7471 5906 2710 1248  484 6825 2472 1622
  321  193 4275 4849 3951 4140 1734 3150 5263 1051 1969  592 3643 3284
 3635 4076 1929 1401 3674 6762 2691 2320 4501 1097 7250 2516]",843
544,0.3248546675475775,23,1051,3940,"[6402 7052 2291 3098  972 3090 7471 5906 2710 1248  484 6825 2472 1622
  321  193 4275 4849 3951 4140 1734 3150 5263 3940 1969  592 3643 3284
 3635 4076 1929 1401 3674 6762 2691 2320 4501 1097 7250 2516]",843
545,0.31730668051679783,3,3098,2580,"[6402 7052 2291 2580  972 3090 7471 5906 2710 1248  484 6825 2472 1622
  321  193 4275 4849 3951 4140 1734 3150 5263 3940 1969  592 3643 3284
 3635 4076 1929 1401 3674 6762 2691 2320 4501 1097 7250 2516]",856
546,0.31395013194721244,35,2320,2716,"[6402 7052 2291 2580  972 3090 7471 5906 2710 1248  484 6825 2472 1622
  321  193 4275 4849 3951 4140 1734 3150 5263 3940 1969  592 3643 3284
 3635 4076 1929 1401 3674 6762 2691 2716 4501 1097 7250 2516]",902
547,0.3117702544968812,7,5906,819,"[6402 7052 2291 2580  972 3090 7471  819 2710 1248  484 6825 2472 1622
  321  193 4275 4849 3951 4140 1734 3150 5263 3940 1969  592 3643 3284
 3635 4076 1929 1401 3674 6762 2691 2716 4501 1097 7250 2516]",956
548,0.30993485324243275,10,484,2537,"[6402 7052 2291 2580  972 3090 7471  819 2710 1248 2537 6825 2472 1622
  321  193 4275 4849 3951 4140 1734 3150 5263 3940 1969  592 3643 3284
 3635 4076 1929 1401 3674 6762 2691 2716 4501 1097 7250 2516]",1001
549,0.3112335797504431,5,3090,3165,"[6402 7052 2291 2580  972 3165 7471  819 2710 1248 2537 6825 2472 1622
  321  193 4275 4849 3951 4140 1734 3150 5263 3940 1969  592 3643 3284
 3635 4076 1929 1401 3674 6762 2691 2716 4501 1097 7250 2516]",1048
550,0.3212530541995927,11,6825,3579,"[6402 7052 2291 2580  972 3165 7471  819 2710 1248 2537 3579 2472 1622
  321  193 4275 4849 3951 4140 1734 3150 5263 3940 1969  592 3643 3284
 3635 4076 1929 1401 3674 6762 2691 2716 4501 1097 7250 2516]",954
551,0.32808480676843993,7,819,2171,"[6402 7052 2291 2580  972 3165 7471 2171 2710 1248 2537 3579 2472 1622
  321  193 4275 4849 3951 4140 1734 3150 5263 3940 1969  592 3643 3284
 3635 4076 1929 1401 3674 6762 2691 2716 4501 1097 7250 2516]",951
552,0.3315136905442355,0,6402,1050,"[1050 7052 2291 2580  972 3165 7471 2171 2710 1248 2537 3579 2472 1622
  321  193 4275 4849 3951 4140 1734 3150 5263 3940 1969  592 3643 3284
 3635 4076 1929 1401 3674 6762 2691 2716 4501 1097 7250 2516]",923
553,0.3202012908128614,33,6762,1870,"[1050 7052 2291 2580  972 3165 7471 2171 2710 1248 2537 3579 2472 1622
  321  193 4275 4849 3951 4140 1734 3150 5263 3940 1969  592 3643 3284
 3635 4076 1929 1401 3674 1870 2691 2716 4501 1097 7250 2516]",949
554,0.32229142351439233,34,2691,5977,"[1050 7052 2291 2580  972 3165 7471 2171 2710 1248 2537 3579 2472 1622
  321  193 4275 4849 3951 4140 1734 3150 5263 3940 1969  592 3643 3284
 3635 4076 1929 1401 3674 1870 5977 2716 4501 1097 7250 2516]",966
555,0.3208944190521621,7,2171,2175,"[1050 7052 2291 2580  972 3165 7471 2175 2710 1248 2537 3579 2472 1622
  321  193 4275 4849 3951 4140 1734 3150 5263 3940 1969  592 3643 3284
 3635 4076 1929 1401 3674 1870 5977 2716 4501 1097 7250 2516]",976
556,0.3207088245534242,22,5263,5481,"[1050 7052 2291 2580  972 3165 7471 2175 2710 1248 2537 3579 2472 1622
  321  193 4275 4849 3951 4140 1734 3150 5481 3940 1969  592 3643 3284
 3635 4076 1929 1401 3674 1870 5977 2716 4501 1097 7250 2516]",982
557,0.3246199278872584,21,3150,3083,"[1050 7052 2291 2580  972 3165 7471 2175 2710 1248 2537 3579 2472 1622
  321  193 4275 4849 3951 4140 1734 3083 5481 3940 1969  592 3643 3284
 3635 4076 1929 1401 3674 1870 5977 2716 4501 1097 7250 2516]",956
558,0.3405523396792151,29,4076,6616,"[1050 7052 2291 2580  972 3165 7471 2175 2710 1248 2537 3579 2472 1622
  321  193 4275 4849 3951 4140 1734 3083 5481 3940 1969  592 3643 3284
 3635 6616 1929 1401 3674 1870 5977 2716 4501 1097 7250 2516]",912
559,0.3445933111935186,28,3635,2047,"[1050 7052 2291 2580  972 3165 7471 2175 2710 1248 2537 3579 2472 1622
  321  193 4275 4849 3951 4140 1734 3083 5481 3940 1969  592 3643 3284
 2047 6616 1929 1401 3674 1870 5977 2716 4501 1097 7250 2516]",871
560,0.34285154891670633,39,2516,2586,"[1050 7052 2291 2580  972 3165 7471 2175 2710 1248 2537 3579 2472 1622
  321  193 4275 4849 3951 4140 1734 3083 5481 3940 1969  592 3643 3284
 2047 6616 1929 1401 3674 1870 5977 2716 4501 1097 7250 2586]",919
561,0.3418035820465408,37,1097,3313,"[1050 7052 2291 2580  972 3165 7471 2175 2710 1248 2537 3579 2472 1622
  321  193 4275 4849 3951 4140 1734 3083 5481 3940 1969  592 3643 3284
 2047 6616 1929 1401 3674 1870 5977 2716 4501 3313 7250 2586]",953
562,0.3359437148501856,0,1050,1743,"[1743 7052 2291 2580  972 3165 7471 2175 2710 1248 2537 3579 2472 1622
  321  193 4275 4849 3951 4140 1734 3083 5481 3940 1969  592 3643 3284
 2047 6616 1929 1401 3674 1870 5977 2716 4501 3313 7250 2586]",964
563,0.34494612766178256,17,4849,694,"[1743 7052 2291 2580  972 3165 7471 2175 2710 1248 2537 3579 2472 1622
  321  193 4275  694 3951 4140 1734 3083 5481 3940 1969  592 3643 3284
 2047 6616 1929 1401 3674 1870 5977 2716 4501 3313 7250 2586]",972
564,0.34260547947296915,16,4275,4366,"[1743 7052 2291 2580  972 3165 7471 2175 2710 1248 2537 3579 2472 1622
  321  193 4366  694 3951 4140 1734 3083 5481 3940 1969  592 3643 3284
 2047 6616 1929 1401 3674 1870 5977 2716 4501 3313 7250 2586]",991
565,0.34424358747237394,26,3643,3148,"[1743 7052 2291 2580  972 3165 7471 2175 2710 1248 2537 3579 2472 1622
  321  193 4366  694 3951 4140 1734 3083 5481 3940 1969  592 3148 3284
 2047 6616 1929 1401 3674 1870 5977 2716 4501 3313 7250 2586]",983
566,0.3506937424963562,15,193,815,"[1743 7052 2291 2580  972 3165 7471 2175 2710 1248 2537 3579 2472 1622
  321  815 4366  694 3951 4140 1734 3083 5481 3940 1969  592 3148 3284
 2047 6616 1929 1401 3674 1870 5977 2716 4501 3313 7250 2586]",1017
567,0.3523218563409166,14,321,1090,"[1743 7052 2291 2580  972 3165 7471 2175 2710 1248 2537 3579 2472 1622
 1090  815 4366  694 3951 4140 1734 3083 5481 3940 1969  592 3148 3284
 2047 6616 1929 1401 3674 1870 5977 2716 4501 3313 7250 2586]",980
568,0.3487384781869137,38,7250,1242,"[1743 7052 2291 2580  972 3165 7471 2175 2710 1248 2537 3579 2472 1622
 1090  815 4366  694 3951 4140 1734 3083 5481 3940 1969  592 3148 3284
 2047 6616 1929 1401 3674 1870 5977 2716 4501 3313 1242 2586]",956
569,0.34772068849931936,36,4501,7038,"[1743 7052 2291 2580  972 3165 7471 2175 2710 1248 2537 3579 2472 1622
 1090  815 4366  694 3951 4140 1734 3083 5481 3940 1969  592 3148 3284
 2047 6616 1929 1401 3674 1870 5977 2716 7038 3313 1242 2586]",988
570,0.3451030002622637,34,5977,2161,"[1743 7052 2291 2580  972 3165 7471 2175 2710 1248 2537 3579 2472 1622
 1090  815 4366  694 3951 4140 1734 3083 5481 3940 1969  592 3148 3284
 2047 6616 1929 1401 3674 1870 2161 2716 7038 3313 1242 2586]",1002
571,0.34787497553838737,13,1622,4431,"[1743 7052 2291 2580  972 3165 7471 2175 2710 1248 2537 3579 2472 4431
 1090  815 4366  694 3951 4140 1734 3083 5481 3940 1969  592 3148 3284
 2047 6616 1929 1401 3674 1870 2161 2716 7038 3313 1242 2586]",1008
572,0.3490909739571012,18,3951,6048,"[1743 7052 2291 2580  972 3165 7471 2175 2710 1248 2537 3579 2472 4431
 1090  815 4366  694 6048 4140 1734 3083 5481 3940 1969  592 3148 3284
 2047 6616 1929 1401 3674 1870 2161 2716 7038 3313 1242 2586]",1043
573,0.34356460706717523,25,592,2744,"[1743 7052 2291 2580  972 3165 7471 2175 2710 1248 2537 3579 2472 4431
 1090  815 4366  694 6048 4140 1734 3083 5481 3940 1969 2744 3148 3284
 2047 6616 1929 1401 3674 1870 2161 2716 7038 3313 1242 2586]",1050
574,0.34008227074607345,15,815,3714,"[1743 7052 2291 2580  972 3165 7471 2175 2710 1248 2537 3579 2472 4431
 1090 3714 4366  694 6048 4140 1734 3083 5481 3940 1969 2744 3148 3284
 2047 6616 1929 1401 3674 1870 2161 2716 7038 3313 1242 2586]",1084
575,0.33435710741586694,26,3148,3879,"[1743 7052 2291 2580  972 3165 7471 2175 2710 1248 2537 3579 2472 4431
 1090 3714 4366  694 6048 4140 1734 3083 5481 3940 1969 2744 3879 3284
 2047 6616 1929 1401 3674 1870 2161 2716 7038 3313 1242 2586]",1077
576,0.3268786505570873,29,6616,3219,"[1743 7052 2291 2580  972 3165 7471 2175 2710 1248 2537 3579 2472 4431
 1090 3714 4366  694 6048 4140 1734 3083 5481 3940 1969 2744 3879 3284
 2047 3219 1929 1401 3674 1870 2161 2716 7038 3313 1242 2586]",1064
577,0.33242142895317256,17,694,6689,"[1743 7052 2291 2580  972 3165 7471 2175 2710 1248 2537 3579 2472 4431
 1090 3714 4366 6689 6048 4140 1734 3083 5481 3940 1969 2744 3879 3284
 2047 3219 1929 1401 3674 1870 2161 2716 7038 3313 1242 2586]",1137
578,0.3291629877883158,4,972,3775,"[1743 7052 2291 2580 3775 3165 7471 2175 2710 1248 2537 3579 2472 4431
 1090 3714 4366 6689 6048 4140 1734 3083 5481 3940 1969 2744 3879 3284
 2047 3219 1929 1401 3674 1870 2161 2716 7038 3313 1242 2586]",1136
579,0.3351985452266181,34,2161,455,"[1743 7052 2291 2580 3775 3165 7471 2175 2710 1248 2537 3579 2472 4431
 1090 3714 4366 6689 6048 4140 1734 3083 5481 3940 1969 2744 3879 3284
 2047 3219 1929 1401 3674 1870  455 2716 7038 3313 1242 2586]",1062
580,0.3347224434384583,31,1401,747,"[1743 7052 2291 2580 3775 3165 7471 2175 2710 1248 2537 3579 2472 4431
 1090 3714 4366 6689 6048 4140 1734 3083 5481 3940 1969 2744 3879 3284
 2047 3219 1929  747 3674 1870  455 2716 7038 3313 1242 2586]",1065
581,0.32148930437696027,17,6689,338,"[1743 7052 2291 2580 3775 3165 7471 2175 2710 1248 2537 3579 2472 4431
 1090 3714 4366  338 6048 4140 1734 3083 5481 3940 1969 2744 3879 3284
 2047 3219 1929  747 3674 1870  455 2716 7038 3313 1242 2586]",1079
582,0.32651538185359996,29,3219,6903,"[1743 7052 2291 2580 3775 3165 7471 2175 2710 1248 2537 3579 2472 4431
 1090 3714 4366  338 6048 4140 1734 3083 5481 3940 1969 2744 3879 3284
 2047 6903 1929  747 3674 1870  455 2716 7038 3313 1242 2586]",998
583,0.3174159106689071,39,2586,2593,"[1743 7052 2291 2580 3775 3165 7471 2175 2710 1248 2537 3579 2472 4431
 1090 3714 4366  338 6048 4140 1734 3083 5481 3940 1969 2744 3879 3284
 2047 6903 1929  747 3674 1870  455 2716 7038 3313 1242 2593]",1003
584,0.3168183757652384,15,3714,4134,"[1743 7052 2291 2580 3775 3165 7471 2175 2710 1248 2537 3579 2472 4431
 1090 4134 4366  338 6048 4140 1734 3083 5481 3940 1969 2744 3879 3284
 2047 6903 1929  747 3674 1870  455 2716 7038 3313 1242 2593]",945
585,0.32882827965686195,25,2744,1116,"[1743 7052 2291 2580 3775 3165 7471 2175 2710 1248 2537 3579 2472 4431
 1090 4134 4366  338 6048 4140 1734 3083 5481 3940 1969 1116 3879 3284
 2047 6903 1929  747 3674 1870  455 2716 7038 3313 1242 2593]",932
586,0.33296070572538006,15,4134,2658,"[1743 7052 2291 2580 3775 3165 7471 2175 2710 1248 2537 3579 2472 4431
 1090 2658 4366  338 6048 4140 1734 3083 5481 3940 1969 1116 3879 3284
 2047 6903 1929  747 3674 1870  455 2716 7038 3313 1242 2593]",860
587,0.33645169389302404,22,5481,1610,"[1743 7052 2291 2580 3775 3165 7471 2175 2710 1248 2537 3579 2472 4431
 1090 2658 4366  338 6048 4140 1734 3083 1610 3940 1969 1116 3879 3284
 2047 6903 1929  747 3674 1870  455 2716 7038 3313 1242 2593]",911
588,0.33870501353306726,23,3940,3573,"[1743 7052 2291 2580 3775 3165 7471 2175 2710 1248 2537 3579 2472 4431
 1090 2658 4366  338 6048 4140 1734 3083 1610 3573 1969 1116 3879 3284
 2047 6903 1929  747 3674 1870  455 2716 7038 3313 1242 2593]",928
589,0.3340302737382136,23,3573,2694,"[1743 7052 2291 2580 3775 3165 7471 2175 2710 1248 2537 3579 2472 4431
 1090 2658 4366  338 6048 4140 1734 3083 1610 2694 1969 1116 3879 3284
 2047 6903 1929  747 3674 1870  455 2716 7038 3313 1242 2593]",928
590,0.33804834203233514,37,3313,910,"[1743 7052 2291 2580 3775 3165 7471 2175 2710 1248 2537 3579 2472 4431
 1090 2658 4366  338 6048 4140 1734 3083 1610 2694 1969 1116 3879 3284
 2047 6903 1929  747 3674 1870  455 2716 7038  910 1242 2593]",906
591,0.3419980666612959,13,4431,3219,"[1743 7052 2291 2580 3775 3165 7471 2175 2710 1248 2537 3579 2472 3219
 1090 2658 4366  338 6048 4140 1734 3083 1610 2694 1969 1116 3879 3284
 2047 6903 1929  747 3674 1870  455 2716 7038  910 1242 2593]",882
592,0.3377700644186756,15,2658,1406,"[1743 7052 2291 2580 3775 3165 7471 2175 2710 1248 2537 3579 2472 3219
 1090 1406 4366  338 6048 4140 1734 3083 1610 2694 1969 1116 3879 3284
 2047 6903 1929  747 3674 1870  455 2716 7038  910 1242 2593]",889
593,0.33071299801790066,13,3219,4075,"[1743 7052 2291 2580 3775 3165 7471 2175 2710 1248 2537 3579 2472 4075
 1090 1406 4366  338 6048 4140 1734 3083 1610 2694 1969 1116 3879 3284
 2047 6903 1929  747 3674 1870  455 2716 7038  910 1242 2593]",865
594,0.3277772505777621,6,7471,2743,"[1743 7052 2291 2580 3775 3165 2743 2175 2710 1248 2537 3579 2472 4075
 1090 1406 4366  338 6048 4140 1734 3083 1610 2694 1969 1116 3879 3284
 2047 6903 1929  747 3674 1870  455 2716 7038  910 1242 2593]",869
595,0.3300224686773271,0,1743,2094,"[2094 7052 2291 2580 3775 3165 2743 2175 2710 1248 2537 3579 2472 4075
 1090 1406 4366  338 6048 4140 1734 3083 1610 2694 1969 1116 3879 3284
 2047 6903 1929  747 3674 1870  455 2716 7038  910 1242 2593]",880
596,0.32786515761076784,38,1242,754,"[2094 7052 2291 2580 3775 3165 2743 2175 2710 1248 2537 3579 2472 4075
 1090 1406 4366  338 6048 4140 1734 3083 1610 2694 1969 1116 3879 3284
 2047 6903 1929  747 3674 1870  455 2716 7038  910  754 2593]",862
597,0.32430523567006286,18,6048,6469,"[2094 7052 2291 2580 3775 3165 2743 2175 2710 1248 2537 3579 2472 4075
 1090 1406 4366  338 6469 4140 1734 3083 1610 2694 1969 1116 3879 3284
 2047 6903 1929  747 3674 1870  455 2716 7038  910  754 2593]",935
598,0.32474160211863307,30,1929,2211,"[2094 7052 2291 2580 3775 3165 2743 2175 2710 1248 2537 3579 2472 4075
 1090 1406 4366  338 6469 4140 1734 3083 1610 2694 1969 1116 3879 3284
 2047 6903 2211  747 3674 1870  455 2716 7038  910  754 2593]",932
599,0.32118638832541024,19,4140,1744,"[2094 7052 2291 2580 3775 3165 2743 2175 2710 1248 2537 3579 2472 4075
 1090 1406 4366  338 6469 1744 1734 3083 1610 2694 1969 1116 3879 3284
 2047 6903 2211  747 3674 1870  455 2716 7038  910  754 2593]",951
600,0.3212391163066072,8,2710,3800,"[2094 7052 2291 2580 3775 3165 2743 2175 3800 1248 2537 3579 2472 4075
 1090 1406 4366  338 6469 1744 1734 3083 1610 2694 1969 1116 3879 3284
 2047 6903 2211  747 3674 1870  455 2716 7038  910  754 2593]",949
601,0.3259386022675791,2,2291,2515,"[2094 7052 2515 2580 3775 3165 2743 2175 3800 1248 2537 3579 2472 4075
 1090 1406 4366  338 6469 1744 1734 3083 1610 2694 1969 1116 3879 3284
 2047 6903 2211  747 3674 1870  455 2716 7038  910  754 2593]",931
602,0.32843100642931194,18,6469,591,"[2094 7052 2515 2580 3775 3165 2743 2175 3800 1248 2537 3579 2472 4075
 1090 1406 4366  338  591 1744 1734 3083 1610 2694 1969 1116 3879 3284
 2047 6903 2211  747 3674 1870  455 2716 7038  910  754 2593]",980
603,0.33044642393253965,0,2094,7400,"[7400 7052 2515 2580 3775 3165 2743 2175 3800 1248 2537 3579 2472 4075
 1090 1406 4366  338  591 1744 1734 3083 1610 2694 1969 1116 3879 3284
 2047 6903 2211  747 3674 1870  455 2716 7038  910  754 2593]",951
604,0.3306940718609086,19,1744,4409,"[7400 7052 2515 2580 3775 3165 2743 2175 3800 1248 2537 3579 2472 4075
 1090 1406 4366  338  591 4409 1734 3083 1610 2694 1969 1116 3879 3284
 2047 6903 2211  747 3674 1870  455 2716 7038  910  754 2593]",967
605,0.3278026174649302,26,3879,1670,"[7400 7052 2515 2580 3775 3165 2743 2175 3800 1248 2537 3579 2472 4075
 1090 1406 4366  338  591 4409 1734 3083 1610 2694 1969 1116 1670 3284
 2047 6903 2211  747 3674 1870  455 2716 7038  910  754 2593]",955
606,0.33017279882333356,19,4409,2710,"[7400 7052 2515 2580 3775 3165 2743 2175 3800 1248 2537 3579 2472 4075
 1090 1406 4366  338  591 2710 1734 3083 1610 2694 1969 1116 1670 3284
 2047 6903 2211  747 3674 1870  455 2716 7038  910  754 2593]",990
607,0.32525136896501466,5,3165,4782,"[7400 7052 2515 2580 3775 4782 2743 2175 3800 1248 2537 3579 2472 4075
 1090 1406 4366  338  591 2710 1734 3083 1610 2694 1969 1116 1670 3284
 2047 6903 2211  747 3674 1870  455 2716 7038  910  754 2593]",1039
608,0.31552398240685553,11,3579,6117,"[7400 7052 2515 2580 3775 4782 2743 2175 3800 1248 2537 6117 2472 4075
 1090 1406 4366  338  591 2710 1734 3083 1610 2694 1969 1116 1670 3284
 2047 6903 2211  747 3674 1870  455 2716 7038  910  754 2593]",1000
609,0.31757875170247796,30,2211,6544,"[7400 7052 2515 2580 3775 4782 2743 2175 3800 1248 2537 6117 2472 4075
 1090 1406 4366  338  591 2710 1734 3083 1610 2694 1969 1116 1670 3284
 2047 6903 6544  747 3674 1870  455 2716 7038  910  754 2593]",958
610,0.31735189582008155,36,7038,7180,"[7400 7052 2515 2580 3775 4782 2743 2175 3800 1248 2537 6117 2472 4075
 1090 1406 4366  338  591 2710 1734 3083 1610 2694 1969 1116 1670 3284
 2047 6903 6544  747 3674 1870  455 2716 7180  910  754 2593]",976
611,0.31683367665683165,14,1090,1160,"[7400 7052 2515 2580 3775 4782 2743 2175 3800 1248 2537 6117 2472 4075
 1160 1406 4366  338  591 2710 1734 3083 1610 2694 1969 1116 1670 3284
 2047 6903 6544  747 3674 1870  455 2716 7180  910  754 2593]",1011
612,0.3226825006733208,38,754,1856,"[7400 7052 2515 2580 3775 4782 2743 2175 3800 1248 2537 6117 2472 4075
 1160 1406 4366  338  591 2710 1734 3083 1610 2694 1969 1116 1670 3284
 2047 6903 6544  747 3674 1870  455 2716 7180  910 1856 2593]",973
613,0.3297433514541214,37,910,3378,"[7400 7052 2515 2580 3775 4782 2743 2175 3800 1248 2537 6117 2472 4075
 1160 1406 4366  338  591 2710 1734 3083 1610 2694 1969 1116 1670 3284
 2047 6903 6544  747 3674 1870  455 2716 7180 3378 1856 2593]",963
614,0.3255555587381308,12,2472,824,"[7400 7052 2515 2580 3775 4782 2743 2175 3800 1248 2537 6117  824 4075
 1160 1406 4366  338  591 2710 1734 3083 1610 2694 1969 1116 1670 3284
 2047 6903 6544  747 3674 1870  455 2716 7180 3378 1856 2593]",916
615,0.33242386700205606,32,3674,3649,"[7400 7052 2515 2580 3775 4782 2743 2175 3800 1248 2537 6117  824 4075
 1160 1406 4366  338  591 2710 1734 3083 1610 2694 1969 1116 1670 3284
 2047 6903 6544  747 3649 1870  455 2716 7180 3378 1856 2593]",988
616,0.334219354385607,33,1870,3089,"[7400 7052 2515 2580 3775 4782 2743 2175 3800 1248 2537 6117  824 4075
 1160 1406 4366  338  591 2710 1734 3083 1610 2694 1969 1116 1670 3284
 2047 6903 6544  747 3649 3089  455 2716 7180 3378 1856 2593]",1009
617,0.3343239420920925,20,1734,1731,"[7400 7052 2515 2580 3775 4782 2743 2175 3800 1248 2537 6117  824 4075
 1160 1406 4366  338  591 2710 1731 3083 1610 2694 1969 1116 1670 3284
 2047 6903 6544  747 3649 3089  455 2716 7180 3378 1856 2593]",1073
618,0.3372958983969967,6,2743,1097,"[7400 7052 2515 2580 3775 4782 1097 2175 3800 1248 2537 6117  824 4075
 1160 1406 4366  338  591 2710 1731 3083 1610 2694 1969 1116 1670 3284
 2047 6903 6544  747 3649 3089  455 2716 7180 3378 1856 2593]",1029
619,0.3382402456796443,4,3775,3670,"[7400 7052 2515 2580 3670 4782 1097 2175 3800 1248 2537 6117  824 4075
 1160 1406 4366  338  591 2710 1731 3083 1610 2694 1969 1116 1670 3284
 2047 6903 6544  747 3649 3089  455 2716 7180 3378 1856 2593]",1094
620,0.3374214453008628,34,455,3846,"[7400 7052 2515 2580 3670 4782 1097 2175 3800 1248 2537 6117  824 4075
 1160 1406 4366  338  591 2710 1731 3083 1610 2694 1969 1116 1670 3284
 2047 6903 6544  747 3649 3089 3846 2716 7180 3378 1856 2593]",1034
621,0.3337206181375808,29,6903,2155,"[7400 7052 2515 2580 3670 4782 1097 2175 3800 1248 2537 6117  824 4075
 1160 1406 4366  338  591 2710 1731 3083 1610 2694 1969 1116 1670 3284
 2047 2155 6544  747 3649 3089 3846 2716 7180 3378 1856 2593]",948
622,0.3321609377677575,11,6117,2545,"[7400 7052 2515 2580 3670 4782 1097 2175 3800 1248 2537 2545  824 4075
 1160 1406 4366  338  591 2710 1731 3083 1610 2694 1969 1116 1670 3284
 2047 2155 6544  747 3649 3089 3846 2716 7180 3378 1856 2593]",984
623,0.3297479765120965,4,3670,4408,"[7400 7052 2515 2580 4408 4782 1097 2175 3800 1248 2537 2545  824 4075
 1160 1406 4366  338  591 2710 1731 3083 1610 2694 1969 1116 1670 3284
 2047 2155 6544  747 3649 3089 3846 2716 7180 3378 1856 2593]",1047
624,0.3196124710206256,30,6544,2148,"[7400 7052 2515 2580 4408 4782 1097 2175 3800 1248 2537 2545  824 4075
 1160 1406 4366  338  591 2710 1731 3083 1610 2694 1969 1116 1670 3284
 2047 2155 2148  747 3649 3089 3846 2716 7180 3378 1856 2593]",1077
625,0.3226158757282941,24,1969,909,"[7400 7052 2515 2580 4408 4782 1097 2175 3800 1248 2537 2545  824 4075
 1160 1406 4366  338  591 2710 1731 3083 1610 2694  909 1116 1670 3284
 2047 2155 2148  747 3649 3089 3846 2716 7180 3378 1856 2593]",1049
626,0.3255389329687209,37,3378,6758,"[7400 7052 2515 2580 4408 4782 1097 2175 3800 1248 2537 2545  824 4075
 1160 1406 4366  338  591 2710 1731 3083 1610 2694  909 1116 1670 3284
 2047 2155 2148  747 3649 3089 3846 2716 7180 6758 1856 2593]",1058
627,0.3277219104509101,29,2155,2884,"[7400 7052 2515 2580 4408 4782 1097 2175 3800 1248 2537 2545  824 4075
 1160 1406 4366  338  591 2710 1731 3083 1610 2694  909 1116 1670 3284
 2047 2884 2148  747 3649 3089 3846 2716 7180 6758 1856 2593]",989
628,0.3313207805950041,4,4408,6048,"[7400 7052 2515 2580 6048 4782 1097 2175 3800 1248 2537 2545  824 4075
 1160 1406 4366  338  591 2710 1731 3083 1610 2694  909 1116 1670 3284
 2047 2884 2148  747 3649 3089 3846 2716 7180 6758 1856 2593]",997
629,0.33225648910061517,24,909,3077,"[7400 7052 2515 2580 6048 4782 1097 2175 3800 1248 2537 2545  824 4075
 1160 1406 4366  338  591 2710 1731 3083 1610 2694 3077 1116 1670 3284
 2047 2884 2148  747 3649 3089 3846 2716 7180 6758 1856 2593]",939
630,0.33479354317756826,7,2175,2173,"[7400 7052 2515 2580 6048 4782 1097 2173 3800 1248 2537 2545  824 4075
 1160 1406 4366  338  591 2710 1731 3083 1610 2694 3077 1116 1670 3284
 2047 2884 2148  747 3649 3089 3846 2716 7180 6758 1856 2593]",987
631,0.33040860212712325,7,2173,3745,"[7400 7052 2515 2580 6048 4782 1097 3745 3800 1248 2537 2545  824 4075
 1160 1406 4366  338  591 2710 1731 3083 1610 2694 3077 1116 1670 3284
 2047 2884 2148  747 3649 3089 3846 2716 7180 6758 1856 2593]",987
632,0.33117465613405056,9,1248,4136,"[7400 7052 2515 2580 6048 4782 1097 3745 3800 4136 2537 2545  824 4075
 1160 1406 4366  338  591 2710 1731 3083 1610 2694 3077 1116 1670 3284
 2047 2884 2148  747 3649 3089 3846 2716 7180 6758 1856 2593]",909
633,0.3348639535335763,22,1610,1677,"[7400 7052 2515 2580 6048 4782 1097 3745 3800 4136 2537 2545  824 4075
 1160 1406 4366  338  591 2710 1731 3083 1677 2694 3077 1116 1670 3284
 2047 2884 2148  747 3649 3089 3846 2716 7180 6758 1856 2593]",916
634,0.33272897327736406,34,3846,2167,"[7400 7052 2515 2580 6048 4782 1097 3745 3800 4136 2537 2545  824 4075
 1160 1406 4366  338  591 2710 1731 3083 1677 2694 3077 1116 1670 3284
 2047 2884 2148  747 3649 3089 2167 2716 7180 6758 1856 2593]",916
635,0.3237759467451643,28,2047,1685,"[7400 7052 2515 2580 6048 4782 1097 3745 3800 4136 2537 2545  824 4075
 1160 1406 4366  338  591 2710 1731 3083 1677 2694 3077 1116 1670 3284
 1685 2884 2148  747 3649 3089 2167 2716 7180 6758 1856 2593]",949
636,0.3264669326233128,9,4136,910,"[7400 7052 2515 2580 6048 4782 1097 3745 3800  910 2537 2545  824 4075
 1160 1406 4366  338  591 2710 1731 3083 1677 2694 3077 1116 1670 3284
 1685 2884 2148  747 3649 3089 2167 2716 7180 6758 1856 2593]",1007
637,0.32591088639742494,1,7052,6695,"[7400 6695 2515 2580 6048 4782 1097 3745 3800  910 2537 2545  824 4075
 1160 1406 4366  338  591 2710 1731 3083 1677 2694 3077 1116 1670 3284
 1685 2884 2148  747 3649 3089 2167 2716 7180 6758 1856 2593]",1010
638,0.31339133947579234,37,6758,6539,"[7400 6695 2515 2580 6048 4782 1097 3745 3800  910 2537 2545  824 4075
 1160 1406 4366  338  591 2710 1731 3083 1677 2694 3077 1116 1670 3284
 1685 2884 2148  747 3649 3089 2167 2716 7180 6539 1856 2593]",982
639,0.3116114464908757,13,4075,3711,"[7400 6695 2515 2580 6048 4782 1097 3745 3800  910 2537 2545  824 3711
 1160 1406 4366  338  591 2710 1731 3083 1677 2694 3077 1116 1670 3284
 1685 2884 2148  747 3649 3089 2167 2716 7180 6539 1856 2593]",969
640,0.3146139581328209,20,1731,3452,"[7400 6695 2515 2580 6048 4782 1097 3745 3800  910 2537 2545  824 3711
 1160 1406 4366  338  591 2710 3452 3083 1677 2694 3077 1116 1670 3284
 1685 2884 2148  747 3649 3089 2167 2716 7180 6539 1856 2593]",990
641,0.32097679104865356,15,1406,2116,"[7400 6695 2515 2580 6048 4782 1097 3745 3800  910 2537 2545  824 3711
 1160 2116 4366  338  591 2710 3452 3083 1677 2694 3077 1116 1670 3284
 1685 2884 2148  747 3649 3089 2167 2716 7180 6539 1856 2593]",965
642,0.3171762490256471,21,3083,1406,"[7400 6695 2515 2580 6048 4782 1097 3745 3800  910 2537 2545  824 3711
 1160 2116 4366  338  591 2710 3452 1406 1677 2694 3077 1116 1670 3284
 1685 2884 2148  747 3649 3089 2167 2716 7180 6539 1856 2593]",933
643,0.329015992597404,14,1160,6901,"[7400 6695 2515 2580 6048 4782 1097 3745 3800  910 2537 2545  824 3711
 6901 2116 4366  338  591 2710 3452 1406 1677 2694 3077 1116 1670 3284
 1685 2884 2148  747 3649 3089 2167 2716 7180 6539 1856 2593]",969
644,0.3289500159195965,5,4782,2389,"[7400 6695 2515 2580 6048 2389 1097 3745 3800  910 2537 2545  824 3711
 6901 2116 4366  338  591 2710 3452 1406 1677 2694 3077 1116 1670 3284
 1685 2884 2148  747 3649 3089 2167 2716 7180 6539 1856 2593]",1024
645,0.325190054424187,33,3089,1376,"[7400 6695 2515 2580 6048 2389 1097 3745 3800  910 2537 2545  824 3711
 6901 2116 4366  338  591 2710 3452 1406 1677 2694 3077 1116 1670 3284
 1685 2884 2148  747 3649 1376 2167 2716 7180 6539 1856 2593]",1041
646,0.33402855490086686,38,1856,3229,"[7400 6695 2515 2580 6048 2389 1097 3745 3800  910 2537 2545  824 3711
 6901 2116 4366  338  591 2710 3452 1406 1677 2694 3077 1116 1670 3284
 1685 2884 2148  747 3649 1376 2167 2716 7180 6539 3229 2593]",1015
647,0.321508399889489,38,3229,2017,"[7400 6695 2515 2580 6048 2389 1097 3745 3800  910 2537 2545  824 3711
 6901 2116 4366  338  591 2710 3452 1406 1677 2694 3077 1116 1670 3284
 1685 2884 2148  747 3649 1376 2167 2716 7180 6539 2017 2593]",1015
648,0.31666201555795626,8,3800,403,"[7400 6695 2515 2580 6048 2389 1097 3745  403  910 2537 2545  824 3711
 6901 2116 4366  338  591 2710 3452 1406 1677 2694 3077 1116 1670 3284
 1685 2884 2148  747 3649 1376 2167 2716 7180 6539 2017 2593]",1029
649,0.3112151242629387,15,2116,4570,"[7400 6695 2515 2580 6048 2389 1097 3745  403  910 2537 2545  824 3711
 6901 4570 4366  338  591 2710 3452 1406 1677 2694 3077 1116 1670 3284
 1685 2884 2148  747 3649 1376 2167 2716 7180 6539 2017 2593]",1047
650,0.31993907827835855,4,6048,2943,"[7400 6695 2515 2580 2943 2389 1097 3745  403  910 2537 2545  824 3711
 6901 4570 4366  338  591 2710 3452 1406 1677 2694 3077 1116 1670 3284
 1685 2884 2148  747 3649 1376 2167 2716 7180 6539 2017 2593]",1052
651,0.3277732997578942,36,7180,3517,"[7400 6695 2515 2580 2943 2389 1097 3745  403  910 2537 2545  824 3711
 6901 4570 4366  338  591 2710 3452 1406 1677 2694 3077 1116 1670 3284
 1685 2884 2148  747 3649 1376 2167 2716 3517 6539 2017 2593]",1036
652,0.32812122434855984,24,3077,3008,"[7400 6695 2515 2580 2943 2389 1097 3745  403  910 2537 2545  824 3711
 6901 4570 4366  338  591 2710 3452 1406 1677 2694 3008 1116 1670 3284
 1685 2884 2148  747 3649 1376 2167 2716 3517 6539 2017 2593]",998
653,0.33153108083353533,21,1406,1764,"[7400 6695 2515 2580 2943 2389 1097 3745  403  910 2537 2545  824 3711
 6901 4570 4366  338  591 2710 3452 1764 1677 2694 3008 1116 1670 3284
 1685 2884 2148  747 3649 1376 2167 2716 3517 6539 2017 2593]",1011
654,0.327603138444252,21,1764,7252,"[7400 6695 2515 2580 2943 2389 1097 3745  403  910 2537 2545  824 3711
 6901 4570 4366  338  591 2710 3452 7252 1677 2694 3008 1116 1670 3284
 1685 2884 2148  747 3649 1376 2167 2716 3517 6539 2017 2593]",1011
655,0.33200500929193294,5,2389,4146,"[7400 6695 2515 2580 2943 4146 1097 3745  403  910 2537 2545  824 3711
 6901 4570 4366  338  591 2710 3452 7252 1677 2694 3008 1116 1670 3284
 1685 2884 2148  747 3649 1376 2167 2716 3517 6539 2017 2593]",1020
656,0.33215499764265133,32,3649,3435,"[7400 6695 2515 2580 2943 4146 1097 3745  403  910 2537 2545  824 3711
 6901 4570 4366  338  591 2710 3452 7252 1677 2694 3008 1116 1670 3284
 1685 2884 2148  747 3435 1376 2167 2716 3517 6539 2017 2593]",1050
657,0.33411586929579784,33,1376,6117,"[7400 6695 2515 2580 2943 4146 1097 3745  403  910 2537 2545  824 3711
 6901 4570 4366  338  591 2710 3452 7252 1677 2694 3008 1116 1670 3284
 1685 2884 2148  747 3435 6117 2167 2716 3517 6539 2017 2593]",1066
658,0.33268644026228167,6,1097,1451,"[7400 6695 2515 2580 2943 4146 1451 3745  403  910 2537 2545  824 3711
 6901 4570 4366  338  591 2710 3452 7252 1677 2694 3008 1116 1670 3284
 1685 2884 2148  747 3435 6117 2167 2716 3517 6539 2017 2593]",1064
659,0.32381779367374,22,1677,1621,"[7400 6695 2515 2580 2943 4146 1451 3745  403  910 2537 2545  824 3711
 6901 4570 4366  338  591 2710 3452 7252 1621 2694 3008 1116 1670 3284
 1685 2884 2148  747 3435 6117 2167 2716 3517 6539 2017 2593]",1053
660,0.320355736597677,2,2515,3940,"[7400 6695 3940 2580 2943 4146 1451 3745  403  910 2537 2545  824 3711
 6901 4570 4366  338  591 2710 3452 7252 1621 2694 3008 1116 1670 3284
 1685 2884 2148  747 3435 6117 2167 2716 3517 6539 2017 2593]",1008
661,0.3269397234471446,26,1670,2515,"[7400 6695 3940 2580 2943 4146 1451 3745  403  910 2537 2545  824 3711
 6901 4570 4366  338  591 2710 3452 7252 1621 2694 3008 1116 2515 3284
 1685 2884 2148  747 3435 6117 2167 2716 3517 6539 2017 2593]",1036
662,0.31937050762416663,24,3008,3554,"[7400 6695 3940 2580 2943 4146 1451 3745  403  910 2537 2545  824 3711
 6901 4570 4366  338  591 2710 3452 7252 1621 2694 3554 1116 2515 3284
 1685 2884 2148  747 3435 6117 2167 2716 3517 6539 2017 2593]",1036
663,0.31973341532404,33,6117,6048,"[7400 6695 3940 2580 2943 4146 1451 3745  403  910 2537 2545  824 3711
 6901 4570 4366  338  591 2710 3452 7252 1621 2694 3554 1116 2515 3284
 1685 2884 2148  747 3435 6048 2167 2716 3517 6539 2017 2593]",1051
664,0.3185590632004912,8,403,1724,"[7400 6695 3940 2580 2943 4146 1451 3745 1724  910 2537 2545  824 3711
 6901 4570 4366  338  591 2710 3452 7252 1621 2694 3554 1116 2515 3284
 1685 2884 2148  747 3435 6048 2167 2716 3517 6539 2017 2593]",977
665,0.3138531213222186,11,2545,247,"[7400 6695 3940 2580 2943 4146 1451 3745 1724  910 2537  247  824 3711
 6901 4570 4366  338  591 2710 3452 7252 1621 2694 3554 1116 2515 3284
 1685 2884 2148  747 3435 6048 2167 2716 3517 6539 2017 2593]",997
666,0.30911861751616576,25,1116,7122,"[7400 6695 3940 2580 2943 4146 1451 3745 1724  910 2537  247  824 3711
 6901 4570 4366  338  591 2710 3452 7252 1621 2694 3554 7122 2515 3284
 1685 2884 2148  747 3435 6048 2167 2716 3517 6539 2017 2593]",1008
667,0.3161826790739166,11,247,688,"[7400 6695 3940 2580 2943 4146 1451 3745 1724  910 2537  688  824 3711
 6901 4570 4366  338  591 2710 3452 7252 1621 2694 3554 7122 2515 3284
 1685 2884 2148  747 3435 6048 2167 2716 3517 6539 2017 2593]",1027
668,0.3243433926973953,11,688,1677,"[7400 6695 3940 2580 2943 4146 1451 3745 1724  910 2537 1677  824 3711
 6901 4570 4366  338  591 2710 3452 7252 1621 2694 3554 7122 2515 3284
 1685 2884 2148  747 3435 6048 2167 2716 3517 6539 2017 2593]",1027
669,0.3279898830401242,31,747,811,"[7400 6695 3940 2580 2943 4146 1451 3745 1724  910 2537 1677  824 3711
 6901 4570 4366  338  591 2710 3452 7252 1621 2694 3554 7122 2515 3284
 1685 2884 2148  811 3435 6048 2167 2716 3517 6539 2017 2593]",1013
670,0.333434141145463,5,4146,2330,"[7400 6695 3940 2580 2943 2330 1451 3745 1724  910 2537 1677  824 3711
 6901 4570 4366  338  591 2710 3452 7252 1621 2694 3554 7122 2515 3284
 1685 2884 2148  811 3435 6048 2167 2716 3517 6539 2017 2593]",974
671,0.33227949418320707,19,2710,4207,"[7400 6695 3940 2580 2943 2330 1451 3745 1724  910 2537 1677  824 3711
 6901 4570 4366  338  591 4207 3452 7252 1621 2694 3554 7122 2515 3284
 1685 2884 2148  811 3435 6048 2167 2716 3517 6539 2017 2593]",945
672,0.3357826375157611,15,4570,1259,"[7400 6695 3940 2580 2943 2330 1451 3745 1724  910 2537 1677  824 3711
 6901 1259 4366  338  591 4207 3452 7252 1621 2694 3554 7122 2515 3284
 1685 2884 2148  811 3435 6048 2167 2716 3517 6539 2017 2593]",954
673,0.33357946669406335,16,4366,2389,"[7400 6695 3940 2580 2943 2330 1451 3745 1724  910 2537 1677  824 3711
 6901 1259 2389  338  591 4207 3452 7252 1621 2694 3554 7122 2515 3284
 1685 2884 2148  811 3435 6048 2167 2716 3517 6539 2017 2593]",964
674,0.3347738366022279,29,2884,3948,"[7400 6695 3940 2580 2943 2330 1451 3745 1724  910 2537 1677  824 3711
 6901 1259 2389  338  591 4207 3452 7252 1621 2694 3554 7122 2515 3284
 1685 3948 2148  811 3435 6048 2167 2716 3517 6539 2017 2593]",968
675,0.33084773518499555,26,2515,2710,"[7400 6695 3940 2580 2943 2330 1451 3745 1724  910 2537 1677  824 3711
 6901 1259 2389  338  591 4207 3452 7252 1621 2694 3554 7122 2710 3284
 1685 3948 2148  811 3435 6048 2167 2716 3517 6539 2017 2593]",922
676,0.3282904079337807,23,2694,4707,"[7400 6695 3940 2580 2943 2330 1451 3745 1724  910 2537 1677  824 3711
 6901 1259 2389  338  591 4207 3452 7252 1621 4707 3554 7122 2710 3284
 1685 3948 2148  811 3435 6048 2167 2716 3517 6539 2017 2593]",951
677,0.3267194905814353,21,7252,1159,"[7400 6695 3940 2580 2943 2330 1451 3745 1724  910 2537 1677  824 3711
 6901 1259 2389  338  591 4207 3452 1159 1621 4707 3554 7122 2710 3284
 1685 3948 2148  811 3435 6048 2167 2716 3517 6539 2017 2593]",904
678,0.3288444975802076,13,3711,4001,"[7400 6695 3940 2580 2943 2330 1451 3745 1724  910 2537 1677  824 4001
 6901 1259 2389  338  591 4207 3452 1159 1621 4707 3554 7122 2710 3284
 1685 3948 2148  811 3435 6048 2167 2716 3517 6539 2017 2593]",895
679,0.32724143873050404,39,2593,403,"[7400 6695 3940 2580 2943 2330 1451 3745 1724  910 2537 1677  824 4001
 6901 1259 2389  338  591 4207 3452 1159 1621 4707 3554 7122 2710 3284
 1685 3948 2148  811 3435 6048 2167 2716 3517 6539 2017  403]",869
680,0.3236026921938043,33,6048,2812,"[7400 6695 3940 2580 2943 2330 1451 3745 1724  910 2537 1677  824 4001
 6901 1259 2389  338  591 4207 3452 1159 1621 4707 3554 7122 2710 3284
 1685 3948 2148  811 3435 2812 2167 2716 3517 6539 2017  403]",940
681,0.31586847028060755,11,1677,4431,"[7400 6695 3940 2580 2943 2330 1451 3745 1724  910 2537 4431  824 4001
 6901 1259 2389  338  591 4207 3452 1159 1621 4707 3554 7122 2710 3284
 1685 3948 2148  811 3435 2812 2167 2716 3517 6539 2017  403]",952
682,0.3142052518351278,35,2716,7252,"[7400 6695 3940 2580 2943 2330 1451 3745 1724  910 2537 4431  824 4001
 6901 1259 2389  338  591 4207 3452 1159 1621 4707 3554 7122 2710 3284
 1685 3948 2148  811 3435 2812 2167 7252 3517 6539 2017  403]",912
683,0.3145505948880915,18,591,2664,"[7400 6695 3940 2580 2943 2330 1451 3745 1724  910 2537 4431  824 4001
 6901 1259 2389  338 2664 4207 3452 1159 1621 4707 3554 7122 2710 3284
 1685 3948 2148  811 3435 2812 2167 7252 3517 6539 2017  403]",946
684,0.3237875190471778,21,1159,1321,"[7400 6695 3940 2580 2943 2330 1451 3745 1724  910 2537 4431  824 4001
 6901 1259 2389  338 2664 4207 3452 1321 1621 4707 3554 7122 2710 3284
 1685 3948 2148  811 3435 2812 2167 7252 3517 6539 2017  403]",991
685,0.31514732148858055,14,6901,1888,"[7400 6695 3940 2580 2943 2330 1451 3745 1724  910 2537 4431  824 4001
 1888 1259 2389  338 2664 4207 3452 1321 1621 4707 3554 7122 2710 3284
 1685 3948 2148  811 3435 2812 2167 7252 3517 6539 2017  403]",948
686,0.31445415656522574,37,6539,6197,"[7400 6695 3940 2580 2943 2330 1451 3745 1724  910 2537 4431  824 4001
 1888 1259 2389  338 2664 4207 3452 1321 1621 4707 3554 7122 2710 3284
 1685 3948 2148  811 3435 2812 2167 7252 3517 6197 2017  403]",991
687,0.30847877812504104,15,1259,3105,"[7400 6695 3940 2580 2943 2330 1451 3745 1724  910 2537 4431  824 4001
 1888 3105 2389  338 2664 4207 3452 1321 1621 4707 3554 7122 2710 3284
 1685 3948 2148  811 3435 2812 2167 7252 3517 6197 2017  403]",953
688,0.31357517397832113,16,2389,6046,"[7400 6695 3940 2580 2943 2330 1451 3745 1724  910 2537 4431  824 4001
 1888 3105 6046  338 2664 4207 3452 1321 1621 4707 3554 7122 2710 3284
 1685 3948 2148  811 3435 2812 2167 7252 3517 6197 2017  403]",922
689,0.3258990100356748,23,4707,6758,"[7400 6695 3940 2580 2943 2330 1451 3745 1724  910 2537 4431  824 4001
 1888 3105 6046  338 2664 4207 3452 1321 1621 6758 3554 7122 2710 3284
 1685 3948 2148  811 3435 2812 2167 7252 3517 6197 2017  403]",895
690,0.32709298594817815,20,3452,1258,"[7400 6695 3940 2580 2943 2330 1451 3745 1724  910 2537 4431  824 4001
 1888 3105 6046  338 2664 4207 1258 1321 1621 6758 3554 7122 2710 3284
 1685 3948 2148  811 3435 2812 2167 7252 3517 6197 2017  403]",865
691,0.3258390364461961,7,3745,1303,"[7400 6695 3940 2580 2943 2330 1451 1303 1724  910 2537 4431  824 4001
 1888 3105 6046  338 2664 4207 1258 1321 1621 6758 3554 7122 2710 3284
 1685 3948 2148  811 3435 2812 2167 7252 3517 6197 2017  403]",911
692,0.32631122283324604,25,7122,2109,"[7400 6695 3940 2580 2943 2330 1451 1303 1724  910 2537 4431  824 4001
 1888 3105 6046  338 2664 4207 1258 1321 1621 6758 3554 2109 2710 3284
 1685 3948 2148  811 3435 2812 2167 7252 3517 6197 2017  403]",892
693,0.3267029830930997,18,2664,592,"[7400 6695 3940 2580 2943 2330 1451 1303 1724  910 2537 4431  824 4001
 1888 3105 6046  338  592 4207 1258 1321 1621 6758 3554 2109 2710 3284
 1685 3948 2148  811 3435 2812 2167 7252 3517 6197 2017  403]",885
694,0.33150744946500155,17,338,551,"[7400 6695 3940 2580 2943 2330 1451 1303 1724  910 2537 4431  824 4001
 1888 3105 6046  551  592 4207 1258 1321 1621 6758 3554 2109 2710 3284
 1685 3948 2148  811 3435 2812 2167 7252 3517 6197 2017  403]",854
695,0.3327817965403647,12,824,3381,"[7400 6695 3940 2580 2943 2330 1451 1303 1724  910 2537 4431 3381 4001
 1888 3105 6046  551  592 4207 1258 1321 1621 6758 3554 2109 2710 3284
 1685 3948 2148  811 3435 2812 2167 7252 3517 6197 2017  403]",866
696,0.33138433356552593,26,2710,2924,"[7400 6695 3940 2580 2943 2330 1451 1303 1724  910 2537 4431 3381 4001
 1888 3105 6046  551  592 4207 1258 1321 1621 6758 3554 2109 2924 3284
 1685 3948 2148  811 3435 2812 2167 7252 3517 6197 2017  403]",900
697,0.3315436642219694,12,3381,1999,"[7400 6695 3940 2580 2943 2330 1451 1303 1724  910 2537 4431 1999 4001
 1888 3105 6046  551  592 4207 1258 1321 1621 6758 3554 2109 2924 3284
 1685 3948 2148  811 3435 2812 2167 7252 3517 6197 2017  403]",876
698,0.3334432454306619,0,7400,1101,"[1101 6695 3940 2580 2943 2330 1451 1303 1724  910 2537 4431 1999 4001
 1888 3105 6046  551  592 4207 1258 1321 1621 6758 3554 2109 2924 3284
 1685 3948 2148  811 3435 2812 2167 7252 3517 6197 2017  403]",857
699,0.34259335561343146,6,1451,7189,"[1101 6695 3940 2580 2943 2330 7189 1303 1724  910 2537 4431 1999 4001
 1888 3105 6046  551  592 4207 1258 1321 1621 6758 3554 2109 2924 3284
 1685 3948 2148  811 3435 2812 2167 7252 3517 6197 2017  403]",848
700,0.33950197488717254,31,811,953,"[1101 6695 3940 2580 2943 2330 7189 1303 1724  910 2537 4431 1999 4001
 1888 3105 6046  551  592 4207 1258 1321 1621 6758 3554 2109 2924 3284
 1685 3948 2148  953 3435 2812 2167 7252 3517 6197 2017  403]",835
701,0.32920727060232213,36,3517,899,"[1101 6695 3940 2580 2943 2330 7189 1303 1724  910 2537 4431 1999 4001
 1888 3105 6046  551  592 4207 1258 1321 1621 6758 3554 2109 2924 3284
 1685 3948 2148  953 3435 2812 2167 7252  899 6197 2017  403]",866
702,0.3296261240968789,26,2924,2639,"[1101 6695 3940 2580 2943 2330 7189 1303 1724  910 2537 4431 1999 4001
 1888 3105 6046  551  592 4207 1258 1321 1621 6758 3554 2109 2639 3284
 1685 3948 2148  953 3435 2812 2167 7252  899 6197 2017  403]",897
703,0.3261651191752557,30,2148,2593,"[1101 6695 3940 2580 2943 2330 7189 1303 1724  910 2537 4431 1999 4001
 1888 3105 6046  551  592 4207 1258 1321 1621 6758 3554 2109 2639 3284
 1685 3948 2593  953 3435 2812 2167 7252  899 6197 2017  403]",861
704,0.3268202525011701,5,2330,3446,"[1101 6695 3940 2580 2943 3446 7189 1303 1724  910 2537 4431 1999 4001
 1888 3105 6046  551  592 4207 1258 1321 1621 6758 3554 2109 2639 3284
 1685 3948 2593  953 3435 2812 2167 7252  899 6197 2017  403]",918
705,0.3385136812329229,36,899,2046,"[1101 6695 3940 2580 2943 3446 7189 1303 1724  910 2537 4431 1999 4001
 1888 3105 6046  551  592 4207 1258 1321 1621 6758 3554 2109 2639 3284
 1685 3948 2593  953 3435 2812 2167 7252 2046 6197 2017  403]",885
706,0.32916139178218407,36,2046,2688,"[1101 6695 3940 2580 2943 3446 7189 1303 1724  910 2537 4431 1999 4001
 1888 3105 6046  551  592 4207 1258 1321 1621 6758 3554 2109 2639 3284
 1685 3948 2593  953 3435 2812 2167 7252 2688 6197 2017  403]",885
707,0.3193521461228107,21,1321,4708,"[1101 6695 3940 2580 2943 3446 7189 1303 1724  910 2537 4431 1999 4001
 1888 3105 6046  551  592 4207 1258 4708 1621 6758 3554 2109 2639 3284
 1685 3948 2593  953 3435 2812 2167 7252 2688 6197 2017  403]",834
708,0.32747493369175756,28,1685,2445,"[1101 6695 3940 2580 2943 3446 7189 1303 1724  910 2537 4431 1999 4001
 1888 3105 6046  551  592 4207 1258 4708 1621 6758 3554 2109 2639 3284
 2445 3948 2593  953 3435 2812 2167 7252 2688 6197 2017  403]",790
709,0.33521588821101733,29,3948,3008,"[1101 6695 3940 2580 2943 3446 7189 1303 1724  910 2537 4431 1999 4001
 1888 3105 6046  551  592 4207 1258 4708 1621 6758 3554 2109 2639 3284
 2445 3008 2593  953 3435 2812 2167 7252 2688 6197 2017  403]",859
710,0.3342949620592026,10,2537,1596,"[1101 6695 3940 2580 2943 3446 7189 1303 1724  910 1596 4431 1999 4001
 1888 3105 6046  551  592 4207 1258 4708 1621 6758 3554 2109 2639 3284
 2445 3008 2593  953 3435 2812 2167 7252 2688 6197 2017  403]",884
711,0.3365704464582212,28,2445,2121,"[1101 6695 3940 2580 2943 3446 7189 1303 1724  910 1596 4431 1999 4001
 1888 3105 6046  551  592 4207 1258 4708 1621 6758 3554 2109 2639 3284
 2121 3008 2593  953 3435 2812 2167 7252 2688 6197 2017  403]",862
712,0.33861571967194404,39,403,3667,"[1101 6695 3940 2580 2943 3446 7189 1303 1724  910 1596 4431 1999 4001
 1888 3105 6046  551  592 4207 1258 4708 1621 6758 3554 2109 2639 3284
 2121 3008 2593  953 3435 2812 2167 7252 2688 6197 2017 3667]",857
713,0.3435037035809707,21,4708,1462,"[1101 6695 3940 2580 2943 3446 7189 1303 1724  910 1596 4431 1999 4001
 1888 3105 6046  551  592 4207 1258 1462 1621 6758 3554 2109 2639 3284
 2121 3008 2593  953 3435 2812 2167 7252 2688 6197 2017 3667]",826
714,0.3346458108314968,0,1101,4301,"[4301 6695 3940 2580 2943 3446 7189 1303 1724  910 1596 4431 1999 4001
 1888 3105 6046  551  592 4207 1258 1462 1621 6758 3554 2109 2639 3284
 2121 3008 2593  953 3435 2812 2167 7252 2688 6197 2017 3667]",829
715,0.3344965507870298,38,2017,2019,"[4301 6695 3940 2580 2943 3446 7189 1303 1724  910 1596 4431 1999 4001
 1888 3105 6046  551  592 4207 1258 1462 1621 6758 3554 2109 2639 3284
 2121 3008 2593  953 3435 2812 2167 7252 2688 6197 2019 3667]",828
716,0.3345332320649404,24,3554,4698,"[4301 6695 3940 2580 2943 3446 7189 1303 1724  910 1596 4431 1999 4001
 1888 3105 6046  551  592 4207 1258 1462 1621 6758 4698 2109 2639 3284
 2121 3008 2593  953 3435 2812 2167 7252 2688 6197 2019 3667]",839
717,0.34267734392810173,33,2812,1101,"[4301 6695 3940 2580 2943 3446 7189 1303 1724  910 1596 4431 1999 4001
 1888 3105 6046  551  592 4207 1258 1462 1621 6758 4698 2109 2639 3284
 2121 3008 2593  953 3435 1101 2167 7252 2688 6197 2019 3667]",827
718,0.3433776125466659,34,2167,2741,"[4301 6695 3940 2580 2943 3446 7189 1303 1724  910 1596 4431 1999 4001
 1888 3105 6046  551  592 4207 1258 1462 1621 6758 4698 2109 2639 3284
 2121 3008 2593  953 3435 1101 2741 7252 2688 6197 2019 3667]",797
719,0.3346314376440427,28,2121,2537,"[4301 6695 3940 2580 2943 3446 7189 1303 1724  910 1596 4431 1999 4001
 1888 3105 6046  551  592 4207 1258 1462 1621 6758 4698 2109 2639 3284
 2537 3008 2593  953 3435 1101 2741 7252 2688 6197 2019 3667]",776
720,0.3403529250196162,19,4207,2120,"[4301 6695 3940 2580 2943 3446 7189 1303 1724  910 1596 4431 1999 4001
 1888 3105 6046  551  592 2120 1258 1462 1621 6758 4698 2109 2639 3284
 2537 3008 2593  953 3435 1101 2741 7252 2688 6197 2019 3667]",816
721,0.335621410984023,32,3435,4275,"[4301 6695 3940 2580 2943 3446 7189 1303 1724  910 1596 4431 1999 4001
 1888 3105 6046  551  592 2120 1258 1462 1621 6758 4698 2109 2639 3284
 2537 3008 2593  953 4275 1101 2741 7252 2688 6197 2019 3667]",807
722,0.3301548898090066,9,910,4268,"[4301 6695 3940 2580 2943 3446 7189 1303 1724 4268 1596 4431 1999 4001
 1888 3105 6046  551  592 2120 1258 1462 1621 6758 4698 2109 2639 3284
 2537 3008 2593  953 4275 1101 2741 7252 2688 6197 2019 3667]",787
723,0.3266529006346143,12,1999,5403,"[4301 6695 3940 2580 2943 3446 7189 1303 1724 4268 1596 4431 5403 4001
 1888 3105 6046  551  592 2120 1258 1462 1621 6758 4698 2109 2639 3284
 2537 3008 2593  953 4275 1101 2741 7252 2688 6197 2019 3667]",798
724,0.32088153559920785,33,1101,3504,"[4301 6695 3940 2580 2943 3446 7189 1303 1724 4268 1596 4431 5403 4001
 1888 3105 6046  551  592 2120 1258 1462 1621 6758 4698 2109 2639 3284
 2537 3008 2593  953 4275 3504 2741 7252 2688 6197 2019 3667]",770
725,0.3177620014790592,39,3667,3535,"[4301 6695 3940 2580 2943 3446 7189 1303 1724 4268 1596 4431 5403 4001
 1888 3105 6046  551  592 2120 1258 1462 1621 6758 4698 2109 2639 3284
 2537 3008 2593  953 4275 3504 2741 7252 2688 6197 2019 3535]",820
726,0.32266596709385054,30,2593,2149,"[4301 6695 3940 2580 2943 3446 7189 1303 1724 4268 1596 4431 5403 4001
 1888 3105 6046  551  592 2120 1258 1462 1621 6758 4698 2109 2639 3284
 2537 3008 2149  953 4275 3504 2741 7252 2688 6197 2019 3535]",809
727,0.32114642352187805,25,2109,1031,"[4301 6695 3940 2580 2943 3446 7189 1303 1724 4268 1596 4431 5403 4001
 1888 3105 6046  551  592 2120 1258 1462 1621 6758 4698 1031 2639 3284
 2537 3008 2149  953 4275 3504 2741 7252 2688 6197 2019 3535]",825
728,0.32323059047934144,18,592,2516,"[4301 6695 3940 2580 2943 3446 7189 1303 1724 4268 1596 4431 5403 4001
 1888 3105 6046  551 2516 2120 1258 1462 1621 6758 4698 1031 2639 3284
 2537 3008 2149  953 4275 3504 2741 7252 2688 6197 2019 3535]",855
729,0.32078362165620744,25,1031,876,"[4301 6695 3940 2580 2943 3446 7189 1303 1724 4268 1596 4431 5403 4001
 1888 3105 6046  551 2516 2120 1258 1462 1621 6758 4698  876 2639 3284
 2537 3008 2149  953 4275 3504 2741 7252 2688 6197 2019 3535]",882
730,0.31259899861263385,11,4431,2313,"[4301 6695 3940 2580 2943 3446 7189 1303 1724 4268 1596 2313 5403 4001
 1888 3105 6046  551 2516 2120 1258 1462 1621 6758 4698  876 2639 3284
 2537 3008 2149  953 4275 3504 2741 7252 2688 6197 2019 3535]",900
731,0.30829716198045115,14,1888,960,"[4301 6695 3940 2580 2943 3446 7189 1303 1724 4268 1596 2313 5403 4001
  960 3105 6046  551 2516 2120 1258 1462 1621 6758 4698  876 2639 3284
 2537 3008 2149  953 4275 3504 2741 7252 2688 6197 2019 3535]",897
732,0.3095307689876796,16,6046,4436,"[4301 6695 3940 2580 2943 3446 7189 1303 1724 4268 1596 2313 5403 4001
  960 3105 4436  551 2516 2120 1258 1462 1621 6758 4698  876 2639 3284
 2537 3008 2149  953 4275 3504 2741 7252 2688 6197 2019 3535]",915
733,0.317900741373309,11,2313,981,"[4301 6695 3940 2580 2943 3446 7189 1303 1724 4268 1596  981 5403 4001
  960 3105 4436  551 2516 2120 1258 1462 1621 6758 4698  876 2639 3284
 2537 3008 2149  953 4275 3504 2741 7252 2688 6197 2019 3535]",944
734,0.3175783451694065,34,2741,306,"[4301 6695 3940 2580 2943 3446 7189 1303 1724 4268 1596  981 5403 4001
  960 3105 4436  551 2516 2120 1258 1462 1621 6758 4698  876 2639 3284
 2537 3008 2149  953 4275 3504  306 7252 2688 6197 2019 3535]",990
735,0.31410338267069704,1,6695,3875,"[4301 3875 3940 2580 2943 3446 7189 1303 1724 4268 1596  981 5403 4001
  960 3105 4436  551 2516 2120 1258 1462 1621 6758 4698  876 2639 3284
 2537 3008 2149  953 4275 3504  306 7252 2688 6197 2019 3535]",988
736,0.31390653623657216,13,4001,4358,"[4301 3875 3940 2580 2943 3446 7189 1303 1724 4268 1596  981 5403 4358
  960 3105 4436  551 2516 2120 1258 1462 1621 6758 4698  876 2639 3284
 2537 3008 2149  953 4275 3504  306 7252 2688 6197 2019 3535]",1029
737,0.3165232154629145,9,4268,3812,"[4301 3875 3940 2580 2943 3446 7189 1303 1724 3812 1596  981 5403 4358
  960 3105 4436  551 2516 2120 1258 1462 1621 6758 4698  876 2639 3284
 2537 3008 2149  953 4275 3504  306 7252 2688 6197 2019 3535]",1006
738,0.3158675236617311,5,3446,1684,"[4301 3875 3940 2580 2943 1684 7189 1303 1724 3812 1596  981 5403 4358
  960 3105 4436  551 2516 2120 1258 1462 1621 6758 4698  876 2639 3284
 2537 3008 2149  953 4275 3504  306 7252 2688 6197 2019 3535]",999
739,0.3009905450585705,4,2943,7053,"[4301 3875 3940 2580 7053 1684 7189 1303 1724 3812 1596  981 5403 4358
  960 3105 4436  551 2516 2120 1258 1462 1621 6758 4698  876 2639 3284
 2537 3008 2149  953 4275 3504  306 7252 2688 6197 2019 3535]",993
740,0.30780956913898566,15,3105,2029,"[4301 3875 3940 2580 7053 1684 7189 1303 1724 3812 1596  981 5403 4358
  960 2029 4436  551 2516 2120 1258 1462 1621 6758 4698  876 2639 3284
 2537 3008 2149  953 4275 3504  306 7252 2688 6197 2019 3535]",1023
741,0.3240853818487127,37,6197,3017,"[4301 3875 3940 2580 7053 1684 7189 1303 1724 3812 1596  981 5403 4358
  960 2029 4436  551 2516 2120 1258 1462 1621 6758 4698  876 2639 3284
 2537 3008 2149  953 4275 3504  306 7252 2688 3017 2019 3535]",1042
742,0.326299984144321,6,7189,3510,"[4301 3875 3940 2580 7053 1684 3510 1303 1724 3812 1596  981 5403 4358
  960 2029 4436  551 2516 2120 1258 1462 1621 6758 4698  876 2639 3284
 2537 3008 2149  953 4275 3504  306 7252 2688 3017 2019 3535]",990
743,0.326831943235236,35,7252,7401,"[4301 3875 3940 2580 7053 1684 3510 1303 1724 3812 1596  981 5403 4358
  960 2029 4436  551 2516 2120 1258 1462 1621 6758 4698  876 2639 3284
 2537 3008 2149  953 4275 3504  306 7401 2688 3017 2019 3535]",1024
744,0.31353826723619044,37,3017,544,"[4301 3875 3940 2580 7053 1684 3510 1303 1724 3812 1596  981 5403 4358
  960 2029 4436  551 2516 2120 1258 1462 1621 6758 4698  876 2639 3284
 2537 3008 2149  953 4275 3504  306 7401 2688  544 2019 3535]",1039
745,0.3117018810975055,37,544,4707,"[4301 3875 3940 2580 7053 1684 3510 1303 1724 3812 1596  981 5403 4358
  960 2029 4436  551 2516 2120 1258 1462 1621 6758 4698  876 2639 3284
 2537 3008 2149  953 4275 3504  306 7401 2688 4707 2019 3535]",1039
746,0.30450212442399543,5,1684,2084,"[4301 3875 3940 2580 7053 2084 3510 1303 1724 3812 1596  981 5403 4358
  960 2029 4436  551 2516 2120 1258 1462 1621 6758 4698  876 2639 3284
 2537 3008 2149  953 4275 3504  306 7401 2688 4707 2019 3535]",1036
747,0.3020514833753971,19,2120,3240,"[4301 3875 3940 2580 7053 2084 3510 1303 1724 3812 1596  981 5403 4358
  960 2029 4436  551 2516 3240 1258 1462 1621 6758 4698  876 2639 3284
 2537 3008 2149  953 4275 3504  306 7401 2688 4707 2019 3535]",1073
748,0.30682767503972225,35,7401,1682,"[4301 3875 3940 2580 7053 2084 3510 1303 1724 3812 1596  981 5403 4358
  960 2029 4436  551 2516 3240 1258 1462 1621 6758 4698  876 2639 3284
 2537 3008 2149  953 4275 3504  306 1682 2688 4707 2019 3535]",1029
749,0.31161842122639116,28,2537,2050,"[4301 3875 3940 2580 7053 2084 3510 1303 1724 3812 1596  981 5403 4358
  960 2029 4436  551 2516 3240 1258 1462 1621 6758 4698  876 2639 3284
 2050 3008 2149  953 4275 3504  306 1682 2688 4707 2019 3535]",1085
750,0.31093679088266807,33,3504,2811,"[4301 3875 3940 2580 7053 2084 3510 1303 1724 3812 1596  981 5403 4358
  960 2029 4436  551 2516 3240 1258 1462 1621 6758 4698  876 2639 3284
 2050 3008 2149  953 4275 2811  306 1682 2688 4707 2019 3535]",1076
751,0.3216145188195264,20,1258,3016,"[4301 3875 3940 2580 7053 2084 3510 1303 1724 3812 1596  981 5403 4358
  960 2029 4436  551 2516 3240 3016 1462 1621 6758 4698  876 2639 3284
 2050 3008 2149  953 4275 2811  306 1682 2688 4707 2019 3535]",1038
752,0.3258687237441753,22,1621,3854,"[4301 3875 3940 2580 7053 2084 3510 1303 1724 3812 1596  981 5403 4358
  960 2029 4436  551 2516 3240 3016 1462 3854 6758 4698  876 2639 3284
 2050 3008 2149  953 4275 2811  306 1682 2688 4707 2019 3535]",1049
753,0.3296506084138018,31,953,7403,"[4301 3875 3940 2580 7053 2084 3510 1303 1724 3812 1596  981 5403 4358
  960 2029 4436  551 2516 3240 3016 1462 3854 6758 4698  876 2639 3284
 2050 3008 2149 7403 4275 2811  306 1682 2688 4707 2019 3535]",1015
754,0.3274028899225845,26,2639,7466,"[4301 3875 3940 2580 7053 2084 3510 1303 1724 3812 1596  981 5403 4358
  960 2029 4436  551 2516 3240 3016 1462 3854 6758 4698  876 7466 3284
 2050 3008 2149 7403 4275 2811  306 1682 2688 4707 2019 3535]",1048
755,0.3362272253416274,1,3875,740,"[4301  740 3940 2580 7053 2084 3510 1303 1724 3812 1596  981 5403 4358
  960 2029 4436  551 2516 3240 3016 1462 3854 6758 4698  876 7466 3284
 2050 3008 2149 7403 4275 2811  306 1682 2688 4707 2019 3535]",1036
756,0.3311450462132407,20,3016,3375,"[4301  740 3940 2580 7053 2084 3510 1303 1724 3812 1596  981 5403 4358
  960 2029 4436  551 2516 3240 3375 1462 3854 6758 4698  876 7466 3284
 2050 3008 2149 7403 4275 2811  306 1682 2688 4707 2019 3535]",1026
757,0.339973677812888,4,7053,2110,"[4301  740 3940 2580 2110 2084 3510 1303 1724 3812 1596  981 5403 4358
  960 2029 4436  551 2516 3240 3375 1462 3854 6758 4698  876 7466 3284
 2050 3008 2149 7403 4275 2811  306 1682 2688 4707 2019 3535]",1026
758,0.3464416387906178,39,3535,2641,"[4301  740 3940 2580 2110 2084 3510 1303 1724 3812 1596  981 5403 4358
  960 2029 4436  551 2516 3240 3375 1462 3854 6758 4698  876 7466 3284
 2050 3008 2149 7403 4275 2811  306 1682 2688 4707 2019 2641]",998
759,0.3466079290859122,7,1303,558,"[4301  740 3940 2580 2110 2084 3510  558 1724 3812 1596  981 5403 4358
  960 2029 4436  551 2516 3240 3375 1462 3854 6758 4698  876 7466 3284
 2050 3008 2149 7403 4275 2811  306 1682 2688 4707 2019 2641]",961
760,0.34313172737895253,16,4436,3876,"[4301  740 3940 2580 2110 2084 3510  558 1724 3812 1596  981 5403 4358
  960 2029 3876  551 2516 3240 3375 1462 3854 6758 4698  876 7466 3284
 2050 3008 2149 7403 4275 2811  306 1682 2688 4707 2019 2641]",957
761,0.3452569069046545,30,2149,6046,"[4301  740 3940 2580 2110 2084 3510  558 1724 3812 1596  981 5403 4358
  960 2029 3876  551 2516 3240 3375 1462 3854 6758 4698  876 7466 3284
 2050 3008 6046 7403 4275 2811  306 1682 2688 4707 2019 2641]",968
762,0.3399757235492202,14,960,4237,"[4301  740 3940 2580 2110 2084 3510  558 1724 3812 1596  981 5403 4358
 4237 2029 3876  551 2516 3240 3375 1462 3854 6758 4698  876 7466 3284
 2050 3008 6046 7403 4275 2811  306 1682 2688 4707 2019 2641]",942
763,0.3374560625851405,36,2688,1660,"[4301  740 3940 2580 2110 2084 3510  558 1724 3812 1596  981 5403 4358
 4237 2029 3876  551 2516 3240 3375 1462 3854 6758 4698  876 7466 3284
 2050 3008 6046 7403 4275 2811  306 1682 1660 4707 2019 2641]",1026
764,0.33675472350683094,32,4275,1258,"[4301  740 3940 2580 2110 2084 3510  558 1724 3812 1596  981 5403 4358
 4237 2029 3876  551 2516 3240 3375 1462 3854 6758 4698  876 7466 3284
 2050 3008 6046 7403 1258 2811  306 1682 1660 4707 2019 2641]",1041
765,0.3369289981117279,9,3812,4132,"[4301  740 3940 2580 2110 2084 3510  558 1724 4132 1596  981 5403 4358
 4237 2029 3876  551 2516 3240 3375 1462 3854 6758 4698  876 7466 3284
 2050 3008 6046 7403 1258 2811  306 1682 1660 4707 2019 2641]",1037
766,0.33937123325573215,29,3008,2939,"[4301  740 3940 2580 2110 2084 3510  558 1724 4132 1596  981 5403 4358
 4237 2029 3876  551 2516 3240 3375 1462 3854 6758 4698  876 7466 3284
 2050 2939 6046 7403 1258 2811  306 1682 1660 4707 2019 2641]",1014
767,0.34417356319408465,8,1724,963,"[4301  740 3940 2580 2110 2084 3510  558  963 4132 1596  981 5403 4358
 4237 2029 3876  551 2516 3240 3375 1462 3854 6758 4698  876 7466 3284
 2050 2939 6046 7403 1258 2811  306 1682 1660 4707 2019 2641]",1009
768,0.34360394809609207,35,1682,6481,"[4301  740 3940 2580 2110 2084 3510  558  963 4132 1596  981 5403 4358
 4237 2029 3876  551 2516 3240 3375 1462 3854 6758 4698  876 7466 3284
 2050 2939 6046 7403 1258 2811  306 6481 1660 4707 2019 2641]",945
769,0.3434599432275841,36,1660,1442,"[4301  740 3940 2580 2110 2084 3510  558  963 4132 1596  981 5403 4358
 4237 2029 3876  551 2516 3240 3375 1462 3854 6758 4698  876 7466 3284
 2050 2939 6046 7403 1258 2811  306 6481 1442 4707 2019 2641]",906
770,0.3480447632681102,3,2580,2649,"[4301  740 3940 2649 2110 2084 3510  558  963 4132 1596  981 5403 4358
 4237 2029 3876  551 2516 3240 3375 1462 3854 6758 4698  876 7466 3284
 2050 2939 6046 7403 1258 2811  306 6481 1442 4707 2019 2641]",878
771,0.34250257542486295,11,981,604,"[4301  740 3940 2649 2110 2084 3510  558  963 4132 1596  604 5403 4358
 4237 2029 3876  551 2516 3240 3375 1462 3854 6758 4698  876 7466 3284
 2050 2939 6046 7403 1258 2811  306 6481 1442 4707 2019 2641]",882
772,0.3398373976931045,2,3940,122,"[4301  740  122 2649 2110 2084 3510  558  963 4132 1596  604 5403 4358
 4237 2029 3876  551 2516 3240 3375 1462 3854 6758 4698  876 7466 3284
 2050 2939 6046 7403 1258 2811  306 6481 1442 4707 2019 2641]",887
773,0.33589327440382427,3,2649,3746,"[4301  740  122 3746 2110 2084 3510  558  963 4132 1596  604 5403 4358
 4237 2029 3876  551 2516 3240 3375 1462 3854 6758 4698  876 7466 3284
 2050 2939 6046 7403 1258 2811  306 6481 1442 4707 2019 2641]",900
774,0.33362127729535634,17,551,618,"[4301  740  122 3746 2110 2084 3510  558  963 4132 1596  604 5403 4358
 4237 2029 3876  618 2516 3240 3375 1462 3854 6758 4698  876 7466 3284
 2050 2939 6046 7403 1258 2811  306 6481 1442 4707 2019 2641]",873
775,0.32830059491093605,13,4358,4292,"[4301  740  122 3746 2110 2084 3510  558  963 4132 1596  604 5403 4292
 4237 2029 3876  618 2516 3240 3375 1462 3854 6758 4698  876 7466 3284
 2050 2939 6046 7403 1258 2811  306 6481 1442 4707 2019 2641]",889
776,0.3287283933429763,26,7466,1622,"[4301  740  122 3746 2110 2084 3510  558  963 4132 1596  604 5403 4292
 4237 2029 3876  618 2516 3240 3375 1462 3854 6758 4698  876 1622 3284
 2050 2939 6046 7403 1258 2811  306 6481 1442 4707 2019 2641]",830
777,0.32886468758011733,1,740,4643,"[4301 4643  122 3746 2110 2084 3510  558  963 4132 1596  604 5403 4292
 4237 2029 3876  618 2516 3240 3375 1462 3854 6758 4698  876 1622 3284
 2050 2939 6046 7403 1258 2811  306 6481 1442 4707 2019 2641]",819
778,0.32727305985371413,5,2084,3811,"[4301 4643  122 3746 2110 3811 3510  558  963 4132 1596  604 5403 4292
 4237 2029 3876  618 2516 3240 3375 1462 3854 6758 4698  876 1622 3284
 2050 2939 6046 7403 1258 2811  306 6481 1442 4707 2019 2641]",855
779,0.3171932816963948,22,3854,3870,"[4301 4643  122 3746 2110 3811 3510  558  963 4132 1596  604 5403 4292
 4237 2029 3876  618 2516 3240 3375 1462 3870 6758 4698  876 1622 3284
 2050 2939 6046 7403 1258 2811  306 6481 1442 4707 2019 2641]",911
780,0.3148770966758687,21,1462,1057,"[4301 4643  122 3746 2110 3811 3510  558  963 4132 1596  604 5403 4292
 4237 2029 3876  618 2516 3240 3375 1057 3870 6758 4698  876 1622 3284
 2050 2939 6046 7403 1258 2811  306 6481 1442 4707 2019 2641]",941
781,0.3159212295948375,16,3876,3558,"[4301 4643  122 3746 2110 3811 3510  558  963 4132 1596  604 5403 4292
 4237 2029 3558  618 2516 3240 3375 1057 3870 6758 4698  876 1622 3284
 2050 2939 6046 7403 1258 2811  306 6481 1442 4707 2019 2641]",920
782,0.31679056914020576,15,2029,1820,"[4301 4643  122 3746 2110 3811 3510  558  963 4132 1596  604 5403 4292
 4237 1820 3558  618 2516 3240 3375 1057 3870 6758 4698  876 1622 3284
 2050 2939 6046 7403 1258 2811  306 6481 1442 4707 2019 2641]",933
783,0.31421624912741025,13,4292,2536,"[4301 4643  122 3746 2110 3811 3510  558  963 4132 1596  604 5403 2536
 4237 1820 3558  618 2516 3240 3375 1057 3870 6758 4698  876 1622 3284
 2050 2939 6046 7403 1258 2811  306 6481 1442 4707 2019 2641]",894
784,0.31525225877538193,30,6046,4072,"[4301 4643  122 3746 2110 3811 3510  558  963 4132 1596  604 5403 2536
 4237 1820 3558  618 2516 3240 3375 1057 3870 6758 4698  876 1622 3284
 2050 2939 4072 7403 1258 2811  306 6481 1442 4707 2019 2641]",917
785,0.3080990468676931,28,2050,2167,"[4301 4643  122 3746 2110 3811 3510  558  963 4132 1596  604 5403 2536
 4237 1820 3558  618 2516 3240 3375 1057 3870 6758 4698  876 1622 3284
 2167 2939 4072 7403 1258 2811  306 6481 1442 4707 2019 2641]",889
786,0.3037588279847467,18,2516,2011,"[4301 4643  122 3746 2110 3811 3510  558  963 4132 1596  604 5403 2536
 4237 1820 3558  618 2011 3240 3375 1057 3870 6758 4698  876 1622 3284
 2167 2939 4072 7403 1258 2811  306 6481 1442 4707 2019 2641]",886
787,0.30636916948887266,25,876,3433,"[4301 4643  122 3746 2110 3811 3510  558  963 4132 1596  604 5403 2536
 4237 1820 3558  618 2011 3240 3375 1057 3870 6758 4698 3433 1622 3284
 2167 2939 4072 7403 1258 2811  306 6481 1442 4707 2019 2641]",886
788,0.30855233024830153,8,963,947,"[4301 4643  122 3746 2110 3811 3510  558  947 4132 1596  604 5403 2536
 4237 1820 3558  618 2011 3240 3375 1057 3870 6758 4698 3433 1622 3284
 2167 2939 4072 7403 1258 2811  306 6481 1442 4707 2019 2641]",936
789,0.3140957482392236,30,4072,1177,"[4301 4643  122 3746 2110 3811 3510  558  947 4132 1596  604 5403 2536
 4237 1820 3558  618 2011 3240 3375 1057 3870 6758 4698 3433 1622 3284
 2167 2939 1177 7403 1258 2811  306 6481 1442 4707 2019 2641]",941
790,0.3237153475886636,3,3746,2046,"[4301 4643  122 2046 2110 3811 3510  558  947 4132 1596  604 5403 2536
 4237 1820 3558  618 2011 3240 3375 1057 3870 6758 4698 3433 1622 3284
 2167 2939 1177 7403 1258 2811  306 6481 1442 4707 2019 2641]",912
791,0.3299175853019837,1,4643,2661,"[4301 2661  122 2046 2110 3811 3510  558  947 4132 1596  604 5403 2536
 4237 1820 3558  618 2011 3240 3375 1057 3870 6758 4698 3433 1622 3284
 2167 2939 1177 7403 1258 2811  306 6481 1442 4707 2019 2641]",923
792,0.32923154959370454,32,1258,7255,"[4301 2661  122 2046 2110 3811 3510  558  947 4132 1596  604 5403 2536
 4237 1820 3558  618 2011 3240 3375 1057 3870 6758 4698 3433 1622 3284
 2167 2939 1177 7403 7255 2811  306 6481 1442 4707 2019 2641]",966
793,0.33388197067060954,34,306,3784,"[4301 2661  122 2046 2110 3811 3510  558  947 4132 1596  604 5403 2536
 4237 1820 3558  618 2011 3240 3375 1057 3870 6758 4698 3433 1622 3284
 2167 2939 1177 7403 7255 2811 3784 6481 1442 4707 2019 2641]",977
794,0.3361427099656745,5,3811,2216,"[4301 2661  122 2046 2110 2216 3510  558  947 4132 1596  604 5403 2536
 4237 1820 3558  618 2011 3240 3375 1057 3870 6758 4698 3433 1622 3284
 2167 2939 1177 7403 7255 2811 3784 6481 1442 4707 2019 2641]",982
795,0.33750378778381335,36,1442,5832,"[4301 2661  122 2046 2110 2216 3510  558  947 4132 1596  604 5403 2536
 4237 1820 3558  618 2011 3240 3375 1057 3870 6758 4698 3433 1622 3284
 2167 2939 1177 7403 7255 2811 3784 6481 5832 4707 2019 2641]",973
796,0.33862984700029053,15,1820,6907,"[4301 2661  122 2046 2110 2216 3510  558  947 4132 1596  604 5403 2536
 4237 6907 3558  618 2011 3240 3375 1057 3870 6758 4698 3433 1622 3284
 2167 2939 1177 7403 7255 2811 3784 6481 5832 4707 2019 2641]",977
797,0.33982163142971455,38,2019,1168,"[4301 2661  122 2046 2110 2216 3510  558  947 4132 1596  604 5403 2536
 4237 6907 3558  618 2011 3240 3375 1057 3870 6758 4698 3433 1622 3284
 2167 2939 1177 7403 7255 2811 3784 6481 5832 4707 1168 2641]",979
798,0.34043103433133265,34,3784,1330,"[4301 2661  122 2046 2110 2216 3510  558  947 4132 1596  604 5403 2536
 4237 6907 3558  618 2011 3240 3375 1057 3870 6758 4698 3433 1622 3284
 2167 2939 1177 7403 7255 2811 1330 6481 5832 4707 1168 2641]",990
799,0.33940675177408614,18,2011,1962,"[4301 2661  122 2046 2110 2216 3510  558  947 4132 1596  604 5403 2536
 4237 6907 3558  618 1962 3240 3375 1057 3870 6758 4698 3433 1622 3284
 2167 2939 1177 7403 7255 2811 1330 6481 5832 4707 1168 2641]",992
800,0.3434479018197286,26,1622,4001,"[4301 2661  122 2046 2110 2216 3510  558  947 4132 1596  604 5403 2536
 4237 6907 3558  618 1962 3240 3375 1057 3870 6758 4698 3433 4001 3284
 2167 2939 1177 7403 7255 2811 1330 6481 5832 4707 1168 2641]",960
801,0.3453396038915244,0,4301,2580,"[2580 2661  122 2046 2110 2216 3510  558  947 4132 1596  604 5403 2536
 4237 6907 3558  618 1962 3240 3375 1057 3870 6758 4698 3433 4001 3284
 2167 2939 1177 7403 7255 2811 1330 6481 5832 4707 1168 2641]",915
802,0.35172892211542883,22,3870,4363,"[2580 2661  122 2046 2110 2216 3510  558  947 4132 1596  604 5403 2536
 4237 6907 3558  618 1962 3240 3375 1057 4363 6758 4698 3433 4001 3284
 2167 2939 1177 7403 7255 2811 1330 6481 5832 4707 1168 2641]",917
803,0.3536151115663415,14,4237,384,"[2580 2661  122 2046 2110 2216 3510  558  947 4132 1596  604 5403 2536
  384 6907 3558  618 1962 3240 3375 1057 4363 6758 4698 3433 4001 3284
 2167 2939 1177 7403 7255 2811 1330 6481 5832 4707 1168 2641]",898
804,0.35266997722395643,28,2167,1226,"[2580 2661  122 2046 2110 2216 3510  558  947 4132 1596  604 5403 2536
  384 6907 3558  618 1962 3240 3375 1057 4363 6758 4698 3433 4001 3284
 1226 2939 1177 7403 7255 2811 1330 6481 5832 4707 1168 2641]",899
805,0.3552471953963767,37,4707,2471,"[2580 2661  122 2046 2110 2216 3510  558  947 4132 1596  604 5403 2536
  384 6907 3558  618 1962 3240 3375 1057 4363 6758 4698 3433 4001 3284
 1226 2939 1177 7403 7255 2811 1330 6481 5832 2471 1168 2641]",954
806,0.35819989759228066,24,4698,2009,"[2580 2661  122 2046 2110 2216 3510  558  947 4132 1596  604 5403 2536
  384 6907 3558  618 1962 3240 3375 1057 4363 6758 2009 3433 4001 3284
 1226 2939 1177 7403 7255 2811 1330 6481 5832 2471 1168 2641]",984
807,0.36071612899047445,11,604,3938,"[2580 2661  122 2046 2110 2216 3510  558  947 4132 1596 3938 5403 2536
  384 6907 3558  618 1962 3240 3375 1057 4363 6758 2009 3433 4001 3284
 1226 2939 1177 7403 7255 2811 1330 6481 5832 2471 1168 2641]",974
808,0.3609116806409584,16,3558,4018,"[2580 2661  122 2046 2110 2216 3510  558  947 4132 1596 3938 5403 2536
  384 6907 4018  618 1962 3240 3375 1057 4363 6758 2009 3433 4001 3284
 1226 2939 1177 7403 7255 2811 1330 6481 5832 2471 1168 2641]",1025
809,0.3652216764517344,13,2536,2092,"[2580 2661  122 2046 2110 2216 3510  558  947 4132 1596 3938 5403 2092
  384 6907 4018  618 1962 3240 3375 1057 4363 6758 2009 3433 4001 3284
 1226 2939 1177 7403 7255 2811 1330 6481 5832 2471 1168 2641]",972
810,0.36448191471288405,22,4363,1856,"[2580 2661  122 2046 2110 2216 3510  558  947 4132 1596 3938 5403 2092
  384 6907 4018  618 1962 3240 3375 1057 1856 6758 2009 3433 4001 3284
 1226 2939 1177 7403 7255 2811 1330 6481 5832 2471 1168 2641]",965
811,0.36261679098834804,5,2216,2282,"[2580 2661  122 2046 2110 2282 3510  558  947 4132 1596 3938 5403 2092
  384 6907 4018  618 1962 3240 3375 1057 1856 6758 2009 3433 4001 3284
 1226 2939 1177 7403 7255 2811 1330 6481 5832 2471 1168 2641]",940
812,0.35543117305657723,20,3375,3601,"[2580 2661  122 2046 2110 2282 3510  558  947 4132 1596 3938 5403 2092
  384 6907 4018  618 1962 3240 3601 1057 1856 6758 2009 3433 4001 3284
 1226 2939 1177 7403 7255 2811 1330 6481 5832 2471 1168 2641]",965
813,0.35152687776366,25,3433,743,"[2580 2661  122 2046 2110 2282 3510  558  947 4132 1596 3938 5403 2092
  384 6907 4018  618 1962 3240 3601 1057 1856 6758 2009  743 4001 3284
 1226 2939 1177 7403 7255 2811 1330 6481 5832 2471 1168 2641]",895
814,0.33895688808499136,27,3284,248,"[2580 2661  122 2046 2110 2282 3510  558  947 4132 1596 3938 5403 2092
  384 6907 4018  618 1962 3240 3601 1057 1856 6758 2009  743 4001  248
 1226 2939 1177 7403 7255 2811 1330 6481 5832 2471 1168 2641]",967
815,0.3440877348129345,0,2580,4504,"[4504 2661  122 2046 2110 2282 3510  558  947 4132 1596 3938 5403 2092
  384 6907 4018  618 1962 3240 3601 1057 1856 6758 2009  743 4001  248
 1226 2939 1177 7403 7255 2811 1330 6481 5832 2471 1168 2641]",1002
816,0.35297675807935497,8,947,3358,"[4504 2661  122 2046 2110 2282 3510  558 3358 4132 1596 3938 5403 2092
  384 6907 4018  618 1962 3240 3601 1057 1856 6758 2009  743 4001  248
 1226 2939 1177 7403 7255 2811 1330 6481 5832 2471 1168 2641]",990
817,0.3506898178014257,31,7403,4427,"[4504 2661  122 2046 2110 2282 3510  558 3358 4132 1596 3938 5403 2092
  384 6907 4018  618 1962 3240 3601 1057 1856 6758 2009  743 4001  248
 1226 2939 1177 4427 7255 2811 1330 6481 5832 2471 1168 2641]",919
818,0.34943075568646564,6,3510,3087,"[4504 2661  122 2046 2110 2282 3087  558 3358 4132 1596 3938 5403 2092
  384 6907 4018  618 1962 3240 3601 1057 1856 6758 2009  743 4001  248
 1226 2939 1177 4427 7255 2811 1330 6481 5832 2471 1168 2641]",924
819,0.3479878624506507,33,2811,5416,"[4504 2661  122 2046 2110 2282 3087  558 3358 4132 1596 3938 5403 2092
  384 6907 4018  618 1962 3240 3601 1057 1856 6758 2009  743 4001  248
 1226 2939 1177 4427 7255 5416 1330 6481 5832 2471 1168 2641]",932
820,0.34381314193238177,19,3240,875,"[4504 2661  122 2046 2110 2282 3087  558 3358 4132 1596 3938 5403 2092
  384 6907 4018  618 1962  875 3601 1057 1856 6758 2009  743 4001  248
 1226 2939 1177 4427 7255 5416 1330 6481 5832 2471 1168 2641]",956
821,0.34459119869903265,13,2092,3173,"[4504 2661  122 2046 2110 2282 3087  558 3358 4132 1596 3938 5403 3173
  384 6907 4018  618 1962  875 3601 1057 1856 6758 2009  743 4001  248
 1226 2939 1177 4427 7255 5416 1330 6481 5832 2471 1168 2641]",962
822,0.3378387083610844,8,3358,2231,"[4504 2661  122 2046 2110 2282 3087  558 2231 4132 1596 3938 5403 3173
  384 6907 4018  618 1962  875 3601 1057 1856 6758 2009  743 4001  248
 1226 2939 1177 4427 7255 5416 1330 6481 5832 2471 1168 2641]",979
823,0.3369361024188341,12,5403,2536,"[4504 2661  122 2046 2110 2282 3087  558 2231 4132 1596 3938 2536 3173
  384 6907 4018  618 1962  875 3601 1057 1856 6758 2009  743 4001  248
 1226 2939 1177 4427 7255 5416 1330 6481 5832 2471 1168 2641]",960
824,0.338700949891747,27,248,1673,"[4504 2661  122 2046 2110 2282 3087  558 2231 4132 1596 3938 2536 3173
  384 6907 4018  618 1962  875 3601 1057 1856 6758 2009  743 4001 1673
 1226 2939 1177 4427 7255 5416 1330 6481 5832 2471 1168 2641]",940
825,0.3516604340007644,16,4018,3217,"[4504 2661  122 2046 2110 2282 3087  558 2231 4132 1596 3938 2536 3173
  384 6907 3217  618 1962  875 3601 1057 1856 6758 2009  743 4001 1673
 1226 2939 1177 4427 7255 5416 1330 6481 5832 2471 1168 2641]",1019
826,0.3472438533747354,8,2231,2162,"[4504 2661  122 2046 2110 2282 3087  558 2162 4132 1596 3938 2536 3173
  384 6907 3217  618 1962  875 3601 1057 1856 6758 2009  743 4001 1673
 1226 2939 1177 4427 7255 5416 1330 6481 5832 2471 1168 2641]",1002
827,0.3430537818793685,3,2046,3802,"[4504 2661  122 3802 2110 2282 3087  558 2162 4132 1596 3938 2536 3173
  384 6907 3217  618 1962  875 3601 1057 1856 6758 2009  743 4001 1673
 1226 2939 1177 4427 7255 5416 1330 6481 5832 2471 1168 2641]",994
828,0.34039584746005525,5,2282,2455,"[4504 2661  122 3802 2110 2455 3087  558 2162 4132 1596 3938 2536 3173
  384 6907 3217  618 1962  875 3601 1057 1856 6758 2009  743 4001 1673
 1226 2939 1177 4427 7255 5416 1330 6481 5832 2471 1168 2641]",932
829,0.33725637195979985,13,3173,1336,"[4504 2661  122 3802 2110 2455 3087  558 2162 4132 1596 3938 2536 1336
  384 6907 3217  618 1962  875 3601 1057 1856 6758 2009  743 4001 1673
 1226 2939 1177 4427 7255 5416 1330 6481 5832 2471 1168 2641]",937
830,0.34075743626152644,14,384,2648,"[4504 2661  122 3802 2110 2455 3087  558 2162 4132 1596 3938 2536 1336
 2648 6907 3217  618 1962  875 3601 1057 1856 6758 2009  743 4001 1673
 1226 2939 1177 4427 7255 5416 1330 6481 5832 2471 1168 2641]",945
831,0.3467259944791174,13,1336,3310,"[4504 2661  122 3802 2110 2455 3087  558 2162 4132 1596 3938 2536 3310
 2648 6907 3217  618 1962  875 3601 1057 1856 6758 2009  743 4001 1673
 1226 2939 1177 4427 7255 5416 1330 6481 5832 2471 1168 2641]",940
832,0.3476834510469314,10,1596,1665,"[4504 2661  122 3802 2110 2455 3087  558 2162 4132 1665 3938 2536 3310
 2648 6907 3217  618 1962  875 3601 1057 1856 6758 2009  743 4001 1673
 1226 2939 1177 4427 7255 5416 1330 6481 5832 2471 1168 2641]",893
833,0.3484706775158005,32,7255,7328,"[4504 2661  122 3802 2110 2455 3087  558 2162 4132 1665 3938 2536 3310
 2648 6907 3217  618 1962  875 3601 1057 1856 6758 2009  743 4001 1673
 1226 2939 1177 4427 7328 5416 1330 6481 5832 2471 1168 2641]",912
834,0.35143588134069703,35,6481,909,"[4504 2661  122 3802 2110 2455 3087  558 2162 4132 1665 3938 2536 3310
 2648 6907 3217  618 1962  875 3601 1057 1856 6758 2009  743 4001 1673
 1226 2939 1177 4427 7328 5416 1330  909 5832 2471 1168 2641]",920
835,0.34629277343339426,30,1177,967,"[4504 2661  122 3802 2110 2455 3087  558 2162 4132 1665 3938 2536 3310
 2648 6907 3217  618 1962  875 3601 1057 1856 6758 2009  743 4001 1673
 1226 2939  967 4427 7328 5416 1330  909 5832 2471 1168 2641]",975
836,0.3457734746519003,4,2110,3366,"[4504 2661  122 3802 3366 2455 3087  558 2162 4132 1665 3938 2536 3310
 2648 6907 3217  618 1962  875 3601 1057 1856 6758 2009  743 4001 1673
 1226 2939  967 4427 7328 5416 1330  909 5832 2471 1168 2641]",937
837,0.3358756480362573,16,3217,4267,"[4504 2661  122 3802 3366 2455 3087  558 2162 4132 1665 3938 2536 3310
 2648 6907 4267  618 1962  875 3601 1057 1856 6758 2009  743 4001 1673
 1226 2939  967 4427 7328 5416 1330  909 5832 2471 1168 2641]",971
838,0.3314494083213177,4,3366,3510,"[4504 2661  122 3802 3510 2455 3087  558 2162 4132 1665 3938 2536 3310
 2648 6907 4267  618 1962  875 3601 1057 1856 6758 2009  743 4001 1673
 1226 2939  967 4427 7328 5416 1330  909 5832 2471 1168 2641]",940
839,0.33782086713827425,4,3510,3217,"[4504 2661  122 3802 3217 2455 3087  558 2162 4132 1665 3938 2536 3310
 2648 6907 4267  618 1962  875 3601 1057 1856 6758 2009  743 4001 1673
 1226 2939  967 4427 7328 5416 1330  909 5832 2471 1168 2641]",940
840,0.33507411992692143,32,7328,7472,"[4504 2661  122 3802 3217 2455 3087  558 2162 4132 1665 3938 2536 3310
 2648 6907 4267  618 1962  875 3601 1057 1856 6758 2009  743 4001 1673
 1226 2939  967 4427 7472 5416 1330  909 5832 2471 1168 2641]",922
841,0.3422482790392701,17,618,2042,"[4504 2661  122 3802 3217 2455 3087  558 2162 4132 1665 3938 2536 3310
 2648 6907 4267 2042 1962  875 3601 1057 1856 6758 2009  743 4001 1673
 1226 2939  967 4427 7472 5416 1330  909 5832 2471 1168 2641]",911
842,0.33620925423611836,1,2661,2215,"[4504 2215  122 3802 3217 2455 3087  558 2162 4132 1665 3938 2536 3310
 2648 6907 4267 2042 1962  875 3601 1057 1856 6758 2009  743 4001 1673
 1226 2939  967 4427 7472 5416 1330  909 5832 2471 1168 2641]",869
843,0.3383544379954141,18,1962,3209,"[4504 2215  122 3802 3217 2455 3087  558 2162 4132 1665 3938 2536 3310
 2648 6907 4267 2042 3209  875 3601 1057 1856 6758 2009  743 4001 1673
 1226 2939  967 4427 7472 5416 1330  909 5832 2471 1168 2641]",893
844,0.3334670452070423,37,2471,3840,"[4504 2215  122 3802 3217 2455 3087  558 2162 4132 1665 3938 2536 3310
 2648 6907 4267 2042 3209  875 3601 1057 1856 6758 2009  743 4001 1673
 1226 2939  967 4427 7472 5416 1330  909 5832 3840 1168 2641]",892
845,0.3343759888134268,36,5832,7182,"[4504 2215  122 3802 3217 2455 3087  558 2162 4132 1665 3938 2536 3310
 2648 6907 4267 2042 3209  875 3601 1057 1856 6758 2009  743 4001 1673
 1226 2939  967 4427 7472 5416 1330  909 7182 3840 1168 2641]",929
846,0.3368169787314041,6,3087,2874,"[4504 2215  122 3802 3217 2455 2874  558 2162 4132 1665 3938 2536 3310
 2648 6907 4267 2042 3209  875 3601 1057 1856 6758 2009  743 4001 1673
 1226 2939  967 4427 7472 5416 1330  909 7182 3840 1168 2641]",960
847,0.34168759540198407,21,1057,6332,"[4504 2215  122 3802 3217 2455 2874  558 2162 4132 1665 3938 2536 3310
 2648 6907 4267 2042 3209  875 3601 6332 1856 6758 2009  743 4001 1673
 1226 2939  967 4427 7472 5416 1330  909 7182 3840 1168 2641]",922
848,0.3392680110374959,19,875,1822,"[4504 2215  122 3802 3217 2455 2874  558 2162 4132 1665 3938 2536 3310
 2648 6907 4267 2042 3209 1822 3601 6332 1856 6758 2009  743 4001 1673
 1226 2939  967 4427 7472 5416 1330  909 7182 3840 1168 2641]",917
849,0.33839937884414445,32,7472,2887,"[4504 2215  122 3802 3217 2455 2874  558 2162 4132 1665 3938 2536 3310
 2648 6907 4267 2042 3209 1822 3601 6332 1856 6758 2009  743 4001 1673
 1226 2939  967 4427 2887 5416 1330  909 7182 3840 1168 2641]",903
850,0.3294354990306114,15,6907,659,"[4504 2215  122 3802 3217 2455 2874  558 2162 4132 1665 3938 2536 3310
 2648  659 4267 2042 3209 1822 3601 6332 1856 6758 2009  743 4001 1673
 1226 2939  967 4427 2887 5416 1330  909 7182 3840 1168 2641]",955
851,0.3258482296995418,26,4001,1692,"[4504 2215  122 3802 3217 2455 2874  558 2162 4132 1665 3938 2536 3310
 2648  659 4267 2042 3209 1822 3601 6332 1856 6758 2009  743 1692 1673
 1226 2939  967 4427 2887 5416 1330  909 7182 3840 1168 2641]",943
852,0.3269053695880676,12,2536,807,"[4504 2215  122 3802 3217 2455 2874  558 2162 4132 1665 3938  807 3310
 2648  659 4267 2042 3209 1822 3601 6332 1856 6758 2009  743 1692 1673
 1226 2939  967 4427 2887 5416 1330  909 7182 3840 1168 2641]",941
853,0.33479522717406995,31,4427,3784,"[4504 2215  122 3802 3217 2455 2874  558 2162 4132 1665 3938  807 3310
 2648  659 4267 2042 3209 1822 3601 6332 1856 6758 2009  743 1692 1673
 1226 2939  967 3784 2887 5416 1330  909 7182 3840 1168 2641]",984
854,0.33415623695492347,34,1330,2541,"[4504 2215  122 3802 3217 2455 2874  558 2162 4132 1665 3938  807 3310
 2648  659 4267 2042 3209 1822 3601 6332 1856 6758 2009  743 1692 1673
 1226 2939  967 3784 2887 5416 2541  909 7182 3840 1168 2641]",954
855,0.33142261562545955,26,1692,2624,"[4504 2215  122 3802 3217 2455 2874  558 2162 4132 1665 3938  807 3310
 2648  659 4267 2042 3209 1822 3601 6332 1856 6758 2009  743 2624 1673
 1226 2939  967 3784 2887 5416 2541  909 7182 3840 1168 2641]",942
856,0.331827054103604,16,4267,3705,"[4504 2215  122 3802 3217 2455 2874  558 2162 4132 1665 3938  807 3310
 2648  659 3705 2042 3209 1822 3601 6332 1856 6758 2009  743 2624 1673
 1226 2939  967 3784 2887 5416 2541  909 7182 3840 1168 2641]",920
857,0.34027719572544163,15,659,7190,"[4504 2215  122 3802 3217 2455 2874  558 2162 4132 1665 3938  807 3310
 2648 7190 3705 2042 3209 1822 3601 6332 1856 6758 2009  743 2624 1673
 1226 2939  967 3784 2887 5416 2541  909 7182 3840 1168 2641]",942
858,0.3441817792862261,37,3840,1622,"[4504 2215  122 3802 3217 2455 2874  558 2162 4132 1665 3938  807 3310
 2648 7190 3705 2042 3209 1822 3601 6332 1856 6758 2009  743 2624 1673
 1226 2939  967 3784 2887 5416 2541  909 7182 1622 1168 2641]",928
859,0.3488873827207031,30,967,1397,"[4504 2215  122 3802 3217 2455 2874  558 2162 4132 1665 3938  807 3310
 2648 7190 3705 2042 3209 1822 3601 6332 1856 6758 2009  743 2624 1673
 1226 2939 1397 3784 2887 5416 2541  909 7182 1622 1168 2641]",975
860,0.3436957869679813,13,3310,3372,"[4504 2215  122 3802 3217 2455 2874  558 2162 4132 1665 3938  807 3372
 2648 7190 3705 2042 3209 1822 3601 6332 1856 6758 2009  743 2624 1673
 1226 2939 1397 3784 2887 5416 2541  909 7182 1622 1168 2641]",950
861,0.33446746875172395,15,7190,4267,"[4504 2215  122 3802 3217 2455 2874  558 2162 4132 1665 3938  807 3372
 2648 4267 3705 2042 3209 1822 3601 6332 1856 6758 2009  743 2624 1673
 1226 2939 1397 3784 2887 5416 2541  909 7182 1622 1168 2641]",978
862,0.33850923604858907,18,3209,3451,"[4504 2215  122 3802 3217 2455 2874  558 2162 4132 1665 3938  807 3372
 2648 4267 3705 2042 3451 1822 3601 6332 1856 6758 2009  743 2624 1673
 1226 2939 1397 3784 2887 5416 2541  909 7182 1622 1168 2641]",939
863,0.3373871941018486,14,2648,2263,"[4504 2215  122 3802 3217 2455 2874  558 2162 4132 1665 3938  807 3372
 2263 4267 3705 2042 3451 1822 3601 6332 1856 6758 2009  743 2624 1673
 1226 2939 1397 3784 2887 5416 2541  909 7182 1622 1168 2641]",942
864,0.33278008048865493,12,807,1304,"[4504 2215  122 3802 3217 2455 2874  558 2162 4132 1665 3938 1304 3372
 2263 4267 3705 2042 3451 1822 3601 6332 1856 6758 2009  743 2624 1673
 1226 2939 1397 3784 2887 5416 2541  909 7182 1622 1168 2641]",969
865,0.33319474800211707,21,6332,761,"[4504 2215  122 3802 3217 2455 2874  558 2162 4132 1665 3938 1304 3372
 2263 4267 3705 2042 3451 1822 3601  761 1856 6758 2009  743 2624 1673
 1226 2939 1397 3784 2887 5416 2541  909 7182 1622 1168 2641]",1009
866,0.3356895457286104,3,3802,6122,"[4504 2215  122 6122 3217 2455 2874  558 2162 4132 1665 3938 1304 3372
 2263 4267 3705 2042 3451 1822 3601  761 1856 6758 2009  743 2624 1673
 1226 2939 1397 3784 2887 5416 2541  909 7182 1622 1168 2641]",990
867,0.3357062622207598,38,1168,1034,"[4504 2215  122 6122 3217 2455 2874  558 2162 4132 1665 3938 1304 3372
 2263 4267 3705 2042 3451 1822 3601  761 1856 6758 2009  743 2624 1673
 1226 2939 1397 3784 2887 5416 2541  909 7182 1622 1034 2641]",911
868,0.338086432556897,15,4267,3951,"[4504 2215  122 6122 3217 2455 2874  558 2162 4132 1665 3938 1304 3372
 2263 3951 3705 2042 3451 1822 3601  761 1856 6758 2009  743 2624 1673
 1226 2939 1397 3784 2887 5416 2541  909 7182 1622 1034 2641]",909
869,0.3363309112249004,30,1397,1329,"[4504 2215  122 6122 3217 2455 2874  558 2162 4132 1665 3938 1304 3372
 2263 3951 3705 2042 3451 1822 3601  761 1856 6758 2009  743 2624 1673
 1226 2939 1329 3784 2887 5416 2541  909 7182 1622 1034 2641]",892
870,0.33913113566901204,30,1329,6837,"[4504 2215  122 6122 3217 2455 2874  558 2162 4132 1665 3938 1304 3372
 2263 3951 3705 2042 3451 1822 3601  761 1856 6758 2009  743 2624 1673
 1226 2939 6837 3784 2887 5416 2541  909 7182 1622 1034 2641]",892
871,0.3364269343915601,38,1034,2576,"[4504 2215  122 6122 3217 2455 2874  558 2162 4132 1665 3938 1304 3372
 2263 3951 3705 2042 3451 1822 3601  761 1856 6758 2009  743 2624 1673
 1226 2939 6837 3784 2887 5416 2541  909 7182 1622 2576 2641]",892
872,0.3358081066301364,37,1622,3066,"[4504 2215  122 6122 3217 2455 2874  558 2162 4132 1665 3938 1304 3372
 2263 3951 3705 2042 3451 1822 3601  761 1856 6758 2009  743 2624 1673
 1226 2939 6837 3784 2887 5416 2541  909 7182 3066 2576 2641]",910
873,0.33823362352008096,39,2641,7188,"[4504 2215  122 6122 3217 2455 2874  558 2162 4132 1665 3938 1304 3372
 2263 3951 3705 2042 3451 1822 3601  761 1856 6758 2009  743 2624 1673
 1226 2939 6837 3784 2887 5416 2541  909 7182 3066 2576 7188]",897
874,0.34067238191387456,2,122,1239,"[4504 2215 1239 6122 3217 2455 2874  558 2162 4132 1665 3938 1304 3372
 2263 3951 3705 2042 3451 1822 3601  761 1856 6758 2009  743 2624 1673
 1226 2939 6837 3784 2887 5416 2541  909 7182 3066 2576 7188]",908
875,0.3298182533194153,4,3217,2393,"[4504 2215 1239 6122 2393 2455 2874  558 2162 4132 1665 3938 1304 3372
 2263 3951 3705 2042 3451 1822 3601  761 1856 6758 2009  743 2624 1673
 1226 2939 6837 3784 2887 5416 2541  909 7182 3066 2576 7188]",931
876,0.32777244411130935,36,7182,198,"[4504 2215 1239 6122 2393 2455 2874  558 2162 4132 1665 3938 1304 3372
 2263 3951 3705 2042 3451 1822 3601  761 1856 6758 2009  743 2624 1673
 1226 2939 6837 3784 2887 5416 2541  909  198 3066 2576 7188]",949
877,0.33610192283657125,24,2009,3287,"[4504 2215 1239 6122 2393 2455 2874  558 2162 4132 1665 3938 1304 3372
 2263 3951 3705 2042 3451 1822 3601  761 1856 6758 3287  743 2624 1673
 1226 2939 6837 3784 2887 5416 2541  909  198 3066 2576 7188]",982
878,0.3327425895943124,1,2215,2010,"[4504 2010 1239 6122 2393 2455 2874  558 2162 4132 1665 3938 1304 3372
 2263 3951 3705 2042 3451 1822 3601  761 1856 6758 3287  743 2624 1673
 1226 2939 6837 3784 2887 5416 2541  909  198 3066 2576 7188]",994
879,0.33200758790060036,3,6122,4073,"[4504 2010 1239 4073 2393 2455 2874  558 2162 4132 1665 3938 1304 3372
 2263 3951 3705 2042 3451 1822 3601  761 1856 6758 3287  743 2624 1673
 1226 2939 6837 3784 2887 5416 2541  909  198 3066 2576 7188]",1010
880,0.3336158523321779,1,2010,5975,"[4504 5975 1239 4073 2393 2455 2874  558 2162 4132 1665 3938 1304 3372
 2263 3951 3705 2042 3451 1822 3601  761 1856 6758 3287  743 2624 1673
 1226 2939 6837 3784 2887 5416 2541  909  198 3066 2576 7188]",1057
881,0.334165703562385,9,4132,1551,"[4504 5975 1239 4073 2393 2455 2874  558 2162 1551 1665 3938 1304 3372
 2263 3951 3705 2042 3451 1822 3601  761 1856 6758 3287  743 2624 1673
 1226 2939 6837 3784 2887 5416 2541  909  198 3066 2576 7188]",1025
882,0.33007569558887656,19,1822,249,"[4504 5975 1239 4073 2393 2455 2874  558 2162 1551 1665 3938 1304 3372
 2263 3951 3705 2042 3451  249 3601  761 1856 6758 3287  743 2624 1673
 1226 2939 6837 3784 2887 5416 2541  909  198 3066 2576 7188]",1019
883,0.34030864039538233,22,1856,1397,"[4504 5975 1239 4073 2393 2455 2874  558 2162 1551 1665 3938 1304 3372
 2263 3951 3705 2042 3451  249 3601  761 1397 6758 3287  743 2624 1673
 1226 2939 6837 3784 2887 5416 2541  909  198 3066 2576 7188]",1053
884,0.33541411002393917,31,3784,4475,"[4504 5975 1239 4073 2393 2455 2874  558 2162 1551 1665 3938 1304 3372
 2263 3951 3705 2042 3451  249 3601  761 1397 6758 3287  743 2624 1673
 1226 2939 6837 4475 2887 5416 2541  909  198 3066 2576 7188]",998
885,0.3312471137841279,39,7188,2637,"[4504 5975 1239 4073 2393 2455 2874  558 2162 1551 1665 3938 1304 3372
 2263 3951 3705 2042 3451  249 3601  761 1397 6758 3287  743 2624 1673
 1226 2939 6837 4475 2887 5416 2541  909  198 3066 2576 2637]",1003
886,0.32914928834814483,14,2263,1730,"[4504 5975 1239 4073 2393 2455 2874  558 2162 1551 1665 3938 1304 3372
 1730 3951 3705 2042 3451  249 3601  761 1397 6758 3287  743 2624 1673
 1226 2939 6837 4475 2887 5416 2541  909  198 3066 2576 2637]",1000
887,0.33069639799124595,26,2624,4206,"[4504 5975 1239 4073 2393 2455 2874  558 2162 1551 1665 3938 1304 3372
 1730 3951 3705 2042 3451  249 3601  761 1397 6758 3287  743 4206 1673
 1226 2939 6837 4475 2887 5416 2541  909  198 3066 2576 2637]",1024
888,0.3151748273948397,6,2874,2554,"[4504 5975 1239 4073 2393 2455 2554  558 2162 1551 1665 3938 1304 3372
 1730 3951 3705 2042 3451  249 3601  761 1397 6758 3287  743 4206 1673
 1226 2939 6837 4475 2887 5416 2541  909  198 3066 2576 2637]",977
889,0.3214010314006641,8,2162,7330,"[4504 5975 1239 4073 2393 2455 2554  558 7330 1551 1665 3938 1304 3372
 1730 3951 3705 2042 3451  249 3601  761 1397 6758 3287  743 4206 1673
 1226 2939 6837 4475 2887 5416 2541  909  198 3066 2576 2637]",990
890,0.3167060601225751,21,761,7107,"[4504 5975 1239 4073 2393 2455 2554  558 7330 1551 1665 3938 1304 3372
 1730 3951 3705 2042 3451  249 3601 7107 1397 6758 3287  743 4206 1673
 1226 2939 6837 4475 2887 5416 2541  909  198 3066 2576 2637]",994
891,0.319966376801583,31,4475,876,"[4504 5975 1239 4073 2393 2455 2554  558 7330 1551 1665 3938 1304 3372
 1730 3951 3705 2042 3451  249 3601 7107 1397 6758 3287  743 4206 1673
 1226 2939 6837  876 2887 5416 2541  909  198 3066 2576 2637]",1002
892,0.33053499705651135,34,2541,2446,"[4504 5975 1239 4073 2393 2455 2554  558 7330 1551 1665 3938 1304 3372
 1730 3951 3705 2042 3451  249 3601 7107 1397 6758 3287  743 4206 1673
 1226 2939 6837  876 2887 5416 2446  909  198 3066 2576 2637]",1011
893,0.33126989913845484,38,2576,2076,"[4504 5975 1239 4073 2393 2455 2554  558 7330 1551 1665 3938 1304 3372
 1730 3951 3705 2042 3451  249 3601 7107 1397 6758 3287  743 4206 1673
 1226 2939 6837  876 2887 5416 2446  909  198 3066 2076 2637]",1018
894,0.3330966160094616,35,909,691,"[4504 5975 1239 4073 2393 2455 2554  558 7330 1551 1665 3938 1304 3372
 1730 3951 3705 2042 3451  249 3601 7107 1397 6758 3287  743 4206 1673
 1226 2939 6837  876 2887 5416 2446  691  198 3066 2076 2637]",992
895,0.33542835191973097,15,3951,2437,"[4504 5975 1239 4073 2393 2455 2554  558 7330 1551 1665 3938 1304 3372
 1730 2437 3705 2042 3451  249 3601 7107 1397 6758 3287  743 4206 1673
 1226 2939 6837  876 2887 5416 2446  691  198 3066 2076 2637]",974
896,0.3343032931640226,32,2887,2820,"[4504 5975 1239 4073 2393 2455 2554  558 7330 1551 1665 3938 1304 3372
 1730 2437 3705 2042 3451  249 3601 7107 1397 6758 3287  743 4206 1673
 1226 2939 6837  876 2820 5416 2446  691  198 3066 2076 2637]",973
897,0.3296133779871101,25,743,2757,"[4504 5975 1239 4073 2393 2455 2554  558 7330 1551 1665 3938 1304 3372
 1730 2437 3705 2042 3451  249 3601 7107 1397 6758 3287 2757 4206 1673
 1226 2939 6837  876 2820 5416 2446  691  198 3066 2076 2637]",949
898,0.3288132030183598,39,2637,1893,"[4504 5975 1239 4073 2393 2455 2554  558 7330 1551 1665 3938 1304 3372
 1730 2437 3705 2042 3451  249 3601 7107 1397 6758 3287 2757 4206 1673
 1226 2939 6837  876 2820 5416 2446  691  198 3066 2076 1893]",908
899,0.32715844006428374,37,3066,2050,"[4504 5975 1239 4073 2393 2455 2554  558 7330 1551 1665 3938 1304 3372
 1730 2437 3705 2042 3451  249 3601 7107 1397 6758 3287 2757 4206 1673
 1226 2939 6837  876 2820 5416 2446  691  198 2050 2076 1893]",944
900,0.329843043467778,14,1730,752,"[4504 5975 1239 4073 2393 2455 2554  558 7330 1551 1665 3938 1304 3372
  752 2437 3705 2042 3451  249 3601 7107 1397 6758 3287 2757 4206 1673
 1226 2939 6837  876 2820 5416 2446  691  198 2050 2076 1893]",941
901,0.32845990977525386,35,691,3578,"[4504 5975 1239 4073 2393 2455 2554  558 7330 1551 1665 3938 1304 3372
  752 2437 3705 2042 3451  249 3601 7107 1397 6758 3287 2757 4206 1673
 1226 2939 6837  876 2820 5416 2446 3578  198 2050 2076 1893]",942
902,0.33396417841441695,31,876,810,"[4504 5975 1239 4073 2393 2455 2554  558 7330 1551 1665 3938 1304 3372
  752 2437 3705 2042 3451  249 3601 7107 1397 6758 3287 2757 4206 1673
 1226 2939 6837  810 2820 5416 2446 3578  198 2050 2076 1893]",980
903,0.3381955377910749,28,1226,3873,"[4504 5975 1239 4073 2393 2455 2554  558 7330 1551 1665 3938 1304 3372
  752 2437 3705 2042 3451  249 3601 7107 1397 6758 3287 2757 4206 1673
 3873 2939 6837  810 2820 5416 2446 3578  198 2050 2076 1893]",941
904,0.33808278848159234,12,1304,384,"[4504 5975 1239 4073 2393 2455 2554  558 7330 1551 1665 3938  384 3372
  752 2437 3705 2042 3451  249 3601 7107 1397 6758 3287 2757 4206 1673
 3873 2939 6837  810 2820 5416 2446 3578  198 2050 2076 1893]",957
905,0.33721618200883857,37,2050,1787,"[4504 5975 1239 4073 2393 2455 2554  558 7330 1551 1665 3938  384 3372
  752 2437 3705 2042 3451  249 3601 7107 1397 6758 3287 2757 4206 1673
 3873 2939 6837  810 2820 5416 2446 3578  198 1787 2076 1893]",970
906,0.3382855463363184,20,3601,2879,"[4504 5975 1239 4073 2393 2455 2554  558 7330 1551 1665 3938  384 3372
  752 2437 3705 2042 3451  249 2879 7107 1397 6758 3287 2757 4206 1673
 3873 2939 6837  810 2820 5416 2446 3578  198 1787 2076 1893]",1027
907,0.32838179264961787,23,6758,3533,"[4504 5975 1239 4073 2393 2455 2554  558 7330 1551 1665 3938  384 3372
  752 2437 3705 2042 3451  249 2879 7107 1397 3533 3287 2757 4206 1673
 3873 2939 6837  810 2820 5416 2446 3578  198 1787 2076 1893]",1051
908,0.32795784723213267,6,2554,1442,"[4504 5975 1239 4073 2393 2455 1442  558 7330 1551 1665 3938  384 3372
  752 2437 3705 2042 3451  249 2879 7107 1397 3533 3287 2757 4206 1673
 3873 2939 6837  810 2820 5416 2446 3578  198 1787 2076 1893]",1017
909,0.32563369578002266,31,810,591,"[4504 5975 1239 4073 2393 2455 1442  558 7330 1551 1665 3938  384 3372
  752 2437 3705 2042 3451  249 2879 7107 1397 3533 3287 2757 4206 1673
 3873 2939 6837  591 2820 5416 2446 3578  198 1787 2076 1893]",974
910,0.3197213045222509,24,3287,2642,"[4504 5975 1239 4073 2393 2455 1442  558 7330 1551 1665 3938  384 3372
  752 2437 3705 2042 3451  249 2879 7107 1397 3533 2642 2757 4206 1673
 3873 2939 6837  591 2820 5416 2446 3578  198 1787 2076 1893]",971
911,0.32209419081650253,38,2076,973,"[4504 5975 1239 4073 2393 2455 1442  558 7330 1551 1665 3938  384 3372
  752 2437 3705 2042 3451  249 2879 7107 1397 3533 2642 2757 4206 1673
 3873 2939 6837  591 2820 5416 2446 3578  198 1787  973 1893]",927
912,0.32262138856167666,20,2879,1056,"[4504 5975 1239 4073 2393 2455 1442  558 7330 1551 1665 3938  384 3372
  752 2437 3705 2042 3451  249 1056 7107 1397 3533 2642 2757 4206 1673
 3873 2939 6837  591 2820 5416 2446 3578  198 1787  973 1893]",902
913,0.3215981429259648,22,1397,2148,"[4504 5975 1239 4073 2393 2455 1442  558 7330 1551 1665 3938  384 3372
  752 2437 3705 2042 3451  249 1056 7107 2148 3533 2642 2757 4206 1673
 3873 2939 6837  591 2820 5416 2446 3578  198 1787  973 1893]",908
914,0.3211840515028457,7,558,816,"[4504 5975 1239 4073 2393 2455 1442  816 7330 1551 1665 3938  384 3372
  752 2437 3705 2042 3451  249 1056 7107 2148 3533 2642 2757 4206 1673
 3873 2939 6837  591 2820 5416 2446 3578  198 1787  973 1893]",897
915,0.3188669312785025,20,1056,2693,"[4504 5975 1239 4073 2393 2455 1442  816 7330 1551 1665 3938  384 3372
  752 2437 3705 2042 3451  249 2693 7107 2148 3533 2642 2757 4206 1673
 3873 2939 6837  591 2820 5416 2446 3578  198 1787  973 1893]",932
916,0.31734580610697294,37,1787,5335,"[4504 5975 1239 4073 2393 2455 1442  816 7330 1551 1665 3938  384 3372
  752 2437 3705 2042 3451  249 2693 7107 2148 3533 2642 2757 4206 1673
 3873 2939 6837  591 2820 5416 2446 3578  198 5335  973 1893]",923
917,0.3206439608258239,16,3705,908,"[4504 5975 1239 4073 2393 2455 1442  816 7330 1551 1665 3938  384 3372
  752 2437  908 2042 3451  249 2693 7107 2148 3533 2642 2757 4206 1673
 3873 2939 6837  591 2820 5416 2446 3578  198 5335  973 1893]",941
918,0.3208433971338984,38,973,3495,"[4504 5975 1239 4073 2393 2455 1442  816 7330 1551 1665 3938  384 3372
  752 2437  908 2042 3451  249 2693 7107 2148 3533 2642 2757 4206 1673
 3873 2939 6837  591 2820 5416 2446 3578  198 5335 3495 1893]",938
919,0.3197347094007066,39,1893,3071,"[4504 5975 1239 4073 2393 2455 1442  816 7330 1551 1665 3938  384 3372
  752 2437  908 2042 3451  249 2693 7107 2148 3533 2642 2757 4206 1673
 3873 2939 6837  591 2820 5416 2446 3578  198 5335 3495 3071]",871
920,0.3119173987456203,34,2446,2095,"[4504 5975 1239 4073 2393 2455 1442  816 7330 1551 1665 3938  384 3372
  752 2437  908 2042 3451  249 2693 7107 2148 3533 2642 2757 4206 1673
 3873 2939 6837  591 2820 5416 2095 3578  198 5335 3495 3071]",906
921,0.31331487978845785,5,2455,630,"[4504 5975 1239 4073 2393  630 1442  816 7330 1551 1665 3938  384 3372
  752 2437  908 2042 3451  249 2693 7107 2148 3533 2642 2757 4206 1673
 3873 2939 6837  591 2820 5416 2095 3578  198 5335 3495 3071]",940
922,0.3069513393329256,17,2042,2330,"[4504 5975 1239 4073 2393  630 1442  816 7330 1551 1665 3938  384 3372
  752 2437  908 2330 3451  249 2693 7107 2148 3533 2642 2757 4206 1673
 3873 2939 6837  591 2820 5416 2095 3578  198 5335 3495 3071]",973
923,0.3175644739188258,14,752,6760,"[4504 5975 1239 4073 2393  630 1442  816 7330 1551 1665 3938  384 3372
 6760 2437  908 2330 3451  249 2693 7107 2148 3533 2642 2757 4206 1673
 3873 2939 6837  591 2820 5416 2095 3578  198 5335 3495 3071]",980
924,0.3151154294656475,39,3071,751,"[4504 5975 1239 4073 2393  630 1442  816 7330 1551 1665 3938  384 3372
 6760 2437  908 2330 3451  249 2693 7107 2148 3533 2642 2757 4206 1673
 3873 2939 6837  591 2820 5416 2095 3578  198 5335 3495  751]",962
925,0.3229263245164282,8,7330,1683,"[4504 5975 1239 4073 2393  630 1442  816 1683 1551 1665 3938  384 3372
 6760 2437  908 2330 3451  249 2693 7107 2148 3533 2642 2757 4206 1673
 3873 2939 6837  591 2820 5416 2095 3578  198 5335 3495  751]",963
926,0.32003931331245833,28,3873,6339,"[4504 5975 1239 4073 2393  630 1442  816 1683 1551 1665 3938  384 3372
 6760 2437  908 2330 3451  249 2693 7107 2148 3533 2642 2757 4206 1673
 6339 2939 6837  591 2820 5416 2095 3578  198 5335 3495  751]",908
927,0.31726416089276593,15,2437,7256,"[4504 5975 1239 4073 2393  630 1442  816 1683 1551 1665 3938  384 3372
 6760 7256  908 2330 3451  249 2693 7107 2148 3533 2642 2757 4206 1673
 6339 2939 6837  591 2820 5416 2095 3578  198 5335 3495  751]",900
928,0.3167381285904797,1,5975,3955,"[4504 3955 1239 4073 2393  630 1442  816 1683 1551 1665 3938  384 3372
 6760 7256  908 2330 3451  249 2693 7107 2148 3533 2642 2757 4206 1673
 6339 2939 6837  591 2820 5416 2095 3578  198 5335 3495  751]",937
929,0.32248989153077756,36,198,617,"[4504 3955 1239 4073 2393  630 1442  816 1683 1551 1665 3938  384 3372
 6760 7256  908 2330 3451  249 2693 7107 2148 3533 2642 2757 4206 1673
 6339 2939 6837  591 2820 5416 2095 3578  617 5335 3495  751]",928
930,0.32113026222291935,4,2393,3802,"[4504 3955 1239 4073 3802  630 1442  816 1683 1551 1665 3938  384 3372
 6760 7256  908 2330 3451  249 2693 7107 2148 3533 2642 2757 4206 1673
 6339 2939 6837  591 2820 5416 2095 3578  617 5335 3495  751]",908
931,0.3303573786309631,37,5335,2590,"[4504 3955 1239 4073 3802  630 1442  816 1683 1551 1665 3938  384 3372
 6760 7256  908 2330 3451  249 2693 7107 2148 3533 2642 2757 4206 1673
 6339 2939 6837  591 2820 5416 2095 3578  617 2590 3495  751]",959
932,0.33333653081295433,6,1442,6046,"[4504 3955 1239 4073 3802  630 6046  816 1683 1551 1665 3938  384 3372
 6760 7256  908 2330 3451  249 2693 7107 2148 3533 2642 2757 4206 1673
 6339 2939 6837  591 2820 5416 2095 3578  617 2590 3495  751]",981
933,0.33906958987845764,34,2095,2110,"[4504 3955 1239 4073 3802  630 6046  816 1683 1551 1665 3938  384 3372
 6760 7256  908 2330 3451  249 2693 7107 2148 3533 2642 2757 4206 1673
 6339 2939 6837  591 2820 5416 2110 3578  617 2590 3495  751]",929
934,0.33962120112775174,22,2148,2149,"[4504 3955 1239 4073 3802  630 6046  816 1683 1551 1665 3938  384 3372
 6760 7256  908 2330 3451  249 2693 7107 2149 3533 2642 2757 4206 1673
 6339 2939 6837  591 2820 5416 2110 3578  617 2590 3495  751]",969
935,0.3409772113878241,39,751,5263,"[4504 3955 1239 4073 3802  630 6046  816 1683 1551 1665 3938  384 3372
 6760 7256  908 2330 3451  249 2693 7107 2149 3533 2642 2757 4206 1673
 6339 2939 6837  591 2820 5416 2110 3578  617 2590 3495 5263]",917
936,0.3378038662387459,2,1239,1369,"[4504 3955 1369 4073 3802  630 6046  816 1683 1551 1665 3938  384 3372
 6760 7256  908 2330 3451  249 2693 7107 2149 3533 2642 2757 4206 1673
 6339 2939 6837  591 2820 5416 2110 3578  617 2590 3495 5263]",867
937,0.3377679410743484,31,591,1240,"[4504 3955 1369 4073 3802  630 6046  816 1683 1551 1665 3938  384 3372
 6760 7256  908 2330 3451  249 2693 7107 2149 3533 2642 2757 4206 1673
 6339 2939 6837 1240 2820 5416 2110 3578  617 2590 3495 5263]",871
938,0.336075286448074,7,816,4556,"[4504 3955 1369 4073 3802  630 6046 4556 1683 1551 1665 3938  384 3372
 6760 7256  908 2330 3451  249 2693 7107 2149 3533 2642 2757 4206 1673
 6339 2939 6837 1240 2820 5416 2110 3578  617 2590 3495 5263]",885
939,0.34340409334383387,7,4556,3146,"[4504 3955 1369 4073 3802  630 6046 3146 1683 1551 1665 3938  384 3372
 6760 7256  908 2330 3451  249 2693 7107 2149 3533 2642 2757 4206 1673
 6339 2939 6837 1240 2820 5416 2110 3578  617 2590 3495 5263]",885
940,0.34177182247094656,3,4073,2458,"[4504 3955 1369 2458 3802  630 6046 3146 1683 1551 1665 3938  384 3372
 6760 7256  908 2330 3451  249 2693 7107 2149 3533 2642 2757 4206 1673
 6339 2939 6837 1240 2820 5416 2110 3578  617 2590 3495 5263]",892
941,0.34104188228744003,21,7107,7037,"[4504 3955 1369 2458 3802  630 6046 3146 1683 1551 1665 3938  384 3372
 6760 7256  908 2330 3451  249 2693 7037 2149 3533 2642 2757 4206 1673
 6339 2939 6837 1240 2820 5416 2110 3578  617 2590 3495 5263]",850
942,0.3467962649376354,33,5416,3643,"[4504 3955 1369 2458 3802  630 6046 3146 1683 1551 1665 3938  384 3372
 6760 7256  908 2330 3451  249 2693 7037 2149 3533 2642 2757 4206 1673
 6339 2939 6837 1240 2820 3643 2110 3578  617 2590 3495 5263]",878
943,0.3377134706395474,14,6760,815,"[4504 3955 1369 2458 3802  630 6046 3146 1683 1551 1665 3938  384 3372
  815 7256  908 2330 3451  249 2693 7037 2149 3533 2642 2757 4206 1673
 6339 2939 6837 1240 2820 3643 2110 3578  617 2590 3495 5263]",888
944,0.3261053593554398,37,2590,3558,"[4504 3955 1369 2458 3802  630 6046 3146 1683 1551 1665 3938  384 3372
  815 7256  908 2330 3451  249 2693 7037 2149 3533 2642 2757 4206 1673
 6339 2939 6837 1240 2820 3643 2110 3578  617 3558 3495 5263]",937
945,0.3347710725624065,12,384,2377,"[4504 3955 1369 2458 3802  630 6046 3146 1683 1551 1665 3938 2377 3372
  815 7256  908 2330 3451  249 2693 7037 2149 3533 2642 2757 4206 1673
 6339 2939 6837 1240 2820 3643 2110 3578  617 3558 3495 5263]",915
946,0.34355140784686966,21,7037,6689,"[4504 3955 1369 2458 3802  630 6046 3146 1683 1551 1665 3938 2377 3372
  815 7256  908 2330 3451  249 2693 6689 2149 3533 2642 2757 4206 1673
 6339 2939 6837 1240 2820 3643 2110 3578  617 3558 3495 5263]",870
947,0.33563453081158434,8,1683,2442,"[4504 3955 1369 2458 3802  630 6046 3146 2442 1551 1665 3938 2377 3372
  815 7256  908 2330 3451  249 2693 6689 2149 3533 2642 2757 4206 1673
 6339 2939 6837 1240 2820 3643 2110 3578  617 3558 3495 5263]",890
948,0.3411000484006907,38,3495,1543,"[4504 3955 1369 2458 3802  630 6046 3146 2442 1551 1665 3938 2377 3372
  815 7256  908 2330 3451  249 2693 6689 2149 3533 2642 2757 4206 1673
 6339 2939 6837 1240 2820 3643 2110 3578  617 3558 1543 5263]",890
949,0.33632360167353853,18,3451,1537,"[4504 3955 1369 2458 3802  630 6046 3146 2442 1551 1665 3938 2377 3372
  815 7256  908 2330 1537  249 2693 6689 2149 3533 2642 2757 4206 1673
 6339 2939 6837 1240 2820 3643 2110 3578  617 3558 1543 5263]",885
950,0.33787828992559427,18,1537,1322,"[4504 3955 1369 2458 3802  630 6046 3146 2442 1551 1665 3938 2377 3372
  815 7256  908 2330 1322  249 2693 6689 2149 3533 2642 2757 4206 1673
 6339 2939 6837 1240 2820 3643 2110 3578  617 3558 1543 5263]",885
951,0.33572542534607447,7,3146,526,"[4504 3955 1369 2458 3802  630 6046  526 2442 1551 1665 3938 2377 3372
  815 7256  908 2330 1322  249 2693 6689 2149 3533 2642 2757 4206 1673
 6339 2939 6837 1240 2820 3643 2110 3578  617 3558 1543 5263]",865
952,0.3338165487477911,15,7256,874,"[4504 3955 1369 2458 3802  630 6046  526 2442 1551 1665 3938 2377 3372
  815  874  908 2330 1322  249 2693 6689 2149 3533 2642 2757 4206 1673
 6339 2939 6837 1240 2820 3643 2110 3578  617 3558 1543 5263]",878
953,0.33619720570122746,22,2149,2946,"[4504 3955 1369 2458 3802  630 6046  526 2442 1551 1665 3938 2377 3372
  815  874  908 2330 1322  249 2693 6689 2946 3533 2642 2757 4206 1673
 6339 2939 6837 1240 2820 3643 2110 3578  617 3558 1543 5263]",898
954,0.33952282468775685,31,1240,7261,"[4504 3955 1369 2458 3802  630 6046  526 2442 1551 1665 3938 2377 3372
  815  874  908 2330 1322  249 2693 6689 2946 3533 2642 2757 4206 1673
 6339 2939 6837 7261 2820 3643 2110 3578  617 3558 1543 5263]",892
955,0.32926055681412464,33,3643,821,"[4504 3955 1369 2458 3802  630 6046  526 2442 1551 1665 3938 2377 3372
  815  874  908 2330 1322  249 2693 6689 2946 3533 2642 2757 4206 1673
 6339 2939 6837 7261 2820  821 2110 3578  617 3558 1543 5263]",904
956,0.3242327512893818,24,2642,2000,"[4504 3955 1369 2458 3802  630 6046  526 2442 1551 1665 3938 2377 3372
  815  874  908 2330 1322  249 2693 6689 2946 3533 2000 2757 4206 1673
 6339 2939 6837 7261 2820  821 2110 3578  617 3558 1543 5263]",988
957,0.3177487333663008,34,2110,7180,"[4504 3955 1369 2458 3802  630 6046  526 2442 1551 1665 3938 2377 3372
  815  874  908 2330 1322  249 2693 6689 2946 3533 2000 2757 4206 1673
 6339 2939 6837 7261 2820  821 7180 3578  617 3558 1543 5263]",943
958,0.3166865306476495,8,2442,2099,"[4504 3955 1369 2458 3802  630 6046  526 2099 1551 1665 3938 2377 3372
  815  874  908 2330 1322  249 2693 6689 2946 3533 2000 2757 4206 1673
 6339 2939 6837 7261 2820  821 7180 3578  617 3558 1543 5263]",929
959,0.3159294283618873,15,874,4073,"[4504 3955 1369 2458 3802  630 6046  526 2099 1551 1665 3938 2377 3372
  815 4073  908 2330 1322  249 2693 6689 2946 3533 2000 2757 4206 1673
 6339 2939 6837 7261 2820  821 7180 3578  617 3558 1543 5263]",977
960,0.3139888702369853,20,2693,4708,"[4504 3955 1369 2458 3802  630 6046  526 2099 1551 1665 3938 2377 3372
  815 4073  908 2330 1322  249 4708 6689 2946 3533 2000 2757 4206 1673
 6339 2939 6837 7261 2820  821 7180 3578  617 3558 1543 5263]",987
961,0.3162139490142083,1,3955,876,"[4504  876 1369 2458 3802  630 6046  526 2099 1551 1665 3938 2377 3372
  815 4073  908 2330 1322  249 4708 6689 2946 3533 2000 2757 4206 1673
 6339 2939 6837 7261 2820  821 7180 3578  617 3558 1543 5263]",988
962,0.31768705775633355,9,1551,1937,"[4504  876 1369 2458 3802  630 6046  526 2099 1937 1665 3938 2377 3372
  815 4073  908 2330 1322  249 4708 6689 2946 3533 2000 2757 4206 1673
 6339 2939 6837 7261 2820  821 7180 3578  617 3558 1543 5263]",979
963,0.3271409732301679,37,3558,2040,"[4504  876 1369 2458 3802  630 6046  526 2099 1937 1665 3938 2377 3372
  815 4073  908 2330 1322  249 4708 6689 2946 3533 2000 2757 4206 1673
 6339 2939 6837 7261 2820  821 7180 3578  617 2040 1543 5263]",999
964,0.3319415139930436,2,1369,3094,"[4504  876 3094 2458 3802  630 6046  526 2099 1937 1665 3938 2377 3372
  815 4073  908 2330 1322  249 4708 6689 2946 3533 2000 2757 4206 1673
 6339 2939 6837 7261 2820  821 7180 3578  617 2040 1543 5263]",990
965,0.32762523170628016,14,815,2852,"[4504  876 3094 2458 3802  630 6046  526 2099 1937 1665 3938 2377 3372
 2852 4073  908 2330 1322  249 4708 6689 2946 3533 2000 2757 4206 1673
 6339 2939 6837 7261 2820  821 7180 3578  617 2040 1543 5263]",969
966,0.3295276973272283,36,617,3075,"[4504  876 3094 2458 3802  630 6046  526 2099 1937 1665 3938 2377 3372
 2852 4073  908 2330 1322  249 4708 6689 2946 3533 2000 2757 4206 1673
 6339 2939 6837 7261 2820  821 7180 3578 3075 2040 1543 5263]",967
967,0.3297833128344122,31,7261,3783,"[4504  876 3094 2458 3802  630 6046  526 2099 1937 1665 3938 2377 3372
 2852 4073  908 2330 1322  249 4708 6689 2946 3533 2000 2757 4206 1673
 6339 2939 6837 3783 2820  821 7180 3578 3075 2040 1543 5263]",947
968,0.3365686602716888,8,2099,2578,"[4504  876 3094 2458 3802  630 6046  526 2578 1937 1665 3938 2377 3372
 2852 4073  908 2330 1322  249 4708 6689 2946 3533 2000 2757 4206 1673
 6339 2939 6837 3783 2820  821 7180 3578 3075 2040 1543 5263]",912
969,0.34049100180220027,26,4206,7329,"[4504  876 3094 2458 3802  630 6046  526 2578 1937 1665 3938 2377 3372
 2852 4073  908 2330 1322  249 4708 6689 2946 3533 2000 2757 7329 1673
 6339 2939 6837 3783 2820  821 7180 3578 3075 2040 1543 5263]",913
970,0.341536327994297,34,7180,1478,"[4504  876 3094 2458 3802  630 6046  526 2578 1937 1665 3938 2377 3372
 2852 4073  908 2330 1322  249 4708 6689 2946 3533 2000 2757 7329 1673
 6339 2939 6837 3783 2820  821 1478 3578 3075 2040 1543 5263]",919
971,0.3420581357095389,4,3802,1115,"[4504  876 3094 2458 1115  630 6046  526 2578 1937 1665 3938 2377 3372
 2852 4073  908 2330 1322  249 4708 6689 2946 3533 2000 2757 7329 1673
 6339 2939 6837 3783 2820  821 1478 3578 3075 2040 1543 5263]",935
972,0.34092056508734625,3,2458,2316,"[4504  876 3094 2316 1115  630 6046  526 2578 1937 1665 3938 2377 3372
 2852 4073  908 2330 1322  249 4708 6689 2946 3533 2000 2757 7329 1673
 6339 2939 6837 3783 2820  821 1478 3578 3075 2040 1543 5263]",980
973,0.34342609064268864,24,2000,2070,"[4504  876 3094 2316 1115  630 6046  526 2578 1937 1665 3938 2377 3372
 2852 4073  908 2330 1322  249 4708 6689 2946 3533 2070 2757 7329 1673
 6339 2939 6837 3783 2820  821 1478 3578 3075 2040 1543 5263]",982
974,0.3390976008241727,37,2040,3951,"[4504  876 3094 2316 1115  630 6046  526 2578 1937 1665 3938 2377 3372
 2852 4073  908 2330 1322  249 4708 6689 2946 3533 2070 2757 7329 1673
 6339 2939 6837 3783 2820  821 1478 3578 3075 3951 1543 5263]",939
975,0.3380098892923265,4,1115,972,"[4504  876 3094 2316  972  630 6046  526 2578 1937 1665 3938 2377 3372
 2852 4073  908 2330 1322  249 4708 6689 2946 3533 2070 2757 7329 1673
 6339 2939 6837 3783 2820  821 1478 3578 3075 3951 1543 5263]",862
976,0.3343224886597065,21,6689,2039,"[4504  876 3094 2316  972  630 6046  526 2578 1937 1665 3938 2377 3372
 2852 4073  908 2330 1322  249 4708 2039 2946 3533 2070 2757 7329 1673
 6339 2939 6837 3783 2820  821 1478 3578 3075 3951 1543 5263]",872
977,0.32632404185376956,7,526,4228,"[4504  876 3094 2316  972  630 6046 4228 2578 1937 1665 3938 2377 3372
 2852 4073  908 2330 1322  249 4708 2039 2946 3533 2070 2757 7329 1673
 6339 2939 6837 3783 2820  821 1478 3578 3075 3951 1543 5263]",887
978,0.3228795168161335,26,7329,3211,"[4504  876 3094 2316  972  630 6046 4228 2578 1937 1665 3938 2377 3372
 2852 4073  908 2330 1322  249 4708 2039 2946 3533 2070 2757 3211 1673
 6339 2939 6837 3783 2820  821 1478 3578 3075 3951 1543 5263]",914
979,0.3269383228068412,32,2820,6754,"[4504  876 3094 2316  972  630 6046 4228 2578 1937 1665 3938 2377 3372
 2852 4073  908 2330 1322  249 4708 2039 2946 3533 2070 2757 3211 1673
 6339 2939 6837 3783 6754  821 1478 3578 3075 3951 1543 5263]",957
980,0.3308427700518968,9,1937,742,"[4504  876 3094 2316  972  630 6046 4228 2578  742 1665 3938 2377 3372
 2852 4073  908 2330 1322  249 4708 2039 2946 3533 2070 2757 3211 1673
 6339 2939 6837 3783 6754  821 1478 3578 3075 3951 1543 5263]",940
981,0.33181886085989454,28,6339,1243,"[4504  876 3094 2316  972  630 6046 4228 2578  742 1665 3938 2377 3372
 2852 4073  908 2330 1322  249 4708 2039 2946 3533 2070 2757 3211 1673
 1243 2939 6837 3783 6754  821 1478 3578 3075 3951 1543 5263]",952
982,0.33023834229939625,37,3951,546,"[4504  876 3094 2316  972  630 6046 4228 2578  742 1665 3938 2377 3372
 2852 4073  908 2330 1322  249 4708 2039 2946 3533 2070 2757 3211 1673
 1243 2939 6837 3783 6754  821 1478 3578 3075  546 1543 5263]",1013
983,0.3306346797504563,23,3533,3731,"[4504  876 3094 2316  972  630 6046 4228 2578  742 1665 3938 2377 3372
 2852 4073  908 2330 1322  249 4708 2039 2946 3731 2070 2757 3211 1673
 1243 2939 6837 3783 6754  821 1478 3578 3075  546 1543 5263]",1048
984,0.3321225217374127,19,249,3702,"[4504  876 3094 2316  972  630 6046 4228 2578  742 1665 3938 2377 3372
 2852 4073  908 2330 1322 3702 4708 2039 2946 3731 2070 2757 3211 1673
 1243 2939 6837 3783 6754  821 1478 3578 3075  546 1543 5263]",1041
985,0.33207718993733665,37,546,7472,"[4504  876 3094 2316  972  630 6046 4228 2578  742 1665 3938 2377 3372
 2852 4073  908 2330 1322 3702 4708 2039 2946 3731 2070 2757 3211 1673
 1243 2939 6837 3783 6754  821 1478 3578 3075 7472 1543 5263]",999
986,0.3257122566042488,17,2330,2300,"[4504  876 3094 2316  972  630 6046 4228 2578  742 1665 3938 2377 3372
 2852 4073  908 2300 1322 3702 4708 2039 2946 3731 2070 2757 3211 1673
 1243 2939 6837 3783 6754  821 1478 3578 3075 7472 1543 5263]",994
987,0.3309529091975199,20,4708,2219,"[4504  876 3094 2316  972  630 6046 4228 2578  742 1665 3938 2377 3372
 2852 4073  908 2300 1322 3702 2219 2039 2946 3731 2070 2757 3211 1673
 1243 2939 6837 3783 6754  821 1478 3578 3075 7472 1543 5263]",1042
988,0.33158376471131756,19,3702,382,"[4504  876 3094 2316  972  630 6046 4228 2578  742 1665 3938 2377 3372
 2852 4073  908 2300 1322  382 2219 2039 2946 3731 2070 2757 3211 1673
 1243 2939 6837 3783 6754  821 1478 3578 3075 7472 1543 5263]",1094
989,0.3288559739921703,29,2939,2047,"[4504  876 3094 2316  972  630 6046 4228 2578  742 1665 3938 2377 3372
 2852 4073  908 2300 1322  382 2219 2039 2946 3731 2070 2757 3211 1673
 1243 2047 6837 3783 6754  821 1478 3578 3075 7472 1543 5263]",1078
990,0.3313839002389948,23,3731,3811,"[4504  876 3094 2316  972  630 6046 4228 2578  742 1665 3938 2377 3372
 2852 4073  908 2300 1322  382 2219 2039 2946 3811 2070 2757 3211 1673
 1243 2047 6837 3783 6754  821 1478 3578 3075 7472 1543 5263]",1049
991,0.3327661671234936,24,2070,7251,"[4504  876 3094 2316  972  630 6046 4228 2578  742 1665 3938 2377 3372
 2852 4073  908 2300 1322  382 2219 2039 2946 3811 7251 2757 3211 1673
 1243 2047 6837 3783 6754  821 1478 3578 3075 7472 1543 5263]",1002
992,0.3304107709482861,2,3094,2954,"[4504  876 2954 2316  972  630 6046 4228 2578  742 1665 3938 2377 3372
 2852 4073  908 2300 1322  382 2219 2039 2946 3811 7251 2757 3211 1673
 1243 2047 6837 3783 6754  821 1478 3578 3075 7472 1543 5263]",1039
993,0.33327609777022127,19,382,2869,"[4504  876 2954 2316  972  630 6046 4228 2578  742 1665 3938 2377 3372
 2852 4073  908 2300 1322 2869 2219 2039 2946 3811 7251 2757 3211 1673
 1243 2047 6837 3783 6754  821 1478 3578 3075 7472 1543 5263]",999
994,0.32504990309957654,35,3578,373,"[4504  876 2954 2316  972  630 6046 4228 2578  742 1665 3938 2377 3372
 2852 4073  908 2300 1322 2869 2219 2039 2946 3811 7251 2757 3211 1673
 1243 2047 6837 3783 6754  821 1478  373 3075 7472 1543 5263]",1006
995,0.32584276631149334,32,6754,4133,"[4504  876 2954 2316  972  630 6046 4228 2578  742 1665 3938 2377 3372
 2852 4073  908 2300 1322 2869 2219 2039 2946 3811 7251 2757 3211 1673
 1243 2047 6837 3783 4133  821 1478  373 3075 7472 1543 5263]",1043
996,0.3300512257306355,32,4133,6545,"[4504  876 2954 2316  972  630 6046 4228 2578  742 1665 3938 2377 3372
 2852 4073  908 2300 1322 2869 2219 2039 2946 3811 7251 2757 3211 1673
 1243 2047 6837 3783 6545  821 1478  373 3075 7472 1543 5263]",1043
997,0.3360247792121618,36,3075,3436,"[4504  876 2954 2316  972  630 6046 4228 2578  742 1665 3938 2377 3372
 2852 4073  908 2300 1322 2869 2219 2039 2946 3811 7251 2757 3211 1673
 1243 2047 6837 3783 6545  821 1478  373 3436 7472 1543 5263]",1006
998,0.3372257371772647,17,2300,4204,"[4504  876 2954 2316  972  630 6046 4228 2578  742 1665 3938 2377 3372
 2852 4073  908 4204 1322 2869 2219 2039 2946 3811 7251 2757 3211 1673
 1243 2047 6837 3783 6545  821 1478  373 3436 7472 1543 5263]",996
999,0.3270467439866854,30,6837,2158,"[4504  876 2954 2316  972  630 6046 4228 2578  742 1665 3938 2377 3372
 2852 4073  908 4204 1322 2869 2219 2039 2946 3811 7251 2757 3211 1673
 1243 2047 2158 3783 6545  821 1478  373 3436 7472 1543 5263]",986
1000,0.3259001209309565,25,2757,3703,"[4504  876 2954 2316  972  630 6046 4228 2578  742 1665 3938 2377 3372
 2852 4073  908 4204 1322 2869 2219 2039 2946 3811 7251 3703 3211 1673
 1243 2047 2158 3783 6545  821 1478  373 3436 7472 1543 5263]",1049
