layout,fitness
"[ 589  753  910 1174 1251 1390 1515 1685 1869 1885 1886 2075 2081 2248
 2321 2428 2463 2552 2571 2651 2654 2761 2826 2901 3074 3169 3300 3504
 3575 3592 3602 3673 3723 3727 3733 3875 4003 4138 6615 7393]",0.2682091093776226
"[ 591  813  898  901 1027 1056 1185 1393 1691 1875 1877 1892 1906 2040
 2183 2316 2356 2376 2570 2643 2723 2758 2763 2886 2954 2976 3307 3369
 3429 3584 3777 3796 3882 3947 4708 5201 6259 6261 6610 6690]",0.29076306930964535
"[ 310  806  810  839  977 1051 1172 1255 1463 1608 1827 1886 2046 2162
 2241 2324 2383 2436 2510 2535 2723 2730 2792 2794 2797 2937 2976 3085
 3363 3391 3462 3495 3526 3580 3713 5975 6549 6620 6837 7122]",0.2852526585158739
"[ 237  622  734  803  835  973  979 1028 1100 1304 1593 1683 1752 1838
 1998 2184 2507 2586 2591 2593 2637 2831 2875 2904 2937 2951 3319 3378
 3577 3707 3865 4781 4992 5832 6046 6114 6691 6760 6762 7047]",0.31290407926842223
"[ 553  594 1022 1103 1125 1173 1460 1463 1717 1749 1831 1878 1947 1999
 2046 2431 2500 2876 2935 3079 3300 3374 3445 3586 3732 3741 3859 3930
 3932 3987 3994 4849 5694 6468 6757 6768 6831 7112 7253 7259]",0.2985348116800665
"[ 549  805 1173 1186 1191 1255 1323 1591 1605 1807 1876 2017 2040 2283
 2288 2404 2425 2571 2666 2726 2899 3009 3238 3278 3284 3308 3357 3505
 3506 3650 3931 4145 4211 4705 6045 6260 6402 6469 6760 7259]",0.3052486655364629
"[ 477  589  618  682  883  906  960 1123 1184 1391 1463 1959 2140 2166
 2186 2376 2494 2571 2656 2728 2754 2817 2927 2938 2943 3014 3028 3091
 3097 3142 3212 3300 3377 3512 3528 3567 3605 3674 6267 6979]",0.2682548715093349
"[ 599  671  688  692  884  885  962 1256 1395 1542 1676 1884 1896 2002
 2255 2373 2450 2657 2689 2714 2786 2787 2796 3163 3215 3285 3352 3521
 3576 3872 4063 4079 4204 6539 6544 6615 6694 7043 7328 7397]",0.30968192647217163
"[ 246  269  552  693  880  977 1049 1252 1445 1460 2075 2120 2142 2167
 2182 2222 2223 2235 2665 2731 2832 2973 3358 3512 3665 3670 3676 3716
 3780 3796 4554 4708 4710 5416 5974 6620 6681 7039 7043 7465]",0.30682490634129167
"[ 237  411  475  476  620  809  980 1306 1391 1613 1716 1807 1930 1965
 1975 2081 2097 2187 2326 2395 2427 2430 2506 2574 2726 2732 2793 2799
 2971 3281 3723 3918 3920 4022 4147 4339 6184 6411 7049 7182]",0.30657092659989427
"[ 667 1022 1184 1193 1238 1307 1335 1373 2113 2121 2289 2442 2449 2504
 2554 2567 2618 2646 2655 2726 2752 2760 3007 3240 3444 3450 3582 3596
 3634 3664 3789 3861 3933 4850 5694 6546 6690 6766 6827 7468]",0.303940210023684
"[ 309  402  548  552  672  952  969 1106 1172 1326 1406 1751 1803 1876
 2014 2039 2047 2096 2215 2216 2222 2285 2305 2311 2797 2827 2941 3215
 3362 3649 3779 3885 3932 4146 4360 4641 6476 6970 7184 7393]",0.31519249176735614
"[ 309  588  592  593  626 1109 1446 1531 1544 1888 1893 1907 1967 2005
 2092 2142 2166 2213 2313 2327 2656 2691 2938 3008 3150 3440 3448 3586
 3663 3732 3737 3817 4353 6252 6412 6468 6475 6684 7052 7260]",0.2902383637018637
"[ 522  967  985 1038 1123 1264 1602 1604 1736 2001 2158 2185 2233 2283
 2316 2358 2571 2584 2661 2694 2750 2999 3285 3287 3306 3354 3356 3383
 3669 3670 3675 3745 3850 4208 4780 6186 6257 6899 6904 6978]",0.29146929593285686
"[ 266  885  889  953 1387 1522 1588 1618 1758 1804 1889 1961 1967 2114
 2143 2154 2242 2253 2356 2367 2397 2504 2505 2592 2620 2710 3006 3284
 3285 3567 3577 3601 3656 3661 3813 4143 4148 4274 6332 6977]",0.2949853932329496
"[ 309  409  671  908 1040 1091 1191 1324 1378 1400 1444 1661 1838 2039
 2079 2114 2149 2168 2185 2257 2289 2377 2398 2596 2664 2740 2786 2806
 2939 2947 3002 3427 3497 3642 3802 4214 6683 6761 7039 7054]",0.2745575583601815
"[ 520 1049 1052 1327 1475 1551 1677 1679 1884 2019 2073 2111 2166 2215
 2243 2354 2425 2505 2517 2726 2760 2797 2935 2971 3078 3137 3235 3285
 3319 3367 3447 3509 3943 4073 4078 4274 4636 6186 6411 6765]",0.30354480399852773
"[ 735 1017 1038 1172 1531 1583 1677 1748 1764 1829 1873 2122 2143 2255
 2689 2712 2727 2864 3093 3291 3309 3377 3379 3444 3642 3743 3801 3847
 3921 3989 4070 4077 4786 6476 6479 6619 7188 7263 7324 7397]",0.3076417381485069
"[ 199  481  600  666  749  824  893 1052 1313 1464 1529 1724 1908 1995
 2090 2141 2149 2254 2661 2710 2852 2857 2946 3009 3096 3140 3289 3565
 3595 3666 3790 3812 3877 3919 3995 4074 4094 4289 6900 7110]",0.3020991752515009
"[ 445  761  914  964 1109 1119 1191 1250 1529 1531 1674 2020 2097 2225
 2311 2356 2515 2580 2650 2719 2731 2971 3015 3077 3161 3168 3307 3378
 3578 3582 3654 3729 3737 3742 3863 4201 4417 6543 6689 6836]",0.29208191712369436
"[ 695  738  894  985 1048 1109 1186 1249 1377 1530 1724 1874 1902 1956
 2163 2184 2192 2253 2290 2305 2358 2513 2514 2575 2578 2654 2733 2867
 2903 3093 3230 3441 3443 3572 3605 3662 3742 3988 4554 6610]",0.2870059644385102
"[ 338  681  763  912  946 1032 1325 1467 1471 1514 1547 1689 1819 1899
 1946 1964 2070 2182 2211 2367 2399 2621 2762 2901 2945 3300 3442 3447
 3503 3567 3873 3935 4003 4145 6331 6399 6624 7121 7181 7324]",0.3036768220257826
"[1049 1254 1334 1389 1469 1733 1971 2067 2079 2211 2219 2380 2395 2499
 2512 2760 2870 2973 3006 3007 3110 3282 3294 3361 3774 3792 3859 3877
 3882 3886 3921 4151 4204 4358 4711 4779 4781 6333 6398 7054]",0.2768380791699186
"[ 660  730  844  892  962  963 1026 1177 1233 1334 1694 1717 1957 1967
 2145 2257 2308 2656 2665 2718 2721 2830 3153 3233 3356 3445 3505 3599
 3604 3654 3727 3790 3862 3918 3920 3952 6184 6186 6398 7396]",0.3035054167908315
"[ 310  622  700  740  895 1052 1113 1379 1395 1610 1690 1738 1835 1886
 1942 2030 2099 2757 2782 2863 3087 3352 3427 3506 3522 3670 3743 3788
 3802 3811 3934 3954 3955 4075 4222 6043 6259 6546 7045 7185]",0.30902820809634307
"[ 589  833  891 1098 1113 1177 1250 1256 1324 1376 1593 1681 1797 1967
 2030 2225 2308 2358 2735 2811 3009 3096 3151 3588 3651 3665 3732 3787
 3817 4132 4776 6188 6329 6756 6972 6974 6980 7047 7184 7251]",0.30118607835633426
"[ 446  519  590  742  743  842 1118 1620 1740 1822 1928 2091 2095 2187
 2210 2247 2654 2665 2692 2724 2794 2809 2898 2933 3071 3079 3096 3103
 3140 3171 3378 3439 3744 3848 3870 4005 4078 5832 6338 6686]",0.272962911686796
"[ 740  817  820  831 1162 1457 1461 1664 1671 1899 1950 2007 2047 2049
 2083 2215 2397 2473 2534 2721 2761 2764 3013 3017 3071 3100 3309 3449
 3566 3647 3729 3741 3861 4145 4271 5486 6329 6619 6908 7256]",0.318256032377726
"[ 985 1124 1254 1262 1375 1449 1472 1601 1903 1926 1976 2025 2047 2084
 2112 2166 2216 2355 2367 2369 2376 2517 2615 2684 2729 2831 3089 3141
 3152 3307 3713 3738 3988 3992 3993 4217 4409 6684 6760 6835]",0.3129942912663436
"[ 593  691  836 1035 1043 1123 1606 1894 1978 2043 2046 2230 2256 2399
 2613 2664 2712 2883 2899 3005 3069 3077 3150 3167 3219 3517 3591 3672
 3715 3734 3739 3800 3859 4149 4193 6256 6828 7117 7187 7321]",0.2839210161737235
"[ 451  547  591  815  890  964  981 1022 1591 1664 1743 1751 1806 1819
 1868 2297 2437 2517 2576 2646 2712 2724 2785 2793 2826 3070 3142 3145
 3147 3213 3236 3355 3360 3495 3869 3920 4214 6334 6764 7465]",0.2764167765099561
"[ 197  668  876  964 1050 1402 1683 1806 1810 1886 1910 2012 2074 2168
 2216 2253 2439 2716 2829 2833 2904 2956 2973 3073 3150 3161 3164 3214
 3380 3518 3660 3861 3863 3992 4132 4992 6480 6696 7124 7326]",0.309541782385322
"[ 376  416  620  962 1021 1033 1256 1389 1461 1597 1956 2047 2115 2282
 2357 2370 2646 2647 2722 2761 2805 2828 2858 2948 3021 3072 3216 3231
 3519 3730 4291 4361 6327 6623 6830 6837 7111 7182 7186 7469]",0.3068299669959696
"[ 379  451  666  699 1182 1258 1684 1735 2070 2077 2097 2182 2291 2304
 2360 2363 2448 2505 2655 2660 2731 2826 2866 2968 3074 3377 3424 3426
 3644 3673 3715 3729 3737 3867 6256 6324 6473 6549 6619 6763]",0.2876205284085349
"[ 520  598  746 1048 1264 1515 1815 1872 1906 1957 1967 1973 1997 2098
 2303 2305 2386 2398 2449 2499 2570 2655 2799 2866 3002 3003 3165 3305
 3424 3432 3577 3799 3885 4095 4207 4435 6115 6120 6476 7184]",0.2958809606190026
"[ 269  451  586  615  669  809  810  981  982 1173 1334 1835 1929 1979
 2148 2231 2283 2284 2291 2292 2304 2572 2646 2857 2934 3027 3032 3082
 3142 3146 3285 3299 3642 3714 4129 6043 6190 6980 7043 7194]",0.26841915986712916
"[ 619  979 1103 1115 1175 1185 1186 1475 1530 1536 1601 1685 1873 1879
 1958 2093 2163 2366 2571 2595 2686 2735 2999 3027 3075 3305 3377 3378
 3430 3449 3453 3521 3798 3932 6830 6975 7046 7113 7181 7186]",0.27864491065724933
"[ 663  734  963 1167 1396 1471 1688 1803 1810 1835 1873 1925 1957 2024
 2072 2113 2150 2447 2612 2744 2794 3077 3154 3161 3432 3433 3572 3647
 3650 3665 3724 3813 3994 4074 4205 4213 5546 6471 7039 7397]",0.29401940727903214
"[ 816  908 1375 1663 1800 1902 1959 2036 2099 2172 2285 2304 2396 2724
 2753 2796 3019 3220 3230 3240 3243 3352 3498 3503 3583 3593 3721 3733
 3736 3858 3870 4057 4071 4277 6046 6552 6690 6695 6764 7047]",0.28143185384929564
"[ 199  450  477  812  956  961 1040 1047 1115 1264 1462 1471 2029 2045
 2116 2221 2231 2283 2576 2578 2755 2872 3024 3081 3090 3168 3226 3362
 3379 3788 3870 3948 3990 4151 4574 4782 6257 6762 6979 7261]",0.31535506998322
"[ 962  984 1043 1103 1307 1401 1467 1677 1726 1904 1953 2098 2112 2163
 2224 2238 2284 2448 2504 2756 2794 2831 2872 2901 3446 3495 3499 3512
 3570 3654 3660 3712 3798 3813 4145 4711 5201 6050 6397 6979]",0.2996025927047108
"[ 341  740  811  891 1237 1252 1257 1468 1596 1766 2067 2167 2218 2224
 2233 2687 2720 2793 2898 3018 3090 3095 3140 3309 3359 3360 3370 3495
 3602 3647 3725 3859 4061 4073 4131 4223 6185 6615 6969 6974]",0.29605041595712184
"[ 522  818 1516 1609 1735 1737 1748 1805 1813 1877 1884 1947 1950 1957
 2048 2073 2222 2255 2500 2639 2999 3005 3287 3305 3381 3422 3505 3574
 3602 3603 3732 3934 4078 4144 6189 6684 6689 6762 6827 6967]",0.29048111986947817
"[ 735  808 1111 1184 1245 1442 1451 1458 1517 1519 1545 1750 1757 1900
 1956 2095 2151 2161 2173 2182 2449 2511 2596 3111 3304 3534 3786 3847
 4706 6260 6330 6400 6695 6758 6829 6830 6833 6975 7047 7252]",0.25604213932105063
"[ 199  340  403  836  952  956 1044 1052 1115 1395 1538 1612 1694 1747
 1799 1856 2088 2092 2099 2121 2164 2353 2448 2645 2782 2829 2997 3071
 3143 3356 3515 3662 3956 4062 4133 4504 6045 6324 6759 7119]",0.29530054917849785
"[ 271  310  618  621  742  743  803  883  910  956 1235 1586 1808 2009
 2075 2172 2184 2185 2187 2285 2323 2448 2803 2971 3076 3111 3442 3787
 3789 3792 3796 3923 4992 6125 6479 6616 6767 6832 6970 7466]",0.3080454198261078
"[ 446  449  740  763  815  833  951  980 1031 1047 1056 1307 1377 1542
 1757 1970 1976 2010 2118 2216 2443 2575 2579 2661 2685 2870 2976 3099
 3100 3161 3166 3213 3284 3312 3381 3439 3741 6120 6972 7046]",0.30710753170086835
"[ 409  590  656  965 1107 1114 1468 1532 1586 1662 1870 1881 1964 2001
 2011 2084 2090 2123 2248 2376 2384 2500 2637 2660 2691 2756 3069 3088
 3160 3521 3579 3583 3596 3723 3743 3921 4077 4204 6330 6978]",0.2994530389489673
"[ 340  402  763  809  811  905  909  956 1233 1252 1308 1321 1606 1753
 1755 2144 2211 2235 2287 2373 2503 2642 2691 2719 3097 3142 3290 3360
 3597 3707 3737 3746 3869 4148 4287 4786 5907 6620 7115 7182]",0.30592750918848216
"[ 483  554  836  979 1096 1123 1232 1529 1615 1763 1837 1899 1908 1927
 2082 2153 2169 2236 2465 2505 2653 2655 2896 2899 2976 3070 3209 3217
 3230 3371 3452 3521 3605 3646 3917 4098 4339 6327 6479 6837]",0.2992981961296869
"[ 483  598  670  904  960  979 1033 1045 1161 1544 1548 1900 1978 1997
 2070 2073 2092 2251 2298 2358 2655 2666 2688 2728 2862 2871 3288 3308
 3461 3575 3636 3643 3649 3664 3956 4360 4850 6327 6907 6975]",0.318391777649515
"[ 237  306  689  768  833  901  980 1115 1302 1304 1890 1905 1998 2083
 2305 2358 2577 2584 2592 2799 2828 2861 3023 3214 3356 3527 3603 3672
 3740 3794 3796 3846 3920 4131 4437 5062 6684 6696 6906 7261]",0.29608277071526345
"[ 731  804  838  900  983 1043 1049 1115 1327 1399 1603 1744 1751 1877
 1950 1971 2028 2589 2639 2664 2708 2875 3284 3310 3372 3461 3584 3650
 3659 3789 4007 4098 4219 4711 4782 5973 6397 6611 7043 7113]",0.2792683045545174
"[ 412  762  972  976 1105 1107 1254 1529 1821 2070 2071 2115 2376 2520
 2585 2730 2831 3080 3110 3213 3223 3455 3583 3718 3777 3790 3802 3880
 3922 4096 4130 4134 4206 4432 4570 6400 6550 6690 6905 7255]",0.28849018399713094
"[ 596  616  690  803  908  977 1032 1116 1189 1405 1517 1529 1675 1694
 1907 2210 2376 2432 2502 2576 2618 2761 2793 2832 3147 3155 3165 3209
 3291 3508 3517 3524 3591 3603 3605 3715 4419 6909 6973 7403]",0.3243705861130883
"[ 266  527  669  693  743  978 1053 1192 1745 1798 1967 2069 2077 2120
 2144 2173 2376 2576 2764 2859 2864 3166 3168 3444 3576 3603 3716 3722
 3798 4420 4570 4991 6043 6609 6688 6899 6902 6903 6977 7036]",0.3151788247278705
"[ 621  744  820 1535 1673 1736 1744 1826 1958 2039 2170 2326 2386 2429
 2445 2524 2599 2647 2657 2730 2758 2792 2831 2855 2947 2952 2962 3074
 3212 3572 3579 4075 4992 5486 5975 6324 6691 6971 6975 7115]",0.2876994740312773
"[ 447  529  656  658  662  672  842 1602 1619 1656 1671 1683 1880 1906
 1962 2029 2150 2294 2428 2592 2642 2720 2876 2945 3099 3221 3353 3420
 3572 3578 3580 3802 3810 3863 3932 4275 5345 6185 6328 7043]",0.29478506285156275
"[ 479  764  899  913 1110 1169 1233 1605 1617 1820 1823 2120 2163 2165
 2168 2214 2434 2520 2618 3020 3038 3087 3358 3428 3586 3590 3794 3802
 3812 4204 4703 6548 6620 6687 6971 6979 7112 7192 7399 7465]",0.313188414177262
"[ 693  820  911  977 1102 1742 1890 1976 2102 2112 2212 2214 2450 2468
 2589 2692 2726 2753 2806 2809 2971 3433 3518 3535 3576 3580 3797 3933
 3939 4097 4130 4208 4289 4555 6252 6543 6620 6693 7047 7400]",0.29297323826714633
"[ 450  550  749  762  840  893  910 1190 1252 1392 1396 1590 1724 1740
 1759 1814 1973 2050 2068 2115 2294 2546 2550 2725 2811 2995 3069 3137
 3215 3310 3359 3505 3577 3660 3739 3792 3859 4151 6548 6983]",0.2962104124542538
"[ 340  452  764  808  952 1184 1402 1588 1597 1614 1617 1809 2084 2141
 2251 2254 2359 2465 2575 2645 2724 2811 2872 3013 3016 3236 3353 3379
 3447 3524 3743 3922 3991 4005 4291 6617 6838 6972 7108 7465]",0.31628976831245825
"[ 522  528  593  822  831 1034 1173 1393 1881 1929 1999 2074 2077 2080
 2168 2386 2387 2429 2581 2655 2664 2727 2785 2793 2799 3502 3580 3583
 3671 3785 4133 4148 4150 4205 6119 6257 6611 6680 6685 6976]",0.27344167224313565
"[ 589  738 1088 1180 1238 1250 1399 1407 1463 1689 1882 1950 1954 2069
 2294 2296 2327 2688 2862 2868 3017 3137 3225 3294 3304 3357 3436 3582
 3669 3793 3849 4076 4133 4147 4424 5062 6338 7050 7124 7394]",0.2948197090330382
"[ 479  839  841  883  981 1053 1125 1305 1600 1677 1962 2012 2252 2258
 2314 2432 2721 2759 2763 2868 2902 3006 3014 3164 3215 3234 3285 3319
 3428 3498 3568 3714 3954 4097 4134 4505 4782 6752 7042 7465]",0.2617477668443717
"[ 528  552  662  743  892 1019 1050 1308 1732 1762 1801 1875 1905 1998
 2015 2021 2028 2048 2084 2163 2235 2354 2780 2795 3169 3211 3280 3428
 3518 3650 3670 3791 3863 3879 6254 6548 6831 7054 7110 7120]",0.3081705885861031
"[ 963 1044 1054 1102 1244 1400 1459 2093 2111 2140 2184 2256 2296 2354
 2399 2434 2443 2455 2509 2568 2576 2588 2689 2756 2765 2828 2855 2868
 2879 2939 3070 3075 3078 3247 3789 3920 4136 6687 6759 7046]",0.27702809755118757
"[ 519  752  970 1024 1038 1105 1184 1387 1546 1805 1870 2028 2047 2169
 2225 2304 2503 2570 2726 2859 2868 2905 2948 3513 3530 3633 3670 3702
 3794 3805 4064 4204 4361 6252 6267 6335 6836 7120 7121 7187]",0.29688417184808064
"[ 553  618  691  814  821  913  978 1030 1032 1048 1329 1387 1474 1521
 1606 1674 2091 2109 2188 2394 2567 2645 2683 2721 2787 3021 3294 3583
 3646 3716 3809 3939 3987 4273 4706 6614 6691 6760 6909 7393]",0.28210903170252166
"[ 448  477  589  673  690  819  892  899 1126 1397 1460 1535 1908 1937
 1951 2259 2443 2512 2693 2876 2932 2945 2946 3039 3084 3237 3568 3645
 3658 3848 3956 3994 6258 6328 6330 6616 6766 6768 6981 7120]",0.3095073839914743
"[ 129  821 1053 1191 1237 1448 1542 1678 1809 2026 2116 2185 2331 2366
 2425 2495 2510 2721 2722 2764 2793 2817 2904 2944 3012 3142 3169 3214
 3286 3423 3424 3433 3655 3707 3709 3788 4274 6470 6543 7113]",0.2699034492298305
"[ 270  596  620  691  958 1175 1308 1584 1587 1747 1935 1956 2004 2040
 2099 2114 2187 2239 2244 2304 2308 2364 2371 2508 2521 2570 2667 2869
 2874 2881 2950 3151 3310 3517 3593 4132 4420 4850 5546 5908]",0.25359860713188837
"[ 244  520  667 1307 1517 1610 1666 1737 1738 1880 1886 1910 1927 2045
 2046 2151 2170 2173 2184 2328 2501 2664 2719 2829 2952 3169 3239 3646
 3740 3742 3881 4143 4362 5832 5908 6404 6623 6766 7187 7252]",0.2817985716027613
"[ 334  445 1034 1373 1513 1810 1925 1950 2121 2142 2144 2188 2367 2373
 2586 2660 2672 2685 2786 2887 3016 3021 3071 3719 3785 3879 4071 4216
 4274 4347 4366 4708 6469 6688 6759 7113 7119 7398 7466 7469]",0.26871048516297313
"[ 413  734  813  965 1092 1125 1181 1520 1675 1724 1762 2144 2240 2302
 2375 2495 2519 2646 2692 2865 2900 3016 3070 3357 3517 3522 3719 3777
 4127 4193 4204 4357 4708 4711 6688 6967 6968 7039 7050 7468]",0.3205882930184009
"[ 342  666  803  824  897 1038 1113 1188 1466 1525 1682 1763 1808 1867
 1870 1939 1995 2164 2172 2303 2307 2326 2359 2434 2514 2651 2784 2904
 3282 3283 3424 3455 3496 3924 3936 4064 6119 6395 6616 6686]",0.26521740693180484
"[1028 1043 1302 1318 1448 1459 1535 1543 1591 1765 1878 1889 2118 2120
 2140 2149 2231 2424 2545 2796 2862 3006 3024 3025 3083 3139 3140 3143
 3239 3315 3445 3660 3716 3953 4003 4286 6618 6907 6967 6979]",0.30273658827212846
"[ 549  592  675  839  980 1173 1184 1396 1462 1518 1531 1683 1751 1869
 1928 2037 2163 2238 2239 2292 2566 2583 2658 2723 3154 3215 3424 3433
 3573 3657 3733 3740 3742 3744 3779 3802 4077 4086 6045 7115]",0.29927544754373225
"[ 269  825  951 1321 1449 1587 1959 1975 1995 2010 2152 2186 2252 2431
 2567 2717 2728 2827 2855 2875 3008 3023 3075 3082 3139 3278 3351 3377
 3378 3739 3810 4065 4066 4077 4358 6688 6981 7047 7048 7121]",0.29212581073874416
"[ 551  589  762  983 1232 1248 1252 1256 1308 1317 1877 1978 1999 2122
 2224 2238 2610 2644 2688 2875 2928 3020 3075 3086 3159 3356 3464 3499
 3661 3861 3864 3920 4006 4345 6551 7052 7054 7121 7323 7398]",0.31066217929973833
"[ 452  837 1032 1050 1057 1256 1533 1594 1603 1619 1826 1904 2010 2041
 2075 2081 2307 2450 2513 2617 2648 2726 2796 2831 2950 3017 3289 3319
 3377 3572 3707 3786 3876 3922 3955 3991 4145 6549 6901 7038]",0.3146321037648268
"[ 244  267  521  522  731  761  962 1127 1381 1515 1665 1692 1724 1901
 1974 2011 2121 2284 2445 2447 2858 2864 2934 3024 3213 3502 3569 3586
 3660 3942 4010 4711 6330 6331 6481 6618 6755 6836 6974 7048]",0.30952961538324464
"[ 452  549  551  590  841  963  979  981 1306 1735 1806 1965 1978 2097
 2120 2171 2216 2218 2287 2575 2670 2723 2791 3026 3029 3165 3226 3356
 3434 3503 3511 3592 3648 3714 3814 3922 3992 6254 6549 6767]",0.30716059948086855
"[ 378  520  618  661  688  739  821  909  910  950 1120 1253 1398 1609
 2000 2081 2089 2110 2224 2292 2725 2901 3237 3299 3518 3566 3602 3776
 3811 3887 3920 3921 4131 6046 6401 6835 6836 6839 7123 7255]",0.29840846925101355
"[ 335  602  622  889 1172 1247 1337 1379 1449 1798 1904 1958 2019 2029
 2097 2113 2142 2355 2356 2591 2608 2650 2726 2801 2870 2901 3029 3291
 3357 3433 3516 3798 3869 3930 3933 4151 4712 5979 6547 6828]",0.2885981041173178
"[ 271  341  762  831  983 1121 1316 1379 1471 1942 1970 2005 2039 2091
 2252 2286 2304 2536 2577 2652 2757 2801 2865 2867 3072 3355 3368 3440
 3522 3581 3652 3735 3988 3991 4073 4133 6327 6339 6553 6980]",0.28930834991931614
"[ 620  907  956 1051 1253 1403 1536 1545 1594 1678 1680 1870 1925 2093
 2096 2167 2211 2223 2232 2256 2434 2756 2879 2945 2947 3166 3219 3222
 3298 3453 3673 3725 3865 3919 4276 6331 6613 6690 7046 7050]",0.3188481950821774
"[ 520  546  589  656  666  910 1032 1125 1166 1528 1965 2122 2139 2165
 2168 2190 2285 2305 2378 2384 2639 2656 3156 3159 3238 3494 3515 3534
 3578 3584 3672 3729 4782 5416 6478 6622 6688 6907 7252 7255]",0.29819523247685564
"[ 176  739  886  960 1042 1165 1545 1891 1931 2098 2260 2475 2500 2520
 2578 2642 2719 2726 2950 3079 3150 3220 3367 3430 3511 3633 3643 3664
 3708 4077 4274 6329 6334 6833 6839 6899 6904 6975 6981 7186]",0.29944643628284257
"[ 412  524  694  836  962 1019 1118 1181 1248 1256 1326 1335 1685 1744
 1888 2117 2285 2293 2764 2948 3017 3066 3221 3284 3296 3523 3725 3745
 3812 3814 3816 3849 3850 4002 4206 4418 6047 6410 6902 7113]",0.32267724888732424
"[ 339  452  520  554  556  973 1020 1304 1385 1467 1601 1677 1893 1950
 1962 1979 2121 2143 2213 2237 2500 2712 2948 2976 3069 3076 3095 3232
 3712 3713 3738 3885 3943 4024 4433 4782 6043 7053 7253 7325]",0.2884815306725464
"[ 310  666  731  804  812  820  903  946 1051 1447 1531 1536 1664 1685
 2040 2142 2170 2251 2254 2362 2400 2496 2945 2949 3000 3220 3224 3294
 3307 3319 3523 3585 3590 3593 3807 4058 4075 6548 6758 6840]",0.2910578649434048
"[ 602  626  670  907 1180 1472 1518 1520 1817 1999 2113 2164 2283 2292
 2325 2398 2588 2651 2685 2696 2834 2946 2973 3101 3211 3237 3534 3586
 3729 3924 4281 4432 4780 6395 6474 6899 6978 6979 7037 7183]",0.315545831869403
"[ 448  589  661  761  964 1041 1042 1104 1670 1684 1756 1866 1957 2074
 2091 2100 2109 2141 2378 2580 2589 2654 2728 2869 2870 2952 2976 3149
 3157 3285 3358 3436 3495 3739 3812 4075 6697 6759 7051 7261]",0.28095295751944266
"[ 411  449  742  831  907 1184 1246 1252 1259 1397 1687 1907 1928 2080
 2169 2186 2189 2222 2374 2455 2567 2575 2603 2936 2939 2952 3140 3234
 3290 3359 3495 3575 3668 3716 3817 3935 4138 4145 4705 4711]",0.29433659773990933
"[ 455  549  759  820  889  907 1048 1239 1248 1323 1325 1941 1976 1979
 1996 1998 2039 2120 2308 2432 2450 2478 2520 2593 2644 3007 3016 3024
 3223 3356 3375 3427 3503 3518 3519 3794 3796 3862 4417 6479]",0.2831249604623903
"[ 672  951 1168 1194 1591 1613 1927 1958 1977 2102 2119 2242 2259 2358
 2716 2727 2789 2944 2998 3212 3240 3364 3369 3430 3497 3519 3575 3662
 3788 4074 6192 6330 6472 6623 6625 6759 7051 7052 7258 7466]",0.3034010024740635
"[ 129  593  662 1040 1106 1126 1195 1326 1520 1803 1807 1819 1822 1955
 1960 1995 2084 2113 2143 2233 2260 2291 2446 2521 2641 2854 2900 2968
 3024 3085 3233 3810 3817 4151 4206 4636 6258 6328 6399 7399]",0.2861876443749335
"[ 416  606  809  943  962 1052 1317 1449 1957 1960 2154 2171 2211 2310
 2386 2590 3074 3164 3295 3350 3374 3503 3597 3605 3646 3673 3817 3887
 4002 4074 4283 4290 4782 6044 6404 6468 6614 6757 7187 7466]",0.28275797627459853
"[ 477  622  823  904 1052 1254 1331 1615 2049 2090 2154 2240 2324 2363
 2439 2448 2567 2617 2641 2730 3009 3088 3098 3138 3219 3293 3421 3506
 3922 3952 3993 4433 4781 6548 6618 6624 6765 6838 6839 7120]",0.30465747784752123
"[ 198  305  666  898  972 1113 1120 1123 1243 1470 1472 1528 1900 1945
 2028 2084 2215 2285 2428 2516 2664 2744 2903 3016 3165 3168 3280 3281
 3591 3729 3745 3746 3817 4141 4508 6257 6614 6969 7054 7399]",0.29287782230735726
"[ 552  692  892  896  977 1051 1053 1105 1184 1302 1673 1807 1812 1958
 2074 2101 2115 2165 2189 2303 2426 2662 2668 2882 3069 3098 3157 3518
 3642 3734 3744 3923 3954 4077 4440 6540 6694 6899 7258 7403]",0.30002341279552863
"[ 816  835  892  967 1103 1179 1265 1304 1520 1585 1671 2048 2110 2170
 2294 2465 2514 2576 2586 2727 2761 2868 3077 3278 3378 3460 3511 3720
 3884 3924 4705 4783 6118 6474 6540 6544 6837 6908 6973 7111]",0.31084295282259844
"[ 411  550  588  961 1169 1183 1184 1401 1682 1907 1967 2077 2142 2303
 2308 2449 2500 2662 2696 2716 2899 3143 3236 3369 3375 3576 3605 3705
 3708 3709 3715 3811 3919 3920 3932 3940 4709 6332 6830 7259]",0.31117253554441715
"[ 733  763  880  884  977 1034 1051 1100 1124 1165 1405 1754 1759 1896
 2019 2042 2044 2193 2212 2243 2326 2664 2853 2866 2957 3088 3093 3098
 3220 3235 3587 3667 3719 3817 3850 4025 4128 6256 6691 7114]",0.31281054618688703
"[ 483  664  731  749  823 1120 1184 1390 1617 1724 1754 1821 1976 2047
 2078 2220 2256 2709 2943 2971 3092 3243 3282 3570 3574 3595 3641 3714
 3812 3872 4083 4143 4199 4206 6399 6694 6829 6909 7194 7253]",0.30200744746854474
"[ 342  378  815 1052 1127 1234 1335 1392 1468 1729 1828 1905 1925 1968
 2163 2235 2236 2330 2452 2576 2616 2688 2731 2797 3110 3235 3279 3522
 3577 3670 3740 3781 3936 3950 4134 4142 6186 6541 6902 7179]",0.3127528712900589
"[ 449  553  764  908 1673 1965 2044 2115 2119 2259 2286 2309 2566 2650
 2691 2709 2721 2763 2829 2870 2878 2944 3080 3157 3214 3307 3426 3512
 3530 3571 3578 3594 3644 3812 6046 6186 6552 6766 6977 7116]",0.28979606691615833
"[ 691  692  734  882  889  972 1048 1127 1266 1307 1449 1600 1617 2025
 2027 2113 2180 2328 2430 2691 2757 3005 3088 3209 3308 3309 3362 3426
 3567 3596 3732 3773 3815 4143 4709 6120 6610 6972 7465 7466]",0.3076569351426523
"[ 525  596  885  892  970 1028 1125 1452 1884 2113 2213 2303 2579 2640
 2646 2692 2716 2855 2877 3022 3079 3091 3210 3236 3364 3450 3529 3530
 3577 3662 3665 3721 3936 3991 3994 5546 5975 6540 6688 6900]",0.29522346557142254
"[ 269  619  821 1185 1301 1331 1656 1874 1929 2012 2027 2073 2142 2193
 2248 2254 2296 2377 2447 2601 2646 2762 2809 2863 2944 3229 3287 3353
 3663 3714 3727 3935 4074 4709 6688 6837 6906 6907 6979 7399]",0.2999189826456063
"[ 377  602  616  666  690  692 1162 1404 1448 1619 1659 1680 1827 1866
 2008 2073 2143 2193 2219 2425 2439 2445 2457 2498 2512 2720 2723 2864
 3027 3380 3451 3667 3721 3818 3953 4134 4193 4555 4849 6905]",0.2713982490670313
"[ 818  839  901  953  981 1031 1195 1250 1378 1385 1535 1656 2287 2329
 2367 2386 2432 2449 2450 2800 3153 3312 3376 3495 3510 3529 3738 3786
 3801 3813 3940 4204 4419 4784 4849 5201 6258 6909 7183 7195]",0.28457544722768774
"[ 809 1305 1524 1583 1686 1746 1766 1942 2041 2073 2114 2255 2286 2301
 2304 2505 2717 2863 2881 2930 3017 3022 3164 3209 3368 3427 3511 3731
 3742 3849 3936 4062 4135 4278 6186 6254 6260 6409 6753 7467]",0.2726191622452008
"[ 338  590  748  887  982 1035 1053 1315 1320 1588 1615 1657 1732 1929
 2021 2027 2049 2116 2324 2363 2427 2715 2717 2826 2829 2834 2900 3210
 3211 3233 3235 3238 3582 3661 3873 4097 6403 6614 6840 7185]",0.28817340779320594
"[ 481  659  733 1248 1459 1587 1809 1889 1925 2114 2142 2328 2362 2500
 2587 2714 2715 2786 2802 2827 2868 2869 3008 3170 3281 3432 3505 3519
 3573 3743 3804 3989 4786 6186 6257 6329 6687 6833 6909 7110]",0.30816080817778374
"[ 128  310  485  903  906  981 1120 1123 1192 1462 1764 1955 2078 2214
 2254 2304 2324 2362 2399 2592 2791 2827 2940 3209 3219 3375 3422 3672
 3918 4075 4147 4304 4425 6395 6685 6833 7042 7053 7254 7402]",0.30549746207053213
"[ 267  545  617  657  810 1056 1124 1590 1665 1956 1975 2096 2100 2103
 2116 2154 2167 2185 2217 2256 2324 2366 2432 2495 2549 2648 2682 2862
 2902 3027 3080 3144 3511 3604 3671 3881 4641 4706 4783 5985]",0.2581686765014697
"[ 376  544  546  600  681  734  759  882  906  946 1306 1447 1534 1592
 1602 1619 1971 2092 2170 2242 2364 2690 2712 2733 2756 2828 2949 3087
 3149 3160 3602 3660 3874 3921 3992 6328 6330 6836 6981 7395]",0.29799284464310377
"[ 265  377  447  668  803  825  961 1124 1328 1546 1807 2070 2098 2111
 2226 2304 2328 2396 2729 2732 2794 2861 2869 3239 3244 3383 3492 3670
 3739 3744 3777 3862 4358 5762 6044 6545 6620 7186 7395 7465]",0.29707222203996647
"[ 453  618  621  660  961 1026 1193 1534 1544 1674 1808 1949 2020 2225
 2324 2353 2358 2517 2587 2726 2899 3008 3081 3298 3428 3432 3514 3647
 3673 3788 3803 3935 4003 4095 5132 6480 6547 6618 6765 6767]",0.30914207394865056
"[ 267  669  670  672 1110 1183 1514 1875 1900 1972 2073 2235 2356 2429
 2498 2520 2571 2572 2655 3002 3080 3168 3210 3236 3307 3532 3591 3639
 3664 3883 3925 4003 4081 6476 6546 6626 7042 7183 7253 7260]",0.2847141405724126
"[ 482  765  910 1120 1122 1265 1679 1691 1864 1885 2124 2140 2155 2170
 2373 2499 2589 2781 2865 2997 3014 3024 3575 3590 3592 3601 3708 3777
 3791 3922 3934 3995 4201 4214 6046 6403 6827 6976 6979 6983]",0.2917572826571978
"[ 519  554  619  970 1028 1545 1761 1886 1938 2174 2383 2446 2577 2646
 2655 2663 2688 2870 2905 3039 3092 3157 3158 3233 3432 3497 3505 3513
 3578 3744 3867 3882 3883 4005 4130 4146 6550 6904 6966 7193]",0.29008709305895936
"[ 200  340  401  618  839  979 1045 1052 1184 1237 1305 1324 1331 1763
 1823 1925 1927 1935 2028 2118 2145 2171 2529 2573 2654 2657 2711 2826
 2867 3014 3015 3149 3152 3241 3659 4098 4146 4709 6327 6479]",0.2771722234084431
"[ 129  589 1036 1053 1324 1808 1876 1906 1929 1930 2028 2029 2145 2295
 2306 2324 2396 2570 2686 2687 2712 2715 2938 3086 3229 3292 3377 3452
 3576 3588 3655 3740 3870 3879 3933 4576 6125 6472 6545 7327]",0.2938392409847378
"[ 387  771 1180 1587 1688 1758 1818 1819 1874 1882 2051 2075 2101 2154
 2221 2258 2311 2376 2386 2570 3078 3140 3445 3522 3583 3655 3954 4204
 4288 4711 4779 6186 6324 6395 6681 6686 7054 7116 7186 7258]",0.29122770846053686
"[ 379  618  619  666  694  828  911 1038 1095 1266 1584 1588 1925 1966
 2010 2028 2068 2436 2617 2651 2663 2924 2951 3239 3356 3378 3428 3604
 3673 3789 3797 3885 3945 3990 4145 6260 6327 6760 6982 7253]",0.3158864031426248
"[ 129  197  672  765  809 1035 1113 1177 1255 1387 1474 1520 1532 1743
 1806 2038 2160 2355 2430 2448 2521 2572 2663 2869 2879 3008 3138 3146
 3282 3572 3662 3737 3881 4216 4497 6623 6827 6906 6909 7394]",0.2970811437733256
"[ 553  692  882  984 1053 1103 1259 1616 1694 1766 1873 1997 2046 2068
 2072 2098 2112 2309 2618 2620 2731 2825 2874 2877 3233 3240 3353 3435
 3569 3738 4133 4206 4568 5974 6115 6540 6546 6547 6836 7048]",0.3080271358980262
"[ 448  801  877  909 1191 1319 1375 1874 2076 2092 2252 2546 2691 2720
 2933 2951 3154 3219 3223 3356 3502 3510 3581 3671 3675 3935 3989 3993
 4005 4214 4275 4431 4642 5908 6117 6757 6840 6974 7120 7400]",0.2629541137016096
"[ 450  600  617  690  739  822  823  897 1317 1372 1387 1692 1808 1957
 2073 2095 2232 2238 2453 2686 2905 2971 3028 3214 3299 3586 3602 3605
 3731 3866 4003 4097 4133 4274 4568 6610 6617 6760 6904 7188]",0.28545308836302596
"[ 309  481  589  732 1051 1055 1127 1163 1312 1678 1877 1946 1954 2040
 2121 2140 2243 2247 2539 2642 2709 2754 2901 2936 3150 3293 3311 3381
 3442 3593 3795 3920 4059 4131 6402 6617 6973 7052 7115 7326]",0.30811864510422426
"[ 309  378  412  447  477  591  593  731  821  905 1034 1053 1096 1123
 1337 1478 1513 1621 1864 1896 2222 2226 2390 2580 2649 3079 3145 3304
 3307 3320 3352 3428 3880 4135 6121 6190 6191 6839 6900 6904]",0.2719495250997263
"[ 519  742  962 1022 1103 1594 1597 1748 2139 2173 2428 2439 2451 2452
 2498 2513 2644 2657 2711 2864 2935 3080 3232 3233 3235 3289 3311 3427
 3432 3455 3586 3788 4061 4204 6325 6617 6835 6910 7260 7395]",0.28812210350117695
"[ 661  689  748  749  822  906  908  913  971 1251 1369 1460 1685 1805
 1819 1869 1925 2097 2164 2232 2309 2366 2427 2460 2569 2692 2713 2790
 3003 3290 3500 3503 3529 3575 3861 3885 6118 6623 6691 6978]",0.27372998179978514
"[ 129  267  341  484  522  829  962 1118 1262 1613 1672 1687 1750 1834
 1948 2047 2219 2295 2365 2448 2517 2527 2585 2760 2829 2864 2923 2940
 3007 3078 3742 3872 3887 3934 3936 4417 6189 7121 7326 7397]",0.2904585407777802
"[ 594  602  692  805  900 1325 1373 1686 1747 1749 1754 1809 1901 2022
 2025 2089 2091 2094 2189 2212 2214 2220 2574 2799 3015 3164 3382 3781
 3815 3936 4003 4216 4785 6043 6120 6471 6545 6613 6836 6909]",0.2977728875469957
"[ 335  337  550  622  672  739  977 1023 1232 1320 1327 1681 1889 2023
 2378 2425 2443 2661 2723 2786 2788 2902 2935 2998 3026 3427 3533 3638
 3673 3854 3932 3947 4003 4066 4094 4205 4217 6977 7184 7328]",0.29702617611966325
"[ 376  452  621  671 1108 1189 1317 1399 1534 1807 1876 2001 2002 2027
 2100 2218 2286 2306 2320 2327 2358 2573 2574 2934 3089 3093 3363 3449
 3931 3992 4074 4136 4418 4776 6117 6331 6473 6545 6971 6977]",0.29899023048579887
"[ 521  734  891 1125 1244 1388 1390 1467 1548 1679 1738 1786 1811 1872
 1969 2113 2155 2221 2227 2326 2650 2730 2755 2948 2973 3089 3098 3286
 3450 3589 3954 4193 4287 5832 6116 6620 6684 6832 6900 6967]",0.29372036615982056
"[ 591  884 1053 1307 1461 1516 1688 1954 1974 2071 2212 2284 2288 2308
 2502 2512 2594 2828 2867 3100 3147 3165 3239 3380 3589 3652 3664 3671
 3778 3796 3853 3932 3992 4073 5694 6906 6965 7036 7123 7184]",0.3074217546794589
"[ 342  483  524  886  946  981 1100 1262 1521 1583 1724 1903 1969 2000
 2095 2105 2141 2296 2323 2358 2375 2399 2590 2790 2865 2942 3092 3501
 3505 3599 3654 3724 3786 3880 4006 4060 4712 6188 6838 7121]",0.2994436913769833
"[ 485  837 1049 1402 1405 1516 1675 1874 1878 1950 2020 2089 2155 2183
 2289 2375 2516 2522 2583 2619 2857 2862 2864 3017 3038 3100 3161 3222
 3351 3457 3495 3502 3575 3671 3932 6257 6474 6611 7048 7465]",0.28696723891856357
"[ 341  524  620  740  889  895 1106 1196 1475 1686 1898 1904 2029 2040
 2097 2287 2304 2395 2436 2590 2640 2662 2691 2725 2729 2797 3095 3099
 3162 3169 3210 3216 3461 3777 3854 3884 4850 5546 6189 6685]",0.3169728871867624
"[ 589  596  695  763  884  891 1114 1183 1392 1615 1804 1892 1903 2219
 2223 2334 2580 2584 2590 2724 3152 3236 3289 3292 3519 3580 3591 3598
 3659 3660 3741 3955 6478 6688 6763 6836 6982 7252 7254 7324]",0.3024655842715885
"[1051 1233 1462 1601 1618 1736 1750 1976 1980 2019 2077 2100 2169 2291
 2430 2431 2574 2579 2608 2717 2732 2857 3001 3010 3077 3087 3111 3278
 3572 3668 3792 3801 3873 5985 6328 6330 6758 6981 7053 7117]",0.2893464054561135
"[ 480  521  522  529  545  762  881  883  980 1266 1335 1458 1516 1747
 1899 2098 2143 2144 2255 2354 2372 2469 2545 2574 2688 3170 3211 3213
 3235 3285 3431 3450 3568 3737 3804 3847 4711 6686 7187 7252]",0.30048048958234036
"[ 550  693  824  833  973  979 1048 1736 1827 1884 2071 2225 2241 2281
 2295 2373 2449 2496 2637 2726 2861 3090 3145 3217 3229 3306 3361 3442
 3514 3666 3706 3798 3813 3919 3922 4643 4922 6329 6477 6695]",0.27555065313423405
"[ 550  656  810  885 1050 1123 1183 1306 1376 1529 1543 1616 1617 1620
 1665 1749 1832 2026 2114 2215 2236 2239 2304 2504 2522 2568 2615 2724
 2902 2935 3015 3298 3566 3567 3574 3786 3854 4062 4199 7051]",0.2929533573612602
"[ 199  668  822 1103 1106 1185 1255 1256 1379 1472 1540 1614 1976 2039
 2087 2095 2165 2327 2873 2877 2999 3145 3223 3450 3452 3646 3676 3986
 4064 4145 4151 6333 6694 6761 6905 7049 7107 7328 7331 7395]",0.2921940089069727
"[ 453  768  908 1052 1097 1180 1258 1520 1533 1694 1886 1969 2000 2077
 2090 2117 2151 2214 2369 2583 2639 2712 2727 2829 2999 3089 3307 3311
 3314 3642 3734 3865 3956 4075 4218 4414 4637 6331 6617 6757]",0.3128559506836612
"[ 549  819  835  979 1163 1374 1444 1666 1757 1831 1876 1975 2002 2076
 2109 2115 2234 2303 2368 2505 2515 2616 2792 2881 2934 2952 3073 3216
 3291 3496 3502 3506 3597 3655 3803 3847 4060 4201 6402 6546]",0.274405986785801
"[ 482  831  836  896 1116 1390 2111 2171 2293 2296 2465 2523 2617 2642
 2690 2792 2874 3026 3069 3072 3074 3150 3155 3212 3310 3381 3579 3787
 3923 3933 4203 4206 4782 6547 6686 6908 7051 7053 7113 7181]",0.3032451984309557
"[ 591  740  747  822  832  883 1265 1401 1444 1765 1806 1867 1904 1967
 2331 2398 2571 2588 2755 2795 2870 3017 3021 3093 3310 3503 3514 3566
 3585 3601 3604 3724 3727 3733 3809 3869 4063 4098 4708 6766]",0.29121838328220695
"[ 446  662  739  823  912 1035 1113 1245 1462 1476 1516 1681 1804 1805
 1814 1927 1964 1968 2023 2027 2092 2578 2718 2736 2783 2786 2934 3138
 3510 3574 3592 3655 3672 3739 3881 3918 4131 4144 6472 6751]",0.29734446562610906
"[ 391  522  621  980 1125 1254 1307 1316 1542 1931 1940 2114 2313 2355
 2583 2859 2940 3161 3164 3230 3291 3294 3426 3505 3523 3589 3643 3724
 3785 3921 3994 3997 4420 5835 6125 6544 6693 7052 7186 7396]",0.30475932959145835
"[ 237  523  619  662  663  821 1043 1096 1121 1233 1462 1740 1826 2008
 2013 2163 2352 2378 2439 2574 2794 2879 2905 2947 3217 3237 3292 3505
 4003 4064 4148 4709 4785 4850 6621 6685 6830 6837 7041 7396]",0.3129850013779495
"[ 697  747  970 1031 1112 1187 1263 1309 1394 1736 1750 2120 2321 2363
 2430 2465 2515 2519 2647 2652 2787 2796 2804 2904 3221 3222 3360 3503
 3574 3726 3804 4004 4075 4504 4710 6620 6905 7052 7185 7468]",0.28144091353370804
"[ 198  673  691  743 1663 1667 1743 1813 1892 1897 2039 2123 2168 2297
 2427 2456 2597 2621 2647 2761 2935 2937 2968 3081 3142 3214 3228 3233
 3579 3603 3744 4063 4706 5836 6399 6545 6691 6907 6975 6976]",0.29298059757553685
"[ 450  596  620  661  906  957  977 1103 1123 1234 1473 1925 1979 2186
 2395 2516 2519 2752 2829 2855 2868 3071 3081 3142 3286 3652 3654 3706
 3744 3793 3868 4002 4134 4991 6260 6479 6615 6619 6764 6827]",0.30293035864667583
"[ 555 1113 1115 1181 1264 1519 1543 1687 1875 1930 2099 2225 2235 2283
 2453 2520 2594 2716 2831 3017 3141 3152 3216 3220 3311 3359 3363 3453
 3505 3518 3566 3774 3954 4002 4434 5904 6767 7036 7050 7260]",0.29210615347945845
"[ 616  959 1186 1326 1392 1527 1531 1591 1592 1902 2111 2183 2186 2223
 2292 2326 2575 2937 3024 3110 3230 3356 3380 3434 3451 3496 3570 3583
 3596 3655 4287 4922 6185 6260 6261 6262 6832 7253 7330 7396]",0.2912650045932256
"[ 380  593  689  732  819  981 1316 1542 1588 1595 1808 2049 2072 2113
 2174 2189 2235 2317 2402 2576 2662 2690 2897 3039 3148 3278 3287 3307
 3601 3732 3788 3884 4066 4097 4360 4570 6330 6691 6972 6978]",0.3260328723715721
"[ 129  447  661  744  893  952 1186 1448 1473 1612 1613 1663 1675 1926
 1950 2050 2069 2097 2111 2170 2285 2357 2645 2688 2998 3027 3304 3592
 3727 3732 3795 3849 3864 3988 4061 4779 5694 5974 6114 6398]",0.293367001180666
"[ 552  661  767  824  833 1174 1447 1466 1474 1598 1803 1884 1893 1955
 2112 2213 2221 2232 2520 2542 2744 2864 2873 2876 2900 2933 3072 3169
 3310 3359 3391 3440 3500 3855 4128 4216 4786 5694 6760 6838]",0.310092940161461
"[ 410  447  448  520  689  740  741  966 1751 1764 1814 1969 1975 1980
 2046 2097 2188 2211 2459 2516 2693 2755 2757 2782 2829 2902 3169 3172
 3247 3307 3377 3497 3643 3668 3867 3930 4006 4058 6839 7043]",0.29015804280130536
"[ 600  619  662  733  763 1052 1172 1179 1400 1516 2031 2095 2143 2153
 2182 2233 2251 2285 2293 2433 2465 2800 2801 2950 3018 3208 3211 3280
 3362 3367 3424 3429 3431 3581 3600 3647 3733 4133 6613 6688]",0.30868570381677873
"[ 451  825  954 1032 1048 1189 1228 1234 1461 1519 1656 1765 2012 2019
 2117 2176 2217 2308 2519 2708 2783 2854 2873 2945 3020 3071 3078 3210
 3282 3580 3586 3737 3850 4022 4058 4146 6125 6402 6831 6904]",0.3086949880173207
"[ 457  677  818  871  895  952 1243 1246 1547 1587 2026 2045 2072 2100
 2111 2212 2221 2509 2644 2657 2719 2798 2905 2945 2952 3286 3355 3375
 3503 3523 3645 3850 3884 4360 6325 6400 6975 6980 7118 7396]",0.3175939270143424
"[ 378  593  657  672  694  831  891  970  977  980 1096 1764 1895 1925
 2040 2160 2214 2243 2615 2646 2655 2714 2718 2864 3078 3301 3442 3521
 3567 3646 3779 4006 4555 6114 6261 6330 6547 6617 6976 7044]",0.3383507006320285
"[ 479  589  671  830 1166 1318 1319 1450 1532 1666 1750 1761 1805 1881
 1979 2098 2188 2215 2283 2354 2497 2567 2586 2682 2798 3094 3142 3219
 3238 3496 3707 3718 3732 3814 3815 4134 4203 4640 6829 7183]",0.31301779023165455
"[ 473  588  763  816 1031 1174 1604 1619 1732 1814 1887 1909 1927 1957
 2017 2115 2123 2162 2180 2516 2576 2721 2937 3147 3449 3457 3513 3581
 3585 3587 3593 3885 4145 6184 6256 6261 6615 6829 6907 7182]",0.30372217644678107
"[ 376  475  686  763  821  836  880 1325 1404 1459 1527 1688 1806 1966
 1969 2093 2098 2167 2181 2295 2312 2589 2619 2645 3010 3024 3080 3212
 3296 3645 3666 3670 3707 4065 4081 4098 4991 6617 7185 7396]",0.3098182277395316
"[ 667  817  822  914 1115 1181 1264 1689 1902 2145 2303 2364 2448 2459
 2584 2801 2829 2854 3089 3138 3161 3170 3216 3382 3427 3496 3498 3518
 3718 3724 3744 3865 3923 3991 4783 6545 6760 6983 7184 7185]",0.3220637568637782
"[ 666  733  970 1025 1036 1053 1184 1323 1325 1469 1615 1732 2006 2043
 2099 2592 2645 2824 2859 2874 2944 3015 3083 3166 3282 3501 3527 3805
 3816 3858 3882 3934 3935 6047 6473 6696 6967 7049 7107 7397]",0.3078167889113507
"[ 244  309  595  891 1736 1742 1744 1810 1967 1978 1979 2021 2024 2237
 2253 2260 2295 2304 2656 2713 2720 2726 2735 2800 2801 3235 3291 3310
 3497 3567 3568 3796 3848 4504 6329 6760 6768 6973 7189 7465]",0.28538324458091296
"[ 199  620  805  880  980 1017 1031 1038 1232 1315 1327 1646 1660 1676
 1748 2068 2223 2330 2503 2661 2717 2832 2936 2943 3085 3096 3378 3601
 3666 3746 3871 3882 3884 3933 4009 4781 6117 7043 7116 7465]",0.3161488074775236
"[ 451  588  694 1019 1316 1369 1476 1532 1669 1688 1764 1894 1947 1979
 2042 2073 2213 2354 2570 2621 2640 2693 3081 3110 3142 3143 3213 3301
 3361 3455 3655 3779 4146 4776 6407 6616 6972 7042 7253 7327]",0.2937557953576135
"[ 309  416  451  548  667  672  762 1233 1660 1738 1820 1826 1976 2067
 2068 2077 2111 2222 2286 2325 2396 2576 2656 2790 2874 3001 3074 3164
 3209 3361 3739 4077 4149 4783 6047 7040 7044 7047 7195 7465]",0.29964446191712374
"[ 448  459  597  903  978 1196 1306 1375 1531 1726 1748 1829 1892 1930
 1969 2027 2039 2083 2149 2313 2501 2521 2933 2939 2942 3076 3311 3800
 3868 3990 3991 4025 4026 4064 4074 4080 4705 6046 6327 6626]",0.27155864709790445
"[ 129  271  619  980  984 1023 1529 1876 1939 2011 2327 2337 2525 2574
 2594 2641 2727 2761 2852 2875 2968 2976 3019 3076 3090 3144 3237 3392
 3449 3461 3532 4006 4077 4211 4338 4440 6188 6329 6755 7467]",0.26012687427367964
"[ 380  416  672  730  750  836 1183 1543 1814 1816 1958 2041 2111 2150
 2290 2365 2449 2522 2574 2588 2589 2716 3014 3089 3383 3432 3518 3520
 3579 3588 3646 3667 3704 3849 3920 3944 5062 6541 6907 7114]",0.29336661416928167
"[ 656  739  772  834  883 1032 1034 1050 1542 1616 1766 1822 2029 2081
 2143 2390 2512 2545 2570 2586 2718 2944 3011 3026 3038 3223 3226 3365
 3424 3533 3573 3582 3639 3713 3743 3850 3854 4705 7118 7257]",0.28424147465088623
"[ 309  592  623  666  693  740  964  980 1044 1108 1192 1545 1604 1616
 1756 1890 1903 2049 2169 2365 2390 2469 2473 2595 2661 2868 2901 3146
 3223 3707 3789 4059 4097 4143 6610 6969 7044 7045 7107 7467]",0.2774768395122034
"[ 412  481  960  970 1256 1447 1463 1899 2116 2143 2472 2505 2506 2643
 2646 2659 2720 2759 2864 2947 2955 2968 3315 3380 3574 3585 3732 3801
 3885 4064 4127 4131 4144 4203 5694 6621 6982 7185 7398 7465]",0.2930368635708581
"[ 810  875  892  982 1043 1183 1377 1462 1469 1892 2022 2183 2289 2314
 2326 2450 2474 2503 2518 2594 2711 2871 2976 3008 3307 3605 3672 3872
 3995 4005 4079 4199 4202 4219 6120 6469 6835 6908 7112 7465]",0.3111347493149935
"[ 552  592  622  656  661  749  802  961 1103 1325 1468 1471 1514 1687
 1805 1808 1813 2019 2076 2099 2111 2113 2115 2214 2216 2494 2523 2661
 2788 3008 3238 3452 3855 3932 4167 4225 4786 6412 6688 6838]",0.2738691519659468
"[ 663  692  762  813 1036 1161 1183 1667 1765 2079 2083 2084 2099 2296
 2519 2574 2593 2642 2683 2858 2937 2948 3024 3161 3278 3379 3595 3739
 3810 3813 3850 3953 4148 4712 6405 6623 6694 6972 7050 7466]",0.30967342317818153
"[ 377  750  982 1256 1388 1398 1738 1739 1996 2044 2260 2288 2293 2504
 2547 2735 2757 2780 2791 2817 3000 3014 3025 3098 3287 3311 3636 3674
 3704 3732 3814 3945 3948 3994 4922 6259 6619 6902 7048 7395]",0.3040368714913554
"[ 305  411  416  483  523  545  550  589  763  811  886  962 1102 1107
 1326 1518 1531 1668 1673 1679 2071 2109 2508 2657 2715 2726 2755 3001
 3008 3430 3573 3590 3782 3812 4367 4705 4785 6617 6836 7327]",0.3071223134678208
"[ 453  661  749  831 1121 1448 1543 1666 1937 2027 2030 2084 2171 2216
 2326 2385 2571 2576 2685 2722 2809 2898 2935 3216 3241 3278 3425 3431
 3531 3644 3663 3849 4001 4203 6470 6615 6624 6832 7254 7326]",0.29466655415026194
"[ 477  670  743  746 1044 1250 1403 1545 1803 1833 1906 1998 2039 2098
 2100 2259 2295 2378 2576 2639 2687 2728 2950 2956 3097 3153 3355 3391
 3527 3592 4784 6049 6550 6620 6766 6966 6967 7050 7111 7395]",0.30055326981678687
"[ 527  593  954  973  980 1116 1304 1543 1609 1724 1734 1807 1893 2019
 2023 2043 2044 2110 2505 2662 2716 2720 2738 2872 3016 3079 3519 3647
 3803 3818 3922 3932 3936 3959 4070 4705 6982 7040 7114 7257]",0.2900742112656346
"[ 476  659  670  812  886  907 1021 1028 1032 1173 1255 1617 1679 1811
 1820 2029 2098 2115 2591 2691 2733 2792 2793 2973 3025 3140 3172 3209
 3212 3241 3431 3450 3505 3518 3718 3814 3885 6187 6553 6765]",0.30037381227575904
"[ 619  733  760 1125 1380 1451 2028 2042 2049 2051 2095 2211 2222 2238
 2282 2293 2506 2512 2618 2658 2732 2735 2955 3004 3017 3075 3097 3281
 3297 3461 3725 3726 3882 4079 4199 4290 6191 6547 6833 6978]",0.3060368906579718
"[ 200  268  553  658  910  971 1304 1800 2022 2141 2151 2155 2287 2314
 2449 2512 2617 2644 2722 2941 2945 3029 3166 3244 3355 3532 3577 3662
 3718 3743 3849 3994 4097 4148 4508 6259 6545 6696 6909 6970]",0.3080258664485791
"[ 484  528  588  673 1096 1306 1396 1756 2284 2291 2297 2447 2508 2549
 2570 2723 2726 2875 3099 3214 3439 3457 3506 3643 3658 3664 3667 3734
 3738 3793 3805 3850 3887 3990 4077 4205 6331 6969 6982 7257]",0.2908481900916955
"[ 476  545  594  598  667  741  885  886  956 1018 1045 1106 1124 1170
 1738 2038 2039 2096 2100 2142 2295 2358 2637 2654 2830 2898 2934 2948
 3003 3308 3429 3528 3645 3920 6615 6697 6972 6976 7038 7119]",0.3128376837605708
"[ 448  741  877  971 1091 1160 1192 1376 1463 1475 2015 2042 2119 2225
 2226 2335 2358 2509 2572 2658 2829 3149 3168 3244 3304 3364 3423 3523
 3585 3593 3599 3601 3741 3935 4135 4705 4713 6690 6836 7048]",0.305134909351452
"[ 731  952 1028 1235 1461 1583 1760 1858 1904 1907 1997 2000 2015 2162
 2233 2286 2300 2379 2874 3141 3215 3242 3510 3594 3600 3715 3802 3882
 3953 3990 4134 4205 4439 4504 6541 6899 6973 7046 7465 7469]",0.29344163841159765
"[ 519  597  747  812 1032 1054 1183 1334 1380 1451 1658 1742 1754 2148
 2254 2640 2650 2798 2827 2865 3023 3089 3288 3366 3577 3643 3669 3714
 3738 3788 3937 3956 4063 6409 6621 6762 7108 7114 7181 7397]",0.30484191074403
"[ 477  731  816  821 1020 1040 1091 1318 1613 1833 2012 2082 2120 2190
 2286 2367 2715 2857 2865 2871 2875 3008 3153 3171 3377 3381 3573 3580
 3642 4147 4358 5201 6261 6402 6687 6837 6977 6982 7111 7403]",0.31207309155636603
"[ 619  671  693  892  951  981 1054 1103 1328 1468 1514 1668 1751 1892
 1938 1967 2026 2167 2188 2217 2337 2575 2581 2641 2713 2971 3023 3080
 3146 3237 3446 3499 3515 3522 3739 3867 4708 6613 6836 6981]",0.3118132192318112
"[ 244  269  476  624  804  819  891  958 1028 1104 1110 1166 1374 2038
 2150 2161 2225 2253 2397 2657 2756 2865 2946 3111 3139 3235 3297 3594
 3667 4000 4059 4132 4358 6398 6615 6620 6693 6833 7051 7123]",0.2889796988718375
"[ 270  601  687 1106 1124 1174 1539 1686 1878 1979 2121 2155 2258 2286
 2297 2313 2590 2685 2830 2943 3166 3208 3377 3427 3445 3526 3597 3643
 3726 3785 3804 3813 4218 6048 6549 6618 6910 7187 7253 7396]",0.311139812184115
"[ 411  758  819  956 1047 1121 1161 1545 1900 1939 2165 2167 2182 2183
 2446 2510 2517 2586 2904 3285 3586 3592 3658 3664 3732 3787 3803 3817
 3877 3882 4143 4203 5907 6397 6549 6616 6838 6905 7324 7329]",0.2997823896643556
"[ 416  656  885  890  893 1044 1233 1254 1460 1906 2001 2248 2251 2429
 2518 2550 2583 2852 2875 3015 3082 3092 3217 3221 3278 3319 3710 3810
 3811 3941 4061 4073 4074 4780 6335 6839 6899 6982 7043 7112]",0.28893307143665814
"[ 523  746 1236 1535 1606 1887 1910 1999 2024 2047 2091 2244 2305 2375
 2722 2854 2858 3069 3088 3101 3162 3307 3573 3651 3664 3724 3739 3741
 3813 3872 3923 3956 3990 3992 3994 4347 6898 6902 6978 7323]",0.2848248647239273
"[ 413  518  522  822 1032 1193 1324 1331 1376 1393 1461 1515 1592 1605
 2007 2082 2153 2586 2590 2689 2716 2722 2794 2867 2976 3006 3095 3143
 3239 3291 3377 3572 3579 3932 3988 4070 4218 6614 6978 7187]",0.2965706153713561
"[ 244  482 1035 1471 1536 1603 1615 1758 1815 1936 1969 2015 2028 2074
 2160 2195 2292 2399 2568 2799 2902 3006 3014 3282 3356 3442 3534 3652
 3710 3742 3794 3862 3922 3951 6050 6543 6551 6760 7043 7051]",0.3085466084316921
"[ 660  690  914  979 1041 1045 1306 1465 1544 1604 1605 1687 1803 1832
 1860 1948 1950 2254 2287 2687 2758 2804 2929 2950 3007 3079 3236 3279
 3453 3460 3584 3648 3655 3787 3814 4075 4213 4222 4922 6625]",0.285362083708068
"[ 445  523  620  621  660  661  738 1309 1323 1376 1957 1978 2095 2121
 2265 2518 2689 2723 2744 2824 3016 3227 3290 3383 3576 3712 3955 4062
 4217 4275 4287 4783 6260 6332 6829 6899 6979 7191 7331 7394]",0.3012542409540751
"[ 199  447  537  812  900  903 1193 1588 1621 1662 2011 2042 2067 2254
 2286 2315 2365 2567 2571 2592 2685 2868 2903 3018 3142 3143 3222 3281
 3284 3293 3427 3439 4015 4061 4075 4350 4358 4440 6546 6905]",0.3039656682193761
"[ 416  751  904  911  953 1039 1047 1319 2094 2254 2259 2282 2323 2436
 2571 2646 2718 2760 2761 2876 2928 3009 3071 3087 3094 3222 3363 3440
 3583 3647 3747 3797 3932 4078 4204 5132 6120 6184 6339 6761]",0.29052184023484595
"[ 523  618 1021 1174 1326 1380 1820 1980 2101 2142 2358 2510 2831 2832
 3020 3026 3146 3163 3167 3170 3220 3282 3301 3312 3500 3512 3584 3603
 3787 3805 3991 4201 4202 4277 4711 6544 6612 6900 7113 7467]",0.30176321044590015
"[ 810  821  890  913  952 1306 1461 1617 1733 1734 2010 2072 2148 2184
 2303 2324 2358 2368 2375 2393 2439 2522 2653 2927 2932 2944 2976 3095
 3111 3150 3152 3164 3675 3990 4567 6256 6682 6688 6689 6838]",0.2799960829169019
"[ 129  688  742  747  803  812 1233 1377 1471 1586 1615 1749 1763 2014
 2025 2042 2111 2153 2224 2284 2300 2570 2649 2715 2724 2738 2870 2954
 3370 3375 3495 3583 3801 3995 4005 4567 6187 6189 6894 6912]",0.2925211514125913
"[ 761 1103 1254 1390 1533 1587 1744 1950 1975 1980 2039 2284 2515 2580
 2592 2619 2741 2759 2802 2973 2999 3022 3070 3085 3235 3577 3584 3675
 3788 3864 4073 4204 5977 6472 6626 6751 6835 6836 6904 7196]",0.29835226830767614
"[ 598  739  740  884 1117 1161 1232 1521 1617 1669 1689 1690 2011 2290
 2363 2464 2568 2583 2655 2721 2755 2935 2973 3020 3167 3356 3495 3602
 3717 3719 3746 3920 4076 6327 6329 6403 6838 6912 7190 7261]",0.2835738431900774
"[ 176  447  805 1236 1322 1389 1407 1664 1831 1876 1886 2009 2042 2070
 2086 2100 2162 2224 2235 2363 2395 2465 2602 2713 2782 2795 2824 3016
 3144 3426 3648 3654 3726 3785 3849 4078 4208 4496 4783 6696]",0.27023346749433336
"[ 341  410  416  885  969  979 1246 1250 1256 1318 1543 1615 1739 1878
 1936 1950 1963 2124 2214 2578 2583 2800 2927 2935 2950 3017 3280 3391
 3448 3581 3598 3798 3803 3850 4003 6050 6967 6983 7051 7187]",0.2978325832161625
"[ 523  525  589  657  661  670  680  733  746  839  907  970 1034 1476
 2026 2029 2326 2386 2465 2504 2520 2947 2976 3095 3145 3163 3422 3506
 3520 3576 3802 3867 3993 4001 4149 6124 6259 6331 6622 7048]",0.29194213330771174
"[ 550  657  668  691  759  820 1048 1189 1448 1546 1615 1686 1754 1813
 1833 1889 2161 2587 2663 2830 2834 2861 2901 2946 3161 3169 3305 3424
 3575 3731 3811 3885 4706 6477 6480 6616 6691 6767 7043 7397]",0.3023531058679746
"[ 688  732  747  821  892  952 1404 1676 1687 1724 1750 1828 1833 2041
 2098 2145 2357 2613 2716 2833 2877 2904 3009 3141 3150 3229 3361 3368
 3378 3574 3668 3675 3933 4148 4440 4711 4778 4991 6618 6689]",0.3013807818600387
"[ 551 1047 1049 1173 1256 1404 1529 1532 1690 1804 1857 1887 1926 1970
 1973 2212 2224 2263 2287 2359 2429 2504 2508 2516 2617 2872 3150 3285
 3566 3575 3667 3809 4150 4783 6260 6765 6900 6907 7039 7258]",0.3278766289974097
"[ 340  554 1122 1127 1248 1403 1674 1746 1957 1970 2168 2189 2353 2455
 2517 2575 2587 2590 2927 3164 3210 3282 3446 3496 3501 3568 3652 3922
 3952 4017 4072 4289 6260 6400 6545 6547 6617 6908 6911 6980]",0.2980288036421808
"[ 546  622  662  735  894  953 1123 1304 1305 1308 1591 1808 2080 2100
 2327 2521 2659 2669 3088 3162 3356 3374 3382 3573 3584 3606 3729 3745
 3778 3816 3881 3887 3924 4144 4703 6262 6690 6906 7051 7187]",0.3030242589766316
"[ 814  964  978 1111 1121 1247 1665 1724 1749 1751 1757 1938 1941 1952
 2009 2308 2397 2510 2643 2758 2829 2951 2994 3018 3089 3213 3217 3439
 3511 3601 3723 3860 3863 4144 4167 4275 6184 6829 6899 7396]",0.2821976675842582
"[ 448  520  552  594  595  762  960 1040 1110 1180 1195 1238 1447 1517
 1547 1617 1758 1806 1829 1948 1959 2018 2219 2494 2519 2644 2731 3147
 3167 3223 3306 3494 3519 3921 3931 4003 6114 6619 6689 6976]",0.30882087868889746
"[ 553  666  673  739  761  879  971  984 1099 1120 1122 1254 1326 1532
 1724 1797 1950 2026 2099 2118 2363 2408 2447 2474 2616 2665 2687 2928
 3006 3097 3148 3238 3510 3660 3923 4706 6476 6622 6686 7395]",0.302630634339865
"[ 478  524  608  890  907  953 1031 1097 1237 1751 2009 2120 2187 2311
 2363 2374 2378 2522 2586 2660 2899 2935 2971 3074 3078 3215 3369 3439
 3513 3721 3731 3855 3934 4024 4850 6116 6262 6470 6831 7117]",0.2787796030498332
"[ 416  875  909  913  960  961 1020 1404 1618 1666 1763 1887 2034 2039
 2045 2143 2225 2572 2725 2757 2761 2788 2827 2832 3076 3080 3086 3382
 3446 3643 3661 3716 4221 4419 4712 5974 6545 6615 6969 7396]",0.2994284823287973
"[ 892 1191 1231 1303 1386 1514 1547 1593 1617 1687 1724 1799 1804 1946
 1947 2222 2732 2790 2804 2832 2863 2864 2954 3078 3081 3216 3356 3450
 3497 3726 3884 3937 4149 4150 4276 4781 6252 6400 6470 7113]",0.2633417820574431
"[ 621  740  842  880  957  961 1026 1034 1172 1375 1445 1447 1462 1471
 1646 1805 1876 1877 1927 1928 1958 2002 2096 2367 2368 2519 2569 2727
 2874 3281 3653 3817 3959 4004 4144 5833 6547 6696 6836 7187]",0.2910543417962458
"[ 483  595  672  746  839  883  902 1109 1119 1123 1445 1458 1545 1616
 1684 1883 2172 2221 2442 2520 2575 2717 2793 2976 3079 3141 3210 3229
 3358 3706 3781 3785 3812 3843 3867 3881 3924 6325 6327 6689]",0.28718871374601496
"[ 265  833  986 1025 1120 1306 1398 1608 1760 1931 2026 2071 2073 2081
 2216 2474 2497 2503 2505 2539 2584 2657 2682 3017 3023 3238 3519 3576
 3584 3788 3849 3884 4026 4058 4206 6550 6620 6767 6826 7181]",0.2992012323727362
"[ 906  955 1041 1530 1534 1546 1588 1736 1834 1886 1957 1977 2100 2101
 2117 2251 2254 2307 2428 2497 2505 2571 2572 2589 2640 2811 2866 2937
 3010 3447 3495 3598 3670 3705 3706 3719 3729 4066 4217 6971]",0.28130532075280307
"[ 387  480  550  554  599  618  663  760  980 1325 1606 1749 1948 2094
 2120 2195 2220 2362 2449 2498 2642 2657 3306 3356 3427 3440 3452 3585
 3586 3655 3715 3932 4068 4203 4207 4715 6045 6336 6550 6834]",0.2995829304509265
"[ 732 1543 1593 1735 1874 1949 2023 2031 2075 2082 2146 2164 2425 2428
 2496 2498 2507 2520 2523 2584 2760 2791 2796 2929 3069 3145 3283 3525
 3588 3860 4004 4066 4075 4709 5132 6190 6696 6752 6760 7399]",0.2832905754284283
"[ 666  731  749  767  815 1184 1332 1374 1397 1445 1618 1620 1823 2000
 2213 2255 2303 2512 2717 2725 2735 2790 2798 2831 2936 2968 3008 3022
 3088 3149 3165 3445 3664 3779 3814 3934 4275 6185 6258 6903]",0.3135830608477628
"[ 129  266  670  838  890  959 1042 1112 1185 1263 1618 1619 1665 1819
 1975 2027 2081 2082 2151 2375 2498 2507 2520 2587 2621 2641 2649 2725
 2726 3010 3072 3310 3355 3379 3706 3887 4060 5694 6190 6541]",0.2873523477036168
"[ 416  519  555  758  835  953  983 1027 1054 1259 1326 1327 1530 2110
 2255 2688 2725 2857 3021 3216 3308 3356 3428 3443 3451 3502 3510 3601
 3640 3810 4000 4074 4780 4922 5694 6255 6400 6619 6765 6766]",0.28304037919980024
"[ 376  446  478  519  550 1088 1125 1181 1326 1665 1677 1858 1874 1997
 2118 2235 2308 2446 2506 2591 2594 2726 2826 3095 3284 3301 3446 3461
 3566 3567 3571 3802 4062 5546 5832 6404 6616 6971 7324 7472]",0.3059871625841702
"[1127 1338 1531 1543 1693 1735 1758 1810 1832 1870 2291 2313 2353 2403
 2584 2690 2758 2900 2932 2946 2948 3004 3081 3498 3674 3794 3809 3811
 3921 3991 4070 4417 4425 6125 6397 6614 6762 7042 7044 7051]",0.28217807846632625
"[ 198  811  885  962 1030 1049 1051 1100 1194 1196 1400 1532 1543 1766
 1856 1908 2009 2031 2090 2167 2373 2450 2571 2666 2760 2798 2928 2933
 3212 3356 3519 4133 4706 4712 6329 6755 6900 6971 7122 7187]",0.3092515637880072
"[ 449  597  692  899 1031 1106 1256 1518 1538 1947 2067 2071 2288 2356
 2501 2508 2519 2646 2648 2710 2712 2727 2797 2999 3096 3493 3497 3787
 3818 4006 4060 4147 4193 4440 6476 6480 6976 7041 7054 7117]",0.29949196773155307
"[ 271  341  670  692 1054 1307 1322 1379 1818 1896 1998 2571 2577 2728
 2802 2899 3006 3019 3152 3220 3358 3370 3376 3377 3424 3447 3519 3657
 3777 3799 3812 3860 3876 4417 4776 6184 6539 6980 7185 7196]",0.29852211323051697
"[ 555  592  901 1115 1234 1236 1265 1316 1897 1903 1970 2046 2215 2313
 2501 2502 2586 2594 2663 2690 2828 2863 3090 3217 3244 3392 3496 3812
 3818 4006 4220 4288 6689 6754 6900 6978 7043 7113 7254 7466]",0.30312920597929477
"[ 128  176  480  911 1049 1180 1592 1684 1733 2049 2079 2099 2234 2333
 2353 2379 2397 2496 2575 2714 2853 2903 2924 2944 2999 3074 3282 3290
 3442 3451 3599 3814 3869 3923 4220 4345 4713 6043 6763 6836]",0.3145754382567928
"[ 309  672  762  886  892  893  895 1022 1029 1176 1736 1751 1755 2023
 2081 2105 2116 2285 2458 2565 2574 2640 2657 2874 2949 3147 3166 3430
 3666 3726 3794 3922 3989 4001 4098 4148 4193 5333 6118 6119]",0.28986897198307277
"[ 412  667 1168 1318 1404 1679 1750 1905 1927 1968 2030 2079 2112 2113
 2152 2213 2262 2289 2323 2357 2363 2381 2657 2787 3020 3073 3148 3283
 3290 3496 3587 3602 3668 3741 3814 4133 4167 4217 6757 6907]",0.3149481159319287
"[ 341  666  689  739  909 1031 1104 1161 1374 1375 1397 1954 2027 2040
 2047 2217 2445 2500 2722 2728 3012 3073 3149 3165 3230 3291 3369 3421
 3585 3732 3797 3865 3954 4132 4353 4706 6687 6967 7039 7054]",0.3105613005335798
"[1095 1121 1174 1376 1612 2044 2116 2160 2356 2358 2521 2585 2586 2621
 2658 2762 2827 2828 2830 2897 2937 2949 2971 3068 3285 3444 3451 3589
 3664 3708 3739 3811 3930 6546 6623 6689 6977 7045 7253 7326]",0.2971363266776219
"[ 743  837  886 1042 1053 1124 1163 1319 1754 1837 1890 1940 2002 2024
 2070 2443 2505 2719 2936 3224 3286 3294 3354 3510 3518 3593 3646 3657
 3865 3923 3989 4072 4134 4229 4351 6333 6688 6697 7052 7254]",0.31492406858803407
"[ 339  477  621  804  819  980 1235 1471 1656 1688 1691 1755 1813 1969
 1974 2019 2069 2144 2161 2330 2520 2567 2727 2782 2791 2833 2867 3360
 3443 3744 3848 3862 3931 3949 4001 4003 4210 6910 7043 7183]",0.31064902655558985
"[ 451  661  835 1053 1183 1318 1379 1468 1470 1471 1533 1601 1688 1969
 2141 2366 2429 2545 2572 2729 2761 3076 3092 3170 3209 3223 3670 3672
 3715 3796 3925 3989 4059 4072 4073 5762 6125 6401 6975 7122]",0.3124038441600357
"[ 892 1319 1526 1664 1679 1681 1749 1754 1822 2086 2120 2146 2151 2388
 2427 2513 2580 2693 2760 2878 2971 3000 3001 3038 3223 3233 3601 3661
 4060 4133 4992 6118 6611 6616 6617 6626 6836 6974 7120 7262]",0.26693807378572143
"[ 618  620  671  955  967 1191 1375 1390 1542 1602 1665 1668 1892 2046
 2072 2147 2149 2153 2260 2295 2392 2445 2502 2641 2728 2743 2937 3224
 3355 3518 3590 3658 3741 3934 4359 4991 5062 6758 6909 7053]",0.30589323285067216
"[ 548  804  831  906  957  962 1162 1256 1322 1326 1449 1950 2049 2118
 2143 2185 2312 2393 2397 2520 2576 2728 2905 2935 2945 3022 3090 3666
 3667 3732 3777 3810 3993 4275 4713 6405 6837 6973 7189 7256]",0.31297222438588235
"[ 200  309  342  738 1029 1127 1445 1690 1949 2025 2116 2286 2379 2427
 2432 2595 2736 2755 2995 3000 3379 3422 3457 3499 3580 3591 3644 3945
 4420 4708 4711 4784 6043 6189 6330 6612 6689 6828 7184 7329]",0.28618458216780995
"[ 382 1112 1513 1519 1606 1615 1745 1827 2080 2099 2111 2192 2242 2256
 2258 2517 2521 2727 2860 2875 2905 3027 3086 3308 3365 3370 3599 3605
 3660 3670 3724 3738 3938 4025 4193 4708 6257 6765 6905 7325]",0.2848966652294237
"[ 198  445  662  812  822 1053 1895 2084 2143 2182 2215 2365 2408 2618
 2688 2709 2714 2787 2832 2903 3286 3295 3355 3444 3495 3643 3777 3866
 3936 4062 4290 4440 4706 4710 6685 7047 7048 7257 7322 7465]",0.27037698822353307
"[ 311  522  836  912 1584 1832 1972 1999 2025 2101 2109 2141 2182 2183
 2185 2287 2469 2503 2571 2598 2868 3088 3215 3244 3290 3350 3351 3353
 3359 3595 3669 3808 3868 3872 4849 6545 6618 6901 6973 7467]",0.2743980524336857
"[ 521  621  769 1538 1585 1734 1738 1887 1900 2045 2051 2089 2111 2170
 2306 2334 2354 2641 2664 2797 2897 3078 3149 3217 3293 3353 3360 3435
 3494 3512 3731 3739 4218 4432 6259 6264 6335 6621 6970 7252]",0.3030923108606673
"[ 448  591  658  671  906 1097 1118 1397 1520 1542 1605 1614 1666 1668
 1877 1956 2288 2365 2511 2578 2588 2618 2661 2690 2874 2877 2948 3083
 3235 3352 3377 3590 3724 4000 4016 4134 4218 6618 7042 7328]",0.30588156608434636
"[ 270  378  662  802 1118 1327 1396 1398 1584 1605 1656 1741 1800 1925
 1949 2002 2067 2068 2184 2324 2366 2593 2642 2646 2688 2874 3021 3242
 3292 3422 3440 3497 3632 3812 3994 4271 6045 6046 6899 7182]",0.27275952187431324
"[ 453  586  591  619  809  840  890 1308 1333 1374 1678 1732 1805 2027
 2039 2115 2164 2257 2362 2711 2925 3017 3219 3362 3450 3584 3707 3716
 3738 3781 3927 3935 4073 4077 4129 4193 4782 6476 6686 6971]",0.30311398094886344
"[ 527  529  733  977 1123 1172 1325 1689 1691 1726 1810 2020 2024 2166
 2185 2227 2327 2356 2358 2427 2436 2516 2592 2867 2903 2934 3022 3080
 3280 3380 3567 3727 3730 3743 3883 4217 6260 6550 6687 7044]",0.3078647378316569
"[ 597  599  622  661  841 1051 1244 1536 1593 1617 1755 1810 1953 2160
 2354 2372 2375 2458 2474 2507 2583 2659 2742 2799 2940 2946 3138 3151
 3164 3213 3575 3582 3596 3743 3988 4077 5974 6546 6614 7189]",0.3133917580829531
"[ 446  555  764  844  963  977  981 1040 1101 1254 1321 1998 2023 2143
 2184 2213 2302 2363 2364 2441 2644 2727 2801 3016 3085 3211 3278 3424
 3729 3883 4002 4057 4077 4142 6254 6613 6982 7108 7122 7323]",0.29091657348387645
"[ 199  548  806  891  984 1035 1266 1520 1613 1618 1996 2090 2122 2152
 2221 2230 2283 2376 2381 2498 2725 2937 2955 3017 3088 3139 3514 3521
 3525 3563 3582 4062 4133 4209 4708 6050 6470 6828 6968 7256]",0.31194145480760604
"[ 663  732  733 1050 1392 1544 1614 1662 2011 2039 2077 2140 2164 2171
 2326 2513 2643 2660 2672 2724 2754 2875 2999 3010 3018 3071 3084 3157
 3429 3812 3991 4072 4207 4361 6260 6625 6835 7050 7184 7401]",0.3074393064119512
"[ 690  731  817 1055 1395 1401 1748 1900 2049 2295 2434 2501 2519 2713
 2898 2948 2968 3023 3071 3159 3284 3369 3435 3649 3668 3706 3849 3864
 4071 4217 4711 4779 4780 4783 6398 6768 7041 7113 7181 7403]",0.29528115261795385
"[ 270  484  760  817  883 1107 1327 1799 1906 1907 2008 2112 2164 2173
 2293 2305 2329 2448 2505 2536 2688 2874 2976 3075 3078 3097 3165 3226
 3242 3307 3663 3747 3810 4276 4711 6256 6618 6978 7184 7254]",0.30378779062646866
"[ 342  621  746  883  978 1601 1619 1664 1665 1954 1999 2016 2073 2077
 2165 2180 2222 2308 2449 2517 2575 3015 3090 3094 3137 3288 3491 3529
 3579 3585 3649 3735 4003 4193 4991 6259 6325 6688 6905 7115]",0.29830800611767716
"[ 483  548  586  667 1105 1109 1125 1518 1544 1688 1690 1807 1947 1997
 2117 2314 2434 2593 2617 2800 2883 3093 3145 3238 3309 3312 3521 3584
 3776 3810 3870 3941 3991 4060 4130 6258 6405 6551 6758 7466]",0.3147476242635099
"[ 237  270  308  450  522  621  662  676  810 1303 1464 1468 1620 1833
 1954 1980 2081 2103 2182 2255 2284 2352 2438 2458 2468 2520 2574 2617
 2816 2831 2872 2874 3216 3380 3426 3713 3843 3919 6615 6827]",0.2878192886380634
"[ 266  339  462  593  661  732  887  903  905  980 1195 1389 1760 1878
 1955 2031 2047 2145 2184 2224 2226 2868 2872 2927 3223 3290 3372 3498
 3506 3512 3583 3590 3731 4141 6188 6398 6468 6907 6911 7468]",0.30535623262675227
"[ 740  982 1181 1192 1308 1338 1372 1543 1663 1735 1879 1900 1977 2094
 2095 2166 2237 2288 2295 2354 2434 2505 2637 2862 2881 2944 2999 3071
 3075 3282 3289 3361 3422 3512 4007 4066 6829 6975 7116 7262]",0.28029038788690064
"[ 409  447  479  549  912  954 1042 1122 1462 1538 1680 1688 2306 2591
 2732 2791 3080 3082 3098 3211 3233 3235 3426 3588 3594 3644 3646 3653
 3675 3777 3801 4068 4274 4555 4638 4709 5975 6832 6838 6840]",0.2918346268450505
"[ 266  267  592  656  836  840 1184 1333 1464 1604 1676 1765 1827 2041
 2070 2143 2233 2587 2591 2643 2645 2649 2934 2997 3142 3211 3215 3223
 3278 3423 3516 3576 3656 3788 4071 4130 4193 6686 6828 6911]",0.2745021864335024
"[ 478  909  957  971 1048 1180 1266 1398 1533 1547 1603 1621 1675 1747
 2027 2050 2098 2255 2576 2585 2615 2666 2719 2760 2761 2831 2927 3070
 3232 3370 3377 3434 3645 3668 3719 3793 4346 5985 6325 6690]",0.27915702793375746
"[ 524  533  555  666  688  946  984 1258 1670 1692 1816 1834 1878 1938
 2011 2043 2187 2216 2503 2578 2608 2655 2758 2796 3163 3286 3291 3602
 3795 3816 3852 3881 3882 3990 4002 4132 6471 6906 6907 7465]",0.3069611286085733
"[ 379  697  762  836  890  914  986 1125 1320 1376 1397 1515 1592 1678
 1941 2142 2210 2365 2428 2434 2593 2683 2685 2759 2797 3071 3159 3236
 3319 3427 3442 3573 3663 3849 3937 4203 4497 5834 6404 6540]",0.3050051069198335
"[ 477  486  521  589  619  738  767  823  835  909 1248 1397 1593 1757
 1763 1785 1882 1968 2082 2101 2185 2254 2592 2662 2670 2718 2831 3086
 3093 3238 3283 3785 3882 4202 4641 4782 6545 6548 6611 6975]",0.3086927278629803
"[ 597  690  953 1189 1337 1380 1463 1514 1525 1764 1821 1836 1905 2011
 2023 2047 2082 2219 2285 2439 2586 2617 2657 2759 2868 2950 3000 3232
 3305 3793 3849 3919 3988 4023 4508 4713 6476 6552 6896 7402]",0.2853035986512369
"[ 200  586  732  910 1033 1040 1185 1321 1379 1584 1598 1672 1761 1939
 1956 2172 2220 2294 2520 2572 2590 2724 2760 2763 2790 2798 3019 3023
 3213 3224 3355 3583 3778 3792 4069 4076 4201 5132 6767 6903]",0.3028768600685153
"[ 129  448  662  666  820  961  972 1043 1123 1184 1589 1663 1822 1877
 1948 2009 2046 2187 2373 2396 2447 2570 2586 2714 2792 3027 3071 3095
 3142 3155 3352 3512 4145 6259 6689 6759 6910 6979 6980 7469]",0.29025483966448035
"[ 518  519  592  598  599  739  823 1469 1527 1666 1877 1896 2084 2168
 2237 2399 2571 2649 2804 3213 3385 3425 3449 3450 3587 3599 3638 3741
 3871 4064 4133 6044 6335 6400 6541 6763 7042 7113 7190 7465]",0.28762003025595356
"[ 339  554  620 1032 1241 1686 1733 1836 1856 1936 2007 2027 2039 2168
 2583 2639 2653 2715 2719 2940 2973 3169 3231 3424 3498 3665 3873 3876
 3955 4079 4203 6541 6610 6764 6838 6905 6906 7107 7108 7110]",0.3003760734285062
"[ 337  760  840  979 1051 1125 1444 1618 1662 1897 2028 2048 2091 2114
 2245 2285 2504 2574 2651 2730 2792 2854 2951 3086 3087 3142 3226 3291
 3433 3434 3795 3865 3934 3948 4009 6397 6693 6836 6894 7051]",0.29276399557843047
"[ 128  733  808  838  966 1126 1472 1517 1734 2000 2049 2122 2162 2215
 2232 2233 2327 2353 2357 2494 2517 2581 2641 2696 2718 2901 2935 3140
 3433 3503 3522 3584 3586 3924 3955 4000 4289 6335 6831 7465]",0.3074042555600365
"[ 416  599  809  954 1030 1110 1118 1121 1182 1324 1760 1814 1877 1927
 2041 2044 2067 2082 2095 2111 2163 2218 2303 2360 2444 2515 2899 3016
 3151 3439 3661 3875 3938 3995 4060 6185 6403 6546 7190 7251]",0.2946133041918946
"[ 523  738  883 1101 1519 1522 1545 1547 1604 1663 1686 1735 1827 2044
 2260 2311 2355 2643 2714 2727 2762 2802 2861 2870 2997 3089 3150 3292
 3370 3497 3597 3787 3881 4225 4432 6258 6473 7046 7112 7327]",0.2933063273999511
"[ 176  237  521  738  739  740  953  978 1031 1110 1317 1328 1663 1758
 1762 1828 1855 1925 1941 2113 2211 2397 2450 2717 2744 2785 3007 3008
 3078 3228 3593 3595 3944 3954 4288 5834 6617 6759 6832 7185]",0.29371863494384687
"[ 451  911  955 1237 1245 1397 1457 1815 1907 1939 1971 1976 2029 2083
 2092 2099 2145 2577 2592 2792 2973 3140 3217 3287 3308 3446 3572 3716
 3742 3799 3801 3802 3804 4064 4418 4643 6479 6619 6689 6983]",0.3047329958156176
"[ 550  819  890 1109 1304 1443 1533 1543 1667 1756 1999 2010 2029 2075
 2181 2185 2397 2446 2502 2507 2511 2599 2621 2709 2816 3083 3094 3226
 3231 3591 3669 3727 4064 4287 6185 6191 7051 7465 7466 7469]",0.2981678341351085
"[ 128  409  521  660 1051 1475 1587 1734 1806 1899 1952 1958 2156 2363
 2425 2474 2696 2734 2788 2790 2948 2997 3013 3149 3426 3502 3582 3652
 3738 4005 4706 6187 6190 6477 6833 6979 6982 7044 7121 7400]",0.2961540626770253
"[ 199  522  692  740  834 1182 1238 1532 1887 2048 2079 2098 2242 2425
 2437 2441 2508 2584 2640 2692 2797 3070 3086 3151 3304 3428 3495 3517
 3571 3661 3675 4004 4072 4135 4202 6044 6117 6619 6690 6834]",0.31209176171552255
"[1034 1174 1243 1450 1661 1677 1683 1740 1931 2010 2151 2219 2306 2331
 2376 2499 2501 2507 2663 2854 2953 3078 3094 3165 3351 3362 3572 3647
 3666 4061 4076 4149 4275 4440 4641 5762 5975 6188 6254 6257]",0.2725172689297302
"[ 550  626  664 1039 1243 1255 1256 1665 1744 1785 1887 1925 2040 2112
 2119 2139 2364 2397 2592 2593 2646 2660 2716 3019 3024 3137 3212 3235
 3589 3590 3591 3596 4004 4135 6331 6404 6693 6752 6829 6907]",0.29469987308139267
"[ 482  523  890 1104 1109 1382 1903 1907 1968 2047 2050 2283 2366 2503
 2515 2573 2622 2667 2685 2726 2794 2945 3001 3090 3239 3356 3501 3568
 3658 3718 3721 3993 4060 4275 6329 6477 6550 6836 7328 7469]",0.3179124401457259
"[ 618  689  885  910 1032 1054 1123 1401 1404 2002 2039 2079 2152 2248
 2333 2447 2577 2656 2658 2664 2712 2758 2865 2973 3006 3458 3492 3494
 3511 3522 3647 3726 3804 3992 4059 4641 6193 7037 7042 7048]",0.29821085167310785
"[ 482  693  694  962 1052 1117 1122 1461 1899 1910 2116 2152 2170 2227
 2429 2449 2468 2506 2672 2759 2764 3010 3017 3076 3286 3444 3583 3601
 3670 3731 3736 4130 4217 5762 5832 6259 6547 6762 6836 7113]",0.3230826424474133
"[ 416  621  662  768  812  957  973 1033 1112 1473 1609 1733 1738 1766
 1827 1880 1893 2080 2122 2144 2214 2257 2905 2998 3026 3088 3238 3288
 3442 3642 3730 3816 3884 4007 4061 4367 5836 6329 6980 7401]",0.31872821266151224
"[ 409  545  809  829  834  886 1231 1234 1378 1468 1516 1735 1738 1886
 1976 2139 2169 2215 2289 2396 2568 2618 2619 2800 2854 2936 2971 3006
 3166 3450 3451 3722 3789 3790 3921 4193 6185 6690 6837 7184]",0.32916558212319
"[ 666  887  971  979 1024 1181 1232 1462 1526 1810 1870 1902 1907 1955
 1969 2087 2114 2428 2640 2642 2662 2725 3353 3441 3442 3584 3725 3741
 3920 3933 4060 4144 4289 4850 5546 6257 6263 7257 7325 7469]",0.29793241965085193
"[ 309  456  521  595  693  821  822  891 1123 1542 1827 1838 1907 1941
 1970 2017 2111 2140 2184 2211 2243 2295 2376 2570 2744 2880 2925 3071
 3162 3164 3719 3877 3885 3936 4059 6189 6334 6610 6760 6971]",0.305676048506935
"[ 663  761  819  977 1173 1188 1523 1745 1836 1900 1979 2049 2112 2325
 2355 2430 2465 2570 2783 2793 2876 3094 3142 3158 3294 3311 3383 3587
 3656 3671 3746 4345 6119 6612 6688 6763 6767 6768 6971 7398]",0.31670683370772224
"[ 269  340  409  674  812  911  980 1042 1396 1906 1958 2186 2224 2290
 2367 2427 2468 2515 2733 2863 2871 2957 3090 3237 3512 3590 3600 3669
 3931 4075 4709 6045 6259 6329 6544 6619 6681 6830 6837 7326]",0.3238042176989519
"[ 659  690 1048 1185 1247 1687 1749 1908 2037 2041 2049 2101 2145 2151
 2166 2172 2308 2434 2569 2589 2593 2708 2806 2871 3076 3087 3165 3280
 3281 3361 3502 3653 3661 3848 4150 4287 4424 6329 6404 7040]",0.30724660578965907
"[ 416  690  691  749  892 1124 1183 1328 1391 1546 1664 1809 1811 1951
 2164 2442 2521 2637 2828 2899 2936 2937 2994 3024 3029 3076 3380 3516
 3863 4084 4150 4219 4275 4711 6763 6830 7114 7193 7258 7400]",0.28570833002083823
"[ 520  594  912  960 1120 1124 1125 1187 1243 1258 1461 1760 1804 1950
 1976 1997 2039 2051 2122 2141 2172 2313 2450 2513 2647 2688 2690 2879
 3285 3644 4991 6543 6613 6618 6831 6833 6907 7054 7180 7258]",0.29048490205022964
"[ 764  908  910  961 1174 1304 1320 1476 1673 1687 1755 1815 1833 1877
 1890 1949 1955 2019 2072 2244 2360 2369 2688 2736 2780 2859 3310 3511
 3671 3746 3882 3952 4202 4497 4781 5977 6471 6833 7196 7328]",0.26936364593641743
"[ 474  656  740 1052 1091 1124 1178 1309 1337 1373 1765 1827 1955 1977
 2111 2172 2445 2693 2792 2801 2807 2935 2945 3006 3091 3140 3154 3363
 3379 3581 3583 3709 3795 3816 3864 3920 4145 4440 6333 6334]",0.2838411692782208
"[ 450  544  589  732  893  971 1093 1458 1608 1758 2093 2223 2260 2303
 2308 2428 2449 2592 2750 2806 2886 2949 3026 3140 3147 3148 3583 3655
 3720 3737 3873 6326 6469 6548 6620 6621 6760 6904 7399 7471]",0.2758098920284125
"[ 408  547  553  764 1050 1106 1109 1322 1326 1735 1764 1879 1959 1973
 2101 2185 2212 2237 2243 2354 2398 2512 2647 2826 2937 2944 3078 3216
 3293 3532 3602 3603 3639 4005 4009 4060 4275 4715 6118 7053]",0.2943771412741241
"[ 546  664  892  962  974 1118 1173 1313 1318 1326 1327 1405 1476 1591
 1664 2032 2175 2188 2518 2639 2655 2827 3018 3078 3094 3096 3219 3300
 3306 3503 3645 3705 3742 3991 4304 4365 6759 6971 6981 6982]",0.29306544882597163
"[ 198  410  817  901  967  982 1307 1518 1618 1739 1881 1961 2004 2167
 2283 2313 2584 2639 2682 2899 2935 2944 3146 3158 3280 3351 3355 3448
 3809 3865 4149 4215 4503 4712 4991 5832 6047 6329 7325 7326]",0.2864803512739315
"[ 337  416  619  759  873  886 1049 1103 1104 1517 1544 1754 1883 1925
 2029 2145 2212 2218 2306 2592 2665 2830 2865 2868 2904 3357 3515 3526
 3565 3593 3666 3742 3793 3817 3937 4497 6403 6766 7107 7397]",0.3016853159718497
"[ 519  663  821  908  953  964 1127 1172 1234 1733 1734 1880 2046 2112
 2213 2375 2434 2578 2686 2762 2898 3021 3098 3229 3356 3358 3446 3644
 3706 3725 3932 4145 4359 4568 6188 6397 6544 6691 7118 7183]",0.32312326488278253
"[ 809  904 1113 1396 1400 1448 1517 1583 1584 1594 1948 2048 2088 2184
 2195 2224 2235 2308 2499 2638 2657 2713 2759 2800 3023 3076 3220 3574
 3716 3733 3885 3992 4006 4202 4273 6187 6620 6621 7113 7475]",0.30175891292102386
"[ 451  529  591  672  911  981 1033 1119 1172 1592 1620 1759 2011 2119
 2183 2225 2239 2326 2468 2637 2664 2716 2826 2873 3168 3214 3289 3424
 3573 3598 3952 4144 4360 4711 6194 6763 6897 6903 6970 7119]",0.29905774859360434
"[ 475  676  888  909 1119 1196 1325 1463 1513 1615 1680 1871 1944 1952
 2009 2254 2379 2504 2642 2724 2793 2943 2945 2950 2955 3006 3018 3026
 3223 3278 3443 3850 3920 4076 4077 4144 6474 7046 7050 7112]",0.287496555598769
"[ 267  341  624  664  668  701  747  812  981 1027 1045 1193 1234 1400
 1683 1813 2048 2148 2153 2311 2450 2549 2646 2711 2941 3093 3139 3140
 3354 3391 3450 3707 3792 3851 3886 4143 6188 6400 7124 7187]",0.3042808038007405
"[ 457  480  619  669  700 1044 1165 1472 1676 1738 1751 1883 1910 2303
 2448 2587 2832 2854 2933 3084 3154 3217 3280 3426 3447 3520 3591 3604
 3674 3882 3917 3921 4001 4059 4345 4703 6474 6686 7254 7259]",0.28875766006403225
"[ 380  483  546  592  805  886 1028 1235 1305 1728 2038 2218 2243 2292
 2397 2499 2643 2729 2796 2950 3069 3214 3226 3233 3297 3376 3509 3740
 3799 3867 3995 4075 6116 6327 6616 6622 6695 6903 7257 7399]",0.2977944628765051
"[ 659  748 1024 1036 1052 1090 1100 1123 1519 1533 1747 1928 2095 2101
 2110 2189 2239 2313 2381 2512 2621 2755 2797 2871 2873 2943 3070 3650
 3705 3709 3790 3873 4095 4230 4642 6119 6610 6838 7113 7186]",0.2880103352342512
"[ 623  689  762  875 1122 1241 1257 1302 1602 1681 1814 1864 2044 2111
 2170 2522 2898 2924 3001 3085 3091 3364 3570 3574 3671 3704 3792 3943
 4218 6044 6120 6332 6474 6685 6751 6761 6906 6983 7054 7255]",0.3067563530435098
"[ 128  597  765  813  835 1334 1387 1531 1592 1733 1736 1751 1827 2169
 2213 2315 2386 2453 2458 2507 2685 2998 3015 3023 3097 3143 3159 3167
 3284 3377 3502 3572 3581 3598 3664 3719 3885 3920 4005 4218]",0.2786827855424912
"[ 590  658  672  835 1026 1178 1252 1471 1664 1729 1738 1964 2118 2145
 2151 2221 2234 2294 2449 2576 2607 2646 2662 2878 3212 3225 3240 3280
 3382 3494 3573 3585 3653 4706 5546 7184 7196 7255 7321 7465]",0.27408932681931836
"[ 448  692  771  972  978 1373 1618 1814 1996 2101 2119 2171 2215 2546
 2641 2661 2685 2825 2863 2866 2872 3229 3239 3313 3356 3381 3651 3655
 3675 3989 4005 4081 4146 4218 4358 5062 5762 6045 6398 6690]",0.2968785274335894
"[ 198  248  522  592  732  808  889 1120 1327 1742 1827 2072 2119 2121
 2253 2285 2305 2356 2455 2732 2786 2819 2866 2945 2949 3082 3143 3222
 3370 3789 3795 3866 3920 3930 4338 4703 6256 6549 6898 6975]",0.29735493962069054
"[ 341  694  911 1196 1307 1325 1445 1446 1939 2107 2256 2522 2524 2589
 2625 2654 2720 3081 3092 3294 3302 3356 3509 3510 3571 3605 3787 3812
 3859 3921 5974 6407 6540 6542 6760 6764 6907 7119 7179 7185]",0.2851325194653298
"[ 623  668  672  689  882 1323 1379 1615 1694 1937 1960 2226 2297 2408
 2592 2618 2646 2727 2831 2865 2931 3001 3164 3229 3281 3306 3370 3375
 3435 3646 3918 4420 4433 5062 5132 6258 6696 6768 6837 7465]",0.28990007084444025
"[ 341  590  749  764  825  881  907 1053 1233 1318 1404 1756 1875 1886
 1905 2090 2169 2301 2504 2658 2689 2780 2825 2949 3071 3075 3086 3503
 3584 3600 3646 3664 3731 3786 4133 4709 7196 7322 7324 7398]",0.3197142641321443
"[ 446  521  761  815 1022 1051 1174 1258 1375 1583 1602 1608 1614 1759
 1821 1879 1906 2174 2255 2365 2448 2520 2577 2730 2800 2876 3214 3308
 3380 3443 3451 3452 3522 3665 3735 3797 4062 4225 6837 6906]",0.2827012560097146
"[ 457  630  657  697  813 1104 1122 1184 1185 1537 1809 1900 2212 2234
 2243 2285 2377 2431 2439 2620 2712 2727 2803 2825 3021 3158 3278 3289
 3376 3428 3443 3593 3599 3716 3745 4074 4204 4215 4706 6764]",0.3074799976682524
"[ 734  742 1182 1334 1404 1600 1735 1758 1877 1879 1927 1930 2008 2100
 2141 2160 2313 2451 2653 2691 2785 2832 2858 3024 3071 3094 3145 3300
 3505 3517 3523 3732 3739 4167 4287 4922 6339 6762 6900 7045]",0.2887677343526602
"[ 376  411  677  739 1100 1172 1233 1458 1472 1534 2253 2256 2309 2325
 2451 2594 2642 2721 2808 2897 2948 3025 3096 3160 3229 3372 3426 3518
 3565 3601 3665 3670 3727 3736 3882 4004 4007 4229 6186 7038]",0.26111758762122633
"[ 198  309  623  761  907 1048 1756 1764 1819 1951 2254 2429 2448 2725
 2788 2899 2938 2949 3142 3147 3233 3352 3377 3421 3438 3440 3448 3593
 3663 3729 3918 3921 4129 4218 6476 6618 6687 6690 7043 7324]",0.3037401395272739
"[ 128  379  387  549  618  660  734  964 1026 1112 1261 1265 1662 1763
 1962 1999 2051 2113 2211 2576 2660 2733 3004 3090 3224 3233 3286 3519
 3814 3859 3884 4081 4144 4440 6625 6683 6760 6905 6908 7052]",0.3122820946472141
"[ 550 1035 1050 1191 1243 1750 1818 1950 1976 2002 2023 2090 2097 2224
 2362 2376 2458 2504 2571 2585 2622 2721 2877 2933 3080 3320 3442 3854
 3934 4077 4218 6046 6335 6395 6402 6840 6982 7182 7255 7397]",0.28355596695143626
"[ 129  306  520  896 1126 1304 1396 1461 1591 1614 1667 1821 1975 1998
 2041 2183 2384 2397 2441 2546 2738 2896 2939 3039 3080 3140 3146 3148
 3308 3363 3422 3444 3655 3666 3777 4134 4575 6902 7183 7256]",0.27985252230577207
"[ 451  483  600  617  694  695  884  958  960 1039 1584 1949 1962 2120
 2290 2569 2580 2639 2644 2665 2866 3017 3164 3440 3510 3586 3589 3801
 3881 3944 3956 3993 4710 6190 6334 6473 6680 6837 6975 7045]",0.29539322035722615
"[ 659  737  739  744 1172 1376 1458 1539 1669 1805 2012 2050 2069 2139
 2160 2163 2226 2359 2518 2588 2645 2688 2722 2724 2730 3008 3283 3430
 3441 3459 3509 3584 4072 4078 4142 4157 6114 6119 6476 7050]",0.27765009590212414
"[ 244  413  593  844  952 1017 1673 1803 1833 1898 1969 2036 2100 2295
 2494 2709 2758 2784 2787 2794 2864 3082 3111 3163 3222 3238 3280 3381
 3457 3494 3496 3728 4134 4136 4304 4782 4992 6256 6623 6894]",0.2507597692376437
"[ 308  340  416  592  618  682  885  961 1517 1547 1766 1886 1975 1976
 2041 2067 2074 2095 2115 2325 2326 2428 2464 2524 2713 2726 2756 2928
 3007 3097 3289 3305 3577 3656 4229 6692 6905 6976 6980 7187]",0.29558360437523334
"[ 452  555  590  657  742  811  963  978 1172 1303 1401 1516 1588 1755
 1910 1958 1976 2112 2161 2217 2233 2427 2573 2650 2692 2733 2754 2867
 2870 2946 3241 3576 3802 3808 3940 4711 6476 7115 7180 7327]",0.30806809018658604
"[ 416  620  659  953 1168 1317 1389 1448 1547 1766 2032 2068 2099 2254
 2285 2330 2357 2691 2719 2902 3215 3353 3357 3377 3433 3585 3598 3603
 3776 3778 3798 3950 4063 4215 5062 6624 6687 6976 7324 7402]",0.30724351543465683
"[ 547  590  620  982 1052 1123 1127 1397 1605 1734 1745 1813 1883 1897
 1941 2048 2121 2234 2285 2397 2505 2640 2654 2758 2828 2830 2897 2968
 3087 3142 3213 3363 3584 3647 3671 4059 4219 6548 7397 7404]",0.30719905187975655
"[ 588  600  822  957 1042 1055 1106 1124 1265 1324 1377 1520 1887 1898
 1951 2002 2048 2091 2287 2292 2427 2756 2795 2803 2826 2854 2957 3081
 3307 3375 3849 3991 3993 4288 5062 5201 6695 6827 7252 7398]",0.3213235984266252
"[ 271  450  589  766 1473 1516 1544 1603 1657 1975 2089 2243 2313 2324
 2432 2510 2511 2523 2653 2685 2690 2817 3007 3015 3076 3211 3370 3496
 3530 3590 3661 3922 3934 4002 4203 4217 6254 7184 7256 7471]",0.2771312601031261
"[ 271  341  693  740  741  871  981 1039 1656 1724 1870 1891 1996 2178
 2294 2431 2499 2508 2641 2645 2711 2899 2928 2930 3222 3492 3585 3644
 4129 4143 4219 4502 4779 5834 6195 6332 6613 6616 6902 6976]",0.26114547349285583
"[ 523  527  662  960 1034 1328 1607 1756 1867 1910 1975 2140 2236 2253
 2357 2451 2568 2593 2713 2795 2829 2955 3074 3231 3515 3596 3655 3741
 3814 3922 3989 4079 4782 6119 6333 6613 6834 7254 7325 7399]",0.30817494478099183
"[ 267  416  601  730  961 1029 1254 1597 1663 1671 1690 1904 2071 2097
 2141 2155 2305 2373 2432 2798 2830 2868 2971 3308 3358 3376 3424 3590
 3737 3740 3803 3804 3850 3873 3941 4148 4780 6334 6976 7053]",0.2901162324813704
"[ 661  829  833  882  973 1049 1111 1177 1247 1614 1764 1997 2071 2093
 2242 2378 2395 2515 2595 2640 2762 2828 2973 3026 3210 3300 3446 3516
 3792 3935 4000 4062 4146 4276 4279 6257 6328 7038 7041 7053]",0.30680772280835733
"[ 129  412  694  882  952  980 1378 1460 1587 1694 1806 1929 1966 2032
 2045 2124 2142 2167 2186 2213 2215 2304 2329 2330 2584 2724 2830 3000
 3141 3234 3278 3854 3923 3989 4076 4127 4147 4359 6624 7323]",0.2711164986963518
"[ 129  590  965 1189 1191 1397 1615 1762 1960 2025 2188 2259 2287 2321
 2437 2442 2591 2660 2665 2865 2901 2994 3161 3306 3307 3379 3511 3585
 3588 3634 3659 3662 3786 4002 4006 4143 5976 6121 6328 7052]",0.29110047075914464
"[ 411  453  752  874 1374 1386 1749 1800 1867 1977 2034 2093 2117 2188
 2293 2303 2404 2429 2446 2689 2728 2868 2902 3003 3009 3222 3306 3315
 3462 3502 3518 3564 3577 3719 3720 4022 5694 6193 7190 7254]",0.2852032325123348
"[ 340  952 1033 1318 1473 1804 1838 1882 1931 2291 2328 2358 2598 2688
 2723 2762 2903 3021 3073 3232 3233 3285 3373 3458 3503 3569 3660 3664
 3722 3795 4011 4060 4711 4782 6260 6690 6697 6903 6981 7196]",0.2942976254963108
"[ 270  414  883  886 1043 1102 1444 1534 1803 1906 1958 1975 2098 2359
 2586 2652 2696 2756 2935 3015 3020 3027 3091 3152 3162 3218 3291 3881
 3883 3932 3987 4216 4781 6044 6479 6686 6908 6967 7397 7469]",0.2891164922996746
"[ 598  689  962  978 1026 1051 1183 1391 1479 1601 1602 1662 1808 1829
 1838 2042 2188 2210 2218 2220 2226 2231 2296 2377 2381 2505 2660 2761
 3144 3220 3235 3571 3637 3860 3932 4417 6480 6685 6754 6971]",0.3015396170959152
"[ 314  410  549  660  688  690  765  822  906  983 1049 1322 1514 1764
 1905 1975 2212 2259 2361 2395 2474 2572 2649 2757 2795 2864 3079 3145
 3283 3450 3455 3505 3670 3707 3716 3726 4061 6470 6972 7256]",0.3024551134597091
"[ 199  550  732  820  892  956 1030 1031 1174 1190 1469 1880 2038 2070
 2072 2185 2186 2309 2440 2545 2758 2787 2943 2957 3371 3441 3505 3738
 3813 3921 4204 4440 6186 6329 6687 6766 6910 6972 7038 7116]",0.2987357266284676
"[ 908 1181 1301 1377 1525 1531 1547 1817 2027 2139 2144 2162 2514 2570
 2643 2647 2727 2797 2798 2873 2899 2927 2937 3018 3069 3084 3353 3379
 3449 3521 3584 3745 3804 3849 3945 4274 6474 6690 7119 7123]",0.2862804433260711
"[ 271  620  691  762  809 1045 1090 1546 1589 1664 1665 1827 1893 1968
 2023 2039 2213 2327 2521 2593 2663 2788 2801 2875 3070 3083 3170 3727
 3746 3864 3883 3931 4205 4710 6259 6615 6908 7256 7321 7396]",0.2970099854534956
"[ 590  591  822  961 1022 1115 1448 1462 1544 1586 1673 1732 1788 1957
 2010 2115 2156 2292 2399 2763 3077 3085 3092 3525 3573 3653 3670 3883
 3923 3992 4013 4066 4075 4218 4287 6546 6835 7039 7043 7254]",0.3046817288309106
"[ 662  835 1041 1121 1538 1617 1737 1751 1972 2019 2068 2146 2181 2284
 2291 2570 2582 2587 2717 2720 3145 3285 3374 3514 3657 3665 3674 3805
 3874 4074 4785 5975 6254 6256 6405 6473 6545 6757 6833 7327]",0.30282587348328804
"[ 450  618  689  821  962  982 1056 1101 1185 1518 1667 1804 2161 2290
 2357 2515 2568 2577 2586 2589 2593 2733 2832 2901 2925 3008 3070 3095
 3111 3159 3168 3224 3370 3380 3808 4144 4576 5546 6259 6901]",0.2953180828293145
"[ 548  677  758  962 1049 1110 1125 1539 1689 1744 1880 1949 1959 2294
 2353 2576 2578 2714 3078 3210 3216 3370 3501 3579 3727 3776 3851 3855
 3861 3882 6045 6191 6395 6761 6764 6766 6837 6971 7050 7112]",0.3063926870360725
"[ 677  689  817  908 1035 1162 1323 1444 1450 1668 1895 1899 1972 2042
 2142 2717 2794 2895 2931 3077 3100 3355 3391 3432 3464 3533 3661 3777
 3788 4709 6256 6397 6539 6614 6759 6830 6832 6909 7046 7187]",0.28763702820997755
"[ 602  838 1049 1328 1446 1538 1541 1550 1730 2001 2161 2182 2222 2575
 2577 2642 2730 2781 2833 2895 3026 3221 3282 3304 3530 3582 3667 3720
 3734 3737 3850 3869 3932 3954 4275 4706 4781 6903 7187 7393]",0.30128198500557146
"[ 376  378  764  970 1535 1691 1736 1750 2010 2083 2098 2164 2184 2287
 2296 2325 2799 3149 3160 3303 3305 3430 3497 3521 3577 3642 3707 3812
 3865 3937 3994 4063 4365 5546 6259 6695 6696 6758 7189 7469]",0.2990119731894809
"[ 520  880  905  961  982 1235 1254 1744 1820 1886 1978 1979 1998 2024
 2069 2113 2185 2397 2640 2691 2722 2947 3152 3175 3212 3307 3319 3428
 3595 3659 3733 3788 3850 3863 3934 4134 4203 6327 6395 6830]",0.3193120333681302
"[ 266 1092 1449 1529 1939 1961 2050 2190 2327 2364 2651 2720 2724 2738
 2758 2786 2935 3007 3013 3079 3081 3090 3239 3284 3441 3587 3598 3637
 3792 3843 4001 4346 4711 6332 6691 6981 7112 7252 7465 7467]",0.28318644882677063
"[ 553  622  753  911 1118 1162 1180 1447 1593 1596 1689 1887 1900 1951
 2020 2180 2292 2309 2325 2372 2618 2901 3024 3078 3086 3171 3239 3312
 3359 3524 3597 3654 3784 4004 4274 4431 6194 6258 6899 7394]",0.295849675702833
"[ 621  841 1115 1125 1172 1174 1176 1196 1399 1870 1970 2022 2049 2258
 2287 2507 2513 2654 2763 2797 2830 2930 3004 3142 3170 3229 3286 3426
 3451 3453 3505 3599 3850 5694 6186 6544 6838 6978 7044 7186]",0.32930978920846793
"[ 545  550  552  602  837  906 1103 1336 1611 1692 1838 1876 2072 2075
 2080 2115 2161 2170 2219 2324 2663 2726 2973 3151 3154 3370 3377 3496
 3576 3727 3874 3882 3918 3934 4131 4148 4193 4636 6189 7116]",0.30754323249150106
"[ 547  549  556  592  811  819  834  838  881 1266 1326 1587 1798 1880
 1889 1895 1976 2146 2190 2214 2231 2321 2577 2662 2729 2862 2951 3162
 3497 3639 3742 3989 4006 4193 4484 6125 6187 6478 6826 6979]",0.3085615755765278
"[ 453  522  620  813 1125 1519 1666 1684 1736 1808 2048 2051 2153 2283
 2331 2511 2521 2576 2653 2690 2764 2791 2947 3020 3144 3210 3299 3381
 3449 3514 3517 3571 3634 4060 4063 5201 6262 6758 7123 7255]",0.29319198317244727
"[ 128  129  592  740  891 1030 1531 1810 1856 1894 2095 2170 2192 2282
 2289 2425 2647 2688 2800 2826 2943 2955 3007 3009 3011 3026 3100 3136
 3160 3304 3600 3726 3885 3936 3955 4144 6254 6326 6906 7257]",0.288274447887717
"[ 270  389  480  593  674  909 1194 1395 1667 1675 1686 1750 2020 2111
 2165 2259 2426 2468 2502 2545 2808 2825 2864 3080 3230 3350 3422 3514
 3606 3732 3814 3936 4003 4213 4277 6406 6969 6982 7465 7469]",0.2920232420552718
"[ 595  659  767  891 1180 1185 1186 1195 1389 1401 1663 1694 1828 1883
 1997 2012 2093 2233 2427 2642 2925 2938 3074 3088 3092 3145 3147 3219
 3237 3377 3378 3500 3717 3740 3876 4439 6405 6469 6682 7189]",0.2984172855225666
"[ 547  588 1102 1123 1180 1232 1254 1260 1327 1459 1618 1688 1750 1825
 2073 2151 2232 2935 2947 3094 3099 3151 3312 3567 4007 4073 4193 4304
 4706 6048 6257 6403 6546 6768 6897 6905 7048 7050 7111 7465]",0.29135377615563973
"[ 338  667  690  692  697  802  812  911 1330 1372 1457 1530 1535 1591
 1668 1682 1763 2000 2025 2080 2214 2329 2436 2452 2574 2655 2725 2788
 3353 3510 3574 3589 3665 3669 3714 3882 4076 6327 6825 7113]",0.29943204122499373
"[ 414  523  912 1331 1337 1959 1975 1996 1997 2081 2124 2170 2220 2360
 2519 2547 2588 2824 2829 2831 2862 2949 3086 3152 3238 3354 3433 3672
 3708 3735 3778 3885 4069 4133 6186 6610 6686 6694 6758 6969]",0.30015161613791724
"[ 481  670  761  821 1234 1403 1663 1688 1805 1825 1887 1901 1976 2046
 2119 2374 2521 2858 2896 2899 3008 3015 3150 3217 3451 3719 3732 3791
 3797 3854 3934 3936 4504 6259 6326 6473 6625 6897 6979 6981]",0.3121009701212526
"[ 416  616  667  689  738 1048 1103 1260 1336 1513 1677 1744 1899 2018
 2051 2153 2222 2298 2357 2828 2896 2976 2994 3017 3164 3291 3506 3596
 3638 3739 3798 3843 3867 6547 6834 6910 6977 7040 7323 7328]",0.3226408706666929
"[ 380  906  946  983 1030 1250 1615 1906 1978 2070 2120 2144 2145 2147
 2151 2214 2233 2239 2452 2642 2761 2799 2939 3144 3164 3210 3233 3293
 3453 3496 3798 3862 3865 3955 4097 4148 4706 6829 6901 6908]",0.314384041544095
"[ 661 1101 1104 1109 1112 1309 1329 1448 1614 1810 1881 1885 2096 2143
 2231 2495 2690 2790 2804 2831 2968 3073 3075 3496 3520 3577 3742 3778
 3919 4078 4146 4202 4206 6187 6326 6971 7046 7260 7324 7398]",0.29642566402298853
"[ 176  549  881  906  982 1033 1180 1377 1534 1547 1588 1734 1805 1905
 1954 1979 2079 2103 2112 2214 2517 2576 2787 2829 2999 3168 3171 3651
 3793 4002 4133 4206 4208 4276 6118 6546 6616 6762 7116 7256]",0.3271537161678551
"[ 690  762  882  970 1115 1234 1265 1304 1397 1467 1587 1656 1821 1899
 1925 2163 2368 2469 2515 2571 2656 2661 2687 2927 2955 3350 3501 3592
 3867 4060 4064 4136 4359 4780 6114 6328 6831 6982 7187 7467]",0.3100615033170142
"[ 763  769  810  816  959  964 1095 1190 1583 1616 1690 1815 1828 1966
 2004 2041 2167 2303 2464 2617 2829 3008 3353 3424 3438 3495 3515 3648
 3664 3708 3868 3934 3992 3994 4062 4708 4714 6832 6970 7324]",0.2832332236142564
"[ 669 1054 1238 1673 1687 1907 1908 2002 2083 2143 2145 2223 2236 2287
 2302 2325 2376 2432 2664 2878 2899 3038 3079 3081 3164 3576 3583 3654
 3793 3802 3866 4139 4439 4922 5480 6399 6687 6830 7049 7259]",0.28586080871282654
"[ 377  592  660  744 1040 1115 1463 1522 2006 2230 2366 2517 2578 2643
 2656 2720 2722 2884 3079 3151 3211 3220 3233 3237 3306 3313 3372 3501
 3601 3668 3781 3859 3863 4058 6259 6398 7182 7186 7196 7465]",0.2816985417694884
"[ 338  389  836  891  911  956 1104 1315 1375 1458 1606 1929 2116 2298
 2587 2590 2793 2868 2881 2968 2971 3078 3163 3213 3234 3285 3425 3575
 3593 3638 3794 3931 3994 4709 4713 4714 5832 6328 6978 7043]",0.29872219480149187
"[ 623  693  910 1039 1055 1309 1369 1618 1665 1681 1799 1944 1953 2034
 2098 2142 2288 2295 2717 2902 2905 2933 2973 3017 3144 3283 3451 3497
 3512 3581 3646 3654 3988 4193 6402 6753 6768 6897 6904 7111]",0.3117319591540276
"[ 588  624  765  843 1031 1047 1235 1337 1468 1683 1751 1757 1810 1877
 1884 1906 1937 1960 1971 2044 2095 2139 2214 2450 2617 2831 3078 3166
 3376 3433 3518 3653 3881 4081 4218 5201 6327 6477 6751 7397]",0.3076526010057496
"[ 340  766 1102 1114 1164 1461 1537 1542 1544 1588 1907 2045 2095 2145
 2151 2215 2383 2407 2665 2905 3004 3009 3020 3086 3218 3453 3534 3590
 3593 3636 3642 3660 3672 3791 4204 4288 5975 6615 6759 7054]",0.3083180721777062
"[ 549  962 1054 1308 1531 1739 1785 1788 1817 1819 2013 2082 2114 2182
 2281 2616 2657 2684 2711 2757 2829 3001 3216 3280 3570 3670 3787 3883
 3919 3935 4003 4063 4098 4711 6115 6336 6548 6970 7048 7122]",0.29893617310531273
"[ 265  340  453  617  883  897 1102 1114 1193 1236 1666 1822 1894 2038
 2048 2143 2212 2215 2579 2642 2648 2657 2944 2954 2999 3069 3150 3310
 3503 3572 3671 3736 3858 4708 6125 6827 6975 7054 7261 7469]",0.29857082214970415
"[ 448  595  620  662  911 1108 1112 1115 1124 1194 1255 1323 1378 1396
 1716 1881 1957 2179 2265 2652 2729 2741 2830 2900 2925 3143 3162 3278
 3427 3577 3603 3777 4060 4074 6617 6620 6759 6979 7044 7112]",0.3051307621382902
"[ 667  673  691  908  984 1040 1103 1245 1448 1472 1519 1687 1756 1935
 1938 2038 2050 2068 2214 2287 2289 2376 2450 2727 2731 2762 3870 3934
 3956 3995 4132 4215 4432 5062 5132 5480 6473 6753 6835 7328]",0.29309191915078425
"[ 416  689  881  884  898  971 1021 1030 1051 1054 1318 1463 1729 1737
 2067 2117 2223 2256 2286 2304 2322 2408 2465 2514 2515 2761 2824 3280
 3352 3737 3817 3862 3875 3922 3954 5835 6120 6252 6761 7397]",0.2973725225197589
"[ 339  763 1052 1122 1125 1253 1312 1402 1517 1761 1856 1875 1877 1878
 1998 2146 2150 2221 2303 2368 2447 2591 2688 2790 2934 2973 3094 3111
 3304 3513 3582 3658 6048 6327 6472 6476 6624 6828 7465 7469]",0.27981804129946847
"[ 662 1121 1194 1445 1592 1814 2019 2022 2098 2154 2213 2298 2304 2356
 2583 2756 2950 3014 3091 3142 3284 3392 3442 3567 3580 3589 3674 3732
 3742 3785 3863 4005 4073 4142 4146 4343 6261 6903 6978 7255]",0.2788406675451429
"[ 342  410  664  691  732 1028 1101 1254 1527 1619 1663 1688 2050 2081
 2169 2584 2594 2687 2760 2881 2971 3067 3244 3377 3721 3778 3798 3885
 3987 3994 4361 6045 6469 6620 6686 6828 6836 6903 7111 7116]",0.31879820400277414
"[ 309  338  445  590 1102 1109 1185 1373 1518 1533 1734 1813 1875 1970
 1974 1998 2028 2092 2154 2226 2513 2515 2574 2924 2956 3151 3214 3850
 3924 3994 6615 6688 6837 6900 6978 7052 7183 7184 7252 7261]",0.2906537553555811
"[ 522  840  943 1104 1127 1183 1373 1519 1529 1684 1744 1746 1750 1757
 1880 1887 2074 2108 2142 2164 2256 2359 2385 2401 2641 2736 2795 2863
 2869 2949 3292 3354 3377 3581 3804 3864 3994 4291 4497 6118]",0.2863674241230535
"[ 458 1033 1253 1471 1515 1545 1749 1764 1880 1902 1904 1948 1970 2045
 2073 2124 2233 2291 2337 2378 2398 2469 2503 2569 2583 2587 2658 2709
 2720 2786 2801 2973 2999 3171 3511 3594 4133 4134 4304 7191]",0.25940284368538047
"[ 592  598  676  813  816  840 1121 1125 1232 1447 1617 1667 1903 1958
 2121 2164 2186 2238 2588 2643 2692 2759 2761 3075 3235 3440 3443 3646
 3812 3861 3920 3991 4009 4062 4222 4703 4711 5546 7036 7465]",0.28251012818129845
"[ 522  600  661  752  822  891  909 1026 1047 1186 1377 1468 1664 1814
 1905 2428 2731 2804 2937 2953 3005 3072 3159 3226 3370 3382 3444 3523
 3709 3711 3746 3787 4060 4157 4708 4709 6758 7054 7121 7257]",0.2904877790719769
"[ 694  811  836  970 1025 1031 1047 1121 1542 1827 1879 2011 2069 2160
 2365 2593 2662 2721 2866 3015 3024 3094 3110 3226 3301 3365 3504 3513
 3646 3662 3717 3733 4132 4568 5974 6398 6760 7117 7193 7255]",0.2867517732374813
"[ 341  656  771  962 1185 1187 1522 1808 1835 1905 1944 2040 2161 2426
 2615 2616 2644 2657 2721 2727 2854 2898 3080 3087 3091 3425 3426 3497
 3580 3675 3778 3788 3919 3920 4076 5832 6334 6395 7257 7397]",0.2885018436386917
"[ 659 1105 1238 1305 1467 1515 1673 1691 1734 1928 1969 2025 2050 2117
 2153 2185 2242 2258 2293 2358 2404 2424 2506 2736 2874 3013 3087 3089
 3210 3216 3671 3733 3863 3920 3992 4205 4217 4275 6261 7046]",0.30106960218364054
"[ 409  519  671  699  751  835  984 1029 1048 1161 1195 1321 1378 1469
 1677 2105 2121 2258 2427 2457 2590 2720 2752 2803 3008 3009 3070 3074
 3090 3158 3211 3216 3291 3298 3431 3503 3575 3730 4276 5201]",0.27632029600404495
"[ 660 1187 1403 1450 1687 1692 1724 1762 1765 1927 1928 2009 2024 2041
 2070 2375 2433 2615 2934 3090 3145 3168 3216 3307 3371 3379 3427 3433
 3501 3575 3648 3661 3665 3741 4063 4276 6187 6619 6829 7253]",0.29103194251783177
"[ 198  341  383  619  960 1517 1541 1544 1684 1749 1823 1897 1904 1905
 1980 2520 2687 2689 2941 2943 2951 2971 3015 3090 3092 3287 3356 3647
 3653 3938 4058 6256 6616 6685 6767 6973 7043 7112 7116 7256]",0.2795079310451901
"[ 307  883  974 1052 1113 1196 1378 1453 1906 2050 2081 2148 2158 2257
 2518 2617 2713 2796 2944 2947 2951 3000 3026 3292 3449 3581 3651 3746
 3802 4131 4705 4784 6046 6185 6621 7039 7112 7258 7328 7396]",0.29708015067658056
"[ 617  753 1115 1591 1602 1724 1741 1804 1834 1906 1960 1962 1975 1979
 2088 2172 2366 2374 2502 2504 2505 2508 2656 2794 2827 2854 2866 2879
 2976 3310 3497 3529 3671 3924 4215 4218 6479 6616 7039 7187]",0.2756709926121477
"[ 128  271  448 1025 1044 1100 1124 1252 1319 1404 1536 1608 1785 1945
 1977 2004 2027 2068 2112 2142 2189 2221 2435 2515 2642 2720 2936 2939
 2968 2976 3016 3081 3209 3369 3441 3719 4641 6333 6759 7257]",0.3114399927642444
"[ 176  335  741  907 1101 1120 1375 1726 1972 1999 2141 2143 2144 2218
 2381 2505 2519 2620 2690 2719 2794 2870 2947 2973 3017 3155 3353 3587
 3589 3671 3803 3939 4555 4709 6184 6765 6912 7043 7054 7256]",0.29091356509384053
"[ 447  591  761  901  962 1106 1196 1815 1832 1901 2042 2145 2286 2325
 2398 2618 2659 2786 2857 3015 3068 3216 3299 3605 3660 3670 3709 3778
 3876 3995 4268 4703 4710 4777 6120 6397 6690 6832 6912 7037]",0.28812771625118694
"[ 595  666  693  821 1029 1114 1117 1601 1692 1756 1975 2046 2144 2183
 2285 2329 2580 2583 2647 2715 2786 3088 3146 3293 3637 3736 3850 3855
 3993 4061 4145 5694 6043 6190 6397 6617 6908 6980 7117 7400]",0.29325532922470576
"[ 596  659  811  812  908  976 1459 1517 1615 1661 1662 1676 1682 1830
 2095 2213 2215 2237 2310 2449 2720 2725 2950 3090 3164 3171 3299 3449
 3599 3717 4068 4079 4138 4504 6190 6191 6832 7115 7183 7397]",0.2839921337774198
"[ 912 1255 1621 2223 2226 2233 2426 2436 2544 2643 2809 3077 3096 3308
 3354 3374 3453 3512 3637 3644 3655 3671 3723 3861 3871 3920 4289 4706
 4781 6614 6688 6758 6760 6762 6766 6971 6980 7045 7047 7328]",0.27816208157148015
"[ 811 1103 1471 1586 1870 1873 1910 1970 2006 2309 2365 2429 2590 2666
 2690 2692 2716 2793 2828 2866 2946 3023 3071 3087 3167 3379 3442 3461
 3495 3511 3653 3715 3849 3882 3885 4150 6260 6756 6837 7044]",0.29841789662378787
"[ 731  839  892  898  906 1390 1594 1726 1766 1827 1833 1836 1878 2072
 2084 2111 2116 2144 2183 2255 2642 2658 2762 2995 3014 3097 3213 3281
 3510 3671 3746 3776 3934 4276 6258 6477 6695 6832 7187 7397]",0.324439334174932
"[ 341  521 1240 1473 1664 1857 1882 1893 1900 1927 1968 1980 2022 2144
 2169 2330 2617 2682 2722 2825 2873 3022 3149 3218 3238 3919 3954 4094
 4220 4357 4711 4712 5546 6471 6620 6904 7184 7186 7187 7321]",0.27622548525287816
"[ 176  523  551  621  738  748  761  803  812  832  953 1327 1395 1533
 1806 2109 2150 2165 2171 2237 2428 2589 2711 3067 3081 3156 3380 3453
 3512 3631 3861 4002 4066 4206 4705 5974 6188 6471 6539 6910]",0.2900954250741234
"[ 342  522  623  764 1029 1048 1107 1127 1196 1329 1584 1591 1677 1815
 1855 1969 2117 2217 2237 2523 2760 2763 2833 2869 3095 3165 3168 3169
 3445 3519 3592 3603 3661 3995 4063 4136 6048 6196 6324 6610]",0.2787139724760333
"[ 478  524  597  599  620  761  811 1094 1101 1109 1738 1766 1910 2084
 2140 2247 2288 2290 2325 2580 2999 3017 3070 3088 3161 3453 3601 3662
 3727 3742 3811 4208 4343 4504 4640 6257 6332 6546 7050 7465]",0.2795805094382804
"[ 824  884  956 1098 1124 1516 1821 1856 1905 2025 2092 2161 2232 2356
 2497 2665 2691 2728 2757 3027 3076 3144 3441 3499 3517 3794 3798 3885
 4275 4568 4636 4785 4850 6117 6256 6620 6688 6828 6967 7324]",0.30924625954769347
"[ 601  661  761  810  841  893  960 1050 1103 1196 1514 1733 1874 1953
 2047 2070 2142 2218 2221 2228 2304 2330 2567 2883 3005 3076 3086 3146
 3208 3211 3214 3423 3570 3717 4136 6189 6397 6617 6766 6835]",0.30108624841895426
"[ 200  475  672  758 1051 1314 1401 1449 1473 1672 1749 2012 2096 2111
 2144 2428 2430 2447 2502 2522 2545 2713 2788 2801 3233 3239 3291 3307
 4010 4136 4150 4215 4711 5333 6047 6544 7110 7112 7123 7258]",0.3077433237854039
"[ 342  689  738  764  886  983 1118 1756 1757 1891 1940 2010 2100 2170
 2253 2425 2571 2572 2897 2936 3279 3290 3430 3452 3657 3736 3796 3800
 3803 3946 4007 4144 4167 6121 6256 6757 6975 6981 7260 7393]",0.2892126145296944
"[ 412  883  884  953 1126 1179 1194 1685 1875 1896 1904 1955 1958 2045
 2155 2156 2373 2397 2642 2658 2715 2781 2976 3007 3073 3075 3220 3366
 3446 3509 3670 3732 4433 6186 6474 6623 6751 7042 7119 7185]",0.2926187571372977
"[ 472  545  751  765  806  822  884  972 1398 1619 1737 2073 2150 2152
 2326 2376 2575 2591 2647 2649 2651 2867 2900 2904 3072 3075 3078 3352
 3505 3666 3959 4004 4063 4149 6117 6910 6977 7187 7254 7397]",0.3107928841016306
"[ 410  591  619  735  893  980 1043 1326 1457 1598 1880 1905 1927 1929
 2067 2142 2214 2257 2566 2595 2646 2732 2752 2932 2973 3017 3350 3380
 3382 3516 3659 3780 3850 3994 4144 4215 4218 6622 6689 7254]",0.3012880394274171
"[ 480  663  744  821  824  955  975  976 1043 1044 1616 1667 1743 2028
 2079 2220 2352 2434 2522 2618 2655 2721 2761 2824 2871 3072 3211 3289
 3314 3354 3448 3528 3586 3662 3746 4440 4555 6965 7183 7466]",0.2907233082406865
"[ 460  527  553 1041 1114 1533 1592 1664 1741 1829 1879 1881 1955 2026
 2181 2287 2397 2398 2572 2583 2608 2798 2867 2904 2953 3038 3212 3214
 3601 3706 3787 3986 4005 4193 4217 4574 4640 6114 6258 7051]",0.25527718806454913
"[ 451  761  819  881 1029 1121 1123 1180 1194 1605 1749 1812 1880 2114
 2188 2292 2424 2593 2608 2648 2656 2686 2693 2711 2798 2799 2942 3088
 3280 3315 3513 3514 3675 3726 3848 3869 4000 6544 6834 7254]",0.31129602656492855
"[ 739 1163 1266 1402 1450 1759 1806 1818 1905 1955 2041 2112 2171 2381
 2424 2581 2590 2682 2762 2864 2898 2899 2971 2973 3212 3369 3567 3572
 3637 3706 3744 3817 3851 4059 4271 4366 4849 6046 6190 6980]",0.2679081849354764
"[ 621  662  740  763  764  979 1106 1401 1514 1528 1692 1726 1762 1807
 1808 1957 2099 2164 2291 2367 2515 2943 2951 3072 3097 3290 3431 3437
 3604 3651 3717 3729 3854 4217 5062 6685 6695 6756 6761 7110]",0.3090481748424893
"[ 522  743  804  837  957 1183 1472 1684 1694 1763 1900 1935 1955 1975
 2079 2509 2512 2546 2547 2578 2691 2923 2929 2944 3081 3166 3218 3278
 3312 3655 3720 3787 3813 3918 4144 4193 4440 6114 6116 6839]",0.284361565523019
"[ 407  592  620  774  841  879  890 1095 1196 1254 1448 1458 1474 1806
 1866 1888 1905 2033 2171 2364 2400 2445 2520 2522 2574 2589 2656 2944
 3074 3111 3427 3499 3591 3635 3649 3652 4497 5201 6619 7123]",0.29106287463355957
"[ 378  544  621  748  882 1025 1097 1235 1318 1469 1531 1814 1968 1972
 1975 2144 2169 2520 2589 2594 2648 3025 3097 3210 3225 3352 3579 3722
 3787 3853 3923 3940 3990 4201 4290 4712 6406 6682 6827 6903]",0.2900785014623734
"[ 449  451  735  810  812  976 1053 1234 1319 1460 1464 1476 1677 1820
 1830 1877 1976 2112 2215 2308 2518 2565 2576 3004 3084 3140 3301 3360
 3377 3429 3528 3596 3644 3883 4003 4497 6252 6257 6689 7254]",0.31855899588206127
"[ 448  520  805  889 1054 1114 1397 1449 1469 1612 1821 2114 2166 2167
 2514 2524 2652 2713 2756 2758 2938 3071 3075 3284 3304 3448 3449 3520
 3729 3817 3866 3880 4213 4357 4560 6325 6900 6976 7322 7403]",0.280351781889
"[ 450  738  743  760  831  881  904  950 1101 1103 1232 1306 1805 1880
 1885 1957 2111 2221 2365 2380 2653 2656 2664 2725 2868 2928 2936 3013
 3082 3211 3213 3295 3713 3730 4361 6682 6767 6978 7047 7261]",0.277935588672413
"[ 735  901  910  946 1027 1125 1306 1758 1881 1907 2012 2117 2120 2143
 2219 2234 2251 2312 2355 2459 2468 2661 2854 3214 3351 3664 3745 3795
 3808 3929 3931 3956 4133 6188 6261 6684 6687 6695 6897 6970]",0.3146884677183245
"[ 402  618  619  813  845  962 1029 1193 1390 1974 2122 2187 2233 2366
 2518 2593 2660 2874 2898 2968 2973 3015 3308 3451 3518 3578 3658 3675
 3738 3781 3853 4005 4287 6046 6118 6550 6613 6979 7397 7473]",0.27714890606672204
"[ 448 1027 1096 1109 1248 1250 1308 1529 1668 1677 1729 1742 1834 2048
 2109 2113 2152 2164 2184 2399 2429 2592 2898 2905 2995 3081 3159 3298
 3445 3604 3672 3718 3745 3791 3800 3864 4223 4418 6259 6753]",0.27916434922898614
"[ 693  749  905 1032 1256 1401 1689 1690 1804 1834 1884 1967 2010 2019
 2037 2161 2330 2499 2504 2545 2574 2652 2687 2715 2794 2905 3230 3241
 3299 3516 3659 3881 3947 4217 5902 6688 6765 6898 6902 7189]",0.28498263908067584
"[ 270  592  690  761  840 1104 1185 1253 1326 1617 1759 1979 1999 2049
 2050 2091 2097 2364 2453 2570 2721 2735 2799 2925 2948 3078 3231 3306
 3307 3351 3363 3441 3587 3732 3921 4006 4148 6763 7114 7186]",0.309389362362041
"[ 454  531  675  822  882  883  885 1042 1125 1688 1738 1838 1877 1931
 1997 2173 2212 2220 2287 2449 3149 3156 3309 3360 3378 3381 3575 3792
 3798 3848 3881 3886 4205 4300 4991 6474 7109 7182 7186 7253]",0.3155843809065187
"[ 548  616  910  962  983 1193 1529 1646 1684 1820 1836 1926 1950 1977
 2042 2088 2089 2568 2574 2644 2651 2684 2805 3147 3210 3232 3292 3358
 3505 3572 3717 3938 4073 4203 6476 6540 6546 6839 6906 7120]",0.29755791904404094
"[ 200  410  681  694  741  969 1179 1516 1588 1735 1808 1816 1879 1964
 2007 2026 2092 2379 2500 2577 2783 2836 2865 2950 2953 2971 3369 3377
 3425 3427 3442 4432 5132 5834 6125 6690 6763 6897 6902 7116]",0.2854161608369068
"[ 484  628  665  749  816  901 1536 1613 1894 1927 1966 2009 2027 2048
 2144 2169 2233 2284 2453 2580 2618 2642 2833 2866 2976 3164 3238 3378
 3590 3733 4094 4097 4359 4361 4624 6398 6401 6406 6983 7116]",0.2815440082286186
"[ 270  477  530  691  762  836 1186 1193 1304 1594 1686 1831 1835 2008
 2026 2148 2355 2567 2590 2610 2618 2719 2757 2872 3311 3495 3518 3526
 3574 3655 3740 3868 4850 5903 6184 6190 6327 6330 6542 7186]",0.30609035562066905
"[ 338  450  626  674  742  881  889  979 1663 1761 1942 1955 1959 2006
 2044 2584 2589 2643 2955 3150 3218 3225 3593 3642 3667 3674 3725 4002
 4010 4077 5333 6117 6328 6331 6616 6620 6839 7043 7188 7474]",0.32355687810573314
"[ 176  340  409  546  548  616  822  950 1039 1180 1327 1529 1689 1804
 1874 1946 2027 2140 2145 2149 2305 2443 2639 2654 2787 2873 2880 2995
 3370 3378 3515 3639 3813 3926 5201 6473 6691 6761 6898 7118]",0.27921890860728193
"[ 268  550  659  811  816  818 1096 1252 1256 1305 1326 1593 1881 1927
 2090 2154 2594 2639 2782 2952 3005 3072 3287 3650 3674 3849 3851 3887
 3933 4134 4193 4639 6045 6615 6688 6905 7108 7187 7257 7475]",0.2942923800464108
"[ 196  449  586  888  901  954  979 1021 1108 1170 1181 1186 1615 1741
 1764 1973 1996 2015 2122 2236 2285 2325 2376 2502 2519 2599 2649 2860
 2937 2973 3306 3513 3727 3799 3922 4708 5201 6617 6757 7115]",0.30019841513919415
"[ 812 1029 1190 1191 1587 1617 1876 2070 2181 2222 2286 2305 2430 2450
 2573 2684 2899 2951 3025 3077 3235 3282 3423 3574 3633 3656 3671 3787
 3789 3817 3882 3931 3989 4007 5973 6047 6123 6256 7253 7466]",0.2780234881479229
"[ 895 1045 1101 1102 1191 1391 1618 1748 1834 1908 1938 2016 2026 2027
 2045 2219 2374 2568 2589 2791 2932 2950 3096 3169 3361 3370 3451 3584
 3586 3652 3809 3817 3872 4072 4274 4295 4440 4706 6046 6613]",0.28424133645924987
"[ 522  523  744  763  826  894  980 1101 1253 1672 1678 1837 1838 1886
 1900 1928 2111 2162 2572 2617 2762 2784 2833 2926 2952 3086 3381 3495
 3505 3702 3796 3918 4223 4710 6189 6260 6760 6764 6768 6834]",0.3057910881585566
"[ 623  659  761  890  911 1120 1125 1256 1388 1587 1615 1656 1673 1821
 1863 1928 1948 2224 2297 2451 2586 2593 2662 2798 2901 2971 3151 3227
 3421 3646 3709 3798 4135 4145 4780 4782 4849 5546 6690 6899]",0.2870532298262964
"[ 483  764  882 1100 1108 1805 1821 2155 2218 2220 2285 2356 2576 2617
 2649 2655 2662 2866 3004 3151 3159 3219 3308 3366 3447 3499 3587 3781
 3879 3913 3931 3991 4002 4017 6046 6186 6625 6901 7052 7110]",0.3189678169644104
"[ 410  450  554  678  913  952 1033 1114 1124 1196 1257 1337 1377 1399
 1460 1894 2048 2145 2187 2397 2653 2718 2719 3099 3110 3143 3368 3421
 3517 3583 3647 3651 3655 3923 3942 4061 4706 4786 6470 6899]",0.2882825475193546
"[ 335  480  675  689  810  842  879  890  956 1111 1470 1514 1666 1750
 1902 1955 1968 1973 2160 2161 2226 2315 2595 2617 2689 2899 3152 3280
 3495 3512 3520 3673 3992 4076 4785 6327 6826 6828 6901 7120]",0.30516248401001916
"[ 268  524  690  763  801  812  815 1105 1320 1376 1403 1520 1685 1889
 1959 1996 2145 2162 2332 2453 2505 2585 2646 2655 2690 2713 2750 2792
 3229 3241 3373 3497 3649 4347 4782 5903 6114 6626 6692 7196]",0.29674640670659014
"[ 733  803 1025 1118 1234 1617 1688 1750 1877 1908 2097 2155 2159 2173
 2295 2448 2518 2585 2641 2723 2729 2788 2903 3072 3074 3090 3094 3359
 3433 3591 3666 3740 3786 4003 4063 4205 6763 6832 6834 7465]",0.2940297741503169
"[ 481  522  555  590  591  619  952  978 1035 1601 1892 1927 1947 1959
 2171 2288 2438 2449 2575 2621 2639 2640 2712 2716 2717 2782 2800 2895
 2938 2949 3065 3207 3379 3575 3949 3988 3993 4500 6902 7327]",0.2994104652150082
"[ 310  591  900 1106 1162 1180 1305 1397 1463 1661 1688 1898 2041 2121
 2254 2589 2723 2758 2877 3001 3011 3014 3090 3157 3159 3282 3311 3446
 3520 3582 3709 3804 3956 4004 4290 4346 6193 6332 7258 7396]",0.29644518409715864
"[ 447  881  964 1025 1168 1187 1336 1382 1597 1604 1690 1828 1836 1880
 1900 1970 1999 2001 2091 2425 2511 2567 2587 2589 2646 2657 2692 2750
 2951 3150 3285 3354 3378 3715 5201 6545 6547 6759 6766 6906]",0.2910151393963758
"[ 129  199  696  741  809 1161 1333 1378 1474 1520 1617 1956 2048 2118
 2184 2223 2228 2246 2254 2436 2576 2594 2755 2875 2905 3004 3281 3288
 3293 3440 3519 3663 3885 3989 4074 6834 6910 6975 7049 7396]",0.30753806480771395
"[ 129  380  744  824  891  964  965 1375 1832 1973 2095 2123 2218 2249
 2588 2616 2716 2935 3017 3079 3080 3145 3212 3505 3592 3709 3719 3790
 3814 3815 3989 4203 4275 4639 5978 6684 6900 6968 7255 7258]",0.2994659536409556
"[ 412  552  677  688 1191 1193 1305 1326 1332 1472 1831 1908 1953 1957
 2047 2099 2118 2122 2215 2521 2547 2897 2945 3013 3159 3171 3233 3447
 3520 3646 3650 3657 3741 3848 3879 3882 5974 6120 6693 6899]",0.2900542040934269
"[ 409  668  741 1048 1104 1318 1445 1527 1591 1614 1616 1660 1694 1880
 1957 2071 2119 2121 2161 2219 2238 2300 2515 2589 2639 2827 2994 3145
 3219 3282 3287 3311 3354 3356 3643 3918 4203 6900 6904 6905]",0.29550786371223076
"[ 270  598  908  953 1051 1326 1524 1937 2026 2081 2103 2167 2451 2453
 2504 2569 2789 2827 2935 3006 3284 3308 3516 3523 3524 3594 3707 3745
 3859 4004 4023 4055 4122 5694 6395 6476 6689 6761 7326 7397]",0.2826539974455425
"[ 619  663  882  906 1031 1126 1233 1334 1391 1868 1879 2122 2187 2358
 2439 2585 2652 2687 2793 2864 2875 2971 3279 3290 3355 3442 3587 3588
 3794 3795 3921 3939 4098 4142 4357 5546 5694 6610 6978 6981]",0.2996555654113121
"[ 308  309  592  764  891  908 1029 1246 1256 1378 1460 1596 1883 2170
 2192 2220 2285 2429 2660 2791 2874 2901 2904 2935 2937 3025 3149 3163
 3309 3741 3743 3875 3885 3944 4193 4203 6260 6398 6907 7044]",0.3166672421058503
"[ 595  672  689  811 1236 1389 1406 1601 1607 1742 2161 2169 2396 2426
 2445 2506 2581 2642 2997 3092 3100 3155 3226 3512 3585 3658 3725 3779
 4023 4781 5835 5903 6615 6906 6978 7124 7184 7185 7257 7396]",0.27469364247632677
"[ 451  481  620  682 1022 1025 1103 1104 1118 1228 1230 1462 1838 1962
 2254 2447 2651 2652 2686 2790 2868 2976 3088 3149 3236 3286 3307 3580
 3647 3669 3736 3887 4221 5974 6117 6549 6689 6692 7050 7185]",0.314720863966034
"[ 881 1115 1236 1242 1324 1519 1764 1797 1836 1999 2043 2068 2161 2253
 2294 2500 2545 2643 2735 2899 2928 2942 3209 3285 3367 3379 3673 3791
 3805 4218 4508 4555 5904 6043 6115 6117 6326 6981 6983 7181]",0.303704338317714
"[ 483  589  747  835  904 1325 1377 1466 1666 1688 1838 1979 2046 2145
 2173 2190 2291 2327 2512 2644 2688 2830 3081 3144 3299 3365 3370 3384
 3512 3517 3780 3790 3869 3918 6050 6548 6611 6624 6828 7398]",0.3193624050419735
"[ 316  408  552  586  821  890  953  979 1052 1127 1381 1390 1684 1736
 1935 1950 2180 2213 2225 2325 2554 2692 2930 3148 3297 3440 3490 3809
 3848 3849 3874 4059 4211 4440 6478 6547 6610 6611 7254 7466]",0.26826983567186125
"[ 677  815  956  977 1232 1246 1531 1617 1881 2045 2089 2143 2293 2353
 2356 2374 2578 2580 2791 2796 2800 2865 2937 2973 2976 3148 3424 3441
 3657 3717 3738 4004 5832 6187 6330 6472 6611 6756 7113 7256]",0.30061691154458475
"[ 266  518  548  746  911 1104 1195 1231 1448 1614 1956 2042 2180 2314
 2690 2709 2757 2825 2864 2901 2947 3010 3013 3075 3088 3141 3169 3216
 3217 3242 3354 3726 3920 4274 4304 5832 6115 6541 6624 6831]",0.29667637828588733
"[ 882  956  978 1173 1330 1461 1546 1820 1824 1879 2007 2115 2167 2184
 2431 2505 2508 2660 2726 2796 2863 3024 3151 3427 3518 3713 3723 3741
 3743 3849 3881 3885 3933 4201 4215 4218 4706 7054 7123 7468]",0.30041311776272195
"[ 410  689  699  740  813  816  883  973 1052 1101 1102 1306 1327 1478
 1686 1830 2093 2328 2427 2498 2504 2691 2784 2799 2801 3162 3287 3533
 3588 3598 3867 3873 3943 4005 4127 4217 4345 5333 6190 7328]",0.3078269231941991
"[ 693  907 1028 1048 1050 1243 1306 1391 1538 1543 1687 1879 2010 2049
 2118 2233 2235 2240 2436 2517 2591 2780 2924 3095 3305 3380 3582 3812
 3935 4143 4212 4480 4786 4992 6257 6687 6905 6981 7120 7186]",0.2881775847250841
"[ 451  475  772  950 1115 1233 1680 2007 2046 2050 2075 2082 2174 2587
 2591 2642 2643 2644 2647 2728 3001 3072 3229 3238 3294 3367 3372 3385
 3441 3517 3528 3593 3674 3817 3874 4638 6117 6473 6764 7120]",0.2748278749322074
"[ 129  876 1110 1380 1447 2027 2428 2585 2620 2647 2711 2790 2882 2949
 3086 3165 3219 3239 3357 3448 3453 3511 3603 3671 3776 3786 3918 3933
 3943 4074 4290 4361 5546 6395 6477 6693 6760 6767 6833 7183]",0.2774068550234098
"[ 804  952 1054 1100 1105 1122 1178 1517 1520 1692 1929 1948 1969 2024
 2026 2029 2285 2302 2430 2468 2509 2577 2587 2785 2832 3099 3221 3236
 3360 3421 3453 3514 3582 3667 3995 4080 4146 4193 4214 4290]",0.2912437217191497
"[ 341  463  481  596  733  981 1028 1052 1112 1399 1543 1597 1736 1807
 1890 2028 2444 2450 2575 2686 2714 2789 2870 2874 3233 3285 3425 3779
 3795 3818 4206 4345 4776 6255 6328 6476 6615 6621 6690 6824]",0.29526051522154956
"[ 376  621  752  886  907 1024 1171 1175 1182 1233 1301 1376 1691 1890
 2012 2142 2193 2375 2390 2515 2935 2950 3021 3167 3217 3220 3300 3362
 3446 3576 3583 3659 3781 3811 4127 4149 5132 5201 6696 6757]",0.2871364673434653
"[ 386  416  481  691  841 1230 1395 1444 1462 1674 1734 1828 1883 2151
 2172 2227 2509 2531 2643 2720 2725 2793 2873 2934 2968 2994 3008 3024
 3454 3526 3594 3733 3956 6118 6617 6682 6982 7109 7120 7324]",0.27748750338191763
"[ 342  816  834  976  978  985 1175 1679 1832 1928 2080 2081 2090 2111
 2148 2212 2294 2366 2569 2573 2617 2646 2728 2832 2853 2946 3027 3141
 3159 3223 3309 3528 3644 3647 3665 3666 3745 6252 6763 7052]",0.29595328155876593
"[ 663  946 1260 1400 1589 1617 1755 2048 2083 2185 2254 2255 2287 2369
 2372 2750 2785 2861 2935 3170 3289 3355 3518 3583 3636 3662 3729 3869
 4059 4096 4202 4560 4573 6184 6259 6625 6695 6830 7050 7256]",0.2837393341719411
"[ 525  761  894 1050 1103 1474 1754 1833 1970 2007 2072 2097 2112 2117
 2222 2231 2285 2764 2829 2858 2865 2945 3167 3234 3305 3350 3392 3426
 3566 3656 3718 3876 3883 3885 4132 4849 6119 6693 6973 7115]",0.32569686151393207
"[ 598  743  978  983 1027 1164 1242 1966 2051 2080 2090 2214 2222 2260
 2289 2712 2862 2863 2869 2904 2947 2994 3009 3015 3069 3298 3375 3377
 3589 3674 3854 3865 3866 4007 4276 6252 6405 6470 6980 7321]",0.28782228401525206
"[ 751  805  815  843  952 1032 1395 1667 1736 1766 1806 1811 2051 2093
 2120 2154 2188 2232 2287 2539 2715 2802 2898 3075 3077 3165 3284 3310
 3352 3502 3593 3646 3716 3735 4344 4706 6117 6191 6475 7050]",0.2940597032659651
"[ 823  884 1176 1255 1460 1619 1756 1864 1885 1908 2080 2083 2231 2302
 2359 2364 2399 2512 2519 2572 2623 2834 2875 2927 2952 3000 3501 3642
 3675 3744 3850 3922 4146 4229 6259 6540 6544 6971 7042 7256]",0.2775416395061228
"[ 378  450  619  687  955  959 1324 1542 1583 1600 1755 1997 2088 2155
 2285 2286 2358 2374 2825 3015 3016 3081 3089 3165 3381 3450 3588 3589
 3785 3918 4001 4276 6257 6329 6470 6547 6614 6686 6979 7324]",0.29831235864744676
"[ 761  880  959  982 1053 1113 1123 1389 1531 1533 1615 1753 1888 2032
 2040 2068 2102 2288 2429 2509 2581 2616 2682 2783 2857 2876 3000 3015
 3154 3221 3355 3519 3605 3730 3859 6190 6473 7054 7183 7466]",0.30009458037640296
"[ 310  452  482  732  733  892 1101 1468 1519 1583 1687 1874 2069 2142
 2242 2368 2376 2644 2651 2793 2934 2943 3159 3243 3440 3935 4003 4079
 4213 4417 4641 6548 6685 6908 6970 6974 7111 7185 7253 7397]",0.2942584128554225
"[ 411  891  911  956 1103 1266 1321 1376 1533 1686 1760 1969 2010 2038
 2083 2220 2287 2501 2577 2587 2713 2791 2998 3002 3005 3013 3148 3280
 3431 3434 3518 3664 3948 4023 4778 6190 6763 6976 7185 7404]",0.30459078768057585
"[ 519  690  692  733  983 1029 1043 1327 1815 1879 1904 1999 2004 2111
 2222 2236 2568 2616 2661 2863 2868 2879 2904 2943 3021 3022 3152 3168
 3378 3586 3596 3664 3988 5905 6116 6470 6541 6618 7046 7194]",0.3178640720184967
"[ 339  529  596  600  880  904  950  955 1172 1174 1184 1187 1334 1373
 1533 1880 2040 2152 2236 2255 2282 2638 2641 2688 2689 2903 3001 3013
 3138 3352 3516 3874 4074 4129 4922 6044 6550 6759 6829 6836]",0.3007186828896986
"[ 520  695  845  977 1123 1175 1305 1548 1583 1602 1604 1663 1732 1837
 1902 2008 2016 2041 2069 2210 2296 2658 2664 2713 2803 3169 3212 3378
 3523 3602 3656 3714 3742 3798 3884 3919 4204 4781 6974 7182]",0.30643527914440893
"[ 447  760 1054 1103 1119 1165 1192 1227 1662 1674 1729 1805 2028 2077
 2110 2140 2283 2376 2386 2653 2696 2796 2825 3004 3018 3221 3282 3305
 3352 3453 3462 3581 3743 3747 3814 4129 4440 6837 6899 7255]",0.30743613660172786
"[ 520  834  885  911  954 1054 1185 1515 1738 1764 1886 1940 2099 2145
 2164 2308 2424 2587 2597 2638 2854 2952 3216 3221 3226 3605 3736 3919
 4008 4077 4084 4151 4218 4424 4432 6118 6616 6982 7041 7327]",0.3048896459718355
"[ 691  882  895  957  965 1090 1098 1376 1444 2009 2108 2182 2188 2221
 2254 2282 2369 2430 2439 2730 2788 2836 2859 2904 3008 3143 3232 3281
 3450 3516 3581 3651 3932 4001 4211 6330 6551 6766 6906 6908]",0.28986580081065916
"[ 321  412  549  660  809  890  961 1054 1322 1372 1814 1825 1880 1951
 2043 2121 2188 2216 2640 2898 2971 3012 3141 3148 3371 3426 3501 3655
 4008 4143 4205 6190 6256 6258 6905 6911 6977 7108 7113 7469]",0.31936747575128294
"[ 198  674  831  957 1052 1125 1190 1400 1449 1463 1513 1737 1808 1829
 2097 2115 2142 2249 2325 2576 2732 2793 3075 3146 3156 3449 3510 3566
 3581 3601 3746 3920 3956 4133 6047 6115 6187 6541 6978 7466]",0.31440176812167214
"[ 413  450  549  599  952 1030 1120 1124 1809 1874 1887 2022 2049 2588
 2731 2787 2871 2947 2976 3081 3152 3215 3221 3377 3502 3570 3572 3646
 3709 3782 3793 4060 4122 4193 4278 4359 4440 6682 6693 7036]",0.27343882811616493
"[ 270  410  550  668  888  954  963 1052 1126 1444 1827 1838 1867 2002
 2008 2027 2040 2100 2188 2428 2798 2923 3161 3166 3353 3452 3655 3661
 3671 3780 6044 6184 6185 6624 6907 6973 7052 7114 7465 7469]",0.30188720673661723
"[ 341  522  524  591  734  883  909 1386 1393 1473 1605 1735 1740 1875
 1947 2156 2292 2354 2545 2580 2723 2755 2794 2878 3008 3152 3229 3443
 3532 3570 3587 3729 3817 3874 4062 6687 6759 6766 7114 7466]",0.2946992972548359
"[ 237  447  657  659  883  892 1027 1031 1052 1111 1529 1613 1688 1967
 2002 2008 2049 2094 2219 2377 2569 2727 2968 3150 3151 3213 3308 3356
 3501 3514 3636 3705 3716 3723 3848 4070 4435 6258 6614 6975]",0.3166344882263681
"[ 809  810  838  978 1397 1446 1603 1755 1832 1905 2114 2143 2219 2305
 2356 2441 2515 2584 2589 2640 2863 3016 3073 3222 3233 3371 3448 3511
 3520 3587 3667 3778 3848 3863 6043 6189 6764 6966 6974 7042]",0.3281987996165084
"[ 521  623  628  692  744  760 1126 1193 1307 1375 1593 1874 1905 2046
 2169 2191 2358 2366 2446 2509 2575 2591 2649 2660 2736 3221 3299 3353
 3665 3740 3787 3810 3989 4222 6326 6615 6764 6831 6983 7253]",0.29871498821172215
"[ 307  701  732  748  878  977 1119 1326 1398 1606 1689 1761 1960 2119
 2151 2154 2255 2356 2357 2360 2502 2523 2763 3088 3165 3223 3440 3448
 3515 3601 3645 3707 3742 3802 4132 4218 4706 6118 6623 7465]",0.29006012539417164
"[ 449  481  526  830 1031 1117 1175 1334 1664 1904 1973 2046 2169 2253
 2256 2304 2358 2452 2650 2686 2721 3086 3143 3236 3284 3291 3447 3593
 3643 3921 4004 4010 4276 4359 4420 4991 5546 6048 6901 6976]",0.3141474907443151
"[ 591  620  687  883  978 1103 1173 1237 1603 1749 1814 1893 2287 2315
 2354 2435 2762 2833 3001 3071 3076 3080 3236 3522 3572 3634 3645 3658
 3728 3795 3989 4076 4134 4136 4146 4780 6044 6836 6902 6974]",0.29478054454247105
"[ 409  659  745  887  905 1030 1046 1235 1306 1514 1524 1742 2069 2070
 2118 2191 2522 2527 2575 2801 2856 2973 3076 3088 3095 3147 3366 3429
 3496 3576 3593 3657 4061 4133 4193 4359 6471 6903 6982 7050]",0.3096944920966109
"[ 342  404  413  884  889  911  963 1039 1112 1691 1878 2119 2307 2426
 2432 2453 2522 2658 2718 2722 2937 3004 3016 3079 3225 3238 3370 3584
 3647 3717 3719 3991 4060 4417 6114 6400 6401 6472 6765 7324]",0.2879745908228852
"[ 416  552  599  622  692  881 1110 1165 1190 1299 1614 1673 1833 1834
 1910 2151 2166 2372 2384 2825 2886 3239 3240 3382 3423 3447 3497 3501
 3743 4097 4219 5062 5903 6115 6616 6620 6622 6836 6912 6966]",0.2833881361170122
"[ 452  656  657  910  962 1310 1390 1546 1586 1665 1667 1809 1867 2379
 2427 2505 2620 2685 2736 2783 2898 2938 2955 3094 3158 3210 3351 3379
 3423 3576 3720 3722 3794 3812 4006 4146 6900 7111 7187 7257]",0.29303646634281894
"[ 738  895  970  975 1379 1532 1589 1614 1616 1661 1748 1834 1876 1881
 1976 1977 2077 2171 2402 2425 2623 2691 2692 3016 3078 3221 3375 3439
 3523 3605 3667 3668 3799 4055 4710 4783 6540 6621 7194 7264]",0.2750325971964631
"[ 129  199  416  669  963 1033 1233 1302 1392 1765 1809 1858 2046 2101
 2113 2167 2226 2324 2568 2595 2613 2724 2898 3070 3171 3236 3432 3517
 3733 3865 3886 4132 4480 4641 4782 4783 5762 6691 6694 7049]",0.2969308985486752
"[ 550  660  841  889 1106 1120 1165 1168 1520 1616 1672 1677 1747 1890
 1901 2155 2167 2358 2435 2437 2587 2616 2802 2869 2872 3026 3222 3288
 3308 3378 3599 3786 3937 4025 4268 5985 6545 7045 7050 7326]",0.31048520576357924
"[ 200  549  665  763  837  881 1127 1741 1857 1974 1998 2032 2041 2119
 2141 2172 2211 2282 2324 2354 2514 2573 2580 2587 2592 2793 3087 3088
 3230 3422 3435 3457 3519 3521 3601 3743 3811 4203 4781 6902]",0.27964068464454345
"[ 268  338  339  341  476  591  619  660 1044 1160 1246 1266 1308 1467
 2039 2290 2360 2362 2520 2659 2710 3238 3285 3458 3496 3574 3592 3605
 3653 3722 3795 3988 4147 4430 4782 4849 6338 6620 6837 7321]",0.29709875238798494
"[ 820  912 1126 1396 1405 1449 1729 1735 1964 2041 2075 2080 2159 2254
 2256 2305 2356 2573 2584 2591 2594 2623 2663 2716 2725 2808 2870 3006
 3010 3021 3073 3212 3451 3512 3571 3795 3876 4360 6898 7181]",0.28174170254679676
"[ 129  545  605  622  691  740  762  764  883 1028 1105 1376 1391 1471
 1602 1756 1951 2124 2231 2259 2359 2496 2686 2721 3007 3026 3027 3075
 3095 3210 3219 3244 3300 3521 3723 3934 4077 4193 6045 7044]",0.292394064096023
"[ 663  667  673 1114 1304 1675 1807 1830 1893 1901 1955 2096 2102 2142
 2151 2395 2689 2692 2716 2785 2804 2924 3006 3025 3149 3236 3373 3499
 3573 3956 4148 4217 4276 4496 4712 4849 6405 6695 6973 7113]",0.30029779492113085
"[ 198  552  980 1098 1114 1184 1195 1233 1301 1331 1388 1461 1583 1745
 1831 2073 2082 2090 2210 2211 2214 2224 2592 2656 2687 2950 2976 3070
 3111 3216 3425 3444 3567 3584 3920 4075 6190 6759 7258 7323]",0.31238507654158637
"[ 416  525  622  623  663  821  881  882  981 1164 1472 1664 1737 1748
 1807 1815 2145 2183 2514 2642 2656 2689 2712 2830 2860 2948 3154 3510
 3520 3587 3664 3708 3720 3746 3884 3885 4070 4275 4780 6832]",0.3125836024958157
"[ 589  742  912  956 1029 1375 1613 1616 1877 1880 1899 1927 1971 2219
 2237 2283 2301 2377 2451 2592 2644 2802 2858 2923 3015 3220 3282 3308
 3492 3507 3707 3816 3955 4001 4006 4127 4712 5974 6476 6686]",0.30709911467106826
"[ 129  335  549  733  809 1096 1117 1736 1747 1804 1885 2027 2260 2304
 2305 2380 2398 2568 2589 2645 2724 2802 2954 3075 3090 3094 3238 3240
 3284 3354 3453 3462 3510 3579 3742 4271 6759 6832 6834 7326]",0.2766645013340274
"[ 447  595  619  663  671  673  804 1025 1111 1192 1874 1906 2027 2045
 2212 2222 2233 2258 2300 2364 2390 2735 2762 2793 2878 2923 3148 3149
 3222 3307 3377 3432 3499 4023 4142 4642 6330 6335 6909 7181]",0.2979258382504425
"[ 311  913  964 1122 1123 1326 1683 1891 2042 2078 2098 2113 2144 2395
 2450 2512 2517 2522 2650 2786 2803 3281 3285 3381 3505 3583 3715 3779
 3793 3805 3849 3861 4004 4146 4147 4357 6764 7037 7257 7395]",0.29513008047580036
"[ 377  451  477  528  597  619  665  814 1101 1107 1180 1306 1319 1585
 1680 1884 1889 1908 1968 2090 2281 2287 2302 2880 3294 3296 3361 3363
 3658 3713 3724 4062 4067 6119 6546 6908 6967 6979 7052 7113]",0.28493554452459813
"[ 410  765  814  821 1190 1264 1810 1823 1836 2041 2240 2308 2434 2587
 2686 2760 3016 3089 3099 3214 3218 3240 3356 3518 3586 3593 3662 3672
 3877 3930 4215 4554 4710 4776 6117 6190 6837 7255 7321 7402]",0.3099214606466264
"[ 381  660  665 1049 1183 1449 1583 1587 1662 1815 1908 1938 2155 2214
 2217 2225 2325 2428 2519 2521 2755 2853 2929 2934 3078 3098 3110 3158
 3163 3210 3306 3524 3582 3675 3885 3921 4850 6765 6839 6903]",0.29874033058723676
"[ 481  656  881  884  899 1306 1309 2008 2186 2291 2328 2365 2594 2642
 2689 2720 2798 2871 3096 3163 3221 3291 3533 3589 3593 3635 3648 3792
 3847 3921 3952 3995 4076 4098 4782 5975 6049 6546 6901 7051]",0.286374753135508
"[ 619  622  738  837 1376 1821 2014 2038 2102 2237 2248 2293 2295 2303
 2359 2451 2720 2867 2868 3001 3076 3077 3240 3458 3520 3577 3654 3709
 3731 3956 4072 4074 4143 4205 4291 4711 4781 6255 6618 6906]",0.27001710420729164
"[ 339  484  671  742  760 1056 1103 1110 1332 1688 1907 1977 2118 2166
 2305 2450 2615 2617 2642 2690 2710 2788 2897 3110 3236 3299 3426 3569
 3581 3598 3602 3918 4143 6049 6258 6333 6623 6910 6981 7325]",0.29114882069537557
"[ 476  484  674  808  825  955  979 1249 1470 1669 1694 1895 1963 2045
 2102 2142 2151 2155 2193 2287 2390 2450 2474 2505 2527 2569 2643 2691
 2941 3146 3220 3303 3363 3454 3573 3716 4710 5201 6117 7107]",0.28585658066418024
"[ 666  811 1258 1388 1519 1527 1716 1874 2066 2079 2107 2112 2230 2287
 2575 2592 2655 2710 2764 2902 3140 3143 3281 3284 3319 3382 3428 3442
 3587 3991 4022 4143 4148 4209 4274 6623 6980 6983 7044 7182]",0.29991946734895053
"[ 198  380  803 1303 1311 1547 1608 1683 1689 1826 1906 1968 2029 2123
 2166 2254 2329 2359 2368 2397 2398 2792 2831 2879 2936 3241 3289 3358
 3572 3717 3731 3743 4003 4420 4439 6045 6479 6767 7118 7395]",0.2693664306980483
"[ 269  337  416  480  548  673 1052 1123 1591 1877 1942 1949 1977 2111
 2226 2242 2292 2304 2359 2509 2610 2864 3018 3068 3237 3301 3361 3496
 3502 3723 3725 3775 3798 6258 6331 6403 6902 6979 7045 7054]",0.2908688334443316
"[ 334  731 1031 1118 1254 1377 1389 1398 1533 1681 1877 1947 2049 2225
 2394 2516 2664 2692 2788 2935 3005 3010 3079 3094 3098 3582 3602 3662
 3731 3866 4205 4359 5832 5974 6186 6624 6758 6900 6979 7117]",0.30619988481472166
"[ 521  600  661  822  841  955 1029 1116 1125 1193 1407 1516 1724 1734
 1875 2050 2172 2304 2310 2567 2570 2658 2788 2832 2999 3101 3151 3421
 3426 3578 3589 4275 4359 4781 6688 6828 6971 7123 7182 7256]",0.2966908140038954
"[ 740  741  836 1113 1177 1479 1536 1614 1760 1762 1884 2018 2040 2042
 2045 2140 2228 2438 2502 2662 2758 2797 2896 2939 3224 3292 3304 3519
 3529 3592 3797 3868 3874 3990 4098 4129 4497 6327 7257 7326]",0.29689935684027285
"[ 129  198  463  621  809 1053 1174 1189 1321 1521 1606 1680 1808 1815
 2083 2141 2152 2211 2428 2468 2542 2551 2688 2690 2696 2711 2927 3163
 3225 3357 3425 3503 3663 3788 3850 4132 5416 6044 6976 7324]",0.28418194908228506
"[ 378  744  876  906  972  974 1125 1254 1306 1447 1461 1546 1617 1677
 1682 1748 1873 2023 2101 2149 2184 2215 2218 2255 2475 2758 2925 2937
 3159 3356 3577 3859 3879 3883 3991 4142 6541 6548 6616 7113]",0.3164512346452199
"[ 339  519  602  618  768  819  972 1113 1114 1749 1898 2037 2041 2094
 2099 2113 2173 2283 2515 2520 2568 2584 2782 2824 2864 2878 2926 3084
 3214 3218 3300 3671 3703 3849 3940 3993 4223 4418 6835 7465]",0.2823683920278471
"[ 589  621  889 1121 1256 1259 1405 1469 1532 1598 1667 1740 1750 1808
 1835 1939 1954 1975 2027 2032 2187 2253 2623 2660 2833 3424 3505 3507
 3595 3792 3817 3933 4218 4570 4703 6255 6260 6684 6837 6904]",0.2849647093756366
"[ 129  401  763  812  972 1045 1105 1110 1112 1196 1304 1334 1545 1612
 1926 1972 1978 2001 2002 2175 2213 2356 2469 2573 2651 2692 2720 2858
 2896 3073 3100 3229 3578 3582 3642 3655 4130 4624 5480 7327]",0.26271256394756803
"[ 451  522  730  963 1031 1045 1325 1448 1514 1692 2006 2011 2015 2140
 2151 2173 2187 2282 2496 2515 2685 2689 2790 2830 2869 3008 3024 3071
 3229 3512 3724 3881 4077 4203 4225 4571 5985 6252 6406 7321]",0.28984835745004345
"[ 380  445  527  598  739  879  882  908  958 1052 1236 1262 1744 1808
 1827 1867 1928 2020 2072 2082 2120 2355 2569 2645 2713 2715 2792 3006
 3238 3670 3800 4063 4098 4417 6192 6547 6760 6762 6831 7254]",0.2817170762614754
"[ 310  658  833 1325 1809 2012 2081 2098 2236 2257 2328 2386 2469 2504
 2724 3012 3220 3238 3279 3284 3308 3310 3594 3660 3668 3675 3745 3860
 3864 4007 4026 4097 4218 6331 6765 6894 7044 7053 7183 7397]",0.2806623503894874
"[ 732  909 1238 1248 1257 1461 1692 1694 1807 1897 1950 1964 1998 2042
 2073 2111 2113 2169 2173 2321 2616 2857 2898 3072 3221 3581 3651 3653
 3850 3922 3993 4151 4290 4850 5832 6120 6625 6682 6757 6909]",0.27326889263684945
"[ 592  667  668  671  822  871  901  910 1256 1673 2038 2081 2096 2115
 2218 2305 2503 2710 2733 2868 2994 3023 3093 3150 3155 3164 3511 3573
 3603 3652 3883 4010 4208 6401 6473 6616 6753 6904 6906 7043]",0.30654284842777046
"[ 545  815  822 1123 1173 1240 1254 1326 1548 1733 1802 1938 1954 2026
 2042 2044 2141 2326 2500 2520 2576 2659 2874 2973 3138 3151 3171 3280
 3371 3652 3672 3720 3884 3989 4497 4783 6043 6983 7042 7465]",0.30922068319378576
"[ 129  198  689  751  763  764  808  911  954  977 1033 1184 1193 1304
 1460 1463 1538 1543 1601 1925 1939 2024 2170 2212 2395 2512 2516 2545
 2569 2616 2643 3089 3097 3217 3526 3950 4098 5762 6617 7053]",0.2814209911506832
"[ 672 1022 1051 1191 1239 1529 1532 1931 1998 2037 2098 2099 2145 2376
 2430 2586 2647 2662 2690 2856 2864 2928 2999 3070 3077 3088 3279 3355
 3376 3422 3675 3922 3959 4145 6404 6609 6763 6837 6973 7256]",0.3004592605368891
"[ 803 1646 1690 1692 1753 1827 1941 1942 1976 2029 2069 2108 2236 2262
 2363 2502 2610 2642 2651 2785 2833 2860 2867 2871 3066 3074 3150 3214
 3216 3439 3499 3592 3660 3882 4006 4097 4555 6685 6840 7111]",0.28081165305906824
"[ 451  523  699  740  758 1103 1533 1681 1881 1930 2000 2141 2213 2241
 2433 2435 2569 2620 2667 2902 2999 3009 3142 3161 3166 3208 3210 3308
 3355 3425 3817 3993 4002 4064 6617 6690 6693 6760 7042 7469]",0.2865888746462427
"[ 600  601  658  768  820  876  892 1251 1518 1688 1755 1799 1907 2011
 2071 2103 2142 2327 2448 2500 2507 2522 2572 2694 2709 2827 2868 2872
 3295 3375 3602 3655 3790 3849 3873 3919 4064 6330 6899 6981]",0.31494480664703733
"[ 447  618  659  662  805  962 1095 1174 1196 1231 1404 1754 1887 2009
 2026 2028 2505 2515 2574 2582 2590 2617 2735 2757 3219 3297 3364 3432
 3661 3667 3741 3849 3882 4148 4216 6479 6622 6899 6901 7107]",0.3023974418168707
"[ 666  690  804  834  877  881 1256 1375 1387 1474 1525 1681 2070 2151
 2186 2235 2284 2377 2519 2655 2690 2752 2763 3018 3024 3445 3461 3578
 3580 3595 3744 4224 4360 6114 6262 6753 6911 7039 7114 7398]",0.31125212981308603
"[ 672  674  744  761 1188 1309 1399 1687 1757 1804 1903 1945 2002 2096
 2313 2356 2437 2447 2453 2713 2756 2792 2875 2878 2946 2953 3002 3076
 3312 3430 3645 3714 3734 3747 4204 4784 6047 6982 7113 7179]",0.28462323535544404
"[ 413  589  883  884 1403 1445 1529 1602 1744 1828 1909 1970 2041 2182
 2249 2283 2447 2719 2736 2796 2802 2936 3019 3142 3446 3513 3645 3736
 3739 3740 3816 3879 3949 6049 6124 6615 6756 6831 6981 7042]",0.3005001439757347
"[ 271  519  823 1023 1091 1173 1246 1467 1615 1617 1726 1806 1828 1885
 2008 2088 2152 2246 2501 2692 2710 2715 2720 2787 2973 3083 3084 3093
 3278 3378 3422 3518 3602 3654 3745 3860 3987 4076 4219 6970]",0.28138458271393874
"[ 745  892  980 1243 1745 1815 1877 1880 1904 1949 2112 2117 2215 2292
 2507 2531 2594 2620 2711 2728 2798 2873 3088 3142 3295 3497 3590 3787
 3870 3924 3945 3995 4065 4343 6544 6545 6550 6899 6908 7113]",0.30650932456134933
"[ 379  545  665  814  832  839  871  893  964 1256 1257 1334 1398 1664
 1687 1803 1806 2114 2181 2314 2398 2588 2755 2794 2867 3087 3171 3213
 3226 3381 3585 3586 3708 4131 4218 4222 6119 6898 7187 7398]",0.2966510986917692
"[ 598  689  765  809  820  833  952 1030 1034 1249 1596 1967 2100 2169
 2285 2501 2651 2672 2796 2830 2875 2934 3097 3145 3168 3217 3301 3575
 3602 3725 3802 3805 3883 4065 4153 4343 6191 6969 6976 7256]",0.29967130913922885
"[ 525  626  734  985 1020 1032 1115 1252 1610 1738 1885 2076 2254 2662
 2665 2692 2756 2757 2760 2866 2929 3015 3160 3354 3421 3500 3522 3664
 3675 3804 3851 4059 4060 4782 6045 6617 6685 6765 6839 6979]",0.3212449964518892
"[ 270  450  738  880  954  980 1027 1042 1047 1111 1112 1125 1182 1247
 1262 1534 1590 1838 1998 2314 2579 2587 2686 2688 2864 2872 2939 3227
 3354 3376 3499 3733 3804 4059 4782 6476 6759 7052 7466 7469]",0.2979468003182111
"[ 198  309  528  607  661  886  910  979 1102 1388 1534 1585 1750 1900
 1941 1958 2094 2168 2184 2231 2441 2444 2583 2646 2650 2688 2877 2929
 2945 3027 3220 3239 3504 3568 3725 3920 4785 6686 7045 7111]",0.309339087734516
"[ 658  689 1109 1185 1191 1244 2002 2012 2039 2070 2080 2184 2215 2221
 2323 2587 2639 2651 2657 2726 2870 2934 3072 3351 3495 3572 3582 3792
 3881 4076 4098 4134 5902 6326 6480 6767 6983 7187 7190 7401]",0.27452036605740393
"[ 589  619  691  730  982 1026 1111 1123 1195 1196 1306 1326 1391 1547
 1685 1735 1804 1805 1820 1867 1903 1977 2428 2583 2587 2726 2930 3003
 3360 3376 3379 3591 4147 4706 6045 6258 6260 6475 6545 7179]",0.28290091757777164
"[ 592  689  884  887  889  910  979 1191 1307 1470 1618 1751 1807 1830
 1874 1950 2002 2098 2121 2170 2358 2442 2502 2597 2638 2790 2793 2900
 2927 2935 3222 3292 3454 3645 4219 6119 6188 6695 6828 6973]",0.3036117961762439
"[ 589  605  823 1103 1107 1124 1165 1232 1304 1305 1444 1724 2151 2159
 2214 2304 2451 2549 2570 2689 2757 2763 2796 2798 2939 2998 3009 3224
 3511 3802 3848 4133 4193 4705 6335 6686 6836 6909 7051 7112]",0.2717012099494799
"[ 463  524  601  687  839  872  983 1051 1122 1231 1528 1585 1756 1812
 1999 2040 2140 2143 2184 2374 2395 2587 2716 2865 2939 3073 3101 3146
 3168 3351 3371 3431 3593 3665 3794 3993 4439 6261 6686 7398]",0.28755430964238804
"[ 457  810  943 1030 1034 1053 1123 1171 1517 1519 1529 1810 1927 1964
 2044 2072 2074 2238 2355 2428 2444 2641 2654 3071 3280 3370 3422 3501
 3583 3775 3932 4193 4709 4850 5985 6543 6616 6762 6834 7395]",0.27962322855001925
"[ 307  545  616  618  885 1031 1123 1165 1617 1667 1693 1886 2215 2285
 2298 2356 2374 2400 2615 2616 2783 3078 3239 3305 3439 3603 3715 3733
 3741 3798 3809 3883 4023 4066 4071 5345 6760 6974 7253 7329]",0.31193217319857147
"[ 129  314  316  618  626  731 1029 1047 1103 1256 1735 1804 2081 2115
 2219 2236 2439 2468 2720 2725 2871 3072 3090 3424 3573 3598 3920 4145
 4204 4776 6185 6255 6475 6476 6615 6684 6761 7037 7051 7465]",0.30030679994918474
"[ 198  401  691  814  835  885  979 1053 1113 1186 1325 1446 1596 1868
 1873 1889 1896 1907 2031 2161 2166 2220 2643 2724 2741 2793 2976 3084
 3088 3581 3643 3855 3861 4060 6333 6696 6911 7038 7045 7109]",0.29985124700036075
"[ 669  672  686  811  972 1047 1183 1244 1527 1733 1738 1951 2069 2263
 2429 2665 2760 2798 2999 3084 3140 3244 3572 3747 4003 4004 4006 4072
 4144 4712 6121 6260 6403 6408 6764 6840 6977 7041 7054 7107]",0.2742667221694523
"[ 593  730  952 1407 1444 1445 1604 1757 1896 2010 2039 2047 2068 2140
 2161 2287 2366 2400 2505 2579 2589 2759 2790 2794 2798 2944 3028 3380
 3499 3588 3883 4134 4440 4496 6334 6400 6616 6691 6982 7469]",0.2897731354102764
"[ 663  884  977 1104 1322 1378 1544 1546 1664 1887 2102 2118 2149 2288
 2304 2331 2452 2691 2720 2787 2832 3000 3085 3097 3213 3357 3383 3425
 3427 3605 3646 3657 3795 3937 4024 6979 7188 7252 7321 7473]",0.3133309388530967
"[ 268  447  731  880 1053 1466 1542 1757 2019 2042 2067 2075 2120 2174
 2255 2284 2287 2293 2300 2366 2569 2661 2717 2793 3006 3019 3215 3221
 3230 3307 3376 3798 3954 3990 4193 6114 6331 6547 6975 7114]",0.3240517104334108
"[ 340  818  820  822  833 1050 1109 1265 1467 1538 1662 1692 1818 1907
 1908 2007 2363 2498 2569 2587 2593 2696 3161 3165 3381 3583 3672 3710
 3738 3781 4073 4080 4289 4440 4711 6116 6540 6624 6835 6974]",0.29812147056118576
"[ 553  740  830  835  894 1041 1119 1266 1520 1677 1688 1942 2027 2049
 2075 2078 2118 2169 2428 2445 2464 2500 2575 2638 2650 2758 3157 3301
 3450 3874 4009 4712 6262 6693 6834 6971 6975 7052 7113 7116]",0.31645401318782856
"[ 453  590  605 1174 1188 1233 1379 1470 1513 1729 1797 1815 2006 2155
 2220 2372 2542 2578 2613 2646 2708 2760 2896 2973 3016 3022 3164 3237
 3585 3586 3596 3601 3665 3738 3873 3883 4219 4289 4570 4640]",0.2544773285547288
"[ 341  484  551  617  732  764  809  836  981 1034 1054 1120 1328 1533
 1735 1744 1755 2174 2238 2709 2810 2860 2904 3095 3140 3149 3430 3435
 3497 3592 3648 3670 3719 4061 4351 4780 6546 6684 6693 6906]",0.2996907680729109
"[ 450  590  618  669  678  892 1235 1247 1252 1320 1539 1546 1601 1656
 1786 2016 2117 2168 2256 2373 2374 2594 2608 2617 2692 2726 3023 3081
 3088 3169 3214 3221 3284 3502 3518 3779 6907 6976 6977 7256]",0.3151894555785918
"[ 593  658  884 1190 1247 1377 1514 1747 1888 1896 2101 2111 2192 2219
 2222 2259 2308 2368 2427 2438 2514 2569 2615 2689 2744 3002 3092 3095
 3171 3229 3286 3357 3501 3529 3646 3706 3847 3861 6908 7326]",0.30072730419549054
"[ 199  309  383  663  771  892  955  960 1048 1101 1265 1396 1515 1805
 1877 2007 2152 2293 2299 2302 2521 2582 2800 2827 2833 2867 3079 3211
 3354 3591 3774 3794 3848 3988 6048 6188 6398 6976 7112 7264]",0.2891628932317427
"[ 129  199  377  485  841  883 1247 1308 1522 1837 1978 2098 2231 2397
 2590 2642 2718 2731 2830 2925 3086 3093 3221 3238 3304 3382 3449 3731
 3859 3989 4345 4850 6044 6045 6190 6552 6691 6839 6909 6971]",0.2899434139147209
"[ 380  520  549  813  814  882  901  983 1044 1173 1193 1256 1369 1475
 1749 1763 1827 1866 1954 2092 2114 2174 2180 2319 2509 2573 2661 2950
 2971 3429 3573 3581 3594 3673 4207 6540 6980 7122 7182 7256]",0.3108909603608062
"[ 483  693  830  835 1040 1102 1190 1329 1537 1666 1833 1953 1961 2079
 2090 2093 2094 2123 2364 2864 2955 3005 3078 3140 3142 3144 3309 3369
 3521 3734 4078 4202 4222 5201 5480 6550 6836 6975 7261 7402]",0.27645757642099245
"[ 446  548  661  840 1127 1375 1600 1615 1734 2118 2240 2323 2508 2554
 2642 2646 2692 2830 3071 3165 3209 3281 3286 3522 3596 3719 3794 3848
 3924 3939 4002 4076 4779 6044 6046 6614 6686 7049 7187 7399]",0.3012750609796259
"[ 477  661  673 1104 1174 1237 1688 1885 1892 1966 2006 2083 2155 2217
 2292 2499 2539 2591 3017 3087 3150 3306 3441 3586 3604 3654 3747 3861
 3938 3985 3992 4147 4780 4991 6125 6612 6687 6975 6977 7195]",0.2961440811394107
"[ 267  450  481  839  874 1103 1195 1474 1619 1744 1813 1930 1963 2002
 2232 2363 2435 2521 2578 2735 2805 2999 3075 3088 3452 3518 3572 3585
 3646 3710 3792 3813 3930 3953 4024 4204 4289 6327 6470 6761]",0.2921151422599993
"[ 267  531  548  591  658  744  837  906  955  983 1038 1266 1304 1450
 1478 1529 1547 1692 1869 1901 2067 2078 2232 2236 2238 2254 2688 2728
 2945 3074 3499 3531 3794 4128 4133 4218 4706 5546 6403 6550]",0.292282045301006
"[ 376  521  619  695  731  907  943  964  979 1029 1126 1192 1307 1397
 1689 1819 1855 1940 2048 2049 2142 2234 2510 2711 2760 2800 3005 3071
 3082 3225 3234 3656 3726 3846 4643 5973 6114 6474 6684 7052]",0.31245154591268465
"[ 954  971 1022 1029 1038 1182 1542 1608 1805 1806 1807 1856 2160 2286
 2570 2800 2804 2836 2875 2880 3001 3010 3220 3350 3502 3590 3707 3724
 3739 3874 3995 4022 4122 4219 6259 6476 6620 6766 7115 7258]",0.29336608655017793
"[ 479  895 1091 1099 1106 1166 1666 1731 1806 2217 2234 2313 2364 2397
 2617 2799 2973 2976 3024 3158 3288 3293 3309 3433 3520 3583 3594 3634
 3796 3885 3924 3990 4003 4060 4080 6256 6480 6619 6832 7398]",0.29038147493712285
"[ 620  835 1030 1050 1052 1317 1519 1534 1669 1764 1927 1980 2044 2095
 2169 2171 2357 2427 2722 2827 2855 2904 3004 3007 3081 3086 3356 3432
 3638 3662 3723 3791 3920 4062 4072 4206 6329 6756 6906 7120]",0.3185513307662872
"[ 521  590  763 1022 1041 1120 1165 1193 1252 1304 1449 1474 1547 1691
 1755 1817 1819 2088 2117 2121 2144 2237 2287 2395 2595 2714 2976 3159
 3378 3444 3579 3648 3724 3783 3792 3863 4157 6765 7054 7186]",0.3003058840927219
"[ 595  875 1091 1337 1448 1449 1531 1608 1737 1879 1954 1970 2142 2148
 2232 2251 2579 2593 2756 2831 2865 3086 3308 3311 3360 3440 3605 3731
 3790 3817 3866 4133 4135 4304 5973 6329 6829 6836 6976 6980]",0.28928607773133014
"[ 447  593  620  662  803  835 1042 1196 1319 1403 1442 1606 1665 1888
 1948 2023 2040 2068 2081 2149 2211 2302 2321 2652 2721 3081 3209 3288
 3355 3378 3447 3522 3929 3999 4000 4008 4148 6326 6684 7051]",0.2961934614762718
"[ 593  810  880  974 1036 1163 1188 1406 1475 1476 1665 1996 2099 2172
 2395 2401 2402 2439 2500 2514 2539 2711 2713 2757 2758 2901 2950 3069
 3518 3599 3736 4004 4134 6044 6257 6548 6680 6979 7041 7051]",0.29196045016711536
"[ 665  742 1174 1445 1449 1466 1676 1741 1829 1873 1905 1940 2010 2115
 2212 2325 2515 2729 2863 2928 2953 3018 3073 3079 3086 3142 3440 3587
 3730 3849 3863 3994 4079 4145 4206 4213 4347 4359 4437 6691]",0.2803208450097057
"[ 459  529  661  762  808  814  894  959 1052 1111 1120 1171 1398 1540
 1672 1804 1815 1954 1996 2182 2357 2362 2511 2520 2577 2650 2653 2685
 2898 3001 3427 3447 3655 3670 3867 3929 3995 4133 4216 4274]",0.30558646919303395
"[ 268  450  519  666  686  809  952 1102 1472 1533 1734 1826 1978 2026
 2080 2222 2325 2427 2663 2790 2830 2854 2940 3025 3095 3223 3587 3666
 3667 3743 3809 3885 3990 4193 4783 6338 6402 6616 6906 7118]",0.3052410354660247
"[ 342  600  740  823  891  906  953  984 1031 1038 1182 1673 1821 1834
 1867 1872 2069 2120 2151 2161 2238 2432 2651 2722 3001 3421 3426 3428
 3447 3491 3593 3717 3865 3868 3886 3993 4055 4133 4222 6758]",0.2789709845803233
"[ 523  596  616  979 1041 1390 1687 1691 1826 1899 2051 2068 2107 2165
 2185 2569 2576 2583 2643 2761 2780 2784 2788 2896 3072 3076 3162 3222
 3223 3230 3301 3369 3378 3430 3502 3585 3864 3990 6476 7038]",0.2907835264593628
"[ 589  692  812  881 1038 1162 1457 1663 1804 1882 2028 2142 2183 2215
 2281 2325 2428 2728 2810 2832 2861 3008 3022 3026 3079 3219 3235 3513
 3713 3849 4076 4205 4361 4711 6471 6683 7047 7052 7259 7323]",0.29701681937336544
"[ 409  532  663  840  962 1238 1266 1321 1400 1694 1832 2039 2288 2289
 2294 2444 2570 2593 2663 3090 3158 3208 3218 3448 3522 3724 3745 3811
 3887 3959 4074 4215 4782 5903 6189 6259 6324 6686 7049 7332]",0.31981021106077107
"[ 521  662  663  833  839 1034 1113 1124 1967 2039 2192 2223 2286 2379
 2539 2572 2578 2712 2731 2763 2938 2948 3149 3459 3588 3667 3731 3738
 3851 3867 3953 4003 4078 4097 6256 6402 6619 6908 6972 7469]",0.31769086173693317
"[ 901  984 1036 1038 1884 1974 2045 2072 2140 2245 2255 2283 2449 2500
 2796 2824 2826 2949 3141 3155 3170 3310 3377 3657 3719 3920 4004 4024
 4706 4783 6124 6252 6398 6684 6697 6760 6835 6901 6976 7466]",0.3013128002384419
"[ 737  760  813  836  963 1033 1052 1174 1385 1461 1977 2011 2115 2161
 2257 2285 2503 2607 2616 2661 2691 2904 2935 2948 2951 3025 3147 3224
 3237 3382 3584 3635 3777 3847 3874 4274 4640 6045 6334 7324]",0.2952950036373022
"[ 616  690 1114 1179 1471 1537 1667 1729 1818 1969 2010 2038 2042 2069
 2215 2221 2287 2429 2440 2572 2795 2831 2927 2950 2955 3008 3087 3142
 3306 3353 3434 3439 3440 3521 3716 3728 3804 4122 7050 7180]",0.2815464552754418
"[ 268  586  588  754  834  907  908 1103 1172 1395 1463 1474 1618 1893
 2225 2651 2661 2722 2828 2901 3095 3354 3357 3363 3365 3367 3381 3506
 3533 3566 3706 3738 3742 3803 4062 4367 5974 6695 7039 7468]",0.28166862823088534
"[ 520  762 1049 1056 1162 1194 1252 1257 1258 1304 1458 1816 1833 1875
 2100 2185 2253 2291 2293 2826 2971 2973 3022 3144 3148 3151 3227 3372
 3377 3573 3651 3654 3747 3792 3863 4122 6115 6474 6764 7107]",0.3045830074608135
"[ 271  519  804  912  981 1249 1735 1900 1967 1971 2027 2031 2140 2170
 2189 2220 2259 2358 2656 2834 3242 3424 3676 3811 3860 3881 3994 4002
 4417 4560 4706 4780 4784 5762 6256 6259 6902 6980 7123 7181]",0.29644011658488084
"[ 453  589 1050 1052 1107 1256 1474 1758 1906 1974 1975 2002 2072 2116
 2170 2218 2384 2593 2638 2655 2689 2726 2826 2976 3015 3090 3143 3169
 3216 3279 3297 3353 3587 3716 4158 6330 6331 6757 6970 7256]",0.3000226414518723
"[ 590  774  819  901 1046 1255 1305 1615 1838 1949 2096 2258 2304 2521
 2617 2650 2663 2798 2867 2973 3069 3071 3075 3148 3162 3368 3377 3509
 3522 3744 3746 4203 4359 6186 6476 6614 6696 6835 7044 7189]",0.30468940661199495
"[ 667  732  834  965 1035 1325 1470 1601 1669 1740 1865 1898 2184 2216
 2398 2403 2450 2658 2903 3004 3159 3237 3280 3304 3434 3512 3566 3879
 3882 3925 4059 4225 6044 6047 6190 6328 6330 6973 7052 7180]",0.3134280906857338
"[ 340  476  588  661  979  980 1172 1239 1513 1516 1585 1586 1588 1663
 1673 1887 1898 1930 2022 2212 2429 2452 2497 2578 2738 2759 2825 2869
 2905 3024 3159 3294 3431 3868 4567 6195 6328 6329 6397 7324]",0.2810385656447131
"[ 480  520  589  882 1194 1822 1827 1870 2032 2093 2245 2586 2624 2717
 2719 2732 2791 2872 2878 2879 2940 3070 3090 3095 3098 3143 3147 3217
 3223 3518 3576 3774 3803 4217 4277 4779 5062 6258 6541 7112]",0.26424486366457073
"[ 887  892  908  964  965 1027 1171 1253 1735 1807 1816 1876 2097 2140
 2216 2238 2258 2286 2291 2427 2642 2657 2829 2862 3022 3091 3139 3141
 3282 3284 3353 3593 3599 3651 3810 4002 4141 6625 6978 7195]",0.2834340673332125
"[ 699  838  891 1533 1763 1797 1806 1879 1900 1938 2072 2254 2284 2287
 2363 2381 2398 2496 2649 2869 3111 3209 3352 3361 3582 3654 3714 3733
 3738 3742 3743 3796 3850 3875 4004 4214 4287 6682 7042 7323]",0.26453432163384777
"[ 268  476  591  602  688  738  809  962  980 1110 1194 1477 1596 1749
 1785 1888 1937 1950 1959 2124 2219 2254 2443 2589 2647 2759 2827 2904
 2949 3017 3140 3643 3734 3879 3923 4290 4712 6620 7116 7185]",0.31550879715131036
"[ 480  521  809  882 1256 1334 1376 1815 1925 1970 2038 2360 2475 2577
 2587 2783 2955 2973 3148 3290 3294 3424 3427 3567 3657 3669 3710 3804
 3807 3863 3924 3992 4076 4077 5132 5907 6258 6697 6762 6768]",0.2953597946661878
"[ 519  811 1123 1125 1192 1256 1301 1332 1393 1546 1734 1737 1819 2006
 2029 2070 2081 2119 2186 2327 2380 2500 2570 2650 2693 2717 2932 3089
 3287 3427 3587 3647 3652 3672 4001 4007 6685 6687 6908 6970]",0.3187705944801174
"[ 340  534  598  618  762  885  982 1023 1192 1398 1664 1758 1902 2016
 2041 2071 2185 2255 2301 2449 2574 2595 2687 2762 2792 2855 3145 3226
 3229 3426 3667 4005 4216 4418 4781 6189 6332 6682 7051 7054]",0.30178808267246093
"[ 341  449  742  829  893 1326 1463 1584 1591 1665 1666 1899 1907 2002
 2068 2143 2291 2757 2794 2796 2827 2897 2938 2952 3089 3442 3444 3521
 3603 3673 3879 4135 4216 4784 6189 6548 6838 6909 6969 7398]",0.30673232773248726
"[ 342  456  759  812  891 1321 1372 1463 1532 1610 1733 1735 1738 1816
 1880 2047 2069 2122 2217 2508 2584 2871 2876 3015 3017 3020 3136 3292
 3379 3566 3598 3642 3914 3991 4360 6768 6900 6976 7185 7250]",0.2841606713175635
"[ 378  524  740  764  894 1035 1050 1244 1591 1664 1806 1836 1859 1950
 2086 2163 2425 2521 2709 2757 2954 3070 3215 3217 3448 3671 3714 3724
 3850 3919 3922 3995 4146 4147 4636 6122 6192 6979 7111 7182]",0.306721870398368
"[ 413  472  523  671  677  730  812  871  903 1051 1103 1514 1593 1956
 2210 2211 2327 2617 2621 2939 3071 3073 3160 3235 3356 3374 3439 3500
 3579 3583 3654 3791 3881 4078 4215 4504 4780 6405 6972 7191]",0.29118794759860367
"[ 237  339  673 1124 1327 1605 1667 1680 1739 1755 1880 1889 1938 2007
 2039 2040 2046 2147 2173 2180 2181 2214 2237 2565 2574 2613 2762 2797
 3213 3391 3441 3585 3724 3735 3796 4213 4276 6619 6758 7116]",0.2951775980065221
"[ 598  692  818  906  961 1022 1116 1161 1193 1308 1522 1544 1738 1968
 1975 2040 2101 2242 2251 2283 2407 2690 2790 2830 2943 2976 3023 3087
 3142 3379 3645 3658 3848 3874 4295 4417 6686 6827 6836 7330]",0.30982048782899585
"[ 402  482 1028 1053 1327 1519 1530 1538 1739 1754 1756 1821 1867 1885
 2005 2008 2120 2188 2283 2585 2757 2856 2858 3010 3156 3278 3288 3365
 3421 3425 3589 3885 3918 4201 4217 4220 4850 6757 6967 7254]",0.2941822207520869
"[ 377  484  616 1030 1102 1194 1258 1304 1401 1460 1517 1537 1808 1823
 1998 2025 2077 2161 2575 2782 2791 2806 2872 2941 3215 3422 3439 3509
 3651 3668 3726 3742 3990 4289 4706 5694 6186 6543 6907 7049]",0.30805851684136465
"[ 451  453  528  599  982 1189 1249 1516 1529 1615 1836 1882 1905 1936
 2211 2214 2225 2257 2291 2299 2364 2616 2826 2951 3026 3076 3170 3233
 3234 3382 3444 3596 3654 3665 3865 4077 6472 6977 7111 7397]",0.2982281923572724
"[ 340  378  481  591  691  746  884  982 1118 1597 1618 1661 1744 1867
 1876 1939 2007 2023 2117 2155 2212 2213 2254 2719 2783 2813 2868 2869
 2880 2938 3154 3462 3663 3729 3735 3860 4130 6614 6766 6908]",0.30490428433025835
"[ 621  662  905  963  979 1051 1318 1326 1403 1599 1616 1667 2039 2045
 2109 2110 2120 2162 2219 2645 2867 2962 3000 3095 3428 3463 3492 3500
 3590 3647 3666 3778 3994 4502 4781 4782 5201 6971 7051 7186]",0.29400811343390987
"[ 338  410  667  675  764  963 1043 1196 1234 1522 1805 1940 2187 2188
 2282 2444 2523 2539 2569 2640 2715 2785 3084 3142 3212 3216 3292 3362
 3511 3518 3579 3674 3675 3941 4062 4129 6545 6766 7054 7264]",0.2923701516935763
"[ 617  812  963 1195 1235 1236 1332 1377 1674 1759 1765 1832 1855 1974
 2041 2096 2100 2298 2358 2396 2500 2521 2800 2827 3005 3237 3433 3497
 3503 3919 3996 4418 5979 6186 6255 6614 6686 6831 6834 6976]",0.3099524428109733
"[ 197  662  981 1176 1178 1338 1547 1587 1694 1753 1975 2314 2458 2475
 2570 2621 2686 2696 2763 2783 2953 3070 3092 3222 3369 3453 3519 3777
 3876 4145 6260 6404 6694 6983 7044 7116 7119 7122 7191 7330]",0.2843359824369704
"[ 446  524  732 1121 1162 1187 1320 1378 1587 1810 1908 1942 1958 1967
 2088 2154 2223 2255 2287 2292 2444 2571 2720 2994 3009 3027 3086 3443
 3520 3596 3715 3811 3815 4144 4290 6549 6610 6902 7039 7323]",0.30323598495570314
"[ 666  740 1171 1303 1471 1616 1618 1684 1796 1974 1999 2285 2291 2578
 2725 2733 2735 2793 2904 3146 3291 3300 3319 3354 3517 3585 3742 3848
 3952 4003 4086 4147 4711 5762 6189 6257 6473 6546 6900 7122]",0.30365449067531924
"[ 448  744  754  898  905  983 1302 1476 1748 2091 2094 2150 2302 2499
 2516 2518 2578 2591 2691 2790 2870 2876 2997 3101 3214 3236 3280 3305
 3308 3676 4075 4076 4782 6395 6684 6752 6753 6910 7049 7465]",0.2832161311867243
"[ 743  764  822 1113 1403 1517 1667 1668 1689 1738 1928 1971 2027 2035
 2113 2143 2326 2522 2570 2571 2573 2640 2648 2692 2761 2834 2905 2950
 3141 3281 3305 3463 3592 3778 3867 3934 4098 4285 6758 6761]",0.2962200067020347
"[ 605  749  830  978 1033 1040 1110 1174 1760 1876 1925 2001 2023 2045
 2047 2448 2620 2716 2761 2781 2796 2925 3010 3028 3087 3219 3354 3882
 3921 3990 4060 4136 4202 5903 6187 6398 6623 6977 7196 7396]",0.3038492830029871
"[ 409  523  589  670  737  967 1167 1667 1738 1821 1949 2078 2081 2095
 2145 2152 2427 2457 2475 2549 2552 2567 2653 2831 2899 3007 3376 3520
 3667 3670 3742 4062 4065 4992 6395 6406 6622 6626 6910 7466]",0.27825884704885345
"[ 410  617  677  730  828 1050 1531 1756 1945 1999 2110 2111 2124 2215
 2221 2283 2469 2501 2976 2999 3018 3238 3381 3441 3647 3661 3716 3811
 3860 4063 4277 4992 6121 6188 6611 6618 6760 7046 7115 7325]",0.3106987614595696
"[ 701  740  832 1118 1127 1235 1265 1396 1678 1968 2039 2081 2119 2243
 2262 2301 2438 2587 2658 2687 2886 3212 3284 3425 3445 3579 3647 3717
 3736 3744 3935 4002 4208 4431 4712 6189 6687 6689 6690 7184]",0.3034293411668317
"[ 616  809 1375 1376 1405 1516 1528 1598 1667 2020 2046 2308 2376 2449
 2566 2641 2659 2790 2799 2832 2971 3015 3215 3284 3576 3579 3850 3923
 4059 4076 4095 4149 4645 6125 6684 6979 6982 7038 7122 7254]",0.27790805205246616
"[ 805  908  961 1247 1379 1475 1591 1690 1857 2023 2083 2171 2356 2503
 2590 2653 2660 2672 2724 2805 2947 3007 3156 3236 3737 3747 3886 3920
 3933 4004 4022 4060 6259 6476 6616 6682 6693 6751 6979 6981]",0.29182623416823406
"[ 445  592  618  762  803  977 1033 1102 1122 1530 1584 1600 1655 1685
 2001 2093 2223 2225 2282 2298 2399 2453 2798 2936 2948 3070 3142 3295
 3435 3574 3585 3597 3643 3742 3743 3801 3953 4131 4357 6614]",0.2695964683559834
"[ 197  339  450  617  805  880  908  910 1049 1120 1306 1585 1620 1809
 1925 2096 2173 2232 2399 2508 2615 2720 3234 3789 3860 3867 3920 3934
 3939 3989 4005 4147 4361 4705 6191 6260 6474 6760 6902 7054]",0.2801298959851832
"[ 450  622  756  811  836 1054 1590 1740 1811 1876 2160 2216 2221 2235
 2324 2376 2381 2539 2620 2687 2722 2804 2829 2864 3009 3071 3363 3365
 3596 3602 3652 3667 3733 3739 3934 4440 6616 7042 7114 7403]",0.29228318719575697
"[ 412  477  554  618  620  746 1107 1126 1188 1398 1516 1734 1833 1900
 1951 2152 2281 2357 2429 2496 2715 2797 2829 2945 3300 3303 3583 3669
 3675 3744 3800 3860 3883 3929 4136 6263 6541 6906 6979 7037]",0.312535151998395
"[ 237 1028 1057 1194 1246 1266 1376 1692 1821 1878 1879 2006 2017 2180
 2365 2386 2469 2510 2522 2545 2616 2825 2830 3014 3355 3357 3655 3670
 3922 3994 4016 4202 4289 4424 4500 6114 6614 6686 7113 7183]",0.26776880685379423
"[ 553  841  887 1107 1538 1547 1597 1674 1807 1927 2119 2302 2324 2357
 2376 2394 2450 2649 2780 2935 3075 3088 3145 3453 3499 3524 3528 3647
 3666 3807 3813 4202 4212 5908 6254 6764 6980 7184 7255 7394]",0.3075983015630586
"[ 337  456  586  594  662  879 1030 1172 1255 1385 1929 1967 2070 2168
 2328 2360 2379 2711 2795 2798 3024 3087 3283 3426 3508 3512 3742 3783
 3843 3854 3922 3925 4218 4288 6115 6332 6546 7048 7190 7466]",0.30137519450323347
"[ 688  811 1034 1109 1175 1236 1318 1375 1404 1546 1583 1608 1685 1744
 1807 1926 1938 2077 2446 2515 2521 2620 2647 2648 2789 2946 3016 3028
 3238 3381 3440 3587 3919 3933 4063 6626 6759 6903 7113 7469]",0.2831193937604671
"[ 453  522  599  693  818  871 1186 1305 1585 1716 2081 2114 2295 2520
 2577 2865 3022 3027 3095 3101 3234 3310 3354 3582 3583 3671 3867 3989
 4002 4133 4706 4783 6116 6259 6470 6837 7040 7110 7252 7469]",0.28485809716555455
"[ 271  307  671  764  881  886 1049 1110 1319 1755 1906 2103 2211 2375
 2403 2450 2593 2725 2738 2787 2829 2831 2899 2948 3016 3166 3376 3456
 3495 3589 3872 3933 4098 4203 4275 6125 6332 6977 6981 7114]",0.31766010336145795
"[ 690  749  838  881  882  892 1177 1374 1669 1820 1875 1906 2029 2037
 2140 2304 2436 2572 2651 2652 2782 2881 2999 3023 3227 3374 3505 3517
 3643 3673 3725 3779 3794 4073 4149 4432 4439 6189 6476 6759]",0.31397075366410054
"[ 384  476  518  600  693  740  972 1025 1034 1038 1087 1172 1377 1606
 1676 1731 1812 2018 2184 2258 2507 2542 2581 2720 2949 3074 3144 3164
 3603 3670 3745 3789 3938 4006 4025 4075 6404 6979 7123 7321]",0.27622488962956093
"[ 521  524 1042 1051 1109 1180 1191 1308 1375 2041 2117 2153 2175 2313
 2356 2618 2795 2828 2852 2864 3079 3093 3137 3161 3165 3310 3377 3588
 3643 3716 3717 4076 4133 4207 4782 6193 6621 7049 7111 7465]",0.3129144070240991
"[1378 1389 1403 1456 1594 1664 1685 1809 1951 1980 2040 2070 2075 2140
 2182 2213 2235 2259 2576 2588 2664 2720 2733 2797 2808 2858 3076 3284
 3310 3454 3497 3647 3718 3745 3869 3883 6045 6546 6911 7325]",0.27954898178511534
"[ 518  551  669  732  908  956 1123 1193 1233 1755 1757 2025 2173 2174
 2441 2453 2572 2711 2828 2873 2880 2938 3019 3071 3074 3098 3153 3428
 3439 3448 3456 3592 3709 4023 4026 4065 6835 6839 7052 7187]",0.30045895620279645
"[ 480  527  979 1047 1111 1191 1736 1738 1805 1833 1837 1967 2168 2172
 2174 2234 2256 2446 2722 2879 2973 3071 3079 3224 3226 3309 3506 3705
 3804 3872 4072 4497 4560 6117 6761 6828 6831 6835 6839 7469]",0.2823769134038974
"[ 129  416  478  523  624  840  909 1034 1191 1379 1445 1451 1689 1969
 1998 2028 2221 2354 2424 2711 2712 2853 2939 3068 3078 3089 3166 3280
 3502 3521 3527 3577 3666 3810 3816 3862 4151 4204 6329 6837]",0.31174061525202584
"[ 484  592  594  811  890 1191 1393 1529 1530 1594 1603 1673 1694 1785
 1893 2072 2078 2235 2521 2545 2567 2575 2580 2581 2802 2833 3025 3160
 3792 5974 6263 6618 6625 6694 6830 6896 6911 6912 7193 7397]",0.28045514886359935
"[ 452  479 1020 1091 1099 1108 1181 1734 1756 1808 1980 2100 2239 2256
 2386 2498 2505 2617 2690 2793 2933 2942 2943 3496 3505 3583 3644 3658
 3671 3816 3992 4205 4776 5694 6045 6262 6400 6540 6545 6694]",0.3026833767632195
"[ 598  672 1110 1114 1807 1878 1929 1955 1999 2029 2366 2449 2588 2688
 2824 2876 2877 3018 3096 3148 3159 3384 3421 3438 3644 3654 3729 3742
 4152 4219 6046 6119 6395 6545 6697 6908 7046 7051 7261 7475]",0.2783446067434275
"[ 129  691  760  882  983 1120 1175 1764 1899 1955 2002 2050 2068 2081
 2122 2170 2285 2300 2359 2369 2574 2593 2648 2689 2718 2723 2869 3165
 3166 3169 3353 3446 3643 3709 4203 4646 5985 6259 6542 7398]",0.2977662126737711
"[ 692 1114 1395 1469 1514 1543 1586 1588 1617 1799 1970 2004 2007 2026
 2225 2303 2585 2644 2645 2652 2655 2673 2880 2887 3150 3232 3351 3499
 3502 3517 3652 3954 6116 6120 6267 6397 6617 6839 6894 7465]",0.2764953868154871
"[ 598  665  732  747  821  961  976 1093 1172 1443 1605 1664 1749 1763
 1967 1969 1975 2012 2221 2232 2257 2505 2868 2887 3077 3294 3505 3595
 3602 3792 3804 3811 4005 4059 4784 6539 6541 6614 6833 7108]",0.27819624742476534
"[ 416  663  764  765  804  956 1238 1266 1304 1463 1544 1694 2080 2155
 2366 2429 2468 2687 2732 2755 2783 2825 2901 3085 3098 3213 3233 3299
 3453 3779 3797 4134 6687 6764 6766 6902 7046 7048 7110 7394]",0.30955914474212914
"[ 691 1050 1256 1405 1584 1620 1664 1750 1813 1925 1939 2027 2143 2183
 2363 2364 2427 2499 2719 2724 2759 2764 2927 2929 3009 3084 3151 3167
 3299 3452 3457 3524 3653 3664 4006 4132 4134 6475 6611 7049]",0.295616574117244
"[ 476  660  733  877  889  982 1234 1672 1821 1947 2038 2232 2384 2506
 2617 2761 2762 2800 2833 2904 3017 3020 3022 3079 3141 3142 3229 3350
 3449 3528 3577 3643 3655 3989 4130 4359 6115 6260 6261 7259]",0.2859353547439273
"[ 529  804  825  875 1041 1100 1328 1331 1601 1785 1869 2305 2306 2545
 2666 2723 2727 2830 3016 3018 3076 3088 3166 3237 3532 3648 3849 3881
 4013 4062 4146 4204 4782 5480 6326 6406 7196 7252 7324 7326]",0.273748357324732
"[ 589  658  740  816  831  964 1031 1111 1308 1604 1758 1812 1935 2023
 2041 2047 2142 2294 2510 2656 2792 2946 2951 3081 3094 3364 3564 3566
 3583 3585 3592 3638 3865 4004 4146 4217 6045 6610 6978 7253]",0.31383410447928783
"[ 448  518  673  692  804 1046 1055 1121 1184 1192 1194 1669 1757 1904
 2081 2150 2354 2371 2379 2445 2447 2616 2867 2901 3018 3019 3079 3216
 3288 3307 3449 3516 3667 3675 3727 4418 6911 6971 7252 7468]",0.29691290417461574
"[ 198  691  819 1050 1316 1327 1397 1463 1519 1605 1880 1907 1969 2045
 2090 2309 2313 2397 2428 2508 2578 2586 2589 2866 3290 3449 3564 3787
 3789 3794 4275 4418 4780 5902 6120 6688 6691 6758 6760 6907]",0.3130543966738989
"[ 546  662  740  890 1026 1172 1537 1755 1819 2027 2071 2080 2093 2357
 2366 2509 2522 2617 2647 2731 2798 2899 2947 3086 3237 3311 3513 3591
 3645 3657 3660 3663 3664 3880 4022 4062 4133 4216 4637 7119]",0.295160028893859
"[ 341  410  413  592  801  904 1326 1397 1458 1694 1978 2010 2027 2072
 2088 2163 2168 2182 2502 2764 3085 3221 3357 3517 3575 3672 3705 3711
 3854 3943 3989 4063 4193 6185 6190 6257 6912 7037 7323 7326]",0.2919643832812037
"[ 129  314  740  809  814  837 1319 1448 1675 1748 1807 1910 2068 2084
 2226 2254 2302 2305 2359 2500 2685 2693 2753 2898 3017 3090 3219 3230
 3379 3380 3448 3505 4203 5546 6476 6542 6618 6690 7256 7401]",0.2838530349893324
"[ 537  589  692  732  762  881 1043 1090 1235 1247 1266 1884 1885 1886
 2006 2030 2072 2076 2096 2159 2642 2693 2757 2825 2830 3002 3144 3151
 3153 3291 3293 3361 3439 3524 3715 3818 3952 6475 6691 6696]",0.28415075406596735
"[ 340  551  695  744 1108 1168 1181 1235 1325 1327 1678 1902 1972 2283
 2327 2571 2646 2651 2761 3001 3005 3077 3095 3098 3150 3211 3224 3363
 3364 3595 3638 3809 3811 3989 4345 4711 6550 6684 6836 7112]",0.2969624695246295
"[ 267  483  484  520  527  665  911 1041 1232 1305 1809 1837 1874 1895
 1906 1971 1998 2080 2151 2255 2395 2654 2690 2713 2757 2833 2863 3081
 3111 3438 3442 3515 3602 3636 5201 5694 6116 6257 6617 6968]",0.28670475598852424
"[ 411  840 1320 1333 1542 1656 1666 1869 2019 2095 2224 2301 2327 2568
 2584 2593 2646 2719 2947 3066 3225 3281 3354 3441 3589 3868 3918 3992
 4097 4149 4221 5480 6193 6333 6766 6768 6981 7051 7256 7258]",0.28227728410818936
"[ 520  747  835  955  979  983 1025 1175 1239 1445 1475 1821 1900 1978
 2287 2329 2653 2688 3014 3080 3306 3427 3432 3521 3570 3604 3652 3723
 3790 3792 3881 4006 4060 4555 6264 6759 6768 6978 6979 7121]",0.3237416935300887
"[ 521  730  805 1054 1177 1309 1403 1472 1681 1821 2092 2152 2501 2518
 2659 2833 2904 2999 3070 3147 3223 3284 3434 3495 3518 3589 3672 3817
 4003 4006 4060 4497 5974 6047 6189 6192 6327 6399 6548 6906]",0.3043311866776026
"[ 483  518  882  883  969  982 1051 1106 1116 1123 1185 1190 1517 1691
 1967 1979 2568 2664 2722 2793 2871 2946 3017 3038 3163 3285 3505 3520
 3566 3744 3986 4086 4283 4782 6689 6835 6907 7048 7111 7113]",0.31279858258552834
"[ 340  342  475  618  833  909 1029 1743 1749 1761 1903 1942 2067 2068
 2098 2238 2243 2297 2313 2386 2788 3076 3087 3091 3525 3662 3676 3744
 3790 3792 3798 3817 3925 3936 4061 4343 4351 4357 6324 6615]",0.2579396066125549
"[ 548  621  682  821 1025 1030 1101 1104 1107 1244 1376 1613 1656 1674
 1735 1879 2092 2168 2233 2434 2590 2593 2616 2665 2691 2755 3079 3236
 3378 3441 3589 3667 3717 3874 4002 5985 6401 6765 7048 7113]",0.2860405571332007
"[ 390  460  599  738  803  886 1305 1592 1683 1685 1752 1800 1819 1978
 2040 2171 2212 2302 2610 2694 2729 2784 2828 2874 2999 3071 3075 3078
 3376 3434 3444 3584 3602 3706 3863 3918 4145 4201 6833 7113]",0.299581114601185
"[ 445  660  743  978 1235 1259 1317 1447 1515 1959 2008 2160 2162 2223
 2231 2292 2356 2508 2537 2587 2790 3150 3236 3374 3457 3523 3587 3590
 3671 3719 3721 3730 4159 5132 6324 6406 6625 6833 7112 7255]",0.2853468454599565
"[ 483  660  844  884  971 1092 1464 1548 1674 1689 1694 2002 2026 2081
 2093 2096 2118 2144 2150 2188 2648 3093 3229 3238 3496 3504 3518 3593
 3792 3861 3919 4005 4023 4289 6044 6544 6689 6761 6980 7185]",0.3113152600013443
"[ 268  405  590  689  840  956 1033 1589 1618 1669 1694 1734 1766 1877
 2017 2025 2097 2233 2247 2295 2357 2367 2394 2432 2536 2552 2618 2927
 2937 3006 3865 3932 4223 4290 6398 6468 6826 6972 7115 7257]",0.2847199565136557
"[ 616  660  766  804  805  962  973  978 1049 1099 1118 2026 2028 2166
 2251 2520 2590 2649 2687 2790 2829 3094 3137 3145 3283 3378 3427 3862
 3947 4135 4201 4288 4706 6116 6186 6335 6696 6763 6906 6968]",0.3028403704195122
"[ 671  739  760  764  819  824  962 1257 1519 1584 1688 1755 1908 2162
 2255 2378 2517 2794 2895 2955 3095 3142 3168 3235 3236 3280 3309 3356
 3493 3502 3530 3534 4074 4277 4569 6259 6333 6833 6838 7036]",0.2907173854308352
"[ 129  823  880  911 1120 1515 1618 1666 1690 1733 1824 1878 1879 1948
 2043 2080 2143 2170 2223 2224 2356 2450 2504 2727 2732 2882 2949 2954
 3283 3291 3382 3581 3733 3884 4064 5263 6470 6614 6832 7258]",0.3107340267347735
"[ 197  624  662  812  834 1118 1192 1620 2044 2066 2089 2223 2301 2323
 2364 2444 2453 2498 2504 2587 2723 2726 2790 2931 3010 3140 3150 3355
 3381 3498 3581 3583 3725 3795 4004 4223 6048 6191 7256 7465]",0.27144247908113756
"[ 452  547  592 1183 1392 1805 1814 1824 2074 2116 2291 2374 2507 2571
 2573 2716 2754 2830 2867 2900 3088 3162 3284 3289 3519 3564 3581 3589
 3665 3729 3733 3940 3951 3993 4991 6470 6757 6825 6894 6900]",0.299793254577489
"[ 477  524  592  622  839  903  904 1099 1173 1377 1392 1729 1905 1998
 2112 2166 2170 2183 2327 2329 2394 2575 2618 2624 2923 3101 3143 3211
 3448 3814 3944 4274 4780 5333 6188 6327 6474 6622 6764 6983]",0.29162282407489576
"[ 339  409  523  747 1105 1161 1162 1246 1389 1519 1538 1753 1958 2090
 2296 2307 2646 2650 2801 2825 3001 3168 3311 3368 3449 3512 3637 3810
 3872 3885 3919 3936 4003 4062 4204 6118 6402 6551 6981 7117]",0.3081462260020348
"[ 382  667  897  980 1031 1315 1375 1397 1446 1447 1533 1678 1906 1976
 2143 2375 2585 2665 2726 2741 2809 2830 2870 3082 3096 3145 3167 3369
 3445 3503 3513 3597 3634 4217 6329 6894 6908 7182 7252 7329]",0.3082308913097242
"[ 341  409  410  591  806  903 1020 1474 1964 1975 2038 2044 2093 2097
 2192 2259 2360 2377 2379 2577 2667 2686 2756 2898 2944 2949 3071 3099
 3145 3863 3921 4217 4283 4414 6118 6259 6901 6977 7042 7468]",0.29657372883613325
"[ 692  742 1191 1377 1441 1682 1686 1955 1977 2044 2291 2444 2445 2518
 2656 2664 2719 2874 2937 2938 3079 3167 3380 3432 3500 3668 3674 3721
 3732 3818 3876 3921 4004 4122 4706 4783 4991 6547 6619 7326]",0.2949927761576501
"[ 237  309  446  692  954 1031 1179 1255 1305 1390 1535 1614 2292 2429
 2523 2618 2640 2641 2656 2728 2750 2800 2804 3002 3164 3209 3237 3307
 3427 3511 3513 3532 3671 4005 6045 6404 6613 6695 6761 6838]",0.304820984392998
"[ 267  589  605  623  743  832  877 1103 1165 1534 1749 1750 1936 2025
 2153 2181 2362 2498 2500 2590 2686 2688 2692 2833 2945 3026 3071 3165
 3309 3311 3667 3991 4004 4135 4146 4274 4636 6045 6472 6685]",0.2973982104523559
"[ 548  620  666  891  960 1102 1121 1173 1184 1248 1262 1444 1949 1997
 2008 2094 2296 2428 2577 2665 2812 3144 3154 3234 3491 3635 3674 3737
 3740 3745 4275 4502 4710 4786 5201 5546 6189 6325 6476 7401]",0.28509485249927397
"[ 448  551  659  984 1123 1319 1398 1661 1669 1818 1974 2042 2048 2068
 2073 2168 2360 2568 2717 3016 3017 3087 3140 3156 3214 3235 3535 3583
 3787 4098 4784 5974 6045 6257 6548 6766 7049 7112 7121 7188]",0.3008757481850547
"[ 338  597 1111 1118 1232 1450 1515 1678 1821 1870 1949 2017 2023 2091
 2291 2354 2447 2569 2595 2724 2789 2793 2875 3148 3223 3236 3241 3435
 3504 3572 3602 3653 3715 3791 3849 3853 3994 4003 4063 4642]",0.26769217681477353
"[ 588  841  971 1032 1180 1193 1264 1821 1892 1925 2046 2113 2167 2216
 2217 2231 2297 2426 2495 2501 2618 2655 2657 2857 2898 3213 3742 3882
 3920 4001 4002 4133 4304 4710 6398 6409 6967 6975 7113 7466]",0.31091246952938123
"[ 377  551  620  668  871  984 1033 1459 1520 1610 1680 1804 1807 1821
 1880 1885 2099 2150 2326 2620 2937 3004 3080 3086 3219 3237 3294 3306
 3378 3426 3443 3600 3851 3862 4202 4275 4281 6547 6838 6982]",0.2898963455228103
"[ 742  748  764  818  872 1103 1191 1302 1386 1544 1587 1588 1619 1668
 1677 1748 1813 1940 2042 2049 2093 2282 2426 2781 3008 3018 3141 3167
 3424 3585 3726 3814 3876 3955 4357 4850 6327 6395 6759 6967]",0.2911592578540814
"[ 377  586  619  661  674  731  762 1034 1040 1109 1160 1232 1595 1662
 1812 2001 2045 2191 2285 2298 2521 2531 2575 2649 2655 2873 2882 2929
 3016 3157 3235 3444 3597 3645 3867 3950 4347 4992 6406 6830]",0.2913745049817783
"[ 197  669  817  880  955  969 1053 1189 1312 1450 1455 1537 1729 1829
 1835 2022 2093 2182 2183 2216 2236 2256 2313 2522 2571 2593 2712 2792
 2937 2939 3286 3427 3517 3532 3604 3646 3787 3994 6257 6837]",0.29519097956020524
"[ 590  838  914  972 1601 1662 1671 1909 2020 2233 2281 2325 2378 2442
 2443 2709 2710 2762 2792 2828 2902 2954 3029 3075 3304 3425 3521 3529
 3661 3849 3871 3941 4148 4358 4710 4779 6618 6697 6970 7184]",0.28256349747049725
"[ 519  520  548  621  659  730  840  882 1183 1474 1904 1980 2000 2073
 2115 2256 2288 2356 2864 3229 3305 3307 3312 3356 3425 3573 3647 3716
 3731 3780 3863 4059 4146 4215 4568 6692 6969 7044 7120 7326]",0.2874086531011042
"[ 952  970 1051 1184 1238 1303 1393 1476 1735 1821 1951 2029 2083 2116
 2145 2211 2212 2219 2226 2297 2374 2379 2450 2529 2782 2904 3078 3079
 3233 3424 3582 3584 3921 3956 3990 4007 4063 4150 6334 7053]",0.292886597562027
"[ 379  813 1121 1163 1306 1393 1447 1694 1724 1927 1976 1999 2151 2154
 2183 2231 2285 2428 2515 2895 3014 3069 3285 3574 3590 3706 3727 3740
 3924 3937 4003 4136 4199 4202 5904 5976 6050 6469 6616 6766]",0.29812433555674156
"[ 446  481  591  596  673  884  890  906  909 1050 1166 1682 1724 1733
 1742 1969 2082 2100 2111 2326 2515 2637 2652 2973 3078 3137 3278 3350
 3605 3708 3864 3945 5132 6186 6544 6624 6687 6979 7050 7252]",0.3126410378144286
"[ 690  740  969 1182 1193 1305 1324 1445 1542 2082 2169 2289 2649 2801
 2833 2902 2905 2932 2939 3004 3068 3158 3304 3534 3604 3673 3848 3849
 3870 3942 3990 4074 4139 4211 4642 5201 6906 6969 7040 7045]",0.2832568549063406
"[ 380  618  619  622  660 1233 1320 1445 1592 1677 1724 1797 1835 1881
 1896 2028 2069 2091 2219 2233 2456 2825 2936 2940 3010 3016 3169 3446
 3710 3740 3809 4147 4712 6482 6540 6616 6684 7112 7256 7327]",0.30366974874683716
"[ 416  622  691  740  764  980 1399 1446 1664 1766 2007 2028 2077 2313
 2367 2379 2397 2461 2661 2664 2729 2947 2971 3010 3024 3309 3423 3452
 3515 3663 3666 3741 3814 3942 6548 6619 6838 6972 6978 7048]",0.2791983535552178
"[ 271  548  909  963  972 1035 1265 1456 1544 1619 1831 1962 1968 2093
 2504 2516 2521 2587 2691 2708 2730 2861 3016 3435 3643 3660 3790 3797
 3933 4005 4268 4703 6325 6398 6691 6833 6970 7037 7183 7467]",0.29288855179675233
"[ 338  403  448  879 1111 1251 1464 1530 1542 1754 2009 2146 2215 2294
 2497 2499 2584 2652 2783 2831 2869 2870 2926 3000 3165 3234 3240 3505
 3527 3582 3592 3633 3737 3799 5905 6407 6624 6900 6982 7191]",0.27770964353349803
"[ 271  446  810  911  912  971 1393 1592 1808 1926 1950 2000 2045 2097
 2149 2263 2328 2443 2445 2521 2594 2617 2639 2799 2899 2955 3156 3228
 3378 3497 3584 3652 3815 3849 4132 4275 4708 6185 6189 6909]",0.30975044412256697
"[ 553  671  744  823  913  954  963  983 1046 1122 1126 1301 1322 1677
 1877 1879 1885 1900 2176 2308 2602 2784 2856 2901 3234 3452 3504 3518
 3599 3740 3798 3814 3922 4005 4782 6192 6687 6759 6762 7181]",0.2813436489880049
"[ 518  656 1038 1042 1043 1389 1446 1447 1674 1753 1976 1996 2102 2357
 2448 2643 3015 3024 3078 3088 3091 3237 3280 3304 3438 3498 3512 3596
 3787 3934 4074 4360 4849 5480 5902 5974 6762 6905 6979 7039]",0.30047386097818174
"[ 411  913 1040 1180 1371 1462 1476 1611 1688 1895 1937 2070 2100 2161
 2571 2687 2691 2731 2868 2903 3144 3235 3307 3439 3661 3742 3777 3794
 3798 3811 3882 3885 4147 4216 4496 6330 6612 6618 6836 7108]",0.31046651174895545
"[ 748  912 1038 1243 1591 1672 1741 1814 1958 2070 2089 2096 2293 2381
 2587 2896 3006 3092 3166 3227 3285 3357 3432 3497 3638 3663 3669 3776
 3879 3948 3999 4290 4785 5832 6261 6326 6619 6759 6760 6978]",0.3005760257736151
"[ 476  594  674  764  830 1044 1965 2113 2122 2188 2240 2354 2355 2363
 2465 2510 2516 2539 2618 2640 2646 2665 2791 2824 3015 3110 3227 3448
 3460 3741 3790 3815 3859 3862 3931 3991 4147 6261 6829 7469]",0.29591269077931037
"[ 416  521  621  819  883 1180 1531 1673 1974 2089 2111 2117 2192 2195
 2220 2356 2441 2447 2618 2639 2652 2692 2870 2879 3171 3242 3309 3353
 3427 3639 3719 3738 3986 4271 6615 6619 6760 6971 7044 7179]",0.30431480177692755
"[ 402  589  760  825  980 1092 1516 1734 1837 1889 2024 2099 2288 2292
 2303 2520 2565 2854 2863 2898 2944 2998 3023 3211 3219 3573 3591 3650
 3659 3789 3875 4073 4569 4640 6767 6834 6835 6976 7049 7326]",0.3144720486612455
"[ 522  616  656  657 1118 1173 1819 1835 1937 1953 2074 2142 2152 2232
 2377 2469 2497 2580 2591 2641 2727 2762 2951 3145 3150 3164 3370 3374
 3379 3517 3920 4710 4783 4849 4992 6261 6539 6764 6831 6973]",0.30483193048597
"[ 658  665  694  822  943 1194 1402 1664 1819 1956 1977 2038 2083 2111
 2306 2355 2376 2574 2683 2716 2719 2832 2833 2904 3096 3223 3299 3383
 3440 3518 3590 3742 3989 4073 4275 4709 6623 6828 6910 7466]",0.3085721737665529
"[ 525  586  671  900 1020 1021 1107 1179 1256 1374 1834 2007 2028 2040
 2252 2297 2358 2501 2602 2762 2789 2799 3021 3023 3160 3291 3499 3647
 3668 3733 3809 3865 4560 4713 6044 6190 6196 6623 7184 7469]",0.2985755641107764
"[ 602  617  820  887  962 1048 1318 1377 1521 1532 1548 1660 1905 2082
 2148 2214 2295 2305 2327 2337 2397 2430 2442 2465 2592 2640 2900 2939
 3009 3139 3141 3165 3171 3584 3643 6624 6829 6909 7047 7122]",0.30113591057229583
"[ 411  605  979 1032 1396 1528 1685 1885 1927 1939 1976 1978 2011 2074
 2167 2170 2253 2258 2285 2449 2655 2708 2803 2858 2973 3022 3081 3219
 3303 3375 3501 3575 3643 3707 3730 3783 4143 5201 6838 7399]",0.2946462649267984
"[ 555  600  975 1237 1249 1327 1405 1517 1664 1820 1837 1878 1953 2099
 2147 2380 2383 2452 2658 2727 2806 2876 2999 3208 3212 3427 3456 3575
 3587 3635 3658 3730 3800 3810 3937 3989 5480 6972 7043 7465]",0.2700470556228897
"[ 270  554  656  811  829  905 1048 1231 1266 1336 1474 1621 1758 2161
 2226 2294 2304 2509 2654 2854 2864 2923 2948 3082 3311 3583 3652 3734
 3740 3886 3917 4217 4271 4288 4289 6398 6624 6836 6910 7257]",0.28816130153805297
"[ 475  519  622  659  693  741  812 1179 1193 1256 1393 1444 1688 1764
 1952 2112 2397 2572 2594 2829 2864 3000 3004 3283 3357 3441 3519 3566
 3572 3575 3576 3645 3993 4287 6115 6258 6625 6760 7049 7466]",0.33120846088929146
"[ 455  519  594  763  805  977 1106 1303 1327 1395 1398 1544 1814 1938
 1974 2224 2291 2295 2359 2549 2797 2803 2863 2867 2898 2929 3018 3076
 3143 3234 3421 3496 3572 3580 3582 3885 4214 5263 6408 6688]",0.30181803408790686
"[ 271  521  528  840 1101 1106 1126 1254 1262 1543 1735 1755 1820 1877
 2008 2512 2648 2712 2720 2852 2901 3099 3145 3157 3222 3236 3350 3589
 3643 3707 3742 3776 3807 4129 4130 6688 6840 6980 7039 7052]",0.32302893299017676
"[ 663  671  804  963 1045 1118 1534 1879 1898 1936 2006 2153 2190 2220
 2222 2228 2293 2368 2383 2428 2458 2791 2874 2954 3164 3288 3290 3376
 3377 3516 3576 3725 3731 3988 4436 6329 6479 6827 7043 7187]",0.29101208690590447
"[ 740  891 1044 1103 1114 1183 1322 1337 1374 1751 2008 2072 2116 2124
 2243 2449 2503 2572 2664 2721 2792 2817 3005 3354 3506 3601 3860 3864
 3881 4005 4078 4098 4271 6258 6259 6472 6614 6625 6908 7324]",0.2878400216492067
"[ 199  337  416  894 1108 1125 1319 1379 1658 1751 1815 2070 2164 2213
 2295 2536 2595 2652 2708 2792 2798 2860 2866 2872 2946 2957 3141 3284
 3352 3359 3369 3508 3723 3818 3992 4063 4414 4784 5975 7041]",0.2631826901456398
"[ 618  889 1124 1183 1327 1972 2079 2094 2098 2113 2186 2216 2235 2289
 2445 2495 2510 2607 2656 2764 2793 2864 2871 2883 2884 3070 3294 3354
 3578 3665 3715 3813 3848 3876 4135 4710 5975 6685 6755 6760]",0.29565968185380076
"[ 388  448  456  760 1053 1104 1194 1243 1377 1896 1953 2015 2234 2284
 2501 2595 2650 2828 2901 2971 2999 3004 3022 3148 3162 3288 3310 3377
 3450 3496 3738 3745 3876 4145 4711 4850 6115 6256 6614 7051]",0.3020693374243603
"[ 449  518  595  733  735  739 1048 1172 1315 1543 1608 1763 1815 1971
 2033 2517 2646 2656 2658 2796 2825 3019 3020 3101 3215 3370 3441 3448
 3578 3645 3669 3788 3922 3943 3990 5762 6258 6546 6615 7252]",0.286365567224447
"[ 518  908 1032 1117 1239 1319 1729 1735 1997 2183 2325 2450 2590 2658
 2690 2727 2901 2937 3007 3141 3426 3428 3515 3590 3596 3664 3708 3747
 3880 4065 4133 4141 4359 4992 6125 6402 6898 6976 7398 7402]",0.29964852670220465
"[ 176  521  682  690 1103 1171 1177 1195 1255 1325 1807 1878 2183 2256
 2304 2306 2357 2359 2380 2394 2453 2516 2615 2901 3002 3103 3242 3304
 3725 3882 3938 4145 6335 6546 6552 6904 7184 7186 7325 7465]",0.290093568102613
"[ 520  594  620  624  982 1244 1468 1678 1879 1905 2051 2069 2073 2117
 2155 2219 2252 2260 2293 2381 2427 2429 2571 2715 3078 3152 3153 3216
 3358 3364 3593 3638 3669 3725 3777 3801 3959 3994 6188 6619]",0.2891778118244424
"[ 198  447  551  555  620  810  962 1104 1330 1441 1662 1668 1734 1750
 1755 1785 1957 2020 2045 2151 2153 2171 2214 2287 2380 2567 2735 2826
 2962 3008 3014 3079 3227 3642 3779 3815 4640 4642 6687 6905]",0.3040791018922928
"[ 379  623  658  813  908 1125 1163 1306 1375 1395 1460 1590 1605 1750
 2095 2112 2290 2298 2380 2428 2503 2573 2662 2666 2880 2928 3145 3298
 3315 3445 3603 3742 3746 3876 3935 4218 6475 6612 6900 7050]",0.3048473880398397
"[ 530  876  901 1024 1188 1263 1302 1534 1734 1765 1833 1834 1837 1881
 1898 1905 2031 2119 2308 2331 2378 2437 2453 2618 2649 2667 2874 3007
 3429 3440 3521 3668 3792 3849 4003 4007 4066 6839 6974 6975]",0.29851205336443487
"[ 128  660  762  958 1100 1459 1476 1616 1897 1946 2256 2282 2293 2308
 2578 2589 2647 2689 2817 2833 3283 3357 3380 3423 3588 3644 3674 3780
 3848 3933 4024 4219 4780 4850 6116 6625 6687 6757 6834 7396]",0.32726277573971446
"[ 265  822  908  912 1095 1519 1547 1667 1868 1928 2072 2114 2117 2185
 2295 2568 2618 2719 2792 2833 2902 3014 3079 3087 3222 3235 3445 3576
 3590 3810 3816 3887 3934 4432 4639 6264 6472 6908 7466 7475]",0.30716787600889267
"[ 686  688  748  812  815  821 1114 1377 1694 1834 1902 1903 1948 2164
 2182 2324 2448 2664 2689 2869 3007 3015 3222 3309 3383 3438 3655 3797
 3885 4010 4074 4075 5985 6125 6187 6326 6766 6907 6968 7395]",0.28839450199794886
"[ 391  622  756  764  816  883  909  981 1389 1518 1889 1974 2004 2009
 2018 2309 2355 2758 2800 3033 3157 3281 3294 3498 3646 3788 3812 3850
 3873 4002 4132 4347 4776 6124 6694 6979 7046 7116 7181 7252]",0.3057644661631527
"[ 198  690  804 1123 1397 1824 1888 2110 2171 2517 2566 2592 2616 2762
 2800 2801 2934 3004 3013 3168 3284 3353 3357 3778 3859 3998 4007 4062
 4193 4418 4780 6252 6617 6682 6763 6829 6831 7047 7053 7257]",0.291129858380032
"[ 267  592  909 1026 1052 1182 1251 1256 1546 1622 1749 1762 1833 1885
 2216 2449 2519 2728 2734 2760 2942 3002 3017 3039 3111 3288 3304 3310
 3377 3503 3565 3575 3738 3795 3815 3992 4075 6114 7040 7110]",0.3025382717423423
"[ 445  523 1029 1040 1045 1163 1168 1240 1244 1252 1380 1449 1615 1805
 1878 2051 2074 2115 2214 2239 2240 2254 2313 2520 2527 2802 2877 3090
 3221 3238 3495 3503 3567 3732 3918 3992 4096 6907 7123 7324]",0.2821350283532957
"[ 246  380  478 1043 1056 1114 1193 1262 1616 1949 1956 2002 2067 2073
 2252 2303 2304 2591 2760 2793 2971 3001 3079 3150 3285 3292 3361 3362
 3505 3518 3651 3791 3811 3813 3930 3992 3994 4288 6399 6763]",0.2965790719016927
"[ 198  476  523  888 1176 1397 1466 1619 1934 1940 1962 1976 2117 2295
 2327 2594 2651 2868 2877 2939 2954 3209 3350 3378 3426 3602 3604 3664
 3716 3741 3881 4077 4148 4357 5416 6696 6831 6969 7039 7183]",0.29168848248037793
"[ 475  524  620  662  743  952 1304 1472 1966 2083 2243 2353 2445 2459
 2569 2692 2762 2798 2865 3086 3209 3214 3458 3520 3584 3651 3655 3714
 3729 3735 3865 3921 3945 4122 4156 4505 4642 4992 6047 6829]",0.2848246594622459
"[ 740  816  881 1031 1101 1196 1264 1800 1807 1824 1881 1976 2030 2170
 2295 2302 2616 2646 2648 2691 2760 2968 3147 3166 3220 3280 3361 3362
 3586 3603 3738 3812 3881 4076 4440 6190 6399 6480 6550 7399]",0.2856582708850226
"[ 129  618  622  739  819  873 1102 1997 2027 2076 2111 2153 2436 2647
 2657 2662 2723 2783 2792 2826 2864 2895 2941 3144 3378 3495 3670 3674
 3726 3809 3921 4066 4304 4358 4360 4417 5762 7041 7250 7253]",0.2832211007344473
"[ 403  689  732  842 1183 1331 1371 1835 1903 2037 2094 2147 2149 2152
 2255 2460 2515 2618 2653 2658 2863 2901 2904 2934 3096 3309 3451 3584
 3654 3669 3779 3994 4004 4073 4078 4283 6118 6407 6689 7327]",0.28324590280348166
"[ 749  806  810  839  872  907 1103 1399 1467 1618 1660 1733 1832 1927
 2139 2303 2323 2435 2438 2689 2725 2805 2832 3081 3154 3310 3452 3454
 3659 3730 3735 3873 3921 4063 4076 6259 6616 6686 6833 7188]",0.31395163669778453
"[ 589  599  871 1025 1189 1255 1618 1668 1815 1865 1888 1957 2042 2045
 2102 2107 2154 2286 2434 2647 2823 3015 3075 3141 3162 3278 3314 3457
 3518 4136 4364 4781 6125 6480 6761 6767 6839 6980 7051 7327]",0.2885597356060071
"[ 660  891  969  980 1178 1322 1677 1802 1828 1905 2071 2189 2221 2359
 2360 2404 2505 2574 2590 2690 2788 2797 2827 2829 3074 3221 3278 3435
 3446 3574 3593 3730 3736 3881 4001 4706 6970 7042 7049 7113]",0.3004629554295895
"[ 592  656 1533 1613 1751 1797 1837 1894 1927 1998 2007 2119 2189 2221
 2447 2521 2570 2578 2658 2692 2901 2956 3006 3213 3429 3675 3714 3732
 3774 3781 3804 4202 4291 4358 4710 5985 6332 6549 6768 6983]",0.27882319737059535
"[ 271  518  520  549  733  883  955  984 1104 1178 1192 1261 1468 1616
 1665 1755 1806 2115 2121 2252 2255 2258 2505 2506 2519 2619 2760 3010
 3160 3311 3378 3516 3716 3843 6188 6259 6550 6757 7331 7467]",0.29652516483198355
"[ 382  408  762  979  982 1032 1034 1235 1260 1328 1379 1657 1888 2027
 2237 2442 2643 2757 2763 2864 3070 3143 3354 3358 3382 3426 3510 3511
 3518 3584 3590 3863 4420 4555 5974 6047 6191 6546 6548 6615]",0.2973835206667343
"[ 338  664  802  885  889  952  982 1105 1119 1166 1744 1758 1798 2183
 2226 2380 2396 2500 2515 2687 2728 2904 2966 2998 3071 3148 3165 3297
 3446 3658 3672 3729 3994 4285 4289 6120 6125 6252 7190 7194]",0.29752196920382534
"[ 270  448  546  886  905 1027 1103 1183 1186 1235 1538 1756 1899 1996
 2041 2080 2144 2151 2257 2363 2428 3019 3239 3282 3524 3577 3592 3717
 3732 3850 4274 4440 6765 6831 6909 6970 7041 7118 7190 7328]",0.30270089676244627
"[ 521  690  738  809  909 1186 1547 1823 1965 1999 2026 2073 2082 2161
 2177 2211 2284 2546 2571 2580 2864 3016 3293 3425 3582 3664 3714 3815
 3846 3923 3938 4001 4711 6469 6480 6681 6682 6689 6980 7120]",0.30950978708419186
"[ 416  447  620  691  875  907  974 1102 1165 1169 1401 1471 1690 1927
 1971 2093 2102 2140 2325 2661 2733 2783 2788 2800 2932 2957 2973 3015
 3220 3357 3571 3596 3718 3725 3732 4288 6477 6611 7040 7050]",0.3271309148542936
"[ 197  454  765  813  824 1104 1187 1234 1376 1379 1446 1471 1663 1688
 1756 1785 1878 2024 2038 2084 2192 2215 2237 2306 2581 2642 2732 2904
 3021 3072 3092 3237 3285 3306 3381 3572 3645 6478 6545 7321]",0.29747115499402677
"[ 452  811  838  871  951  958 1036 1591 1674 1694 1724 1815 1829 1904
 1975 2110 2357 2465 2591 2641 2643 2657 2693 2716 2927 3023 3282 3532
 3652 3712 3813 4132 4203 6263 6688 6690 6759 6763 7037 7465]",0.2991896434803308
"[ 268  449  959  963  980 1173 1188 1397 1544 1598 1735 1811 2040 2170
 2303 2326 2359 2388 2691 2782 2951 3291 3306 3310 3722 3734 3792 3794
 3921 4440 4991 5201 6397 6682 6828 6970 6981 7040 7113 7196]",0.29092729481476676
"[1047 1048 1194 1255 1327 1451 1473 1592 1667 1675 1688 1694 2007 2015
 2079 2100 2254 2445 2448 2515 2517 2735 3082 3089 3090 3147 3213 3451
 3495 3505 3671 3796 3852 3991 4202 6120 6399 6548 6763 6765]",0.29031268038632857
"[ 527  594  657  906 1051 1098 1545 1673 1677 1688 1827 1937 2108 2163
 2331 2362 2445 2522 2572 2718 3001 3008 3073 3165 3166 3391 3457 3519
 3597 3742 3776 3795 3932 3938 4060 4636 5975 6760 6975 6979]",0.30771312153899283
"[ 667  672  872  886  981 1118 1121 1302 1476 1519 1678 1739 2027 2384
 2571 2648 2657 2727 2864 2933 3142 3220 3225 3309 3353 3380 3524 3572
 3723 3735 3817 3922 3959 4002 4098 4149 4345 4555 6045 6115]",0.282038399119137
"[ 338  594  895  953  979 1102 1104 1108 1174 1181 1587 1686 1758 1908
 1971 1974 2166 2305 2326 2578 2682 2760 2903 2994 3110 3157 3285 3290
 3504 3634 4006 4084 4131 6839 6973 6974 7048 7119 7184 7255]",0.30684956773935346
"[ 619  764  908  959  981 1184 1247 1256 1386 1445 1469 1756 2165 2173
 2235 2258 2427 2432 2709 2718 2728 2792 2854 2935 2956 3089 3150 3154
 3218 3574 3676 3781 3801 3920 3935 4784 6118 6335 6473 6910]",0.2894166383716444
"[ 413  762  823  979 1253 1327 1459 1585 1735 1820 1939 2030 2049 2099
 2102 2366 2380 2503 2519 2618 2658 2905 3286 3300 3457 3596 3657 3658
 3668 3722 3792 3881 3952 4002 4276 6618 6619 6828 7039 7465]",0.2902831888840006
"[ 451  454  476  691  747  812  887  953 1037 1053 1105 1182 1264 1324
 1737 1831 1880 2159 2253 2303 2358 2598 2688 2944 2949 2968 3091 3145
 3213 3281 3357 3364 3511 3520 3650 3876 4219 5976 6261 6328]",0.2919477131482601
"[ 881  890  910 1031 1048 1050 1096 1102 1120 1122 1253 1446 1471 1808
 1959 2039 2305 2568 2614 2615 2902 2998 3008 3082 3243 3300 3661 3874
 3919 3925 4006 4022 4145 6325 6546 6615 6833 6970 6980 7187]",0.31235071919591884
"[ 618  739  956 1108 1304 1447 1592 1884 2049 2074 2143 2380 2427 2452
 2584 2693 2736 2923 2928 3008 3137 3219 3354 3519 3576 3583 3661 3779
 3854 3989 4026 4064 4289 4570 4786 6254 6477 6614 6833 7123]",0.29771763044385513
"[ 128  881 1194 1318 1605 1679 1724 1887 1898 1906 1907 2050 2116 2142
 2224 2326 2364 2616 2829 2864 3002 3012 3154 3160 3233 3376 3443 3722
 3725 3739 3740 3816 3865 3934 3990 6328 6693 6752 6835 7042]",0.30179304928746065
"[ 890  903  953 1163 1766 1870 1891 1968 1977 2114 2169 2173 2195 2235
 2250 2400 2427 2504 2616 3004 3021 3069 3086 3160 3209 3238 3239 3500
 3639 3642 3665 3702 4009 4287 5902 6682 6762 6767 6967 7324]",0.28504934705627577
"[ 268  477  554  740  841  890  892  984 1052 1115 1232 1396 1540 1818
 1930 2082 2292 2399 2618 2729 2750 2783 2800 2855 2957 3010 3224 3285
 3380 3448 3518 3702 3796 4006 4142 6472 6767 6834 7115 7475]",0.29820222142337094
"[ 403  884  908  952  964 1029 1326 1541 1542 1761 1877 1970 2044 2118
 2149 2160 2220 2450 2546 2567 2760 2799 2875 2931 2976 3082 3497 3507
 3517 3655 3734 3861 3936 4002 4003 4204 4782 6689 6759 6977]",0.3140734733874041
"[ 338  524  686  695  886  956 1127 1321 1516 1536 1592 1684 1738 1743
 1997 2081 2083 2115 2124 2171 2180 2291 2296 2306 2585 2723 2874 3020
 3154 3157 3449 3650 3807 3955 4098 4133 6252 6262 6832 7254]",0.30076364679930134
"[ 269  483  599  620  621  957  983 1120 1184 1445 1451 1663 1765 1927
 2101 2287 2502 2567 2615 2799 2804 3094 3226 3377 3444 3675 3780 3913
 3956 3989 4026 4075 4076 4217 4275 4432 4503 7047 7395 7466]",0.29395989747111534
"[ 521  589  621  670  842  969 1040 1184 1392 1445 1467 1669 1743 1955
 1978 2068 2212 2305 2354 2358 2646 2652 2730 2805 2928 2948 2976 3148
 3292 3594 3667 3931 3993 4497 6121 6257 6267 6473 6540 7327]",0.29459839650001785
"[ 447  600  618  692  739  840  889 1018 1103 1112 1391 1396 1403 1615
 1684 1686 1969 2026 2097 2308 2326 2589 2693 2789 3089 3239 3242 3665
 3672 3738 4058 4073 4075 4213 6684 6686 6767 6979 6982 7327]",0.28464765716378304
"[ 524  810  874  962 1113 1235 1237 1256 1656 1751 1866 1876 2011 2077
 2163 2237 2570 2576 2590 2726 2783 2792 2831 2870 2899 3088 3147 3423
 3586 3598 3634 3718 3792 3923 4290 6621 6690 6830 7183 7326]",0.30681466543483754
"[ 309  310  590  882  981 1089 1196 1395 1529 1545 1688 1940 1977 2074
 2081 2112 2172 2184 2232 2234 2285 2449 2663 2726 2936 3005 3009 3018
 3157 3216 3358 3714 3719 3798 3922 6252 6615 6695 6767 6830]",0.29953237037938374
"[ 620  622  812  910  957 1105 1516 1534 1762 2007 2009 2012 2116 2117
 2184 2211 2243 2430 2587 2590 2711 2731 2736 3096 3233 3356 3363 3427
 3602 3647 3663 3667 3745 3787 3809 3882 3993 4134 6256 7187]",0.30127708148117915
"[ 450  527  669  676  809  980 1108 1111 1309 1520 1615 1617 1691 1728
 1886 1904 2023 2083 2145 2182 2325 2326 2360 2378 2655 2829 2852 3166
 3216 3285 3356 3527 3721 3742 3795 3802 5974 6120 6623 6899]",0.3139615146600308
"[ 266  341  476  480  519  596  732  952 1103 1243 1257 1458 1936 2048
 2074 2150 2329 2521 2647 2654 2807 2829 2901 2948 3069 3211 3222 3285
 3353 3425 3443 3498 3735 3935 3992 4074 4776 6759 7045 7054]",0.28751538346908856
"[ 447  480  545  586  674  745  813  890 1050 1113 1233 1446 1476 1529
 1612 1836 1879 1903 1952 1999 2211 2574 2689 2797 2884 3002 3160 3214
 3446 3589 3790 3805 3848 6047 6542 6614 6973 6980 7047 7114]",0.3249078171702361
"[ 671  672  688  882  980 1322 1542 1596 1617 1826 1837 1966 1997 2010
 2021 2080 2287 2327 2498 2715 2789 3014 3077 3098 3168 3244 3311 3378
 3570 3580 3584 3676 3882 3918 4006 4211 4781 6255 6619 7467]",0.30715219586764453
"[ 601  806  907 1177 1475 1751 1885 1899 1938 1964 2079 2108 2216 2252
 2327 2395 2402 2640 2658 2716 2736 2792 3212 3357 3379 3446 3519 3588
 3920 3931 4010 4024 4063 4076 4144 6331 6682 7123 7399 7403]",0.2801861421119695
"[ 412  594  620  665  884 1125 1126 1196 1253 1464 1466 1880 1886 1908
 1971 2027 2285 2398 2550 2654 2661 2691 2822 2852 2947 3004 3007 3099
 3282 3429 3463 3504 3943 4145 4779 4850 4922 6616 6838 7115]",0.3083075829935631
"[ 413  523  601  618  673  950 1123 1263 1338 1388 1893 1949 1957 2038
 2043 2398 2644 2726 2826 2828 2832 3098 3147 3163 3243 3425 3435 3665
 3745 3886 3920 4005 5480 6400 6471 6618 6690 6764 6904 7109]",0.3176822041214582
"[ 402  978 1043 1048 1170 1393 1396 1460 1680 1755 1898 1974 2049 2071
 2102 2282 2302 2655 2659 2714 2736 3161 3319 3512 3516 3588 3658 3863
 3930 4060 4193 4218 4777 4784 6187 6620 6689 6832 6911 7038]",0.29324079580990775
"[ 269  410  592  623  658  660  665  674  682  692  770  959 1101 1119
 1121 1936 2028 2096 2143 2311 2570 2575 2659 3015 3080 3301 3422 3443
 3495 3586 3739 3787 3797 3989 4992 6475 6550 6681 7053 7327]",0.2831267362415874
"[ 412  739  741 1118 1125 1233 1449 1583 1609 1834 1898 1998 2040 2212
 2254 2286 2288 2435 2566 2576 2754 2827 2898 3014 3226 3230 3379 3495
 3501 3674 3959 4419 6610 6621 6834 6897 6973 7039 7255 7395]",0.2809375418157541
"[ 593  745  816  881  905 1024 1090 1100 1193 1228 1253 1516 1671 1758
 1980 2113 2148 2155 2395 2517 2644 2865 2866 2928 3017 3165 3360 3424
 3523 3646 3724 3796 3987 4076 4204 4289 6118 7052 7110 7112]",0.32262260231257384
"[ 519  626  661  741 1247 1543 1687 1838 1954 1998 2086 2118 2153 2212
 2217 2303 2357 2499 2579 2795 2856 2869 2875 3219 3232 3235 3298 3310
 3311 3356 3424 3429 3723 3930 6259 6260 6834 6836 7183 7469]",0.3031184500894753
"[ 525  671  886 1024 1124 1446 1529 1755 1880 1910 1951 2046 2070 2096
 2148 2243 2384 2465 2501 2517 2544 2657 2689 2831 3075 3166 3306 3454
 3457 3575 3643 3776 3793 3989 4071 4351 6188 6684 6977 7115]",0.3160121237910947
"[ 270  520  734  739  960 1096 1102 1185 1471 1543 1939 2041 2115 2214
 2567 2721 2736 2924 2932 3016 3080 3110 3149 3363 3423 3517 3572 3585
 3590 3642 3643 3665 3726 4061 5480 6184 6401 6760 7196 7324]",0.29322529908343564
"[ 341  661  678  693  886  887 1049 1472 1475 1760 1868 2069 2364 2444
 2723 2788 2800 2827 2901 3027 3083 3144 3157 3218 3221 3238 3286 3308
 3352 3722 3879 4072 4204 4217 4786 5977 6260 6828 6904 7051]",0.2946929098557125
"[ 341  416  456  801  822  960 1103 1118 1320 1809 1819 1927 1958 1963
 2026 2038 2046 2146 2154 2363 2943 3004 3070 3097 3139 3282 3305 3353
 3372 3381 3504 3573 3668 3861 4003 4203 5762 6412 6766 7037]",0.2879652341401252
"[ 340  412  481  624  695  886 1054 1178 1193 1515 1766 1831 1884 2066
 2094 2098 2116 2332 2394 2504 2584 2829 3222 3375 3435 3579 3646 3671
 3672 3738 3793 3863 3887 4095 4433 5201 6196 6541 6833 6894]",0.2953570996557425
"[ 762  882 1326 1399 1540 1665 1724 1980 2002 2011 2113 2152 2171 2283
 2304 2359 2521 2542 2617 2639 2687 2712 2741 2800 2939 3021 3096 3144
 3164 3305 3423 3431 3524 3879 3922 4148 4357 6623 6978 7038]",0.29907557805084606
"[ 822 1307 1329 1476 1662 1824 1879 2022 2025 2119 2186 2192 2296 2301
 2327 2403 2574 2750 2792 2794 2806 2877 2998 3015 3078 3081 3299 3305
 3438 3458 3647 3862 3873 4004 4130 4850 6257 6474 6547 6834]",0.29161989263645405
"[ 478  657  741  749 1175 1304 1464 1470 1517 1546 1691 1897 2006 2122
 2192 2377 2408 2505 2535 2578 2581 2652 2785 2794 2863 2878 3027 3310
 3521 3596 3866 4005 4058 4204 4418 6049 6543 6767 7113 7325]",0.288700058078043
"[ 671  677  823 1165 1473 1685 1760 1816 1931 1975 1980 2185 2296 2355
 2428 2457 2616 2646 2732 2791 2875 2897 2900 2944 2946 3021 3078 3221
 3448 3520 3862 3997 4097 4220 5333 6618 6688 7043 7051 7330]",0.28822066702286386
"[ 200  537  553  734  824  877  890 1104 1403 1476 1608 1788 1929 1966
 2009 2162 2180 2254 2354 2460 2710 2724 2757 2796 2902 3072 3095 3099
 3140 3291 3422 3438 3445 3729 4022 4134 4144 4279 4643 6981]",0.27988934868499216
"[ 340  450  451  822  907 1111 1121 1321 1472 1545 1857 1878 1897 1899
 1907 2139 2190 2210 2254 2289 2321 2330 2511 2521 2833 2874 2905 2947
 2997 3070 3085 3569 3577 3938 4132 4135 4148 4783 6186 6834]",0.3104948981695992
"[ 198  416  449  473  743  830  881  962  966 1055 1233 1867 1957 2047
 2167 2176 2181 2284 2359 2364 2436 2593 2654 2658 2784 2882 3089 3141
 3169 3219 3310 3673 3794 3918 4922 5973 6971 6981 7117 7401]",0.30774708895954234
"[ 550  620  957 1035 1053 1194 1374 1406 1545 1734 1947 2007 2223 2353
 2716 2787 2790 2897 2955 3080 3091 3159 3215 3230 3231 3355 3499 3798
 3813 3848 3871 4075 4420 5985 6330 6829 6909 7047 7116 7254]",0.2977663978416124
"[ 548  692  763  812  813  814 1233 1303 1324 1462 1663 1685 1693 1893
 2025 2116 2433 2584 2650 2734 2800 2825 3078 3094 3294 3359 3797 3811
 3816 3936 4007 4229 4712 4783 6116 6398 6549 6688 6763 7397]",0.29997422689906944
"[ 737 1026 1040 1106 1253 1315 1321 1677 1896 2224 2254 2256 2367 2572
 2714 2761 2869 2949 2997 3140 3162 3300 3302 3458 3522 3603 3658 3729
 3848 3924 4000 4073 4147 4304 4440 4706 6827 6904 6910 7256]",0.2798852260272632
"[ 383  416  742 1106 1110 1164 1252 1583 1594 1685 1978 2073 2083 2095
 2121 2357 2730 2866 2900 2943 3006 3067 3090 3146 3209 3581 3734 3863
 3874 3882 4001 4059 4366 4484 4784 6398 6614 6764 7184 7328]",0.29619112682588195
"[ 129  199  416  476  525  595  893  947  955  963 1092 1103 1115 1386
 1531 1603 1755 1927 2002 2012 2220 2249 2366 2383 2395 2504 2999 3070
 3076 3085 3284 3286 3529 3664 3671 3785 3867 3921 6184 7394]",0.26977960631615977
"[ 451  529  892 1118 1675 1764 1804 1832 1896 1998 2232 2452 2453 2511
 2568 2576 2577 2876 3026 3223 3232 3298 3495 3581 3741 3799 3851 4024
 4072 4073 4206 4217 4497 6340 6542 6614 6688 6758 7050 7251]",0.2895208525346414
"[ 451  739  810  956  979 1045 1053 1122 1540 1543 1740 1744 1881 1956
 2023 2042 2092 2102 2153 2220 2233 2442 2617 2651 2687 2736 2900 3008
 3015 3141 3427 3431 3440 3461 3518 3596 3812 3931 6046 7326]",0.3061383295225789
"[ 485  527  737  894  907 1031 1192 1256 1377 1476 1818 1960 2024 2038
 2211 2213 2289 2451 2640 2667 2709 2721 2758 2794 3001 3075 3175 3374
 3457 3520 3661 3919 3920 3935 4133 5762 6473 6620 6765 6983]",0.30875267783236504
"[ 450  662  730  885  900 1096 1123 1326 1538 1824 1859 1904 1949 2027
 2084 2172 2222 2315 2373 2576 2591 2616 2648 2656 2829 2862 2877 2971
 2973 3222 3311 3638 3739 3800 6186 6258 6331 6545 6907 6977]",0.3082311197441644
"[ 445  592  658  690  730  824 1051 1472 1514 1589 1674 1968 2068 2072
 2110 2253 2313 2377 2451 2641 2758 3002 3208 3225 3230 3238 3285 3380
 3425 3498 3581 3661 3729 3730 3789 4002 4062 4713 7046 7116]",0.2996852714688923
"[ 518 1105 1127 1307 1308 1887 1905 1976 2099 2187 2212 2218 2228 2231
 2259 2281 2307 2366 2397 2514 2657 2793 2831 2853 2878 2932 2945 2998
 3066 3072 3099 3372 3431 3591 3663 3883 4062 6838 7111 7466]",0.2846642096825937
"[ 450  591  620  694  695  764  890 1195 1392 1614 1668 1810 1856 1959
 2070 2075 2083 2115 2369 2455 2521 2578 2649 2661 2665 3005 3092 3354
 3427 3439 3509 3522 3531 3859 3886 4135 6397 6615 6768 7183]",0.30875247041776965
"[ 452  678  691  960 1106 1232 1738 1927 2016 2188 2298 2309 2366 2373
 2424 2425 2762 2887 2940 2948 3086 3143 3163 3285 3290 3350 3439 3495
 3574 3725 3778 3787 3989 4217 6261 6333 6403 6550 6910 7112]",0.2872890677177536
"[ 196  404  456  658  671  891  982 1048 1127 1375 1544 1615 1665 1758
 1881 2078 2210 2291 2496 2578 2586 2732 2792 2952 3237 3444 3445 3460
 3462 3533 3660 3671 3919 3936 3939 5201 5976 6696 7187 7398]",0.28644201127982427
"[ 744  812  884  890  961 1033 1051 1121 1462 1588 1663 1691 1807 1814
 1878 1896 2144 2683 2791 2867 2869 2944 3016 3370 3449 3460 3492 3669
 3706 3726 3732 3919 4075 4077 4141 4300 4440 6046 6837 6976]",0.27251952879091657
"[ 477  692  744  810 1025 1049 1050 1301 1469 1534 1797 2069 2326 2427
 2619 2783 2879 2937 2948 3148 3164 3165 3166 3426 3497 3591 3660 3731
 3741 3866 3881 3920 3936 4001 4568 4711 4714 5975 6977 7113]",0.2853058283343883
"[ 128  410  618  621  626  657  669  670  912 1033 1253 1462 1736 1800
 2026 2096 2187 2682 2755 2876 3224 3354 3589 3590 3595 3733 3739 3740
 3874 3921 4026 4070 4076 4433 6120 6766 6904 7041 7329 7396]",0.29075550048095106
"[ 741  821  910 1032 1329 1461 1547 1591 1735 1881 1894 1939 2253 2356
 2357 2495 2689 3076 3088 3281 3283 3370 3516 3569 3633 3656 3664 3669
 3727 3787 3796 4000 4076 4145 4782 6189 6552 6687 6694 6976]",0.31582607512231053
"[ 445  480  590  664  733  823  984 1102 1476 1607 1672 1809 1825 1828
 1957 2044 2084 2234 2442 2449 2569 2590 2593 2616 2657 2664 2799 3025
 3151 3744 3793 3811 3851 3852 4142 6547 6979 6981 6982 7187]",0.2878648205091459
"[ 483  591  598 1106 1835 2165 2170 2364 2587 2621 2662 2710 2728 3015
 3080 3221 3429 3570 3572 3653 3673 3709 3741 3818 3918 3936 3937 3948
 3989 4008 4075 4148 4219 6125 6761 6906 7038 7039 7042 7328]",0.27305789766199
"[ 592  770  815  973 1043 1105 1303 1390 1689 1876 1878 1908 1973 2011
 2091 2163 2194 2214 2218 2376 2639 2716 2750 2824 2994 3150 3300 3592
 3673 3991 4141 4203 4208 4432 4439 6114 6469 6766 6837 6903]",0.30702631832575616
"[ 378  842 1190 1724 1740 1894 1970 2041 2045 2049 2145 2216 2286 2292
 2384 2473 2573 2711 2728 2796 2801 2927 3086 3164 3313 3355 3379 3573
 3670 3803 3805 3846 4058 4145 4289 4344 4782 4991 6980 7465]",0.2865662555161389
"[ 476  522  812  823  871 1054 1094 1388 1664 1831 2028 2117 2155 2233
 2253 2355 2434 2439 2445 2731 2787 2853 3075 3146 3212 3280 3284 3359
 3361 3600 3658 3660 4216 4439 4555 4781 6622 6765 7184 7252]",0.30929474678076474
"[ 246  410  760  762 1036 1054 1233 1378 1389 1405 1520 1619 1677 1882
 1892 1953 2049 2079 2153 2214 2260 2426 2504 2506 2571 2649 2819 3000
 3160 3524 3708 3798 3868 3882 3919 4193 6903 6909 7123 7264]",0.27863531708976125
"[ 764  890 1112 1165 1182 1317 1459 1532 1685 1856 1899 2084 2094 2097
 2173 2221 2364 2588 2649 2863 2944 2968 3162 3213 3428 3493 3568 3724
 4148 4414 4432 5904 6610 6754 6908 6909 7112 7120 7328 7399]",0.3028476034078924
"[ 129  473  596  746  832 1170 1181 1183 1386 1541 1735 2120 2165 2181
 2311 2373 2380 2425 2570 2615 2793 2859 3014 3085 3283 3718 3800 3814
 3815 3886 4362 4434 4849 6259 6267 6398 6545 6763 6905 7402]",0.29344079865805023
"[ 310  341  548 1103 1124 1160 1387 1529 1591 1662 1810 1894 2044 2165
 2185 2303 2325 2468 2610 2618 2929 3078 3167 3210 3225 3354 3674 3738
 3813 3855 3918 3921 3992 4345 4777 4782 6261 6475 6689 6911]",0.2937598828970402
"[ 486  588  596  670  671  834  908 1050 1115 1237 1245 1544 1680 1931
 1969 2183 2289 2378 2381 2642 2716 2727 2796 2932 2940 3168 3300 3357
 3360 3364 3368 3382 3787 3797 4343 4709 4850 5546 6402 7037]",0.2733114221279451
"[ 521  738  835  897 1105 1125 1187 1192 1232 1392 1664 1669 1675 1970
 2007 2018 2182 2282 2496 2518 2575 2584 2599 2660 2874 3168 3298 3355
 3434 3596 3741 3745 3775 3852 3918 3933 4144 4218 6116 6614]",0.31448857980491757
"[ 537  690  741  754  888  980  982 1124 1448 1518 1528 1661 1761 1819
 2180 2232 2235 2317 2377 2378 2500 2509 2692 2714 2756 2946 3143 3166
 3224 3284 3495 3496 3593 3804 4148 4217 4439 4783 6475 6982]",0.28892785295004403
"[ 453  476  527  701  802  960 1127 1304 1329 1397 1534 1728 1908 2101
 2120 2169 2237 2285 2301 2306 2406 2518 2549 2570 2573 2692 2732 2928
 3015 3075 3584 3870 3883 3925 6119 6186 6187 6617 6826 6902]",0.3026545851679167
"[ 129  659  733  748  811  819  879 1122 1391 1736 1760 1814 2008 2074
 2226 2234 2293 2328 2394 2429 2654 2860 2950 2971 3016 3089 3143 3158
 3221 3238 3311 3797 3933 3956 4362 4850 5480 6332 6615 7182]",0.30259871241094183
"[ 198  199  551  670  689  823  895 1106 1111 1656 1724 2001 2041 2100
 2141 2152 2226 2449 2661 2722 3159 3286 3447 3586 3599 3660 3731 3793
 3794 3814 4129 4503 4850 6044 6696 6902 6905 6977 7255 7466]",0.28895540388344415
"[ 268  449  544  620  812  876  973 1255 1514 1533 1543 1592 1752 1804
 1906 1977 2029 2090 2222 2291 2657 2663 2689 2827 2976 3018 3092 3216
 3235 3364 3671 3801 3817 4061 4075 4706 6120 6261 6469 6625]",0.31693890206138425
"[ 200  341  382  480  659  765  818 1166 1594 1757 1819 1875 2163 2241
 2326 2433 2584 2592 2645 2716 2826 2939 3012 3089 3169 3236 3592 3742
 3807 3929 3994 4143 4710 4711 6330 6403 6901 7039 7049 7183]",0.30963094710826444
"[ 681  980  982 1030 1165 1377 1379 1682 1939 1975 2068 2099 2143 2184
 2239 2302 2508 2515 2554 2570 2646 2651 2793 2872 2927 3168 3239 3286
 3294 3497 3863 4003 4061 6043 6260 6325 6690 6979 7185 7331]",0.30230447702748436
"[ 662  697  764  819  891 1191 1245 1456 1606 1814 1832 1961 2025 2114
 2116 2224 2233 2354 2360 2394 2521 2658 2757 2758 2800 2937 2944 3081
 3215 3235 3581 3598 3816 3956 4134 4148 4646 4991 6550 6619]",0.2981691866666121
"[ 450  537  589  660  678  733  882 1022 1050 1101 1328 1472 1517 1544
 1592 1868 1888 2043 2095 2162 2238 2294 2578 2588 2619 2718 2791 3278
 3310 3450 3498 3516 3522 3579 3662 4062 4129 4642 6252 7043]",0.29044929769949934
"[ 409  690  735  983 1160 1302 1449 1663 1724 1748 1827 1906 1964 2010
 2295 2325 2352 2480 2519 2592 2594 2867 2953 3110 3145 3162 3309 3441
 3506 3732 3744 3859 3873 3993 4097 6691 6756 6761 7329 7397]",0.2997184664871889
"[ 480  619  673  695 1182 1185 1520 1587 1668 1899 2028 2048 2071 2169
 2255 2452 2573 2585 2720 2787 3013 3071 3169 3211 3230 3308 3311 3511
 3718 3745 3817 5973 6186 6475 6479 6694 6971 6983 7053 7113]",0.30230269234859936
"[ 829 1195 1301 1338 1545 1613 1615 1681 1816 1882 1955 1973 2115 2116
 2222 2363 2664 2757 2825 3094 3145 3229 3605 3656 3663 3670 3867 3990
 4193 4849 6190 6333 6547 6610 6764 6983 7042 7115 7326 7330]",0.2892807234522668
"[ 200  339  477  884  910  954 1054 1239 1462 1684 1758 1969 1975 1979
 2079 2083 2105 2145 2496 2500 2646 2729 2787 3098 3140 3371 3521 3572
 3674 3718 3729 3739 3740 3776 3811 6326 6763 6907 7123 7465]",0.3022841231709078
"[ 661  742  956  976 1040 1164 1193 1469 1603 1663 1733 2049 2073 2186
 2220 2730 2945 2956 3009 3019 3069 3073 3088 3153 3170 3213 3572 3574
 3651 3737 4290 4709 4712 6325 6334 6615 6766 6972 7398 7465]",0.30839897606313127
"[ 598  904  964  969 1053 1054 1173 1174 1195 1332 1474 1877 2102 2121
 2166 2188 2246 2571 2750 2826 2897 2943 3001 3025 3071 3167 3219 3226
 3443 3495 3519 3655 3943 3989 4357 6255 6473 6836 7114 7324]",0.28617168585427527
"[ 339  837 1040 1376 1377 1389 1547 1617 1752 1810 1958 2103 2121 2188
 2215 2232 2646 2648 2659 2685 2794 3017 3094 3171 3218 3294 3295 3350
 3428 3600 3873 3920 4132 4781 6196 6325 6543 6623 6764 6831]",0.3148102418193836
"[ 589  749  884  963  975 1184 1259 1265 1451 1687 1900 1970 2048 2084
 2140 2160 2166 2179 2212 2219 2374 2375 2428 2587 2685 2712 2787 2803
 2904 3213 3290 3444 3719 3805 3956 4274 4706 6905 6983 7052]",0.31290729538062795
"[ 129  305  456  518  660  744  745  982 1025 1302 1318 1373 1551 1828
 1875 2164 2171 2215 2375 2394 2495 3007 3024 3090 3141 3153 3293 3379
 3383 3424 3445 3517 3601 3740 3812 3922 4001 4073 4207 7255]",0.2857811231395644
"[ 656  667  895  952 1044 1236 1448 1518 1583 1949 2000 2021 2040 2073
 2119 2121 2185 2232 2395 2499 2500 2568 2572 2617 2655 2657 2861 2895
 2930 2973 3458 3565 3745 4133 6185 6263 6276 6410 6541 7398]",0.26565979099143555
"[ 338  450  521  586  738  743  971  980 1191 1193 1675 1825 1962 2081
 2092 2230 2232 2255 2352 2401 2469 2579 2709 2717 2752 2924 3169 3354
 3448 3512 4484 6047 6049 6404 6543 6763 7043 7052 7255 7465]",0.2992149593260159
"[ 244  477  742  825 1528 1931 2069 2071 2115 2156 2237 2329 2360 2443
 2791 2973 3005 3143 3170 3219 3370 3435 3583 3594 3739 3935 3991 4131
 4143 4199 4216 6260 6405 6548 6754 7041 7047 7052 7184 7393]",0.29994124105604364
"[ 129  621  671  979 1115 1116 1737 1897 1974 2008 2040 2142 2212 2216
 2507 2554 2586 2616 2617 2753 2899 3238 3305 3378 3424 3434 3505 3508
 3603 3642 3745 3794 3850 3866 3885 3938 4776 6540 6552 6614]",0.29512200683279355
"[ 671  979 1099 1104 1127 1398 1444 1516 1529 1881 1904 2044 2095 2116
 2154 2172 2224 2291 2356 2724 2755 2945 3070 3144 3294 3429 3461 3645
 3659 3846 3940 3954 3956 4275 4345 4360 4706 6255 6693 7187]",0.3090695766675693
"[ 128  197  447  475  480  593 1044 1049 1328 1472 1756 2221 2298 2368
 2465 2501 2593 2656 2788 2901 2999 3005 3013 3014 3377 3434 3508 3515
 3572 3590 3864 3920 4217 4922 6338 6620 6834 6983 7046 7116]",0.28888396399356264
"[ 550  593  656  676  871 1307 1376 1395 1459 1584 1616 1646 1765 1810
 1965 2095 2214 2253 2255 2301 2568 2755 2826 2827 3151 3152 3371 3448
 3595 3654 3725 3923 3952 4276 4555 4783 5480 6402 6408 6610]",0.27909108921659403
"[ 588  592  670  820  962 1094 1173 1184 1302 1327 1449 1998 2027 2074
 2092 2291 2373 2428 2499 2570 2692 2793 2800 2825 2834 3079 3169 3221
 3285 3301 3497 3521 3662 3673 3800 4071 4079 4274 6330 6908]",0.31228146435824217
"[ 589  731  762  816  836 1039 1117 1448 1545 1619 1663 1673 1835 2169
 2355 2401 2655 2719 2834 2864 2935 3005 3086 3165 3292 3310 3375 3654
 3672 3811 3864 3921 3954 4000 4277 4568 4783 6404 6974 7049]",0.3179119304634327
"[ 624  681  823  831  907 1022 1030 1114 1193 1517 1905 1955 1969 1998
 2317 2445 2449 2570 2577 2616 2661 2665 2866 3143 3361 3504 3567 3644
 3731 4098 4211 4217 4706 5976 6191 6399 6682 6690 7039 7399]",0.2924568965887755
"[ 450  518  547  666  734  824  838  839 1029 1253 1449 1892 1974 2039
 2115 2119 2151 2257 2293 2408 2520 2542 2577 2586 2754 2938 3163 3225
 3229 3237 3238 3357 3448 3521 3581 3672 3951 4098 4786 6766]",0.28400111748230983
"[ 590  602  695  803 1030 1103 1252 1329 1443 1469 1535 1545 1875 1895
 1940 2049 2101 2117 2185 2251 2450 2512 2784 2826 2895 2904 3085 3089
 3142 3158 3213 3297 3636 3718 3990 4149 4417 6615 7255 7327]",0.2947015013874625
"[1041 1047 1053 1054 1319 1536 1869 1876 1900 2005 2045 2429 2586 2646
 2731 2870 2897 3023 3166 3168 3307 3520 3567 3644 3648 3882 4122 4133
 4201 4289 4346 6468 6473 6693 6907 7114 7117 7258 7395 7465]",0.3086644422164227
"[ 449  477  980 1024 1042 1111 1196 1266 1544 1547 1665 1674 1731 1795
 1875 1888 1935 1957 2081 2161 2518 2646 2655 2688 2717 2801 2805 2876
 2998 3354 3385 3730 4358 4783 6115 6187 6335 6897 7042 7043]",0.2814337597276653
"[ 198  522  592  752  803  983 1030 1032 1050 1056 1187 1329 1444 1446
 1734 1788 1899 2028 2121 2161 2180 2257 2285 2660 2757 2762 2998 3158
 3280 3284 3355 3516 3639 4006 4290 4713 6184 6758 7046 7050]",0.3161969561027742
"[ 835  961 1110 1320 1977 2006 2046 2097 2140 2174 2242 2310 2314 2394
 2545 2588 2722 2755 2926 3164 3289 3449 3503 3517 3635 3650 3674 3739
 3798 3941 3992 4073 4359 4433 4850 4991 6402 6541 6906 7254]",0.29686568229191007
"[ 448  590  623  875 1050 1174 1195 1326 1388 1448 1661 1801 1888 1926
 1968 1977 2026 2113 2122 2211 2354 2381 2500 2622 2624 2646 2662 2684
 2710 2797 2800 2867 3354 3456 3515 3573 3720 3725 4147 4642]",0.3062853227925349
"[ 199  448  451  519  593  837  977 1111 1397 1449 1462 1590 1750 1820
 1945 2083 2112 2182 2235 2381 2522 2525 2726 2756 3141 3149 3454 3579
 3716 3851 3868 3944 4148 4706 6330 6684 6765 6912 6979 7398]",0.30556877322822634
"[ 588  591  821  909 1102 1120 1236 1375 1377 1587 1605 1823 1832 1944
 1945 2090 2140 2355 2376 2504 3010 3086 3212 3285 3363 3442 3644 3664
 3843 4148 4434 6695 6757 6761 6972 7046 7116 7121 7257 7261]",0.292306238116922
"[ 237  525  549  969 1050 1244 1265 1318 1516 1548 1689 1964 2024 2172
 2283 2295 2518 2653 2657 2738 2783 2798 3023 3088 3224 3286 3289 3305
 3369 3567 3568 3594 3788 3922 3992 4347 7042 7043 7048 7186]",0.3011966105970634
"[ 589  618  962  963 1050 1103 1656 1733 1816 1888 1937 1980 2043 2049
 2079 2189 2238 2284 2333 2571 2641 2684 2829 2865 2954 3000 3019 3244
 3285 3292 3434 3955 4219 4279 4435 5480 6686 7041 7049 7256]",0.3030729700659686
"[ 481  589  812  825  957 1120 1584 1590 1878 1904 1969 2070 2102 2147
 2186 2210 2214 2282 2294 2429 2573 2577 2642 2645 2656 3212 3222 3314
 3786 3887 4003 4059 4203 4287 4347 4992 6332 6621 6688 7254]",0.30598708569245814
"[ 519  814  885  889  891  912  952 1173 1306 1322 1468 1526 2050 2078
 2168 2213 2354 2444 2525 2642 2651 2782 2898 2899 3080 3146 3154 3382
 3571 3599 3675 3722 3815 3848 3917 4007 4713 6685 6971 7187]",0.2955145527908754
"[ 483  598  743 1248 1378 1534 1604 1747 1795 2032 2098 2311 2495 2512
 2649 2691 2713 2791 2827 2863 2946 3009 3090 3284 3300 3448 3498 3518
 3650 3740 3800 3808 3848 4351 6623 6903 6965 6974 7328 7400]",0.2746980124091392
"[ 447  665  739  751  833 1164 1193 1328 1330 1383 1446 1469 1476 1591
 1617 1949 2098 2180 2222 2303 2579 2663 2690 2756 2761 2825 3354 3371
 3429 3655 3657 3709 3746 3847 3854 4008 4205 6616 7254 7255]",0.28979828076558706
"[ 734  809  823  839  953 1051 1183 1476 1614 1972 2212 2293 2360 2381
 2570 2571 2599 2727 2732 2761 2829 3007 3098 3148 3164 3372 3494 3674
 3676 3872 3887 4073 4624 6125 6395 6398 6545 6623 6836 7466]",0.2974825349072786
"[ 618  622  662  963 1192 1255 1519 1586 1606 1617 1766 1877 1903 2041
 2080 2093 2309 2512 2572 2692 2882 2935 3005 3076 3169 3209 3426 3658
 3734 3785 3808 3868 3918 4008 4275 4708 6187 6191 6832 7181]",0.32294956508441325
"[ 339  545  835  979  980 1113 1122 1171 1517 1590 1874 1899 1978 2037
 2098 2293 2304 2402 2499 2504 2505 2592 2648 3432 3500 3503 3518 3593
 3673 3810 3850 3931 3989 3991 3994 6689 6766 6971 7043 7465]",0.30857236380583575
"[ 129  552  600  803 1056 1174 1750 1765 1815 1927 1956 1969 2145 2147
 2167 2190 2212 2215 2358 2654 2655 2682 2685 2725 2744 2899 3216 3296
 3303 3428 3434 3494 3742 4076 4205 4361 6835 6982 7040 7393]",0.302326883437829
"[ 447  821 1050 1109 1253 1334 1516 1607 1734 1759 1906 2025 2044 2073
 2150 2169 2223 2325 2649 2656 2937 2976 3015 3081 3140 3166 3514 3531
 3642 3779 3934 4063 4081 4148 6257 6764 6906 6971 6981 7047]",0.3247278375650786
"[ 448  481  522  551  730  977 1050 1162 1173 1315 1335 1826 1879 2001
 2078 2242 2293 2358 2660 2864 2868 3002 3080 3098 3166 3211 3300 3311
 3375 3427 3644 3652 3814 4713 6691 6694 6762 6832 7123 7395]",0.3192537297109843
"[ 522  588  951  984 1021 1120 1468 1474 1927 1957 2026 2074 2141 2186
 2253 2324 2371 2521 2569 2718 2833 2957 3357 3440 3496 3503 3745 3803
 4002 4072 4077 4210 6115 6681 6686 6761 6766 7255 7326 7466]",0.31639532325287134
"[ 446  621 1049 1053 1175 1302 1369 1458 1857 1885 2091 2121 2153 2357
 2430 2518 2589 2616 2658 2660 2689 2755 2899 3006 3148 3362 3381 3426
 3462 3601 3603 3865 4289 4439 5902 6043 6910 7185 7253 7328]",0.3002054662869161
"[ 342  586  593  600  812  910  961 1260 1740 1837 1906 1968 2000 2120
 2498 2512 2586 2598 2718 3075 3085 3233 3282 3285 3295 3582 3661 3709
 3737 3779 3801 3816 3933 3955 3996 4143 4202 6184 6400 7466]",0.2955787621258544
"[ 739  892 1100 1113 1165 1190 1593 1605 1671 1694 1878 1929 2004 2038
 2040 2041 2110 2170 2173 2225 2293 2474 2515 2539 2592 3003 3096 3144
 3243 3283 3441 3570 3581 3590 3591 3709 3807 3847 3853 6912]",0.2830079501350047
"[ 445  450  460  816  819 1049 1054 1109 1113 1115 1174 1243 1389 1464
 1668 1881 1949 2141 2173 2312 2369 2430 2500 2527 2582 2653 2725 2873
 3222 3528 3658 3674 3721 3738 3798 3850 3881 6550 6691 7403]",0.2759945963665942
"[ 548  762  884  891  909 1304 1392 1406 1729 1749 1978 2049 2118 2149
 2162 2501 2590 2649 2726 2784 2790 2877 2904 3074 3080 3163 3171 3311
 3449 3789 3795 3811 4073 6120 6399 6480 6619 6685 6761 6835]",0.32042805724579365
"[ 552  601  660  690  892 1122 1247 1318 1398 1613 1816 1949 2074 2232
 2408 2430 2449 2827 2883 3165 3215 3283 3291 3308 3353 3379 3427 3433
 3440 3604 4142 4279 4508 6259 6470 6544 6980 7123 7184 7186]",0.31504326826231593
"[ 246  481  879  910  975 1189 1379 1466 1588 1879 1973 2115 2151 2238
 2265 2307 2358 2452 2453 2514 2594 2728 2903 2976 3166 3214 3230 3282
 3432 3504 3572 3704 3803 3991 4146 4358 4782 6189 6686 7253]",0.3038550113379268
"[ 457  545  600  964 1042 1182 1255 1590 1724 1785 2110 2145 2171 2183
 2313 2427 2713 2720 2733 2825 2950 3008 3080 3163 3501 3524 3575 3581
 3591 3780 3793 3872 4131 4132 6258 6765 6907 6979 7040 7467]",0.2889377133113222
"[ 526  809 1119 1181 1185 1254 1461 1546 1585 1739 1755 1815 2025 2150
 2258 2504 2638 2645 2836 3002 3004 3152 3169 3230 3279 3796 3869 3956
 3989 4569 4703 6258 6332 6398 6548 6550 6687 6967 7042 7181]",0.28607552796242586
"[ 524  553  602  618 1051 1099 1183 1193 1528 1616 2214 2235 2288 2312
 2366 2381 2582 2617 2646 2663 2896 2945 2947 3211 3291 3368 3453 3601
 3776 3812 3814 3922 3932 4010 4135 4151 5832 5975 6976 7115]",0.2999197912897502
"[ 269  741  752  823  884 1512 1674 1880 1898 1905 1928 2034 2039 2041
 2083 2097 2122 2145 2219 2283 2288 2497 2513 2522 2577 2622 2799 2882
 3219 3230 3236 3566 3579 3918 4204 6262 6474 6975 6977 7469]",0.2939432708492139
"[ 523  600  616  659  666  671  909 1023 1032 1301 1538 1967 2101 2192
 2210 2218 2223 2286 2327 2354 2497 2576 2857 2949 3209 3238 3280 3291
 3503 3572 3582 3593 3643 3655 3790 4003 4290 6681 6757 6759]",0.2936039353065984
"[ 378  445  458  809 1035 1120 1183 1235 1393 1735 1766 1976 2032 2104
 2159 2314 2430 2464 2520 2827 2870 2937 2939 3007 3093 3139 3166 3369
 3494 3779 3813 3864 4006 4059 4061 5062 6625 6837 7180 7467]",0.29643341180429333
"[ 663  734  763  824  887 1052 1193 1302 1400 1447 1449 1519 1673 2113
 2213 2383 2509 2615 2653 2763 2905 2930 3235 3238 3377 3505 3605 3633
 3662 3671 4167 4432 6189 6475 6829 6837 6911 6912 7039 7253]",0.3082599963313357
"[ 549  669  697  910  959  964 1035 1103 1113 1123 1256 1266 1545 1802
 1997 2028 2040 2047 2186 2244 2432 2448 2498 2644 2750 2866 2875 3075
 3431 3448 3452 3515 3874 3885 3956 4136 5546 6121 6763 6839]",0.29554396543704786
"[ 176  524  730  742  763  834  910  982 1187 1265 1401 1529 1751 1804
 2092 2172 2241 2257 2643 2660 2830 2929 3078 3081 3087 3443 3573 3583
 3812 3850 4205 4218 4783 6407 6685 6836 6840 6982 7044 7251]",0.3304302465230255
"[ 405  884  956 1030 1238 1544 1547 1972 2123 2216 2303 2360 2512 2518
 2716 2810 2865 2905 2936 3072 3213 3311 3449 3498 3518 3582 3595 3717
 3795 3879 3921 3926 4203 6044 6115 6118 6327 6619 6763 7398]",0.2980662271933343
"[ 746  911  979 1182 1307 1376 1614 1878 1901 1950 1977 2068 2118 2172
 2184 2292 2589 2720 2754 2937 3028 3077 3139 3144 3151 3279 3289 3351
 3378 3572 3670 3917 3923 4060 4063 4215 4290 4780 6338 7324]",0.299904177311261
"[ 689  824 1027 1028 1048 1054 1447 1518 1689 1908 1910 2049 2090 2213
 2286 2326 2543 2577 2715 2721 3038 3095 3306 3499 3522 3601 3668 3740
 3787 3854 3921 3922 4134 4204 6331 6617 6828 6832 6972 7112]",0.28787150401317085
"[ 448  480  763 1100 1247 1390 1676 1736 1976 1978 2117 2119 2167 2185
 2210 2307 2355 2361 2652 2725 2760 2899 2947 3008 3140 3215 3309 3923
 3945 4157 5480 6827 6834 6838 6980 7185 7188 7190 7252 7469]",0.30333619761526487
"[ 553  591  691  771 1030 1053 1531 1751 2217 2233 2287 2586 2654 2661
 2664 2722 2726 2739 2809 2863 2896 3005 3016 3213 3239 3529 3602 3674
 3737 3955 4150 4216 5979 6191 6397 6469 6541 6900 7120 7395]",0.28874196910140687
"[ 731  885  961 1107 1264 1312 1462 1543 1821 1940 2116 2150 2252 2285
 2327 2378 2386 2790 2932 2944 2966 3007 3153 3379 3504 3645 3654 3706
 3732 3883 3930 3931 4004 4060 4073 4098 6117 6260 6694 7114]",0.2999132672800154
"[ 401  972 1399 1444 1533 1825 1950 1954 1955 1960 1964 2183 2233 2322
 2354 2459 2516 2592 2593 2780 2829 2946 3071 3223 3292 3307 3433 3504
 3662 3669 3743 3925 4134 4706 6476 6543 6695 6901 6910 7253]",0.28554277276596246
"[ 198  556 1114 1173 1401 1604 1605 1664 1678 1735 1886 1891 2114 2158
 2186 2222 2254 2449 2505 2507 2521 2791 2853 3084 3379 3720 3777 3786
 3872 3885 3992 4059 4060 4077 4131 6258 6328 6763 7042 7257]",0.286488559766691
"[ 448  475  545  617  882  883 1018 1186 1266 1326 1534 1597 1833 1885
 2022 2023 2096 2153 2161 2214 2254 2257 2617 2652 2816 3167 3309 3669
 3874 4275 5974 6049 6116 6257 6554 6765 7046 7254 7256 7396]",0.28413140400273507
"[ 663  886  888  980 1092 1110 1168 1245 1262 1321 1392 1819 1820 1999
 2091 2315 2364 2858 2883 2939 2999 3016 3022 3142 3238 3428 3581 3721
 3815 3886 4010 4074 4144 4214 6548 6768 7117 7120 7124 7186]",0.30133483787771864
"[ 129  448  663  664  693  733  839 1032 1038 1100 1165 1192 1244 1326
 1400 1448 1474 1604 1617 1833 2027 2038 2050 2120 2155 2356 2596 2645
 2786 3077 3138 3158 3355 3577 3988 4710 6252 6757 6829 7107]",0.2927911887134711
"[ 533  601  670  809  885  891  985 1127 1195 1330 1749 1806 1815 2006
 2010 2255 2257 2295 2451 2729 3016 3026 3103 3166 3448 3512 3734 3743
 3744 3811 4219 4641 6621 6696 6826 6901 7040 7114 7260 7326]",0.2911245591630701
"[ 197  764  825  838  957 1034 1191 1806 1950 1996 2170 2215 2223 2328
 2402 2498 2521 2592 2665 2696 2765 2877 3101 3296 3310 3382 3512 3707
 3731 3745 3932 4363 4640 6184 6189 6261 6331 6625 6694 7323]",0.27978792633219757
"[ 412  534  546  547  549  658  734  746  910  963  981 1038 1240 1589
 1608 1620 1741 1822 1879 1899 2018 2025 2213 2522 2576 2665 2794 2797
 2805 2945 2948 3319 3354 3368 3645 3724 3887 4066 4135 6043]",0.28400035663407974
"[ 548  596  822  911 1031 1688 1724 1798 1856 1949 1962 1971 1979 2024
 2075 2304 2373 2447 2580 2581 2726 2831 3074 3094 3169 3215 3233 3289
 3305 3576 3661 4712 4850 6125 6397 6470 6763 6908 7328 7332]",0.2976518407244203
"[ 271  884  978 1049 1123 1172 1235 1319 1448 1546 1608 1905 1954 2154
 2221 2253 2357 2594 2598 2615 2646 2763 2866 2869 3071 3102 3428 3452
 3495 3522 3567 3597 3662 3739 3991 4361 6257 6258 6400 7043]",0.3101286867220915
"[ 339  341  744  950 1091 1325 1532 1545 1601 1810 1814 1816 2083 2099
 2110 2172 2238 2322 2516 2571 2591 2662 3211 3214 3590 3591 3718 3816
 3851 5480 5985 6047 6252 6617 6829 6980 7040 7121 7253 7326]",0.2907555912437617
"[ 617  745  759  820  978 1305 1391 1546 1688 1737 1836 2010 2095 2218
 2259 2672 2712 2718 2723 2864 2926 2999 3092 3144 3149 3291 3376 3382
 3423 3426 3532 3731 3862 3939 4151 4158 6186 6620 6977 7255]",0.30135279751024285
"[ 453  521  670  674  908 1031 1165 1303 1325 1377 1516 1755 1830 1927
 2045 2284 2291 2520 2592 2656 2854 2864 2949 3093 3232 3286 3427 3447
 3448 3520 3567 3574 3734 3739 3864 3921 3952 4193 7183 7255]",0.2995814415156885
"[ 411  747  892 1101 1191 1230 1252 1303 1327 1902 1948 2048 2097 2108
 2326 2328 2376 2507 2535 2619 2896 2937 2944 3015 3020 3075 3238 3239
 3308 3446 3654 3952 4132 4150 4709 6330 6685 7054 7327 7395]",0.30152751538144285
"[ 409  449  520  551  622  662  891 1042 1164 1371 1947 2081 2097 2120
 2226 2516 2655 2752 2793 2897 3025 3092 3100 3111 3280 3307 3361 3510
 3704 3715 3788 3813 3945 4202 4367 4711 6395 6469 6977 7115]",0.29402141365884804
"[ 909 1312 1468 1516 1619 1680 1740 1755 1835 1886 1953 1977 2074 2114
 2152 2184 2357 2649 2799 2901 3080 3092 3101 3299 3534 3577 3921 4076
 4098 4135 4202 4216 4361 6400 6619 6684 6836 7044 7050 7258]",0.31480170671004454
"[ 269  409  519  551  605  620  669  740  892  903 1028 1173 1192 1196
 1402 1472 1741 1801 2080 2100 2210 2232 2286 2299 2366 2520 2567 2657
 2824 2936 3364 3457 3656 4003 4712 6547 6825 6834 6901 7193]",0.2890618172647156
"[ 129  484  761  890 1110 1256 1449 1548 1667 1973 1975 2075 2083 2100
 2153 2219 2283 2307 2326 2373 2446 2581 2617 2787 2945 3082 3150 3314
 3320 3353 3496 3991 3993 4229 4361 4439 6259 6760 6972 7119]",0.31059196838420833
"[ 129  449  480  660  904  978 1527 1589 1674 1867 1879 1900 1944 2029
 2378 2398 2642 2691 2735 2800 2973 2999 3008 3014 3078 3229 3354 3363
 3644 3656 3664 3733 3885 3945 3992 4145 4777 6894 7193 7326]",0.2964357473254516
"[ 197  594  597  618  804  983 1026 1030 1163 1194 1522 1604 2019 2040
 2047 2145 2215 2225 2283 2295 2403 2458 2575 2654 2688 2783 2793 2868
 3014 3027 3356 3515 3779 3991 3994 4204 4786 6332 6399 6404]",0.30598607778806564
"[ 621  881  907 1027 1107 1470 1665 1759 2081 2160 2253 2259 2474 2513
 2545 2582 2642 2723 2753 2809 3150 3164 3496 3530 3567 3662 3715 3789
 3808 3936 3989 4075 4146 6116 6475 6968 7112 7113 7191 7255]",0.30958170306076227
"[ 342  379  589  740  811  908  979 1112 1233 1255 1445 1602 1738 1883
 2091 2097 2220 2430 2447 2709 2800 2801 2899 3009 3015 3017 3021 3161
 3212 3359 3370 3440 3521 3591 3664 4071 6186 7041 7112 7113]",0.2875936874130334
"[ 237  591  664  741  951 1052 1194 1392 1745 1750 2012 2044 2099 2284
 2288 2293 2429 2459 2549 2637 2658 2797 2830 2898 2899 3094 3142 3151
 3217 3584 3592 3658 3922 4079 4351 6254 6469 6760 6836 6908]",0.3200571658884473
"[ 589  734  871 1042 1101 1124 1248 1333 1334 1673 1676 1819 1904 2009
 2184 2218 2313 2362 2531 2589 2660 3024 3139 3144 3215 3299 3517 3522
 3572 3708 3817 3929 4079 4141 4503 4706 6547 6614 6694 7251]",0.2938990894459282
"[ 385  591  815  843  959  982 1031 1111 1120 1163 1400 1518 1530 1656
 1732 1952 1956 1978 2026 2142 2151 2160 2313 2378 2648 2800 2941 3208
 3309 3378 3715 4010 4061 4078 6334 6619 6621 7114 7115 7120]",0.3054852331923376
"[ 406  416  518  734  909 1026 1045 1191 1230 1396 1467 1514 1590 1756
 1877 1976 2012 2044 2107 2220 2591 2790 2869 2896 2953 3007 3039 3101
 3210 3435 3457 3656 4076 4148 4346 4922 6395 6400 6694 7465]",0.2859039475939896
"[ 271  669  741  762  803  907 1115 1236 1591 2023 2073 2093 2101 2324
 2358 2446 2505 2516 2578 2897 2957 2976 2998 3143 3209 3214 3238 3533
 3720 3847 3867 3993 4003 4276 5480 6046 6190 7049 7394 7401]",0.301985131090709
"[ 766  983 1172 1173 1182 1396 1476 1535 1755 1880 1907 1938 2027 2086
 2119 2284 2355 2365 2381 2453 2521 3026 3445 3455 3504 3512 3519 3792
 3814 3866 3873 4076 6044 6121 6257 6402 6546 6910 6978 6980]",0.2873637951929873
"[ 269  450  478  547  739  761  767  911 1182 1476 1763 2122 2221 2285
 2429 2453 2514 2730 2739 2826 2864 2872 2881 2900 2998 3093 3230 3284
 3355 3361 3457 3523 3573 3668 3803 4783 6469 7111 7263 7399]",0.2840967485100666
"[ 522  760  804 1543 1583 1615 1663 1665 1830 1966 1978 2145 2234 2245
 2397 2549 2567 2639 2647 2655 2688 2757 2762 2854 2903 2939 2944 2971
 3015 3018 3149 3234 3304 3432 3500 3671 3738 3847 4063 6480]",0.2672451167521391
"[ 483  520  666  891 1034 1190 1546 1686 1879 1889 1904 1945 2234 2284
 2426 2578 2715 2717 2764 2852 2861 2870 3038 3140 3159 3355 3365 3492
 3495 3503 3584 3672 3932 4275 4992 6121 6325 6687 6969 7196]",0.2973867492554004
"[ 449  481  738  747 1182 1184 1255 1444 1476 1752 1900 2007 2404 2427
 2565 2647 2673 2853 2966 3072 3075 3078 3142 3223 3377 3382 3450 3452
 3730 3796 3863 3994 4078 4216 4409 4555 6043 6339 6767 7111]",0.288925106205623
"[ 894  964  974 1028 1115 1122 1194 1382 1399 1545 1686 1749 1762 2118
 2430 2504 2512 2577 2585 2641 2643 2665 2709 2732 2793 2830 2952 2994
 2999 3008 3159 3210 3221 3223 3500 3671 3787 3791 3881 4205]",0.27638571216192737
"[ 692  731  823 1051 1121 1237 1519 1658 1673 1821 1942 2044 2071 2162
 2171 2290 2576 2578 2623 2637 2792 2832 2946 3086 3090 3152 3170 3240
 3356 3570 4073 4144 6334 6694 6767 6837 7042 7043 7048 7328]",0.29675445348346835
"[ 237  692  774  818  879 1029 1038 1108 1238 1303 1378 1397 2080 2232
 2251 2332 2398 2554 2726 2735 2784 2865 2935 2948 3027 3070 3083 3352
 3660 3664 3734 4002 4073 4132 4346 4624 6195 6612 6824 6981]",0.28287423920704946
"[ 617  675  764  886  981 1174 1378 1397 1757 1858 1968 2004 2384 2661
 2728 2786 2790 2794 2800 2829 2948 3005 3139 3304 3446 3451 3589 3643
 3669 3719 3854 3932 4062 6259 6756 6761 6764 7321 7324 7466]",0.32301354748293326
"[ 129  661  819  961 1027 1247 1305 1374 1391 1392 1447 1663 1820 1885
 2045 2141 2144 2186 2406 2448 2514 2593 2647 2665 2721 2942 2947 3229
 3305 3524 3720 3881 4005 4075 4225 6612 6621 6840 6908 7253]",0.2918877896640675
"[ 555  589 1245 1378 1656 1756 1757 1758 1821 1830 1978 2027 2048 2666
 2685 2789 2827 2945 2976 3160 3237 3425 3428 3576 3590 3642 3737 3884
 3936 4062 4072 4304 4362 4419 6047 6194 6401 6546 7119 7258]",0.2854260764259007
"[ 338  481  588  688  892  971 1049 1103 1264 1474 1546 1585 1601 1832
 1880 1907 1925 1929 2166 2179 2326 2407 2518 2830 2885 3085 3234 3435
 3506 3590 3648 3715 3854 3919 3930 4274 4640 4776 6186 6763]",0.29277902391259286
"[ 588  661  689  883  911  978 1540 1666 1746 1758 1836 1876 1878 1950
 1969 1972 2038 2145 2183 2255 2283 2305 2517 2645 2723 2736 2787 2827
 3158 3288 3588 3666 3706 3707 3801 4215 4219 6692 6839 7119]",0.2935872058760102
"[ 129  481  550  673  688  836  889  895  943  954 1173 1174 1307 1407
 1443 1533 1814 1895 2050 2358 2369 2458 2500 2584 2594 2686 2731 3069
 3099 3241 3579 3589 3730 3786 4063 4361 4425 6835 6904 6976]",0.2894985956393607
"[ 463  693 1038 1733 1809 1884 1896 1956 1976 2012 2313 2518 2525 2570
 2728 2796 2940 3070 3072 3087 3158 3287 3458 3505 3510 3661 3671 3715
 3721 3731 3738 3780 3991 4005 4022 4146 4219 4274 6116 6328]",0.28101533232183923
"[ 894  981 1033 1052 1119 1120 1377 1674 1679 1689 1819 1820 2012 2141
 2308 2446 2516 2641 2691 2793 3234 3285 3293 3353 3426 3440 3464 3498
 3586 3601 3674 3804 3808 3952 3992 4149 4705 4785 5546 6395]",0.2813707886339385
"[ 197  656  743  744 1026 1098 1301 1373 1385 1474 1541 1806 1979 2010
 2019 2026 2112 2252 2297 2502 2571 2643 2757 2905 2956 2971 3009 3092
 3228 3570 3730 3799 3801 3818 3920 4143 6682 6696 6911 7184]",0.29097552649073016
"[ 380  907 1096 1196 1332 1377 1397 1519 1593 1603 1607 1676 1687 1757
 1948 2074 2185 2211 2401 2568 2648 2718 2764 2794 2856 2934 2939 3164
 3289 3295 3303 3579 3736 3794 3797 6186 6332 6696 6969 7186]",0.30562076324961074
"[ 477  842  977 1031 1103 1397 1614 1663 1669 1734 1785 1879 1904 2001
 2039 2048 2095 2103 2181 2218 2222 2512 2652 3001 3002 3010 3216 3234
 3513 3571 3588 3592 3735 3850 3932 3991 4080 4439 6760 7393]",0.2990788127752207
"[ 340  663  688  839 1127 1185 1326 1390 1538 1543 1876 2169 2286 2291
 2360 2378 2519 2595 2663 2717 2798 2952 2955 3005 3143 3144 3210 3300
 3665 3669 3733 3809 4000 4059 4288 6480 6977 7044 7052 7466]",0.2949714844018379
"[ 308  480  673  681  695  828  883  958 1030 1053 1108 1121 1125 1243
 1245 1304 1531 1682 1686 1690 1736 1863 1969 2007 2009 2032 2573 2786
 2971 3080 3081 3093 3169 3281 3312 3584 3719 4274 6610 7037]",0.26454305219955504
"[ 384  692 1050 1193 1377 1968 2000 2081 2146 2165 2184 2291 2655 2880
 2935 3096 3146 3281 3310 3354 3496 3577 3585 3601 3667 3717 3789 3874
 3918 3919 3933 3934 4142 6117 6184 6398 6545 6614 6620 7114]",0.2781389858105728
"[ 446  523  658  660  985 1317 1466 1474 1609 1815 1881 1969 2141 2155
 2216 2402 2531 2549 2617 2639 2654 3008 3022 3075 3097 3452 3520 3581
 3582 3646 3724 3861 4007 4060 4062 4193 4640 6049 6474 6767]",0.29862291572173755
"[ 310  339  667  742  882  957  983 1127 1396 1443 1458 1459 1516 1670
 1941 2038 2078 2184 2314 2642 2794 2804 3027 3090 3212 3297 3351 3517
 3581 3632 3740 3859 3864 3956 4146 4201 4345 4347 6551 6697]",0.29307975167685363
"[ 196  449  741  904  953 1034 1100 1111 1235 1266 1473 1690 1798 1883
 2246 2295 2313 2498 2502 2689 2796 2828 2938 2971 3151 3165 3168 3237
 3655 3671 3732 3859 3863 4149 4362 4711 6117 6469 6835 6970]",0.3070567186204379
"[ 523  600  814  882 1031 1106 1522 1824 1885 1971 2101 2112 2180 2251
 2359 2439 2500 2513 2544 2570 2721 2722 2801 2901 2926 2940 3001 3151
 3461 3580 3585 3637 3720 3922 4073 4095 4420 6189 6762 7257]",0.2839932666075828
