layout,fitness
"[ 243  404  553  676  809 1169 1230 1404 1468 1673 1694 1736 1788 2181
 2230 2260 2457 2496 2507 2592 2623 2825 2940 3161 3282 3313 3436 3631
 3872 4005 4024 4205 4715 4779 5334 5346 6044 6545 6980 7330]",0.32717271717413965
"[ 314  413  806  818  844  906  969 1451 1472 1676 1765 1930 2008 2015
 2038 2164 2173 2329 2426 2480 2576 2586 2668 2826 2926 3151 3160 3171
 3531 3557 3571 3652 3802 4022 4203 4291 6046 6832 7394 7401]",0.3354462548247992
"[ 320  481  523  823  873 1029 1115 1194 1459 1589 1682 1692 1956 2007
 2069 2086 2181 2189 2316 2451 2572 2621 2826 2870 2886 3164 3218 3650
 3658 3784 3883 3985 4227 4275 4290 4639 5834 6546 7188 7252]",0.32735251474060345
"[ 548  802  810  840 1039 1046 1243 1300 1307 1612 1747 1906 1944 1996
 2025 2076 2247 2254 2510 2567 2660 2716 2824 2882 3079 3386 3501 3589
 3863 3951 4134 4229 4502 5336 5905 6411 6473 6967 6981 7330]",0.34483772119173906
"[ 388  410  909  947  954  973 1250 1514 1522 1548 1612 1863 2018 2042
 2294 2335 2388 2496 2515 2882 2896 2945 2996 3149 3427 3557 3590 3652
 3950 3999 4062 4291 4339 4639 4700 5344 5834 6331 6838 7254]",0.3307384683218151
"[ 194  592  600  824  908 1022 1185 1546 1590 1597 1675 1929 2043 2121
 2151 2305 2390 2567 2693 2719 3019 3151 3175 3283 3518 3596 3643 3652
 3674 4133 4144 4151 4301 4409 4645 5835 6332 6904 7179 7401]",0.35386403698695235
"[ 389  450  764  810  960 1054 1258 1514 1522 1675 1761 2083 2096 2141
 2180 2330 2504 2527 2591 2763 2826 2888 2939 2998 3288 3307 3370 3559
 3638 3746 3789 4013 4206 4306 4643 5987 6189 6762 6825 7471]",0.33978616136361056
"[ 308  319  550  669  911 1036 1166 1230 1326 1622 1662 1686 1741 2002
 2177 2189 2303 2367 2571 2683 2739 3008 3016 3382 3420 3446 3572 3674
 3724 4024 4070 4133 4230 4291 4410 5406 6115 6693 7037 7401]",0.32939986704994223
"[ 387  415  550  659 1019 1050 1097 1104 1327 1584 1602 1762 1946 1962
 1996 2040 2221 2260 2381 2567 2623 2788 2825 2883 3012 3218 3282 3372
 3533 3578 3951 4000 4009 4205 4266 4573 6334 6755 6767 7260]",0.3353573749126201
"[ 333  522  693  815  983 1038 1237 1299 1399 1534 1938 1976 2040 2237
 2284 2316 2471 2515 2576 2735 2831 2854 3033 3309 3364 3444 3533 3642
 3704 3940 3951 4004 4204 4505 4781 6613 6691 7051 7251 7329]",0.3625877675605691
"[ 531  545  557  591 1053 1090 1100 1393 1472 1589 1836 1866 2025 2105
 2160 2328 2432 2664 2724 2826 3029 3071 3086 3588 3639 3647 3675 4024
 4078 4085 4141 4203 4573 4708 6048 6325 6340 6757 7250 7260]",0.3360013097999906
"[ 248  383  546  803  837  882 1112 1176 1409 1442 1473 1594 1819 1954
 2000 2016 2119 2180 2293 2516 2614 2622 2638 2787 2881 2890 3011 3217
 3382 3730 3776 3812 3933 4433 4782 5701 5979 6825 6839 7186]",0.3253935762314406
"[ 249  403  481  749  801  813  900 1050 1300 1391 1454 1613 1691 2073
 2190 2234 2244 2253 2719 2734 2818 2829 2837 2869 3140 3314 3363 3517
 3604 3854 3936 3953 4204 4432 5345 5907 6472 6905 7323 7472]",0.353088774068281
"[ 319  383  476  555  805 1050 1172 1321 1583 1591 1756 1859 1885 2034
 2233 2255 2354 2363 2479 2739 2856 2868 3218 3311 3423 3533 3583 3629
 3811 3859 4016 4278 4293 5258 5555 6048 6624 7037 7192 7397]",0.3184060123358371
"[ 315  474  805  834  886  893  913 1155 1463 1525 1683 1858 1871 1906
 2162 2249 2355 2362 2405 2611 2765 2805 2858 2940 3033 3353 3362 3380
 3603 3656 3703 3855 4358 4365 4922 6119 6759 7052 7179 7399]",0.3110890541799514
"[ 249  479  682  810  888  911 1117 1179 1442 1450 1683 1943 1973 2033
 2069 2148 2167 2266 2536 2715 2742 2761 2869 3210 3219 3230 3380 3640
 3673 3915 4071 4079 4573 4831 6045 6406 6485 6823 7120 7323]",0.3139726684995154
"[ 248  486  662  905 1036 1097 1230 1326 1590 1743 1761 1858 2105 2233
 2255 2292 2354 2480 2593 2752 2787 2797 3027 3289 3369 3492 3519 3741
 3990 4087 4143 4221 4490 4552 4711 6050 6831 6910 7250 7401]",0.3400883776977316
"[ 317  330  662  762  888  982 1038 1236 1299 1398 1673 1735 1835 1930
 1941 2182 2246 2290 2334 2515 2668 2684 3009 3067 3088 3098 3571 3591
 3651 3812 4069 4133 4226 4573 5979 6543 6621 7108 7122 7400]",0.36686483857439567
"[ 451  461  623  682  772  872 1168 1179 1186 1303 1336 1835 2025 2033
 2040 2156 2353 2360 2549 2593 2897 3006 3070 3226 3241 3590 3634 3746
 3929 4009 4024 4088 4204 4265 4642 5836 6687 6751 6766 7401]",0.3317014998978144
"[ 379  389  403  557  739  901  945 1050 1311 1464 1545 1804 2049 2077
 2139 2182 2240 2437 2590 2600 2643 3012 3076 3100 3235 3563 3604 3643
 3650 4084 4095 4133 4287 4553 5335 6186 6198 6762 7108 7328]",0.3254160948264585
"[ 536  669  692  873  897 1195 1238 1442 1465 1717 1902 1963 2009 2168
 2301 2332 2359 2535 2623 2941 2949 2995 3002 3240 3435 3446 3637 3867
 3954 4001 4204 4231 4267 4362 5345 5475 6048 6833 7108 7330]",0.33591356423864477
"[ 383  628  658  743  759 1121 1322 1597 1687 1726 1817 2047 2067 2161
 2293 2395 2591 2672 2712 2764 2938 3165 3280 3358 3595 3649 3659 3745
 3844 3854 4095 4411 4503 5479 5985 6118 6751 6829 7051 7328]",0.33509244678717837
"[ 311  547  604  842  880  977 1102 1254 1589 1597 1604 1758 2089 2096
 2104 2257 2285 2551 2576 2593 2727 2743 3140 3220 3302 3380 3783 3793
 3811 3844 4015 4214 4486 4644 4921 5487 5976 6472 6837 7114]",0.3409735908823137
"[ 525  557  621  660  678 1192 1238 1324 1726 1787 1884 2104 2111 2120
 2162 2219 2600 2622 2661 2710 2756 3011 3102 3144 3304 3493 3505 3726
 3817 3881 4159 4208 4289 4409 5620 6324 6760 6981 7109 7330]",0.3514387330131197
"[ 194  519  557  668  690  824 1100 1122 1400 1447 1464 1692 1786 1962
 2096 2188 2282 2296 2323 2642 2660 2672 2826 2937 3307 3439 3500 3632
 3861 3883 3996 4089 4291 4411 4640 5976 6759 6768 7180 7189]",0.373888898997314
"[ 264  672  696  760  947 1109 1385 1472 1820 1908 1969 1998 2084 2168
 2402 2514 2551 2576 2671 2710 2805 3039 3077 3238 3281 3368 3571 3659
 3812 3864 3920 4363 4553 5410 6048 6323 6616 6907 7111 7402]",0.36137787683295786
"[ 248  403  523  836  886  897 1161 1391 1398 1408 1665 1887 1967 2047
 2154 2164 2211 2289 2612 2649 2693 2782 2869 2877 3147 3237 3282 3650
 3728 3784 3883 4149 4204 4643 5336 6053 6188 6755 6767 7327]",0.34792152631613915
"[ 196  307  694  742  821  844 1193 1396 1459 1512 1519 1692 1955 1962
 2182 2260 2286 2440 2449 2599 2694 2819 2860 2995 3010 3088 3238 3495
 3583 3646 3812 4062 4080 4211 4716 6044 6539 6620 7107 7330]",0.32048438209736346
"[ 268  378  618  670  913 1162 1172 1179 1409 1659 1787 1896 1955 2217
 2304 2404 2626 2638 2789 2881 2941 3174 3219 3375 3494 3650 3784 3811
 3913 4014 4204 4219 4425 4553 4715 6119 6760 6840 6965 7329]",0.3510820288482317
"[ 248  405  819  876  883  905  983 1442 1465 1520 1529 1550 1614 1857
 2152 2167 2181 2189 2230 2316 2641 2753 2832 2872 3078 3168 3210 3464
 3509 3518 3641 3812 3847 4005 4500 4553 5976 6474 7120 7180]",0.34889121616137075
"[ 522  551  615  700  814 1187 1320 1451 1617 1680 1928 2099 2112 2161
 2192 2289 2602 2638 2658 2695 2754 2807 3147 3353 3372 3507 3522 3529
 3919 4078 4085 4169 4424 4553 4574 6118 6540 6831 7108 7329]",0.33269915059219113
"[ 248  411  526  771  830  876  956 1121 1247 1522 1727 1751 1787 1906
 2017 2169 2247 2287 2326 2508 2658 2690 2948 3000 3027 3079 3491 3647
 3662 3675 3868 3913 4279 4366 4715 5335 6330 6905 7250 7400]",0.33281720038309953
"[ 306  335  630  749  810  835  874  898 1308 1394 1619 1859 1884 2033
 2085 2186 2305 2482 2507 2598 2641 2893 3078 3157 3236 3463 3500 3703
 3793 3956 4088 4133 4409 4435 4570 5336 5834 6544 6905 7327]",0.3564918380359561
"[ 332  530  665  772  827  907 1158 1240 1257 1319 1688 1941 2005 2038
 2090 2099 2190 2496 2503 2726 2835 2953 3016 3072 3222 3384 3519 3534
 3785 3793 3846 3883 4018 4207 4571 5838 6399 6551 7117 7180]",0.34996971903273855
"[ 200  377  463  621  739  873  982 1100 1110 1605 1614 1622 1660 1866
 1954 2215 2246 2253 2371 2593 2648 2711 2869 3239 3290 3354 3372 3771
 3802 3864 3889 3927 4095 4204 4368 4501 4921 6263 7040 7261]",0.32952915505590186
"[ 319  449  485  615  821  906  944 1095 1443 1459 1543 1957 2016 2042
 2050 2139 2376 2457 2535 2643 2695 2756 2942 3074 3166 3415 3495 3721
 3956 4018 4062 4266 4286 4367 4781 6329 6974 6982 7108 7473]",0.3207831170969446
"[ 246  451  544  801  834  887 1021 1319 1327 1337 1443 1525 1865 1944
 2098 2139 2324 2412 2520 2529 2579 2710 2826 3081 3088 3215 3238 3660
 3709 3861 4024 4204 4282 4433 5417 5978 6470 6554 6976 7180]",0.3241151128427854
"[ 333  414  530  591  846  973 1022 1172 1193 1612 1660 1740 1837 1926
 2032 2081 2235 2286 2324 2331 2734 2763 2788 2940 2958 3438 3447 3571
 3597 3633 3675 4012 4090 4146 4644 5336 5835 6539 6835 7327]",0.32041358648246865
"[ 196  248  401  449  598  691 1052 1167 1230 1245 1328 1762 1786 1867
 1965 2165 2258 2299 2352 2359 2666 2943 2964 3006 3235 3354 3510 3804
 4070 4129 4148 4625 4851 5193 5700 6548 6683 6981 7180 7329]",0.32283758186503864
"[ 339  532  667  824  843 1030 1120 1157 1378 1396 1689 1856 1872 2028
 2106 2187 2216 2372 2450 2602 2637 2681 2789 2872 2951 3138 3314 3572
 3589 3605 3863 3985 4023 4158 4210 4644 5836 6339 6759 7254]",0.31540384118037024
"[ 265  448  673  697  824  831 1160 1191 1239 1467 1669 1835 1944 2040
 2100 2222 2304 2390 2402 2567 2692 2802 2821 2951 3144 3208 3298 3382
 3558 3745 3781 3859 3939 4357 5405 6046 6544 6835 7038 7330]",0.3352736877035673
"[ 379  460  690  875  964 1056 1238 1256 1477 1786 1804 1867 1891 1954
 2117 2367 2462 2516 2567 2612 2740 2904 3017 3104 3150 3212 3464 3518
 3558 3740 3781 3792 4013 4277 4361 5906 6552 6829 7179 7193]",0.3640879338951221
"[ 453  558  621  888  897 1117 1303 1464 1621 1754 1807 1885 2000 2013
 2120 2324 2498 2508 2589 2742 2828 3072 3226 3236 3244 3491 3535 3717
 3795 3851 3955 4085 4362 4408 4497 5203 6398 6622 7038 7120]",0.30882744491102143
"[ 320  338  669  908  986 1029 1235 1252 1513 1691 1859 1887 2041 2332
 2364 2374 2388 2481 2566 2735 3104 3141 3148 3157 3168 3518 3536 3711
 3794 4060 4095 4215 4409 4506 4629 5907 6327 6555 6831 7192]",0.33866651383483315
"[ 380  483  815  874 1121 1179 1235 1399 1528 1762 1936 2018 2026 2193
 2248 2257 2354 2833 2864 2874 2923 2952 3176 3382 3422 3576 3730 3746
 3985 4024 4205 4294 4483 4644 5336 6121 6687 6838 7036 7330]",0.33655738019708237
"[ 330  591  762  811 1172 1193 1304 1464 1613 1693 1807 1957 2009 2180
 2301 2334 2483 2709 2716 2826 2875 2884 3008 3430 3519 3605 3650 3928
 3953 4084 4133 4361 4409 5407 6257 6335 6901 7051 7250 7400]",0.36287926140983884
"[ 590  607  669  696  901 1234 1403 1530 1538 1798 1857 1878 1908 1969
 2391 2455 2513 2568 2613 2647 2803 2888 3152 3212 3381 3702 3723 3811
 3852 4086 4145 4505 4563 4783 5399 5407 6258 6695 6756 7331]",0.3386721801362583
"[ 123  457  680  691  730  772 1041 1090 1102 1463 1547 1665 1800 2034
 2071 2078 2096 2160 2185 2475 2576 2595 2624 2658 2853 3169 3213 3220
 3518 3534 3650 3780 3812 4146 4275 5977 6614 6693 7113 7191]",0.33979285960546907
"[ 332  388  872  880  910  959  969 1259 1444 1807 1814 1866 1893 2070
 2118 2229 2253 2646 2672 2683 2710 2763 2867 2874 3032 3212 3374 3580
 3705 3714 3881 4158 4204 4221 4643 5487 6117 6834 7110 7331]",0.33982912577805013
"[ 319  451  616  624  741  944  964 1046 1306 1385 1544 1872 1888 1936
 2040 2213 2303 2335 2435 2710 2812 2825 2942 3001 3364 3449 3635 3794
 3812 4014 4119 4135 4292 4427 6048 6415 6688 6981 7250 7329]",0.3458463019301685
"[ 473  592  742  904 1034 1054 1160 1523 1545 1677 1928 1955 2152 2253
 2317 2403 2429 2446 2554 2868 3027 3039 3146 3304 3422 3650 3665 3745
 3844 3853 4085 4121 4503 4851 5187 5906 6474 6834 7178 7401]",0.3432501868386927
"[ 264  601  914  946  977 1106 1470 1513 1665 1745 1857 1971 2035 2147
 2155 2234 2383 2495 2534 2542 2649 2800 3070 3341 3367 3379 3501 3728
 3863 3883 3911 4067 4201 4295 4430 5056 6188 6550 7040 7122]",0.3342113688848466
"[ 175  620  664  700  816 1187 1246 1514 1596 1681 1688 1887 1925 1946
 1979 2221 2256 2377 2668 2758 2789 2890 2938 3232 3352 3382 3430 3438
 3744 3801 3921 4367 4406 4502 4847 6261 6481 6758 7108 7333]",0.3301185662963382
"[ 404  521  670  696 1037 1230 1259 1310 1534 1809 1857 2029 2121 2185
 2390 2568 2575 2663 2765 2826 2868 3162 3287 3350 3382 3440 3660 3781
 3840 3954 4009 4190 4347 4430 4707 5975 6627 6831 7037 7475]",0.341462815543113
"[ 473  594  602  695  822 1169 1394 1447 1546 1744 1836 1864 2085 2142
 2166 2180 2258 2386 2624 2660 2781 2860 2883 2890 3227 3382 3431 3635
 3675 3797 3951 4366 4501 5335 5555 5976 6617 6696 7179 7193]",0.3288994945380037
"[ 381  407  601  876  907  914 1239 1252 1441 1472 1479 1744 1786 2043
 2077 2084 2105 2305 2333 2498 2600 2648 2764 2804 3175 3208 3221 3374
 3793 3954 3999 4014 4134 4430 5260 6050 6622 6757 7120 7323]",0.34872718904388533
"[ 308  598  690  752  842 1018 1029 1253 1473 1745 1802 1834 1858 1880
 2040 2224 2330 2374 2427 2459 2735 2788 2826 2833 2941 3209 3289 3380
 3558 3584 3719 3951 3990 4081 4573 5982 6117 6905 7180 7401]",0.35807552118885816
"[ 481  521  682  812 1122 1160 1178 1452 1544 1608 1858 1866 1955 2104
 2183 2226 2233 2356 2404 2725 2751 2764 2810 2928 3087 3246 3292 3427
 3802 3812 4061 4069 4080 4500 5614 6184 6617 6695 7110 7260]",0.33849841646700507
"[ 383  624  814  963  985 1118 1372 1382 1468 1479 1815 1935 1969 1979
 1998 2016 2319 2433 2693 2709 2738 2826 2864 3015 3378 3422 3432 3535
 3669 3869 3992 4072 4376 4502 5196 6188 6687 7037 7052 7472]",0.3153135624668918
"[ 237  333  700  805  812  896 1188 1246 1378 1619 1679 1948 2083 2109
 2169 2282 2471 2516 2574 2670 2694 2938 3087 3104 3210 3309 3715 3774
 3803 3812 3819 4009 4424 4504 4919 5336 6118 6759 7189 7252]",0.351814510339335
"[ 247  332  340  525  899  947  959  979 1401 1443 1531 1692 1944 2072
 2103 2181 2259 2441 2449 2623 2719 2828 2924 2958 3155 3218 3236 3462
 3703 3712 3796 3805 3812 4204 4363 4708 6187 6547 7112 7119]",0.33457954223438235
"[ 340  390  517  618  702  738  821 1121 1243 1447 1611 1675 1690 1930
 2111 2166 2226 2426 2472 2504 2587 2743 3088 3104 3146 3281 3342 3437
 3449 3883 3938 4057 4141 4505 4625 4638 5834 6476 7037 7189]",0.3521156429321681
"[ 248  268  402  749  874  913 1047 1166 1462 1543 1666 1716 1943 1956
 2046 2180 2359 2510 2750 2803 2931 3027 3295 3352 3449 3464 3739 3770
 3858 3865 4131 4429 4437 4777 5913 6184 6554 6902 7052 7401]",0.32176207211299745
"[ 553  592  882 1055 1103 1114 1373 1534 1613 1926 2050 2094 2147 2180
 2300 2567 2662 2695 2897 2953 3076 3210 3227 3385 3588 3716 3745 3768
 4007 4019 4063 5263 5416 6047 6269 6325 6687 6838 7260 7324]",0.3492894052639271
"[ 265  485  668  827 1028 1050 1233 1389 1622 1683 1936 2019 2113 2170
 2297 2333 2390 2520 2611 2711 2764 2789 2953 3013 3183 3288 3351 3375
 3603 3793 4022 4066 4086 4292 4570 6117 6550 6910 7180 7260]",0.33409794675816296
"[ 384  552  876  888  916 1113 1121 1441 1551 1666 1750 1829 2050 2164
 2247 2287 2436 2481 2613 2732 2858 2882 3010 3173 3351 3440 3534 3590
 3712 3932 3982 4094 4203 4372 4423 4436 6262 6765 6828 7329]",0.34455176227808343
"[ 336  449  527  630  947  976 1100 1322 1442 1472 1662 1693 2092 2104
 2155 2183 2360 2424 2475 2793 2955 2995 3015 3104 3364 3425 3554 3739
 3803 3929 4204 4361 5263 5630 5763 6473 6903 7052 7109 7401]",0.3373983524032544
"[ 524  617  658  752  814  837 1057 1115 1446 1462 1666 1866 1904 1956
 2086 2181 2592 2656 2693 2713 2883 3150 3374 3456 3558 3571 3650 3890
 3944 3990 4024 4049 4283 4290 5056 5977 6830 6908 7252 7401]",0.34107724199429523
"[ 402  487  599  750  907 1020 1251 1370 1681 1692 1735 1884 1938 2179
 2212 2259 2382 2516 2550 2572 2650 2755 2886 3067 3089 3430 3520 3796
 3811 3913 4069 4204 4294 4644 5336 5977 6337 6681 6830 7190]",0.33452765181986566
"[ 594  819  836 1325 1455 1474 1583 1590 1764 1953 1964 2078 2141 2333
 2373 2537 2642 2741 2804 2827 2836 2866 3139 3299 3307 3412 3533 3570
 3795 3811 4067 4409 4433 5263 5345 5974 6545 6765 7036 7261]",0.34467831960825046
"[ 402  482  521  812  891 1041 1261 1304 1607 1736 1762 1869 1926 1957
 2107 2146 2256 2578 2640 2746 2755 2803 2881 3079 3241 3429 3447 3535
 3776 3793 3949 4276 4409 4506 5614 6047 6554 6754 7044 7475]",0.3506944663008041
"[ 193  377  388  758  766  947 1102 1334 1398 1533 1590 1835 1935 1996
 2038 2101 2234 2331 2357 2788 2832 2953 3012 3208 3247 3447 3507 3641
 3668 3746 3868 4141 4340 4434 4921 5974 6542 6620 7182 7263]",0.3372063966130707
"[ 307  336  696  811  826 1088 1192 1311 1326 1673 1693 1928 1937 1948
 2106 2187 2238 2358 2444 2598 2622 2718 2780 2874 3031 3140 3296 3308
 3430 3464 3630 3791 3812 3940 4205 4287 4624 6471 6969 7330]",0.3211102612410842
"[ 450  544  601  904 1022 1053 1104 1473 1517 1605 1737 1970 2120 2142
 2247 2364 2443 2550 2594 2896 3069 3081 3089 3171 3591 3604 3654 3706
 3714 3953 4158 4212 4221 4336 4343 6116 6407 6767 7040 7400]",0.32921569846547005
"[ 197  330  449  671  838 1018 1173 1255 1615 1665 1749 1867 2027 2120
 2212 2318 2396 2439 2503 2659 2764 2852 3007 3033 3161 3283 3382 3715
 3724 3812 3846 4207 4217 4480 4778 5837 6187 6686 7179 7400]",0.3278250216435114
"[ 459  554  665  749  975  986 1180 1406 1528 1716 1969 2018 2082 2101
 2285 2403 2483 2515 2534 2666 2859 3137 3234 3358 3365 3393 3670 3798
 3851 3931 4366 4482 4568 5977 6269 6326 6686 7123 7394 7472]",0.30546795684550443
"[ 177  555  593  814  831 1051 1371 1384 1392 1550 1787 1806 1884 1962
 2078 2329 2442 2449 2463 2566 2715 2763 2940 3212 3230 3507 3732 3784
 3818 3848 3867 4023 4280 4360 4407 6259 6760 7038 7121 7398]",0.3320976180684439
"[ 316  339  810  902  912 1231 1240 1247 1618 1810 1822 2002 2186 2292
 2371 2390 2622 2683 2855 2876 3011 3146 3175 3375 3483 3741 3782 3796
 3915 4144 4238 4415 4437 5416 6119 6268 6751 6759 7192 7324]",0.3190037319782926
"[ 248  267  545  592  908 1027 1041 1176 1480 1682 1866 1884 1945 1999
 2116 2249 2496 2513 2592 2648 2826 2890 3011 3168 3208 3215 3649 3658
 3742 4055 4080 4135 4158 4499 5336 6333 6830 6979 7180 7401]",0.33816944810488575
"[ 404  534  591  624  702  812  970 1120 1242 1469 1533 1691 1787 1795
 1949 2181 2188 2291 2370 2456 2625 2641 2683 2790 3018 3105 3150 3238
 3354 3852 3940 4094 4145 4197 4917 5978 6255 6688 7109 7121]",0.3131644727669459
"[ 248  595  619  748  770  801 1040 1163 1170 1390 1544 1734 1976 2001
 2032 2040 2082 2305 2529 2655 2684 2693 2709 2716 3017 3365 3428 3514
 3523 3674 3702 4013 4144 4204 4266 4434 6262 6766 6897 7260]",0.35253511428850637
"[ 404  411  517  737  745  845  970  977 1245 1299 1407 1666 1744 2012
 2069 2110 2120 2516 2609 2785 2832 2863 2878 3027 3293 3351 3522 3643
 4024 4056 4063 4153 4285 4621 4917 5837 6258 6695 6899 7330]",0.3205927820222136
"[ 318  411  740  825  873 1051 1313 1391 1545 1661 1858 1890 2082 2113
 2162 2543 2566 2575 2654 2692 2810 2890 3084 3356 3420 3589 3792 3850
 3881 4127 4436 4567 4901 5335 5629 5906 6474 6697 6972 7472]",0.33197162758459065
"[ 377  389  474  769  892  951 1113 1456 1513 1616 1734 1786 1891 2010
 2115 2235 2390 2625 2656 2711 2760 2820 2947 3076 3307 3637 3650 3817
 3881 4056 4135 4157 4434 4704 6117 6697 6896 6975 7335 7393]",0.3180101416300386
"[ 336  597  659  748  978  985 1169 1182 1442 1472 1676 1734 1835 2080
 2095 2255 2265 2428 2579 2598 2942 3076 3377 3464 3527 3558 3573 3581
 3779 4013 4072 4275 4715 5630 5976 6546 6695 6751 7262 7322]",0.3357773690631699
"[ 451  474  600  772  823  978 1016 1095 1173 1256 1409 1516 1534 1901
 1925 1950 2009 2099 2251 2335 2357 2507 2593 2682 2797 3028 3073 3089
 3593 3676 3721 4024 4062 4070 4081 4503 5834 6469 6766 7044]",0.3473809121252912
"[ 248  669  827  834  913  946 1032 1442 1477 1535 1663 1859 1955 2182
 2194 2225 2450 2457 2497 2575 2755 2764 2868 3104 3159 3211 3503 3560
 3591 3654 3883 4066 4148 4229 4553 4921 5906 6687 7120 7396]",0.3476368845230725
"[ 306  314  551  748  881  969 1050 1241 1299 1391 1399 1410 1519 1832
 2011 2073 2110 2302 2335 2384 2638 2756 2798 2954 3004 3088 3365 3589
 3642 3674 3706 3939 4210 4229 4430 5834 6329 6552 7043 7333]",0.34050019268600407
"[ 319  340  545  595  773  872  979 1107 1168 1302 1475 1539 1666 1673
 1795 1972 2103 2140 2472 2577 2589 2638 2833 2882 3011 3102 3217 3518
 3648 3704 3812 4067 4226 4359 4416 6119 6481 6615 7048 7107]",0.34664691458989844
"[ 266  530  556  803  897 1119 1173 1307 1441 1750 1978 2002 2024 2113
 2157 2390 2482 2571 2611 2659 2809 2831 2864 3244 3300 3354 3364 3378
 3631 3741 3858 4011 4063 4430 5336 5908 6258 6764 7108 7260]",0.33652720762293714
"[ 338  595  759  772  872  957 1192 1254 1378 1441 1604 1622 1965 2170
 2213 2220 2227 2305 2327 2405 2460 2780 2873 2882 2900 2930 3365 3374
 3420 3499 3674 3863 4022 4133 4437 4570 6187 6551 6970 7331]",0.33176809067899793
"[ 305  336  458  630  907  947 1182 1382 1404 1716 1744 1799 1893 1901
 1908 1949 2286 2537 2544 2661 2669 2859 2866 3136 3170 3296 3445 3573
 3817 4120 4203 4239 4433 4480 5336 5345 6123 6624 6756 7120]",0.31711563900182216
"[ 319  482  663  815  832 1106 1125 1471 1520 1673 1763 2144 2170 2183
 2232 2579 2668 2690 2729 2824 2926 3168 3289 3438 3464 3528 3587 3846
 4067 4077 4095 4156 4408 4499 6119 6254 6615 6835 7181 7406]",0.34277661608755966
"[ 265  378  669  838  874 1107 1167 1187 1371 1457 1478 1819 1856 1954
 2082 2121 2183 2353 2412 2444 2596 2646 2754 2939 2995 3097 3369 3533
 3571 3668 3791 3943 4133 4432 5415 5977 6470 6761 7121 7325]",0.33934169021876115
"[ 248  475  519  558  879  891 1187 1195 1385 1444 1535 1759 1859 1948
 2026 2255 2295 2528 2694 2797 2804 2827 2890 3095 3139 3218 3535 3653
 3666 3931 3993 4553 4571 4705 5346 6261 6910 6967 6974 7472]",0.32911821183682016
"[ 315  450  473  486  607  764 1104 1124 1233 1468 1593 1759 2073 2084
 2103 2194 2233 2326 2505 2595 2945 2995 3002 3080 3174 3235 3711 3790
 3816 3868 3879 4056 4207 4286 4506 5481 6121 6618 7192 7252]",0.313190081848815
"[ 330  459  522  558  764  955 1033 1090 1402 1481 1533 1878 1929 2043
 2083 2099 2178 2403 2425 2576 2592 2673 2902 3012 3106 3137 3238 3361
 3583 3745 3782 4080 4204 4501 6265 6415 6760 7109 7123 7472]",0.33188312774610673
"[ 452  761  872  887 1121 1180 1304 1595 1717 1747 1871 1976 2147 2253
 2282 2315 2443 2483 2592 2826 3149 3175 3210 3227 3306 3571 3706 3741
 3796 3876 4071 4119 4364 4414 5273 6259 6267 6831 7121 7180]",0.33521072620095904
"[ 264  383  484  759  891  981 1024 1392 1442 1598 1618 1998 2015 2095
 2110 2118 2147 2508 2515 2668 2783 2817 2826 3014 3076 3382 3512 3640
 3745 3770 3789 4014 4149 4418 6049 6470 6626 6830 7120 7323]",0.3458079989878281
"[ 479  592  670  819  842 1115 1301 1311 1535 1765 1788 1797 1968 2087
 2103 2292 2331 2380 2536 2570 2726 2763 2953 3017 3038 3222 3355 3658
 3705 3792 3883 3908 4203 4288 4438 5334 6333 6840 6972 7473]",0.3406541060977758
"[ 388  404  450  553  885 1034 1041 1230 1263 1540 1665 1672 1766 1859
 2043 2219 2297 2406 2461 2658 2809 2856 2967 3157 3288 3518 3632 3740
 3783 3935 4156 4283 4337 4503 4778 5980 6257 6965 6972 7333]",0.3205013195027906
"[ 242  763  811  843 1174 1185 1380 1408 1444 1758 1886 1946 2119 2252
 2284 2382 2507 2586 2672 2684 2692 2949 3007 3176 3208 3519 3646 3653
 3770 3811 4133 4224 4482 4643 5839 6259 6754 6761 6982 7394]",0.35143835603461004
"[ 404  553  677  805  971 1095 1121 1388 1541 1645 1734 1764 1869 2097
 2181 2458 2472 2567 2729 2764 2862 2954 3137 3160 3529 3590 3630 3712
 3724 4024 4134 4144 4336 4506 4712 5986 6048 6617 7191 7395]",0.33913980661547927
"[ 248  404  526  749  767  876 1114 1238 1462 1690 1729 1737 1858 2099
 2120 2177 2288 2303 2438 2595 2682 2689 2798 2858 2956 3089 3355 3364
 3589 3773 3812 4000 4007 4206 4502 4700 6261 6621 7117 7179]",0.3370404168612391
"[ 520  599  621  772  896 1030 1121 1301 1535 1543 1621 1666 1864 2026
 2035 2161 2191 2294 2354 2533 2692 2733 3082 3212 3306 3580 3629 3713
 3874 3953 4277 4339 4502 5405 5973 6197 6766 6901 7179 7403]",0.3402948919411881
"[ 389  521  547  955 1106 1263 1397 1528 1590 1762 1950 2038 2101 2145
 2154 2329 2652 2669 2711 2764 2803 2826 3074 3241 3352 3374 3674 3715
 3807 3870 3985 4148 4279 4645 5475 5976 6617 6625 7180 7400]",0.35384789459377
"[ 450  599  692  749  982 1168 1323 1373 1619 1786 1878 1893 2099 2113
 2284 2367 2475 2519 2600 2645 2869 2923 3075 3353 3381 3445 3506 3531
 3953 4081 4143 4419 4644 4840 5695 6188 6755 6905 7322 7335]",0.3522412411344865
"[ 248  618  700  874  968 1050 1095 1587 1744 1758 1807 1927 2006 2049
 2180 2372 2521 2575 2710 2755 2868 3105 3168 3301 3433 3497 3732 3954
 4062 4077 4212 4572 5404 5839 6402 6695 6900 7195 7322 7330]",0.33427462706144895
"[ 333  391  484  597  831  959 1121 1162 1179 1455 1753 1857 1959 2043
 2264 2358 2373 2390 2578 2854 2896 3018 3026 3290 3343 3351 3463 3518
 3651 3927 4288 4366 4781 5329 5846 5975 6553 6688 7052 7185]",0.3418458737694695
"[ 194  320  377  840  877  973 1179 1243 1334 1373 1665 1681 1830 1936
 2069 2099 2252 2332 2374 2594 2637 2647 2754 2817 3016 3067 3166 3247
 3289 3515 3784 3951 4005 4275 4437 6046 6615 6693 7036 7330]",0.3450802301243276
"[ 246  544  816  842  876  977 1250 1372 1383 1611 1805 1955 2002 2190
 2224 2254 2588 2711 2739 2758 2765 2789 3230 3294 3310 3533 3632 3712
 3799 3811 3863 4207 4302 4503 4552 6120 6412 6762 7039 7260]",0.34588494377539986
"[ 265  456  629  748  874 1039 1121 1165 1385 1685 1787 1805 1819 2045
 2097 2225 2322 2457 2551 2592 2712 3011 3040 3089 3096 3289 3388 3564
 3582 3803 3953 4075 4127 4134 4153 4574 6044 6616 6697 7114]",0.3104445920605936
"[ 318  548  805  896 1124 1242 1376 1465 1619 1930 2034 2095 2189 2220
 2324 2370 2568 2600 2718 2759 2801 3240 3279 3290 3439 3517 3672 3785
 3948 4076 4275 4574 4984 5475 6045 6265 6680 6833 7251 7401]",0.34868542901395294
"[ 530  621  660  770  820 1095 1113 1192 1387 1865 1877 1889 1972 2213
 2299 2319 2483 2592 2716 2814 2970 3013 3034 3146 3280 3374 3599 3648
 3869 4049 4204 4212 4363 4708 5554 6046 6617 6908 7108 7472]",0.3372686517317503
"[ 378  527  623  752  949 1121 1169 1442 1469 1743 1761 1877 1927 2147
 2251 2259 2386 2446 2497 2648 2754 2882 2943 3145 3247 3278 3303 3644
 3722 3740 3747 4084 4133 4218 4565 6117 6408 6754 6909 7330]",0.33742054245688574
"[ 544  552  747  804 1121 1169 1185 1534 1589 1668 1691 1865 1929 2039
 2188 2301 2504 2528 2689 2733 2853 2936 3028 3227 3564 3571 3593 3721
 3819 4014 4062 4140 4289 4307 4624 5834 6483 6687 7107 7190]",0.36880495919688056
"[ 247  339  590  597  758  887 1091 1318 1326 1406 1806 1819 1868 1908
 1969 2306 2319 2330 2435 2568 2624 2666 2727 3004 3088 3096 3177 3423
 3592 3647 3655 3742 4213 4409 4574 5836 6330 6897 6979 7400]",0.33133295001770313
"[ 403  450  599  694  748  915 1111 1312 1472 1589 1763 1858 1880 1889
 2185 2229 2265 2431 2450 2457 2871 2924 3214 3240 3374 3437 3714 3776
 3941 3953 4144 4566 4716 5626 6330 6626 6752 6975 7252 7472]",0.33597668184883356
"[ 447  552  599  758  877 1241 1320 1407 1442 1717 1806 1971 1979 2035
 2099 2149 2284 2475 2509 2536 2660 2714 2740 3146 3208 3318 3446 3577
 3702 3738 3854 4009 4087 4500 4562 5906 6468 6617 7121 7256]",0.3454729533902201
"[ 194  383  801  902  910 1022 1033 1469 1593 1674 1832 2073 2164 2322
 2330 2367 2643 2659 2694 2809 2900 3005 3155 3211 3308 3501 3534 3650
 3704 3802 4288 4367 4482 4493 6053 6116 6680 6910 6973 7322]",0.32250479072347704
"[ 462  559  594  694  972 1173 1308 1371 1410 1533 1542 1716 1739 2040
 2049 2102 2219 2299 2521 2545 2718 2799 3068 3105 3165 3221 3229 3642
 3703 3869 3883 3933 3947 4507 4551 5264 6046 6760 7193 7251]",0.36079185091993937
"[ 123  387  544  734  837  891 1255 1390 1442 1688 1876 1955 1962 2000
 2154 2188 2529 2663 2709 2722 2756 2999 3100 3163 3294 3637 3644 3663
 3699 3746 3794 4205 4212 4364 6187 6479 6754 7052 7116 7322]",0.312088400929008
"[ 315  557  592  819  828  835 1241 1375 1392 1403 1716 1824 1882 1940
 2121 2184 2244 2304 2357 2507 2694 2868 2928 2947 3177 3378 3438 3499
 3746 3799 3881 3988 4072 4574 5192 6117 6195 6687 7189 7322]",0.35752720071381877
"[ 453  605  690  700 1022 1121 1172 1179 1594 1745 1825 1927 1944 1979
 2175 2325 2359 2442 2545 2663 2709 2885 3006 3013 3105 3141 3374 3506
 3856 3866 3874 3953 4132 4435 4568 5834 6415 6619 7325 7333]",0.34492501800848396
"[ 177  338  593  772  828  835  959 1327 1450 1529 1549 1925 1950 1969
 2050 2078 2355 2380 2586 2648 2816 2876 2994 3150 3247 3354 3376 3650
 3740 3916 3925 4158 4287 4771 6122 6395 6617 6766 7107 7259]",0.34277734504514423
"[ 268  386  472  914  945 1097 1117 1175 1665 1746 1764 1936 1968 2141
 2160 2245 2407 2433 2521 2711 2755 2837 2868 2886 3177 3358 3376 3581
 3674 3737 4134 4152 4215 4645 5976 6407 6485 6829 6893 7119]",0.33205890054516174
"[ 386  450  550  840  886  968 1246 1442 1451 1473 1742 1941 2142 2161
 2185 2192 2248 2438 2526 2659 2714 2831 3008 3026 3351 3573 3586 3739
 3819 3914 3935 4065 4411 4503 4781 5908 6477 6839 7110 7189]",0.33482836414463135
"[ 486  596  750  759  873 1050 1239 1325 1513 1691 1804 1817 2217 2247
 2260 2445 2647 2666 2825 2853 2939 3027 3088 3321 3420 3522 3712 3865
 3943 4024 4142 4344 4433 4637 4910 6047 6411 6616 7192 7251]",0.336938075117015
"[ 390  452  544  623  872 1093 1102 1188 1480 1535 1661 1786 1796 1813
 1977 2041 2105 2234 2355 2362 2584 2742 2826 2853 3214 3232 3382 3508
 3783 3883 3985 4015 4143 4276 4645 5974 6053 6545 6766 7041]",0.34630301518442613
"[ 265  305  762  803  813  982 1254 1379 1459 1474 1927 1954 1972 2014
 2076 2245 2510 2588 2762 2826 2853 3079 3086 3094 3342 3429 3592 3635
 3812 3939 4069 4438 4480 4642 6401 6482 6831 6981 7250 7330]",0.3496222827844292
"[ 475  485  531  809  971 1050 1102 1378 1472 1533 1908 1930 1950 1969
 2352 2364 2446 2455 2684 2786 2943 2959 3237 3289 3515 3601 3784 3793
 3807 4154 4215 4278 4553 4714 5272 5835 6540 6906 7179 7400]",0.3249486450453776
"[ 380  461  557  826  878  977 1031 1299 1323 1614 1664 1787 1819 1866
 2025 2184 2300 2427 2523 2552 2682 2798 2816 2931 3293 3305 3558 3569
 3583 3877 4080 4204 4410 4574 5267 5835 6474 6765 7180 7260]",0.3166790852001823
"[ 380  600  691 1033 1182 1194 1300 1383 1472 1748 1947 2038 2046 2170
 2195 2282 2291 2625 2730 2737 2782 2864 3030 3213 3297 3375 3719 3777
 3909 3943 4025 4290 4344 4778 5344 6053 6116 6688 7108 7192]",0.3519292205358802
"[ 552  876  900 1053 1248 1309 1398 1656 1670 1834 1858 1968 2016 2078
 2103 2165 2329 2407 2428 2463 2509 2803 2826 2996 3291 3313 3462 3591
 3630 3868 3881 3927 4122 4132 4482 4574 5907 6619 6967 7120]",0.32834058653607223
"[ 248  260  521  553  759  811  943  986 1264 1321 1451 1470 1786 1905
 2175 2183 2216 2234 2295 2596 2614 2695 2788 2870 3104 3364 3382 3446
 3711 3862 3913 3951 4014 4133 4577 6052 6554 6902 7395 7474]",0.32766563886438743
"[ 318  381  691  730  888  912 1023 1037 1188 1227 1530 1589 1683 2033
 2047 2161 2212 2221 2534 2618 2710 2883 2942 3001 3104 3364 3381 3569
 3801 3815 4062 4074 4407 4513 4574 4708 5907 6552 6830 7330]",0.35212774541829306
"[ 478  593  749  913 1047 1160 1240 1325 1621 1674 1756 1866 1926 2022
 2156 2175 2253 2287 2336 2654 2826 3019 3071 3152 3169 3533 3585 3642
 3791 4017 4095 4133 4502 4553 5977 6325 6412 6757 6906 7256]",0.32727910164948015
"[ 339  403  457  592  973  983 1024 1320 1544 1591 1786 1820 1954 1979
 2043 2283 2366 2516 2613 2621 2852 2860 3010 3017 3169 3351 3358 3514
 3649 3674 3855 3876 4292 4338 4355 4698 6117 6760 7190 7250]",0.3417064316891481
"[ 544  554  596  874 1041 1055 1173 1402 1445 1533 1795 1997 2030 2157
 2164 2190 2253 2288 2672 2757 2766 2785 2864 2943 3307 3441 3640 3668
 3718 4057 4085 4139 4219 4922 5984 6047 6688 6695 7109 7190]",0.3571616305336155
"[ 390  622  773  809 1029 1187 1194 1319 1514 1814 1858 1877 1936 2038
 2189 2508 2534 2642 2684 2692 2732 3097 3223 3375 3462 3637 3719 3738
 3939 4133 4216 4409 4700 4993 6187 6696 6751 6759 7333 7394]",0.3426815363310192
"[ 336  461  591  758  767 1035 1170 1468 1518 1530 1646 1688 1837 1963
 2026 2084 2186 2213 2505 2546 2810 2836 2873 3136 3289 3393 3451 3637
 3724 3786 3873 3883 4222 4278 4500 5836 6486 6545 7250 7259]",0.3195758125698449
"[ 248  411  812  842  906  947  967 1327 1476 1598 1645 1959 1975 2015
 2109 2142 2292 2522 2586 2600 2625 2710 2831 3005 3019 3033 3435 3565
 3591 3795 3812 3855 3984 4133 4295 4357 6119 6688 6838 7255]",0.3402527613235552
"[ 462  691  698  804  812 1040 1246 1306 1680 1690 1737 1800 1998 2028
 2148 2182 2300 2497 2530 2624 2757 2790 2804 2939 3139 3168 3506 3587
 3920 4024 4048 4078 4086 4500 5835 6195 6627 6688 7109 7473]",0.3345541671193849
"[ 193  591  765  772  811  819 1115 1309 1514 1535 1619 1788 1807 1957
 2181 2188 2287 2306 2440 2736 2763 2815 2859 2870 3178 3306 3353 3365
 3803 3881 4069 4133 4221 5686 5979 6398 6485 6759 7180 7332]",0.3474065557058751
"[ 264  451  673  695  753 1022 1055 1172 1252 1475 1738 1786 1817 1941
 2181 2188 2359 2450 2514 2599 2752 2763 2859 2923 3089 3365 3382 3566
 3715 3796 3812 4049 4273 4372 4574 5125 6047 6695 6829 7263]",0.3301865377003897
"[ 122  384  555  689  871 1020 1057 1172 1183 1263 1661 1857 1962 2026
 2225 2252 2333 2357 2597 2658 2755 2999 3008 3094 3174 3639 3660 3723
 3740 4141 4220 4276 5345 5761 6191 6324 6485 6761 6981 7330]",0.33289313801012455
"[ 389  451  630  687  694  887 1089 1188 1196 1391 1455 1787 1825 1836
 1957 2014 2318 2397 2428 2445 2484 2762 2935 3101 3210 3235 3440 3640
 3745 3875 4001 4204 4292 4568 5338 6125 6257 6765 6899 7261]",0.31620338254615993
"[ 660  670  690  911  967 1092 1316 1407 1467 1512 1666 2000 2046 2098
 2107 2292 2374 2481 2543 2641 2870 2879 3215 3241 3350 3446 3603 3796
 3928 4023 4205 4266 4644 5335 5345 5977 6680 6760 7179 7191]",0.33656334496298296
"[ 405  594  872  887  894  901  909 1389 1399 1406 2020 2049 2078 2099
 2212 2248 2326 2553 2643 2651 2667 2825 3013 3103 3208 3288 3309 3581
 3670 3705 3784 4159 4216 4274 4832 6185 6478 6828 6911 7401]",0.3354136931260855
"[ 379  460  622  810  913 1101 1255 1299 1480 1531 1732 1752 1788 1796
 1976 2100 2182 2446 2581 2613 2714 2809 2889 2941 3147 3207 3446 3581
 3666 3784 4077 4132 4438 4644 4691 6048 6412 6687 7180 7190]",0.34982470508394425
"[ 389  557  805  835  885  895 1315 1541 1589 1605 1690 1955 2040 2075
 2157 2265 2435 2495 2656 2666 2764 2996 3016 3104 3222 3561 3572 3591
 3721 3746 4012 4210 4218 4780 6117 6339 6759 7036 7052 7472]",0.3468722944315908
"[ 389  820  833  877  884  985 1467 1592 1656 1673 1691 1925 2034 2088
 2145 2183 2333 2520 2579 2743 2782 3018 3291 3311 3415 3604 3641 3705
 3722 3943 4095 4205 4266 4357 4437 6047 6687 6751 6766 7257]",0.34139451749696315
"[ 321  382  483  760  815  879  964  986 1255 1384 1674 1690 1941 1952
 2036 2068 2190 2432 2588 2612 2624 2780 2936 3091 3281 3384 3430 3674
 3727 3791 3877 3989 4139 4224 4502 5197 6049 6553 6899 7120]",0.3235773738118358
"[ 452  551  895 1030 1045 1090 1194 1390 1525 1687 1794 1856 2024 2182
 2260 2293 2314 2566 2727 2876 3002 3294 3422 3459 3486 3500 3592 3655
 4095 4132 4146 4337 4567 4645 5630 6185 6616 6697 7108 7190]",0.34284483977884317
"[ 378  602  616  623  873 1121 1171 1467 1727 1742 1906 1926 2109 2173
 2230 2363 2425 2471 2520 2862 2882 3015 3037 3065 3377 3384 3631 3645
 3723 3955 4135 4215 4438 4553 5187 6117 6195 6615 6909 7328]",0.33390837803413814
"[ 411  454  730  752  886 1184 1191 1442 1521 1603 1753 1997 2050 2161
 2170 2184 2287 2460 2726 2758 2882 2928 3016 3425 3504 3520 3669 3726
 4074 4133 4294 4482 4571 5335 6117 6688 6695 7108 7193 7257]",0.3504425657936626
"[ 411  668  731  753  760  912 1172 1393 1442 1450 1474 1858 1886 1896
 1950 2083 2187 2317 2431 2566 2658 2809 2971 3032 3147 3353 3382 3463
 3512 3714 4133 4146 4408 4441 5771 6048 6481 6687 7250 7333]",0.32358342966429643
"[ 376  390  482  545  739  772 1034 1113 1408 1591 1672 1680 1787 1903
 2163 2171 2179 2288 2579 2624 2659 2781 2811 3078 3227 3453 3491 3574
 3674 3802 3951 3977 3989 4073 4293 4351 5834 6545 6908 7180]",0.32848531435558925
"[ 378  477  673  909 1044 1305 1318 1611 1717 1764 1941 1949 1960 2185
 2287 2683 2731 2762 2789 2957 3066 3079 3235 3568 3650 3657 3668 3817
 3918 4071 4151 4230 4553 4573 5056 6116 6696 6900 7394 7401]",0.3433182011464591
"[ 381  672  762  877  897 1196 1239 1390 1401 1441 1820 2015 2040 2048
 2069 2170 2360 2461 2516 2690 2882 3002 3066 3176 3230 3432 3523 3697
 3796 3923 3954 4016 4216 4294 5265 5976 6692 6756 7123 7256]",0.3168748175445512
"[ 316  404  522  824  885  909 1089 1115 1385 1684 1746 1837 1928 1943
 2254 2304 2360 2601 2637 2687 2937 3015 3098 3392 3423 3434 3447 3931
 3949 4056 4084 4134 4433 4703 5614 5836 6328 6689 7111 7331]",0.3608673534028883
"[ 330  521  559  607  694 1026 1038 1127 1188 1447 1526 1618 1681 1716
 1797 2097 2219 2230 2331 2534 2579 2640 2729 2882 3104 3227 3451 3499
 3604 3801 3881 4075 4133 4575 6187 6194 6624 6686 7120 7180]",0.3351627245246644
"[ 485  548  592  670  819  846 1039 1049 1306 1534 1544 1736 1940 2044
 2177 2265 2285 2378 2598 2646 2655 2683 2763 2875 2995 3145 3165 3294
 3461 3491 3798 3954 4000 4057 4278 4432 5903 6547 6969 7049]",0.3497894016324896
"[ 194  245  659  748  879  972 1121 1457 1541 1551 1591 1787 1961 2008
 2041 2089 2120 2427 2462 2579 2733 2765 3025 3148 3227 3521 3632 3674
 3722 3854 4024 4144 4227 4276 5836 6114 6623 6900 7035 7473]",0.33019659601159
"[ 249  448  473  671  911  947 1043 1102 1450 1473 1512 1599 1749 2088
 2099 2144 2182 2262 2505 2758 2765 2865 2953 3016 3034 3210 3438 3449
 3500 3740 3943 4204 4338 4432 5333 5486 5836 6330 6826 6904]",0.34849433075919767
"[ 194  248  485  518  525  608  687 1101 1118 1234 1539 1622 1645 1667
 1960 2078 2252 2281 2402 2447 2553 2649 2881 2925 2945 3150 3516 3722
 3856 3883 4133 4156 4267 4646 4851 5974 6267 6683 6980 7400]",0.3262273882325676
"[ 194  472  531  766  807  971 1103 1196 1305 1545 1673 1787 1799 1949
 1963 2043 2124 2361 2622 2658 2738 2781 2887 3157 3220 3353 3381 3651
 3658 3702 3741 4071 4149 4557 4780 6116 6758 6839 7180 7189]",0.33081762315754626
"[ 473  528  555  801  820  846 1050 1383 1391 1446 1546 1823 1886 1928
 2008 2116 2234 2427 2461 2665 2718 2968 3087 3140 3220 3243 3449 3486
 3639 3740 3796 4207 4299 4359 5345 6045 6554 6758 7108 7190]",0.33855748087604887
"[ 528  690  890 1054 1239 1255 1374 1622 1735 1857 2078 2118 2167 2181
 2245 2588 2636 2666 2791 2837 3033 3041 3097 3290 3353 3375 3510 3784
 3812 4205 4335 4425 4432 4917 5975 6343 6690 6968 7195 7401]",0.3452873500286554
"[ 384  474  552  587  963 1043 1121 1233 1385 1464 1622 1827 1859 1941
 2099 2303 2426 2475 2504 2601 2664 2870 3098 3177 3212 3230 3435 3711
 3819 3865 3944 3953 4205 4436 4482 5345 6411 6546 7040 7191]",0.3223847862369875
"[ 478  677  740  971 1050 1172 1441 1539 1551 1603 1943 2042 2078 2142
 2170 2234 2405 2512 2575 2710 2740 2804 3075 3106 3420 3449 3570 3577
 3880 3942 4206 4437 4484 4501 5836 6612 6620 6980 7181 7401]",0.337645632335685
"[ 333  382  765  887  948 1253 1331 1385 1480 1660 1786 1821 1882 2183
 2192 2221 2231 2285 2315 2719 2726 2826 2883 2946 2995 3217 3382 3445
 3566 3717 3745 3844 3939 3948 4067 4572 5904 6760 7107 7332]",0.35610254765101196
"[ 247  379  486  545  608  742  947 1044 1054 1179 1237 1542 1763 1787
 1890 1948 2150 2184 2263 2512 2527 2591 2637 2959 3011 3074 3160 3505
 3524 3640 3746 3943 4024 4136 4713 6263 6324 6759 7050 7179]",0.3227342548284599
"[ 404  451  556  745  972 1050 1089 1309 1459 1539 1659 1836 1855 2039
 2099 2217 2377 2460 2474 2711 2724 2764 2876 3211 3218 3247 3297 3307
 3745 3783 4004 4156 4194 4278 4575 4923 6049 6616 6765 7114]",0.3432355765815951
"[ 200  248  477  670  974  984 1031 1090 1334 1381 1391 1756 1872 1906
 1997 2032 2076 2094 2253 2513 2568 2761 2953 3002 3066 3082 3243 3589
 3674 3790 3853 3983 4022 4362 5193 6189 6340 6688 7049 7179]",0.3321981904119409
"[ 198  317  451  764  813  913 1042 1104 1234 1263 1611 1761 1871 1998
 2025 2329 2389 2432 2520 2551 2826 2853 2868 2932 3169 3342 3426 3507
 3515 3951 4132 4225 4358 4765 4849 5335 5836 6694 7040 7190]",0.3348418880301625
"[ 319  521  553  819  915 1050 1179 1385 1543 1550 1591 1786 1867 1891
 1954 2040 2304 2387 2474 2566 2578 2607 2873 2955 3076 3211 3446 3534
 3577 3776 4017 4095 4141 4276 4433 5977 6409 6473 7110 7189]",0.3331991712413049
"[ 462  473  733  958 1050 1321 1444 1451 1548 1787 1816 1966 2077 2121
 2426 2508 2516 2536 2761 2938 2952 3033 3141 3502 3512 3602 3663 3847
 3998 4005 4012 4024 4553 4715 6263 6610 6697 6830 7251 7330]",0.32942648983272393
"[ 319  379  411  739  841  963 1042 1313 1474 1513 1678 1926 2044 2092
 2170 2293 2320 2620 2659 2710 2755 3007 3020 3285 3312 3487 3660 3722
 3778 3812 3984 4281 4437 4622 4643 6190 6468 6621 7111 7261]",0.3497581903620508
"[ 414  521  600  616  917  960  980 1235 1369 1394 1619 1735 1926 1936
 2170 2181 2226 2286 2334 2576 2658 2671 2827 3137 3226 3358 3376 3385
 3392 3628 3798 3883 4204 4215 4365 4781 6260 6550 7049 7108]",0.31871050812068374
"[ 248  267  307  667  764  802  967 1055 1170 1441 1464 1693 1786 1884
 1943 2038 2217 2260 2509 2661 2714 2739 2765 3011 3305 3495 3506 3745
 3867 3912 4067 4087 4436 5767 6188 6680 6687 6977 7324 7473]",0.3364400844659893
"[ 619  733 1055 1173 1254 1376 1545 1786 1961 2024 2040 2189 2355 2371
 2457 2504 2536 2591 2763 2897 2925 3012 3076 3170 3590 3604 3634 3646
 3668 3939 4133 4338 4644 5403 5905 6254 6618 7124 7180 7473]",0.3426847469191556
"[ 318  448  473  630  668  693  818 1018 1167 1398 1533 1736 1834 1856
 1938 2099 2231 2253 2550 2579 2643 2729 2807 2828 3076 3373 3436 3462
 3631 3668 3932 3991 4156 4340 4500 5202 5978 6616 7322 7330]",0.33565164594090724
"[ 196  533  689  810 1051 1175 1183 1371 1665 1692 1821 2084 2099 2114
 2319 2426 2433 2444 2624 2948 2956 3083 3216 3713 3794 3812 4058 4144
 4159 4207 4405 4645 4701 5835 6265 6328 6761 7109 7123 7400]",0.3253350949757297
"[ 339  459  905  947  956 1108 1265 1378 1672 1830 1962 1997 2087 2147
 2190 2437 2692 2714 2733 2811 2868 2897 3101 3208 3216 3367 3520 3714
 3864 3955 4088 4205 4364 4638 6121 6412 6612 6762 7052 7257]",0.34955498026881476
"[ 196  391  452  618  682  840  948 1170 1250 1481 1543 1583 1873 1903
 2038 2100 2290 2354 2474 2511 2590 2860 3089 3137 3290 3379 3582 3675
 3844 4025 4134 4142 4291 4713 5633 5905 6549 6610 6970 7333]",0.33998317471931716
"[ 460  700  738  901  944  962 1050 1305 1460 1666 1684 1837 2014 2099
 2140 2177 2334 2397 2448 2504 2781 2938 3104 3167 3214 3373 3534 3632
 3648 3811 3869 4143 4202 5334 5837 6256 6617 7051 7109 7400]",0.34751964951330844
"[ 545  673  911  975 1021 1173 1252 1543 1665 1673 1728 1764 2042 2141
 2150 2244 2265 2540 2638 2656 2788 2954 3156 3178 3359 3452 3635 3720
 3817 3855 3869 3952 4056 4216 4351 4367 5196 6473 6907 7329]",0.33385166561949065
"[ 248  473  521  552  881  969 1048 1101 1409 1442 1534 1825 1937 1955
 2141 2157 2189 2449 2577 2693 2726 2741 2995 3105 3291 3370 3519 3598
 3637 3747 3982 4005 4132 4155 4645 5131 5976 6902 7251 7400]",0.3447706557368094
"[ 592  630  672  765  828 1249 1587 1617 1743 1786 2034 2256 2265 2287
 2373 2508 2695 2755 2807 2890 2996 3012 3147 3379 3493 3557 3646 3656
 3744 4062 4140 4148 4166 4643 5701 5976 6398 6551 7109 7192]",0.30695147621096064
"[ 265  589  671  695  773 1037 1172 1234 1545 1674 1808 2012 2174 2185
 2265 2286 2448 2534 2725 2754 2765 2947 3002 3028 3224 3572 3636 3723
 3731 3745 4021 4339 4433 4991 5483 6119 6687 7053 7109 7329]",0.34525335999157314
"[ 125  461  474  591  811  895  984 1101 1188 1233 1597 1604 1727 1786
 1827 2104 2187 2306 2369 2428 2534 2832 2868 2924 3003 3088 3239 3464
 3660 3718 3811 3916 4080 4351 4574 5699 6189 6763 7109 7400]",0.3265942158756118
"[ 319  411  451  815  842  873  896  906 1305 1318 1473 1764 1804 1888
 1968 2221 2282 2390 2402 2450 2655 2766 2933 2945 2953 2960 3066 3366
 3522 3566 3600 3657 4004 4368 4424 5417 5977 6617 7121 7251]",0.3538347471538303
"[ 334  661  751  900  912  957 1228 1322 1457 1474 1786 1804 1907 1936
 2040 2101 2355 2513 2576 2607 2734 2762 2885 3009 3071 3448 3653 3668
 3774 3858 3943 4207 4413 4567 4574 6188 6484 6901 7322 7332]",0.34899447660851934
"[ 401  450  551  604  630  946 1096 1114 1121 1174 1687 1800 2092 2100
 2143 2180 2330 2364 2623 2669 2730 2859 3220 3238 3281 3298 3528 3717
 3941 4024 4268 4275 4428 4436 6127 6619 6626 6825 7121 7255]",0.34163741582681595
"[ 194  320  472  742  832  874  981 1245 1253 1544 1665 1726 1956 2118
 2146 2161 2179 2507 2637 2658 2857 2900 2954 3147 3155 3464 3493 3715
 3731 3812 3936 4268 4278 4368 4645 4916 5978 6614 6904 7181]",0.3390079552099044
"[ 249  591  671  762  986 1040 1164 1171 1402 1660 1744 1925 2180 2189
 2222 2356 2658 2684 2858 2936 3018 3032 3238 3354 3511 3533 3715 3773
 3944 3952 4203 4337 4362 4638 5126 6119 6468 6619 7115 7179]",0.34198431701314747
"[ 331  664  700  815  977 1160 1320 1480 1686 1735 1787 2085 2107 2306
 2332 2385 2432 2495 2581 2692 2803 2825 2953 3002 3066 3435 3443 3592
 3741 3781 4055 4071 4151 4491 4573 5766 6540 6625 7110 7260]",0.32079495983124723
"[ 521  621  672  825  981 1297 1450 1478 1607 1884 1970 2050 2069 2153
 2390 2447 2547 2611 2638 2723 2740 3085 3218 3517 3534 3649 3669 3846
 4071 4167 4220 4268 4707 5193 6119 6339 6682 6760 7121 7180]",0.34982105374203487
"[ 618  702  877  962 1026 1050 1323 1518 1543 1693 1815 1927 2113 2304
 2436 2534 2664 2693 2713 3074 3081 3103 3163 3491 3511 3739 3782 3888
 4087 4195 4220 4276 4716 4900 5700 5764 6485 6691 7261 7466]",0.3183996644347281
"[ 313  320  334  810  913 1047 1102 1182 1371 1680 1688 1882 1979 2017
 2102 2184 2212 2507 2515 2534 2694 2712 2735 2896 2937 3287 3390 3436
 3520 3852 3867 3931 4020 4366 4572 5334 6045 6550 7108 7118]",0.3541380111816133
"[ 590  604  691  896  952 1125 1172 1257 1515 1535 1885 1928 2042 2175
 2230 2332 2365 2520 2783 2902 3008 3015 3023 3350 3589 3603 3643 3651
 3951 4061 4143 4437 4638 5197 6049 6410 6545 6911 7108 7186]",0.3656176739716154
"[ 248  410  523  832  911 1169 1247 1374 1612 1692 1743 1877 1938 1999
 2033 2188 2431 2463 2519 2623 2636 2722 2739 3066 3088 3291 3310 3783
 3866 4128 4157 4215 4716 4917 5630 5972 6551 6751 6829 7401]",0.3256442145916548
"[ 408  521  557  751  814 1018 1322 1402 1598 1717 1800 1888 2078 2109
 2191 2230 2282 2726 2785 2811 2825 3016 3171 3217 3280 3377 3583 3848
 3856 3943 3952 4076 4278 4482 4575 6048 6618 6752 7050 7328]",0.33960853657852874
"[ 454  482  677  876  986 1119 1237 1371 1466 1887 1906 1927 2020 2037
 2291 2480 2586 2594 2641 2830 3087 3142 3170 3220 3464 3641 3658 3722
 4095 4134 4336 4357 4436 4921 5125 5693 6331 6481 6969 6976]",0.3465793684359969
"[ 523  629  814  831 1018 1107 1385 1403 1513 1537 1927 1945 1957 1969
 2080 2335 2357 2375 2533 2806 2853 2869 2902 3002 3350 3375 3524 3603
 3783 3791 3911 4024 4152 4203 4357 6050 6760 6838 7110 7333]",0.3452374533540679
"[ 309  816  830  877  894 1194 1445 1472 1604 1666 1786 1943 1972 2240
 2287 2303 2319 2332 2786 2804 2867 2882 2893 3113 3312 3351 3429 3578
 3586 3673 3947 4068 4128 4219 5974 6201 6758 6911 7251 7330]",0.3270367516104262
"[ 406  556  593  600 1034 1044 1125 1301 1309 1529 1611 2050 2079 2141
 2164 2184 2317 2646 2710 2797 2815 2829 3089 3355 3576 3588 3812 3838
 4135 4145 4158 4565 4645 4910 5062 5983 6760 6980 7037 7257]",0.3299468039968628
"[ 332  460  485  520  970  982 1169 1299 1392 1403 1925 1945 2050 2094
 2104 2113 2285 2363 2443 2761 2785 2948 3293 3311 3422 3534 3555 3811
 3860 3869 4063 4506 4550 5272 5328 6117 6614 6905 7324 7404]",0.3359124164676181
"[ 340  448  463  527  755  961  977 1019 1055 1251 1309 1529 1543 1621
 1929 2010 2025 2193 2245 2253 2375 2566 2579 2954 3010 3066 3175 3232
 3414 3427 3704 3792 3812 4068 4224 4573 5121 5835 6834 7251]",0.32577656338211436
"[ 473  527  803  888  982 1044 1318 1737 1751 1762 1786 2100 2147 2181
 2225 2425 2449 2690 2811 2857 3081 3232 3352 3522 3603 3713 3867 4024
 4133 4144 4337 4436 4783 4846 5909 6328 6618 6824 6910 7116]",0.33512929241520883
"[ 387  486  619  947 1099 1391 1401 1667 1692 2012 2112 2140 2175 2303
 2335 2434 2625 2640 2734 2827 3008 3032 3096 3212 3463 3588 3719 3954
 4057 4069 4083 4407 4568 5336 5903 6412 6760 6910 7260 7323]",0.3335345342334891
"[ 553  802  812 1103 1120 1302 1325 1381 1603 1825 1943 1976 2171 2213
 2221 2375 2535 2613 2651 2763 2852 2954 3012 3175 3304 3420 3641 3650
 3945 4024 4071 4123 4133 4294 5336 5906 6622 6685 7121 7180]",0.32546702887186685
"[ 246  381  473  629  764  958  970 1018 1380 1404 1465 1802 1835 1931
 2037 2164 2298 2566 2576 2619 2867 2876 3136 3242 3359 3376 3650 3769
 3816 3951 4014 4062 4215 4508 5406 6330 6621 6752 7121 7396]",0.31565554406036067
"[ 319  691  733  751  987 1026 1041 1192 1370 1462 1665 1761 1926 1941
 2110 2121 2508 2600 2621 2643 2755 2806 3012 3138 3358 3382 3464 3517
 3579 3708 3882 3928 4016 4433 4624 4917 5976 6687 7180 7192]",0.34215623633744113
"[ 266  387  522  837  884  966 1090 1256 1385 1478 1534 2034 2042 2233
 2311 2333 2365 2535 2567 2694 2858 2869 2895 2954 3290 3354 3373 3663
 3722 3741 3784 4132 4144 4293 4410 5978 6472 6552 6967 7191]",0.34494205352331686
"[ 376  406  526  696  902  956 1034 1372 1538 1691 1744 1927 1949 1969
 2082 2190 2287 2318 2588 2761 2923 2932 3175 3298 3307 3495 3576 3739
 3940 3983 4071 4203 4362 4849 5335 5908 6688 6767 7038 7189]",0.3461182458394528
"[ 383  483  516  547  813  913  962 1182 1309 1472 1583 1676 1765 2108
 2211 2258 2374 2437 2624 2996 3011 3019 3097 3176 3217 3590 3647 3725
 3956 4056 4068 4085 4501 4553 5193 6260 6681 6904 7251 7400]",0.3412353919792982
"[ 193  450  688  695  743  915  947 1107 1265 1307 1398 1603 1800 1809
 1900 2000 2099 2149 2305 2330 2646 2691 2739 3008 3015 3280 3534 3647
 3660 3881 3919 4283 4434 4443 5543 6254 6480 6758 7121 7251]",0.3424554862527386
"[ 330  481  521  812  829  917 1032 1193 1372 1392 1612 1666 1857 1864
 1905 2026 2230 2248 2365 2427 2472 2624 2735 2820 2937 3169 3283 3518
 3704 3789 3796 3882 4293 4408 4709 5700 6185 6761 7183 7192]",0.3453599736039205
"[ 124  318  811  831  875  892  913 1191 1305 1388 1397 1691 1717 1804
 1959 2008 2165 2252 2330 2568 2649 2658 2816 2829 3018 3210 3289 3520
 3535 3650 3711 3810 4133 4151 4572 5974 6626 6759 7122 7181]",0.3545613124344055
"[ 305  340  458  617  877  910 1030 1331 1376 1535 1761 1865 1949 2039
 2070 2101 2261 2450 2484 2651 2710 3096 3159 3219 3352 3464 3579 3590
 3740 3928 4085 4342 4362 4406 4783 6119 6696 6825 7323 7401]",0.356951719291078
"[ 317  377  413  761  813  911  967 1376 1462 1471 1478 1798 1858 1882
 2050 2103 2112 2296 2354 2446 2615 2670 2714 2792 3014 3210 3378 3505
 3675 3996 4013 4337 4430 4770 6046 6411 6833 6967 6982 7401]",0.35891830726495344
"[ 377  487  616  738  887 1049 1158 1319 1681 1693 1804 1857 2113 2150
 2166 2191 2244 2482 2515 2568 2607 2788 2881 2937 3016 3101 3494 3507
 3522 3727 3885 4133 4141 4431 4779 5770 5904 6759 7051 7256]",0.35327045578290056
"[ 559  760  872  885 1055 1326 1461 1547 1593 1786 1962 1978 2093 2149
 2227 2252 2566 2690 2721 2945 2954 2999 3174 3290 3420 3439 3449 3712
 3880 3889 3940 4073 4205 4433 5474 6261 6824 6831 6909 7472]",0.352025696874534
"[ 384  551  733  816  966 1187 1194 1443 1462 1682 1736 1786 1976 2103
 2157 2182 2428 2659 2668 2693 3006 3104 3137 3155 3239 3640 3650 3800
 3815 4054 4061 4143 4503 4513 4708 5835 6476 7053 7187 7250]",0.3327349690974269
"[ 317  376  483  811  875  914 1039 1049 1101 1371 1522 1678 1688 1956
 2139 2150 2181 2334 2445 2458 2612 2695 2924 3022 3034 3077 3226 3382
 3586 3782 3840 4096 4215 4411 4509 4782 6689 7049 7178 7471]",0.32106056124151316
"[ 265  306  462  597  767  947  967 1101 1260 1409 1466 1804 1905 1954
 2036 2146 2154 2303 2472 2576 2669 2763 2874 2937 2995 3237 3246 3357
 3371 3562 3718 3803 4080 4204 4215 6119 6688 6766 6823 7401]",0.350997708116961
"[ 411  446  543  749  811  981 1040 1311 1474 1534 1905 1928 1941 2091
 2102 2251 2360 2473 2658 2737 2766 2966 3027 3137 3148 3305 3438 3671
 3858 4008 4159 4204 4499 5416 5836 6399 6831 6909 7181 7471]",0.3332297987464933
"[ 246  452  475  771  891  953  972 1121 1443 1533 1596 1612 1978 2099
 2158 2180 2288 2649 2692 2806 2941 3032 3212 3291 3463 3517 3555 3669
 3854 4084 4275 4551 4644 5345 5616 6271 6333 7114 7125 7474]",0.32046528985392075
"[ 330  451  751  760  768  814 1320 1330 1374 1691 1786 1877 2007 2103
 2188 2284 2377 2394 2577 2693 2827 2925 3087 3170 3363 3461 3589 3632
 3958 3992 4073 4364 5345 6117 6198 6751 6831 6983 7252 7330]",0.33491417822332176
"[ 269  307  545  770  809 1031 1119 1394 1480 1587 1666 1977 2040 2156
 2169 2214 2461 2589 2648 2693 2710 2825 3011 3208 3361 3517 3668 3675
 3989 4068 4120 4150 4553 4570 5122 6046 6550 6910 7043 7107]",0.3205116278712741
"[ 335  455  519  675  683  772  832  953 1371 1453 1462 1543 1834 1935
 2031 2158 2255 2283 2378 2404 2432 2672 2695 2947 3011 3033 3284 3587
 3649 3811 3854 3889 4082 4267 4360 5335 5977 6474 6975 7108]",0.3197090678582396
"[ 268  521  742  755  915 1121 1376 1384 1395 1762 1787 1897 2079 2161
 2172 2393 2471 2572 2661 2721 2763 2966 3098 3220 3352 3369 3447 3558
 3786 3811 3941 4129 4357 4437 5907 6270 6756 6980 7250 7329]",0.3315108994763197
"[ 400  462  620  664  969 1031 1121 1463 1621 1645 1735 1969 2026 2175
 2225 2332 2359 2625 2673 2807 2831 3010 3211 3384 3501 3533 3793 3804
 3882 3989 3997 4507 4638 5346 5475 6468 6691 6840 6968 7332]",0.2856032582205812
"[ 247  551  591  743  913  972 1306 1613 1668 1677 1764 1935 2113 2161
 2212 2365 2457 2592 2693 2710 2754 2940 3141 3169 3318 3375 3579 3634
 3784 3808 3817 4085 4147 4482 4490 5974 6543 6550 7047 7179]",0.3422004041728869
"[ 265  448  486  527  977 1018 1099 1108 1673 1684 1835 1944 2175 2324
 2358 2366 2520 2745 2756 2853 3009 3088 3286 3308 3585 3635 3740 3784
 4018 4074 4134 4367 4644 5125 5769 6116 6340 6903 7109 7263]",0.3295892692376573
"[ 268  382  764  876  896  914  958 1466 1545 1661 1672 1796 1962 2067
 2164 2189 2253 2430 2457 2583 2683 2735 2761 3157 3176 3210 3218 3380
 3648 3726 3954 4062 4140 4148 4368 4715 6119 6823 6830 6980]",0.3558188734685695
"[ 546  590  744  982 1039 1174 1260 1376 1738 1857 1965 2099 2117 2301
 2365 2429 2521 2529 2623 2756 2798 2861 2923 3088 3240 3353 3365 3590
 3600 3715 3868 4060 4095 4438 4502 6050 6626 6760 7252 7404]",0.34708067151198985
"[ 408  673  737  896  914  976 1087 1307 1391 1547 1797 1884 1908 1948
 2033 2041 2069 2359 2366 2519 2550 2637 2816 2865 3039 3138 3159 3436
 3519 3597 4002 4012 4133 4424 5411 6188 6685 6835 7181 7334]",0.3247645244904367
"[ 176  340  672  690  839  874  896 1377 1464 1613 1692 1814 1878 1996
 2104 2149 2227 2325 2336 2710 2806 2831 2870 3075 3166 3177 3369 3742
 3844 3858 3865 4050 4085 4134 4644 6046 6686 6764 7260 7394]",0.34829647033669997
"[ 451  615  747  835  846 1097 1180 1302 1407 1592 1610 1671 1942 1976
 2040 2102 2145 2406 2452 2566 2587 2651 3067 3089 3097 3104 3364 3566
 3591 3675 3938 3997 4024 4132 4573 5334 6190 6759 7192 7396]",0.3461065650365622
"[ 390  404  557  834  880  968 1242 1334 1462 1663 1866 1962 1996 2097
 2186 2298 2553 2566 2647 2796 2806 2901 3167 3218 3280 3510 3558 3783
 3812 3873 4222 4338 4500 4558 6049 6327 6902 6910 7252 7401]",0.34388983858475364
"[ 377  406  599  677 1038 1055 1170 1187 1233 1665 1691 1749 1858 1955
 2008 2121 2182 2301 2355 2450 2740 2837 2899 2943 3067 3100 3147 3445
 3535 3577 3883 3938 4134 4358 5197 5978 6325 6547 6977 7323]",0.34407773279543974
"[ 248  473  659  668  697  958 1038 1232 1474 1662 1820 1855 2166 2220
 2254 2265 2567 2654 2767 2804 2823 2932 2955 3456 3491 3510 3517 3571
 3747 4073 4133 4224 4238 4644 5336 5834 6623 6687 7179 7192]",0.33306712655942416
"[ 335  519  668  754  908 1160 1171 1257 1409 1462 1659 1758 2022 2102
 2118 2146 2157 2251 2589 2646 2753 2831 2923 3099 3146 3369 3376 3855
 3934 3954 3983 4133 4301 4432 5700 6049 6551 6686 7177 7190]",0.34930947769742793
"[ 392  403  662  669  834  842  968 1029 1378 1538 1602 1692 2081 2110
 2168 2189 2358 2445 2578 2666 2757 2854 2938 3033 3168 3286 3440 3590
 3783 3817 3881 3934 4229 4284 4922 5975 6686 6835 7178 7401]",0.36441339563845615
"[ 248  402  520  670  696 1039 1103 1237 1533 1545 1765 1863 1893 1944
 1951 2282 2445 2459 2471 2578 2924 2941 3169 3218 3423 3519 3581 3746
 3856 3880 4078 4134 4157 4553 4643 5337 5974 6404 7039 7330]",0.35282252870934894
"[ 306  341  403  526  887 1180 1230 1263 1599 1684 1800 1934 2116 2162
 2180 2315 2566 2655 2690 2719 2953 2996 3016 3219 3247 3580 3587 3641
 3697 3883 4001 4082 4205 4483 4573 5984 6398 6688 6966 7190]",0.35742721712906467
"[ 333  448  532  772  810 1040 1100 1121 1229 1606 1685 1728 1740 2119
 2143 2182 2292 2371 2449 2827 2857 2882 3016 3032 3148 3381 3510 3563
 3659 3783 3882 4007 4157 4414 4504 5336 6261 6900 6978 7471]",0.3547564425016352
"[ 451  481  545  845  894 1028 1189 1234 1389 1610 1664 1762 2002 2026
 2107 2292 2303 2544 2653 2714 2735 2885 3075 3210 3224 3644 3655 3662
 3741 3775 4211 4293 4409 5616 6047 6485 6541 6902 7192 7251]",0.33710383725235843
"[ 339  448  459  809  820  829 1052 1242 1325 1618 1656 1673 1737 2034
 2072 2168 2260 2294 2302 2394 2567 2757 2801 2934 3066 3238 3434 3674
 3737 3783 3794 4014 4132 4288 5417 6188 6753 6974 7251 7472]",0.33625224060076464
"[ 524  765  892  956 1160 1263 1541 1598 1605 1764 1876 1926 2099 2147
 2181 2260 2638 2648 2668 2727 2753 3146 3226 3310 3494 3646 3799 3811
 4275 4293 4336 4428 4992 5187 6191 6326 6484 6831 7108 7472]",0.3517123338071382
"[ 457  476  592  842 1101 1108 1441 1451 1475 1604 1787 1943 1967 2119
 2221 2283 2307 2389 2584 2754 2790 2925 3016 3080 3098 3446 3580 3601
 3631 3644 4022 4134 4152 4501 6045 6194 6556 6760 7179 7262]",0.3688343550784491
"[ 245  269  377  699  748  760  810 1121 1255 1380 1442 1693 1881 1889
 2041 2216 2366 2375 2479 2712 2737 2888 3013 3281 3288 3376 3459 3631
 3871 4005 4024 4062 4069 4503 5620 6191 6902 7037 7122 7472]",0.32952203953381975
"[ 388  410  608  630  805  975 1103 1124 1237 1323 1512 1691 1803 1954
 1964 1997 2051 2186 2302 2359 2437 2452 2601 2624 2800 2826 2999 3161
 3168 3434 3635 3812 3932 3941 4204 4847 5977 6760 7251 7263]",0.3242904786067308
"[ 267  331  385  732  833  911  968 1172 1479 1516 1536 1543 1926 1935
 1977 2019 2099 2251 2475 2714 2744 2797 3019 3074 3310 3392 3491 3642
 3660 3721 3811 4134 4214 4338 4434 5975 6325 6474 6970 7051]",0.35301838312962175
"[ 389  618  662  700  819  968 1022 1121 1443 1528 1684 1837 1889 1949
 2069 2155 2179 2258 2566 2591 2720 2765 2869 2887 3141 3362 3450 3635
 3811 3861 3868 4271 4366 4427 5197 6119 6753 6831 7265 7400]",0.33077238556215316
"[ 383  473  624  744 1040 1121 1306 1315 1441 1543 1675 1836 1858 1873
 2097 2109 2362 2373 2598 2688 2710 2804 3098 3212 3220 3374 3672 3704
 3712 3795 4015 4022 4134 4572 5474 5905 6404 6765 7109 7472]",0.3448552978341647
"[ 390  474  521  766  882  970 1105 1263 1520 1605 1810 1867 1969 1979
 2160 2172 2289 2522 2580 2828 2871 2995 3221 3308 3492 3512 3714 4013
 4075 4095 4267 4345 4496 4982 5978 6408 6539 6978 7251 7474]",0.3371930116558084
"[ 386  450  474  752  834  885 1125 1302 1464 1473 1595 1622 1787 1800
 2042 2101 2232 2285 2293 2333 2592 2605 2790 2825 2939 3279 3376 3385
 3437 3464 3859 3918 3952 4294 4353 5418 6048 6411 6972 7263]",0.34959756790778074
"[ 340  382  762  772  812  895  944 1315 1444 1472 1607 1665 1692 2028
 2153 2163 2253 2332 2359 2624 2649 2659 2883 3009 3106 3139 3375 3650
 3706 3740 3784 3874 4294 4641 4917 5329 5904 6551 7326 7333]",0.3253136673422683
"[ 122  342  376  598  832  962  986 1305 1393 1402 1457 1836 1941 2095
 2141 2323 2402 2513 2591 2693 2716 2811 2824 3011 3207 3287 3376 3603
 3648 3798 4025 4132 4288 4407 4850 5836 6400 6415 6899 7121]",0.33037624666050663
"[ 451  616  623  671 1164 1193 1398 1460 1738 1829 1837 1926 2105 2333
 2362 2453 2659 2749 2924 3005 3369 3376 3385 3564 3784 3791 3817 4023
 4085 4507 4571 4846 4900 5192 6117 6342 6759 6839 7179 7261]",0.31970385899513987
"[ 520  601  630  821  830 1167 1264 1442 1463 1737 1756 1907 2015 2102
 2149 2255 2425 2590 2648 2764 2826 3024 3066 3144 3293 3302 3455 3632
 3643 3675 3864 3950 4013 4200 4644 5911 6259 6758 7179 7190]",0.3355743196231158
"[ 381  531  835  877  894 1125 1172 1327 1370 1533 1826 1872 2001 2099
 2117 2232 2322 2593 2721 2813 2853 3083 3283 3304 3433 3702 3723 3812
 3851 3874 4141 4219 4409 4708 5203 6119 6409 6830 6839 7329]",0.349619024052649
"[ 310  410  671  949 1120 1176 1184 1299 1481 1735 1742 1830 1867 2145
 2174 2191 2252 2444 2785 2829 2941 3022 3075 3313 3603 3648 3712 3727
 3915 3948 4206 4367 4406 4573 5979 6340 6688 6908 7323 7403]",0.34173431143266475
"[ 592  762  815 1053 1093 1324 1387 1692 1737 1800 1888 2182 2216 2404
 2506 2519 2624 2826 2856 2940 3018 3146 3240 3352 3579 3589 3785 3812
 3910 4076 4227 4278 4715 5405 5978 6478 6682 6768 7250 7260]",0.3492542396704452
"[ 376  462  759  767  809 1037 1330 1603 1735 1761 1857 1869 2166 2183
 2244 2265 2354 2363 2372 2684 2695 2803 2813 2857 3289 3316 3353 3372
 3650 3732 3953 3996 4055 4081 4429 4558 6117 6550 6826 7401]",0.32167179428915404
"[ 375  406  525  699  748  875  977 1169 1393 1409 1806 1830 1925 2026
 2078 2246 2373 2405 2425 2575 2827 2924 2946 3010 3074 3170 3376 3422
 3510 3642 3811 3839 4132 4150 4354 5187 5906 6616 7121 7394]",0.34055312694770107
"[ 390  485  545  591  886 1050 1092 1393 1441 1592 1691 1888 1997 2012
 2038 2166 2190 2287 2586 2623 2709 2758 2788 2880 2962 3282 3291 3302
 3668 3818 3924 3988 4081 4568 5474 6043 6333 6693 7110 7189]",0.33292117932804344
"[ 451  546  674  767  872 1039 1168 1442 1472 1535 1622 1665 1956 2084
 2217 2253 2402 2458 2520 2654 2717 2762 2896 3020 3170 3214 3440 3660
 3703 3717 4024 4136 4156 4573 4637 6192 6761 6981 7109 7329]",0.3468197913561589
"[ 596  691  773  886 1039 1336 1377 1604 1667 1907 1928 2011 2111 2166
 2173 2288 2403 2586 2649 2876 2958 3066 3145 3441 3505 3523 3533 3704
 3783 3943 3955 4005 4636 4643 5197 6187 6690 6980 7109 7330]",0.3595474685241655
"[ 314  404  517  834  958 1018 1178 1256 1265 1584 1675 1737 1857 2043
 2167 2287 2333 2365 2444 2462 2565 2696 2787 2968 3159 3221 3353 3379
 3459 3719 3869 3923 3950 4502 5337 5345 6260 6767 6831 7252]",0.33834498357148257
"[ 317  521  620  888 1050 1093 1179 1545 1660 1788 1954 1967 2046 2081
 2286 2533 2576 2655 2662 2694 2897 3022 3175 3291 3440 3493 3518 3673
 3951 4014 4073 4206 4644 4708 5978 6127 6328 6831 6980 7253]",0.3482184180391297
"[ 193  318  557  664  691  957 1036 1121 1161 1608 1738 1757 1943 2244
 2254 2281 2292 2658 2692 2743 3070 3105 3238 3291 3512 3535 3555 3633
 3789 4014 4022 4132 4149 4643 5045 6058 6259 6619 7039 7262]",0.320974589116676
"[ 177  330  410  734  742  773  907 1034 1112 1445 1534 1665 1683 1833
 1996 2103 2181 2367 2376 2431 2472 2495 2810 2937 3033 3212 3230 3432
 3592 3670 3914 4007 4086 4423 4644 5273 5976 6550 7120 7181]",0.33836327505098074
"[ 451  549  608  672  899  911  947 1242 1331 1392 1806 1867 1928 1957
 1968 1977 2304 2359 2387 2612 2624 2654 2948 3140 3238 3290 3439 3486
 3739 3746 3931 3942 4132 4338 4431 4708 6048 6542 6976 7250]",0.35165483555220445
"[ 521  621  699  743  894 1120 1162 1325 1389 1593 1690 1716 1883 2080
 2087 2105 2378 2395 2403 2570 2599 2649 2727 2948 3145 3223 3517 3705
 3739 3889 3931 3938 4230 4643 5977 6475 6556 7114 7178 7192]",0.3388275389505686
"[ 266  451  677  697  801  952  975 1108 1242 1406 1519 1678 2001 2083
 2097 2190 2254 2480 2572 2657 2877 3026 3033 3147 3211 3376 3653 3699
 3784 3812 3876 4206 4358 4372 4554 5272 6403 6905 7109 7400]",0.34223034122690915
"[ 248  335  453  769  874  883  969 1173 1259 1663 1907 1969 1997 2028
 2329 2364 2376 2428 2671 2827 2858 2908 2942 3168 3291 3352 3531 3725
 3782 3949 4142 4336 4415 4572 4707 5978 6198 6544 6835 7251]",0.3469285845156018
"[ 248  446  546  553  741  913  944 1101 1109 1263 1445 1602 1735 1836
 1898 1926 2154 2175 2258 2306 2428 2596 2623 2719 2753 2939 2956 3140
 3160 3523 3643 3722 3848 3953 4225 4288 6047 6485 6755 7047]",0.35749213193149587
"[ 176  269  544  774  834  894  948 1026 1327 1459 1521 1689 1824 1859
 1943 2027 2121 2185 2359 2387 2440 2520 2709 2897 3002 3011 3240 3446
 3506 3639 3671 4013 4218 4272 4407 4496 4910 5905 6896 6974]",0.3169938355864514
"[ 390  544  554  974 1037 1097 1302 1542 1717 1762 1886 1937 1949 2040
 2284 2441 2455 2504 2825 2832 2924 3015 3310 3364 3570 3654 3811 4017
 4150 4207 4643 4989 5336 5486 6117 6198 6616 6751 6838 7322]",0.32942382195950975
"[ 194  391  447  754  762  810 1122 1170 1300 1463 1472 1667 1692 1786
 1935 2028 2037 2189 2283 2301 2539 2695 2719 2733 2958 3283 3364 3662
 3705 3724 3747 3811 4066 4291 4344 6048 6485 6971 7053 7474]",0.339968688118592
"[ 410  454  751  760  770  815 1020 1181 1441 1457 1473 1481 1857 1879
 1966 2099 2190 2219 2371 2425 2691 2855 2886 2944 3005 3353 3365 3384
 3447 3643 3774 3881 4225 4289 4564 6189 6620 7036 7121 7466]",0.3353946841348778
"[ 340  525  618  730  844  887 1164 1255 1263 1386 1786 1871 1881 1893
 2185 2264 2281 2292 2313 2655 2760 2782 2932 2959 3018 3294 3635 3746
 3789 3871 4162 4204 4503 4553 4777 5836 6472 6694 7037 7188]",0.33175593583094687
"[ 523  766  773  959  972 1301 1407 1450 1467 1673 1857 1975 2095 2103
 2154 2181 2287 2472 2588 2670 2719 2763 2783 3217 3224 3231 3238 3350
 3604 3718 3726 3739 3923 4360 4367 4483 5616 6617 7120 7250]",0.3556936102542179
"[ 177  334  412  521  824  915  959 1120 1234 1458 1536 1693 1880 1930
 2040 2079 2100 2332 2446 2496 2607 2648 2739 2939 3100 3216 3232 3483
 3582 3635 3785 3948 4367 4502 4916 5977 6554 6615 6975 7396]",0.34170224598159615
"[ 337  454  886  977 1038 1386 1450 1540 1690 1866 1945 2025 2034 2254
 2283 2363 2444 2695 2734 2813 2853 2900 2938 3073 3298 3310 3420 3717
 3841 4024 4221 4280 4339 4910 5415 5836 6332 6693 7179 7258]",0.33048898003256233
"[ 337  487  526  759  946  962  981 1167 1394 1402 1665 1834 1870 1967
 2000 2099 2304 2329 2435 2499 2664 2693 2939 2995 3175 3237 3356 3438
 3716 3733 3812 4006 4057 4436 4778 5974 6697 6761 7108 7403]",0.3586244065938644
"[ 248  401  408  593  816  909 1039 1162 1455 1542 1692 1724 2032 2071
 2090 2254 2579 2619 2643 2737 2940 3218 3300 3313 3421 3662 3721 3917
 4022 4068 4081 4338 4574 5629 6196 6260 6759 7053 7106 7329]",0.3442422069525925
"[ 266  389  523  767  959 1112 1230 1263 1593 1743 1937 2050 2069 2111
 2161 2438 2472 2644 2736 2937 2968 3099 3211 3376 3440 3535 3784 3947
 3954 4134 4148 4335 5192 5416 6048 6553 6758 7108 7188 7196]",0.3481883599096022
"[ 551  664  672  684  914 1044 1237 1443 1460 1620 1680 1738 1856 2155
 2168 2253 2261 2554 2573 2660 2683 2937 3071 3171 3230 3436 3560 3801
 3812 3910 4067 4074 4223 4645 5335 5767 6470 6548 6768 7180]",0.3459630939468167
"[ 404  411  593  752  884  906  914 1384 1392 1401 1409 1513 2083 2170
 2183 2214 2234 2404 2461 2575 2805 2925 3011 3104 3289 3376 3635 3650
 3668 3675 3983 4014 4218 4424 4480 5416 6258 6265 6976 7109]",0.31904678661675134
"[ 248  474  694  804  972 1106 1170 1234 1544 1743 1929 1940 2040 2089
 2118 2289 2384 2567 2607 2655 2690 2876 3145 3209 3223 3311 3603 3726
 3853 3879 4482 4504 5336 5345 5846 6046 6615 6695 7251 7472]",0.3294819495023398
"[ 384  617  661  915 1104 1118 1159 1309 1409 1537 1814 1827 1876 1937
 1978 2174 2211 2517 2576 2614 2625 2673 2877 3105 3148 3226 3237 3489
 3642 3731 3794 3812 4131 4361 4775 5196 6116 6689 7049 7108]",0.3492138370429503
"[ 128  524  673  690  912  964 1480 1537 1593 1615 1815 2109 2116 2153
 2287 2314 2446 2647 2695 2882 3012 3067 3288 3374 3381 3483 3636 3650
 3742 3856 4011 4122 4561 4573 5056 5416 6264 6614 7120 7184]",0.33796154120274646
"[ 264  458  760  767 1091 1110 1381 1530 1540 1550 1787 1961 2011 2040
 2089 2503 2567 2583 2612 2739 2933 3016 3169 3279 3294 3429 3519 3811
 3862 3984 4140 4224 4783 5263 5835 6485 6680 6760 7181 7190]",0.3483584562625993
"[ 547  594  601  701  978 1033 1182 1232 1310 1688 1717 1802 1894 2093
 2189 2211 2244 2395 2576 2693 2730 3007 3141 3168 3369 3491 3518 3855
 3954 4006 4017 4204 4502 4553 4703 5335 6333 6626 6967 7048]",0.3500441744677939
"[ 388  628  666  683  763 1027 1262 1326 1583 1673 1823 1833 1949 1996
 2183 2336 2520 2576 2603 2832 2953 3149 3210 3303 3525 3632 3677 3712
 4008 4022 4133 4337 4425 4507 6122 6257 6687 6694 7192 7256]",0.3229209438512251
"[ 271  333  384  661  770  834 1025 1249 1544 1742 1749 1764 1800 1856
 2090 2317 2324 2333 2360 2521 2655 2827 2854 2958 3015 3022 3364 3421
 3731 3936 3954 4134 4433 4568 4917 5266 6048 6625 6899 7262]",0.33328601127048174
"[ 248  334  381  742  770  834 1033 1040 1264 1300 1612 1660 1741 1763
 1857 2101 2112 2229 2291 2520 2567 2761 2810 3001 3081 3491 3569 3741
 3871 4076 4280 4304 4507 4771 5336 6045 6617 6695 7109 7190]",0.3317299902995818
"[ 307  559  599  617  752  979 1018 1100 1329 1463 1480 1859 1883 1946
 2032 2080 2121 2182 2497 2543 2577 2601 2655 2693 2949 3100 3363 3445
 3494 3745 3909 4005 4013 4276 4406 6048 6555 6618 7181 7472]",0.3435321300163464
"[ 248  454  476  557  888 1115 1164 1337 1392 1442 1614 1811 1960 1979
 2139 2220 2307 2327 2442 2668 2874 2996 3149 3310 3440 3563 3571 3889
 3952 4008 4129 4212 4230 4644 5836 6545 6751 6839 7181 7472]",0.3276792514971124
"[ 245  411  805  815  828  913 1245 1303 1328 1548 1717 1735 1750 2114
 2221 2241 2334 2462 2483 2495 2661 2756 2866 3000 3167 3361 3510 3636
 3858 3955 4019 4054 4133 4148 5335 5978 6469 6762 7180 7403]",0.33789537651221135
"[ 174  521  556  618  816  823 1050 1306 1441 1456 1463 1541 1871 1905
 1925 2099 2322 2439 2565 2643 2661 2682 2764 2813 2934 3158 3312 3715
 3734 3798 3817 4133 4292 4840 5840 6046 6687 6767 7109 7400]",0.3185739001936518
"[ 555  690  739 1033 1052 1300 1522 1537 1645 1688 2014 2033 2168 2263
 2289 2586 2601 2608 2638 2664 2758 2836 2864 3161 3177 3207 3428 3583
 3591 3705 3741 4205 4218 4637 5417 6050 6618 6696 7180 7192]",0.3257378452916204
"[ 321  451  477  892  909  955 1252 1372 1479 1530 1662 1756 1857 2084
 2244 2252 2261 2359 2483 2658 2720 2829 2996 3023 3431 3442 3520 3637
 3812 3913 4133 4147 4161 4225 4850 6049 6544 6834 7110 7330]",0.3267591539870361
"[ 249  521  692  772  887  951 1036 1194 1396 1446 1596 1687 1997 2036
 2097 2119 2231 2359 2508 2530 2637 2803 2902 3005 3097 3247 3441 3491
 3519 3718 3882 3991 4010 4409 4715 5417 6116 6552 6967 7047]",0.34375700245045593
"[ 332  460  591  622  700 1091 1101 1112 1121 1534 1589 1786 1834 1967
 2027 2154 2289 2304 2389 2566 2786 2902 2944 3208 3291 3313 3462 3518
 3784 3794 4016 4204 4430 4437 4624 5335 6118 6829 7179 7191]",0.3379972604212314
"[ 405  519  558  669  978 1030 1162 1180 1596 1692 1787 1796 1821 2017
 2114 2170 2292 2404 2498 2664 2826 2866 3138 3302 3365 3380 3675 3715
 3844 3953 4006 4084 4337 4504 6259 6681 6901 7052 7322 7474]",0.33743365305831546
"[ 522  555  690  888 1018 1038 1055 1329 1531 1621 1857 2087 2101 2123
 2150 2181 2425 2520 2760 2931 2995 3012 3027 3162 3362 3653 3668 3710
 3731 3859 3986 4226 4573 5120 5345 6194 6255 6756 6909 7256]",0.3299819700555352
"[ 332  382  772  834  893 1239 1328 1371 1392 1734 1760 2011 2104 2216
 2235 2256 2412 2637 2745 2787 2830 2877 2936 3310 3353 3558 3586 3650
 3714 3744 3807 4156 4204 4504 4552 5974 6469 6759 7336 7394]",0.3317871625928784
"[ 451  530  552  900 1022 1049 1227 1315 1394 1659 1906 1934 1996 2026
 2033 2160 2183 2364 2521 2602 2725 3016 3209 3219 3236 3651 3730 3746
 3783 3846 4160 4221 4338 5048 5055 5903 6403 6906 7112 7472]",0.3284807315766853
"[ 481  666  751  815  981 1186 1228 1306 1456 1463 1726 1826 1977 1995
 2095 2215 2244 2300 2684 2712 2732 2763 3172 3281 3362 3440 3447 3711
 3740 4076 4088 4205 4338 4437 4641 5841 6260 6485 6759 7257]",0.3379000260116906
"[ 383  412  802  819  833  897  912 1097 1327 1375 1409 1743 1823 1977
 2145 2229 2255 2435 2495 2603 2662 2693 2995 3078 3240 3426 3465 3511
 3590 3739 4133 4141 4219 4703 6052 6116 6752 6832 7123 7401]",0.3433762547629156
"[ 462  520  682  691  772 1101 1183 1263 1307 1583 1998 2026 2033 2042
 2049 2087 2293 2537 2571 2624 2728 2792 2812 2901 3066 3161 3296 3312
 3357 3704 3718 3798 3883 4278 4573 5905 6397 6547 6908 7040]",0.3442814530422127
"[ 177  597  622  748  945  982 1242 1397 1441 1448 1761 1786 2025 2085
 2147 2178 2542 2646 2709 2834 2882 2945 3007 3142 3175 3491 3581 3662
 3669 3786 4054 4063 4077 4565 5345 5404 6047 6552 6973 7395]",0.33402961478434157
"[ 198  330  391  667  691  911 1158 1307 1315 1332 1393 1886 1898 2069
 2190 2222 2233 2393 2596 2714 2758 2765 3076 3154 3311 3446 3635 3644
 3722 3746 4024 4155 4204 4502 4921 6116 6681 6830 6908 7326]",0.3636715276914728
"[ 622  669  802  828 1103 1166 1192 1610 1690 1728 1745 2088 2166 2182
 2190 2315 2496 2580 2588 2691 2958 2966 2999 3092 3434 3498 3535 3740
 3794 3801 3999 4201 4367 4644 5416 6191 6687 6907 7180 7329]",0.33895191537490454
"[ 381  404  672  892  981 1042 1093 1384 1462 1544 1622 1655 1858 1877
 2098 2180 2188 2372 2425 2436 2662 2755 2785 3005 3024 3282 3366 3535
 3593 3656 3704 3786 3955 4204 4221 4300 5335 6327 6906 6970]",0.3307971128386183
"[ 380  620  740  845  872 1105 1117 1478 1514 1535 1737 1864 1908 1926
 1968 2100 2363 2402 2464 2516 2695 2710 2806 3001 3079 3300 3454 3464
 3498 3861 3868 3876 3884 4207 4433 4568 6047 6690 7109 7190]",0.34974351858389924
"[ 477  591  676  907  969 1022 1402 1441 1466 1528 1801 1834 2040 2069
 2246 2303 2363 2403 2594 2766 2822 2929 2944 3028 3220 3491 3535 3652
 3659 3812 4070 4150 4204 4267 4638 6054 6403 6767 6902 7400]",0.3438644287544895
"[ 318  336  487  836  900  950 1243 1399 1479 1663 1748 1899 1909 1928
 2026 2220 2371 2389 2474 2567 2664 2870 3002 3137 3374 3383 3434 3558
 3674 3864 3874 3996 4057 4366 4643 5977 6268 6754 7049 7252]",0.3408186364348075
"[ 333  340  527  661 1028 1051 1091 1108 1115 1458 1660 1756 1786 2050
 2097 2146 2225 2400 2460 2516 2566 2788 2832 2938 2947 3287 3310 3558
 3746 3781 3790 3808 3941 4287 4636 5975 6268 6617 7109 7121]",0.3380217163764868
"[ 459  484  592  899  952  984 1299 1312 1392 1401 1621 1661 1927 2038
 2099 2151 2159 2566 2590 2599 2617 2624 2646 2796 3033 3306 3425 3600
 3650 3774 3855 4156 4275 4504 4991 6047 6546 6911 7037 7472]",0.30586579843845074
"[ 199  451  691  743  945  969 1121 1165 1175 1540 1671 1945 2046 2145
 2181 2235 2438 2623 2740 2786 3011 3107 3279 3305 3312 3606 3645 3812
 4087 4148 4282 4337 4783 4846 4907 5836 6326 6759 7109 7401]",0.30462970640846526
"[ 194  460  731  738  760 1029 1053 1235 1327 1441 1604 1691 2039 2051
 2070 2093 2149 2329 2599 2639 2649 3015 3104 3218 3353 3450 3535 3650
 3812 3944 4072 4134 4482 4572 5404 6049 6325 6758 7107 7401]",0.3536661753847483
"[ 382  536  551  948  972 1028 1196 1467 1474 1859 1866 2039 2050 2101
 2161 2363 2623 2637 2670 2872 2897 3075 3307 3353 3365 3387 3855 3944
 3952 4054 4133 4222 4553 4781 5403 5905 6335 6680 6835 7257]",0.34906254781322665
"[ 387  520  609  764  842 1102 1181 1230 1401 1550 1602 1896 2016 2117
 2222 2245 2283 2394 2520 2685 2939 3001 3168 3300 3605 3631 3643 3793
 4019 4132 4140 4239 4507 4780 6323 6330 6412 6690 7050 7111]",0.3455909919578382
"[ 248  336  667  770  828 1173 1304 1327 1533 1550 1717 1868 2029 2089
 2254 2284 2379 2508 2530 2550 2755 2943 3002 3165 3342 3352 3437 3460
 3515 3857 4024 4133 4159 4409 4574 4638 6399 6622 6896 7330]",0.33572783525481537
"[ 594  603  691  769 1184 1242 1299 1306 1686 1812 1930 1947 1962 2194
 2292 2324 2446 2496 2530 2761 2789 2877 2941 3037 3211 3242 3289 3793
 3803 3812 4070 4204 4480 4573 6117 6124 6625 6760 7192 7393]",0.35088656082243475
"[ 262  319  519  668  759  770 1109 1173 1258 1377 1856 1880 1889 1906
 2041 2292 2301 2406 2458 2568 2733 2797 2953 3075 3373 3436 3523 3708
 3941 4004 4236 4575 4631 4638 5476 6054 6692 7052 7112 7472]",0.3383844185341154
"[ 387  451  536  557  756 1055 1116 1168 1176 1229 1737 1835 2032 2150
 2212 2238 2300 2329 2535 2625 2647 2711 3017 3038 3080 3240 3517 3566
 3717 3739 3817 4011 4343 4353 4504 5700 6256 6548 6969 7120]",0.3247915534944362
"[ 404  525  834  842  959  967 1380 1440 1543 1621 1678 1857 1936 2099
 2120 2228 2252 2354 2595 2622 2648 2754 2926 2940 3169 3216 3421 3656
 3714 4024 4077 4133 4368 4425 4645 6117 6408 6839 7041 7261]",0.3240399100397413
"[ 315  334  592  606  903 1108 1171 1193 1306 1469 1601 1798 1832 1950
 2110 2174 2211 2291 2542 2588 2743 2864 3066 3093 3227 3433 3534 3868
 4023 4134 4438 4481 4502 4637 5403 6117 6697 6973 7108 7333]",0.3225707514685793
"[ 390  519  615  622  629  740 1187 1248 1298 1409 1735 1787 1939 2097
 2115 2209 2375 2604 2642 2725 3015 3138 3221 3238 3587 3710 3793 3810
 3817 4207 4367 4374 4573 5057 5771 6048 6469 6480 6979 7040]",0.3175402249654723
"[ 474  552  588  740 1122 1234 1457 1467 1512 1734 1786 1903 2094 2109
 2194 2227 2288 2458 2588 2612 2718 2903 2949 2995 3008 3312 3428 3446
 3561 3793 3882 4014 4206 4339 4506 5345 6048 6761 6825 7121]",0.3477250884382215
"[ 246  763  805  815  917 1253 1299 1530 1589 1759 1787 2095 2176 2300
 2332 2426 2505 2667 2693 2796 2923 3016 3241 3355 3518 3554 3582 3716
 3745 4078 4088 4133 4268 4709 5907 5985 6616 6838 7109 7400]",0.3443678926662036
"[ 619  664  701  895 1027 1050 1300 1457 1521 1683 1692 1818 2024 2072
 2180 2192 2223 2230 2668 2693 2799 2853 2890 3002 3110 3369 3520 3599
 3641 4012 4055 4290 4491 5336 5634 5976 6616 6838 7109 7258]",0.3284457590729159
"[ 193  591  689  745  985 1022 1320 1522 1543 1716 1835 2032 2088 2112
 2216 2379 2506 2565 2599 2685 2868 2960 3017 3218 3282 3447 3464 3649
 3713 3985 4025 4276 4367 4482 4572 6192 6341 6687 7122 7181]",0.36151231074073215
"[ 315  481  661  842  962 1022 1041 1120 1463 1584 1663 1763 1954 1996
 2149 2181 2330 2447 2624 2650 2829 2949 2960 2995 3013 3148 3443 3597
 3781 3863 3873 4337 4437 4500 5336 5837 6690 6911 7180 7401]",0.34160887960340547
"[ 339  472  806  886  913 1191 1394 1443 1457 1833 1859 1877 1963 2026
 2358 2472 2508 2515 2780 2810 2834 3015 3248 3293 3311 3428 3446 3702
 3883 4013 4132 4141 4148 4708 4984 6117 6485 6757 7121 7256]",0.33422037167814006
"[ 338  668  677  760  873 1054 1306 1391 1473 1737 1937 2072 2099 2112
 2192 2367 2449 2572 2671 2696 2829 3013 3106 3169 3352 3360 3580 3587
 3674 4086 4204 4353 4435 4553 5406 5907 6626 6831 7108 7331]",0.34659338836244247
"[ 195  319  590  597  767  830 1028 1178 1450 1472 1786 1810 1865 1903
 1960 2322 2335 2375 2457 2505 2782 2830 2869 3002 3237 3352 3505 3583
 3674 3844 4003 4159 4276 4574 5903 6468 6546 6967 7051 7257]",0.33215615625546013
"[ 330  339  734  813  834  891  898 1054 1299 1328 1451 1459 1621 1892
 1943 1956 2078 2112 2190 2534 2570 2659 2760 2883 2934 3365 3378 3777
 3785 3883 4217 4224 4268 5417 5906 6184 6546 6840 7184 7333]",0.30705217070728624
"[ 193  526  688  730  839  891 1026 1259 1391 1442 1479 1522 1751 2073
 2092 2170 2182 2334 2367 2571 2658 2697 2737 3078 3169 3354 3374 3721
 3771 3946 3956 4062 4292 4552 5616 5629 5979 6618 7039 7122]",0.34690142106821426
"[ 384  448  486  608  906 1029 1092 1108 1400 1599 1691 1733 1820 1927
 2083 2110 2121 2166 2288 2766 2799 2829 2856 3019 3032 3363 3512 3519
 3568 3811 4133 4154 4215 4409 4575 4781 6119 6688 7049 7251]",0.37226023563548577
"[ 599  621  876  892  915 1112 1193 1308 1530 1542 1655 2040 2049 2095
 2152 2244 2283 2445 2649 2692 2755 2810 2927 2940 3300 3432 3660 3669
 3705 3793 3908 3927 4204 4365 4642 5197 6049 6681 6690 7261]",0.34471592736410234
"[ 265  596  839  874  886  974 1108 1442 1546 1609 1667 1766 1858 2106
 2116 2161 2359 2438 2600 2687 2709 2733 2929 3008 3303 3310 3349 3651
 3712 3811 3872 4072 4205 4574 5834 6482 6760 7122 7180 7400]",0.3575508998889608
"[ 407  521  599  630  906 1034 1169 1399 1447 1477 1677 1811 1837 1972
 2001 2016 2221 2309 2320 2571 2684 2693 2724 3017 3166 3423 3430 3509
 3587 3809 3819 4002 4087 4206 4432 6124 6471 6837 6901 7400]",0.3490314538463743
"[ 524  622  744  771 1044 1092 1179 1243 1442 1474 1739 1819 1859 2084
 2180 2234 2258 2498 2579 2672 2764 2873 2896 3148 3172 3212 3440 3449
 3704 3809 3854 4006 4086 4553 4715 5263 5907 6684 6975 7181]",0.35918207283974113
"[ 248  330  483  738  760  873  891  982 1258 1305 1383 1392 1689 1876
 2025 2214 2292 2320 2442 2544 2553 2663 2953 3005 3013 3065 3106 3451
 3712 3721 3729 3884 4275 4290 4917 6044 6051 6690 7122 7252]",0.3437608171159617
"[ 330  338  453  745  769  899 1090 1320 1455 1614 1660 1763 2073 2080
 2170 2320 2374 2567 2625 2684 2716 2870 3020 3104 3216 3349 3380 3650
 3746 3916 3996 4087 4429 4917 5264 6045 6765 6827 7264 7395]",0.3033248509359668
"[ 340  450  690  772  892 1050 1097 1256 1389 1442 1547 1734 1749 1857
 1936 2050 2096 2113 2431 2461 2482 2588 2612 2949 3069 3077 3226 3517
 3558 3573 3811 4062 4069 4153 4921 5335 5905 6474 7119 7322]",0.3446320029709129
"[ 389  451  550  972  983 1095 1102 1392 1442 1757 1764 1858 1957 2017
 2220 2252 2263 2514 2570 2765 2826 2877 3010 3026 3067 3360 3483 3523
 3562 3654 4025 4132 4152 4213 4696 4989 5837 6547 7110 7259]",0.3413058004555376
"[ 318  381  482  752  831  981 1030 1303 1329 1392 1880 1888 1899 2001
 2050 2227 2463 2520 2642 2669 2696 2725 2759 3140 3168 3290 3303 3414
 3637 3652 3811 4000 4059 4291 5977 6397 6477 7050 7109 7472]",0.360099709642262
"[ 334  671  695  876 1032 1117 1181 1238 1660 1677 1758 2022 2051 2070
 2081 2174 2327 2516 2576 2639 2694 2739 3016 3220 3240 3281 3518 3580
 3600 3712 4149 4204 4212 4644 5407 6117 6759 6910 7180 7329]",0.3722268038743511
"[ 267  320  523  755  842  886  975 1018 1543 1622 1661 1677 1999 2094
 2118 2320 2444 2579 2623 2643 2875 3010 3040 3073 3240 3506 3515 3562
 3784 3812 3947 4010 4133 4145 4715 4849 6261 6764 7037 7330]",0.3575523034089815
"[ 265  558  595  674  833 1053 1176 1382 1441 1545 1835 1960 1998 2149
 2185 2320 2376 2644 2669 2696 2793 2872 3166 3178 3209 3287 3414 3526
 3727 4062 4077 4087 4141 4166 4484 4643 6257 6689 6767 7184]",0.33691285466614773
"[ 246  267  379  537  834  887 1055 1093 1317 1468 1514 1835 1854 1875
 1885 1964 2113 2222 2428 2545 2588 2666 2967 3076 3172 3225 3279 3305
 3571 3674 3792 3846 4022 4222 4572 6049 6269 6688 7118 7179]",0.35519798108958106
"[ 330  373  621  680  810 1041 1102 1376 1409 1473 1869 1887 2041 2074
 2159 2191 2449 2495 2581 2756 3076 3208 3307 3368 3597 3702 3746 3802
 3995 4004 4268 4643 5192 5763 6258 6552 6752 7124 7188 7323]",0.318327824584398
"[ 377  384  462  486  547  876  981 1042 1315 1546 1586 1609 2026 2043
 2144 2178 2375 2434 2665 2691 2826 2856 3011 3160 3176 3216 3240 3351
 3509 3661 3812 3930 4132 4574 4709 5977 6546 6894 7121 7255]",0.3112007835441729
"[ 316  403  661  676  694  896 1168 1327 1390 1666 1902 2026 2033 2071
 2151 2195 2324 2515 2637 2647 2673 2764 3018 3106 3151 3238 3492 3604
 3716 3914 4011 4097 4350 4406 4504 6117 6340 6826 6838 7330]",0.325617030744952
"[ 196  379  402  809  832  887  967 1122 1372 1467 1692 1786 1881 2007
 2175 2184 2357 2649 2674 2730 2755 2809 3209 3216 3240 3375 3711 3794
 3879 4133 4358 4437 4483 4780 5977 6411 6617 7108 7123 7472]",0.3418165933891524
"[ 553  739  831  872  894 1100 1122 1304 1392 1758 1871 1951 2032 2194
 2367 2450 2495 2542 2603 2715 3033 3150 3168 3229 3279 3570 3590 3673
 3791 3913 4084 4095 4206 4500 4554 6046 6411 6545 7052 7114]",0.3326728395050587
"[ 403  481  599  877  977 1035 1308 1457 1543 1716 1764 1876 1887 2186
 2214 2225 2321 2412 2520 2711 2832 2956 3012 3038 3075 3091 3577 3587
 3638 3667 4008 4158 4277 4568 4646 6333 6482 6825 6981 7324]",0.3285672188179897
"[ 268  380  689  748  838  876 1039 1243 1334 1583 1673 1681 1734 1901
 1930 2166 2250 2336 2431 2513 2662 2757 2853 2887 3220 3304 3354 3629
 3653 3922 4016 4024 4220 4424 4624 6045 6612 6694 7181 7261]",0.34493009385775264
"[ 381  601  659  684  691  843  949 1321 1334 1383 1716 1966 2012 2049
 2097 2360 2588 2595 2721 2744 2781 2829 3104 3220 3228 3237 3354 3668
 3786 4008 4062 4086 4409 4566 5404 6044 6485 6618 7190 7324]",0.3220657787549768
"[ 267  461  665  754  838  917 1032 1230 1532 1541 1592 1693 2009 2069
 2094 2188 2390 2639 2655 2688 2717 2880 2889 3210 3293 3587 3597 3703
 3784 3791 4133 4353 4364 4480 5263 6333 6829 6837 7179 7401]",0.3391772659518617
"[ 244  336  375  674  823  836  947 1243 1256 1665 1894 1958 2000 2080
 2118 2376 2388 2510 2572 2613 2624 3017 3081 3170 3359 3564 3586 3665
 3674 3861 4060 4067 4363 4497 5345 6339 6759 6839 7179 7333]",0.3479858463979545
"[ 306  553  676  879  913 1117 1175 1408 1442 1466 1662 1686 1888 1926
 2120 2253 2288 2297 2447 2763 2782 2811 2867 2896 3016 3212 3380 3434
 3535 3875 3939 4024 4065 4431 4554 6048 6545 6906 7039 7473]",0.35261879758671877
"[ 333  553  663  671  820  899 1264 1310 1373 1466 1742 1787 1979 2018
 2040 2078 2245 2352 2472 2660 2696 2719 3033 3137 3238 3360 3587 3674
 3721 3854 4022 4060 4295 4350 4572 5700 6117 6825 7122 7256]",0.3461561647563798
"[ 459  621  754  808  913 1173 1189 1409 1513 1535 1591 1857 2007 2033
 2040 2049 2158 2166 2647 2709 2738 2796 2826 3227 3352 3360 3384 3661
 3793 3998 4024 4433 4560 5406 5415 6187 6830 7036 7051 7401]",0.35650350824795446
"[ 411  459  841  876 1033 1097 1116 1443 1463 1594 1759 2084 2099 2252
 2332 2425 2433 2588 2602 2833 3033 3077 3140 3369 3449 3642 3746 3774
 3791 4086 4206 4291 4409 4639 4900 5405 6188 6763 6898 7331]",0.34047820919857963
"[ 177  377  619  668  677 1176 1230 1238 1256 1407 1821 2026 2045 2083
 2090 2287 2318 2520 2624 2648 2655 2750 2783 2956 3017 3290 3727 3817
 3861 3947 4135 4224 4645 4779 5346 5973 6125 6547 7121 7180]",0.3436485622261524
"[ 392  410  688  740  802 1054 1256 1308 1390 1761 1810 1864 1927 1960
 2016 2180 2448 2508 2572 2755 2837 3065 3147 3157 3177 3308 3632 3655
 3879 3933 4118 4132 4637 4645 5416 6046 6690 6911 7038 7258]",0.3284414116705797
"[ 592  672  693  772 1113 1165 1177 1267 1371 1543 1764 1892 1954 2012
 2114 2284 2408 2442 2450 2460 2786 2945 2954 3353 3366 3525 3588 3838
 3852 3955 4003 4365 4482 4643 6184 6263 6681 6909 7043 7178]",0.34942073157804243
"[ 334  630  672  734  765  821 1232 1251 1332 1457 1798 1888 1908 1925
 2041 2158 2237 2285 2293 2653 2766 2893 2946 3138 3148 3516 3523 3557
 3601 3642 3934 4134 4157 4553 4568 5056 5836 6689 7185 7192]",0.34173246650975364
"[ 317  521  619  749 1097 1121 1300 1592 1607 1620 1867 2072 2114 2121
 2166 2248 2578 2829 2871 2925 2949 3029 3146 3319 3520 3567 3581 3645
 3812 4133 4141 4219 4337 4640 6049 6340 6688 6822 7189 7324]",0.3413548157845186
"[ 384  472  762  819 1022 1179 1336 1442 1528 1539 1950 1969 2048 2149
 2355 2372 2388 2522 2546 2715 2941 3024 3075 3107 3420 3440 3591 3715
 3745 4082 4206 4429 5263 5416 5978 6469 6762 7052 7109 7400]",0.3256818540709212
"[ 194  384  448  486  690  952 1054 1110 1173 1189 1230 1605 1665 1765
 1971 2073 2084 2102 2332 2379 2622 2713 2791 2941 3020 3173 3278 3287
 3518 3534 3811 3863 4069 4296 4346 4431 6688 6838 7037 7328]",0.36333016274968855
"[ 338  463  667  760  824  845 1050 1089 1168 1324 1601 1665 1895 1907
 2097 2283 2292 2442 2463 2598 2689 2733 2781 3011 3167 3247 3289 3352
 3721 3785 3804 3813 4635 4645 5841 6258 6555 6900 7052 7472]",0.33914961427526497
"[  53  519  528  557  690  965 1055 1243 1404 1446 1468 1962 2050 2113
 2150 2284 2300 2449 2648 2682 2689 2782 2950 3221 3285 3452 3605 3796
 3914 3923 4072 4159 4480 4504 4921 5836 6258 6481 6826 7046]",0.332420356436842
"[ 333  411  449  673  772  896  948 1119 1380 1392 1479 1682 1868 1885
 1999 2118 2181 2436 2659 2709 2766 2816 2825 3211 3219 3238 3372 3489
 3715 3779 3812 3937 4015 4279 4573 5903 6402 6834 7037 7401]",0.3407293221804998
"[ 558  589  693  741  826 1172 1192 1304 1463 1645 1937 2024 2040 2175
 2287 2330 2337 2438 2445 2523 2709 2898 2932 3154 3209 3239 3603 3650
 3711 3872 4133 4141 4438 4644 5132 6044 6338 6903 7109 7336]",0.33068144702220703
"[ 401  557  594  621  748  968 1125 1167 1300 1330 1530 1762 1947 2082
 2099 2108 2282 2377 2402 2649 2738 2896 2941 3067 3146 3232 3242 3566
 3576 3727 4139 4158 4203 4501 4779 5629 5903 6761 7109 7191]",0.33635272135408023
"[ 380  677  741  763  827  876 1055 1309 1397 1458 1546 1867 2046 2105
 2216 2379 2443 2688 2745 2789 3012 3067 3177 3239 3302 3359 3562 3864
 3943 4030 4204 4410 4502 5331 5836 6256 6619 6980 7112 7402]",0.34706834030610273
"[ 411  461  524  771  824  902 1390 1408 1472 1522 1585 1926 1963 1977
 2026 2254 2296 2359 2445 2828 2875 2882 2939 2995 3244 3376 3415 3505
 3569 3674 3725 3951 3999 4086 4221 4482 6119 6831 7406 7465]",0.3465553737002082
"[ 193  308  754  810  889 1045 1054 1249 1303 1755 1762 1787 1878 2080
 2102 2194 2255 2377 2425 2600 2722 2762 2871 2897 3022 3208 3287 3382
 3583 3847 3952 4207 4295 4644 6258 6680 6688 6981 7179 7186]",0.3225793579605486
"[ 268  590  599  618  748 1040 1119 1166 1230 1479 1539 1674 2163 2184
 2212 2248 2296 2545 2643 2658 2739 3077 3100 3155 3304 3630 3653 3739
 3746 3856 4205 4230 4364 4709 5196 5417 6263 6833 7109 7329]",0.32740259731440713
"[ 265  444  456  700  876  900 1049 1238 1459 1468 1660 1691 1786 1866
 1955 2105 2157 2261 2325 2377 2575 2600 2755 2870 3147 3282 3305 3312
 3511 3604 3712 4005 4085 4480 4574 6117 6754 6833 7323 7402]",0.33425403689261035
"[ 319  412  544  596  891 1057 1168 1259 1323 1759 1795 1858 1961 2016
 2181 2265 2355 2579 2684 2729 2818 2950 3075 3278 3311 3366 3446 3568
 3951 4007 4014 4061 4351 4500 6117 6341 6689 6753 6981 7329]",0.3524097724902341
"[ 376  455  619  678  986 1022 1121 1247 1441 1520 1743 1750 1829 1937
 2214 2250 2376 2434 2654 2671 2826 2833 2853 3018 3145 3294 3494 3523
 3677 3860 3943 4022 4066 4429 4553 6047 6481 6616 7113 7120]",0.33998460225477156
"[ 193  317  662  677  762  811 1231 1266 1318 1467 1521 1799 1927 2115
 2167 2179 2336 2372 2528 2567 2578 2832 2868 2948 3142 3370 3522 3648
 3812 3854 3868 4059 4350 4646 5982 6188 6481 6686 7123 7255]",0.3428525384264484
"[ 522  533  762 1028 1054 1393 1617 1743 1857 1936 2105 2121 2159 2183
 2567 2593 2671 2717 2755 2766 2943 3066 3105 3239 3364 3567 3794 3845
 3943 4024 4069 4289 4343 4779 5258 6194 6542 6839 6972 7475]",0.3306344538954945
"[ 385  614  768  817  881 1230 1263 1315 1681 1730 1879 2099 2118 2140
 2181 2219 2513 2672 2690 2714 2896 3079 3166 3208 3371 3498 3669 3801
 3930 3989 4223 4336 4713 5471 5978 6327 6759 6910 7260 7324]",0.33472529147864616
"[ 317  340  594  728  834  841  887 1091 1441 1464 1473 1526 1661 1764
 1857 1962 2025 2194 2225 2289 2329 2658 2666 2764 2854 2897 3098 3155
 3359 3447 3738 3746 3797 3931 4413 4501 5836 6196 6909 6972]",0.31883823265564964
"[ 320  405  485  668  873  906  963 1168 1373 1393 1478 1815 1827 1871
 1935 2020 2047 2283 2458 2507 2515 2755 2945 3070 3168 3219 3420 3439
 3739 3802 4001 4064 4365 4560 5266 5906 6767 6831 7250 7471]",0.3508152735698767
"[ 319  332  454  483  732  887  896 1120 1301 1309 1537 1601 1786 1836
 1936 2019 2111 2168 2296 2333 2458 2495 2659 2864 2888 3069 3227 3517
 3637 3649 3809 3984 4085 4136 4219 5345 5908 6688 7048 7108]",0.34265707375627674
"[ 307  388  403  694  738  821 1086 1185 1243 1516 1535 1545 1858 1949
 2013 2098 2182 2193 2291 2424 2741 2826 2875 3224 3311 3412 3428 3446
 3812 3861 3868 3917 4018 4433 4483 6047 6548 6681 7048 7112]",0.3523668186163501
"[ 337  461  521  972 1035 1122 1237 1442 1537 1615 1811 1858 1936 1946
 2180 2189 2519 2713 2792 2941 3283 3291 3310 3374 3535 3795 3859 3922
 4023 4197 4428 4437 5197 5474 5488 6189 6626 6830 7121 7179]",0.35194094030341266
"[ 317  337  591  753  906 1021 1031 1464 1473 1481 1804 1957 1997 2047
 2252 2363 2371 2479 2593 2600 2640 2869 3075 3352 3440 3717 3774 3805
 3938 3955 4065 4337 4502 5415 5912 5976 6616 6625 7324 7333]",0.34817945347716495
"[ 261  318  521  622  913  959 1042 1334 1665 1746 1834 1867 1927 2038
 2095 2329 2444 2600 2638 2647 2664 2692 2826 3012 3165 3289 3352 3597
 3654 3945 4145 4435 4486 5690 6187 6609 6617 6981 7110 7330]",0.3402720426528995
"[ 246  521  536  550  985 1030 1049 1323 1376 1543 1717 1745 2040 2087
 2094 2118 2149 2175 2479 2588 2639 2685 2718 3008 3019 3168 3422 3502
 3725 3745 3769 3950 4204 4501 4624 4635 6188 6694 7042 7192]",0.3512887592481201
"[ 448  459  548  701  823  958 1393 1407 1441 1684 1740 1857 2100 2191
 2230 2251 2354 2364 2622 2670 2753 2858 2876 3079 3240 3320 3352 3440
 3773 3786 3812 3946 4152 4349 4502 5770 5903 6760 7193 7257]",0.3361371006536143
"[ 382  410  537  660  899  909 1031 1161 1259 1521 1607 1621 1882 1897
 2118 2218 2368 2379 2463 2482 2709 2882 3011 3107 3141 3448 3512 3647
 3747 4024 4133 4283 4292 4337 5416 5988 6263 6764 7181 7260]",0.3188789358523185
"[ 197  543  665  744  765  914 1034 1263 1371 1378 1533 1540 1876 1907
 1935 1955 1971 2067 2390 2406 2510 2805 2812 2931 3066 3175 3305 3363
 3569 3668 3914 3935 4211 4296 4646 5700 5976 6545 6767 7326]",0.3176355409508743
"[ 380  484  548  823  874  886 1056 1331 1513 1591 1691 1747 1999 2007
 2038 2086 2167 2261 2576 2638 2726 2955 3018 3138 3288 3517 3578 3706
 3883 4066 4073 4154 4337 4571 4846 6264 6752 6830 6912 7260]",0.3395850122921508
"[ 383  405  731  820  880  907 1241 1374 1409 1467 1673 1976 1999 2018
 2038 2173 2567 2575 2595 2658 2695 2827 3103 3148 3156 3164 3209 3486
 3604 3648 3660 3783 4024 4082 4644 4708 6188 6755 6838 7260]",0.3454882227636707
"[ 382  691  742  840  892  944 1399 1665 1674 1693 1869 2041 2170 2211
 2232 2264 2434 2654 2754 2856 2947 3027 3223 3350 3444 3464 3501 3594
 3861 4014 4206 4336 4364 4847 5834 5912 6325 6474 7110 7189]",0.32093309672513903
"[ 332  594  658  695  900 1034 1163 1312 1395 1480 1686 1925 1941 1949
 2146 2177 2330 2371 2649 2670 2693 2710 3011 3020 3169 3208 3318 3428
 3650 3731 3847 4022 4069 4225 4289 6117 6415 6547 7181 7260]",0.32651419149796707
"[ 379  555  616  656  810  819 1230 1262 1311 1461 1681 1830 2016 2066
 2103 2237 2292 2356 2515 2683 2762 2859 2875 2883 2937 3105 3352 3519
 3583 3674 3789 4022 4063 4080 4501 4553 6117 6554 6973 7333]",0.3529718256981145
"[ 248  450  486  621  756  889 1022 1052 1228 1459 1467 1590 1765 1927
 1967 2010 2173 2232 2258 2429 2618 2696 2726 2951 3141 3222 3517 3534
 3628 3635 3652 3812 3999 4484 4574 5335 6048 6689 7180 7189]",0.35023459444619265
"[ 765  876  896 1102 1334 1694 1749 1884 1940 2000 2041 2195 2247 2379
 2504 2513 2565 2741 2767 3012 3067 3290 3305 3384 3462 3558 3724 3883
 3990 4018 4217 4366 4769 5336 5488 6189 6197 6760 6894 6980]",0.3293223610911684
"[ 197  591  694  811  900  986 1231 1242 1463 1473 1622 1729 1857 2028
 2190 2227 2321 2449 2573 2620 2684 2816 3010 3067 3165 3358 3440 3707
 3738 3817 3873 4006 4141 4437 5346 5905 6551 6757 7191 7250]",0.3362258949235982
"[ 247  379  476  743  840  876  896  974 1243 1392 1473 1590 1787 1886
 2118 2220 2374 2391 2452 2496 2764 2789 2953 3037 3067 3082 3718 3725
 3778 3803 3812 4068 4267 4433 4564 6121 6411 6759 7049 7324]",0.34895953234208765
"[ 557  619  662 1024 1104 1118 1408 1443 1464 1858 1894 1953 2087 2288
 2333 2462 2483 2509 2638 2732 3100 3149 3210 3558 3587 3640 3884 3931
 4087 4135 4222 4643 5056 5688 6048 6197 6610 6697 7041 7192]",0.33379460944115685
"[ 319  338  805  830 1031 1050 1327 1377 1462 1866 1901 2099 2163 2248
 2287 2331 2441 2608 2637 2787 2834 2950 3011 3137 3430 3451 3586 3650
 3705 3745 4141 4149 4203 5336 6049 6468 6554 6760 7194 7325]",0.33820023297015833
"[ 690  739  802  983 1104 1299 1540 1602 1663 1763 2000 2100 2181 2363
 2443 2471 2496 2761 2856 2886 2949 3012 3289 3352 3447 3670 3700 3724
 3784 4015 4134 4293 4408 4499 6116 6341 6689 6911 7038 7400]",0.3507764474506675
"[ 176  265  376  747  844  908  948 1037 1314 1513 1538 1688 1735 1957
 2066 2145 2155 2183 2447 2473 2641 2955 3005 3017 3111 3365 3412 3491
 3591 3671 3782 4008 4087 4500 5543 5975 6679 6688 6978 7184]",0.34196476944819176
"[ 249  557  619  679  810  871 1175 1195 1307 1369 1398 1675 1761 1786
 2009 2038 2091 2123 2173 2507 2595 2766 2854 2897 3012 3215 3379 3493
 3532 3791 3873 3881 4343 4361 4638 6116 6553 6617 6966 7120]",0.34254535102328765
"[ 477  521  628  881  892  978 1042 1241 1392 1446 1544 1879 2029 2080
 2117 2141 2178 2379 2441 2480 2576 2637 2801 3072 3166 3317 3506 3588
 3782 3818 3913 3953 4009 4143 4573 6048 6338 6824 6906 7472]",0.3508373984860001
"[ 331  339  381  812  834  914 1033 1162 1395 1546 1738 2039 2072 2088
 2099 2188 2508 2624 2659 2709 2759 2955 2999 3359 3368 3491 3588 3812
 4001 4119 4133 4157 4361 4480 4922 6044 6267 6902 6909 7322]",0.34194560871526947
"[ 337  460  557  730  756  810  979 1101 1250 1307 1370 1472 1670 1930
 1945 2106 2116 2169 2446 2503 2567 2737 2796 2834 3098 3355 3439 3447
 3774 3881 4016 4067 4079 4482 4642 5904 5982 6756 6835 7330]",0.35271311959172097
"[ 391  557  592  692  824  952 1193 1256 1317 1520 1691 1787 1866 1969
 2020 2033 2286 2404 2441 2576 2597 2823 2854 2871 3074 3237 3369 3422
 3647 3801 3816 3852 4293 4353 4643 6117 6267 6612 7191 7326]",0.32814146402360755
"[ 264  376  392  455  628  761 1018 1121 1183 1244 1604 1826 1835 1944
 2025 2150 2212 2245 2412 2583 2612 2647 2738 2853 3077 3155 3169 3492
 3590 3650 3745 4084 4204 4217 4554 4782 5980 6688 7049 7110]",0.3311681815110316
"[ 339  671  733  830  982 1173 1445 1463 1472 1835 1877 1885 1927 2083
 2177 2184 2357 2379 2404 2514 2719 2949 2958 3080 3211 3518 3571 3604
 3847 3939 3951 4215 4348 4645 4709 5187 5977 6549 6898 7401]",0.3408921242294143
"[ 270  307  457  616  820  875  978 1168 1325 1545 1732 1884 1998 2116
 2225 2249 2622 2638 2668 2730 2863 2899 2962 3069 3362 3381 3441 3633
 3711 3802 3812 4132 4292 4481 4568 5405 6047 6553 6900 7121]",0.3273279884151795
"[ 482  544  670  984 1044 1090 1240 1391 1542 1692 1858 1875 2105 2113
 2148 2521 2649 2673 2692 2711 2799 3113 3288 3535 3565 3579 3593 3857
 3942 4077 4414 4423 4645 5334 6048 6325 6553 6759 7050 7323]",0.34779702118488953
"[ 549  730  743  771 1241 1258 1618 1672 1731 1824 1998 2021 2115 2171
 2321 2435 2622 2658 2671 2781 2936 2963 3019 3071 3312 3437 3554 3587
 3604 3714 3935 4133 4295 4566 4645 5335 6331 6481 6831 7332]",0.3286765152810452
"[ 487  526  835  876  886  898 1055 1395 1512 1544 1665 1893 1905 2095
 2145 2254 2442 2460 2710 2717 2764 2810 2937 2944 3241 3281 3359 3437
 3447 3535 3771 3923 3953 4086 4409 4434 6340 6688 7189 7252]",0.3612628205506403
"[ 411  452  545  812  979 1178 1242 1300 1693 1757 1798 1815 1876 1927
 2246 2253 2291 2520 2688 2696 2889 3006 3140 3158 3238 3558 3649 3660
 3668 3817 3855 4081 4132 4216 4338 5404 6480 6544 7110 7330]",0.34631110769597545
"[ 199  533  804  825  832  910 1165 1318 1328 1548 1678 1809 1858 1936
 1979 2100 2113 2229 2449 2640 2719 2765 2815 3020 3154 3208 3517 3639
 3650 3739 3746 3845 4300 4431 4637 6539 6624 6830 7121 7180]",0.33873911183112443
"[ 379  482  599  819 1122 1163 1227 1327 1593 1687 1742 1794 1928 1962
 1977 2253 2304 2366 2546 2710 2821 2871 2882 3219 3368 3534 3567 3590
 3716 3866 3881 4064 4409 4430 5559 5974 6615 6766 7262 7324]",0.35278191285338506
"[ 455  518  557  749  900 1024 1122 1156 1391 1470 1525 1786 1800 1890
 1979 2167 2220 2325 2516 2616 2671 2876 2924 3082 3146 3170 3376 3533
 3568 3864 3883 3945 4053 4134 4642 5838 6473 6485 6970 7193]",0.3350861251009506
"[ 321  378  527  544  834  876  964 1314 1331 1464 1622 1826 1936 2017
 2174 2189 2427 2481 2513 2593 2826 2932 2954 3010 3282 3447 3509 3703
 3715 3746 4007 4024 4230 4273 4429 6116 6337 7038 7052 7258]",0.3418498006107294
"[ 338  378  457  944 1121 1172 1304 1325 1674 1693 1825 1945 1998 2094
 2260 2367 2392 2500 2587 2598 3008 3087 3210 3378 3430 3583 3631 3812
 3943 4133 4211 4571 4695 5335 5630 6051 6254 6618 7111 7121]",0.33237577624921255
"[ 522  620  742  826  985 1103 1117 1230 1538 1617 1668 1732 1936 2167
 2259 2317 2353 2436 2662 2692 2754 3012 3240 3289 3319 3351 3518 3557
 3794 3854 3884 4086 4276 4782 5266 6117 6623 6686 7179 7403]",0.3386730582502923
"[ 332  386  486  754  806  818  906 1326 1604 1616 1663 2025 2049 2104
 2146 2508 2515 2536 2594 2764 2781 3146 3156 3382 3558 3645 3867 4024
 4135 4214 4365 4714 4909 5975 6325 6415 6619 6982 7180 7260]",0.3371574615439832
"[ 265  455  749  763  985 1088 1099 1179 1330 1519 1668 1693 1927 2017
 2081 2103 2189 2237 2253 2503 2587 2622 2900 3024 3075 3105 3138 3230
 3365 3883 4062 4072 4157 4644 5336 6265 6543 6626 7108 7259]",0.3362085327191716
"[ 522  690  820 1168 1182 1192 1373 1670 1682 1835 1866 1874 1999 2101
 2182 2439 2446 2567 2788 2826 2945 3079 3209 3240 3440 3461 3590 3642
 3773 3953 4012 4215 4337 4645 5336 6118 6617 6838 6895 7326]",0.36450881769517973
"[ 264  557  733  742 1116 1124 1243 1306 1392 1822 1859 1873 1882 1979
 2254 2386 2429 2589 2622 2652 3160 3167 3176 3281 3363 3659 3675 3775
 3784 3810 3933 4159 4268 4363 4638 5486 5977 6476 6969 7118]",0.3411109181676052
"[ 379  482  671  824  842  948 1172 1326 1334 1588 1743 1832 1859 1895
 2079 2303 2356 2465 2527 2618 2857 2939 2947 3241 3557 3570 3721 3883
 3947 4070 4205 4360 4408 5405 5979 6256 6553 6829 7120 7251]",0.3353375822699107
"[ 246  404  659  738  751  767 1114 1447 1598 1607 1691 2069 2166 2175
 2218 2256 2297 2336 2669 2711 2719 2732 2755 3284 3365 3381 3658 3853
 3883 4055 4149 4213 4275 4713 5486 6258 6624 6759 7192 7255]",0.3308560145822577
"[ 414  450  743  763  913 1254 1309 1316 1474 1746 1764 1809 1998 2158
 2257 2316 2360 2550 2652 2734 2756 2853 3026 3083 3361 3446 3781 3843
 3864 4024 4141 4339 4373 4437 4715 6262 6485 6831 7121 7252]",0.34550442710883045
"[ 411  458  608  877  955  977 1055 1181 1472 1598 1802 1891 1930 2040
 2079 2167 2331 2426 2576 2660 2811 2900 2996 3106 3218 3302 3311 3558
 3567 3650 3872 4215 4276 4365 6048 6543 6552 6974 7109 7472]",0.3364468370570624
"[ 317  337  378  559  830  837  876 1173 1401 1448 1534 1902 2013 2028
 2163 2178 2290 2483 2495 2594 2729 2755 2931 2955 3208 3375 3438 3502
 3697 3808 3942 4144 4409 4574 5695 6259 6620 6911 7180 7330]",0.33243951746038886
"[ 388  404  663  842  972 1097 1106 1231 1263 1716 1749 1757 1811 1977
 2084 2255 2283 2306 2655 2692 2930 2948 3104 3364 3382 3424 3588 3605
 3882 4000 4204 4224 4480 5475 5695 6197 6401 6762 6897 7192]",0.34512173063134927
"[ 248  261  592  670  749  767  970 1164 1243 1260 1535 1690 1787 1948
 2031 2038 2050 2081 2355 2670 2722 2753 2872 2926 3240 3359 3511 3674
 3706 3732 4024 4075 4296 4639 5345 5835 6184 6411 6832 7180]",0.34017188342479227
"[ 128  248  767  901 1023 1030 1299 1334 1539 1808 1931 1977 2011 2028
 2181 2590 2640 2648 2687 3011 3209 3216 3447 3576 3705 3725 3817 4018
 4141 4367 4408 4714 4771 5345 5406 6045 6616 6623 7109 7330]",0.3393166555732776
"[ 243  448  608  692  814  842 1107 1164 1468 1475 1602 1730 1765 1879
 1928 2032 2221 2252 2426 2445 2764 2789 2923 3013 3172 3358 3510 3517
 3635 3910 4023 4070 4433 4553 6045 6617 6681 6695 7191 7252]",0.3583754611185965
"[ 312  480  748  805  914  974 1179 1236 1243 1686 1764 1869 1880 2175
 2194 2215 2374 2395 2438 2711 2765 2804 2888 2939 3001 3207 3448 3498
 3649 4096 4206 4230 4340 4500 5060 6254 6262 6829 6836 7330]",0.3407195737833524
"[ 450  458  607  846  903  981 1091 1175 1452 1474 1787 1907 2148 2158
 2172 2180 2283 2611 2727 2932 2947 2995 3247 3310 3364 3492 3587 3712
 3812 3862 4062 4222 4637 4644 5336 5835 6329 6553 7040 7051]",0.3396279617641822
"[ 388  765  885  915  947 1179 1334 1455 1514 1681 1837 1926 1936 1971
 2025 2156 2245 2587 2683 2743 2766 2782 2791 3021 3104 3367 3426 3774
 3864 3944 3951 3997 4268 4294 4500 4635 6117 6759 7109 7192]",0.33032567067121177
"[ 462  589  616  765  812 1055 1103 1234 1463 1475 1727 1809 1857 2038
 2148 2264 2314 2398 2426 2658 2811 2829 2858 3079 3208 3378 3534 3647
 3702 3740 4013 4148 4271 4424 4645 6047 6539 6901 7123 7401]",0.33761141360465263
"[ 381  695  759  877  958 1262 1390 1444 1454 1540 1857 1938 1978 2030
 2109 2163 2524 2568 2580 2659 2693 2815 2897 2998 3160 3288 3366 3420
 3534 3598 3939 4068 4094 4435 4480 5345 5907 6764 6970 7330]",0.3290338600534398
"[ 378  482  815  877 1106 1192 1237 1327 1442 1692 1737 1820 2007 2170
 2252 2333 2425 2439 2659 2694 2810 2994 3240 3361 3368 3460 3518 3775
 3938 3949 4067 4120 4437 4553 4643 5488 6403 6835 7040 7330]",0.34109777997666363
"[ 406  450  671  681 1123 1239 1246 1400 1661 1740 1786 1820 1866 1969
 2170 2283 2331 2367 2464 2552 2658 2882 3073 3222 3420 3462 3520 3711
 3812 3936 4014 4133 4338 4504 4779 5472 6193 6967 6981 7045]",0.32079264668618535
"[ 263  462  701  739  763  824 1123 1243 1307 1465 1758 1765 2010 2024
 2031 2088 2144 2331 2461 2624 2660 2902 2925 3003 3165 3226 3421 3603
 3657 3712 3861 3912 4024 4206 4299 4430 5976 6407 6757 7120]",0.33091902726792716
"[ 305  332  384  694  956 1016 1114 1408 1458 1609 1787 1800 2099 2183
 2294 2333 2373 2426 2672 2787 2826 2868 2878 3284 3446 3534 3575 3740
 3773 4014 4049 4068 4360 5335 5977 6340 6614 7050 7250 7472]",0.31732359737715377
"[ 267  381  389  402  487  892  899 1016 1023 1120 1385 1468 1590 1763
 1929 1960 2113 2155 2164 2662 2682 2690 2719 2782 2868 3028 3163 3358
 3492 3651 3730 3741 4203 4288 4409 4438 6117 6407 7181 7261]",0.334861889242308
"[ 385  554  591  831  962 1266 1392 1449 1543 1812 1892 2009 2016 2187
 2283 2306 2535 2598 2646 2759 2870 3091 3219 3242 3420 3532 3654 3663
 3712 4155 4280 4343 4431 4781 5264 5977 6473 6910 7040 7400]",0.3212372259780978
"[ 123  455  463  519  554  902 1107 1313 1336 1397 1674 1787 1868 1906
 2181 2235 2358 2368 2403 2597 2696 2780 2897 3013 3027 3075 3210 3520
 3576 3600 3628 3654 4064 4166 4362 4555 4565 5834 6473 6906]",0.32331328335361464
"[ 378  551  630  829  892 1049 1094 1299 1527 1591 1620 1684 1935 2101
 2212 2258 2508 2664 2677 2690 2798 2856 3024 3148 3174 3278 3374 3640
 3650 3811 3960 4160 4276 4285 4365 5978 6685 6696 7322 7329]",0.3319951715082203
"[ 249  526  549  701 1028 1121 1251 1371 1529 1664 1752 1759 1999 2077
 2099 2155 2330 2390 2651 2663 2708 2762 2941 3001 3313 3361 3376 3420
 3724 3812 3853 3982 4219 4349 4484 4715 6123 6685 6767 7115]",0.3425577608557198
"[ 453  763  915 1026 1178 1256 1335 1376 1528 1756 1834 1858 1875 2026
 2175 2255 2264 2438 2568 2665 2728 2788 3208 3238 3248 3287 3302 3718
 3741 3939 4132 4360 4408 4781 5905 6255 6336 6831 7109 7192]",0.35139255047322043
"[ 315  405  591  767  887 1037 1231 1262 1385 1467 1645 1836 1877 2011
 2099 2139 2185 2334 2376 2483 2570 2577 2832 2943 3067 3219 3387 3519
 3782 3862 3880 4203 4293 5554 6115 6556 6825 6834 7322 7331]",0.3627110723499844
"[  53  381  554  618  878  891 1121 1239 1251 1443 1611 1693 1809 1941
 2043 2169 2287 2438 2622 2730 2756 2780 2788 2808 3240 3437 3516 3567
 3812 3931 4087 4343 4363 4406 4498 6119 6687 6695 7323 7331]",0.33648281096551363
"[ 548  599  606  876  913 1173 1332 1378 1534 1831 1895 1925 1945 2099
 2293 2326 2333 2590 2696 2711 2742 3012 3034 3074 3453 3517 3567 3646
 3939 3960 4062 4088 4504 4639 5904 6252 6403 6552 7110 7121]",0.3353837732508022
"[ 266  772  802  813  964 1049 1162 1463 1541 1550 1597 1940 1957 2044
 2090 2288 2531 2550 2584 2787 2806 3107 3137 3288 3378 3439 3710 3745
 3859 3877 3916 4081 4482 4574 5416 5979 6690 6910 7108 7400]",0.3406474336766304
"[ 389  557  620  810 1035 1050 1087 1241 1325 1620 1878 1898 2188 2238
 2246 2291 2298 2412 2425 2802 2832 2924 3080 3097 3446 3457 3566 3576
 3878 4069 4147 4300 4343 4577 6188 6481 6680 6687 7049 7180]",0.3540771463665545
"[ 404  526  695  819  985 1017 1039 1166 1260 1389 1731 1752 1978 2113
 2146 2174 2303 2666 2710 2722 2762 2944 2960 3220 3282 3449 3557 3722
 3812 3999 4015 4205 4500 5629 5979 6257 6550 6828 7261 7467]",0.3540862201757671
"[ 387  608  690  700  946 1101 1179 1263 1662 1856 1865 1955 2033 2040
 2119 2513 2607 2619 2662 2718 2781 2884 3107 3293 3382 3428 3517 3603
 3795 4132 4155 4502 4551 4850 4911 6048 6610 6619 7121 7180]",0.35206079605976215
"[ 319  480  524  887  946 1039 1121 1385 1621 1825 1868 1876 2031 2185
 2283 2309 2506 2533 2587 2690 2824 2948 2998 3082 3380 3444 3561 3571
 3721 4023 4069 4201 4336 4359 5405 6053 6188 6552 7179 7190]",0.32703137689405715
"[ 249  332  665  743  830  964 1050 1163 1326 1546 1665 1675 1935 1967
 2046 2097 2160 2388 2500 2509 2658 2763 2882 3006 3034 3209 3502 3520
 3725 3745 4001 4022 4132 4222 4778 6048 6411 6755 6906 7401]",0.33423389000286147
"[ 336  391  732  832  839  888 1038 1459 1541 1646 1762 1799 2144 2192
 2234 2248 2256 2412 2578 2638 2742 2762 2806 2826 3074 3280 3296 3311
 3660 3718 3746 4024 4059 4068 4081 4408 4502 5977 6981 7113]",0.3258835765574184
"[  52  551  559  598  748 1045 1055 1097 1231 1247 1541 1692 1733 1795
 1857 1883 2040 2264 2315 2356 2375 2716 2829 2946 3172 3208 3435 3593
 3815 3846 4067 4081 4287 5405 6120 6485 6616 6680 7181 7401]",0.3165648226647668
"[ 318  403  411  659  901  979 1029 1164 1251 1550 1661 1684 1867 1960
 2024 2120 2251 2284 2362 2584 2591 2600 2613 2996 3080 3371 3380 3460
 3571 3699 3868 3920 4024 4336 4573 5903 6404 6766 6972 7472]",0.3393721734120472
"[ 194  380  811  977 1233 1242 1395 1730 1812 1905 2006 2183 2317 2495
 2502 2514 2547 2696 2812 2874 3145 3152 3242 3376 3422 3650 3784 3812
 4156 4203 4214 4338 4505 5053 5345 5975 6619 6980 7035 7255]",0.33139246038996856
"[ 309  319  473  837  888  966 1091 1459 1467 1545 1591 1927 1956 2045
 2077 2234 2249 2426 2576 2594 2682 2726 2831 3099 3221 3305 3355 3626
 3725 3741 3992 4016 4073 4364 4553 4708 5903 6619 6753 7120]",0.33655420897962973
"[ 320  414  691  729  810  981 1178 1242 1258 1480 1520 1584 1881 2070
 2085 2113 2245 2362 2375 2475 2836 2942 3068 3218 3240 3375 3579 3636
 3812 3929 4153 4205 4553 4644 6186 6553 6754 6903 7252 7473]",0.3485792330598898
"[ 455  485  617  876  955 1038 1121 1543 1599 1733 1889 2040 2118 2212
 2291 2300 2461 2591 2710 2766 2896 2931 2940 3169 3233 3434 3492 3535
 3712 3725 3738 4060 4085 4290 5336 5907 6480 6543 6974 7251]",0.3492635212835711
"[ 521  741  834  913 1038 1102 1450 1538 1584 1621 1673 1855 2014 2037
 2170 2217 2329 2592 2648 2750 2834 2852 3009 3090 3097 3318 3421 3510
 3572 3589 4152 4204 4214 4480 4514 4645 6119 6617 6908 7258]",0.35315366304108586
"[ 380  530  550  914 1033 1043 1235 1474 1534 1856 1949 1972 2099 2264
 2288 2367 2392 2593 2710 2829 2859 2942 3220 3308 3441 3463 3570 3883
 3914 4005 4083 4349 4499 4845 5335 6263 6324 6768 6896 7261]",0.3419517807871462
"[ 320  683  691  742  841  877 1102 1191 1308 1325 1442 1621 1809 1860
 1968 2012 2099 2210 2304 2330 2643 2721 2815 2948 3225 3285 3518 3777
 3793 3952 4015 4069 4507 4637 5977 6610 6625 6831 7122 7324]",0.3441718211420179
"[ 457  548  801  826  879  984 1099 1118 1377 1390 1468 1906 1950 2001
 2108 2170 2223 2497 2514 2756 2804 2820 2954 2995 3010 3074 3440 3605
 3661 3669 3706 3716 4009 4276 4570 5187 6188 6695 6967 7330]",0.3359757072098092
"[ 193  521  741  765  822  971 1172 1302 1463 1541 1693 1874 1998 2040
 2076 2099 2194 2376 2496 2508 2668 2765 2871 3076 3102 3301 3423 3648
 3665 3800 3853 4078 4275 4335 4371 4572 6048 6550 6967 7192]",0.35090453272133526
"[ 330  384  765  772  819  880  897 1381 1407 1541 1788 1818 1879 1976
 2079 2181 2284 2579 2601 2659 2761 2854 3076 3089 3100 3351 3588 3598
 3606 3646 3769 3936 4279 4435 4624 5903 6263 6833 7123 7252]",0.3353072303944719
"[ 383  404  630  815  822  901 1121 1299 1395 1667 1685 1977 2031 2069
 2149 2163 2255 2567 2579 2685 2743 2764 2801 3000 3104 3239 3374 3436
 3564 3812 3942 4069 4204 4431 5687 5914 5978 6761 7122 7256]",0.3370948291557764
"[ 319  450  621  630  819 1120 1169 1181 1443 1678 1761 1865 1929 2167
 2182 2245 2261 2371 2432 2483 2816 2826 2874 3009 3068 3379 3391 3573
 3707 3727 3812 4077 4157 4204 4644 5057 6192 6762 6825 7400]",0.33420598844228466
"[ 174  336  521  672  842 1018 1120 1242 1249 1611 1658 1691 1878 2032
 2149 2258 2355 2740 2792 2799 2831 3101 3283 3293 3443 3450 3670 3787
 3920 4150 4229 4239 4337 4351 4713 6116 6478 6756 6978 7256]",0.3365544831581513
"[ 319  621  812  911 1041 1234 1242 1473 1679 1858 1871 1949 2049 2098
 2176 2184 2439 2659 2669 2692 2717 3139 3168 3291 3446 3534 3638 3866
 3916 3954 4071 4156 4362 4407 4419 6191 6343 6689 7109 7260]",0.34469369930671034
"[ 319  551  595  630  749 1092 1120 1385 1534 1541 1690 1801 1858 2038
 2100 2187 2233 2479 2567 2574 2724 2756 2802 2811 3241 3422 3430 3514
 3605 3734 3791 4069 4293 4338 4783 5975 6472 6767 7179 7186]",0.3425193903067352
"[ 319  761  841  877  886  896 1392 1516 1545 1810 1931 2046 2170 2230
 2363 2390 2694 2829 2854 2862 2874 2890 3025 3222 3352 3588 3722 3741
 3909 3991 4069 4158 4489 4502 4910 6050 6549 6840 7037 7190]",0.34483456038087407
"[ 405  526  557  893  945  972 1024 1054 1459 1593 1717 1827 2081 2090
 2097 2104 2120 2287 2534 2637 2655 2786 2827 2948 3098 3152 3358 3517
 3602 3705 3855 4006 4088 4501 4553 4775 5834 6694 7185 7192]",0.3323411362521368
"[ 193  485  814  832  875 1056 1105 1447 1539 1689 1717 1881 2120 2151
 2180 2229 2527 2570 2682 2727 2765 2861 3017 3221 3281 3382 3651 3659
 3703 3711 4073 4225 4572 4693 5417 6047 6615 6765 7323 7333]",0.3304307627755687
"[ 249  624  659  810 1043 1101 1121 1371 1462 1613 1691 1733 1936 1963
 2166 2187 2299 2427 2530 2577 2659 2693 2808 3030 3148 3211 3378 3561
 3602 3650 3714 4087 4432 4490 5977 6337 6613 6834 7111 7331]",0.34578106742211456
"[ 383  391  482  957  965 1019 1048 1326 1454 1479 1675 1931 1974 2082
 2245 2252 2306 2647 2694 2945 3026 3067 3150 3464 3499 3731 3774 3795
 3859 3955 4207 4376 4429 4438 4484 6046 6616 6751 7189 7324]",0.35188531691301206
"[ 318  412  474  590  819  883  913 1180 1263 1301 1450 1530 1680 1927
 1974 2026 2249 2265 2366 2373 2679 2711 2806 3009 3072 3170 3302 3641
 3703 3746 3864 4095 4134 4502 4762 5560 6118 6622 6971 7332]",0.33445189939482783
"[ 319  335  749  812  946 1052 1257 1388 1442 1665 1679 1761 1859 2028
 2160 2253 2293 2333 2637 2803 2813 2826 2834 2937 3070 3370 3505 3520
 3741 3783 4133 4504 4568 4621 5475 6048 6326 6759 7108 7402]",0.36080755874914694
"[ 450  605  692  740  983 1242 1251 1260 1372 1592 1890 1926 1977 2040
 2096 2155 2219 2567 2649 2737 2800 2831 2998 3097 3106 3292 3445 3774
 3875 3883 3929 4008 4268 4439 4645 5404 5974 6474 6909 7043]",0.3407416378028649
"[ 123  449  672  827 1088 1121 1174 1323 1521 1786 1871 2033 2046 2220
 2235 2282 2324 2585 2720 2760 2854 2945 3105 3294 3358 3378 3564 3725
 3812 3855 4132 4267 4366 4715 5629 6259 6339 6835 6898 7400]",0.34245025614560004
"[ 312  621  876  883  914 1043 1512 1602 1615 1693 1733 2033 2069 2114
 2164 2293 2639 2696 2806 2817 2831 2870 2895 3287 3447 3492 3507 3738
 3745 3923 4013 4219 4412 4979 5908 6400 6761 6896 6911 7256]",0.32959785909827566
"[ 391  621  630  731  739  822 1232 1310 1394 1403 1693 1716 2099 2148
 2234 2254 2266 2580 2760 2924 3032 3096 3151 3160 3286 3414 3603 3649
 3730 3776 3808 3854 4366 4553 4643 5328 6188 6759 6766 7474]",0.3260606308253606
"[ 520  553  669  747  843  903 1179 1516 1599 1686 1859 1962 2049 2151
 2162 2252 2382 2643 2657 2683 2815 3018 3207 3222 3463 3568 3794 3912
 3955 4014 4203 4357 4779 5486 5906 6470 6625 6831 7192 7323]",0.3382094872782918
"[ 411  662  831  887  984 1165 1179 1300 1546 1665 1796 1820 1856 2095
 2119 2253 2291 2301 2497 2592 2651 2766 2942 2972 3027 3143 3517 3652
 3667 3785 3847 4029 4084 4362 4561 5977 6539 6693 7180 7258]",0.34068431820549105
"[ 319  403  454  487  889  896 1022 1050 1156 1469 1599 1691 1730 2216
 2247 2256 2368 2378 2621 2810 2995 3011 3033 3146 3380 3441 3576 3670
 3844 3940 3948 4065 4502 4553 5193 6116 6410 6829 6907 7329]",0.31723817701630186
"[ 525  545  552  677 1024 1178 1229 1402 1730 1821 1832 1954 2181 2228
 2357 2448 2527 2578 2612 2694 3013 3067 3175 3376 3427 3435 3798 3882
 3924 4289 4368 4775 5264 5415 5987 6118 6554 6683 7178 7261]",0.32088162611552457
"[ 333  593  695  750 1244 1257 1371 1550 1591 1604 1646 1754 1940 2048
 2101 2161 2253 2287 2437 2658 2684 2833 2859 3018 3065 3098 3433 3512
 3711 3746 4015 4054 4146 4206 4782 6194 6327 6695 6972 7472]",0.31606436430184703
"[ 383  702  732  759  814 1121 1164 1178 1256 1599 1660 1716 1836 1959
 2094 2181 2212 2222 2330 2588 2693 2718 2739 3010 3169 3214 3460 3587
 3718 3781 3882 4080 4267 4502 4778 6048 6615 6693 7037 7188]",0.3558482916189425
"[ 401  412  740  831  872 1126 1238 1318 1653 1680 1687 1949 2101 2210
 2217 2255 2371 2624 2735 2791 3011 3027 3176 3208 3303 3507 3524 3640
 3674 4022 4062 4076 4780 5336 6047 6541 6621 6981 7036 7256]",0.3281856826221816
"[ 410  544  592  817  905  912  952 1107 1602 1620 1663 1970 2011 2121
 2162 2170 2283 2658 2691 2790 2879 2958 3039 3150 3281 3376 3603 3651
 4023 4056 4068 4227 4553 4637 5560 5905 6269 6687 7121 7179]",0.3175559088943069
"[ 336  378  557  809  817  971 1055 1450 1476 1536 1599 1795 2041 2048
 2070 2096 2463 2504 2567 2586 2594 2757 2765 3000 3016 3291 3382 3659
 3712 3721 3883 4202 4503 5202 5836 6268 6472 6836 7250 7328]",0.35458844437807624
"[ 333  377  385  695  753  773 1096 1260 1374 1679 1832 1883 2070 2154
 2233 2246 2326 2483 2567 2648 2732 2741 2894 3146 3225 3383 3515 3532
 3705 3716 4021 4085 4147 4343 4637 4644 6045 6762 6825 7262]",0.3152126097004518
"[  52  667  801  835  963 1231 1313 1324 1617 1786 1936 2017 2102 2117
 2237 2266 2354 2393 2578 2586 2599 2613 2855 2876 3078 3241 3626 3637
 3658 3720 3745 3948 4287 4553 5763 6258 6481 6828 7191 7324]",0.3527693062138869
"[ 176  335  525  684  700  962 1044 1442 1462 1540 1621 1787 1809 2105
 2151 2229 2254 2637 2670 2734 2761 2796 3070 3166 3174 3294 3516 3782
 3947 4080 4279 4286 4443 4553 5833 5846 6255 6334 6829 7049]",0.328842255218177
"[ 473  483  526  677  872  903 1037 1372 1409 1673 1757 2014 2093 2179
 2328 2504 2599 2639 2692 2868 3106 3168 3289 3351 3369 3675 3732 3768
 3787 3846 3867 4024 4370 4500 5620 6332 6767 6826 7259 7322]",0.32520057112932915
"[ 673  762  806  825 1053 1372 1392 1402 1452 1955 2014 2046 2149 2175
 2210 2304 2554 2647 2665 2760 2868 2962 3142 3308 3536 3582 3640 3883
 3943 4149 4423 4484 4992 5406 6046 6615 6695 7251 7265 7400]",0.3229065222909906
"[ 193  319  589  690  700  883 1033 1121 1370 1527 1534 1543 1766 1873
 1930 2188 2293 2318 2515 2829 2924 2946 3026 3149 3316 3422 3588 3644
 3793 3812 3986 4064 4438 4553 4642 5629 6331 6338 6825 7331]",0.31942872164895053
"[ 123  381  533  762  880 1102 1195 1533 1611 1666 1727 1762 2026 2140
 2147 2231 2329 2392 2507 2668 2873 2925 3166 3293 3499 3588 3864 4024
 4122 4134 4412 4429 4438 4635 5833 6328 6760 6910 7181 7401]",0.3447338867711955
"[ 621  661  672  824 1121 1300 1311 1323 1661 1689 1821 1859 1938 2091
 2099 2190 2251 2426 2580 2588 2693 2739 2898 3136 3218 3234 3509 3528
 3703 3949 4139 4149 4268 4643 5336 5977 6338 6825 6833 7330]",0.3383800979836541
"[ 486  527  692  891 1021 1328 1335 1383 1463 1970 2105 2121 2145 2159
 2238 2507 2625 2641 2752 2801 2810 3002 3501 3511 3521 3635 3746 4000
 4017 4056 4205 4361 4698 5417 5980 6411 6473 6980 7040 7473]",0.33392676567104157
"[ 194  485  591  740  761  824 1172 1193 1399 1450 1513 1693 1749 1813
 2071 2160 2253 2405 2438 2522 2636 2787 2891 3217 3226 3240 3375 3492
 3745 3791 3943 4047 4205 4409 4503 5701 6261 6482 7047 7179]",0.3356055726120241
"[ 453  621  821  953 1227 1255 1336 1815 1829 1893 1927 1936 1945 2189
 2445 2457 2580 2713 2805 2903 3011 3026 3075 3209 3508 3533 3589 3643
 3702 4076 4095 4155 4205 4550 5258 5976 6611 6620 7252 7330]",0.34241326472517675
"[ 384  608  694  772  876 1166 1178 1190 1597 1660 1682 1973 2009 2068
 2099 2179 2428 2543 2623 2659 2669 2720 3099 3220 3234 3583 3594 3604
 3789 3853 3944 4273 4293 4770 5703 6053 6116 6546 7110 7191]",0.30873543634563516
"[ 476  754  814  908  947 1249 1407 1455 1470 1820 1929 1944 1977 2093
 2149 2254 2566 2597 2623 2658 2786 2824 2864 3159 3416 3435 3449 3463
 3567 3882 3927 3943 4057 4219 4277 5131 5977 6688 6908 7184]",0.353720818257408
"[ 249  268  590  668  689  772  824 1169 1400 1446 1463 1692 1796 1857
 1955 1963 2113 2303 2365 2463 2566 2683 2694 3016 3066 3221 3309 3534
 3583 3712 3884 4014 4054 4073 4206 4571 4989 5836 6757 7051]",0.3367054529222759
"[ 487  521  617  672  894 1018 1265 1379 1457 1612 1656 1763 1859 1954
 2103 2184 2222 2302 2637 2669 2690 2786 3015 3146 3305 3312 3578 3675
 3710 3798 4024 4204 4215 4267 4365 6045 6480 6899 7050 7400]",0.33561251017423893
"[ 529  551  701  878 1034 1050 1169 1226 1397 1589 1757 1764 1788 1818
 1882 2011 2264 2320 2433 2542 2592 2798 2832 2923 3027 3073 3303 3604
 3667 3711 3796 3931 4207 4339 4367 5336 5471 6269 6614 6977]",0.31556468792618425
"[ 178  267  592  600  688  767 1022 1179 1257 1300 1592 1599 1617 1795
 1856 1889 2158 2179 2188 2592 2645 2692 2727 2957 2964 3282 3304 3577
 3603 3855 4075 4133 4365 4424 5264 5977 6617 6767 7181 7261]",0.34537848990321873
"[ 193  759  767  805  885 1176 1189 1454 1660 1675 1683 1794 1925 2047
 2097 2216 2232 2396 2693 2709 2723 2806 2929 2957 2966 3083 3374 3536
 3647 3881 3924 3987 4078 4085 4422 4571 6262 6839 7038 7116]",0.32766758459925316
"[ 307  338  953  981 1178 1471 1658 1693 1746 1859 1949 2111 2190 2291
 2387 2447 2496 2764 2858 2868 2897 3017 3308 3420 3598 3698 3712 3725
 3889 4003 4017 4095 4294 4343 4423 6328 6481 6982 7179 7259]",0.33145310394095573
"[ 403  520  701  740  824 1114 1263 1305 1531 1612 1834 1879 1934 2099
 2109 2227 2403 2497 2504 2743 2869 2947 3033 3071 3450 3531 3650 3711
 4015 4022 4055 4205 4212 4505 4583 4705 5904 6476 6897 7048]",0.3255052094361319
"[ 551  592  741  843  971 1101 1372 1392 1409 1471 1907 1955 2011 2090
 2109 2281 2432 2452 2545 2725 2953 2995 3003 3107 3158 3452 3493 3715
 3812 4014 4076 4204 4336 4572 5334 5903 6695 6758 7251 7400]",0.350107346263674
"[ 196  534  591  761  912 1091 1108 1243 1543 1727 1821 1836 1931 2305
 2329 2386 2439 2567 2625 2645 2874 2886 3066 3217 3444 3526 3638 3650
 3804 3982 4204 4225 4482 4571 5406 5978 6255 6622 7038 7258]",0.3292536126957061
"[ 534  553  669  802  845  968 1050 1100 1163 1541 1670 1732 1763 2010
 2034 2168 2211 2254 2300 2333 2432 2693 2739 2755 2943 3077 3240 3496
 3590 3648 4132 4283 4363 4482 4777 5405 6115 6477 7188 7252]",0.342371053174037
"[ 244  264  754  762  804  887 1193 1234 1320 1752 1804 1815 1830 1926
 2010 2246 2450 2471 2497 2513 2646 2695 3016 3098 3280 3505 3512 3534
 3661 3845 3951 4207 4226 4503 5406 5974 6688 6695 7107 7401]",0.33846470483178737
"[ 482  600  663  760  773 1176 1256 1302 1548 1665 1672 1786 1821 2044
 2076 2155 2233 2319 2649 2710 2733 2761 2814 3164 3211 3220 3654 3661
 3703 3711 3718 3883 4205 4219 4411 6406 6680 7050 7110 7400]",0.35291872707518673
"[ 319  330  621  740  773  804  819 1121 1310 1396 1686 1816 1878 1941
 1977 2141 2176 2183 2373 2624 2644 2810 2826 2873 3075 3281 3310 3440
 3572 3660 3811 4008 4055 4204 4430 5337 5908 6688 7038 7188]",0.3448841237331788
"[ 601  620  773  875 1032 1114 1305 1474 1534 1736 1786 1867 2038 2048
 2100 2287 2306 2437 2543 2787 2797 2882 3103 3291 3352 3446 3866 3883
 3947 3997 4054 4365 4715 5263 6046 6624 6688 7054 7118 7467]",0.348428917427057
"[ 381  672  759  841 1017 1035 1170 1258 1619 1670 1717 1800 1980 2032
 2067 2147 2181 2300 2521 2566 2645 2759 3012 3076 3173 3211 3519 3716
 3936 3953 4133 4159 4424 4646 5203 5692 6262 6838 6973 7179]",0.33763507860555764
"[ 332  521  601  826  910 1095 1174 1540 1692 1728 1857 2100 2163 2217
 2225 2324 2480 2544 2661 2714 2864 3176 3294 3308 3353 3443 3629 3713
 3865 3943 3991 4096 4357 4435 5701 6046 6617 6624 7181 7260]",0.3390900434991976
"[ 249  384  401  695  845  887 1092 1107 1195 1440 1467 1668 1758 2001
 2099 2118 2374 2503 2566 2607 2761 3011 3028 3075 3160 3281 3658 3741
 3774 3793 4119 4154 4205 4553 4573 6334 6832 7122 7179 7400]",0.3398265141046548
"[ 178  526  548  824  876 1118 1167 1320 1763 1802 1885 2035 2218 2307
 2329 2510 2567 2667 2760 3010 3027 3089 3105 3342 3500 3582 3664 3674
 3705 4358 4422 4436 4772 4901 5346 6119 6688 7050 7322 7400]",0.3295814582307856
"[ 248  520  678  760  881  981 1178 1303 1452 1681 1689 1951 2071 2102
 2182 2262 2434 2482 2638 2657 2829 3030 3077 3234 3353 3367 3666 3673
 3730 3785 3977 4006 4203 4226 4502 6258 6618 6626 6965 7259]",0.35253228865080577
"[ 406  658  826  836  878  886 1228 1377 1463 1526 1856 1866 1905 1967
 2168 2232 2358 2402 2650 2672 2696 2801 3067 3170 3292 3373 3635 3663
 3883 3926 4009 4127 4502 4776 5336 5837 6187 6620 7038 7190]",0.33975257350366866
"[ 454  551  823  885 1113 1245 1375 1409 1473 1676 1881 2036 2153 2188
 2217 2596 2603 2658 2710 2788 2896 3018 3281 3311 3414 3463 3507 3641
 3730 3812 3991 4222 4282 4716 5336 6256 6618 7053 7179 7473]",0.303245457508164
"[ 455  619  675  699  876 1172 1259 1374 1736 1830 1866 1885 1929 2157
 2245 2431 2658 2679 2690 2722 3097 3211 3218 3375 3438 3673 3706 3868
 3951 4071 4204 4339 4366 4572 5614 6262 6539 6904 7108 7471]",0.31350853918675414
"[ 193  383  675  699  872  967 1048 1165 1172 1538 1673 1717 1765 2017
 2080 2173 2210 2256 2335 2578 2659 2767 2818 2854 3078 3168 3440 3497
 3605 3730 3740 3844 3931 4134 4303 4363 5837 6833 7039 7330]",0.3483106563254742
"[ 557  602  732  763 1053 1092 1104 1185 1298 1591 1671 1681 1904 1929
 2170 2181 2363 2375 2622 2666 2709 2867 3145 3240 3365 3372 3567 3603
 3863 3941 4133 4282 4477 4506 5416 6257 6549 6754 6980 7255]",0.3255324757170744
"[ 623  804  814  844  966 1121 1256 1314 1377 1583 1787 1818 1907 1949
 1968 2286 2311 2365 2764 2804 2820 2864 2882 3142 3414 3512 3519 3641
 3882 4005 4134 4159 4503 4551 4982 6116 6752 6903 7251 7333]",0.3368765490156982
"[ 455  472  550  840  886 1117 1376 1460 1539 1787 1877 1940 1959 2038
 2258 2283 2290 2379 2536 2580 2761 2786 2876 2940 3033 3238 3434 3587
 3746 3864 3999 4024 4062 4364 4496 5335 6116 6688 7108 7401]",0.3307754776186891
"[ 268  459  616  771  822  874  953  976 1243 1534 1856 1896 1908 1938
 2164 2174 2299 2352 2359 2407 2471 2813 2865 3015 3066 3176 3376 3437
 3501 3745 3943 4127 4285 4303 4778 6196 6329 6689 7182 7472]",0.3221964019370829
"[ 411  452  459  689  820  946 1110 1121 1167 1671 1688 1797 1805 1820
 1857 2168 2191 2324 2359 2514 2670 2688 2947 3141 3221 3308 3631 3795
 3928 3945 4205 4237 4292 5274 5335 5835 6196 6545 6978 7395]",0.3237103045166947
"[ 195  453  748  767  827 1021 1243 1260 1323 1621 1743 1871 1935 1949
 1971 2264 2390 2429 2443 2523 2578 2613 2953 3076 3139 3227 3523 3638
 3790 3944 3983 4095 4134 4364 4778 5336 6046 6196 7042 7051]",0.3331911395542969
"[ 662  688  816  913 1022 1247 1255 1408 1597 1659 1686 1750 1864 1925
 2028 2161 2184 2294 2429 2654 2755 2807 2931 3176 3224 3350 3516 3526
 3642 3792 3913 4085 4207 4502 5405 5975 6471 6908 6970 7471]",0.3294663787906287
"[ 408  590  672  892  972  980 1089 1168 1584 1602 1825 1832 1854 2101
 2235 2264 2399 2425 2579 2869 2883 3067 3219 3230 3382 3650 3783 3913
 4016 4097 4284 4294 4414 4644 4992 5903 5988 6688 7109 7187]",0.331149424768856
"[ 247  401  408  525  773  874  901 1033 1122 1234 1468 1584 1816 1828
 1857 2084 2262 2287 2306 2315 2323 2580 2758 2890 3017 3066 3167 3294
 3499 3589 3705 3867 4096 4145 4279 4483 4507 5974 6905 7183]",0.33099559225561886
"[ 403  451  553  743  945 1121 1376 1390 1543 1667 1858 1943 2030 2078
 2260 2322 2354 2445 2690 2719 2753 2925 2949 3240 3297 3518 3642 3674
 3809 3866 3992 4267 4297 4500 5837 6187 6761 7037 7122 7327]",0.33105578920571144
"[ 404  448  459  553  752  901 1018 1101 1121 1468 1594 1744 1759 2035
 2139 2163 2333 2367 2598 2693 2804 2868 2926 3175 3305 3434 3559 3607
 3654 3781 3883 4219 4227 4264 4424 6050 6549 6980 7179 7330]",0.3213727931886089
"[ 531  701  823  876  974 1241 1390 1446 1472 1716 1764 1820 1941 1953
 2250 2332 2497 2508 2738 2802 3008 3066 3298 3356 3381 3530 3629 3658
 3787 3948 4078 4133 4621 4644 4850 5345 6259 6692 7180 7191]",0.32090352870840744
"[ 411  531  664  684 1025 1050 1327 1459 1764 1799 1925 1955 1968 2019
 2076 2195 2509 2591 2614 2642 2694 2951 3006 3086 3105 3279 3502 3738
 3796 4069 4133 4296 4482 4499 5404 5907 6682 6689 7050 7180]",0.332911813130119
"[ 244  307  482  544  739  822  874  913  976 1311 1541 1673 1764 2001
 2164 2179 2186 2581 2645 2709 2744 2765 2802 3149 3209 3238 3369 3534
 3669 3711 3863 4053 4577 4849 5771 6262 6411 6970 7121 7466]",0.3347394971588415
"[ 389  404  823  835  886  948 1185 1334 1390 1443 1451 1681 1764 2069
 2087 2094 2101 2113 2151 2615 2711 2741 3015 3112 3217 3307 3566 3715
 3746 3935 3944 4166 4503 4848 5267 6258 6415 6689 7121 7323]",0.3362304718274918
"[ 381  403  486  673  836  947  968 1443 1466 1524 1549 1786 1945 2078
 2100 2109 2260 2354 2441 2593 2671 2788 2831 3008 3209 3309 3369 3601
 3714 3843 3875 4096 4149 4204 4637 5125 5903 6334 6827 7120]",0.3267522626920703
"[ 622  667  873 1032 1121 1167 1255 1512 1672 1686 1716 1835 1877 1892
 2182 2219 2227 2283 2456 2684 2764 2854 2872 3098 3105 3219 3353 3375
 3557 3788 3955 4085 4204 4504 6048 6413 6619 6754 6982 7188]",0.349293033459809
"[ 193  413  456  660  896  913 1048 1101 1161 1469 1548 1661 1885 1928
 1969 1978 2221 2306 2475 2583 2713 2881 3076 3155 3211 3382 3446 3483
 3641 3649 3812 4131 4141 4219 4227 4699 4716 6402 7048 7179]",0.32862975878409384
"[ 319  334  451  771  815  947 1040 1314 1330 1605 1735 1763 1787 2026
 2218 2231 2254 2404 2566 2668 2694 2718 2889 2939 3167 3289 3369 3732
 3815 3855 4154 4204 4339 4360 5405 6043 6121 6831 6838 7401]",0.3392294578980076
"[ 237  317  546  698  801  818  880 1047 1453 1531 1546 1610 1727 1857
 1906 2019 2109 2173 2221 2355 2472 2588 2670 2834 2852 3148 3155 3282
 3450 3630 3674 3714 3721 4024 4132 4364 4425 6333 7043 7122]",0.35635779333121176
"[ 313  391  475  482  877  977 1179 1399 1450 1528 1691 1716 1819 1897
 2024 2088 2189 2284 2292 2319 2596 2766 2854 2890 2940 3075 3236 3351
 3435 3669 3784 4014 4134 4149 4427 5905 6616 6695 7180 7258]",0.3287745280914888
"[ 622  667  752  872 1120 1174 1238 1373 1540 1873 1974 2027 2072 2252
 2295 2303 2412 2472 2762 2796 2877 2925 3104 3112 3227 3238 3430 3727
 3924 4017 4058 4145 4505 4709 5403 5557 6048 6615 6767 7183]",0.32590857462749323
"[ 268  672  733  764 1168 1255 1263 1318 1584 1735 1749 1835 1929 2026
 2181 2441 2497 2690 2804 2816 2931 3010 3109 3237 3350 3579 3668 3729
 3848 3857 4292 4554 4567 5338 5614 5977 6901 7052 7179 7471]",0.3458719979550321
"[ 319  621  740  753  913 1172 1185 1235 1406 1462 1717 1866 1873 1955
 2034 2233 2284 2398 2593 2650 2714 3013 3027 3105 3148 3374 3423 3713
 3812 3934 3943 4204 4409 4429 4437 6194 6695 6758 7179 7261]",0.3394910734259166
"[ 248  620  733  816  914 1093 1181 1330 1371 1408 1456 1662 1820 2024
 2070 2180 2187 2195 2224 2374 2709 2759 2811 2875 2939 3105 3287 3517
 3633 3650 3818 3879 4211 4434 5978 6617 6696 6751 7181 7401]",0.35254524587274116
"[ 404  530  554  946  970 1102 1264 1308 1514 1536 1875 1974 2025 2071
 2220 2265 2318 2374 2566 2811 2868 2946 3066 3176 3447 3526 3567 3746
 3788 4024 4081 4133 4159 4644 6045 6270 6540 6619 7250 7261]",0.32658781606540455
"[ 628  663  692  741  967 1122 1245 1451 1622 1892 1899 1927 1944 2287
 2312 2333 2393 2509 2587 2694 2783 2949 3098 3294 3358 3422 3814 3875
 3937 4057 4071 4560 4692 4715 5976 6054 6829 7050 7179 7472]",0.3473808501804012
"[ 404  557  597  888 1041 1048 1089 1388 1408 1538 1875 1900 1957 2142
 2149 2260 2307 2463 2510 2597 2640 2767 2828 3015 3074 3098 3279 3589
 3604 3718 3952 4205 4215 4294 4409 4709 6336 6684 7046 7179]",0.33770286118789095
"[ 376  458  486  618  824  874  888 1166 1259 1409 1530 1609 1665 1717
 2009 2026 2106 2259 2300 2456 2637 2835 2860 2868 2875 3028 3210 3592
 3650 3670 3714 3940 4133 4339 4504 6188 6478 6839 6967 7331]",0.32927866755956803
"[ 321  519  759  766  956 1108 1372 1469 1479 1603 1928 1935 2084 2096
 2118 2179 2515 2669 2690 2710 2818 2859 2946 3166 3222 3557 3570 3663
 3670 3793 4068 4156 4267 4274 4503 4846 6484 6545 7109 7121]",0.32837173840764355
"[ 246  448  552  608  810 1030 1054 1108 1115 1379 1615 1744 1786 1864
 1879 2244 2253 2283 2404 2584 2856 2897 2945 3222 3240 3352 3652 3733
 3928 4023 4062 4366 4553 4714 5266 6047 6542 6550 7110 7121]",0.3492397067129276
"[ 331  388  522  678  763  841  898 1232 1244 1464 1543 1622 1735 1860
 2029 2178 2185 2432 2510 2517 2692 2807 2927 3005 3012 3307 3501 3532
 3635 3796 3931 4022 4204 4291 4410 6046 6339 6609 7111 7260]",0.34316084889523835
"[ 266  316  734  765  957 1182 1443 1673 1682 1762 1806 1928 2084 2103
 2181 2360 2380 2495 2515 2759 2837 2862 2880 3011 3209 3241 3361 3373
 3531 3651 3707 3941 4095 4215 4561 4646 6402 6679 6695 7325]",0.3381725997632119
"[ 377  403  460  774  838  892 1020 1310 1325 1388 1657 1832 1886 2001
 2162 2251 2566 2573 2581 2661 2691 3023 3039 3151 3283 3486 3517 3535
 3648 3740 3923 4157 4218 4778 5345 6258 6620 6755 7192 7323]",0.32871489553231253
"[ 265  380  463  628  740  872 1181 1188 1313 1661 1835 1891 1939 1970
 2023 2213 2461 2471 2579 2643 2658 2694 2879 3147 3154 3169 3495 3800
 3933 3952 4134 4339 4367 4430 5125 6049 6760 6910 7181 7260]",0.32648001468589855
"[ 391  486  519  526  690  822 1055 1095 1299 1403 1463 1595 1936 1970
 2033 2261 2283 2305 2435 2758 2870 2877 3169 3214 3447 3464 3509 3704
 3869 3882 3924 4336 4429 5051 5345 6188 6619 6911 7110 7401]",0.33128327979090955
"[ 388  476  665  910  957  967 1116 1594 1673 1682 1728 1832 2070 2170
 2219 2251 2265 2520 2567 2722 2756 3017 3027 3034 3066 3290 3524 3564
 3656 3746 4055 4077 4086 4279 4643 5834 6548 6980 7108 7115]",0.3374499971433076
"[ 523  620  698  749  873  969 1235 1263 1389 1613 1935 1943 1962 1996
 2023 2112 2119 2455 2516 2566 2688 2817 2998 3009 3109 3165 3299 3647
 3740 3802 3916 4223 4279 4572 5835 6128 6687 6836 7179 7331]",0.34423828058274875
"[ 475  521  530  701  765 1028 1303 1403 1463 1717 1735 1823 1956 1972
 2083 2122 2353 2505 2521 2583 2600 2767 2995 3003 3018 3382 3434 3493
 3517 3932 3959 4084 4422 4644 5263 5275 6188 6829 6837 7329]",0.3265481447250543
"[ 412  448  687  812  962 1121 1522 1613 1800 1931 1962 2026 2118 2252
 2295 2424 2515 2528 2693 2717 2756 3097 3152 3302 3464 3639 3648 3952
 4087 4133 4353 4409 4504 5273 5976 6268 6542 6764 7180 7400]",0.3454048325458967
"[ 196  388  594  833  911  957 1106 1234 1255 1545 1808 1821 1835 1858
 2099 2112 2156 2505 2588 2741 2765 2782 2828 3218 3438 3446 3558 3640
 3741 3942 4005 4133 4337 4500 5197 6048 6759 7051 7180 7401]",0.3711317316250835
"[ 339  455  472  876  886  910 1106 1115 1306 1682 1739 1762 1869 2161
 2182 2246 2355 2506 2658 2692 2749 2881 2925 3078 3228 3383 3415 3518
 3577 3883 3921 4074 4296 4482 4637 5766 6540 6552 6901 7195]",0.3477964638360569
"[ 270  320  586  596  620  701  816 1050 1166 1250 1442 1540 1884 1903
 2142 2155 2181 2264 2522 2529 2724 2756 2859 3016 3208 3239 3358 3583
 3740 3889 4086 4133 4147 4624 5187 5978 6328 6690 7330 7394]",0.3433842902653901
"[ 248  591  618  630  669  824 1050 1324 1373 1458 1622 1754 1877 1928
 2098 2190 2225 2498 2537 2622 2732 2828 2864 2928 2956 3364 3447 3535
 3810 3847 4076 4085 4139 4482 4636 6049 6616 6839 7322 7333]",0.346317023326929
"[ 461  522  552  842  882  900 1035 1299 1334 1378 1529 1751 1799 1925
 2093 2119 2182 2287 2388 2592 2766 2797 2858 3040 3160 3346 3381 3502
 3533 3795 4023 4133 4156 4476 4502 5548 6474 6764 7109 7401]",0.3487334570696669
"[ 266  318  615  805  983 1026 1186 1318 1513 1550 1663 1828 1883 1997
 2032 2157 2188 2218 2520 2601 2638 2754 2792 2942 3098 3213 3291 3303
 3673 3734 3785 3792 3989 4409 4506 4638 6188 6760 7120 7252]",0.346318114994708
"[ 453  486  875  959 1039 1058 1120 1444 1461 1613 1664 1956 1976 1998
 2083 2109 2147 2162 2407 2529 2593 2613 2789 3066 3086 3105 3428 3435
 3447 3819 3869 3881 4144 4205 4411 5987 6328 6695 6900 7192]",0.33337051963114045
"[ 451  545  674  841  873 1242 1250 1328 1375 1621 1786 1815 1893 1935
 2155 2233 2255 2263 2425 2624 2804 2826 2856 2885 2936 3352 3438 3516
 3810 3817 3985 4004 4013 4135 4568 5974 6619 6968 6979 7474]",0.3404138780429337
"[ 485  597  731  748  763 1234 1256 1477 1528 1731 2041 2100 2120 2151
 2285 2461 2515 2646 2665 2757 2937 3139 3173 3227 3234 3344 3636 3644
 3665 3745 3913 4077 4205 4507 4637 6049 6326 6547 6838 7116]",0.3516205771268035
"[ 378  385  404  695  816  900 1176 1231 1238 1262 1746 1826 1876 2145
 2189 2317 2324 2579 2591 2625 2638 2951 3012 3074 3137 3385 3449 3511
 3703 3712 3951 4013 4075 4205 4573 6117 6481 6614 7109 7332]",0.3463395520230099
"[ 381  392  813  825  835  945 1125 1327 1442 1451 1547 1603 1881 1977
 2151 2285 2316 2468 2588 2693 2809 2887 2924 2935 3298 3307 3494 3645
 3670 3947 4275 4335 4362 4568 6184 6196 6474 6694 7107 7260]",0.33693803640896086
"[ 246  588  621  810  820  841 1258 1378 1387 1407 1796 1857 1880 2035
 2123 2170 2186 2302 2425 2575 2623 2732 2758 3032 3148 3167 3230 3423
 3669 3731 3789 4067 4231 4336 4359 4705 6048 6898 6905 7471]",0.3332514781475197
"[ 379  484  619  813  874  965  985 1187 1305 1533 1690 1717 1736 1867
 1967 2171 2188 2216 2579 2593 2710 2758 2869 3100 3208 3306 3360 3368
 3674 3847 3871 3951 4002 4506 5836 6472 6903 6910 7107 7400]",0.33473826579279947
"[ 379  390  553  617  809  887  944 1187 1382 1393 1618 1799 2037 2071
 2165 2329 2503 2533 2655 2826 2837 2876 2924 3240 3359 3372 3494 3628
 3854 3943 3951 4203 4221 4622 5834 6546 6610 6695 7040 7261]",0.3112628592311099
"[ 248  621  772  810 1031 1118 1298 1461 1590 1611 1977 2009 2104 2112
 2138 2238 2300 2577 2611 2623 2639 2672 2735 3085 3286 3309 3515 3746
 3777 3784 3807 3864 4278 4368 4498 5979 6255 6687 6908 7108]",0.3440044565585875
"[ 199  448  526  691  823  886 1054 1318 1325 1514 1667 1762 1788 1888
 2151 2183 2266 2285 2371 2685 2736 2855 2870 3169 3354 3362 3590 3604
 3725 3951 4068 4132 4293 4565 5187 5346 6263 6766 6970 7333]",0.3268719061047591
"[ 378  476  600  626 1120 1159 1176 1540 1673 1736 1799 1996 2183 2220
 2239 2261 2374 2693 2757 2855 2888 2934 2946 3350 3448 3512 3626 3668
 3784 3817 3862 3943 4132 4503 4704 6189 6481 6828 6979 7322]",0.32594274325882716
"[ 404  414  523  906  970 1056 1160 1239 1401 1530 1786 1949 2027 2080
 2188 2252 2283 2510 2716 2740 2762 2873 3036 3234 3358 3365 3483 3562
 3655 3666 3855 3933 4086 4204 4353 4436 5905 6615 6975 7037]",0.33473798147365025
"[ 379  552  755  876  956 1121 1323 1386 1449 1690 1980 2002 2087 2097
 2109 2151 2402 2572 2656 2763 2806 2892 3302 3352 3363 3451 3463 3723
 3858 3955 4204 4228 4430 4480 5062 6045 6481 6544 7036 7262]",0.3530117690694786
"[ 453  604  693  772  801  895  951 1185 1193 1442 1455 1463 1686 1837
 1875 1959 2001 2251 2513 2643 2662 2695 3024 3358 3366 3445 3464 3558
 3812 3925 3942 4076 4119 4414 4574 5416 5833 6755 6765 7260]",0.35293462100462275
"[ 248  525  615  764  772 1033 1168 1265 1397 1442 1602 1687 1858 2020
 2100 2181 2225 2263 2427 2531 2589 2693 3002 3100 3151 3352 3374 3649
 3739 3747 3846 3873 3996 4645 5841 6047 6546 7053 7394 7401]",0.3346057540116851
"[ 629  659  669  690 1030 1121 1235 1252 1299 1530 1686 1735 1821 2083
 2121 2140 2170 2182 2303 2360 2543 2637 2805 3009 3070 3242 3346 3588
 3643 3721 3951 4056 4214 4276 4363 4713 6046 6615 6907 7185]",0.3642654037358358
"[ 247  270  546  608  732  884  912  976 1111 1548 1666 1682 1794 2101
 2119 2154 2250 2432 2567 2598 2659 2683 2761 3002 3156 3170 3208 3447
 3465 3641 3650 3919 4080 4483 4566 6048 6896 6977 7467 7474]",0.3297360125787911
"[ 264  461  521  907  956  963 1041 1477 1588 1605 1837 2073 2088 2152
 2169 2247 2254 2333 2566 2649 2742 2755 2943 3071 3175 3238 3435 3491
 3783 3797 3952 3988 4227 4291 4336 4348 6186 6481 6687 7192]",0.3329603787830793
"[ 404  455  629  675  895  949 1050 1243 1394 1513 1550 1734 1928 2007
 2030 2094 2111 2191 2428 2604 2655 2759 2788 2950 3285 3364 3385 3420
 3519 3654 3816 4004 4014 4133 4499 5336 6049 6623 7038 7190]",0.336993402635513
"[ 533  547  658  913 1027 1162 1177 1260 1538 1592 1671 1832 1942 1999
 2092 2103 2252 2330 2429 2593 2623 2655 2671 3072 3090 3150 3464 3557
 3564 3727 3812 3928 4204 4502 5559 6119 6616 7038 7123 7187]",0.32492968899048047
"[ 339  545  592  670  895  914 1100 1192 1441 1539 1622 1717 1742 1806
 1937 2113 2177 2301 2357 2379 2553 2789 2813 2853 2868 3088 3312 3518
 3650 3712 3948 4207 4342 4505 4781 6193 6687 6696 6965 7402]",0.3334603319176397
"[ 320  332  340  740  821  835  875  899 1398 1456 1591 1618 1716 1891
 2021 2085 2148 2322 2329 2579 2729 2760 2856 3160 3290 3454 3491 3510
 3730 3783 4006 4061 4338 4645 5414 5974 6687 6911 7109 7402]",0.3399451835208367
"[ 249  306  596  692  747  913 1167 1320 1597 1682 1693 1856 1937 1944
 2175 2184 2352 2359 2438 2520 2683 2958 3017 3066 3073 3151 3308 3702
 3803 3812 3852 3933 4353 4643 5906 6256 6338 6833 7109 7330]",0.34262539871039965
"[ 451  557  741  820  835 1160 1185 1240 1320 1616 1811 1855 1978 2082
 2179 2233 2359 2663 2760 2781 2798 3076 3158 3165 3211 3314 3507 3535
 3571 3706 3874 4167 4276 4431 5903 6340 6401 6910 7188 7321]",0.3433879312138059
"[ 388  406  556  608  665 1048 1104 1394 1599 1622 1662 1757 1786 1889
 2095 2151 2250 2261 2596 2610 2719 2871 2924 3027 3105 3441 3505 3636
 3675 4006 4024 4210 4436 4482 4772 5834 6621 7108 7329 7336]",0.3215805727939921
"[ 333  388  485  805  978 1110 1171 1301 1540 1665 1833 1941 1958 2038
 2284 2330 2435 2444 2460 2782 2876 2903 3008 3031 3307 3535 3569 3648
 3955 4157 4204 4211 4221 4553 4776 5908 6402 6623 7045 7251]",0.34349401866465507
"[ 385  404  519  629  753  881  973 1301 1319 1549 1666 1749 1857 2009
 2112 2164 2357 2370 2385 2648 2732 2756 2887 2994 3081 3357 3441 3449
 3533 3952 4004 4085 4134 4435 4483 6188 6340 6829 6909 7322]",0.3415799217180974
"[ 317  336  446  487  595 1027 1090 1179 1186 1193 1739 1750 1801 1974
 2079 2140 2180 2244 2265 2306 2577 2766 2810 2898 2995 3007 3014 3428
 3523 3650 3657 3817 4021 4134 4224 4571 5336 6047 6908 6972]",0.3374306142150999
"[ 265  316  767  823  874 1023 1101 1262 1397 1623 1659 1811 1829 1856
 2032 2303 2322 2333 2363 2567 2763 2827 2868 3089 3355 3363 3381 3463
 3587 3632 4074 4204 4337 4374 4572 5977 6552 6616 7180 7471]",0.35440248019780496
"[ 315  629  733  762  812  825 1172 1234 1394 1473 1716 1744 1877 1979
 2040 2078 2311 2426 2579 2659 2671 2684 2693 3019 3152 3283 3313 3514
 3648 3673 3879 4014 4216 4279 4409 6187 6697 6760 7322 7329]",0.3397448866133216
"[ 307  599  622 1112 1163 1174 1472 1622 2020 2175 2326 2337 2359 2442
 2719 2732 2759 2781 2810 2823 3100 3211 3220 3369 3561 3606 3880 3936
 3943 4056 4136 4504 4780 5345 5833 6255 6687 6695 7109 7401]",0.3255540272553694
"[ 200  593  620  743  966 1052 1164 1242 1399 1463 1971 2019 2028 2050
 2070 2153 2249 2515 2575 2624 2637 2741 2828 2876 3081 3209 3241 3376
 3783 3793 3883 4275 4434 4640 5974 6336 6901 6911 7178 7475]",0.3649276671073246
"[ 333  377  483  670  873  901  981 1102 1251 1450 1513 1684 1814 1935
 1948 2211 2261 2324 2367 2378 2551 2727 2782 2880 3147 3170 3376 3669
 3699 3706 3724 3858 4279 4481 4645 5976 6481 6759 7189 7251]",0.35121851092547085
"[ 460  524  557  688 1030 1121 1184 1376 1667 1765 1786 1869 1890 2112
 2363 2372 2427 2527 2612 2693 2946 3005 3099 3282 3504 3534 3555 3587
 3597 3864 3947 4132 4432 4906 6049 6470 6831 6839 7179 7401]",0.33553877053435266
"[ 248  411  525  545  659  747  978 1039 1165 1317 1408 1665 1752 1816
 1973 1996 2013 2164 2216 2464 2481 2579 2599 2638 2659 2831 3138 3152
 3175 3445 3502 3594 3864 3997 4200 4364 4427 6548 7043 7122]",0.3339963078518703
"[ 386  557  691  806  957 1320 1334 1378 1611 1809 1832 2082 2142 2182
 2264 2444 2457 2572 2680 2735 3003 3011 3100 3346 3450 3499 3581 3604
 4001 4082 4095 4132 4499 5345 6184 6193 6685 6763 7250 7260]",0.3334896586516139
"[ 411  521  742  751  900 1121 1318 1471 1519 1809 1929 1976 2081 2109
 2359 2527 2587 2763 3007 3023 3066 3104 3158 3507 3593 3600 3785 3848
 3938 4087 4096 4282 4502 4553 4704 5406 6116 6618 7256 7334]",0.3485403753732112
"[ 377  692  814  893 1161 1331 1393 1457 1480 1788 1895 1948 2026 2220
 2257 2619 2626 2658 2668 2709 2859 2896 3029 3376 3434 3631 3638 3674
 3726 4095 4134 4213 4222 4371 4475 6048 6548 6754 7049 7394]",0.3199291547937825
"[ 331  598  761  770 1168 1176 1255 1263 1300 1693 1717 1742 1754 2011
 2185 2232 2319 2425 2507 2667 2826 2833 2872 3003 3208 3307 3507 3711
 3739 3844 3888 4147 4157 4209 5345 5906 6341 6402 6976 7324]",0.34109232831880465
"[ 319  592  629  690  812 1034 1254 1311 1477 1871 1935 1996 2030 2091
 2113 2121 2365 2452 2462 2624 2642 2801 2953 3034 3076 3567 3575 3584
 3591 4085 4132 4166 4215 4337 5406 5630 6117 6413 6687 7329]",0.3408538265692175
"[ 331  455  753  763  771  958 1160 1474 1537 1663 1815 1864 2164 2180
 2259 2360 2483 2513 2595 2638 2931 2964 3015 3136 3292 3427 3519 3531
 3777 3793 4014 4022 4353 4504 6046 6196 6324 6615 6907 7400]",0.3428118407862379
"[ 248  336  810  899  980 1175 1330 1516 1608 1692 1787 1886 2009 2016
 2178 2189 2359 2649 2756 2948 2998 3010 3173 3308 3359 3443 3557 3565
 3721 3877 4012 4136 4409 4572 4699 6260 6481 6970 6977 7472]",0.33891187191461425
"[ 412  602  753  762  914 1020 1101 1256 1263 1442 1599 1662 1820 1835
 1935 2212 2336 2373 2393 2575 2743 2831 2942 3075 3208 3237 3571 3675
 3734 3794 3842 4212 4231 4362 4414 6185 6342 6688 7107 7256]",0.33666871497055273
"[ 248  559  597  803  824  887  908 1164 1329 1458 1584 1622 1787 1820
 1955 2089 2252 2316 2334 2359 2709 2726 2765 2804 2898 3284 3367 3380
 3730 3786 3864 3883 4205 4225 4338 4499 6117 6901 7122 7250]",0.34150586739287014
"[ 404  411  526  874  894  912 1023 1043 1593 1603 1925 1936 1969 2101
 2118 2302 2366 2592 2764 2782 2826 3002 3013 3167 3500 3511 3660 3741
 3916 3931 4009 4574 5264 5834 6264 6470 6697 6761 7109 7192]",0.3490900126655384
"[ 248  333  739  834  872 1054 1172 1306 1392 1667 1691 1893 1929 1936
 2166 2301 2325 2457 2567 2616 2731 2818 3006 3094 3353 3385 3392 3583
 3630 3735 3855 4154 4204 4218 4786 5837 6187 6765 6826 7263]",0.3225508052670963
"[ 320  334  383  830  874 1031 1266 1323 1447 1683 1786 1935 2023 2030
 2186 2392 2433 2442 2567 2690 2825 2942 3005 3023 3426 3435 3517 3742
 3857 4056 4223 4278 4500 4553 5417 5916 6045 6754 6761 7400]",0.3297303711892059
"[ 193  451  629  693  816 1041 1447 1477 1533 1541 1837 1860 1880 1943
 2104 2329 2377 2505 2638 2655 2668 2760 3016 3072 3099 3364 3535 3710
 3874 4008 4024 4583 4712 5475 5695 6256 6264 6697 6758 7190]",0.3385168478414335
"[  53  244  521  622  818 1265 1304 1329 1464 1596 1836 1866 1927 2099
 2186 2336 2377 2504 2597 2710 2754 2939 2946 3427 3434 3441 3523 3676
 3873 3937 3987 4000 4094 4431 5630 5834 6327 6621 7190 7250]",0.3330253836020459
"[ 477  521  823  881 1122 1314 1394 1513 1807 1889 1930 1968 1976 2012
 2305 2456 2568 2578 2611 2620 2874 3099 3136 3444 3503 3534 3636 3794
 3805 4132 4166 4195 4210 4294 4572 5192 5975 6482 6688 7048]",0.3397500425783451
"[ 177  449  485  527  753  978 1022 1175 1327 1518 1622 1674 2024 2038
 2082 2119 2287 2460 2580 2591 2757 2786 2954 3011 3433 3444 3595 3603
 3854 3918 3937 4158 4338 4432 4708 6117 6196 6753 6831 7121]",0.33628328956358006
"[ 404  450  460  694  945 1025 1033 1115 1518 1537 1599 1622 1856 2017
 2103 2117 2166 2252 2364 2516 2567 2624 2758 2806 2938 2956 3211 3374
 3463 3718 3739 4061 4081 4558 4571 6048 6688 6766 7037 7263]",0.36646306277475715
"[ 319  334  591  831 1102 1237 1403 1608 1672 1796 1859 1903 2091 2124
 2172 2181 2433 2661 2695 2883 2928 3034 3083 3358 3376 3420 3650 3812
 3841 3890 3998 4014 4202 4291 5554 6044 6614 6695 7109 7399]",0.3225875431972786
"[ 248  306  620  668  874  915 1031 1165 1192 1395 1528 1687 1734 1979
 2036 2170 2222 2284 2301 2471 2591 2718 2833 2867 2888 3067 3381 3441
 3535 3554 3716 3884 3921 4019 4366 4425 5908 6549 6981 7257]",0.31007467000980843
"[ 487  522  671  903 1018 1106 1264 1452 1469 1760 1859 1940 1956 2121
 2327 2354 2443 2450 2690 2717 2939 3088 3166 3436 3492 3571 3587 3811
 3931 3985 4436 4482 4571 5487 5621 6187 6553 6617 7121 7255]",0.36761540112701296
"[ 316  332  448  558  905 1165 1244 1254 1442 1474 1663 1820 1972 2002
 2303 2366 2496 2671 2761 2938 3002 3137 3169 3441 3576 3591 3708 3883
 4006 4068 4159 4190 4482 4498 4508 6120 6252 6832 7037 7400]",0.3212488201013699
"[ 245  616  624  805  958 1195 1321 1446 1526 1543 1763 1963 2085 2098
 2215 2256 2507 2593 2690 2710 2818 2870 3003 3230 3281 3508 3590 3669
 3856 3913 4077 4276 4367 4573 4850 6196 6330 6834 7180 7332]",0.3383639417456262
"[ 176  334  630  672  764  873 1124 1393 1443 1457 1472 1763 1876 1892
 2145 2168 2253 2262 2505 2566 2588 2760 2809 2938 3344 3355 3445 3452
 3509 3746 3775 3943 4077 4210 4574 6116 6547 6837 7252 7330]",0.36407899075783934
"[ 401  521  692  745 1194 1301 1324 1379 1387 1544 1785 2008 2026 2040
 2121 2285 2575 2741 2868 2876 2897 3173 3208 3429 3509 3592 3698 3918
 3954 4080 4144 4303 4337 4646 5275 6047 6552 6687 7121 7325]",0.35098938566968274
"[ 449  483  672  759  981 1166 1176 1256 1619 1806 1824 1856 1955 2005
 2191 2246 2255 2519 2567 2576 2883 3017 3032 3043 3210 3294 3342 3516
 3643 3668 3703 4064 4223 4426 5404 5907 6547 6682 7049 7179]",0.3537032681555409
"[ 559  600  663  682  836 1161 1247 1310 1326 1878 1886 1904 1929 1966
 2154 2359 2520 2622 2682 2719 2854 3083 3096 3358 3445 3630 3650 3746
 3808 3943 4148 4485 4715 5616 5915 6117 6622 6682 7181 7473]",0.33320768521585264
"[ 268  517  597  698  819  832 1110 1335 1381 1514 1749 1906 1949 2099
 2111 2142 2369 2473 2531 2732 2788 3230 3240 3292 3350 3642 3740 3862
 3911 3940 4135 4355 4438 4553 5557 6122 6615 6836 7110 7400]",0.3376770490960698
"[ 479  519  742  900  964 1052 1241 1612 1660 1691 1888 1936 2094 2121
 2185 2229 2282 2390 2432 2659 2682 2782 2834 2863 2950 3420 3434 3444
 3532 3594 4148 4157 4779 5122 5834 6256 6824 6831 7051 7400]",0.333130822246928
"[ 413  476  530  592  969 1029 1054 1301 1391 1470 1621 1666 1886 1930
 2042 2155 2457 2472 2575 2591 2764 2819 2924 2939 3312 3501 3535 3565
 3661 3724 3881 4001 4205 4230 4501 6116 6621 6825 6911 7257]",0.35289836041339645
"[ 264  319  591  741  834  968 1194 1230 1316 1591 1756 1885 1996 2034
 2046 2219 2509 2589 2692 2714 3034 3240 3293 3517 3566 3602 3793 4014
 4057 4143 4237 4435 4843 5416 5834 6342 6614 6834 7109 7333]",0.3379390936041743
"[ 248  526  552  588  823  973 1022 1053 1315 1442 1541 1676 1693 1786
 1875 2152 2185 2249 2283 2306 2759 2855 2869 3075 3097 3374 3464 3559
 3566 3576 4056 4071 4087 4292 4491 6046 6553 6687 7183 7191]",0.33515517127402467
"[ 378  621  672 1018 1107 1121 1185 1528 1622 1659 1757 1864 2176 2236
 2260 2439 2497 2598 2803 3069 3167 3362 3372 3464 3491 3555 3812 3852
 3936 4299 4713 4844 5336 5834 5844 6256 6617 6766 7036 7329]",0.31696265124187517
"[ 387  521  618  954  963 1056 1232 1261 1526 1804 1833 1890 1897 1926
 2024 2290 2331 2512 2537 2590 2598 2640 3150 3229 3308 3352 3643 3650
 3674 4095 4133 4145 4154 4567 5345 6119 6679 6833 7195 7324]",0.34005019061265906
"[ 529  623  826  877 1118 1170 1519 1604 1686 1786 1867 1964 2020 2189
 2359 2515 2522 2672 2694 2750 2900 2932 2995 3011 3244 3445 3505 3565
 3626 3739 3747 3943 4220 4275 5487 5836 6258 6910 7183 7332]",0.3218089575014703
"[  51  414  802  811  831  891 1121 1324 1457 1589 1716 1977 2038 2146
 2169 2352 2367 2447 2672 2785 2797 2826 2836 3232 3239 3364 3422 3461
 3784 3942 3954 4133 4219 4267 4778 5554 6193 6328 6972 7121]",0.3401755630456776
"[ 559  671  806  972 1033 1055 1301 1308 1332 1467 1741 1762 1856 2040
 2219 2306 2424 2529 2543 2621 2649 2925 2940 3287 3306 3582 3669 3783
 3959 4076 4133 4158 4550 4573 6259 6410 6825 6904 7326 7334]",0.3291027715304725
"[ 247  596  832  984 1172 1371 1462 1473 1736 1906 1956 2112 2225 2284
 2375 2403 2461 2647 2725 2736 2766 2996 3104 3219 3239 3510 3517 3567
 3628 3676 3858 4008 4024 4086 4271 4507 6615 6622 7110 7401]",0.3366947807473156
"[ 411  454  543  891  948 1050 1169 1255 1659 1835 1893 2096 2223 2256
 2265 2283 2373 2390 2645 2807 2897 2941 3067 3075 3168 3374 3602 3637
 3861 3869 4024 4135 4268 4362 5630 6048 6412 6680 6971 7050]",0.34106301572270686
"[ 332  388  592  622  820  900 1053 1169 1394 1443 1622 1672 1716 1735
 1757 1892 1941 2236 2253 2427 2580 2603 2658 2683 2857 3150 3170 3234
 3566 3650 3801 3811 4204 4223 4353 4573 6625 6688 7179 7260]",0.3328058561924474
"[ 332  380  602  623  701  753 1022 1121 1174 1371 1611 1764 1857 1869
 1880 1958 2041 2219 2319 2373 2544 2649 2710 2733 2766 3222 3308 3354
 3514 3989 4006 4014 4141 4639 5334 5978 6481 6543 7038 7399]",0.33596144516981086
"[ 309  472  551  747  804  811  983 1188 1388 1691 1716 1731 1880 1888
 2113 2149 2264 2353 2387 2589 2645 2763 2820 2939 3024 3145 3422 3509
 3784 3801 3881 4006 4134 4367 4572 6046 6757 6835 7333 7466]",0.3661743458611477
"[ 178  269  332  669  733  832 1054 1102 1181 1443 1543 1592 1749 1941
 1973 2069 2099 2234 2321 2362 2783 2870 2877 3146 3279 3308 3583 3603
 3717 3880 4062 4077 4353 4368 4573 5060 6046 6621 6899 7401]",0.33865054418982776
"[ 124  387  472  692  699  735  888 1185 1309 1389 1443 1807 1825 1834
 1930 1940 2099 2324 2511 2646 2661 2812 2829 3147 3156 3310 3561 3712
 3731 3953 4006 4205 4212 4573 4708 6474 6485 6835 7112 7334]",0.32969793090187294
"[ 381  391  404  414  914 1024 1120 1325 1531 1622 1726 1735 2032 2040
 2069 2291 2330 2371 2527 2591 2752 2765 2868 2996 3231 3288 3579 3592
 3604 3781 3953 4083 4275 4433 5837 5987 6551 6754 7252 7260]",0.32957732716687393
"[ 193  458  592  623  825 1029 1121 1443 1463 1613 1621 1665 1716 1957
 2082 2111 2162 2190 2214 2504 2522 2611 2761 2889 2995 3011 3024 3302
 3645 3775 3804 3812 3867 4414 4437 4499 6259 6694 7037 7190]",0.330126213358339
"[ 473  810  895  912  975 1231 1385 1396 1477 1663 1891 1998 2026 2220
 2229 2322 2330 2520 2695 2716 2828 2870 2882 3106 3231 3354 3453 3560
 3577 3727 3745 3990 4023 4142 4364 4480 5837 6400 6760 7261]",0.3222481934101392
"[ 411  670  682  729  978 1242 1298 1462 1589 1611 1692 1795 1812 2070
 2103 2226 2253 2308 2474 2598 2789 2836 2868 2947 3096 3280 3319 3359
 3592 3793 4053 4159 4204 4293 4357 5977 6546 6624 7123 7253]",0.31089329705299923
"[ 475  525  630  873  897  906 1102 1376 1398 1764 1807 1965 2001 2079
 2099 2333 2396 2515 2554 2579 2640 2817 2897 2948 3142 3291 3415 3447
 3739 3927 4005 4060 4085 4497 5336 5700 6403 6410 6967 7119]",0.34040555907930914
"[ 316  376  551  886  914 1181 1264 1306 1612 1672 1807 1935 1977 2069
 2105 2157 2167 2543 2576 2637 2656 3016 3146 3242 3351 3659 3711 3721
 3738 3745 4141 4205 4269 4636 4715 5056 5973 6754 6906 7251]",0.3273129637838441
"[ 599  620  698  824  946 1189 1443 1526 1677 1762 1926 1943 2146 2242
 2265 2304 2320 2329 2652 2786 2803 2966 3029 3136 3150 3285 3303 3605
 3719 3844 4025 4140 4292 4483 5260 5837 6258 6548 6753 7257]",0.3294430606278934
"[ 387  592  623  886 1107 1230 1260 1522 1538 1673 1836 1856 1936 2038
 2306 2336 2386 2440 2500 2825 2937 3020 3211 3368 3382 3460 3711 3718
 3868 3959 4131 4289 4424 5336 5414 5978 6475 6751 6981 7395]",0.34200642434522044
"[ 475  607  669  695 1029 1040 1189 1235 1390 1595 1690 1821 2025 2211
 2221 2260 2319 2447 2610 2643 2653 2832 3023 3211 3219 3368 3535 3708
 3741 3860 3875 4275 4574 4916 5479 6191 6761 7107 7121 7471]",0.3465006895304476
"[ 248  267  401  525  749  837  916 1159 1241 1250 1258 1969 2070 2079
 2118 2164 2171 2465 2483 2500 2760 2811 2871 3001 3310 3420 3641 3719
 3803 3812 4152 4204 4480 4644 5416 6116 6342 6826 6839 7257]",0.3250960537606844
"[ 248  410  525  759  823  887  980 1091 1469 1480 1530 1733 1858 1936
 1972 2250 2265 2454 2505 2516 2567 2755 2767 2953 3013 3066 3288 3374
 3463 3721 3783 3952 4084 4143 4643 5335 6120 6759 6837 7259]",0.3395515764918334
"[ 267  306  315  558 1025 1042 1050 1315 1372 1480 1675 1859 1969 2023
 2050 2151 2172 2566 2625 2724 2744 2788 2808 2828 3065 3298 3357 3520
 3705 3746 3940 4004 4206 4572 5192 6053 6258 6829 6836 7400]",0.31465434975113593
"[ 246  548  667  772  821 1050 1232 1243 1463 1612 1695 1805 1962 1972
 2073 2167 2404 2508 2515 2608 2743 2785 3163 3225 3358 3384 3606 3718
 3730 3919 4024 4150 4485 4568 5835 6325 6616 6908 7111 7402]",0.33155903984711405
"[ 486  533  547  734 1033 1045 1055 1228 1381 1463 1831 1877 1940 1962
 2026 2213 2253 2573 2621 2755 2799 2882 3031 3141 3364 3533 3561 3584
 3733 3811 4004 4056 4068 4083 4571 6053 6469 6907 6969 7329]",0.32122194515539815
"[ 668  732  762  914 1033 1263 1309 1397 1530 1786 1799 1880 2029 2149
 2180 2334 2354 2371 2520 2787 2813 3018 3107 3147 3207 3582 3603 3781
 3859 3953 4266 4361 4783 5405 5770 6186 6761 6966 7052 7400]",0.332131259293547
"[ 414  593  617  749 1054 1096 1231 1249 1330 1622 1891 1949 2080 2143
 2254 2445 2620 2650 2671 2709 2735 3011 3041 3168 3213 3303 3417 3599
 3643 3707 3796 3948 4363 5336 6046 6127 6759 6767 7179 7189]",0.3270222446089042
"[ 387  477  682  699  876 1171 1255 1264 1518 1765 1859 1937 1950 2029
 2042 2355 2402 2651 2671 2694 2715 2874 3151 3282 3385 3441 3519 3714
 3955 4010 4017 4057 4277 4568 4698 5336 6047 6616 6767 7257]",0.3465521946962035
"[ 482  743  759  805  844 1325 1336 1388 1727 1735 1755 1906 2026 2231
 2283 2323 2362 2600 2621 2662 3067 3147 3169 3247 3518 3554 3650 3704
 3783 3955 4203 4365 4372 4409 4499 6117 6684 6693 7179 7191]",0.3288571161212844
"[ 267  462  597  731  753  770  834 1238 1395 1514 1544 1834 2102 2144
 2181 2308 2366 2472 2658 2832 2925 2953 3003 3294 3385 3445 3497 3919
 3936 3947 3954 4069 4336 4437 4643 5836 6553 6687 7108 7263]",0.34637375379862756
"[ 311  334  589  843  887  896 1260 1318 1446 1750 1759 1880 1998 2225
 2246 2264 2324 2359 2374 2719 2739 2873 3105 3138 3221 3308 3416 3668
 3711 4006 4014 4553 4781 5272 5976 6252 6473 6906 7251 7402]",0.3152727902175785
"[ 248  476  739  913  960  974 1016 1376 1470 1534 1807 1929 1941 1956
 1976 2040 2246 2361 2483 2520 2684 2710 2796 2811 3213 3227 3305 3596
 3719 3726 4057 4069 4365 4500 5334 5977 6477 6753 7051 7255]",0.3450347826443195
"[ 334  592  694  886  964 1188 1301 1379 1409 1466 1886 1971 2073 2082
 2248 2378 2442 2473 2670 2765 2783 2875 3080 3104 3239 3353 3783 3795
 3812 4086 4132 4143 4575 4621 6048 6484 6687 6977 7109 7472]",0.3624029377062109
"[ 249  522  544  961 1045 1124 1229 1237 1457 1536 1723 1786 1952 2032
 2040 2287 2330 2371 2479 2739 2803 2896 2935 3069 3169 3519 3636 3643
 3654 3816 3880 4206 4291 4637 5416 5974 6759 6766 7250 7401]",0.3419682456970954
"[ 268  314  473  764  812  874  892 1310 1391 1409 1540 1660 1885 1907
 2082 2141 2185 2245 2379 2576 2739 2766 2854 2871 3149 3177 3240 3304
 3626 3651 3781 3884 4012 4144 4645 5336 5905 6684 6980 7325]",0.33706538363283634
"[ 319  481  663  812  824 1045 1055 1173 1298 1308 1467 1477 1786 1807
 1869 1958 1976 2254 2286 2509 2520 2527 2689 2929 3009 3106 3375 3382
 3577 3854 4022 4290 4553 4568 6047 6410 6688 6909 7187 7250]",0.35647229700563693
"[ 307  331  554  598  876  914 1031 1042 1049 1532 1545 1729 1858 1909
 2007 2032 2090 2255 2498 2527 2576 2623 3013 3039 3173 3216 3420 3516
 3650 3675 4068 4086 4132 4288 4850 5486 6331 6338 6967 7047]",0.32629562599561746
"[ 123  453  691  911 1021 1030 1109 1406 1612 1671 1798 1926 1962 2114
 2363 2427 2449 2528 2685 2726 2765 2858 3016 3029 3355 3366 3517 3715
 3739 3746 3864 4132 4212 4296 4643 4770 6117 6618 7193 7256]",0.3438640338748048
"[ 199  237  388  688  730  772 1121 1173 1237 1513 1538 1809 1901 2050
 2072 2080 2102 2301 2577 2610 2638 2690 2879 3013 3142 3240 3559 3576
 3711 3816 4006 4131 4156 4506 4831 5973 6622 6681 7178 7190]",0.3185166889901734
"[ 122  537  590  672  765  846 1037 1088 1115 1166 1596 1887 1941 1973
 2037 2069 2303 2549 2684 2714 2803 2864 3100 3374 3423 3505 3605 3795
 3883 3924 4057 4158 4290 5406 5701 6120 6469 6910 7038 7045]",0.33871133754325256
"[ 331  339  522  676  954  980 1113 1442 1454 1676 1834 1928 1967 2150
 2233 2600 2642 2690 2725 2754 2803 3166 3175 3211 3291 3535 3699 3724
 3785 3802 4024 4049 4501 5265 5979 6553 6617 7035 7192 7395]",0.3494284664041704
"[ 474  481  601  876  913 1039 1048 1102 1544 1737 1801 1820 1904 1929
 2334 2363 2390 2445 2610 2625 2638 2860 3014 3021 3099 3210 3434 3640
 3731 3955 3982 4070 4205 4368 4637 4715 6191 6690 6895 7401]",0.325076895518039
"[ 123  248  690  809 1032 1306 1328 1336 1605 1717 1837 1867 2101 2110
 2354 2445 2508 2596 2694 2897 2939 2995 3003 3018 3170 3437 3589 3629
 3714 3739 4064 4076 4300 4425 4484 4575 4922 6473 6764 7180]",0.34909698619062224
"[ 412  688  880  894 1029 1048 1369 1519 1538 1762 1884 1997 2153 2251
 2258 2427 2586 2593 2622 2672 2754 3006 3159 3210 3308 3533 3577 3705
 3712 3954 4087 4351 4433 4481 5979 6328 6555 6690 7050 7325]",0.3620304002354496
"[ 341  378  701  740  748  762  945  968 1454 1534 1612 1622 1802 1936
 2118 2304 2321 2356 2456 2510 2827 2940 2948 3066 3073 3380 3440 3464
 3564 3644 3883 4004 4276 4501 6047 6129 6690 6980 7110 7471]",0.33308761565907496
"[ 521  700  952  961  973 1300 1407 1683 1743 1806 1908 1928 1938 2185
 2377 2390 2432 2638 2655 2832 2950 2958 3075 3154 3208 3574 3735 3744
 3769 3923 4005 4303 4409 4416 4567 6049 6613 6691 7113 7121]",0.3217889701626423
"[ 307  623  808  886  970  986 1331 1442 1591 1674 1858 2038 2084 2118
 2168 2289 2445 2483 2567 2580 2745 2805 2830 3067 3077 3311 3583 3714
 3812 4086 4134 4195 4291 4703 5336 5982 6403 6904 6968 7401]",0.34513466328145675
"[ 247  340  690  809  819 1050 1303 1392 1524 1543 1692 2069 2080 2160
 2168 2181 2260 2638 2662 2691 2716 2939 2953 3159 3175 3210 3520 3712
 3724 3740 3776 4085 4267 4424 4644 5414 6048 6484 6544 6905]",0.362013699589363
"[ 672  735  764  896 1242 1264 1464 1586 1737 1756 1763 2007 2104 2212
 2256 2308 2509 2602 2710 2826 3013 3164 3208 3287 3533 3584 3855 4053
 4076 4091 4204 4225 4550 4573 5477 5976 6613 6622 7108 7260]",0.33153430877094736
"[ 482  592  601  824  913 1022 1171 1370 1408 1467 1520 1744 1859 1906
 2080 2231 2245 2255 2637 2652 2661 2758 2858 3150 3356 3522 3650 3705
 3746 3855 3952 4014 4419 4430 6045 6199 6611 6620 7111 7120]",0.34296333008936986
"[ 691  701  732  745 1164 1262 1322 1384 1514 1830 1857 1864 1945 1959
 2179 2473 2501 2591 2654 2764 2953 2996 3147 3444 3714 3738 3746 3915
 3935 4084 4337 4642 4847 5616 5767 6258 6621 7051 7108 7186]",0.32946341091871123
"[ 123  380  544  601  908  947 1096 1179 1469 1622 1796 1808 2028 2213
 2259 2300 2323 2593 2647 2765 2818 2943 2995 3364 3453 3565 3674 3726
 3786 4024 4055 4062 4645 4708 5834 6333 6753 6833 7322 7333]",0.3227202183386453
"[ 332  661  742  843  899  977 1034 1231 1309 1399 1534 1689 1731 1967
 2066 2095 2191 2300 2389 2576 2660 2684 2708 2764 2882 3138 3291 3511
 3639 3731 3812 4147 4204 4715 5977 6337 6540 6834 7038 7330]",0.35114647025445356
"[ 483  592  599  682  983 1044 1304 1528 1545 1717 1750 1765 2099 2149
 2255 2334 2390 2497 2587 2718 2832 2877 3081 3100 3108 3140 3441 3522
 3576 3674 4154 4205 4431 4554 4845 5403 6047 6758 6978 7328]",0.3504418392229639
"[ 246  265  376  696  759  890  952 1263 1300 1324 1530 1787 1832 2099
 2161 2218 2252 2438 2592 2622 2640 2756 3022 3029 3084 3213 3434 3603
 3659 3844 3933 4204 4224 4500 4621 4916 6115 6552 6756 7190]",0.3354620516941056
"[ 124  450  473  485  906  950 1028 1037 1299 1407 1469 1520 1673 2110
 2118 2147 2154 2171 2520 2566 2623 2648 2669 2998 3010 3029 3161 3288
 3627 3663 3796 3889 4210 4291 4762 5976 6692 6896 7052 7256]",0.3304162012636433
"[ 264  592  743  765  823 1090 1242 1255 1265 1686 1786 1835 1948 2008
 2097 2107 2282 2439 2517 2602 2619 2643 2754 3005 3013 3307 3351 3415
 3435 3711 3745 3872 4057 4290 4553 6050 6470 6760 7121 7179]",0.3525217144126769
"[ 321  385  615  764  771  876 1102 1260 1393 1443 1594 1691 1887 2013
 2093 2187 2266 2432 2515 2535 2594 2688 2710 3080 3087 3104 3214 3451
 3563 3574 3724 3881 4431 4624 4635 6328 6482 6981 7039 7401]",0.3410848750565992
"[ 390  411  596  751 1018 1044 1172 1264 1538 1744 1763 1878 2010 2174
 2213 2257 2578 2592 2622 2713 2870 2959 2966 3219 3283 3440 3518 3668
 3784 4206 4222 4237 4407 4780 5345 5908 6825 6906 7323 7401]",0.3362970570731745
"[ 552  599  752  805  915 1169 1257 1519 1673 1828 1856 1866 1907 2023
 2086 2250 2329 2508 2590 2782 2903 3022 3077 3084 3423 3573 3582 3661
 3745 3773 4095 4278 4362 4483 5192 6330 6479 6901 7050 7251]",0.3404304371075065
"[ 265  304  458  876  907 1035 1373 1384 1399 1408 1677 1805 1865 1975
 2226 2324 2380 2529 2551 2567 2576 2939 3017 3137 3312 3500 3604 3650
 3730 4024 4132 4139 4148 4554 6117 6610 6695 6830 7180 7331]",0.35119684298268794
"[ 545  553  595  602  984 1118 1173 1300 1307 1324 1742 1762 1800 1859
 2102 2161 2181 2220 2259 2521 2691 2710 2941 3020 3027 3145 3280 3436
 3515 3679 3741 4016 4205 4285 4292 5336 5345 6331 6973 7108]",0.34475668841751284
"[ 248  383  683  733 1050 1113 1242 1446 1617 1818 1837 1866 1882 1930
 2109 2303 2438 2639 2684 2788 2874 2883 2937 3138 3376 3430 3628 3739
 3793 3996 4160 4343 4714 5616 6046 6272 6549 7122 7251 7400]",0.3409165123607782
"[ 315  544  822  840  886 1161 1319 1410 1474 1666 1856 2007 2034 2050
 2096 2112 2373 2472 2572 2598 2764 2939 3018 3281 3343 3380 3462 3512
 3571 3812 3874 3934 4132 4337 4368 4499 4917 6259 6829 7121]",0.34030422100267976
"[ 598  835  897  913 1227 1239 1331 1392 1661 1837 1936 2170 2248 2256
 2284 2374 2508 2740 2938 3017 3072 3170 3486 3510 3534 3564 3669 3714
 3800 4078 4164 4205 4368 4552 4573 6119 6468 6695 6901 7191]",0.3373946214710217
"[ 452  474  530 1034 1120 1232 1469 1533 1597 1622 1800 1859 1969 2104
 2160 2167 2259 2359 2579 2599 2637 2660 2764 2828 2998 3227 3235 3428
 3561 3577 3801 3953 3999 4055 4062 4503 6117 6761 7109 7262]",0.32199838331760355
"[ 199  248  619  741  805  841 1119 1172 1180 1442 1664 1749 1765 1884
 1999 2254 2314 2361 2442 2621 2664 2745 2931 3081 3371 3491 3591 3786
 3888 3939 4022 4062 4508 4638 5345 5403 6048 6409 6900 7191]",0.32043755421823816
"[ 195  391  667  768  829  959 1302 1324 1408 1452 1684 1819 2079 2169
 2179 2189 2233 2285 2553 2576 2797 2827 2946 3067 3217 3385 3535 3661
 3773 3793 3927 4024 4204 4366 4407 4572 5336 6262 6609 6902]",0.34300103951424055
"[ 313  335  534  556  804  811 1044 1106 1123 1312 1370 1614 1716 1906
 1963 2093 2157 2183 2289 2405 2566 2589 2900 2939 3023 3140 3445 3579
 3604 3640 3702 3882 3945 4080 4414 4502 5417 6400 6908 6972]",0.3504382591759626
"[ 307  403  693  810  873 1053 1104 1395 1473 1665 1673 1727 1764 2069
 2113 2160 2220 2403 2456 2710 2724 2823 2945 3169 3281 3290 3590 3650
 3745 3951 4072 4080 4133 5474 5486 6049 6471 6620 7039 7192]",0.3574596637270769
"[ 335  390  453  842  894  901  950 1192 1538 1596 1691 1799 1859 2098
 2181 2188 2364 2376 2498 2554 2740 2826 2930 2940 3230 3237 3350 3458
 3578 3783 3940 4144 4204 4338 4507 5335 6330 6762 6896 7258]",0.32771447783626073
"[ 315  543  737  763  815  893  913 1234 1256 1674 1688 1734 1864 1894
 2094 2141 2186 2371 2483 2592 2688 2743 2791 2893 2942 2995 3436 3588
 3711 3951 4008 4118 4141 4204 4502 4772 6116 6760 7108 7190]",0.3529899250138291
"[ 458  553  591  682 1028 1121 1234 1467 1691 1815 1866 1945 2040 2121
 2175 2237 2432 2613 2638 2659 2695 2812 3070 3291 3303 3311 3533 3635
 3722 3928 3951 4013 4349 4503 4917 5336 5905 6897 6904 7401]",0.3440256917818368
"[ 265  523  762  814  914 1110 1330 1444 1530 1622 1665 1828 1938 1960
 2142 2188 2229 2337 2457 2647 2711 2798 2826 2947 3147 3310 3425 3437
 3670 3846 3873 4140 4151 4345 4643 5060 5974 6476 6826 7261]",0.3378217521190463
"[ 306  455  472  556  832  892  953  986 1263 1458 1608 1764 1798 2041
 2144 2165 2390 2471 2483 2651 2710 2806 2903 3083 3289 3310 3535 3726
 3804 3841 3929 4206 4292 4338 4641 6117 6414 6617 7038 7191]",0.3154502996236779
"[ 319  450  544  764 1091 1124 1175 1185 1593 1683 1787 2012 2090 2097
 2121 2175 2591 2611 2640 2650 2955 3084 3358 3447 3634 3650 3745 3854
 3977 4158 4204 4219 4338 5406 5630 6117 6269 6755 6763 7260]",0.3477540958466873
"[ 340  472  591  598  762  911 1032 1164 1394 1403 1765 1807 1858 1893
 2011 2099 2113 2304 2426 2576 2610 2762 2944 3008 3239 3282 3576 3655
 3669 3703 4015 4134 4482 4496 4503 5906 6404 6901 7179 7192]",0.34960618209840755
"[ 248  591  694  829  845  886 1236 1331 1596 1678 1691 1730 1936 2041
 2435 2496 2524 2551 2613 2869 2927 3089 3429 3451 3535 3563 3860 3868
 4050 4097 4133 4299 4358 4707 5474 5908 6469 6623 6829 7330]",0.3154397656893398
"[ 384  462  548  822  841  954 1018 1318 1472 1662 1678 1906 1936 2140
 2167 2325 2438 2572 2587 2688 2738 3002 3033 3227 3362 3447 3568 3669
 3840 3998 4007 4014 4132 4499 4553 6259 6680 6837 7040 7472]",0.33059654245622233
"[ 248  333  661  670  764 1177 1305 1333 1454 1748 1944 1976 2069 2182
 2220 2304 2315 2474 2650 2764 2924 2940 3019 3036 3146 3242 3509 3564
 3730 3786 4061 4096 4150 4409 4423 5846 5905 6615 6908 7255]",0.3408441532880075
"[ 593  744  760  838 1106 1376 1401 1456 1621 1951 1960 2073 2086 2109
 2259 2446 2456 2568 2577 2620 2826 2877 2998 3010 3104 3237 3372 3497
 3601 3933 3945 4132 4502 4780 5975 6549 6684 7122 7179 7186]",0.34309395936547693
"[ 334  377  486  597  891  986 1121 1165 1184 1530 1621 1756 1937 1950
 2029 2186 2359 2438 2463 2590 2692 2740 2827 2940 2994 3217 3439 3446
 3492 3673 4023 4078 4140 4298 4573 6116 6688 6767 7108 7333]",0.3352429098680055
"[ 621  700  739  749  899 1121 1317 1381 1442 1609 1829 1856 2031 2093
 2153 2475 2568 2588 2723 2879 3000 3170 3375 3431 3492 3746 4001 4015
 4022 4133 4431 4705 5335 6116 6194 6751 6758 7051 7252 7401]",0.3335554531539347
"[ 522  608  690  843  886 1019 1121 1178 1592 1615 1795 1925 1963 2026
 2119 2183 2512 2566 2576 2738 2746 2831 2998 3012 3218 3375 3652 3674
 3774 3948 4141 4275 4480 4503 4636 5976 6617 6766 7179 7262]",0.34773986770957754
"[ 460  482  543  592 1027 1039 1259 1267 1317 1443 1716 1902 1956 2020
 2151 2252 2441 2450 2499 2755 2764 2882 2889 2944 3139 3359 3452 3587
 3709 3812 4079 4301 4483 4496 5700 6044 6336 6697 6754 7400]",0.2907087621367172
"[ 411  462  525  544  912 1029 1228 1250 1401 1727 1817 1904 1925 1951
 2220 2322 2406 2443 2638 2739 2939 3003 3017 3138 3311 3438 3517 3634
 3999 4077 4205 4482 4507 4569 5903 6478 6540 6976 7109 7472]",0.3411783465207321
"[ 176  473  597  768  875 1035 1118 1385 1590 1821 1832 1857 1936 2095
 2252 2298 2331 2428 2658 2812 2826 3145 3157 3351 3451 3505 3812 3855
 3944 4006 4204 4436 4553 4637 4900 6117 6485 6902 7122 7179]",0.3479153974244063
"[ 248  479  524  886 1035 1121 1445 1543 1740 1763 1928 1935 2033 2256
 2371 2529 2577 2661 2688 2925 3008 3096 3246 3441 3504 3590 3708 3811
 3937 4070 4338 4430 4437 4699 5700 6257 6690 6839 7252 7261]",0.3366948369883098
"[ 459  624  663  687  892 1095 1121 1397 1441 1602 1622 1944 2078 2096
 2112 2212 2245 2591 2648 2692 2812 2821 3011 3070 3372 3554 3568 3592
 3650 3812 3999 4128 4229 4277 4646 5987 6259 6481 6900 7191]",0.31718424299299736
"[ 248  340  520  598  899  983 1015 1103 1514 1521 1541 1550 1743 1859
 2083 2103 2186 2356 2515 2760 3002 3012 3104 3233 3422 3668 3712 3722
 3802 3983 4215 4236 4278 4293 4699 6048 6620 6823 7190 7323]",0.3247699104268141
"[ 519  528  763  772 1179 1240 1474 1515 1959 1978 2018 2039 2080 2215
 2576 2600 2662 2692 2755 2782 2868 3101 3145 3437 3518 3533 3639 3881
 3933 4015 4050 4130 4293 4353 4480 5335 6262 6832 7179 7330]",0.3566274897217947
"[ 194  454  554  874  887  902 1336 1375 1396 1602 1827 1909 1962 2070
 2078 2090 2258 2393 2456 2572 2590 2724 2889 3213 3239 3293 3604 3725
 3785 4024 4062 4075 4195 4437 4850 5837 6541 6832 7402 7466]",0.32477148364617175
"[ 527  552  590  747  828  842 1024 1190 1299 1323 1523 1832 1893 2014
 2027 2070 2265 2324 2508 2586 2668 2761 2784 2892 3007 3236 3297 3416
 3671 3707 3719 4068 4086 4571 5976 6611 6619 7123 7250 7329]",0.33247837761174426
"[ 384  518  544  623  674  983 1021 1037 1045 1172 1533 1590 1765 1828
 1926 2080 2158 2170 2248 2330 2428 2519 2648 2695 2740 2868 3017 3213
 3237 3510 3783 3802 3813 4008 4132 4568 6046 6053 6760 7123]",0.33633570410335045
"[ 763  815  876  916 1038 1330 1384 1517 1605 1953 2047 2069 2105 2158
 2292 2522 2612 2622 2638 2797 2813 3068 3147 3304 3368 3461 3594 3714
 3991 4014 4024 4351 4361 4553 5841 6046 6396 6622 7112 7121]",0.3408851218368488
"[ 305  481  667  829  842  873 1173 1263 1327 1377 1787 1944 1977 2101
 2234 2251 2425 2433 2596 2759 2874 3008 3142 3382 3517 3650 3770 3783
 4014 4096 4133 4363 4713 4771 5193 5976 6197 6619 6681 7050]",0.3675109711550801
"[ 333  664  744 1049 1057 1183 1389 1515 1524 1616 1820 1836 1865 2025
 2140 2181 2225 2330 2527 2640 2726 2876 3070 3105 3222 3444 3452 3709
 3794 3883 4142 4226 4555 4573 4635 6046 6198 6546 6895 6976]",0.3231655453305008
"[ 543  743  834  842  873 1165 1179 1243 1744 1753 1832 2082 2145 2162
 2324 2550 2576 2728 2736 3032 3066 3096 3217 3229 3464 3507 3705 3803
 3811 3857 4432 4480 4489 4849 5333 6048 6547 6610 7117 7179]",0.33726360661047533
"[ 385  449  616  765  881 1101 1252 1331 1377 1673 1786 1828 1835 2023
 2175 2293 2300 2324 2353 2403 2763 2796 2875 2882 2929 3364 3445 3491
 3498 3741 3933 4084 4207 4641 5263 5345 6193 6692 7179 7188]",0.35664578910431943
"[ 268  462  831  876  883  980 1245 1401 1480 1535 1591 2025 2071 2089
 2112 2119 2221 2457 2550 2566 2754 2948 3003 3011 3170 3279 3442 3557
 3576 3663 4024 4068 4339 4367 4570 6129 6188 6621 7107 7330]",0.3179359172434618
"[ 384  463  554  760 1121 1162 1172 1321 1470 1743 1763 1941 1963 1997
 2041 2264 2301 2495 2506 2593 2600 2758 2798 2837 2999 3090 3436 3557
 3570 3605 3666 3729 4063 4713 5336 5701 5977 6477 6969 7120]",0.32425862821747714
"[ 269  451  742  760  845 1016 1050 1109 1172 1446 1546 1737 1943 2033
 2043 2217 2380 2476 2483 2529 2637 2826 2870 2877 2927 3076 3103 3238
 3635 3715 3727 3740 4132 4288 4482 6188 6618 6767 7036 7117]",0.3174782170534062
"[ 248  332  735  823  901  910 1172 1307 1480 1604 1684 1786 1869 2089
 2118 2170 2182 2283 2366 2586 2612 2692 3072 3087 3095 3293 3517 3634
 3671 3679 3859 4014 4133 4267 4646 5976 6474 6837 7113 7334]",0.33906582172685107
"[ 266  384  730  752  763  841  953 1112 1303 1402 1459 1872 1980 1997
 2031 2095 2149 2253 2590 2641 2649 2760 3010 3236 3370 3430 3636 3747
 3802 3951 4005 4337 4435 4783 6116 6693 6828 7125 7189 7466]",0.3413244442137573
"[ 313  473  673  764  773  803  893 1301 1390 1409 1540 1591 1928 1958
 2183 2261 2304 2359 2509 2696 2740 2804 3008 3170 3209 3439 3519 3555
 3675 3712 4005 4062 4295 4411 4573 5700 5903 6263 6758 7191]",0.33721979474868713
"[ 248  520  691  881  891 1056 1191 1323 1371 1528 1661 1691 1755 1865
 2029 2251 2259 2354 2378 2507 2693 2880 2896 2924 3010 3284 3383 3446
 3509 3715 3779 3954 4081 4275 4283 4643 5407 6332 7041 7048]",0.35845532225224747
"[ 519  601  619  773 1020 1107 1265 1541 1594 1604 1761 1869 1925 2160
 2181 2191 2287 2365 2636 2660 2669 2693 2755 2819 3169 3213 3364 3515
 3785 3951 4061 4288 4298 4482 4638 6197 6259 6760 7192 7256]",0.347090768174021
"[ 199  525  543  604  621  771 1023 1107 1114 1121 1605 1732 1857 1900
 1955 2148 2250 2264 2299 2354 2732 2747 2796 2857 2881 3440 3464 3572
 3635 3669 3800 4133 4212 4337 4361 5405 5975 6689 7054 7111]",0.3411823216962716
"[ 248  382  544  743  766  878 1173 1181 1188 1594 1692 1788 1824 2087
 2149 2166 2174 2399 2407 2654 2665 2711 3015 3208 3219 3307 3607 3653
 3881 3927 3943 4277 4303 4339 4574 6263 6398 6412 7038 7120]",0.34090003982509753
"[ 318  593  829  887 1090 1120 1251 1457 1619 1645 1661 1896 2100 2232
 2258 2364 2391 2498 2623 2806 2938 2955 3066 3247 3288 3369 3377 3745
 3847 3931 3949 4080 4349 4573 5346 6190 6683 6762 7180 7261]",0.3468686719491537
"[ 453  746  771  803  834 1095 1332 1460 1609 1692 1717 1803 1956 2081
 2210 2246 2259 2376 2576 2623 2869 3067 3103 3289 3464 3518 3652 3855
 3953 4133 4223 4573 4637 5403 6258 6411 6752 6910 7188 7323]",0.3367939840514155
"[ 487  734  765  813  820  829 1263 1327 1391 1590 1597 1717 1975 2033
 2096 2153 2211 2324 2513 2549 2575 2738 2826 2958 3016 3072 3362 3566
 3588 3722 3881 4063 4287 4513 5123 5346 6185 6554 6971 7401]",0.335249111701587
"[ 592  618  753  812 1050 1103 1305 1467 1601 1726 1877 1927 1976 2099
 2180 2359 2368 2472 2483 2781 2807 2941 3098 3147 3211 3446 3650 3712
 3812 3819 4208 4366 4644 4695 5197 6048 6680 6688 7119 7179]",0.35718412546744654
"[ 450  460  830  842  881  944 1035 1312 1468 1480 1673 1802 2023 2108
 2146 2186 2385 2445 2566 2648 2761 2882 3013 3284 3520 3583 3704 3717
 3889 3953 4087 4338 4362 4424 5335 5836 6902 6910 7107 7401]",0.3286714851499595
"[ 335  522  673  835  895 1018 1167 1542 1665 1673 1691 1935 1999 2095
 2185 2264 2299 2320 2641 2659 2836 2882 2892 3073 3230 3423 3572 3579
 3740 3869 3983 4217 4437 4847 6117 6395 6619 6768 7252 7263]",0.3415325253648255
"[ 249  476  696  877  891 1026 1044 1394 1477 1857 1873 2040 2048 2102
 2148 2439 2450 2644 2683 2693 2869 2886 3075 3138 3308 3369 3641 3876
 3884 4061 4071 4150 4645 4779 5486 5983 6117 6477 6980 7257]",0.3313641613052052
"[ 521  670  678  827  836 1167 1245 1402 1729 1749 1950 1979 2039 2244
 2372 2401 2429 2578 2676 2735 2831 2868 3146 3165 3493 3507 3642 3727
 3745 3951 4133 4366 4429 5336 5846 5974 6481 6830 6981 7400]",0.34873681741333157
"[ 249  382  555  689  875  886 1184 1263 1317 1442 1751 1925 1949 1972
 2029 2050 2082 2358 2588 2598 2610 2764 2780 3001 3080 3088 3311 3421
 3570 3984 4006 4097 4156 4204 4498 4917 6045 6757 6839 7329]",0.3496197177858349
"[ 319  335  381  630  730  741  978 1101 1298 1327 1478 1676 1728 1809
 1925 1972 2176 2578 2622 2642 2684 2799 2877 2884 3217 3376 3488 3578
 3711 3889 3910 4024 4086 4212 4504 5905 6326 6760 7038 7262]",0.3435812868664404
"[ 387  412  545  747  808  983 1046 1246 1302 1544 1608 1665 1717 1955
 1975 2108 2287 2305 2367 2471 2596 2764 2874 3077 3211 3373 3577 3593
 3674 3923 3941 3985 4488 4504 5405 6403 6553 6901 7121 7178]",0.343748528473003
"[ 448  547  557  892  956 1050 1463 1513 1592 1690 1854 2026 2077 2084
 2246 2328 2551 2583 2782 2876 2897 3002 3030 3081 3373 3490 3606 3803
 3812 3850 3931 4081 4418 4429 5620 5840 6255 6545 7112 7190]",0.32660426425572203
"[ 319  485  523  546  824  887 1022 1048 1385 1469 1480 1716 1803 1816
 2008 2041 2094 2388 2403 2509 2659 2695 3066 3089 3219 3239 3604 3635
 3655 3810 4001 4015 4057 4362 4496 5474 6262 6411 7118 7394]",0.3013772725638467
"[ 338  531  659  758  891  909 1305 1454 1678 1689 1796 1875 1929 1956
 2176 2255 2363 2484 2593 2758 2860 2867 2924 3100 3163 3360 3533 3635
 3650 3876 3983 4134 4141 4363 5337 5345 6257 6765 7109 7330]",0.29759236948004936
"[ 248  522  825  910  953 1102 1187 1408 1464 1516 1686 1806 2007 2031
 2251 2260 2357 2579 2754 2764 2800 2923 2958 3021 3420 3429 3519 3583
 3770 3809 3818 4015 4131 4142 4575 5048 6188 6764 6897 7329]",0.3373338267329512
"[ 450  548  677  812 1174 1185 1513 1535 1545 1593 1907 1934 2025 2042
 2105 2231 2426 2436 2592 2599 2760 2942 3091 3141 3219 3242 3534 3627
 3663 3714 4009 4133 4429 4552 5337 5838 6404 6694 7250 7331]",0.34798657213486606
"[ 387  451  620  892  946 1050 1170 1254 1442 1717 1764 1815 1897 1949
 2284 2319 2328 2364 2553 2655 2804 2902 3105 3220 3240 3280 3445 3699
 3719 3852 3888 4080 4338 4428 4705 5417 6262 6970 6981 7400]",0.3415668058886939
"[ 446  487  546  671  876  892  977 1239 1394 1756 1886 1996 2010 2021
 2251 2359 2402 2649 2664 2781 2799 2954 3108 3220 3375 3385 3425 3715
 3877 3938 3955 4134 4437 4482 4642 5977 6340 6618 7122 7182]",0.3490499682631111
"[ 384  544  695  876  891 1114 1263 1313 1445 1623 1673 1681 2001 2117
 2180 2298 2521 2528 2549 2567 2576 2825 3096 3150 3210 3373 3391 3641
 3667 3705 4079 4143 4370 4639 6263 6484 6903 6983 7109 7472]",0.3249961869676794
"[ 248  623  670  825  876 1103 1117 1306 1467 1479 1859 1881 2034 2041
 2404 2435 2496 2601 2664 2727 3003 3138 3300 3435 3591 3637 3811 3843
 4000 4087 4134 4222 4482 4571 5262 5905 6480 6540 7040 7333]",0.3328285096280728
"[ 383  630  763  876 1029 1178 1515 1522 1538 1673 1691 2008 2019 2111
 2172 2334 2438 2521 2571 2756 2883 3138 3154 3217 3591 3711 3740 3771
 4010 4144 4343 4575 4847 5406 5487 6188 6625 6830 7108 7121]",0.34378279040441473
"[ 543  557  661  669  692 1193 1250 1314 1449 1471 1513 1749 1857 1906
 2098 2248 2293 2300 2326 2567 2690 2737 2868 3027 3137 3146 3517 3577
 3641 3671 3877 4011 4203 4502 6047 6325 6761 6896 7122 7399]",0.355669349902822
"[ 318  382  547 1048 1101 1228 1235 1322 1549 1612 1667 1871 2097 2258
 2289 2509 2517 2566 2606 2624 2739 3015 3103 3137 3221 3238 3516 3629
 3707 3794 3812 4205 4267 4363 4713 6116 6617 6910 7108 7400]",0.3509331091589816
"[ 691  739  822  842 1099 1254 1336 1513 1530 1833 1930 1948 2079 2174
 2252 2405 2495 2804 2887 2937 2994 3001 3445 3642 3650 3675 3703 3739
 3943 4133 4213 4293 4409 4708 6116 6337 6753 6831 6911 7401]",0.34802045152766975
"[ 550  614  672  876 1111 1121 1173 1306 1605 1685 1727 1955 2050 2175
 2185 2290 2297 2354 2660 2785 2950 2966 3170 3294 3353 3535 3714 3731
 3812 3916 4076 4226 4553 5405 5911 6116 6616 6697 7109 7259]",0.33473420627452216
"[ 248  522  692  819  898  983 1092 1259 1464 1691 1857 1941 1965 2097
 2185 2412 2475 2513 2566 2645 2825 2874 2952 3009 3067 3175 3359 3508
 3519 3673 3707 3868 4268 4361 4707 6116 6553 6901 7191 7322]",0.3658293844270496
"[ 446  597  764  828  842  888 1094 1262 1454 1534 1787 1872 1909 2163
 2170 2184 2496 2509 2621 2663 2996 3229 3247 3292 3310 3563 3570 3660
 3723 3741 4119 4158 4204 4212 4291 4708 5836 6546 7113 7192]",0.3151437554601093
"[ 337  453  460  758  842  956  963 1091 1325 1407 1592 1646 1726 1744
 1902 2066 2174 2233 2252 2432 2690 2710 2810 2940 2963 3002 3352 3523
 3587 3787 3884 4133 4159 4363 4780 4843 6398 6688 7048 7252]",0.3121714484826259
"[ 521  619  626  682  887 1115 1233 1392 1477 1669 1683 1874 1927 2046
 2080 2099 2181 2638 2659 2740 2821 2865 3156 3283 3503 3522 3586 3676
 3954 4134 4151 4160 4407 4639 5265 5345 6119 6617 7121 7251]",0.3415119882691292
"[ 317  335  700  811  902 1299 1313 1321 1334 1879 1891 2012 2169 2181
 2189 2283 2508 2643 2728 2832 2953 3284 3385 3535 3577 3729 3882 3916
 3924 4214 4230 4336 4418 4435 5335 6257 6547 6554 7041 7192]",0.32046433012356895
"[ 248  333  523  815  832  840 1179 1310 1331 1444 1675 1857 1864 1975
 2092 2181 2226 2335 2353 2529 2575 2592 2832 2853 2941 3095 3105 3352
 3362 3586 3745 3949 4134 4214 4223 6049 6255 6900 6981 7401]",0.33394012426451525
"[ 319  624  731  759  954 1055 1328 1391 1551 1866 1929 1959 2037 2092
 2189 2435 2442 2457 2591 2638 2683 2696 2929 3028 3222 3516 3534 3704
 3719 3783 3811 4014 4203 4215 4435 5836 6544 6554 7108 7401]",0.33721321369144824
"[ 338  676  739  914  970  978 1159 1173 1451 1473 1606 1800 1858 1908
 2093 2113 2176 2298 2496 2648 2826 2875 2882 3009 3070 3388 3441 3591
 3641 3916 4001 4023 4154 4413 4432 5701 6192 6686 7181 7190]",0.3483989005823547
"[ 446  483  609  666  958 1121 1185 1463 1512 1716 1764 1806 2101 2109
 2358 2507 2693 2803 2881 2967 2997 3030 3079 3440 3447 3491 3787 3955
 4013 4132 4338 4353 4361 4774 5486 5834 6184 6686 6766 7329]",0.3311678688392582
"[ 456  553  662  828  959 1121 1237 1320 1512 1613 1621 1742 1998 2113
 2153 2177 2305 2359 2653 2666 2693 2753 2925 3028 3074 3294 3305 3635
 3768 3810 4071 4130 4222 4336 5974 6626 6687 7122 7323 7472]",0.3333591400874926
"[ 339  381  605  699  757  947 1121 1178 1381 1442 1543 1889 1907 1927
 2165 2181 2226 2359 2401 2622 2658 2709 2810 2893 3008 3142 3445 3464
 3488 3576 3848 3882 4071 4079 4621 4643 6186 6757 6835 7334]",0.32490664371534006
"[ 405  456  629  820  876 1121 1170 1256 1592 1605 1616 1717 2102 2160
 2181 2189 2294 2497 2590 2671 2755 2938 2994 3001 3104 3305 3576 3674
 3737 3774 4152 4204 4216 4552 6263 6398 6760 6982 7252 7330]",0.345154779267711
"[ 333  486  605  659  764  811  828 1265 1329 1380 1458 1830 1866 1873
 1962 2026 2213 2509 2592 2618 2713 2940 3099 3209 3300 3362 3534 3590
 3711 3796 3951 4086 4218 4350 4409 4851 6472 6693 7323 7472]",0.30498839255497856
"[ 248  335  383  770  818  905 1110 1234 1312 1440 1680 1689 1884 1938
 2090 2175 2259 2287 2381 2649 2692 2784 2872 3097 3150 3493 3512 3535
 3717 3872 4056 4094 4134 4361 4708 6051 6696 6902 6966 7264]",0.340560884127569
"[ 265  523  754  886  914 1049 1231 1320 1327 1479 1521 1900 1937 1955
 2034 2260 2302 2427 2481 2537 2671 2733 2789 2868 3290 3307 3369 3412
 3491 3533 3991 4013 4023 4145 4408 4489 6187 6194 6758 7331]",0.3430208467696916
"[ 526  552  757  816  982 1089 1312 1463 1473 1693 1731 1962 2144 2186
 2238 2637 2755 2764 2797 2811 2858 2890 3291 3376 3530 3564 3784 3863
 3913 4088 4357 4436 4707 4910 5554 6127 6615 6766 7109 7258]",0.3241632622300399
"[ 383  733  761  823  915 1098 1121 1319 1376 1469 1760 1787 1953 2148
 2175 2256 2439 2483 2567 2761 2802 2810 2927 3223 3305 3455 3499 3724
 3929 4014 4022 4205 4639 4700 5192 5838 6615 6911 7109 7401]",0.3123706631979869
"[ 237  248  774  885  907 1018 1175 1254 1589 1750 2040 2071 2090 2097
 2118 2153 2461 2612 2638 2693 2788 2877 2938 3026 3209 3437 3456 3517
 3571 4007 4133 4409 4500 5617 5630 6047 6478 6754 7118 7323]",0.34942633351240887
"[ 455  558  606  691  874 1024 1104 1255 1407 1645 1737 1756 1891 2080
 2167 2187 2353 2515 2647 2664 2996 3012 3028 3374 3524 3643 3650 3703
 3746 4089 4146 4206 4409 4645 5905 6335 6830 6837 7330 7394]",0.34950116708176393
"[ 248  476  519  810  824  837  888 1258 1376 1392 1666 1692 1786 1959
 1969 2224 2259 2286 2590 2754 2855 2887 3009 3351 3385 3463 3515 3643
 3721 3876 3883 4136 4358 4437 5124 5978 6268 6681 6831 7261]",0.34337972815939755
"[ 265  319  453 1018 1041 1121 1311 1540 1731 1830 1890 2069 2153 2164
 2331 2359 2514 2597 2781 2826 2835 2890 3083 3092 3145 3582 3662 3717
 3777 3883 4207 4285 4364 4408 5480 6334 6342 6901 7054 7179]",0.3048145911053103
"[ 384  691  772  876  883 1121 1247 1256 1373 1525 1825 1864 1906 2094
 2103 2224 2401 2428 2479 2662 2669 2726 2996 3146 3160 3169 3247 3295
 3698 3712 3730 3936 4024 4131 4574 5686 5978 6687 6910 7185]",0.33981764384106494
"[ 387  404  411  804  914  955  967  977 1305 1327 1460 1620 1823 1864
 2013 2069 2100 2117 2572 2580 2600 2662 2684 2836 3012 3284 3434 3450
 3558 3811 3855 4010 4276 4287 4409 4507 6258 6618 6838 7329]",0.33527779754674014
"[ 317  549  556  809 1110 1121 1174 1305 1610 1674 1765 1802 1936 2166
 2173 2255 2568 2622 2720 2803 3070 3080 3096 3576 3638 3654 3668 3746
 4015 4072 4133 4150 4268 4775 5263 6117 6623 6828 7120 7323]",0.34437039949157394
"[ 334  537  672  733  764  773 1039 1172 1195 1305 1544 1820 1995 2168
 2222 2230 2265 2322 2568 2598 2764 2791 2897 3011 3020 3098 3286 3515
 3564 3664 3791 3884 3994 4155 5978 6268 6683 7051 7179 7400]",0.32469000195242637
"[ 338  378  688  840  876 1096 1262 1317 1468 1513 1666 1905 1926 2033
 2088 2166 2286 2366 2480 2534 2597 2755 2854 3012 3075 3162 3570 3578
 3730 3776 3953 4074 4206 4224 4637 4771 6262 6830 7179 7192]",0.32225815480882647
"[ 408  452  844  873  978 1042 1104 1168 1472 1534 1734 1832 1868 2001
 2181 2231 2335 2579 2664 2682 2785 3075 3098 3154 3353 3375 3390 3649
 3783 3812 3908 4084 4204 4289 4339 6257 6624 6688 7037 7401]",0.35028611890682826
"[ 518  551  670  843  901 1016 1101 1121 1521 1534 1686 1785 1953 2012
 2147 2181 2260 2496 2585 2622 2670 2734 2828 3077 3381 3438 3516 3557
 3637 3673 4085 4118 4290 4553 5691 6193 6614 6624 7108 7121]",0.33953289332824826
"[ 177  197  451  679  801  977 1040 1100 1515 1678 1764 1880 2012 2040
 2145 2314 2330 2637 2646 2695 2796 2811 2826 2874 3141 3313 3361 3376
 3633 3724 3812 3924 4429 4691 5481 5632 5903 6552 6826 7331]",0.352759433439285
"[ 462  621  877  970 1032 1121 1167 1371 1392 1470 1716 1812 1907 2013
 2033 2184 2211 2304 2337 2572 2726 2834 2880 3066 3144 3241 3369 3376
 3635 3791 3944 3951 4067 4202 4293 4715 6119 6479 6967 7258]",0.3404318498592265
"[ 247  474  596  701  835  888  945 1179 1310 1472 1742 1798 1832 1857
 2020 2102 2262 2362 2520 2654 2693 2711 2955 3015 3281 3359 3437 3519
 3812 3857 3938 4133 4555 4646 5126 6053 6469 6624 6902 7400]",0.3486433451605721
"[ 485  517  529  877  902  964 1314 1401 1410 1446 1463 1717 1823 1868
 1974 2099 2160 2393 2571 2597 2613 2656 2693 3066 3076 3229 3238 3462
 3566 3578 3740 4076 4204 4554 5131 5334 6115 6753 6833 7472]",0.32537219416119145
"[ 384  447  547  557  887  896 1091 1121 1326 1596 1603 1618 1859 1893
 2082 2093 2118 2429 2456 2535 2661 2688 2696 2719 3023 3211 3220 3369
 3861 3868 3884 4061 4433 4567 5406 5700 6191 6323 6901 7191]",0.3389545282264642
"[ 306  552  754  815  876 1050 1114 1307 1390 1683 1856 1885 1903 1936
 2181 2301 2473 2507 2571 2591 2599 2693 2797 3002 3098 3364 3444 3493
 3664 3742 3853 3933 3940 4429 4437 4481 5907 6476 7109 7329]",0.35925170164252923
"[ 553  597  824  831  874 1194 1239 1442 1463 1472 1738 1944 1974 2007
 2102 2109 2336 2496 2505 2522 2542 2996 3010 3168 3445 3646 3708 3741
 4006 4015 4204 4338 4642 5560 5762 6260 6550 6899 6982 7471]",0.35067558902824175
"[ 319  340  523  546  909  958 1093 1248 1453 1475 1584 1609 1787 1948
 2050 2101 2184 2285 2438 2588 2740 2757 2854 3157 3219 3247 3447 3492
 3653 3668 3783 3989 4083 4500 5836 6258 6343 6620 6825 7191]",0.35164060464318025
"[ 382  460  620  701  876 1025 1107 1115 1374 1594 1602 1786 1830 1908
 2033 2078 2233 2354 2403 2534 2669 2726 3076 3086 3103 3166 3420 3436
 3730 3811 3855 4205 4409 4503 4637 5132 6053 6687 7120 7181]",0.34010456631461805
"[ 265  555  666  959 1040 1047 1054 1299 1306 1601 1763 1798 1857 1878
 1962 2324 2333 2435 2483 2530 2592 2656 2782 2896 3022 3147 3423 3515
 3647 3674 3738 4230 4237 4365 4641 6045 6620 6751 7255 7262]",0.29872506279295996
"[ 313  402  762  821  876 1167 1457 1476 1538 1658 1786 1793 2038 2116
 2153 2234 2265 2316 2426 2765 2809 2827 2856 2870 3219 3440 3519 3529
 3565 3862 3914 4087 4134 4410 4505 6126 6260 6681 6972 7121]",0.3306758872148802
"[ 334  517  596  701  817  833 1313 1329 1336 1392 1589 1814 2079 2180
 2211 2259 2572 2591 2599 2654 2755 2834 3003 3104 3155 3376 3422 3503
 3654 3876 3884 3990 4147 4714 4777 5908 6255 6905 7109 7473]",0.34661061753518285
"[ 123  446  544  693  739  820 1041 1125 1155 1242 1463 1589 1691 1755
 2097 2142 2231 2330 2390 2738 2765 2788 2801 2923 3236 3292 3632 3725
 3788 4024 4087 4266 4292 4348 5557 6541 6690 7052 7177 7257]",0.3190460181902671
"[ 246  380  407  658  700  754  815  975 1090 1459 1689 1809 1892 1930
 2188 2230 2252 2293 2309 2425 2691 2726 2826 2996 3147 3167 3229 3567
 3726 3733 3931 3955 4203 4424 4574 5545 6263 6539 6760 7256]",0.3352116349999801
"[ 264  378  600  824  843  873  905 1310 1323 1408 1514 1755 1787 1876
 1906 1955 2175 2253 2362 2495 2515 2764 2947 2962 3003 3378 3439 3705
 3745 3948 4006 4069 4204 4713 5407 6117 6551 6973 7108 7122]",0.34257955012665076
"[ 307  527  553  688  877  891 1168 1259 1459 1621 1665 1799 1961 2042
 2077 2303 2333 2367 2527 2637 2645 2693 3016 3097 3282 3290 3594 3746
 3796 3931 3985 4024 4205 4438 4482 4573 6049 6760 7109 7329]",0.35296519290690115
"[ 458  559  592  759  960 1022 1054 1443 1463 1597 1687 1855 1907 1936
 1946 1965 2167 2256 2496 2688 2695 2729 2741 2860 2994 3175 3293 3308
 3357 3812 3865 4056 4070 4437 4642 5263 5907 6553 6831 7051]",0.32618798705763286
"[ 268  448  460  473  810  962 1112 1120 1240 1299 1590 1601 1679 1976
 1996 2087 2165 2245 2254 2291 2735 2831 2859 3010 3104 3167 3441 3503
 3563 3661 3740 4068 4081 4271 4572 6047 6623 6686 7121 7179]",0.3431941624310627
"[ 268  689  733  767  818 1024 1325 1335 1455 1583 1747 1856 1876 2097
 2120 2184 2222 2586 2709 2716 2739 2761 3076 3227 3305 3384 3493 3725
 3785 3951 4223 4284 4409 4558 4714 5403 5905 6620 7108 7330]",0.341705549834131
"[ 338  388  895  947  959  973 1054 1542 1621 1674 1729 1807 2181 2188
 2213 2222 2695 2720 2732 2781 2883 3226 3290 3304 3382 3392 3496 3742
 3844 3947 4004 4134 4410 4435 5411 6329 6549 7043 7335 7393]",0.33546305034551116
"[ 242  556  592  691  742 1087 1102 1121 1324 1620 1661 1821 1857 2022
 2112 2148 2156 2529 2566 2727 2828 2949 3075 3226 3241 3420 3464 3640
 3662 3862 4025 4502 4916 5987 6117 6623 6687 7121 7251 7471]",0.3529127998381899
"[ 177  305  333  805  812  970 1053 1248 1330 1449 1827 1884 1906 2015
 2149 2246 2378 2403 2483 2607 2726 2781 2875 2897 3003 3224 3239 3421
 3516 3574 3738 3866 4133 4424 4434 5763 5913 6542 6907 7400]",0.33950343391138116
"[ 177  524  555  802  818  833 1234 1250 1599 1616 1751 1929 1977 2029
 2223 2253 2449 2545 2638 2671 2822 2928 3006 3084 3379 3463 3583 3639
 3647 3774 4024 4080 4087 4134 5271 5905 6339 6474 6974 7180]",0.34921008051921876
"[ 307  474  740  767  804 1101 1114 1302 1601 1692 1807 1892 2007 2041
 2097 2457 2472 2515 2566 2621 2789 2962 3017 3066 3436 3450 3640 3812
 3914 4004 4013 4204 4643 5260 6049 6397 6688 6838 7179 7402]",0.3398385693275689
"[ 404  526  694  946  960 1041 1056 1095 1262 1391 1734 1859 1977 2012
 2024 2036 2373 2427 2593 2683 2690 2788 3015 3027 3066 3078 3520 3571
 3706 3721 4025 4070 4083 4204 4409 4502 6334 6974 7054 7322]",0.34962588100438885
"[ 332  629  663  672  762  962 1168 1257 1462 1479 1858 1878 1942 1959
 2049 2179 2220 2584 2733 2838 2896 2926 3083 3095 3360 3637 3651 3671
 3941 3998 4219 4306 4553 5271 5771 6048 6411 6687 7192 7327]",0.3452061591998763
"[ 390  557  589  760  809  889 1050 1181 1373 1531 1665 1681 1715 2005
 2013 2030 2116 2375 2536 2580 2639 2669 2691 3015 3141 3291 3638 3654
 3733 4073 4223 4230 4279 4554 4639 6053 6186 6483 6825 7190]",0.3111795856996103
"[ 400  559  599  663  973 1165 1299 1320 1544 1764 1786 1884 1962 2082
 2090 2254 2354 2576 2585 2665 2836 2923 3015 3027 3357 3375 3437 3953
 3988 4005 4083 4350 4480 4573 5263 5977 6616 6696 7038 7401]",0.34471787057252307
"[ 265  462  555  592  965 1043 1168 1608 1665 1743 1829 1868 1929 2173
 2302 2505 2536 2692 2810 2939 3032 3420 3437 3519 3534 3785 3812 4052
 4062 4366 4500 4553 5335 5836 6328 6410 6831 6980 7180 7400]",0.3226117577051312
"[ 341  456  690  876  911 1030 1253 1307 1402 1409 1748 1903 1951 2143
 2181 2193 2515 2578 2642 2684 2737 3075 3086 3105 3420 3581 3595 3659
 3746 3855 4080 4203 4502 5345 5906 6473 6910 6967 7045 7467]",0.36591858608507427
"[ 380  404  537  740 1018 1050 1107 1171 1467 1545 1591 1964 2021 2042
 2099 2121 2283 2292 2589 2689 2788 2818 2881 2937 3066 3086 3433 3519
 3675 3781 3863 4166 4507 4557 6259 6408 6830 6910 7036 7332]",0.3729171532282869
"[ 384  548  876  887  896 1054 1259 1442 1463 1549 1662 1787 1811 2101
 2180 2229 2285 2329 2505 2520 2600 2899 2939 3067 3169 3217 3444 3650
 3776 3810 3855 3909 4012 4290 4567 5902 6401 6621 7041 7473]",0.34353122703533956
"[ 309  319  334  554  824  886  949 1187 1465 1519 1597 1762 1785 1966
 2097 2192 2363 2426 2445 2596 2612 2833 3012 3097 3105 3283 3446 3652
 3739 3930 4016 4169 4205 4294 4428 5905 6326 6482 6759 7190]",0.32619994757686854
"[ 476  741  838  874  894 1244 1325 1441 1590 1691 2024 2080 2123 2143
 2184 2300 2390 2614 2666 2872 2892 2932 2995 3097 3364 3413 3519 3636
 3675 3935 3951 4132 4435 4763 4847 5336 6258 6621 6967 7190]",0.32924091928541344
"[ 266  453  743  762  843  895  946 1262 1313 1377 1464 1755 1787 1936
 2017 2166 2189 2253 2495 2718 2758 2799 2880 3066 3101 3148 3368 3642
 3732 4077 4133 4367 4424 4644 4845 5840 6046 6340 6545 7188]",0.34854444341434543
"[ 476  533  557  668  731 1028 1045 1124 1180 1231 1529 1751 1764 2013
 2091 2100 2256 2391 2426 2719 2761 2804 2813 3154 3374 3422 3501 3650
 3674 4013 4133 4291 4482 5202 5403 5836 6469 6479 7040 7119]",0.3369363457372442
"[ 318  621  666  749  841 1016 1237 1390 1542 1621 2027 2036 2088 2152
 2287 2333 2584 2648 2665 2766 2899 3029 3349 3358 3368 3376 3819 3883
 3937 3944 4001 4267 4277 4568 5406 6256 6757 6837 7322 7330]",0.3214159904727436
"[ 317  473  765  805  964 1025 1055 1257 1463 1527 1589 1693 1959 2011
 2180 2306 2329 2455 2495 2510 2554 2747 2760 2857 2941 2949 3428 3435
 3586 3631 3669 4133 4148 4482 4781 5405 5904 6624 6688 7330]",0.3366890068111787
"[ 193  377  691  751  876  884 1121 1306 1384 1391 1541 1552 1795 1878
 2000 2101 2156 2290 2399 2692 2790 2797 2853 2946 2955 2963 3434 3444
 3598 3634 3928 3936 4086 4133 4573 4849 6329 6761 6967 7332]",0.34131736349819114
"[ 339  522  749  813  830  979 1299 1392 1399 1691 1807 1870 1960 2039
 2355 2401 2515 2576 2671 2735 3034 3081 3145 3450 3629 3747 3791 3869
 3997 4022 4203 4429 4438 5060 5406 5979 6481 6544 7181 7330]",0.34251597150515767
"[ 247  269  763  958  986 1019 1183 1388 1519 1615 1716 1890 1907 2017
 2150 2211 2251 2513 2523 2643 2755 2837 2959 3073 3163 3222 3674 3714
 3728 3878 3991 4077 4408 4437 4572 6047 6546 6767 7179 7257]",0.3094541196288547
"[ 449  528  548  819  826  913 1025 1118 1231 1534 1593 1619 1683 1799
 1929 2099 2121 2255 2292 2304 2389 2570 2694 2864 2877 2887 2896 3280
 3307 3597 3716 3723 4199 4283 4503 6117 6252 6478 7046 7109]",0.3403694046421151
"[ 673  771  834  949 1037 1313 1369 1405 1539 1662 1905 2007 2101 2141
 2158 2183 2265 2505 2593 2826 2941 2954 2996 3176 3288 3566 3656 3663
 3674 4064 4095 4504 4568 4846 5267 6184 6481 6545 7038 7260]",0.30758573619480345
"[ 447  476  527  844  967 1102 1117 1380 1690 1752 1799 1880 2144 2247
 2258 2435 2483 2589 2607 2903 2949 2996 3081 3098 3429 3603 3649 3659
 3775 4079 4207 4229 4267 4572 5336 5345 6265 6627 6905 7040]",0.33652209155410756
"[ 460  551  588  595  772  897 1097 1330 1441 1464 1786 1876 1972 2025
 2106 2216 2332 2514 2566 2593 2648 2764 2955 2998 3155 3176 3563 3571
 3591 3812 4077 4085 4354 4784 5405 5976 6473 6834 7177 7401]",0.31352872777329893
"[ 248  692  772  813  964 1091 1188 1465 1513 1686 1877 1955 2175 2253
 2260 2288 2510 2693 2896 2930 3009 3019 3311 3369 3501 3603 3733 3791
 3844 4134 4337 4501 4508 5559 6191 6255 6688 6752 6766 7330]",0.34647365966701676
"[ 176  452  558  680  743  760  874 1121 1307 1318 1325 1690 1821 1955
 2002 2009 2161 2252 2332 2596 2639 2721 2730 2767 3099 3136 3163 3288
 3464 3511 3811 4009 4273 4645 4709 5197 6189 6481 6539 7046]",0.32506790724852985
"[ 248  265  543  664  815  833  914 1035 1303 1480 1541 1815 1857 1877
 2112 2220 2247 2261 2726 2739 2750 2830 3072 3099 3157 3345 3447 3566
 3650 3668 4016 4080 4207 4268 4637 4644 5345 6189 6692 7186]",0.33020908109972713
"[ 380  412  458  476  873  894  986 1121 1309 1390 1398 1513 1786 1820
 1976 2026 2223 2254 2285 2303 2460 2722 2781 2800 2958 3091 3495 3583
 3646 3663 3812 4132 4337 4366 4571 6332 6831 6982 7179 7332]",0.3324617332774351
"[ 320  661  670  702  761  819 1239 1370 1461 1473 1716 1735 2009 2027
 2049 2113 2211 2233 2646 2710 2739 2756 2798 3160 3240 3392 3499 3649
 3880 4133 4156 4362 4851 5345 6048 6469 6618 6978 7250 7400]",0.31731294988410075
"[ 266  315  401  521  700  748 1021 1046 1179 1243 1543 1550 1589 1673
 1859 2079 2117 2305 2356 2461 2725 2786 2806 3169 3223 3358 3447 3635
 3699 3795 3812 3859 4268 4275 4296 4360 6046 6622 6900 7190]",0.350158665446879
"[ 454  695  819  845  972 1095 1301 1402 1461 1857 1891 1948 2040 2121
 2148 2379 2644 2657 2695 2708 2744 2829 2879 3075 3156 3422 3588 3745
 3858 4023 4273 4363 4568 5334 6331 6551 6752 6911 6972 7332]",0.3246550632600447
"[ 379  475  630  765  810  959 1110 1232 1599 1687 1787 1949 2050 2103
 2181 2287 2438 2449 2472 2623 2935 3013 3236 3425 3508 3533 3558 3785
 4016 4025 4052 4080 4276 4643 5902 6474 6824 6904 7323 7474]",0.3546735291682753
"[ 177  382  406  730  813  972 1050 1090 1389 1472 1622 1717 1950 2035
 2099 2149 2188 2283 2446 2599 2757 2858 2941 3021 3105 3311 3360 3420
 3440 3732 4024 4273 4282 4294 5406 6048 6617 6697 7039 7191]",0.3420780505640558
"[ 316  379  477  487  812  876  977  985 1172 1255 1667 1836 1888 1969
 2067 2216 2223 2302 2329 2461 2522 2694 2711 2789 2872 3025 3423 3430
 3447 3650 3740 3940 4069 4204 4507 4571 6116 6830 7250 7260]",0.3675448763696231
"[ 265  600  733  762  771  895 1311 1389 1399 1407 1717 1807 1939 1976
 2101 2254 2372 2507 2571 2595 2697 2755 2937 3016 3212 3503 3519 3746
 3867 3909 4022 4071 4277 4573 5903 6265 6758 6910 7330 7393]",0.35785541133009957
"[ 269  520  673  757  907 1235 1256 1391 1761 1787 2095 2150 2175 2261
 2324 2551 2567 2596 2726 2825 2886 3001 3017 3221 3588 3667 3706 3746
 3859 3866 4272 4502 4770 4850 6047 6325 6617 6980 7322 7400]",0.3495965855177935
"[ 520  531  546  837  891 1022 1115 1408 1454 1533 1585 1683 1717 2099
 2121 2156 2181 2285 2551 2658 2810 2828 2995 3005 3156 3306 3505 3654
 3739 3848 4001 4084 4483 4505 4778 5617 6184 6263 6895 6977]",0.33840772684712983
"[ 247  340  380  816  831  876 1307 1318 1409 1544 1749 1858 2091 2098
 2110 2151 2192 2483 2587 2641 2736 2760 3001 3008 3166 3173 3491 3570
 3650 3661 4024 4081 4140 4201 4430 4707 6255 6619 7179 7401]",0.34480998135201457
"[ 317  416  615  738  764  985 1168 1246 1263 1299 1326 1812 1819 1859
 2013 2040 2190 2521 2566 2624 2743 2789 2869 2897 3066 3238 3507 3563
 3626 3801 3812 4004 4204 4576 5405 6046 6612 6622 7123 7472]",0.3218942233096888
"[ 266  379  557  812 1044 1088 1122 1179 1243 1448 1673 1764 1929 1967
 2163 2257 2294 2497 2529 2663 2838 2889 2897 3142 3155 3490 3588 3641
 3669 3792 4133 4429 4438 4482 5475 6118 6616 6908 7037 7330]",0.3565662929637743
"[ 341  663  760  823  886 1051 1255 1389 1442 1756 1877 1885 2216 2258
 2315 2580 2591 2608 2831 2852 3026 3152 3161 3358 3464 3657 3704 3858
 3950 4154 4196 4206 4646 5474 5486 5977 6485 6896 6904 7395]",0.31670305110034375
"[ 519  619  699  887 1049 1163 1179 1611 1665 1799 1907 2099 2145 2320
 2471 2512 2661 2761 2788 2883 3008 3208 3228 3357 3452 3462 3648 3798
 3846 3924 4024 4220 4418 4480 4922 5552 6260 6481 6823 6977]",0.3484856216060219
"[ 248  337  376  454  874  915 1108 1119 1168 1409 1444 1614 1744 1864
 1925 1948 2114 2391 2450 2509 2637 2644 2767 2870 2950 3005 3033 3210
 3650 3731 3811 3926 4203 4221 4907 5405 6403 6680 7119 7179]",0.30897566010619915
"[ 600  608  763  969  984 1163 1244 1261 1666 1748 1832 2070 2170 2222
 2254 2403 2517 2671 2710 2789 2825 2903 3081 3088 3175 3428 3521 3607
 3654 3718 3881 4068 4132 4292 6263 6753 6760 6767 7323 7401]",0.3614525682328272
"[ 450  480  741  819  840  945 1045 1109 1240 1541 1739 1763 1787 1889
 1944 2040 2149 2425 2516 2530 2618 2890 2950 3005 3012 3283 3558 3579
 3643 3811 3873 4078 4133 4638 5189 5622 6116 6406 6974 7109]",0.3370308965270522
"[ 407  594  814  824  944  982 1184 1309 1586 1672 1764 1821 1857 2022
 2147 2154 2254 2317 2475 2588 2595 2639 2695 2788 3028 3149 3589 3643
 3650 3705 3811 4433 4480 4563 5336 5974 6334 6625 7121 7323]",0.33232961843288644
"[ 532  596  693  731  826  983 1100 1331 1377 1391 1936 1954 1975 1998
 2017 2039 2245 2405 2436 2514 2571 2592 2683 3026 3072 3223 3392 3513
 3520 3705 3812 4014 4141 4275 4363 4992 6187 6266 6686 7120]",0.33370697571296115
"[ 375  384  619  842 1016 1165 1178 1256 1528 1759 1800 2033 2189 2213
 2253 2306 2601 2649 2755 2766 2854 2943 3097 3104 3146 3424 3436 3590
 3739 3784 3844 3935 4206 4434 4695 6047 6616 6837 7177 7329]",0.3622926879231119
"[ 306  316  699  815  825  873  977 1164 1460 1546 1594 1681 1929 1937
 2175 2182 2331 2374 2638 2647 2810 3016 3137 3148 3313 3377 3413 3497
 3605 3722 3808 4052 4214 4278 4434 4696 5975 6474 6695 7185]",0.34813715015206037
"[ 452  620  672  774  874  969 1050 1461 1520 1612 1903 1942 2002 2098
 2105 2303 2649 2710 2758 2798 2813 2876 3147 3175 3210 3310 3445 3631
 3716 3812 4016 4047 4079 4133 4574 5976 6764 6967 7124 7398]",0.3317407646803768
"[ 194  388  451  761  801  956 1161 1263 1319 1680 1733 1813 1867 2001
 2044 2179 2505 2515 2529 2593 2695 2757 2820 2995 3091 3148 3241 3512
 3711 3740 3943 4212 4503 5403 5700 6046 6543 6623 7109 7193]",0.3274341506687485
"[ 333  553  596  745  754 1047 1054 1239 1464 1599 1689 1859 1870 2019
 2030 2037 2575 2588 2613 2737 2835 2923 3082 3171 3359 3591 3655 3705
 3882 4002 4066 4157 4573 4695 5126 5690 6618 6982 7177 7256]",0.3183142879521442
"[ 318  334  596  944  982 1093 1249 1259 1512 1597 1680 1947 1979 2068
 2224 2257 2547 2598 2638 2727 2822 3099 3142 3160 3483 3504 3632 3639
 3739 3869 4216 4275 4779 5335 5903 6265 6687 6695 7190 7322]",0.3008108025734628
"[ 249  341  476  814  876  966 1121 1399 1604 1662 1691 1882 2040 2147
 2174 2189 2232 2352 2438 2663 2683 2695 2716 3011 3164 3175 3355 3632
 3661 3860 3951 4031 4132 4291 5840 5974 6697 6760 7180 7191]",0.3376374902511274
"[ 200  664  759  766  813  915 1249 1305 1327 1619 1667 1857 2031 2115
 2122 2222 2374 2528 2568 2805 2831 2861 3028 3207 3221 3299 3450 3570
 3606 3741 3872 3931 4206 4221 4409 4643 6046 6686 7051 7325]",0.3291933283184353
"[ 269  333  589  598  905  914  958 1235 1535 1543 1765 1804 2028 2080
 2183 2301 2333 2553 2570 2648 2803 2813 3034 3221 3283 3384 3518 3554
 3581 3783 4015 4022 4147 4437 4709 6189 6196 6754 7189 7251]",0.339345763469986
"[ 375  384  410  760  882  960 1050 1377 1467 1764 1885 1928 1970 2089
 2319 2363 2425 2591 2616 2624 2815 2863 3088 3208 3437 3534 3587 3715
 3776 4025 4075 4225 4553 4575 5686 5977 6548 6839 6970 7334]",0.350876396790901
"[ 454  518  558  616  751 1021 1115 1173 1442 1547 1610 1664 1857 2046
 2099 2162 2224 2252 2496 2717 2732 2762 3010 3066 3166 3426 3576 3588
 3675 3739 4010 4069 4132 4502 4565 5060 6259 6415 6756 7187]",0.3527148419796301
"[ 616  745  809  842  873 1038 1191 1310 1372 1469 1602 1908 2170 2178
 2232 2353 2365 2402 2692 2785 2935 3017 3105 3237 3285 3558 3650 3674
 3874 3996 4024 4292 4344 4714 5193 5837 6482 6543 6904 7395]",0.3264949977877135
"[ 340  447  743  772  877  978 1104 1377 1397 1409 1672 1785 1906 1934
 2014 2106 2237 2255 2427 2725 2760 2805 2817 2995 3147 3377 3535 3582
 3637 3955 4133 4214 4482 4507 5976 6267 6469 6760 7051 7252]",0.3404317178895114
"[ 599  694  802 1033 1300 1400 1534 1598 1661 1764 2069 2150 2185 2244
 2334 2522 2534 2572 2580 2826 2943 3076 3172 3422 3441 3450 3534 3645
 4025 4065 4293 4480 4846 5413 5831 5911 6398 6549 6969 7050]",0.31908237944096135
"[ 445  673  693  894 1054 1258 1299 1390 1549 1786 1804 1820 2026 2040
 2190 2222 2285 2371 2390 2731 2829 2925 2936 3095 3428 3438 3516 3812
 3913 4089 4144 4206 4222 4553 4643 4901 5974 6265 6758 6979]",0.35066232518024565
"[ 307  314  534  688  812  873  978 1248 1447 1762 1787 1826 2017 2096
 2174 2287 2327 2367 2406 2668 2785 2797 2827 3018 3147 3281 3519 3598
 3650 3785 3845 4012 4098 4275 4362 5203 6617 6839 7110 7189]",0.3569286681714856
"[ 123  378  543  678  700  739  905 1100 1327 1372 1478 1819 1864 2089
 2109 2142 2259 2309 2504 2600 2637 2760 2868 3145 3158 3309 3420 3645
 3674 3871 3952 3995 4130 4363 4640 5334 6188 6689 6967 7260]",0.34963836438899204
"[ 524  549  772  815 1035 1047 1160 1454 1469 1689 1804 1866 2026 2049
 2105 2142 2255 2447 2579 2623 2637 2754 2943 2956 3221 3304 3356 3453
 3774 4078 4210 4406 4508 4643 5841 6045 6487 6621 7181 7259]",0.33729265506272266
"[ 319  521  547  749  813  914 1047 1179 1232 1384 1611 1877 1906 2069
 2081 2097 2181 2359 2445 2669 2695 2852 2896 3001 3083 3234 3420 3501
 3740 3862 4013 4062 4268 4353 4362 5263 6115 6264 6831 7191]",0.3346327593167892
"[ 316  678  692  805  813  914  968 1312 1477 1603 1716 1754 1876 2211
 2222 2246 2256 2445 2743 2756 2763 2784 2806 2935 3372 3382 3491 3650
 3712 3841 3882 3940 4132 4502 5974 6335 6756 6905 7323 7401]",0.34665050718978513
"[ 264  321  624  660  886  895 1055 1092 1260 1441 1456 1819 1829 1929
 1936 2091 2251 2261 2366 2497 2732 2764 2935 3097 3105 3208 3501 3727
 3819 3861 3882 4128 4348 4573 5187 5834 6406 6756 6909 7329]",0.3372810751512792
"[ 313  690  735  813 1050 1057 1174 1534 1545 1737 2040 2103 2150 2233
 2260 2353 2723 2765 2826 2875 2923 3025 3317 3421 3428 3438 3519 3812
 3931 4081 4134 4424 4573 4695 4917 6193 6760 7180 7193 7471]",0.35637720131185346
"[ 411  533  597  758 1035 1048 1311 1409 1442 1470 1743 1803 1938 2045
 2069 2175 2372 2433 2665 2684 2696 2960 2996 3075 3087 3308 3674 3697
 3722 3783 4024 4061 4296 4360 5263 5837 6329 6900 6980 7397]",0.3379600523900721
"[ 316  694  733  757  956 1195 1446 1462 1472 1667 1857 1976 2036 2166
 2356 2396 2438 2588 2693 2756 2882 2924 2931 3155 3379 3565 3726 3883
 3914 4004 4016 4349 4507 4553 5976 6485 6548 6752 7121 7185]",0.3182945975290239
"[ 248  340  669  762  802  896 1029 1054 1305 1389 1611 1739 1835 1888
 1999 2332 2362 2379 2394 2670 2727 2763 2781 2859 2947 3167 3357 3369
 3488 3534 3812 3857 4013 4133 4288 5335 6331 6897 6904 7401]",0.3288204995638498
"[ 413  451  816  835  967 1016 1408 1463 1543 1594 1866 2000 2032 2089
 2329 2520 2554 2574 2598 2689 2780 3012 3099 3146 3344 3351 3521 3714
 3797 3811 4344 4367 4550 4568 5488 5836 6474 6481 7040 7119]",0.3204547082402488
"[ 548  595  825  887 1121 1237 1298 1317 1471 1691 1925 1935 2019 2099
 2180 2265 2329 2566 2587 2720 2765 2807 3154 3170 3218 3282 3305 3672
 3716 3774 4007 4275 4339 4714 5916 6116 6554 6972 7106 7121]",0.35203717856790817
"[  52  248  382  485  763  804  887 1125 1249 1403 1590 1894 1930 2021
 2117 2151 2526 2637 2648 2694 2798 2947 3032 3067 3147 3167 3438 3517
 3566 3644 3936 4022 4061 4506 5479 6267 6399 6760 7120 7180]",0.34906173485585223
"[ 339  544  669  838  964 1240 1257 1373 1462 1691 1739 1795 2000 2175
 2186 2436 2520 2642 2693 2798 2810 3003 3177 3231 3240 3294 3352 3727
 3745 3785 3951 4062 4288 4508 5475 6117 6825 6835 7393 7472]",0.3083376186430925
"[ 306  387  553  688  889  948 1249 1473 1513 1525 1785 1947 2011 2039
 2096 2103 2120 2145 2515 2831 2878 2888 2929 3079 3108 3309 3566 3626
 3651 3674 3944 3998 4204 4222 4642 6048 6548 6898 6981 7330]",0.33468511933166323
"[ 590  668  763  771  826  890 1167 1258 1373 1464 1599 1834 1949 2030
 2066 2083 2108 2406 2571 2671 2723 2755 2872 3067 3175 3219 3239 3373
 3650 3711 3740 3803 4143 4437 4485 4637 6188 6910 6974 7396]",0.33630226304945504
"[ 332  378  389  762  878  886 1106 1184 1370 1474 1667 1674 1999 2257
 2264 2293 2390 2513 2709 2734 2787 2831 2957 3155 3218 3282 3452 3587
 3603 3650 3784 4084 4276 4499 4770 5336 6049 6760 7108 7402]",0.35750064027828177
"[ 378  463  546  668  872  894 1043 1052 1169 1442 1539 1672 2046 2073
 2092 2109 2363 2513 2552 2601 2663 2710 2827 3174 3237 3284 3294 3488
 3740 3783 3801 4060 4076 4122 4436 4637 6117 6975 7038 7472]",0.3339869854755751
"[ 264  271  389  592  772  887 1038 1121 1298 1307 1459 1538 1804 1954
 1976 2078 2109 2211 2450 2577 2641 2655 2683 2692 3015 3026 3211 3293
 3658 3670 3787 3991 4231 4337 4502 5403 5415 6544 6697 7191]",0.33867057799126227
"[ 547  843  876  886 1179 1193 1257 1758 1786 1802 1838 1935 2027 2284
 2297 2318 2401 2593 2657 2692 2856 3006 3097 3158 3436 3558 3712 3731
 3812 4223 4278 4477 4568 5414 5846 6116 6547 6767 7040 7400]",0.338366330497976
"[ 198  518  548  672  962 1121 1226 1308 1396 1530 1620 1727 2030 2108
 2212 2231 2330 2435 2528 2591 2713 2888 2939 3074 3370 3452 3558 3603
 3646 3710 3950 4014 4199 4218 5974 6053 6687 6767 7189 7251]",0.3395135013265019
"[ 340  455  472  886  945 1049 1178 1442 1452 1545 1675 1947 1967 2001
 2117 2170 2291 2567 2617 2659 2679 2936 3166 3297 3344 3352 3672 3786
 3802 4134 4146 4337 4507 5194 5687 6047 6545 6767 7108 7189]",0.3495933790098866
"[ 247  382  761  802  882  913 1033 1402 1409 1452 1680 1885 1926 1977
 2040 2245 2292 2306 2470 2483 2566 3012 3096 3283 3434 3590 3605 3724
 3782 3883 4144 4204 4708 5053 5486 5976 6480 6830 7050 7108]",0.3434475918249659
"[ 332  520  764  810  970 1335 1460 1519 1681 1931 1959 1972 2081 2123
 2304 2390 2429 2754 2789 2876 2924 2938 3027 3355 3370 3434 3464 3590
 3632 3668 4144 4152 4231 4277 4404 5977 6830 6839 7107 7330]",0.3542094719077111
"[ 248  553  596  659  824  886  983 1092 1387 1472 1663 1764 1787 2162
 2183 2244 2287 2649 2661 2691 2755 2924 2955 3151 3232 3452 3643 3724
 3746 4018 4133 4365 4638 5345 6187 6410 6688 6910 7037 7329]",0.34077904000758075
"[ 411  448  529  830  843  891 1097 1193 1466 1513 1615 1945 1953 2032
 2181 2189 2292 2568 2654 2732 2739 2828 2930 3381 3429 3491 3534 3582
 3943 3955 4071 4133 4291 4410 4786 6327 6338 6757 6907 7400]",0.35305013335608315
"[ 265  392  543  592  764  887 1194 1249 1306 1384 1471 1766 1786 1937
 1945 1965 2029 2283 2329 2459 2663 2690 2715 2727 3076 3236 3353 3605
 3649 3737 3798 3992 4434 4482 4637 5837 6545 6837 7257 7335]",0.3302577817608892
"[ 487  618  663  814  893 1263 1305 1392 1809 1830 1867 1891 2283 2333
 2365 2461 2516 2595 2624 2896 3008 3017 3027 3353 3447 3509 3529 3573
 3942 3951 4134 4141 4291 4784 5346 6116 6268 6825 6906 7395]",0.3399929383784659
"[ 527  763  819  841 1230 1316 1325 1380 1615 1837 2002 2010 2026 2247
 2302 2331 2412 2567 2577 2608 2662 2761 3039 3067 3076 3227 3237 3639
 3647 3883 3914 4009 4016 4139 4409 4506 6193 6966 6974 7545]",0.33523216557087526
"[ 317  475  630  820  877 1098 1254 1408 1601 1827 1870 2093 2333 2395
 2529 2572 2579 2696 2799 2829 2950 3141 3149 3312 3415 3447 3637 3645
 3795 3817 4055 4119 4135 4430 5265 6259 6479 6909 6973 7107]",0.3274217975230399
"[ 318  453  476  813  824  874  913 1328 1374 1386 1479 1735 1998 2118
 2170 2180 2225 2483 2591 2638 2655 2688 2719 3167 3231 3295 3420 3717
 3801 3812 4133 4296 4424 4502 4991 5770 6189 6759 6768 7400]",0.3346241692605324
"[ 248  309  335  806  814  837 1309 1318 1442 1467 1545 1694 1858 1948
 2037 2100 2149 2186 2264 2591 2639 2726 2818 2882 3220 3354 3373 3667
 3718 3746 3853 4009 4087 4343 4500 5631 5974 6687 7121 7256]",0.35740755941260105
"[ 455  518  618  886  896 1049 1232 1386 1395 1758 1765 1807 1859 2028
 2225 2251 2260 2374 2671 2785 2872 3147 3170 3422 3437 3448 3600 3607
 3870 3910 3931 4095 4203 4644 5905 6265 6767 6901 6965 7401]",0.33478099883791157
"[ 265  661  748  761  812  915 1395 1441 1459 1473 1665 2006 2050 2087
 2098 2140 2185 2535 2649 2688 2803 3026 3106 3147 3282 3521 3585 3649
 3746 3854 3914 4290 4480 5271 6047 6680 6691 6840 7181 7401]",0.3226786967526941
"[ 333  390  591  765  966 1238 1330 1443 1458 1693 1749 1808 1857 1937
 2040 2262 2314 2359 2508 2658 2683 3027 3137 3218 3226 3522 3535 3706
 3714 3727 4095 4204 4289 4301 4917 5975 6474 7109 7124 7472]",0.3187001149369967
"[ 268  316  473  558  594  889  906 1304 1311 1337 1397 1817 1866 1895
 2092 2144 2261 2396 2591 2696 2791 2941 2995 3232 3240 3357 3554 3674
 3719 3940 3951 4206 4433 4703 5266 5977 6625 6688 6894 7262]",0.3307641370047865
"[ 458  521  691  824  888  951 1121 1226 1255 1590 1673 1690 1822 1860
 2224 2259 2305 2353 2596 2622 2681 2797 2886 3017 3141 3447 3508 3674
 3711 3943 4024 4133 4214 4293 6049 6395 6481 6900 6981 7331]",0.35616620382585773
"[ 384  620  876  886  896  980 1383 1391 1443 1620 1681 1865 1880 1944
 2000 2170 2253 2335 2432 2658 2670 2695 2710 2756 3159 3222 3282 3312
 3659 3812 3856 3990 4076 4154 4573 5345 6044 6194 6973 7122]",0.3371987491584095
"[ 486  528  616  661 1167 1230 1325 1389 1406 1836 1871 2032 2164 2291
 2323 2330 2352 2513 2713 2739 2762 3006 3014 3169 3177 3421 3447 3647
 3797 3952 4067 4128 4292 5346 6119 6469 6549 7036 7051 7400]",0.3325106276529367
"[ 242  261  662  761  912  956  967 1303 1477 1525 1538 2114 2148 2230
 2312 2319 2426 2727 2763 2788 2812 2896 3088 3279 3290 3381 3711 3771
 3885 3934 4016 4273 4424 4503 5625 6193 6328 6834 7111 7472]",0.3319654966920535
"[ 410  456  747  878  898  907 1384 1464 1479 1516 1884 1898 1928 1937
 1976 2175 2299 2434 2449 2567 2669 2684 2869 2930 3018 3241 3279 3360
 3438 3517 3743 3855 4005 4013 4133 4238 4502 5836 7040 7048]",0.3471652812355831
"[ 629  689  811 1032 1159 1191 1326 1739 1764 1936 1999 2017 2099 2252
 2260 2377 2576 2638 2655 2753 2837 2876 3098 3226 3351 3429 3447 3861
 3869 3953 3996 4159 4339 4362 4847 5975 6335 6754 6837 7257]",0.3502637038304232
"[ 390  619  948 1049 1109 1127 1173 1379 1513 1539 1717 1817 1831 2020
 2078 2252 2356 2404 2509 2521 2750 2764 2854 2942 2955 3076 3438 3497
 3520 3747 3811 3940 4143 4278 4573 5975 6696 6828 7190 7393]",0.3621582524106124
"[ 333  670  764  820  842  875 1324 1402 1449 1670 1963 2041 2050 2169
 2211 2223 2304 2462 2654 2683 2709 2874 2882 3147 3175 3280 3374 3509
 3594 3641 3769 3943 4025 4143 4415 4504 5622 6546 7122 7257]",0.33746765792970895
"[ 549  593  600  630 1031 1184 1195 1380 1544 1787 1819 1906 1954 2015
 2040 2437 2445 2572 2598 2690 2876 2940 3243 3287 3307 3351 3584 3648
 3675 3948 3997 4154 4337 4360 5329 5771 6117 6690 7050 7181]",0.3531094368101323
"[ 247  592  679  829  841 1029 1119 1301 1393 1759 1871 1881 1889 2143
 2180 2193 2592 2648 2671 2695 2759 2798 3158 3210 3220 3238 3558 3642
 3654 3804 3816 4121 4205 4434 4553 4992 6189 6759 6767 7109]",0.34509093703313043
"[ 479  520  598  701 1044 1106 1194 1231 1240 1734 1761 1787 1936 2099
 2251 2263 2303 2367 2428 2593 2760 2869 2956 3075 3089 3136 3435 3520
 3534 3570 4133 4152 4338 4573 5197 5908 6545 6981 7108 7329]",0.34482794507483183
"[ 391  408  659  810  823  912  975 1322 1385 1443 1544 1858 1936 2016
 2027 2046 2106 2425 2521 2576 2585 2608 2763 3138 3293 3311 3444 3461
 3781 3931 3939 3951 4353 4434 4626 5905 6481 6615 7037 7401]",0.3296563294464547
"[ 192  530  589  622  700  750 1021 1115 1122 1317 1381 1898 2094 2102
 2118 2212 2224 2572 2659 2667 2763 3008 3209 3230 3242 3502 3631 3674
 3722 3803 3909 3952 4133 4219 4568 6116 6618 6768 6968 7190]",0.3519632695175198
"[ 520  630  813  824  836 1302 1310 1317 1396 1404 1805 1857 1955 1976
 2040 2358 2450 2509 2529 2690 3016 3027 3068 3077 3376 3634 3712 3790
 3883 3940 4132 4338 4502 4708 5474 6053 6117 6617 6967 7050]",0.3674073003605464
"[ 545  555  666  886  975 1108 1377 1549 1821 1856 1873 1885 1937 2181
 2188 2504 2515 2639 2684 2741 2836 3016 3105 3220 3284 3523 3652 3785
 3845 4013 4022 4430 4508 5335 5978 6184 6477 6912 6974 7036]",0.36519540052086497
"[ 267  384  533  730  912 1044 1164 1386 1543 1786 1891 1953 2084 2111
 2260 2359 2389 2522 2622 2651 2780 3000 3029 3088 3294 3379 3420 3534
 3784 3871 4020 4076 4205 4554 4644 5487 5909 6759 7180 7400]",0.32171894788392646
"[ 248  473  659  885 1122 1159 1254 1460 1614 1659 1835 1927 2036 2076
 2099 2162 2257 2439 2624 2640 2743 2931 2940 3089 3175 3361 3510 3558
 3592 3779 3819 3952 4073 4366 4480 4571 6185 6689 7049 7109]",0.3285860893406419
"[ 455  546  768  805  885  893 1185 1377 1391 1455 1545 1655 1822 2095
 2116 2157 2216 2318 2579 2638 2659 2831 2880 3177 3281 3288 3438 3450
 3769 3799 3933 3956 4133 4294 4572 5905 6616 6980 7036 7258]",0.3520603033448008
"[ 310  404  486  601  902 1107 1161 1456 1468 1477 1968 1975 2081 2100
 2265 2449 2462 2711 2723 2836 3170 3227 3234 3350 3428 3554 3741 3790
 4012 4019 4205 4360 4409 5405 5766 6259 6549 7121 7178 7327]",0.30802906046879913
"[ 248  306  597  621  701  747  971 1090 1120 1239 1459 1467 1583 1692
 1856 2088 2099 2253 2333 2363 2710 2833 2939 2947 3167 3288 3494 3517
 3604 3795 3951 4063 4145 4366 4482 6046 6485 6618 7037 7119]",0.3639231245031209
"[ 319  620  658  825  956 1020 1389 1404 1512 1539 1764 1803 2040 2104
 2381 2400 2438 2552 2567 2671 2868 2875 3167 3287 3562 3589 3653 3857
 3953 4086 4133 4435 4785 5334 5346 5978 6680 6695 6758 7261]",0.3438410164125449
"[ 248  592  621  886  915 1036 1192 1256 1527 1660 1856 1901 2034 2093
 2155 2191 2428 2515 2551 2577 2735 2754 2924 3013 3077 3095 3102 3343
 3643 3746 4005 4024 4158 4203 4572 5197 6256 6263 6900 7260]",0.3477693362472395
"[ 336  521  671 1018 1054 1107 1118 1169 1589 1611 1672 1786 2007 2019
 2045 2176 2503 2567 2588 2694 2900 3025 3087 3105 3281 3288 3437 3661
 3668 3819 3990 4007 4484 4573 4831 5835 6333 6553 6972 7121]",0.35572759619416805
"[ 318  451  627  762  952 1032 1370 1451 1469 1529 1906 1926 1936 2100
 2233 2325 2425 2507 2599 2873 2896 2928 3219 3240 3439 3518 3640 3699
 3812 4013 4133 4141 4148 4337 5062 6050 6472 6905 7111 7404]",0.338989190734174
"[ 380  532  620  628  879  970 1034 1260 1447 1605 1930 1955 2017 2189
 2292 2389 2452 2496 2683 2763 2857 2936 2943 2953 3425 3507 3592 3785
 3812 4086 4204 4353 4432 4762 5762 6194 6556 6752 6831 7193]",0.3322296441600044
"[ 406  596  753  957  980 1184 1230 1531 1550 1593 1682 1854 2101 2118
 2150 2252 2305 2499 2738 2765 2825 2868 3066 3144 3172 3307 3511 3636
 3714 3745 4013 4075 4201 4573 5336 6123 6258 6696 6831 7471]",0.3491437443832355
"[ 176  411  592  831  914 1037 1160 1311 1327 1334 1531 1728 1786 1830
 1877 2099 2252 2283 2333 2444 2530 2624 2643 2650 2664 3145 3208 3297
 3376 3534 3774 3854 3935 4016 4337 4500 4562 5974 6545 7117]",0.32799156953153863
"[ 451  473  483  674  845 1023 1117 1321 1621 1786 1820 1868 2020 2098
 2284 2326 2369 2593 2762 2826 2859 2868 2954 3228 3247 3502 3566 3591
 3723 3812 4062 4227 4573 4779 5335 6620 6627 6754 7192 7322]",0.31960626033671324
"[ 306  386  544  836  887 1022 1039 1338 1386 1540 1808 2034 2048 2084
 2287 2324 2450 2529 2787 2832 2865 2947 3105 3136 3169 3566 3587 3648
 3883 4070 4154 4275 4336 4568 5975 6337 6540 6627 6972 7121]",0.3276872104647705
"[ 451  548  742  845  895  945 1051 1240 1256 1462 1661 1760 1955 2149
 2158 2213 2251 2258 2450 2554 2649 2757 2812 2854 2939 3247 3375 3499
 3796 3844 3950 3997 4294 4358 4695 5416 5906 6476 6908 7109]",0.3447293825704918
"[ 390  524  620  980 1096 1253 1441 1473 1527 1622 1716 1971 2025 2034
 2214 2293 2301 2337 2522 2529 2756 2857 2866 3019 3097 3421 3441 3590
 3647 3741 4120 4145 4204 4294 4306 5266 6257 6825 6980 7257]",0.33568433335826764
"[ 248  306  339  596  748  837  944 1043 1235 1243 1473 1673 1727 1858
 1878 1964 1977 2168 2254 2367 2599 2638 2659 2762 2863 2998 3240 3294
 3444 3713 3740 3863 3941 4062 4340 4429 5486 6332 6554 6972]",0.34597416776838474
"[ 333  521  608  623  811 1103 1195 1401 1463 1518 1786 1836 1866 1960
 2164 2186 2360 2654 2781 2804 2831 3028 3075 3224 3376 3421 3673 3711
 3789 4080 4268 4275 4573 4637 5545 6194 6687 6694 7179 7472]",0.34111894090842154
"[ 123  377  688  739  772  873 1037 1258 1309 1372 1408 1676 1786 1904
 2012 2095 2180 2355 2402 2510 2595 2857 2873 2899 3026 3151 3640 3650
 3732 4071 4133 4150 4236 4568 4624 6049 6469 6761 7052 7180]",0.3306511027113679
"[ 340  522  618  630  742  871  908 1103 1373 1401 1464 1479 1814 1857
 1949 2083 2259 2389 2578 2658 2757 2784 2809 3155 3218 3353 3517 3845
 3951 4075 4085 4278 4339 4643 6117 6486 6688 7125 7182 7189]",0.3326764567386777
"[ 248  521  619  743  770  821 1090 1239 1260 1393 1733 1926 1954 1977
 2111 2223 2244 2519 2572 2624 2759 3010 3137 3171 3444 3507 3593 3603
 3783 4024 4077 4132 4159 4338 5975 6127 6477 6899 6907 7401]",0.3541601870498017
"[ 308  482  544  887  947  977 1392 1442 1473 1596 1925 1962 2017 2040
 2307 2334 2426 2456 2509 2682 2805 2940 3165 3208 3515 3607 3714 3721
 3811 4014 4062 4566 4573 4696 5263 5837 6543 6624 6973 7471]",0.3268708100041386
"[ 177  342  526  690  748  804 1123 1187 1240 1302 1607 1832 1950 1998
 2101 2220 2323 2510 2553 2595 2614 2872 3170 3212 3292 3518 3711 3794
 3812 4016 4133 4366 4429 5403 5626 6120 6618 6681 7191 7251]",0.3321975386939971
"[ 340  453  762  772 1018 1110 1167 1174 1192 1512 1611 1691 1737 2027
 2187 2223 2251 2284 2301 2624 2662 2688 2856 3083 3146 3351 3376 3712
 3796 4022 4132 4216 4338 4436 6053 6187 6618 7052 7108 7330]",0.3471547988545032
"[ 319  336  377  486  667  753  832  983 1028 1392 1472 1513 1666 1906
 1958 1967 2001 2363 2378 2512 2694 2709 2817 2897 3008 3016 3209 3239
 3463 3650 3661 3883 4000 4134 4435 4782 5403 6545 6694 7328]",0.3526944998494454
"[ 384  410  771  947  959  971 1121 1393 1447 1454 1834 1857 1959 2012
 2094 2180 2329 2336 2507 2567 2669 2826 2857 2869 3279 3379 3413 3431
 3511 3746 4024 4068 4132 4360 4410 4781 5416 6048 6968 6975]",0.31173331253907577
"[ 248  379  670  682  691  844 1171 1334 1375 1393 1684 1742 1787 1866
 2032 2161 2181 2260 2286 2576 2596 2761 2923 2945 3007 3166 3367 3500
 3658 3812 3849 4077 4159 4643 6049 6410 6758 7035 7121 7396]",0.3580357301790841
"[ 193  521  554  672  825  903 1089 1194 1384 1535 1544 1661 1935 1955
 2042 2070 2105 2333 2376 2430 2652 2825 2872 2887 3066 3093 3146 3512
 3525 3633 3642 3946 4024 4133 4214 4435 5905 6550 6899 7121]",0.3520134467593419
"[ 594  601  693  961 1092 1113 1406 1463 1591 1766 1786 1825 1957 2152
 2163 2259 2392 2566 2656 2716 2876 3025 3369 3494 3501 3519 3535 3739
 3940 4062 4144 4554 4574 4780 5833 5912 6330 6762 7123 7184]",0.34861214230388937
"[ 336  390  557  731  810  890 1047 1371 1408 1464 1736 1787 1886 2180
 2221 2373 2400 2571 2624 2744 3009 3072 3088 3486 3522 3534 3582 3711
 3883 4054 4078 4133 4438 4708 5633 6117 6618 7051 7109 7329]",0.32794859396357123
"[ 192  522  728  754  767  959 1187 1408 1445 1674 1682 1877 1937 2042
 2071 2120 2227 2248 2503 2554 2735 2757 2781 2814 3012 3073 3350 3592
 3655 3741 3790 3852 4412 4430 5837 6259 6627 6757 7192 7255]",0.3184068195848526
"[  53  392  402  693  700  805  887 1263 1326 1379 1513 1604 1717 2079
 2090 2120 2243 2253 2283 2651 2752 2760 2925 2945 3026 3505 3675 3732
 3739 3795 3847 4143 4503 4622 4921 6333 6751 6902 7192 7251]",0.34948315198192387
"[ 248  403  453  623  772  899  956 1018 1105 1547 1610 1877 1926 1960
 2012 2117 2181 2290 2658 2683 2741 2763 2788 3294 3305 3314 3352 3604
 3654 3876 4072 4136 4221 4336 4571 5484 6047 6686 6694 7257]",0.33735251617929984
"[ 474  629  734  742  893  971 1125 1240 1393 1403 1442 1887 2019 2081
 2108 2116 2194 2287 2449 2651 2695 2824 2871 3027 3210 3219 3369 3377
 3784 3883 3944 4006 4553 4565 6194 6681 6766 6830 7180 7330]",0.3556241224463131
"[ 305  383  391  619  700 1023 1041 1050 1104 1664 1675 1684 1763 1926
 2097 2105 2227 2288 2397 2566 2592 2790 2870 2888 2903 3138 3220 3301
 3741 3989 3997 4014 4077 4306 4644 5904 6334 6902 7180 7332]",0.32331400297472074
"[ 377  403  456  693  876 1112 1240 1473 1807 1819 1870 1931 2041 2331
 2374 2433 2483 2594 2709 2793 2819 2829 3014 3141 3169 3501 3721 3812
 3849 3872 4071 4433 4482 4568 5559 6120 6688 6909 7180 7258]",0.33950853943232384
"[ 486  598  621  827  872 1101 1125 1306 1465 1474 1584 1738 1764 2067
 2175 2221 2234 2255 2497 2754 2763 2870 3023 3141 3292 3384 3517 3702
 3883 3931 4086 4133 4434 4569 4900 5766 6258 6831 7191 7325]",0.32375369403373166
"[ 313  484  689  806  814 1104 1227 1263 1467 1743 1763 1878 1925 2012
 2040 2075 2246 2331 2444 2577 2743 2855 2904 3016 3034 3222 3451 3628
 3675 3710 3794 3801 4097 4205 4435 5975 6470 6690 7051 7182]",0.34853090584220114
"[ 248  405  594  773  886 1050 1111 1382 1516 1750 1761 1996 2082 2098
 2183 2372 2566 2577 2811 2818 2868 2999 3160 3312 3361 3510 3590 3604
 3639 3914 3932 4024 4134 4156 4409 4644 4916 6191 7045 7109]",0.317958084329059
"[ 248  382  552  886  947  972  982 1461 1590 1613 1786 1864 1881 2032
 2047 2294 2355 2372 2462 2664 2763 2789 2942 3066 3105 3305 3578 3605
 3640 3774 3938 4024 4204 4431 4565 5056 5835 6615 6623 7257]",0.33951372581166805
