layout,fitness
"[3034 4671 6323 1066 2854 2794  305 1084 1968 4001 1656 5789 5871 7527
 3840 2363 6644 2061 2567 2788 5128 5960 3691  558 6836 3785 3245 5995
 5656 7575 1909  802 1072 4086 6554 6632 1673 4202 5082 1841]",0.17526712839926167
"[6031 5499  886 5101 2240 5111 3109 2051 6333 1648 5509 4087 3601 5104
 7192 1566 3466 3652 2638 2139 4280 5071 3917 4551 1506  243 1159 4190
 6329 6551 5439 1096 1486 2234 4365 1535 5536 3465  472 4346]",0.19935958907900347
"[5175 5269 7168 2096 2833 4929 5274  829  557 1318 7118 4193 7335 6303
 4538 7093 2089  767 4805 4520 6094 6720 1431 4946 1134  418 2017 6706
 1335 5860  591 1314 6741 2740 4508 2035 4413  935 3384 5051]",0.18938519715153052
"[3412 1636 2820 4351 5505 6490 4362 3269  454 1601 4090 4785 5113 7258
 3368 5920 5436 4632 6848 6804 1362 5819 6950 4440 6333 6186 2059 2630
 5599 3015 1162 4409  862  406 6597 2758  943 1182  107 3160]",0.18669616016903745
"[4237 1023 4234 4375 5533 2023 6900 1003 6817 5200 5565 5387  851 2523
 3178 3342 4281   33 2991 1925 7392 1810 4030 1899 2731 2158 5649 3373
  185 2837 7338 5408 5498 1771 4591 2857 6494 2856 4065 5104]",0.18205858216549622
"[7518 1715 6748 5707 1226 4389 2107 6647 5727 3186 6286 5757 5517 1742
 4817  296 3755 4934  645  292 3639 3312 3458 6410 1285 1449 7088 3444
 3807 1777 7152 3685 2100 1926 2855 7355 1789 4670 6886 6271]",0.14902080220111036
"[ 404 4001 1848 2132 4663  116  395 4828 7554 5249 5110 4470 6968 6052
 7009 2689 7173 4992 5967 2708 4208 6949 7413 4578 3873 4814 7280   21
 1086 6697 2408 4094 3663 6352 1497 5791 5037  478 1353 4909]",0.14108950458449562
"[6024  683  139 7588  966 5894  852 5762 6423 6575 4066 7542 1502 6913
  489 5712 1783 1359   94 4675    1 2058 5916 6074 4877 2878  235 6107
 3521 2371 6510  594 4549  116 4626 2328 2271 2375 1215 3652]",0.17010487802666965
"[3500 2788 5047  802  373 3784 5480 7255 1039 3583 1769 6830 1605 4178
 3955 3681 7558 1012 6888  671  641 7346 7116 4280 2700 2104 1893 3344
 1124 2477 3990 2674 6915 2779 2583  986 4036 4582 4940 2530]",0.21770239694878174
"[2837  804  569  818 1040 5824 2783 6925 4460  724 1765 3636 1467 5907
  134 4337 7096  264 2878 5340 4381 1497 7170  888 4855  690 5846  136
 4290 3758 3430 2925 6374 5498 1010 5596 6530  943 3570 5008]",0.17886047387990617
"[3778 1474 2648 3620 2624 2388 4962 7088 2347  691 3729 2955 4155 4934
 4088 1101 3487 6679 4578 2189 1082 4048 4581 2857 5788 1102  568 1490
 3908 2312 5446 1443  560 4664 5847 1167 6304 5967 1737 5833]",0.182698706250708
"[ 213 5322 3022 4995 4830  200  255 2959 4175 5056 3939 6256  775 2409
 5058  326 2578 4656 5108 3210 6766  451 6392 3157 6289 7547 1049 5593
 6200 7443 1536 4623 3578 7131 4908 5783 5733 3039 2615 1351]",0.19557607552117728
"[6840 2995 7135 2462 5701 4229 6461 2769 1387 1356 4024  887 1840 5136
 3288 5126 2739 1630 4300 2841 5457 6314  439 6323  161 6220 6672 6453
 5195 3758   73 2191 4012 1426 2691 4523 7532 6910   80 6784]",0.1352380614125975
"[7182 3475 6911 2018 5236 6191 6000 1687 4663 4639  111 2056 3440 5562
 1081 7221 5342 7307 1714 5573 4020 1477 4478  437 3619 4977 2168 5396
  438 4837 2160 4960 6679  316 3242 6694 2244 6537 6851 2207]",0.16160894654260702
"[1018 7294 3759 7224  420 7249 5918 4382 1532  583 6227  462 4377 7569
 4750 7195 7158 7502  366 6681 5234 2039 5937 6022 7350 2234 7111 1600
 5248 3469 1134  424 3555 2564 1812 2573 5862 7382 3941 5705]",0.15762404848121175
"[3832 4546 2695 2619 3672 1239 4716 3662  637 6278 3935 4923 3928 6169
  568 2091 6109 3881 2653 1985 4983 2014  361 1036  295 6806 2121 3565
 2644  753 3601 4103 5240 5155  652 7287 1181 7206 6529 3835]",0.18457440904217187
"[1416  295 4886 5990 4509 6511 6143 1774 3637 2674 1091 5284 3480 6017
 4961 7513  928 7370 4380 1533 5624 5555 1436 6867 3914 2491 4666 6324
 4098 2532 1900 3892 4596 4613 7099 6644 4334 5958 5723 4966]",0.11509358510086354
"[   6 6592 2602 6783 3079 1033 1635 4535 4405 6963 6817 6822 4417 1468
 1285 5693  451 5716  868 1394 6682 6973 3790 3620 2677 4421 5260 2073
 6696 2687 5508 6624 1235 7204 4658 5215 2782 4438  939 4819]",0.1831343485112399
"[7141  519 4126 2702 6272 6214  928 5335  845 2247 5466 4016 4944 3336
   77  199   10 2377 1289  363  564 2880 1794 3619 2808 1738 2387  377
 4747 3833 2895 1954 3632 4991 7477 1313  697 2352 1069 5296]",0.15794921607432735
"[2712 4360 3831 3157 6365 4174 3801  457 5853 6087 1202  780 2351 4381
 5401  508 2690 4483  543 2876 6587 6752  773 3476 2656 2747 5494 5241
 4701  240 4630 5479 3864 4211  713 5606 2607 3684 6060 4810]",0.17804820863525922
"[4241 6083 6528 2211  810 6619 3797 3686 1864 3582 6164 2601 5652 5714
 1681 7175 2676 6462 4131 6017 6900 1671 4110 3179 1980 1265 3919 5900
 5588 1356  623 3132 5526 4915 1449 3326 5503 3750 5145 4441]",0.1927220397303341
"[4392 5616 4068 3316  574 6025 6322  529 2581   17 6389 7021 3832 4872
 7446 7244 4924 6255 7180 3803 1363 2617 2746 2901 5097 4452 7217 5101
 4237 2814  313 3603 5028 1072 1053 1767 6061 4826 2184 4020]",0.13519154624617927
"[1306 4088  488 5592  426 5662 2351  455 1929 1662 1573 4633 4930 2398
 1932 1317 2121 2302 4970 4878 2452 4371 2123  475 6834 7065  348 1865
 2070  473 3915 4864  207 2776 2132 4179  840  668 2621 7481]",0.1989139023795411
"[7008 4429 6176 6252 7081 2495  557 4988 2222 2977 4628 2735 1185 4561
 2916 3728 6750 4742 2487 5323  337 5460  685 2560 5603 5710 4787 3821
 4642 5862 1954 6814 7187 1675 6809  771 2717  732 2646 7343]",0.1913771842408074
"[2445  378 6937   98 7273 4501 7222  710 2106 3403 1988 6985 2007 2622
 7055 5765 1622 1744 2752    7 7178 1250 5621 1669 4976 5041 1464 4868
 2166 3966 4336 3569 6123 1952 1410 2980 2057 3813  931 2128]",0.1765139918839214
"[6154 5551 4865 6425 3862 1208 2377 4324 5017 1003 6594 2820 5291 4229
 3535 4700 1873 2699 5756  642  551  208 6240 3040 7058 4997  430 2306
 3870 3054 7182  785 5359 1632 7546  960 3239 2854 3482  864]",0.15721526440049993
"[6685 3556 6418 1005 3408 4399 3983 2204 3842 4001 5597 3446 1920 6233
 4530 5445   74  384 5873 3828 2844 4400 2528 2714  687 7392 7222 2692
 3108 1482   98 3221 6534 6475 6827 6515 1909 2029 3714  657]",0.17576745366874263
"[4516  302 2817 7021  288 2591 4134 3091 6405 3431 5933 1670 6174 2829
 1072  893 7216  240 5137 1402 6923 4975 2525 4033 6239 3059 3234 1208
 4107 3398 7001 7398 1297 1368 4435 4006 5902 2666 5396 1943]",0.20306375993244005
"[2300 6410 5613 1005 5037 7488 5763 7094 5787 1111 6012 1389 6298 1286
 6487 3392 6978 1572 3369 1304 2082 1767 3887  966 4159 3283 5026  957
  647 4902 5745 5982 5561 5350 2745  661 5080 4803 6193 2942]",0.2134746341046009
"[5121 4968  539 3700 4374 5224 7590 2524 6130 7083  886 7339 4920 3564
  825 2048 4770 5490 1968 5737 3643 7001 4517  869 3200 3496 6674 5374
 5478 3988  738 5860 2653 1627 6332 7550 5371 2869 3046  232]",0.17744601441665767
"[2298 4766  279 7536 6960  667 1048 1345 6865 4681 2576 7553 2300 6123
 6212 1871 3951 6367  159 6943 2453  955 2259 2921 2591 1175 5423 2623
 4545 5442 4021  206 6826 6466 1080 1982 1113 2598 1165 1529]",0.22331610901220633
"[6952 2077 3991   83 5394 4150 1211 7191 4670 3977 3547 1026  372 6169
 6041 7004 3243 3750 1280 3668 4613 6693 6608 5660 6724 7497 2211 4403
 5099 4034 3565 6596 4356 3987 1289  295 4605 4290 6932 5903]",0.16223931903810146
"[1653 3475 2402 7482 5678 3287  734 5140 1611 1848 3471 7461  716 5838
 3898 6751 6976 2826 6847  104 7214 1695 2162 6827 4865 5284  115 6469
 2367 4399 5388  535 1382  450  530 6441 2797 4550 2372 3892]",0.20415108938021306
"[4778 3508 1673 6917 5530 4688 3304 1948 4748  739 3762 3187 2872 3613
 5387  198 5348 5905 2671  729 6098 1045 2939 5504 2658 1916 6503 2654
 5058 5631 4211 4910 4779 3378 5677 4917 6540 5729 7342 4080]",0.22773429435436865
"[3948 7564 3785 1041  466 4695 6732 7208 3666 2222 2476 6712 1108 5225
 3974 7504 5607 4239 2052 4886 7269 6337 3998 5096 4531 2942 3176 6681
  430 4439  372 3508 3665 4832  482 7541 7595 7181 5463 1573]",0.19922625097397123
"[2988 4025 6195 4011 3711 3345  651  738 1000 3666 5496 6697 2619 4738
 5594 4769 2576 6311 6519 3676 2075 7310  659  189 5528 5436 6389 5503
 2405 3860  951 4370 2443 2383  220 1041 5513 3682 2985 5918]",0.177165240419852
"[1651 6062 6405 2810 2209 6372 4724  570 1161 1058  119 6221  444 6563
 1624 2204 1321 3256 6527 5605 4516 2884 6017 1637 4326 2453 3971 3264
 4293 7506   43 4770 5849 3958 2605 5247 2767 6742 4482 3673]",0.13851144249374772
"[7020 2629 5158 3345 4828  742 4856 4338 4379 1331 5496  816  398  274
 6351 4220 5701 6512 6735  895 1879  244 1026 4330 1734 1644  860  752
 1813  531 4015 7077 6546 7425 1030 6267 2056 6044  314 1530]",0.16628078376361513
"[4205 5495 4695 7422 3144 4261 2776   44    9 6006 1488 6784  951 3296
 7390 3307 5803 1818 3705 6984 5983 3847 2715 4575 6769 4545 4858 3487
 4404 5838 3273  107 1527 5012  998  680 4833  633 3641 3544]",0.15950257581468635
"[ 547 1281  216 3483 2003 1588 3274 3244 4529 5369 5984  165 5712  423
 7577 7120 3633 2817 3858 3329  962 7039  876 6975 7032  862 5764 2096
 7526 3782 4413 5652 5713 3879  166 6870 3775 5933  419  851]",0.17552806234158191
"[1214 5647 3215 7273 6100 6334 7344 4526 6790 3479 6886 5688 2063 5214
 7140 1225 3981 4142 2566  913 4193  873 7444 3790 4614 6918 3309 4837
 5580 4900  953 1855 2464  823  763 7048 6694 4906 5696 1038]",0.19422193893509138
"[5707  508 5778   30 5532 4623 4944 5920 3261 5298 2851 3174 6209 3868
 4013 2556 5113 1233 2290  112 1748 2387 7446 2843 4320 5535 3287 6666
 3978 7004  291 2105 3388  554  386 6362 6149 7262 5714 7029]",0.14626249414118675
"[1414 4306 4311 1476 1034 6923 1604 2183 3221 1374 6820 2109 4965 6018
 3612 5075 4976 5945  833 7528 5376 5857 1884 5541 2966 3388 6527 1290
 7466 3553  258  471 6719 1342 2244 2350   42  466 4057 2506]",0.18974915947006332
"[3457 6843 4962  212 2023  178 1351  828 1497 6296 2120 2547 3572 2308
 4767 3519 2789 3686 6325 2492 4774   11 6516 7585 6243 3054 5207 4650
 1631 4729 2881 5571  326  875 4415 3570 4620   87 4043 4232]",0.1540920841119202
"[2567  673 3057 4269 2329 1071 2357 6406 7065 3811 4540 6145 4636 4945
 2133 1555 1152 3781 5952 6125 3441 6168 2946 3012 5118 4999 6440 1436
  253 5071 5169 3341 1532 6478 6156  210 7026 6362 1072 4254]",0.16800860442906457
"[ 692 2983 3001  402 2144 5733 7286  750 1531 7366 2840 1440 6590 3386
 6828 2180  134 7460 7412 5313 1397 4143 4970 5931 4856 5019 4401  821
  282  657 5920 4740 2019 7287 6969 7264 7486   52 1603 2787]",0.20369472588688609
"[1136  791 5449  149 7380 7235   26 7452  587 3778 4421 4722 3229 1068
 7095 1518 1816 1189 3994 7573  161 1852 3396  516 7483 2091 1663 4159
 6631 6675  182 7392 4772 6154 2159 6930 3280 5370 7255 7375]",0.15673286887483454
"[ 608 2041 3964 2851 6151 5055 7221 3363 3226 1663 1481 4922 5109 5761
 6767 1548 4929 4803 1336 7545  410 3349 5626 1838 2970 5430 2269  524
 7270 6737 6326 2101 6032  104 5339 3928 5772  697   21 3745]",0.188435385086319
"[3363 6399 6402 1617 1780 3384 6828 1230 3579 3237  520 5808 6183 6422
 2145 3844 3035  131 3268 1232 5339 1196 7464 7022 3992 1702 5345 3157
 2580 3937 3725 2827 4789 2089 6814  346 1935 2645 1275 6236]",0.23372930841485173
"[ 121 5545 3320 5376   36  350 2398 3755 3557 4393 7286 4957 3509 5524
 1335 6732 5089 3641 4221  559 3439 3117 7188 2399 6578  262 4479 1789
  546 4237 5987 6797 1813 2187 4433 1788 1300  818 6174 2147]",0.18540997761563907
"[7334 5964 3014 3589 5350  265 7422 1120 3667 2645  456 3971 2075 1973
 7264  186 6731  438 6485 3336 1271 2158   96 7313 5567 1042 1731 5872
 2173 6330 1368 6810 6409 5931 5219 2280 5659 6463 4512 6143]",0.20497653947584257
"[1601  538 1226 7101 3918 6315 7153 1381 2166 3134 5739  566 5838 6338
 6057 4414 5410 2335 5063 1404 1586 2506 6743 7126 3542 1909 1905 6577
 7062 1107 2950 4739 4939 2802 7311 2957 4591 2170 4345  821]",0.19357203711141324
"[3880 1726 7334 3648  583 1272 4843 6076 7259 3268 6548 6876 2770 1639
  257 6201 4046 3969 7459  980 1368 2815  406 5407 5062 3077 7356 4922
 7247 7509 4958 2383 4683 6870 7571 1892 3475 3147 7561 6543]",0.17427885931272108
"[1849 3314 2888 2098 4437 6818 2111 4340 3392 1127 4953 4214 3724 7307
  464 2838 3249 5413 3226 6514  747  300 4889 6509 2125 3305 5307 5089
 3303 6871 1144 7376 4087 7297 4921 4789 5268 4658  743 7363]",0.1763072856274409
"[7132 3155 4248 3234 1249 5931  503 6765 4698 5119 5354 4598 3094 3773
 3913  888 3618 2141  282 1871 3147 2375 6789  412  413 2945  628 2822
  567 1583 5454 2712 3271 4227 1821 1722 1868 6851  163 2403]",0.22279677260101313
"[6176 1070 5335 1102 6478 1583 5284 6051 4843 2381 1675 3210 6010  823
 3930 5595 6466 5852 2846 6357 6465 5776 7387 2893 6673 4878 1540 1213
 6876   85 7478 1340 6501 2400 3932 6637 5203   65 5063 3608]",0.1589028863952523
"[2678 2164 2788 1373 7460 6655 2073 1320 2126 2834 6402 6893  384 3002
 6289 2960  339 3998 3285 4688 1811 4811 3948 2416 1901 1524 1543 1296
   35 2852  696 1802 4559 1965 1528 6797 1126 1383 5827 6599]",0.21382256750094744
"[2976 4549 3643 1016 6500 2684 6858  416 1395 1415 2152 1785 4558 1825
 1428 1511 4508 1593 5959 4002 5155  696 6037 5212 2616 1138 3042 1753
 2373 4306 1380 5915   23 1330 1629 3736 6556 4475  942 1123]",0.18919976407649258
"[6503 1119 2449 4473 7182 5094 5060 6753 4089 1168 2967 3445 6202   99
 2899 3001 3480 5288 3118 5087 7510 6840 5570 3589 2156 1018 4953 3385
 6620  960   35 3054 6164 4775 4644 4132 5063  440 2642 5720]",0.18647558764300887
"[3416 5014 4336 1464 2233 5535 2873 5737 2752 2232 4074 3602 7218 4906
 5476 1854 1337   49 1129 3083 1350 4709  975 5550 1117 4979 3206 6155
 7021  570 7063 4666 5246  529 6291 2309   75 4881 5989 4172]",0.17159037593907714
"[6444 1959 6827 4160 3156 1343 6175 1589 1495 4340 5658 5952 2484  435
 6864 2974 2977 6830 5648 4480 5919 2497 5654 6625 1506 5805 1645 3301
 5513 4795  135 4304 7164 6450 4464  631 7102 1859 4835   36]",0.15489731083088554
"[6403 6408 2608 5038 6853  291 5724 3393  872 3347 2525  278 1394  946
 6802 2655  918 5282 7228 6590 3177 4862 6687  668 2793 1671 7365 5283
 5815 2728  721 4761 2980 4602 4654 3511 4513 5104  554 2838]",0.17817170998214016
"[3174 3943 5964 6670 5752 2017 2550 1340 5726  676 2859  333 4516 4894
  401 6472 4337 5885 1755  433 3116 7284 3926 1318  727 6255 7525 3907
 5440  320 5339 5482 6591 4403   14 6114  646 2472 2493 3721]",0.18069857977539688
"[6958 6476 6343 6545 2616  931 7133 1471 6436 2360  740 3545 1771 5917
 5009 4058 3414 6628 2891 4320 6260 6872 3564 4627 1541 6510 1249 3600
 3900 6702 4576 4727 4538 3292 2825 6966 1026 2355 4276 3804]",0.19305055816456962
"[ 391 3166  955  549 2978 2130 3274  263 4209 2224 3828 1495 3887 4202
 1230 3796 2816 5122 7547 6659 2105 3641 2683 6442 1115  529 6850  239
 2417 1116 3115 1446 4748 3247 5342  769 2877 1822 4313  462]",0.20170160277562696
"[1270  506 1049 5057 5742  781 1097 2092 3524  812 1840 3869 3566 4366
 6665 4597 3692 2972 6533 4475 4160 6106 6974 2149 2467 6158  457 4443
 3048 1530  156  153  576 5206 4117 3815 3210 4052 6822 2446]",0.21043483576951888
"[4118  113  777 3938  826  562 5982 6070 6881  994 6855 4055 1504 1263
 6014 3198 4155 4527 4720 5943 2781  194 6074 3041  716 2234 2867  768
 5442 5078 3852 2863  645  236 4409 7218 3902 5680 3399 1377]",0.1764520922671588
"[2370 1442 7074  140 7082 3047 1255 6223 2420 1992 2721  398  899 4263
 2100 4159 2887 6947 7110 6715 3605 6174 2459 2040 4750 6671 5013 3060
 6707  939 6639 5617 1479 2466 1407 1866 1241 4162 5395  201]",0.17039878407829823
"[1803 1900 6866 3098 2563 3786 4802 7181  874 5469  678 4382 5604 6226
 7042 1296 1022 3112 6301 3706 6889 7424 1915 3876 7425 6946 5974 3951
 6865  503 1303 4551 7568 4030 2078  468 6597 5409 4611 4267]",0.16177386947873454
"[1548 1536 1889 5940 4817 1386 7187  476 2966 7221  712 4317 4918 5562
 3328 5922 6558 2502  705 5465 3254 6163 3734 5150 5119 7008 3571 6742
 5739 2131 6271 4676 4153 3776 5818 5638  990 1885 6390 2215]",0.17022133799803585
"[2976 1831 1695 4436 4794  923 3223 6988  535 5308  322 6186 6208 3698
 3689 1774 3143 4127 3189 1832 6940  551 3164 3126 1418 7521 3667 6870
 6205 3548 7571 2888 4828 3573 2072 1043 1566 4484 6598 3063]",0.17850304150661117
"[ 435 6556 7327 4205 1740 2554 5854 2380 7090 5613 3460 6511 5588 6857
 3981 6047 3812 4194 7433  506 6379 4140 2785 6524  667 1357 2129 6704
 7447 5738 2849 6984 6156 3731 1009 7263  128 6813 4846 4786]",0.1497300359906825
"[2700 4176 6774 5458 1459 3783  527 6383  270 7328 1313 5910  248 1077
 4523 5769 6592 3435 2804 1073 6169 7525  910  571 1338  427 4453  343
 5308 4423 4542 5937 4658 2108 4667  394 1806 3078 5024 2249]",0.2065802840380706
"[5764 1644 5275 1677 2864 5687 7170 1554 6475 6119 6630 1340  623 3293
 4283 4474  544 3953 6659  499 7447 7166 3584 5936 6416 6811  163 5706
  566 3792 4006 2551 5519 6695 1426 1587 6834 2705 6308 2031]",0.21203403304708784
"[  12 5011  434 1356 2143  242 3840 4344 1232 5513 2023 5234  906 5055
 5360 4756 7399 6032 6735  391 6167 5999 2354 4893  781 2159 3784 5854
 5084 1663 6525 1488 1659  223 7061 3443 2626 2994 5412 3076]",0.16869501630120315
"[2273 5274 6222 4053 1484 1490 3108 6317 5068   17 6462 5612 1812 4909
 3869 3145 7350 1451  656 4149 6244 7576 1587 2323  305 2355 5364 2738
 1609 1549 1254 7384   19 7383  151 3303 3520 6738 6221 5578]",0.1772804572831898
"[5444 4347 2888 6449 5585 6434 3022 1493 7127 3180 1172 5309 2516 4890
 6077  766 6401 1473  395 2554 5227 5290 4338 4359 3188 7380 1591 3116
 3393 5111 4852 7596  622 5463 4808 5851 4872 1179 4304 5517]",0.17266113060066912
"[3755  999 4226  582 4623 3331  424 1087 3924 4687 2101 1778 5633 2328
 4622 7516 6469 3766 1018 5321 2754 7161 2239 2627 7053 6151 4343 4553
 4267  469  704  752 4030 1748 7197 2143 5280 4036 3301  596]",0.16696713124271972
"[ 461 1370 7180 1774 4345 4046 4190 7064  805 2899 1724  204 2459 7098
 6056 7445 2433 5150 7179 2879 2701 3756 2048 4125   57 1719 3749 2096
 4379 1906 5399 1352 2615 2889 3335 5752 2294 5648 6023 6376]",0.14623013594875958
"[2624 7156 1183 5205 6208 7180 5047 7427 5488 6884 6268  463 5261 3199
 3784 2297 3701 5700 3384 7356 4060 2488 2821  408 5337 3482  310 4033
  321 7174 4902 3124 3142 6373  399 5375 3919  510  168 3352]",0.14017593585086502
"[3010 2001 3665 4120 3500 4869 7439 5046 2828 4281 6956 1782 6058 3738
 3795 4906 3638  531 5588  865 3908  522  682 6372 1851 7023 4143 6653
 4158 6667 3741 2931 3763  683 7534 1067 5012 2199  414 2492]",0.18282136328690785
"[6202 6881 6636  414 3374 3040 3425 5113  487 5430 3833 5733 1674 3961
  651 3859 6717 3023 7494 6900 4888 7197 4109 3944  658 4714 5500 7301
 1541 6133 2502 1496   33 5522  681 6233 1506 6006 1710 6248]",0.17695972588722614
"[6117 2217 5189 3812 3905 4037  898 5039 6219 3965 6954 7491 2908 2286
 1004 3625 5932  237 4744 6873 5847 7389 6572 5192 3604 1992 3502 1769
 2636 7553 4244 6060 7338  106 6209  594 6624 7490  290 3064]",0.14811514623733474
"[1455 5197 6315  537 5947  838 2157 7148 6371  135 6753  222  619 2237
  345 6207 5797 3433 5964 4333 4314 5618  454  640 7349 2093 4018  287
 4470  599  936  834 7179  624 2297 4834 4673 4294 2001 7021]",0.1832258183324606
"[4337 5639  349 2056 4267 3181 4639 5313 1011 3069 5937 4144  244 6003
  176 2207 6578 5466 3644 6531 4815 5030 3370 3779 1255 1931 1156 4755
 2525 5455  832 2771 6655 6850 1736 6833 2421 2599 7016 4050]",0.16840080395791474
"[2395 7016 6837 2990  107 6162 1470 6710 2743 2721 7454 5426  817 1194
 3320 1429  628 2195 3435 6878 2569 3807 5838 4202 7062 5482  860 6787
 5487 1917  335 1446 2137 3407 3534 3000 2336 7014 7446 4159]",0.18873809210397768
"[2711 3705 4729  491 6555 2163 5952 7238 4404 4777 1257 2325 1751 1385
 6206 3692 3051  897 5656 4274 6857 6634 3049 2378  867  683 7210 5825
 5750 2242 4646 6332 5620 3195 7247 4739 2236 5580   68 1461]",0.18016097633208317
"[6660 4833 4909   80  544  937 2958 5102 2637 1773 6070 6747 5192 2618
 1807 6735 5924 1330 2275 7576 1210 1435 1538 5567 4416 5793 1931 1150
 3681 2879 5540 1703 3326 3720 6048  834 3183 2990  814 5241]",0.16433175414255935
"[4197  911 1563 6164 3021  785 7332 1588 3348 2122 5309  216 3019 2045
 5769 4410 5361 6670 5123 2982 6325  557 1455  645 7187 5962 4508 7166
 1995 3149 6074 2752 2222 5002 4744 5288 4445 7362 4415 5809]",0.1696967243192308
"[1437 4196  440 4183 1983 5840 2269 7270 1578 5474 3480 3928 5853 5486
 7142 6142 6709 3169 2480 4111  960 6374 6215 2917 3979 1129 5133  526
  851  259 5622 3104 7000 6960  366 7069 4496 2155 3822 6736]",0.12749189798407026
"[2825 5576 4340 3346 7087 2256 2722 3063 3398 1936 3592 7563 7039 5846
 6837 1597 7457 7542 6401 1941 1465 4907 4089 3865 3896 4175 3560 6948
 1877 2120 6283  363 3595 1350 1757 3361 2673 1496 7049 3209]",0.23457563697232447
"[1513 4404  205  677 2097 5659 5822 1303 3979 7189 4644  354 5477 2058
 5591 6846 3578 3362 2372 1687 4924 6587  632 3481 4327 3264 6096 2284
  714 6860 3673  303 4578 3936  560 3634 4912 5543 4590 6671]",0.17197484769908514
"[3887 2362 7145 4460 5980 6144 6027 5135  736 1651 4051  177 7148 3181
 1346 7126 1392 4239 3813 5421 6288 2211 5491 4507 3104 1320 1803 6826
 1675 2779 5469  229 1158 2533 4590 6920 7337 6321 2083 2371]",0.17611636303160902
"[7234 2141 2138 4704  348 3821 5148 1720  949 5755 3015 1357 3819 2455
 2351 1654 7232 3185   73  964 2857 6841 1898 4590 7046 3598 1731 1712
 5371 5191 4545 6686  784 4681 2210 5622 7146 1400 1071   50]",0.17730704546981071
"[ 509 3109  429 2332 3075 3121 4639 3246 3231 2032 3485 2069 1563  488
 1029 1386 3478  910 6594 3179 1553 6424 6569 6924 1208 1342 4614 1414
 4033 4687 7274 4211 2830 1300 5108 6737 7508 2972 2788 3335]",0.155712485352189
"[1621 1906 1496 5883 3321 1245 5168 1243 6660 7118 5132 1145 3244 2721
 2793 4696 5371 6847 1466 2526 1149 7053 5623 1115 3836 6196 4758 2092
 4151 3625 7513 5614 6675 7413 2361 4595 2828  363 4605 3620]",0.1697457280684031
"[5721 3697 3122 6396 1566 3700  454 2415 4617 6817 4841 4061 1697 6401
 1802 1644  445 5630 6903 3636 4418  982 2478 1118 1841 5250 5036 3565
 2657 6136 5087  918 2584 1617 1177  935 6373  228 4094  657]",0.20388165553845072
"[6755 2433  515 7263  380  318 1622 5375 6754 2330 1871 6340 3255 6222
 1516 6129 5062 2583 4413 6829  182  830 4720 5600 5441 5917 2450  788
 1493 6844 2076 7342 2177 3790 2063 6449 5463 6978  613 3992]",0.20632568253262765
"[4917 2150 5619 1374 4697 1717 4302 3160 3004 5825 3690 1913 6141 4449
 7255 5431 2058 4657 6476 7414 2806  316 1647 4143 6835 6321 3032 3526
  301 6333 6208 5193 1507 7133 1875 5140  694 5010 1501 5715]",0.1745351200113845
"[7058 1754 3293 4047 6787 2129 3841 2091 1595 3472 5745  792 4528 1541
 5057 1292 5558 6095 3694  819 4302 6614 3362 7217 7505 3984 6463 4219
 1747 6056 5005 1880 2921 4225  555 2331  371 2253 2600 4035]",0.19079895383751908
"[1793 4058 6643 7146 6766 5029 2360 4580   93 5846 2041 3903  963 7125
 7032 3333  971  296 1001 1820 4053 1062  330  933 3030 5264 5451 5362
 4067 5758 6773 6863 1874 5941   73 1388 3832 1584 4049 2353]",0.16780956173966705
"[5110 6019 5759 7068 5003 5806   97  775 4017 4972 7225 5514 1627  488
 1518 5399 3750  930 6579 4348 1756 6952 5417 2713  204 4474 3886 5641
 3061 4059 5339 5121 3956  913 4593  214 3413 1264 3525 7030]",0.13706778983344306
"[4351 7519 4849 7232 2184 1693 1151 2475 5562 2982 3579 5109 6999 1511
 2878 5433 7376 6919  350 4876 3274 1322 5774 7235 3601 5545 5181 3446
 5943 4052 3000 5531  984 2718 5800   16 6166 5961 6430 3478]",0.1600788945636078
"[3268 6436 4728 2308 4186 3806 1881 1035 3877 2714 3208 4661 5025  739
 4668 3921 3466  311   70 7264 6246 2949 7096 1389 7340  783 4554 5563
 6100 1844 3876 3522 2292 2752 2061 1535 6376 6885 1990 1331]",0.1989220420321109
"[5456  552 2288 5804 7036  960 7198 2343 3925 3978 4132 6564 7162 5758
  202 4279 5426 6409 4555 4516  448 2359  777 5859 6034 4735 4151  735
 1869 2788 4655 3963 5954 1523 2365 7350 5645  541 2760 5776]",0.1593574259384129
"[4998 2276 4137 3707 7431 1866 5516 5282 5033 4589 4298 4378 6013 4388
 6488 6312 4480 5612 2896  461  664 1360 2691 7470 6471 1928 6826  967
 2325 4650 1306 4364 1220 6916 4167 5984 4297 4100 3325 1500]",0.15899760439449442
"[1581 5010 6194 1368 1266 2333  455 2113 4136 2321 2404 7351 7258 4539
 2511 2895 6663 3729 2771 1605 3405 4745 4775 6728 6900  511 2061 5778
 4481 6827 3756 1629 5870 3542 3235 1502 2633 2204 4536  519]",0.191302210023492
"[6340 2517 4339 7501 5616 2766  747 1660 3893 3317 6184 3692 5721   68
 6211 5741 4249 4815 3164 3374 4461 5704  270 2691 3372 6699 1217 6073
 1829 2026 5585 4233 3680 1852  216 3033 4864 3148  503 7510]",0.18178946570272062
"[4103 4086 1938 2412 1834 2355 6484 2095 4022 1429 7417 2213 2012 5194
 3673 4268 7531 4841 5308 1290 5981  724  547 3101 7180 4425 3070 1180
 4240   30 5839 1343  963 3320 4417 7487  813 3634 2735 6819]",0.20538526452832717
"[2182 6049 5787 7108 4174 2611 3719 6479 1816 3474 6391 2781 3037 5290
 6336 1479 2103 3679 1102 4357 3024 2748 3589 5590 1273 1872 5614 6163
 2775 2449 2440  606 2934 2923 5785  276 3455 3249 7132 3436]",0.21885219714782742
"[3816 5214 2769 6104  522 3060 4929  383 5206 6723 2804  433  218 1476
 2071 2746  987 2499 3831 1939 2736  918 1424 5880 4386 4360 2853 6000
 7270 2731 3789 6011  804  874 2697   85 3195 5217 2659 2793]",0.16738241805800655
"[6706 5771 5115 6819 4799 3618 3086 4792 3431 6918 6972 7575 2688 6728
 3938 6055 1775 2103 4038 1270 2562  545 2204 3216 5766 6772 3012 5705
 5666 6410 4301 2294 7221 2415 2430 1723 3844 7508 4270 2911]",0.1936920535334165
"[7134 5812 2284 3573 6764  870 3086 3382 1926 3038 2560 6164 4215 1299
 4993  904 6774  228 7043 2372 5104 1056 7183 6570 1726 5508 1455 6805
 6319 4997 5264  489 4175 7562 6760 4137 4807 2637 2419 2567]",0.21523046284972408
"[ 582 4355 2979 3146 2268 7244 1775  880 5493 1831 4422 5849 5528 1804
 4721 2238 5213 5115 6537 5976 6417 1644  794 2659 2210 2862 1628 1039
 2666 5276 4956 4330 5555 1289 7136 7229 5287 4809 3156 6337]",0.18772942407371965
"[5789 5612  541 6953 5111 5782 7118 5426 1600 3013 4710 3325 6037 2643
 3264 2773 4780 6890 2109 2679 5558 3696 3910 3559 4804 5243  545 5227
 4610 1151 5189 2873 3443 4307 3497 2058 1973 5745  581 4931]",0.15700006615384093
"[2040 3568 4534 2739 1275 3001 1391 6490 3432 6062 7281  795 6305  361
 4709 4618 2810 4972 6649 2834  524 3971 3653 3635 3378 2198 4917 2598
 6006 1493 2169 4815 5545 5711 7414 3362 4153 5387 6949 4773]",0.18501256185834494
"[5250 2042 6384 1106 7530 7172 4624 1087  375 1129  879 3098 1507 7117
 4678 7114 7417 5842 6995 4945  358 6114 3200 3350 6394 4810 3336 7222
 4534  459 6531 5099 6719 3605 5009 7463 5735 4560 5448 6933]",0.16791111381662832
"[4262 5370 1537 7195  179 3710 2654 7371  939 6724 4788  384 3716 5390
 3603 2995 3010 3245 2505 4398 2539 5978 2208 4733   93 4862 7569  777
 5143 6842 7507 5471 3784 4153   60 4443 3676 1075 2446 5034]",0.18154488337163238
"[6499 6741  112  837 6936 3695  504 6949 5387 4796 1593 3015 2676 3129
 2870 6749  770 1012 4752 3573 5205 2689 3518 4373 7159 4481 4561 7372
 3976 2913 1298 4227 3898 5595 6272 6774 4273 3526 6350 2778]",0.16105924376301056
"[5875 4034 7293 6025 1902 6281 6142 7042 3726 2631 4637 6175 6644 4452
  968 3865 7026 4291 5147 4210 3964 3825 1640 7441 7241 2700 3530 3243
 1788   92 1648 3381 7226 2620 2418 2803 5101 2721 1545 6145]",0.1837134683208032
"[5262 5008 3650 5444 7395 1571  298  508 5030 4546 4621 5150 7549   85
 7585 4879 4170 5463 1492 6066 3350 5259 3903 4370 4023 6968 1846 7204
 4229 5641 7150 7261 5231 6049 7121 5627 5872 5098 3706 1386]",0.15066050162816824
"[7505 3040 7368 1397 6552  534 4128 5215 4298 1643  108 7521 3547 1008
 6361 1061 1689 6017 3562 4424 3564 5454 2878  535 2412 2267 5192 2518
 3853 6301 4902 4625  800 3631 1118  405 5006 6907  465 4329]",0.17906999429483475
"[4718 3908 1915 5532 1560 1283 3597 1227  452 6921 1009 6610 1984 4327
 3576 7412 6466 4546  327 3762 4949 3984 2254 6919 6873 4323 3855 3105
 3121  433 6668 2096 6157 3788 7494 6528 3458 3158 4088 6799]",0.17328163194727764
"[4118 2191 2633 5331 5968 7515 5530 3733 4611 5123 2354 1298 3695 2536
 6220 1947 6707 5641 1807 5477 5232  919 7019  881 3478 2544 5551 2482
 1090 3703 4263 1944 5594 6677 2502 4962 4381 1060 3430  647]",0.15008216590504173
"[4615 1428 1480 5980 3723 4973 4957  872 2848 3719 1215 3145 4159  307
 4284 7182 6996  456 5010 6003 4048 4343 4819 5737 4468 2961  391  337
 4239 2724 1081 3281 5594 7043 4845 2785 1276  192 6030 2833]",0.18304480811786628
"[4271 6105 2641 1470 2509 4123 6132 4258 5217 6492 5743 1675 1216 3961
 4584 6147 6971 4768 5193 1872 2285 4088 1103 4561 2266 1000 1145 5425
  634 4241 2971 2862 4839 2697 4145  664 4052  499 2156 2366]",0.1791475380623443
"[5444 3639 6612 3047  886 1777 5496 1184 1243  127 6346 2960 5318  844
 2005 3862 7112 7091 3901 6008 6583 2487 6700 1795 6835 6567  590 6486
  422 5339 5709 2736 3975 5261 2790 4372 4872  362 4773 4300]",0.18191683200624192
"[4253  922 4526  581 3212 1797 5912 7161 6013 5996 1423 3957  515 5111
 3079 1141 2871  821 6973 3273  352 1613  454 2566 7521 5361 7446 1616
 4463 6535 3697 5394  649 4391 4405 3704 5868 7491 1026 5396]",0.19257300074431877
"[3043  364 1204 1238 5507  548 3390 5435 5203 7586 1749  834 6926 7180
  618 5288 3692  181 2396 2548 3212 1327 5926 2865  863 5793 2594 2005
 4088 1221 3428 5003 1540  956   63 5306 6755 3641 6354 3017]",0.22520957937437347
"[6908  875 7194 1402 6263  129 2574  207  451 3843 2094 4458 5322 6052
 5326 4508 2615 7007 1521 5451 5357 3045 2366 6655 5669 2146 5136 2362
 4967 4418 1423 1007 5718 4803 2381 4638 1837  195 6393 1637]",0.17655577495994837
"[6631 3871 3996 3977 7589  737 3434 4752 7374  463 5455 3090  530 4671
 4013 2274 5798 6925 5215 5938 1554 4772 5179 7024 1548 5663 5728 2051
 4175 3895 1277 3567 1273 6226 4476  251 6897 5759 6302 2725]",0.16350777620271906
"[ 786 7238 7166 3244 1973 1721 1913 3791 4024 1496 1410 4262 5427 1186
 1684 5544 5450 1572 3796 4176  968 5409 1415  534  552 1679  829 3852
 4519  760  132 2224 5719  281 4001 1408 6555 2507 3148 2607]",0.20586995477586018
"[ 169 7394 2542 7099 2743 1250 4832 3868 1249 3986 3880 5903  878 7183
 2808  276 2296 5610 5509 5324 2666 6148 3015 5743 5080 3542 6831 2464
 7144 6859 3079 5869 3955 1917 1266  472 7495  852 2340 4903]",0.20484662126540898
"[6142 3430 1380 1092 2032 1440 7253 5952 7174 6984 3337 6052 7241   69
 5493 1856 6429 1565 3491 4966  133 6041 2270 2437  519 6950 7462 1195
 1328 5053 3250  316  939 6034 4398 6646 5092 2310 5272 2111]",0.1755201280880258
"[2100  477 3933 3900 6868 2861 5649 2886 4763 6017 4580  267 1200 1612
 7355 6552 1298   73 3091 5457 6155 7111  824 7232 4302  679  556 3708
 5215 3833 1869 6652 3929 2185 1696 3936 7006 3316 6722 1879]",0.19642633817242935
"[1017 4582 1473 3780 1426 5045 1188 5320 7075 6657 2083 3363  262 5278
 1346 1509 5409 5397 2769 6199 6197 5630 4164 4744 3796 7282  373 6289
 4971 6332 7566  409 5136 1984 6589  968 3670 3011 1143 7113]",0.1748233265521808
"[5880 1466 1008 1794 2122 4178 1128 4545 4110 2325 1983 3946 3954  985
 6155 4517 4703 4794 4059 6987 7014 4111 6921 4003   22 2380 7524 6787
 2261 5310 6607 7576  195 6425 7504 2149 2631 1590 1275 5467]",0.15025545574854446
"[5047 3189 6899 2261 1821 2802 6992  406  204 3768 7507 2520 6893 4918
 2763 1183  607 4336 3229  896  519 1721 6272 4662 3601   55 3459 6437
  518 4750 7407 7259  397 2825 4407 3653 2732  632 2838 5637]",0.21027769072790786
"[4325 4954 6011 4881 3557 7114 1795 5851 4409 5122 3579 1757 1621 4450
 4899 2718 2750 6502 1236 2374 6843 6040 6368  409 2953 4535 3878 2350
 4920 5402  628 6749 4655 1982 7056  692 2217 7398 4385 2840]",0.1940468293473721
"[5104  219 5783 1998 7447 3090 5796 3014 4226 4526 7153 6116 7256 1940
 6549 7384 3083 4819 6062 1102 3397 4010 6990 4827 4712 5163 4332 6764
 4393 5435 3027 3706 6911 2125 3163 3744 5806  385  542 1910]",0.19301817933253337
"[6798 3404 3060 1676 5408 6274 7053 2232 1286 2321 5292 5321 2413 1003
  930 1086 6190  541  778 2523 3115 4012 7317 3408 2016 7574 2335 5753
 7259 4671 5942 4538 6047 4568  719 4228 4515 7383  845 7459]",0.15004828557264865
"[5869 4672 4345 7563 5155 2709 3135 5382 3529 3165 5185 2216 6069 6755
 3720 6328 3575 3757 3716 1922 4383 1930 3626 1812 5575 7057 6053 4636
 3293 6331  136 3964 5276 2163 5042 3125 6430 6456 1968 6900]",0.1923166805640984
"[3866 1803 7136 2374 3057 2165  529 4649 3012 4791 4475 4788 2115  219
 4709 3187 3273 6032 6367 1593  446 6049 5071 4694 6790 6169 1805 5908
 6099 2909 3525 1947 7555 7547 4277 5774 3454   86 5162 6063]",0.16598690690176732
"[6322  195 4510 6570 4453 5770 3376 7156 5038 1582 1720  801 5888 1016
 2273 6216 5402 3976 2252 5883 4666 6209 4704  361 1454 1366 3714 6247
  667 1854 4307 5164 4359  109 6136 2385 6368 6614 1490 4292]",0.15723067832929644
"[6232 4354 1289 2244 5606 1320 2122 4981 6737 4417 3184 7337 3563 2091
  810  679   42 1193 6084 1642 6690 2852 3736 4529 5283 4574 4473 1030
 5399 6996 1290 3410 3070  963 6472  696 4663 6064 6684 4089]",0.20333788568707548
"[1094 7262 4849  398 7163 6477 3679 1654 6845 1445 3774 5827 3666 3913
 5466 1439 4311 5708 4919 2628 6931 2116 4766 5930 2301 3316 6680 7081
 5183 2853 2664 6095 5468  700  797 3740 7593 4145 1027 2660]",0.18268687010432344
"[4373 1006 5918 5981 5298 2374 3211 4997 7098 1777 5180 6549 4520 6000
 1301 5062 5551 5739 6878  344 6667 6124 5681 5059 1687 4985 2120 3486
 1806 1176 3833 5053 3776 6743  624 3799  416 1393 5123 6373]",0.1778100018980862
"[4727 4611 5693 2633  438 6005 1171 5129  312 6204 1372  449 1521 6672
 5052 1378 7000 3880 1063  315  787 3835 3328  930 7111 2548 2341 6477
 4267 3410 6834 4515 7071 1189 4216 3062 2891 3092 6063 2671]",0.17550278760721344
"[4718 2637 7155  395 2983 4912 1332  629 4319 4904 7249 1556 2689 4388
 5768  493 4704 4173  484   33 6580 2260 2923 3265 6183 5217 6872 7117
 2959 2685 1109 4352 5853 6851 5818 5293 7307 1710 6677 6444]",0.15607229148418908
"[2783 1474 5144 2840 6248 4175 5017 2242 4187  163 2722 5112 2678  913
 2530  148 2444 3844 3700  385 6437 2893  745 3539 5970 5306 5099 5458
  551 2027 2234 4672  854 3523 1422 2702 6628 3126 7387 5685]",0.1697653417620844
"[7474 1718 3208 7250 4636  831 4593 3548 5683 4063 1824 3239 6496 2514
 5613 7118 3909 2274 2045 3085 6093 4827 2529 3335 7126 2789 7125 3924
 3479 2647 3124 2165 7542 5899 1560 4955 7117 7282 3485 4852]",0.19747264887313387
"[1961 6725 3358 7052 1141 4303 6659 4056 3320  174 6436 7347   97 1636
 4285 3753  306 5270 3759  546 7185 6693 3191 1518 4365 2810 3655   50
 6260 1620 1780 2442 5501 5390 6343 1886 6705  734 5535 2983]",0.19007656299935877
"[7145 1507 4374 5683 6203 6056 1992 5154  918 2771 1978 3684 1756 7091
 7384 5439 4030  512 3772 4252 6822 5197 2209 2428 4899 1690 3478 2415
 6663 4655 2943 7071 2973 5620 2765 2419 3016 6875 4575 6001]",0.15085427615319208
"[5759  788 4641 4321  879 4613 7301 3350 2216 3518 2430 4495 3551 5480
  795 5916 5963 6134 1303 3838 4195 6075  738  888 5435 2922  530 5181
 3869 2229 4624 4179 4814 7553 4574 5469 6059 5194 3713  204]",0.17224135511754157
"[4626 3870 4073 4048  466 6461 1499 7315 4578  683 2791 1121 4447 1351
 4520 7176 5421 1592 6019 6743  418 3851  111  124 6215  731 1798 4705
  342 3378 5058 7028 2188 7370 5358 3432 5059 1044  508 3261]",0.16716136569136628
"[3038 1260 1483  488 5389 7515  100 5626 4116 2468 3122 4755 4632 4793
 4560 2973 5250 6302 2351  698 5702 3356 5048 4422 4903   71 5127  633
 2178  860 5753 3956 1908 2717 7504 5694 6650 4166 1660 2649]",0.15532488679446935
"[6353 1709 7471 1368 2212 1400 2816  569 1679 6776 6749 5894 3421 6279
  473 4548 1992 2393 6590 4525 4578 2636 7005  236 3249 4822 2063  201
 5744 5302 2332  779 1129  398 6645 4801  958 6012 5163 3188]",0.15755417327863325
"[5502  932 3914 7518 7559 4186 2997 6400 2115 1717  693 1385 4765 6281
 3515 5549 6774 5470 1082 2834 3285 6654 2136 7453 7020 5477 7023  533
 7185 6938 3493 4628  613 4020 1960 2921 5909  883   99 5575]",0.17087123962950557
"[ 125 5249 1056 4169 2278 3320 4962 5311 1901 4647 4389 2008 2448 2342
 4091 1102 5768 7434 6665 7234  505 5417 6171 6424 2370 5388  408 6535
 3095 6394 4997 2366 3880 3584 6536 3428 4578 3556  670 3486]",0.1876787433672678
"[1831 2194  478 3752 7450 5135 6534  913 2297 4347 6950 6807 5034 7571
 3910 6464 7016 6954 1823 1861  508 5570 5775 4322 4738 1274  217 3599
 6519 3909 7085 6694 4534 2921 1141 5412 4810 5998 1515 1719]",0.1489726805727574
"[3858 6089 7512  172 5096 7015 3486  238 2921 2306 2143 6677 3979 6889
 4734 4877 7181 4888 4444 4728  749 7590 1866 3949 3216 6733 2380 4552
 6862 4590 7151 4743 2978 7242 5065  544  527 6566 6417 5719]",0.15280535241767595
"[2144 6145 2539 5716 1867 1511 6851 3324 2211 7525  632 5072 6948 3611
 3468 1881 1457 2971 3699 7150 2770 6562 3564 1691 2369 4743 1542 6637
  892 1255 3559 4870 1824 4277  497 2391 1627 4493   44 3207]",0.19046949251121484
"[1107 5333 3080 4613  315 2773 2114 1531 2226 3019 5182 2743 4248 6220
 2086 2008  794 1463 5172 1387 3835  395 3555 2418 1719  436  124 4425
 3411 6259 6319 2102 2352 6128 6763 3767 6830 4617  662  868]",0.21296590777927926
"[6981 7517 2053 7244 1870 4833 7052 2068  367 3741 2541 1762 3500 3893
 2613  365 5930 3228 2782 6361 6359 6641 2087 2313 3004 5814 6136 7232
  964 7368 4911 6210 4732 2697 5330 1571 6191 4721  492 7478]",0.17548697017355494
"[7087  609 2109 5156 3375 3242 4595 4364 6372 6061 2824 3881 7429 4507
 2316  762 4847 5348 3680 5524  723  949 4929 7335 1264 4357 7126 5175
 4145 3415 1134 7287 1219 4151 4549 4066 4945 5263 5641 4525]",0.1664006309888393
"[3645 7075 6207 4997 4099   37 3214 5618 3205 1012 6535 4756 2564 4385
 2730 5871 3584 4264 1463  713  877 3926 1326 6908 6049 4130 1938 4320
 1586 6656 3990 5516 7331 5817 2129 1741 5349 1594  689 7470]",0.227928161897718
"[4413 4814 3241 3571  937 2727  841 1001 6596 1439  888 5194  278 3594
 6070 1753 2500 3813 5862 6682  955 1754 3593 1785  911 3386 4564 5159
 1093 4961  440 4150  586 6802 7227 5504 4789 2773  398 3713]",0.19505262591126
"[3929  621 1173 5348 6821   28 2895 5086 2096 6471 4224 6651 4491 7527
 7422 2816 5655  784 7419 1933  230 3139 5390 6877 5229 2653 4338 4653
 1294 4008 1813 4414 4648 2957 1586 7034 4209 6849  541 3408]",0.17453447087260304
"[7492 7393 5203 2370 2676 4144 1275 3585 4747 5193 3373 5688 3571 6334
 3687  749 6906 1647 1471 2337  465 4398 2418 4259 7053 1461 6562 2117
 2011   82 2137 4702 4841 7345 6998 6838 3787 3227 3695 5284]",0.20412036917639373
"[3892  641 4680 1008 3911  250 4086 4823  749 5012  517  554 5619  808
 2508 3779 7239 1659 1000 7438 1326 6686 7304  628 6399 5621 5033  789
 3714 5726  111 4049 4546 6049 1382  548 2645 6923 6425 1353]",0.18062567783666736
"[3806 3658  776 6450  162 6840  795 6641 4628 3902 7233 4194 4433 1833
  954 3383 5931 4858 1029 2841 4511  384 3128 3939 1170 3215 3859 4020
 6307 6299 3087  178 2377 6867 3644 7178 7002 1969 1872 1625]",0.21928389692683165
"[2265 6863 6507 3025 4688 3809 6288 5350 3351 2321   55 3913 1461 5535
 5594  219 5793 2198  802 6420 1369 6713 5552 6094 1920 4012 3161 2752
 5877 5849  839 3820 7093 6020 6469 4069 4363 5254  550 1906]",0.17233405859686152
"[6109  908  443  648 3628 3924 3729  993 4293  140 1290 3657 1915 3027
 3690 1592  299  613 1350 3206 2852 2605 3956 4623 3423 2835   72 1524
 4670  455 2856 1008  763 6574  114 2060 7416 7063 1916 3828]",0.15687082620409104
"[1002 3335 2354 6341 2086 2082 1378 7470 7483 3234 6713 4210 3434 4194
 6045 6757 1796 1085 1835 1135 5504 7427 2795 2685 4128 6729 4535 3053
 3436  606 3920 1150 6157 6594 7148 5784 6781 6441 3962 2549]",0.195554398457534
"[ 417 5678 5119 6240  393 3147 5341 1338  631 1093 4243 6176 7350 1764
 3502 6604 6407 4529 5950 5972 7548 7075   41 3356 5219 1497 2065 4222
 5711 5153 1224 1384  556 7406  774  374 6663  110  840 2179]",0.16244270981773812
"[6112 1056 4118 2366 2293 5403 2289 5071 5029 3696   46 4805  383 7187
 2142  936 6348 2993 3030 6723 7081 6843 7251 4116 7419   25 4099 7345
  160 3977 4774 1734 6440 6884 3860 3963 1541 2537 3874 1557]",0.16085144674262397
"[1537  808 6439 4685  770 5085 5830 6151 6339 2905  672 6531 4361 2451
 4607 1324 5014 6612 3613 1817  893 7506 4522 3244 4989 1444 6709 1296
 2293 1825 2103 1037 1679  534 1654 7238 7318 5456 4714 3134]",0.20176822844235393
"[5619 3886   25 3943 4805 5754 4611 6793 3674 2428 6173 1033 1928 4596
 7124 6640 6622  449 2865 4637 6627  714 3348 2045 7438 2410 6673 1097
 6429 4520 2844 3762 2920 5715 1370  734 3631 1230 6655 7268]",0.16066274808423586
"[4971 2949  176 3141 3066 2803 2501 3448 3891 1045   30 3126 1881 4882
 1906 3309  984 6679 5013 2864 1266 5585 1941  565 1769 3660 5362 6941
 2881 1337 7437 3435 1040  620 4828 2652 5188 3763 2526 6929]",0.2346228165222275
"[ 603 6682 5138 5479 5284 3004 4726 4150 6552  735 2517 2424 2355 4399
 5434 4333 1629 4909  290 1350  174 6970 5295 4935 5531  446 5927 7207
 3599 6356 4715 3666 4992 2291 2790 4050 1031 5831 2030 7037]",0.20222323160225142
"[3724 6320 7264 4454 6976  626 4009 4875 1072 6945 2488 7019 7261 6229
 2647 3692 1111 4023 6031  293 4552 4061 4017 1731  620 3804  504 3056
 3513 6008 4913 3745   55 4043 2372 5392 4711 5246 2682 1694]",0.17987233856663123
"[4437  653 1529 4438  822 1807 2490 4400  808 3601 4168 5225 7033 4486
 5351  812 5023 7556  616 3454 2578  402 6542 1300  931 2377  177 1572
 7538 4070  464 5022 1482 6319 6183 7146 3643  720 6705 2505]",0.1855202239404102
"[3782 3919 5023 5419 3192 5433  215 5711 6154 6468 2752 4760 3999 7320
 5984 1188 3651 4389 1024   43  653 2768 2141 7519 6042  513 7082 3486
 6633 5563 5804 2607 5536 5025  668 4727 6986 2907 2734 3591]",0.1625157713822122
"[ 708 2914 1468  588 6593 4736 2553 5212 4858 5826 4511 6813 4419 1158
 5255 6591 1834 5285 1154  996 5777 2893 4388 6722 4898 6744 3718 6295
 5683  291 3083  774 7313 1875 3905 5624 1822 1013  198 5693]",0.15028408570533047
"[5895 2888 2408 5874 4630 3412 4250  291 7039 1783 4587 2738 2330 4046
 4889 1001 6243 1664 2118 6528 1411 4195 4895 6252 3799 2172 2783 6857
 5185 1502 4894  319 7587 1892 1416 1237  309 2106 2260 1832]",0.16602119263658766
"[1256 1086  366 3502  773  199 5798 1044 3382 2666 5165 2314 3682 7533
 1311 4504  768  449  613 3986 3589  581  522 1559  830 4592 5463  384
 2005 3950 6216 6827 1355 7055 2516 3983  212 6537 6890  695]",0.22029009912712672
"[1280  174 5904 1270 4421 7541 7110 6717 2842  437 4180 7485 4076 5183
 1368 3040 3550 1612 3241 2774   66  159 3454 1056 5142 4317 2501 7348
 7445 4538 1886 4022 4850 6962 4670 1788 4723 5675 3739 7107]",0.1527718843214788
"[ 881 2420 5613 6192 7060  802 7133  252 6570 5193 5420 5511 6994  602
 7195 1187 5623 6307 7471 3785  272 6825 1541 3654 5435 4384 3918 1435
 5826 4881 2652 5607 1265 4530 2684 2756 3417  731 6868 2376]",0.187213198224277
"[7050 4319 3167 3489 3686 3584 6193  216 5655 6826 6693 6584 6962 3004
 6909   91  472 5543 4038 6429  949 5297 2873 2028 3253 6765 1459 2000
 2825 1841 4582 6201 7253 2494 6068 6655 4094 2654 5327 1620]",0.2077312878536547
"[5706 3337 3949 4580 7363 5534 2046 2480 2862  525 2001  418 3958 5555
 3389 4143 1031 3215 4589 2176 5305 6075 7308 3429 6180 1232 2536 4611
 3764 6542 2355 7544 5389   14 1828 1053 2857 2819 6644 1511]",0.19564970571863488
"[  41 6611 6187 7214 2557  663 7275 4036 5970 5168 3265 4436 5421 6841
 1115 2515 2365 7582 2403 4561 1537 2606 7133 5282 1106 4614 4563 5221
 6199 5508 5060 5053 2869 4111 2639 7450 7588 4570 7189  254]",0.1962669149710053
"[1677 6723 2712 5062 3259 6207  796 2550 2374 1323   10 2548 3395  643
  611 6575  981 2977 5068  474 3587 7162 7154 1971 5608 1804 3078 2236
 2802 7365 7274 2869 3951 3902  327  308 3500  582 3803 1202]",0.2544168102390896
"[1032 5299 1565 2421 2856 2222 3424  721 1400 6064 6882 6039  617 4539
  783 1965 1103 5769 1534 6610 4406 5478 4136  576 5487 6947 6104 3549
 3314 7000 4882 3372 6461 3810 4010 4271 3870 1189 4990 4033]",0.1898817137378034
"[6829 6300 6626 3979 4769 2228  159 5680 5187 7386 2415 3371 1859 6061
  676 3905 1710 6978 5985 3412 6276  366 4504 7234 1915   20 1241 3324
 3647 7143 7383 3917 4945 5654  837 7289 6764 5441 5495 2994]",0.1893914903282693
"[2028  178 2774 7515 6907  308 1152 7407 6260 4325 3045 4009 3230  255
 6999  363 6621 4950 2045 3473 5787 2159 4062 3462  944  690 4178  216
 6672 3653  589 2014 6913 6509  900 3521 4243 3371 1392 5763]",0.23248786290098722
"[4550 7336 1493 2848 4243 4098 6736 5480 3050 5006 6783  150 1338 3491
 4732 4501 5237 3672 1764 5166 3819 5018  641 7137  814 7476 3443 1085
 2212 1697 7311 7493  335 4831 4805 6458  918 3734 3582 5998]",0.14648916580801052
"[ 208  990 3998 5235 3162  230  859 6094 7377  965 6206  616 7326 2560
 6552 3918  932  405  329 5129 6578 5267 2155 6120 1006 3190 3641  641
  847 1262 5575 5951 5406 1845 4193 6846 2967 2238 2601 3309]",0.18456622161818242
"[5933 3680 3694  772 4278 2947 2336 5035 3946 5013 5418 6445 1831 4530
 4484 3875 5494 2315 2495 3467 5672  317  861 5509 6736 4959 2795 5382
 7447 4100 1190 7199 6249 3693 3829 3624 5177 5376 7192 1125]",0.14837967828831172
"[3953 1222 2480 2509 4601 7354   45 2093 3617 3844 5363 2815 1155 6863
  772  165  741 3817 5716 1180 2516  437 3072  976 3360 1062 6540 4587
 6764 6505  295 2734 1297 7435 2255 5231 7595 4801 3735  831]",0.23443580683603588
"[4307 3923 1918 7533 6803 5798  343 6699 4504 4594 3461  875 4488 6138
 6680 3771 2781 4309 5418 4920  279 2641 3087 6080  739 3414 7286 2405
  810 6563 1545 3265 5656 1758 3834  809 2820 3667 4956 1249]",0.17812156825921083
"[4983 5424 5937 4655 1450 1984  749 1352 5539 3765 1308 3559 2415 5935
 6729 4084 6049 3316 1409 4782 1766 4036 1445 7102 7053 7090 5851   68
  979 6985  437  330 5942 1760 3856 2799 2523 7592 6021 5789]",0.16390155633885656
"[1546 5830 5857 7026  926 4969 1907 2089 1282 4224 5632  488 7336 1481
 5272 6014 6120 6886 2400  522  348 6811 3034 2966 4049 1503 2341 5302
  214 2022  567  647 1995 6574 3983 3845 6316 5552 7013  495]",0.14853989142252855
"[3158 1403 4837  368 2036 2175  839 1682 7224 1467 1970 6588 7394 2639
 3260 1128 4054 3074 6749 6866  872 6916  260 4106 2916 5516 1903 5104
 4608 2947 3714 6276 6814 4985 6068 3772 1121 4326 6870 1398]",0.19396667646135748
"[3872 1689 1813 3210 1320 4644 2808 2562 6867 6450 6857 4456 2556 6428
 1043 6025 7427  833  384 5036 6215 2836 6836 3775  798 3551 7463 3830
 4103 4542 1236 1212 2290 4140 1014 6637  793 4430 3442 3668]",0.20042312832257758
"[4145 1415  702  576 1781  347 4330 1964 7441  868 5769 1567 3368 2570
  829 1076 6846 4174 5845 2744  391  484 2233 6111 1681 7119 4034 1976
 4182  266 4349 1034 2279 6803 7274  596 1134 2317 4828 1629]",0.19360601362080548
"[2895 1750 6909 4942 2470 4412   53 5635 3333 3163 6105  139 2765 4873
   47 1400 1810  678 1206 6223  858 6504 4337 6925 7456 4613 7205 5854
 7277 4476  880  101 4373 4483 3404  572 5267 1361   27 4607]",0.15572047947919954
"[  97 4267 1024 7156 6195   94 4702 4992  923 4449 5169 1220  417 4250
 5985 5863 6809 1745 1169 2936 3615 3030 5868 5352 5394 6359 2993 2568
 4554 6139 6876 1491 2280 2292 1941 5888 6851 3120 7215 1211]",0.15177279215568548
"[7089 5315 3295 3526 1382 5509  999 5791  795 3573 1706  580 6961 2271
  818 6265 6278 5811 2685 5164 7405  644 2318 3523 5471 4694 5676 4636
 6286 3213 2200 4174 2672 7226 4941 6631 6427 4564 4640 4966]",0.1481032540537138
"[6961 1463 2816 3297 7279 5862 3942 6140  271 7122  747 6628 6742 4202
 5592 1689  680 2935 2716 2885 5133  630 4764  920 7182 6237 6024 7035
 1552 1870 2553 4566 2653 5572 2724 6092  842 3767 6267 5533]",0.19339301375850618
"[4920 5102 3888 4542 2380 1617 1332 6330 4719 4909  598 5072 5918 5761
 1357 1207 6827 1941 5811 3968 4056 2278 5226 5133 3642  641 6474 6470
 5034 2011 4473 5866 3322 5105 7127 4068 4826 6476 3806 2793]",0.1503843097758853
"[6301  486 6616 5119 6129 2808  314 1908 3329 5758 5526 3730 5210 2641
 2868 7408 6970 2330 4534 5159 2535 4571  229  791  437 5238 2930 4994
 1466 2928 7084 2483 7565 3364   12 2339 4028 5241 7114 2069]",0.2056419676188067
"[7302  661 3747 7507 4541 3925 4049 3885 7278 3364 3037 2132  858 5317
 3542  362 4315 5605 5971 5675 5111  579 1512 1318 7066  476 2051 1873
 3206 6879 4738 1349 1480 3087 3915  937 1594 6522 4755 7570]",0.18216536376667725
"[1590 3101 6772 1756 4234 2444 3166 4997  967 1716  937 4474 6164 4402
 2092 3480 2504 5035  378 3506 4579  798 1518 6278 7256 6129  564 6279
 1252 1097 7031 2188 6903 2066 5151 5686  701 2130 7087 5180]",0.22116994515897648
"[3622  531 6281 7403 2369  304 3695 1027 1422 5360 3762 1413 1509 7466
 3258 3458 6639 6808 6661 6110 3701  990 4233  906 4298  356 5100 5369
 3773 3577 4016 7418 7503 3731 2200  535 6570 6932 2675  947]",0.14858546432053904
"[4958 3299  513 5073 6993  196 7138 4477 2631 5131 5771 4591 1160 5755
 6786  684 5918  130 5896 5227 6688 1429 5742 2781 2147 2159 5884 5710
 6086 1923 3422 2194 1058 3050 3283  458  624 6634 1788 4738]",0.15233387301366622
"[2525 4113  522 2212 6952  414 1475 6258 3609 2991 1106 2657 5486 1103
 5826 6312 4695 4801 7315 1897 3298 7270 3538 3527 6237 7045 7340 7001
  474  841 5022 4040 4261  243 4228 6509 2985 1212 4900 3272]",0.20191948843143104
"[3211 1018  518 5668 6815 6209 2766 1714 1501 5175 7475  641 3012 1441
 1770 2289 2069  287 3289  995 1138 2622 6513 6310 3869 3702 5642 3586
 1932 7391 1136 5557 3630 1803 6236 6128  364 3656 6753 2859]",0.17353855748401245
"[4216 3122 3370 7328 4823 7343 4732 4894 6018  232 6172 7148 6558  227
 5679 4950 6277 3303 2356 3203 2309 6652 2049 4331 4426 2906 3231 2068
 6273 4419 4567 5070 3621  257 1691 3953 6850 5882 6468 3776]",0.14526806553513394
"[ 927 1111 2925 5144 2506 4715 1924 4285 6180 6662 5211 2243  920 1653
  964 6242 3472 6669  396 1187 5380 5536  773 5620 2103 5531 6043 6040
 6370 2333 6508  207 4245 4633  304 7067 4847 5709  991   11]",0.1517828711956718
"[4804 5125 3565 1481 5018 4847  390 7296 6169 3359 2624  839 2713 6517
 3494 7595 3542 5873 5747 3646    0 1805 7426  564 3175 3986 2910 5412
 2845  306 7552 5002   37 2567 6835 1322 1147 6126 4914 7533]",0.1662633652090465
"[1693 6846 4446 4075 1056 1276 6760 1896 2926 7546 2480 1765 6033 5362
 4940 3610 3330 5957 1261  732 6374 4921 5818 2557 1639 4709 2559  256
 6439 6040 5270 6234  813 1266 2855 4953 6721 7017 7048 3102]",0.1795375948143896
"[2629  251 4116 7025 3530 1657 4489 3634 7386 6705 5177 3615 1502 5308
 6978 2966 3739 2131 6563 7530 1163 4248 4756 5089 3752   85 4969 4130
 2316 1787  246 3586 2580 7346 6371 4448 2708 4924 5836 2859]",0.15376773633966706
"[6806 6257  184   40 5243 6689  745 6382 6297 3913  783 3901  874 6170
 5676 4472 1123  981  438 2739 2550 2000 7413 1822  845 2839   53 4190
 3252 6631 2327 7429 3752  676 2641 5350 3658 6029 7556 6044]",0.16620543385832673
"[4787 7307 4899 5841 5119 1568 5398  170 1120 6498   30 3198 2687 2825
 3820 6683  424 4064 4390 1457  781 5004 4012 5346 3458 6307  145 7438
 2247 6601 1991  241 3922 5031 1283  234  832 6173 7107  770]",0.14764603566980103
"[1525 4374 1831  930 1573 3403 2395 7564 3013 2611 7488 6211 3874 7531
 3371 3081 4121 4191 6561 2722 3392 5125 5295 1405 2717 6524  504 5645
 4962 6453 5328 5117 5775 2812 5550 2083 4719 6146  503 7385]",0.17521829465638655
"[1452 4528 1872 2860 6058 6888  914 1169 3545 1828 3640 4673 4111 3521
  612 4996 2820 5274 3810 5776 6180 5155 2873  289 1240 3634 7308 7218
  919 6277 1911 1226 2726 5592  186  784 7154 1567 4120 3557]",0.1697810241495308
"[ 161  728  614 2731 1643 4837 2353 6311 5216 1731  117   26 6383  294
 5062 5615 7568 3432 5677 2012 6779 1584 2410 2922 6179  806 2014 4483
 6310 5683 5067 6013 3920 4736 7026 6981   17 3851  280 1465]",0.15398046321894654
"[ 451 6997 6821 3795 7251 7157 1589 1973 1926 7363 3994 3089 4176 4628
 4338 5570 3052 1607  577 2573 2394 4289 1617 1442 1381 1139 1719 6548
 5387 1902 7255 5157 6644 2493 7433 1778 1848 4533 2814 5521]",0.20542586674034655
"[7209 5567 3538 5493 3040  260 7428 3528 5450 1074 4379 3838  172 7522
 7142 1257 6471 1369 6704  345 6922 4708 1032 3954 3357 5680 5752 6403
 1513 3565  316 3148 4687 3158  192 4468 2984 1347  614 3181]",0.17099317970161063
"[1345 4072 6116 6534 4157 1114 4261  215 7442 1231 6914 1622 4936 2536
 4545  269 7159 7576 6731 5061 2522 1779 4830 6322 7436 6540 1678 2869
 6651 5000 3613 2854 3764 3264 1687 7162 2222 6354 3616 2537]",0.16926747207920206
"[7594 3936 5420 6284 2502 6011 5004 4506 6603 4211 5473 4435 6715 2068
 3195  295 1982 2633   51 7085  628 2835 3049 4105 5993 5312 4097 3203
 5157  492 1653  629 5826 7202 2103 3645 6104  231 1437 3362]",0.14204863077051744
"[7135 6555 6833 2349 4480 7191 2239 4945 4724 7551 7284 6292 6243  846
 3027 2002 2518 2895 1295 2867  192   76 2651 2910 6630 1385 5946 5392
 7030 7067 4351 4347 2478 7476 5024 7410 1906 6580 2721 5637]",0.16684961075548174
"[2366 5083 7298 5798 7361  687 7350 1637  398 4234 2019 6125  266 4081
 4031 2177 1789 3014 6575 6647 6696 6495 2617  434 2489  303  989 5719
 2797 2049 6010 6720 1730 2087 5681 6747 1409 4817 7092 4175]",0.1841698158589417
"[7585 7489 4014  132 6271 6007 4736 3790 5715  836 2084 1295 3753 1996
 5933 5692 3591 1329  332 1819 6224 7479 6530  781 3696 1960 3349 6741
 5083 1207 1749 7358 7256 2426  829 1894 5245  868  372 3968]",0.18184115557085737
"[6298 7552 3116 5394 5347 1989  849 1464 3160 6774 2788 4018 7148 1398
 2122 3731  394 5814 6568 3855 2211 2423  923 5805 2308 2168 2831   92
 5907 3033 7098 6272 6966 1308 5719 2715 2403 7563 6851 5331]",0.17385859540750692
"[6404 2193 3279 4245 1764 1444 5524 3186 1923 2413 2304  978 3337 4277
 3343 6694 7244 2295 7388 3426 1895 1232 5079 2329  126  449 6785 2596
 6612 7307 3136 5421 4480 5937 2971 3439  175 4775 3801 3723]",0.22392454311742352
"[5131 4410  842    3 1861 2477 1098 4597 2337 4085 4975  923  898 4551
 5164 7028  227 7189 4872 6836 3131 5822 3407 5049  691 6112 3145 2920
 3616 3074 6023 1333 5959 1445 2499 1234 6106  558 4132   20]",0.17787209561290082
"[7408  418 5526  367 4594 2350 4697 1502 5072 3983 2849 7004 5070  279
 2566 5412 7152 4100 4390   84 1294 2229 3905 5872 6044 2443 5199   26
 6652 7077  614 1706 7553 3127 2177 7329 6176 2561 5230 1431]",0.13202562950253377
"[2423 5956 6060 5778 5991 1466 1613 4321 2799 6072 6598 1382 5748 4181
 3567 7380 4898 1146 3880 6159 4746 4956  550 7387 4091 3738  101 2485
 2451 2162 5157 6968 1926 2329  482 7460 4691 1289 6815  612]",0.1961627630889353
"[5631 4194 2917 5567 4469 6237  383 2490  717 6007 1317   51 5654 2506
 5170 1282 2979 7097 2178  476 4720 2488 4590 5072  413 2323 2146 4895
 2564 3936 7251 2453 6210 3853 3241 4934 4103 3071 7090 1993]",0.1710257977970563
"[4846 2814 3066 4264 1554 1985 6251 7477 1548 3643 5046 5064 6199 1436
 5844 1040 5669 5622 3265 5927 5003 6897 7102 3988  739  171 2429 6310
  835 6984 6461 6187 2508   13 3965 4205  696 3376 3388 5564]",0.18869341296146247
"[1497 2937 6619 2936 6207 3038  512 6318  844 1270 4477 5394 3316 2790
 5897 5189  218 3980 2184 1145 4318 7379 1827  912 6590 3596 1745 5874
  783 1989 6178 6852 2037 7008 6025 4883 6541 6531 3572 1078]",0.18326437504908769
"[1864 5511 4361 5376 5984 3230 2061 7009 1320 5405  718 1328 5526 1249
 5533 6071  392 2895 1085 1896 6301 1180 7220 2274 6925 4209 6217 4634
 7321  588 2761 2822 5045 6187 5113 2297 5500 3387 6868  548]",0.1693556531061987
"[6833 1232 4378 4573 2678 2465 2174 1549 3174 7002 7574  502 4355 5517
 4963 2664  720 5714  872 5458 5554 2161  627  254  237  815 5582 2957
  944 6811 6671  447 5274 6461  935 6716 4617 1707 4174 2814]",0.18857136343348246
"[2999 2190  870 5304 5825 3190 7572 1810 4043 1282  906 4468 7123 5013
 3498  314  533 7182 4617 6846 3416 2098 2846 7581 7049 1976  392 6115
 7160 5599 3463  570 1363 2112 2978 4907 1179 3354 4312 3381]",0.2121367703045859
"[1360 1934 5486 3315 7452 3789 2261 6773 3618 4233 6528 3578  959 6131
 1561 4341 1293 7436 2815 4177 4058 3792 6994 3839 7273 3083 2917 2161
   95  805   80  772 3666 7406  429 3448 1693 4822 6513 6873]",0.18739852190443568
"[2434 6407 2873 6025  737 5793 2375 2248 5132 6514 2174 3050 1748 1232
 4430  142 5988 4648 6818 6224  326 2487 6509 2112  370 1856 6367 3771
 7322 7301 3334 1750  695 3391 6692 1981 5112  897 4569 5562]",0.2080873214572261
"[6313 6157 6512 7204 5727 4416 5245 1213 4348 7577 4235 6671 5385 3002
 5519 4910 5983 4131 1063 6226 5737 6728 3015 4893 4760 7098 2868 2832
 4528    0 7381 6494  784 5920 3773 5604 3230 6167 4484 1293]",0.15280497302127283
"[2500 6236 3607 3827 1699 1986   13 1173 6981 3568 5754 3770 3903 3836
 2432 4376 3600 1066  124 1417 2060 7222 4904 2080 5234 7126 1281 4980
 6763 5785 7297 7582 3059 6044 1107 3806 7168 7384 1225 6075]",0.15833124312494537
"[1845 3214 4417 3012 4844  462 6072 4615 4519 2446 5220 7135 1841 3638
 5966 1981 2378 1552 3207 3227 5294  771   32 4382 6749 3791 1295 2566
 3937 1497  401  190 5439 6587 2287 1888 3781  971 5811 2417]",0.21041193652044893
"[6418 4850 3969 2514 2266 5266 5783 4988 4308 2447  688 2547  653 5036
 3203 4394 3943 4876 7038 3067 5989 1953 3911  914   65 5213 3621 2953
  473  458 3159 1918   53 6742  278  917 5513 6948 2648 2980]",0.1804284288825684
"[1730 2125 6141 3487 1271 3707  564 2377 3347  180 4891 4748 3545 5077
 1676 1055 2588 1464 6053 1095 1641 3901 7004 2411 6977 5711 4791 5521
   48 4908 5237  502 1083 4100 7386  421 6696 5025  411  153]",0.17268431644101292
"[4791 2103 2337 2090 1441 2285  661 1165  487 6170 5202 4396 6103 3833
 5194 6091 7185 3756 1409 6773 1473  288 7590  611 7384 4553 2254 6536
 5488 1241 5846 5993 1111 3115 4461 4123 5684  652 5635 6197]",0.19695598687398871
"[4114 2159 1020 6425 3633 4503 7488 5496 2344  496 4415 6238 5152 2714
 5104 2291 3322 3213 4834 4632 6927 7377 2482 5686 7277   61 3950 2228
 7589 3122 2659 2983  131 7150 4191 1704 3861 4989 3999 1010]",0.17910984740031957
"[4218 1992 4178 5635 3031 6496 4696 4345  817 6856 1243 1191 6400  764
 7031 4735 6012 2868 5923  890 3609 7420 6941 3322 6027 2273 3225  777
 4582 7266 5915 2973 5375 5401 3168 5169 6984 2250 2109 4742]",0.19001750012044638
"[4697 1541 1245 5057 7377 4078 4822 6632 2649 1751 4634 7573 6626 6269
  636 5412  343 3967 5351  336 4861 5443 2683 3087 6421  563 2183 1723
 1685  407  532 6117 3561 3345  875 4492 6240 4221 5477 4234]",0.18113973493730423
"[1720 3357 4994  880 7571 2881 1525 1651 4051  747 4066 7565  988 2161
 6359 6285 6207 7172 7499 2747 6573 2013  573 1597 4010 6688  159 3644
 1115 7020  445 2122 1450 2035 5191 7297 1765 3404 5112 3410]",0.20442972232469986
"[3416  880 2589 2547 6425    4 5562 1733 2661 4243 3146 1934  522 4968
  714  210 3119 4611 4614 7152 3700 1899 3756 2216 4359 4739 7219 3290
 3055 3384 4887 1596 2780 3411 2797 2984  966 2324 3881 5621]",0.2290596480755376
"[2967  525 6418 4670 6594 3412 1941 6179 1887 1579  980 2056 5857 4324
 1999 3898 4974 7569 7378 1955 1389 2962 1640 3879  832 4477 5686 1494
 6752 6406   23 1162 2371 6148 4791 5205 1473 5503 7568 5088]",0.18782476965912429
"[7533 4404 4339  255 5040 5787  610 5170 3545 1580 3233 4839 4875  617
 7151 5765 4909 5424 3450 6333 6963 4307 4552 6164  772 2598 4770 5052
  195 7004 2024 1002 3969  392 6586 1983 7525 1182 6713  509]",0.14697079213118747
"[3164 2462 7378  453 4780 5044 4929 7140 2645 5908 5875 4538 7356 1493
  164 3085 3496 5461 5280 4623 5850 4661 6789 1868 4826 3586  729 6938
 2319 5505 3089 2809 3011  324 5611 2226 7064 6110 4715 5936]",0.17571937148657568
"[5408 6501 3920 1463 1282 7021 5057  552 4581 5816 5320  820 6654 6896
 1715 4435 2643 1765 5673  332 1754 5575 4248 4934 7536 5316 4930 1302
 3413 5089 3880  638 1394 3224 2655 7343 4567 1333 1314 6889]",0.21034677056157475
"[2098 4411 4278 6699 3870 4091 4864 2755 2831 4510 4725 6404 6665 3793
 1578 4882 7538 5477 3452 1095 4423 6976 5851 6379 4454 7270 4441 1698
 1848 1374    4  138 1785 7448 4121 6271  727 1671 2911 5338]",0.15582074038028362
"[6505  856 7086 6419  562 3517 5607 1253 6910  265 3904 4749 3173 1036
 1153 5490 2592 7522 5427 7233 3877 3104 3506 1864 4032 6083 4164 3923
 1932 6672 6494 4606 4093 4094 6918 6968 1886 3822 2028  538]",0.19335177729964598
"[6396 3700 3922  893 6732 3913 1486 5417 6761 6721 5839 3374 7502 7293
 5597 4280   28 2841 5698 2309 2379  455 3418  820 4694 3058 2508 5831
 1850 6850 4913 5084 1477 2405 1948   90 6082 4795 6331 4924]",0.16880220251901773
"[1865  909 4152  312 2369  936 3094 3046 3923 3829 4736 6707 5650 5263
 1526 3454 7047 3564 1680 2251 6998 1306 3858 1648 6874 7183 2395  840
 7542 4101 3118 3709 6777 1185 3518 3913  662 1063 7229  670]",0.2246169689859065
"[7006 3116 4300 3267  579  129 3817  481 6456 6623 2250 3317 2012 1510
 7293 2279 3752 7148 1551 1080 4639 4260 3216 1412 7132 1589 6960 3001
 6865 1291 7247 5497 4581 6689 2015 6818  998 2796  826 3592]",0.19912941072270973
"[6204 4073 6783  953 5783 5393 6374 7553 1049 4105 7052 1654  357 2456
 7298 6765   97 3684  608 4964 5528 4573 4628 5917 4365 3147  158 6317
 2759 2503 2071  711 6221  605 7524 7087 3529 2526 2300  634]",0.1689374273487263
"[6186  957  386 3226 4457 5574 4283 3554 4924 4347 7555 3212 1065 6284
 1550 2724 6785 2010 7244 5208 2932 5693 6014  579 5024 4213  243 1090
  817 4174 2516 1166 1176 2183 4042 2607 7248 1893 2625 1779]",0.21140510741812688
"[5060 3495 3183 4109  179 2744  810 2325 6017 1396 5113  499 1361  132
 7477 4348 5398 2200 3863 5587 3000 6630  544  453 3065 1413 3919 4152
 2393 4637 5238 5441 4828 2601 7003 6918 2851 4068  199 4665]",0.17383721322228574
"[1481 3998 3424 4672 4842 1740 1570 1818 5995 6775  541  821 3872 3849
 6709 2499 7196 2624 1720 1777 6113 4521 6792 7451  939 3071 3825 5200
 1389 3548 2821 4523 6846 6016 6640 5581 1496 6215 3412 4303]",0.1402846545446875
"[2874 6145 5662 6023 4978 4019 1674 3434  154 3392 7439 6954 7571 5381
 5798 2381 4484 4071  420 6322 1185 6975 3254 3124 4124 3151  569 1502
 7185  269 5495 6580 3192 2371 1943 7098 6168 4198 2044 1089]",0.22416410684487975
"[1003 7212 7087 5734 2894  519 1833 4863 6291 2197 1890 6494  714 5866
 6897 4436 2522 6683 6462 2814 6499 7126 1175 4858 7290 2737 6259 5149
 1033  377 4731 5379 5038 2272 4571 2944 5451 7568 2568 4431]",0.1863247673325738
"[1692 4712 5916 4153 2897 5154  362 1676 3746 7137 7273 4222 5262 3011
 1446  421 1166 4910  963 1490 2214 5679 3572 6763 7155 6616 4931 7296
 5688 4074 6741 7459 3868 5753 2186 4698 1416 2881  879 6093]",0.20098049870251913
"[5100 1010 3069 4919 3519 7352 6099  469 2146  366 6949 7077 4430 4651
 7488 4734 3088 6814 6570 4366 4690 6964  386 5444 2036 2993 7303 2230
 2667 1300  865 4098 5012 2843 4853 3628 6177 6008 2245 5584]",0.1673323977360182
"[4047  344 4101 1525 6867 3623 6267 1708 7264 7071 3089 4406 3360 6159
 7048 3724 4604 6606 6794 2947 5852 1450  361 6088 2623  387  443 4946
 2118 6312  197 1524  711 4071 1092 6365 6470 2862 4263 5734]",0.1906334124919693
"[3055 1792 4578 2204 1572 4045 5021 1111 3859 6241 4567 5114  741  716
 1727 5784 2024 7335 2194 2980 6959 4888 5800 4399 5180 3793 1226  717
 3119 1633 4116 1149 2786 2271 6228 4159 5813  152 4263 5894]",0.14672677360390832
"[ 412  805 1678 3726 1769 4657 1316 6614 7141 4178  731 5138 4148 6084
 5712 5217 5326 7383 5301  294 2595 1384 3643 5108 4418 6656 5337 6802
 2187 1009 2027 3060 1622 2717 5659 7205 2842 6763 4087 6388]",0.1874540896979688
"[3195 1979 6635 6135  784 2405 1796 2714 5210 2236 1391  407  524 2330
  953 1927 3287 6494 5269 3151 7015 3453 1564 3275  677  708 6196 3513
 6175 5645 4918 2434  344 2053  153 5699  730 1981 3373 7365]",0.22791526163528436
"[6148 2654 1461 3447  573  313 6895 6934 7133 2024 6274 3045 4096  802
 2760 4294 6071 4213 5386 5113 5601 5665 6487 4085 1356 6445  116  393
 6992 6490 5517 5001 4877 3362 1747 5082 1454 6207 4447 2699]",0.16344088502117055
"[1384 6119 7308  728 4693 1551 6250 6977 3474 4329 7376 5651 2704 7461
 6411 5947 1233 1576 1389 4248 2260 5886 3023 3114 1916 5072 6445   67
 4216 7537 5173  935 4839 5078 2744 5973 3893 1398   89 3461]",0.16926955537213162
"[7160 7320 4982  582 1501 1854 3685 3190 3970 2276 3698 7116 2450 1274
 5926 2413 6596 5666 2223  356 6159 7298  205 3871 3082 3070 1234 2048
 1095 6927  458 3597 3824 4745 4897  968 4458 5283 7345 7254]",0.1664547662316451
"[6494 4768 1462 5554 4856 7115 1463 6729 7211 1412 2303 5348 3847 2535
 1791 4817 3973 2671  906 1687 7331 3799 3354 6832 6071 2195 2464 4056
 3888 4840 5427 7550 7102 6758 6545 3987 3507 1741 6154 4708]",0.2157114424171454
"[ 402 1687 6574 7115 4512 4238 1412 5223 4456 6319 2377 7415 1370 3685
 2931 2196 2376  759 7247 4177 4214 6355 7024  595 5054 1739 2618 1485
 4652 6299   13  126 2288 1663 5373 5576 7586 6629 5414  336]",0.16535038833166704
"[5228 7421 2858 3949 4763 1763 3566  364 1817 3150 5305 5437  736 4391
 2895 5138  752 3165 6498 4935 6243 2723 5354 2089  733 1066 1381 7154
 6195 4143 3018  520 3368  980  868 2385 3130 1357 6910 7052]",0.2207546453365598
"[ 994 1876 5862 3333 7401 5389 5519 1815 2721 1250 7490  686 7129 5016
 6353 1137  518 7166 6813 4671  912 1208 4858  714 6698 4382 1332 3573
 3631 3584   82 6767 6808 4016 3385  791 4843 5301 5289 3935]",0.17456246393852554
"[1306 6067 2985 1325 3131 6330 7024 4625 4321 4350 1465 5007 5184 7417
 2146 5136 1642 3076   31  107 4654  894 5213 4428 4253  532 6990 6635
 2677 5821 2554 5047 4904  622 6813 2690 5559 3000 1220  447]",0.15805385569879488
"[5620 2319 1494   45 4507 6934 2847 3653 5247 1893  564 3666 2789 2152
 1029 4048 6465 1347 7414 3349 3340 2649 7214 6706 4835 4748 1903 3782
 7382 1855 6414 4563 3161 5917 3073 6752 2666 3829 4251 1747]",0.19531432931013137
"[  93 4032 4706 3081 4494 5519 3184 3795 4466 1236 5632 2236  242 5710
 5032 1661 1250 4680 1618 1511 3557 2630 1763  174   38 2836 2921 3933
 3167 7283 4121 6721 4213 3687 2035 6744 4991 5467 6658 7015]",0.20644661820689042
"[6051 1805 2348 6212 5352 5952  794 7023 4341 3423 5605 4735 4574 3894
 2776 6574 6670 2525 2089 4922 7441 2032 3967 7511 3377 3608 1743  286
 7129  521 3851 5287 5133 3182 5009 1962 2832 5676 6952 5435]",0.15430118023127204
"[ 237 2028 1661 1215 1683 4395 7501 6252 2598 5801 7176 2045 7311 2801
  163 1521 6793 3073 5680 7537 6966 7475 6530 5880 1153 3189  450 6959
  791 4425 5746   14 4779 6714 2558 5814 6889 5754 7079 4058]",0.18183480598496204
"[7277 3477 7390 5836 5783 3255 1043 2648  109  910 3478 2351 3697 1209
 5079 6484 5831 5764 2463  996 3566  487 4457 2615 6008 6691   90 5470
 5670  706 1351  122 3694 2793 5609 6493 5878 2302 2344 2400]",0.16867919619086896
"[2433 6424 1265 4250 7301 3611 5365 3481 2264 5993 6580 4160 6264  453
 1961 7593 4025  688 3417  537 2844 7284 1932 2399 3294 1998 2612 6476
 2049 1119 5654 1245 7094 3432  181 1167 1089 2658 1271 4122]",0.22738309530108664
"[5421  564 1690 4311 2438 1550 7343 5081  666 1541 7072 1330 3401  232
 5811 4274 1528 4079  795   36 4760 1549 6386 3722 3412 6745 4336 7059
  509 4754 2080 6304 5407 5247 2048  613 4582 3637  863 2809]",0.17248797117047426
"[5838 1076 1446 2714 4747 1380 3308 4481 3409 1710 4617 4464 3291 3320
 7057 3617  423 5418 4600 2564 6811  687 1994 4086 3865 2185 4893  965
 1237 6422 6732 3581 1082 1945 4606 3752 4466 6985  709 3539]",0.19136957025486118
"[ 533 2497 2356 3254 1815 2954 2856 5662 4960 6851 7486 1840 1611 1727
 1893 4928 7446 5471 1266 6103  159  718 7373 4397 4971 6867  629 4884
 4950 4096 2658 3788 5252 5598 5660 1496 2694 4846 5086 5686]",0.1546419438400826
"[1094 2051 4312 4656   52 1541 7486 4807  299 5775 4369 2348 7361  943
 5881 4954 4561 5364 1506  307 6653 4308 2738 5778 4070 1604 7503 2299
 5725 4244 4464  388 6642 3606 1076 6362   93 6038 1169 4536]",0.1607662199276463
"[5176 6807 5166 4209 2585 5075 3259  992 4854 2683  220 7266 1175  465
 2737 5826 2978 3510 1185 5382 1564 7472  251 3808 2797 6607  303 1088
 4660 2717 2491 6910 1640 4036 1329 3430 3556 4859 6234 3570]",0.20074786234227046
"[6402 5326 3416 7051 6347 5735  799 3707 7143 6681 5987 4280 5112 2879
 2369 2420 4102 4872 4458 4970 5639 2729 1544 4428 4051 1414 5492 3612
 5322 2084 6959 4585 2607 2836 3430 2422 6756 6978 2501 5158]",0.18530907901344815
"[2289 6444 3235  595 3431 4820 5940 5152 6316 3554 7311 2400 1283 6873
 7405 2064 6560 4349 4325 1887 6356 4984 7339 1567 4217  523 2263 2082
 2690 1061 4098 2624  861 3741  654 6108 1726  906 6925 1302]",0.17041304581837768
"[2740 2701 3041 3534  993 3036 2054  401 3084 2880 6671 7596 3936 1894
 7523  315  277 7180 7266 3524 2199 5502  328 6668 4569  931 4911 5620
 1059  733 4614 7507 6343 1940 6209 2160 5395 1593 7101 2465]",0.18441903819411098
"[1634  146  557 5568 3414 2377 3681 1261 5802 7294 6155  382 6708 7225
 1086 4390 4422 3001 6429 6302  213  777 3914 2857  672 2494 6774 5344
 6653 1882 7340 3376 6167 4173 4175 4674 3929 6897 3626 7301]",0.17326203706527174
"[ 285 3359 4507 3828 3674 7082 7500 6393 1638 4212  345 1078 4465 4683
 4621 2196  532  367 7033 7594 1361 1226 3657  489 5109  183   69  458
 1603 5997 6487  487 7394 4197 6053 2524 4557  508 2552  394]",0.1254517153825239
"[6764 1596 3899 6260 2906 6921  554 6567 6632 2830 6869 6347 2042 1070
 2381 3500  778 3184 5862 4749  813 6171 1901 6333 6511 6930 6918 5855
 5339 5066 1887 5414  528 6875  595 1071 5864 4442 1678 4203]",0.1855869155859669
"[4998 6972 6816 3472 5405 4828 4038 5148 3665 6021 1797 5695 1396 4125
  679  360  823 4543 4761  866 6218 1889 4077 1420 6146 5736 7463 4409
 1539  148 5669 6214 6241 6691  258 4175  437 3668 2456 6867]",0.1662855304094734
"[ 696 2409  178 6497 4386 4982  166 7078 5517 5525  883 3582 2579 2185
 1571 5352 2510 1232 1731 7201 6008 6243 3118 5343 4929 3783 5648 3391
 3218 3723 1808 2561 4076 5121 6437 6289 4276 5568 3023 5548]",0.1929039249567242
"[3842 5549 7332 1392 1790 4628 4761 4913 5691 6799 7528 1200 5221 1484
 5621 3888 2871 4909 3818 1383 3220 3360 6871 1529 1530 5818 3598 6400
 2751 6877 1925 5134 6934 5388 1092 4931 1999 7124 2949 2691]",0.1902832480692309
"[5743 4544 4881 4201 4059  718 3145 5556 4824 5169 4219 6647 4131 7143
 5134 6168 4782 6931 3827 5767 6658 6354  653 1885 5037 7500 6917 2613
 4141 5149 7454 4416 1309 7339 5586 6650 7299 2489 6185 5100]",0.14523824250462541
"[6017  407 1957 1623 2728 2147 6457 4820 2549 3585 2213 6339 6661 3320
  617 6362 4185 5226 1494  284 4564 6419 5829 3454 3927 2208  456  614
 4893 4956 6676 1154 3843 4412 5782 3437  517 7165 3661  863]",0.20006784749475984
"[ 160 4216 6024 6031 4175  486 4212  418 2782 4073 2263 5028 2060 4760
 7488 3322 4904 2944 2394 7360 1310 4326 1086 3317 5988 7377 5930  985
  283 1375 3830 3626 3151 2161 4507 5573 3567  714  443 7447]",0.17492602391682074
"[2143 2709 3183 1813 5786 5456 6855 4905 6766 6559 6087 1137 2358  203
 2952 1359 4690 1962 3147  938 5706 7012  184 1807 1907 4335 3338 4201
 4412 3446 5210 4023 5559 2651  596 7397 4331 5688 7474 2791]",0.17482490558201813
"[3687 4473 3851 1375 6940 2127 2752 1693 3169  775 7450   10 2120 2946
 3952 6681 5029 3104 6558  363   54 4716  132 5659 6025 5681 3846 7002
 5064 2317 7581 3606 4165 3189 5555  389 1967 1438 1248 6643]",0.17066966200200615
"[4707  401 6923 1848 4381 6143 3823 4762 3446 4597   93 3034 5458 6223
 5027  603 4038 5802 3805 6709 2400 2089  686 4991 4119 1067 7511 2810
 5293 3987  474 6138 4198 7481  359 3094  384 1278  865 2226]",0.14841070652830401
"[7173 1260 7541 2118 7587 1469 1725 3085 7066 3847 6433 3749 2244 5877
 3832 4504 6497 1823  735 6151  104 4141 4408 2166 2329 5948 5942 3826
 5105 2879 4686 3782 7348 5405 4394 5526 2546 1644 2882 5560]",0.1863134202642397
"[7166  468 1287  392 4495 1611 3769 5028 4715 7073 6386 1039 4375 2442
 5019 5824 2431 7543   33 3418 6738 2397 1563 2925 2773 1976 5763 2646
 4637 6066 7535 3177 7171 3158 3786 4384 6615 4534 4841 1558]",0.1894906095188265
"[5443 4397 2987   45 6222 4721 3944 5163 6256 3883 6921   12 4006  881
 1235 4608 5057 7312 1541 2494 3064 2387  164 3825 4827 6651 1728 2357
 7174  506 5584 4733 1204  722 1075 5563 7553 3217 2788 7535]",0.16761867562395172
"[6486 3863 3664 4201  157 7237 1313  598 4243  289 5602 3882 6179 7124
  892 2974 3869 2799 4588 6437 4490 4362 4345 4526 6796 1739 4708 5236
 4707 3299 2458 2826 6751 5967  918 2754 2073 1430 4695 4112]",0.18628546137758537
"[ 350 7280 2854 3039 1472 7448 3175  235 1527 2527 1474 5391 5443 4172
 5707 1035  594 7198 1007 5164 4236 6579 5837 4786 3639 2071  546 3820
 7189 6610 2441  265 6827 4118 4455 7257 4281 2536 5252 5871]",0.19465605350015636
"[6487 5229 6601 6456 3927 1735 2472 7107 2329 7128 3497 2035 3707 3554
  709 2235 3728 5169 2763 6594  989 3342 5366 6284 3341 6646 7238 4188
 5296  721 2894 4800 5206 2241 4431 5657 6639 1620 2954 3709]",0.1717432964709616
"[7074 4112 2028 6606 7402 1104 5671 4281 7447 5172 2135  181 7503 5867
 2147 5820 4101  393 4404 5559 6270   47 1122 7011 1263 2326 4370 1331
 7064 2466 6914 4824 5625 3318  171 1561  751 4418 6846 6828]",0.187161921948448
"[6667 2226 6631 6935 3213 5206  486 6847 2795  507 5914 5960 3604 1366
 1196 5864 6439 1786 5231 2855 1003 3298 4391 7247 7157 1043 6783 2987
 2083 4406 2804 4896 7389 5861 7451 1325 6089 7120 3262 1037]",0.19205479212064416
"[7463 3797 7584 1457 6949 5430 6659 5953 5759 3231 6281 3829 5044 3169
 6083 1659 5611 6162  607  284 1930 6051 3691 2611 6436 2346  292  265
 4019 4594 5429 6151 3849 4522 5976 3464 2294 4216 1060 5046]",0.1474400044285134
"[5492 6418 1258 1171 4797 4971 5954 5162 6765 2996 6468 1252 5072 2857
 7312 4190  328 6594 4224 7425 6995 4443 7552 2867 2887 7099 7515 3837
 6172 1204 4029 3261 2201 3454 6426 1881 6424 2839 3011 6932]",0.1705019614560245
"[ 525 5520 4433 6888 5272 3971  541 6954 4086 1786 1717 6735 4200 1745
  935  532 4389 6572 2581 1244 1794 6557 5827 6389 3037 3585 6849 2710
 1890 3845 6304 2563 1914 4799  734 1233 5150 2448  981 2551]",0.17372585418778294
"[5892 1445 1969  925 2173 4757 3980  276 6656 5124 7382 4078 6387 5909
 4721 6664 6531 3419 7261 4073 1713 3976 2866 6265 3997 4659 2023  574
  631 3385 2488 5154 3844 4932 2888 5698 6322 4348 5392 7257]",0.15957304665338218
"[1851 4231  679 2338 7466 4135 4285 5155 3695 1909 2407 3747 7033  909
 1867 5589 3610 1905 1360 1623 2791 5826 5493 4166 1511 4195  513 3607
 5308 2701 4830 1823 4814 7480 4466 5709  678 5576 4800 4381]",0.1376459825367601
"[ 399 2543 3145 1840 2389 6634 1193 3272  360  614 2822 5778 4129 5441
 3003  949 5705 6192 3899 7521 4391 4781 5977  238 3518 5043 3260 1751
 2531 7470  520 1728 6574  351 1117 3278 6838  124 5093 2229]",0.17889588526774125
"[ 766 7180 5702 3963 7271 1797  883 1534 7297 1781  249 1226 1817 7115
 1828  999 4592 7110 4533 4209 3492 6663 2081 6149 5539 3926 5484 4341
 1047 2004 5811 6514 3163 5850 2312 6790 1550 6097 4683 1800]",0.167530667053256
"[1085 7182 4297 5124 4241 5080 6789 7534 4321 3148 2284  965 2464 1236
 2647  307  863 2438 7233 1899 7583  145 6349 7260 1709 1183 4286 3104
 2885 7335 4377 2921 5206  417 7419 5669  291 6484 6672 5859]",0.18011073058375132
"[5566 7388  189 3278 4263 6360 4852 4820 6621  188 4506 1996 6187 5570
 3308 4246 2677 5087 3501 1807 5522 4005 7069  664 3916 5950 5713 1662
 6445 2381 4339 5493 2332 1164 2366 3662 5416 5546 7374 6008]",0.1771023647394562
"[4189  239  871 6709 1017 5042  149  701 5273 1933 7338  641 3532 2014
 2085 6148 1428  988 1907 6549  600 5446 3756 3430 6541 1651 2536 6840
 2725 6021 6213 6197 6063 6685 6744 2219 4419 6383 7387 1840]",0.1781916086306703
"[3406 6289 5111  912 2800 1427 4293 6336 1911 6228 6317  430  724 4338
 2327  360  641 1594 3711 2660  908 5889 4523 4675   52  646  109 7062
 5875 3205  960 3507  776 5133 7056 2170  673 6881 1674 5479]",0.20229072901510256
"[1475 5264 4403  476 6197   22 1212 7568 6850 5174 2404 4489 6996 1499
 5986  896 4694 7537  552 6166 3809  521 6809  319 4094 2875 6567    7
  502 1993 4036 7057 4347 2687 1462 7335 5138  617 5994  307]",0.1839048241598021
"[ 514 3952 2582 7020 5244 3627 3113 1767 3823 5472 3568  735 4240 2699
   24 4731 7026 4266 6983 6497 2382 5469  196 5524 4953 1028 5896 1141
 4669 6566 4418 1528 4121 1900 3946 4425 4988 4372 6011 6943]",0.14502227922512942
"[ 685 5802 6052  143 6799 6822 1179 2780   19 5140 2294 1145 3131 6657
 2206 4826 2729 4242 4677 2618 5840 7570 3944 4577 6505 1793 6167  600
 2610 6787 7128 5072 4057 2621 5793 5619 4699 5966   73 1064]",0.15140283289936285
"[4935 6176 1388 6383 6296 1882 3053  579 4180 4001  180 2102 5306 6025
 7316 5208 6774 4940 4975 5338 5263 6249  902 1181 3657 7474  802  338
 6129 1212 6468 5077 5050 2105 6655 7097 6749 3664 6998 4745]",0.15371604702064345
"[4814 3287 4723  326 7592  311 7013 2771 5242 6801 2456  475 6806 3494
 7208 3250 1668 4603 5883 5802 1068 6180 5085 2711 4312 3482 3540 3729
 4920 3307 5155 3022  464 7386 2894 6761 7166 2541 4192 4461]",0.16525343714389923
"[ 581 7491 5654 2789 5931 2623 4688 3803 5163  137 2583 3079 3521 3997
 6605 7217  203 6066 6071 6678 3859 1382 6026 2401 3190 1950 7113 1663
 5072 5777 5016 1852 7550 2067 3185 6684 3681 6849   16 1795]",0.17735101514584134
"[3185 2467 6975 1384 3424 2619 5611  812 2834  194 6916 4484 4654 2618
 1114 6172 4695 5661 2433 5839 5142 1176  560 2846  780 1705 5367 2866
 2888 6718 6681 6619 6198 5349 7058 3940 5318   88 7319  926]",0.1907263905175383
"[5909 5155 5383 6322 7425 3383 4122 5929 4526 1801 5012  755 2904 1124
 5399 1681 1887 1503 3266  481 1560 7492 2649 5856 5761 3715 2083 5555
 7334 5757  617 6381 2966 4404 3605 2546 5747 5559 5097 1814]",0.1744714880591985
"[ 432 6885 7145 5325 5800 6495 5632 6646 6771 5733 5671 5132 2840 6629
 2496  303 7280 5383  541 4235 5272 4281 1996 4084 3602 7238 4800  733
 1795 3387 6941 6514 5750 2778 3310 4171 2078 1705 3674 5336]",0.1339970982171501
"[6393 6404 4965 5031 6427  595 4756 1760 3441 3013 7392  434 4178  990
 3893 3509 2327 2321 3365 5560 4530  285  913 5958 4428 6490  647 7564
 2872 3698 6944 6978 4507 3805 3218 6954 7289 2064 2848 2302]",0.224030877644049
"[2676 6462 6250 6497 2787 7495  156 4585 1416 7049 6089 1084  875 6947
  226 3838 5269 4695 4416 3896  389 6674 2773 6575 5813 5143 2533 6707
 3039 1807 1231 6273 5972 1154 6725 1365 2485 7334 6550  369]",0.13245323782499058
"[3840  414 4116 4973 4278 1484 5005 1040  607 6509 6976 7022  186 6917
 7300 1786 2402 3646  811  292 7037 5590 3068  644 5739  702 6849 6926
 1021 6571 6569  895  176 1519 1257 7414 6068 7179 2767 7102]",0.17975689934627506
"[4194 1768 5760 7280 3138 5685 1521 3842 3163 1713 5215 2709 7349 5514
 5815 1697 7393 1866 7123  848 2669 4843 3644  926 2805 5299 7045 6236
 3423 6195 6806 4747 5397  984 7386 1322 3920 7036 2557 4033]",0.1737409900885139
"[4739 4630  224 3050 4281 3927 4953 3039 3771 1218 3499 6850 4535 5865
 1729 6272 1931 3018  851 7538  470 1272 3396  169 2076 2678 6286 4606
 2146 7393 1977 3380 4901 5884 2190 4686 1675 1297 1049 1805]",0.17479930799048055
"[5361 1002  413 2240 6825 7030 4474 2770 6816 3068 6618 6106 4815 6881
 7059 4230 2175 1674  716 6223 5589 5184 3805 7532 3071 3436 5943  640
 1561 7429 3267  165 7506 1523 3478 2013  491 1935  885 6528]",0.17215868624573624
"[4192 1043 3521 5822 6892 3486 2956 3336 1230 4257 6023 2931 6197 7126
 7176 5290 3998 5104 6566 6404 5366 3106 3156 5920 5248 3465 5148 5094
    7 6579  337  967 4194 7417 5498 3327 1722 1503  996 4088]",0.16041605582825524
"[6794   91 3122 7374  703 7438  297 3797 2712 5984 4708 7463 2842 4952
 4409 5287 5014 2331 3164 1620 1314 4681 4070 3510 3021 2016  661 4747
  857 5056 3112 4554 3865 2436 6822 3006 1765  441 1552 7565]",0.19285246102019635
"[5462 1050  457 5097  390 4895 3202 4928 7061 2039 6649 5130 1885 3069
 1938 3534 3245  601 6696 3158 6328 2663 1495 5779 3057  304 2449 1431
  886 4069 6272 6305 6538  317 2270  789 2057 5453  577  491]",0.19381140617773537
"[3581 6836 7277 5600  955 3660 5170 3621 6631 4608 5947 6804 3553 2171
 2412 7376 2414 5992 4263 2379 2901 6980  158 1033 4219 3747 5309 2791
 4342 3166 6951 3503 3295 3995 4580 6424  111 5422 6028 7285]",0.2156296595434747
"[4526 6006 5200 6132  713  623 1600 7395 2736 4892 3298  876  376  137
 4823 4474 2629 5115 2521 2140 2613   92 4085 5644 2953  454 1204 5868
 2182 2620 2992 5614  246 1085 4438 1125  460  264 4006 4369]",0.1974712134351181
"[6030 5810 7227 3196 3905 6539 5370 2608 4968  793 1540  966 6601 2196
 1122 6927 4795 1780 1537 2543 2973  628 6343 1897 2717 6869 5660 1844
 3380 6454 7242 4997 6047 4464 5009 4399 1942 3571 7500 6886]",0.1667688995207195
"[3886 6048 7090 2820 1173 5220 2774 6949 5494 3364 6771 2640 4617 2287
 1607 1233 7275 3502 2345 2028 7529  905  118 4765 4499 1296 3669 2986
  515  320   55  868 4010 1712 5754  798 6630 6570 5775 3750]",0.20182514883012997
"[6295 6153 4758 6993 6499 3234 1813 4187  586  206 4151 1740 1317 2152
 4766  152 5485 1774 4292 5096 5083  529 5380 7186  270 2447 6444 3729
 5038 4858 4186 4179  326 1490 1078 5796 6516 3509 5434 4081]",0.19358784243944868
"[6380 1282 2848 6565 6254 2499 2521 6722 3400 2621 1537 1294   27 2635
 7136 4891 6018 3244 4305 2068 2384 6540 2094 2875 2923 6634 1647 6350
 7083 5101 6352 5626 3641 5597 7594 5539 7405 5671 7582  320]",0.16071723346226352
"[1810 6223 1299 6703 4976 1989 4770 5234 7427 3819 4175 4037 6724 7289
  412 1279 6453 7184 2553 4501 1495 2726  156 6916 5901 6561 1266  790
 2152 5979 1270 3999 1900 4151  680 5476 3598 6862 7440 3883]",0.16625787215786475
"[6006 5830  834 1509  645 1496 5063 1775 1790  810 3215 2435 7231  871
 4377  849 3061 4096 7330 3194 5140 3883 2293 4720 5290  323 5938 5826
 5269 4160 3544 6857 3658 2705 3511 1672  499 5429 1139 4035]",0.18088799598237465
"[1445  337 5329 1792 3291 5932 6552 1267 3374 2733 4639 2468 6192 5660
  980 6584 2285 4584 1428   96 4646 3406 3223  750 5480 4567 4196 4092
 1622 1202 2174 6108 2329 6945  359  867 4730 6573 2257 1939]",0.20609428309993957
"[6405 5581 5737  571 1602 3052 6645 3697 2933 5414  554  415  480  848
 1757 4149 3308 2036 6506 5101 4778 6714 2484 7254 4400  725 1169  113
  930 4562 1045 3417 6719  151 6936  669 5262 5023 7339 3527]",0.17722033503883222
"[1541  781 4584 1454 7422 7143  355 1056  564 5478 2043 3117 1070  148
 1461 1711 3642 6392 1296 2385 3449 4190 5730 1909 3639 6268 5296 3528
   66 6719 3321 3337 4279 1123  205 5323 3709 7098 3168 3320]",0.17348624026952347
"[ 511 5137 7054 3034 3817 7255 1712 5963 3177  708 3931 2792 7191 2624
 6208 6904 2805 2454 6774 3404 4684 4480 3196 5559 3122 6304 7127 7523
 4484 4182 6389 2523 6771  551 6556 1478   54 2518 7192 3919]",0.175228322456203
"[ 315  167 6755 4639 7566 4340 6121 4709 6100 2461  681 7463 2153 4695
 6040 1070 6267 1312 3521 1339 3857 7529 1082 4141  632 2487 4494 6266
 5764   64 3946 7361  629 2835 2014 5091 1859 3099 1117 2091]",0.17733904232078834
"[5075 5457 3218 5847 6478 2607 4148  926 5462 5176 4675 2141 4418 2287
  337 7017 2664  900 5495  725 4375 2872 2954 3129 3711   11 2089 2397
 4595  828 4560 6902 2505 7370 4267    8 3619 5793 6777  722]",0.22284178199938737
"[4649 5205  438 2125 6073  210 1217  855 2806 6693 7485 2035 5775 5490
 4579 5151  138 2498 1006  914 2540  769 4046 2673 6266 4587 5700 3092
 4282 5334 5045  683 5434 3534  378 7193 5011 4863 3653  130]",0.14820877626685697
"[3057 1053 1891 1705 6706 5156 1049  125 3411 5898 7438 3742 4207 4356
 7164 4738 5446 3549 1556  907 5325 3329 4145 1000 6006 3304 3798 2429
 1495 4870 4450  395  883  187 3202 1212  132 1536 6857 2153]",0.16922676514475576
"[2547 5502 1412 7232 4400    0  781 3688 1069 4705 2878  777 2984 3590
 3748 7479 7471 1260 3836 5716  188 1442  710 2043  225 2345 2539 2232
  734 2382 5805 6868 1703 7469 1756  397 1838  234  247 4665]",0.15800724829603682
"[6825 7043 1186 6745 1820 1259 3983 2385 3639 6307 6266 5336 3343 7098
 5288 3685 5824  759 3432 5715 5723 3127 2891 7082 5357 5814 6126 4343
   93  263 2106 2374 4168 3049 5012 5172 4107  556 3600 6022]",0.17265541013077879
"[3258 1378 1135 2607 7329  927 3703 3917 1143 6438   56 4504 6963 5830
  966 7043 3460 2970 2044 2685 4197 6610 5761 3953 2953 5485  790 1423
 5942 2568 5120 2081 7592 1026 3805 6367 5130 4795 7490 2394]",0.192499428127109
"[5584 1890 3505 4149 5502 2166 1627 1672 1578  359 6521 1864  855 1487
 4346   46 4229  286 1173 4744 4017  740 2946 3046 1772 3409   11 6121
 5857 4266 5677 2359 4265 3883 3696 6104 4390 7249 3626  835]",0.2036062181301136
"[7552 5674 2682 7174 1553 4367 2417 5031 1790 2390 1127 5317  798 6671
 7545 1467 1074 4245 5228 6518 4279 2375 4595 5505 5274 6381 5939 3496
 4023 7029 5098 4650 6303 6554 4770 4375 4016 1675 7554 7111]",0.16049869966694286
"[7564 3485 2127 6056 1538 2029 7526 2498 1049 5770 1789 6262 5124 3423
 5744 7241 1444 5724 6798 1340 3405 6347 5448 7178 6950 2067 4818 4170
 6597 6966 3144 6030 2260 3033 2121  733 3403 7397 6127  695]",0.1879885115682791
"[4433 3558 1942 1813 3223 6356 3393 3573 2163 6076 3548 1836 6871 7414
 4250 6227 5405 6948 4998 2725 7589  356 5793 2673 5655 5690 2262 3255
 2686 3920 7520 2782  240 3040 7221 1312 1955 2289 6505  312]",0.1963226292075442
"[ 713 2231 6816  815  912 5342 1662  697 3034  151 6573 4560 5690 4153
 1786  463 7297  624 1724 1047 4880 4635 3280 5566 3300 4071 4150  207
 3405 3993 1735 4367 7301 1617 5586 6296 4223 2276 2053 1589]",0.18830688563996426
"[2336 5962 1979 4452 7176 7454 4168 3283 2733 1799  337 5879 6887 4024
 4689  303 4075 5745 4110 4401 6538 6353 1948 3510 3375  495 5647 1971
 1055 4755 3804 1098 2837 1155  320 2278 3470 1242 5303 4648]",0.20443848205461793
"[4320 7398  396 5985 2929 5332 2787 5391 3936 6126  521 4188 2259 2459
 1334 1774 5333 2489 5236  726 2538 7570  443 4287 5144 2625 3074 1760
 4806 5288 5147 3378 6962 4100 5717 3017 2376   92 2531 5267]",0.20723496772780597
"[5588 2278 1981 4460  130 4695 2794  607 1579 2947  671 6711 2159 7440
 5743 4592  936 6389 3196 4753 6317 2922 3398 2318 7558 5728 1850 7371
 2097  978 7174 1779  802 4261 3317 6475 1582 2847 6985 6522]",0.17325095792379752
"[6216 6361 7356 5948 6380 6386 4763 1939 3249 3824 7069 5087 5603 2877
 1215  415 5274 4627 3415  831  531 3343 6718 2094 5569 3569  824 3582
  706 4498 6349 7458 5485 5468 2371 2103 3636 2252 4027 3260]",0.18868289040769284
"[7371 3986 6635  701  430   16  778 2425 1234 4471 7381 1002 6520  439
 2422 6103 3442 5191 3535 1144 6925 6829 3237 3751  773 2909 6432 2444
  709 2028 4981 1034 2758 6921  890 2423 7038 5304  597 3115]",0.17755317032983992
"[5950 5349 5761 3936  631  329  527  556 7310 6547 3342  459 2370 1479
 4767 3280 1780 2814 5767 6613 4464 4748 5270 4003 3083 4773 7592 3517
 3303 5183 2312 1595  197 1932 1857 1353 2623 5361 2693 2759]",0.18289562166034695
"[3893  577 3135 2228 1706 1092 2266 5840  476 7368 5788 6575 5759 2096
 2681 5267 1685 2353 4284 6450 7312 2521 5976  361 2871 3429 3325 2070
 3663 7149  895  169 2145 7541 7252  692 7055 1310 5167 4574]",0.2219585987093177
"[2030  428 7473 5141 6889 3137 3901 3984  653 1246  486  143 6250 2920
  170 3216 4077 4119 7537 3728  426 2624 3263 2061 2865 5562 6772 5518
 6562 6564 4973 4422 5003 4273 7326 4028 5958 1032 6489 5845]",0.16880829900641992
"[3147 3210 6036  324 1669 7092 3952 6899  666 3261   39 1094 1015  730
 5148 3621 2353 5025 5743 5840 1325 7237 5613 2577 3281 5041 2593 2993
 7218 2544 5378 2443 1400 7149 3809 5084 6645 2563  540 4786]",0.21198031290072994
"[7429 3573 3220 6420   42 7554 3390 6407 1356 6246 4391 2892 7545 4736
 3192 2863 3410 5170 1907 6169 2301 3974 2477  211 6188 4513 5025 1434
 3004  313 5514 2500 4526 3589 6681 5807 3043 2671 5183 1197]",0.18023011871941175
"[ 657 4523  844 4752 7547 7419 4694 4988 7325 4742 6201  813 6263 5135
 3062  789 4110 3881 4052  492 4050 4566 7315  997 5632 1132 7590  669
 7107 1778 4263 4056 3555 2822 6913 5733 7507 1281 3142 3427]",0.14380019578437675
"[6281 3235 6334 3697 2581 4206 1292 3062 6324 2759 2097 3172 3810 1351
  938 6064 3361 7468 3473 5894 6992 5056  628 1117 3832 3207 3359 6673
  104 1576 6782 3249 5544 2570 5944 1424 2197 3910 1826 2261]",0.18237081135860939
"[6621 5467 7317  558 7086  910 3697 5709 5920 5463 2965 7076 3921 6334
 2606 3367 5406 6405 4672 1347 7339 6680 4353 5370 4370 1575 2415 3757
 2211 2533 6098 4641 7582 3817   24 3637 5829 1977 1485 6206]",0.15266092833130518
"[1361 3336 4783 6262   96 2383 6646 6041 2353 2048 5773 6654  240 1372
  859 1235 3390 2488 5599 3934 7429 2313 1402 5760  291 1999 5505 4720
 6369 6375 4073 5474 6477 2295 3392 5736 1936 3062 1426 3106]",0.16684930687245858
"[5519 4735 1564 6441  826 3747 3538 5731 7373 5650 5545 6157 4855  260
  575   91 3805 7535  770 2725 1033 5009  740 1552 1127 5375 7270 7001
 2535 3272 5576  731 3616 7150 2239  817 4273 7358 6889 2288]",0.16377406693761953
"[4257  524 5718  677 2307 2797 2846 3441 2473  676 7569 4792 4030 4121
 4183 6686 1511 3023 6111 2830 3544  607 3316 7155  161 6366 3664 5031
 4247 3295 3415 5038 2572 4655 6389 6068 1518 3337 1559 6050]",0.20569754068764362
"[3169 3981 3474 1681 4653 5368  255 1614 6336 6869 6069 5614 3725 5420
 5919 1615 3137 6733 4595 3818 7223 6897  657  347 1641 6956 4255 5015
 7290 2159 6697 6851  394 2365 5535  744 5197 5886 5295 2956]",0.16816396564149422
"[5269 7222 7345 5359 7199  624  982 4961 2249 6239 1687  790 1078  367
 4048 3169 7423 6884 6004 5390 3979 6183 2990 6667 7120  795 1843  612
 2144 6713   47 4739 6718 2716 4737 7528 5692 4194  165 2030]",0.15204726041649272
"[2855 7429 2424 2336 6377 1023 4137 3493  997  254 4534 6320 1978 3354
  715 5720 3940 2842 4836  310 1983 2540 4190 3535   67 2656 6168 4637
 4631 3651 5186 5763 4760 7576 2108 7137 5284 2797 5090 2492]",0.18943909710952067
"[5163 2921 5711 5681 2378 4219 2836 5121 5993 6766 2488 4326 4715 6285
 4126 4237 5122  274 4684 4483  433 6072 1736 6041 1541  843 3183 1287
 7407  645 3119 5747 1241 5950 1285  239 2489 3286 7422 3076]",0.17122269777254587
"[2761 3576 6774 3581  227 2964 1561 5679 2168 6873  495 3811 3748 4332
 2578 5079 2609 5801 1715 4141 6942 7469 3144 4384 5395 4625  286 5757
 1487 2415 3495 2072 7166 4705 3323 2676 2361 4110 5408 1542]",0.1812547585991914
"[3151   24 3955 3165 5600 1332 4313 1153 7424 4274 2301 7018 2584 3586
 2050   66 2380 6937   32  994 4025 1699  853 7246   65 1557 3456 6216
 5678 2417 4540 1267 6590  598 7553 2202 3092   50 6943 5970]",0.17143971919898776
"[5363 3158 1543   17  704 1491 5937 2418 3242 3079  660 5039 5699 3291
 3292 3846  415 3889 4441   38 4886 3037 7453 7264  293 5333   53 6400
 2994 2131 7113 3935   51 4197 6725 7414 2895  765 3423 5037]",0.19768661234949625
"[2761 6626 3545  195 1334 1533 5113  121 6396 1374 5568 3557 3887 1621
 6547 3365 7427 6029  799 3615 1330 6892 6272 7166 3444 3500 6778  772
 5722 5834 6356  666 4061 4768 3491 3011 5350 4095 3612 6725]",0.19767479041324265
"[1337 4242 4421 3127 6303 5184 3877 5863 1214 1714 1893 1637 7013 6569
 7283   54 6927 2761 1334 5454 4896  338 4604 2750 3587 5283 5865 3940
 3228 2392  407 4674 3217 1338 7130 2599 1765 4651  921 1624]",0.18208535043189655
"[1128 3476 2325 5424 4955 3120 6428 6221 3656 5955 5962 4036 3818 4697
 3313 7390 7077 1119 1464 7549  529 2853 2700 1897 5683 7347 5224  391
 5442 6531 4493 2865  195 6214 1051 6607 3678 3073 1554 3080]",0.16863881393940303
"[1353 3475 5937 3573 6791 1948 1496 5609 3246 1549 2693   79 1268 1775
 3089  734 3080 6995 2844 5654  663 2092 6289 3518 5997 4734 4921 3802
 2462 1864 1570 5500  730 3012 1095 7501 1112 7376 4807 3222]",0.20477541326733617
"[6342 5712 7516 5664 1618 3449 3415 4410 4894 3938 4569 4179 1800 3285
 7080 4607 4724  301 1258 4797 3375 5666 1828 1997 5369 3072 1569 2638
 4083 1686 4761 4820 1159 4169 3181 4795  287 5507 2741 1838]",0.1688612702768115
"[3542 3383 3046  507 6195  301 2488 1336 5192 5462  840 2049 2196 1125
 6263 3428 7269  950 3262 4477 1467 4709  531 2315 2063 3649  588 5202
 4895 2038 3635 7036 3836 6431 1626  735 3185 6046 4433 1313]",0.21848948628915288
"[4285  808 1243 5865 2038 5275 5826 7347 5244  528 1265 7220 4428 7279
  210 2881 2197 1415   22 2261 1852 1349 2843 2765 7425 7568 1702 5564
 2960 4596 7515 1284 5360 7354 7086 4177 5983 2113 3015 5938]",0.17653249494847922
"[ 193 1418 7564 5940  267 3796 3745 6001 7558 3883 3684 1970 1963  954
 5071 6906 5280 3137 2662 1554 1251  659 5080 5719 5128 1462 2715 2490
 5260 3378 6279 3428 1400  575 3510 5447   36 3472 6237 1520]",0.2370186568704248
"[7416 5779 7045 3400 4371 7096 4090 5562 3542 1377 4034 1021 5478 2719
 1879 1121 4590 1605   65 3163 1866 3306 3731 6815 1238  453 1006 5171
 5060 6986 2218 5254  579  556 6426 4784 5404 2359 3120 5590]",0.176560415996573
"[3837   96  295 4179 3410  970  188 3345 4062 2772 7354  965 1432 6140
 4709 5427 5090 1050 1103  243 4238 4220 5823 6224 1409 2689  940  947
 7560 4480 2058 1473 3062 1386 1277 4135 5152 1303 5489 1820]",0.18858227607224065
"[6643 5041  714 3553 2306 1939 3464 2296 1423 2335 6100  877 6438 3138
 7391 7053 5841   14  924 4860 1246 2059 4376 1136 4324 3789 3129 2229
 4439 1701 3382 4315 4389 3135 6021 2755  277 4159 6551 1875]",0.16536143018099325
"[5758 6123 2945   31 2559 3793 4923 1562  262 2348 2718 2877 5489  597
 2900 2780 5065 5240 4956 7012 4378 7170 5206 3766 1549 6614 2178 5338
 1997 1149 6395 4087 2063  758 6294 4151 5220  867 7321 4143]",0.18586606394636276
"[2457  378 6533 3701  306 6996 5066 7302 4105 3447 1942 1395 6776 2010
 4065 6407 7139 3171 4931 6829 1424 6102  989 4839 1845 3060 6555 2604
  848  899 6035 3904 3198 6251 5303 6561 4672 3707 6340 5711]",0.15617660675627681
"[ 952 7574 4037 5495 7160 5318 3155 2990 3744 6303  626 1322 3688 7268
 5591 4676  148  566 2062  165 3480 5061 5810 1396 1303 4923 6815 4297
 4563 4374 7229 3324 2380 2308 4335 6912 3644 2437  111 2759]",0.16790695557771868
"[1060 2056 1797 7210 4174 3545 4676 6388 6374 6299  987 7365 6696 5100
 7298 4654 3919 3445 1337 1709 1755 1700 6208 5597 4053 1697 3997 7401
 3050 1592 6097 1606 3174 3923  960 6523 6036 5049 1574 4187]",0.15871424874190557
"[1630 7527 4175 3250 5155 2304 7326  520 5755 3146 3880 1811 5780 2787
 4963 1504 1631 2856 5633 4351 3763 6813 3937 6469 5786 7043  505 3920
  564 1269 3762 1998 7432 2630 4321  493  177 4642 2956 5735]",0.1781524172654895
"[3172 2317 7556  162 4867 3227  237 2137 6214 6353 6244 4716 4759  467
 5344 4205 1465  558 1021  550 1978  100 3330 3423 7405 3108  961  106
 2544 1593   70 5587 2012  108 3470 5185 1110 7191  623 3796]",0.198310927891152
"[2089 3943 4104  834 2146 5912 6457  422 2519 2045 4063 7439  740 2201
 4613 7022  958 3935 6515 6053 1918 6015 4753 2725 2221 2569 7211 6182
 4849 6717 6424 1339 1605  319 5179 6391 3022 1825 6032  474]",0.23376785354190097
"[ 190 2298 7265 4711 5543 4789 1219 6356 1917 6292 1824 2412 4948 2948
 4497 6531 3421 6601  765  800 1514 1696 3629 2411 3295  675 1262 3655
 6760 2141 6509 4796 3811 7079 2019 5617 7471 5051 2266 4972]",0.2341018306042036
"[4369 7590 1617 1755 1052 5935 2987 2962 1078 4053 7467 6838 1808 7527
 6955 1950 3102 4245 2350 5177  645 4650  400 4890  945 6664 1324 3082
 6283 6066 1102 4536 1422 4267 1703 1632 3362  519 7577 7416]",0.1790532390398616
"[ 221 5919 4569 5479 4905 2128 3521 3412  980 6146 2158 6375 1895 3477
 3114 3240 5799 5776 1759 1750 6718 1454 1762 5994 2145 2190 1534 1800
 3402 1570 2402 2751 7462  349  993 4674 2905 2555 6218 2159]",0.181885166821817
"[4410 6500 6814 7105 4995 2762  420 3389 5122  640 4932  146 1224 2198
 1688 2322 6304 4749 7531 5326 5699  562 2731 5769  890 3205 3321 4659
 5007 6841 2266 3936 5406 5540  777 4767 1519 5265 4679 5036]",0.15122866592177373
"[7282 6846 3527 5989 1063 1818 7290 4064 3253 3540 2932 7482 7318 7378
 3596  703 1396  174  230 4065 6767 6778 6735 3340 3255 3207 6470 6049
 2118 4421 5920 5390  112 2228 4306 2215  198 1837  278 6427]",0.16697306020088892
"[2337  518 3051 7326 2627 4548  738 2157 3218 4734  211  848 6754 2936
 1429 3632 4600 3264 1918    5 1296  699 1879 1065 2618 4538 3425 6726
 7427 2711 4413 2051 6701 3768 4387 7509  737 4843 5191 3728]",0.17931847353818794
"[1347 5685 6083 2585 1001 4389 3138 3241 2733 6522 2033 7581 3624 1464
 1772 4815 4715 5332 5134 4226 2706  836 3041 7502 7202 2502  993 1476
 6375 6924 7142  591 7389 1465 2850 7060 2287 1776 4277 4639]",0.19561027234247685
"[2617 5691 5763 6504 1699 1850 1225 3702 2448  750 1477 3988  409 3066
 4333 6355 4072  800 4100 3621 2984 2995 7041 3953 7273 3157 6384 3479
 1218 3989 4556 5138 1814    2 2924 7118 5995 2038 1165 4943]",0.20559977751580863
"[7127 3947 5327 1149 1187 6130  597 5684 4506 5576 4240 4654 4810 5168
 1666  293 1339 1633 2080 5941 2197 6693 3924 1840  615 5376 5571  752
 7215 3541 5989 6613 6628  948 4272 4302 4869 1747 3336 3956]",0.16451266501416764
"[1791 5662 5193 6583 6216 5516 5482 4469  467 3875  364 6865 2726 4590
  243 4047 3084 3380 2590 2589 3627 4168 2212 1509 1941 4684 4290 5194
 7429 5615 2260 3597 6093 5705 6941 5457 6701  235 4175 2580]",0.176321794106486
"[4277 6547 1767 2930 1592 4924 5492 4187  190 1159 6834 2796 7451 2160
 2827 3613 5049 6987 6788 3593 2197 2189 2328 7106 6541 5935 3768 6756
 4173 6858 1043 3090 5646 3178 4263  280 7499 5330  924 3042]",0.21091014882144848
"[2338 6438 5050 2442 3333 3556 3571 3860  279 3269 2537 5107 6114 2834
 6242 3070 7493 6817 4030 2105 7311 3907 6957 2775 3628  304 1836 4402
 1617 6914 1062  380 4691 2521 1223  722 4056 1967 5663 1877]",0.19021082411388512
"[2803 2732  575 2011 2715 5654  642 6766 6897  604 5304 1019 4824 7459
 4105 4995 3139 1955 3114 4780 1405 1347 2405 5458 3517 3528 6586 4317
 2160 4275 5364 6689 5295 2257 6425 3276 6276 2198 1071 3565]",0.22404958390845112
"[7313  691  253 3654 7404 4146 4097 6218 5868 2667 4498 3288 4240 5548
 1516 6016 3972 1830 1327 5449 6146 2576 3353 5555  494 4303 6448 3656
  962 6248 3986 1962 2902 1820  163 5501 2208 7590  129 7283]",0.20168051088382105
"[6489 6437 1884 6948 7430 4474 4572  675  494 6674 4475 6669 1860 1341
 7053 1639 5409 4194 5444 3329 2548 6794 5576  172 7467 2135   73 2353
 2151 5413 7027 6924 2869 3066 2930  425 1088    3 5399 5175]",0.15086481292073411
"[2279 4328 3890 4766 1532 5554 7175 3825 3752 4964 3939 5733 4757 1571
 2947  132 4641 2325 3078 6145 4374 1324 4792 3665 4813 5442 5512  611
  522 2102 4541 5921  558 7535 4957   18 1682 4225 5191 5240]",0.19886158778617452
"[5720 1323 5873 3422 6834 7386 6654 6051 3152 5837 7158 2694 6663 7082
 2528 1865 7278 3491 7045 5933 1093  628 2163 2088 3183 4766 1762 1332
  984  770 2046 2834 6497 4165 1825 4118  642 2229 6968 2650]",0.2332180396946461
"[4081 6234 1599 1843 2145 3147 4504 1163 2798 5328 3772 1399 7308 4026
 1510 5914 1102 4220 1689 5799 3510  402  772 5988 3527 3310 4894 2732
 3185 5023 1451 4624 5466 2431 6571 6199 5273 2814 1337 1714]",0.2552283285884108
"[3881 3667  715 2185 2586 3009 7070 2556 5323 1421 5688 7476 1212 5827
 4622 2275 6235 6471  112  304 1848 7331 3542 3286 1701 1088 5493 3363
 3620 3523 2210 2027 4359  975 2514 4326 6550 3817 4685 5535]",0.21535005128032406
"[2416 6701 7248 2682 4389 6356 6455 7045 1242 2246  509  169 5875 2333
 6118 2462 2100 1420 1190 1107 5913 2628 7550 6894 6135 5248 6593 2195
 3144 2402 4572 2557  741 4310 5143 3960 6389 6003  708 1248]",0.19931452662566304
"[7191 5770 3169 4618 5022 5028  478 6269 6056 6861 7448 6091 1718  887
 5385 2313  678 1946 3430 1420 6991  413 4741 1517 6343 2969 4972 3907
 3118 5562  397 3048 2904 4343 6745 3419 4564 3972 7057 2713]",0.14723678596836914
"[6720  477 4730  761 2920 2674 5220 1360  163 3264 3091 6518 4109 2107
 6003 6508  745 5866 2507 7260 3081 4189 6343 7456 3770 5909 3300  853
 4596 6050 7537 1176 6224 7192 2494 1475 5911 7403 1771 4457]",0.2028178814218798
"[4627  644 4842  975  480 3645 2000 2162 1913 1661 3017 3451 7031 5652
 6132 4915 5757 2922 4990 3048  911  877 2418 4650 1301 3001 2568  958
 2233 2957 7258 1028  540 5904 3516 5167 7058 1693 6509 5878]",0.2320046185776099
"[2675  818  905 6921 1480  364 1929 2313  699 1412 4175 2477  910 2347
 1431 6425 5401 2339 3824  863 5702 5186 5697 2463  302 2940 4468 2450
 4192 3556  861 1164 3775 3483 7230 6459 4521 2439  796 1482]",0.1659604429605394
"[4073  275 2273 5835 3555 1826 2576 1499 3330 7507 2123  349 6192 4620
 1949 3125 4463 4351 1431 3678 4040 7048 5828 3965 2871  409 2446 2422
 3444 4752 3983 5121 1116  177 1503 5619 2932 1263 1685 1449]",0.21829834763279615
"[2935 7049  534 2971 2681 1715  224 4477 3763  218 6383 6039 2717 1748
 3995 5947 7441 6298 6846 4992 3325  158 6111 6562 3174 1922 7585 4743
 7481 3577  207 6023 6996 2482 5048 5711 4930 3801  515 7088]",0.15471550479596713
"[6508 7472 7454 4617 3458 4323 1905 3766 2314 5187 4189 6423 6730 1365
 2492 7127 6996 6435 6491 3270 5298 5151 7580 4484 4502  936 5002 3870
 2424  638 3539 2900 1669 1550 1480   24  624 5598 6640 4305]",0.1281693663825298
"[3645 2772 7215 6904 1743 2186 5307 2362 6085 1448 6086 6576 3731  483
 6519  565 7418 1051 2805 4816 4019 1454 7343 3036 5302 4378 1964 1894
 1288  125 3113 6658 5601 5341 4688 4415 3381 1931 6578 3673]",0.21034055400180718
"[2511 2617 3589 5379 1933 7280 7412 4245 3308 1351  224 1615 3125 6564
 1040 3884 5846 4085 3808   34   36 6808 4670 7422 7079 6837 2507 7527
  460 5577 4360 4448   22 2211 1028 3916 2931 3484 2656 4207]",0.2059782631908496
"[5233 6482 3389  488 4330 6065 6204 5757 4140 4047 4903  338 2360 2701
 4448 6415 3978 7128 4789 2655 1075 6114 4551 6326  671 4097    1 4670
   58 5401 5729 5115 3376 1352 2878 3599  680 1646 1057 2291]",0.16311328554870735
"[1123 4325 3445 7542 2799 1658 5964  462  453 6306 5554 3553 6462 3919
 4551 1397 1058 6072 7501  816 7472 5861 2462 7205 3249  836  121 3933
 5176  793 2520 7332 4083 3817 4278 5885  660 2429 6391 6044]",0.23007419993357
"[ 719 4075 3085 2190 6755 1355 5253 1822  733 2987  513  965 5069 6571
 4916 4477 1015 1896  678 7111 7087 1557 4021 5890 4037 5708 6958 1427
 7225 3651 3460 3547 4057 4501 2716 6374 4183  272 5765  832]",0.21773097316130907
"[ 267 4141  126 4966 3441 1928   97 2387 3946 6173 2173 3349 4401  411
 5085   30 2552 5425 5271 1923 2926 6805  870 7484 2893 7121 4764 3555
 7061 6945 3382 5770 2311 3020 1347 1843  400  549 6407  979]",0.17768639981034778
"[2876   69 6350 1019 1120 4003 1587  960 1897 3492  701  286 4490 2608
   93 6436   91  140 7081 6134 4177 2432 4736 6636 5488 6399 1303 5162
 2436 3841 3973 1507 3454 4085 6459 3344 3485 5953 6590 7486]",0.16188155560062192
"[6755 6790 4851  675 7445  699 2625  517 1204 7365 3745 4063 6050 5655
  676 2195 3179 5269 6990 6089 1378  644 5825 1025 4872 6298 5156  588
 4285 7512 4291 1275 3305 5466 6356 3811 2327 3828 1185 2668]",0.18247013847638638
"[4336 4243 6731 5954 7357 1890 5370 6765 3265 5049 5339 1488 2056 4921
 5980  571 5482 2324 6850 3639 1009 3430 1083   57 2518 2536 3557 6892
  217 3594 6094 5433  612 5358 3662 5883 2676 3009 1023 1042]",0.19732957724691869
"[2076 3406 2946 1700 1562 2996 2034 7235 2326 3522   15 1330  621 1040
 1646 1885 1141 1254 1557 3380   82 4480 4276 6568 3288 4794  913 6750
 4437 3032 2780 4593 5116 2541 1287 4260 6154 7099 7393 6618]",0.22021361983023344
"[1912 2135 4264 5063  986 3700 4759 2258 3327 1816 5745 4182  164 2188
 3315 2415  601 4758 6445 4559 3095  308 1710 2450  854 5350 4604  587
 2236 5263 6048 2583 4989 7562  799 5033  420 6754 7247 1213]",0.1597324453456324
"[3352 4471  532 4851  295 6986 6847 6813 5246 4256 4281 1787  418 2019
 1939 7460 7128 3292   24 2066   34 6100 1089 7227 5755 4428 4415 6994
 5732 4759 2965  376 2591 4198 1437 2544 4935 3094  883 6948]",0.16777795269718182
"[1924 5376 5351 3490 2101 4216 6560  552 3910 2863 2063 5040 1764 4305
 4548 7338 2450 4856 2579 6357 4515 1429 5859 6120 3290 3102  922 5093
 1861 4227  761 3337 5674 1700 6214 5938 3306 2914 6828  504]",0.21054167301771173
"[5983   67 4322 6925  189   75 2827 5130 5278  266 4603 5849 2459 6958
 1041 3282 4814  625 6061 1228 7041 4304 6362 2730 6664 1290 6783 5832
 5601 2994 3943 3768 1538 3449 1612 6249 2546 7234 2505 5017]",0.18250729760468
"[6041 7563 5541 4479 7427  552  884 6734 2159 7272 4416 2243 5162 5130
  605 5900 5134 5635 2293  513 7395 6341 6805 3768 6427  225 4329 5000
 1787 4067 6879 6760 5979 1664 1863 2665 2023 7197 6078 1765]",0.19309269552183272
"[6691 5325 1276 2804 4749 1822 6590 3056 7029 6766 6442 4185 6128 5937
 3437 4143 1580 1105 5443 7276  212 6083 4326 6441  481   50 6913 3569
 3693 1771 7088 1341 3665 1243  235  113 2405 2824   79 3874]",0.19424934506433056
"[1559  835 1254 7146 2489   39 2684 7134 6375 1104 3249 1545 4024 1803
 5485 6742 5106 6589 1590 4255 4241 7566 4413 5939 5599 2473 6474 4911
 7455 7194 1568 5873 1244 5148 7596 4321 4461 6905 2776 6509]",0.1953260387999876
"[3587 6089 1938  746 2324 6206 6812 7456 4608 1200  513 7182 1311 5838
 6545 1903 3876 7551 1848 1668 4281 2982 5718 5702 3430 2475  129 7455
 2881 4692 5463  822 7525 4880 5799 4744 6809 4315 6994 7225]",0.17272119479795062
"[3417 3605 7482 3858 1336 4667 4333 6732 6350 1745 6665 4894 2060 4633
 2166  844  573 2311 3102 2301 1690 7133 5907  595 2148 2763 3932 2935
  275 4350 2218 1725  942 2473 5860 5981 2980  350 5410 3592]",0.19170267016948717
"[7323   52 6300 4767 2276 7022 6362 2454 7074 7292  888 4279 2907 6716
  301 3258 4038 4655 6785 3834 2335 2465 3630 6697 4482  600 6960 4982
 1849 2759   29 1439 7494 2065 5955 5466 6845  118 2875 4013]",0.14418536221977205
"[4729  616 2329 3219 5230  453 6828 3104 4232 3937 2772 4458 5014 6663
 5849 3893 6411 1193 7581 4951 3387 1500 1120  577 5507 3186 1963 6171
 7569  350 6402 4967  642 3307 4119 2533 6504  178 6422 3724]",0.19962617362810836
"[6098 7323 3357 4858 5406 3890  475 6773 6822 1318 2556 2562 4331 2844
 5658 5706 5211 6835 2827  339 3038 4849 7200 2517 4596 4096 5910 4100
 4275 4247 6298 6012 2366 6751 4645 3572 2274 6443 1574 2915]",0.19270628786820262
"[ 353 5806 5060 7521 6958 6212 1889 6290 1704  260 5243 5840 7206 7231
 7262 7196 7059 1202 2910 4163 2029 3347 2959 2357 6608 1381 4861 2253
 5577  234 6406 1229 7049 5000 6484 2863  858 3357  719 4934]",0.17242598393723768
"[4591 5766 7134 3272 1230 1721 1525 7434 5665  355 3384 7406 3375 4925
  393 5453 3574 3641 4593 4519 4654 1375 4677 4063 4916 1959 6434 1408
  299 1192 2881 5144 6128 2401 6466 2848 6323 7083 5525 4319]",0.16103438056500163
"[2654 1591 5316 1785 7010 5743  632 2774 5358 1381 3116 5660 3726 2842
 6686 5344 2414 4651 3661 2529 1567 1027 3029 3071 2658 4561 4468 7519
 3268 2259 1217 4388 5750 4737 7164 3494 2575  738 2913 6390]",0.1955729370972594
"[  21 2300 5861  607 6642 6066 6079 7222 1265 6973 6098 5235 1389 7249
 1983 6565 2241  633 6222 1261 5034 3814 5668 6718 1912 4116  162 5096
  429 2440 2236 1601   80 2407  965 4043 6619 2084 4060 6138]",0.18941071899163292
"[5325 2677 7480 3643   39 2252 6812 6068 1007 4803 2533 4935 7488 6141
 4999 6604 1579 7179 4172 3956 7384 2107 4147 6278 7172 2434 2707 2605
 2611 5014 2110 2366 1376 3849 2368 6350 2995   19  913 7033]",0.15859983009510428
"[4306 1821 4251 2552 2777  480 6445 4951 1471 6946 3148 5887  404  630
 3430 6475  643 6418 1729 6568 6284 2848 1826 1742 4393 1095 7111 5185
 5174 1870 6912  917 1096  316 2018 3178 7030 4661 3461 4744]",0.20490581291836493
"[5067 1734 4230 6106 6471 5064 5494 2722 3150 3136 5089  264  908 4737
 4016 5386 6099 1128 5197 7011 4981 2642 1957 2414 4531 6347 4879 5828
 6673 4714 3944 2376  447 4803 1704 3969 3590 5005 3818 1228]",0.20122800328192814
"[3376 5935 5924 7211 2445 5660 2062 3187 2722  679 6175 5438 1286 6474
 6471 5521 5932 6509 7271 5059 2696 6278 4000 1213 4366 4607 6442  334
 5662 6170 7315 3708 3050 3439 6142 3329 2248  736 1174  373]",0.19418149710875654
"[5106 7148 3965 6443 4372 6393 3294 1239 5209 5862 2323  661 1785 6559
 4962 1186 3559  269 1550 2064 2572 2262  418  683 4436 2534 2628 1535
 1083  135 4223  189 5009 3469 4031 3259 3743 3480 5920 4414]",0.18089561196284445
"[6309 3296 1576  657 6445 7526 1801 2684 3864 2351 6193 3065 2819 2002
 5833 6735  171 6878 6549 6626 1502 1627 4694 3581 4728 6295 7276 5187
 4163 7073 2023 6869 4484 2450  223 5414 5281 1372 4161 3527]",0.1628295916401184
"[5550 3198 6447 5619 4929 3458 6919 2126 1440 3561 4768 3621   35 5405
  364 2279 4382 7291 2531 2818 3997 5566 6864 3758 5205 6078  513 5371
 6054  398 4621 3722 4507 3295 6619 3783 5971 3840 6299 5507]",0.14254683795343126
"[5352 1386  434 3694 2961 1823 7585 5237  746 5519 6312 5312 5191 7159
 3860 1091  567  780 4328 6480 7189 1758 5016 5169 1670 7289  545 5785
 5073 1006 4854 1322 6064  327 4382   23 4309  499 4634 1336]",0.1795067637699121
"[3270 1205 3173 5630 7366  105 5994 4356 3991 6319  203   91 6578 5560
 1579 5514 4995 4152 3181 6349 5796 1684 2340  311 1279 3380 3275  547
 4688 3677 2148 3663 2742 5814 5221 6039 6952 4631  101 3726]",0.1485408058694018
"[4316 1830 3876 1460 3310  930 4771  456 4668 4496  259 2822 4982 3400
 2429 4056 5159 3097 7049 2149 2409 1001 1709 7171   65 5214 3405 2169
 3668 3275 3015 5710 6017 2125 1842 3220  701 2983 1620 5959]",0.20483163417996256
"[ 409 2305 1944 3672 1291 2731 6971   74 1391 6789 4445 2703 3554 6484
 7137 7344  465  249  326 6704 4733 2544 7257 2683 6209 4275 2546 6175
 6167 7481  671 1374 3651 1582 1638 7216  766 4566  903 5805]",0.21179560174243844
"[4404 4437 4706 5063 6103 1631 6659 4846 4619 4100 6729 1494 1469 4995
 4028 5920 2466 3332 3196 7420 1858 6218 1046 3957 4187 3490 6718 7571
 5280 3412 2336 1420 5131 3774 3376 4557 6201 2489 3141 1116]",0.14680700014935433
"[2986 6534 7265  641 5379 5456 4496 6795 7381 1608 5352 7238 3171 1144
 5815 5138 3963 6145 7518 7096 2697  218 4348 2908  982 1538 3637 5030
 1388 4532  911  716 2554 6645  378 3145 5204 2900 5286 3483]",0.14923168772294626
"[3409 3977 2383 6730 6581 5947 6493 2427 2299   44 6713  411 3523  718
 5028 3410 4407 2023 2085 4075 3946  931 7059 2053 5424   17 5503 1948
 4864 7251 3010 4816  862 2200  529  479 4526 1935 7393 3585]",0.17671249717568108
"[2246  102 6541 2887 7424 3413 6456 5553 7263  216 5931 6366 7096 5637
 6337 7246 1203 5367 4519 4322 6943 3815 6782 5315 7004  572 2804 4543
 7310 3565 5305   10 3131 2664 5878 3727 2449 3962  669  652]",0.15342782518774092
"[ 871 5445  865 7585 3957  286 5437 4693 7347 3799 7160 3183  260 2783
 2985 3554 4032 6795 2197 3047  590  695  361 7272 5746 7223 1190 7454
 4426 6987 1977 7520   59 2683 4623 5097 6247 4785 1955 2951]",0.14103360148491761
"[6282 2301 4153 4684 3094 6290  248 6920 1874 6975 3006 6679 3979 1942
 6832 6584 4660 6961 2375  343 2007 5451 4177  358  417 6220 6964 3286
 6619  958 6467  747 7471 5087 7113  368  892 1433 5226 1937]",0.20275723930348155
"[4472  239 2112 5698 7208 6815 1239 1769 7519 6602 4755 3442 3560 4992
 3165 6455 4109 4379 7242 1659 6462 3855 4489 5267  315   26 4223 5243
 5169 2032 1758 2562 2739 1342 1582 3621 3266  527 4290 6475]",0.1840935919490199
"[4396 3976 5313 3912  731 5261 4124 6759 5641 3724 6325 5218 4806 3807
  274 3590 1625 4170 4945 5967 4744 2363 5786 2067 5652 6887 6535  202
 6144 4013  642  190 1108 2806  933  926 3294 4135 7335 7225]",0.20090386944933192
"[7049 2630  324 6948 1647 1455 1979  685 5120 1362 6428 1846 4280 3128
  505 4089 1365  723 5745 5027 6302 5822 4684 1915 3578 7303 4811 4566
 4494 4113 2721 6416 3177 1649 3645 3837 7219 2180 6419 4558]",0.15743918706370366
"[ 997 1195 5993 3888 4777 2025 4043 5409 6398   40 3126 2820 6359 4093
 3509  628 2104 3764 3098 4882 6445 1273 4551 3343 5199  832 7320 2837
 3886 2033 5834 1941 4630 6202 1237 3412 1454 6027  774 7439]",0.16806234440301956
"[4261 6005 5870 7467 6465 2826 6594   52 3099  269 6558 1165 1916 3788
 5900 6107 7216 5622 7385 3206 3960 3699 3426 1688  597 1734 2320 2117
 7295 1482 4185 5374 5431 1865 4331 6686 6683 4432 6566 3358]",0.19756851053556224
"[2639 1699 7199 3219 3997 1956 1308 3389   93 7018 5185 3109 3412 3995
 1136 5703  353 3378 1130 5792 3087 2586 6698 4823 5156 1270 2687 6752
  867 3661 4617 3982 4460 2985 2091 6738 2260 5307 3106 1910]",0.20901581984625134
"[ 167 6144 2181 1834 1059 4406 4482 6839 6435 2643 2320 6102 3854 3625
 7471 6184 2565 4307 1039 6283 2908 5110 3341 2988 7030 6665  839 1089
 3724 5963  613 1232 4723 7063 1742 6053 4524 2413 6026 1594]",0.1937129441720463
"[ 795 7471 4969 6918 2077 4024 7454 5264 1143 4338 6131 5488 6505 2833
 2562 4943 6263 3373  622 3941 1445 4227 3453 1233 4747 7175  384 3346
 2997 1711  802 1049 2517 1018 1869 3167 4311 7019 2553 6721]",0.19543929073074706
"[3919  984 4806 2837  630 7556 5042 4674  211 4327 4089 4916 4544  941
 2028 4066 2066 7438 3993 4636 3204 3800 4768 2817 2202  844 5021 1955
 1042 5888 4434 4506 7298  861  473 4137 4970 6123 5728 1430]",0.14769788763846114
"[6890 1385 3671 4333  316 2225 6907 7070 6743 2946 1801 5503 5648 4471
 6344 3706 4136 4283 3470 2553 3262 1822 1405 6256 1363 3875 1852 5492
  942 2652 5269 1165 5922 6241 5267 1383  116 1779 7272 6652]",0.1746746026972168
"[6460  749 6892 7512  712 3196  608 4741 2702 6689  878 2060 4633 7347
 5695 6728 3817 3164 6283 6913 1548 7026  813 4394 2798 4334 2408  342
 6363 6918 2160   33 2052 6817 6311 2137 2790 4285 4578 6192]",0.16672230350490747
"[ 901 4041 6757 2429  987 4365 2144 5639 6389 7555 6373 7212 7033 1228
 3750 7321 4051 2501 3384 5048 2549 1798 2691  582 4681 1650 1452 5702
 4413 6903 6172 2374 6591 3127 6815  673 2477 5185 4748 5783]",0.17561876092391823
"[ 182 3943 5988 5220 4690 3541 2385 6380 5144 4547  318 7284 7468 6071
 1858 7003 4106 3201 2420 4072 7556 2510 5999 6790 3882 4809 6456 1989
 3789 7492 1831 1673 2486 2339 3129 6051 3534 5254 2107 4538]",0.15320872009460712
"[1917  954 6537  696  404 1641 3933 3237 7091 2011 6215  529 6433 3964
 3524 5521 6141 7501 7332 3514  850 2822 2473 3000 3593 4977 6811 6678
 1153 1468 1895 7194 5270 3985 2365 2255 6329 1261 4090 2645]",0.2075548367387457
"[3746 3413 2954 7426  346 7579 4178 6452 5275 1688 2263 4519 4476 6051
 1871 6459 5842 6717 3441 5441 5296 6120 5348  612 6715  162 3894 4299
 2327 5158 3642 4659 6959 3074 3868 3173 6724 1650 7393 3048]",0.15785755657789946
"[4676 1267 7594 1394 5580 2273 2796 6570 5730 5052 7111 7498 5042  732
 2307 2622 2828 6042 6061 4161 1073 2826 3016 1786 1921 1464 4066  106
 3456 6814 1528 7571 3471 5354 6524 6726 5984  883 5065 6279]",0.17925785003374103
"[6077 2345 7378  202 6775 3482 3081 6204 4166 7338 3769 3906 3991 7575
 5146 6603 1458 4665 3468 5009 4186 1255 1236 2039 5845 7318 4288 7183
 3365 6107 6397  263  344  844 5525  962  657 2839 5511 5177]",0.1968986354133384
"[  51 6450 5812 4942  381 5894 4114 7171 1899 5127 1383  726 2842 7374
 1023 3968 4877 3166 2783 7519 3776  326 7363 1381 2832 3478 1307  276
 3193 2193 6311 6984 2019 6401 5224 6332 4612 2572  132 5650]",0.16760758017149455
"[6708 6027 4937 2259 4619 7551 3489 6644 5617 1820 3561   73 3864  950
 5687 5356 5399 2891 3827 6917 6354 2782 1148 1142  596 1881 7182 1727
 4624 4484 5582 2541 1758 6482 2343 6077 5378  597 4227 4783]",0.18238340371061948
"[ 498  515 5837 1841  883 5343 4621 1149 3070 2021 2737 5578 3234 7250
 5201 4413 6793  169 6493 1000 3581  671  191 2768 5886 6344 5093 6062
  850 6874 1988 3399 1349  148  733 5550 5943 4421 7081 7229]",0.15334632794941686
"[1358 3072 1321 1620 3014 7517 6416 5978 1115  518 5984 3977  444 4708
 7434 4850 5247 5894 6429 3577 3059 1196 2559 6513  604 1593 7128 6050
 6142 5072 6403 5527 1688  936 2262 7400 2404 2146 4322   34]",0.20913177179780995
"[6998  745 2587 3929 6431 5606 1179 6069 6984 4517 1404 4139 5143 1880
 1358 6285 5710 4344  950  655 5959 7490 2349 3072 3693  988 1897  295
 4454 4048  206 4277 3828 3165  688 4649 4999   91 4606 6295]",0.20169943033830637
"[2647 4038 5589 5854  889 4326 5374 5715 4503 3688 5808 5822  787 1969
 5106 3306 7124 5033 3117  756 2113 1211 1772 6822 1139 6241 5042 1807
 6585 5329 5823 3256   34 1512  532 3671 2718 2960 1879 7324]",0.14763256979524478
"[6188 6197 1184 5631 7133   66 3238 7595 5771 1637 2484 4034 2060  856
 5572 5958 3602 3483 6586 3394 4567 7452 5462 4354 3692 4071 6978 6478
 2801 3899  877  247 1342 3766 3488 2992 5365 1872 1631 3482]",0.17450192175702806
"[2029 4085 2505 3413  549 1150 4476 1449 4176 7217 5365 7189 2284 1977
 7587 6341  689 1304 4284 7593 4082 4803  341  941 4348 1184 5579 4668
  140 2599 7099  917 7325 1493 6281 4093  845 6495 7264 1081]",0.186719736165809
"[7495  740 6068 1940 4716  476 3398 1484   83 3849 1709 5860 5316 5203
 7330 3546  495 1391 4752    1  891 2681 5467 5236 3116 5692 2573  628
 1315 6957 5524 5815 7450  504 4926  303 3300 4068 1960 1906]",0.18134624642845054
"[6077 5084 6827 4138  840 1840 1128 4698 2342 2232 1728  326  404 5298
  570 3826 3771  504 5115 3983 1768 6585 4114 2934 6858 2373  633 3081
 1314 1001 1785 6519 3842 2968 1879 4352 4479 3031 6679 2475]",0.1798784636123307
"[1311 3693 5691 6678 4548 4496 6687 7312 1316 4544 7299 2315 1897 5266
 3178 3065 2585 5407 2879 5363  367  427  641 2559  606  467 5959 5117
  501 1451 6350  844 6275 3330 2733 4276 6943 6431 2364 1730]",0.18979302974921586
"[6409 6003 7351 2197 5822 6091 5208 6956  759  162 5076 4776 5275 3333
 4992 7193 1537 2391 1459 2843 6597 4120 7408 1378  794  275 1455 5427
  439 7527 5626 1058   27 6801 3569 5218  718 7159 5526 4307]",0.15082804758072796
"[2401 3647 5647  592 4787 3375 6799  507 1500 1464  628 4586 1046 5790
 7296 6571 2395 2617 2907 3985  166 3698 5463 1535 4905 2724 6372  173
 5736 4890 3081 4436 7115  103 2398 4899 2325 1289 5814  417]",0.21210483450242568
"[6897 5009 3982 6988 4851 2749 3785 3237 2460 3340 7450 2712 5935 6133
 2983 1321 7515  726  595 6299 5056 3274 3505 7438 5376 6968 6363 7420
 7269 7200 2906  102 5166 4711 5360 2954 4665  544 1223 6492]",0.1619933962407833
"[2794  105 2506 7053 3744  718 3974 3623 5501 5726  700  788 3898 2407
 1049 6950 6522 1622  516 6039 4250 2800 3658 2536 6307 7417 2424 4403
 6351  969 5029 5318 1085 4470 4000 4120 7295 2262 3591  774]",0.19468956491587897
"[4870 2655 7147 3690  653 3084 2974  693 2048  124  201 5271 1227 4204
 2142 4013  273  442 4541 2878 5708  936 3771 5323 3581 2914  888 7079
 7166 1671 1828 6801 5016 5929 7340 6683 4913 6282 5411 5433]",0.19912823812001704
"[6239 3936 1603 4684 2279 6564 6691  511 4970 7369  887 7246 7159 2793
 6825 3022 4743 7397 1456 5865  246 2061 1908 1240 4075 4168 3982 3066
 2011 1864 3650 6076 6457 2962 4783  787 1377 7263 1580  570]",0.1903809993116022
"[4229 6990 4254 6392 2891 1097 6983 1026  789 1922 1300  487  832 6684
 5296 3360 1974 4111 2148 2464  668 5202 1540 1311 6110 7503  807 4556
 4110 4648 7108 1714 7174 2692 4667 6111 4079 2400  405  617]",0.20658625916063933
"[7074 4633 5338 6167 5229 5973 4600 6823 1389 4693 1414 6720 5489  580
 4394 1034 5169  545 5976 4785  282 2334 2068 1008 1669 3564 1424 1882
  779 1202 5678 3245  681 5729 5888 1176 6245 4433   95  213]",0.1575838572240135
"[4102 2133 3098 4965 5218 3950 5932 4009 4131 4100 1055 5589 5227 5847
 1431 5848 2568  884 5631 6540 6963  130 3794 3548 4803 6579 5011 4444
 7408 2544  681 2215 4276 3065 1334  688 3660  935 1352 5095]",0.18398590289262312
"[1780 4406 3975 5833  964 7298 4121 2066 3453 3689 6151 4500 5102  314
 1320 4976 6404 3730 6085 3801 4047 7097 3427 3543 3714 4297 2280 3340
 2866 6334 7416 5413 2903 6677 7304 7484 5512 1199 3771 4729]",0.16569018264487578
"[5365 7078 2644 1517 3009 1946  118 5916 4253 6484 6921 6592 5980 2937
  515 5272 2491 6386  585 5388 6430  431 5498 5259 4782 5208 5791 3803
 3766 3442 3354 5961 3440 2565 5941  705 4412 3939  397 1092]",0.18535568130262486
"[4538 6411 2998 1440 2429 7331 6924 7479 3134  852 3615 5918 3142 1047
 4515 2169 2195 5605 3191 3492  263 1551 5088 3781 7472 6754 4814 4550
 5948 7186 6995 7084 5703 3994 7059 4765 1150 6892 4152 2401]",0.17264408487563399
"[ 875 4378 4133  579 6127  646 4647 7399 3037 6694 1146 4328 1717 2621
 6124 1512 3302 3333 6919 4705 3007 2626 4066 4771 2537 4475 2663 4245
 4250  335 5573 2462 5374 2076 2686 6249 4550 1780 2235 2940]",0.19618432747100473
"[2496  874 1842 7302 6809 7256 1431 5392   43 4037 1709 4003 7480 3795
 5804 2178 7082   74 2165 6129 2756 6223 5009 2749 6342 1414 6231 1952
 5335 6023 1160 5269  696 7523 4710 7303 5164 4523 1931 1097]",0.1540830807835093
"[ 568 3696 6794 5476 5608 5694 2231 2487 2280 2048 4027 4353 3278 3145
 6941 4333  685 6328 2511 2672 4451 2801 7536 3131  267 2433 2049 2532
 3569 3091 3702 6138 2656 4871 4932 6502 2478 4997  932 7149]",0.1910432217484158
"[3611 6802 5202 6793 4720 2263 6615 4848   87 4730 3315 7557 4395 6261
 4518  741 6746 5250 1198 3475 4160 6726 3875 5718 1129 6027 4489 2904
 6282 2376 4886 4462 5853 5181  211 6295 5627 6347 7261 7078]",0.15251711884367997
"[4177  971 7441 1444 7490 7571 5942 5095 4143 3134 2536   45 4043 6415
 7448 5682 2295 5381 1445 7587 5476 6691 1871 2356 7316 6801 3323  276
 3936 2888 4501 7527 6708 2917 1661 6854 1245 1803 6907 1478]",0.17701870101953637
"[3772 1004 1372 6392 2074 3459 6764 3937 5321 6713 3897 3941  239 3025
 2251 6092 6412 6568 7542 7356 7513 4964 6306 2265  546 2434 7467 2485
  316  732  320 1013  475 3829 1879  322 6341 2070 2440 3368]",0.18633111291257265
"[3743 1021 7109 7461 2093 5412 3789 4401 5878 1335 1921 2170 7393 3684
 7255 4765 2908  468  799 2118 6323 3565 4743 6328 6964 2209 1210 4784
 2045 5021 2690 1558 5925 3525  469 6842 4468 3457  647 7452]",0.16930036806535406
"[7290 5364 4943 3538 2669 6797 5934 7079 4380 2760 3957 3689   97 6662
 3703 1181 2616 4230 2119 4111 5118 2415 7166 4634  744 4963 5911 3413
 7112 3169  438  931 1973 6989 6427 2723 5212 3369 6611 2104]",0.1736440756094508
"[ 158 3693 2806 3294 5632  236 5133  562 7486 5079 1495 4482 7040 5364
 6685  465 5833   16 6670 5965 3633 1905 2342  430 4358 5355  825 6109
  219 6926 6118 4696 7523 7505 5080 6596 1697  726 7434 6331]",0.16211389452458858
"[ 211 1650 3240 5794 6160 2499 4695 4669 1665 6573 4516 4141 2849 7028
 6425  850 2436 4137 3338  745 4327 4364 1688 4456 5930 5443 2153 5000
 5002 2959 6632 7070 3770 1670 7324  847  727 7438 4976 4941]",0.14832693360983246
"[1379 1969 4671 4816 1917 6389  166  712  404 3737 7401 6244 7485 5183
 2953 5133 5023 5036 3591 6118 1622 2577 6879 6643   42 1291 1876 6872
 7242 4278 2559 1777 5215 1623   73 6499 3983 3979  351 7350]",0.14762259733644598
"[4192 5465 6817 3050 3452 4512 6936 6924  111 3168 6127 6827 5500 4450
 7392  358 2621  620 3853 6511   85 3982 4327  469 4841 7327 5572 2820
 2907 4578 5849 3347 2935 5041 1861 4756  344 1915 1517 5492]",0.15087319946788702
"[6714 1402  779 6316 3048 7283 2122  659 2944 6762 1853 1833 1608 3296
 2090 3299 5716 7297 6532  536 1500 4405 1823 1456 1141 1100 4845 1131
  596 6577  799  514 1327 5229 2166 7057 2474 6271 5618 7350]",0.21563611764923812
"[5615  707 2488 1686 4991 4781 3071 3053 1698 5924 1254 2038 2111 2410
 5558 6356 6279 4103 5519 5134 2741 4476 5039 1827 2231 4525 5896 1025
   17 6221 2487 3974 7465 6771 6774 2020 3526 3775  169 6617]",0.1847275663995573
"[7251 1807  115 3407  547 4081  955 5242  898 6288 6734 4398 5785 3708
  588 4634 6524 4148 5510 3187 5831 5551 2244 4835 2337 5024 1488  779
 6525 4787 4625 1959 2150 4389 2316  102  385  617 6230 4021]",0.16862215143449938
"[4867  715 3888 6254 7344 3820 6317 2249  133 6089 7126 6049 2004 4438
 7265 4589  402 5679 7236 2406 3936 2101 2579 1284 6829 4939  128 3036
 3379 4511 6703 1787 3426 3358 3596   65 1090  714  508 1317]",0.19579091483959532
"[ 997 2612 5642 2716 5415 7524 1608 1968 5064 7035  320 4026 1197 6826
 3444 3844 6536 2266 7027 6617 1003 5629  476 3920 2164  190  451 5125
 4695 6344 1381 2193 4601 7079 6214 2854 1151 1346 5147 6312]",0.19278599844848607
"[3974  759 2900 6674 1463 5071 5009 6129 6511 2909 7340 5108 7559 1066
  976 2612 7488 4720 2798 6617 5212  611 5594 2285 4968 3916 1710 5047
 5495 4719  236 6484 3930 2022 5168 2602 6780 5727 3469 2696]",0.1740619422351751
"[1737 2736  972 6218  983 2657 6014 2788  647 6138  399 3364 3849 5954
 5140 5293 2490 3809 1241 3904 6037 2161 5922 2063 6601 7571 1915 1363
 2320 5187 4763 5093 5244 4103 6833 2679 1964  913 5573 1739]",0.2084116858114393
"[2265 6628 6801 4413 4357 6781 2891 3644 6192 2398 5971 1299 3263 3489
 6020  275 1381  747 3241 2795  772 2929 1264 3518 7337 1079 4459 1296
  259 3818  509 4278 6666 4011 5722 5829 7374  578 2403 3796]",0.19032818911156993
"[2602 1759 2033 1678 6973 1158 3948 3797 2137 3271 7583 6392 6868 4185
 5535 6803 1866 1141 3357 6014 7129 3639 1880 1430 4122 3215 4120 7125
 4105 4695 5367 3084  584 7256 2620 1697 4883 2638 7230  645]",0.19627568704185178
"[3196 1821 4325  411 1457 5794 7120 5576  856 1414 4000 1321 3385 3662
 2798 1847 5536 6887 4847 2811 3496 7348 4623 3817 6492 6333 4794 1231
 1966 1181 1674 6931 2682 1661 4227 3617 7396 1062 6880  635]",0.2001662410191981
"[7319 2160 7559 7429 3126 5461 6927 1849 6433 6548 6564 6718 1560  478
 1777 1492 1133 4099 1279  640  809 7465 3780  434 1773 5147 2893   71
 1345 3653 2352  190  672 7007 5320 3162 4922 2531 4070 3129]",0.16801746577335785
"[4435  566 6337 4786 1732 6978 6602 1660 7386 3988 3426 3028 2727 3770
 3826 1634 3083  305 5634 7566 3090 1956 1907 4639 3346 1057 3672 6258
 4235 1391  482  925 6198 2329 2859 7309 5498  224 3133 4265]",0.23217020681571462
"[ 305   57 4988 1083 2814 2107 3636 4916  950 3630 1550 7120 6346 5992
 1473 2475 6368 4574  187 3893 2842 6146  439 7209 4496 6335 2321 6832
 2818 2913 3321 4859 1955 4081  495 5642 4022 2673 5996 2940]",0.18173654865994487
"[7459 3292 1938 5715 7404 2581 6753 4034 5483 6275 2090 1315  991 5848
 5870 6674 6129 2222 5600 4602 4940  989 3641 3667 6330 3450  700 2361
 1582 5587 6444 1908 5539 6068 3247 5079  253  229  846 4929]",0.16707068084273602
"[3841 5936  546 3756  496 6071 1941 6326 3931  734  354 2138  926 2024
 3280 4943 5162 6244 2910  302 5838 6036 2235 6349 5906  825  725 1855
 1561  839 2699 5640 5912 7037 6397 7431 7515 3656 5490 5825]",0.15925775457289798
"[4742 4022 2687 1837 5944 5477 3753 6653  192 6334 3706 4625 4609 7190
 7175 6175 1559  560 7271  789  271 3149 4992  400 1376  800 1289  562
 4095 6438 2318 1458 7107 7039 3117  553 1447  207 2347 3872]",0.17449258035188703
"[5156 3670  469 4513 7510 1458 5553 6608 5565 3313 3721 1981 5587 5209
 4383 2540 7462 6738 5714 2005 7263 4679 6987 2251 3401 5874 1680 3329
 6702 3715 5491 1974  385 4411 1033 2100 5090 5484 4116 3396]",0.18852613884185293
"[5696 4272   62 2456 7579 6729 3180 5899 6805 3148 6241 3872 4383 4790
 6741 4169 2266 3510 6904 4911 4681 4652 6956 6014 5366 2410 7162 6495
 5222 6537 4436 4437 5447 1129 2045 5708 5157 5467 5995  987]",0.1690948503306957
"[ 558 5647 2672  699 4789 1171 5979 5368 4509 4813 2513 2133 4542 5615
 4216 7317 3264  723  356  639 5868 1006 2722 4800 4406  474 4554  779
 3111 7280  136 1618 3118 1147 4138 1683 1391 1841 5529  903]",0.17113224704266003
"[3683  609 3991 2733 1661 5851 5398 1175 1484 3924 1111 7145  250 2190
 3897 5513 3700 5043 1791 4552  427 3814 6082 3298 7370 6040 3541 1657
 6488 2513 5453 7109 2367 2696 5201 3281 4234 6281 5499 5272]",0.19358427216780313
"[2554 5628 2794 4363 1974 4934  597  926 6870 5523 3316 2549 3171  262
 6651 7126 7594 2542   50 1989 2309 1224 2699 1496  321 2637   81 3897
 1309 6646 5449 6279 7219 7587 5333 2533 5187 1931 4330 1348]",0.1596316152949996
"[6065  872 7578 3437 6115 3354 2826 2861   63 7066 3483 4808 1250 2792
 6289 1750 3397 4063 1588 4748 1764 5905 6426  912 2595 5114 2749 4687
 4252 3609 2641  694 2172 6965 3761  536 3409 2221 3620 3780]",0.21549346227784175
"[2371  777 2099 3459 6010  157 3245 6673  708   42 1171 4630 3626 3100
 1505  674 4993 4467 2332 1574 7153 2339 3404  796 4353  111  360 6269
 5897 1471 2949 4763 6716  248 4150 1261 5292 3192 3821 3438]",0.2124220944364535
"[2216 5108 4466  522 6141 7530 2180 1654  240 6200 5903 6268 7118 7444
 1436 7137 4888 3169 3885 7233 1839 2928 7215 5246 7175 5796 2940 7018
 1247 2646 6896 2065  879 3041 4051 4803 1286 6455 3895 5483]",0.18023975475384552
"[1763 3035 6275 4268 1981  676 6705 3752 3465 2794 2437 2595 6391 1945
 3746 3163 4177 2148 1485 6589 6852 5741 2731 2600  186 3279 2533 3318
 6912 2060 2321 4721 6384 6225 4515 4397 1119  481 2763 2351]",0.19540518918971378
"[1755 1567 5516 2055 6046 6563 3179 5061  834 4672 7370 3182 5452  973
 2542   67 6922 2063 5104 5261 1279 2584 2476 7079 4102 2372 1382 3939
 1638 4277 5190 2159 5728 6330  345  841 3166 1396 1025 4539]",0.19438885541204198
"[5089 4327 2776 5319 1810 1780 5715 6800 6817 1606 6180 3841 5360 7149
 5636 3702 4644 5279 2095 3709 2723 5075 4494 4222 6399 6369 2088 2951
 6880 4544 2280 5132 5453 7252 4806 5032 7487 4267 3253  451]",0.1487986273766017
"[6149 5762 2693 3618 5171 3312  392 6412 2304 3341 5483 7324 7489 6188
 4585 7225 3327  370 1896 7101 5203 5609 5634 5177 3756 4741 7420 4501
 1651 5521 6727 6318 7129 1727 5093 6900  391 4240 1638 3977]",0.15238759900223778
"[6962 1319 4850 7250 2324 7327 7376 1971 4473 3518 1402 5691 2005 6824
 1739 7350 6906 1023 2678 3093  496 7053 2411 5268  445 1467  289  540
 3363  627 2123 3972 1071 2934 2591 5187 3848 3407 7421  878]",0.2441598485041374
"[ 743 4213 1425 2012 3171 2619 1528 2162  803 4636 6225  973  877 5432
 5093 5346 4431 2454 6955 7203 3901 3208 4952 5793 6211  210 2784 7307
 6718 1223 2601 6549 1115 5507 2308 4067 4672 5751 3726  797]",0.19204756788454475
"[2079   78 5624 6471  755 2336  579 2357 4935 4627 5504 4486 1786 3095
 3421  265 2274 6188 5584   28 6293 1458 2692 3392 1668 5428 1339  179
 2025 1794 2596    1 3475 6402 6417 3975 5229 2588 6230 5393]",0.1898837492120672
"[6072 5558 3476  232 6076 2181 1084  205 3297 2316  307 6629 3143 3904
 1492   87  535 6966  739 1666 1131 5619 2033 3892  419 5042 6187 4902
 1932 1176 5582 1480 1202 7023 4507 3042  674  354 5628 3660]",0.19008897371506997
"[2246 6880 1169 2411 4818 2099 3861 1251 5896 6359  291 5950 2750 2635
  280 4810 1810 4990 4948   65 5638 4377 3560   97 7235 4058 7499 2912
 2819 5557 1091 5284 2957 1920 1316 3377 6065 4303 3874 4073]",0.1793063425245961
"[4545 2510 1466 4944 3548 5795  159  204 5069 4550 1301 2975 2125 5229
 2901  321 4304 1845 6927  292 6267 4966 1726 3847 5309 5014 4589 5680
 1371 1859 1241  892 3054 1540 5349 5412 3214 1554 4694 4520]",0.1602498695009593
"[4027 5123 4047 4020 2299 5599 7454 6006 3359   15  588  477 1961  422
 7276 3068  199 5274 6841 7366 1491 1783 7014 1499  161 2065  778 7339
 3366 1795  326 5424 5352 1716 6546 3692 5741 1644 3789  573]",0.1670674584654247
"[7382 1419  783 5319 7430 4430 5500 3068 3322  680 1233 5689 7138  710
 5761 3625   23  683 1347 3591 1055 6071 7239 4041 6910  466 1437   98
 4754 1744 4876 6880 6167 2605 6222 3662  436   57 3236 4470]",0.13245086975500298
"[2858 5291 2040 3966 6583 1122 6429 1457 1037 1192 3934 6197 6289 1868
 5187  435 4674 6101   33 5648 1583 3875 1079 4236 2561 6078 1823 6159
  980 3894 6342 4839   31 5361 4760  446 1638 7230 5081 3952]",0.17290433208755604
"[3818 2746 2230 6587 7242 2110 6323 4382 4025 3011  620 6837 4836 3755
  664 3455 6757 2636 4420 3493 7315 6727 6552  568  324  552 6909 6391
 4190  219 2790  280  227 1317 3924 4775  731 4319 3563 2922]",0.19537391476699298
"[7394 2049 2113 4807 2591 6295 2398 6682  912 6084 1505 7058 1761 6418
 1874 2431 1091  805 7029 4360 1318 3698 3376 6632 3266 4519  845 7185
 5296    9 1283 4927  872  488  528 4802 6377 3599 1828  285]",0.2138118297742949
"[4012 6912 6084 4984 3777 7433 3264  868 1118 5522 3738 3510 6588 6024
 1299 6220 5029 2523 4377 2185 1007 7239 2088 5433 2449 7232  554 7008
  187 7519 6066 1545 3302 4234 7332 7396 5044 2796 1625 1645]",0.2081335516027434
"[7468 5087 1391 4654 7170 1486  568 4193 6467 4472 2615 2764 3997 4888
 1201 6759 2047 3240 1540 5909 2511  873 3182 3823 2192 6091  596 5294
 2815  868 6853 6721 1479 5795 6578 5359 3021 1216  823 7300]",0.18491796814514694
"[ 581 4345 2153 3496 4658 2447 3585 7327 7286 4437 4103 7438 6031 7390
 3263 2377 1747 4163 3182 2796 4860 7318 6808 7265 5437 5972 5929 7404
  349 3827 4699 2624 3364  454 5975 5302 1085 6244 2705 6835]",0.19564187681417822
"[7072 4280 1949 1691 1918 6972 1070 3199 2601 3604 3442 6561  262 1595
  417   45  801 2008 5365 6998 1495 6338 5656  623 3176 4330 4635 3612
 6390 2452 3297 7296 5918  359 3579 5995 4782 5524 5244 6961]",0.1757084525617364
"[7188   79 4726 6810 2802 4270 2106 2376  129  324 3045 1518 6023 1514
 4231 4787 3126 7578 6633 7284 5615  295 3388  156 7042 4612 6397 2714
 6121 2309 2327 3669  374 2591 1972 2156  427 6400 5260 7210]",0.1903464294680241
"[1540 6418 5369 3766 4182 6335 4023 2744 3689 4088   57 3316    1 2526
 1201 5442 5362 6908 5390 7270 2304 3082 1197 4736 5742 1512 1192 6253
 1720 3725 6006 1530 7397 4556 6589  339 4657 5058 2764 5812]",0.1895530497840365
"[1911 2056  164 2714 7209 6885 1227 6261 2094   28 6035 7428 2809 2009
  110 7144 3717 4692 4459 6056  884 6727 6919  307 5787 1927 7255 1378
 1363 4663 6164 4737 7555 1120 2196 3012 6132  204 6704 7531]",0.1803489208343145
"[6743 3206 2384  250 6285 5043 4088 5559 4013  381 6153 4679  700 5584
 5648  237 3210 2108 4364 4686  581 3524 1623   34 4449 1584 7084 3862
 3824  574 2936 6661 6061 5383 5438  297 4122 7224 6174 6649]",0.1751129873275744
"[6738 6201 7207 4450  304 1643 5321    0 3090 3212 4633 4652 5548 2638
 6610 7561 6438 7053 5343 1185 7387 2154 3343 4241 3011 7039 4400 3605
 4318  288 6606 4809 4778 3763 3938 6457 4327 7132 3124 4905]",0.15485994630334848
"[3618 7380 5345  341 7075 5122  536 6479 1566 6762  423 2077 5651 4901
 5821 3958 6458 1126 4144 5819 3711  212 2056  759 3460 6248 2371  152
 1861 2902 2109 1104 2063 4672 6454 5760 1313 7435 5036 6491]",0.17861809941540316
"[7128 3947  519 1163 2364 5529 6062 5540 4022 2507 3335  145 1767 4686
 7209  113 5729 3765  947 5412  382 2112 4253 3338   70 3854 1253 5724
 4886 7497 1740 4280 1753 1072 1225 7546 1369 2328  522 4227]",0.1888879689294593
"[4568 2431 1094 2149 5490 7039 3189 3300 3350 4755 5465 5965 6578 1202
 2243  181 1681 4134  418  148  232 7012  818 3903 7497 1858 3592 7030
 2341  706 2445 3572 5589  930 6855 5452  274 6449  986 1158]",0.20501452554663052
"[4660 2692 5332 6854 5797 1822 5279 1815 6101 4834 5376 4285 4265 1032
 6483 7066 1452  299 6303 1459 1118 4137 3616 4046 6405 3227 2619 1787
 5860 5562 5598  921 2334 3124 7021 3281 5658 2323 5986 1181]",0.1925036923919126
"[5945 4794 3453 1547 7441 1148 4511 7518 3092 2267 4775 3073 2359 1954
 3841 7108  383 4602 3960 6024 6847 1460 6527 1625 3501  980 7123 6669
 3506 2964 1532 5618 5745 2800  303 2718 2397 1527 1584 4384]",0.20985129992612056
"[4505 3289 2589  427 6091 5746 4677  255 3043 2977  540 6687 3883 6307
 5830 3360  517 1575  231 5801 2011 1754 6670 7245 3728  801 2610   18
 2648 1298 7556  993 1643 4534  423 5461 6479 4342 6701 2622]",0.19045707480521776
"[ 358 5943 5986 4011 7078 3143 2877 3088 5442 2123 1387 7365 2574 5231
 3715  324 2563  719 3889 3233 4589 6680 6286 1144 7367 4296  703  852
 3595 6029 4191 4016 1931 2330 5888  193 2338 3571  607 2167]",0.18749422924289866
"[1678 2787 2953  574 3729 1747 4132 4787 2790 7270 3234 3460 6107 1850
 1243 5493 6889 3746 6660 6949 6915 2060 1019 4645 2843 2717 6614 2033
 2282   82 6047 4794 4411 3308 6134 5181  597 5954 3543 3250]",0.1842211385208279
"[2236 2186 4483 2471 5521 5511 3089 2397   93 1452  167 3040 4139 1886
 1779 3556 1655 6902 1589 5627 6972 6413 4482 2970 2733  314 1179 1203
 6003 6591 5197 2769 5261 5098 5431 5955 2148 1000 5305  186]",0.2041122587456724
"[2780 6958 3110 6833 2125 1973 3675 5724 1259 3849 2090 4156 5010  715
 5135 2600 2610  140 5868 4818 4896 2388  792 2822 1183 6508 4694 3645
 7437 6700 4071  967 7494 5852 4256 3798 1524 4216  173  281]",0.18221173111531666
"[5092 1738 5717 3310 1418 1443  356 7566 5912 2204 4111 2738 4100 4199
 3366 7007 5306  566 2608 7503 1513 1073 7458 6088 6400 1222 2149 1081
 5853  656 7060 1161 7560 5243 3321 7229  219 2425 6080 6275]",0.1479710548445008
"[  89 1415 2801 4268 3952 6357 7036 4238 1104  734 4017 2623 5501 2329
 4164 2409 1013 1806 2310 7313 5099 2488 6309 6081 3250 2529  267 2655
 1166 5611 5908 1171 5434 7311 4181 1365 7223 7277 2060 5551]",0.18625061820346112
"[4133 4506 2469 6010 3008 1820 5208 1572 3859 6075 4132 4108 4664 4219
 1911 6526 5105 1643 6925 4682  899  917  867  780  837 3649  677 5827
 1615 6492 2023 2525 6848 4218 2550 6648 7478 3046 7398   99]",0.1966469332499473
"[4955 2596 1404 7084 2154 3838 2917 4128 4531 6060 5027 2097 6668 3514
  869 6583 7510 6373  783 1634 4072 5577 6841 4037 3911 6056 1330 2119
 3319 5163 1849 7310 3622 7152 7035 7474 1332 2396 3061 1968]",0.1566760740750851
"[1638 3646 7144  486 3732  891 1134 6846 7584  619 4703 1690 6810 6899
 4291 3801 6911 6894 2267 5107 4363 3417 1787 7159 5454 7522 3486 4964
 3116 6502 2202  122 2222 4973 5465 3813 3883 6427 7136 4850]",0.1821410334931085
"[1196 7000 5784 1732  292 3417 1912 1022  810 5698 7312 5309 3618 4831
 5675 4973 6453 1124  678 2212 1727 5580 2322  387  556 5982 5513 6824
 2223 6509 1231 3543 2632 3136 3171 1647 7238 3297 5540 4375]",0.17411191354918074
"[2910 3708 7421  322 3009   71 5556 1315 6402 6720 7259 2199 4612 5411
 4780 4490  445 5259  812 1429 3632  272 2787 1781 3769  583 3159 2339
 1311 2656 2245 5617 7424 7556 2685 3927 2591 2592 4856 6573]",0.21513461002200687
"[4333 1002 7311 5439 3726 3207 4533 5723 5992 3305 1708 1203  301  154
 2611 6670 6032 5125 3509 2911   56 1062 5469 4988 7228 1422 6522  128
  298 6191 1766 7433 2389 1860 3379 3992  846 4376 6816 5752]",0.14518428948594247
"[1866 1882 2312 3825  539 5714 6350  243 2981 2287 6339 5072   51 3124
 4836 1485 4394 2017 7126  157   55 3902 3692 2500  872 2633 6859 1340
 4644 2454 6305 4277 3373 6027  447 5695  116 5922  964 6890]",0.1495323592406656
"[ 412 1707 5241 3831 7072 6246 3837 1889 5228 5465 4293 6002 3313 5346
 2049 7289 5159 3731 3638 7456 5991 2027  153 6286  565 3381 2731  533
 6125 2942  231 1048 6065 6168 2812 1880 1223 3766 2211 6045]",0.19820394244780662
"[2105   87 3427 2919 2786   72  877 6920 2004 3099 6357 6249 6398 3223
 3084 6177 3076 5831 7119 7252 4636 2753 5894 7339  781 2614 4533 2523
 7381  614 1169 1960 2500 5330 2581 3105 3690 2583 2013 5481]",0.2175982337584411
"[2180 3985  580 5174 6830 2298 3382 2911 4650 4458 5379  288 6963  872
 2426 7562 6366  222 4641 1868 6798 2416 6686 5815 7589 3179 4026 2991
 1627 1057 4831 6952 4457 1613 6280 7171 6420  467 6449 6217]",0.15911688811327132
"[4710  925 5821 2658 3583 1525 3155 5566 4030 5417 6719 4547  480  795
 2368 6326 1172 5757 6154 1859  381 4014 3168 6754  248 1229 1712 6298
  798 6545 3996 7236 3923 5266 6884 5385 6435 2743 3170 2090]",0.20265008500701454
"[2286 2907 1139 4982 2366 5558 2848 5083 4871 6113 1031 2284 6996 7445
 5150 1390 7543 5893 2812 5128 7324 5443 7269 4682 3807  115 6764 5303
 3926 3728 6985 4820 1705  360 3769 2029 4183  962 4649 6199]",0.16827954011750387
"[4497 5764  112 5811 7201 2080 3729 7373 7119 5179 5211  977 3382 3672
 1474 1042 6619 5613  275 2946 2106 5651 2661 2576 6068 7332  634  336
 5916 6441 2203 6070  976 7174 2848 3837 3157 3026 4608 4198]",0.23019157713699212
"[3225 6972 5855  368 2009 1242 2994  299 5116 5078 3939 1615 5035 5254
 4825 6484 1338 2072 2358 2075 3100 1588 5571 4858 1175  919 4285 3111
   69 4945 2328 3577 6679  322 7189 3638 4057 2334 4566 1186]",0.22601603840692347
"[ 906 6404 4056 5071 1399  624 6408  779 5839  720   90 4446 3945 4680
 4891  901 3098 7273  249 5933 2091 6231  983 4724 7167 4594  849 4660
 1759 5149 2176 5493 1306   40 5784 5858 6640 1722 1119 4343]",0.1807926695364954
"[3636 6980  571 2433  670 1978 5506 6864 6656 3233 1949 2824 2198  101
  792 1984  909 3566 1175 6857 6566 4810 2758 3285 4245  300 5581 5157
 6817 1549  227 4707 3501 6365 3315 4851  650  301 1330 2528]",0.19949609706100185
"[1789 1723 5206  903 2659 4376 6974 5359 5381 3739 3483  659 6158 1191
 4590 1844 1873  905  795 6718 4257 5896 2985 1444 6992 7189 6077 5946
 4729 4594 7119 6078 3276 2974 6645   50  932 2847 2678 4794]",0.1642323683700536
"[2717 1049 3434 5604 6564  942 1940 3174  446 3760  888  401 5506  149
 2905 5931 3553 7477 3346 7525 6022 4738 6017 2792 2759 5284 4953    5
 2746 1949 2517  747 1501 1740 7286  234 1876 2955 2690 4768]",0.18979993854735325
"[6952 3876 6179 5072 6473 6494 3623 6414 5043 5597 5598 4230  275 4533
 3945 1843  677  388  679 5328 7315 4459 5571 7095 7412 3058 1127 3776
 6970 5059 3383 1558 4324 6370 5247 6744 6479 6221 6552 7463]",0.1391917602709894
"[3592 2724 2925 3814 1695 6706 2361 4469  677 3199 4366 2902 6000 1962
 2915 3807 4129 1256 6916 3188 3304 6847 3551 1036 4562 1515 1167  430
 4638 2717  538 6963 5069  275 6696 6791  237 3836  385 5257]",0.19590106527367085
"[2974 5650 6505   66 2143 2428 5852 2867 5229 5991 3985 3857 6817 4577
 2441 3643 1274 6722 2938 6158 5166 4076  616 4782 1097 2275 7109 2969
 2640 4521 2718 7270 2786 7212  137 4264 3315 2139 5220 5397]",0.17126517714548278
"[6406 1795 2999 5509  294 1538 7488 2540 4733 3637 1784  276 1916 2048
 5531 6843 4982 1818 1797  295  366 5225 4435 2225 5453 2013 3398 3605
 2054 5457 4355 1820 6183 1994 5378 6405 1001 4588 4175 3935]",0.1625200297059556
"[7350  783 4442 6797 3165 4535 1406 7243 2275 4777 4835 1654 5063  285
 7325 1474 3007 4477 6394 2024 5629 1614 6117 1207 6111   42 4555 5047
  923 3848  147 6182 4081 4290 1505 2607  902 2061 2446   38]",0.18486681449409445
"[3363 6208 5276 3640 7500 3109 6357 1983 3431 7071 3942 7186 5672 1087
 4961 6745 5397 1048  768 2475 1156 7205 3844 4496 5792  511 3136  532
 6132  464  857 4432 4248 2177 4072 6215 2999  897 1135 1086]",0.18257192042023584
"[3636 2546 2198 7325 2189 6790 2313 1390 5672   21 4781 3024 4880 4035
 2053 3500 1373 2488 6873 4646 3023 3366 5704 7581 4672 1474 2256 1652
 1773 3811 2812 1371 2092  290 1480 3625 4234 3977 1576 6263]",0.19631788578936604
"[6421 4147 1083 3820  778 7273  281 1556 2715 6982 2414 2155 2500 5085
  131 3437 2466 7512  920  849 5466 5355 3678 5753  925 4789 5486 7477
 5861 1504 7549 7482 6172 4366 5981 5850 5145 4396 6674 4618]",0.15546018890132246
"[7290 7505 5039 5537 1416 6522 1505 6733 3585 4454 3989 4036  784 4187
 5718  105 6714 1848 2831 5583 6000 5001  732 3864  165 7250 4658  977
 6737  543 5408 1258 5172 5427 6023  553 4378 3171 4797  632]",0.1426611226159925
"[3270 1641 1993 3162 6358   66  547 2645 1122 6232 6527 7242  530 1226
 7237 4567 4741  842 4360 6567 5570  509 4765 5713 3986 6697 1378  831
 2474 6301 3892 5603 3600 6845 4787 2102 3287  110 6587 7539]",0.1783723276754447
"[5906 1615 6898 1360 2015 3379 2611 3480 1717  697  288 3833 7307 3205
  665 6154 6841 1486 1868 4264 3251 2815 6791 5715 7360  997 2660 4062
 2017 4524 3482 5877 1525 2279 7018  992 6370 4061 3919 6849]",0.17520326580004242
"[2737 7339 6425 2955 4194 4508 7453 5409 4022  276 4070 5559 2809  936
 1218 1321 7355 4962 5595 2070 7506 3143  820 4824 7052 2110 7509 4691
 6758 2226  174 6625 6262 1457 4917 1029 2255 2077 1317 4522]",0.2121268074680293
"[2731 7301 6142 2142 6086 6272 5040 1651 1869 5794 7499  370 5149 3234
 5252 4825   95 4826 1416 2957 4451 6448 4967 6059 1385 6676 5235  605
 5151 3800 4837 2438 6239 2349 2617 3458 2771 2486 7543 5729]",0.15142369714961298
"[4538 2853 7295 1973  152 2780 1590 4225 4090 6490 6428 7290 4640 7398
 2319 4111 1770  416 5428 2409 2624 4924 3937 2884 2914  126 6296 3249
 1180 7351 1002 6576 1091  758 5257 6213  389 5880 2216 4104]",0.17864547957872495
"[4752 7342 6981 1848 3608 3246 7500 5706  876  462 7534  658 1861 7541
  612 3884 6930 3642 5517 7276 5999 4167 5610 1150 6477 6881 6359  998
 6924 6261 4256 3060 5757 1024 2698 5177 3228 1401 3016 6530]",0.16545334579601303
"[ 713  194  681 4242 6219 4328 5938 6373 2233 6716 2385 3950 1448 2114
 6868 2257 3976 2942 7493 6264 3908 4191 6547   59 2523  816 5478 4151
 3806 2177 2396 5663 6440 6904 3513 5790 2006 1622 1167 1373]",0.21941284820847212
"[ 579 6491 3876 3411 5830 7304  944 4934 3289 5119 4604 1518 3970 1250
 7241 3619 4744 4645 7437 2403 4911 3499 6929 1142 4584 1412 4912  598
 2937 4419 5997 5944  425 1482  177 7538 2279 4457  752 4601]",0.17001189621324525
"[1090 4674 3674 3754 3603 5128 5339 2864 7244 3955 5896 7323 7437 1184
 3641  654 2145 7235 2852 4137 6808 3740 1578 4682 3091 7462 3575 3867
 2414 1207 4874 4937 2588 2953 4486  398 2549 3929 3625 3822]",0.20211003707387776
"[6993 1332 2148 6437 3952 4387 1656 4926 2135 5047  443 1099 4738 6910
 7188 1773 7449   87 1195 5596 3267 3698 4493 7055 2605 6542 7451 3251
 6893 4848  387 6976 4723 3791 5920  556 1258 7552 5619 1266]",0.16776125806644068
"[2936 4100 7343  933 5747 2825 1846 3663 5136 3699 2804 3143 1422 4315
 4305 6268 1708 5604 5251 1830 3532  824 7388 4754 1120 4201 4130  560
 2745 1437 4407 6247 2551 2263 1903 5947 3821 6965 4179 6078]",0.1778257850011442
"[4640 1576  764 4407 5308 2707 3671 7480 1924  705 5427  216 7328  537
 5752 5040  153 5078 5605 5695 5482 4146 2072 3717 4990   52 2457 1147
 5360 1162 5940 2468 3713 1040 7462 3324 1182 3218 1841 6722]",0.18446949398717846
"[ 920 4138 2706 3592 3888 3236  837 5265 2926 4340  463 2808  588 6387
 6811 6329 2000 6386 6047  970 1125 2183 6966 5196 6082 2016 3517 2875
 3358 6309 4322 2154 5881 2597   51 5986 3169 2054 1842 6618]",0.21670281637304506
"[ 869 2457 3770 7142 4810 2434 5462 7050  146 3746  408 6674 3805 1664
 1425  268   80 6056  241 7023 1913 2269 7340 3065 7266 2281 4300 5723
 7457 6180 3449 7318 2123 3405 5214 1548 1817 6997 6504 2624]",0.15652153803459357
"[1810 3274 5879 5849 4316 1429 1706 1854 6626 3563 5832 6354 1256 5913
  590 1735 2504 1567 1192 1840 3309 6430 4609 6345 4618 5496 2299  437
 6058 1626  330 3796 5647 1204  206 7385 3490 7233 3750 2553]",0.17196457951811026
"[3424 6687 4116 7277 1341 6891 2005 2835 6205 3953 1538 7491 3188 1193
 5389 4437 3139 5220 4404 1899 5433 1192 3597  409 2212 3001 5288 1390
 1877 6236 2517 6345 4071 3929 4571 3497  848 3554 3955 3834]",0.23046294569223807
"[1381 7030 2247 2024 5336 6424 5654 2720 4977 1810 2939  639 7426 1759
 4354  271 6965 7149 6589 6165 6390 1194 2823 4969 3778 6291 2482 1098
 7210  597 4352 4859 4593 5458    2 6070  668 5029 5080 3075]",0.17750008543814766
"[2471  409 4894 4302 2261 6771 7445 1667 6812  578 6953 4361 5632 4096
 3508 1999 3016 2163 6462 3228 1797 3719 2846 3980 4005 6939  275   91
 1226 1868 2791 5673 3076 2021 6161 4681 7079 2139  827 5314]",0.2151284537697394
"[ 229 1615  142 1602 2685 3349 6908 7217 4313 6968 2071 5629 5864 1385
 7131 3060 7525 2710  778 1388 2039 2741 3564 2781 5884 2985 7122 2312
 2155 7143 6110   15 2477 2565 1513 7074 6052 4057  691 7492]",0.21087063070702514
"[2039 3575 7292 4474 5677 1703 2023  233   19 3749 6828 1929  672 6373
 1282  243 3634 3689 4726  988 6297   74 7120 4591 3977  964 7573 6212
 3196 3606  845 2956 4017 5920 2354  539 3028 3550 1279  302]",0.17500941996515823
"[6935  613 1620 3538 4144 2424 5193  933  472 2059 5542 3153 7143 2050
 3504 6428  991  132 4345 2864 6145 4089 3843 5617 6854 3860 5363  734
 7166 6648 3475    0 6579 7023 6509    8  304  769 4957 6610]",0.17063854413175492
"[5910 6981  729 1028 1943  121 3203 4315  531 3858 2456 7148 6437 4535
 2867 4948 2337 7024 3651 5520 3814 1153 2896 5111 6814 5125 5976 3350
  368 4674 5747 7497 6418 7277  412 6770 7398 3891 4888 4707]",0.165644559460709
"[3923 3623 6107  133 3161 4694 2203 1678 3691 4916 6346 7138 2062 6108
 5084 3026 4365 6919 6658 3777 4552 6086 4425 4472 4347 3278 5778 7518
 4863 6673 2281 3762 4289 1217 2672 1569 4924 7111 5169 5073]",0.1549635249364342
"[6556 7563 7352 1501 5688 4664 6566 2558 4779 5373 5079  879 6418 4557
 5840 3602 5143  213 6780 4520 6311 1828 7024 1571 2229 1070 1593 7543
  699 6536 6501 7155  583 3692 2267 4746 4734 5539 2280 5297]",0.12620823837787068
"[3891 6022 2840 3766 1740 5761 2824 7090 5804 6586 6221 1543 5826 4281
 4960 4640 6117 1764 1840 5813   55 3304 6213 4944  949  711 6000 1805
 5018 6789 3625 1069 6200 1077 2441 4099 6909 6349  979 5033]",0.16412903212182256
"[5401 6819 3886 5601 5653  414  668 5888 3029 6801 5893 6687 4745 1465
 7012   80 1110 1099 5100 1361 3097  104  769 4316 3297 5958 6331 1282
 3906 4910 4161 2381  171 3381 1030 1527  193 6549 2729 1250]",0.2190120286067276
"[3895 4492 5877 2958 5406 6323 1962 6278  295 2948 5520  204  855 4501
 4061 5112 2792 4616 2059 2502 4824 1122 2655 6994  209 3248 6482 4106
  765 6546 6248 1853 7270 4004 3876 5863 4577 6069 5556 6688]",0.20886967418374763
"[ 928 7474 7453 2772 1185 1062 1129 6099 6574 5653 2328 5078 1930 4990
 2631 4421 6411 6434  128 1855 5154 4559 4418   85 5371 6126 2019 3371
 1442 3201 5172 1315  285 7215 2301 4714 5385 3119 7579 5830]",0.16997091395910624
"[5149 2904 2423  837 4962   41 1553 6971 5705 1061  982  250 6199 4635
 3366  916   85 2792 4079 5025 4514 3887 6761 2614 7213 2440 5817 4052
 5080 6169 4938 1794 7167 2400 1787 1486 6664 5855 5078  448]",0.17742444112542732
"[  64 4319 5715 2396 6619 7024 7160 6776 3034 7149 1552 7375 5547  694
 2819 6106 2683 2212 4738 1728 1068 1667 4703 3134 3061 2738 5383 2886
 6107 7486 4993 1113 6981 4146 5037  848 6270 5709 4901 7146]",0.17147111751731997
"[5293 5852 5992 4553 4059 2483 5462 1820 7582 2539 3423 3248 7463 7245
 5079 7286 4331 7300 7097  752 6337 2102 3181 3618 4824 6094 5603 4588
 1433 3836 6878  694 2687 2929 1159 6311 5435 7200 1174 3901]",0.16128826033266827
"[4229 2796 2178 7102 1427 4116 2194 2131 5429 6509 1479 6783 4444 3772
 6765 4401   99 6655 1437 3381 2167 1272 4929 6578 4091  468 4925 7192
 4206 6637 4757 2933  652 2533 1900 3002 4957 4160 7232 2846]",0.1685211296584777
"[ 212 1342   52 2650 5879  736 2960 7255 6550 5699 2597 1942 6094 1517
 4775 3225 5998  551 7318 1656  526 3062 1828  824  246 5572 6191 2954
 3706 1239 3440 3934 6226 1110 5624 5867 3334 4124 2926 3294]",0.22799064227446048
"[1955 3058 4137 4477   54 6841 4643 4238 5452 5355 7089 7097 5598 4741
 6285 2996 6658 5382 1165 7165 2226 7556  421 6117 2253 6368 5566 2519
 2677 4987 4953 3061 4221  167 1377 5880 6204 6322 4492 6814]",0.16302660098673874
"[6504 3348 6406 5278 6009 3881 4459 6945 1881 4878 5977 6929 5156 6938
 2488 4714 2271  196 7556 5899 4565 4101 1364 5903 3857 2584 5421 6671
 1574 5537 6015 6394  250  338 1486 4260  176 1258 1795 6456]",0.146435340963107
"[7307 1538 5481 4689 4824 6501 5135   24 5052 6226 6797 3848 5638 2551
 6652 6292  369 1180 3188 1044 2950 3450 7516 4275 2747 2987 4590 2396
 5413 5520 3246 5899 6548 3242 2445 2288  577  981 5898 5529]",0.19654691823149703
"[ 627 1633 3390  584 2662 2989 4835 4738 3864 2037 7437  550 3082 3588
 4347 2553 1319 2536  601  998 4446 3978 5280 7023 2350 5504 4966 7366
 4601 5039 2355 5383 6506 7521 2885 1259 2441  282 6851 5951]",0.21660959558118079
"[ 569  325 4392 2167 7503 6315 4291 1003 5312 7259 3941 1060 6243 1017
  663 7016 2816 2316 5448 1095 7573 1696 3920 2686 3465 2877 1286 6903
 5244 6125  127 3668  941 6273 2157 5250  244 3670 1504 4776]",0.1794612046084002
"[4590  521 5733 5986 2559 1761  652  601  509 6883 5147 4785 4784 6572
   22 4066 1718  432 3183 6142 3192 3205   78 5620 5639 5633   96 6238
 6874 4315 7224 4425 2847 3079 2754 2648 1983  304  196 6545]",0.1356860029428785
"[7334 2399 3679 4525 1048  120 7205 3049 3715 1973 5839 4587  545 4670
 2913 5015 3917 2600 1605 5256 2726 6966 5510 1265 3435 3394 1649 7476
 7533 3707 4076 4247 4551 3487 2247 4459 4602 7203 4790 7388]",0.20276722167230593
"[1538 2077 7346 5158 1360  499  668 4261 1333 7202 2891 4476 7050 3546
 5044 1864 6811 2172 2211  760 4407 1963 7569 2437  483 4675 5780 2971
 7097 7577  261 3440 7332 2839 1202 4224 6024 3799 4714 4399]",0.20002786987553056
"[6933 7207 5264 4540 4980 6749 2729 5812 1351 1914  549 2372 5448 3227
 1197  444 3315 7142  695 2472 5929 7302 4198 7471 4523 5666 4172  137
 1511 4682 5258 6967 6545 2967 3750 1978 5805 1387 1627 5940]",0.18794908857079923
"[2423 1729  890 2251 7059 1275 4614 4229 3188 2112 3895 3885  973 5239
 3537 2344 3001 1430 2497 6452 3688 5688 2460 3862 4944 2421 6744 3792
 6852 5003 6061 3064 4917 3384 4818  627 5102 6219 5376  760]",0.18376358358182696
"[4337 3078 4656  652 2658 4107 2462 4315 4284 3459 1032 4687 5492 3180
 4097  848 7503 6066 6725 5222 5278 3863 5855 3234 5922  255 3349 3743
 2359 1165 2325 1512 7404  207 2413 5521 4257 6269 4841 4871]",0.18693693505929226
"[4506 1538 5870 3742 6685 4936 5522 1385 4689 4824 2450 5649 5846 1357
 6868 4546 1489 3996 2338 5471 3858  908 1174 5259 5763 1787 2260 3618
 6323  302 6537  955 5257 1809 1284 2634 6212 1661  747 1600]",0.19393209171714992
"[4060 2525  228 1692 6533  465 7564 6622 7202  373 1224 2195 1675 3600
 3735 5168 2162 3628  574 3349 7174 2843 5192 7593 3112 6936  317 7389
 2552 7103  859 4617 7108 6242 1004 3508 4683 1164 4797 4379]",0.16383915248850128
"[3633 4362 5648 3629 4313 6709  111  641 1941 4909  666 7090 2240 2663
 7132 4481 1634 6935 2402 3329  911 6785 2167 3383  624 5331 7202 1081
 3968 5626 5240 2959  535  164 2433 3386 2090 3103 6212  286]",0.1697838554039901
"[5745  519 4711 7314 3931 4295 4002 3028 3303 5601   97 3457 7284  847
 1161 3359 7119 4782 4776 5570 4086 3649 5018 1932 1867 6635   28 1976
 3835 3864 3056 7440 4419 6077 1442  798 2856 6206 1104 6789]",0.19847461717363474
"[3706 1693 6998 6702 6917 6898 1465 5276 2405  785 6048 1158 5062 3734
 1344 5668 3110 3468 6685 3035 2726 6131 2030 6096  222 1589 3892 2337
  193 5740 1733 1698 3075 1484 1531 4989 6279 5093 2864 5955]",0.18441161801683942
"[  40 1549 1587 3353 2926 2072 2629 2916 6632 4518 6447 6223 2435 5728
  836 3454 2865 3890 6427 7528 1130 6036 4267 5693 6227 6423 4233 7251
 5683 7068 1719 6373  841 6001 6792 1478  491 6022 2861  354]",0.15791928403863464
"[2730 6263  943 5298 6235 4176 5878 6200 6330  339 7318 5768 5637 6074
  499 3671  320  413 5306 7431 1951 7258 6926 5412 2537 7397  932 2218
   11  693 6415 4778 7113 2099 1455 6695 1249 4581 4836 3339]",0.1944289722487997
"[2927 6217 1463 5828 1922 1586 2223 1403 4095 6244 6035 4832 5644 1208
 1744 7433 1163 2746 5741 1738 6082 3904 4305 3677 3209 3475 5462 7418
  151 7424 6996 1201 6381 1453 3134 5847  170 5233 6793 1574]",0.1663511917976379
"[5213 3804 4042 4650 3090 2494 5702 5378 1511 6350 4966 2628 6107 6225
 3751 1344 5890 2899 3411 1940 1257 6462 4225 3549 6721 5969 4576 4581
 7371 1037 2110 7165 4120 4271  391 2794 4524  101 5667 6539]",0.15865101455398392
"[3191 6527 3986 1736 7277 5054 6466 5124 2146 5036 4839 2291 2003 1563
  455 7509  544 3132 5824 3538 7406 2986 5896 3823 3187  667 4810  220
 2676 4284 6242 1936 2348 6010 1058 5513 3234  740 5066 1481]",0.1344684578623777
"[2900 2768 3598 2372  331 7505 4059  220 2658 5670 3641 1826 6660 5526
 3121 4669 1694 5606 3690 2389 5219 3741 7028 6280 4870 6443 3086 3014
 6310 3197 5167 5087 1860 6955 5674  643 6637 4977 4243 2504]",0.1663240332134317
"[2211 5763  740  855 3509  207  754   50 3746 7433 3260 6304 7119 6024
 6122 7313 5187 1343 2337 7228 6191 1821 2142 4387 2358  641 7470 5440
 1285 6709 6657 6218 3778 6869 6253    9 1387 3545 7026 6280]",0.16218708425929595
"[ 782  988  527 5246 6895 3635 3487 3051 1028 7183 3324 6202 1382 6401
 2195 3394 2231 5306 1397 6913 6700 3672 6476 2751 6090 5838 6880 3088
 3387 1063 3452  523 1919 3087 6737 1865 1604 3560 4973 5446]",0.21115736138169128
"[  74 6824 3791 1894 2147 7166 1177  571 3502 2610 4298 5816 2768 7542
 5372  277 4534 3052 7334 1868 1248 4898 1432  500  369 5912    6 1724
 2407 4496 6295 3448 2399 7089 2631 1360 3496 2280  441 6759]",0.1957364004003298
"[2922 3576 1357 6023 6589 1393 3387 6178 1525 7558 5344 1161 5698 2749
 2300  465 6007 2623 6915  268 3905 5703 6205 6603  603 4615 6186 5824
 3487 1763 5817 2104 2893 6679   23 2324 3877 5143 2884 5312]",0.16857486209414566
"[7159 4507 5346 6516 1655 7201 5616  131 3310 6025 6013 1747 5557  191
 6459 2226 2920 2162 6730 2528   27 2104 4649 6070 1435 3421 3510 5350
 3945 3885  486 4472 6813 6045 5793 5915 5969   43  913 3375]",0.16424699674166046
"[5461 1195 3828 2597 6176  780 6653 3987 3830  880 1833  350 5332 2685
 4484 6504  642 1392 7124 3305 5679  230 4731 3518 5298 1822 3754 1412
 5179 2599  902 7494 2131  434 5558 5316 2476 4126 6235 3148]",0.18001760039969367
"[3050 1756 2959 4417 2670 6357 6999 5146 2719 5039 2953    6  326 3008
 4327 6127 4035 5256 1539 6306 3112 4940 3046 4617 1948 5906 1161 3048
 1583 2417 5672 7480 1794 2653 5608 1961 6757 7320 1540 4240]",0.1745048382720906
"[3625 6076 1413 1277 1046 3067 5016 3596   51  825 1932 1278  903 1073
 6927 4181 7022  770 3502  891 4561 1535 1110 1038 2889 3659 5663 6774
 4730 7171 6977 5986 3743 4776 6652 3424 2905  991 4777 7525]",0.19958789197595203
"[5277 2710 2171 3233 6095 1786 5573 5087 5254 5039 2019 4679 6361 5616
 1560 6533 5383 6648 3998 3473 1587 4069 5627 2474 7374 1221 5577  137
 4997  541 5946  241 3246 3935 7209 3853 5521 5096 2161 1079]",0.14377853199553475
"[5519 4075 2840 6856 4833    7 1291 4583 7354 7173 1157 5668 4171 2825
 6379 3386 6732 4341 2742 2144  482 1655 5933 2467 4069 2001 4110 7515
 4193 5648 4198 2325 2260 1303 4827 5274 3054 4880  348 6678]",0.13862354437450938
"[5435 4001 3442 5026 4300 7228 5033 2923 6278 4640 5709 2604  361 6243
 1002 2934 6631 5992  656 6106 5305 7507 3626 4808 3862 4321 3314  553
 6659 5569 3800 6925 3909 4910 6624 5353 1385 7284 5593  773]",0.1420861766227448
"[6236 1083 2819  443 4616 7386 4767 5740  663 4735 3306 3877 1091 3811
 7479  929 3192 4161 7439 6758 6796 1608 4880  574    4 7249 3878 5832
  230 5670 4147 2104 2436 5053  189 5524  366 6232  993 5520]",0.15097930432064394
"[7381  679 1814  618  699 4830 4044 5645 2792 4963 1630 5482  719  924
 1225 7413  528 5267 2644 1432 5451 6412 7547 1300 7242 7023 3655 4416
 1748 5287  983 3709 6530 5467  939 7057 4827 3144 5303 5164]",0.1562267579995826
"[1105 6969 3255 5420 5674  344 2095 4301 6243 2637  374 6188 2574 4081
 2465 6187 4964 2956 6028 7437  625  200 4802 3832 4495 5343 5397  702
 3279 7491 5285  786 6695 2144  773 6266 4814 4590 5802 7541]",0.16625422829857756
"[6074  753 7500 4386  508 6156 4266 6060 4927 7065  110 3646 2986 6551
 4487 1871 3261 7596 7255 6666 2345 5522 4578 6446 1805 1793 1075 1583
 7377 1013 5500 6222 5503  506 4017 6166  141 7016 4598 5855]",0.12765519379257784
"[6565 4397 6124 4618 6971 1312 7534 1338 2988  451 4166 4559 6401 6192
 4292 5419 5875 4491  677  859 1970  167   56 1189 3793 4115 6792 5097
 1816 2581 3627 1240 5148 4330 7318 7475 3447 4822 5228 2339]",0.19309764136655302
"[2370  716 5152 4509 6375 2079 3148 2219 4804 1870 2420 2749  252  856
 4727 5385 6914 6552 5927 6459 7505 1464  925 6687 6925 2386 6355 1138
 5637 2142  920 7395 6167 3713 3536 7049  963  828 5857 3876]",0.19068650542848287
"[1476 1641  708 3539 5859 4627 3423 1281 5474 5489 1171 1461 1966 1265
 2819 3161 3044 1455 5889  493 1646  684 4228 4798 3232 6829 2808 2444
 5763 1424 5863 7027 1351 2646 5521 3278 4998   10 5950 6346]",0.18896843146491799
"[4856 5917 5872 1187 2305 3978 1819 4166 2824 3522 2885 3553 7212 5984
 2769 2706 4798 3513 5093 3535 7430 1014 5317 6994 4248 2628 7078 6618
 3960 2520 3304 1460 2881 1799 2334 1771  886 3559 4541  978]",0.21180866223785882
"[4463 1184 4810 5695 2804 7085 5464 7531  520 6393 4793 6680 3223 4762
 5621 5800 6249 7334 3236 1925  744 5729   35 1307 4289 7548 6535 7373
 1401 2990 4351 6373 2592 3182 4876 2722 3220 1292  963 4136]",0.20505530164881558
"[2392 4095 2361 6017 1025 3135 3366 4702  785 1318 7116 5897 1615 4167
 7294 5202 1067 6973 3638 3264 2849 4592 5564 4882 1624 7063 1882 4742
 5182 4252 6777 6481 1380  511 3384 3240 4792   59 3721 2317]",0.21832396845899016
"[6500 5567 6482 4696 4322  686 1444 4810 6726 4962 2085 4450 5575 7414
  348  526 4996 7304 6032 1771 3646 6180 3323 3182 4700 3916 3576 3451
  852 5414 2829 5357 2004 2456  289 3032 4727 5495 1620 3647]",0.14611325946628986
"[ 837 3291 3636 1192 5399 5531 7091   36 3784 3971 5414   88   24 3716
 6427 4670 4918 5748 6443 4962 4155 1749 6099 3012  345 7017 1595 6793
 1109 1807 5573 6247 4529 6703 4250  630 5957 4103 5723  540]",0.18227764469344718
"[2383 6991 5184 3732 1708 1475 1860 2399 2898 4133 1082 1346 3833 5398
 7247 7529  401 6102 4008  270 3304 6761 3098 3011 6676 4533  501 2985
 4694 4003 5566 1966 4000  288 6638 3913 5593 4787 3885 4357]",0.18664183993715225
"[4438  334 3991 5888 7222 3649 1992 4980 6637 2428 3878 2042 6348 5364
 4674 7368 1014 7517 1777  663  503 6362 2257  667 5983 4347  116 3410
 6438 3545  922 2831 2020 6429 2558  730 1271 6552 5591 4327]",0.15851012074829907
"[5314 3913   46 3468 4650 1077  873 4161 4237 7414 1775 6827 1578 3245
 5514  299  663 3932 4069 7039 2983  978 6615 2232 2663 6993 5233  761
 4189 3511 2765 4285 3268 3193  313 1924 4655 6858 7373 2637]",0.19175746942907929
"[ 273 7119 3082 3574 3564 5715 5656 5649 1121 3700 1560 2683 1517 4093
 4669 5865  665 3024 3873 6348  425  699 2266 3374 6374 2108 7468 5720
 6673 3973 4668 3007 1701 2790 7097 6835  640  324 2255  607]",0.2166853211407267
"[4368 6744 5778 1130 5426 3710 6923 1934 2467 1125 3394 5394 7234 1685
 1095 4167   21   26  757 5470 5091 3656 5333 6916  168 1131  544 4427
 6161 1308 3227 5420 1405 5641  313 5397 4677 7298 3369 2524]",0.1572525789415422
"[3146 5749 3631 6662  844 5336 2982 2335 3020 3508 6318 3143 1570 7058
  636 5534 5708 6069 4286  745 6966 6588 7465 4986 7269 7432 4851 7331
 5784 1983 4694 5755 5040 4878 6825  621 2151 5282 4567 6424]",0.17708359269706692
"[ 977 4704  495 4824 1202 6814 4964 6147 6597 2430 6169 3178 1287  209
 4944 4983 3056  410 6425 6313 3116 3045 1925 4486 3029 6851 2886 3277
 5963    8 6264 1970 6494 1185 2610 4312 4185   41 6925 4924]",0.15221398475759362
"[ 976 1929  184 1345 7150 2878 4807 5071 6833 2722 1141 6329 4208 6250
 5673  899 7355  689 3279 1626 1272 2724 7532 1000 5892 5782 6233  959
  381 6576 5850 4439 4392 2059 3979  307 6367 6761  724 1371]",0.17286118144085083
"[4545 6101 4819 6289 4800 2033  116 5021 4900 1282 1375 3116 2955 6271
 2341 5713 3712 2711  681 5262 5214 3761 6690 6701 3823 7420 1070  728
 1899 1684 3437 3967 4035 5905 4495  265 3353 3454 2362   69]",0.1910546218141163
"[ 526 5014  963 3452 7085  899 6066 2584 1896 5346 4942 1678 1912 2583
  938 7382 1459 3201 1538 2003 4548 6808 6135 5082 4521 3754 3811 4304
 2151 1431  218 2925 2165 4265 1286  259 5983 2625 2581 6089]",0.19043459513795596
"[ 765 3243 2772 6321 1529 2456 1950 2526 2586 3642 1177 1909 1418 2400
 7367 2998   29 2020 6053 3406 7052 2672 3906 6601 1528 1855 1611 1052
 4726 7378 2432  247 2445 1056 5189 5210 2072 3801 3660 5707]",0.22763517395668292
"[1424 6804 1441 6811 4001 1398 1015 3529 3837 2893 1443 1791 6924 1508
  917 5662 6175 4017 6871 3571 7006 2594 5107 5998 1718 5402 3755 6855
 5659 7308  362 1070 6915 3234 4774 7315 5660 6355 6351 1997]",0.133633043269928
"[3765 4459 2914 7299 2319 2208 1134 1389 6234 5962 1487 5703 5567  162
 3508 5094 1107  548 3176 4346  180 4630 4831 1833 1852 1727 7101 7036
 2954  879 7313 6828 2786 3108 4772 5882 6172 5042 1037 1848]",0.19169350027169207
"[4888 5263 4104 4111  205 4381 7014  699 4748 6752 3102 6217 6398 1910
 1725 4384 6885 6963 5486 1696  563 7453 4054 4391  854 6036 5961 3135
 1901 5799 5484 5519 3593 3644 6668 5104 5011 7411 3671 4588]",0.13341183673273968
"[4704 6604 5350  139  371 2765 7457 4010 2965 1897 3084 5519 4439 4472
 1094 1810 3189 3423 5723 2403 1841 7256 7123 3484 2243    7  174 4524
 5411 3524 1995 3794 6982 6340 3314 5001 3650 1946  308 7076]",0.20708984703454686
"[5971 4013 3091 2980 4621 1867 3495 7513 7581 7313 3056 4110 6184 1590
 7183 2222 3885 3283 5987 6425 1033 5775 3918 6206 1968 3308 6704 4987
 6918 7490 2957 2941 3132 4743 4583 3713 3596 3830 3889 2421]",0.20632475606434958
"[6552 3910   54 5099 3966 2047 3044 2973 2388 5268 6000  914 6508 2809
  135 3173 6496 4540 2822 5439  560 1944 5074 1066 5595 2990 1105 4995
 2504 2402 3255 6116 2443 6196 2038  319 7485 3271 7455 2385]",0.18484717296680042
"[2515 6592 2100 7510 4658 4576 2015 2830 3332 2903 1989 5372  813 7576
  764  757 4401 1449 2301 3679  369 6427 3351 3513 1725 4380  561 5149
 2023 3719  650 7117 5101 5352 5720 4741 2118 2876 6831  293]",0.2395815499523302
"[5259 6999  659 1515 2633 3109 2125 3214 2299 1974  498 5475  627 5857
 6639 4790 2006 3330 4869  332 7133 2078 5093 3511 1329 7301 1924 5051
 2087 2666  436 1456 3553 3935 6684 7391 3521 3820 6497 2573]",0.21989779184471764
"[4032  844 1555 3720 6811 7368 1353 2660 6119 4218 5214 2869 5222 5844
 6905 3405 2848 5529 6797 5968 2970 2044 3081 5781 5574 5490  547 6041
 1744 4219 5205 4337 4774  778 3717 4606 3312 3596 1580 4784]",0.22941847616273284
"[1660 5142 3205 6022 6712 7527 6836 5083 6220 2136 7268 5807 4036 4129
 6185 5679 3421 5865 2872 4631 2438 4235 4530 5373 2275 5896 3713 3734
 5854 3876 5274 2307 4858 2737 2628 1933 2868 2611 5056 3228]",0.20580036740846447
"[4639 1957 4504 3628 4799 7470  596  362 5359 4171 6356 5057 4616 5430
 3634 5407  172 2967 7262 7259 4939 5408 6531 3489 6493 1984 1067 3592
 4164 1933 4779 5855 5607 7281 1416  679 4331 2410 7461 4962]",0.1527939795936614
"[3915 4656 7361 5720  534 3950 1542 6393 4883  879 6199 4612 7304 6122
 5412 4319 7479 6124 2016 1743 5905 5864 6409 4150 2204 2014 1896 4014
 7247 4019 5799 2093 4517 2261  642 1947  888 7026 2334 2840]",0.18487157095467613
"[1848 3733 4751 6526 5856  254 7210 3303 3404  682  994 1131 3349  782
 4154 5121 5556 5783 3844  320 1628 4520 3356 3848 2286 6497 7003  244
 6190 3767 4379 2817 3578  674 2167  649 4050  448 7332 5048]",0.17374161638563498
"[2453 2348 6746 1502 6286 6175 7421  394 3728 4542 3206 4821 1813 2724
 4807 5907 3059 7466 5221  600 7382 3426 5574 6704 4985  369 2140  475
 5454 2590 6298 7148 2310 4170 1492 3123 2331 4770 7020 7056]",0.15774186734918955
"[4546 7593  163 6718 6540 1780 7392 6689 4161 5710 2310 2189 2743 7109
 3015  667 2690 1712 7301 6050 5224 3089 4881 2030 3025 6251 6387 5596
 3042 7208 7336 2157 4312 3080 2259  930 6216 6457 1456 1055]",0.20835105194362116
"[6634  435 2178 4676 5362 7013  552 1829 6798 4856 7352 5371 2026 6966
 3217 4716 4891 4866 3115 2750 1969 3407 4003 6289 6693 6453  486 6518
 6337 6899 2281 5925 3019 4932 1317 2861 2824 1078 5982  257]",0.20048126135850972
"[3229 1654 6576 3900 7164 5571 3997 6189 5750 7101 1278  680  812 3079
 6879 6468 1085 5771 6845 4983 5313 3693 3387 2902 2099 3810 5437 4379
 1442  726  763 1447  919 2281  708 1110 2849  664 3746 1462]",0.20626173365057804
"[2189 6821 4605 3301 3827 5197 3419 3904 5017 3647 4513 6751 1183 4836
 3692 1089 2232 2090  249 5921  992 5383 6393 3211 4617  546 2919 4178
 1555 1943 5077 3826 6182  865 4996 1370 5155 4647 3878 4739]",0.17462678714275823
"[3345 6899  755 2979 6673 3599 5844  683 2608 6103 2029 4646 3141 3749
 1216 6841 4809 3826 2443 4377 3353 2982 3415 4978 5011  577 6747 3209
 7214 3692 2193 6263 4104 6309 4208 4300 3996 4014 2219  889]",0.17805739074719912
"[3064  807 7421  822 7393 4521  436 7178 4527 1736 4439 6743 1596 3266
 5877 6626  791 3675 6255  889  214 3445 3902 3214 3216 4943 4704 1550
 7520 1913 5254 3292 1760 7515 6898 5675 6919  230 5623 4452]",0.16846328984272696
"[6966 2490 3660  691 3977 6532 6557 2516 1055 6122 2518 7428 4167 2577
 1702 2746 6596 5059 1544 4867 4200 5027 4775 6786 3738 5876 1593 4961
  795 4955  699 5157 2386 2392 7302 2276 6611 7512 1718 2737]",0.18085420657247198
"[3098 2500  152  374 5155 3230 3743 4569 2559 6258 5203 4076  980 3176
  810 1483 5001 3834 3923 4836 5805 7064 2599 6639  673 1615 4348 3590
 1518 6513 7568  220 1564 6521 1184  445 7063 2610 4234 2233]",0.2203450015103659
"[1431 3871 1666 5654 6817 2184  503 2084 7114 6682  146  767 4830 3181
 6797 3169 1342 2728 3614 7325 6096 1099 5088 7318 1239 5980 6483 1782
 7330 5599 5135  769 2791 2431 1255 6907 5226  375 5988 2174]",0.24052269267193455
"[2748  480 1705 2347 7280  969 3226  583 4736 4613 4337 6640 6099 4116
 2839 1799 1181 1362 5796 3352 4491 1065 4917 3035 3446 1574  805 6876
 5053 5273 1870 4281  521 2769 3489 4497 4047  827 2339 1018]",0.1598975140143559
"[3943 6048 7243 6717 1407 2059   77 1957 5888  747 2173 4965 4818 6403
 7033  839 3077  477 1257 3626 2863 6365 4292  218 7043 2370 1553 6310
 5869  179 2143 3128 4536  909 4180  878 1475 4760 2074 1923]",0.21613320324858581
"[ 312  198 4515 7227 1830 4333 6893 1125 6849 2368 2471 5895 3648 3847
 4381  689 3484  950 4270 6706 4417 3993 2769  525 1657  704 3479 6254
 4887 7108 5411  863 2294 1329 6326  399 7447 1894 3485 7119]",0.2093862806788067
"[ 330 1502 6307  264 5478 1345 6612 6212 3825 5895   55 6438 1371 3277
 5553 2347  941 2195 5708 6379 2100 7571 1941 5255 2960 1264 5096 2066
 6825 3426 2698 2343 4659 4710  470 5072 7490 4906 3883 6720]",0.13805872516446702
"[4440 4250 1179 5860  661 6774 6647 3725 6070 1272 5738 6808 4874 3638
 3138 3185 3177 6814 2851 5562 6003 1415 7165 6419 3165 4110 3199 1761
 2993 4973 1822 1632 2930 6287 5958 6874 5496 6973 4323 2209]",0.16704258720402487
"[ 292 4685 4884  769 6782 1423 4810 5594 1756 5591 5043 3237 5080 5895
 5143 1195 2517 3695  303 3497 4654 3848 1634 6146  113 3388 4323 7004
 3747 1169 4837 1616 2544  224 4834 1074  778 6401 2302 7128]",0.17435648167172263
"[4408 1228 3168 1944 5706 5859  667   26  226 4663 3078 3243 4076 3275
 6827 3138 3429 3653 5130  751  810 1242 2981 6122 1678 3449 4439 5582
 7594 7589 1812  912 6437 3393 2172 4281 1362 3670  905 1979]",0.2670551705058526
"[1913 6738 2731 6630 7098 4764 3138 4150 5187 4451 3854 3346 3444 6593
 2503 3631 1126 4034 4768 1260 5309  771 5712 1018 2355 2931 6065 4821
 2368 2096 3436   85  765 6115 1599 1803 1383 2982 5701 3959]",0.23371350928942258
"[3887 1107 6617  936 4584 5741 2736 1935 3611 4249 5805 6401 5167 2842
 1291 1957 2571 2401  956 1715 2055 6303  805 2092 1621 5237 4082 1090
 6414 5132 4087 4924 5318 4909 2829  426 1491 5073 6706 6664]",0.2123576682518764
"[3090 4898 4312 4285  830 6180 5813 4792 3607 6912  574  591 1486 2355
 5614 4017 5152 7378 4426 7221 4980 3575  547 5271 3027  658 3909 3643
  237 4790 4815 7036 3885 3185 5462 3250 1536 5636 3501 3407]",0.16679827129517366
"[1181 3582 1004 2731 6691 3712 6869 5570 2021 1383 1918 4485 4516 4684
 3608 5275  710 1509 7547 3755 4059 5916 5448 3918 5883 3708 4481 2255
 5581 1262 3542 1420 3031 4652 7098 2404 2441 4585 6753 2666]",0.20407877180292894
"[6692  750  263 5475 6872 7274 1102 1019 4040 5461 5611 3169 3512 3300
 6900 3821 5415 1336 4585 6268 4229 3145 7282 4138 7358 2213 1508 6207
 1523 5174 2976 1275 6619 2872 1739 1495 5581 1815 6699 2073]",0.22066770362275098
"[7183  163 5176 5999 6351 4906 5276 6787 7300 2772 4645 1898   44 3779
 7258 2873 7512  565  137 6309 2867  454 6474 7025 5918 2101 2197 3897
 1593 3040 3012 4115 7441 6353 5996 6217 6965  729 5220 6095]",0.18285534249918373
"[4048 3471 1149 1016 5357 2933  434 3665 3877 6285  322 4286 4924 6005
 5935 6698 5305 6469 5480  957 2224 2124 6609 7120 3209 6772 6959  689
 6405 6047 6402 2932 2765 7029 3408 5241 1268 5664 7543 2641]",0.18454210926695172
"[3212 3600 7068   66 3972 6628 3679 3723 5908 6684 1789 4309 2295 3690
 2818  715 2435 5286  732  563  692 6498 5014 7019 6786 1354 1231 3794
 5097 1796 1897 2545 3525 2037 6126 7058 4331 7454 3730 1272]",0.19599439650203665
"[3946  819 1521 5934 5759 5429  879 1903  103 4349 1826  419 6536 4506
 3397 2397 3975 2781 6119 1701 2732 7562 2604 4423  290 6531 4079 7487
 2405 5276 5109 3063 5210 3666 1360 4241 7100 6616  187  425]",0.2098381290485213
"[4358  172 2452 2888 5410 2425 6340 7232 5186 4986 5902 7386 6016 3100
 6024 4526 5769 3812 2252 2576  478 4335 5489  792   58  786  526 2296
 1956 5723 6128 1528 6509    0 3332 7255 4634 1330 3291 1167]",0.2093170774411538
"[1652 2356 4729 3518 5558 1455 2988 5959 5669 4603 4929 4272 5777 3113
 4583 5377 2952  142 4253 2583 6184  876 3235 4445 3754  868 6083 4573
 3903 4757 4927 5211 2515  753 1617 4722  183 2138 5858 1261]",0.18160649027967354
"[4323 3875 2620 6255 4072 4493  794 2957 2539 6023 7077 4183  542 1690
 4825 5038  272 1970 4554 4696 3889 2116 4523  340 6862 3731 3994 5764
 3999 2697 7035  621 5211 5629 3834 5199 5265 2686 6166 6745]",0.1638227361064612
"[2828 1301 6337 1580 3260 5179 4654 5208 1732 5737 7461  747 5898 4980
 7415  513 4606 7269 1149 2065 2318 7398  725 7182 4183 4446 7234 5476
 5916 4425 2270 5516 7255 2590  817 6788 7092 7002 6455 3643]",0.15139416856212606
"[1367 4277 2442 2877 3986 6274 3631 1141 4017 6397 4746 4533 4902 6461
 1374 5539 5271 5719 6719  538 4785 6589 3396 6135 2103 6891 6942 7330
 1109 5446 7271 5682  640 5210 6608 6980 5063 1441 2471 3920]",0.17318552803848744
"[5437 5207 4444 3499 5614 6836 4116 7449 2638 4674 1092  573 3938 3116
 2517 6344 1842 2727 2823 2178 5717 5571 3685 4386 6674 7004 6293 5278
 5749 1382 3329 5595 4791 6320 2136 2649 1479 1961 7090 4773]",0.19081965740772452
"[4162  553 3651  554 2691 6299 1612 3516 3380 3340 5689 5914 3197  927
 5916 5968 6812 2766 2723 5439 5080 5481 2021 3287 6246 4723  428 2000
  107 4631  220  525 2617 2476 1908  785 5344 3168 1243  997]",0.20335322618043916
"[4893 1611 4631  775 1226 1922 6400 6743 1584 3891 6132 2111 3003 7413
 5518 3531 2769 2306 1015  949   12 4991 3239 5003 2351 4615 5647 5255
 5153 1927 4013 6059 6680 3658 5106 6865 5785 6837 5658 6548]",0.1822951044654828
"[2359 3483 1744 2430 3366 2274 6877 6963 1308 3174 4568 7167 2724 3495
 7130 6720 3181 7281 4445  603 4411 5133 5313 4214 3706 5195 7485 6655
 5926 7496 5168 6118 2827  485 2146 1954 7525  590 3607 4990]",0.18491418556847197
"[4845 6362 3910 5182 7244 2064 1975 5214 5318 7469  458 2983 4657 6496
 2556 4694 3065  402 5591 5108   75 5690 6509 4254  606 4233 1073 1169
 5013 5675 5222 3272 2183 7449 5312 2438 3538 7593 1206 1607]",0.14178427497220136
"[1671 6030 2833    1 5589 3019 6252 2407 1839 5063 7130 3233 2366  401
 1699 4832 4822 1295 2137 3512 2952 7546 3885  452 6752   35 6486 6848
  156 6768 3079 2977 1433  311 4371 5847 4303 6508 5977 4438]",0.1693585152099317
"[  39 5399 2403 7538 1957 2777 4641 5968 3595 3969 7503 3177  629   94
 6863 4699 4331 3740  862 1799 3971   56  474 6480  957  619  554 4187
 5834 3043 4047 4399 2116 4696 2113 7170 3229 2064 3094 1050]",0.20937131063677478
"[5766 4599 4082 2774  936 1152 2827 5009 2197  768 4630  180 4446 3793
 2291 3275 5152 5615 1497  504 1567  188  219  420 6697 1913 5111 2175
 7581  805 3847 1075 6229 2425  369 5261 5080 4540 4708 1688]",0.15498661004372385
"[4776 2054 6865 4696 4554 6296 4229 1716 5644 4261  918 4324 2784 7170
 7202 1376 4800 5258 6602 6248 2424   69  717  516 3002 1151 6786 2175
 7461 3501 1132 7030  766 6179  880 7245  194 2303  917 3795]",0.17319485314680866
"[5248 3525 6385  988 6759 3952 6277 4016  835 2789 4248 2668 1631 5819
 2048 3556 4131 2005 3252 6462 4536 1013 7278 5826 5356 2557  348 1301
  257 2097  619 3951 6782 6481 3958 3060 6436 6686 5850  359]",0.17267769412305095
"[3706 2778  785 3097 5552 5121 2654 6584 7170 1629 3946 1253 3930 4593
 1487  254 5385 5367 2276 6790 5382 3385 6388 3335 5818 3936 2291  256
  814 3402 7534 7099 2096 2800 2543 2612 5773 1346  754  504]",0.1987478902910493
"[5507 7090 2092 7259 5655 5301 2946 4941 3174 5908 5638 6764 4450 5380
 4619 3005 7351 1121 5498 7480 7024 3617 3994  587 7455 6059 6125 4099
 6095 3706  609 5901 4418 5982  729 5385 4932 6874 4930 3473]",0.16604387230951784
"[ 129 6857 1958 2679 2207 6887 6197 3138 1136  538 1870  525 6666 5199
 4824 6641 1782 2279 7137 3022 4074  726 6051 5614 1963 3741 1311 2518
 4535 2829 5814 6477 3826 5153 1964 1968 4837 7522  413 1647]",0.17149639397816574
"[2033 6033 7209 4755  286 2758  680 5068 3111 3690 1270 6847 1625 3005
 2785 3920 2472 7187  472 2263 5178 1346 7231 6814  921 5999 6321 3395
 1601 5339   74 3942 4068 4170 3652 3312 5773 5423 4650 3747]",0.17587718414771814
"[2733 4697 6752 2089 7150 2669 6816 3569  365 3801 5900 4343 3455 5170
 2224 6873 2436 3262 1115 2430 5928 3842 2683 3744 3426 5737 5384 4071
 6381 3462  962 1156 1598 3835 2364 2098 5575 5830 4145 5702]",0.20088878300597587
"[ 430 6366 2391 3519 3482 2126 4220 6899 2463   53 5704 1197 6810  492
 6201 4827 7422 4841 4600 2485 3732 1437 4993 3442 2093 6186 3384 3298
  589 3700 4946 3905 2921 5507 1303 5346 5140  376 3803 4959]",0.17048661114108715
"[6009 6768 6682 1659 3654 6807 4975 4396 6681 5759 2683  269 4659 1337
 2398   11 2678  522 6163 5346 4056 6292  847 4249 2496 3044 5718 4438
  556 2873 3622 4178 2412 7035  592 5380 4093 3570 3756 1712]",0.16714441059482232
"[ 315 2695   36 1213 4046  532 5517  558 3561 4846 3870 6386 2747  677
 2937 1320  806 1006 6930 7543 1587 5463 2668 3977  886 1719 5866 5163
  432 3402 2038 2184 4618 4570 5975  460  704 6997 3340  695]",0.18986814991944057
"[1860 5631 3274 6219  157 3697 2374 3152  766 5090 7217 1905  393  474
 3507 4722   71 4534 5159 2310 6136 5986 7160 4515 4450 1842 2934 5240
 5753 4251 5675  117  165 4103 1847 7446 2169 5113 5925 4923]",0.15309574332612472
"[2217 6182 2056 4299 1105 2801  481 5634 4110 4157 5821 4133 2673 2883
 4564  418 4834   66 1790 6749  155 6284  268 3296 5910 5784 3472 3008
 4649 5647 6190 1941 5442 1072 6750 3204 5489 5018 5577 3379]",0.19112112058631672
"[6000 2437 3345 6508  767 5664 3988 6963 4011 4741  586 5728  444 2078
 2814 4036 3304 2658 4308 6919 1858 6408 2603 1906 6838 7374 3287 1212
 5109 5611 3321 1210 6624 2060 1655 1252 6087 2911 5320 3708]",0.19592443842840646
"[7111 7144 6051 2719 4587 6756  181 3548 5316 7540 7574 3652 4814 2760
 1737 5322  240 5905 6153 1221  837 3851 3858 4208 1905 2181 5454   32
 1128 1478 3796 5457  218 7593 5384 2718 4666 1111 6174 6637]",0.19596858004988393
"[3897 4322  587 7331 1310 3383  621 4161 1170 2086 4700 7549 6476 1874
 5449 3104 6659 3934  378 4179 7292 3326 3816 1417 7249 1816 1514 2971
 2694 7289 4864 6747 3040  606 6547 6864 6734 1885 4729 2755]",0.19696380708114125
"[6938 5470 6570 1124 4344 3549 4147 6142 5507 3314  657 6385 2178 2212
 6864 5159 1469 7135 2492  373 6465 4306 5503 4806 1133 4168 5108 2319
 6375 3460 5330 5351 5371 4932  998 6897 7113 7345 4732 4479]",0.1416127012427641
"[2707 2163 1154 2431 7193 2730 5527 4570  662 6998  508  120 1284 1327
 2547 6071 7502  561 6108  149 6550 2532 5445 6619 4940 7466  779 5859
 5325 6107 3592 2360 2839 6295 4086 6446 7426 6253 7586 6405]",0.19213775772796493
"[1519 2112 1885 4196 3646 5418 1736 5929 3188 2530 7380 3004 2114 1025
 7036 7420 6725 3626  632 1887 2234 3238 1821 4686 4099 6881 1230  771
 3340  752 5397 4328 2609 1125 1439 5998 6839 6078  496 4924]",0.20550014106815628
"[3652 1579 3962  878 5200 1844 7374 3713 2828 2725 4828 7432 6059 4989
 2739 6825 5415 5807 1720 5288 7173 5756 3903 5116 2324  552 6911 5371
 3572 6726 1920 7592  345  421  944 7380 2431 4728 6337 4551]",0.17996445644017578
"[5202  729 6049 6223 6040 2187 2736 1557 1763 5825  823 6989 1628 7272
 7374 4294  117  582 2236 6445 4280 1347 4590 4822  775  535 1137 7192
  235 6695  917 3898 4077  416  808 2657 2597  534 5599 5866]",0.19506437158674989
"[1591 5717 5795 6107 3436 2431 5271 1380 4078 5356 5094 3829 5320 3232
 5109 7482 4710 6455 1532 1374 6482 7403 5858  179 5450 6493 6551 1811
 3995 1650   81 1944 4607 3520 3753 6336 7072 1780 2777 7193]",0.18802429615092525
"[4851 2661 5677 6108  649 2798 6800 5342 1669 4846 1066 6117 4251 1249
 6210 4831 5960 5259 6682 2213 7288 5823 5319 4970  195  423   84 1516
 2925  209 3767 3613 5758 4789  383 7523 1640  237 5339 6380]",0.17019745216841375
"[1222 3477 5307 6677 2421 1477 4452 3993 4875 7139 5320  761 7078 5438
 6126 2443  567 1003 6276  661 5186 6270 1494 3622 4599 2432 1041 4494
 3539 2772 3624 2636 1948 6697 3531 3836 2102 4796 2407  165]",0.17098916670245123
"[4732 5484 5989 3428  406 2310 1346  743 4588 5728 3006 6134 2571 4616
 2224  829 5902  362 4861 7551 3338 3339 2134 5585  407 1165 6703 5174
 7562 6140 3260 3399 2193  268 3506   14  768 2855 2355 4997]",0.18336983556070266
"[4864 4524 7230 3936 6052 3593 5788 3102 6250 2213 5271 2310 7303 3487
 5263 2895 7357 3512 4608 2170  741 5511 3536 3499 4932 5724 2604 4901
 5711 1447 5380  852   64 1156 1574 2941 4772 5949 7291 5453]",0.17914593257470723
"[3954 3248 6894 5956 1991 1256 1829 7005 7592 5225 1790  117 7202 5994
 6716 1740 2975 5044 5380 6240 4229  869 1615 5076 4834 2030 2205 3485
  136 2957 5886 2247 3060 2817 5217   51 1700 7549 3549 3566]",0.1579000403757644
"[1517 7277 1183 1107 3878 1814 6428 5027 4695 4629 2654 7356 4630 4719
 1686  549 4866 5706 6744  431 3426 6656 3534 7228 4808 3682 1323 2341
 2623 4310 1281 2817 1894 5409 4251 7269 1139 5991 2361 6917]",0.1829097860467155
"[1091 5125 2444 6067 5552 6073  418 3586 3465 2382 2164 2960  141 6070
 7294 3302 4791 4118 2068 6273 6198 6388 3900 6253  612  960 4955 6590
 1449 5723 5253 6595 6605 6189 4051 6513 4552 1107  105 2651]",0.16927740615791187
"[5877 5951 2029 7477    1  366  353 6535 4764 1360 5948 6929 5840 7072
 7433 6373 6891 1332 4561 1845 6720 5046 2445 2506  953  535 2197 4063
 6527  725 5938 7587 4154 3743 7024 3868 3588 2368 6925 4684]",0.17025835373340437
"[6141 2685 4785 7328 4615 4602 7116  166 3382  848 6349 5417 2938 5436
 6637 3811 5649  970 4276 6919 1781 3522 5439  832 7280 1004  851 5596
 1347  252  845 5044 4327 6729 6188 5735 2043 3171 3335 6066]",0.16957958425621894
"[2807 4044 5248 7383  129 1797  951 6224 3048 4117 1513 4753 3491 7352
 7529 3152 1332 2125 1366 6705 2474 2869 3610 1946 4259 5506 5779 2652
 2666 2234 6665  287 3351 3548  850 3417 5710 2248 1978 6264]",0.19020084186538802
"[ 852 5257  218 5177 6119 6953 1747 4661 2132  762 2511 7493 5650 4230
 6987 2962 7276 4330 5273  438   63 4899 4066 2016 3901 3466 1390  693
 1672 6632 4560 4870 2224 5786 6698 4117 4568 6511 4280 6061]",0.14834731370352053
"[1331  648 2965 4007 4541 5344 3866 6811 6214  412 3919 1531 6164 3300
 7213 4338 4626  417 6612 4432 7294 6965 4909 5930 5099 5975 4276 1594
 6478 5332 3771 3373 2905 1039 2727 5761  981 3276 5352 7164]",0.21204941778366507
"[6635  153 7281 3190 2303 3073 2707 7038 5983 6233 4732  767 3811 1271
 1460 2508 4326 6731 3667  552 5787 5629  802 2318 1136 3900 6394  176
 4487 3883  381 3132 3512 2605  597 1820 4737 1351 3707 7217]",0.19076914761377026
"[5621 7180 2494 4061 5850 1474 7531 7058 3822 5840 6266 2882 3980 3734
 1419 5383 1420 1926 3727 2400 3495 3227 6522 4570 6442 6838 7236 1573
 4802 2535 4526 7331 5065 5334 3115 2577 4816  246 3571 7189]",0.19531415707796035
"[4235  552 1729 3208  250 6334 1875 6212 4811 3225 3002 2844 2711 1383
 4838 7349 4659 1263 3948 4488 4990 1031  582 3559 5886 7576 5711 2070
  371 6596 1361 1455  953 5658 5647 1349 6683 3394 3354 6026]",0.18179431515324163
"[1815 4427 1601 2193 4381 5522 2750 6019 7286 4580 7595 4223 2388 4674
 6633 7052 3406 3510 2215 6881 6740 6888  996 4383 6466 6568 4357 7179
 7415  365 5184 4476 3655 1532 6592 5635 2372 5341 5025  857]",0.16090655790186204
"[7400 4399 1079 3775 4037 5697 6603  924 1707 5426 6717 5359 7433 4193
 5837 5886 7470  550 3625  854  421 3203 2501 7208 6453 4341 3447 6571
 3743  327 4911  284 5216 4632 2303 1077 4794 5199 3638 2328]",0.15224165872943005
"[1261 5198 4961 5997 7249 6712 3424 7199 6175 5431 6099 1614  384 4185
 6259 1347 3244 3290 5200 1850 5628 2247 2841 2305 3679 6545 4089 4921
 7410 4512 1177 1316 2098 2629 3697 1235 4002 1166 4494 5105]",0.2184983754354291
"[1658 5688 1337 5580 4170 4753 6135 3424  604 4934 4612 1233 5371 2564
 2298 1243 1403 6837 2829  719 5904 1870 6001 1390 5917 3779 1009 2948
 2656 2964 1418 7572 2770 3521  706 1949 1476 2010 7075 5946]",0.21582111954319877
"[2282 7370 6039 3062 2469 3092 2806 2823 1310 3601 5907 5798 4784 2317
 6809 7156 4879  334  213 4113 3048 6220 3296 7461 1911 6723 4707 5112
 5608 3726 5777  459 5963 3435  951 4210 1040 3394 3244 3341]",0.17810366590132026
"[4490 4510 1893 4389 1880 1071 2799 6776 5994 2443 4565 1763 6935  928
 7153 7324 2099 6527 2962 6364  106 3494  843 3936 3511  484 4901 7067
 7577 4212 3127 2581 7543 1325 4252 6051 7017  847 6521  807]",0.2095668121273337
"[2300 4419 5258 7327 2397  248 7224 4469 3044  623 5923  867  973  750
 4245 5325 1614 2941 2634 1568  969 3903 3899 3472 4347 1265 1771 3567
 6167 2454 4170 4512 2678 2985 4517 7091 2913 4902 5419 6816]",0.17850676394701565
"[7145 7069  992 4000 4163 6442 6440 6618 6627 5732 2950 6065 4513 6126
 1612 2198 4786 6160 7176 5462 1559 4298 2832 2844 5217 6659 2082 4724
 6778  277 1981 4599 3580 1215 3287 1369 5445 5826 5743 4039]",0.15100912825146282
"[1653  727  290 4474 2028 1422 1986 1208 6255 2877 1888 4124 5115 3463
 7143 6195 5900  969 7059  553 6631 1560   46 7124 6348 6128 5425 5199
 2669 1421 5428 6771 7298 5019 6461 1134 6615 6331 5921 2475]",0.1562925573422218
"[1378 5269 4653 1024 6300 2670 2257 2885  609 4257 4933 3507 2749 6425
 2688 4733 6305  891 5164   24 2330 1430  925 3562 6790 5512 1566 5858
 4829 6372  154 6842 3477 7411 5728 6733 4456 5961 3449 7405]",0.16177513761900217
"[3020 7389 6612 5694 3246  676 4698  813 5405  317  310  569 3180 5486
 4572 1682  954  737 6540 1306  988 6512 3470 2803 3981 2821 7499 2334
 6040 2459 7378 7464 7312 4819 2663  773 2753 4969 1224  457]",0.18722821027813052
"[3136 6561 1596 2179 3965  842 1896 5243 5543 3270 5694   21 3874 3035
 5740 5034 5630  237 4214 7216 1572 6604 4701 3263 7017 4131 4834 2037
 5534 6063 2649 5404 4707  146 7446 5599 1441 2610 4515 6692]",0.13279466764283948
"[4212 2829 7054 3841 6265 6888 1007 3668  855 1912 3020 1864 5642 7058
 4486  662  473 6708 7134 1808 2057 4523 1860 2423 3243  591 3788 6987
 3789 6117 1882 7313  766 6308 3830 4319 6714 6212 7022 4454]",0.15974001631685308
"[5903  946 5242  151 3951 5623 6950 2063 6080 4842 3665 3322 4117 1863
 4923  356 6664  715 7041 2317  546  390 4929 1340 2693 7383  984 7556
 4898 7048 2878  405 6486 2723  217  557 4036 6562 7083 1906]",0.16173488038788805
"[4179 5306 7459 2571 1362 7179  227 2827 1707 3591 5526 5574 6091 4715
 7274 1904 6885 5769 6305  832 4427 4335 7002 6398  576 7232 2301 6143
 3790 6682 5543 6327 1976 6481 6631 2533 4421 6747 6358 5933]",0.16789277648295337
"[6393 5263 1189 4814 7508   41 3186 3198 7190 1326 4741 2532  468 2083
 1117 1069 5180 3670 5717 4615 5399 6354 6061 7111 3341 3818  745  500
 3999 2540  409  695 5709 7186 4824 5868 7015 6445 5719  962]",0.17313749609987694
"[5939 1893 5080 3571 4708 6483 5486 3149 2790  947 6939 1660 3142 5220
 5938  140 1034 4930 6292 7390 1324 2841 5518  970 2638 1613 6153 2641
 6336 1832 6412 4608 5269 1204  898 4373 2763 5295 2301 7457]",0.20622921900767613
"[ 757 6401 4992 2373 2808 5142 2283 2351 3431 5521  446 5098 7221 1700
 2979 5979   64 3066 7572 2638  862 6807 4812 2853 4158 4835 3520 2922
 1541 3956 6550 3139 5236 5757 5794  459 7281 1174 4306 2141]",0.19228800154054743
"[3897 1438 7408 3501 3682 2643 4412  464 3558 5489 5148 1617 5325  935
 4590 2035 6111 2431 2279 4224 5967 5155 2210 2379 6981 3246 4652 4318
 2751  977 6448 3161 7384 4286 2952  565 6286 4340 3256 4834]",0.1696182205972144
"[4687 6263 2619 1540 4332 1609 4565 7172 3907 3719 4542 4285 3856 5051
 6264 2406 4021 5954 6769 6177 7369 4401 2116 7114 1493 6701 1903 4742
 4559 4124 7317 2784 2368  194 3705 1529 2215 1819  375 5017]",0.20002697917840317
"[2656 7241 1385 7531 2941 5011 6166  163  428   86 3028 2178 2109 1893
 1484 6867 4934 4741 6911 5837 1305 2282 4496 2943 7183 7451 1825 1373
 5424 4070 6402 7113  595 5994 2592 3903 1967 3919 5654  196]",0.20952808429419625
"[6716 6156  235 5571 1740 1716 2584 7119 5707 3739 4066   31 4522 6959
 4671  705 3177 2248 2585  385  768   20 5441 3860 4944 1911 3488 6080
  343 5969 2085 7413 3287 4617  924 4870 2105 4197 4660 6281]",0.1883984825903989
"[6434 4667  135 6479 1563 5625 4588 7083 2787 3816 5428 2690 1172 4783
 5981 7219 2472  956 3279 6760 7292 5001 7151 3389 6533 1335 1972 6401
 5253 2352 2185 4439 7442 7404 4278 7307 4072 2142 6691 6170]",0.1976632247219164
"[1462 2166  389 1172  838 6725 5532 6249 2455 2234 2349  414 5593 4198
 6384 5338 1708 7174 5137 6498 4155 7496 2379 7487  752 5615 7277 5618
 2472 2923 4639 3197 3700  704  114 3358 5658 4169 5445 4662]",0.17555686217867972
"[6399 2894 4434 6340 7033 4750  208 5088 7272 5891 5126 4097 1973 6119
 2401 4053  356 3325 6818 3400 2663 6555 4887 4211 2785 4956 3307 5602
 3813 1317  761 7016  224 1468  144 2653 1122 6619 3850 1289]",0.22188575986730014
"[ 150 4272 6331 6317 1655 4891 7374 6115 1353 5258 5596 3553 2150 1238
 6131 1176 3752 7563 6400 3707 2770 3650 5443 5729 2389 3834  725 3333
 1787 3336 6925 5669 6076 5551 1517 4197 6944 5516 4653 3157]",0.1707632251875063
"[3500 2053 4566 2619 5262 1509 2834 3412 4117 4507 1047  611 7136 6083
 5871 5092  920 1608 4754 2762 5563 2060 2185 2392 5436 7533 5785 6167
 5408 4179  126 1527 4547 3942 5629 6978 5263 6603 6582 4084]",0.1584170234853332
"[6114  504  152 5193 2724 5441 6860 6506 1854 1343 1177 4747 3012 1872
 6354  608  123 6738 7068 3101 5637 3385  276 3594 4370 7203 3241 6535
  309 3882 5450  552 3628  642 6760 4131 1732 6708 3378 3731]",0.21033903990425884
"[7427 4509 3290 7340  866 1509 3920 5760 5625 3841 1379 5024 5367 1855
 2936 7049 5119 7541 5073 4979 6375 6357 4433 1044 3754 5604 5528 5443
 4440  960   25 1350 3455 5664  918 4815  752 2954 4960 1760]",0.18645375861089494
"[7380 5882 6007 2661 1689 3768 3672  901 6828 1639 7187 1506 2311  661
 2239 6206 3320 1678 3550 6067 1971 2546 6281 5715 3257 2490 1513 6554
 3704 5017 5052 6410  291 4965 2590 3953 6401  372 4482 6222]",0.19858259865746095
"[3254 6537  661 5435 2627 5709 1725 3018 5154 6788 5071 2686 3514 4775
 2164 1748 5201 2366 2548 3437 3167 7452 2546   96 5018 3263 1132 3506
 4688 3747 5501 7115 2060 4586 3567  632  385 2561 5513 5801]",0.18907298029455674
"[4492 6082 4678 6754 6761 1576  178  692 5564 4220  324  217  861 1409
 4535  578 6704 7546 5124 5693 2875 2783 7236 5301 2350 6688 2642 1120
 7564  687  800 5890 2762 3066 6122 1814  214 5988 3824 4714]",0.1888802915758454
"[3675  235 5335 5176 2885 4956 1567 7333 6805  840 2058 1113 6785 1172
 2672 2696 6764 2774 2173 1882 7405 3710 7372 6959 5794 1620 3934 3942
 2732 4029 4416 2194 5653 4392 4010 6884  843 3626 6915 3699]",0.23538607420005409
"[ 613 1735 5300 3324  774 1904 7275 6596 4017 2980 1173 6925 3333 2268
 2099 2786 4343 7375 3317 7139 7089 5128 1341 2903 6116 6780 1432  441
 5663 1964 2560  825  614 4435 1481 5168 4464 3898  537 7134]",0.17504813564525945
"[6221 5243 3362 3333 3803 2022 5046  924 2092 5064 6964 6057 7284 6446
 6812 4074  425 1964 7344 5252 5607 6369 4611 5079  957 3122  603 3034
 2480 6146 1651  942 3298 6985 2159 1546 6131 4132 2236 7389]",0.18192210338346929
"[  12 3300 5084 1602  909 2414 1537  811 5808 3187 1904  333 5714 5491
 2229 2177 4355 1576 7489 7415 1938 7173  441 3000 2639  702 4651 5011
 6269 1757 4130 2384 6578 2320 6157 4058  931 3959 4824 6345]",0.18776499329057317
"[4681 6960   54 2131 7364 7064  609 1242 3130 7180 6533 2280 5428 7567
 6008 6741  207 5174 4240  208 6232 5665 2205 3968 5987 7125 2285 4877
 6807  197 5172 4999  324 2911 3954 5692 5713 2276 6602 3670]",0.13316279396389036
"[1538 1178 1633 5476  471 6432 3000 7165 5479 6424 2285 6746  913 3374
 7366   23 2451 6428  198 1559 7170 2651 4705 6967 2054 4271 2141 3554
 4148 2738 4840 5109  559  802 7323 5509   25 1131 4572 4110]",0.1769169842500774
"[3744 2603 4493  624 4814 2568 1935 2219 6162 7269 2721 6439 1195 2248
 2610  665 3467 6480 6739 3474 6443 4400 4956  499 4681 4540 6653 2660
 6286 4741 6530 2815 3750 3635 7058 3486 1351 5743 2274 1258]",0.16674299929743402
"[3035  102 4612  707 3871 4497 5337 3195 2367 4690  143 7593 5364 5137
 2712 4627 1403  320 6210 3167  720 4062 2989  159 4089 2858 6310 4712
 3852 1642  626 3065 2628 2680 4348 6535 5457 1723   93 5682]",0.14891580879314129
"[3870  597 1745  810 6158 7490 6861  200 1010 3566 3326 1724 5186 1004
 3463 5335 6540 6669 6015 5638 1216 7298  373 7354 5490 1765  485 2686
 5593 4934 5094 1191 1082 7226 6819 6913 3434  852  945 6568]",0.14921698290523938
"[5766 7466 2810 2556  844 3720 2777 4509 6339 2205 5755 3805 1628  117
 1349 7035 3132 4510 6911 4412 1667 3001 4521 1805 3321 1428 1781 7473
 7251 5738   91 3110 2331  722  646 7438 1028 6443 2609  852]",0.157663892980345
"[2755 6413 2625 6249  277 6106 2191 4500 4666 2009 4519 5680 2154 1373
 3294 4262 5901 7495 3086 3123 2497 1583 6802  963 6814  575 4133 4573
  592 1931 5055  715 6018 3421 5302 4550 5785 4989 1665 4970]",0.1906929062501992
"[7520 3179 7263 2952 7502   31 4753 2855 6693 6797 7581 5026 7097 5837
 5712 6423 4238 1884 5051 1961 1210 1589 3467 5043 6501  585 1005 1624
 4862  646  866 4543 4703 3967 1886 7409 7215  568 5232  784]",0.13112288860896382
"[1381 5235 1031 3459 3005 3867 6943 4040 2899 3205 4939 2179 2960 3141
 6762  827 3406 5238 2784 1540 6701 6905 5928 3818  231 4655 4877 3100
  374 4649 4367  572 1218 2390 2588 2948 6144 4846   92 6120]",0.22855948438031548
"[6008 6347 1179  845  183 4016   20 2914  935 1938 4596  673 3415 3549
 5538 1995 1908 6838 2270  261  194 2327 4643 7147 7506 5977 6725  177
   41 5886 2308 2072 7306 1631 1562 4792 5673 7448 2469 1230]",0.16817502012051033
"[4429  151 5528 3039 6180 3663 5227 5457 3939 1460 2587 4460  887 1688
 3118 1641 5085 3245 2205 1376 5995 4705 5444 6542  974 5856 4586 5513
 5755  239  658 4680 3396 1502 1247 3890 3953  790 2571 7136]",0.20444500097972926
"[6299 3552 7042 7310   10 4594  619 1753 7036  559 2546 3348   16 2569
 2300 2199 1977 2789 7570 6080 1350 6665 1876 5192 2698 1157 3802 4152
 3971 4889 2586 6037 6257  742 1201 7312 5107  672 2223  860]",0.20682482125128146
"[7092  627 4188 6175 3344 3821 6553  513 7485 6659 6775 5717 1064 2587
 3950 6180 5246 6549 3757 4961 6599 7486 1889 4809 1741 1922 2946 2284
 4643 1405 2204 6985 7299 3735  435 4387 3863 6377 1284 2597]",0.18805218809075083
"[3943 6932 2079 1859 2754 2283 2584 5121 6573  544 4451 6581 1487 1082
 6035 6450 4080 4084 5593 4915 6568  454 5376  954 3375 4325 4289 2826
 6957 1463 5449 6012 6978 3014 6129 2677  158 6528 4472 6737]",0.20736145564652605
"[5376 2941  784   58 5364 1624 4436 5050 2890 1777 6488 3091  489 4309
 4158 4510 7343 5239 7411 4453 2734 6699 3303 1963 2120 2157  240 4255
 1853  968 1088 3568 5006 5558 6798 4252 4630  577 6104 2121]",0.17676911586667793
"[4905 6830 1443 6998 5543 3458 3087 1415 1345 4013 1591 6823  529 4322
 5887 5471 2752 7206 7243  912 4277  770 5980 4028  956 2028 3975   76
 2492 6447 1321 3860 6728 1608 3154 6413 2201  190 5311 3974]",0.21898501566798567
"[1296 5115 3377 3768 4906  258 4859 5481  284 7351 4306 4340 2043 5959
 4411 4059 7508  308 7135 1603 6505 3253 1092 2223 4540 6496 4082 1111
 1069 6193 3534 5627 6772 2230 3707  848 3511 4417 1304 1115]",0.1878407577074742
"[3217 7535 3412 4694 6320 1927 5432 5575 1130 3249 5534 2263 1020 3580
  299  589 3029  504  919 2689 7536 1928 4534 4743 3142 5040 5779 7449
 4986 4458   66 4249 5022 2884 1248 5256 5907 1043 7166 3814]",0.1830576583738436
"[6259 2136 6389 5741 2455 4862 5793 4165 4783 6459 6193 5675  994  452
 3651 2629  258 5549 7379 1162 2563 1689 5628 1056 1743  289 6658 3510
 3928 1759 1487 6930 1612 6969 6824 2476 1320 4398 6529 5692]",0.19125195994247662
"[4059 5768 5891 5155 6335 5534  715  555 3856 5977 5965 5681 6611 1477
 3676 4574   62 7066 6307 6814 5788 2787 1205  894 7536 3505 1230 3504
 7571 5836 2677 5433 1118 3870 2286  102 7203  127 5711 2728]",0.18795201147189214
"[6830 7019 6045 7534  712 7479 2606 3799 1398 4672 6840 5813 3138  523
 2135 1652 3556 3132  461 5873  430 1760 1019 3813 5102 6692 6390 1771
 7001 2051 5782 5915 4629 3449 3860 2395 6954 2374  440 7022]",0.1981158585181012
"[ 531 1530 5120 3973 5646 3866 5979 1700 2618 7022 4239 5966 7075 5555
 4391 7531 1996 2416 2839 1422 3325 1889 5506 3367 3022 6700 5461 2265
 1004 3608 5521 5637 3666 5711 3916 2692 5893 4000 3036 1579]",0.15202560620171182
"[6579 3504  261 4377 6110 5252  253 3186 6592 2304 6698 2750 2608 4583
 7415 2285 7384 4207 4077 6810 6484 1428 5068 6423 5545 1503 3932 1829
 5913 3994 1102  484 5407 4650 1916 2945 4413  133 3892 6400]",0.18877019595901348
"[ 463  528 4342 2876 1032 1794 7480 4511  217 3941  669 2232 2250  221
 6004 5152 5661 6601 6543 5787 6118 1514 6685 6233 1138 1084 1716 1706
 3784 2379 2886 7367  949 1935  462 7538 6445 4911 4948 5878]",0.1932770733582806
"[4518 1069 6844  511 7427 7508 3555 5586 2735 2944 4809 5790 5073 1681
  937  432  108 2903  716 6678 5059 4366 5304 5562 6978 2811 4631 5049
 1604 3595 1141 4378   42 2188 5436 1591 1157 1677 6878 5174]",0.19231397506631143
"[4943 3835 4073 2288 5657 3922 5012 1317 6173  999  679  914 7510 4267
 5041 6411 2855 1426 2178 7176 6293 1658 1884 1346 3920 6142 1267 2582
 2977 1058  486 4679  576  594 5948 2393 3668 5755 5554 1258]",0.18074616092707413
"[2696 7374 4501 6981 1666 1399 4527 2472 5931  993 7228 1215 4794 4532
 3485 4609 6241 2468 6351 1324 4158 2807 1559 3396 6266 5652 4424 1348
  958 3383 3385 6018 6894 1544 5917 5694 4423 6554 5845 3900]",0.16855629190813276
"[ 970 2909 5226 5489 5737 4142 4128 3934 6754 1465 1164 6394 4623  900
   88 6732 7290 2598 6324  807    1 6384 5269 1454 5940 2126 5192 5363
 4603 6778 7041 2721  674  609 6612 6332  897 4975 3020 4821]",0.17602897129259557
"[3026 3278 1931 4321 3532 1346 3168  478 4964 1035  901 4237 1287 5446
 2095 1319 2361 5405 6915 1252  791 6344 2700  492 1088 6926 6626 3428
 1929 2613 2206 7233 3104 3225 5758 3765  844 4283 3923 3798]",0.19436986684034568
"[4876 3469  707  377 3516  197 1813 4318 3906 6986 6624 4688 3361  632
 1984 1543  122  110  303  920 6360 6544 4823 5137  456 4452 1838 3621
 4103 6683 5355  543  515 2650 5471  961 3986 4367 6600 4679]",0.16792266409018605
"[6603 1808 3638 4095 4403 5748 1492 7162 5050 1624 3308 7336 4508 2709
 1459 1123 4043 5131 7058 2029 3640   20 3007 6462 2595 3413 3446 3118
 5037 1287 5484 3137 6302 1760 6754 2277  341 2353  513 1263]",0.20511118092733757
"[1196 6156 1152 3513 3712 3377 4382 4461 5158 7146  130 6556 7147 2064
 6923 7009 5840 5640  543 4327 1492 7462 2186 6754 3148 1599 4867 5170
 6372 3776 4851 4862 1278 6788 7577 4940 5454 2147  124 6106]",0.16704929493633963
"[1240 1386 6590 1117 1806 1188 6286 4220 4950  686  378 1584 3031 6598
 6441 7089   58 3171 1966 5259  412 2930 6853 7453 6639 1912 1602 5506
 6392 1260 3907 1187 6387 4563  667 7441 4547 2022 7584 7227]",0.1838836560383146
"[ 239 2964 2496  530 7535 6731  607 2852 3922 6738 3408 5939 7385 3356
 6509 1445 4977 6894 7330 7002 6061 4459 3743  268 1330 1714 2466 3787
 6006  159 6973 6792   71 1597 7448 6512 6467 3358 3092 1748]",0.18428288273443333
"[6819 1527 5864  635 4840 5536 7377 6189 4248 6251 6529 5616 1774  588
 2754 4953 6635 4490 6911 2493 2039 3616  627 4183 7150  539 2627 2430
  796 4255 2681 3211 4160 1932 6391  787 2605 5711 2666 1100]",0.15665623852760188
"[4336 4708 5405 2180 2616 4994 2342 2148 2251 5288 3951 2105  836 1563
 2125 1970 6963  837 3367 5921  899 2330  690 4362 2139 1234 4297 2646
 7401  958 2921 4618 5524 2543 1647 4423 1632 1280 7479  565]",0.19778293229771093
"[1570 1475 7572 2159 6819 5895 1294 5529  237 7559 1158 3199 4905 7466
 7081 6595 1087 1635 6368 1343  424 1232 3833 1633 2337 1911 2624 6363
 1291 1538 6935 1311  865 4821 4414 1946 5891 4751 3644 1790]",0.15722403309928948
"[ 665 6967 6650  932 7317 5709 4190 6481 1878 1102 7163 4425 5232 3162
 2277 3547 1436  315 2454  697 1946 2824 4265 6441 3362 5962 3457 4825
 1298 7002 5402 7094 5732 5904 6653 5128 4859 1673 3374 7249]",0.17344069704086137
"[2232  788 1207  327 4683 2578 5649 3314 1425 1798 4104 4371  120 5275
 7396 2196 2582  938 4198 6055 5955  167 1256 3032 3604  152 3326 4602
 7202   60 4376  582 5300 2237 4191 1273 6246  524 1463 3684]",0.1633560633416966
"[7016 2405 1371 2478 6418 5026 6572 5984 5864 4383 6397 1831 2329 7042
 4352 3205 2754 3121 2110 6556  778 3396  949 1261 3482 3243 1743 6299
 3428 2387 3352  160 7391  660 3438 5121 7204 6144 4895 4864]",0.19875599369766606
"[2863 2022 4927  801 3868 4370 5293 5484 4034 7050 4612 5467 6628 6437
   97 5559 6876 5583 2410 2801 5258 6095 1583 1378 6990 1199 1133 2123
 5366 2279 5722 3502 4965 1108  108 1875 4377 7218 4831 3240]",0.20732092665424362
"[6115 6491 5447 7123 3725 6346 7004 3757  812 5545 6932 2520 6219 3919
  548 5115 2638 6708  594 5578 6950 3695 6852 5043 5133 6097 6459 4491
 5464 6949 3000 6279 1038 1333 1190 2143  736  107  448 1646]",0.18547663567757558
"[5878 1528  924 1959 6796  523 3670 4257 2777 3021 2440  820 4867 3483
 4524 3667 4402 1823 1932 7261 4881 2330 4606 2703 5466 7094 4549 7038
 2873  335 2188 5693 5925 3289 3913 5561 2615 7123 4534 3204]",0.20943814555252338
"[5333 4005  519 6898 2199 3753 4442 1051 7469 6442 6755 6323 7236 3154
  737 4337 6688 2553 5352 3045 5321 5133 5770 6451 3993 4319 5802  257
 6249 1970 5569 2593 5155 6591 4249 2924 1830 6594 5276 4351]",0.17530448185449393
"[4163  394 7224 4691 4796  609 6280  192 2930 1658 2176  871  280 3547
 5418  528 6434 2655 5708 1250 5243 1330 2059   58 6810 3413 2188 2408
 2933 5193 2631 3405  680 4876 5895 1292 6733 4059 5149 7346]",0.17289684619274123
"[4928  282 3651 3623 6437 4032 7482  244   56 6024 6011 5429 3330 4493
 5774 3642 3510 5676 6380 6304  936 3936 3483 4074 6281 4699 2440 5222
 2748 2818 4515 2954 3786 5401 6894 7577 5389 7228 3953 7088]",0.146758428130306
"[4548 6601 5297 2071 1431 1642   19 5576 4563 7300 1665 2015 6213 4056
  456 3285 4216 2104 1482 1662 2640 6494 6555  378 2841 3147 5057 6449
 1387 5457 3469 7226  185 5202 5390 5637 3176 4908 1036 3599]",0.17462461949688307
"[3158  502 1615 4532 7074 4971  741  707 7582 5836 4775 5003 6259 4824
 2186 2055 4801 7373 6793 6362 4784  868 5926 7596 1027 5194 1688 4937
 7067 5973  954 5477 2849 4417 4109  511  824 2494  697 4817]",0.1570983306314096
"[2043  896 6616 6667 7477 4794 3390 4816 3251 1440 3146 2840 3817 2741
 1331 1253 3720 7230 7132 7173 5385  560  903 2455 2998 5068 4840 4877
 6882 1619 6676 5892 2776 5392 6634 7325  709 5497 2969 4745]",0.1869650620873374
"[6202 2410 5734 4440  913 7093 6193 4632 2055 2719 4514  130 4438 6741
 4031 2036 6688 7154 5377 3381 6366 7545 2878 4823 5294 4398 1166  996
 2997 6576 4518 3833 6507 5217 7031 1619 6887 6340 5931 5950]",0.14001126605801517
"[5597  714  265 4463 1574 6129 2438 7564 2493 2290 5323 4592 5647 5135
 3365 4021 1601 1213   56  499 4458 5799  256 2060 5921 1739 3253   34
  176 3084  369  692 5428 4086 5511 1577 2711 3098  458 1170]",0.19884256898099648
"[3026 2387 2036 4636 3678 1872 5306 1215 5190 1408 4295 7269 6784 5069
 3470 1900 4032 2231 1565 6007    1 1978  668 6715 1671  425 3176 5175
 4762 3532 6020  495  256 4673 3358 1472 1095 6521 5064 6697]",0.16534413345993162
"[6530 5464 6841 3312 3870 5257 3121 1917  189 5842 2464 2958 6163 6745
 5124 7047 5128 5264 1402 2225 5878  330 6101 2174  554  540 5932 3557
  509 1047 5777 2880 3634 4413 4665  726 3946  739  947 7084]",0.1824011692031785
"[4229 5130 2977 3652 3022 3434  300 6863 4703 1323 2211 6830 5204 7005
 1473 7251 4762 5951 6424 6196 4541 3328 7485 2800 5585 1259 2558 3989
 1851 2862 2322 1848 4938 6275 2041 2695 1067 3910 3363 7171]",0.22296245711685486
"[7219 3592   51 4827 6194   70 3216 1457 4390  232 3416 3384    5 7330
 4669 6986   31  816 6184 5713 5207 2927  984 4595 6611 2822 5289 6608
 4874 6725 1524 6080 4397 6221 1066 2729 5720  275  113 6064]",0.17457174241190312
"[4480 4907 4066  872 7459  948  424  916 5669 2362 7316 6676  205 7413
 3950 6420 5959  921 2736  389 6667 5450 6631 1735 3102  580 4627 5043
 5156 3626 2168 6496 7265 1297 5711 1947 4614 3515 5757 5245]",0.15717237880009186
"[4307 1497 2345 2090  598 4890 6839 6345  348 7403 5455 5785 4409 5547
 5658 6721 6912 2364 1185 5588  194 5743 1739 2691  769 4939 4661 2259
 2276  501 3108 3323 4860 1433  721   72 5587 5453 5790 4456]",0.16360451552069036
"[5275 1927 7083 4725 3950   60 1754 2446 4944 2100 2777 6804 4442 4766
 5935 4715 5865  732  816 6754  996 6622 4106 6759 6069 5133 5249  612
 4642 2975 5941  835 6874 3766 1308 1106 6165 1673  195 2500]",0.21803272679584346
"[2960 5077  449 7114 1607  277  472 7353 5786 5208 5687 2982 5566   15
 4324 5824 2433 1335 4407 6044 3125 1396  295 4214  609 6218 3689  570
  437 4482 3768 5828 1010 7071 6850 3794 6236 2269  328 6657]",0.1489731745895414
"[7231 6289 5089 5245 4116   22 2717 2356 6991  129 6287  441 4422  419
 1063 1901  109 5041 6831 6213  477 3950  551 7077 6345 1407  707 4607
 1192 1598 5454 1918 1600 6050 6057 2320  917 4608  793 1510]",0.17004210722693167
"[6771 2590  859 6095 5461 7429  963 1194 7140 3288 2491  806 3158 3186
 5608 2637 4905 2656  688 5245 1571 2649 1937 3877 1101 5167 6842 5740
 3108  723 5560 6727 6400 7452 2874 5062 5401 3880  577 1894]",0.21493835335777126
"[3804 6215 6926 1248 7444 3257 5451 4510 7160 5198 2010 6207 6896 6863
 4776 6679 7510 7568 3673 4434 2393 3634 5110 5013  513 7538 5306 7238
 5431 7535  788 1537 3178  478 7137 2418 6013 2757 5888 2507]",0.14977870487293493
"[5144  558  123 5797  819 2934  789 6796 7218  382 2909 4795 5221 6915
 7221 4693 3998 5988  958 3051 3163 6670 5421 6783 5286 6075 4114 6910
 6482 1338 1773  107 1010 2424 5575  914 2538 4182 1640 5896]",0.13291858271745605
"[4597 7338 5071 1186 2579 2661 5457 6812 3265  809 1082 1831 5162 4786
 6722 6348 3317 6862 4743  344 1884 4299 2452 3895 3605 7144 1562 1213
 2093 3115 2991 1709 6479 2769  971 5924  271 3957 6218 3992]",0.1723173162985791
"[6305  321 3660 2688 1402 2165  825 5682 2547 6029 6233  444 5225 4712
 7542 1608 4174 2786 6457 5593 1398 6845 3879 2299 3258 7082 3774 1450
  116 1813 5830  587 3337 5366 1664 7048 5255 2914 1358 7468]",0.1813126762970486
"[3619 5672 1729  153 4546 6392 1641 5659 1471  376 2166 2106 7098 2977
 1942 4246 2182 6466 6263 2836 2242 5335 7458 4744  288 6732 2782 4712
 1594 5559 1573 1917 6854 1841 1443 5217 1455  908 3686  522]",0.18333893819767558
"[ 138 2006 3762 1333 7147 1706 1696 3015  206 6207  823 4589  710 1907
  123 4657   99 6956 6596 3547 1870 7290 1350  517 5656 2610 5027 6289
 1576  951 1260 3249 1498 4929 3697 3315 3770 7133 5492 2447]",0.17194134564822625
"[ 373 7132 6746 6080 7442  572 1584 6106 5972 3385 1621 4595 2140 5650
 3356 6438 7114 4192 1610 2191 3932 5866  563 1386 5541 1757 2776 7109
 7002 3365 2722 1728  601 4054 3114  401 2891 1488  558 4998]",0.18613167330972213
"[2729 5241 3486 6407  632  553  489 7057 5201  860  398 6829 6473 3202
 4787 5230 6240 6113 5005 1990 5637 1340 4623  405  512 2738 2377 7014
 5179 6923 6510 3169 3677 3965 7199 5685 2597 3627 1624 6346]",0.16417088991967435
"[1036 4401 3060 6630  331 5125 5225 3902 2912 2496 4954 7559 2831 3423
 1339 4449 3165 7304 4586 1175 3875 1065  883 3744 6260 6426 3247  820
  270 3525 5980 4330 7549 1123  293 2294 1839 7098 2261   10]",0.17664529693060216
"[4124 4207 5525 4560 5473 4907 2079 4408 3861 1011 6264 2104 2485 4866
 6514 4850 2400 3540  879 2284 2237 5570 4985 2908  328 7300 2587 3761
 7023  188 6530 2921 5095 1079 6108 4741 3157 3749 1044 2002]",0.2165347963052742
"[5577 7596  678 2708 4083 5702 4981 1046 5606 7411  610 2680  161  333
 7190 1856 3379 1979 2815 6945 2664  675 1392 5527 5664 4303 3081 5027
 1332 2189 5517 5254 6877 3856  799 2751 1863 6974 3720 1777]",0.2274566917636618
"[4170 1068 6363 2152 5592 1149 5845 1794 5923 5401 3893 3959 4394 5052
   30 6626 2313 1349 3607 3164 6483  903 4214 2010 1613 2175 5910 4074
 3687 2945 2571 4866 2624 1651 7167 1368 5000 5904 2045  563]",0.19089382673701424
"[4841 3698 6318 4738 5187 1475 5511 2563 2244   27 7199 6825 6916 3506
 4008 2015 5479  161 6024 2030 5128 1272 2190 6366 4694 7027 3243 5327
  626 5550 4882 2745 5080 1744 3519 4057 5056 1167 5215 2023]",0.1879110869810368
"[4205 6993 6640 1792 2034 3538 1698 2118 6676 3400 3216   22 6246 5554
 1619 3719 5621 4324 2918 1888 6508 6081 1990 2115 5948 7407   26 1043
 1062 1835  760 2717 3845 3787 1633  954 4502 2405 6704  484]",0.21559239991275075
"[6771 6936 5112 1258 2998 5329 4050 7377 7419 6315  170 2855 5669 5078
 6194 1791 6084 2137   50  769   95 6843   65 7555 1653 6484 1641 3193
 4441 2953 2882 1932 6251 1867 5514 1263 5999 2455 7361 3043]",0.13803510949633968
"[6469 5748 3623  406  935 3554 6982 1463 5142  102 6687 1394 5180 6551
 1573 7580 6603 3402 2344 3310 4992 6784 3696 5188 2165 2632 1728 4307
 4497 6782 5550  188 6369 4262 2544 6704  877 6021 7357 4296]",0.16082050833539321
"[4963   20 3004 6163 3942  345 5762 2178 2325 7121 6564 1998 7045   98
 6948 6354 6606 6159 1243 2594 3030 5067 6101 1121 7373 6279 5362 2950
 5265 6572 5182 1424 1974 6485  441  960 7080 4951 1765 3903]",0.1813221831258804
"[5971 5830 2598 7222 2551 4332 1537 4266 7422 4756   52 3632 7203 5976
 4945 2802  266 7113 3184  725 4346 4119  499 5198 4116 6791 3815 2142
 3986 3084 7532 6122  462 2826  226 3987 5164 6783 2935 7338]",0.16932622228158667
"[3831 5266 5779 2510 5220   42 6260 2255   84 6691 2506 4385 5660 2200
 2748 4834 2914 5575 4084 1920 5234 1720 2538   57 6304 4197 5655 6106
 1718  651 7261 7325 2265 1890 6846 3055 2054 2470  195 5018]",0.15364016319562857
"[2074 3354 3405  225  820 4026 4860 6581 7260 2409  457 7331 5426 2228
 6141 7438 3992 3420 4367  802 3787 4551 3943 5105 2862 6762 4868 6178
 2064 5168 1851 5634 6892  589 2959 4549 5990 5044  338 2107]",0.18203085135572936
"[6078 4123  958 3963 6907 3399 2748 5106 2393 2259 3450 3363 6021 3660
 3631 5380 3715 2250 1284  626 2497 6928 6691 6215 5940  543 4209 6122
 3621 3750 1404 6146 1782 5812 1309  387 7584 6113 6442 7432]",0.20533381342409593
"[2819 2137 2400 6680 1415 2083 1630 6717 5415 6955 1612 3153 1636 5555
 4090 1237  321 5010 5668 2145 4342 6829 1668  196 6309 4269 5125 3482
  160 6753 6268 3873 2014 1248 4947 3507 4255 4159 7006 4829]",0.20678811511981032
"[7438  392 3535 5735 3741 1418  935 5426 5113 3171 6461 1380  796 2838
 3682 6196 3013 6462 5960 5427 6791 3810 2607 3734 5567  882 7148 7493
 3828 3540 3422 6434 1446 5305 3421 4728 6539 2726 2049 2095]",0.1798286834279338
"[5288 2044 1321 3972 7227 3878 4480 7492 2246 4562 6557 1335 4481 5588
 5195 3299  730 3961  162 6563 7133  128 3653 5437 2895 5956 1350 4685
 2046 7033 4652  491 5703 1021 3850 1143 1049 1934 3347 3076]",0.20222618541995974
"[1215 4013  710 2449 6354 1454  517 6215 6138 3269 3599 2990   52 6539
 1752 3128 1407 6000 5853 2742 5815 5803 4091 1682 1592 6722 1867 3315
 6038 6498 2104 5348 1251 2975 6428  306 2885 6023 2911  848]",0.17312395730759977
"[1651 5295  346 4555 3249 2894 2685 4943 5288 4330 3401 5082 5056 2232
 4343 5390 4490 6605 3020  453 6982 7565  937  403 4185 6378 2605 5873
 5935 2613 4572 4859  340 7286 1364 7275 1217 3123 6668 1157]",0.13730294744334623
"[5236 5661  358 5524  409 2319  171 3908 3584 2358 6983 7544 7384  541
 5908 2601 3732 3471 4343 5977 5318 6486  862 7497  106 5037 5003 3395
 5235  600 6848 6779 6138 1758 3814  953 6528  759 6623 6611]",0.16534853258580445
"[2510 1153 1158 1813 2288  200 6768 4920  740 3462 1341 6107 4195 3199
 2828 1078 2303  833 4253 5574 7439 3548 3897 6341 7055 5573 2096 1066
 2927  272 2004 1747 4034 7487 6826 2910  318  175 1330 7008]",0.19397098055978743
"[7401 3502 6529  355 4957 4644 2637 7388  559 2007 4434 1509 2500 4250
 6612 3272  665 3785 7233 2650 3723 6333 7372   67  696 3758 7341 2213
 5328 6028 1895 1119  297 2164 6679 7368 1585 5373 3865 6773]",0.19893101139989194
"[4656 5488 2470 7249 1559 5067 5265 2906 1708  191 3010 5170 6928 5963
 4233 3213 5760 3212 2865 3681 2046  789 4090 6085 6428 5181 6539 4555
 4908 1286 3077 6951 3679 6220 7595 2685 2039  254 3106 3228]",0.17406330225851505
"[7426 4408 3043 7289 1916  412 4008 6762 6291 2336 4398 5326 7396  363
 7383 5821 4512 2276 6140 5204 5137 7455 7120  946 2198 6125 4382 1007
 6042 6098 5225 6108 6402 3371 4140 4074 6295 7085 4636 2231]",0.16302390489532675
"[4529 6912 6405 2445 2734 2938 6992 1912 5650 4934 7390 6038 6122 1670
 1770 3193 3764 2933   90 6847  255 5063 5678 6071 3146 6882 1771 1705
 1488 1815 7085 4604  253 6184 2421 6422 4224 1883 2897 2476]",0.1790540656814151
"[7077 1104 5791 5590 1455 2710 1090 5173 3664 5502 4133  142 6117 6537
 1882 3005 4538 5031  577 7395 4186 4443 4648 6064  795  475 4891 3458
 2391 6785 1231 4587 1598 4349 4712 2262 1621 3586 5542 4819]",0.17885983305861636
"[6123 3980 2484 2065 3211 4347 1113 1038 7071 3592  631 3114 5631 2309
 6124 2177    3 6706 7285 7005 1171 4990 2288 3473 6213  491 1080 7588
 2203 4782  424 1004  621 3139 2674 1135 3443 3655 7463 4261]",0.17688744829404549
"[5058 6603 6771 2787 4374 3241 4426 6760 7156 1271 2507 7262 3534 3362
 6846 4063  282 1613 6220 2216 7540 1742 7095  609 3112 7261 7513 3878
 3774  164  948   95  241  813  285 7428 6621 2422  648 2350]",0.2013928279250284
"[7323 2100 1390 3981 5647  426  397 7207  455 3576  303 2376 6214 3045
 1074 3301  412 7313 1831 4710  145 1734 1214 2686 4187 5247  755 4802
 3217 5293 5780 4534 3046 1823 6694 6768 4312 3072  679 4497]",0.2223950364147075
"[6998 1271 7407 3754 6373 1187 2006  794 4584 4401 2202 2311 5849 3953
 3882  258 5794 5475 4223  509 4269 3970 6288 3085 5577  460  787 6297
 6134  385 6128 5779 2705 3495 1513 5875 5190  446 1819 6234]",0.15657596772184768
"[2603 2113 7121 1058  851 7331 4873 5988 7128  757  590 2046 5913  734
 1558 4787  333  204 4681  477 5564 1265 6231 5759  183 1153 3546 6853
 6207 7440 1000 6506   34 4896  905 5543 1661  796 6276  666]",0.16437691331478224
"[6757 5330 2690 4047 3495 5438 3257 7459 6210 3322 3590 1559 5399 6582
 2900 4868 4142 1282 6360  761  678 5763  925 6633  306  256  725 4290
 5887 1847 6999 5951 2131 2679 4322  616 2105 3145   35 4349]",0.16722974187282302
"[1620 3562 2642 5755 3163 7060 6983 3671 1682 6618 2935  109  907 3541
 3035 4444 6175 7537 2947 4013 2607  522 1794 1217 2972 1890 4994 4279
 5446 6245 5470 2386 2033 1423 1148 2594   78 7362 5821 3563]",0.20084017946822832
"[5727 5527 7017 4772 4174 5953 5890 4181 6746 4882 5665 7060 1147 6377
 2916   40 1255 5828 6223 5254 6312 1279 5381 4202 6767 5339 2392 7148
 5554 3400 2744 1840 7033 1735 3734 1335 5613 3461 3564 2038]",0.15262996424116887
"[2212 4509 1941  814 3842 5495 1977 6135 1658 5953 6437 2940 4749 6139
  625 3719  815  377  812 6722 1683 1316 4519 5592 6065 6061 4000 6377
 7576 3443 6108 7009  667 6099 1132 3894 5094 5056  830 3962]",0.19552257983202684
"[4216 4558 2705  446 4469 4677 1039 2605 3090 2424 4394 7552 4078 7054
 6727 3187 6099 2379 5453 4009 5442  223 4244 7347 1384 6960 3363 7286
 6502  404 7326 3386 6213 2432 7122 3772 2340 1153  111 2942]",0.20651333181594922
"[6713 1734 7040 6537  278  713  876 7194 5889 5155  507 6145 2912 6992
 3973 7554 2816 5200 1690 3596 3053  689 7069 2153 7590 2632 2805 3734
  418 7189 1315 3242 6183 7523 2021 5258 4725 4906  941 3797]",0.19963562801570525
"[4657 2262 7448 3555 2101 6773 6579 4068 6846 1462 7409 1375  505 1939
 5045 3580 6425 5707 4161 7583 1943  698 2701  944 3631 2283 6530  183
 3384  105 3860 4660 7141 5354 7078 2074 6883 6188 3115 6045]",0.1667708116327992
"[2614 5225 7369 1343 4818 1829 6063  997 3517 5938 3430 7519 2077 2305
  633 3749 2913 1629 2900 1058 6032 1538 6666 3370 6028 5238 4622 7533
 1013 5956 1819 3944 1715 2502 3886 5560 5907 6163 6150 1393]",0.2038214894541226
"[3931 6772 5989 7309 5678 4008 1614 5079 6070  758 1227 4704  477 5654
 6809  636 2076 5817  621 3557 7278  722 6450 6320 2636 5342 6628 1464
 5240 4679 3364 1488 1539 3272 7228 2841 6812 2983 3989 3335]",0.15899303431749431
"[6848 1422 4819 4314 7563 7058  506 7309 6997 1316 2804 3351 1209 5162
 1447 2996 5211 4075 6837 6734 1715 3139 5206  582 6360 6730 7054 5407
 2237 4126  857 7046 6984 3016 6027 5254 3465 5662 3459 1959]",0.183283161778774
"[4196   60 5593 4541  429  456 4115  282 1117 4610 7317 4918 2817 7519
  487 5082 5953 1018 3500 4047 1501 4508  742 6578 2882 6300 7423 5034
 1452 3261 4195 3150 1998 7308 4991  189 2174 7444 4258 6277]",0.158397894378121
"[2404 5860 3815 1959 7521 2872 6914 1726 7318 3277 4466 3594 4590  245
 2955 7260 3157 4595 6802 5931 4531 1274 4781 6727 4878 5353 3990 4729
 6932 5358 5140 3910 1090 7509 4922 7145 4037 3054 3901  775]",0.17094001340679735
"[ 516 1247 5372 5340   16 5397 5858 5920 7359 2507 5478 6228 1172 3424
  357 1149 2160 4231 6657 2378 6127 1786 7360 5596 2383 2716  466  563
  280 3545 5100  511 6039 6804 5905 1395 6534 6682 5106 4063]",0.17395384977683306
"[5997 1226 6406 5375 7262 6330 2889 1497 1529   40 5856 1618 4065 4327
 7157 6291 1112 3622 5758 1644 4263 5813  490 1878 5508 3042  954 5655
  914 3038 1984  934 6127  682 3807  514  651 5250 2803 5376]",0.18627842401838646
"[4758 1779 2828   46 6331 4563 5449 2141 4098 3285 6426 5953 4299  517
 2860 2724 3817 4848 3832 5031 5736 4017 1505 3660 2814 1962 5066 4149
 3004 4943 2303  925 4474  342 2015 2753   20 6721 2003 2862]",0.17230089511023916
"[ 604 3489 3123 3846  870 6452 5263 2498 7446 2035 1887 2954 7345 1706
 4609 6503 2894 3189 2788 7261 6229 4568 1715 2390 5035 3849 4916 5100
 4903 1643 1997 6110  126 4250  657 3491 5422 7117  961 3889]",0.1506679119655524
"[1564  200 1730  737 3100 7244 2120 7268 5591 7215 1065 7573 1128 2868
  964 7358 5107 1248 7095 1951 1007 2891 7580 7366  392 2098 5525 1346
 7432 5335 6034 2608 5459 4806 4761 1687 1400 1569 7212 3325]",0.18478513762745133
"[6908 6360  493 3616 5984 3715 6468 4865  861 4455 3700 6919 3343  746
 7316 4928 6806 1814 6738 6080  459 5826 3504 1105  740 3770 3553 7021
 5776 7032 2483 6876  712 1859  211 3309 5631 3337 3714 2383]",0.15714847093078077
"[6242 1053 7266 6039  510  529 1314 3423 1145 5197 6368  965 4908 2620
 3964 4026 1433 5007 1495  676 1007 6106 4617  359 7184  483 6648 4887
 4775 6253 2689 4694 4880 6967 6276 4621 1032 5043 3525 1073]",0.163272713895428
"[ 519 5094 4783 6976  823 1687 2614 5748 5417 3064 1806 6942 3157 4040
 3421 6019 3539  805  339 6814 3112 2098 7460 3310 4912 3026 7132 7263
 7018  118 1144 4930 5851  584  946 7124 5516  459 2820 1034]",0.1950018156264967
"[1255  832  761 7210 1635  912 2733  295 5976 1576 1435 2072 3094 2075
 7084 7384 4417 2229 6817   66 4141 4208 4658 3536 2063  483 6904 3092
 3333 5629 4101 2059 3433  994 5305 3645 1541 1431 7171 5152]",0.21953787403508396
"[6353 6895 1032 4054 5250 6646 5393 4723 5013 6196 3680 4458  951 4173
 5386 6909 3857 1400 7518  713 1476 1180 7182  287 5733 2501  404 3525
 3829 4426 5723 6795 6338 6106 2718 7325 2616 4145 5882 7196]",0.1801224913092198
"[5148 1082 5341 2304 2861 2595 3066 5569 5380 6030 1580  957  619 6662
 4591  597 4458 3129 1569  479 3678 4014 6573 4216 1423 6470 5040 2977
 1499 5816 4410 6850 2489 1831 3234 6562 6892 3987 3156 7232]",0.1965831427476708
"[3989 1702 6521 2484 7581 3571 4784 2458 3788  322 2013 4513  574 2562
 7023 3210 3767 3796 6091  954 5271 4990 2446 1060 2471  147 1134 3008
 3708 3199 1343 4362 3409 3932 4981 5221 5772 5455 2272 6939]",0.18213831486449264
"[1491 5460 2608 7566 5412 5543 6501  553 3138 7125 1570  659 3096 6121
 3889 3114 4481 5371 6161 2998 3815 5579 5218 3691 4137 1488 3319 4993
 3642 6808 2967 1955 2270 6791 5238 1259 5181 6234  616 5799]",0.1593941118292856
"[3813 1055 6336 7562 3740 1358 3004 2325 4924 7376 5730 6554 5097 5118
  235 1975 1681 2532 7491  352  517 6194 7307 4737 5904 5926 2220 1655
 5654 2869 6703 2279 3362 6388 6259 3584 6470 1322 6311 4746]",0.1881044691402938
"[6891 1604 1290 1196 6991 3526 3267 3480 2407 4716 3284 6797 4259 4430
 3566 5994 3168 6482  856 4733 3842 5711 6563 5038 4984    5 4111 7226
 4343 5966 1806 6966 7512 5826 4862 5284 4711 4595 4744 2564]",0.15278372246842598
"[6931 4192 7286 7569 6380 3274 6047  349   91 4861 6090 4878 5663 1061
 5575 7225 2709 1062 4700 1073 1867  636 3995 1979  352 2124 5485 5952
 6328 1496 4870 3132 1774 3846 3557 3544 4227 4190 7550 4868]",0.1304066320897978
"[4642 5076 4425  747 3926 3968 6298 1548 6730  565 3120 3471 6938 6663
 6645  419 2720 7072 1852  456 2827 7382 1468 3181 4555 6754 2610 7435
 1843 6646 4585 6442  815 1787  262 5895 4063 4388 6052  296]",0.15239230845127802
"[1904  121 1857 5100 3667 7482 1048 6476 5812 4342 5378 1609 7557 4287
 1098 1855 2180 4538 3414 4817 3218 5823 2659 4762 5432 6038 4138 5666
 2017 5815 4267 5950  773 7525 1057 1089 3230 1106 2322 2289]",0.23221710874751195
"[4608 6741 4673  152 3602 5957 5519 7280 7297 1396 5730 6618 3067 2213
 1921 5219 7252 4440 7264 1758  287 2622 3066 5662  448 7231 4923 5359
 1687  713 4225 2718 3688 1297 5895 6145 7162 4887 6158 6163]",0.1425803650243969
"[  97 7215 4759 3165 4811 3967  252 3776 4719 1698 1211 2637 5415 3495
 5884  843 3040 4802 1644  459 1299 2570 4347  645 4978 3452 1461 3985
 5997 2122 4491 1935 6130  535 2849 2917  711 5388 5056 4295]",0.14978492170159477
"[2475 5658 6720 4974  484 4797 5903 1513 6405 2051 3834  673 1750 6103
 5426 5672 4875 3844 3595 2647 1444  218 7438 1625 7077  574 4456 4246
 6478  208 6811 1042  710 1077 3054 2494 5825 5958 3179  878]",0.1706550050880297
"[5960 5589 7487    1 2236 1686 7541 3928   63 1652 6775 1646 6912 5628
 5736 4884 5604 6278  687  469 6082 1320 4805 2706 3166 3916 1766 2798
 2896 7488 3274 4795 2892 5490 1383  130 5406 5670 1133  627]",0.17775391464918688
"[  58 4410 4560 2501 2805 7039 5525 1702 3844 6407 4897  632 1745 2335
 6156 3468 6929 6006  265 5438 6976 5891  961  578 5898 6656 2253 5967
 2621 1834 5913 4362 4119 5343 7499 2349 7588 3527 4439 6182]",0.18162843482382895
"[ 377 5108 1382 3285 7388 5943 4887 4032 4610 5282 4830 2122 5739 4884
 5580 3365 5295 1876   18 7430 2059 4955  541 2849 6130 4619 2092 6032
 7424 5167 3140 5833 6221 6337 5680 7068 5895  691 5812  670]",0.1657116265207542
"[5243 6961 4201 5428 2571 4105 6878 1380 2692 6018 4615 3606 7239  293
 5458 4564 6551  198 1716 7551  873  405 6770 4182 7586 4653 5527 3353
 1078  774 6672 1715 5802 3624 2081  608 3460 7162 3963 1583]",0.1493813501580866
"[4151  237 4391 2505 7404 3721 1021 1736  813 6990 6955 5330 1338 3620
 3749  984 1579 2192  563 1717 1640 4250 7423 2218 3838 1893  482 2104
 6248  547  274 6779 6279 7178 2348 6724 4154 7271 3144 5745]",0.19571015112776657
"[2133 6000  470 1065 3262 3422 2730 7161 3198 5445 1445 4142 6319   14
 3624 1451 6093 7219 2814 7585  293 4939 7026 3335 2729  497 3255 2498
  912 5098 3206 2011   63  492  870 6204 1367  255 6099 5409]",0.15142011255907714
"[7397 7225 2810 2028 5142 1013  839 5220 1125 6419  729 6646 3381  582
 2011 5384 3005 1982 2545  972 1265 6722 4874 7331 2589 6357 1181 6927
 4131  409 6371 5930 1865 6923 3059 2347 4725 2958 6617 1407]",0.229430653102081
"[ 165 4231 1106  912 2771 3836 7340 7506  874 4383 2255 4793 6764 6567
 6594 1469 4708 5460 2106 6039 2196 6889 7133  677 3699 3093  122 6772
 6197 5774  526 1009 1976  674 4179 3554 5405 1217 5759 4305]",0.17618640249463752
"[2843 5931  279 6180 4520  936 4713 5268 2120 5966 4233 4164 1928 6516
 3303 5495 2070  131  471 4869 4336 7582 6565   18 1933 5903 7102 1437
 6471  191 5036 4664 6624 7222 3528 7331 1806 7255 7366 2534]",0.1527766460576886
"[3921  755 5778 5526  484  827  291 5517 7226  615 7327 1109 2731 6683
 6166 2174  233 3023 4305 2722 5082 4491 3929 4434 4647 7083   23 5978
 6393 3450 3816 5687 4213 2703 5433 7142 7369 6582   30 3784]",0.1950967733547019
"[ 683 3974 7475 6468 7160 1817 4141  529 7228 1697 3177 4955 1951 1608
 7538 4705 4850 5642 3730  579 2228 5343   43 5502 1814 6416 6557 5696
 6524 2548 1020 7554 2562 1618 7387  309 1806 4724 1978 6451]",0.17216936472854336
"[1699 5947 1439 4065 5317 5939 6850 5333 1298 5190 1130 1982   13  155
 1110 3049 1587 6833 7348 2034 7374 7440 6283 1179 7176 3622 6092 3033
 3546 1100 1389 6009 6972 2815 4183 1801 5002 2426 5967   22]",0.17455979489210086
"[5547  203 5639  246 6634 5742 2615 5327 6760 1271 7075 2397 4610 1596
 4000 6843 2447 3795 2801 6942 6285 4806 2621 2840 7497 4138 5630 3232
 5522 5871 4642  726 1499 3040 2299 3023  849 3982   79 7348]",0.2098005846527778
"[1519 7120 6613 6803 4781 3040  326 7462 2784 5136 7395 6660 5378 6833
  632 1005 7177 2711 7427   30 5015  440 6234 5261 4080 4168 7461 5641
 3635  223 3537 7510 3788 3977 1296 5873  963 4888 4394 3355]",0.17527987693515984
"[4766 4613 4660 5729 6306  203 4396 3608  721 1884 1448 6893 4510 3662
 1854 5735 4828 1899 3140 7213 7174 2730 5638 2365 5252 4526 4726 5882
 4297 5899 2729 1202 2667 7259  868 7134 3919 2301 2269 2074]",0.18795935305941835
"[7436 2686 5049  912 6318  820 2698 5381 5571 6167 1166 4607 4715 5216
 1916 5826 4546 7442 7505 6069 3092 7193 7054 2994  715 4973  867 2303
 1516 4312 7394 1881 4257 5698 3677 1502 3150   72 7199 5818]",0.16061654997290492
"[3553  659 1850 4972 6187 6518 1566 5611 5081 5317 2337 1412 2919 2330
   53 2362 3585 3803  321 2464 5600 5876 5742 3610  729  604 2389 4392
 5968 6092 2064 1237 3717 2001 5214  687 3027 7232 3010 6199]",0.18396963957305157
"[3387 7486 3545 7192 1146  210 7459 7260 6357 2786  340 7332 4902 2564
 4480 2788 1332 2847 7345 6418 3382 4109  798 5605 3724 4316 1610 2833
 2369 1451 5590 5812  953 4318 5680 6773 4718 2607 3328 3907]",0.17335909058071153
"[ 942 6569 6911 7388 3726 3413 3191 4920 4068 7564 6438 2845 3480 3030
 6312  520 4302 5575 1875 3493 3472 4055 3989 5995 1916 4711 2049 3475
 6688 2999 1456 1498 7408 6345 7452 1576 2113 1446 2975 5006]",0.17665816616169264
"[ 265 2203 3641 1686 3288 3331 4655 6888 2418 5828 6630  236 3805 5274
 5421 6502  928 2149 2190 2368 2231 6878 5252 5457 6285 3439 5099 5300
 2666 2873  300 2060 4177 1881  893 5459 1151 6400 2004 1202]",0.20582730402625612
"[2896 6400  738 1172 3393 2392 1946 2115 1899 2321 1869 6127 6319  958
 4131 2318 3378 2073 5074 6504 2922 3658 7228  860 4608 6119  206 2390
 4731 4781 6706 2748 5504 7545 1346 3387 1603 5465 4246 2219]",0.19592350830271496
"[2335 3325 6707 4105 5435 2950 6867 5560 4842 5259 3397 2340 5366  976
 1935 7184 3205 2775 1926 7534 4199 7286 4149 1940 2070 5935 6507 4011
 2597 6694 2620 5294   87 4890 4100 6399 1569 2107 4778 5710]",0.1567697739224089
"[6317 3333 5155  561 1038 6027  594 1570   32 3223 1829 1278 6362 7247
 3892 3326 6305 4461 5949 6294 1559  745 3127  428 6072 5481 7123 5704
 2263 2772 5380 5626 5855 4493 5161 6938 5293 1508 5661  535]",0.13794505365278428
"[4623  553  306  916 4060 1582 3855 2011 3553 2852 3144 1413 1454  858
 2476 4856 1867 5937 4389 2116 4968 2408 2563  451 1588 7388 4760 4553
 3625 2417  471 7038 3207 2420 4239 1104  629 5224 5285 4930]",0.1757000512833132
"[3503 5299 1424 3175 7565 6766  580 6441 5292 2980 3199 6751 2173 1961
 3773 6303 5051 3578 1076 6172 1786 6452 5615 3711 6733 3090  691 1040
 2027 7385 6892 1940 5239 3146 3587 3313 5803 4911 4234 2869]",0.20945960735809777
"[4983 6560 1074 1302 6259 6539 5369 1683 5843 3142 4674 3212  399  615
 5035 2543  972 6126 6944 6694 6770  796 3361 7320 2038 1587 4480 2573
 6774 1492 7311 5932 4654 4806 3745 7137 3108 3754 1028 2288]",0.1889820067536082
"[3115 7007  412 3426 2044 1390 7299 4947 2775 1959 1223 5578 2345 7552
 3291  337 2709 1501  154 4242 5080 2341 3041   29 3973 6561 4973 3966
 1753 6293 6771  604 1252 1072 5993 6179 1584 1171 4061 5941]",0.1941084753961954
"[3997 3203 2734 1518 3783 3069  440 2563 2861 7429 2454 7139   34 4124
 3450 6244 1283 2901 1750 2306 2713  666  603 2821 1639  226 1453 2218
 4458 2231 7502 1326 1301 5066  269 2675 4483 3920 6386 1695]",0.20802154607540846
"[1841 2088 1067 1226 7405   44 5431 3943 1371 7470  203 2422 3235 6115
 2943 2762 1649 4117 3280 1450 4942 4004  454 5103 7583 5424 5265 2451
 2611 1272 4306 2343 7061 6806 5943 7577 7377 1250  630 5503]",0.18341512875574154
"[5656  123  131  322 2667  662 4130 3572 3046 2344 6598 5495 4740 6548
 7362 4827 5034 2425  548 6785 1253  129 7270 5951 2329  687  171 6258
 2729  598 7292 6436 5413 2651 7556 4107 2682 3190  437 2275]",0.1913902237734723
"[2160 1281 7571 2141 6699 4451 7293 6537 5814 6999   67 3251 3614 1703
 2375 3943 4173 5046 4550 4992 2347 1912 5613 6475 3275 6377 6713  539
 7560 6778 2541  157 1192  496 7573  860 4062 4313 1491 4290]",0.15101976108907897
