iter,fitness,moved_station,old_cell,new_cell,layout
1,0.341462707856018,3,3284,2671,"[2759 3017 4781 2671 1255 7184 1976 2720  812 6329 6688 1306  962 3590
 1051 6907 1376 1299 2591 3575 3079 2642 2656 2214 1878 3166 4076 2234
 3991  592 3741  340 1461 2112 3583 1749 2027 1616  690 2223]"
2,0.34096804113971224,30,3741,4504,"[2759 3017 4781 2671 1255 7184 1976 2720  812 6329 6688 1306  962 3590
 1051 6907 1376 1299 2591 3575 3079 2642 2656 2214 1878 3166 4076 2234
 3991  592 4504  340 1461 2112 3583 1749 2027 1616  690 2223]"
3,0.3408447797119245,3,2671,887,"[2759 3017 4781  887 1255 7184 1976 2720  812 6329 6688 1306  962 3590
 1051 6907 1376 1299 2591 3575 3079 2642 2656 2214 1878 3166 4076 2234
 3991  592 4504  340 1461 2112 3583 1749 2027 1616  690 2223]"
4,0.34067581205236097,27,2234,7260,"[2759 3017 4781  887 1255 7184 1976 2720  812 6329 6688 1306  962 3590
 1051 6907 1376 1299 2591 3575 3079 2642 2656 2214 1878 3166 4076 7260
 3991  592 4504  340 1461 2112 3583 1749 2027 1616  690 2223]"
5,0.3400799269305329,29,592,3811,"[2759 3017 4781  887 1255 7184 1976 2720  812 6329 6688 1306  962 3590
 1051 6907 1376 1299 2591 3575 3079 2642 2656 2214 1878 3166 4076 7260
 3991 3811 4504  340 1461 2112 3583 1749 2027 1616  690 2223]"
6,0.33840707588955565,30,4504,914,"[2759 3017 4781  887 1255 7184 1976 2720  812 6329 6688 1306  962 3590
 1051 6907 1376 1299 2591 3575 3079 2642 2656 2214 1878 3166 4076 7260
 3991 3811  914  340 1461 2112 3583 1749 2027 1616  690 2223]"
7,0.33769071112165083,33,2112,2182,"[2759 3017 4781  887 1255 7184 1976 2720  812 6329 6688 1306  962 3590
 1051 6907 1376 1299 2591 3575 3079 2642 2656 2214 1878 3166 4076 7260
 3991 3811  914  340 1461 2182 3583 1749 2027 1616  690 2223]"
8,0.3315540838020078,18,2591,5904,"[2759 3017 4781  887 1255 7184 1976 2720  812 6329 6688 1306  962 3590
 1051 6907 1376 1299 5904 3575 3079 2642 2656 2214 1878 3166 4076 7260
 3991 3811  914  340 1461 2182 3583 1749 2027 1616  690 2223]"
9,0.3324872499896426,31,340,3941,"[2759 3017 4781  887 1255 7184 1976 2720  812 6329 6688 1306  962 3590
 1051 6907 1376 1299 5904 3575 3079 2642 2656 2214 1878 3166 4076 7260
 3991 3811  914 3941 1461 2182 3583 1749 2027 1616  690 2223]"
10,0.32842774707281447,25,3166,2462,"[2759 3017 4781  887 1255 7184 1976 2720  812 6329 6688 1306  962 3590
 1051 6907 1376 1299 5904 3575 3079 2642 2656 2214 1878 2462 4076 7260
 3991 3811  914 3941 1461 2182 3583 1749 2027 1616  690 2223]"
11,0.3303558694391717,18,5904,2995,"[2759 3017 4781  887 1255 7184 1976 2720  812 6329 6688 1306  962 3590
 1051 6907 1376 1299 2995 3575 3079 2642 2656 2214 1878 2462 4076 7260
 3991 3811  914 3941 1461 2182 3583 1749 2027 1616  690 2223]"
12,0.3277936611525944,9,6329,544,"[2759 3017 4781  887 1255 7184 1976 2720  812  544 6688 1306  962 3590
 1051 6907 1376 1299 2995 3575 3079 2642 2656 2214 1878 2462 4076 7260
 3991 3811  914 3941 1461 2182 3583 1749 2027 1616  690 2223]"
13,0.3267125163889343,34,3583,3310,"[2759 3017 4781  887 1255 7184 1976 2720  812  544 6688 1306  962 3590
 1051 6907 1376 1299 2995 3575 3079 2642 2656 2214 1878 2462 4076 7260
 3991 3811  914 3941 1461 2182 3310 1749 2027 1616  690 2223]"
14,0.3251798103274106,33,2182,3650,"[2759 3017 4781  887 1255 7184 1976 2720  812  544 6688 1306  962 3590
 1051 6907 1376 1299 2995 3575 3079 2642 2656 2214 1878 2462 4076 7260
 3991 3811  914 3941 1461 3650 3310 1749 2027 1616  690 2223]"
15,0.32219797264561056,28,3991,6626,"[2759 3017 4781  887 1255 7184 1976 2720  812  544 6688 1306  962 3590
 1051 6907 1376 1299 2995 3575 3079 2642 2656 2214 1878 2462 4076 7260
 6626 3811  914 3941 1461 3650 3310 1749 2027 1616  690 2223]"
16,0.32062308587636906,14,1051,4503,"[2759 3017 4781  887 1255 7184 1976 2720  812  544 6688 1306  962 3590
 4503 6907 1376 1299 2995 3575 3079 2642 2656 2214 1878 2462 4076 7260
 6626 3811  914 3941 1461 3650 3310 1749 2027 1616  690 2223]"
17,0.3193409156430103,27,7260,1239,"[2759 3017 4781  887 1255 7184 1976 2720  812  544 6688 1306  962 3590
 4503 6907 1376 1299 2995 3575 3079 2642 2656 2214 1878 2462 4076 1239
 6626 3811  914 3941 1461 3650 3310 1749 2027 1616  690 2223]"
18,0.31719162587321176,31,3941,2432,"[2759 3017 4781  887 1255 7184 1976 2720  812  544 6688 1306  962 3590
 4503 6907 1376 1299 2995 3575 3079 2642 2656 2214 1878 2462 4076 1239
 6626 3811  914 2432 1461 3650 3310 1749 2027 1616  690 2223]"
19,0.3166349875580884,19,3575,1120,"[2759 3017 4781  887 1255 7184 1976 2720  812  544 6688 1306  962 3590
 4503 6907 1376 1299 2995 1120 3079 2642 2656 2214 1878 2462 4076 1239
 6626 3811  914 2432 1461 3650 3310 1749 2027 1616  690 2223]"
20,0.3063733396698538,1,3017,3374,"[2759 3374 4781  887 1255 7184 1976 2720  812  544 6688 1306  962 3590
 4503 6907 1376 1299 2995 1120 3079 2642 2656 2214 1878 2462 4076 1239
 6626 3811  914 2432 1461 3650 3310 1749 2027 1616  690 2223]"
21,0.3042876529897333,36,2027,7180,"[2759 3374 4781  887 1255 7184 1976 2720  812  544 6688 1306  962 3590
 4503 6907 1376 1299 2995 1120 3079 2642 2656 2214 1878 2462 4076 1239
 6626 3811  914 2432 1461 3650 3310 1749 7180 1616  690 2223]"
22,0.3035982704427146,29,3811,2175,"[2759 3374 4781  887 1255 7184 1976 2720  812  544 6688 1306  962 3590
 4503 6907 1376 1299 2995 1120 3079 2642 2656 2214 1878 2462 4076 1239
 6626 2175  914 2432 1461 3650 3310 1749 7180 1616  690 2223]"
23,0.31706520786937004,36,7180,2732,"[2759 3374 4781  887 1255 7184 1976 2720  812  544 6688 1306  962 3590
 4503 6907 1376 1299 2995 1120 3079 2642 2656 2214 1878 2462 4076 1239
 6626 2175  914 2432 1461 3650 3310 1749 2732 1616  690 2223]"
24,0.31707690161437957,14,4503,1742,"[2759 3374 4781  887 1255 7184 1976 2720  812  544 6688 1306  962 3590
 1742 6907 1376 1299 2995 1120 3079 2642 2656 2214 1878 2462 4076 1239
 6626 2175  914 2432 1461 3650 3310 1749 2732 1616  690 2223]"
25,0.31506081125321705,18,2995,2951,"[2759 3374 4781  887 1255 7184 1976 2720  812  544 6688 1306  962 3590
 1742 6907 1376 1299 2951 1120 3079 2642 2656 2214 1878 2462 4076 1239
 6626 2175  914 2432 1461 3650 3310 1749 2732 1616  690 2223]"
26,0.3162396316971654,5,7184,1971,"[2759 3374 4781  887 1255 1971 1976 2720  812  544 6688 1306  962 3590
 1742 6907 1376 1299 2951 1120 3079 2642 2656 2214 1878 2462 4076 1239
 6626 2175  914 2432 1461 3650 3310 1749 2732 1616  690 2223]"
27,0.3103863352636604,22,2656,2826,"[2759 3374 4781  887 1255 1971 1976 2720  812  544 6688 1306  962 3590
 1742 6907 1376 1299 2951 1120 3079 2642 2826 2214 1878 2462 4076 1239
 6626 2175  914 2432 1461 3650 3310 1749 2732 1616  690 2223]"
28,0.3102351437901674,26,4076,4431,"[2759 3374 4781  887 1255 1971 1976 2720  812  544 6688 1306  962 3590
 1742 6907 1376 1299 2951 1120 3079 2642 2826 2214 1878 2462 4431 1239
 6626 2175  914 2432 1461 3650 3310 1749 2732 1616  690 2223]"
29,0.3137803719357026,25,2462,2303,"[2759 3374 4781  887 1255 1971 1976 2720  812  544 6688 1306  962 3590
 1742 6907 1376 1299 2951 1120 3079 2642 2826 2214 1878 2303 4431 1239
 6626 2175  914 2432 1461 3650 3310 1749 2732 1616  690 2223]"
30,0.3139107679561008,28,6626,4368,"[2759 3374 4781  887 1255 1971 1976 2720  812  544 6688 1306  962 3590
 1742 6907 1376 1299 2951 1120 3079 2642 2826 2214 1878 2303 4431 1239
 4368 2175  914 2432 1461 3650 3310 1749 2732 1616  690 2223]"
31,0.3197894296188022,17,1299,2655,"[2759 3374 4781  887 1255 1971 1976 2720  812  544 6688 1306  962 3590
 1742 6907 1376 2655 2951 1120 3079 2642 2826 2214 1878 2303 4431 1239
 4368 2175  914 2432 1461 3650 3310 1749 2732 1616  690 2223]"
32,0.31529051975081424,32,1461,2068,"[2759 3374 4781  887 1255 1971 1976 2720  812  544 6688 1306  962 3590
 1742 6907 1376 2655 2951 1120 3079 2642 2826 2214 1878 2303 4431 1239
 4368 2175  914 2432 2068 3650 3310 1749 2732 1616  690 2223]"
33,0.3183985475402846,9,544,1108,"[2759 3374 4781  887 1255 1971 1976 2720  812 1108 6688 1306  962 3590
 1742 6907 1376 2655 2951 1120 3079 2642 2826 2214 1878 2303 4431 1239
 4368 2175  914 2432 2068 3650 3310 1749 2732 1616  690 2223]"
34,0.3197622447884595,27,1239,1464,"[2759 3374 4781  887 1255 1971 1976 2720  812 1108 6688 1306  962 3590
 1742 6907 1376 2655 2951 1120 3079 2642 2826 2214 1878 2303 4431 1464
 4368 2175  914 2432 2068 3650 3310 1749 2732 1616  690 2223]"
35,0.32111233702046377,32,2068,4081,"[2759 3374 4781  887 1255 1971 1976 2720  812 1108 6688 1306  962 3590
 1742 6907 1376 2655 2951 1120 3079 2642 2826 2214 1878 2303 4431 1464
 4368 2175  914 2432 4081 3650 3310 1749 2732 1616  690 2223]"
36,0.3257771729989859,0,2759,3641,"[3641 3374 4781  887 1255 1971 1976 2720  812 1108 6688 1306  962 3590
 1742 6907 1376 2655 2951 1120 3079 2642 2826 2214 1878 2303 4431 1464
 4368 2175  914 2432 4081 3650 3310 1749 2732 1616  690 2223]"
37,0.32837483666678674,18,2951,4072,"[3641 3374 4781  887 1255 1971 1976 2720  812 1108 6688 1306  962 3590
 1742 6907 1376 2655 4072 1120 3079 2642 2826 2214 1878 2303 4431 1464
 4368 2175  914 2432 4081 3650 3310 1749 2732 1616  690 2223]"
38,0.33002140944168623,28,4368,2880,"[3641 3374 4781  887 1255 1971 1976 2720  812 1108 6688 1306  962 3590
 1742 6907 1376 2655 4072 1120 3079 2642 2826 2214 1878 2303 4431 1464
 2880 2175  914 2432 4081 3650 3310 1749 2732 1616  690 2223]"
39,0.3254662214450509,20,3079,1172,"[3641 3374 4781  887 1255 1971 1976 2720  812 1108 6688 1306  962 3590
 1742 6907 1376 2655 4072 1120 1172 2642 2826 2214 1878 2303 4431 1464
 2880 2175  914 2432 4081 3650 3310 1749 2732 1616  690 2223]"
40,0.32742208994512173,22,2826,878,"[3641 3374 4781  887 1255 1971 1976 2720  812 1108 6688 1306  962 3590
 1742 6907 1376 2655 4072 1120 1172 2642  878 2214 1878 2303 4431 1464
 2880 2175  914 2432 4081 3650 3310 1749 2732 1616  690 2223]"
41,0.331005650017793,17,2655,3007,"[3641 3374 4781  887 1255 1971 1976 2720  812 1108 6688 1306  962 3590
 1742 6907 1376 3007 4072 1120 1172 2642  878 2214 1878 2303 4431 1464
 2880 2175  914 2432 4081 3650 3310 1749 2732 1616  690 2223]"
42,0.3329415498245298,26,4431,3228,"[3641 3374 4781  887 1255 1971 1976 2720  812 1108 6688 1306  962 3590
 1742 6907 1376 3007 4072 1120 1172 2642  878 2214 1878 2303 3228 1464
 2880 2175  914 2432 4081 3650 3310 1749 2732 1616  690 2223]"
43,0.33291101603006357,3,887,3533,"[3641 3374 4781 3533 1255 1971 1976 2720  812 1108 6688 1306  962 3590
 1742 6907 1376 3007 4072 1120 1172 2642  878 2214 1878 2303 3228 1464
 2880 2175  914 2432 4081 3650 3310 1749 2732 1616  690 2223]"
44,0.3358129964850513,30,914,3145,"[3641 3374 4781 3533 1255 1971 1976 2720  812 1108 6688 1306  962 3590
 1742 6907 1376 3007 4072 1120 1172 2642  878 2214 1878 2303 3228 1464
 2880 2175 3145 2432 4081 3650 3310 1749 2732 1616  690 2223]"
45,0.33677966591056147,3,3533,2171,"[3641 3374 4781 2171 1255 1971 1976 2720  812 1108 6688 1306  962 3590
 1742 6907 1376 3007 4072 1120 1172 2642  878 2214 1878 2303 3228 1464
 2880 2175 3145 2432 4081 3650 3310 1749 2732 1616  690 2223]"
46,0.334052006513844,22,878,410,"[3641 3374 4781 2171 1255 1971 1976 2720  812 1108 6688 1306  962 3590
 1742 6907 1376 3007 4072 1120 1172 2642  410 2214 1878 2303 3228 1464
 2880 2175 3145 2432 4081 3650 3310 1749 2732 1616  690 2223]"
47,0.3316883062860389,13,3590,1692,"[3641 3374 4781 2171 1255 1971 1976 2720  812 1108 6688 1306  962 1692
 1742 6907 1376 3007 4072 1120 1172 2642  410 2214 1878 2303 3228 1464
 2880 2175 3145 2432 4081 3650 3310 1749 2732 1616  690 2223]"
48,0.3252595969953772,17,3007,2762,"[3641 3374 4781 2171 1255 1971 1976 2720  812 1108 6688 1306  962 1692
 1742 6907 1376 2762 4072 1120 1172 2642  410 2214 1878 2303 3228 1464
 2880 2175 3145 2432 4081 3650 3310 1749 2732 1616  690 2223]"
49,0.3225039325504864,39,2223,1997,"[3641 3374 4781 2171 1255 1971 1976 2720  812 1108 6688 1306  962 1692
 1742 6907 1376 2762 4072 1120 1172 2642  410 2214 1878 2303 3228 1464
 2880 2175 3145 2432 4081 3650 3310 1749 2732 1616  690 1997]"
50,0.318839890133645,34,3310,607,"[3641 3374 4781 2171 1255 1971 1976 2720  812 1108 6688 1306  962 1692
 1742 6907 1376 2762 4072 1120 1172 2642  410 2214 1878 2303 3228 1464
 2880 2175 3145 2432 4081 3650  607 1749 2732 1616  690 1997]"
51,0.3216806646420072,34,607,2261,"[3641 3374 4781 2171 1255 1971 1976 2720  812 1108 6688 1306  962 1692
 1742 6907 1376 2762 4072 1120 1172 2642  410 2214 1878 2303 3228 1464
 2880 2175 3145 2432 4081 3650 2261 1749 2732 1616  690 1997]"
52,0.3244163183764259,11,1306,3646,"[3641 3374 4781 2171 1255 1971 1976 2720  812 1108 6688 3646  962 1692
 1742 6907 1376 2762 4072 1120 1172 2642  410 2214 1878 2303 3228 1464
 2880 2175 3145 2432 4081 3650 2261 1749 2732 1616  690 1997]"
53,0.32100940496114005,5,1971,4204,"[3641 3374 4781 2171 1255 4204 1976 2720  812 1108 6688 3646  962 1692
 1742 6907 1376 2762 4072 1120 1172 2642  410 2214 1878 2303 3228 1464
 2880 2175 3145 2432 4081 3650 2261 1749 2732 1616  690 1997]"
54,0.3205651649817023,22,410,3464,"[3641 3374 4781 2171 1255 4204 1976 2720  812 1108 6688 3646  962 1692
 1742 6907 1376 2762 4072 1120 1172 2642 3464 2214 1878 2303 3228 1464
 2880 2175 3145 2432 4081 3650 2261 1749 2732 1616  690 1997]"
55,0.31858799804549603,16,1376,4408,"[3641 3374 4781 2171 1255 4204 1976 2720  812 1108 6688 3646  962 1692
 1742 6907 4408 2762 4072 1120 1172 2642 3464 2214 1878 2303 3228 1464
 2880 2175 3145 2432 4081 3650 2261 1749 2732 1616  690 1997]"
56,0.3217261574202078,16,4408,1235,"[3641 3374 4781 2171 1255 4204 1976 2720  812 1108 6688 3646  962 1692
 1742 6907 1235 2762 4072 1120 1172 2642 3464 2214 1878 2303 3228 1464
 2880 2175 3145 2432 4081 3650 2261 1749 2732 1616  690 1997]"
57,0.3215887637139331,13,1692,745,"[3641 3374 4781 2171 1255 4204 1976 2720  812 1108 6688 3646  962  745
 1742 6907 1235 2762 4072 1120 1172 2642 3464 2214 1878 2303 3228 1464
 2880 2175 3145 2432 4081 3650 2261 1749 2732 1616  690 1997]"
58,0.31903678794351054,0,3641,3744,"[3744 3374 4781 2171 1255 4204 1976 2720  812 1108 6688 3646  962  745
 1742 6907 1235 2762 4072 1120 1172 2642 3464 2214 1878 2303 3228 1464
 2880 2175 3145 2432 4081 3650 2261 1749 2732 1616  690 1997]"
59,0.3202220345877397,27,1464,1392,"[3744 3374 4781 2171 1255 4204 1976 2720  812 1108 6688 3646  962  745
 1742 6907 1235 2762 4072 1120 1172 2642 3464 2214 1878 2303 3228 1392
 2880 2175 3145 2432 4081 3650 2261 1749 2732 1616  690 1997]"
60,0.32786638436458126,18,4072,3010,"[3744 3374 4781 2171 1255 4204 1976 2720  812 1108 6688 3646  962  745
 1742 6907 1235 2762 3010 1120 1172 2642 3464 2214 1878 2303 3228 1392
 2880 2175 3145 2432 4081 3650 2261 1749 2732 1616  690 1997]"
61,0.32434280983631425,37,1616,3777,"[3744 3374 4781 2171 1255 4204 1976 2720  812 1108 6688 3646  962  745
 1742 6907 1235 2762 3010 1120 1172 2642 3464 2214 1878 2303 3228 1392
 2880 2175 3145 2432 4081 3650 2261 1749 2732 3777  690 1997]"
62,0.3208545817410738,6,1976,2449,"[3744 3374 4781 2171 1255 4204 2449 2720  812 1108 6688 3646  962  745
 1742 6907 1235 2762 3010 1120 1172 2642 3464 2214 1878 2303 3228 1392
 2880 2175 3145 2432 4081 3650 2261 1749 2732 3777  690 1997]"
63,0.32895919803513246,6,2449,1967,"[3744 3374 4781 2171 1255 4204 1967 2720  812 1108 6688 3646  962  745
 1742 6907 1235 2762 3010 1120 1172 2642 3464 2214 1878 2303 3228 1392
 2880 2175 3145 2432 4081 3650 2261 1749 2732 3777  690 1997]"
64,0.31798467280182424,15,6907,3656,"[3744 3374 4781 2171 1255 4204 1967 2720  812 1108 6688 3646  962  745
 1742 3656 1235 2762 3010 1120 1172 2642 3464 2214 1878 2303 3228 1392
 2880 2175 3145 2432 4081 3650 2261 1749 2732 3777  690 1997]"
65,0.31408964607579726,24,1878,753,"[3744 3374 4781 2171 1255 4204 1967 2720  812 1108 6688 3646  962  745
 1742 3656 1235 2762 3010 1120 1172 2642 3464 2214  753 2303 3228 1392
 2880 2175 3145 2432 4081 3650 2261 1749 2732 3777  690 1997]"
66,0.3135874796903004,14,1742,947,"[3744 3374 4781 2171 1255 4204 1967 2720  812 1108 6688 3646  962  745
  947 3656 1235 2762 3010 1120 1172 2642 3464 2214  753 2303 3228 1392
 2880 2175 3145 2432 4081 3650 2261 1749 2732 3777  690 1997]"
67,0.31955215743741866,13,745,6976,"[3744 3374 4781 2171 1255 4204 1967 2720  812 1108 6688 3646  962 6976
  947 3656 1235 2762 3010 1120 1172 2642 3464 2214  753 2303 3228 1392
 2880 2175 3145 2432 4081 3650 2261 1749 2732 3777  690 1997]"
68,0.3130897781843027,38,690,3663,"[3744 3374 4781 2171 1255 4204 1967 2720  812 1108 6688 3646  962 6976
  947 3656 1235 2762 3010 1120 1172 2642 3464 2214  753 2303 3228 1392
 2880 2175 3145 2432 4081 3650 2261 1749 2732 3777 3663 1997]"
69,0.3090478682800405,18,3010,7252,"[3744 3374 4781 2171 1255 4204 1967 2720  812 1108 6688 3646  962 6976
  947 3656 1235 2762 7252 1120 1172 2642 3464 2214  753 2303 3228 1392
 2880 2175 3145 2432 4081 3650 2261 1749 2732 3777 3663 1997]"
70,0.2954133921077309,10,6688,4215,"[3744 3374 4781 2171 1255 4204 1967 2720  812 1108 4215 3646  962 6976
  947 3656 1235 2762 7252 1120 1172 2642 3464 2214  753 2303 3228 1392
 2880 2175 3145 2432 4081 3650 2261 1749 2732 3777 3663 1997]"
71,0.29429785777164486,10,4215,2566,"[3744 3374 4781 2171 1255 4204 1967 2720  812 1108 2566 3646  962 6976
  947 3656 1235 2762 7252 1120 1172 2642 3464 2214  753 2303 3228 1392
 2880 2175 3145 2432 4081 3650 2261 1749 2732 3777 3663 1997]"
72,0.2931683997293171,28,2880,1803,"[3744 3374 4781 2171 1255 4204 1967 2720  812 1108 2566 3646  962 6976
  947 3656 1235 2762 7252 1120 1172 2642 3464 2214  753 2303 3228 1392
 1803 2175 3145 2432 4081 3650 2261 1749 2732 3777 3663 1997]"
73,0.30681150219687503,3,2171,6617,"[3744 3374 4781 6617 1255 4204 1967 2720  812 1108 2566 3646  962 6976
  947 3656 1235 2762 7252 1120 1172 2642 3464 2214  753 2303 3228 1392
 1803 2175 3145 2432 4081 3650 2261 1749 2732 3777 3663 1997]"
74,0.29687984390289873,3,6617,2657,"[3744 3374 4781 2657 1255 4204 1967 2720  812 1108 2566 3646  962 6976
  947 3656 1235 2762 7252 1120 1172 2642 3464 2214  753 2303 3228 1392
 1803 2175 3145 2432 4081 3650 2261 1749 2732 3777 3663 1997]"
75,0.29900080190878536,28,1803,1887,"[3744 3374 4781 2657 1255 4204 1967 2720  812 1108 2566 3646  962 6976
  947 3656 1235 2762 7252 1120 1172 2642 3464 2214  753 2303 3228 1392
 1887 2175 3145 2432 4081 3650 2261 1749 2732 3777 3663 1997]"
76,0.29701514302540444,8,812,3066,"[3744 3374 4781 2657 1255 4204 1967 2720 3066 1108 2566 3646  962 6976
  947 3656 1235 2762 7252 1120 1172 2642 3464 2214  753 2303 3228 1392
 1887 2175 3145 2432 4081 3650 2261 1749 2732 3777 3663 1997]"
77,0.2954355473008398,21,2642,6127,"[3744 3374 4781 2657 1255 4204 1967 2720 3066 1108 2566 3646  962 6976
  947 3656 1235 2762 7252 1120 1172 6127 3464 2214  753 2303 3228 1392
 1887 2175 3145 2432 4081 3650 2261 1749 2732 3777 3663 1997]"
78,0.2939481905451953,7,2720,4022,"[3744 3374 4781 2657 1255 4204 1967 4022 3066 1108 2566 3646  962 6976
  947 3656 1235 2762 7252 1120 1172 6127 3464 2214  753 2303 3228 1392
 1887 2175 3145 2432 4081 3650 2261 1749 2732 3777 3663 1997]"
79,0.2874159536315546,19,1120,2170,"[3744 3374 4781 2657 1255 4204 1967 4022 3066 1108 2566 3646  962 6976
  947 3656 1235 2762 7252 2170 1172 6127 3464 2214  753 2303 3228 1392
 1887 2175 3145 2432 4081 3650 2261 1749 2732 3777 3663 1997]"
80,0.295149011611044,28,1887,3078,"[3744 3374 4781 2657 1255 4204 1967 4022 3066 1108 2566 3646  962 6976
  947 3656 1235 2762 7252 2170 1172 6127 3464 2214  753 2303 3228 1392
 3078 2175 3145 2432 4081 3650 2261 1749 2732 3777 3663 1997]"
81,0.29851729692760914,5,4204,3238,"[3744 3374 4781 2657 1255 3238 1967 4022 3066 1108 2566 3646  962 6976
  947 3656 1235 2762 7252 2170 1172 6127 3464 2214  753 2303 3228 1392
 3078 2175 3145 2432 4081 3650 2261 1749 2732 3777 3663 1997]"
82,0.3001558857760143,23,2214,628,"[3744 3374 4781 2657 1255 3238 1967 4022 3066 1108 2566 3646  962 6976
  947 3656 1235 2762 7252 2170 1172 6127 3464  628  753 2303 3228 1392
 3078 2175 3145 2432 4081 3650 2261 1749 2732 3777 3663 1997]"
83,0.3004400905131348,30,3145,521,"[3744 3374 4781 2657 1255 3238 1967 4022 3066 1108 2566 3646  962 6976
  947 3656 1235 2762 7252 2170 1172 6127 3464  628  753 2303 3228 1392
 3078 2175  521 2432 4081 3650 2261 1749 2732 3777 3663 1997]"
84,0.2970354375002042,16,1235,2370,"[3744 3374 4781 2657 1255 3238 1967 4022 3066 1108 2566 3646  962 6976
  947 3656 2370 2762 7252 2170 1172 6127 3464  628  753 2303 3228 1392
 3078 2175  521 2432 4081 3650 2261 1749 2732 3777 3663 1997]"
85,0.30014583593788646,7,4022,910,"[3744 3374 4781 2657 1255 3238 1967  910 3066 1108 2566 3646  962 6976
  947 3656 2370 2762 7252 2170 1172 6127 3464  628  753 2303 3228 1392
 3078 2175  521 2432 4081 3650 2261 1749 2732 3777 3663 1997]"
86,0.2897730738936409,13,6976,813,"[3744 3374 4781 2657 1255 3238 1967  910 3066 1108 2566 3646  962  813
  947 3656 2370 2762 7252 2170 1172 6127 3464  628  753 2303 3228 1392
 3078 2175  521 2432 4081 3650 2261 1749 2732 3777 3663 1997]"
87,0.29377721604572576,7,910,1261,"[3744 3374 4781 2657 1255 3238 1967 1261 3066 1108 2566 3646  962  813
  947 3656 2370 2762 7252 2170 1172 6127 3464  628  753 2303 3228 1392
 3078 2175  521 2432 4081 3650 2261 1749 2732 3777 3663 1997]"
88,0.3142300424142871,23,628,6905,"[3744 3374 4781 2657 1255 3238 1967 1261 3066 1108 2566 3646  962  813
  947 3656 2370 2762 7252 2170 1172 6127 3464 6905  753 2303 3228 1392
 3078 2175  521 2432 4081 3650 2261 1749 2732 3777 3663 1997]"
89,0.3156547975154334,39,1997,1949,"[3744 3374 4781 2657 1255 3238 1967 1261 3066 1108 2566 3646  962  813
  947 3656 2370 2762 7252 2170 1172 6127 3464 6905  753 2303 3228 1392
 3078 2175  521 2432 4081 3650 2261 1749 2732 3777 3663 1949]"
90,0.2969133916262267,23,6905,3354,"[3744 3374 4781 2657 1255 3238 1967 1261 3066 1108 2566 3646  962  813
  947 3656 2370 2762 7252 2170 1172 6127 3464 3354  753 2303 3228 1392
 3078 2175  521 2432 4081 3650 2261 1749 2732 3777 3663 1949]"
91,0.29986340248478,11,3646,7120,"[3744 3374 4781 2657 1255 3238 1967 1261 3066 1108 2566 7120  962  813
  947 3656 2370 2762 7252 2170 1172 6127 3464 3354  753 2303 3228 1392
 3078 2175  521 2432 4081 3650 2261 1749 2732 3777 3663 1949]"
92,0.3006155955066738,0,3744,2713,"[2713 3374 4781 2657 1255 3238 1967 1261 3066 1108 2566 7120  962  813
  947 3656 2370 2762 7252 2170 1172 6127 3464 3354  753 2303 3228 1392
 3078 2175  521 2432 4081 3650 2261 1749 2732 3777 3663 1949]"
93,0.29735939517963855,18,7252,738,"[2713 3374 4781 2657 1255 3238 1967 1261 3066 1108 2566 7120  962  813
  947 3656 2370 2762  738 2170 1172 6127 3464 3354  753 2303 3228 1392
 3078 2175  521 2432 4081 3650 2261 1749 2732 3777 3663 1949]"
94,0.2982243893371115,31,2432,2718,"[2713 3374 4781 2657 1255 3238 1967 1261 3066 1108 2566 7120  962  813
  947 3656 2370 2762  738 2170 1172 6127 3464 3354  753 2303 3228 1392
 3078 2175  521 2718 4081 3650 2261 1749 2732 3777 3663 1949]"
95,0.3122377826549297,26,3228,6901,"[2713 3374 4781 2657 1255 3238 1967 1261 3066 1108 2566 7120  962  813
  947 3656 2370 2762  738 2170 1172 6127 3464 3354  753 2303 6901 1392
 3078 2175  521 2718 4081 3650 2261 1749 2732 3777 3663 1949]"
96,0.3148427968088969,19,2170,3016,"[2713 3374 4781 2657 1255 3238 1967 1261 3066 1108 2566 7120  962  813
  947 3656 2370 2762  738 3016 1172 6127 3464 3354  753 2303 6901 1392
 3078 2175  521 2718 4081 3650 2261 1749 2732 3777 3663 1949]"
97,0.31710483062524586,21,6127,1744,"[2713 3374 4781 2657 1255 3238 1967 1261 3066 1108 2566 7120  962  813
  947 3656 2370 2762  738 3016 1172 1744 3464 3354  753 2303 6901 1392
 3078 2175  521 2718 4081 3650 2261 1749 2732 3777 3663 1949]"
98,0.31787578247043957,18,738,1996,"[2713 3374 4781 2657 1255 3238 1967 1261 3066 1108 2566 7120  962  813
  947 3656 2370 2762 1996 3016 1172 1744 3464 3354  753 2303 6901 1392
 3078 2175  521 2718 4081 3650 2261 1749 2732 3777 3663 1949]"
99,0.31808636099765875,21,1744,2253,"[2713 3374 4781 2657 1255 3238 1967 1261 3066 1108 2566 7120  962  813
  947 3656 2370 2762 1996 3016 1172 2253 3464 3354  753 2303 6901 1392
 3078 2175  521 2718 4081 3650 2261 1749 2732 3777 3663 1949]"
100,0.3189358261467632,20,1172,407,"[2713 3374 4781 2657 1255 3238 1967 1261 3066 1108 2566 7120  962  813
  947 3656 2370 2762 1996 3016  407 2253 3464 3354  753 2303 6901 1392
 3078 2175  521 2718 4081 3650 2261 1749 2732 3777 3663 1949]"
101,0.31999548895877117,14,947,6473,"[2713 3374 4781 2657 1255 3238 1967 1261 3066 1108 2566 7120  962  813
 6473 3656 2370 2762 1996 3016  407 2253 3464 3354  753 2303 6901 1392
 3078 2175  521 2718 4081 3650 2261 1749 2732 3777 3663 1949]"
102,0.31200471821108083,33,3650,1021,"[2713 3374 4781 2657 1255 3238 1967 1261 3066 1108 2566 7120  962  813
 6473 3656 2370 2762 1996 3016  407 2253 3464 3354  753 2303 6901 1392
 3078 2175  521 2718 4081 1021 2261 1749 2732 3777 3663 1949]"
103,0.3128135154677795,12,962,904,"[2713 3374 4781 2657 1255 3238 1967 1261 3066 1108 2566 7120  904  813
 6473 3656 2370 2762 1996 3016  407 2253 3464 3354  753 2303 6901 1392
 3078 2175  521 2718 4081 1021 2261 1749 2732 3777 3663 1949]"
104,0.32319815218853154,22,3464,3650,"[2713 3374 4781 2657 1255 3238 1967 1261 3066 1108 2566 7120  904  813
 6473 3656 2370 2762 1996 3016  407 2253 3650 3354  753 2303 6901 1392
 3078 2175  521 2718 4081 1021 2261 1749 2732 3777 3663 1949]"
105,0.3213593914454978,4,1255,3464,"[2713 3374 4781 2657 3464 3238 1967 1261 3066 1108 2566 7120  904  813
 6473 3656 2370 2762 1996 3016  407 2253 3650 3354  753 2303 6901 1392
 3078 2175  521 2718 4081 1021 2261 1749 2732 3777 3663 1949]"
106,0.3152703189851368,11,7120,4014,"[2713 3374 4781 2657 3464 3238 1967 1261 3066 1108 2566 4014  904  813
 6473 3656 2370 2762 1996 3016  407 2253 3650 3354  753 2303 6901 1392
 3078 2175  521 2718 4081 1021 2261 1749 2732 3777 3663 1949]"
107,0.31557017583377317,37,3777,1054,"[2713 3374 4781 2657 3464 3238 1967 1261 3066 1108 2566 4014  904  813
 6473 3656 2370 2762 1996 3016  407 2253 3650 3354  753 2303 6901 1392
 3078 2175  521 2718 4081 1021 2261 1749 2732 1054 3663 1949]"
108,0.3165514303636122,30,521,6909,"[2713 3374 4781 2657 3464 3238 1967 1261 3066 1108 2566 4014  904  813
 6473 3656 2370 2762 1996 3016  407 2253 3650 3354  753 2303 6901 1392
 3078 2175 6909 2718 4081 1021 2261 1749 2732 1054 3663 1949]"
109,0.31746702696797263,39,1949,522,"[2713 3374 4781 2657 3464 3238 1967 1261 3066 1108 2566 4014  904  813
 6473 3656 2370 2762 1996 3016  407 2253 3650 3354  753 2303 6901 1392
 3078 2175 6909 2718 4081 1021 2261 1749 2732 1054 3663  522]"
110,0.3161501906854572,9,1108,2940,"[2713 3374 4781 2657 3464 3238 1967 1261 3066 2940 2566 4014  904  813
 6473 3656 2370 2762 1996 3016  407 2253 3650 3354  753 2303 6901 1392
 3078 2175 6909 2718 4081 1021 2261 1749 2732 1054 3663  522]"
111,0.31530054612800323,21,2253,4429,"[2713 3374 4781 2657 3464 3238 1967 1261 3066 2940 2566 4014  904  813
 6473 3656 2370 2762 1996 3016  407 4429 3650 3354  753 2303 6901 1392
 3078 2175 6909 2718 4081 1021 2261 1749 2732 1054 3663  522]"
112,0.3115042432818985,14,6473,4354,"[2713 3374 4781 2657 3464 3238 1967 1261 3066 2940 2566 4014  904  813
 4354 3656 2370 2762 1996 3016  407 4429 3650 3354  753 2303 6901 1392
 3078 2175 6909 2718 4081 1021 2261 1749 2732 1054 3663  522]"
113,0.3166433918584715,38,3663,7181,"[2713 3374 4781 2657 3464 3238 1967 1261 3066 2940 2566 4014  904  813
 4354 3656 2370 2762 1996 3016  407 4429 3650 3354  753 2303 6901 1392
 3078 2175 6909 2718 4081 1021 2261 1749 2732 1054 7181  522]"
114,0.3149613362545993,12,904,1667,"[2713 3374 4781 2657 3464 3238 1967 1261 3066 2940 2566 4014 1667  813
 4354 3656 2370 2762 1996 3016  407 4429 3650 3354  753 2303 6901 1392
 3078 2175 6909 2718 4081 1021 2261 1749 2732 1054 7181  522]"
115,0.31607052520388396,24,753,1470,"[2713 3374 4781 2657 3464 3238 1967 1261 3066 2940 2566 4014 1667  813
 4354 3656 2370 2762 1996 3016  407 4429 3650 3354 1470 2303 6901 1392
 3078 2175 6909 2718 4081 1021 2261 1749 2732 1054 7181  522]"
116,0.3180554740445381,20,407,6617,"[2713 3374 4781 2657 3464 3238 1967 1261 3066 2940 2566 4014 1667  813
 4354 3656 2370 2762 1996 3016 6617 4429 3650 3354 1470 2303 6901 1392
 3078 2175 6909 2718 4081 1021 2261 1749 2732 1054 7181  522]"
117,0.32220705504664837,7,1261,552,"[2713 3374 4781 2657 3464 3238 1967  552 3066 2940 2566 4014 1667  813
 4354 3656 2370 2762 1996 3016 6617 4429 3650 3354 1470 2303 6901 1392
 3078 2175 6909 2718 4081 1021 2261 1749 2732 1054 7181  522]"
118,0.3170347942717169,6,1967,2071,"[2713 3374 4781 2657 3464 3238 2071  552 3066 2940 2566 4014 1667  813
 4354 3656 2370 2762 1996 3016 6617 4429 3650 3354 1470 2303 6901 1392
 3078 2175 6909 2718 4081 1021 2261 1749 2732 1054 7181  522]"
119,0.316702335506729,38,7181,6117,"[2713 3374 4781 2657 3464 3238 2071  552 3066 2940 2566 4014 1667  813
 4354 3656 2370 2762 1996 3016 6617 4429 3650 3354 1470 2303 6901 1392
 3078 2175 6909 2718 4081 1021 2261 1749 2732 1054 6117  522]"
120,0.31331935668976485,39,522,3661,"[2713 3374 4781 2657 3464 3238 2071  552 3066 2940 2566 4014 1667  813
 4354 3656 2370 2762 1996 3016 6617 4429 3650 3354 1470 2303 6901 1392
 3078 2175 6909 2718 4081 1021 2261 1749 2732 1054 6117 3661]"
121,0.3095773035945074,33,1021,4716,"[2713 3374 4781 2657 3464 3238 2071  552 3066 2940 2566 4014 1667  813
 4354 3656 2370 2762 1996 3016 6617 4429 3650 3354 1470 2303 6901 1392
 3078 2175 6909 2718 4081 4716 2261 1749 2732 1054 6117 3661]"
122,0.3136372865168461,35,1749,2114,"[2713 3374 4781 2657 3464 3238 2071  552 3066 2940 2566 4014 1667  813
 4354 3656 2370 2762 1996 3016 6617 4429 3650 3354 1470 2303 6901 1392
 3078 2175 6909 2718 4081 4716 2261 2114 2732 1054 6117 3661]"
123,0.3153995015736372,18,1996,3739,"[2713 3374 4781 2657 3464 3238 2071  552 3066 2940 2566 4014 1667  813
 4354 3656 2370 2762 3739 3016 6617 4429 3650 3354 1470 2303 6901 1392
 3078 2175 6909 2718 4081 4716 2261 2114 2732 1054 6117 3661]"
124,0.31073262487344805,12,1667,2820,"[2713 3374 4781 2657 3464 3238 2071  552 3066 2940 2566 4014 2820  813
 4354 3656 2370 2762 3739 3016 6617 4429 3650 3354 1470 2303 6901 1392
 3078 2175 6909 2718 4081 4716 2261 2114 2732 1054 6117 3661]"
125,0.3108002453727752,16,2370,768,"[2713 3374 4781 2657 3464 3238 2071  552 3066 2940 2566 4014 2820  813
 4354 3656  768 2762 3739 3016 6617 4429 3650 3354 1470 2303 6901 1392
 3078 2175 6909 2718 4081 4716 2261 2114 2732 1054 6117 3661]"
126,0.31127184002174973,14,4354,3491,"[2713 3374 4781 2657 3464 3238 2071  552 3066 2940 2566 4014 2820  813
 3491 3656  768 2762 3739 3016 6617 4429 3650 3354 1470 2303 6901 1392
 3078 2175 6909 2718 4081 4716 2261 2114 2732 1054 6117 3661]"
127,0.3139445881138621,15,3656,6967,"[2713 3374 4781 2657 3464 3238 2071  552 3066 2940 2566 4014 2820  813
 3491 6967  768 2762 3739 3016 6617 4429 3650 3354 1470 2303 6901 1392
 3078 2175 6909 2718 4081 4716 2261 2114 2732 1054 6117 3661]"
128,0.3115429244033139,10,2566,1183,"[2713 3374 4781 2657 3464 3238 2071  552 3066 2940 1183 4014 2820  813
 3491 6967  768 2762 3739 3016 6617 4429 3650 3354 1470 2303 6901 1392
 3078 2175 6909 2718 4081 4716 2261 2114 2732 1054 6117 3661]"
129,0.31129009480855796,1,3374,3931,"[2713 3931 4781 2657 3464 3238 2071  552 3066 2940 1183 4014 2820  813
 3491 6967  768 2762 3739 3016 6617 4429 3650 3354 1470 2303 6901 1392
 3078 2175 6909 2718 4081 4716 2261 2114 2732 1054 6117 3661]"
130,0.3129896766607668,4,3464,975,"[2713 3931 4781 2657  975 3238 2071  552 3066 2940 1183 4014 2820  813
 3491 6967  768 2762 3739 3016 6617 4429 3650 3354 1470 2303 6901 1392
 3078 2175 6909 2718 4081 4716 2261 2114 2732 1054 6117 3661]"
131,0.3139975634223787,29,2175,2434,"[2713 3931 4781 2657  975 3238 2071  552 3066 2940 1183 4014 2820  813
 3491 6967  768 2762 3739 3016 6617 4429 3650 3354 1470 2303 6901 1392
 3078 2434 6909 2718 4081 4716 2261 2114 2732 1054 6117 3661]"
132,0.3105334290892784,7,552,4199,"[2713 3931 4781 2657  975 3238 2071 4199 3066 2940 1183 4014 2820  813
 3491 6967  768 2762 3739 3016 6617 4429 3650 3354 1470 2303 6901 1392
 3078 2434 6909 2718 4081 4716 2261 2114 2732 1054 6117 3661]"
133,0.3111076162420613,1,3931,1665,"[2713 1665 4781 2657  975 3238 2071 4199 3066 2940 1183 4014 2820  813
 3491 6967  768 2762 3739 3016 6617 4429 3650 3354 1470 2303 6901 1392
 3078 2434 6909 2718 4081 4716 2261 2114 2732 1054 6117 3661]"
134,0.31576467718302914,7,4199,3645,"[2713 1665 4781 2657  975 3238 2071 3645 3066 2940 1183 4014 2820  813
 3491 6967  768 2762 3739 3016 6617 4429 3650 3354 1470 2303 6901 1392
 3078 2434 6909 2718 4081 4716 2261 2114 2732 1054 6117 3661]"
135,0.32463842162376433,12,2820,2101,"[2713 1665 4781 2657  975 3238 2071 3645 3066 2940 1183 4014 2101  813
 3491 6967  768 2762 3739 3016 6617 4429 3650 3354 1470 2303 6901 1392
 3078 2434 6909 2718 4081 4716 2261 2114 2732 1054 6117 3661]"
136,0.3275947426135487,38,6117,892,"[2713 1665 4781 2657  975 3238 2071 3645 3066 2940 1183 4014 2101  813
 3491 6967  768 2762 3739 3016 6617 4429 3650 3354 1470 2303 6901 1392
 3078 2434 6909 2718 4081 4716 2261 2114 2732 1054  892 3661]"
137,0.33172066785239684,37,1054,1263,"[2713 1665 4781 2657  975 3238 2071 3645 3066 2940 1183 4014 2101  813
 3491 6967  768 2762 3739 3016 6617 4429 3650 3354 1470 2303 6901 1392
 3078 2434 6909 2718 4081 4716 2261 2114 2732 1263  892 3661]"
138,0.3343211339129559,0,2713,877,"[ 877 1665 4781 2657  975 3238 2071 3645 3066 2940 1183 4014 2101  813
 3491 6967  768 2762 3739 3016 6617 4429 3650 3354 1470 2303 6901 1392
 3078 2434 6909 2718 4081 4716 2261 2114 2732 1263  892 3661]"
139,0.3299454707991113,0,877,817,"[ 817 1665 4781 2657  975 3238 2071 3645 3066 2940 1183 4014 2101  813
 3491 6967  768 2762 3739 3016 6617 4429 3650 3354 1470 2303 6901 1392
 3078 2434 6909 2718 4081 4716 2261 2114 2732 1263  892 3661]"
140,0.32267417099004314,27,1392,2265,"[ 817 1665 4781 2657  975 3238 2071 3645 3066 2940 1183 4014 2101  813
 3491 6967  768 2762 3739 3016 6617 4429 3650 3354 1470 2303 6901 2265
 3078 2434 6909 2718 4081 4716 2261 2114 2732 1263  892 3661]"
141,0.3214726831505667,37,1263,2566,"[ 817 1665 4781 2657  975 3238 2071 3645 3066 2940 1183 4014 2101  813
 3491 6967  768 2762 3739 3016 6617 4429 3650 3354 1470 2303 6901 2265
 3078 2434 6909 2718 4081 4716 2261 2114 2732 2566  892 3661]"
142,0.3240619327567612,27,2265,1194,"[ 817 1665 4781 2657  975 3238 2071 3645 3066 2940 1183 4014 2101  813
 3491 6967  768 2762 3739 3016 6617 4429 3650 3354 1470 2303 6901 1194
 3078 2434 6909 2718 4081 4716 2261 2114 2732 2566  892 3661]"
143,0.32234147852467165,34,2261,3369,"[ 817 1665 4781 2657  975 3238 2071 3645 3066 2940 1183 4014 2101  813
 3491 6967  768 2762 3739 3016 6617 4429 3650 3354 1470 2303 6901 1194
 3078 2434 6909 2718 4081 4716 3369 2114 2732 2566  892 3661]"
144,0.32133879815181654,32,4081,3711,"[ 817 1665 4781 2657  975 3238 2071 3645 3066 2940 1183 4014 2101  813
 3491 6967  768 2762 3739 3016 6617 4429 3650 3354 1470 2303 6901 1194
 3078 2434 6909 2718 3711 4716 3369 2114 2732 2566  892 3661]"
145,0.3268059632789635,33,4716,876,"[ 817 1665 4781 2657  975 3238 2071 3645 3066 2940 1183 4014 2101  813
 3491 6967  768 2762 3739 3016 6617 4429 3650 3354 1470 2303 6901 1194
 3078 2434 6909 2718 3711  876 3369 2114 2732 2566  892 3661]"
146,0.32162643495420623,5,3238,6408,"[ 817 1665 4781 2657  975 6408 2071 3645 3066 2940 1183 4014 2101  813
 3491 6967  768 2762 3739 3016 6617 4429 3650 3354 1470 2303 6901 1194
 3078 2434 6909 2718 3711  876 3369 2114 2732 2566  892 3661]"
147,0.3182943950414896,3,2657,1746,"[ 817 1665 4781 1746  975 6408 2071 3645 3066 2940 1183 4014 2101  813
 3491 6967  768 2762 3739 3016 6617 4429 3650 3354 1470 2303 6901 1194
 3078 2434 6909 2718 3711  876 3369 2114 2732 2566  892 3661]"
148,0.3160029075916391,15,6967,2359,"[ 817 1665 4781 1746  975 6408 2071 3645 3066 2940 1183 4014 2101  813
 3491 2359  768 2762 3739 3016 6617 4429 3650 3354 1470 2303 6901 1194
 3078 2434 6909 2718 3711  876 3369 2114 2732 2566  892 3661]"
149,0.3169338140382438,20,6617,7189,"[ 817 1665 4781 1746  975 6408 2071 3645 3066 2940 1183 4014 2101  813
 3491 2359  768 2762 3739 3016 7189 4429 3650 3354 1470 2303 6901 1194
 3078 2434 6909 2718 3711  876 3369 2114 2732 2566  892 3661]"
150,0.30615373756429576,26,6901,1765,"[ 817 1665 4781 1746  975 6408 2071 3645 3066 2940 1183 4014 2101  813
 3491 2359  768 2762 3739 3016 7189 4429 3650 3354 1470 2303 1765 1194
 3078 2434 6909 2718 3711  876 3369 2114 2732 2566  892 3661]"
151,0.30407099720272374,38,892,404,"[ 817 1665 4781 1746  975 6408 2071 3645 3066 2940 1183 4014 2101  813
 3491 2359  768 2762 3739 3016 7189 4429 3650 3354 1470 2303 1765 1194
 3078 2434 6909 2718 3711  876 3369 2114 2732 2566  404 3661]"
152,0.2958649410012191,36,2732,2783,"[ 817 1665 4781 1746  975 6408 2071 3645 3066 2940 1183 4014 2101  813
 3491 2359  768 2762 3739 3016 7189 4429 3650 3354 1470 2303 1765 1194
 3078 2434 6909 2718 3711  876 3369 2114 2783 2566  404 3661]"
153,0.29579048481350284,5,6408,1037,"[ 817 1665 4781 1746  975 1037 2071 3645 3066 2940 1183 4014 2101  813
 3491 2359  768 2762 3739 3016 7189 4429 3650 3354 1470 2303 1765 1194
 3078 2434 6909 2718 3711  876 3369 2114 2783 2566  404 3661]"
154,0.28850794458162227,25,2303,1310,"[ 817 1665 4781 1746  975 1037 2071 3645 3066 2940 1183 4014 2101  813
 3491 2359  768 2762 3739 3016 7189 4429 3650 3354 1470 1310 1765 1194
 3078 2434 6909 2718 3711  876 3369 2114 2783 2566  404 3661]"
155,0.2972977629496654,29,2434,6973,"[ 817 1665 4781 1746  975 1037 2071 3645 3066 2940 1183 4014 2101  813
 3491 2359  768 2762 3739 3016 7189 4429 3650 3354 1470 1310 1765 1194
 3078 6973 6909 2718 3711  876 3369 2114 2783 2566  404 3661]"
156,0.29453128201002315,16,768,2829,"[ 817 1665 4781 1746  975 1037 2071 3645 3066 2940 1183 4014 2101  813
 3491 2359 2829 2762 3739 3016 7189 4429 3650 3354 1470 1310 1765 1194
 3078 6973 6909 2718 3711  876 3369 2114 2783 2566  404 3661]"
157,0.2935219719562674,7,3645,4144,"[ 817 1665 4781 1746  975 1037 2071 4144 3066 2940 1183 4014 2101  813
 3491 2359 2829 2762 3739 3016 7189 4429 3650 3354 1470 1310 1765 1194
 3078 6973 6909 2718 3711  876 3369 2114 2783 2566  404 3661]"
158,0.2962603323349957,37,2566,2439,"[ 817 1665 4781 1746  975 1037 2071 4144 3066 2940 1183 4014 2101  813
 3491 2359 2829 2762 3739 3016 7189 4429 3650 3354 1470 1310 1765 1194
 3078 6973 6909 2718 3711  876 3369 2114 2783 2439  404 3661]"
159,0.2952950169791555,25,1310,389,"[ 817 1665 4781 1746  975 1037 2071 4144 3066 2940 1183 4014 2101  813
 3491 2359 2829 2762 3739 3016 7189 4429 3650 3354 1470  389 1765 1194
 3078 6973 6909 2718 3711  876 3369 2114 2783 2439  404 3661]"
160,0.2946218777952161,31,2718,1099,"[ 817 1665 4781 1746  975 1037 2071 4144 3066 2940 1183 4014 2101  813
 3491 2359 2829 2762 3739 3016 7189 4429 3650 3354 1470  389 1765 1194
 3078 6973 6909 1099 3711  876 3369 2114 2783 2439  404 3661]"
161,0.2953525168506943,11,4014,4133,"[ 817 1665 4781 1746  975 1037 2071 4144 3066 2940 1183 4133 2101  813
 3491 2359 2829 2762 3739 3016 7189 4429 3650 3354 1470  389 1765 1194
 3078 6973 6909 1099 3711  876 3369 2114 2783 2439  404 3661]"
162,0.2926159182767974,33,876,1688,"[ 817 1665 4781 1746  975 1037 2071 4144 3066 2940 1183 4133 2101  813
 3491 2359 2829 2762 3739 3016 7189 4429 3650 3354 1470  389 1765 1194
 3078 6973 6909 1099 3711 1688 3369 2114 2783 2439  404 3661]"
163,0.29127132771126907,13,813,2949,"[ 817 1665 4781 1746  975 1037 2071 4144 3066 2940 1183 4133 2101 2949
 3491 2359 2829 2762 3739 3016 7189 4429 3650 3354 1470  389 1765 1194
 3078 6973 6909 1099 3711 1688 3369 2114 2783 2439  404 3661]"
164,0.2923900887423833,21,4429,5905,"[ 817 1665 4781 1746  975 1037 2071 4144 3066 2940 1183 4133 2101 2949
 3491 2359 2829 2762 3739 3016 7189 5905 3650 3354 1470  389 1765 1194
 3078 6973 6909 1099 3711 1688 3369 2114 2783 2439  404 3661]"
165,0.2990538199319711,30,6909,2302,"[ 817 1665 4781 1746  975 1037 2071 4144 3066 2940 1183 4133 2101 2949
 3491 2359 2829 2762 3739 3016 7189 5905 3650 3354 1470  389 1765 1194
 3078 6973 2302 1099 3711 1688 3369 2114 2783 2439  404 3661]"
166,0.29614405928137727,24,1470,2096,"[ 817 1665 4781 1746  975 1037 2071 4144 3066 2940 1183 4133 2101 2949
 3491 2359 2829 2762 3739 3016 7189 5905 3650 3354 2096  389 1765 1194
 3078 6973 2302 1099 3711 1688 3369 2114 2783 2439  404 3661]"
167,0.2964324450008336,37,2439,3305,"[ 817 1665 4781 1746  975 1037 2071 4144 3066 2940 1183 4133 2101 2949
 3491 2359 2829 2762 3739 3016 7189 5905 3650 3354 2096  389 1765 1194
 3078 6973 2302 1099 3711 1688 3369 2114 2783 3305  404 3661]"
168,0.29706365943819085,17,2762,6192,"[ 817 1665 4781 1746  975 1037 2071 4144 3066 2940 1183 4133 2101 2949
 3491 2359 2829 6192 3739 3016 7189 5905 3650 3354 2096  389 1765 1194
 3078 6973 2302 1099 3711 1688 3369 2114 2783 3305  404 3661]"
169,0.29961942745096687,10,1183,1404,"[ 817 1665 4781 1746  975 1037 2071 4144 3066 2940 1404 4133 2101 2949
 3491 2359 2829 6192 3739 3016 7189 5905 3650 3354 2096  389 1765 1194
 3078 6973 2302 1099 3711 1688 3369 2114 2783 3305  404 3661]"
170,0.29714879759640084,18,3739,1441,"[ 817 1665 4781 1746  975 1037 2071 4144 3066 2940 1404 4133 2101 2949
 3491 2359 2829 6192 1441 3016 7189 5905 3650 3354 2096  389 1765 1194
 3078 6973 2302 1099 3711 1688 3369 2114 2783 3305  404 3661]"
171,0.2980387595525652,39,3661,4220,"[ 817 1665 4781 1746  975 1037 2071 4144 3066 2940 1404 4133 2101 2949
 3491 2359 2829 6192 1441 3016 7189 5905 3650 3354 2096  389 1765 1194
 3078 6973 2302 1099 3711 1688 3369 2114 2783 3305  404 4220]"
172,0.2949044190822724,29,6973,810,"[ 817 1665 4781 1746  975 1037 2071 4144 3066 2940 1404 4133 2101 2949
 3491 2359 2829 6192 1441 3016 7189 5905 3650 3354 2096  389 1765 1194
 3078  810 2302 1099 3711 1688 3369 2114 2783 3305  404 4220]"
173,0.29058920542353267,35,2114,2953,"[ 817 1665 4781 1746  975 1037 2071 4144 3066 2940 1404 4133 2101 2949
 3491 2359 2829 6192 1441 3016 7189 5905 3650 3354 2096  389 1765 1194
 3078  810 2302 1099 3711 1688 3369 2953 2783 3305  404 4220]"
174,0.2917882859589205,2,4781,1315,"[ 817 1665 1315 1746  975 1037 2071 4144 3066 2940 1404 4133 2101 2949
 3491 2359 2829 6192 1441 3016 7189 5905 3650 3354 2096  389 1765 1194
 3078  810 2302 1099 3711 1688 3369 2953 2783 3305  404 4220]"
175,0.29103048739688997,7,4144,2105,"[ 817 1665 1315 1746  975 1037 2071 2105 3066 2940 1404 4133 2101 2949
 3491 2359 2829 6192 1441 3016 7189 5905 3650 3354 2096  389 1765 1194
 3078  810 2302 1099 3711 1688 3369 2953 2783 3305  404 4220]"
176,0.2945588501632128,32,3711,1321,"[ 817 1665 1315 1746  975 1037 2071 2105 3066 2940 1404 4133 2101 2949
 3491 2359 2829 6192 1441 3016 7189 5905 3650 3354 2096  389 1765 1194
 3078  810 2302 1099 1321 1688 3369 2953 2783 3305  404 4220]"
177,0.29431531052844595,36,2783,1537,"[ 817 1665 1315 1746  975 1037 2071 2105 3066 2940 1404 4133 2101 2949
 3491 2359 2829 6192 1441 3016 7189 5905 3650 3354 2096  389 1765 1194
 3078  810 2302 1099 1321 1688 3369 2953 1537 3305  404 4220]"
178,0.2975900808472661,36,1537,2115,"[ 817 1665 1315 1746  975 1037 2071 2105 3066 2940 1404 4133 2101 2949
 3491 2359 2829 6192 1441 3016 7189 5905 3650 3354 2096  389 1765 1194
 3078  810 2302 1099 1321 1688 3369 2953 2115 3305  404 4220]"
179,0.2946577804406238,23,3354,1019,"[ 817 1665 1315 1746  975 1037 2071 2105 3066 2940 1404 4133 2101 2949
 3491 2359 2829 6192 1441 3016 7189 5905 3650 1019 2096  389 1765 1194
 3078  810 2302 1099 1321 1688 3369 2953 2115 3305  404 4220]"
180,0.2959375917407378,6,2071,481,"[ 817 1665 1315 1746  975 1037  481 2105 3066 2940 1404 4133 2101 2949
 3491 2359 2829 6192 1441 3016 7189 5905 3650 1019 2096  389 1765 1194
 3078  810 2302 1099 1321 1688 3369 2953 2115 3305  404 4220]"
181,0.2857959302233755,28,3078,1897,"[ 817 1665 1315 1746  975 1037  481 2105 3066 2940 1404 4133 2101 2949
 3491 2359 2829 6192 1441 3016 7189 5905 3650 1019 2096  389 1765 1194
 1897  810 2302 1099 1321 1688 3369 2953 2115 3305  404 4220]"
182,0.28816019451502667,2,1315,767,"[ 817 1665  767 1746  975 1037  481 2105 3066 2940 1404 4133 2101 2949
 3491 2359 2829 6192 1441 3016 7189 5905 3650 1019 2096  389 1765 1194
 1897  810 2302 1099 1321 1688 3369 2953 2115 3305  404 4220]"
183,0.2893353393353594,17,6192,3785,"[ 817 1665  767 1746  975 1037  481 2105 3066 2940 1404 4133 2101 2949
 3491 2359 2829 3785 1441 3016 7189 5905 3650 1019 2096  389 1765 1194
 1897  810 2302 1099 1321 1688 3369 2953 2115 3305  404 4220]"
184,0.291701845497949,23,1019,2638,"[ 817 1665  767 1746  975 1037  481 2105 3066 2940 1404 4133 2101 2949
 3491 2359 2829 3785 1441 3016 7189 5905 3650 2638 2096  389 1765 1194
 1897  810 2302 1099 1321 1688 3369 2953 2115 3305  404 4220]"
185,0.30021532081893487,33,1688,3076,"[ 817 1665  767 1746  975 1037  481 2105 3066 2940 1404 4133 2101 2949
 3491 2359 2829 3785 1441 3016 7189 5905 3650 2638 2096  389 1765 1194
 1897  810 2302 1099 1321 3076 3369 2953 2115 3305  404 4220]"
186,0.3183364480005025,12,2101,6688,"[ 817 1665  767 1746  975 1037  481 2105 3066 2940 1404 4133 6688 2949
 3491 2359 2829 3785 1441 3016 7189 5905 3650 2638 2096  389 1765 1194
 1897  810 2302 1099 1321 3076 3369 2953 2115 3305  404 4220]"
187,0.3187050726842891,31,1099,690,"[ 817 1665  767 1746  975 1037  481 2105 3066 2940 1404 4133 6688 2949
 3491 2359 2829 3785 1441 3016 7189 5905 3650 2638 2096  389 1765 1194
 1897  810 2302  690 1321 3076 3369 2953 2115 3305  404 4220]"
188,0.314922190411814,34,3369,1479,"[ 817 1665  767 1746  975 1037  481 2105 3066 2940 1404 4133 6688 2949
 3491 2359 2829 3785 1441 3016 7189 5905 3650 2638 2096  389 1765 1194
 1897  810 2302  690 1321 3076 1479 2953 2115 3305  404 4220]"
189,0.3141903594387108,35,2953,1941,"[ 817 1665  767 1746  975 1037  481 2105 3066 2940 1404 4133 6688 2949
 3491 2359 2829 3785 1441 3016 7189 5905 3650 2638 2096  389 1765 1194
 1897  810 2302  690 1321 3076 1479 1941 2115 3305  404 4220]"
190,0.3131394273967294,9,2940,3082,"[ 817 1665  767 1746  975 1037  481 2105 3066 3082 1404 4133 6688 2949
 3491 2359 2829 3785 1441 3016 7189 5905 3650 2638 2096  389 1765 1194
 1897  810 2302  690 1321 3076 1479 1941 2115 3305  404 4220]"
191,0.30716319525798963,37,3305,821,"[ 817 1665  767 1746  975 1037  481 2105 3066 3082 1404 4133 6688 2949
 3491 2359 2829 3785 1441 3016 7189 5905 3650 2638 2096  389 1765 1194
 1897  810 2302  690 1321 3076 1479 1941 2115  821  404 4220]"
192,0.3105122733598777,16,2829,2575,"[ 817 1665  767 1746  975 1037  481 2105 3066 3082 1404 4133 6688 2949
 3491 2359 2575 3785 1441 3016 7189 5905 3650 2638 2096  389 1765 1194
 1897  810 2302  690 1321 3076 1479 1941 2115  821  404 4220]"
193,0.31430693030881846,37,821,1171,"[ 817 1665  767 1746  975 1037  481 2105 3066 3082 1404 4133 6688 2949
 3491 2359 2575 3785 1441 3016 7189 5905 3650 2638 2096  389 1765 1194
 1897  810 2302  690 1321 3076 1479 1941 2115 1171  404 4220]"
194,0.3036753424548755,20,7189,6053,"[ 817 1665  767 1746  975 1037  481 2105 3066 3082 1404 4133 6688 2949
 3491 2359 2575 3785 1441 3016 6053 5905 3650 2638 2096  389 1765 1194
 1897  810 2302  690 1321 3076 1479 1941 2115 1171  404 4220]"
195,0.31188899167610656,4,975,7048,"[ 817 1665  767 1746 7048 1037  481 2105 3066 3082 1404 4133 6688 2949
 3491 2359 2575 3785 1441 3016 6053 5905 3650 2638 2096  389 1765 1194
 1897  810 2302  690 1321 3076 1479 1941 2115 1171  404 4220]"
196,0.30965972481158305,2,767,1033,"[ 817 1665 1033 1746 7048 1037  481 2105 3066 3082 1404 4133 6688 2949
 3491 2359 2575 3785 1441 3016 6053 5905 3650 2638 2096  389 1765 1194
 1897  810 2302  690 1321 3076 1479 1941 2115 1171  404 4220]"
197,0.30294022991472325,33,3076,6333,"[ 817 1665 1033 1746 7048 1037  481 2105 3066 3082 1404 4133 6688 2949
 3491 2359 2575 3785 1441 3016 6053 5905 3650 2638 2096  389 1765 1194
 1897  810 2302  690 1321 6333 1479 1941 2115 1171  404 4220]"
198,0.30471262990617964,33,6333,7323,"[ 817 1665 1033 1746 7048 1037  481 2105 3066 3082 1404 4133 6688 2949
 3491 2359 2575 3785 1441 3016 6053 5905 3650 2638 2096  389 1765 1194
 1897  810 2302  690 1321 7323 1479 1941 2115 1171  404 4220]"
199,0.2895033672151719,12,6688,4023,"[ 817 1665 1033 1746 7048 1037  481 2105 3066 3082 1404 4133 4023 2949
 3491 2359 2575 3785 1441 3016 6053 5905 3650 2638 2096  389 1765 1194
 1897  810 2302  690 1321 7323 1479 1941 2115 1171  404 4220]"
200,0.28279992970054585,32,1321,3386,"[ 817 1665 1033 1746 7048 1037  481 2105 3066 3082 1404 4133 4023 2949
 3491 2359 2575 3785 1441 3016 6053 5905 3650 2638 2096  389 1765 1194
 1897  810 2302  690 3386 7323 1479 1941 2115 1171  404 4220]"
201,0.2830342430751855,24,2096,1324,"[ 817 1665 1033 1746 7048 1037  481 2105 3066 3082 1404 4133 4023 2949
 3491 2359 2575 3785 1441 3016 6053 5905 3650 2638 1324  389 1765 1194
 1897  810 2302  690 3386 7323 1479 1941 2115 1171  404 4220]"
202,0.2863237788263364,31,690,3076,"[ 817 1665 1033 1746 7048 1037  481 2105 3066 3082 1404 4133 4023 2949
 3491 2359 2575 3785 1441 3016 6053 5905 3650 2638 1324  389 1765 1194
 1897  810 2302 3076 3386 7323 1479 1941 2115 1171  404 4220]"
203,0.28599889494811526,12,4023,6331,"[ 817 1665 1033 1746 7048 1037  481 2105 3066 3082 1404 4133 6331 2949
 3491 2359 2575 3785 1441 3016 6053 5905 3650 2638 1324  389 1765 1194
 1897  810 2302 3076 3386 7323 1479 1941 2115 1171  404 4220]"
204,0.2890907799156588,20,6053,2665,"[ 817 1665 1033 1746 7048 1037  481 2105 3066 3082 1404 4133 6331 2949
 3491 2359 2575 3785 1441 3016 2665 5905 3650 2638 1324  389 1765 1194
 1897  810 2302 3076 3386 7323 1479 1941 2115 1171  404 4220]"
205,0.28360245710154547,31,3076,3380,"[ 817 1665 1033 1746 7048 1037  481 2105 3066 3082 1404 4133 6331 2949
 3491 2359 2575 3785 1441 3016 2665 5905 3650 2638 1324  389 1765 1194
 1897  810 2302 3380 3386 7323 1479 1941 2115 1171  404 4220]"
206,0.28385565279975666,15,2359,2069,"[ 817 1665 1033 1746 7048 1037  481 2105 3066 3082 1404 4133 6331 2949
 3491 2069 2575 3785 1441 3016 2665 5905 3650 2638 1324  389 1765 1194
 1897  810 2302 3380 3386 7323 1479 1941 2115 1171  404 4220]"
207,0.28466404661488154,2,1033,2758,"[ 817 1665 2758 1746 7048 1037  481 2105 3066 3082 1404 4133 6331 2949
 3491 2069 2575 3785 1441 3016 2665 5905 3650 2638 1324  389 1765 1194
 1897  810 2302 3380 3386 7323 1479 1941 2115 1171  404 4220]"
208,0.2857371940275621,5,1037,2519,"[ 817 1665 2758 1746 7048 2519  481 2105 3066 3082 1404 4133 6331 2949
 3491 2069 2575 3785 1441 3016 2665 5905 3650 2638 1324  389 1765 1194
 1897  810 2302 3380 3386 7323 1479 1941 2115 1171  404 4220]"
209,0.2815583074341461,24,1324,2180,"[ 817 1665 2758 1746 7048 2519  481 2105 3066 3082 1404 4133 6331 2949
 3491 2069 2575 3785 1441 3016 2665 5905 3650 2638 2180  389 1765 1194
 1897  810 2302 3380 3386 7323 1479 1941 2115 1171  404 4220]"
210,0.27803961117403597,9,3082,2289,"[ 817 1665 2758 1746 7048 2519  481 2105 3066 2289 1404 4133 6331 2949
 3491 2069 2575 3785 1441 3016 2665 5905 3650 2638 2180  389 1765 1194
 1897  810 2302 3380 3386 7323 1479 1941 2115 1171  404 4220]"
211,0.27053194645798534,29,810,2293,"[ 817 1665 2758 1746 7048 2519  481 2105 3066 2289 1404 4133 6331 2949
 3491 2069 2575 3785 1441 3016 2665 5905 3650 2638 2180  389 1765 1194
 1897 2293 2302 3380 3386 7323 1479 1941 2115 1171  404 4220]"
212,0.27277396662224057,13,2949,3432,"[ 817 1665 2758 1746 7048 2519  481 2105 3066 2289 1404 4133 6331 3432
 3491 2069 2575 3785 1441 3016 2665 5905 3650 2638 2180  389 1765 1194
 1897 2293 2302 3380 3386 7323 1479 1941 2115 1171  404 4220]"
213,0.2833141618240769,9,2289,6831,"[ 817 1665 2758 1746 7048 2519  481 2105 3066 6831 1404 4133 6331 3432
 3491 2069 2575 3785 1441 3016 2665 5905 3650 2638 2180  389 1765 1194
 1897 2293 2302 3380 3386 7323 1479 1941 2115 1171  404 4220]"
214,0.28278881469984096,11,4133,4645,"[ 817 1665 2758 1746 7048 2519  481 2105 3066 6831 1404 4645 6331 3432
 3491 2069 2575 3785 1441 3016 2665 5905 3650 2638 2180  389 1765 1194
 1897 2293 2302 3380 3386 7323 1479 1941 2115 1171  404 4220]"
215,0.28495094141674604,34,1479,1731,"[ 817 1665 2758 1746 7048 2519  481 2105 3066 6831 1404 4645 6331 3432
 3491 2069 2575 3785 1441 3016 2665 5905 3650 2638 2180  389 1765 1194
 1897 2293 2302 3380 3386 7323 1731 1941 2115 1171  404 4220]"
216,0.27899702109760444,19,3016,2935,"[ 817 1665 2758 1746 7048 2519  481 2105 3066 6831 1404 4645 6331 3432
 3491 2069 2575 3785 1441 2935 2665 5905 3650 2638 2180  389 1765 1194
 1897 2293 2302 3380 3386 7323 1731 1941 2115 1171  404 4220]"
217,0.281024843273853,38,404,3097,"[ 817 1665 2758 1746 7048 2519  481 2105 3066 6831 1404 4645 6331 3432
 3491 2069 2575 3785 1441 2935 2665 5905 3650 2638 2180  389 1765 1194
 1897 2293 2302 3380 3386 7323 1731 1941 2115 1171 3097 4220]"
218,0.2812343079293243,33,7323,3868,"[ 817 1665 2758 1746 7048 2519  481 2105 3066 6831 1404 4645 6331 3432
 3491 2069 2575 3785 1441 2935 2665 5905 3650 2638 2180  389 1765 1194
 1897 2293 2302 3380 3386 3868 1731 1941 2115 1171 3097 4220]"
219,0.2807442251411736,22,3650,3154,"[ 817 1665 2758 1746 7048 2519  481 2105 3066 6831 1404 4645 6331 3432
 3491 2069 2575 3785 1441 2935 2665 5905 3154 2638 2180  389 1765 1194
 1897 2293 2302 3380 3386 3868 1731 1941 2115 1171 3097 4220]"
220,0.2838006723189853,21,5905,1395,"[ 817 1665 2758 1746 7048 2519  481 2105 3066 6831 1404 4645 6331 3432
 3491 2069 2575 3785 1441 2935 2665 1395 3154 2638 2180  389 1765 1194
 1897 2293 2302 3380 3386 3868 1731 1941 2115 1171 3097 4220]"
221,0.2831840146121114,7,2105,1046,"[ 817 1665 2758 1746 7048 2519  481 1046 3066 6831 1404 4645 6331 3432
 3491 2069 2575 3785 1441 2935 2665 1395 3154 2638 2180  389 1765 1194
 1897 2293 2302 3380 3386 3868 1731 1941 2115 1171 3097 4220]"
222,0.28398247897594553,29,2293,3583,"[ 817 1665 2758 1746 7048 2519  481 1046 3066 6831 1404 4645 6331 3432
 3491 2069 2575 3785 1441 2935 2665 1395 3154 2638 2180  389 1765 1194
 1897 3583 2302 3380 3386 3868 1731 1941 2115 1171 3097 4220]"
223,0.28607618153096637,20,2665,876,"[ 817 1665 2758 1746 7048 2519  481 1046 3066 6831 1404 4645 6331 3432
 3491 2069 2575 3785 1441 2935  876 1395 3154 2638 2180  389 1765 1194
 1897 3583 2302 3380 3386 3868 1731 1941 2115 1171 3097 4220]"
224,0.28538531415476426,34,1731,3101,"[ 817 1665 2758 1746 7048 2519  481 1046 3066 6831 1404 4645 6331 3432
 3491 2069 2575 3785 1441 2935  876 1395 3154 2638 2180  389 1765 1194
 1897 3583 2302 3380 3386 3868 3101 1941 2115 1171 3097 4220]"
225,0.288474586695908,25,389,3662,"[ 817 1665 2758 1746 7048 2519  481 1046 3066 6831 1404 4645 6331 3432
 3491 2069 2575 3785 1441 2935  876 1395 3154 2638 2180 3662 1765 1194
 1897 3583 2302 3380 3386 3868 3101 1941 2115 1171 3097 4220]"
226,0.2820814815193785,3,1746,698,"[ 817 1665 2758  698 7048 2519  481 1046 3066 6831 1404 4645 6331 3432
 3491 2069 2575 3785 1441 2935  876 1395 3154 2638 2180 3662 1765 1194
 1897 3583 2302 3380 3386 3868 3101 1941 2115 1171 3097 4220]"
227,0.2795872426877888,20,876,893,"[ 817 1665 2758  698 7048 2519  481 1046 3066 6831 1404 4645 6331 3432
 3491 2069 2575 3785 1441 2935  893 1395 3154 2638 2180 3662 1765 1194
 1897 3583 2302 3380 3386 3868 3101 1941 2115 1171 3097 4220]"
228,0.2774567205123969,37,1171,7109,"[ 817 1665 2758  698 7048 2519  481 1046 3066 6831 1404 4645 6331 3432
 3491 2069 2575 3785 1441 2935  893 1395 3154 2638 2180 3662 1765 1194
 1897 3583 2302 3380 3386 3868 3101 1941 2115 7109 3097 4220]"
229,0.28435630919802035,6,481,2803,"[ 817 1665 2758  698 7048 2519 2803 1046 3066 6831 1404 4645 6331 3432
 3491 2069 2575 3785 1441 2935  893 1395 3154 2638 2180 3662 1765 1194
 1897 3583 2302 3380 3386 3868 3101 1941 2115 7109 3097 4220]"
230,0.29116176552521955,32,3386,3791,"[ 817 1665 2758  698 7048 2519 2803 1046 3066 6831 1404 4645 6331 3432
 3491 2069 2575 3785 1441 2935  893 1395 3154 2638 2180 3662 1765 1194
 1897 3583 2302 3380 3791 3868 3101 1941 2115 7109 3097 4220]"
231,0.2934077930406355,39,4220,6621,"[ 817 1665 2758  698 7048 2519 2803 1046 3066 6831 1404 4645 6331 3432
 3491 2069 2575 3785 1441 2935  893 1395 3154 2638 2180 3662 1765 1194
 1897 3583 2302 3380 3791 3868 3101 1941 2115 7109 3097 6621]"
232,0.29503514709456624,31,3380,1310,"[ 817 1665 2758  698 7048 2519 2803 1046 3066 6831 1404 4645 6331 3432
 3491 2069 2575 3785 1441 2935  893 1395 3154 2638 2180 3662 1765 1194
 1897 3583 2302 1310 3791 3868 3101 1941 2115 7109 3097 6621]"
233,0.2981762497507665,28,1897,668,"[ 817 1665 2758  698 7048 2519 2803 1046 3066 6831 1404 4645 6331 3432
 3491 2069 2575 3785 1441 2935  893 1395 3154 2638 2180 3662 1765 1194
  668 3583 2302 1310 3791 3868 3101 1941 2115 7109 3097 6621]"
234,0.29524746934155577,23,2638,2813,"[ 817 1665 2758  698 7048 2519 2803 1046 3066 6831 1404 4645 6331 3432
 3491 2069 2575 3785 1441 2935  893 1395 3154 2813 2180 3662 1765 1194
  668 3583 2302 1310 3791 3868 3101 1941 2115 7109 3097 6621]"
235,0.29253878469712,6,2803,2728,"[ 817 1665 2758  698 7048 2519 2728 1046 3066 6831 1404 4645 6331 3432
 3491 2069 2575 3785 1441 2935  893 1395 3154 2813 2180 3662 1765 1194
  668 3583 2302 1310 3791 3868 3101 1941 2115 7109 3097 6621]"
236,0.2863070625710507,6,2728,2782,"[ 817 1665 2758  698 7048 2519 2782 1046 3066 6831 1404 4645 6331 3432
 3491 2069 2575 3785 1441 2935  893 1395 3154 2813 2180 3662 1765 1194
  668 3583 2302 1310 3791 3868 3101 1941 2115 7109 3097 6621]"
237,0.2815048425609828,19,2935,2722,"[ 817 1665 2758  698 7048 2519 2782 1046 3066 6831 1404 4645 6331 3432
 3491 2069 2575 3785 1441 2722  893 1395 3154 2813 2180 3662 1765 1194
  668 3583 2302 1310 3791 3868 3101 1941 2115 7109 3097 6621]"
238,0.2863337794299883,18,1441,3587,"[ 817 1665 2758  698 7048 2519 2782 1046 3066 6831 1404 4645 6331 3432
 3491 2069 2575 3785 3587 2722  893 1395 3154 2813 2180 3662 1765 1194
  668 3583 2302 1310 3791 3868 3101 1941 2115 7109 3097 6621]"
239,0.28703361182690457,36,2115,2329,"[ 817 1665 2758  698 7048 2519 2782 1046 3066 6831 1404 4645 6331 3432
 3491 2069 2575 3785 3587 2722  893 1395 3154 2813 2180 3662 1765 1194
  668 3583 2302 1310 3791 3868 3101 1941 2329 7109 3097 6621]"
240,0.29550402881077475,31,1310,2868,"[ 817 1665 2758  698 7048 2519 2782 1046 3066 6831 1404 4645 6331 3432
 3491 2069 2575 3785 3587 2722  893 1395 3154 2813 2180 3662 1765 1194
  668 3583 2302 2868 3791 3868 3101 1941 2329 7109 3097 6621]"
241,0.28849295280577825,5,2519,915,"[ 817 1665 2758  698 7048  915 2782 1046 3066 6831 1404 4645 6331 3432
 3491 2069 2575 3785 3587 2722  893 1395 3154 2813 2180 3662 1765 1194
  668 3583 2302 2868 3791 3868 3101 1941 2329 7109 3097 6621]"
242,0.28878319346352427,37,7109,946,"[ 817 1665 2758  698 7048  915 2782 1046 3066 6831 1404 4645 6331 3432
 3491 2069 2575 3785 3587 2722  893 1395 3154 2813 2180 3662 1765 1194
  668 3583 2302 2868 3791 3868 3101 1941 2329  946 3097 6621]"
243,0.2948879281591503,28,668,3017,"[ 817 1665 2758  698 7048  915 2782 1046 3066 6831 1404 4645 6331 3432
 3491 2069 2575 3785 3587 2722  893 1395 3154 2813 2180 3662 1765 1194
 3017 3583 2302 2868 3791 3868 3101 1941 2329  946 3097 6621]"
244,0.2991860315110316,3,698,2025,"[ 817 1665 2758 2025 7048  915 2782 1046 3066 6831 1404 4645 6331 3432
 3491 2069 2575 3785 3587 2722  893 1395 3154 2813 2180 3662 1765 1194
 3017 3583 2302 2868 3791 3868 3101 1941 2329  946 3097 6621]"
245,0.3011686334454341,36,2329,3076,"[ 817 1665 2758 2025 7048  915 2782 1046 3066 6831 1404 4645 6331 3432
 3491 2069 2575 3785 3587 2722  893 1395 3154 2813 2180 3662 1765 1194
 3017 3583 2302 2868 3791 3868 3101 1941 3076  946 3097 6621]"
246,0.2968278453793907,30,2302,1758,"[ 817 1665 2758 2025 7048  915 2782 1046 3066 6831 1404 4645 6331 3432
 3491 2069 2575 3785 3587 2722  893 1395 3154 2813 2180 3662 1765 1194
 3017 3583 1758 2868 3791 3868 3101 1941 3076  946 3097 6621]"
247,0.29722761663195896,29,3583,3740,"[ 817 1665 2758 2025 7048  915 2782 1046 3066 6831 1404 4645 6331 3432
 3491 2069 2575 3785 3587 2722  893 1395 3154 2813 2180 3662 1765 1194
 3017 3740 1758 2868 3791 3868 3101 1941 3076  946 3097 6621]"
248,0.30013889354845136,35,1941,1461,"[ 817 1665 2758 2025 7048  915 2782 1046 3066 6831 1404 4645 6331 3432
 3491 2069 2575 3785 3587 2722  893 1395 3154 2813 2180 3662 1765 1194
 3017 3740 1758 2868 3791 3868 3101 1461 3076  946 3097 6621]"
249,0.29275165655237045,31,2868,1887,"[ 817 1665 2758 2025 7048  915 2782 1046 3066 6831 1404 4645 6331 3432
 3491 2069 2575 3785 3587 2722  893 1395 3154 2813 2180 3662 1765 1194
 3017 3740 1758 1887 3791 3868 3101 1461 3076  946 3097 6621]"
250,0.2949279357869886,14,3491,898,"[ 817 1665 2758 2025 7048  915 2782 1046 3066 6831 1404 4645 6331 3432
  898 2069 2575 3785 3587 2722  893 1395 3154 2813 2180 3662 1765 1194
 3017 3740 1758 1887 3791 3868 3101 1461 3076  946 3097 6621]"
251,0.2933940956396761,38,3097,6754,"[ 817 1665 2758 2025 7048  915 2782 1046 3066 6831 1404 4645 6331 3432
  898 2069 2575 3785 3587 2722  893 1395 3154 2813 2180 3662 1765 1194
 3017 3740 1758 1887 3791 3868 3101 1461 3076  946 6754 6621]"
252,0.2960530193083204,5,915,2260,"[ 817 1665 2758 2025 7048 2260 2782 1046 3066 6831 1404 4645 6331 3432
  898 2069 2575 3785 3587 2722  893 1395 3154 2813 2180 3662 1765 1194
 3017 3740 1758 1887 3791 3868 3101 1461 3076  946 6754 6621]"
253,0.29628380732545473,29,3740,3507,"[ 817 1665 2758 2025 7048 2260 2782 1046 3066 6831 1404 4645 6331 3432
  898 2069 2575 3785 3587 2722  893 1395 3154 2813 2180 3662 1765 1194
 3017 3507 1758 1887 3791 3868 3101 1461 3076  946 6754 6621]"
254,0.3018815264815567,15,2069,2590,"[ 817 1665 2758 2025 7048 2260 2782 1046 3066 6831 1404 4645 6331 3432
  898 2590 2575 3785 3587 2722  893 1395 3154 2813 2180 3662 1765 1194
 3017 3507 1758 1887 3791 3868 3101 1461 3076  946 6754 6621]"
255,0.30046795360082984,37,946,3882,"[ 817 1665 2758 2025 7048 2260 2782 1046 3066 6831 1404 4645 6331 3432
  898 2590 2575 3785 3587 2722  893 1395 3154 2813 2180 3662 1765 1194
 3017 3507 1758 1887 3791 3868 3101 1461 3076 3882 6754 6621]"
256,0.30059153260392757,37,3882,2256,"[ 817 1665 2758 2025 7048 2260 2782 1046 3066 6831 1404 4645 6331 3432
  898 2590 2575 3785 3587 2722  893 1395 3154 2813 2180 3662 1765 1194
 3017 3507 1758 1887 3791 3868 3101 1461 3076 2256 6754 6621]"
257,0.2984951552041901,5,2260,7332,"[ 817 1665 2758 2025 7048 7332 2782 1046 3066 6831 1404 4645 6331 3432
  898 2590 2575 3785 3587 2722  893 1395 3154 2813 2180 3662 1765 1194
 3017 3507 1758 1887 3791 3868 3101 1461 3076 2256 6754 6621]"
258,0.29477290151486246,15,2590,3307,"[ 817 1665 2758 2025 7048 7332 2782 1046 3066 6831 1404 4645 6331 3432
  898 3307 2575 3785 3587 2722  893 1395 3154 2813 2180 3662 1765 1194
 3017 3507 1758 1887 3791 3868 3101 1461 3076 2256 6754 6621]"
259,0.2964133208257198,33,3868,735,"[ 817 1665 2758 2025 7048 7332 2782 1046 3066 6831 1404 4645 6331 3432
  898 3307 2575 3785 3587 2722  893 1395 3154 2813 2180 3662 1765 1194
 3017 3507 1758 1887 3791  735 3101 1461 3076 2256 6754 6621]"
260,0.29813357441949656,38,6754,4156,"[ 817 1665 2758 2025 7048 7332 2782 1046 3066 6831 1404 4645 6331 3432
  898 3307 2575 3785 3587 2722  893 1395 3154 2813 2180 3662 1765 1194
 3017 3507 1758 1887 3791  735 3101 1461 3076 2256 4156 6621]"
261,0.2955247090644225,35,1461,772,"[ 817 1665 2758 2025 7048 7332 2782 1046 3066 6831 1404 4645 6331 3432
  898 3307 2575 3785 3587 2722  893 1395 3154 2813 2180 3662 1765 1194
 3017 3507 1758 1887 3791  735 3101  772 3076 2256 4156 6621]"
262,0.30007953215456656,25,3662,2658,"[ 817 1665 2758 2025 7048 7332 2782 1046 3066 6831 1404 4645 6331 3432
  898 3307 2575 3785 3587 2722  893 1395 3154 2813 2180 2658 1765 1194
 3017 3507 1758 1887 3791  735 3101  772 3076 2256 4156 6621]"
263,0.29936684047643963,1,1665,334,"[ 817  334 2758 2025 7048 7332 2782 1046 3066 6831 1404 4645 6331 3432
  898 3307 2575 3785 3587 2722  893 1395 3154 2813 2180 2658 1765 1194
 3017 3507 1758 1887 3791  735 3101  772 3076 2256 4156 6621]"
264,0.3021320353560362,27,1194,2163,"[ 817  334 2758 2025 7048 7332 2782 1046 3066 6831 1404 4645 6331 3432
  898 3307 2575 3785 3587 2722  893 1395 3154 2813 2180 2658 1765 2163
 3017 3507 1758 1887 3791  735 3101  772 3076 2256 4156 6621]"
265,0.29388875106250734,28,3017,1605,"[ 817  334 2758 2025 7048 7332 2782 1046 3066 6831 1404 4645 6331 3432
  898 3307 2575 3785 3587 2722  893 1395 3154 2813 2180 2658 1765 2163
 1605 3507 1758 1887 3791  735 3101  772 3076 2256 4156 6621]"
266,0.291556457385867,33,735,2213,"[ 817  334 2758 2025 7048 7332 2782 1046 3066 6831 1404 4645 6331 3432
  898 3307 2575 3785 3587 2722  893 1395 3154 2813 2180 2658 1765 2163
 1605 3507 1758 1887 3791 2213 3101  772 3076 2256 4156 6621]"
267,0.2944989325939378,12,6331,1530,"[ 817  334 2758 2025 7048 7332 2782 1046 3066 6831 1404 4645 1530 3432
  898 3307 2575 3785 3587 2722  893 1395 3154 2813 2180 2658 1765 2163
 1605 3507 1758 1887 3791 2213 3101  772 3076 2256 4156 6621]"
268,0.292370580604305,17,3785,6194,"[ 817  334 2758 2025 7048 7332 2782 1046 3066 6831 1404 4645 1530 3432
  898 3307 2575 6194 3587 2722  893 1395 3154 2813 2180 2658 1765 2163
 1605 3507 1758 1887 3791 2213 3101  772 3076 2256 4156 6621]"
269,0.2917536844069052,29,3507,762,"[ 817  334 2758 2025 7048 7332 2782 1046 3066 6831 1404 4645 1530 3432
  898 3307 2575 6194 3587 2722  893 1395 3154 2813 2180 2658 1765 2163
 1605  762 1758 1887 3791 2213 3101  772 3076 2256 4156 6621]"
270,0.28899142371518094,31,1887,7326,"[ 817  334 2758 2025 7048 7332 2782 1046 3066 6831 1404 4645 1530 3432
  898 3307 2575 6194 3587 2722  893 1395 3154 2813 2180 2658 1765 2163
 1605  762 1758 7326 3791 2213 3101  772 3076 2256 4156 6621]"
271,0.28962580587081244,1,334,1666,"[ 817 1666 2758 2025 7048 7332 2782 1046 3066 6831 1404 4645 1530 3432
  898 3307 2575 6194 3587 2722  893 1395 3154 2813 2180 2658 1765 2163
 1605  762 1758 7326 3791 2213 3101  772 3076 2256 4156 6621]"
272,0.29091467536794174,35,772,4134,"[ 817 1666 2758 2025 7048 7332 2782 1046 3066 6831 1404 4645 1530 3432
  898 3307 2575 6194 3587 2722  893 1395 3154 2813 2180 2658 1765 2163
 1605  762 1758 7326 3791 2213 3101 4134 3076 2256 4156 6621]"
273,0.28968182034072065,1,1666,7251,"[ 817 7251 2758 2025 7048 7332 2782 1046 3066 6831 1404 4645 1530 3432
  898 3307 2575 6194 3587 2722  893 1395 3154 2813 2180 2658 1765 2163
 1605  762 1758 7326 3791 2213 3101 4134 3076 2256 4156 6621]"
274,0.2877845115492496,4,7048,3386,"[ 817 7251 2758 2025 3386 7332 2782 1046 3066 6831 1404 4645 1530 3432
  898 3307 2575 6194 3587 2722  893 1395 3154 2813 2180 2658 1765 2163
 1605  762 1758 7326 3791 2213 3101 4134 3076 2256 4156 6621]"
275,0.28847074185370203,5,7332,696,"[ 817 7251 2758 2025 3386  696 2782 1046 3066 6831 1404 4645 1530 3432
  898 3307 2575 6194 3587 2722  893 1395 3154 2813 2180 2658 1765 2163
 1605  762 1758 7326 3791 2213 3101 4134 3076 2256 4156 6621]"
276,0.2872713977966553,26,1765,6048,"[ 817 7251 2758 2025 3386  696 2782 1046 3066 6831 1404 4645 1530 3432
  898 3307 2575 6194 3587 2722  893 1395 3154 2813 2180 2658 6048 2163
 1605  762 1758 7326 3791 2213 3101 4134 3076 2256 4156 6621]"
277,0.2881026075587948,34,3101,1400,"[ 817 7251 2758 2025 3386  696 2782 1046 3066 6831 1404 4645 1530 3432
  898 3307 2575 6194 3587 2722  893 1395 3154 2813 2180 2658 6048 2163
 1605  762 1758 7326 3791 2213 1400 4134 3076 2256 4156 6621]"
278,0.2907872312779383,1,7251,1027,"[ 817 1027 2758 2025 3386  696 2782 1046 3066 6831 1404 4645 1530 3432
  898 3307 2575 6194 3587 2722  893 1395 3154 2813 2180 2658 6048 2163
 1605  762 1758 7326 3791 2213 1400 4134 3076 2256 4156 6621]"
279,0.2913266448613912,34,1400,1313,"[ 817 1027 2758 2025 3386  696 2782 1046 3066 6831 1404 4645 1530 3432
  898 3307 2575 6194 3587 2722  893 1395 3154 2813 2180 2658 6048 2163
 1605  762 1758 7326 3791 2213 1313 4134 3076 2256 4156 6621]"
280,0.2889524255611398,31,7326,6911,"[ 817 1027 2758 2025 3386  696 2782 1046 3066 6831 1404 4645 1530 3432
  898 3307 2575 6194 3587 2722  893 1395 3154 2813 2180 2658 6048 2163
 1605  762 1758 6911 3791 2213 1313 4134 3076 2256 4156 6621]"
281,0.28821902545674316,11,4645,457,"[ 817 1027 2758 2025 3386  696 2782 1046 3066 6831 1404  457 1530 3432
  898 3307 2575 6194 3587 2722  893 1395 3154 2813 2180 2658 6048 2163
 1605  762 1758 6911 3791 2213 1313 4134 3076 2256 4156 6621]"
282,0.2853418005800852,26,6048,268,"[ 817 1027 2758 2025 3386  696 2782 1046 3066 6831 1404  457 1530 3432
  898 3307 2575 6194 3587 2722  893 1395 3154 2813 2180 2658  268 2163
 1605  762 1758 6911 3791 2213 1313 4134 3076 2256 4156 6621]"
283,0.2890789174001573,6,2782,3436,"[ 817 1027 2758 2025 3386  696 3436 1046 3066 6831 1404  457 1530 3432
  898 3307 2575 6194 3587 2722  893 1395 3154 2813 2180 2658  268 2163
 1605  762 1758 6911 3791 2213 1313 4134 3076 2256 4156 6621]"
284,0.28757905583778043,2,2758,4337,"[ 817 1027 4337 2025 3386  696 3436 1046 3066 6831 1404  457 1530 3432
  898 3307 2575 6194 3587 2722  893 1395 3154 2813 2180 2658  268 2163
 1605  762 1758 6911 3791 2213 1313 4134 3076 2256 4156 6621]"
285,0.28668271386853345,38,4156,4696,"[ 817 1027 4337 2025 3386  696 3436 1046 3066 6831 1404  457 1530 3432
  898 3307 2575 6194 3587 2722  893 1395 3154 2813 2180 2658  268 2163
 1605  762 1758 6911 3791 2213 1313 4134 3076 2256 4696 6621]"
286,0.2772882849173794,9,6831,802,"[ 817 1027 4337 2025 3386  696 3436 1046 3066  802 1404  457 1530 3432
  898 3307 2575 6194 3587 2722  893 1395 3154 2813 2180 2658  268 2163
 1605  762 1758 6911 3791 2213 1313 4134 3076 2256 4696 6621]"
287,0.28272791174133166,26,268,7041,"[ 817 1027 4337 2025 3386  696 3436 1046 3066  802 1404  457 1530 3432
  898 3307 2575 6194 3587 2722  893 1395 3154 2813 2180 2658 7041 2163
 1605  762 1758 6911 3791 2213 1313 4134 3076 2256 4696 6621]"
288,0.2796534973449286,32,3791,4142,"[ 817 1027 4337 2025 3386  696 3436 1046 3066  802 1404  457 1530 3432
  898 3307 2575 6194 3587 2722  893 1395 3154 2813 2180 2658 7041 2163
 1605  762 1758 6911 4142 2213 1313 4134 3076 2256 4696 6621]"
289,0.2822442432397082,33,2213,4573,"[ 817 1027 4337 2025 3386  696 3436 1046 3066  802 1404  457 1530 3432
  898 3307 2575 6194 3587 2722  893 1395 3154 2813 2180 2658 7041 2163
 1605  762 1758 6911 4142 4573 1313 4134 3076 2256 4696 6621]"
290,0.2780558297438526,27,2163,559,"[ 817 1027 4337 2025 3386  696 3436 1046 3066  802 1404  457 1530 3432
  898 3307 2575 6194 3587 2722  893 1395 3154 2813 2180 2658 7041  559
 1605  762 1758 6911 4142 4573 1313 4134 3076 2256 4696 6621]"
291,0.2737423854674618,18,3587,1320,"[ 817 1027 4337 2025 3386  696 3436 1046 3066  802 1404  457 1530 3432
  898 3307 2575 6194 1320 2722  893 1395 3154 2813 2180 2658 7041  559
 1605  762 1758 6911 4142 4573 1313 4134 3076 2256 4696 6621]"
292,0.2822227598921234,8,3066,2874,"[ 817 1027 4337 2025 3386  696 3436 1046 2874  802 1404  457 1530 3432
  898 3307 2575 6194 1320 2722  893 1395 3154 2813 2180 2658 7041  559
 1605  762 1758 6911 4142 4573 1313 4134 3076 2256 4696 6621]"
293,0.2849297860018029,21,1395,3515,"[ 817 1027 4337 2025 3386  696 3436 1046 2874  802 1404  457 1530 3432
  898 3307 2575 6194 1320 2722  893 3515 3154 2813 2180 2658 7041  559
 1605  762 1758 6911 4142 4573 1313 4134 3076 2256 4696 6621]"
294,0.28155142160777835,29,762,5045,"[ 817 1027 4337 2025 3386  696 3436 1046 2874  802 1404  457 1530 3432
  898 3307 2575 6194 1320 2722  893 3515 3154 2813 2180 2658 7041  559
 1605 5045 1758 6911 4142 4573 1313 4134 3076 2256 4696 6621]"
295,0.284399766932884,17,6194,3812,"[ 817 1027 4337 2025 3386  696 3436 1046 2874  802 1404  457 1530 3432
  898 3307 2575 3812 1320 2722  893 3515 3154 2813 2180 2658 7041  559
 1605 5045 1758 6911 4142 4573 1313 4134 3076 2256 4696 6621]"
296,0.27612362654124045,6,3436,1609,"[ 817 1027 4337 2025 3386  696 1609 1046 2874  802 1404  457 1530 3432
  898 3307 2575 3812 1320 2722  893 3515 3154 2813 2180 2658 7041  559
 1605 5045 1758 6911 4142 4573 1313 4134 3076 2256 4696 6621]"
297,0.28824382479071825,0,817,3722,"[3722 1027 4337 2025 3386  696 1609 1046 2874  802 1404  457 1530 3432
  898 3307 2575 3812 1320 2722  893 3515 3154 2813 2180 2658 7041  559
 1605 5045 1758 6911 4142 4573 1313 4134 3076 2256 4696 6621]"
298,0.28679217046000616,10,1404,7324,"[3722 1027 4337 2025 3386  696 1609 1046 2874  802 7324  457 1530 3432
  898 3307 2575 3812 1320 2722  893 3515 3154 2813 2180 2658 7041  559
 1605 5045 1758 6911 4142 4573 1313 4134 3076 2256 4696 6621]"
299,0.29270868694418267,29,5045,621,"[3722 1027 4337 2025 3386  696 1609 1046 2874  802 7324  457 1530 3432
  898 3307 2575 3812 1320 2722  893 3515 3154 2813 2180 2658 7041  559
 1605  621 1758 6911 4142 4573 1313 4134 3076 2256 4696 6621]"
300,0.29116061880917676,24,2180,3066,"[3722 1027 4337 2025 3386  696 1609 1046 2874  802 7324  457 1530 3432
  898 3307 2575 3812 1320 2722  893 3515 3154 2813 3066 2658 7041  559
 1605  621 1758 6911 4142 4573 1313 4134 3076 2256 4696 6621]"
301,0.27895300694064823,0,3722,6194,"[6194 1027 4337 2025 3386  696 1609 1046 2874  802 7324  457 1530 3432
  898 3307 2575 3812 1320 2722  893 3515 3154 2813 3066 2658 7041  559
 1605  621 1758 6911 4142 4573 1313 4134 3076 2256 4696 6621]"
302,0.2878802889889439,1,1027,3653,"[6194 3653 4337 2025 3386  696 1609 1046 2874  802 7324  457 1530 3432
  898 3307 2575 3812 1320 2722  893 3515 3154 2813 3066 2658 7041  559
 1605  621 1758 6911 4142 4573 1313 4134 3076 2256 4696 6621]"
303,0.28607533623038695,16,2575,952,"[6194 3653 4337 2025 3386  696 1609 1046 2874  802 7324  457 1530 3432
  898 3307  952 3812 1320 2722  893 3515 3154 2813 3066 2658 7041  559
 1605  621 1758 6911 4142 4573 1313 4134 3076 2256 4696 6621]"
304,0.2885693480920642,6,1609,1474,"[6194 3653 4337 2025 3386  696 1474 1046 2874  802 7324  457 1530 3432
  898 3307  952 3812 1320 2722  893 3515 3154 2813 3066 2658 7041  559
 1605  621 1758 6911 4142 4573 1313 4134 3076 2256 4696 6621]"
305,0.28822373196334394,15,3307,2363,"[6194 3653 4337 2025 3386  696 1474 1046 2874  802 7324  457 1530 3432
  898 2363  952 3812 1320 2722  893 3515 3154 2813 3066 2658 7041  559
 1605  621 1758 6911 4142 4573 1313 4134 3076 2256 4696 6621]"
306,0.282744814153168,39,6621,4088,"[6194 3653 4337 2025 3386  696 1474 1046 2874  802 7324  457 1530 3432
  898 2363  952 3812 1320 2722  893 3515 3154 2813 3066 2658 7041  559
 1605  621 1758 6911 4142 4573 1313 4134 3076 2256 4696 4088]"
307,0.2871677973896539,10,7324,2938,"[6194 3653 4337 2025 3386  696 1474 1046 2874  802 2938  457 1530 3432
  898 2363  952 3812 1320 2722  893 3515 3154 2813 3066 2658 7041  559
 1605  621 1758 6911 4142 4573 1313 4134 3076 2256 4696 4088]"
308,0.28617107738060493,25,2658,1398,"[6194 3653 4337 2025 3386  696 1474 1046 2874  802 2938  457 1530 3432
  898 2363  952 3812 1320 2722  893 3515 3154 2813 3066 1398 7041  559
 1605  621 1758 6911 4142 4573 1313 4134 3076 2256 4696 4088]"
309,0.2869848363728908,9,802,2072,"[6194 3653 4337 2025 3386  696 1474 1046 2874 2072 2938  457 1530 3432
  898 2363  952 3812 1320 2722  893 3515 3154 2813 3066 1398 7041  559
 1605  621 1758 6911 4142 4573 1313 4134 3076 2256 4696 4088]"
310,0.27969495854445564,37,2256,2827,"[6194 3653 4337 2025 3386  696 1474 1046 2874 2072 2938  457 1530 3432
  898 2363  952 3812 1320 2722  893 3515 3154 2813 3066 1398 7041  559
 1605  621 1758 6911 4142 4573 1313 4134 3076 2827 4696 4088]"
311,0.2806713777615345,21,3515,3436,"[6194 3653 4337 2025 3386  696 1474 1046 2874 2072 2938  457 1530 3432
  898 2363  952 3812 1320 2722  893 3436 3154 2813 3066 1398 7041  559
 1605  621 1758 6911 4142 4573 1313 4134 3076 2827 4696 4088]"
312,0.28899704740151755,27,559,6904,"[6194 3653 4337 2025 3386  696 1474 1046 2874 2072 2938  457 1530 3432
  898 2363  952 3812 1320 2722  893 3436 3154 2813 3066 1398 7041 6904
 1605  621 1758 6911 4142 4573 1313 4134 3076 2827 4696 4088]"
313,0.29129310884083404,6,1474,2518,"[6194 3653 4337 2025 3386  696 2518 1046 2874 2072 2938  457 1530 3432
  898 2363  952 3812 1320 2722  893 3436 3154 2813 3066 1398 7041 6904
 1605  621 1758 6911 4142 4573 1313 4134 3076 2827 4696 4088]"
314,0.2971407014258795,5,696,2186,"[6194 3653 4337 2025 3386 2186 2518 1046 2874 2072 2938  457 1530 3432
  898 2363  952 3812 1320 2722  893 3436 3154 2813 3066 1398 7041 6904
 1605  621 1758 6911 4142 4573 1313 4134 3076 2827 4696 4088]"
315,0.29615703554357214,36,3076,981,"[6194 3653 4337 2025 3386 2186 2518 1046 2874 2072 2938  457 1530 3432
  898 2363  952 3812 1320 2722  893 3436 3154 2813 3066 1398 7041 6904
 1605  621 1758 6911 4142 4573 1313 4134  981 2827 4696 4088]"
316,0.2974291887232777,18,1320,1238,"[6194 3653 4337 2025 3386 2186 2518 1046 2874 2072 2938  457 1530 3432
  898 2363  952 3812 1238 2722  893 3436 3154 2813 3066 1398 7041 6904
 1605  621 1758 6911 4142 4573 1313 4134  981 2827 4696 4088]"
317,0.30208285810388547,37,2827,2040,"[6194 3653 4337 2025 3386 2186 2518 1046 2874 2072 2938  457 1530 3432
  898 2363  952 3812 1238 2722  893 3436 3154 2813 3066 1398 7041 6904
 1605  621 1758 6911 4142 4573 1313 4134  981 2040 4696 4088]"
318,0.3019890429380359,11,457,2439,"[6194 3653 4337 2025 3386 2186 2518 1046 2874 2072 2938 2439 1530 3432
  898 2363  952 3812 1238 2722  893 3436 3154 2813 3066 1398 7041 6904
 1605  621 1758 6911 4142 4573 1313 4134  981 2040 4696 4088]"
319,0.30204140204667407,31,6911,3393,"[6194 3653 4337 2025 3386 2186 2518 1046 2874 2072 2938 2439 1530 3432
  898 2363  952 3812 1238 2722  893 3436 3154 2813 3066 1398 7041 6904
 1605  621 1758 3393 4142 4573 1313 4134  981 2040 4696 4088]"
320,0.29904263339086956,24,3066,2460,"[6194 3653 4337 2025 3386 2186 2518 1046 2874 2072 2938 2439 1530 3432
  898 2363  952 3812 1238 2722  893 3436 3154 2813 2460 1398 7041 6904
 1605  621 1758 3393 4142 4573 1313 4134  981 2040 4696 4088]"
321,0.2942685274715752,6,2518,1717,"[6194 3653 4337 2025 3386 2186 1717 1046 2874 2072 2938 2439 1530 3432
  898 2363  952 3812 1238 2722  893 3436 3154 2813 2460 1398 7041 6904
 1605  621 1758 3393 4142 4573 1313 4134  981 2040 4696 4088]"
322,0.2929013567937276,16,952,3143,"[6194 3653 4337 2025 3386 2186 1717 1046 2874 2072 2938 2439 1530 3432
  898 2363 3143 3812 1238 2722  893 3436 3154 2813 2460 1398 7041 6904
 1605  621 1758 3393 4142 4573 1313 4134  981 2040 4696 4088]"
323,0.29285636201070003,24,2460,474,"[6194 3653 4337 2025 3386 2186 1717 1046 2874 2072 2938 2439 1530 3432
  898 2363 3143 3812 1238 2722  893 3436 3154 2813  474 1398 7041 6904
 1605  621 1758 3393 4142 4573 1313 4134  981 2040 4696 4088]"
324,0.2912264751740645,12,1530,2389,"[6194 3653 4337 2025 3386 2186 1717 1046 2874 2072 2938 2439 2389 3432
  898 2363 3143 3812 1238 2722  893 3436 3154 2813  474 1398 7041 6904
 1605  621 1758 3393 4142 4573 1313 4134  981 2040 4696 4088]"
325,0.2916572073357749,19,2722,1621,"[6194 3653 4337 2025 3386 2186 1717 1046 2874 2072 2938 2439 2389 3432
  898 2363 3143 3812 1238 1621  893 3436 3154 2813  474 1398 7041 6904
 1605  621 1758 3393 4142 4573 1313 4134  981 2040 4696 4088]"
326,0.29049160277951214,18,1238,3029,"[6194 3653 4337 2025 3386 2186 1717 1046 2874 2072 2938 2439 2389 3432
  898 2363 3143 3812 3029 1621  893 3436 3154 2813  474 1398 7041 6904
 1605  621 1758 3393 4142 4573 1313 4134  981 2040 4696 4088]"
327,0.29822412131863046,14,898,3590,"[6194 3653 4337 2025 3386 2186 1717 1046 2874 2072 2938 2439 2389 3432
 3590 2363 3143 3812 3029 1621  893 3436 3154 2813  474 1398 7041 6904
 1605  621 1758 3393 4142 4573 1313 4134  981 2040 4696 4088]"
328,0.29631597609528,22,3154,3233,"[6194 3653 4337 2025 3386 2186 1717 1046 2874 2072 2938 2439 2389 3432
 3590 2363 3143 3812 3029 1621  893 3436 3233 2813  474 1398 7041 6904
 1605  621 1758 3393 4142 4573 1313 4134  981 2040 4696 4088]"
329,0.29854551695379733,23,2813,1905,"[6194 3653 4337 2025 3386 2186 1717 1046 2874 2072 2938 2439 2389 3432
 3590 2363 3143 3812 3029 1621  893 3436 3233 1905  474 1398 7041 6904
 1605  621 1758 3393 4142 4573 1313 4134  981 2040 4696 4088]"
330,0.2956916988107189,26,7041,4291,"[6194 3653 4337 2025 3386 2186 1717 1046 2874 2072 2938 2439 2389 3432
 3590 2363 3143 3812 3029 1621  893 3436 3233 1905  474 1398 4291 6904
 1605  621 1758 3393 4142 4573 1313 4134  981 2040 4696 4088]"
331,0.2972836175943706,13,3432,2444,"[6194 3653 4337 2025 3386 2186 1717 1046 2874 2072 2938 2439 2389 2444
 3590 2363 3143 3812 3029 1621  893 3436 3233 1905  474 1398 4291 6904
 1605  621 1758 3393 4142 4573 1313 4134  981 2040 4696 4088]"
332,0.2890672754257861,21,3436,3350,"[6194 3653 4337 2025 3386 2186 1717 1046 2874 2072 2938 2439 2389 2444
 3590 2363 3143 3812 3029 1621  893 3350 3233 1905  474 1398 4291 6904
 1605  621 1758 3393 4142 4573 1313 4134  981 2040 4696 4088]"
333,0.28853513959943106,21,3350,2826,"[6194 3653 4337 2025 3386 2186 1717 1046 2874 2072 2938 2439 2389 2444
 3590 2363 3143 3812 3029 1621  893 2826 3233 1905  474 1398 4291 6904
 1605  621 1758 3393 4142 4573 1313 4134  981 2040 4696 4088]"
334,0.28705105591126945,14,3590,3719,"[6194 3653 4337 2025 3386 2186 1717 1046 2874 2072 2938 2439 2389 2444
 3719 2363 3143 3812 3029 1621  893 2826 3233 1905  474 1398 4291 6904
 1605  621 1758 3393 4142 4573 1313 4134  981 2040 4696 4088]"
335,0.28981597511300766,22,3233,6908,"[6194 3653 4337 2025 3386 2186 1717 1046 2874 2072 2938 2439 2389 2444
 3719 2363 3143 3812 3029 1621  893 2826 6908 1905  474 1398 4291 6904
 1605  621 1758 3393 4142 4573 1313 4134  981 2040 4696 4088]"
336,0.2879302720143987,35,4134,2881,"[6194 3653 4337 2025 3386 2186 1717 1046 2874 2072 2938 2439 2389 2444
 3719 2363 3143 3812 3029 1621  893 2826 6908 1905  474 1398 4291 6904
 1605  621 1758 3393 4142 4573 1313 2881  981 2040 4696 4088]"
337,0.2822309766828475,29,621,4008,"[6194 3653 4337 2025 3386 2186 1717 1046 2874 2072 2938 2439 2389 2444
 3719 2363 3143 3812 3029 1621  893 2826 6908 1905  474 1398 4291 6904
 1605 4008 1758 3393 4142 4573 1313 2881  981 2040 4696 4088]"
338,0.2801371748060357,20,893,1682,"[6194 3653 4337 2025 3386 2186 1717 1046 2874 2072 2938 2439 2389 2444
 3719 2363 3143 3812 3029 1621 1682 2826 6908 1905  474 1398 4291 6904
 1605 4008 1758 3393 4142 4573 1313 2881  981 2040 4696 4088]"
339,0.2821223576781868,20,1682,2643,"[6194 3653 4337 2025 3386 2186 1717 1046 2874 2072 2938 2439 2389 2444
 3719 2363 3143 3812 3029 1621 2643 2826 6908 1905  474 1398 4291 6904
 1605 4008 1758 3393 4142 4573 1313 2881  981 2040 4696 4088]"
340,0.2831369696327915,33,4573,762,"[6194 3653 4337 2025 3386 2186 1717 1046 2874 2072 2938 2439 2389 2444
 3719 2363 3143 3812 3029 1621 2643 2826 6908 1905  474 1398 4291 6904
 1605 4008 1758 3393 4142  762 1313 2881  981 2040 4696 4088]"
341,0.28198540495870394,2,4337,5486,"[6194 3653 5486 2025 3386 2186 1717 1046 2874 2072 2938 2439 2389 2444
 3719 2363 3143 3812 3029 1621 2643 2826 6908 1905  474 1398 4291 6904
 1605 4008 1758 3393 4142  762 1313 2881  981 2040 4696 4088]"
342,0.291263553004064,2,5486,594,"[6194 3653  594 2025 3386 2186 1717 1046 2874 2072 2938 2439 2389 2444
 3719 2363 3143 3812 3029 1621 2643 2826 6908 1905  474 1398 4291 6904
 1605 4008 1758 3393 4142  762 1313 2881  981 2040 4696 4088]"
343,0.28564037418502997,3,2025,2008,"[6194 3653  594 2008 3386 2186 1717 1046 2874 2072 2938 2439 2389 2444
 3719 2363 3143 3812 3029 1621 2643 2826 6908 1905  474 1398 4291 6904
 1605 4008 1758 3393 4142  762 1313 2881  981 2040 4696 4088]"
344,0.28729977703739107,11,2439,1164,"[6194 3653  594 2008 3386 2186 1717 1046 2874 2072 2938 1164 2389 2444
 3719 2363 3143 3812 3029 1621 2643 2826 6908 1905  474 1398 4291 6904
 1605 4008 1758 3393 4142  762 1313 2881  981 2040 4696 4088]"
345,0.2889097691240788,29,4008,3781,"[6194 3653  594 2008 3386 2186 1717 1046 2874 2072 2938 1164 2389 2444
 3719 2363 3143 3812 3029 1621 2643 2826 6908 1905  474 1398 4291 6904
 1605 3781 1758 3393 4142  762 1313 2881  981 2040 4696 4088]"
346,0.2897583349088844,12,2389,385,"[6194 3653  594 2008 3386 2186 1717 1046 2874 2072 2938 1164  385 2444
 3719 2363 3143 3812 3029 1621 2643 2826 6908 1905  474 1398 4291 6904
 1605 3781 1758 3393 4142  762 1313 2881  981 2040 4696 4088]"
347,0.29104788610822147,17,3812,6047,"[6194 3653  594 2008 3386 2186 1717 1046 2874 2072 2938 1164  385 2444
 3719 2363 3143 6047 3029 1621 2643 2826 6908 1905  474 1398 4291 6904
 1605 3781 1758 3393 4142  762 1313 2881  981 2040 4696 4088]"
348,0.29073706165545227,33,762,2170,"[6194 3653  594 2008 3386 2186 1717 1046 2874 2072 2938 1164  385 2444
 3719 2363 3143 6047 3029 1621 2643 2826 6908 1905  474 1398 4291 6904
 1605 3781 1758 3393 4142 2170 1313 2881  981 2040 4696 4088]"
349,0.2868662347774801,28,1605,3281,"[6194 3653  594 2008 3386 2186 1717 1046 2874 2072 2938 1164  385 2444
 3719 2363 3143 6047 3029 1621 2643 2826 6908 1905  474 1398 4291 6904
 3281 3781 1758 3393 4142 2170 1313 2881  981 2040 4696 4088]"
350,0.2899806421500638,6,1717,885,"[6194 3653  594 2008 3386 2186  885 1046 2874 2072 2938 1164  385 2444
 3719 2363 3143 6047 3029 1621 2643 2826 6908 1905  474 1398 4291 6904
 3281 3781 1758 3393 4142 2170 1313 2881  981 2040 4696 4088]"
351,0.29079501852046447,20,2643,7188,"[6194 3653  594 2008 3386 2186  885 1046 2874 2072 2938 1164  385 2444
 3719 2363 3143 6047 3029 1621 7188 2826 6908 1905  474 1398 4291 6904
 3281 3781 1758 3393 4142 2170 1313 2881  981 2040 4696 4088]"
352,0.2840736552843357,14,3719,7326,"[6194 3653  594 2008 3386 2186  885 1046 2874 2072 2938 1164  385 2444
 7326 2363 3143 6047 3029 1621 7188 2826 6908 1905  474 1398 4291 6904
 3281 3781 1758 3393 4142 2170 1313 2881  981 2040 4696 4088]"
353,0.286424569304084,17,6047,1948,"[6194 3653  594 2008 3386 2186  885 1046 2874 2072 2938 1164  385 2444
 7326 2363 3143 1948 3029 1621 7188 2826 6908 1905  474 1398 4291 6904
 3281 3781 1758 3393 4142 2170 1313 2881  981 2040 4696 4088]"
354,0.29377804259753876,30,1758,3517,"[6194 3653  594 2008 3386 2186  885 1046 2874 2072 2938 1164  385 2444
 7326 2363 3143 1948 3029 1621 7188 2826 6908 1905  474 1398 4291 6904
 3281 3781 3517 3393 4142 2170 1313 2881  981 2040 4696 4088]"
355,0.29670617659614523,5,2186,2259,"[6194 3653  594 2008 3386 2259  885 1046 2874 2072 2938 1164  385 2444
 7326 2363 3143 1948 3029 1621 7188 2826 6908 1905  474 1398 4291 6904
 3281 3781 3517 3393 4142 2170 1313 2881  981 2040 4696 4088]"
356,0.2995785228913387,28,3281,3360,"[6194 3653  594 2008 3386 2259  885 1046 2874 2072 2938 1164  385 2444
 7326 2363 3143 1948 3029 1621 7188 2826 6908 1905  474 1398 4291 6904
 3360 3781 3517 3393 4142 2170 1313 2881  981 2040 4696 4088]"
357,0.29946249625370874,13,2444,1464,"[6194 3653  594 2008 3386 2259  885 1046 2874 2072 2938 1164  385 1464
 7326 2363 3143 1948 3029 1621 7188 2826 6908 1905  474 1398 4291 6904
 3360 3781 3517 3393 4142 2170 1313 2881  981 2040 4696 4088]"
358,0.2980186099848595,0,6194,2695,"[2695 3653  594 2008 3386 2259  885 1046 2874 2072 2938 1164  385 1464
 7326 2363 3143 1948 3029 1621 7188 2826 6908 1905  474 1398 4291 6904
 3360 3781 3517 3393 4142 2170 1313 2881  981 2040 4696 4088]"
359,0.2956551300554527,18,3029,1302,"[2695 3653  594 2008 3386 2259  885 1046 2874 2072 2938 1164  385 1464
 7326 2363 3143 1948 1302 1621 7188 2826 6908 1905  474 1398 4291 6904
 3360 3781 3517 3393 4142 2170 1313 2881  981 2040 4696 4088]"
360,0.2937901177495219,6,885,4358,"[2695 3653  594 2008 3386 2259 4358 1046 2874 2072 2938 1164  385 1464
 7326 2363 3143 1948 1302 1621 7188 2826 6908 1905  474 1398 4291 6904
 3360 3781 3517 3393 4142 2170 1313 2881  981 2040 4696 4088]"
361,0.29306231966012697,36,981,2713,"[2695 3653  594 2008 3386 2259 4358 1046 2874 2072 2938 1164  385 1464
 7326 2363 3143 1948 1302 1621 7188 2826 6908 1905  474 1398 4291 6904
 3360 3781 3517 3393 4142 2170 1313 2881 2713 2040 4696 4088]"
362,0.2932889728210189,39,4088,4207,"[2695 3653  594 2008 3386 2259 4358 1046 2874 2072 2938 1164  385 1464
 7326 2363 3143 1948 1302 1621 7188 2826 6908 1905  474 1398 4291 6904
 3360 3781 3517 3393 4142 2170 1313 2881 2713 2040 4696 4207]"
363,0.29579644529573906,32,4142,895,"[2695 3653  594 2008 3386 2259 4358 1046 2874 2072 2938 1164  385 1464
 7326 2363 3143 1948 1302 1621 7188 2826 6908 1905  474 1398 4291 6904
 3360 3781 3517 3393  895 2170 1313 2881 2713 2040 4696 4207]"
364,0.29464315711472217,39,4207,2475,"[2695 3653  594 2008 3386 2259 4358 1046 2874 2072 2938 1164  385 1464
 7326 2363 3143 1948 1302 1621 7188 2826 6908 1905  474 1398 4291 6904
 3360 3781 3517 3393  895 2170 1313 2881 2713 2040 4696 2475]"
365,0.29927277966210747,33,2170,764,"[2695 3653  594 2008 3386 2259 4358 1046 2874 2072 2938 1164  385 1464
 7326 2363 3143 1948 1302 1621 7188 2826 6908 1905  474 1398 4291 6904
 3360 3781 3517 3393  895  764 1313 2881 2713 2040 4696 2475]"
366,0.29689053722573266,15,2363,3857,"[2695 3653  594 2008 3386 2259 4358 1046 2874 2072 2938 1164  385 1464
 7326 3857 3143 1948 1302 1621 7188 2826 6908 1905  474 1398 4291 6904
 3360 3781 3517 3393  895  764 1313 2881 2713 2040 4696 2475]"
367,0.28868781299911705,1,3653,2579,"[2695 2579  594 2008 3386 2259 4358 1046 2874 2072 2938 1164  385 1464
 7326 3857 3143 1948 1302 1621 7188 2826 6908 1905  474 1398 4291 6904
 3360 3781 3517 3393  895  764 1313 2881 2713 2040 4696 2475]"
368,0.2850208954956191,17,1948,1178,"[2695 2579  594 2008 3386 2259 4358 1046 2874 2072 2938 1164  385 1464
 7326 3857 3143 1178 1302 1621 7188 2826 6908 1905  474 1398 4291 6904
 3360 3781 3517 3393  895  764 1313 2881 2713 2040 4696 2475]"
369,0.28744265509521194,12,385,6260,"[2695 2579  594 2008 3386 2259 4358 1046 2874 2072 2938 1164 6260 1464
 7326 3857 3143 1178 1302 1621 7188 2826 6908 1905  474 1398 4291 6904
 3360 3781 3517 3393  895  764 1313 2881 2713 2040 4696 2475]"
370,0.2901007400045424,7,1046,672,"[2695 2579  594 2008 3386 2259 4358  672 2874 2072 2938 1164 6260 1464
 7326 3857 3143 1178 1302 1621 7188 2826 6908 1905  474 1398 4291 6904
 3360 3781 3517 3393  895  764 1313 2881 2713 2040 4696 2475]"
371,0.293078897415218,25,1398,1884,"[2695 2579  594 2008 3386 2259 4358  672 2874 2072 2938 1164 6260 1464
 7326 3857 3143 1178 1302 1621 7188 2826 6908 1905  474 1884 4291 6904
 3360 3781 3517 3393  895  764 1313 2881 2713 2040 4696 2475]"
372,0.2921739306441873,9,2072,2566,"[2695 2579  594 2008 3386 2259 4358  672 2874 2566 2938 1164 6260 1464
 7326 3857 3143 1178 1302 1621 7188 2826 6908 1905  474 1884 4291 6904
 3360 3781 3517 3393  895  764 1313 2881 2713 2040 4696 2475]"
373,0.2985311723502887,39,2475,2584,"[2695 2579  594 2008 3386 2259 4358  672 2874 2566 2938 1164 6260 1464
 7326 3857 3143 1178 1302 1621 7188 2826 6908 1905  474 1884 4291 6904
 3360 3781 3517 3393  895  764 1313 2881 2713 2040 4696 2584]"
374,0.2983948702314774,23,1905,956,"[2695 2579  594 2008 3386 2259 4358  672 2874 2566 2938 1164 6260 1464
 7326 3857 3143 1178 1302 1621 7188 2826 6908  956  474 1884 4291 6904
 3360 3781 3517 3393  895  764 1313 2881 2713 2040 4696 2584]"
375,0.2903285589763575,10,2938,4023,"[2695 2579  594 2008 3386 2259 4358  672 2874 2566 4023 1164 6260 1464
 7326 3857 3143 1178 1302 1621 7188 2826 6908  956  474 1884 4291 6904
 3360 3781 3517 3393  895  764 1313 2881 2713 2040 4696 2584]"
376,0.2903756507968667,9,2566,3230,"[2695 2579  594 2008 3386 2259 4358  672 2874 3230 4023 1164 6260 1464
 7326 3857 3143 1178 1302 1621 7188 2826 6908  956  474 1884 4291 6904
 3360 3781 3517 3393  895  764 1313 2881 2713 2040 4696 2584]"
377,0.2892057577289531,22,6908,3420,"[2695 2579  594 2008 3386 2259 4358  672 2874 3230 4023 1164 6260 1464
 7326 3857 3143 1178 1302 1621 7188 2826 3420  956  474 1884 4291 6904
 3360 3781 3517 3393  895  764 1313 2881 2713 2040 4696 2584]"
378,0.294716258631446,25,1884,3721,"[2695 2579  594 2008 3386 2259 4358  672 2874 3230 4023 1164 6260 1464
 7326 3857 3143 1178 1302 1621 7188 2826 3420  956  474 3721 4291 6904
 3360 3781 3517 3393  895  764 1313 2881 2713 2040 4696 2584]"
379,0.299027760100858,24,474,2034,"[2695 2579  594 2008 3386 2259 4358  672 2874 3230 4023 1164 6260 1464
 7326 3857 3143 1178 1302 1621 7188 2826 3420  956 2034 3721 4291 6904
 3360 3781 3517 3393  895  764 1313 2881 2713 2040 4696 2584]"
380,0.29934820091400605,2,594,2589,"[2695 2579 2589 2008 3386 2259 4358  672 2874 3230 4023 1164 6260 1464
 7326 3857 3143 1178 1302 1621 7188 2826 3420  956 2034 3721 4291 6904
 3360 3781 3517 3393  895  764 1313 2881 2713 2040 4696 2584]"
381,0.29706759985115927,35,2881,4202,"[2695 2579 2589 2008 3386 2259 4358  672 2874 3230 4023 1164 6260 1464
 7326 3857 3143 1178 1302 1621 7188 2826 3420  956 2034 3721 4291 6904
 3360 3781 3517 3393  895  764 1313 4202 2713 2040 4696 2584]"
382,0.29787115481566107,13,1464,2292,"[2695 2579 2589 2008 3386 2259 4358  672 2874 3230 4023 1164 6260 2292
 7326 3857 3143 1178 1302 1621 7188 2826 3420  956 2034 3721 4291 6904
 3360 3781 3517 3393  895  764 1313 4202 2713 2040 4696 2584]"
383,0.29815036908997755,21,2826,4159,"[2695 2579 2589 2008 3386 2259 4358  672 2874 3230 4023 1164 6260 2292
 7326 3857 3143 1178 1302 1621 7188 4159 3420  956 2034 3721 4291 6904
 3360 3781 3517 3393  895  764 1313 4202 2713 2040 4696 2584]"
384,0.29080386961201454,30,3517,2451,"[2695 2579 2589 2008 3386 2259 4358  672 2874 3230 4023 1164 6260 2292
 7326 3857 3143 1178 1302 1621 7188 4159 3420  956 2034 3721 4291 6904
 3360 3781 2451 3393  895  764 1313 4202 2713 2040 4696 2584]"
385,0.28904703910170537,17,1178,2886,"[2695 2579 2589 2008 3386 2259 4358  672 2874 3230 4023 1164 6260 2292
 7326 3857 3143 2886 1302 1621 7188 4159 3420  956 2034 3721 4291 6904
 3360 3781 2451 3393  895  764 1313 4202 2713 2040 4696 2584]"
386,0.28853589035966387,36,2713,4009,"[2695 2579 2589 2008 3386 2259 4358  672 2874 3230 4023 1164 6260 2292
 7326 3857 3143 2886 1302 1621 7188 4159 3420  956 2034 3721 4291 6904
 3360 3781 2451 3393  895  764 1313 4202 4009 2040 4696 2584]"
387,0.2921162543270514,15,3857,2354,"[2695 2579 2589 2008 3386 2259 4358  672 2874 3230 4023 1164 6260 2292
 7326 2354 3143 2886 1302 1621 7188 4159 3420  956 2034 3721 4291 6904
 3360 3781 2451 3393  895  764 1313 4202 4009 2040 4696 2584]"
388,0.29086699161033686,13,2292,2637,"[2695 2579 2589 2008 3386 2259 4358  672 2874 3230 4023 1164 6260 2637
 7326 2354 3143 2886 1302 1621 7188 4159 3420  956 2034 3721 4291 6904
 3360 3781 2451 3393  895  764 1313 4202 4009 2040 4696 2584]"
389,0.28898009406733405,20,7188,1977,"[2695 2579 2589 2008 3386 2259 4358  672 2874 3230 4023 1164 6260 2637
 7326 2354 3143 2886 1302 1621 1977 4159 3420  956 2034 3721 4291 6904
 3360 3781 2451 3393  895  764 1313 4202 4009 2040 4696 2584]"
390,0.2930350581359532,4,3386,6684,"[2695 2579 2589 2008 6684 2259 4358  672 2874 3230 4023 1164 6260 2637
 7326 2354 3143 2886 1302 1621 1977 4159 3420  956 2034 3721 4291 6904
 3360 3781 2451 3393  895  764 1313 4202 4009 2040 4696 2584]"
391,0.28355582901395077,25,3721,1196,"[2695 2579 2589 2008 6684 2259 4358  672 2874 3230 4023 1164 6260 2637
 7326 2354 3143 2886 1302 1621 1977 4159 3420  956 2034 1196 4291 6904
 3360 3781 2451 3393  895  764 1313 4202 4009 2040 4696 2584]"
392,0.2832249117124748,25,1196,1803,"[2695 2579 2589 2008 6684 2259 4358  672 2874 3230 4023 1164 6260 2637
 7326 2354 3143 2886 1302 1621 1977 4159 3420  956 2034 1803 4291 6904
 3360 3781 2451 3393  895  764 1313 4202 4009 2040 4696 2584]"
393,0.2830837891433527,12,6260,449,"[2695 2579 2589 2008 6684 2259 4358  672 2874 3230 4023 1164  449 2637
 7326 2354 3143 2886 1302 1621 1977 4159 3420  956 2034 1803 4291 6904
 3360 3781 2451 3393  895  764 1313 4202 4009 2040 4696 2584]"
394,0.2879484656955026,7,672,6617,"[2695 2579 2589 2008 6684 2259 4358 6617 2874 3230 4023 1164  449 2637
 7326 2354 3143 2886 1302 1621 1977 4159 3420  956 2034 1803 4291 6904
 3360 3781 2451 3393  895  764 1313 4202 4009 2040 4696 2584]"
395,0.28993889854815086,27,6904,1743,"[2695 2579 2589 2008 6684 2259 4358 6617 2874 3230 4023 1164  449 2637
 7326 2354 3143 2886 1302 1621 1977 4159 3420  956 2034 1803 4291 1743
 3360 3781 2451 3393  895  764 1313 4202 4009 2040 4696 2584]"
396,0.2972447438577116,17,2886,3152,"[2695 2579 2589 2008 6684 2259 4358 6617 2874 3230 4023 1164  449 2637
 7326 2354 3143 3152 1302 1621 1977 4159 3420  956 2034 1803 4291 1743
 3360 3781 2451 3393  895  764 1313 4202 4009 2040 4696 2584]"
397,0.29628947412030715,22,3420,1539,"[2695 2579 2589 2008 6684 2259 4358 6617 2874 3230 4023 1164  449 2637
 7326 2354 3143 3152 1302 1621 1977 4159 1539  956 2034 1803 4291 1743
 3360 3781 2451 3393  895  764 1313 4202 4009 2040 4696 2584]"
398,0.3022000995643799,0,2695,3647,"[3647 2579 2589 2008 6684 2259 4358 6617 2874 3230 4023 1164  449 2637
 7326 2354 3143 3152 1302 1621 1977 4159 1539  956 2034 1803 4291 1743
 3360 3781 2451 3393  895  764 1313 4202 4009 2040 4696 2584]"
399,0.30567550818486,21,4159,7195,"[3647 2579 2589 2008 6684 2259 4358 6617 2874 3230 4023 1164  449 2637
 7326 2354 3143 3152 1302 1621 1977 7195 1539  956 2034 1803 4291 1743
 3360 3781 2451 3393  895  764 1313 4202 4009 2040 4696 2584]"
400,0.3066636034816097,25,1803,3210,"[3647 2579 2589 2008 6684 2259 4358 6617 2874 3230 4023 1164  449 2637
 7326 2354 3143 3152 1302 1621 1977 7195 1539  956 2034 3210 4291 1743
 3360 3781 2451 3393  895  764 1313 4202 4009 2040 4696 2584]"
401,0.30759697925171864,35,4202,3800,"[3647 2579 2589 2008 6684 2259 4358 6617 2874 3230 4023 1164  449 2637
 7326 2354 3143 3152 1302 1621 1977 7195 1539  956 2034 3210 4291 1743
 3360 3781 2451 3393  895  764 1313 3800 4009 2040 4696 2584]"
402,0.3090008476681635,19,1621,6623,"[3647 2579 2589 2008 6684 2259 4358 6617 2874 3230 4023 1164  449 2637
 7326 2354 3143 3152 1302 6623 1977 7195 1539  956 2034 3210 4291 1743
 3360 3781 2451 3393  895  764 1313 3800 4009 2040 4696 2584]"
403,0.3059608860556328,20,1977,7108,"[3647 2579 2589 2008 6684 2259 4358 6617 2874 3230 4023 1164  449 2637
 7326 2354 3143 3152 1302 6623 7108 7195 1539  956 2034 3210 4291 1743
 3360 3781 2451 3393  895  764 1313 3800 4009 2040 4696 2584]"
404,0.3061827695152655,28,3360,3662,"[3647 2579 2589 2008 6684 2259 4358 6617 2874 3230 4023 1164  449 2637
 7326 2354 3143 3152 1302 6623 7108 7195 1539  956 2034 3210 4291 1743
 3662 3781 2451 3393  895  764 1313 3800 4009 2040 4696 2584]"
405,0.30824226916222525,18,1302,881,"[3647 2579 2589 2008 6684 2259 4358 6617 2874 3230 4023 1164  449 2637
 7326 2354 3143 3152  881 6623 7108 7195 1539  956 2034 3210 4291 1743
 3662 3781 2451 3393  895  764 1313 3800 4009 2040 4696 2584]"
406,0.31041516543434483,34,1313,3430,"[3647 2579 2589 2008 6684 2259 4358 6617 2874 3230 4023 1164  449 2637
 7326 2354 3143 3152  881 6623 7108 7195 1539  956 2034 3210 4291 1743
 3662 3781 2451 3393  895  764 3430 3800 4009 2040 4696 2584]"
407,0.3055679871908854,32,895,2386,"[3647 2579 2589 2008 6684 2259 4358 6617 2874 3230 4023 1164  449 2637
 7326 2354 3143 3152  881 6623 7108 7195 1539  956 2034 3210 4291 1743
 3662 3781 2451 3393 2386  764 3430 3800 4009 2040 4696 2584]"
408,0.29528158260078063,17,3152,3022,"[3647 2579 2589 2008 6684 2259 4358 6617 2874 3230 4023 1164  449 2637
 7326 2354 3143 3022  881 6623 7108 7195 1539  956 2034 3210 4291 1743
 3662 3781 2451 3393 2386  764 3430 3800 4009 2040 4696 2584]"
409,0.29468007978564054,16,3143,7190,"[3647 2579 2589 2008 6684 2259 4358 6617 2874 3230 4023 1164  449 2637
 7326 2354 7190 3022  881 6623 7108 7195 1539  956 2034 3210 4291 1743
 3662 3781 2451 3393 2386  764 3430 3800 4009 2040 4696 2584]"
410,0.2987901543384116,38,4696,1462,"[3647 2579 2589 2008 6684 2259 4358 6617 2874 3230 4023 1164  449 2637
 7326 2354 7190 3022  881 6623 7108 7195 1539  956 2034 3210 4291 1743
 3662 3781 2451 3393 2386  764 3430 3800 4009 2040 1462 2584]"
411,0.3040030779150499,32,2386,3307,"[3647 2579 2589 2008 6684 2259 4358 6617 2874 3230 4023 1164  449 2637
 7326 2354 7190 3022  881 6623 7108 7195 1539  956 2034 3210 4291 1743
 3662 3781 2451 3393 3307  764 3430 3800 4009 2040 1462 2584]"
412,0.30514240426837413,29,3781,1804,"[3647 2579 2589 2008 6684 2259 4358 6617 2874 3230 4023 1164  449 2637
 7326 2354 7190 3022  881 6623 7108 7195 1539  956 2034 3210 4291 1743
 3662 1804 2451 3393 3307  764 3430 3800 4009 2040 1462 2584]"
413,0.2988542907230466,0,3647,544,"[ 544 2579 2589 2008 6684 2259 4358 6617 2874 3230 4023 1164  449 2637
 7326 2354 7190 3022  881 6623 7108 7195 1539  956 2034 3210 4291 1743
 3662 1804 2451 3393 3307  764 3430 3800 4009 2040 1462 2584]"
414,0.3094045043096255,4,6684,3650,"[ 544 2579 2589 2008 3650 2259 4358 6617 2874 3230 4023 1164  449 2637
 7326 2354 7190 3022  881 6623 7108 7195 1539  956 2034 3210 4291 1743
 3662 1804 2451 3393 3307  764 3430 3800 4009 2040 1462 2584]"
415,0.30601733986562263,38,1462,6907,"[ 544 2579 2589 2008 3650 2259 4358 6617 2874 3230 4023 1164  449 2637
 7326 2354 7190 3022  881 6623 7108 7195 1539  956 2034 3210 4291 1743
 3662 1804 2451 3393 3307  764 3430 3800 4009 2040 6907 2584]"
416,0.30951196020495597,19,6623,2230,"[ 544 2579 2589 2008 3650 2259 4358 6617 2874 3230 4023 1164  449 2637
 7326 2354 7190 3022  881 2230 7108 7195 1539  956 2034 3210 4291 1743
 3662 1804 2451 3393 3307  764 3430 3800 4009 2040 6907 2584]"
417,0.31001644784722004,13,2637,2024,"[ 544 2579 2589 2008 3650 2259 4358 6617 2874 3230 4023 1164  449 2024
 7326 2354 7190 3022  881 2230 7108 7195 1539  956 2034 3210 4291 1743
 3662 1804 2451 3393 3307  764 3430 3800 4009 2040 6907 2584]"
418,0.30841710071160644,39,2584,3654,"[ 544 2579 2589 2008 3650 2259 4358 6617 2874 3230 4023 1164  449 2024
 7326 2354 7190 3022  881 2230 7108 7195 1539  956 2034 3210 4291 1743
 3662 1804 2451 3393 3307  764 3430 3800 4009 2040 6907 3654]"
419,0.3047015014734495,25,3210,2814,"[ 544 2579 2589 2008 3650 2259 4358 6617 2874 3230 4023 1164  449 2024
 7326 2354 7190 3022  881 2230 7108 7195 1539  956 2034 2814 4291 1743
 3662 1804 2451 3393 3307  764 3430 3800 4009 2040 6907 3654]"
420,0.30636787887731753,3,2008,3646,"[ 544 2579 2589 3646 3650 2259 4358 6617 2874 3230 4023 1164  449 2024
 7326 2354 7190 3022  881 2230 7108 7195 1539  956 2034 2814 4291 1743
 3662 1804 2451 3393 3307  764 3430 3800 4009 2040 6907 3654]"
421,0.30859545758538676,10,4023,3812,"[ 544 2579 2589 3646 3650 2259 4358 6617 2874 3230 3812 1164  449 2024
 7326 2354 7190 3022  881 2230 7108 7195 1539  956 2034 2814 4291 1743
 3662 1804 2451 3393 3307  764 3430 3800 4009 2040 6907 3654]"
422,0.30632837209777664,36,4009,555,"[ 544 2579 2589 3646 3650 2259 4358 6617 2874 3230 3812 1164  449 2024
 7326 2354 7190 3022  881 2230 7108 7195 1539  956 2034 2814 4291 1743
 3662 1804 2451 3393 3307  764 3430 3800  555 2040 6907 3654]"
423,0.30115166648890285,2,2589,749,"[ 544 2579  749 3646 3650 2259 4358 6617 2874 3230 3812 1164  449 2024
 7326 2354 7190 3022  881 2230 7108 7195 1539  956 2034 2814 4291 1743
 3662 1804 2451 3393 3307  764 3430 3800  555 2040 6907 3654]"
424,0.3080746292324659,14,7326,1050,"[ 544 2579  749 3646 3650 2259 4358 6617 2874 3230 3812 1164  449 2024
 1050 2354 7190 3022  881 2230 7108 7195 1539  956 2034 2814 4291 1743
 3662 1804 2451 3393 3307  764 3430 3800  555 2040 6907 3654]"
425,0.3119203691701107,37,2040,3152,"[ 544 2579  749 3646 3650 2259 4358 6617 2874 3230 3812 1164  449 2024
 1050 2354 7190 3022  881 2230 7108 7195 1539  956 2034 2814 4291 1743
 3662 1804 2451 3393 3307  764 3430 3800  555 3152 6907 3654]"
426,0.30802154422484096,27,1743,3561,"[ 544 2579  749 3646 3650 2259 4358 6617 2874 3230 3812 1164  449 2024
 1050 2354 7190 3022  881 2230 7108 7195 1539  956 2034 2814 4291 3561
 3662 1804 2451 3393 3307  764 3430 3800  555 3152 6907 3654]"
427,0.31286671249401454,0,544,3146,"[3146 2579  749 3646 3650 2259 4358 6617 2874 3230 3812 1164  449 2024
 1050 2354 7190 3022  881 2230 7108 7195 1539  956 2034 2814 4291 3561
 3662 1804 2451 3393 3307  764 3430 3800  555 3152 6907 3654]"
428,0.31179126429944876,34,3430,3852,"[3146 2579  749 3646 3650 2259 4358 6617 2874 3230 3812 1164  449 2024
 1050 2354 7190 3022  881 2230 7108 7195 1539  956 2034 2814 4291 3561
 3662 1804 2451 3393 3307  764 3852 3800  555 3152 6907 3654]"
429,0.3068461419672747,15,2354,1451,"[3146 2579  749 3646 3650 2259 4358 6617 2874 3230 3812 1164  449 2024
 1050 1451 7190 3022  881 2230 7108 7195 1539  956 2034 2814 4291 3561
 3662 1804 2451 3393 3307  764 3852 3800  555 3152 6907 3654]"
430,0.30896123177874985,1,2579,2644,"[3146 2644  749 3646 3650 2259 4358 6617 2874 3230 3812 1164  449 2024
 1050 1451 7190 3022  881 2230 7108 7195 1539  956 2034 2814 4291 3561
 3662 1804 2451 3393 3307  764 3852 3800  555 3152 6907 3654]"
431,0.30607940978118,9,3230,265,"[3146 2644  749 3646 3650 2259 4358 6617 2874  265 3812 1164  449 2024
 1050 1451 7190 3022  881 2230 7108 7195 1539  956 2034 2814 4291 3561
 3662 1804 2451 3393 3307  764 3852 3800  555 3152 6907 3654]"
432,0.3051597543650516,34,3852,2361,"[3146 2644  749 3646 3650 2259 4358 6617 2874  265 3812 1164  449 2024
 1050 1451 7190 3022  881 2230 7108 7195 1539  956 2034 2814 4291 3561
 3662 1804 2451 3393 3307  764 2361 3800  555 3152 6907 3654]"
433,0.3021122692646693,10,3812,595,"[3146 2644  749 3646 3650 2259 4358 6617 2874  265  595 1164  449 2024
 1050 1451 7190 3022  881 2230 7108 7195 1539  956 2034 2814 4291 3561
 3662 1804 2451 3393 3307  764 2361 3800  555 3152 6907 3654]"
434,0.30591982603280543,27,3561,2100,"[3146 2644  749 3646 3650 2259 4358 6617 2874  265  595 1164  449 2024
 1050 1451 7190 3022  881 2230 7108 7195 1539  956 2034 2814 4291 2100
 3662 1804 2451 3393 3307  764 2361 3800  555 3152 6907 3654]"
435,0.3048082257608127,27,2100,3141,"[3146 2644  749 3646 3650 2259 4358 6617 2874  265  595 1164  449 2024
 1050 1451 7190 3022  881 2230 7108 7195 1539  956 2034 2814 4291 3141
 3662 1804 2451 3393 3307  764 2361 3800  555 3152 6907 3654]"
436,0.3089590728668333,35,3800,1545,"[3146 2644  749 3646 3650 2259 4358 6617 2874  265  595 1164  449 2024
 1050 1451 7190 3022  881 2230 7108 7195 1539  956 2034 2814 4291 3141
 3662 1804 2451 3393 3307  764 2361 1545  555 3152 6907 3654]"
437,0.31315070460730593,16,7190,2039,"[3146 2644  749 3646 3650 2259 4358 6617 2874  265  595 1164  449 2024
 1050 1451 2039 3022  881 2230 7108 7195 1539  956 2034 2814 4291 3141
 3662 1804 2451 3393 3307  764 2361 1545  555 3152 6907 3654]"
438,0.3125196424612713,34,2361,4507,"[3146 2644  749 3646 3650 2259 4358 6617 2874  265  595 1164  449 2024
 1050 1451 2039 3022  881 2230 7108 7195 1539  956 2034 2814 4291 3141
 3662 1804 2451 3393 3307  764 4507 1545  555 3152 6907 3654]"
439,0.3195272966875299,36,555,2799,"[3146 2644  749 3646 3650 2259 4358 6617 2874  265  595 1164  449 2024
 1050 1451 2039 3022  881 2230 7108 7195 1539  956 2034 2814 4291 3141
 3662 1804 2451 3393 3307  764 4507 1545 2799 3152 6907 3654]"
440,0.32325778017457674,11,1164,2100,"[3146 2644  749 3646 3650 2259 4358 6617 2874  265  595 2100  449 2024
 1050 1451 2039 3022  881 2230 7108 7195 1539  956 2034 2814 4291 3141
 3662 1804 2451 3393 3307  764 4507 1545 2799 3152 6907 3654]"
441,0.3222774312061481,4,3650,6049,"[3146 2644  749 3646 6049 2259 4358 6617 2874  265  595 2100  449 2024
 1050 1451 2039 3022  881 2230 7108 7195 1539  956 2034 2814 4291 3141
 3662 1804 2451 3393 3307  764 4507 1545 2799 3152 6907 3654]"
442,0.3256190460678266,10,595,1243,"[3146 2644  749 3646 6049 2259 4358 6617 2874  265 1243 2100  449 2024
 1050 1451 2039 3022  881 2230 7108 7195 1539  956 2034 2814 4291 3141
 3662 1804 2451 3393 3307  764 4507 1545 2799 3152 6907 3654]"
443,0.32461222342203877,27,3141,1977,"[3146 2644  749 3646 6049 2259 4358 6617 2874  265 1243 2100  449 2024
 1050 1451 2039 3022  881 2230 7108 7195 1539  956 2034 2814 4291 1977
 3662 1804 2451 3393 3307  764 4507 1545 2799 3152 6907 3654]"
444,0.3190613464431541,3,3646,3675,"[3146 2644  749 3675 6049 2259 4358 6617 2874  265 1243 2100  449 2024
 1050 1451 2039 3022  881 2230 7108 7195 1539  956 2034 2814 4291 1977
 3662 1804 2451 3393 3307  764 4507 1545 2799 3152 6907 3654]"
445,0.31149851286502644,16,2039,7472,"[3146 2644  749 3675 6049 2259 4358 6617 2874  265 1243 2100  449 2024
 1050 1451 7472 3022  881 2230 7108 7195 1539  956 2034 2814 4291 1977
 3662 1804 2451 3393 3307  764 4507 1545 2799 3152 6907 3654]"
446,0.3098747422716598,32,3307,1936,"[3146 2644  749 3675 6049 2259 4358 6617 2874  265 1243 2100  449 2024
 1050 1451 7472 3022  881 2230 7108 7195 1539  956 2034 2814 4291 1977
 3662 1804 2451 3393 1936  764 4507 1545 2799 3152 6907 3654]"
447,0.3112411978589483,31,3393,1159,"[3146 2644  749 3675 6049 2259 4358 6617 2874  265 1243 2100  449 2024
 1050 1451 7472 3022  881 2230 7108 7195 1539  956 2034 2814 4291 1977
 3662 1804 2451 1159 1936  764 4507 1545 2799 3152 6907 3654]"
448,0.3163417647084241,16,7472,3213,"[3146 2644  749 3675 6049 2259 4358 6617 2874  265 1243 2100  449 2024
 1050 1451 3213 3022  881 2230 7108 7195 1539  956 2034 2814 4291 1977
 3662 1804 2451 1159 1936  764 4507 1545 2799 3152 6907 3654]"
449,0.31105268017868853,7,6617,3721,"[3146 2644  749 3675 6049 2259 4358 3721 2874  265 1243 2100  449 2024
 1050 1451 3213 3022  881 2230 7108 7195 1539  956 2034 2814 4291 1977
 3662 1804 2451 1159 1936  764 4507 1545 2799 3152 6907 3654]"
450,0.31258571754951375,39,3654,3376,"[3146 2644  749 3675 6049 2259 4358 3721 2874  265 1243 2100  449 2024
 1050 1451 3213 3022  881 2230 7108 7195 1539  956 2034 2814 4291 1977
 3662 1804 2451 1159 1936  764 4507 1545 2799 3152 6907 3376]"
451,0.319174011117893,2,749,6757,"[3146 2644 6757 3675 6049 2259 4358 3721 2874  265 1243 2100  449 2024
 1050 1451 3213 3022  881 2230 7108 7195 1539  956 2034 2814 4291 1977
 3662 1804 2451 1159 1936  764 4507 1545 2799 3152 6907 3376]"
452,0.3204913727953015,15,1451,2512,"[3146 2644 6757 3675 6049 2259 4358 3721 2874  265 1243 2100  449 2024
 1050 2512 3213 3022  881 2230 7108 7195 1539  956 2034 2814 4291 1977
 3662 1804 2451 1159 1936  764 4507 1545 2799 3152 6907 3376]"
453,0.3236411230168213,13,2024,2041,"[3146 2644 6757 3675 6049 2259 4358 3721 2874  265 1243 2100  449 2041
 1050 2512 3213 3022  881 2230 7108 7195 1539  956 2034 2814 4291 1977
 3662 1804 2451 1159 1936  764 4507 1545 2799 3152 6907 3376]"
454,0.3191655980846352,5,2259,735,"[3146 2644 6757 3675 6049  735 4358 3721 2874  265 1243 2100  449 2041
 1050 2512 3213 3022  881 2230 7108 7195 1539  956 2034 2814 4291 1977
 3662 1804 2451 1159 1936  764 4507 1545 2799 3152 6907 3376]"
455,0.3167626331124915,14,1050,455,"[3146 2644 6757 3675 6049  735 4358 3721 2874  265 1243 2100  449 2041
  455 2512 3213 3022  881 2230 7108 7195 1539  956 2034 2814 4291 1977
 3662 1804 2451 1159 1936  764 4507 1545 2799 3152 6907 3376]"
456,0.3084797520138117,8,2874,2435,"[3146 2644 6757 3675 6049  735 4358 3721 2435  265 1243 2100  449 2041
  455 2512 3213 3022  881 2230 7108 7195 1539  956 2034 2814 4291 1977
 3662 1804 2451 1159 1936  764 4507 1545 2799 3152 6907 3376]"
457,0.30332667591119156,38,6907,2093,"[3146 2644 6757 3675 6049  735 4358 3721 2435  265 1243 2100  449 2041
  455 2512 3213 3022  881 2230 7108 7195 1539  956 2034 2814 4291 1977
 3662 1804 2451 1159 1936  764 4507 1545 2799 3152 2093 3376]"
458,0.30144000966701834,25,2814,2478,"[3146 2644 6757 3675 6049  735 4358 3721 2435  265 1243 2100  449 2041
  455 2512 3213 3022  881 2230 7108 7195 1539  956 2034 2478 4291 1977
 3662 1804 2451 1159 1936  764 4507 1545 2799 3152 2093 3376]"
459,0.29985189756389424,35,1545,3855,"[3146 2644 6757 3675 6049  735 4358 3721 2435  265 1243 2100  449 2041
  455 2512 3213 3022  881 2230 7108 7195 1539  956 2034 2478 4291 1977
 3662 1804 2451 1159 1936  764 4507 3855 2799 3152 2093 3376]"
460,0.29605837617733904,38,2093,2820,"[3146 2644 6757 3675 6049  735 4358 3721 2435  265 1243 2100  449 2041
  455 2512 3213 3022  881 2230 7108 7195 1539  956 2034 2478 4291 1977
 3662 1804 2451 1159 1936  764 4507 3855 2799 3152 2820 3376]"
461,0.29627295904540707,39,3376,6548,"[3146 2644 6757 3675 6049  735 4358 3721 2435  265 1243 2100  449 2041
  455 2512 3213 3022  881 2230 7108 7195 1539  956 2034 2478 4291 1977
 3662 1804 2451 1159 1936  764 4507 3855 2799 3152 2820 6548]"
462,0.29542836305500275,11,2100,1464,"[3146 2644 6757 3675 6049  735 4358 3721 2435  265 1243 1464  449 2041
  455 2512 3213 3022  881 2230 7108 7195 1539  956 2034 2478 4291 1977
 3662 1804 2451 1159 1936  764 4507 3855 2799 3152 2820 6548]"
463,0.2941923906970946,22,1539,6472,"[3146 2644 6757 3675 6049  735 4358 3721 2435  265 1243 1464  449 2041
  455 2512 3213 3022  881 2230 7108 7195 6472  956 2034 2478 4291 1977
 3662 1804 2451 1159 1936  764 4507 3855 2799 3152 2820 6548]"
464,0.28883836113751565,13,2041,2545,"[3146 2644 6757 3675 6049  735 4358 3721 2435  265 1243 1464  449 2545
  455 2512 3213 3022  881 2230 7108 7195 6472  956 2034 2478 4291 1977
 3662 1804 2451 1159 1936  764 4507 3855 2799 3152 2820 6548]"
465,0.28810145993944036,39,6548,2927,"[3146 2644 6757 3675 6049  735 4358 3721 2435  265 1243 1464  449 2545
  455 2512 3213 3022  881 2230 7108 7195 6472  956 2034 2478 4291 1977
 3662 1804 2451 1159 1936  764 4507 3855 2799 3152 2820 2927]"
466,0.2916833572721592,29,1804,3238,"[3146 2644 6757 3675 6049  735 4358 3721 2435  265 1243 1464  449 2545
  455 2512 3213 3022  881 2230 7108 7195 6472  956 2034 2478 4291 1977
 3662 3238 2451 1159 1936  764 4507 3855 2799 3152 2820 2927]"
467,0.28997873426189247,1,2644,1593,"[3146 1593 6757 3675 6049  735 4358 3721 2435  265 1243 1464  449 2545
  455 2512 3213 3022  881 2230 7108 7195 6472  956 2034 2478 4291 1977
 3662 3238 2451 1159 1936  764 4507 3855 2799 3152 2820 2927]"
468,0.28676675861366785,11,1464,1756,"[3146 1593 6757 3675 6049  735 4358 3721 2435  265 1243 1756  449 2545
  455 2512 3213 3022  881 2230 7108 7195 6472  956 2034 2478 4291 1977
 3662 3238 2451 1159 1936  764 4507 3855 2799 3152 2820 2927]"
469,0.27562094327045067,7,3721,4419,"[3146 1593 6757 3675 6049  735 4358 4419 2435  265 1243 1756  449 2545
  455 2512 3213 3022  881 2230 7108 7195 6472  956 2034 2478 4291 1977
 3662 3238 2451 1159 1936  764 4507 3855 2799 3152 2820 2927]"
470,0.27398261121519696,6,4358,1693,"[3146 1593 6757 3675 6049  735 1693 4419 2435  265 1243 1756  449 2545
  455 2512 3213 3022  881 2230 7108 7195 6472  956 2034 2478 4291 1977
 3662 3238 2451 1159 1936  764 4507 3855 2799 3152 2820 2927]"
471,0.27451490722600064,2,6757,4007,"[3146 1593 4007 3675 6049  735 1693 4419 2435  265 1243 1756  449 2545
  455 2512 3213 3022  881 2230 7108 7195 6472  956 2034 2478 4291 1977
 3662 3238 2451 1159 1936  764 4507 3855 2799 3152 2820 2927]"
472,0.26873234136301527,22,6472,4085,"[3146 1593 4007 3675 6049  735 1693 4419 2435  265 1243 1756  449 2545
  455 2512 3213 3022  881 2230 7108 7195 4085  956 2034 2478 4291 1977
 3662 3238 2451 1159 1936  764 4507 3855 2799 3152 2820 2927]"
473,0.27131194530803454,25,2478,2463,"[3146 1593 4007 3675 6049  735 1693 4419 2435  265 1243 1756  449 2545
  455 2512 3213 3022  881 2230 7108 7195 4085  956 2034 2463 4291 1977
 3662 3238 2451 1159 1936  764 4507 3855 2799 3152 2820 2927]"
474,0.27483080974570423,17,3022,7401,"[3146 1593 4007 3675 6049  735 1693 4419 2435  265 1243 1756  449 2545
  455 2512 3213 7401  881 2230 7108 7195 4085  956 2034 2463 4291 1977
 3662 3238 2451 1159 1936  764 4507 3855 2799 3152 2820 2927]"
475,0.2755128591037631,23,956,4133,"[3146 1593 4007 3675 6049  735 1693 4419 2435  265 1243 1756  449 2545
  455 2512 3213 7401  881 2230 7108 7195 4085 4133 2034 2463 4291 1977
 3662 3238 2451 1159 1936  764 4507 3855 2799 3152 2820 2927]"
476,0.2792928148571588,26,4291,6622,"[3146 1593 4007 3675 6049  735 1693 4419 2435  265 1243 1756  449 2545
  455 2512 3213 7401  881 2230 7108 7195 4085 4133 2034 2463 6622 1977
 3662 3238 2451 1159 1936  764 4507 3855 2799 3152 2820 2927]"
477,0.27577832855642054,10,1243,1240,"[3146 1593 4007 3675 6049  735 1693 4419 2435  265 1240 1756  449 2545
  455 2512 3213 7401  881 2230 7108 7195 4085 4133 2034 2463 6622 1977
 3662 3238 2451 1159 1936  764 4507 3855 2799 3152 2820 2927]"
478,0.2759385282436961,31,1159,2761,"[3146 1593 4007 3675 6049  735 1693 4419 2435  265 1240 1756  449 2545
  455 2512 3213 7401  881 2230 7108 7195 4085 4133 2034 2463 6622 1977
 3662 3238 2451 2761 1936  764 4507 3855 2799 3152 2820 2927]"
479,0.27689247341974454,12,449,3243,"[3146 1593 4007 3675 6049  735 1693 4419 2435  265 1240 1756 3243 2545
  455 2512 3213 7401  881 2230 7108 7195 4085 4133 2034 2463 6622 1977
 3662 3238 2451 2761 1936  764 4507 3855 2799 3152 2820 2927]"
480,0.283519288650439,4,6049,6832,"[3146 1593 4007 3675 6832  735 1693 4419 2435  265 1240 1756 3243 2545
  455 2512 3213 7401  881 2230 7108 7195 4085 4133 2034 2463 6622 1977
 3662 3238 2451 2761 1936  764 4507 3855 2799 3152 2820 2927]"
481,0.2858644633374388,31,2761,2109,"[3146 1593 4007 3675 6832  735 1693 4419 2435  265 1240 1756 3243 2545
  455 2512 3213 7401  881 2230 7108 7195 4085 4133 2034 2463 6622 1977
 3662 3238 2451 2109 1936  764 4507 3855 2799 3152 2820 2927]"
482,0.28205249026455814,20,7108,671,"[3146 1593 4007 3675 6832  735 1693 4419 2435  265 1240 1756 3243 2545
  455 2512 3213 7401  881 2230  671 7195 4085 4133 2034 2463 6622 1977
 3662 3238 2451 2109 1936  764 4507 3855 2799 3152 2820 2927]"
483,0.2785911161477914,37,3152,1043,"[3146 1593 4007 3675 6832  735 1693 4419 2435  265 1240 1756 3243 2545
  455 2512 3213 7401  881 2230  671 7195 4085 4133 2034 2463 6622 1977
 3662 3238 2451 2109 1936  764 4507 3855 2799 1043 2820 2927]"
484,0.2775038921548058,38,2820,757,"[3146 1593 4007 3675 6832  735 1693 4419 2435  265 1240 1756 3243 2545
  455 2512 3213 7401  881 2230  671 7195 4085 4133 2034 2463 6622 1977
 3662 3238 2451 2109 1936  764 4507 3855 2799 1043  757 2927]"
485,0.270573232704391,2,4007,967,"[3146 1593  967 3675 6832  735 1693 4419 2435  265 1240 1756 3243 2545
  455 2512 3213 7401  881 2230  671 7195 4085 4133 2034 2463 6622 1977
 3662 3238 2451 2109 1936  764 4507 3855 2799 1043  757 2927]"
486,0.27704383837184854,9,265,2661,"[3146 1593  967 3675 6832  735 1693 4419 2435 2661 1240 1756 3243 2545
  455 2512 3213 7401  881 2230  671 7195 4085 4133 2034 2463 6622 1977
 3662 3238 2451 2109 1936  764 4507 3855 2799 1043  757 2927]"
487,0.2758551059464197,10,1240,1880,"[3146 1593  967 3675 6832  735 1693 4419 2435 2661 1880 1756 3243 2545
  455 2512 3213 7401  881 2230  671 7195 4085 4133 2034 2463 6622 1977
 3662 3238 2451 2109 1936  764 4507 3855 2799 1043  757 2927]"
488,0.2748664128164538,20,671,770,"[3146 1593  967 3675 6832  735 1693 4419 2435 2661 1880 1756 3243 2545
  455 2512 3213 7401  881 2230  770 7195 4085 4133 2034 2463 6622 1977
 3662 3238 2451 2109 1936  764 4507 3855 2799 1043  757 2927]"
489,0.2779326052424522,34,4507,2210,"[3146 1593  967 3675 6832  735 1693 4419 2435 2661 1880 1756 3243 2545
  455 2512 3213 7401  881 2230  770 7195 4085 4133 2034 2463 6622 1977
 3662 3238 2451 2109 1936  764 2210 3855 2799 1043  757 2927]"
490,0.2706739608084783,4,6832,888,"[3146 1593  967 3675  888  735 1693 4419 2435 2661 1880 1756 3243 2545
  455 2512 3213 7401  881 2230  770 7195 4085 4133 2034 2463 6622 1977
 3662 3238 2451 2109 1936  764 2210 3855 2799 1043  757 2927]"
491,0.278172231417087,35,3855,1535,"[3146 1593  967 3675  888  735 1693 4419 2435 2661 1880 1756 3243 2545
  455 2512 3213 7401  881 2230  770 7195 4085 4133 2034 2463 6622 1977
 3662 3238 2451 2109 1936  764 2210 1535 2799 1043  757 2927]"
492,0.2777470768104351,27,1977,2172,"[3146 1593  967 3675  888  735 1693 4419 2435 2661 1880 1756 3243 2545
  455 2512 3213 7401  881 2230  770 7195 4085 4133 2034 2463 6622 2172
 3662 3238 2451 2109 1936  764 2210 1535 2799 1043  757 2927]"
493,0.27935530569616623,19,2230,2865,"[3146 1593  967 3675  888  735 1693 4419 2435 2661 1880 1756 3243 2545
  455 2512 3213 7401  881 2865  770 7195 4085 4133 2034 2463 6622 2172
 3662 3238 2451 2109 1936  764 2210 1535 2799 1043  757 2927]"
494,0.2759103748979531,15,2512,246,"[3146 1593  967 3675  888  735 1693 4419 2435 2661 1880 1756 3243 2545
  455  246 3213 7401  881 2865  770 7195 4085 4133 2034 2463 6622 2172
 3662 3238 2451 2109 1936  764 2210 1535 2799 1043  757 2927]"
495,0.27908112168319155,11,1756,6116,"[3146 1593  967 3675  888  735 1693 4419 2435 2661 1880 6116 3243 2545
  455  246 3213 7401  881 2865  770 7195 4085 4133 2034 2463 6622 2172
 3662 3238 2451 2109 1936  764 2210 1535 2799 1043  757 2927]"
496,0.275019317591854,4,888,237,"[3146 1593  967 3675  237  735 1693 4419 2435 2661 1880 6116 3243 2545
  455  246 3213 7401  881 2865  770 7195 4085 4133 2034 2463 6622 2172
 3662 3238 2451 2109 1936  764 2210 1535 2799 1043  757 2927]"
497,0.2785707192427752,4,237,2949,"[3146 1593  967 3675 2949  735 1693 4419 2435 2661 1880 6116 3243 2545
  455  246 3213 7401  881 2865  770 7195 4085 4133 2034 2463 6622 2172
 3662 3238 2451 2109 1936  764 2210 1535 2799 1043  757 2927]"
498,0.28024845816213684,20,770,2082,"[3146 1593  967 3675 2949  735 1693 4419 2435 2661 1880 6116 3243 2545
  455  246 3213 7401  881 2865 2082 7195 4085 4133 2034 2463 6622 2172
 3662 3238 2451 2109 1936  764 2210 1535 2799 1043  757 2927]"
499,0.2846194764237449,16,3213,4009,"[3146 1593  967 3675 2949  735 1693 4419 2435 2661 1880 6116 3243 2545
  455  246 4009 7401  881 2865 2082 7195 4085 4133 2034 2463 6622 2172
 3662 3238 2451 2109 1936  764 2210 1535 2799 1043  757 2927]"
500,0.2809354389784719,17,7401,5264,"[3146 1593  967 3675 2949  735 1693 4419 2435 2661 1880 6116 3243 2545
  455  246 4009 5264  881 2865 2082 7195 4085 4133 2034 2463 6622 2172
 3662 3238 2451 2109 1936  764 2210 1535 2799 1043  757 2927]"
501,0.2810419036652214,21,7195,2049,"[3146 1593  967 3675 2949  735 1693 4419 2435 2661 1880 6116 3243 2545
  455  246 4009 5264  881 2865 2082 2049 4085 4133 2034 2463 6622 2172
 3662 3238 2451 2109 1936  764 2210 1535 2799 1043  757 2927]"
502,0.2810849151053283,10,1880,1616,"[3146 1593  967 3675 2949  735 1693 4419 2435 2661 1616 6116 3243 2545
  455  246 4009 5264  881 2865 2082 2049 4085 4133 2034 2463 6622 2172
 3662 3238 2451 2109 1936  764 2210 1535 2799 1043  757 2927]"
503,0.2777349580146969,36,2799,3654,"[3146 1593  967 3675 2949  735 1693 4419 2435 2661 1616 6116 3243 2545
  455  246 4009 5264  881 2865 2082 2049 4085 4133 2034 2463 6622 2172
 3662 3238 2451 2109 1936  764 2210 1535 3654 1043  757 2927]"
504,0.2721247052267215,19,2865,1717,"[3146 1593  967 3675 2949  735 1693 4419 2435 2661 1616 6116 3243 2545
  455  246 4009 5264  881 1717 2082 2049 4085 4133 2034 2463 6622 2172
 3662 3238 2451 2109 1936  764 2210 1535 3654 1043  757 2927]"
505,0.2848078832076908,29,3238,6977,"[3146 1593  967 3675 2949  735 1693 4419 2435 2661 1616 6116 3243 2545
  455  246 4009 5264  881 1717 2082 2049 4085 4133 2034 2463 6622 2172
 3662 6977 2451 2109 1936  764 2210 1535 3654 1043  757 2927]"
506,0.28654950206960933,13,2545,816,"[3146 1593  967 3675 2949  735 1693 4419 2435 2661 1616 6116 3243  816
  455  246 4009 5264  881 1717 2082 2049 4085 4133 2034 2463 6622 2172
 3662 6977 2451 2109 1936  764 2210 1535 3654 1043  757 2927]"
507,0.2947777833297175,19,1717,3647,"[3146 1593  967 3675 2949  735 1693 4419 2435 2661 1616 6116 3243  816
  455  246 4009 5264  881 3647 2082 2049 4085 4133 2034 2463 6622 2172
 3662 6977 2451 2109 1936  764 2210 1535 3654 1043  757 2927]"
508,0.29700433272211757,18,881,1263,"[3146 1593  967 3675 2949  735 1693 4419 2435 2661 1616 6116 3243  816
  455  246 4009 5264 1263 3647 2082 2049 4085 4133 2034 2463 6622 2172
 3662 6977 2451 2109 1936  764 2210 1535 3654 1043  757 2927]"
509,0.29943779161748,24,2034,1314,"[3146 1593  967 3675 2949  735 1693 4419 2435 2661 1616 6116 3243  816
  455  246 4009 5264 1263 3647 2082 2049 4085 4133 1314 2463 6622 2172
 3662 6977 2451 2109 1936  764 2210 1535 3654 1043  757 2927]"
510,0.30689714875542756,1,1593,6760,"[3146 6760  967 3675 2949  735 1693 4419 2435 2661 1616 6116 3243  816
  455  246 4009 5264 1263 3647 2082 2049 4085 4133 1314 2463 6622 2172
 3662 6977 2451 2109 1936  764 2210 1535 3654 1043  757 2927]"
511,0.3084455831077758,3,3675,1683,"[3146 6760  967 1683 2949  735 1693 4419 2435 2661 1616 6116 3243  816
  455  246 4009 5264 1263 3647 2082 2049 4085 4133 1314 2463 6622 2172
 3662 6977 2451 2109 1936  764 2210 1535 3654 1043  757 2927]"
512,0.3013326245276663,0,3146,607,"[ 607 6760  967 1683 2949  735 1693 4419 2435 2661 1616 6116 3243  816
  455  246 4009 5264 1263 3647 2082 2049 4085 4133 1314 2463 6622 2172
 3662 6977 2451 2109 1936  764 2210 1535 3654 1043  757 2927]"
513,0.3122779121508866,6,1693,3219,"[ 607 6760  967 1683 2949  735 3219 4419 2435 2661 1616 6116 3243  816
  455  246 4009 5264 1263 3647 2082 2049 4085 4133 1314 2463 6622 2172
 3662 6977 2451 2109 1936  764 2210 1535 3654 1043  757 2927]"
514,0.3125772808034547,4,2949,1947,"[ 607 6760  967 1683 1947  735 3219 4419 2435 2661 1616 6116 3243  816
  455  246 4009 5264 1263 3647 2082 2049 4085 4133 1314 2463 6622 2172
 3662 6977 2451 2109 1936  764 2210 1535 3654 1043  757 2927]"
515,0.3119266525857017,3,1683,3025,"[ 607 6760  967 3025 1947  735 3219 4419 2435 2661 1616 6116 3243  816
  455  246 4009 5264 1263 3647 2082 2049 4085 4133 1314 2463 6622 2172
 3662 6977 2451 2109 1936  764 2210 1535 3654 1043  757 2927]"
516,0.3130677735537756,22,4085,4293,"[ 607 6760  967 3025 1947  735 3219 4419 2435 2661 1616 6116 3243  816
  455  246 4009 5264 1263 3647 2082 2049 4293 4133 1314 2463 6622 2172
 3662 6977 2451 2109 1936  764 2210 1535 3654 1043  757 2927]"
517,0.30733806963088955,19,3647,4095,"[ 607 6760  967 3025 1947  735 3219 4419 2435 2661 1616 6116 3243  816
  455  246 4009 5264 1263 4095 2082 2049 4293 4133 1314 2463 6622 2172
 3662 6977 2451 2109 1936  764 2210 1535 3654 1043  757 2927]"
518,0.3157860406230366,0,607,3227,"[3227 6760  967 3025 1947  735 3219 4419 2435 2661 1616 6116 3243  816
  455  246 4009 5264 1263 4095 2082 2049 4293 4133 1314 2463 6622 2172
 3662 6977 2451 2109 1936  764 2210 1535 3654 1043  757 2927]"
519,0.31694243239761155,18,1263,3715,"[3227 6760  967 3025 1947  735 3219 4419 2435 2661 1616 6116 3243  816
  455  246 4009 5264 3715 4095 2082 2049 4293 4133 1314 2463 6622 2172
 3662 6977 2451 2109 1936  764 2210 1535 3654 1043  757 2927]"
520,0.3054623924203606,6,3219,4085,"[3227 6760  967 3025 1947  735 4085 4419 2435 2661 1616 6116 3243  816
  455  246 4009 5264 3715 4095 2082 2049 4293 4133 1314 2463 6622 2172
 3662 6977 2451 2109 1936  764 2210 1535 3654 1043  757 2927]"
521,0.3000020174706927,11,6116,6268,"[3227 6760  967 3025 1947  735 4085 4419 2435 2661 1616 6268 3243  816
  455  246 4009 5264 3715 4095 2082 2049 4293 4133 1314 2463 6622 2172
 3662 6977 2451 2109 1936  764 2210 1535 3654 1043  757 2927]"
522,0.29693478033800286,10,1616,2638,"[3227 6760  967 3025 1947  735 4085 4419 2435 2661 2638 6268 3243  816
  455  246 4009 5264 3715 4095 2082 2049 4293 4133 1314 2463 6622 2172
 3662 6977 2451 2109 1936  764 2210 1535 3654 1043  757 2927]"
523,0.30258077450164006,38,757,7329,"[3227 6760  967 3025 1947  735 4085 4419 2435 2661 2638 6268 3243  816
  455  246 4009 5264 3715 4095 2082 2049 4293 4133 1314 2463 6622 2172
 3662 6977 2451 2109 1936  764 2210 1535 3654 1043 7329 2927]"
524,0.30236940408355995,24,1314,2025,"[3227 6760  967 3025 1947  735 4085 4419 2435 2661 2638 6268 3243  816
  455  246 4009 5264 3715 4095 2082 2049 4293 4133 2025 2463 6622 2172
 3662 6977 2451 2109 1936  764 2210 1535 3654 1043 7329 2927]"
525,0.3011062023587361,29,6977,1826,"[3227 6760  967 3025 1947  735 4085 4419 2435 2661 2638 6268 3243  816
  455  246 4009 5264 3715 4095 2082 2049 4293 4133 2025 2463 6622 2172
 3662 1826 2451 2109 1936  764 2210 1535 3654 1043 7329 2927]"
526,0.3088509081140263,32,1936,3721,"[3227 6760  967 3025 1947  735 4085 4419 2435 2661 2638 6268 3243  816
  455  246 4009 5264 3715 4095 2082 2049 4293 4133 2025 2463 6622 2172
 3662 1826 2451 2109 3721  764 2210 1535 3654 1043 7329 2927]"
527,0.3084699443159401,4,1947,1455,"[3227 6760  967 3025 1455  735 4085 4419 2435 2661 2638 6268 3243  816
  455  246 4009 5264 3715 4095 2082 2049 4293 4133 2025 2463 6622 2172
 3662 1826 2451 2109 3721  764 2210 1535 3654 1043 7329 2927]"
528,0.3112944277696593,24,2025,2302,"[3227 6760  967 3025 1455  735 4085 4419 2435 2661 2638 6268 3243  816
  455  246 4009 5264 3715 4095 2082 2049 4293 4133 2302 2463 6622 2172
 3662 1826 2451 2109 3721  764 2210 1535 3654 1043 7329 2927]"
529,0.31150761205395894,25,2463,983,"[3227 6760  967 3025 1455  735 4085 4419 2435 2661 2638 6268 3243  816
  455  246 4009 5264 3715 4095 2082 2049 4293 4133 2302  983 6622 2172
 3662 1826 2451 2109 3721  764 2210 1535 3654 1043 7329 2927]"
530,0.31089094038962517,12,3243,546,"[3227 6760  967 3025 1455  735 4085 4419 2435 2661 2638 6268  546  816
  455  246 4009 5264 3715 4095 2082 2049 4293 4133 2302  983 6622 2172
 3662 1826 2451 2109 3721  764 2210 1535 3654 1043 7329 2927]"
531,0.3079666975844637,29,1826,530,"[3227 6760  967 3025 1455  735 4085 4419 2435 2661 2638 6268  546  816
  455  246 4009 5264 3715 4095 2082 2049 4293 4133 2302  983 6622 2172
 3662  530 2451 2109 3721  764 2210 1535 3654 1043 7329 2927]"
532,0.3089815215332554,13,816,1330,"[3227 6760  967 3025 1455  735 4085 4419 2435 2661 2638 6268  546 1330
  455  246 4009 5264 3715 4095 2082 2049 4293 4133 2302  983 6622 2172
 3662  530 2451 2109 3721  764 2210 1535 3654 1043 7329 2927]"
533,0.3099769549902728,26,6622,3362,"[3227 6760  967 3025 1455  735 4085 4419 2435 2661 2638 6268  546 1330
  455  246 4009 5264 3715 4095 2082 2049 4293 4133 2302  983 3362 2172
 3662  530 2451 2109 3721  764 2210 1535 3654 1043 7329 2927]"
534,0.3153731642935288,29,530,3446,"[3227 6760  967 3025 1455  735 4085 4419 2435 2661 2638 6268  546 1330
  455  246 4009 5264 3715 4095 2082 2049 4293 4133 2302  983 3362 2172
 3662 3446 2451 2109 3721  764 2210 1535 3654 1043 7329 2927]"
535,0.3127494914831294,33,764,6120,"[3227 6760  967 3025 1455  735 4085 4419 2435 2661 2638 6268  546 1330
  455  246 4009 5264 3715 4095 2082 2049 4293 4133 2302  983 3362 2172
 3662 3446 2451 2109 3721 6120 2210 1535 3654 1043 7329 2927]"
536,0.3105865604601563,12,546,2808,"[3227 6760  967 3025 1455  735 4085 4419 2435 2661 2638 6268 2808 1330
  455  246 4009 5264 3715 4095 2082 2049 4293 4133 2302  983 3362 2172
 3662 3446 2451 2109 3721 6120 2210 1535 3654 1043 7329 2927]"
537,0.30489235482520566,9,2661,976,"[3227 6760  967 3025 1455  735 4085 4419 2435  976 2638 6268 2808 1330
  455  246 4009 5264 3715 4095 2082 2049 4293 4133 2302  983 3362 2172
 3662 3446 2451 2109 3721 6120 2210 1535 3654 1043 7329 2927]"
538,0.3027801275942249,5,735,3011,"[3227 6760  967 3025 1455 3011 4085 4419 2435  976 2638 6268 2808 1330
  455  246 4009 5264 3715 4095 2082 2049 4293 4133 2302  983 3362 2172
 3662 3446 2451 2109 3721 6120 2210 1535 3654 1043 7329 2927]"
539,0.3054948940684273,2,967,2287,"[3227 6760 2287 3025 1455 3011 4085 4419 2435  976 2638 6268 2808 1330
  455  246 4009 5264 3715 4095 2082 2049 4293 4133 2302  983 3362 2172
 3662 3446 2451 2109 3721 6120 2210 1535 3654 1043 7329 2927]"
540,0.30741577206858073,6,4085,7251,"[3227 6760 2287 3025 1455 3011 7251 4419 2435  976 2638 6268 2808 1330
  455  246 4009 5264 3715 4095 2082 2049 4293 4133 2302  983 3362 2172
 3662 3446 2451 2109 3721 6120 2210 1535 3654 1043 7329 2927]"
541,0.30747688749123536,10,2638,412,"[3227 6760 2287 3025 1455 3011 7251 4419 2435  976  412 6268 2808 1330
  455  246 4009 5264 3715 4095 2082 2049 4293 4133 2302  983 3362 2172
 3662 3446 2451 2109 3721 6120 2210 1535 3654 1043 7329 2927]"
542,0.30058189806405594,0,3227,7191,"[7191 6760 2287 3025 1455 3011 7251 4419 2435  976  412 6268 2808 1330
  455  246 4009 5264 3715 4095 2082 2049 4293 4133 2302  983 3362 2172
 3662 3446 2451 2109 3721 6120 2210 1535 3654 1043 7329 2927]"
543,0.2983352390534618,23,4133,883,"[7191 6760 2287 3025 1455 3011 7251 4419 2435  976  412 6268 2808 1330
  455  246 4009 5264 3715 4095 2082 2049 4293  883 2302  983 3362 2172
 3662 3446 2451 2109 3721 6120 2210 1535 3654 1043 7329 2927]"
544,0.3019270053709319,23,883,4287,"[7191 6760 2287 3025 1455 3011 7251 4419 2435  976  412 6268 2808 1330
  455  246 4009 5264 3715 4095 2082 2049 4293 4287 2302  983 3362 2172
 3662 3446 2451 2109 3721 6120 2210 1535 3654 1043 7329 2927]"
545,0.30724310114273823,3,3025,2586,"[7191 6760 2287 2586 1455 3011 7251 4419 2435  976  412 6268 2808 1330
  455  246 4009 5264 3715 4095 2082 2049 4293 4287 2302  983 3362 2172
 3662 3446 2451 2109 3721 6120 2210 1535 3654 1043 7329 2927]"
546,0.3001425901135162,35,1535,2763,"[7191 6760 2287 2586 1455 3011 7251 4419 2435  976  412 6268 2808 1330
  455  246 4009 5264 3715 4095 2082 2049 4293 4287 2302  983 3362 2172
 3662 3446 2451 2109 3721 6120 2210 2763 3654 1043 7329 2927]"
547,0.3012230653247455,7,4419,664,"[7191 6760 2287 2586 1455 3011 7251  664 2435  976  412 6268 2808 1330
  455  246 4009 5264 3715 4095 2082 2049 4293 4287 2302  983 3362 2172
 3662 3446 2451 2109 3721 6120 2210 2763 3654 1043 7329 2927]"
548,0.3015814464168751,10,412,2709,"[7191 6760 2287 2586 1455 3011 7251  664 2435  976 2709 6268 2808 1330
  455  246 4009 5264 3715 4095 2082 2049 4293 4287 2302  983 3362 2172
 3662 3446 2451 2109 3721 6120 2210 2763 3654 1043 7329 2927]"
549,0.3037478473010904,5,3011,3012,"[7191 6760 2287 2586 1455 3012 7251  664 2435  976 2709 6268 2808 1330
  455  246 4009 5264 3715 4095 2082 2049 4293 4287 2302  983 3362 2172
 3662 3446 2451 2109 3721 6120 2210 2763 3654 1043 7329 2927]"
550,0.30781726374535356,11,6268,3774,"[7191 6760 2287 2586 1455 3012 7251  664 2435  976 2709 3774 2808 1330
  455  246 4009 5264 3715 4095 2082 2049 4293 4287 2302  983 3362 2172
 3662 3446 2451 2109 3721 6120 2210 2763 3654 1043 7329 2927]"
551,0.30568639638189277,7,664,2613,"[7191 6760 2287 2586 1455 3012 7251 2613 2435  976 2709 3774 2808 1330
  455  246 4009 5264 3715 4095 2082 2049 4293 4287 2302  983 3362 2172
 3662 3446 2451 2109 3721 6120 2210 2763 3654 1043 7329 2927]"
552,0.3094006134030025,0,7191,1179,"[1179 6760 2287 2586 1455 3012 7251 2613 2435  976 2709 3774 2808 1330
  455  246 4009 5264 3715 4095 2082 2049 4293 4287 2302  983 3362 2172
 3662 3446 2451 2109 3721 6120 2210 2763 3654 1043 7329 2927]"
553,0.3071604350195847,33,6120,1407,"[1179 6760 2287 2586 1455 3012 7251 2613 2435  976 2709 3774 2808 1330
  455  246 4009 5264 3715 4095 2082 2049 4293 4287 2302  983 3362 2172
 3662 3446 2451 2109 3721 1407 2210 2763 3654 1043 7329 2927]"
554,0.3120583581278842,34,2210,3003,"[1179 6760 2287 2586 1455 3012 7251 2613 2435  976 2709 3774 2808 1330
  455  246 4009 5264 3715 4095 2082 2049 4293 4287 2302  983 3362 2172
 3662 3446 2451 2109 3721 1407 3003 2763 3654 1043 7329 2927]"
555,0.3132156920278935,7,2613,1856,"[1179 6760 2287 2586 1455 3012 7251 1856 2435  976 2709 3774 2808 1330
  455  246 4009 5264 3715 4095 2082 2049 4293 4287 2302  983 3362 2172
 3662 3446 2451 2109 3721 1407 3003 2763 3654 1043 7329 2927]"
556,0.31399741360326605,22,4293,3280,"[1179 6760 2287 2586 1455 3012 7251 1856 2435  976 2709 3774 2808 1330
  455  246 4009 5264 3715 4095 2082 2049 3280 4287 2302  983 3362 2172
 3662 3446 2451 2109 3721 1407 3003 2763 3654 1043 7329 2927]"
557,0.3067659204948799,21,2049,2598,"[1179 6760 2287 2586 1455 3012 7251 1856 2435  976 2709 3774 2808 1330
  455  246 4009 5264 3715 4095 2082 2598 3280 4287 2302  983 3362 2172
 3662 3446 2451 2109 3721 1407 3003 2763 3654 1043 7329 2927]"
558,0.30397810059007313,29,3446,3668,"[1179 6760 2287 2586 1455 3012 7251 1856 2435  976 2709 3774 2808 1330
  455  246 4009 5264 3715 4095 2082 2598 3280 4287 2302  983 3362 2172
 3662 3668 2451 2109 3721 1407 3003 2763 3654 1043 7329 2927]"
559,0.30773118759873913,28,3662,1974,"[1179 6760 2287 2586 1455 3012 7251 1856 2435  976 2709 3774 2808 1330
  455  246 4009 5264 3715 4095 2082 2598 3280 4287 2302  983 3362 2172
 1974 3668 2451 2109 3721 1407 3003 2763 3654 1043 7329 2927]"
560,0.3087546760401216,39,2927,2651,"[1179 6760 2287 2586 1455 3012 7251 1856 2435  976 2709 3774 2808 1330
  455  246 4009 5264 3715 4095 2082 2598 3280 4287 2302  983 3362 2172
 1974 3668 2451 2109 3721 1407 3003 2763 3654 1043 7329 2651]"
561,0.3068215009365224,37,1043,4014,"[1179 6760 2287 2586 1455 3012 7251 1856 2435  976 2709 3774 2808 1330
  455  246 4009 5264 3715 4095 2082 2598 3280 4287 2302  983 3362 2172
 1974 3668 2451 2109 3721 1407 3003 2763 3654 4014 7329 2651]"
562,0.2998707153874815,0,1179,2331,"[2331 6760 2287 2586 1455 3012 7251 1856 2435  976 2709 3774 2808 1330
  455  246 4009 5264 3715 4095 2082 2598 3280 4287 2302  983 3362 2172
 1974 3668 2451 2109 3721 1407 3003 2763 3654 4014 7329 2651]"
563,0.3049562901222284,17,5264,741,"[2331 6760 2287 2586 1455 3012 7251 1856 2435  976 2709 3774 2808 1330
  455  246 4009  741 3715 4095 2082 2598 3280 4287 2302  983 3362 2172
 1974 3668 2451 2109 3721 1407 3003 2763 3654 4014 7329 2651]"
564,0.3072565209864928,16,4009,6047,"[2331 6760 2287 2586 1455 3012 7251 1856 2435  976 2709 3774 2808 1330
  455  246 6047  741 3715 4095 2082 2598 3280 4287 2302  983 3362 2172
 1974 3668 2451 2109 3721 1407 3003 2763 3654 4014 7329 2651]"
565,0.30882898709569473,26,3362,3359,"[2331 6760 2287 2586 1455 3012 7251 1856 2435  976 2709 3774 2808 1330
  455  246 6047  741 3715 4095 2082 2598 3280 4287 2302  983 3359 2172
 1974 3668 2451 2109 3721 1407 3003 2763 3654 4014 7329 2651]"
566,0.31066475344506916,15,246,960,"[2331 6760 2287 2586 1455 3012 7251 1856 2435  976 2709 3774 2808 1330
  455  960 6047  741 3715 4095 2082 2598 3280 4287 2302  983 3359 2172
 1974 3668 2451 2109 3721 1407 3003 2763 3654 4014 7329 2651]"
567,0.31475419538336646,14,455,1110,"[2331 6760 2287 2586 1455 3012 7251 1856 2435  976 2709 3774 2808 1330
 1110  960 6047  741 3715 4095 2082 2598 3280 4287 2302  983 3359 2172
 1974 3668 2451 2109 3721 1407 3003 2763 3654 4014 7329 2651]"
568,0.31207631521013907,38,7329,1326,"[2331 6760 2287 2586 1455 3012 7251 1856 2435  976 2709 3774 2808 1330
 1110  960 6047  741 3715 4095 2082 2598 3280 4287 2302  983 3359 2172
 1974 3668 2451 2109 3721 1407 3003 2763 3654 4014 1326 2651]"
569,0.3115351918031478,36,3654,6766,"[2331 6760 2287 2586 1455 3012 7251 1856 2435  976 2709 3774 2808 1330
 1110  960 6047  741 3715 4095 2082 2598 3280 4287 2302  983 3359 2172
 1974 3668 2451 2109 3721 1407 3003 2763 6766 4014 1326 2651]"
570,0.30750562891813427,34,3003,1443,"[2331 6760 2287 2586 1455 3012 7251 1856 2435  976 2709 3774 2808 1330
 1110  960 6047  741 3715 4095 2082 2598 3280 4287 2302  983 3359 2172
 1974 3668 2451 2109 3721 1407 1443 2763 6766 4014 1326 2651]"
571,0.3074106008660755,13,1330,3569,"[2331 6760 2287 2586 1455 3012 7251 1856 2435  976 2709 3774 2808 3569
 1110  960 6047  741 3715 4095 2082 2598 3280 4287 2302  983 3359 2172
 1974 3668 2451 2109 3721 1407 1443 2763 6766 4014 1326 2651]"
572,0.3091479802152973,18,3715,4573,"[2331 6760 2287 2586 1455 3012 7251 1856 2435  976 2709 3774 2808 3569
 1110  960 6047  741 4573 4095 2082 2598 3280 4287 2302  983 3359 2172
 1974 3668 2451 2109 3721 1407 1443 2763 6766 4014 1326 2651]"
573,0.30820570951681203,25,983,2931,"[2331 6760 2287 2586 1455 3012 7251 1856 2435  976 2709 3774 2808 3569
 1110  960 6047  741 4573 4095 2082 2598 3280 4287 2302 2931 3359 2172
 1974 3668 2451 2109 3721 1407 1443 2763 6766 4014 1326 2651]"
574,0.3143692766077118,15,960,3520,"[2331 6760 2287 2586 1455 3012 7251 1856 2435  976 2709 3774 2808 3569
 1110 3520 6047  741 4573 4095 2082 2598 3280 4287 2302 2931 3359 2172
 1974 3668 2451 2109 3721 1407 1443 2763 6766 4014 1326 2651]"
575,0.31055743030021776,26,3359,3729,"[2331 6760 2287 2586 1455 3012 7251 1856 2435  976 2709 3774 2808 3569
 1110 3520 6047  741 4573 4095 2082 2598 3280 4287 2302 2931 3729 2172
 1974 3668 2451 2109 3721 1407 1443 2763 6766 4014 1326 2651]"
576,0.3188683957941677,29,3668,3008,"[2331 6760 2287 2586 1455 3012 7251 1856 2435  976 2709 3774 2808 3569
 1110 3520 6047  741 4573 4095 2082 2598 3280 4287 2302 2931 3729 2172
 1974 3008 2451 2109 3721 1407 1443 2763 6766 4014 1326 2651]"
577,0.30865657017164966,17,741,6257,"[2331 6760 2287 2586 1455 3012 7251 1856 2435  976 2709 3774 2808 3569
 1110 3520 6047 6257 4573 4095 2082 2598 3280 4287 2302 2931 3729 2172
 1974 3008 2451 2109 3721 1407 1443 2763 6766 4014 1326 2651]"
578,0.30666231317067233,4,1455,4206,"[2331 6760 2287 2586 4206 3012 7251 1856 2435  976 2709 3774 2808 3569
 1110 3520 6047 6257 4573 4095 2082 2598 3280 4287 2302 2931 3729 2172
 1974 3008 2451 2109 3721 1407 1443 2763 6766 4014 1326 2651]"
579,0.31435528405374435,34,1443,672,"[2331 6760 2287 2586 4206 3012 7251 1856 2435  976 2709 3774 2808 3569
 1110 3520 6047 6257 4573 4095 2082 2598 3280 4287 2302 2931 3729 2172
 1974 3008 2451 2109 3721 1407  672 2763 6766 4014 1326 2651]"
580,0.31194021931589955,31,2109,1099,"[2331 6760 2287 2586 4206 3012 7251 1856 2435  976 2709 3774 2808 3569
 1110 3520 6047 6257 4573 4095 2082 2598 3280 4287 2302 2931 3729 2172
 1974 3008 2451 1099 3721 1407  672 2763 6766 4014 1326 2651]"
581,0.3127744024333846,17,6257,402,"[2331 6760 2287 2586 4206 3012 7251 1856 2435  976 2709 3774 2808 3569
 1110 3520 6047  402 4573 4095 2082 2598 3280 4287 2302 2931 3729 2172
 1974 3008 2451 1099 3721 1407  672 2763 6766 4014 1326 2651]"
582,0.30928569255038363,29,3008,7260,"[2331 6760 2287 2586 4206 3012 7251 1856 2435  976 2709 3774 2808 3569
 1110 3520 6047  402 4573 4095 2082 2598 3280 4287 2302 2931 3729 2172
 1974 7260 2451 1099 3721 1407  672 2763 6766 4014 1326 2651]"
583,0.3117627028572686,39,2651,3238,"[2331 6760 2287 2586 4206 3012 7251 1856 2435  976 2709 3774 2808 3569
 1110 3520 6047  402 4573 4095 2082 2598 3280 4287 2302 2931 3729 2172
 1974 7260 2451 1099 3721 1407  672 2763 6766 4014 1326 3238]"
584,0.307733934694716,15,3520,4008,"[2331 6760 2287 2586 4206 3012 7251 1856 2435  976 2709 3774 2808 3569
 1110 4008 6047  402 4573 4095 2082 2598 3280 4287 2302 2931 3729 2172
 1974 7260 2451 1099 3721 1407  672 2763 6766 4014 1326 3238]"
585,0.31003763401159856,25,2931,1666,"[2331 6760 2287 2586 4206 3012 7251 1856 2435  976 2709 3774 2808 3569
 1110 4008 6047  402 4573 4095 2082 2598 3280 4287 2302 1666 3729 2172
 1974 7260 2451 1099 3721 1407  672 2763 6766 4014 1326 3238]"
586,0.3170500131948131,15,4008,2946,"[2331 6760 2287 2586 4206 3012 7251 1856 2435  976 2709 3774 2808 3569
 1110 2946 6047  402 4573 4095 2082 2598 3280 4287 2302 1666 3729 2172
 1974 7260 2451 1099 3721 1407  672 2763 6766 4014 1326 3238]"
587,0.3170999396610884,22,3280,1963,"[2331 6760 2287 2586 4206 3012 7251 1856 2435  976 2709 3774 2808 3569
 1110 2946 6047  402 4573 4095 2082 2598 1963 4287 2302 1666 3729 2172
 1974 7260 2451 1099 3721 1407  672 2763 6766 4014 1326 3238]"
588,0.32026663636176933,23,4287,3070,"[2331 6760 2287 2586 4206 3012 7251 1856 2435  976 2709 3774 2808 3569
 1110 2946 6047  402 4573 4095 2082 2598 1963 3070 2302 1666 3729 2172
 1974 7260 2451 1099 3721 1407  672 2763 6766 4014 1326 3238]"
589,0.31746303190456593,23,3070,2235,"[2331 6760 2287 2586 4206 3012 7251 1856 2435  976 2709 3774 2808 3569
 1110 2946 6047  402 4573 4095 2082 2598 1963 2235 2302 1666 3729 2172
 1974 7260 2451 1099 3721 1407  672 2763 6766 4014 1326 3238]"
590,0.32024964776865444,37,4014,1161,"[2331 6760 2287 2586 4206 3012 7251 1856 2435  976 2709 3774 2808 3569
 1110 2946 6047  402 4573 4095 2082 2598 1963 2235 2302 1666 3729 2172
 1974 7260 2451 1099 3721 1407  672 2763 6766 1161 1326 3238]"
591,0.31501140812311645,13,3569,2050,"[2331 6760 2287 2586 4206 3012 7251 1856 2435  976 2709 3774 2808 2050
 1110 2946 6047  402 4573 4095 2082 2598 1963 2235 2302 1666 3729 2172
 1974 7260 2451 1099 3721 1407  672 2763 6766 1161 1326 3238]"
592,0.31012096217764146,15,2946,876,"[2331 6760 2287 2586 4206 3012 7251 1856 2435  976 2709 3774 2808 2050
 1110  876 6047  402 4573 4095 2082 2598 1963 2235 2302 1666 3729 2172
 1974 7260 2451 1099 3721 1407  672 2763 6766 1161 1326 3238]"
593,0.32010339388657005,13,2050,3364,"[2331 6760 2287 2586 4206 3012 7251 1856 2435  976 2709 3774 2808 3364
 1110  876 6047  402 4573 4095 2082 2598 1963 2235 2302 1666 3729 2172
 1974 7260 2451 1099 3721 1407  672 2763 6766 1161 1326 3238]"
594,0.31731823554682154,6,7251,1907,"[2331 6760 2287 2586 4206 3012 1907 1856 2435  976 2709 3774 2808 3364
 1110  876 6047  402 4573 4095 2082 2598 1963 2235 2302 1666 3729 2172
 1974 7260 2451 1099 3721 1407  672 2763 6766 1161 1326 3238]"
595,0.3181533033791512,0,2331,1542,"[1542 6760 2287 2586 4206 3012 1907 1856 2435  976 2709 3774 2808 3364
 1110  876 6047  402 4573 4095 2082 2598 1963 2235 2302 1666 3729 2172
 1974 7260 2451 1099 3721 1407  672 2763 6766 1161 1326 3238]"
596,0.3166764723173607,38,1326,758,"[1542 6760 2287 2586 4206 3012 1907 1856 2435  976 2709 3774 2808 3364
 1110  876 6047  402 4573 4095 2082 2598 1963 2235 2302 1666 3729 2172
 1974 7260 2451 1099 3721 1407  672 2763 6766 1161  758 3238]"
597,0.30988763765326083,18,4573,4424,"[1542 6760 2287 2586 4206 3012 1907 1856 2435  976 2709 3774 2808 3364
 1110  876 6047  402 4424 4095 2082 2598 1963 2235 2302 1666 3729 2172
 1974 7260 2451 1099 3721 1407  672 2763 6766 1161  758 3238]"
598,0.3106075708778361,30,2451,1816,"[1542 6760 2287 2586 4206 3012 1907 1856 2435  976 2709 3774 2808 3364
 1110  876 6047  402 4424 4095 2082 2598 1963 2235 2302 1666 3729 2172
 1974 7260 1816 1099 3721 1407  672 2763 6766 1161  758 3238]"
599,0.31017114496605513,19,4095,1384,"[1542 6760 2287 2586 4206 3012 1907 1856 2435  976 2709 3774 2808 3364
 1110  876 6047  402 4424 1384 2082 2598 1963 2235 2302 1666 3729 2172
 1974 7260 1816 1099 3721 1407  672 2763 6766 1161  758 3238]"
600,0.309448910357021,8,2435,2958,"[1542 6760 2287 2586 4206 3012 1907 1856 2958  976 2709 3774 2808 3364
 1110  876 6047  402 4424 1384 2082 2598 1963 2235 2302 1666 3729 2172
 1974 7260 1816 1099 3721 1407  672 2763 6766 1161  758 3238]"
601,0.3064212156226156,2,2287,1951,"[1542 6760 1951 2586 4206 3012 1907 1856 2958  976 2709 3774 2808 3364
 1110  876 6047  402 4424 1384 2082 2598 1963 2235 2302 1666 3729 2172
 1974 7260 1816 1099 3721 1407  672 2763 6766 1161  758 3238]"
602,0.3120727016786129,18,4424,552,"[1542 6760 1951 2586 4206 3012 1907 1856 2958  976 2709 3774 2808 3364
 1110  876 6047  402  552 1384 2082 2598 1963 2235 2302 1666 3729 2172
 1974 7260 1816 1099 3721 1407  672 2763 6766 1161  758 3238]"
603,0.30710468219286297,0,1542,6825,"[6825 6760 1951 2586 4206 3012 1907 1856 2958  976 2709 3774 2808 3364
 1110  876 6047  402  552 1384 2082 2598 1963 2235 2302 1666 3729 2172
 1974 7260 1816 1099 3721 1407  672 2763 6766 1161  758 3238]"
604,0.3086563700712617,19,1384,3298,"[6825 6760 1951 2586 4206 3012 1907 1856 2958  976 2709 3774 2808 3364
 1110  876 6047  402  552 3298 2082 2598 1963 2235 2302 1666 3729 2172
 1974 7260 1816 1099 3721 1407  672 2763 6766 1161  758 3238]"
605,0.3069880680726028,26,3729,1122,"[6825 6760 1951 2586 4206 3012 1907 1856 2958  976 2709 3774 2808 3364
 1110  876 6047  402  552 3298 2082 2598 1963 2235 2302 1666 1122 2172
 1974 7260 1816 1099 3721 1407  672 2763 6766 1161  758 3238]"
606,0.3066308802749406,19,3298,1828,"[6825 6760 1951 2586 4206 3012 1907 1856 2958  976 2709 3774 2808 3364
 1110  876 6047  402  552 1828 2082 2598 1963 2235 2302 1666 1122 2172
 1974 7260 1816 1099 3721 1407  672 2763 6766 1161  758 3238]"
607,0.30254891543718315,5,3012,3711,"[6825 6760 1951 2586 4206 3711 1907 1856 2958  976 2709 3774 2808 3364
 1110  876 6047  402  552 1828 2082 2598 1963 2235 2302 1666 1122 2172
 1974 7260 1816 1099 3721 1407  672 2763 6766 1161  758 3238]"
608,0.30270668981931825,11,3774,4211,"[6825 6760 1951 2586 4206 3711 1907 1856 2958  976 2709 4211 2808 3364
 1110  876 6047  402  552 1828 2082 2598 1963 2235 2302 1666 1122 2172
 1974 7260 1816 1099 3721 1407  672 2763 6766 1161  758 3238]"
609,0.2990129116920174,30,1816,7178,"[6825 6760 1951 2586 4206 3711 1907 1856 2958  976 2709 4211 2808 3364
 1110  876 6047  402  552 1828 2082 2598 1963 2235 2302 1666 1122 2172
 1974 7260 7178 1099 3721 1407  672 2763 6766 1161  758 3238]"
610,0.2989633369144226,36,6766,6980,"[6825 6760 1951 2586 4206 3711 1907 1856 2958  976 2709 4211 2808 3364
 1110  876 6047  402  552 1828 2082 2598 1963 2235 2302 1666 1122 2172
 1974 7260 7178 1099 3721 1407  672 2763 6980 1161  758 3238]"
611,0.2962369913309609,14,1110,891,"[6825 6760 1951 2586 4206 3711 1907 1856 2958  976 2709 4211 2808 3364
  891  876 6047  402  552 1828 2082 2598 1963 2235 2302 1666 1122 2172
 1974 7260 7178 1099 3721 1407  672 2763 6980 1161  758 3238]"
612,0.3042463228660225,38,758,1323,"[6825 6760 1951 2586 4206 3711 1907 1856 2958  976 2709 4211 2808 3364
  891  876 6047  402  552 1828 2082 2598 1963 2235 2302 1666 1122 2172
 1974 7260 7178 1099 3721 1407  672 2763 6980 1161 1323 3238]"
613,0.31050387313138306,37,1161,3009,"[6825 6760 1951 2586 4206 3711 1907 1856 2958  976 2709 4211 2808 3364
  891  876 6047  402  552 1828 2082 2598 1963 2235 2302 1666 1122 2172
 1974 7260 7178 1099 3721 1407  672 2763 6980 3009 1323 3238]"
614,0.31110057782102807,12,2808,1037,"[6825 6760 1951 2586 4206 3711 1907 1856 2958  976 2709 4211 1037 3364
  891  876 6047  402  552 1828 2082 2598 1963 2235 2302 1666 1122 2172
 1974 7260 7178 1099 3721 1407  672 2763 6980 3009 1323 3238]"
615,0.30796803570344794,32,3721,3297,"[6825 6760 1951 2586 4206 3711 1907 1856 2958  976 2709 4211 1037 3364
  891  876 6047  402  552 1828 2082 2598 1963 2235 2302 1666 1122 2172
 1974 7260 7178 1099 3297 1407  672 2763 6980 3009 1323 3238]"
616,0.31103806874304,33,1407,3003,"[6825 6760 1951 2586 4206 3711 1907 1856 2958  976 2709 4211 1037 3364
  891  876 6047  402  552 1828 2082 2598 1963 2235 2302 1666 1122 2172
 1974 7260 7178 1099 3297 3003  672 2763 6980 3009 1323 3238]"
617,0.30958731721811616,20,2082,1931,"[6825 6760 1951 2586 4206 3711 1907 1856 2958  976 2709 4211 1037 3364
  891  876 6047  402  552 1828 1931 2598 1963 2235 2302 1666 1122 2172
 1974 7260 7178 1099 3297 3003  672 2763 6980 3009 1323 3238]"
618,0.3102097304748696,6,1907,1460,"[6825 6760 1951 2586 4206 3711 1460 1856 2958  976 2709 4211 1037 3364
  891  876 6047  402  552 1828 1931 2598 1963 2235 2302 1666 1122 2172
 1974 7260 7178 1099 3297 3003  672 2763 6980 3009 1323 3238]"
619,0.3107726154451987,4,4206,3208,"[6825 6760 1951 2586 3208 3711 1460 1856 2958  976 2709 4211 1037 3364
  891  876 6047  402  552 1828 1931 2598 1963 2235 2302 1666 1122 2172
 1974 7260 7178 1099 3297 3003  672 2763 6980 3009 1323 3238]"
620,0.30806045449599234,34,672,3704,"[6825 6760 1951 2586 3208 3711 1460 1856 2958  976 2709 4211 1037 3364
  891  876 6047  402  552 1828 1931 2598 1963 2235 2302 1666 1122 2172
 1974 7260 7178 1099 3297 3003 3704 2763 6980 3009 1323 3238]"
621,0.3059991336549695,29,7260,2318,"[6825 6760 1951 2586 3208 3711 1460 1856 2958  976 2709 4211 1037 3364
  891  876 6047  402  552 1828 1931 2598 1963 2235 2302 1666 1122 2172
 1974 2318 7178 1099 3297 3003 3704 2763 6980 3009 1323 3238]"
622,0.3083475162131436,11,4211,2435,"[6825 6760 1951 2586 3208 3711 1460 1856 2958  976 2709 2435 1037 3364
  891  876 6047  402  552 1828 1931 2598 1963 2235 2302 1666 1122 2172
 1974 2318 7178 1099 3297 3003 3704 2763 6980 3009 1323 3238]"
623,0.31337453973189555,4,3208,3936,"[6825 6760 1951 2586 3936 3711 1460 1856 2958  976 2709 2435 1037 3364
  891  876 6047  402  552 1828 1931 2598 1963 2235 2302 1666 1122 2172
 1974 2318 7178 1099 3297 3003 3704 2763 6980 3009 1323 3238]"
624,0.31592297699879024,30,7178,1544,"[6825 6760 1951 2586 3936 3711 1460 1856 2958  976 2709 2435 1037 3364
  891  876 6047  402  552 1828 1931 2598 1963 2235 2302 1666 1122 2172
 1974 2318 1544 1099 3297 3003 3704 2763 6980 3009 1323 3238]"
625,0.31422037870073666,24,2302,953,"[6825 6760 1951 2586 3936 3711 1460 1856 2958  976 2709 2435 1037 3364
  891  876 6047  402  552 1828 1931 2598 1963 2235  953 1666 1122 2172
 1974 2318 1544 1099 3297 3003 3704 2763 6980 3009 1323 3238]"
626,0.31114893032614377,37,3009,4643,"[6825 6760 1951 2586 3936 3711 1460 1856 2958  976 2709 2435 1037 3364
  891  876 6047  402  552 1828 1931 2598 1963 2235  953 1666 1122 2172
 1974 2318 1544 1099 3297 3003 3704 2763 6980 4643 1323 3238]"
627,0.31249456437638895,29,2318,2158,"[6825 6760 1951 2586 3936 3711 1460 1856 2958  976 2709 2435 1037 3364
  891  876 6047  402  552 1828 1931 2598 1963 2235  953 1666 1122 2172
 1974 2158 1544 1099 3297 3003 3704 2763 6980 4643 1323 3238]"
628,0.3087151385321486,4,3936,4151,"[6825 6760 1951 2586 4151 3711 1460 1856 2958  976 2709 2435 1037 3364
  891  876 6047  402  552 1828 1931 2598 1963 2235  953 1666 1122 2172
 1974 2158 1544 1099 3297 3003 3704 2763 6980 4643 1323 3238]"
629,0.30876460658996224,24,953,2716,"[6825 6760 1951 2586 4151 3711 1460 1856 2958  976 2709 2435 1037 3364
  891  876 6047  402  552 1828 1931 2598 1963 2235 2716 1666 1122 2172
 1974 2158 1544 1099 3297 3003 3704 2763 6980 4643 1323 3238]"
630,0.3146975048878755,7,1856,2868,"[6825 6760 1951 2586 4151 3711 1460 2868 2958  976 2709 2435 1037 3364
  891  876 6047  402  552 1828 1931 2598 1963 2235 2716 1666 1122 2172
 1974 2158 1544 1099 3297 3003 3704 2763 6980 4643 1323 3238]"
631,0.3140023177150223,7,2868,3650,"[6825 6760 1951 2586 4151 3711 1460 3650 2958  976 2709 2435 1037 3364
  891  876 6047  402  552 1828 1931 2598 1963 2235 2716 1666 1122 2172
 1974 2158 1544 1099 3297 3003 3704 2763 6980 4643 1323 3238]"
632,0.3148140747030421,9,976,4135,"[6825 6760 1951 2586 4151 3711 1460 3650 2958 4135 2709 2435 1037 3364
  891  876 6047  402  552 1828 1931 2598 1963 2235 2716 1666 1122 2172
 1974 2158 1544 1099 3297 3003 3704 2763 6980 4643 1323 3238]"
633,0.3154919789084505,22,1963,2152,"[6825 6760 1951 2586 4151 3711 1460 3650 2958 4135 2709 2435 1037 3364
  891  876 6047  402  552 1828 1931 2598 2152 2235 2716 1666 1122 2172
 1974 2158 1544 1099 3297 3003 3704 2763 6980 4643 1323 3238]"
634,0.3223909035941299,34,3704,2938,"[6825 6760 1951 2586 4151 3711 1460 3650 2958 4135 2709 2435 1037 3364
  891  876 6047  402  552 1828 1931 2598 2152 2235 2716 1666 1122 2172
 1974 2158 1544 1099 3297 3003 2938 2763 6980 4643 1323 3238]"
635,0.316982732036179,28,1974,1691,"[6825 6760 1951 2586 4151 3711 1460 3650 2958 4135 2709 2435 1037 3364
  891  876 6047  402  552 1828 1931 2598 2152 2235 2716 1666 1122 2172
 1691 2158 1544 1099 3297 3003 2938 2763 6980 4643 1323 3238]"
636,0.3171250055597875,9,4135,1116,"[6825 6760 1951 2586 4151 3711 1460 3650 2958 1116 2709 2435 1037 3364
  891  876 6047  402  552 1828 1931 2598 2152 2235 2716 1666 1122 2172
 1691 2158 1544 1099 3297 3003 2938 2763 6980 4643 1323 3238]"
637,0.31528723027592664,1,6760,6688,"[6825 6688 1951 2586 4151 3711 1460 3650 2958 1116 2709 2435 1037 3364
  891  876 6047  402  552 1828 1931 2598 2152 2235 2716 1666 1122 2172
 1691 2158 1544 1099 3297 3003 2938 2763 6980 4643 1323 3238]"
638,0.3141631735785524,37,4643,3955,"[6825 6688 1951 2586 4151 3711 1460 3650 2958 1116 2709 2435 1037 3364
  891  876 6047  402  552 1828 1931 2598 2152 2235 2716 1666 1122 2172
 1691 2158 1544 1099 3297 3003 2938 2763 6980 3955 1323 3238]"
639,0.31705643707955145,13,3364,2874,"[6825 6688 1951 2586 4151 3711 1460 3650 2958 1116 2709 2435 1037 2874
  891  876 6047  402  552 1828 1931 2598 2152 2235 2716 1666 1122 2172
 1691 2158 1544 1099 3297 3003 2938 2763 6980 3955 1323 3238]"
640,0.31773455564454256,20,1931,3067,"[6825 6688 1951 2586 4151 3711 1460 3650 2958 1116 2709 2435 1037 2874
  891  876 6047  402  552 1828 3067 2598 2152 2235 2716 1666 1122 2172
 1691 2158 1544 1099 3297 3003 2938 2763 6980 3955 1323 3238]"
641,0.31907105601668706,15,876,2261,"[6825 6688 1951 2586 4151 3711 1460 3650 2958 1116 2709 2435 1037 2874
  891 2261 6047  402  552 1828 3067 2598 2152 2235 2716 1666 1122 2172
 1691 2158 1544 1099 3297 3003 2938 2763 6980 3955 1323 3238]"
642,0.3208334370762461,21,2598,831,"[6825 6688 1951 2586 4151 3711 1460 3650 2958 1116 2709 2435 1037 2874
  891 2261 6047  402  552 1828 3067  831 2152 2235 2716 1666 1122 2172
 1691 2158 1544 1099 3297 3003 2938 2763 6980 3955 1323 3238]"
643,0.32059934353180963,14,891,7180,"[6825 6688 1951 2586 4151 3711 1460 3650 2958 1116 2709 2435 1037 2874
 7180 2261 6047  402  552 1828 3067  831 2152 2235 2716 1666 1122 2172
 1691 2158 1544 1099 3297 3003 2938 2763 6980 3955 1323 3238]"
644,0.31723479602982013,5,3711,2607,"[6825 6688 1951 2586 4151 2607 1460 3650 2958 1116 2709 2435 1037 2874
 7180 2261 6047  402  552 1828 3067  831 2152 2235 2716 1666 1122 2172
 1691 2158 1544 1099 3297 3003 2938 2763 6980 3955 1323 3238]"
645,0.31380798745657323,33,3003,1056,"[6825 6688 1951 2586 4151 2607 1460 3650 2958 1116 2709 2435 1037 2874
 7180 2261 6047  402  552 1828 3067  831 2152 2235 2716 1666 1122 2172
 1691 2158 1544 1099 3297 1056 2938 2763 6980 3955 1323 3238]"
646,0.31795510727300136,38,1323,3218,"[6825 6688 1951 2586 4151 2607 1460 3650 2958 1116 2709 2435 1037 2874
 7180 2261 6047  402  552 1828 3067  831 2152 2235 2716 1666 1122 2172
 1691 2158 1544 1099 3297 1056 2938 2763 6980 3955 3218 3238]"
647,0.31189128443273156,38,3218,1731,"[6825 6688 1951 2586 4151 2607 1460 3650 2958 1116 2709 2435 1037 2874
 7180 2261 6047  402  552 1828 3067  831 2152 2235 2716 1666 1122 2172
 1691 2158 1544 1099 3297 1056 2938 2763 6980 3955 1731 3238]"
648,0.31231415534759827,8,2958,477,"[6825 6688 1951 2586 4151 2607 1460 3650  477 1116 2709 2435 1037 2874
 7180 2261 6047  402  552 1828 3067  831 2152 2235 2716 1666 1122 2172
 1691 2158 1544 1099 3297 1056 2938 2763 6980 3955 1731 3238]"
649,0.30329761149023776,15,2261,6184,"[6825 6688 1951 2586 4151 2607 1460 3650  477 1116 2709 2435 1037 2874
 7180 6184 6047  402  552 1828 3067  831 2152 2235 2716 1666 1122 2172
 1691 2158 1544 1099 3297 1056 2938 2763 6980 3955 1731 3238]"
650,0.3058460439613145,4,4151,2113,"[6825 6688 1951 2586 2113 2607 1460 3650  477 1116 2709 2435 1037 2874
 7180 6184 6047  402  552 1828 3067  831 2152 2235 2716 1666 1122 2172
 1691 2158 1544 1099 3297 1056 2938 2763 6980 3955 1731 3238]"
651,0.30154799637257385,36,6980,2953,"[6825 6688 1951 2586 2113 2607 1460 3650  477 1116 2709 2435 1037 2874
 7180 6184 6047  402  552 1828 3067  831 2152 2235 2716 1666 1122 2172
 1691 2158 1544 1099 3297 1056 2938 2763 2953 3955 1731 3238]"
652,0.29868304236363613,24,2716,2483,"[6825 6688 1951 2586 2113 2607 1460 3650  477 1116 2709 2435 1037 2874
 7180 6184 6047  402  552 1828 3067  831 2152 2235 2483 1666 1122 2172
 1691 2158 1544 1099 3297 1056 2938 2763 2953 3955 1731 3238]"
653,0.2996197389690176,21,831,1377,"[6825 6688 1951 2586 2113 2607 1460 3650  477 1116 2709 2435 1037 2874
 7180 6184 6047  402  552 1828 3067 1377 2152 2235 2483 1666 1122 2172
 1691 2158 1544 1099 3297 1056 2938 2763 2953 3955 1731 3238]"
654,0.30080127940259066,21,1377,7332,"[6825 6688 1951 2586 2113 2607 1460 3650  477 1116 2709 2435 1037 2874
 7180 6184 6047  402  552 1828 3067 7332 2152 2235 2483 1666 1122 2172
 1691 2158 1544 1099 3297 1056 2938 2763 2953 3955 1731 3238]"
655,0.3042762605920559,5,2607,3796,"[6825 6688 1951 2586 2113 3796 1460 3650  477 1116 2709 2435 1037 2874
 7180 6184 6047  402  552 1828 3067 7332 2152 2235 2483 1666 1122 2172
 1691 2158 1544 1099 3297 1056 2938 2763 2953 3955 1731 3238]"
656,0.2986674412602135,32,3297,2721,"[6825 6688 1951 2586 2113 3796 1460 3650  477 1116 2709 2435 1037 2874
 7180 6184 6047  402  552 1828 3067 7332 2152 2235 2483 1666 1122 2172
 1691 2158 1544 1099 2721 1056 2938 2763 2953 3955 1731 3238]"
657,0.2963211348525594,33,1056,5486,"[6825 6688 1951 2586 2113 3796 1460 3650  477 1116 2709 2435 1037 2874
 7180 6184 6047  402  552 1828 3067 7332 2152 2235 2483 1666 1122 2172
 1691 2158 1544 1099 2721 5486 2938 2763 2953 3955 1731 3238]"
658,0.2944860639966959,6,1460,1996,"[6825 6688 1951 2586 2113 3796 1996 3650  477 1116 2709 2435 1037 2874
 7180 6184 6047  402  552 1828 3067 7332 2152 2235 2483 1666 1122 2172
 1691 2158 1544 1099 2721 5486 2938 2763 2953 3955 1731 3238]"
659,0.2928792792406503,22,2152,2011,"[6825 6688 1951 2586 2113 3796 1996 3650  477 1116 2709 2435 1037 2874
 7180 6184 6047  402  552 1828 3067 7332 2011 2235 2483 1666 1122 2172
 1691 2158 1544 1099 2721 5486 2938 2763 2953 3955 1731 3238]"
660,0.29379642779769854,2,1951,3943,"[6825 6688 3943 2586 2113 3796 1996 3650  477 1116 2709 2435 1037 2874
 7180 6184 6047  402  552 1828 3067 7332 2011 2235 2483 1666 1122 2172
 1691 2158 1544 1099 2721 5486 2938 2763 2953 3955 1731 3238]"
661,0.29124898125144877,26,1122,3640,"[6825 6688 3943 2586 2113 3796 1996 3650  477 1116 2709 2435 1037 2874
 7180 6184 6047  402  552 1828 3067 7332 2011 2235 2483 1666 3640 2172
 1691 2158 1544 1099 2721 5486 2938 2763 2953 3955 1731 3238]"
662,0.29625095071400837,24,2483,3860,"[6825 6688 3943 2586 2113 3796 1996 3650  477 1116 2709 2435 1037 2874
 7180 6184 6047  402  552 1828 3067 7332 2011 2235 3860 1666 3640 2172
 1691 2158 1544 1099 2721 5486 2938 2763 2953 3955 1731 3238]"
663,0.2956537106219251,33,5486,5912,"[6825 6688 3943 2586 2113 3796 1996 3650  477 1116 2709 2435 1037 2874
 7180 6184 6047  402  552 1828 3067 7332 2011 2235 3860 1666 3640 2172
 1691 2158 1544 1099 2721 5912 2938 2763 2953 3955 1731 3238]"
664,0.2992296983928609,8,477,2179,"[6825 6688 3943 2586 2113 3796 1996 3650 2179 1116 2709 2435 1037 2874
 7180 6184 6047  402  552 1828 3067 7332 2011 2235 3860 1666 3640 2172
 1691 2158 1544 1099 2721 5912 2938 2763 2953 3955 1731 3238]"
665,0.29888198188268256,11,2435,248,"[6825 6688 3943 2586 2113 3796 1996 3650 2179 1116 2709  248 1037 2874
 7180 6184 6047  402  552 1828 3067 7332 2011 2235 3860 1666 3640 2172
 1691 2158 1544 1099 2721 5912 2938 2763 2953 3955 1731 3238]"
666,0.296983535982656,25,1666,7186,"[6825 6688 3943 2586 2113 3796 1996 3650 2179 1116 2709  248 1037 2874
 7180 6184 6047  402  552 1828 3067 7332 2011 2235 3860 7186 3640 2172
 1691 2158 1544 1099 2721 5912 2938 2763 2953 3955 1731 3238]"
667,0.3020476665673571,11,248,668,"[6825 6688 3943 2586 2113 3796 1996 3650 2179 1116 2709  668 1037 2874
 7180 6184 6047  402  552 1828 3067 7332 2011 2235 3860 7186 3640 2172
 1691 2158 1544 1099 2721 5912 2938 2763 2953 3955 1731 3238]"
668,0.3003858207900028,11,668,2220,"[6825 6688 3943 2586 2113 3796 1996 3650 2179 1116 2709 2220 1037 2874
 7180 6184 6047  402  552 1828 3067 7332 2011 2235 3860 7186 3640 2172
 1691 2158 1544 1099 2721 5912 2938 2763 2953 3955 1731 3238]"
669,0.2950234464475555,31,1099,900,"[6825 6688 3943 2586 2113 3796 1996 3650 2179 1116 2709 2220 1037 2874
 7180 6184 6047  402  552 1828 3067 7332 2011 2235 3860 7186 3640 2172
 1691 2158 1544  900 2721 5912 2938 2763 2953 3955 1731 3238]"
670,0.29980015776460367,5,3796,3216,"[6825 6688 3943 2586 2113 3216 1996 3650 2179 1116 2709 2220 1037 2874
 7180 6184 6047  402  552 1828 3067 7332 2011 2235 3860 7186 3640 2172
 1691 2158 1544  900 2721 5912 2938 2763 2953 3955 1731 3238]"
671,0.299921163938123,19,1828,4565,"[6825 6688 3943 2586 2113 3216 1996 3650 2179 1116 2709 2220 1037 2874
 7180 6184 6047  402  552 4565 3067 7332 2011 2235 3860 7186 3640 2172
 1691 2158 1544  900 2721 5912 2938 2763 2953 3955 1731 3238]"
672,0.3030011792856704,15,6184,1442,"[6825 6688 3943 2586 2113 3216 1996 3650 2179 1116 2709 2220 1037 2874
 7180 1442 6047  402  552 4565 3067 7332 2011 2235 3860 7186 3640 2172
 1691 2158 1544  900 2721 5912 2938 2763 2953 3955 1731 3238]"
673,0.3015378326615135,16,6047,2073,"[6825 6688 3943 2586 2113 3216 1996 3650 2179 1116 2709 2220 1037 2874
 7180 1442 2073  402  552 4565 3067 7332 2011 2235 3860 7186 3640 2172
 1691 2158 1544  900 2721 5912 2938 2763 2953 3955 1731 3238]"
674,0.3014129132539349,29,2158,3352,"[6825 6688 3943 2586 2113 3216 1996 3650 2179 1116 2709 2220 1037 2874
 7180 1442 2073  402  552 4565 3067 7332 2011 2235 3860 7186 3640 2172
 1691 3352 1544  900 2721 5912 2938 2763 2953 3955 1731 3238]"
675,0.302790631873258,26,3640,2231,"[6825 6688 3943 2586 2113 3216 1996 3650 2179 1116 2709 2220 1037 2874
 7180 1442 2073  402  552 4565 3067 7332 2011 2235 3860 7186 2231 2172
 1691 3352 1544  900 2721 5912 2938 2763 2953 3955 1731 3238]"
676,0.29918978434675103,23,2235,6338,"[6825 6688 3943 2586 2113 3216 1996 3650 2179 1116 2709 2220 1037 2874
 7180 1442 2073  402  552 4565 3067 7332 2011 6338 3860 7186 2231 2172
 1691 3352 1544  900 2721 5912 2938 2763 2953 3955 1731 3238]"
677,0.30484578411327046,21,7332,1031,"[6825 6688 3943 2586 2113 3216 1996 3650 2179 1116 2709 2220 1037 2874
 7180 1442 2073  402  552 4565 3067 1031 2011 6338 3860 7186 2231 2172
 1691 3352 1544  900 2721 5912 2938 2763 2953 3955 1731 3238]"
678,0.2972482342427709,13,2874,3440,"[6825 6688 3943 2586 2113 3216 1996 3650 2179 1116 2709 2220 1037 3440
 7180 1442 2073  402  552 4565 3067 1031 2011 6338 3860 7186 2231 2172
 1691 3352 1544  900 2721 5912 2938 2763 2953 3955 1731 3238]"
679,0.29675878810234996,39,3238,590,"[6825 6688 3943 2586 2113 3216 1996 3650 2179 1116 2709 2220 1037 3440
 7180 1442 2073  402  552 4565 3067 1031 2011 6338 3860 7186 2231 2172
 1691 3352 1544  900 2721 5912 2938 2763 2953 3955 1731  590]"
680,0.2987222872205961,33,5912,2458,"[6825 6688 3943 2586 2113 3216 1996 3650 2179 1116 2709 2220 1037 3440
 7180 1442 2073  402  552 4565 3067 1031 2011 6338 3860 7186 2231 2172
 1691 3352 1544  900 2721 2458 2938 2763 2953 3955 1731  590]"
681,0.29626927837336103,11,2220,3669,"[6825 6688 3943 2586 2113 3216 1996 3650 2179 1116 2709 3669 1037 3440
 7180 1442 2073  402  552 4565 3067 1031 2011 6338 3860 7186 2231 2172
 1691 3352 1544  900 2721 2458 2938 2763 2953 3955 1731  590]"
682,0.29590613003428157,35,2763,7193,"[6825 6688 3943 2586 2113 3216 1996 3650 2179 1116 2709 3669 1037 3440
 7180 1442 2073  402  552 4565 3067 1031 2011 6338 3860 7186 2231 2172
 1691 3352 1544  900 2721 2458 2938 7193 2953 3955 1731  590]"
683,0.29212336341032247,18,552,3223,"[6825 6688 3943 2586 2113 3216 1996 3650 2179 1116 2709 3669 1037 3440
 7180 1442 2073  402 3223 4565 3067 1031 2011 6338 3860 7186 2231 2172
 1691 3352 1544  900 2721 2458 2938 7193 2953 3955 1731  590]"
684,0.2891931987066221,21,1031,1456,"[6825 6688 3943 2586 2113 3216 1996 3650 2179 1116 2709 3669 1037 3440
 7180 1442 2073  402 3223 4565 3067 1456 2011 6338 3860 7186 2231 2172
 1691 3352 1544  900 2721 2458 2938 7193 2953 3955 1731  590]"
685,0.2913702529254841,14,7180,1822,"[6825 6688 3943 2586 2113 3216 1996 3650 2179 1116 2709 3669 1037 3440
 1822 1442 2073  402 3223 4565 3067 1456 2011 6338 3860 7186 2231 2172
 1691 3352 1544  900 2721 2458 2938 7193 2953 3955 1731  590]"
686,0.2915491910890835,37,3955,3604,"[6825 6688 3943 2586 2113 3216 1996 3650 2179 1116 2709 3669 1037 3440
 1822 1442 2073  402 3223 4565 3067 1456 2011 6338 3860 7186 2231 2172
 1691 3352 1544  900 2721 2458 2938 7193 2953 3604 1731  590]"
687,0.29096512807814456,15,1442,2754,"[6825 6688 3943 2586 2113 3216 1996 3650 2179 1116 2709 3669 1037 3440
 1822 2754 2073  402 3223 4565 3067 1456 2011 6338 3860 7186 2231 2172
 1691 3352 1544  900 2721 2458 2938 7193 2953 3604 1731  590]"
688,0.2941970706938827,16,2073,3515,"[6825 6688 3943 2586 2113 3216 1996 3650 2179 1116 2709 3669 1037 3440
 1822 2754 3515  402 3223 4565 3067 1456 2011 6338 3860 7186 2231 2172
 1691 3352 1544  900 2721 2458 2938 7193 2953 3604 1731  590]"
689,0.296830678529893,23,6338,5902,"[6825 6688 3943 2586 2113 3216 1996 3650 2179 1116 2709 3669 1037 3440
 1822 2754 3515  402 3223 4565 3067 1456 2011 5902 3860 7186 2231 2172
 1691 3352 1544  900 2721 2458 2938 7193 2953 3604 1731  590]"
690,0.30056505442854253,20,3067,2049,"[6825 6688 3943 2586 2113 3216 1996 3650 2179 1116 2709 3669 1037 3440
 1822 2754 3515  402 3223 4565 2049 1456 2011 5902 3860 7186 2231 2172
 1691 3352 1544  900 2721 2458 2938 7193 2953 3604 1731  590]"
691,0.30021312460222455,7,3650,1604,"[6825 6688 3943 2586 2113 3216 1996 1604 2179 1116 2709 3669 1037 3440
 1822 2754 3515  402 3223 4565 2049 1456 2011 5902 3860 7186 2231 2172
 1691 3352 1544  900 2721 2458 2938 7193 2953 3604 1731  590]"
692,0.30027871776896337,25,7186,2287,"[6825 6688 3943 2586 2113 3216 1996 1604 2179 1116 2709 3669 1037 3440
 1822 2754 3515  402 3223 4565 2049 1456 2011 5902 3860 2287 2231 2172
 1691 3352 1544  900 2721 2458 2938 7193 2953 3604 1731  590]"
693,0.30415281307616926,18,3223,834,"[6825 6688 3943 2586 2113 3216 1996 1604 2179 1116 2709 3669 1037 3440
 1822 2754 3515  402  834 4565 2049 1456 2011 5902 3860 2287 2231 2172
 1691 3352 1544  900 2721 2458 2938 7193 2953 3604 1731  590]"
694,0.30382770304445605,17,402,769,"[6825 6688 3943 2586 2113 3216 1996 1604 2179 1116 2709 3669 1037 3440
 1822 2754 3515  769  834 4565 2049 1456 2011 5902 3860 2287 2231 2172
 1691 3352 1544  900 2721 2458 2938 7193 2953 3604 1731  590]"
695,0.30350755808420143,12,1037,3450,"[6825 6688 3943 2586 2113 3216 1996 1604 2179 1116 2709 3669 3450 3440
 1822 2754 3515  769  834 4565 2049 1456 2011 5902 3860 2287 2231 2172
 1691 3352 1544  900 2721 2458 2938 7193 2953 3604 1731  590]"
696,0.30392057245243037,26,2231,3434,"[6825 6688 3943 2586 2113 3216 1996 1604 2179 1116 2709 3669 3450 3440
 1822 2754 3515  769  834 4565 2049 1456 2011 5902 3860 2287 3434 2172
 1691 3352 1544  900 2721 2458 2938 7193 2953 3604 1731  590]"
697,0.30201773654725167,12,3450,1858,"[6825 6688 3943 2586 2113 3216 1996 1604 2179 1116 2709 3669 1858 3440
 1822 2754 3515  769  834 4565 2049 1456 2011 5902 3860 2287 3434 2172
 1691 3352 1544  900 2721 2458 2938 7193 2953 3604 1731  590]"
698,0.3030061763409507,0,6825,1121,"[1121 6688 3943 2586 2113 3216 1996 1604 2179 1116 2709 3669 1858 3440
 1822 2754 3515  769  834 4565 2049 1456 2011 5902 3860 2287 3434 2172
 1691 3352 1544  900 2721 2458 2938 7193 2953 3604 1731  590]"
699,0.3030186051747997,6,1996,5906,"[1121 6688 3943 2586 2113 3216 5906 1604 2179 1116 2709 3669 1858 3440
 1822 2754 3515  769  834 4565 2049 1456 2011 5902 3860 2287 3434 2172
 1691 3352 1544  900 2721 2458 2938 7193 2953 3604 1731  590]"
700,0.30381786324230825,31,900,1309,"[1121 6688 3943 2586 2113 3216 5906 1604 2179 1116 2709 3669 1858 3440
 1822 2754 3515  769  834 4565 2049 1456 2011 5902 3860 2287 3434 2172
 1691 3352 1544 1309 2721 2458 2938 7193 2953 3604 1731  590]"
701,0.30451320796807385,36,2953,887,"[1121 6688 3943 2586 2113 3216 5906 1604 2179 1116 2709 3669 1858 3440
 1822 2754 3515  769  834 4565 2049 1456 2011 5902 3860 2287 3434 2172
 1691 3352 1544 1309 2721 2458 2938 7193  887 3604 1731  590]"
702,0.303592311878805,26,3434,2025,"[1121 6688 3943 2586 2113 3216 5906 1604 2179 1116 2709 3669 1858 3440
 1822 2754 3515  769  834 4565 2049 1456 2011 5902 3860 2287 2025 2172
 1691 3352 1544 1309 2721 2458 2938 7193  887 3604 1731  590]"
703,0.30253747021662625,30,1544,2016,"[1121 6688 3943 2586 2113 3216 5906 1604 2179 1116 2709 3669 1858 3440
 1822 2754 3515  769  834 4565 2049 1456 2011 5902 3860 2287 2025 2172
 1691 3352 2016 1309 2721 2458 2938 7193  887 3604 1731  590]"
704,0.3007666061918436,5,3216,3571,"[1121 6688 3943 2586 2113 3571 5906 1604 2179 1116 2709 3669 1858 3440
 1822 2754 3515  769  834 4565 2049 1456 2011 5902 3860 2287 2025 2172
 1691 3352 2016 1309 2721 2458 2938 7193  887 3604 1731  590]"
705,0.29970807321172527,36,887,1181,"[1121 6688 3943 2586 2113 3571 5906 1604 2179 1116 2709 3669 1858 3440
 1822 2754 3515  769  834 4565 2049 1456 2011 5902 3860 2287 2025 2172
 1691 3352 2016 1309 2721 2458 2938 7193 1181 3604 1731  590]"
706,0.30043207842893,36,1181,3027,"[1121 6688 3943 2586 2113 3571 5906 1604 2179 1116 2709 3669 1858 3440
 1822 2754 3515  769  834 4565 2049 1456 2011 5902 3860 2287 2025 2172
 1691 3352 2016 1309 2721 2458 2938 7193 3027 3604 1731  590]"
707,0.3028067079763066,21,1456,7043,"[1121 6688 3943 2586 2113 3571 5906 1604 2179 1116 2709 3669 1858 3440
 1822 2754 3515  769  834 4565 2049 7043 2011 5902 3860 2287 2025 2172
 1691 3352 2016 1309 2721 2458 2938 7193 3027 3604 1731  590]"
708,0.30379665440997144,28,1691,3142,"[1121 6688 3943 2586 2113 3571 5906 1604 2179 1116 2709 3669 1858 3440
 1822 2754 3515  769  834 4565 2049 7043 2011 5902 3860 2287 2025 2172
 3142 3352 2016 1309 2721 2458 2938 7193 3027 3604 1731  590]"
709,0.308592024934645,29,3352,3219,"[1121 6688 3943 2586 2113 3571 5906 1604 2179 1116 2709 3669 1858 3440
 1822 2754 3515  769  834 4565 2049 7043 2011 5902 3860 2287 2025 2172
 3142 3219 2016 1309 2721 2458 2938 7193 3027 3604 1731  590]"
710,0.3054549935493922,10,2709,1621,"[1121 6688 3943 2586 2113 3571 5906 1604 2179 1116 1621 3669 1858 3440
 1822 2754 3515  769  834 4565 2049 7043 2011 5902 3860 2287 2025 2172
 3142 3219 2016 1309 2721 2458 2938 7193 3027 3604 1731  590]"
711,0.3026489103333581,28,3142,2367,"[1121 6688 3943 2586 2113 3571 5906 1604 2179 1116 1621 3669 1858 3440
 1822 2754 3515  769  834 4565 2049 7043 2011 5902 3860 2287 2025 2172
 2367 3219 2016 1309 2721 2458 2938 7193 3027 3604 1731  590]"
712,0.3001309989844458,39,590,3423,"[1121 6688 3943 2586 2113 3571 5906 1604 2179 1116 1621 3669 1858 3440
 1822 2754 3515  769  834 4565 2049 7043 2011 5902 3860 2287 2025 2172
 2367 3219 2016 1309 2721 2458 2938 7193 3027 3604 1731 3423]"
713,0.298206257669596,21,7043,2307,"[1121 6688 3943 2586 2113 3571 5906 1604 2179 1116 1621 3669 1858 3440
 1822 2754 3515  769  834 4565 2049 2307 2011 5902 3860 2287 2025 2172
 2367 3219 2016 1309 2721 2458 2938 7193 3027 3604 1731 3423]"
714,0.29714314747627824,0,1121,6187,"[6187 6688 3943 2586 2113 3571 5906 1604 2179 1116 1621 3669 1858 3440
 1822 2754 3515  769  834 4565 2049 2307 2011 5902 3860 2287 2025 2172
 2367 3219 2016 1309 2721 2458 2938 7193 3027 3604 1731 3423]"
715,0.29791666859704286,38,1731,2434,"[6187 6688 3943 2586 2113 3571 5906 1604 2179 1116 1621 3669 1858 3440
 1822 2754 3515  769  834 4565 2049 2307 2011 5902 3860 2287 2025 2172
 2367 3219 2016 1309 2721 2458 2938 7193 3027 3604 2434 3423]"
716,0.29264475526673467,24,3860,6909,"[6187 6688 3943 2586 2113 3571 5906 1604 2179 1116 1621 3669 1858 3440
 1822 2754 3515  769  834 4565 2049 2307 2011 5902 6909 2287 2025 2172
 2367 3219 2016 1309 2721 2458 2938 7193 3027 3604 2434 3423]"
717,0.29509116368889554,33,2458,1473,"[6187 6688 3943 2586 2113 3571 5906 1604 2179 1116 1621 3669 1858 3440
 1822 2754 3515  769  834 4565 2049 2307 2011 5902 6909 2287 2025 2172
 2367 3219 2016 1309 2721 1473 2938 7193 3027 3604 2434 3423]"
718,0.3004423696575779,34,2938,2942,"[6187 6688 3943 2586 2113 3571 5906 1604 2179 1116 1621 3669 1858 3440
 1822 2754 3515  769  834 4565 2049 2307 2011 5902 6909 2287 2025 2172
 2367 3219 2016 1309 2721 1473 2942 7193 3027 3604 2434 3423]"
719,0.3020369911375881,28,2367,3308,"[6187 6688 3943 2586 2113 3571 5906 1604 2179 1116 1621 3669 1858 3440
 1822 2754 3515  769  834 4565 2049 2307 2011 5902 6909 2287 2025 2172
 3308 3219 2016 1309 2721 1473 2942 7193 3027 3604 2434 3423]"
720,0.3059388113512217,19,4565,1467,"[6187 6688 3943 2586 2113 3571 5906 1604 2179 1116 1621 3669 1858 3440
 1822 2754 3515  769  834 1467 2049 2307 2011 5902 6909 2287 2025 2172
 3308 3219 2016 1309 2721 1473 2942 7193 3027 3604 2434 3423]"
721,0.3038810488475455,32,2721,6610,"[6187 6688 3943 2586 2113 3571 5906 1604 2179 1116 1621 3669 1858 3440
 1822 2754 3515  769  834 1467 2049 2307 2011 5902 6909 2287 2025 2172
 3308 3219 2016 1309 6610 1473 2942 7193 3027 3604 2434 3423]"
722,0.30198009434666984,9,1116,6763,"[6187 6688 3943 2586 2113 3571 5906 1604 2179 6763 1621 3669 1858 3440
 1822 2754 3515  769  834 1467 2049 2307 2011 5902 6909 2287 2025 2172
 3308 3219 2016 1309 6610 1473 2942 7193 3027 3604 2434 3423]"
723,0.30364746657277225,12,1858,7258,"[6187 6688 3943 2586 2113 3571 5906 1604 2179 6763 1621 3669 7258 3440
 1822 2754 3515  769  834 1467 2049 2307 2011 5902 6909 2287 2025 2172
 3308 3219 2016 1309 6610 1473 2942 7193 3027 3604 2434 3423]"
724,0.3020929282228024,33,1473,3662,"[6187 6688 3943 2586 2113 3571 5906 1604 2179 6763 1621 3669 7258 3440
 1822 2754 3515  769  834 1467 2049 2307 2011 5902 6909 2287 2025 2172
 3308 3219 2016 1309 6610 3662 2942 7193 3027 3604 2434 3423]"
725,0.3118122794733926,39,3423,3721,"[6187 6688 3943 2586 2113 3571 5906 1604 2179 6763 1621 3669 7258 3440
 1822 2754 3515  769  834 1467 2049 2307 2011 5902 6909 2287 2025 2172
 3308 3219 2016 1309 6610 3662 2942 7193 3027 3604 2434 3721]"
726,0.3103762623074679,30,2016,2298,"[6187 6688 3943 2586 2113 3571 5906 1604 2179 6763 1621 3669 7258 3440
 1822 2754 3515  769  834 1467 2049 2307 2011 5902 6909 2287 2025 2172
 3308 3219 2298 1309 6610 3662 2942 7193 3027 3604 2434 3721]"
727,0.309881900127304,25,2287,1110,"[6187 6688 3943 2586 2113 3571 5906 1604 2179 6763 1621 3669 7258 3440
 1822 2754 3515  769  834 1467 2049 2307 2011 5902 6909 1110 2025 2172
 3308 3219 2298 1309 6610 3662 2942 7193 3027 3604 2434 3721]"
728,0.30335324340923053,18,834,2862,"[6187 6688 3943 2586 2113 3571 5906 1604 2179 6763 1621 3669 7258 3440
 1822 2754 3515  769 2862 1467 2049 2307 2011 5902 6909 1110 2025 2172
 3308 3219 2298 1309 6610 3662 2942 7193 3027 3604 2434 3721]"
729,0.3038062517177481,25,1110,1044,"[6187 6688 3943 2586 2113 3571 5906 1604 2179 6763 1621 3669 7258 3440
 1822 2754 3515  769 2862 1467 2049 2307 2011 5902 6909 1044 2025 2172
 3308 3219 2298 1309 6610 3662 2942 7193 3027 3604 2434 3721]"
730,0.3012272201030543,11,3669,2677,"[6187 6688 3943 2586 2113 3571 5906 1604 2179 6763 1621 2677 7258 3440
 1822 2754 3515  769 2862 1467 2049 2307 2011 5902 6909 1044 2025 2172
 3308 3219 2298 1309 6610 3662 2942 7193 3027 3604 2434 3721]"
731,0.3075626668866507,14,1822,979,"[6187 6688 3943 2586 2113 3571 5906 1604 2179 6763 1621 2677 7258 3440
  979 2754 3515  769 2862 1467 2049 2307 2011 5902 6909 1044 2025 2172
 3308 3219 2298 1309 6610 3662 2942 7193 3027 3604 2434 3721]"
732,0.307800175536134,16,3515,3991,"[6187 6688 3943 2586 2113 3571 5906 1604 2179 6763 1621 2677 7258 3440
  979 2754 3991  769 2862 1467 2049 2307 2011 5902 6909 1044 2025 2172
 3308 3219 2298 1309 6610 3662 2942 7193 3027 3604 2434 3721]"
733,0.31310202224966827,11,2677,875,"[6187 6688 3943 2586 2113 3571 5906 1604 2179 6763 1621  875 7258 3440
  979 2754 3991  769 2862 1467 2049 2307 2011 5902 6909 1044 2025 2172
 3308 3219 2298 1309 6610 3662 2942 7193 3027 3604 2434 3721]"
734,0.3023282909240333,34,2942,316,"[6187 6688 3943 2586 2113 3571 5906 1604 2179 6763 1621  875 7258 3440
  979 2754 3991  769 2862 1467 2049 2307 2011 5902 6909 1044 2025 2172
 3308 3219 2298 1309 6610 3662  316 7193 3027 3604 2434 3721]"
735,0.295826944034393,1,6688,3931,"[6187 3931 3943 2586 2113 3571 5906 1604 2179 6763 1621  875 7258 3440
  979 2754 3991  769 2862 1467 2049 2307 2011 5902 6909 1044 2025 2172
 3308 3219 2298 1309 6610 3662  316 7193 3027 3604 2434 3721]"
736,0.2935182945182128,13,3440,4148,"[6187 3931 3943 2586 2113 3571 5906 1604 2179 6763 1621  875 7258 4148
  979 2754 3991  769 2862 1467 2049 2307 2011 5902 6909 1044 2025 2172
 3308 3219 2298 1309 6610 3662  316 7193 3027 3604 2434 3721]"
737,0.29054221685466675,9,6763,3706,"[6187 3931 3943 2586 2113 3571 5906 1604 2179 3706 1621  875 7258 4148
  979 2754 3991  769 2862 1467 2049 2307 2011 5902 6909 1044 2025 2172
 3308 3219 2298 1309 6610 3662  316 7193 3027 3604 2434 3721]"
738,0.28916606727385774,5,3571,816,"[6187 3931 3943 2586 2113  816 5906 1604 2179 3706 1621  875 7258 4148
  979 2754 3991  769 2862 1467 2049 2307 2011 5902 6909 1044 2025 2172
 3308 3219 2298 1309 6610 3662  316 7193 3027 3604 2434 3721]"
739,0.2830325140028747,4,2113,7394,"[6187 3931 3943 2586 7394  816 5906 1604 2179 3706 1621  875 7258 4148
  979 2754 3991  769 2862 1467 2049 2307 2011 5902 6909 1044 2025 2172
 3308 3219 2298 1309 6610 3662  316 7193 3027 3604 2434 3721]"
740,0.2857463745852318,15,2754,1331,"[6187 3931 3943 2586 7394  816 5906 1604 2179 3706 1621  875 7258 4148
  979 1331 3991  769 2862 1467 2049 2307 2011 5902 6909 1044 2025 2172
 3308 3219 2298 1309 6610 3662  316 7193 3027 3604 2434 3721]"
741,0.2910085913064726,37,3604,2591,"[6187 3931 3943 2586 7394  816 5906 1604 2179 3706 1621  875 7258 4148
  979 1331 3991  769 2862 1467 2049 2307 2011 5902 6909 1044 2025 2172
 3308 3219 2298 1309 6610 3662  316 7193 3027 2591 2434 3721]"
742,0.29562473811395285,6,5906,3142,"[6187 3931 3943 2586 7394  816 3142 1604 2179 3706 1621  875 7258 4148
  979 1331 3991  769 2862 1467 2049 2307 2011 5902 6909 1044 2025 2172
 3308 3219 2298 1309 6610 3662  316 7193 3027 2591 2434 3721]"
743,0.301890629977845,35,7193,6975,"[6187 3931 3943 2586 7394  816 3142 1604 2179 3706 1621  875 7258 4148
  979 1331 3991  769 2862 1467 2049 2307 2011 5902 6909 1044 2025 2172
 3308 3219 2298 1309 6610 3662  316 6975 3027 2591 2434 3721]"
744,0.29952653435198967,37,2591,669,"[6187 3931 3943 2586 7394  816 3142 1604 2179 3706 1621  875 7258 4148
  979 1331 3991  769 2862 1467 2049 2307 2011 5902 6909 1044 2025 2172
 3308 3219 2298 1309 6610 3662  316 6975 3027  669 2434 3721]"
745,0.29806815758440003,37,669,3726,"[6187 3931 3943 2586 7394  816 3142 1604 2179 3706 1621  875 7258 4148
  979 1331 3991  769 2862 1467 2049 2307 2011 5902 6909 1044 2025 2172
 3308 3219 2298 1309 6610 3662  316 6975 3027 3726 2434 3721]"
746,0.2977478413975881,5,816,1686,"[6187 3931 3943 2586 7394 1686 3142 1604 2179 3706 1621  875 7258 4148
  979 1331 3991  769 2862 1467 2049 2307 2011 5902 6909 1044 2025 2172
 3308 3219 2298 1309 6610 3662  316 6975 3027 3726 2434 3721]"
747,0.2963880672020625,19,1467,3066,"[6187 3931 3943 2586 7394 1686 3142 1604 2179 3706 1621  875 7258 4148
  979 1331 3991  769 2862 3066 2049 2307 2011 5902 6909 1044 2025 2172
 3308 3219 2298 1309 6610 3662  316 6975 3027 3726 2434 3721]"
748,0.29421167206165244,35,6975,813,"[6187 3931 3943 2586 7394 1686 3142 1604 2179 3706 1621  875 7258 4148
  979 1331 3991  769 2862 3066 2049 2307 2011 5902 6909 1044 2025 2172
 3308 3219 2298 1309 6610 3662  316  813 3027 3726 2434 3721]"
749,0.2914279335239234,28,3308,1265,"[6187 3931 3943 2586 7394 1686 3142 1604 2179 3706 1621  875 7258 4148
  979 1331 3991  769 2862 3066 2049 2307 2011 5902 6909 1044 2025 2172
 1265 3219 2298 1309 6610 3662  316  813 3027 3726 2434 3721]"
750,0.2900775240231708,33,3662,2593,"[6187 3931 3943 2586 7394 1686 3142 1604 2179 3706 1621  875 7258 4148
  979 1331 3991  769 2862 3066 2049 2307 2011 5902 6909 1044 2025 2172
 1265 3219 2298 1309 6610 2593  316  813 3027 3726 2434 3721]"
751,0.2870037809669086,20,2049,2866,"[6187 3931 3943 2586 7394 1686 3142 1604 2179 3706 1621  875 7258 4148
  979 1331 3991  769 2862 3066 2866 2307 2011 5902 6909 1044 2025 2172
 1265 3219 2298 1309 6610 2593  316  813 3027 3726 2434 3721]"
752,0.2922313057729752,22,2011,3437,"[6187 3931 3943 2586 7394 1686 3142 1604 2179 3706 1621  875 7258 4148
  979 1331 3991  769 2862 3066 2866 2307 3437 5902 6909 1044 2025 2172
 1265 3219 2298 1309 6610 2593  316  813 3027 3726 2434 3721]"
753,0.28714821450619793,31,1309,7112,"[6187 3931 3943 2586 7394 1686 3142 1604 2179 3706 1621  875 7258 4148
  979 1331 3991  769 2862 3066 2866 2307 3437 5902 6909 1044 2025 2172
 1265 3219 2298 7112 6610 2593  316  813 3027 3726 2434 3721]"
754,0.2819413116405091,26,2025,7404,"[6187 3931 3943 2586 7394 1686 3142 1604 2179 3706 1621  875 7258 4148
  979 1331 3991  769 2862 3066 2866 2307 3437 5902 6909 1044 7404 2172
 1265 3219 2298 7112 6610 2593  316  813 3027 3726 2434 3721]"
755,0.2848899675684423,1,3931,822,"[6187  822 3943 2586 7394 1686 3142 1604 2179 3706 1621  875 7258 4148
  979 1331 3991  769 2862 3066 2866 2307 3437 5902 6909 1044 7404 2172
 1265 3219 2298 7112 6610 2593  316  813 3027 3726 2434 3721]"
756,0.28390543677460395,20,2866,3497,"[6187  822 3943 2586 7394 1686 3142 1604 2179 3706 1621  875 7258 4148
  979 1331 3991  769 2862 3066 3497 2307 3437 5902 6909 1044 7404 2172
 1265 3219 2298 7112 6610 2593  316  813 3027 3726 2434 3721]"
757,0.2894107889255281,4,7394,1954,"[6187  822 3943 2586 1954 1686 3142 1604 2179 3706 1621  875 7258 4148
  979 1331 3991  769 2862 3066 3497 2307 3437 5902 6909 1044 7404 2172
 1265 3219 2298 7112 6610 2593  316  813 3027 3726 2434 3721]"
758,0.2847495703668796,39,3721,2530,"[6187  822 3943 2586 1954 1686 3142 1604 2179 3706 1621  875 7258 4148
  979 1331 3991  769 2862 3066 3497 2307 3437 5902 6909 1044 7404 2172
 1265 3219 2298 7112 6610 2593  316  813 3027 3726 2434 2530]"
759,0.2791368719178313,7,1604,604,"[6187  822 3943 2586 1954 1686 3142  604 2179 3706 1621  875 7258 4148
  979 1331 3991  769 2862 3066 3497 2307 3437 5902 6909 1044 7404 2172
 1265 3219 2298 7112 6610 2593  316  813 3027 3726 2434 2530]"
760,0.2818045949235646,16,3991,3308,"[6187  822 3943 2586 1954 1686 3142  604 2179 3706 1621  875 7258 4148
  979 1331 3308  769 2862 3066 3497 2307 3437 5902 6909 1044 7404 2172
 1265 3219 2298 7112 6610 2593  316  813 3027 3726 2434 2530]"
761,0.2794834185121591,30,2298,3852,"[6187  822 3943 2586 1954 1686 3142  604 2179 3706 1621  875 7258 4148
  979 1331 3308  769 2862 3066 3497 2307 3437 5902 6909 1044 7404 2172
 1265 3219 3852 7112 6610 2593  316  813 3027 3726 2434 2530]"
762,0.27784696485048443,14,979,4133,"[6187  822 3943 2586 1954 1686 3142  604 2179 3706 1621  875 7258 4148
 4133 1331 3308  769 2862 3066 3497 2307 3437 5902 6909 1044 7404 2172
 1265 3219 3852 7112 6610 2593  316  813 3027 3726 2434 2530]"
763,0.2788841825805273,36,3027,2148,"[6187  822 3943 2586 1954 1686 3142  604 2179 3706 1621  875 7258 4148
 4133 1331 3308  769 2862 3066 3497 2307 3437 5902 6909 1044 7404 2172
 1265 3219 3852 7112 6610 2593  316  813 2148 3726 2434 2530]"
764,0.27933616807374784,32,6610,1866,"[6187  822 3943 2586 1954 1686 3142  604 2179 3706 1621  875 7258 4148
 4133 1331 3308  769 2862 3066 3497 2307 3437 5902 6909 1044 7404 2172
 1265 3219 3852 7112 1866 2593  316  813 2148 3726 2434 2530]"
765,0.2811740886953803,9,3706,3858,"[6187  822 3943 2586 1954 1686 3142  604 2179 3858 1621  875 7258 4148
 4133 1331 3308  769 2862 3066 3497 2307 3437 5902 6909 1044 7404 2172
 1265 3219 3852 7112 1866 2593  316  813 2148 3726 2434 2530]"
766,0.2752496315121958,29,3219,2571,"[6187  822 3943 2586 1954 1686 3142  604 2179 3858 1621  875 7258 4148
 4133 1331 3308  769 2862 3066 3497 2307 3437 5902 6909 1044 7404 2172
 1265 2571 3852 7112 1866 2593  316  813 2148 3726 2434 2530]"
767,0.27541908382611663,8,2179,1180,"[6187  822 3943 2586 1954 1686 3142  604 1180 3858 1621  875 7258 4148
 4133 1331 3308  769 2862 3066 3497 2307 3437 5902 6909 1044 7404 2172
 1265 2571 3852 7112 1866 2593  316  813 2148 3726 2434 2530]"
768,0.27651546918600095,35,813,4573,"[6187  822 3943 2586 1954 1686 3142  604 1180 3858 1621  875 7258 4148
 4133 1331 3308  769 2862 3066 3497 2307 3437 5902 6909 1044 7404 2172
 1265 2571 3852 7112 1866 2593  316 4573 2148 3726 2434 2530]"
769,0.2748168523652442,36,2148,1105,"[6187  822 3943 2586 1954 1686 3142  604 1180 3858 1621  875 7258 4148
 4133 1331 3308  769 2862 3066 3497 2307 3437 5902 6909 1044 7404 2172
 1265 2571 3852 7112 1866 2593  316 4573 1105 3726 2434 2530]"
770,0.2703295348533543,3,2586,2658,"[6187  822 3943 2658 1954 1686 3142  604 1180 3858 1621  875 7258 4148
 4133 1331 3308  769 2862 3066 3497 2307 3437 5902 6909 1044 7404 2172
 1265 2571 3852 7112 1866 2593  316 4573 1105 3726 2434 2530]"
771,0.2694472655649662,11,875,618,"[6187  822 3943 2658 1954 1686 3142  604 1180 3858 1621  618 7258 4148
 4133 1331 3308  769 2862 3066 3497 2307 3437 5902 6909 1044 7404 2172
 1265 2571 3852 7112 1866 2593  316 4573 1105 3726 2434 2530]"
772,0.2678470223573182,2,3943,193,"[6187  822  193 2658 1954 1686 3142  604 1180 3858 1621  618 7258 4148
 4133 1331 3308  769 2862 3066 3497 2307 3437 5902 6909 1044 7404 2172
 1265 2571 3852 7112 1866 2593  316 4573 1105 3726 2434 2530]"
773,0.2686561760589008,3,2658,3517,"[6187  822  193 3517 1954 1686 3142  604 1180 3858 1621  618 7258 4148
 4133 1331 3308  769 2862 3066 3497 2307 3437 5902 6909 1044 7404 2172
 1265 2571 3852 7112 1866 2593  316 4573 1105 3726 2434 2530]"
774,0.2680131988887315,17,769,598,"[6187  822  193 3517 1954 1686 3142  604 1180 3858 1621  618 7258 4148
 4133 1331 3308  598 2862 3066 3497 2307 3437 5902 6909 1044 7404 2172
 1265 2571 3852 7112 1866 2593  316 4573 1105 3726 2434 2530]"
775,0.26473689253687105,13,4148,3984,"[6187  822  193 3517 1954 1686 3142  604 1180 3858 1621  618 7258 3984
 4133 1331 3308  598 2862 3066 3497 2307 3437 5902 6909 1044 7404 2172
 1265 2571 3852 7112 1866 2593  316 4573 1105 3726 2434 2530]"
776,0.2697530911869262,26,7404,1397,"[6187  822  193 3517 1954 1686 3142  604 1180 3858 1621  618 7258 3984
 4133 1331 3308  598 2862 3066 3497 2307 3437 5902 6909 1044 1397 2172
 1265 2571 3852 7112 1866 2593  316 4573 1105 3726 2434 2530]"
777,0.27086368293422397,1,822,4289,"[6187 4289  193 3517 1954 1686 3142  604 1180 3858 1621  618 7258 3984
 4133 1331 3308  598 2862 3066 3497 2307 3437 5902 6909 1044 1397 2172
 1265 2571 3852 7112 1866 2593  316 4573 1105 3726 2434 2530]"
778,0.27162411285347315,5,1686,3881,"[6187 4289  193 3517 1954 3881 3142  604 1180 3858 1621  618 7258 3984
 4133 1331 3308  598 2862 3066 3497 2307 3437 5902 6909 1044 1397 2172
 1265 2571 3852 7112 1866 2593  316 4573 1105 3726 2434 2530]"
779,0.25896362600795764,22,3437,3705,"[6187 4289  193 3517 1954 3881 3142  604 1180 3858 1621  618 7258 3984
 4133 1331 3308  598 2862 3066 3497 2307 3705 5902 6909 1044 1397 2172
 1265 2571 3852 7112 1866 2593  316 4573 1105 3726 2434 2530]"
780,0.2587997100006051,21,2307,949,"[6187 4289  193 3517 1954 3881 3142  604 1180 3858 1621  618 7258 3984
 4133 1331 3308  598 2862 3066 3497  949 3705 5902 6909 1044 1397 2172
 1265 2571 3852 7112 1866 2593  316 4573 1105 3726 2434 2530]"
781,0.25562624565928943,16,3308,3314,"[6187 4289  193 3517 1954 3881 3142  604 1180 3858 1621  618 7258 3984
 4133 1331 3314  598 2862 3066 3497  949 3705 5902 6909 1044 1397 2172
 1265 2571 3852 7112 1866 2593  316 4573 1105 3726 2434 2530]"
782,0.2564938622959566,15,1331,1892,"[6187 4289  193 3517 1954 3881 3142  604 1180 3858 1621  618 7258 3984
 4133 1892 3314  598 2862 3066 3497  949 3705 5902 6909 1044 1397 2172
 1265 2571 3852 7112 1866 2593  316 4573 1105 3726 2434 2530]"
783,0.2581615822707607,13,3984,2693,"[6187 4289  193 3517 1954 3881 3142  604 1180 3858 1621  618 7258 2693
 4133 1892 3314  598 2862 3066 3497  949 3705 5902 6909 1044 1397 2172
 1265 2571 3852 7112 1866 2593  316 4573 1105 3726 2434 2530]"
784,0.258537337149058,30,3852,3421,"[6187 4289  193 3517 1954 3881 3142  604 1180 3858 1621  618 7258 2693
 4133 1892 3314  598 2862 3066 3497  949 3705 5902 6909 1044 1397 2172
 1265 2571 3421 7112 1866 2593  316 4573 1105 3726 2434 2530]"
785,0.2637344095437,28,1265,2182,"[6187 4289  193 3517 1954 3881 3142  604 1180 3858 1621  618 7258 2693
 4133 1892 3314  598 2862 3066 3497  949 3705 5902 6909 1044 1397 2172
 2182 2571 3421 7112 1866 2593  316 4573 1105 3726 2434 2530]"
786,0.2618495250804991,18,2862,1601,"[6187 4289  193 3517 1954 3881 3142  604 1180 3858 1621  618 7258 2693
 4133 1892 3314  598 1601 3066 3497  949 3705 5902 6909 1044 1397 2172
 2182 2571 3421 7112 1866 2593  316 4573 1105 3726 2434 2530]"
787,0.2672047365519697,25,1044,3434,"[6187 4289  193 3517 1954 3881 3142  604 1180 3858 1621  618 7258 2693
 4133 1892 3314  598 1601 3066 3497  949 3705 5902 6909 3434 1397 2172
 2182 2571 3421 7112 1866 2593  316 4573 1105 3726 2434 2530]"
788,0.2665787612466748,8,1180,1044,"[6187 4289  193 3517 1954 3881 3142  604 1044 3858 1621  618 7258 2693
 4133 1892 3314  598 1601 3066 3497  949 3705 5902 6909 3434 1397 2172
 2182 2571 3421 7112 1866 2593  316 4573 1105 3726 2434 2530]"
789,0.26912407502816255,30,3421,1314,"[6187 4289  193 3517 1954 3881 3142  604 1044 3858 1621  618 7258 2693
 4133 1892 3314  598 1601 3066 3497  949 3705 5902 6909 3434 1397 2172
 2182 2571 1314 7112 1866 2593  316 4573 1105 3726 2434 2530]"
790,0.2600536262952661,3,3517,1401,"[6187 4289  193 1401 1954 3881 3142  604 1044 3858 1621  618 7258 2693
 4133 1892 3314  598 1601 3066 3497  949 3705 5902 6909 3434 1397 2172
 2182 2571 1314 7112 1866 2593  316 4573 1105 3726 2434 2530]"
791,0.26313308251565565,1,4289,2509,"[6187 2509  193 1401 1954 3881 3142  604 1044 3858 1621  618 7258 2693
 4133 1892 3314  598 1601 3066 3497  949 3705 5902 6909 3434 1397 2172
 2182 2571 1314 7112 1866 2593  316 4573 1105 3726 2434 2530]"
792,0.2619872808084407,32,1866,7179,"[6187 2509  193 1401 1954 3881 3142  604 1044 3858 1621  618 7258 2693
 4133 1892 3314  598 1601 3066 3497  949 3705 5902 6909 3434 1397 2172
 2182 2571 1314 7112 7179 2593  316 4573 1105 3726 2434 2530]"
793,0.2712607464886441,34,316,3150,"[6187 2509  193 1401 1954 3881 3142  604 1044 3858 1621  618 7258 2693
 4133 1892 3314  598 1601 3066 3497  949 3705 5902 6909 3434 1397 2172
 2182 2571 1314 7112 7179 2593 3150 4573 1105 3726 2434 2530]"
794,0.26689215809760625,5,3881,2636,"[6187 2509  193 1401 1954 2636 3142  604 1044 3858 1621  618 7258 2693
 4133 1892 3314  598 1601 3066 3497  949 3705 5902 6909 3434 1397 2172
 2182 2571 1314 7112 7179 2593 3150 4573 1105 3726 2434 2530]"
795,0.26482953176393736,36,1105,4418,"[6187 2509  193 1401 1954 2636 3142  604 1044 3858 1621  618 7258 2693
 4133 1892 3314  598 1601 3066 3497  949 3705 5902 6909 3434 1397 2172
 2182 2571 1314 7112 7179 2593 3150 4573 4418 3726 2434 2530]"
796,0.27231794352927086,15,1892,6831,"[6187 2509  193 1401 1954 2636 3142  604 1044 3858 1621  618 7258 2693
 4133 6831 3314  598 1601 3066 3497  949 3705 5902 6909 3434 1397 2172
 2182 2571 1314 7112 7179 2593 3150 4573 4418 3726 2434 2530]"
797,0.27239757288554367,38,2434,1320,"[6187 2509  193 1401 1954 2636 3142  604 1044 3858 1621  618 7258 2693
 4133 6831 3314  598 1601 3066 3497  949 3705 5902 6909 3434 1397 2172
 2182 2571 1314 7112 7179 2593 3150 4573 4418 3726 1320 2530]"
798,0.2654184019734568,34,3150,1752,"[6187 2509  193 1401 1954 2636 3142  604 1044 3858 1621  618 7258 2693
 4133 6831 3314  598 1601 3066 3497  949 3705 5902 6909 3434 1397 2172
 2182 2571 1314 7112 7179 2593 1752 4573 4418 3726 1320 2530]"
799,0.26768047585702903,18,1601,2002,"[6187 2509  193 1401 1954 2636 3142  604 1044 3858 1621  618 7258 2693
 4133 6831 3314  598 2002 3066 3497  949 3705 5902 6909 3434 1397 2172
 2182 2571 1314 7112 7179 2593 1752 4573 4418 3726 1320 2530]"
800,0.26541032494247097,26,1397,3372,"[6187 2509  193 1401 1954 2636 3142  604 1044 3858 1621  618 7258 2693
 4133 6831 3314  598 2002 3066 3497  949 3705 5902 6909 3434 3372 2172
 2182 2571 1314 7112 7179 2593 1752 4573 4418 3726 1320 2530]"
801,0.27468302796605504,0,6187,2870,"[2870 2509  193 1401 1954 2636 3142  604 1044 3858 1621  618 7258 2693
 4133 6831 3314  598 2002 3066 3497  949 3705 5902 6909 3434 3372 2172
 2182 2571 1314 7112 7179 2593 1752 4573 4418 3726 1320 2530]"
802,0.2757542153012289,22,3705,3943,"[2870 2509  193 1401 1954 2636 3142  604 1044 3858 1621  618 7258 2693
 4133 6831 3314  598 2002 3066 3497  949 3943 5902 6909 3434 3372 2172
 2182 2571 1314 7112 7179 2593 1752 4573 4418 3726 1320 2530]"
803,0.2793580378865056,14,4133,522,"[2870 2509  193 1401 1954 2636 3142  604 1044 3858 1621  618 7258 2693
  522 6831 3314  598 2002 3066 3497  949 3943 5902 6909 3434 3372 2172
 2182 2571 1314 7112 7179 2593 1752 4573 4418 3726 1320 2530]"
804,0.27125570591336146,28,2182,827,"[2870 2509  193 1401 1954 2636 3142  604 1044 3858 1621  618 7258 2693
  522 6831 3314  598 2002 3066 3497  949 3943 5902 6909 3434 3372 2172
  827 2571 1314 7112 7179 2593 1752 4573 4418 3726 1320 2530]"
805,0.27573952960370524,37,3726,2443,"[2870 2509  193 1401 1954 2636 3142  604 1044 3858 1621  618 7258 2693
  522 6831 3314  598 2002 3066 3497  949 3943 5902 6909 3434 3372 2172
  827 2571 1314 7112 7179 2593 1752 4573 4418 2443 1320 2530]"
806,0.2811847926125125,24,6909,1901,"[2870 2509  193 1401 1954 2636 3142  604 1044 3858 1621  618 7258 2693
  522 6831 3314  598 2002 3066 3497  949 3943 5902 1901 3434 3372 2172
  827 2571 1314 7112 7179 2593 1752 4573 4418 2443 1320 2530]"
807,0.28024997610021385,11,618,3745,"[2870 2509  193 1401 1954 2636 3142  604 1044 3858 1621 3745 7258 2693
  522 6831 3314  598 2002 3066 3497  949 3943 5902 1901 3434 3372 2172
  827 2571 1314 7112 7179 2593 1752 4573 4418 2443 1320 2530]"
808,0.2822348804451897,16,3314,4075,"[2870 2509  193 1401 1954 2636 3142  604 1044 3858 1621 3745 7258 2693
  522 6831 4075  598 2002 3066 3497  949 3943 5902 1901 3434 3372 2172
  827 2571 1314 7112 7179 2593 1752 4573 4418 2443 1320 2530]"
809,0.2865202718216572,13,2693,2189,"[2870 2509  193 1401 1954 2636 3142  604 1044 3858 1621 3745 7258 2189
  522 6831 4075  598 2002 3066 3497  949 3943 5902 1901 3434 3372 2172
  827 2571 1314 7112 7179 2593 1752 4573 4418 2443 1320 2530]"
810,0.2845929594902126,22,3943,1802,"[2870 2509  193 1401 1954 2636 3142  604 1044 3858 1621 3745 7258 2189
  522 6831 4075  598 2002 3066 3497  949 1802 5902 1901 3434 3372 2172
  827 2571 1314 7112 7179 2593 1752 4573 4418 2443 1320 2530]"
811,0.28632715871040154,5,2636,2090,"[2870 2509  193 1401 1954 2090 3142  604 1044 3858 1621 3745 7258 2189
  522 6831 4075  598 2002 3066 3497  949 1802 5902 1901 3434 3372 2172
  827 2571 1314 7112 7179 2593 1752 4573 4418 2443 1320 2530]"
812,0.2841520887563981,20,3497,3105,"[2870 2509  193 1401 1954 2090 3142  604 1044 3858 1621 3745 7258 2189
  522 6831 4075  598 2002 3066 3105  949 1802 5902 1901 3434 3372 2172
  827 2571 1314 7112 7179 2593 1752 4573 4418 2443 1320 2530]"
813,0.2808003270586853,25,3434,770,"[2870 2509  193 1401 1954 2090 3142  604 1044 3858 1621 3745 7258 2189
  522 6831 4075  598 2002 3066 3105  949 1802 5902 1901  770 3372 2172
  827 2571 1314 7112 7179 2593 1752 4573 4418 2443 1320 2530]"
814,0.27439576981749714,27,2172,247,"[2870 2509  193 1401 1954 2090 3142  604 1044 3858 1621 3745 7258 2189
  522 6831 4075  598 2002 3066 3105  949 1802 5902 1901  770 3372  247
  827 2571 1314 7112 7179 2593 1752 4573 4418 2443 1320 2530]"
815,0.26659931151438376,0,2870,4443,"[4443 2509  193 1401 1954 2090 3142  604 1044 3858 1621 3745 7258 2189
  522 6831 4075  598 2002 3066 3105  949 1802 5902 1901  770 3372  247
  827 2571 1314 7112 7179 2593 1752 4573 4418 2443 1320 2530]"
816,0.2641534448296506,8,1044,3350,"[4443 2509  193 1401 1954 2090 3142  604 3350 3858 1621 3745 7258 2189
  522 6831 4075  598 2002 3066 3105  949 1802 5902 1901  770 3372  247
  827 2571 1314 7112 7179 2593 1752 4573 4418 2443 1320 2530]"
817,0.264748105346164,31,7112,4409,"[4443 2509  193 1401 1954 2090 3142  604 3350 3858 1621 3745 7258 2189
  522 6831 4075  598 2002 3066 3105  949 1802 5902 1901  770 3372  247
  827 2571 1314 4409 7179 2593 1752 4573 4418 2443 1320 2530]"
818,0.27707746370501957,6,3142,2937,"[4443 2509  193 1401 1954 2090 2937  604 3350 3858 1621 3745 7258 2189
  522 6831 4075  598 2002 3066 3105  949 1802 5902 1901  770 3372  247
  827 2571 1314 4409 7179 2593 1752 4573 4418 2443 1320 2530]"
819,0.27766412159291054,33,2593,6476,"[4443 2509  193 1401 1954 2090 2937  604 3350 3858 1621 3745 7258 2189
  522 6831 4075  598 2002 3066 3105  949 1802 5902 1901  770 3372  247
  827 2571 1314 4409 7179 6476 1752 4573 4418 2443 1320 2530]"
820,0.28217195572648923,19,3066,834,"[4443 2509  193 1401 1954 2090 2937  604 3350 3858 1621 3745 7258 2189
  522 6831 4075  598 2002  834 3105  949 1802 5902 1901  770 3372  247
  827 2571 1314 4409 7179 6476 1752 4573 4418 2443 1320 2530]"
821,0.2805080907996037,13,2189,3147,"[4443 2509  193 1401 1954 2090 2937  604 3350 3858 1621 3745 7258 3147
  522 6831 4075  598 2002  834 3105  949 1802 5902 1901  770 3372  247
  827 2571 1314 4409 7179 6476 1752 4573 4418 2443 1320 2530]"
822,0.28205075874408325,8,3350,1907,"[4443 2509  193 1401 1954 2090 2937  604 1907 3858 1621 3745 7258 3147
  522 6831 4075  598 2002  834 3105  949 1802 5902 1901  770 3372  247
  827 2571 1314 4409 7179 6476 1752 4573 4418 2443 1320 2530]"
823,0.27970707034418707,12,7258,2039,"[4443 2509  193 1401 1954 2090 2937  604 1907 3858 1621 3745 2039 3147
  522 6831 4075  598 2002  834 3105  949 1802 5902 1901  770 3372  247
  827 2571 1314 4409 7179 6476 1752 4573 4418 2443 1320 2530]"
824,0.28452759682055523,27,247,1122,"[4443 2509  193 1401 1954 2090 2937  604 1907 3858 1621 3745 2039 3147
  522 6831 4075  598 2002  834 3105  949 1802 5902 1901  770 3372 1122
  827 2571 1314 4409 7179 6476 1752 4573 4418 2443 1320 2530]"
825,0.29221938460687025,16,4075,2871,"[4443 2509  193 1401 1954 2090 2937  604 1907 3858 1621 3745 2039 3147
  522 6831 2871  598 2002  834 3105  949 1802 5902 1901  770 3372 1122
  827 2571 1314 4409 7179 6476 1752 4573 4418 2443 1320 2530]"
826,0.28865884297029765,8,1907,1838,"[4443 2509  193 1401 1954 2090 2937  604 1838 3858 1621 3745 2039 3147
  522 6831 2871  598 2002  834 3105  949 1802 5902 1901  770 3372 1122
  827 2571 1314 4409 7179 6476 1752 4573 4418 2443 1320 2530]"
827,0.2870086356721766,3,1401,4292,"[4443 2509  193 4292 1954 2090 2937  604 1838 3858 1621 3745 2039 3147
  522 6831 2871  598 2002  834 3105  949 1802 5902 1901  770 3372 1122
  827 2571 1314 4409 7179 6476 1752 4573 4418 2443 1320 2530]"
828,0.28922587478233824,5,2090,2256,"[4443 2509  193 4292 1954 2256 2937  604 1838 3858 1621 3745 2039 3147
  522 6831 2871  598 2002  834 3105  949 1802 5902 1901  770 3372 1122
  827 2571 1314 4409 7179 6476 1752 4573 4418 2443 1320 2530]"
829,0.2852917457626941,13,3147,961,"[4443 2509  193 4292 1954 2256 2937  604 1838 3858 1621 3745 2039  961
  522 6831 2871  598 2002  834 3105  949 1802 5902 1901  770 3372 1122
  827 2571 1314 4409 7179 6476 1752 4573 4418 2443 1320 2530]"
830,0.28640146161806734,14,522,2522,"[4443 2509  193 4292 1954 2256 2937  604 1838 3858 1621 3745 2039  961
 2522 6831 2871  598 2002  834 3105  949 1802 5902 1901  770 3372 1122
  827 2571 1314 4409 7179 6476 1752 4573 4418 2443 1320 2530]"
831,0.2937237555990422,13,961,3365,"[4443 2509  193 4292 1954 2256 2937  604 1838 3858 1621 3745 2039 3365
 2522 6831 2871  598 2002  834 3105  949 1802 5902 1901  770 3372 1122
  827 2571 1314 4409 7179 6476 1752 4573 4418 2443 1320 2530]"
832,0.2938663617197409,10,1621,1551,"[4443 2509  193 4292 1954 2256 2937  604 1838 3858 1551 3745 2039 3365
 2522 6831 2871  598 2002  834 3105  949 1802 5902 1901  770 3372 1122
  827 2571 1314 4409 7179 6476 1752 4573 4418 2443 1320 2530]"
833,0.29236400162245896,32,7179,7041,"[4443 2509  193 4292 1954 2256 2937  604 1838 3858 1551 3745 2039 3365
 2522 6831 2871  598 2002  834 3105  949 1802 5902 1901  770 3372 1122
  827 2571 1314 4409 7041 6476 1752 4573 4418 2443 1320 2530]"
834,0.2884092497174825,35,4573,1097,"[4443 2509  193 4292 1954 2256 2937  604 1838 3858 1551 3745 2039 3365
 2522 6831 2871  598 2002  834 3105  949 1802 5902 1901  770 3372 1122
  827 2571 1314 4409 7041 6476 1752 1097 4418 2443 1320 2530]"
835,0.28668764390195295,30,1314,1244,"[4443 2509  193 4292 1954 2256 2937  604 1838 3858 1551 3745 2039 3365
 2522 6831 2871  598 2002  834 3105  949 1802 5902 1901  770 3372 1122
  827 2571 1244 4409 7041 6476 1752 1097 4418 2443 1320 2530]"
836,0.29035357406603424,4,1954,3378,"[4443 2509  193 4292 3378 2256 2937  604 1838 3858 1551 3745 2039 3365
 2522 6831 2871  598 2002  834 3105  949 1802 5902 1901  770 3372 1122
  827 2571 1244 4409 7041 6476 1752 1097 4418 2443 1320 2530]"
837,0.28713355267320545,16,2871,4288,"[4443 2509  193 4292 3378 2256 2937  604 1838 3858 1551 3745 2039 3365
 2522 6831 4288  598 2002  834 3105  949 1802 5902 1901  770 3372 1122
  827 2571 1244 4409 7041 6476 1752 1097 4418 2443 1320 2530]"
838,0.28073855549161597,4,3378,3712,"[4443 2509  193 4292 3712 2256 2937  604 1838 3858 1551 3745 2039 3365
 2522 6831 4288  598 2002  834 3105  949 1802 5902 1901  770 3372 1122
  827 2571 1244 4409 7041 6476 1752 1097 4418 2443 1320 2530]"
839,0.28378780972031653,4,3712,3012,"[4443 2509  193 4292 3012 2256 2937  604 1838 3858 1551 3745 2039 3365
 2522 6831 4288  598 2002  834 3105  949 1802 5902 1901  770 3372 1122
  827 2571 1244 4409 7041 6476 1752 1097 4418 2443 1320 2530]"
840,0.2856372700454205,32,7041,7402,"[4443 2509  193 4292 3012 2256 2937  604 1838 3858 1551 3745 2039 3365
 2522 6831 4288  598 2002  834 3105  949 1802 5902 1901  770 3372 1122
  827 2571 1244 4409 7402 6476 1752 1097 4418 2443 1320 2530]"
841,0.2874666324936568,17,598,2363,"[4443 2509  193 4292 3012 2256 2937  604 1838 3858 1551 3745 2039 3365
 2522 6831 4288 2363 2002  834 3105  949 1802 5902 1901  770 3372 1122
  827 2571 1244 4409 7402 6476 1752 1097 4418 2443 1320 2530]"
842,0.29018995338472897,1,2509,2104,"[4443 2104  193 4292 3012 2256 2937  604 1838 3858 1551 3745 2039 3365
 2522 6831 4288 2363 2002  834 3105  949 1802 5902 1901  770 3372 1122
  827 2571 1244 4409 7402 6476 1752 1097 4418 2443 1320 2530]"
843,0.29377764024492925,18,2002,3142,"[4443 2104  193 4292 3012 2256 2937  604 1838 3858 1551 3745 2039 3365
 2522 6831 4288 2363 3142  834 3105  949 1802 5902 1901  770 3372 1122
  827 2571 1244 4409 7402 6476 1752 1097 4418 2443 1320 2530]"
844,0.2906547227342863,37,2443,3866,"[4443 2104  193 4292 3012 2256 2937  604 1838 3858 1551 3745 2039 3365
 2522 6831 4288 2363 3142  834 3105  949 1802 5902 1901  770 3372 1122
  827 2571 1244 4409 7402 6476 1752 1097 4418 3866 1320 2530]"
845,0.29225786629217454,36,4418,7121,"[4443 2104  193 4292 3012 2256 2937  604 1838 3858 1551 3745 2039 3365
 2522 6831 4288 2363 3142  834 3105  949 1802 5902 1901  770 3372 1122
  827 2571 1244 4409 7402 6476 1752 1097 7121 3866 1320 2530]"
846,0.27840485279389726,6,2937,2693,"[4443 2104  193 4292 3012 2256 2693  604 1838 3858 1551 3745 2039 3365
 2522 6831 4288 2363 3142  834 3105  949 1802 5902 1901  770 3372 1122
  827 2571 1244 4409 7402 6476 1752 1097 7121 3866 1320 2530]"
847,0.2778253362590051,21,949,6967,"[4443 2104  193 4292 3012 2256 2693  604 1838 3858 1551 3745 2039 3365
 2522 6831 4288 2363 3142  834 3105 6967 1802 5902 1901  770 3372 1122
  827 2571 1244 4409 7402 6476 1752 1097 7121 3866 1320 2530]"
848,0.278775939735072,19,834,2099,"[4443 2104  193 4292 3012 2256 2693  604 1838 3858 1551 3745 2039 3365
 2522 6831 4288 2363 3142 2099 3105 6967 1802 5902 1901  770 3372 1122
  827 2571 1244 4409 7402 6476 1752 1097 7121 3866 1320 2530]"
849,0.28012978831632873,32,7402,2879,"[4443 2104  193 4292 3012 2256 2693  604 1838 3858 1551 3745 2039 3365
 2522 6831 4288 2363 3142 2099 3105 6967 1802 5902 1901  770 3372 1122
  827 2571 1244 4409 2879 6476 1752 1097 7121 3866 1320 2530]"
850,0.27810364084531214,15,6831,876,"[4443 2104  193 4292 3012 2256 2693  604 1838 3858 1551 3745 2039 3365
 2522  876 4288 2363 3142 2099 3105 6967 1802 5902 1901  770 3372 1122
  827 2571 1244 4409 2879 6476 1752 1097 7121 3866 1320 2530]"
851,0.2795152519281221,26,3372,1395,"[4443 2104  193 4292 3012 2256 2693  604 1838 3858 1551 3745 2039 3365
 2522  876 4288 2363 3142 2099 3105 6967 1802 5902 1901  770 1395 1122
  827 2571 1244 4409 2879 6476 1752 1097 7121 3866 1320 2530]"
852,0.2784372529484238,12,2039,813,"[4443 2104  193 4292 3012 2256 2693  604 1838 3858 1551 3745  813 3365
 2522  876 4288 2363 3142 2099 3105 6967 1802 5902 1901  770 1395 1122
  827 2571 1244 4409 2879 6476 1752 1097 7121 3866 1320 2530]"
853,0.2810940628937014,31,4409,3160,"[4443 2104  193 4292 3012 2256 2693  604 1838 3858 1551 3745  813 3365
 2522  876 4288 2363 3142 2099 3105 6967 1802 5902 1901  770 1395 1122
  827 2571 1244 3160 2879 6476 1752 1097 7121 3866 1320 2530]"
854,0.2796639077689099,34,1752,2215,"[4443 2104  193 4292 3012 2256 2693  604 1838 3858 1551 3745  813 3365
 2522  876 4288 2363 3142 2099 3105 6967 1802 5902 1901  770 1395 1122
  827 2571 1244 3160 2879 6476 2215 1097 7121 3866 1320 2530]"
855,0.28671429015606104,26,1395,2446,"[4443 2104  193 4292 3012 2256 2693  604 1838 3858 1551 3745  813 3365
 2522  876 4288 2363 3142 2099 3105 6967 1802 5902 1901  770 2446 1122
  827 2571 1244 3160 2879 6476 2215 1097 7121 3866 1320 2530]"
856,0.28407645166505285,16,4288,3382,"[4443 2104  193 4292 3012 2256 2693  604 1838 3858 1551 3745  813 3365
 2522  876 3382 2363 3142 2099 3105 6967 1802 5902 1901  770 2446 1122
  827 2571 1244 3160 2879 6476 2215 1097 7121 3866 1320 2530]"
857,0.2851896563505269,15,876,6829,"[4443 2104  193 4292 3012 2256 2693  604 1838 3858 1551 3745  813 3365
 2522 6829 3382 2363 3142 2099 3105 6967 1802 5902 1901  770 2446 1122
  827 2571 1244 3160 2879 6476 2215 1097 7121 3866 1320 2530]"
858,0.28049278238932474,37,3866,2157,"[4443 2104  193 4292 3012 2256 2693  604 1838 3858 1551 3745  813 3365
 2522 6829 3382 2363 3142 2099 3105 6967 1802 5902 1901  770 2446 1122
  827 2571 1244 3160 2879 6476 2215 1097 7121 2157 1320 2530]"
859,0.2810669941449454,30,1244,2441,"[4443 2104  193 4292 3012 2256 2693  604 1838 3858 1551 3745  813 3365
 2522 6829 3382 2363 3142 2099 3105 6967 1802 5902 1901  770 2446 1122
  827 2571 2441 3160 2879 6476 2215 1097 7121 2157 1320 2530]"
860,0.2718615643016742,13,3365,3208,"[4443 2104  193 4292 3012 2256 2693  604 1838 3858 1551 3745  813 3208
 2522 6829 3382 2363 3142 2099 3105 6967 1802 5902 1901  770 2446 1122
  827 2571 2441 3160 2879 6476 2215 1097 7121 2157 1320 2530]"
861,0.27563845645239926,15,6829,3518,"[4443 2104  193 4292 3012 2256 2693  604 1838 3858 1551 3745  813 3208
 2522 3518 3382 2363 3142 2099 3105 6967 1802 5902 1901  770 2446 1122
  827 2571 2441 3160 2879 6476 2215 1097 7121 2157 1320 2530]"
862,0.2724102668020286,18,3142,3100,"[4443 2104  193 4292 3012 2256 2693  604 1838 3858 1551 3745  813 3208
 2522 3518 3382 2363 3100 2099 3105 6967 1802 5902 1901  770 2446 1122
  827 2571 2441 3160 2879 6476 2215 1097 7121 2157 1320 2530]"
863,0.26958533025324793,14,2522,1935,"[4443 2104  193 4292 3012 2256 2693  604 1838 3858 1551 3745  813 3208
 1935 3518 3382 2363 3100 2099 3105 6967 1802 5902 1901  770 2446 1122
  827 2571 2441 3160 2879 6476 2215 1097 7121 2157 1320 2530]"
864,0.26739431713860323,12,813,2068,"[4443 2104  193 4292 3012 2256 2693  604 1838 3858 1551 3745 2068 3208
 1935 3518 3382 2363 3100 2099 3105 6967 1802 5902 1901  770 2446 1122
  827 2571 2441 3160 2879 6476 2215 1097 7121 2157 1320 2530]"
865,0.26425084960221334,21,6967,1093,"[4443 2104  193 4292 3012 2256 2693  604 1838 3858 1551 3745 2068 3208
 1935 3518 3382 2363 3100 2099 3105 1093 1802 5902 1901  770 2446 1122
  827 2571 2441 3160 2879 6476 2215 1097 7121 2157 1320 2530]"
866,0.2637185203370328,3,4292,3852,"[4443 2104  193 3852 3012 2256 2693  604 1838 3858 1551 3745 2068 3208
 1935 3518 3382 2363 3100 2099 3105 1093 1802 5902 1901  770 2446 1122
  827 2571 2441 3160 2879 6476 2215 1097 7121 2157 1320 2530]"
867,0.26114115802282656,38,1320,1330,"[4443 2104  193 3852 3012 2256 2693  604 1838 3858 1551 3745 2068 3208
 1935 3518 3382 2363 3100 2099 3105 1093 1802 5902 1901  770 2446 1122
  827 2571 2441 3160 2879 6476 2215 1097 7121 2157 1330 2530]"
868,0.25642523746073564,15,3518,3298,"[4443 2104  193 3852 3012 2256 2693  604 1838 3858 1551 3745 2068 3208
 1935 3298 3382 2363 3100 2099 3105 1093 1802 5902 1901  770 2446 1122
  827 2571 2441 3160 2879 6476 2215 1097 7121 2157 1330 2530]"
869,0.25776623881161387,30,2441,1540,"[4443 2104  193 3852 3012 2256 2693  604 1838 3858 1551 3745 2068 3208
 1935 3298 3382 2363 3100 2099 3105 1093 1802 5902 1901  770 2446 1122
  827 2571 1540 3160 2879 6476 2215 1097 7121 2157 1330 2530]"
870,0.260900686891658,30,1540,4360,"[4443 2104  193 3852 3012 2256 2693  604 1838 3858 1551 3745 2068 3208
 1935 3298 3382 2363 3100 2099 3105 1093 1802 5902 1901  770 2446 1122
  827 2571 4360 3160 2879 6476 2215 1097 7121 2157 1330 2530]"
871,0.2620912878375393,38,1330,3286,"[4443 2104  193 3852 3012 2256 2693  604 1838 3858 1551 3745 2068 3208
 1935 3298 3382 2363 3100 2099 3105 1093 1802 5902 1901  770 2446 1122
  827 2571 4360 3160 2879 6476 2215 1097 7121 2157 3286 2530]"
872,0.2625284297146391,37,2157,3567,"[4443 2104  193 3852 3012 2256 2693  604 1838 3858 1551 3745 2068 3208
 1935 3298 3382 2363 3100 2099 3105 1093 1802 5902 1901  770 2446 1122
  827 2571 4360 3160 2879 6476 2215 1097 7121 3567 3286 2530]"
873,0.27184203043073024,39,2530,6903,"[4443 2104  193 3852 3012 2256 2693  604 1838 3858 1551 3745 2068 3208
 1935 3298 3382 2363 3100 2099 3105 1093 1802 5902 1901  770 2446 1122
  827 2571 4360 3160 2879 6476 2215 1097 7121 3567 3286 6903]"
874,0.27218089010972185,2,193,1930,"[4443 2104 1930 3852 3012 2256 2693  604 1838 3858 1551 3745 2068 3208
 1935 3298 3382 2363 3100 2099 3105 1093 1802 5902 1901  770 2446 1122
  827 2571 4360 3160 2879 6476 2215 1097 7121 3567 3286 6903]"
875,0.26703528231281526,4,3012,2924,"[4443 2104 1930 3852 2924 2256 2693  604 1838 3858 1551 3745 2068 3208
 1935 3298 3382 2363 3100 2099 3105 1093 1802 5902 1901  770 2446 1122
  827 2571 4360 3160 2879 6476 2215 1097 7121 3567 3286 6903]"
876,0.265620764938381,36,7121,270,"[4443 2104 1930 3852 2924 2256 2693  604 1838 3858 1551 3745 2068 3208
 1935 3298 3382 2363 3100 2099 3105 1093 1802 5902 1901  770 2446 1122
  827 2571 4360 3160 2879 6476 2215 1097  270 3567 3286 6903]"
877,0.267859169251035,24,1901,3434,"[4443 2104 1930 3852 2924 2256 2693  604 1838 3858 1551 3745 2068 3208
 1935 3298 3382 2363 3100 2099 3105 1093 1802 5902 3434  770 2446 1122
  827 2571 4360 3160 2879 6476 2215 1097  270 3567 3286 6903]"
878,0.27833640896925166,1,2104,2797,"[4443 2797 1930 3852 2924 2256 2693  604 1838 3858 1551 3745 2068 3208
 1935 3298 3382 2363 3100 2099 3105 1093 1802 5902 3434  770 2446 1122
  827 2571 4360 3160 2879 6476 2215 1097  270 3567 3286 6903]"
879,0.2806807592999211,3,3852,3740,"[4443 2797 1930 3740 2924 2256 2693  604 1838 3858 1551 3745 2068 3208
 1935 3298 3382 2363 3100 2099 3105 1093 1802 5902 3434  770 2446 1122
  827 2571 4360 3160 2879 6476 2215 1097  270 3567 3286 6903]"
880,0.2708218255685942,1,2797,4222,"[4443 4222 1930 3740 2924 2256 2693  604 1838 3858 1551 3745 2068 3208
 1935 3298 3382 2363 3100 2099 3105 1093 1802 5902 3434  770 2446 1122
  827 2571 4360 3160 2879 6476 2215 1097  270 3567 3286 6903]"
881,0.2707995665650813,9,3858,2300,"[4443 4222 1930 3740 2924 2256 2693  604 1838 2300 1551 3745 2068 3208
 1935 3298 3382 2363 3100 2099 3105 1093 1802 5902 3434  770 2446 1122
  827 2571 4360 3160 2879 6476 2215 1097  270 3567 3286 6903]"
882,0.26251382657710476,19,2099,318,"[4443 4222 1930 3740 2924 2256 2693  604 1838 2300 1551 3745 2068 3208
 1935 3298 3382 2363 3100  318 3105 1093 1802 5902 3434  770 2446 1122
  827 2571 4360 3160 2879 6476 2215 1097  270 3567 3286 6903]"
883,0.26244241663048706,22,1802,1798,"[4443 4222 1930 3740 2924 2256 2693  604 1838 2300 1551 3745 2068 3208
 1935 3298 3382 2363 3100  318 3105 1093 1798 5902 3434  770 2446 1122
  827 2571 4360 3160 2879 6476 2215 1097  270 3567 3286 6903]"
884,0.25934982688547137,31,3160,4567,"[4443 4222 1930 3740 2924 2256 2693  604 1838 2300 1551 3745 2068 3208
 1935 3298 3382 2363 3100  318 3105 1093 1798 5902 3434  770 2446 1122
  827 2571 4360 4567 2879 6476 2215 1097  270 3567 3286 6903]"
885,0.2557949167504954,39,6903,2868,"[4443 4222 1930 3740 2924 2256 2693  604 1838 2300 1551 3745 2068 3208
 1935 3298 3382 2363 3100  318 3105 1093 1798 5902 3434  770 2446 1122
  827 2571 4360 4567 2879 6476 2215 1097  270 3567 3286 2868]"
886,0.2572214128230355,14,1935,1539,"[4443 4222 1930 3740 2924 2256 2693  604 1838 2300 1551 3745 2068 3208
 1539 3298 3382 2363 3100  318 3105 1093 1798 5902 3434  770 2446 1122
  827 2571 4360 4567 2879 6476 2215 1097  270 3567 3286 2868]"
887,0.25461449539767805,26,2446,3936,"[4443 4222 1930 3740 2924 2256 2693  604 1838 2300 1551 3745 2068 3208
 1539 3298 3382 2363 3100  318 3105 1093 1798 5902 3434  770 3936 1122
  827 2571 4360 4567 2879 6476 2215 1097  270 3567 3286 2868]"
888,0.2545957388710483,6,2693,2461,"[4443 4222 1930 3740 2924 2256 2461  604 1838 2300 1551 3745 2068 3208
 1539 3298 3382 2363 3100  318 3105 1093 1798 5902 3434  770 3936 1122
  827 2571 4360 4567 2879 6476 2215 1097  270 3567 3286 2868]"
889,0.2648503380794199,8,1838,7187,"[4443 4222 1930 3740 2924 2256 2461  604 7187 2300 1551 3745 2068 3208
 1539 3298 3382 2363 3100  318 3105 1093 1798 5902 3434  770 3936 1122
  827 2571 4360 4567 2879 6476 2215 1097  270 3567 3286 2868]"
890,0.2655134623895748,21,1093,7037,"[4443 4222 1930 3740 2924 2256 2461  604 7187 2300 1551 3745 2068 3208
 1539 3298 3382 2363 3100  318 3105 7037 1798 5902 3434  770 3936 1122
  827 2571 4360 4567 2879 6476 2215 1097  270 3567 3286 2868]"
891,0.26931874960070823,31,4567,1185,"[4443 4222 1930 3740 2924 2256 2461  604 7187 2300 1551 3745 2068 3208
 1539 3298 3382 2363 3100  318 3105 7037 1798 5902 3434  770 3936 1122
  827 2571 4360 1185 2879 6476 2215 1097  270 3567 3286 2868]"
892,0.2697926767652247,34,2215,2691,"[4443 4222 1930 3740 2924 2256 2461  604 7187 2300 1551 3745 2068 3208
 1539 3298 3382 2363 3100  318 3105 7037 1798 5902 3434  770 3936 1122
  827 2571 4360 1185 2879 6476 2691 1097  270 3567 3286 2868]"
893,0.27000347573713773,38,3286,1976,"[4443 4222 1930 3740 2924 2256 2461  604 7187 2300 1551 3745 2068 3208
 1539 3298 3382 2363 3100  318 3105 7037 1798 5902 3434  770 3936 1122
  827 2571 4360 1185 2879 6476 2691 1097  270 3567 1976 2868]"
894,0.2664043745226973,35,1097,823,"[4443 4222 1930 3740 2924 2256 2461  604 7187 2300 1551 3745 2068 3208
 1539 3298 3382 2363 3100  318 3105 7037 1798 5902 3434  770 3936 1122
  827 2571 4360 1185 2879 6476 2691  823  270 3567 1976 2868]"
895,0.2615788798304611,15,3298,2425,"[4443 4222 1930 3740 2924 2256 2461  604 7187 2300 1551 3745 2068 3208
 1539 2425 3382 2363 3100  318 3105 7037 1798 5902 3434  770 3936 1122
  827 2571 4360 1185 2879 6476 2691  823  270 3567 1976 2868]"
896,0.2716593464196366,32,2879,2805,"[4443 4222 1930 3740 2924 2256 2461  604 7187 2300 1551 3745 2068 3208
 1539 2425 3382 2363 3100  318 3105 7037 1798 5902 3434  770 3936 1122
  827 2571 4360 1185 2805 6476 2691  823  270 3567 1976 2868]"
897,0.27680930273021687,25,770,3015,"[4443 4222 1930 3740 2924 2256 2461  604 7187 2300 1551 3745 2068 3208
 1539 2425 3382 2363 3100  318 3105 7037 1798 5902 3434 3015 3936 1122
  827 2571 4360 1185 2805 6476 2691  823  270 3567 1976 2868]"
898,0.26833671161368977,39,2868,2107,"[4443 4222 1930 3740 2924 2256 2461  604 7187 2300 1551 3745 2068 3208
 1539 2425 3382 2363 3100  318 3105 7037 1798 5902 3434 3015 3936 1122
  827 2571 4360 1185 2805 6476 2691  823  270 3567 1976 2107]"
899,0.26622321719694414,37,3567,2165,"[4443 4222 1930 3740 2924 2256 2461  604 7187 2300 1551 3745 2068 3208
 1539 2425 3382 2363 3100  318 3105 7037 1798 5902 3434 3015 3936 1122
  827 2571 4360 1185 2805 6476 2691  823  270 2165 1976 2107]"
900,0.26988614159109925,14,1539,876,"[4443 4222 1930 3740 2924 2256 2461  604 7187 2300 1551 3745 2068 3208
  876 2425 3382 2363 3100  318 3105 7037 1798 5902 3434 3015 3936 1122
  827 2571 4360 1185 2805 6476 2691  823  270 2165 1976 2107]"
901,0.26959532251282076,35,823,4024,"[4443 4222 1930 3740 2924 2256 2461  604 7187 2300 1551 3745 2068 3208
  876 2425 3382 2363 3100  318 3105 7037 1798 5902 3434 3015 3936 1122
  827 2571 4360 1185 2805 6476 2691 4024  270 2165 1976 2107]"
902,0.276148282851504,31,1185,1467,"[4443 4222 1930 3740 2924 2256 2461  604 7187 2300 1551 3745 2068 3208
  876 2425 3382 2363 3100  318 3105 7037 1798 5902 3434 3015 3936 1122
  827 2571 4360 1467 2805 6476 2691 4024  270 2165 1976 2107]"
903,0.27029621381927793,28,827,4490,"[4443 4222 1930 3740 2924 2256 2461  604 7187 2300 1551 3745 2068 3208
  876 2425 3382 2363 3100  318 3105 7037 1798 5902 3434 3015 3936 1122
 4490 2571 4360 1467 2805 6476 2691 4024  270 2165 1976 2107]"
904,0.2744097344384605,12,2068,522,"[4443 4222 1930 3740 2924 2256 2461  604 7187 2300 1551 3745  522 3208
  876 2425 3382 2363 3100  318 3105 7037 1798 5902 3434 3015 3936 1122
 4490 2571 4360 1467 2805 6476 2691 4024  270 2165 1976 2107]"
905,0.27429756238429753,37,2165,2404,"[4443 4222 1930 3740 2924 2256 2461  604 7187 2300 1551 3745  522 3208
  876 2425 3382 2363 3100  318 3105 7037 1798 5902 3434 3015 3936 1122
 4490 2571 4360 1467 2805 6476 2691 4024  270 2404 1976 2107]"
906,0.28149768534048203,20,3105,3374,"[4443 4222 1930 3740 2924 2256 2461  604 7187 2300 1551 3745  522 3208
  876 2425 3382 2363 3100  318 3374 7037 1798 5902 3434 3015 3936 1122
 4490 2571 4360 1467 2805 6476 2691 4024  270 2404 1976 2107]"
907,0.2802237584513866,23,5902,3165,"[4443 4222 1930 3740 2924 2256 2461  604 7187 2300 1551 3745  522 3208
  876 2425 3382 2363 3100  318 3374 7037 1798 3165 3434 3015 3936 1122
 4490 2571 4360 1467 2805 6476 2691 4024  270 2404 1976 2107]"
908,0.28104499035761615,6,2461,1900,"[4443 4222 1930 3740 2924 2256 1900  604 7187 2300 1551 3745  522 3208
  876 2425 3382 2363 3100  318 3374 7037 1798 3165 3434 3015 3936 1122
 4490 2571 4360 1467 2805 6476 2691 4024  270 2404 1976 2107]"
909,0.26783794547604167,31,1467,669,"[4443 4222 1930 3740 2924 2256 1900  604 7187 2300 1551 3745  522 3208
  876 2425 3382 2363 3100  318 3374 7037 1798 3165 3434 3015 3936 1122
 4490 2571 4360  669 2805 6476 2691 4024  270 2404 1976 2107]"
910,0.2652502170137095,24,3434,2520,"[4443 4222 1930 3740 2924 2256 1900  604 7187 2300 1551 3745  522 3208
  876 2425 3382 2363 3100  318 3374 7037 1798 3165 2520 3015 3936 1122
 4490 2571 4360  669 2805 6476 2691 4024  270 2404 1976 2107]"
911,0.2705579774240575,38,1976,1329,"[4443 4222 1930 3740 2924 2256 1900  604 7187 2300 1551 3745  522 3208
  876 2425 3382 2363 3100  318 3374 7037 1798 3165 2520 3015 3936 1122
 4490 2571 4360  669 2805 6476 2691 4024  270 2404 1329 2107]"
912,0.27422183847845427,20,3374,1106,"[4443 4222 1930 3740 2924 2256 1900  604 7187 2300 1551 3745  522 3208
  876 2425 3382 2363 3100  318 1106 7037 1798 3165 2520 3015 3936 1122
 4490 2571 4360  669 2805 6476 2691 4024  270 2404 1329 2107]"
913,0.2756857191208074,22,1798,2023,"[4443 4222 1930 3740 2924 2256 1900  604 7187 2300 1551 3745  522 3208
  876 2425 3382 2363 3100  318 1106 7037 2023 3165 2520 3015 3936 1122
 4490 2571 4360  669 2805 6476 2691 4024  270 2404 1329 2107]"
914,0.27456961448361517,7,604,896,"[4443 4222 1930 3740 2924 2256 1900  896 7187 2300 1551 3745  522 3208
  876 2425 3382 2363 3100  318 1106 7037 2023 3165 2520 3015 3936 1122
 4490 2571 4360  669 2805 6476 2691 4024  270 2404 1329 2107]"
915,0.2688570583680051,20,1106,2323,"[4443 4222 1930 3740 2924 2256 1900  896 7187 2300 1551 3745  522 3208
  876 2425 3382 2363 3100  318 2323 7037 2023 3165 2520 3015 3936 1122
 4490 2571 4360  669 2805 6476 2691 4024  270 2404 1329 2107]"
916,0.2707683994407688,37,2404,3859,"[4443 4222 1930 3740 2924 2256 1900  896 7187 2300 1551 3745  522 3208
  876 2425 3382 2363 3100  318 2323 7037 2023 3165 2520 3015 3936 1122
 4490 2571 4360  669 2805 6476 2691 4024  270 3859 1329 2107]"
917,0.2711963814126257,16,3382,838,"[4443 4222 1930 3740 2924 2256 1900  896 7187 2300 1551 3745  522 3208
  876 2425  838 2363 3100  318 2323 7037 2023 3165 2520 3015 3936 1122
 4490 2571 4360  669 2805 6476 2691 4024  270 3859 1329 2107]"
918,0.27042355451347194,38,1329,3356,"[4443 4222 1930 3740 2924 2256 1900  896 7187 2300 1551 3745  522 3208
  876 2425  838 2363 3100  318 2323 7037 2023 3165 2520 3015 3936 1122
 4490 2571 4360  669 2805 6476 2691 4024  270 3859 3356 2107]"
919,0.2778054149955222,39,2107,3219,"[4443 4222 1930 3740 2924 2256 1900  896 7187 2300 1551 3745  522 3208
  876 2425  838 2363 3100  318 2323 7037 2023 3165 2520 3015 3936 1122
 4490 2571 4360  669 2805 6476 2691 4024  270 3859 3356 3219]"
920,0.2830939981451425,34,2691,2099,"[4443 4222 1930 3740 2924 2256 1900  896 7187 2300 1551 3745  522 3208
  876 2425  838 2363 3100  318 2323 7037 2023 3165 2520 3015 3936 1122
 4490 2571 4360  669 2805 6476 2099 4024  270 3859 3356 3219]"
921,0.28379827542431535,5,2256,689,"[4443 4222 1930 3740 2924  689 1900  896 7187 2300 1551 3745  522 3208
  876 2425  838 2363 3100  318 2323 7037 2023 3165 2520 3015 3936 1122
 4490 2571 4360  669 2805 6476 2099 4024  270 3859 3356 3219]"
922,0.2831840984416683,17,2363,2719,"[4443 4222 1930 3740 2924  689 1900  896 7187 2300 1551 3745  522 3208
  876 2425  838 2719 3100  318 2323 7037 2023 3165 2520 3015 3936 1122
 4490 2571 4360  669 2805 6476 2099 4024  270 3859 3356 3219]"
923,0.2872236974442472,14,876,6902,"[4443 4222 1930 3740 2924  689 1900  896 7187 2300 1551 3745  522 3208
 6902 2425  838 2719 3100  318 2323 7037 2023 3165 2520 3015 3936 1122
 4490 2571 4360  669 2805 6476 2099 4024  270 3859 3356 3219]"
924,0.2772908962061237,39,3219,873,"[4443 4222 1930 3740 2924  689 1900  896 7187 2300 1551 3745  522 3208
 6902 2425  838 2719 3100  318 2323 7037 2023 3165 2520 3015 3936 1122
 4490 2571 4360  669 2805 6476 2099 4024  270 3859 3356  873]"
925,0.2802600685012983,8,7187,1750,"[4443 4222 1930 3740 2924  689 1900  896 1750 2300 1551 3745  522 3208
 6902 2425  838 2719 3100  318 2323 7037 2023 3165 2520 3015 3936 1122
 4490 2571 4360  669 2805 6476 2099 4024  270 3859 3356  873]"
926,0.2827812160457469,28,4490,6121,"[4443 4222 1930 3740 2924  689 1900  896 1750 2300 1551 3745  522 3208
 6902 2425  838 2719 3100  318 2323 7037 2023 3165 2520 3015 3936 1122
 6121 2571 4360  669 2805 6476 2099 4024  270 3859 3356  873]"
927,0.2843163354683498,15,2425,6766,"[4443 4222 1930 3740 2924  689 1900  896 1750 2300 1551 3745  522 3208
 6902 6766  838 2719 3100  318 2323 7037 2023 3165 2520 3015 3936 1122
 6121 2571 4360  669 2805 6476 2099 4024  270 3859 3356  873]"
928,0.28344594079693347,1,4222,3855,"[4443 3855 1930 3740 2924  689 1900  896 1750 2300 1551 3745  522 3208
 6902 6766  838 2719 3100  318 2323 7037 2023 3165 2520 3015 3936 1122
 6121 2571 4360  669 2805 6476 2099 4024  270 3859 3356  873]"
929,0.28495865149961014,36,270,950,"[4443 3855 1930 3740 2924  689 1900  896 1750 2300 1551 3745  522 3208
 6902 6766  838 2719 3100  318 2323 7037 2023 3165 2520 3015 3936 1122
 6121 2571 4360  669 2805 6476 2099 4024  950 3859 3356  873]"
930,0.2890164433909571,4,2924,3801,"[4443 3855 1930 3740 3801  689 1900  896 1750 2300 1551 3745  522 3208
 6902 6766  838 2719 3100  318 2323 7037 2023 3165 2520 3015 3936 1122
 6121 2571 4360  669 2805 6476 2099 4024  950 3859 3356  873]"
931,0.28876729912229954,37,3859,2760,"[4443 3855 1930 3740 3801  689 1900  896 1750 2300 1551 3745  522 3208
 6902 6766  838 2719 3100  318 2323 7037 2023 3165 2520 3015 3936 1122
 6121 2571 4360  669 2805 6476 2099 4024  950 2760 3356  873]"
932,0.2845967811516088,6,1900,5406,"[4443 3855 1930 3740 3801  689 5406  896 1750 2300 1551 3745  522 3208
 6902 6766  838 2719 3100  318 2323 7037 2023 3165 2520 3015 3936 1122
 6121 2571 4360  669 2805 6476 2099 4024  950 2760 3356  873]"
933,0.2832960085968056,34,2099,2103,"[4443 3855 1930 3740 3801  689 5406  896 1750 2300 1551 3745  522 3208
 6902 6766  838 2719 3100  318 2323 7037 2023 3165 2520 3015 3936 1122
 6121 2571 4360  669 2805 6476 2103 4024  950 2760 3356  873]"
934,0.2837263547468586,22,2023,2211,"[4443 3855 1930 3740 3801  689 5406  896 1750 2300 1551 3745  522 3208
 6902 6766  838 2719 3100  318 2323 7037 2211 3165 2520 3015 3936 1122
 6121 2571 4360  669 2805 6476 2103 4024  950 2760 3356  873]"
935,0.2869405494523475,39,873,7190,"[4443 3855 1930 3740 3801  689 5406  896 1750 2300 1551 3745  522 3208
 6902 6766  838 2719 3100  318 2323 7037 2211 3165 2520 3015 3936 1122
 6121 2571 4360  669 2805 6476 2103 4024  950 2760 3356 7190]"
936,0.29114065673720746,2,1930,1809,"[4443 3855 1809 3740 3801  689 5406  896 1750 2300 1551 3745  522 3208
 6902 6766  838 2719 3100  318 2323 7037 2211 3165 2520 3015 3936 1122
 6121 2571 4360  669 2805 6476 2103 4024  950 2760 3356 7190]"
937,0.2943187749616418,31,669,1615,"[4443 3855 1809 3740 3801  689 5406  896 1750 2300 1551 3745  522 3208
 6902 6766  838 2719 3100  318 2323 7037 2211 3165 2520 3015 3936 1122
 6121 2571 4360 1615 2805 6476 2103 4024  950 2760 3356 7190]"
938,0.29093076236507964,7,896,6188,"[4443 3855 1809 3740 3801  689 5406 6188 1750 2300 1551 3745  522 3208
 6902 6766  838 2719 3100  318 2323 7037 2211 3165 2520 3015 3936 1122
 6121 2571 4360 1615 2805 6476 2103 4024  950 2760 3356 7190]"
939,0.2938968868327032,7,6188,3665,"[4443 3855 1809 3740 3801  689 5406 3665 1750 2300 1551 3745  522 3208
 6902 6766  838 2719 3100  318 2323 7037 2211 3165 2520 3015 3936 1122
 6121 2571 4360 1615 2805 6476 2103 4024  950 2760 3356 7190]"
940,0.3005409884318795,3,3740,3218,"[4443 3855 1809 3218 3801  689 5406 3665 1750 2300 1551 3745  522 3208
 6902 6766  838 2719 3100  318 2323 7037 2211 3165 2520 3015 3936 1122
 6121 2571 4360 1615 2805 6476 2103 4024  950 2760 3356 7190]"
941,0.3030099906395427,21,7037,7111,"[4443 3855 1809 3218 3801  689 5406 3665 1750 2300 1551 3745  522 3208
 6902 6766  838 2719 3100  318 2323 7111 2211 3165 2520 3015 3936 1122
 6121 2571 4360 1615 2805 6476 2103 4024  950 2760 3356 7190]"
942,0.30271368416050193,33,6476,3706,"[4443 3855 1809 3218 3801  689 5406 3665 1750 2300 1551 3745  522 3208
 6902 6766  838 2719 3100  318 2323 7111 2211 3165 2520 3015 3936 1122
 6121 2571 4360 1615 2805 3706 2103 4024  950 2760 3356 7190]"
943,0.29654357420640814,14,6902,1044,"[4443 3855 1809 3218 3801  689 5406 3665 1750 2300 1551 3745  522 3208
 1044 6766  838 2719 3100  318 2323 7111 2211 3165 2520 3015 3936 1122
 6121 2571 4360 1615 2805 3706 2103 4024  950 2760 3356 7190]"
944,0.3025542437855739,37,2760,3651,"[4443 3855 1809 3218 3801  689 5406 3665 1750 2300 1551 3745  522 3208
 1044 6766  838 2719 3100  318 2323 7111 2211 3165 2520 3015 3936 1122
 6121 2571 4360 1615 2805 3706 2103 4024  950 3651 3356 7190]"
945,0.3010983889436488,12,522,2434,"[4443 3855 1809 3218 3801  689 5406 3665 1750 2300 1551 3745 2434 3208
 1044 6766  838 2719 3100  318 2323 7111 2211 3165 2520 3015 3936 1122
 6121 2571 4360 1615 2805 3706 2103 4024  950 3651 3356 7190]"
946,0.30099516953097927,21,7111,6618,"[4443 3855 1809 3218 3801  689 5406 3665 1750 2300 1551 3745 2434 3208
 1044 6766  838 2719 3100  318 2323 6618 2211 3165 2520 3015 3936 1122
 6121 2571 4360 1615 2805 3706 2103 4024  950 3651 3356 7190]"
947,0.2987803038980197,8,1750,2999,"[4443 3855 1809 3218 3801  689 5406 3665 2999 2300 1551 3745 2434 3208
 1044 6766  838 2719 3100  318 2323 6618 2211 3165 2520 3015 3936 1122
 6121 2571 4360 1615 2805 3706 2103 4024  950 3651 3356 7190]"
948,0.3030370046296731,38,3356,2113,"[4443 3855 1809 3218 3801  689 5406 3665 2999 2300 1551 3745 2434 3208
 1044 6766  838 2719 3100  318 2323 6618 2211 3165 2520 3015 3936 1122
 6121 2571 4360 1615 2805 3706 2103 4024  950 3651 2113 7190]"
949,0.3025795153669071,18,3100,1871,"[4443 3855 1809 3218 3801  689 5406 3665 2999 2300 1551 3745 2434 3208
 1044 6766  838 2719 1871  318 2323 6618 2211 3165 2520 3015 3936 1122
 6121 2571 4360 1615 2805 3706 2103 4024  950 3651 2113 7190]"
950,0.3012826571529984,18,1871,1801,"[4443 3855 1809 3218 3801  689 5406 3665 2999 2300 1551 3745 2434 3208
 1044 6766  838 2719 1801  318 2323 6618 2211 3165 2520 3015 3936 1122
 6121 2571 4360 1615 2805 3706 2103 4024  950 3651 2113 7190]"
951,0.3006684297445816,7,3665,801,"[4443 3855 1809 3218 3801  689 5406  801 2999 2300 1551 3745 2434 3208
 1044 6766  838 2719 1801  318 2323 6618 2211 3165 2520 3015 3936 1122
 6121 2571 4360 1615 2805 3706 2103 4024  950 3651 2113 7190]"
952,0.30224761547294465,15,6766,744,"[4443 3855 1809 3218 3801  689 5406  801 2999 2300 1551 3745 2434 3208
 1044  744  838 2719 1801  318 2323 6618 2211 3165 2520 3015 3936 1122
 6121 2571 4360 1615 2805 3706 2103 4024  950 3651 2113 7190]"
953,0.302164827177355,22,2211,2216,"[4443 3855 1809 3218 3801  689 5406  801 2999 2300 1551 3745 2434 3208
 1044  744  838 2719 1801  318 2323 6618 2216 3165 2520 3015 3936 1122
 6121 2571 4360 1615 2805 3706 2103 4024  950 3651 2113 7190]"
954,0.30331943595716915,31,1615,6837,"[4443 3855 1809 3218 3801  689 5406  801 2999 2300 1551 3745 2434 3208
 1044  744  838 2719 1801  318 2323 6618 2216 3165 2520 3015 3936 1122
 6121 2571 4360 6837 2805 3706 2103 4024  950 3651 2113 7190]"
955,0.3035197899544166,33,3706,522,"[4443 3855 1809 3218 3801  689 5406  801 2999 2300 1551 3745 2434 3208
 1044  744  838 2719 1801  318 2323 6618 2216 3165 2520 3015 3936 1122
 6121 2571 4360 6837 2805  522 2103 4024  950 3651 2113 7190]"
956,0.30455135094030816,24,2520,1322,"[4443 3855 1809 3218 3801  689 5406  801 2999 2300 1551 3745 2434 3208
 1044  744  838 2719 1801  318 2323 6618 2216 3165 1322 3015 3936 1122
 6121 2571 4360 6837 2805  522 2103 4024  950 3651 2113 7190]"
957,0.29621993888486653,34,2103,7123,"[4443 3855 1809 3218 3801  689 5406  801 2999 2300 1551 3745 2434 3208
 1044  744  838 2719 1801  318 2323 6618 2216 3165 1322 3015 3936 1122
 6121 2571 4360 6837 2805  522 7123 4024  950 3651 2113 7190]"
958,0.30288537476577865,8,2999,1613,"[4443 3855 1809 3218 3801  689 5406  801 1613 2300 1551 3745 2434 3208
 1044  744  838 2719 1801  318 2323 6618 2216 3165 1322 3015 3936 1122
 6121 2571 4360 6837 2805  522 7123 4024  950 3651 2113 7190]"
959,0.29834981605649663,15,744,6685,"[4443 3855 1809 3218 3801  689 5406  801 1613 2300 1551 3745 2434 3208
 1044 6685  838 2719 1801  318 2323 6618 2216 3165 1322 3015 3936 1122
 6121 2571 4360 6837 2805  522 7123 4024  950 3651 2113 7190]"
960,0.29529895025667646,20,2323,7178,"[4443 3855 1809 3218 3801  689 5406  801 1613 2300 1551 3745 2434 3208
 1044 6685  838 2719 1801  318 7178 6618 2216 3165 1322 3015 3936 1122
 6121 2571 4360 6837 2805  522 7123 4024  950 3651 2113 7190]"
961,0.29475643218688846,1,3855,741,"[4443  741 1809 3218 3801  689 5406  801 1613 2300 1551 3745 2434 3208
 1044 6685  838 2719 1801  318 7178 6618 2216 3165 1322 3015 3936 1122
 6121 2571 4360 6837 2805  522 7123 4024  950 3651 2113 7190]"
962,0.29020404179885506,9,2300,1381,"[4443  741 1809 3218 3801  689 5406  801 1613 1381 1551 3745 2434 3208
 1044 6685  838 2719 1801  318 7178 6618 2216 3165 1322 3015 3936 1122
 6121 2571 4360 6837 2805  522 7123 4024  950 3651 2113 7190]"
963,0.2874368870391678,37,3651,1820,"[4443  741 1809 3218 3801  689 5406  801 1613 1381 1551 3745 2434 3208
 1044 6685  838 2719 1801  318 7178 6618 2216 3165 1322 3015 3936 1122
 6121 2571 4360 6837 2805  522 7123 4024  950 1820 2113 7190]"
964,0.28287238941966075,2,1809,2882,"[4443  741 2882 3218 3801  689 5406  801 1613 1381 1551 3745 2434 3208
 1044 6685  838 2719 1801  318 7178 6618 2216 3165 1322 3015 3936 1122
 6121 2571 4360 6837 2805  522 7123 4024  950 1820 2113 7190]"
965,0.29058392085963536,14,1044,2727,"[4443  741 2882 3218 3801  689 5406  801 1613 1381 1551 3745 2434 3208
 2727 6685  838 2719 1801  318 7178 6618 2216 3165 1322 3015 3936 1122
 6121 2571 4360 6837 2805  522 7123 4024  950 1820 2113 7190]"
966,0.290048725405127,36,950,3175,"[4443  741 2882 3218 3801  689 5406  801 1613 1381 1551 3745 2434 3208
 2727 6685  838 2719 1801  318 7178 6618 2216 3165 1322 3015 3936 1122
 6121 2571 4360 6837 2805  522 7123 4024 3175 1820 2113 7190]"
967,0.2878595677362141,31,6837,3707,"[4443  741 2882 3218 3801  689 5406  801 1613 1381 1551 3745 2434 3208
 2727 6685  838 2719 1801  318 7178 6618 2216 3165 1322 3015 3936 1122
 6121 2571 4360 3707 2805  522 7123 4024 3175 1820 2113 7190]"
968,0.2834097910482377,8,1613,3011,"[4443  741 2882 3218 3801  689 5406  801 3011 1381 1551 3745 2434 3208
 2727 6685  838 2719 1801  318 7178 6618 2216 3165 1322 3015 3936 1122
 6121 2571 4360 3707 2805  522 7123 4024 3175 1820 2113 7190]"
969,0.2734911473699017,26,3936,6680,"[4443  741 2882 3218 3801  689 5406  801 3011 1381 1551 3745 2434 3208
 2727 6685  838 2719 1801  318 7178 6618 2216 3165 1322 3015 6680 1122
 6121 2571 4360 3707 2805  522 7123 4024 3175 1820 2113 7190]"
970,0.27983422986633477,34,7123,2026,"[4443  741 2882 3218 3801  689 5406  801 3011 1381 1551 3745 2434 3208
 2727 6685  838 2719 1801  318 7178 6618 2216 3165 1322 3015 6680 1122
 6121 2571 4360 3707 2805  522 2026 4024 3175 1820 2113 7190]"
971,0.27515107130442423,4,3801,1583,"[4443  741 2882 3218 1583  689 5406  801 3011 1381 1551 3745 2434 3208
 2727 6685  838 2719 1801  318 7178 6618 2216 3165 1322 3015 6680 1122
 6121 2571 4360 3707 2805  522 2026 4024 3175 1820 2113 7190]"
972,0.26593333850253414,3,3218,2438,"[4443  741 2882 2438 1583  689 5406  801 3011 1381 1551 3745 2434 3208
 2727 6685  838 2719 1801  318 7178 6618 2216 3165 1322 3015 6680 1122
 6121 2571 4360 3707 2805  522 2026 4024 3175 1820 2113 7190]"
973,0.2620536254895036,24,1322,2149,"[4443  741 2882 2438 1583  689 5406  801 3011 1381 1551 3745 2434 3208
 2727 6685  838 2719 1801  318 7178 6618 2216 3165 2149 3015 6680 1122
 6121 2571 4360 3707 2805  522 2026 4024 3175 1820 2113 7190]"
974,0.2546231330166749,37,1820,3699,"[4443  741 2882 2438 1583  689 5406  801 3011 1381 1551 3745 2434 3208
 2727 6685  838 2719 1801  318 7178 6618 2216 3165 2149 3015 6680 1122
 6121 2571 4360 3707 2805  522 2026 4024 3175 3699 2113 7190]"
975,0.25762007955662386,4,1583,1385,"[4443  741 2882 2438 1385  689 5406  801 3011 1381 1551 3745 2434 3208
 2727 6685  838 2719 1801  318 7178 6618 2216 3165 2149 3015 6680 1122
 6121 2571 4360 3707 2805  522 2026 4024 3175 3699 2113 7190]"
976,0.2576395985691465,21,6618,1929,"[4443  741 2882 2438 1385  689 5406  801 3011 1381 1551 3745 2434 3208
 2727 6685  838 2719 1801  318 7178 1929 2216 3165 2149 3015 6680 1122
 6121 2571 4360 3707 2805  522 2026 4024 3175 3699 2113 7190]"
977,0.26937875990743443,7,801,3510,"[4443  741 2882 2438 1385  689 5406 3510 3011 1381 1551 3745 2434 3208
 2727 6685  838 2719 1801  318 7178 1929 2216 3165 2149 3015 6680 1122
 6121 2571 4360 3707 2805  522 2026 4024 3175 3699 2113 7190]"
978,0.27551336636403934,26,6680,2261,"[4443  741 2882 2438 1385  689 5406 3510 3011 1381 1551 3745 2434 3208
 2727 6685  838 2719 1801  318 7178 1929 2216 3165 2149 3015 2261 1122
 6121 2571 4360 3707 2805  522 2026 4024 3175 3699 2113 7190]"
979,0.27946121435291194,32,2805,3648,"[4443  741 2882 2438 1385  689 5406 3510 3011 1381 1551 3745 2434 3208
 2727 6685  838 2719 1801  318 7178 1929 2216 3165 2149 3015 2261 1122
 6121 2571 4360 3707 3648  522 2026 4024 3175 3699 2113 7190]"
980,0.2860704387070475,9,1381,1254,"[4443  741 2882 2438 1385  689 5406 3510 3011 1254 1551 3745 2434 3208
 2727 6685  838 2719 1801  318 7178 1929 2216 3165 2149 3015 2261 1122
 6121 2571 4360 3707 3648  522 2026 4024 3175 3699 2113 7190]"
981,0.2855245209623216,28,6121,1400,"[4443  741 2882 2438 1385  689 5406 3510 3011 1254 1551 3745 2434 3208
 2727 6685  838 2719 1801  318 7178 1929 2216 3165 2149 3015 2261 1122
 1400 2571 4360 3707 3648  522 2026 4024 3175 3699 2113 7190]"
982,0.2884353795205757,37,3699,1033,"[4443  741 2882 2438 1385  689 5406 3510 3011 1254 1551 3745 2434 3208
 2727 6685  838 2719 1801  318 7178 1929 2216 3165 2149 3015 2261 1122
 1400 2571 4360 3707 3648  522 2026 4024 3175 1033 2113 7190]"
983,0.29574873788246864,23,3165,3075,"[4443  741 2882 2438 1385  689 5406 3510 3011 1254 1551 3745 2434 3208
 2727 6685  838 2719 1801  318 7178 1929 2216 3075 2149 3015 2261 1122
 1400 2571 4360 3707 3648  522 2026 4024 3175 1033 2113 7190]"
984,0.296061228937568,19,318,2827,"[4443  741 2882 2438 1385  689 5406 3510 3011 1254 1551 3745 2434 3208
 2727 6685  838 2719 1801 2827 7178 1929 2216 3075 2149 3015 2261 1122
 1400 2571 4360 3707 3648  522 2026 4024 3175 1033 2113 7190]"
985,0.29438422193631664,37,1033,7397,"[4443  741 2882 2438 1385  689 5406 3510 3011 1254 1551 3745 2434 3208
 2727 6685  838 2719 1801 2827 7178 1929 2216 3075 2149 3015 2261 1122
 1400 2571 4360 3707 3648  522 2026 4024 3175 7397 2113 7190]"
986,0.2926766125324918,17,2719,2599,"[4443  741 2882 2438 1385  689 5406 3510 3011 1254 1551 3745 2434 3208
 2727 6685  838 2599 1801 2827 7178 1929 2216 3075 2149 3015 2261 1122
 1400 2571 4360 3707 3648  522 2026 4024 3175 7397 2113 7190]"
987,0.2936889218744156,20,7178,2353,"[4443  741 2882 2438 1385  689 5406 3510 3011 1254 1551 3745 2434 3208
 2727 6685  838 2599 1801 2827 2353 1929 2216 3075 2149 3015 2261 1122
 1400 2571 4360 3707 3648  522 2026 4024 3175 7397 2113 7190]"
988,0.2934556085860332,19,2827,873,"[4443  741 2882 2438 1385  689 5406 3510 3011 1254 1551 3745 2434 3208
 2727 6685  838 2599 1801  873 2353 1929 2216 3075 2149 3015 2261 1122
 1400 2571 4360 3707 3648  522 2026 4024 3175 7397 2113 7190]"
989,0.2930796899960145,29,2571,1665,"[4443  741 2882 2438 1385  689 5406 3510 3011 1254 1551 3745 2434 3208
 2727 6685  838 2599 1801  873 2353 1929 2216 3075 2149 3015 2261 1122
 1400 1665 4360 3707 3648  522 2026 4024 3175 7397 2113 7190]"
990,0.2900389316331112,23,3075,3379,"[4443  741 2882 2438 1385  689 5406 3510 3011 1254 1551 3745 2434 3208
 2727 6685  838 2599 1801  873 2353 1929 2216 3379 2149 3015 2261 1122
 1400 1665 4360 3707 3648  522 2026 4024 3175 7397 2113 7190]"
991,0.2942623882471564,24,2149,7044,"[4443  741 2882 2438 1385  689 5406 3510 3011 1254 1551 3745 2434 3208
 2727 6685  838 2599 1801  873 2353 1929 2216 3379 7044 3015 2261 1122
 1400 1665 4360 3707 3648  522 2026 4024 3175 7397 2113 7190]"
992,0.297780134318698,2,2882,2664,"[4443  741 2664 2438 1385  689 5406 3510 3011 1254 1551 3745 2434 3208
 2727 6685  838 2599 1801  873 2353 1929 2216 3379 7044 3015 2261 1122
 1400 1665 4360 3707 3648  522 2026 4024 3175 7397 2113 7190]"
993,0.2985079470952131,19,873,2694,"[4443  741 2664 2438 1385  689 5406 3510 3011 1254 1551 3745 2434 3208
 2727 6685  838 2599 1801 2694 2353 1929 2216 3379 7044 3015 2261 1122
 1400 1665 4360 3707 3648  522 2026 4024 3175 7397 2113 7190]"
994,0.2999977556637445,35,4024,819,"[4443  741 2664 2438 1385  689 5406 3510 3011 1254 1551 3745 2434 3208
 2727 6685  838 2599 1801 2694 2353 1929 2216 3379 7044 3015 2261 1122
 1400 1665 4360 3707 3648  522 2026  819 3175 7397 2113 7190]"
995,0.29391616816906124,32,3648,3515,"[4443  741 2664 2438 1385  689 5406 3510 3011 1254 1551 3745 2434 3208
 2727 6685  838 2599 1801 2694 2353 1929 2216 3379 7044 3015 2261 1122
 1400 1665 4360 3707 3515  522 2026  819 3175 7397 2113 7190]"
996,0.29105333870680183,32,3515,3989,"[4443  741 2664 2438 1385  689 5406 3510 3011 1254 1551 3745 2434 3208
 2727 6685  838 2599 1801 2694 2353 1929 2216 3379 7044 3015 2261 1122
 1400 1665 4360 3707 3989  522 2026  819 3175 7397 2113 7190]"
997,0.2986300896020758,36,3175,3434,"[4443  741 2664 2438 1385  689 5406 3510 3011 1254 1551 3745 2434 3208
 2727 6685  838 2599 1801 2694 2353 1929 2216 3379 7044 3015 2261 1122
 1400 1665 4360 3707 3989  522 2026  819 3434 7397 2113 7190]"
998,0.29972659909934557,17,2599,4437,"[4443  741 2664 2438 1385  689 5406 3510 3011 1254 1551 3745 2434 3208
 2727 6685  838 4437 1801 2694 2353 1929 2216 3379 7044 3015 2261 1122
 1400 1665 4360 3707 3989  522 2026  819 3434 7397 2113 7190]"
999,0.29704171970945836,30,4360,2154,"[4443  741 2664 2438 1385  689 5406 3510 3011 1254 1551 3745 2434 3208
 2727 6685  838 4437 1801 2694 2353 1929 2216 3379 7044 3015 2261 1122
 1400 1665 2154 3707 3989  522 2026  819 3434 7397 2113 7190]"
1000,0.2943820386665148,25,3015,3588,"[4443  741 2664 2438 1385  689 5406 3510 3011 1254 1551 3745 2434 3208
 2727 6685  838 4437 1801 2694 2353 1929 2216 3379 7044 3588 2261 1122
 1400 1665 2154 3707 3989  522 2026  819 3434 7397 2113 7190]"
